timestamp;open;high;low;close;volume;ticker
2023-03-10 15:00:00;8757.766;8772.04;8718.965;8751.936;2.522416;GBR.IDXEUR
2023-03-10 16:00:00;8751.83;8767.886;8724.487;8724.665;1.158093;GBR.IDXEUR
2023-03-10 17:00:00;8724.854;8735.202;8709.153;8711.403;0.044398;GBR.IDXEUR
2023-03-10 18:00:00;8711.193;8714.443;8673.605;8680.607;0.054734;GBR.IDXEUR
2023-03-10 19:00:00;8680.545;8710.506;8679.983;8705.909;0.17239;GBR.IDXEUR
2023-03-10 20:00:00;8705.758;8708.687;8675.772;8688.536;0.107232;GBR.IDXEUR
2023-03-10 21:00:00;8686.918;8686.984;8686.721;8686.984;0.000288;GBR.IDXEUR
2023-03-12 23:00:00;8720.731;8777.235;8719.997;8748.724;0.03554;GBR.IDXEUR
2023-03-13 00:00:00;8748.672;8770.472;8734.661;8738.605;0.034073;GBR.IDXEUR
2023-03-13 01:00:00;8746.835;8751.006;8719.437;8732.198;0.028994;GBR.IDXEUR
2023-03-13 02:00:00;8732.134;8766.892;8729.338;8761.275;0.034792;GBR.IDXEUR
2023-03-13 03:00:00;8761.472;8763.391;8751.409;8752.766;0.020351;GBR.IDXEUR
2023-03-13 04:00:00;8752.819;8753.178;8741.228;8744.27;0.011532;GBR.IDXEUR
2023-03-13 05:00:00;8744.112;8746.987;8736.354;8743.122;0.012686;GBR.IDXEUR
2023-03-13 06:00:00;8743.12;8755.71;8740.282;8745.61;0.018088;GBR.IDXEUR
2023-03-13 07:00:00;8745.256;8752.698;8726.539;8734.556;0.030657;GBR.IDXEUR
2023-03-13 08:00:00;8734.556;8743.341;8613.02;8622.99;12.010614;GBR.IDXEUR
2023-03-13 09:00:00;8623.07;8628.757;8541.574;8568.125;19.898785;GBR.IDXEUR
2023-03-13 10:00:00;8568.518;8617.111;8547.147;8609.446;20.024659;GBR.IDXEUR
2023-03-13 11:00:00;8609.075;8633.262;8584.248;8591.427;17.027016;GBR.IDXEUR
2023-03-13 12:00:00;8591.427;8603.743;8537.407;8560.874;17.807941;GBR.IDXEUR
2023-03-13 13:00:00;8561.565;8602.137;8525.828;8596.26;24.24417;GBR.IDXEUR
2023-03-13 14:00:00;8596.594;8607.742;8555.461;8605.043;19.14361;GBR.IDXEUR
2023-03-13 15:00:00;8605.043;8612.603;8559.923;8580.571;15.512572;GBR.IDXEUR
2023-03-13 16:00:00;8580.571;8599.56;8518.838;8530.25;13.340214;GBR.IDXEUR
2023-03-13 17:00:00;8529.921;8566.179;8519.522;8560.682;10.223943;GBR.IDXEUR
2023-03-13 18:00:00;8560.602;8587.131;8560.373;8582.797;10.836446;GBR.IDXEUR
2023-03-13 19:00:00;8582.797;8584.829;8555.588;8559.725;11.363421;GBR.IDXEUR
2023-03-13 20:00:00;8559.571;8571.811;8558.033;8562.177;1.306641;GBR.IDXEUR
2023-03-13 21:00:00;8561.778;8561.778;8561.778;8561.778;7.2e-05;GBR.IDXEUR
2023-03-13 23:00:00;8573.849;8574.693;8551.807;8552.675;0.541354;GBR.IDXEUR
2023-03-14 00:00:00;8552.727;8575.101;8549.142;8559.421;1.420716;GBR.IDXEUR
2023-03-14 01:00:00;8562.276;8578.204;8560.707;8569.776;1.074366;GBR.IDXEUR
2023-03-14 02:00:00;8569.696;8586.918;8569.696;8579.953;0.898638;GBR.IDXEUR
2023-03-14 03:00:00;8579.997;8589.354;8570.635;8585.695;0.750261;GBR.IDXEUR
2023-03-14 04:00:00;8585.957;8590.797;8578.627;8583.194;0.506732;GBR.IDXEUR
2023-03-14 05:00:00;8583.125;8591.829;8570.998;8576.271;0.678774;GBR.IDXEUR
2023-03-14 06:00:00;8576.146;8582.526;8544.27;8567.003;1.099179;GBR.IDXEUR
2023-03-14 07:00:00;8567.106;8597.834;8561.89;8570.867;3.110231;GBR.IDXEUR
2023-03-14 08:00:00;8570.786;8591.489;8517.319;8564.516;1.528067;GBR.IDXEUR
2023-03-14 09:00:00;8564.392;8567.338;8517.015;8528.166;0.542396;GBR.IDXEUR
2023-03-14 10:00:00;8528.206;8553.529;8524.365;8539.245;0.148124;GBR.IDXEUR
2023-03-14 11:00:00;8539.121;8578.608;8535.013;8572.246;0.136568;GBR.IDXEUR
2023-03-14 12:00:00;8572.166;8620.096;8529.318;8616.139;0.507945;GBR.IDXEUR
2023-03-14 13:00:00;8615.973;8655.562;8608.103;8639.492;1.123142;GBR.IDXEUR
2023-03-14 14:00:00;8639.388;8655.335;8622.439;8624.104;13.284103;GBR.IDXEUR
2023-03-14 15:00:00;8624.231;8659.242;8620.867;8645.113;10.811031;GBR.IDXEUR
2023-03-14 16:00:00;8644.759;8667.975;8640.72;8648.627;10.598018;GBR.IDXEUR
2023-03-14 17:00:00;8648.565;8654.465;8612.944;8629.308;11.860395;GBR.IDXEUR
2023-03-14 18:00:00;8629.181;8632.777;8612.419;8618.968;10.44013;GBR.IDXEUR
2023-03-14 19:00:00;8618.887;8656.019;8602.164;8652.572;9.04208;GBR.IDXEUR
2023-03-14 20:00:00;8652.624;8652.624;8634.805;8634.845;1.286942;GBR.IDXEUR
2023-03-14 21:00:00;8634.685;8634.685;8634.685;8634.685;5.3e-05;GBR.IDXEUR
2023-03-14 23:00:00;8624.471;8634.555;8623.977;8633.132;0.181281;GBR.IDXEUR
2023-03-15 00:00:00;8633.132;8635.746;8618.509;8625.287;0.226335;GBR.IDXEUR
2023-03-15 01:00:00;8628.456;8645.04;8628.29;8641.866;0.824821;GBR.IDXEUR
2023-03-15 02:00:00;8641.866;8647.42;8636.697;8642.053;1.086724;GBR.IDXEUR
2023-03-15 03:00:00;8642.115;8644.953;8633.707;8637.572;0.649718;GBR.IDXEUR
2023-03-15 04:00:00;8637.676;8638.916;8630.816;8635.391;0.526038;GBR.IDXEUR
2023-03-15 05:00:00;8635.391;8636.058;8621.012;8627.62;0.761579;GBR.IDXEUR
2023-03-15 06:00:00;8627.7;8644.585;8626.668;8641.514;0.732059;GBR.IDXEUR
2023-03-15 07:00:00;8641.358;8646.764;8618.718;8629.611;3.009071;GBR.IDXEUR
2023-03-15 08:00:00;8629.604;8634.478;8582.091;8587.787;10.203258;GBR.IDXEUR
2024-07-24 13:00:00;9704.132;9730.507;9700.686;9706.011;0.33132;GBR.IDXEUR
2024-07-24 14:00:00;9706.011;9718.948;9688.225;9712.118;0.8559;GBR.IDXEUR
2024-07-24 15:00:00;9711.656;9713.542;9697.18;9699.103;0.53478;GBR.IDXEUR
2024-07-24 16:00:00;9699.103;9709.937;9693.935;9701.602;0.19452;GBR.IDXEUR
2024-07-24 17:00:00;9701.948;9711.099;9695.679;9695.679;0.1743;GBR.IDXEUR
2024-07-24 18:00:00;9696.649;9698.161;9674.541;9684.483;0.31794;GBR.IDXEUR
2024-07-24 19:00:00;9683.895;9689.141;9672.49;9676.308;0.59163;GBR.IDXEUR
2024-07-24 20:00:00;9676.223;9693.475;9672.2;9689.994;0.086746;GBR.IDXEUR
2024-07-24 22:00:00;9694.15;9698.391;9686.897;9691.492;0.122127;GBR.IDXEUR
2024-07-24 23:00:00;9691.6;9695.131;9686.727;9686.733;0.094705;GBR.IDXEUR
2024-07-25 00:00:00;9692.993;9693.339;9673.737;9684.966;0.09396;GBR.IDXEUR
2024-07-25 01:00:00;9685.193;9691.476;9672.958;9674.256;0.098424;GBR.IDXEUR
2024-07-25 02:00:00;9674.238;9678.116;9663.618;9669.431;0.100272;GBR.IDXEUR
2024-07-25 03:00:00;9669.201;9679.861;9668.657;9672.775;0.07932;GBR.IDXEUR
2024-07-25 04:00:00;9672.775;9675.762;9668.489;9672.193;0.055241;GBR.IDXEUR
2024-07-25 05:00:00;9672.308;9674.069;9662.414;9663.124;0.042336;GBR.IDXEUR
2024-07-25 06:00:00;9663.375;9664.355;9618.364;9636.817;0.20509;GBR.IDXEUR
2024-07-25 07:00:00;9638.504;9647.447;9597.141;9617.337;0.64962;GBR.IDXEUR
2024-07-25 08:00:00;9616.777;9621.973;9577.328;9615.888;1.69704;GBR.IDXEUR
2024-07-25 09:00:00;9615.899;9617.078;9588.186;9603.651;1.1577;GBR.IDXEUR
2024-07-25 10:00:00;9604.085;9610.835;9590.371;9610.571;1.40538;GBR.IDXEUR
2024-07-25 11:00:00;9610.986;9632.434;9606.966;9611.127;0.45192;GBR.IDXEUR
2024-07-25 12:00:00;9610.345;9651.248;9610.123;9649.693;0.61651;GBR.IDXEUR
2024-07-25 13:00:00;9647.924;9698.41;9644.767;9691.121;0.98364;GBR.IDXEUR
2024-07-25 14:00:00;9690.561;9706.485;9665.713;9694.991;1.71438;GBR.IDXEUR
2024-07-25 15:00:00;9694.991;9734.307;9691.834;9734.191;0.60132;GBR.IDXEUR
2024-07-25 16:00:00;9734.307;9749.605;9728.039;9740.838;0.2154;GBR.IDXEUR
2024-07-25 17:00:00;9741.084;9756.289;9733.706;9744.854;0.25482;GBR.IDXEUR
2024-07-25 18:00:00;9744.463;9744.97;9717.504;9718.971;0.22836;GBR.IDXEUR
2024-07-25 19:00:00;9719.086;9745.133;9710.856;9710.856;0.23334;GBR.IDXEUR
2024-07-25 20:00:00;9711.34;9716.894;9693.577;9716.016;0.067539;GBR.IDXEUR
2024-07-25 22:00:00;9722.05;9732.161;9718.878;9719.857;0.162358;GBR.IDXEUR
2024-07-25 23:00:00;9719.972;9727.315;9718.885;9722.318;0.076555;GBR.IDXEUR
2024-07-26 00:00:00;9726.795;9733.732;9723.759;9728.392;0.082416;GBR.IDXEUR
2024-07-26 01:00:00;9727.795;9748.535;9727.301;9747.559;0.087288;GBR.IDXEUR
2024-07-26 02:00:00;9747.696;9747.696;9735.57;9736.409;0.069048;GBR.IDXEUR
2024-07-26 03:00:00;9736.294;9741.627;9731.658;9733.939;0.06264;GBR.IDXEUR
2024-07-26 04:00:00;9734.159;9737.933;9726.679;9727.419;0.066432;GBR.IDXEUR
2024-07-26 05:00:00;9726.956;9727.873;9713.946;9719.828;0.030096;GBR.IDXEUR
2024-07-26 06:00:00;9720.289;9729.578;9712.159;9716.222;0.15074;GBR.IDXEUR
2024-07-26 07:00:00;9716.56;9784.673;9711.217;9781.002;1.88736;GBR.IDXEUR
2024-07-26 08:00:00;9781.133;9800.192;9773.371;9795.263;1.58676;GBR.IDXEUR
2024-07-26 09:00:00;9794.209;9796.834;9757.563;9766.146;1.72488;GBR.IDXEUR
2024-07-26 10:00:00;9766.031;9778.891;9760.156;9771.625;1.38126;GBR.IDXEUR
2024-07-26 11:00:00;9771.102;9785.445;9752.719;9784.973;1.32366;GBR.IDXEUR
2024-07-26 12:00:00;9785.006;9801.406;9775.569;9798.821;1.56719;GBR.IDXEUR
2024-07-26 13:00:00;9798.969;9806.484;9777.068;9802.198;1.82688;GBR.IDXEUR
2024-07-26 14:00:00;9800.801;9817.101;9791.007;9803.642;2.10337;GBR.IDXEUR
2024-07-26 15:00:00;9802.995;9842.321;9800.053;9841.196;1.67826;GBR.IDXEUR
2024-07-26 16:00:00;9841.81;9865.679;9841.53;9863.481;1.29684;GBR.IDXEUR
2024-07-26 17:00:00;9863.598;9868.462;9847.325;9854.021;0.94164;GBR.IDXEUR
2024-07-26 18:00:00;9853.961;9862.291;9848.519;9848.636;1.30386;GBR.IDXEUR
2024-07-26 19:00:00;9848.286;9858.51;9842.407;9852.848;1.90362;GBR.IDXEUR
2024-07-26 20:00:00;9853.138;9853.138;9853.138;9853.138;0.00017;GBR.IDXEUR
2024-07-28 22:00:00;9858.279;9872.348;9851.021;9870.338;0.05868;GBR.IDXEUR
2024-07-28 23:00:00;9869.993;9878.004;9865.651;9872.088;0.05853;GBR.IDXEUR
2024-07-29 00:00:00;9867.824;9882.597;9855.112;9880.307;0.096816;GBR.IDXEUR
2024-07-29 01:00:00;9880.19;9883.758;9867.675;9874.549;0.11112;GBR.IDXEUR
2024-07-29 02:00:00;9874.56;9875.767;9862.455;9865.161;0.083184;GBR.IDXEUR
2024-07-29 03:00:00;9865.161;9869.789;9860.52;9866.375;0.055817;GBR.IDXEUR
2024-07-29 04:00:00;9866.141;9870.877;9859.239;9863.297;0.053857;GBR.IDXEUR
2024-07-29 05:00:00;9863.307;9863.998;9854.448;9861.081;0.048216;GBR.IDXEUR
2024-07-29 06:00:00;9860.866;9871.15;9857.84;9858.0;0.14331;GBR.IDXEUR
2024-07-29 07:00:00;9858.05;9884.216;9842.212;9862.386;1.794916;GBR.IDXEUR
2024-07-29 08:00:00;9862.852;9889.93;9856.615;9877.56;2.288194;GBR.IDXEUR
2024-07-29 09:00:00;9876.875;9903.724;9874.303;9901.21;1.710648;GBR.IDXEUR
2024-07-29 10:00:00;9901.516;9910.528;9886.925;9896.109;1.397784;GBR.IDXEUR
2024-07-29 11:00:00;9893.661;9909.645;9883.163;9908.819;1.386637;GBR.IDXEUR
2024-07-29 12:00:00;9908.236;9926.072;9900.179;9906.183;1.569041;GBR.IDXEUR
2024-07-29 13:00:00;9906.183;9909.115;9879.231;9890.925;2.466615;GBR.IDXEUR
2024-07-29 14:00:00;9890.95;9893.062;9849.943;9861.687;2.530941;GBR.IDXEUR
2024-07-29 15:00:00;9861.073;9861.116;9839.892;9855.027;2.00789;GBR.IDXEUR
2024-07-29 16:00:00;9855.624;9862.224;9847.603;9848.049;1.39301;GBR.IDXEUR
2024-07-29 17:00:00;9848.328;9852.733;9834.125;9841.792;1.32245;GBR.IDXEUR
2024-07-29 18:00:00;9841.558;9850.175;9836.75;9845.769;1.27584;GBR.IDXEUR
2024-07-29 19:00:00;9846.175;9857.739;9842.169;9842.882;1.3488;GBR.IDXEUR
2024-07-29 20:00:00;9842.579;9843.839;9834.385;9836.026;0.041012;GBR.IDXEUR
2024-07-29 22:00:00;9842.063;9848.642;9838.802;9844.683;0.115245;GBR.IDXEUR
2024-07-29 23:00:00;9844.8;9845.508;9809.369;9824.586;0.097953;GBR.IDXEUR
2024-07-30 00:00:00;9812.154;9832.468;9812.154;9832.468;0.230316;GBR.IDXEUR
2024-07-30 01:00:00;9832.839;9833.16;9807.159;9810.492;0.265843;GBR.IDXEUR
2024-07-30 02:00:00;9810.709;9819.605;9806.631;9818.594;0.214135;GBR.IDXEUR
2024-07-30 03:00:00;9818.476;9832.694;9818.424;9832.284;0.178378;GBR.IDXEUR
2024-07-30 04:00:00;9832.255;9842.859;9832.096;9839.747;0.194797;GBR.IDXEUR
2024-07-30 05:00:00;9839.864;9847.627;9837.323;9845.88;0.113851;GBR.IDXEUR
2024-07-30 06:00:00;9846.57;9852.702;9812.347;9822.152;0.350134;GBR.IDXEUR
2024-07-30 07:00:00;9824.22;9840.288;9789.646;9796.218;2.315691;GBR.IDXEUR
2024-07-30 08:00:00;9796.843;9804.653;9776.847;9801.946;1.880389;GBR.IDXEUR
2024-07-30 09:00:00;9802.062;9819.176;9793.329;9817.827;0.808193;GBR.IDXEUR
2024-07-30 10:00:00;9818.448;9822.966;9811.486;9821.031;1.055073;GBR.IDXEUR
2024-07-30 11:00:00;9821.148;9828.127;9819.502;9822.633;1.023024;GBR.IDXEUR
2024-07-30 12:00:00;9822.633;9831.002;9816.943;9827.221;1.637027;GBR.IDXEUR
2024-07-30 13:00:00;9828.183;9848.831;9819.876;9845.26;1.930934;GBR.IDXEUR
2024-07-30 14:00:00;9843.506;9855.366;9831.822;9837.985;1.902238;GBR.IDXEUR
2024-07-30 15:00:00;9838.102;9843.763;9800.516;9801.988;1.994285;GBR.IDXEUR
2024-07-30 16:00:00;9802.392;9821.043;9797.302;9800.837;1.53163;GBR.IDXEUR
2024-07-30 17:00:00;9800.721;9817.174;9793.706;9811.195;1.35004;GBR.IDXEUR
2024-07-30 18:00:00;9811.753;9826.116;9811.753;9820.89;1.11995;GBR.IDXEUR
2024-07-30 19:00:00;9820.656;9850.124;9816.517;9840.491;1.23465;GBR.IDXEUR
2024-07-30 20:00:00;9840.64;9844.744;9767.857;9823.025;0.122714;GBR.IDXEUR
2024-07-30 22:00:00;9818.867;9846.415;9816.397;9833.835;0.35585;GBR.IDXEUR
2024-07-30 23:00:00;9834.21;9851.618;9832.965;9850.907;0.138663;GBR.IDXEUR
2024-07-31 00:00:00;9849.224;9856.436;9837.111;9845.11;0.370932;GBR.IDXEUR
2024-07-31 01:00:00;9845.142;9852.757;9831.37;9837.896;0.404752;GBR.IDXEUR
2024-07-31 02:00:00;9837.82;9851.024;9833.616;9849.314;0.342556;GBR.IDXEUR
2024-07-31 03:00:00;9849.067;9855.24;9845.228;9854.423;0.321153;GBR.IDXEUR
2024-07-31 04:00:00;9854.233;9864.99;9849.404;9864.872;0.394459;GBR.IDXEUR
2024-07-31 05:00:00;9864.989;9891.938;9862.362;9885.895;0.188513;GBR.IDXEUR
2024-07-31 06:00:00;9885.895;9925.26;9883.743;9910.177;0.546623;GBR.IDXEUR
2024-07-31 07:00:00;9910.031;9944.855;9902.341;9943.883;1.805488;GBR.IDXEUR
2024-07-31 08:00:00;9945.07;9954.937;9929.73;9941.312;2.012071;GBR.IDXEUR
2024-07-31 09:00:00;9941.784;9950.689;9931.257;9945.604;1.970771;GBR.IDXEUR
2024-07-31 10:00:00;9945.84;9949.823;9939.776;9946.519;1.483395;GBR.IDXEUR
2024-07-31 11:00:00;9945.176;9945.53;9916.832;9926.256;1.676525;GBR.IDXEUR
2024-07-31 12:00:00;9925.81;9930.266;9907.815;9918.17;2.032372;GBR.IDXEUR
2024-07-31 13:00:00;9918.405;9923.319;9878.838;9882.325;2.365123;GBR.IDXEUR
2024-07-31 14:00:00;9881.698;9917.643;9881.698;9908.451;2.290013;GBR.IDXEUR
2024-07-31 15:00:00;9908.43;9938.731;9902.309;9931.294;2.244429;GBR.IDXEUR
2024-07-31 16:00:00;9931.883;9963.999;9930.777;9955.427;1.38734;GBR.IDXEUR
2024-07-31 17:00:00;9955.663;9961.847;9940.18;9952.197;1.27854;GBR.IDXEUR
2024-07-31 18:00:00;9950.705;9981.657;9947.912;9980.852;1.091979;GBR.IDXEUR
2024-07-31 19:00:00;9980.97;9984.911;9937.279;9940.658;1.690251;GBR.IDXEUR
2024-07-31 20:00:00;9940.722;9973.619;9937.475;9943.021;0.217959;GBR.IDXEUR
2024-07-31 22:00:00;9943.686;9959.176;9941.431;9953.992;0.224377;GBR.IDXEUR
2024-07-31 23:00:00;9954.17;9966.509;9952.292;9954.03;0.173646;GBR.IDXEUR
2024-08-01 00:00:00;9956.646;9965.147;9942.519;9953.131;0.254508;GBR.IDXEUR
2024-08-01 01:00:00;9953.062;9958.45;9934.073;9939.96;0.335115;GBR.IDXEUR
2024-08-01 02:00:00;9939.96;9947.298;9932.104;9937.877;0.276709;GBR.IDXEUR
2024-08-01 03:00:00;9938.112;9939.418;9932.029;9937.885;0.206664;GBR.IDXEUR
2024-08-01 04:00:00;9937.865;9942.413;9934.477;9939.488;0.230287;GBR.IDXEUR
2024-08-01 05:00:00;9939.815;9950.583;9933.72;9948.236;0.128398;GBR.IDXEUR
2024-08-01 06:00:00;9947.009;9950.555;9922.633;9932.686;0.461405;GBR.IDXEUR
2024-08-01 07:00:00;9932.985;9948.076;9902.377;9908.943;2.574561;GBR.IDXEUR
2024-08-01 08:00:00;9909.06;9918.239;9876.503;9876.928;2.718224;GBR.IDXEUR
2024-08-01 09:00:00;9877.162;9894.931;9874.627;9891.072;2.002732;GBR.IDXEUR
2024-08-01 10:00:00;9890.604;9927.891;9887.141;9920.678;1.850392;GBR.IDXEUR
2024-08-01 11:00:00;9920.443;9932.133;9910.242;9911.396;2.580023;GBR.IDXEUR
2024-08-01 12:00:00;9911.129;9940.09;9911.126;9936.814;2.159806;GBR.IDXEUR
2024-08-01 13:00:00;9936.035;9971.552;9930.835;9936.372;2.377285;GBR.IDXEUR
2024-08-01 14:00:00;9932.427;9934.93;9805.808;9813.441;0.823766;GBR.IDXEUR
2024-08-01 15:00:00;9813.204;9817.353;9777.932;9788.159;2.12161;GBR.IDXEUR
2024-08-01 16:00:00;9788.546;9797.967;9764.277;9772.872;2.63985;GBR.IDXEUR
2024-08-01 17:00:00;9773.442;9776.18;9749.656;9770.112;1.86796;GBR.IDXEUR
2024-08-01 18:00:00;9770.227;9776.319;9754.391;9766.59;1.92013;GBR.IDXEUR
2024-08-01 19:00:00;9766.706;9808.558;9763.801;9800.88;1.89361;GBR.IDXEUR
2024-08-01 20:00:00;9800.996;9804.205;9768.536;9781.393;0.185257;GBR.IDXEUR
2024-08-01 22:00:00;9785.692;9792.544;9762.913;9774.327;0.461938;GBR.IDXEUR
2024-08-01 23:00:00;9774.096;9791.695;9768.698;9773.778;0.245899;GBR.IDXEUR
2024-08-02 00:00:00;9785.148;9787.732;9763.542;9773.497;0.215283;GBR.IDXEUR
2024-08-02 01:00:00;9773.623;9787.03;9765.058;9776.18;0.149097;GBR.IDXEUR
2024-08-02 02:00:00;9776.215;9777.238;9737.393;9756.803;0.424667;GBR.IDXEUR
2024-08-02 03:00:00;9757.378;9778.183;9757.378;9770.407;0.326734;GBR.IDXEUR
2024-08-02 04:00:00;9770.522;9776.401;9751.821;9756.293;0.37631;GBR.IDXEUR
2024-08-02 05:00:00;9756.311;9765.747;9719.683;9725.958;0.215177;GBR.IDXEUR
2024-08-02 06:00:00;9724.301;9731.26;9670.953;9690.941;0.599869;GBR.IDXEUR
2024-08-02 07:00:00;9695.531;9750.823;9684.052;9710.084;1.68421;GBR.IDXEUR
2024-08-02 08:00:00;9710.499;9735.798;9707.357;9732.201;2.07666;GBR.IDXEUR
2024-08-02 09:00:00;9732.201;9734.674;9690.011;9697.181;0.35004;GBR.IDXEUR
2024-08-02 10:00:00;9696.96;9719.264;9685.151;9705.703;0.45642;GBR.IDXEUR
2024-08-02 11:00:00;9706.267;9720.276;9693.394;9717.177;0.73896;GBR.IDXEUR
2024-08-02 12:00:00;9717.177;9751.124;9661.119;9667.296;1.81887;GBR.IDXEUR
2024-08-02 13:00:00;9667.165;9684.314;9638.612;9653.999;2.28456;GBR.IDXEUR
2024-08-02 14:00:00;9654.264;9670.906;9577.287;9580.028;2.1174;GBR.IDXEUR
2024-08-02 15:00:00;9579.683;9603.655;9564.053;9597.921;2.55325;GBR.IDXEUR
2024-08-02 16:00:00;9597.695;9615.514;9584.172;9605.536;2.75517;GBR.IDXEUR
2024-08-02 17:00:00;9606.003;9620.054;9593.969;9598.64;2.02547;GBR.IDXEUR
2024-08-02 18:00:00;9598.64;9631.745;9591.127;9619.141;2.07226;GBR.IDXEUR
2024-08-02 19:00:00;9619.482;9653.662;9607.402;9646.369;2.18616;GBR.IDXEUR
2024-08-02 20:00:00;9645.416;9645.416;9645.416;9645.416;0.00024;GBR.IDXEUR
2024-08-04 22:00:00;9567.383;9609.754;9561.161;9594.376;0.215657;GBR.IDXEUR
2024-08-04 23:00:00;9594.151;9596.917;9548.582;9561.522;0.423369;GBR.IDXEUR
2024-08-05 00:00:00;9580.214;9601.991;9537.3;9543.188;0.179587;GBR.IDXEUR
2024-08-05 01:00:00;9543.198;9576.004;9526.704;9562.741;0.181541;GBR.IDXEUR
2024-08-05 02:00:00;9563.065;9578.81;9545.391;9568.11;0.15464;GBR.IDXEUR
2024-08-05 03:00:00;9568.121;9575.965;9534.545;9534.877;0.128772;GBR.IDXEUR
2024-08-05 04:00:00;9534.622;9536.71;9481.1;9486.226;0.162822;GBR.IDXEUR
2024-08-05 05:00:00;9486.226;9489.697;9411.102;9418.793;0.100378;GBR.IDXEUR
2024-08-05 06:00:00;9418.793;9433.146;9359.016;9380.243;0.381735;GBR.IDXEUR
2024-08-05 07:00:00;9380.353;9397.224;9311.619;9336.553;1.23467;GBR.IDXEUR
2024-08-05 08:00:00;9337.95;9364.847;9307.461;9318.599;0.60928;GBR.IDXEUR
2024-08-05 09:00:00;9318.159;9338.915;9294.375;9327.597;0.51153;GBR.IDXEUR
2024-08-05 10:00:00;9327.012;9342.484;9281.865;9297.837;0.5797;GBR.IDXEUR
2024-08-05 11:00:00;9297.997;9306.624;9239.3;9246.571;0.57868;GBR.IDXEUR
2024-08-05 12:00:00;9246.958;9255.331;9191.82;9195.363;0.69521;GBR.IDXEUR
2024-08-05 13:00:00;9195.861;9294.306;9190.572;9257.803;0.78567;GBR.IDXEUR
2024-08-05 14:00:00;9258.015;9323.603;9258.015;9277.923;1.89793;GBR.IDXEUR
2024-08-05 15:00:00;9278.208;9339.601;9264.966;9333.376;1.17041;GBR.IDXEUR
2024-08-05 16:00:00;9333.158;9394.0;9324.596;9328.122;0.33749;GBR.IDXEUR
2024-08-05 17:00:00;9328.231;9357.791;9317.623;9333.557;0.25684;GBR.IDXEUR
2024-08-05 18:00:00;9333.449;9366.189;9324.818;9331.574;0.26668;GBR.IDXEUR
2024-08-05 19:00:00;9332.767;9344.744;9316.883;9332.842;0.38788;GBR.IDXEUR
2024-08-05 20:00:00;9332.525;9379.421;9328.197;9340.591;0.116283;GBR.IDXEUR
2024-08-05 22:00:00;9380.772;9402.746;9366.796;9377.316;0.362936;GBR.IDXEUR
2024-08-05 23:00:00;9377.534;9415.07;9376.726;9403.471;0.332091;GBR.IDXEUR
2024-08-06 00:00:00;9406.105;9432.185;9383.264;9431.776;0.185314;GBR.IDXEUR
2024-08-06 01:00:00;9431.967;9445.974;9389.962;9410.729;0.192853;GBR.IDXEUR
2024-08-06 02:00:00;9410.69;9418.983;9394.181;9400.894;0.154673;GBR.IDXEUR
2024-08-06 03:00:00;9400.784;9426.462;9396.645;9415.055;0.137664;GBR.IDXEUR
2024-08-06 04:00:00;9415.073;9420.649;9407.926;9412.712;0.135521;GBR.IDXEUR
2024-08-06 05:00:00;9412.345;9453.057;9388.958;9451.005;0.09989;GBR.IDXEUR
2024-08-06 06:00:00;9448.066;9472.796;9394.64;9401.024;0.324254;GBR.IDXEUR
2024-08-06 07:00:00;9400.805;9400.805;9343.941;9371.843;1.32796;GBR.IDXEUR
2024-08-06 08:00:00;9370.309;9370.419;9321.831;9340.417;1.29025;GBR.IDXEUR
2024-08-06 09:00:00;9339.717;9340.022;9275.035;9311.369;2.2261;GBR.IDXEUR
2024-08-06 10:00:00;9310.742;9340.058;9284.093;9320.617;1.14959;GBR.IDXEUR
2024-08-06 11:00:00;9321.997;9330.318;9272.806;9291.259;1.59828;GBR.IDXEUR
2024-08-06 12:00:00;9291.556;9295.105;9239.085;9250.788;2.56654;GBR.IDXEUR
2024-08-06 13:00:00;9251.155;9321.078;9244.473;9319.117;2.56206;GBR.IDXEUR
2024-08-06 14:00:00;9318.594;9368.764;9306.575;9345.267;1.29858;GBR.IDXEUR
2024-08-06 15:00:00;9345.517;9365.146;9307.684;9334.487;0.83682;GBR.IDXEUR
2024-08-06 16:00:00;9334.107;9363.081;9331.569;9358.386;0.39311;GBR.IDXEUR
2024-08-06 17:00:00;9358.386;9384.663;9354.734;9379.129;0.2028;GBR.IDXEUR
2024-08-06 18:00:00;9379.506;9404.839;9370.88;9389.585;0.19932;GBR.IDXEUR
2024-08-06 19:00:00;9389.93;9399.924;9365.076;9365.375;0.30952;GBR.IDXEUR
2024-08-06 20:00:00;9365.644;9374.503;9346.931;9357.004;0.16773;GBR.IDXEUR
2024-08-06 22:00:00;9327.236;9367.131;9327.236;9346.443;0.286889;GBR.IDXEUR
2024-08-06 23:00:00;9346.551;9355.14;9327.345;9331.011;0.218177;GBR.IDXEUR
2024-08-07 00:00:00;9334.707;9392.443;9328.857;9387.203;0.155104;GBR.IDXEUR
2024-08-07 01:00:00;9387.203;9439.647;9381.161;9436.63;0.155317;GBR.IDXEUR
2024-08-07 02:00:00;9436.618;9457.112;9428.566;9438.583;0.139251;GBR.IDXEUR
2024-08-07 03:00:00;9438.693;9457.939;9435.425;9455.475;0.119732;GBR.IDXEUR
2024-08-07 04:00:00;9455.495;9470.489;9455.495;9461.071;0.121762;GBR.IDXEUR
2024-08-07 05:00:00;9460.711;9469.378;9445.352;9453.84;0.056841;GBR.IDXEUR
2024-08-07 06:00:00;9453.12;9458.327;9412.598;9420.528;0.23252;GBR.IDXEUR
2024-08-07 07:00:00;9419.425;9424.932;9376.149;9416.092;1.1272;GBR.IDXEUR
2024-08-07 08:00:00;9417.227;9424.261;9380.377;9410.947;1.49033;GBR.IDXEUR
2024-08-07 09:00:00;9411.056;9429.838;9400.71;9428.924;0.55506;GBR.IDXEUR
2024-08-07 10:00:00;9429.77;9449.619;9423.358;9446.071;1.09614;GBR.IDXEUR
2024-08-07 11:00:00;9446.622;9469.979;9444.539;9458.258;1.55904;GBR.IDXEUR
2024-08-07 12:00:00;9459.401;9483.426;9441.44;9476.735;1.64808;GBR.IDXEUR
2024-08-07 13:00:00;9475.744;9521.836;9472.985;9519.167;2.30682;GBR.IDXEUR
2024-08-07 14:00:00;9519.278;9520.69;9479.541;9501.551;2.41271;GBR.IDXEUR
2024-08-07 15:00:00;9503.585;9508.204;9479.276;9499.189;1.51247;GBR.IDXEUR
2024-08-07 16:00:00;9499.747;9499.747;9461.752;9464.02;2.26028;GBR.IDXEUR
2024-08-07 17:00:00;9463.442;9470.024;9431.763;9440.013;1.77906;GBR.IDXEUR
2024-08-07 18:00:00;9439.865;9439.865;9398.679;9412.609;2.22771;GBR.IDXEUR
2024-08-07 19:00:00;9412.499;9437.712;9410.256;9415.448;2.18364;GBR.IDXEUR
2024-08-07 20:00:00;9416.107;9430.202;9404.532;9422.361;0.08201;GBR.IDXEUR
2024-08-07 22:00:00;9373.686;9397.019;9364.396;9381.221;0.415696;GBR.IDXEUR
2024-08-07 23:00:00;9381.112;9382.584;9326.02;9368.553;0.365637;GBR.IDXEUR
2024-08-08 00:00:00;9370.127;9385.568;9353.207;9359.586;0.125198;GBR.IDXEUR
2024-08-08 01:00:00;9359.562;9391.305;9357.16;9388.389;0.084736;GBR.IDXEUR
2024-08-08 02:00:00;9388.732;9415.238;9388.405;9414.8;0.056143;GBR.IDXEUR
2024-08-08 03:00:00;9414.691;9430.869;9413.209;9416.449;0.048092;GBR.IDXEUR
2024-08-08 04:00:00;9416.449;9418.379;9389.75;9400.032;0.101869;GBR.IDXEUR
2024-08-08 05:00:00;9399.831;9416.681;9392.286;9396.251;0.056412;GBR.IDXEUR
2024-08-08 06:00:00;9395.928;9444.155;9389.149;9426.484;0.668511;GBR.IDXEUR
2024-08-08 07:00:00;9425.792;9427.667;9353.506;9376.599;2.50621;GBR.IDXEUR
2024-08-08 08:00:00;9376.876;9396.519;9364.407;9394.552;2.01528;GBR.IDXEUR
2024-08-08 09:00:00;9394.771;9406.85;9361.096;9367.728;1.54728;GBR.IDXEUR
2024-08-08 10:00:00;9367.249;9398.038;9367.127;9381.255;1.38418;GBR.IDXEUR
2024-08-08 11:00:00;9383.156;9391.132;9367.353;9380.573;1.99077;GBR.IDXEUR
2024-08-08 12:00:00;9380.615;9440.686;9367.303;9423.222;1.43816;GBR.IDXEUR
2024-08-08 13:00:00;9422.982;9484.188;9418.666;9478.697;2.31069;GBR.IDXEUR
2024-08-08 14:00:00;9478.703;9511.176;9470.663;9504.591;2.3177;GBR.IDXEUR
2024-08-08 15:00:00;9504.48;9514.889;9484.888;9506.752;2.391;GBR.IDXEUR
2024-08-08 16:00:00;9506.158;9513.654;9492.409;9503.813;1.8742;GBR.IDXEUR
2024-08-08 17:00:00;9503.702;9523.691;9489.5;9521.571;1.44217;GBR.IDXEUR
2024-08-08 18:00:00;9520.615;9540.638;9518.404;9535.042;1.47897;GBR.IDXEUR
2024-08-08 19:00:00;9535.153;9543.563;9516.772;9523.083;1.95764;GBR.IDXEUR
2024-08-08 20:00:00;9523.902;9542.455;9520.692;9522.701;0.067925;GBR.IDXEUR
2024-08-08 22:00:00;9517.628;9532.653;9515.221;9523.016;0.2267;GBR.IDXEUR
2024-08-08 23:00:00;9523.044;9547.379;9519.913;9539.77;0.199612;GBR.IDXEUR
2024-08-09 00:00:00;9540.102;9540.372;9495.034;9506.298;0.154911;GBR.IDXEUR
2024-08-09 01:00:00;9506.291;9524.731;9504.55;9520.901;0.135353;GBR.IDXEUR
2024-08-09 02:00:00;9520.904;9544.776;9517.913;9544.776;0.103488;GBR.IDXEUR
2024-08-09 03:00:00;9544.153;9544.153;9529.707;9539.677;0.101088;GBR.IDXEUR
2024-08-09 04:00:00;9539.789;9540.834;9506.202;9509.508;0.11076;GBR.IDXEUR
2024-08-09 05:00:00;9509.518;9533.745;9501.776;9529.538;0.05304;GBR.IDXEUR
2024-08-09 06:00:00;9529.086;9538.313;9514.548;9528.703;0.166706;GBR.IDXEUR
2024-08-09 07:00:00;9527.75;9559.572;9515.457;9559.211;1.54545;GBR.IDXEUR
2024-08-09 08:00:00;9559.799;9590.5;9553.376;9587.715;1.09638;GBR.IDXEUR
2024-08-09 09:00:00;9587.603;9591.842;9562.955;9570.705;0.93907;GBR.IDXEUR
2024-08-09 10:00:00;9570.593;9571.359;9546.983;9548.138;1.44466;GBR.IDXEUR
2024-08-09 11:00:00;9548.603;9559.337;9533.584;9546.43;2.09074;GBR.IDXEUR
2024-08-09 12:00:00;9546.43;9546.568;9512.195;9521.548;1.89904;GBR.IDXEUR
2024-08-09 13:00:00;9521.981;9528.172;9492.485;9519.222;2.56686;GBR.IDXEUR
2024-08-09 14:00:00;9518.765;9552.363;9514.516;9549.079;2.80704;GBR.IDXEUR
2024-08-09 15:00:00;9549.093;9562.053;9528.437;9528.66;1.97029;GBR.IDXEUR
2024-08-09 16:00:00;9528.643;9550.082;9528.301;9549.118;1.7044;GBR.IDXEUR
2024-08-09 17:00:00;9549.006;9586.548;9548.725;9565.545;1.11162;GBR.IDXEUR
2024-08-09 18:00:00;9565.897;9570.14;9553.143;9564.226;1.6279;GBR.IDXEUR
2024-08-09 19:00:00;9564.229;9581.763;9561.107;9570.215;1.35442;GBR.IDXEUR
2024-08-09 20:00:00;9570.764;9570.764;9570.764;9570.764;6e-05;GBR.IDXEUR
2024-08-11 22:00:00;9568.161;9577.596;9537.181;9570.035;0.25057;GBR.IDXEUR
2024-08-11 23:00:00;9570.258;9578.636;9560.603;9568.057;0.206074;GBR.IDXEUR
2024-08-12 00:00:00;9568.398;9586.944;9566.354;9579.962;0.085744;GBR.IDXEUR
2024-08-12 01:00:00;9578.448;9587.388;9575.645;9580.812;0.102624;GBR.IDXEUR
2024-08-12 02:00:00;9580.808;9597.006;9579.829;9596.136;0.061512;GBR.IDXEUR
2024-08-12 03:00:00;9596.126;9596.856;9584.906;9592.62;0.072456;GBR.IDXEUR
2024-08-12 04:00:00;9592.742;9594.439;9588.082;9592.903;0.055859;GBR.IDXEUR
2024-08-12 05:00:00;9592.875;9595.552;9586.174;9590.072;0.049586;GBR.IDXEUR
2024-08-12 06:00:00;9590.985;9601.586;9577.822;9590.208;0.169478;GBR.IDXEUR
2024-08-12 07:00:00;9590.776;9610.838;9574.964;9604.498;1.69793;GBR.IDXEUR
2024-08-12 08:00:00;9604.386;9610.64;9564.263;9567.138;1.45858;GBR.IDXEUR
2024-08-12 09:00:00;9567.25;9575.841;9561.768;9573.185;0.27751;GBR.IDXEUR
2024-08-12 10:00:00;9573.408;9587.126;9569.454;9585.67;0.19255;GBR.IDXEUR
2024-08-12 11:00:00;9586.03;9603.797;9583.838;9588.469;0.66835;GBR.IDXEUR
2024-08-12 12:00:00;9588.805;9589.824;9573.655;9586.21;1.26072;GBR.IDXEUR
2024-08-12 13:00:00;9586.21;9605.474;9572.38;9575.059;1.55716;GBR.IDXEUR
2024-08-12 14:00:00;9575.601;9619.497;9573.554;9615.708;0.59499;GBR.IDXEUR
2024-08-12 15:00:00;9615.495;9617.47;9585.649;9616.418;0.42103;GBR.IDXEUR
2024-08-12 16:00:00;9616.642;9616.755;9598.729;9599.146;0.76747;GBR.IDXEUR
2024-08-12 17:00:00;9597.808;9612.463;9585.417;9590.608;0.6377;GBR.IDXEUR
2024-08-12 18:00:00;9590.608;9600.964;9587.312;9599.627;0.21821;GBR.IDXEUR
2024-08-12 19:00:00;9599.515;9605.242;9585.663;9598.295;0.40952;GBR.IDXEUR
2024-08-12 20:00:00;9598.265;9600.237;9585.07;9591.173;0.100595;GBR.IDXEUR
2024-08-12 22:00:00;9592.324;9601.946;9587.971;9593.136;0.164438;GBR.IDXEUR
2024-08-12 23:00:00;9593.489;9603.671;9588.82;9596.024;0.131767;GBR.IDXEUR
2024-08-13 00:00:00;9601.567;9613.069;9594.431;9610.23;0.102956;GBR.IDXEUR
2024-08-13 01:00:00;9610.23;9624.112;9608.25;9612.838;0.101091;GBR.IDXEUR
2024-08-13 02:00:00;9612.838;9618.355;9610.139;9613.681;0.073824;GBR.IDXEUR
2024-08-13 03:00:00;9613.67;9617.27;9605.937;9612.155;0.07705;GBR.IDXEUR
2024-08-13 04:00:00;9612.38;9617.173;9609.283;9614.867;0.056448;GBR.IDXEUR
2024-08-13 05:00:00;9614.983;9617.979;9611.174;9615.7;0.057072;GBR.IDXEUR
2024-08-13 06:00:00;9617.498;9641.632;9603.809;9638.717;0.210634;GBR.IDXEUR
2024-08-13 07:00:00;9639.674;9654.711;9622.894;9630.516;1.50345;GBR.IDXEUR
2024-08-13 08:00:00;9629.344;9636.277;9604.149;9619.125;1.69214;GBR.IDXEUR
2024-08-13 09:00:00;9618.899;9625.103;9611.758;9613.92;1.42606;GBR.IDXEUR
2024-08-13 10:00:00;9615.011;9615.022;9579.918;9591.887;1.48804;GBR.IDXEUR
2024-08-13 11:00:00;9591.542;9603.868;9587.426;9598.623;1.50082;GBR.IDXEUR
2024-08-13 12:00:00;9598.511;9625.475;9595.062;9620.619;0.84369;GBR.IDXEUR
2024-08-13 13:00:00;9620.143;9629.046;9608.91;9617.244;0.91446;GBR.IDXEUR
2024-08-13 14:00:00;9617.563;9634.156;9606.552;9626.83;1.8804;GBR.IDXEUR
2024-08-13 15:00:00;9626.708;9645.761;9625.991;9636.055;1.84225;GBR.IDXEUR
2024-08-13 16:00:00;9636.743;9648.719;9632.308;9647.974;1.2934;GBR.IDXEUR
2024-08-13 17:00:00;9648.222;9649.236;9638.049;9647.339;1.30049;GBR.IDXEUR
2024-08-13 18:00:00;9647.339;9650.881;9640.898;9646.564;1.42425;GBR.IDXEUR
2024-08-13 19:00:00;9646.112;9664.119;9646.112;9657.765;1.44538;GBR.IDXEUR
2024-08-13 20:00:00;9658.159;9658.705;9649.123;9656.821;0.029276;GBR.IDXEUR
2024-08-13 22:00:00;9650.646;9659.186;9647.544;9650.063;0.132902;GBR.IDXEUR
2024-08-13 23:00:00;9649.867;9656.235;9648.098;9653.217;0.129235;GBR.IDXEUR
2024-08-14 00:00:00;9652.992;9667.945;9652.992;9658.042;0.063069;GBR.IDXEUR
2024-08-14 01:00:00;9656.992;9680.069;9655.463;9679.457;0.068804;GBR.IDXEUR
2024-08-14 02:00:00;9679.57;9680.437;9656.347;9664.989;0.094991;GBR.IDXEUR
2024-08-14 03:00:00;9665.181;9670.313;9655.446;9664.65;0.044434;GBR.IDXEUR
2024-08-14 04:00:00;9664.763;9672.661;9661.148;9661.596;0.036785;GBR.IDXEUR
2024-08-14 05:00:00;9661.709;9666.474;9655.484;9662.22;0.052713;GBR.IDXEUR
2024-08-14 06:00:00;9667.564;9695.969;9664.332;9667.344;0.30326;GBR.IDXEUR
2024-08-14 07:00:00;9667.903;9673.76;9641.447;9642.15;2.13847;GBR.IDXEUR
2024-08-14 08:00:00;9641.302;9656.519;9635.182;9646.213;1.2527;GBR.IDXEUR
2024-08-14 09:00:00;9646.336;9651.379;9636.554;9643.234;0.4743;GBR.IDXEUR
2024-08-14 10:00:00;9643.347;9647.802;9622.538;9628.205;0.893;GBR.IDXEUR
2024-08-14 11:00:00;9627.818;9629.636;9610.867;9627.814;1.21036;GBR.IDXEUR
2024-08-14 12:00:00;9626.892;9631.527;9603.456;9617.478;1.82621;GBR.IDXEUR
2024-08-14 13:00:00;9617.394;9631.346;9609.985;9615.737;0.66589;GBR.IDXEUR
2024-08-14 14:00:00;9616.31;9633.939;9609.994;9631.091;1.98774;GBR.IDXEUR
2024-08-14 15:00:00;9631.091;9660.552;9629.593;9657.199;0.44859;GBR.IDXEUR
2024-08-14 16:00:00;9656.966;9665.072;9642.765;9654.427;0.25344;GBR.IDXEUR
2024-08-14 17:00:00;9654.285;9655.576;9642.987;9651.656;0.17784;GBR.IDXEUR
2024-08-14 18:00:00;9651.423;9667.799;9645.204;9665.85;0.15342;GBR.IDXEUR
2024-08-14 19:00:00;9666.075;9673.402;9657.141;9669.812;0.16582;GBR.IDXEUR
2024-08-14 20:00:00;9669.699;9682.721;9666.865;9681.765;0.054962;GBR.IDXEUR
2024-08-14 22:00:00;9640.559;9645.559;9631.36;9635.341;0.040505;GBR.IDXEUR
2024-08-14 23:00:00;9635.116;9640.251;9627.752;9636.328;0.052223;GBR.IDXEUR
2024-08-15 00:00:00;9639.55;9654.585;9638.529;9653.622;0.09144;GBR.IDXEUR
2024-08-15 01:00:00;9653.629;9661.225;9649.325;9661.013;0.090528;GBR.IDXEUR
2024-08-15 02:00:00;9660.996;9680.434;9658.327;9672.858;0.082056;GBR.IDXEUR
2024-08-15 03:00:00;9672.519;9676.248;9665.054;9675.422;0.07728;GBR.IDXEUR
2024-08-15 04:00:00;9675.351;9676.228;9667.926;9669.442;0.062568;GBR.IDXEUR
2024-08-15 05:00:00;9669.184;9670.694;9658.157;9659.888;0.046385;GBR.IDXEUR
2024-08-15 06:00:00;9659.212;9680.251;9647.162;9676.876;0.168816;GBR.IDXEUR
2024-08-15 07:00:00;9675.977;9681.197;9661.632;9671.082;1.20666;GBR.IDXEUR
2024-08-15 08:00:00;9670.856;9673.906;9657.089;9672.09;1.93643;GBR.IDXEUR
2024-08-15 09:00:00;9672.429;9676.316;9663.783;9666.029;1.49784;GBR.IDXEUR
2024-08-15 10:00:00;9666.06;9673.792;9661.551;9667.295;0.92303;GBR.IDXEUR
2024-08-15 11:00:00;9667.779;9683.993;9665.125;9678.605;0.43813;GBR.IDXEUR
2024-08-15 12:00:00;9678.856;9755.852;9674.577;9752.23;0.63221;GBR.IDXEUR
2024-08-15 13:00:00;9753.053;9788.381;9748.778;9770.293;0.52127;GBR.IDXEUR
2024-08-15 14:00:00;9771.124;9779.933;9745.502;9767.516;0.37525;GBR.IDXEUR
2024-08-15 15:00:00;9767.63;9781.848;9761.628;9776.136;0.42639;GBR.IDXEUR
2024-08-15 16:00:00;9775.91;9783.135;9770.533;9776.752;0.14802;GBR.IDXEUR
2024-08-15 17:00:00;9776.523;9786.614;9770.931;9784.32;0.12428;GBR.IDXEUR
2024-08-15 18:00:00;9783.948;9784.647;9774.365;9775.757;0.11468;GBR.IDXEUR
2024-08-15 19:00:00;9775.157;9782.903;9769.137;9777.976;0.14585;GBR.IDXEUR
2024-08-15 20:00:00;9778.149;9781.036;9767.324;9767.792;0.035111;GBR.IDXEUR
2024-08-15 22:00:00;9768.932;9788.156;9768.932;9785.691;0.083227;GBR.IDXEUR
2024-08-15 23:00:00;9785.691;9795.548;9785.576;9789.045;0.107445;GBR.IDXEUR
2024-08-16 00:00:00;9791.89;9794.354;9771.473;9779.335;0.09612;GBR.IDXEUR
2024-08-16 01:00:00;9779.324;9784.211;9772.777;9783.601;0.092712;GBR.IDXEUR
2024-08-16 02:00:00;9783.59;9789.957;9781.614;9781.7;0.077304;GBR.IDXEUR
2024-08-16 03:00:00;9781.609;9782.191;9773.772;9775.646;0.068616;GBR.IDXEUR
2024-08-16 04:00:00;9775.635;9777.616;9769.658;9771.691;0.067872;GBR.IDXEUR
2024-08-16 05:00:00;9771.805;9783.735;9771.419;9779.529;0.031265;GBR.IDXEUR
2024-08-16 06:00:00;9779.644;9798.338;9779.0;9780.672;0.20605;GBR.IDXEUR
2024-08-16 07:00:00;9780.623;9787.237;9753.74;9765.624;0.61161;GBR.IDXEUR
2024-08-16 08:00:00;9765.624;9784.167;9760.286;9773.446;0.68481;GBR.IDXEUR
2024-08-16 09:00:00;9773.149;9785.51;9760.246;9767.96;0.74457;GBR.IDXEUR
2024-08-16 10:00:00;9767.687;9767.792;9752.989;9761.707;0.52376;GBR.IDXEUR
2024-08-16 11:00:00;9761.435;9763.11;9742.926;9749.13;0.59074;GBR.IDXEUR
2024-08-16 12:00:00;9749.219;9754.193;9729.317;9736.27;0.58417;GBR.IDXEUR
2024-08-16 13:00:00;9736.041;9751.005;9728.577;9746.457;0.74722;GBR.IDXEUR
2024-08-16 14:00:00;9744.857;9755.223;9739.656;9743.255;0.77719;GBR.IDXEUR
2024-08-16 15:00:00;9743.255;9752.631;9741.085;9747.974;0.59136;GBR.IDXEUR
2024-08-16 16:00:00;9748.088;9751.829;9741.664;9750.481;0.39266;GBR.IDXEUR
2024-08-16 17:00:00;9750.495;9752.984;9739.541;9746.01;0.35582;GBR.IDXEUR
2024-08-16 18:00:00;9746.01;9748.942;9739.837;9748.112;0.36821;GBR.IDXEUR
2024-08-16 19:00:00;9748.112;9749.747;9732.882;9742.636;0.35571;GBR.IDXEUR
2024-08-16 20:00:00;9742.522;9742.522;9740.747;9742.257;0.00035;GBR.IDXEUR
2024-08-18 22:00:00;9746.62;9753.581;9739.336;9744.746;0.155242;GBR.IDXEUR
2024-08-18 23:00:00;9744.986;9757.59;9740.439;9757.59;0.108961;GBR.IDXEUR
2024-08-19 00:00:00;9759.067;9759.978;9738.031;9742.848;0.260722;GBR.IDXEUR
2024-08-19 01:00:00;9742.962;9749.939;9737.577;9744.529;0.226987;GBR.IDXEUR
2024-08-19 02:00:00;9744.392;9752.218;9740.576;9751.673;0.199143;GBR.IDXEUR
2024-08-19 03:00:00;9751.799;9759.036;9748.826;9750.685;0.201312;GBR.IDXEUR
2024-08-19 04:00:00;9750.457;9756.35;9740.8;9741.86;0.211794;GBR.IDXEUR
2024-08-19 05:00:00;9741.746;9745.723;9725.961;9729.641;0.148673;GBR.IDXEUR
2024-08-19 06:00:00;9729.645;9733.178;9713.167;9727.52;0.452336;GBR.IDXEUR
2024-08-19 07:00:00;9726.009;9746.923;9724.3;9729.239;0.54821;GBR.IDXEUR
2024-08-19 08:00:00;9729.45;9752.695;9725.704;9751.932;0.47896;GBR.IDXEUR
2024-08-19 09:00:00;9751.627;9759.403;9741.135;9757.662;0.36601;GBR.IDXEUR
2024-08-19 10:00:00;9758.267;9758.267;9745.259;9751.617;0.29527;GBR.IDXEUR
2024-08-19 11:00:00;9751.495;9753.804;9741.842;9752.707;0.24649;GBR.IDXEUR
2024-08-19 12:00:00;9752.707;9773.3;9751.006;9769.452;0.17601;GBR.IDXEUR
2024-08-19 13:00:00;9769.796;9806.061;9769.271;9803.436;0.52583;GBR.IDXEUR
2024-08-19 14:00:00;9803.74;9827.015;9801.218;9824.199;0.44894;GBR.IDXEUR
2024-08-19 15:00:00;9824.919;9825.035;9791.164;9796.862;0.50428;GBR.IDXEUR
2024-08-19 16:00:00;9796.747;9801.262;9789.046;9799.383;0.32812;GBR.IDXEUR
2024-08-19 17:00:00;9799.613;9802.282;9792.332;9794.713;0.25403;GBR.IDXEUR
2024-08-19 18:00:00;9794.43;9797.407;9783.407;9788.17;0.35401;GBR.IDXEUR
2024-08-19 19:00:00;9788.17;9788.17;9768.435;9774.434;0.30323;GBR.IDXEUR
2024-08-19 20:00:00;9774.549;9775.216;9764.763;9766.32;0.032817;GBR.IDXEUR
2024-08-19 22:00:00;9777.798;9779.454;9774.997;9775.605;0.042994;GBR.IDXEUR
2024-08-19 23:00:00;9775.74;9778.151;9773.059;9773.273;0.021179;GBR.IDXEUR
2024-08-20 00:00:00;9763.79;9779.719;9760.873;9768.69;0.030267;GBR.IDXEUR
2024-08-20 01:00:00;9768.575;9769.379;9758.943;9759.875;0.056293;GBR.IDXEUR
2024-08-20 02:00:00;9759.875;9771.138;9758.503;9770.694;0.036695;GBR.IDXEUR
2024-08-20 03:00:00;9770.694;9770.808;9760.996;9762.951;0.048184;GBR.IDXEUR
2024-08-20 04:00:00;9763.065;9770.568;9759.918;9769.163;0.032752;GBR.IDXEUR
2024-08-20 05:00:00;9768.934;9774.314;9766.384;9773.37;0.053503;GBR.IDXEUR
2024-08-20 06:00:00;9773.37;9782.606;9756.062;9775.784;0.42463;GBR.IDXEUR
2024-08-20 07:00:00;9774.979;9789.003;9755.863;9758.18;0.65694;GBR.IDXEUR
2024-08-20 08:00:00;9758.766;9764.145;9744.169;9758.384;0.6053;GBR.IDXEUR
2024-08-20 09:00:00;9758.27;9761.61;9737.277;9744.818;0.61353;GBR.IDXEUR
2024-08-20 10:00:00;9744.96;9749.162;9734.02;9748.315;0.47798;GBR.IDXEUR
2024-08-20 11:00:00;9747.935;9750.718;9730.807;9739.713;0.52242;GBR.IDXEUR
2024-08-20 12:00:00;9739.713;9741.652;9721.12;9728.548;0.58881;GBR.IDXEUR
2024-08-20 13:00:00;9728.434;9729.128;9703.065;9723.541;0.73118;GBR.IDXEUR
2024-08-20 14:00:00;9723.691;9725.33;9699.86;9705.975;0.68696;GBR.IDXEUR
2024-08-20 15:00:00;9706.023;9710.464;9682.119;9697.214;0.61008;GBR.IDXEUR
2024-08-20 16:00:00;9696.645;9697.296;9664.055;9664.163;0.43832;GBR.IDXEUR
2024-08-20 17:00:00;9664.05;9666.924;9653.301;9657.113;0.37542;GBR.IDXEUR
2024-08-20 18:00:00;9656.559;9668.369;9655.44;9663.449;0.31116;GBR.IDXEUR
2024-08-20 19:00:00;9663.149;9668.468;9650.198;9658.603;0.34853;GBR.IDXEUR
2024-08-20 20:00:00;9658.943;9664.02;9655.212;9663.299;0.03283;GBR.IDXEUR
2024-08-20 22:00:00;9651.51;9653.997;9645.949;9650.969;0.098476;GBR.IDXEUR
2024-08-20 23:00:00;9651.613;9654.708;9649.099;9652.893;0.088246;GBR.IDXEUR
2024-08-21 00:00:00;9649.082;9672.614;9648.641;9669.235;0.197389;GBR.IDXEUR
2024-08-21 01:00:00;9669.22;9670.749;9657.267;9658.449;0.29521;GBR.IDXEUR
2024-08-21 02:00:00;9658.562;9674.421;9656.497;9674.421;0.25746;GBR.IDXEUR
2024-08-21 03:00:00;9674.494;9691.436;9672.314;9687.223;0.26337;GBR.IDXEUR
2024-08-21 04:00:00;9687.223;9699.133;9685.388;9699.019;0.14341;GBR.IDXEUR
2024-08-21 05:00:00;9698.905;9706.02;9696.438;9698.348;0.187741;GBR.IDXEUR
2024-08-21 06:00:00;9698.462;9703.725;9682.191;9693.92;0.550781;GBR.IDXEUR
2024-08-21 07:00:00;9698.825;9708.673;9683.64;9692.709;0.74052;GBR.IDXEUR
2024-08-21 08:00:00;9692.709;9702.803;9689.586;9692.218;0.29078;GBR.IDXEUR
2024-08-21 09:00:00;9692.271;9716.189;9692.271;9713.017;0.26083;GBR.IDXEUR
2024-08-21 10:00:00;9712.903;9721.853;9705.874;9721.373;0.39371;GBR.IDXEUR
2024-08-21 11:00:00;9721.38;9725.985;9710.721;9722.835;0.35128;GBR.IDXEUR
2024-08-21 12:00:00;9722.721;9725.797;9711.75;9720.343;0.56063;GBR.IDXEUR
2024-08-21 13:00:00;9720.343;9722.866;9704.668;9720.301;0.34708;GBR.IDXEUR
2024-08-22 08:00:00;9765.943;9781.047;9763.883;9773.446;0.48464;GBR.IDXEUR
2024-08-22 09:00:00;9773.479;9790.889;9770.194;9775.74;0.63739;GBR.IDXEUR
2024-08-22 10:00:00;9776.01;9781.532;9764.05;9770.351;0.74805;GBR.IDXEUR
2024-08-22 11:00:00;9770.581;9772.315;9758.233;9758.7;0.71552;GBR.IDXEUR
2024-08-22 12:00:00;9759.324;9761.418;9745.977;9749.731;1.0546;GBR.IDXEUR
2024-08-22 13:00:00;9750.032;9779.315;9748.289;9777.637;1.08608;GBR.IDXEUR
2024-08-22 14:00:00;9777.637;9780.734;9757.197;9763.219;1.3903;GBR.IDXEUR
2024-08-22 15:00:00;9762.989;9771.161;9741.631;9752.299;0.95298;GBR.IDXEUR
2024-08-22 16:00:00;9752.184;9775.371;9751.466;9764.114;0.77666;GBR.IDXEUR
2024-08-22 17:00:00;9764.229;9775.129;9749.62;9752.381;0.78338;GBR.IDXEUR
2024-08-22 18:00:00;9752.136;9769.965;9748.59;9755.896;0.55584;GBR.IDXEUR
2024-08-22 19:00:00;9756.126;9762.561;9745.992;9752.386;0.58394;GBR.IDXEUR
2024-08-22 20:00:00;9752.539;9757.676;9742.198;9755.292;0.079945;GBR.IDXEUR
2024-08-22 22:00:00;9759.427;9767.249;9757.725;9766.021;0.094575;GBR.IDXEUR
2024-08-22 23:00:00;9765.906;9767.005;9757.25;9762.027;0.065622;GBR.IDXEUR
2024-08-23 00:00:00;9771.784;9774.416;9760.994;9764.881;0.088601;GBR.IDXEUR
2024-08-23 01:00:00;9764.891;9769.254;9759.381;9763.748;0.075095;GBR.IDXEUR
2024-08-23 02:00:00;9763.633;9775.156;9761.462;9771.285;0.03734;GBR.IDXEUR
2024-08-23 03:00:00;9771.285;9786.244;9771.062;9784.259;0.051414;GBR.IDXEUR
2024-08-23 04:00:00;9784.263;9798.937;9782.71;9791.711;0.046703;GBR.IDXEUR
2024-08-23 05:00:00;9791.711;9794.638;9786.933;9789.672;0.034431;GBR.IDXEUR
2024-08-23 06:00:00;9789.787;9814.05;9789.063;9794.937;0.212782;GBR.IDXEUR
2024-08-23 07:00:00;9794.59;9808.311;9788.168;9793.207;0.47551;GBR.IDXEUR
2024-08-23 08:00:00;9792.997;9804.221;9790.353;9800.976;0.4943;GBR.IDXEUR
2024-08-23 09:00:00;9800.86;9812.451;9795.598;9808.983;0.29674;GBR.IDXEUR
2024-08-23 10:00:00;9811.938;9818.181;9801.401;9817.398;0.2819;GBR.IDXEUR
2024-08-23 11:00:00;9817.63;9820.773;9807.78;9808.566;0.41472;GBR.IDXEUR
2024-08-23 12:00:00;9808.566;9821.633;9806.585;9810.561;0.43184;GBR.IDXEUR
2024-08-23 13:00:00;9810.808;9819.266;9794.999;9804.71;0.28458;GBR.IDXEUR
2024-08-23 14:00:00;9804.516;9840.835;9802.499;9829.488;0.65492;GBR.IDXEUR
2024-08-23 15:00:00;9829.463;9842.295;9814.309;9818.415;0.34315;GBR.IDXEUR
2024-08-23 16:00:00;9819.002;9831.16;9809.232;9829.047;0.27499;GBR.IDXEUR
2024-08-23 17:00:00;9828.713;9831.213;9820.211;9824.02;0.17874;GBR.IDXEUR
2024-08-23 18:00:00;9823.904;9826.004;9815.088;9824.395;0.15489;GBR.IDXEUR
2024-08-23 19:00:00;9824.511;9843.376;9820.879;9837.207;0.16842;GBR.IDXEUR
2024-08-23 20:00:00;9837.239;9837.471;9837.239;9837.239;0.0003;GBR.IDXEUR
2024-08-25 22:00:00;9827.08;9834.827;9805.966;9811.028;0.031116;GBR.IDXEUR
2024-08-25 23:00:00;9811.465;9826.855;9806.552;9826.154;0.024396;GBR.IDXEUR
2024-08-26 00:00:00;9826.528;9834.163;9810.569;9828.108;0.033924;GBR.IDXEUR
2024-08-26 01:00:00;9827.992;9829.422;9817.291;9820.438;0.036924;GBR.IDXEUR
2024-08-26 02:00:00;9820.323;9823.141;9809.823;9813.964;0.018096;GBR.IDXEUR
2024-08-26 03:00:00;9813.964;9823.478;9810.011;9813.81;0.031488;GBR.IDXEUR
2024-08-26 04:00:00;9813.578;9816.065;9810.644;9811.271;0.01542;GBR.IDXEUR
2024-08-26 05:00:00;9811.502;9823.374;9805.947;9819.567;0.011856;GBR.IDXEUR
2024-08-26 06:00:00;9827.691;9829.002;9808.902;9825.633;0.030684;GBR.IDXEUR
2024-08-26 07:00:00;9825.981;9834.77;9811.994;9821.32;0.029952;GBR.IDXEUR
2024-08-26 08:00:00;9821.32;9843.112;9818.041;9833.788;0.0246;GBR.IDXEUR
2024-08-26 09:00:00;9833.904;9836.966;9813.607;9817.065;0.015324;GBR.IDXEUR
2024-08-26 10:00:00;9817.181;9837.75;9815.675;9837.321;0.019224;GBR.IDXEUR
2024-08-26 11:00:00;9837.321;9846.111;9827.496;9844.996;0.027252;GBR.IDXEUR
2024-08-26 12:00:00;9844.88;9852.955;9834.53;9852.256;0.035388;GBR.IDXEUR
2024-08-26 13:00:00;9852.14;9858.514;9830.524;9847.333;0.033852;GBR.IDXEUR
2024-08-26 14:00:00;9847.914;9850.029;9809.39;9825.752;0.03462;GBR.IDXEUR
2024-08-26 15:00:00;9826.216;9830.201;9809.502;9812.689;0.02538;GBR.IDXEUR
2024-08-26 16:00:00;9812.689;9835.299;9808.335;9828.464;0.017544;GBR.IDXEUR
2024-08-26 17:00:00;9828.572;9837.046;9801.831;9815.137;0.019356;GBR.IDXEUR
2024-08-26 18:00:00;9815.253;9841.63;9809.872;9838.001;0.016884;GBR.IDXEUR
2024-08-26 19:00:00;9838.001;9838.808;9826.569;9833.769;0.01218;GBR.IDXEUR
2024-08-26 20:00:00;9833.653;9834.141;9820.653;9821.129;0.004212;GBR.IDXEUR
2024-08-26 22:00:00;9824.162;9829.928;9814.085;9820.303;0.146445;GBR.IDXEUR
2024-08-26 23:00:00;9820.278;9834.36;9818.858;9832.035;0.0819;GBR.IDXEUR
2024-08-27 00:00:00;9834.842;9873.335;9834.842;9859.109;0.063783;GBR.IDXEUR
2024-08-27 01:00:00;9859.109;9865.933;9855.77;9864.275;0.079632;GBR.IDXEUR
2024-08-27 02:00:00;9864.158;9875.747;9861.687;9872.916;0.057486;GBR.IDXEUR
2024-08-27 03:00:00;9872.8;9878.223;9870.789;9878.089;0.04896;GBR.IDXEUR
2024-08-27 04:00:00;9878.089;9880.823;9871.155;9879.048;0.055394;GBR.IDXEUR
2024-08-27 05:00:00;9879.287;9891.601;9879.004;9885.582;0.03912;GBR.IDXEUR
2024-08-27 06:00:00;9885.026;9888.795;9868.9;9872.458;0.406754;GBR.IDXEUR
2024-08-27 07:00:00;9875.889;9931.914;9875.889;9924.329;0.40851;GBR.IDXEUR
2024-08-27 08:00:00;9924.442;9927.606;9902.688;9924.904;0.26454;GBR.IDXEUR
2024-08-27 09:00:00;9924.904;9927.16;9884.772;9885.779;0.74006;GBR.IDXEUR
2024-08-27 10:00:00;9885.355;9895.744;9869.683;9892.001;0.57201;GBR.IDXEUR
2024-08-27 11:00:00;9891.875;9900.702;9880.263;9896.675;0.33163;GBR.IDXEUR
2024-08-27 12:00:00;9896.878;9901.379;9872.303;9879.841;0.44238;GBR.IDXEUR
2024-08-27 13:00:00;9879.841;9901.124;9877.638;9900.546;0.27378;GBR.IDXEUR
2024-08-28 08:00:00;9899.485;9908.078;9894.666;9905.117;0.39605;GBR.IDXEUR
2024-08-28 09:00:00;9905.095;9915.76;9899.568;9912.455;0.54646;GBR.IDXEUR
2024-08-28 10:00:00;9912.219;9916.683;9900.605;9906.241;0.33772;GBR.IDXEUR
2024-08-28 11:00:00;9906.124;9910.79;9892.147;9899.281;0.45143;GBR.IDXEUR
2024-08-28 12:00:00;9899.046;9904.223;9891.312;9897.236;0.94714;GBR.IDXEUR
2024-08-28 13:00:00;9896.96;9928.122;9890.354;9917.685;1.28669;GBR.IDXEUR
2024-08-28 14:00:00;9918.038;9921.973;9902.564;9912.678;1.29447;GBR.IDXEUR
2024-08-28 15:00:00;9912.657;9919.887;9891.556;9895.112;1.04836;GBR.IDXEUR
2024-08-28 16:00:00;9895.112;9904.356;9884.354;9899.907;0.74426;GBR.IDXEUR
2024-08-28 17:00:00;9900.024;9907.248;9876.735;9877.452;0.64;GBR.IDXEUR
2024-08-28 18:00:00;9877.452;9900.985;9874.872;9900.985;0.58582;GBR.IDXEUR
2024-08-28 19:00:00;9900.978;9913.898;9892.162;9904.18;0.6447;GBR.IDXEUR
2024-08-28 20:00:00;9904.062;9904.287;9881.287;9896.249;0.066664;GBR.IDXEUR
2024-08-28 22:00:00;9864.547;9897.114;9851.026;9870.557;0.270519;GBR.IDXEUR
2024-08-28 23:00:00;9870.557;9874.706;9862.483;9870.353;0.067734;GBR.IDXEUR
2024-08-29 00:00:00;9887.876;9914.993;9887.013;9912.846;0.107849;GBR.IDXEUR
2024-08-29 01:00:00;9912.867;9914.861;9899.198;9901.443;0.088944;GBR.IDXEUR
2024-08-29 02:00:00;9901.12;9912.964;9897.787;9907.313;0.076992;GBR.IDXEUR
2024-08-29 03:00:00;9907.313;9916.086;9905.055;9915.266;0.082402;GBR.IDXEUR
2024-08-29 04:00:00;9915.384;9922.705;9914.033;9922.454;0.061608;GBR.IDXEUR
2024-08-29 05:00:00;9922.316;9926.573;9918.649;9923.143;0.043872;GBR.IDXEUR
2024-08-29 06:00:00;9923.157;9928.838;9913.505;9917.495;0.211056;GBR.IDXEUR
2024-08-29 07:00:00;9917.613;9944.688;9912.261;9934.817;0.52595;GBR.IDXEUR
2024-08-29 08:00:00;9935.407;9957.505;9933.025;9952.132;1.34422;GBR.IDXEUR
2024-08-29 09:00:00;9951.895;9964.376;9950.421;9951.546;0.81364;GBR.IDXEUR
2024-08-29 10:00:00;9952.897;9960.695;9947.837;9955.466;0.67859;GBR.IDXEUR
2024-08-29 11:00:00;9955.585;9958.646;9948.958;9957.77;0.65467;GBR.IDXEUR
2024-08-29 12:00:00;9957.77;9976.162;9952.042;9955.781;1.27376;GBR.IDXEUR
2024-08-29 13:00:00;9955.663;9962.015;9924.996;9928.206;1.30468;GBR.IDXEUR
2024-08-29 14:00:00;9928.56;9972.788;9928.438;9959.78;1.57066;GBR.IDXEUR
2024-08-29 15:00:00;9959.78;9979.564;9957.267;9977.111;1.22182;GBR.IDXEUR
2024-08-29 16:00:00;9976.992;9989.821;9976.01;9989.238;0.83587;GBR.IDXEUR
2024-08-29 17:00:00;9989.119;10012.677;9984.682;10010.737;0.68334;GBR.IDXEUR
2024-08-29 18:00:00;10010.499;10014.809;9977.234;9987.087;1.152;GBR.IDXEUR
2024-08-29 19:00:00;9987.108;10002.643;9981.476;9987.567;1.08918;GBR.IDXEUR
2024-08-29 20:00:00;9987.222;10002.667;9985.172;9999.339;0.099254;GBR.IDXEUR
2024-08-29 22:00:00;9991.733;9993.555;9978.405;9984.49;0.173012;GBR.IDXEUR
2024-08-29 23:00:00;9984.727;9987.228;9980.65;9983.706;0.083863;GBR.IDXEUR
2024-08-30 00:00:00;9992.199;9992.761;9976.141;9988.849;0.102339;GBR.IDXEUR
2024-08-30 01:00:00;9988.885;10000.157;9988.885;9998.582;0.117168;GBR.IDXEUR
2024-08-30 02:00:00;9998.964;10010.143;9996.204;10009.998;0.072;GBR.IDXEUR
2024-08-30 03:00:00;10010.027;10010.156;10001.921;10008.722;0.060023;GBR.IDXEUR
2024-08-30 04:00:00;10008.708;10008.736;9998.86;10001.593;0.063733;GBR.IDXEUR
2024-08-30 05:00:00;10001.475;10008.134;9994.699;10003.013;0.055708;GBR.IDXEUR
2024-08-30 06:00:00;10003.132;10011.444;9985.894;9985.894;0.250791;GBR.IDXEUR
2024-08-30 07:00:00;9986.717;10016.689;9986.379;10012.518;0.90192;GBR.IDXEUR
2024-08-30 08:00:00;10012.518;10018.719;9997.041;9999.908;0.77916;GBR.IDXEUR
2024-08-30 09:00:00;9999.313;10007.271;9993.022;10002.878;0.29818;GBR.IDXEUR
2024-08-30 10:00:00;10002.64;10005.399;9995.757;10002.066;0.47478;GBR.IDXEUR
2024-08-30 11:00:00;10002.185;10002.88;9990.502;9996.354;0.65864;GBR.IDXEUR
2024-08-30 12:00:00;9996.236;9999.866;9981.717;9981.98;1.39846;GBR.IDXEUR
2024-08-30 13:00:00;9981.98;9981.98;9960.726;9964.322;1.84574;GBR.IDXEUR
2024-08-30 14:00:00;9964.441;9982.699;9946.611;9948.868;2.34908;GBR.IDXEUR
2024-08-30 15:00:00;9949.104;9957.778;9930.926;9952.319;1.75966;GBR.IDXEUR
2024-08-30 16:00:00;9952.088;9956.169;9929.433;9943.152;1.2707;GBR.IDXEUR
2024-08-30 17:00:00;9942.916;9946.81;9933.805;9940.484;0.86718;GBR.IDXEUR
2024-08-30 18:00:00;9940.602;9958.282;9938.452;9954.584;0.59792;GBR.IDXEUR
2024-08-30 19:00:00;9954.703;9991.661;9952.055;9985.672;0.92572;GBR.IDXEUR
2024-08-30 20:00:00;9985.913;9986.717;9985.762;9986.592;0.00208;GBR.IDXEUR
2024-09-01 22:00:00;9979.139;9979.139;9969.39;9974.638;0.048761;GBR.IDXEUR
2024-09-01 23:00:00;9974.875;9980.955;9973.901;9978.46;0.061622;GBR.IDXEUR
2024-09-02 00:00:00;9979.393;9985.707;9968.454;9972.036;0.039304;GBR.IDXEUR
2024-09-02 01:00:00;9972.154;9974.3;9963.973;9969.416;0.059734;GBR.IDXEUR
2024-09-02 02:00:00;9969.423;9969.771;9959.917;9961.94;0.050173;GBR.IDXEUR
2024-09-02 03:00:00;9962.177;9969.634;9961.497;9968.834;0.037107;GBR.IDXEUR
2024-09-02 04:00:00;9968.36;9972.138;9963.484;9967.857;0.024102;GBR.IDXEUR
2024-09-02 05:00:00;9967.975;9978.191;9967.745;9973.478;0.029174;GBR.IDXEUR
2024-09-02 06:00:00;9973.809;9977.725;9948.194;9949.392;0.210234;GBR.IDXEUR
2024-09-02 07:00:00;9949.378;9960.411;9917.775;9936.695;0.88211;GBR.IDXEUR
2024-09-02 08:00:00;9936.695;9940.331;9928.717;9936.164;0.83634;GBR.IDXEUR
2024-09-02 09:00:00;9936.046;9938.738;9927.89;9936.206;0.67888;GBR.IDXEUR
2024-09-02 10:00:00;9936.199;9937.022;9922.812;9925.39;0.66724;GBR.IDXEUR
2024-09-02 11:00:00;9926.646;9937.746;9925.535;9934.907;0.32016;GBR.IDXEUR
2024-09-02 12:00:00;9934.907;9947.582;9933.127;9945.93;0.33994;GBR.IDXEUR
2024-09-02 13:00:00;9945.812;9946.619;9925.935;9928.117;0.40772;GBR.IDXEUR
2024-09-02 14:00:00;9928.491;9937.828;9923.597;9934.613;0.24398;GBR.IDXEUR
2024-09-02 15:00:00;9934.495;9944.374;9929.273;9942.476;0.37967;GBR.IDXEUR
2024-09-02 16:00:00;9942.465;9947.491;9941.309;9945.333;0.26244;GBR.IDXEUR
2024-09-02 17:00:00;9945.451;9948.987;9944.019;9947.0;0.07812;GBR.IDXEUR
2024-09-02 18:00:00;9946.882;9948.9;9945.823;9946.379;0.05328;GBR.IDXEUR
2024-09-02 19:00:00;9946.379;9948.595;9945.225;9945.715;0.08468;GBR.IDXEUR
2024-09-02 22:00:00;9944.59;9948.679;9925.881;9933.084;0.142242;GBR.IDXEUR
2024-09-02 23:00:00;9932.966;9934.645;9921.209;9928.186;0.061726;GBR.IDXEUR
2024-09-03 00:00:00;9927.153;9944.869;9927.153;9944.133;0.065046;GBR.IDXEUR
2024-09-03 01:00:00;9944.015;9947.59;9937.226;9938.298;0.071732;GBR.IDXEUR
2024-09-03 02:00:00;9938.416;9944.361;9934.659;9935.822;0.047132;GBR.IDXEUR
2024-09-03 03:00:00;9935.94;9936.083;9922.649;9929.432;0.056601;GBR.IDXEUR
2024-09-03 04:00:00;9929.55;9933.117;9927.187;9930.871;0.044457;GBR.IDXEUR
2024-09-03 05:00:00;9930.753;9943.687;9929.879;9932.57;0.060852;GBR.IDXEUR
2024-09-03 06:00:00;9932.806;9941.826;9916.9;9934.85;0.585126;GBR.IDXEUR
2024-09-03 07:00:00;9935.085;9952.637;9923.666;9933.992;1.268289;GBR.IDXEUR
2024-09-03 08:00:00;9934.11;9944.339;9920.764;9928.927;0.939973;GBR.IDXEUR
2024-09-03 09:00:00;9928.927;9929.54;9888.747;9889.705;1.2885;GBR.IDXEUR
2024-09-03 10:00:00;9890.645;9894.043;9874.012;9892.012;0.96906;GBR.IDXEUR
2024-09-03 11:00:00;9892.016;9904.736;9886.805;9897.587;0.84016;GBR.IDXEUR
2024-09-03 12:00:00;9897.587;9904.691;9872.281;9872.637;0.77942;GBR.IDXEUR
2024-09-03 13:00:00;9872.285;9883.442;9850.746;9857.819;1.85555;GBR.IDXEUR
2024-09-03 14:00:00;9857.819;9858.199;9826.332;9834.457;2.2473;GBR.IDXEUR
2024-09-03 15:00:00;9834.573;9850.023;9831.574;9837.848;1.27813;GBR.IDXEUR
2024-09-03 16:00:00;9837.499;9844.891;9832.264;9836.408;1.00504;GBR.IDXEUR
2024-09-03 17:00:00;9836.525;9845.754;9832.981;9834.845;0.81782;GBR.IDXEUR
2024-09-03 18:00:00;9834.845;9835.789;9815.893;9818.967;0.86152;GBR.IDXEUR
2024-09-03 19:00:00;9818.671;9823.925;9782.409;9810.397;1.06564;GBR.IDXEUR
2024-09-03 20:00:00;9810.514;9816.67;9806.689;9810.481;0.090455;GBR.IDXEUR
2024-09-03 22:00:00;9806.215;9811.531;9789.143;9799.197;0.205121;GBR.IDXEUR
2024-09-03 23:00:00;9799.197;9803.623;9789.041;9795.641;0.222668;GBR.IDXEUR
2024-09-04 00:00:00;9793.542;9810.993;9763.523;9765.453;0.353756;GBR.IDXEUR
2024-09-04 01:00:00;9765.482;9789.762;9759.352;9771.167;0.502236;GBR.IDXEUR
2024-09-04 02:00:00;9771.051;9772.47;9759.18;9761.803;0.45339;GBR.IDXEUR
2024-09-04 03:00:00;9761.778;9773.865;9758.957;9763.547;0.386602;GBR.IDXEUR
2024-09-04 04:00:00;9763.547;9774.105;9762.642;9764.291;0.318405;GBR.IDXEUR
2024-09-04 05:00:00;9764.283;9764.905;9749.356;9756.148;0.215857;GBR.IDXEUR
2024-09-04 06:00:00;9756.148;9767.309;9729.075;9734.183;0.780223;GBR.IDXEUR
2024-09-04 07:00:00;9734.176;9792.042;9732.26;9767.462;1.77948;GBR.IDXEUR
2024-09-04 08:00:00;9766.612;9791.541;9757.162;9767.464;1.26962;GBR.IDXEUR
2024-09-04 09:00:00;9767.246;9794.128;9763.624;9785.267;0.81154;GBR.IDXEUR
2024-09-04 10:00:00;9785.151;9793.915;9772.514;9790.288;0.93122;GBR.IDXEUR
2024-09-04 11:00:00;9789.943;9806.072;9786.847;9801.539;0.91008;GBR.IDXEUR
2024-09-04 12:00:00;9801.525;9812.409;9796.323;9811.396;0.65068;GBR.IDXEUR
2024-09-04 13:00:00;9811.396;9830.716;9795.829;9825.341;1.8263;GBR.IDXEUR
2024-09-04 14:00:00;9824.874;9828.771;9791.526;9823.342;2.07392;GBR.IDXEUR
2024-09-04 15:00:00;9823.353;9828.474;9793.311;9796.796;1.10811;GBR.IDXEUR
2024-09-04 16:00:00;9796.447;9810.435;9786.836;9804.04;1.13802;GBR.IDXEUR
2024-09-04 17:00:00;9803.686;9806.412;9788.537;9793.392;1.03224;GBR.IDXEUR
2024-09-04 18:00:00;9793.589;9811.971;9786.752;9787.07;0.9969;GBR.IDXEUR
2024-09-04 19:00:00;9787.077;9800.396;9771.545;9792.881;1.1306;GBR.IDXEUR
2024-09-04 20:00:00;9792.877;9793.5;9776.774;9777.477;0.094731;GBR.IDXEUR
2024-09-04 22:00:00;9790.367;9795.247;9785.674;9790.332;0.115423;GBR.IDXEUR
2024-09-04 23:00:00;9789.759;9791.908;9775.311;9786.173;0.079343;GBR.IDXEUR
2024-09-05 00:00:00;9782.875;9802.093;9778.515;9798.874;0.050299;GBR.IDXEUR
2024-09-05 01:00:00;9798.888;9813.73;9798.542;9803.551;0.042744;GBR.IDXEUR
2024-09-05 02:00:00;9803.551;9808.165;9795.744;9804.603;0.032003;GBR.IDXEUR
2024-09-05 03:00:00;9804.603;9806.283;9788.581;9790.855;0.029806;GBR.IDXEUR
2024-09-05 04:00:00;9790.739;9793.849;9785.507;9789.05;0.02907;GBR.IDXEUR
2024-09-05 05:00:00;9789.05;9796.749;9778.894;9792.999;0.048087;GBR.IDXEUR
2024-09-05 06:00:00;9792.442;9793.956;9771.35;9779.061;0.55115;GBR.IDXEUR
2024-09-05 07:00:00;9779.061;9822.962;9771.496;9821.518;1.47061;GBR.IDXEUR
2024-09-05 08:00:00;9821.294;9833.151;9814.211;9827.34;0.78318;GBR.IDXEUR
2024-09-05 09:00:00;9827.34;9828.366;9802.131;9814.846;0.51042;GBR.IDXEUR
2024-09-05 10:00:00;9814.245;9822.489;9789.192;9797.483;0.64336;GBR.IDXEUR
2024-09-05 11:00:00;9797.715;9806.265;9791.123;9797.285;0.9581;GBR.IDXEUR
2024-09-05 12:00:00;9797.053;9813.915;9774.527;9809.45;1.64184;GBR.IDXEUR
2024-09-05 13:00:00;9809.566;9817.553;9791.292;9803.879;1.15932;GBR.IDXEUR
2024-09-05 14:00:00;9804.576;9835.371;9804.576;9819.01;2.18244;GBR.IDXEUR
2024-09-05 15:00:00;9819.127;9821.767;9756.975;9756.975;1.49894;GBR.IDXEUR
2024-09-05 16:00:00;9756.975;9773.014;9745.173;9768.128;1.10668;GBR.IDXEUR
2024-09-05 17:00:00;9768.012;9785.75;9751.638;9784.387;0.94062;GBR.IDXEUR
2024-09-05 18:00:00;9784.155;9793.532;9778.873;9784.345;0.82936;GBR.IDXEUR
2024-09-05 19:00:00;9784.345;9784.345;9759.426;9775.142;0.7872;GBR.IDXEUR
2024-09-05 20:00:00;9775.127;9783.52;9770.929;9776.505;0.116137;GBR.IDXEUR
2024-09-05 22:00:00;9768.136;9770.395;9757.351;9767.019;0.085658;GBR.IDXEUR
2024-09-05 23:00:00;9767.135;9767.883;9758.131;9762.167;0.05882;GBR.IDXEUR
2024-09-06 00:00:00;9762.439;9775.481;9761.188;9765.199;0.08882;GBR.IDXEUR
2024-09-06 01:00:00;9764.475;9775.608;9752.653;9774.2;0.1632;GBR.IDXEUR
2024-09-06 02:00:00;9774.316;9780.594;9773.474;9778.573;0.14843;GBR.IDXEUR
2024-09-06 03:00:00;9778.814;9780.488;9767.851;9767.992;0.139243;GBR.IDXEUR
2024-09-06 04:00:00;9768.223;9774.853;9766.82;9773.307;0.199122;GBR.IDXEUR
2024-09-06 05:00:00;9773.192;9773.307;9750.88;9762.796;0.219693;GBR.IDXEUR
2024-09-06 06:00:00;9762.796;9771.69;9753.745;9757.208;0.699766;GBR.IDXEUR
2024-09-06 07:00:00;9757.37;9759.629;9709.55;9745.26;1.39827;GBR.IDXEUR
2024-09-06 08:00:00;9745.26;9751.898;9707.647;9716.186;0.83886;GBR.IDXEUR
2024-09-06 09:00:00;9716.301;9740.722;9709.629;9738.45;0.87172;GBR.IDXEUR
2024-09-06 10:00:00;9738.45;9745.274;9731.151;9740.343;0.79756;GBR.IDXEUR
2024-09-06 11:00:00;9740.372;9762.388;9739.43;9761.056;0.82818;GBR.IDXEUR
2024-09-06 12:00:00;9759.765;9797.272;9754.651;9788.285;2.90664;GBR.IDXEUR
2024-09-06 13:00:00;9787.819;9821.461;9780.731;9787.195;3.01366;GBR.IDXEUR
2024-09-06 14:00:00;9787.078;9792.192;9697.443;9705.313;2.79912;GBR.IDXEUR
2024-09-06 15:00:00;9704.968;9737.548;9672.81;9685.35;3.6853;GBR.IDXEUR
2024-09-06 16:00:00;9685.236;9696.662;9675.391;9683.711;1.7963;GBR.IDXEUR
2024-09-06 17:00:00;9683.826;9701.314;9678.234;9687.094;1.31642;GBR.IDXEUR
2024-09-06 18:00:00;9687.334;9689.109;9669.642;9679.648;0.96712;GBR.IDXEUR
2024-09-06 19:00:00;9679.763;9687.579;9669.119;9677.259;0.92258;GBR.IDXEUR
2024-09-06 20:00:00;9677.488;9679.541;9677.488;9679.541;0.00044;GBR.IDXEUR
2024-09-08 22:00:00;9667.224;9677.124;9657.285;9671.535;0.230415;GBR.IDXEUR
2024-09-08 23:00:00;9671.277;9685.534;9662.092;9670.413;0.314066;GBR.IDXEUR
2024-09-09 00:00:00;9669.267;9718.525;9669.267;9712.038;0.102873;GBR.IDXEUR
2024-09-09 01:00:00;9712.153;9737.816;9712.153;9731.334;0.11459;GBR.IDXEUR
2024-09-09 02:00:00;9731.103;9737.513;9721.528;9725.802;0.055696;GBR.IDXEUR
2024-09-09 03:00:00;9725.687;9740.826;9725.687;9736.601;0.041567;GBR.IDXEUR
2024-09-09 04:00:00;9736.717;9753.175;9736.717;9745.959;0.06674;GBR.IDXEUR
2024-09-09 05:00:00;9745.844;9747.163;9725.337;9731.899;0.080444;GBR.IDXEUR
2024-09-09 06:00:00;9732.014;9754.105;9725.297;9745.299;0.273472;GBR.IDXEUR
2024-09-09 07:00:00;9745.338;9764.39;9739.283;9747.032;1.41341;GBR.IDXEUR
2024-09-09 08:00:00;9747.147;9753.376;9735.739;9742.0;0.40664;GBR.IDXEUR
2024-09-09 09:00:00;9742.0;9763.787;9736.777;9758.028;0.57232;GBR.IDXEUR
2024-09-09 10:00:00;9757.809;9768.782;9748.723;9749.129;0.63076;GBR.IDXEUR
2024-09-09 11:00:00;9749.245;9773.413;9749.245;9764.076;0.39168;GBR.IDXEUR
2024-09-09 12:00:00;9764.076;9766.056;9748.374;9756.894;0.48406;GBR.IDXEUR
2024-09-09 13:00:00;9758.244;9776.483;9743.251;9769.898;1.16448;GBR.IDXEUR
2024-09-09 14:00:00;9770.184;9809.454;9769.989;9789.172;1.00934;GBR.IDXEUR
2024-09-09 15:00:00;9789.056;9809.301;9772.265;9805.074;1.20196;GBR.IDXEUR
2024-09-09 16:00:00;9804.842;9831.805;9802.996;9830.254;0.89779;GBR.IDXEUR
2024-09-09 17:00:00;9830.137;9832.356;9770.138;9783.082;1.05644;GBR.IDXEUR
2024-09-09 18:00:00;9783.082;9787.328;9769.727;9780.426;0.92782;GBR.IDXEUR
2024-09-09 19:00:00;9780.07;9791.519;9776.991;9784.341;0.98492;GBR.IDXEUR
2024-09-09 20:00:00;9784.225;9792.358;9781.133;9790.915;0.030792;GBR.IDXEUR
2024-09-09 22:00:00;9795.388;9801.23;9782.76;9784.085;0.132598;GBR.IDXEUR
2024-09-09 23:00:00;9784.085;9796.277;9783.962;9796.22;0.091628;GBR.IDXEUR
2024-09-10 00:00:00;9796.22;9796.22;9762.63;9775.69;0.051125;GBR.IDXEUR
2024-09-10 01:00:00;9775.69;9778.999;9766.957;9771.316;0.038442;GBR.IDXEUR
2024-09-10 02:00:00;9771.548;9771.663;9753.04;9760.557;0.03036;GBR.IDXEUR
2024-09-10 03:00:00;9760.928;9760.928;9751.43;9752.719;0.034327;GBR.IDXEUR
2024-09-10 04:00:00;9752.604;9756.944;9744.302;9748.298;0.023274;GBR.IDXEUR
2024-09-10 05:00:00;9748.413;9757.306;9740.028;9752.614;0.056154;GBR.IDXEUR
2024-09-10 06:00:00;9752.267;9758.515;9731.364;9747.66;0.928653;GBR.IDXEUR
2024-09-10 07:00:00;9746.259;9783.264;9723.442;9772.792;1.47633;GBR.IDXEUR
2024-09-10 08:00:00;9772.907;9777.115;9750.229;9754.93;0.93442;GBR.IDXEUR
2024-09-10 09:00:00;9755.053;9774.218;9738.021;9763.253;0.78324;GBR.IDXEUR
2024-09-10 10:00:00;9763.253;9771.223;9748.079;9752.617;0.43182;GBR.IDXEUR
2024-09-10 11:00:00;9752.045;9764.928;9747.238;9758.549;0.34696;GBR.IDXEUR
2024-09-10 12:00:00;9758.507;9781.799;9754.723;9779.359;0.58646;GBR.IDXEUR
2024-09-10 13:00:00;9779.014;9779.485;9732.347;9737.086;1.28098;GBR.IDXEUR
2024-09-10 14:00:00;9736.856;9736.856;9705.409;9721.528;0.85384;GBR.IDXEUR
2024-09-10 15:00:00;9721.297;9737.152;9694.737;9695.922;0.57251;GBR.IDXEUR
2024-09-10 16:00:00;9696.514;9705.806;9684.299;9698.145;0.3465;GBR.IDXEUR
2024-09-10 17:00:00;9698.163;9712.036;9689.925;9711.233;0.25866;GBR.IDXEUR
2024-09-10 18:00:00;9711.255;9744.737;9711.255;9743.578;0.24822;GBR.IDXEUR
2024-09-10 19:00:00;9743.104;9761.099;9741.424;9757.054;0.22548;GBR.IDXEUR
2024-09-10 20:00:00;9757.288;9759.349;9750.63;9755.405;0.026604;GBR.IDXEUR
2024-09-10 22:00:00;9746.611;9753.322;9744.441;9751.754;0.07142;GBR.IDXEUR
2024-09-10 23:00:00;9751.638;9755.177;9744.188;9746.772;0.051355;GBR.IDXEUR
2024-09-11 00:00:00;9746.772;9753.226;9737.346;9739.483;0.098256;GBR.IDXEUR
2024-09-11 01:00:00;9739.483;9741.11;9712.914;9726.135;0.191441;GBR.IDXEUR
2024-09-11 02:00:00;9726.092;9738.751;9725.295;9735.793;0.151728;GBR.IDXEUR
2024-09-11 03:00:00;9735.793;9738.172;9720.521;9731.318;0.093912;GBR.IDXEUR
2024-09-11 04:00:00;9731.279;9732.125;9717.662;9722.199;0.101232;GBR.IDXEUR
2024-09-11 05:00:00;9722.537;9729.069;9711.389;9725.967;0.072778;GBR.IDXEUR
2024-09-11 06:00:00;9725.505;9753.271;9721.253;9735.777;0.286168;GBR.IDXEUR
2024-09-11 07:00:00;9736.007;9746.465;9721.773;9723.205;1.11193;GBR.IDXEUR
2024-09-11 08:00:00;9723.091;9728.093;9690.052;9709.365;1.07256;GBR.IDXEUR
2024-09-11 09:00:00;9709.143;9721.704;9704.49;9716.017;0.80634;GBR.IDXEUR
2024-09-11 10:00:00;9716.031;9729.356;9715.09;9726.925;0.78616;GBR.IDXEUR
2024-09-11 11:00:00;9726.542;9745.316;9720.039;9740.752;0.74332;GBR.IDXEUR
2024-09-11 12:00:00;9740.76;9752.085;9718.708;9746.266;1.87436;GBR.IDXEUR
2024-09-11 13:00:00;9746.004;9763.279;9702.104;9703.055;1.7393;GBR.IDXEUR
2024-09-11 14:00:00;9702.68;9706.728;9651.709;9672.312;2.60612;GBR.IDXEUR
2024-09-11 15:00:00;9672.658;9712.606;9666.644;9707.021;2.1219;GBR.IDXEUR
2024-09-11 16:00:00;9707.251;9741.513;9704.159;9734.537;1.54156;GBR.IDXEUR
2024-09-11 17:00:00;9736.045;9764.431;9735.491;9755.251;1.23478;GBR.IDXEUR
2024-09-11 18:00:00;9754.989;9776.808;9752.181;9764.878;1.0691;GBR.IDXEUR
2024-09-11 19:00:00;9764.994;9787.065;9761.794;9778.927;1.24148;GBR.IDXEUR
2024-09-11 20:00:00;9778.604;9787.073;9771.235;9776.329;0.060009;GBR.IDXEUR
2024-09-11 22:00:00;9774.721;9777.766;9768.824;9774.106;0.094783;GBR.IDXEUR
2024-09-11 23:00:00;9774.605;9776.184;9768.25;9774.268;0.080386;GBR.IDXEUR
2024-09-12 00:00:00;9778.772;9796.989;9778.772;9787.64;0.328848;GBR.IDXEUR
2024-09-12 01:00:00;9787.987;9796.098;9779.662;9793.484;0.437126;GBR.IDXEUR
2024-09-12 02:00:00;9793.484;9794.069;9781.437;9787.303;0.440722;GBR.IDXEUR
2024-09-12 03:00:00;9787.32;9805.42;9783.653;9804.363;0.353424;GBR.IDXEUR
2024-09-12 04:00:00;9804.323;9807.754;9799.615;9807.511;0.267724;GBR.IDXEUR
2024-09-12 05:00:00;9807.394;9820.931;9806.327;9814.034;0.198998;GBR.IDXEUR
2024-09-12 06:00:00;9814.382;9832.299;9812.812;9824.78;0.471088;GBR.IDXEUR
2024-09-12 07:00:00;9824.663;9839.426;9802.315;9804.161;1.03378;GBR.IDXEUR
2024-09-12 08:00:00;9804.161;9804.161;9768.748;9778.996;0.7223;GBR.IDXEUR
2024-09-12 09:00:00;9779.112;9799.549;9776.39;9790.871;0.50018;GBR.IDXEUR
2024-09-12 10:00:00;9790.755;9797.368;9777.136;9777.29;0.6546;GBR.IDXEUR
2024-09-12 11:00:00;9777.058;9788.628;9771.813;9785.615;0.93358;GBR.IDXEUR
2024-09-12 12:00:00;9785.731;9801.403;9757.638;9764.975;1.40874;GBR.IDXEUR
2024-09-12 13:00:00;9765.557;9770.391;9722.508;9726.94;2.47308;GBR.IDXEUR
2024-09-12 14:00:00;9726.94;9761.874;9721.369;9749.421;2.01936;GBR.IDXEUR
2024-09-12 15:00:00;9749.436;9773.314;9748.838;9756.855;1.72187;GBR.IDXEUR
2024-09-12 16:00:00;9756.624;9796.151;9755.085;9791.871;1.0296;GBR.IDXEUR
2024-09-12 17:00:00;9791.639;9807.361;9788.776;9799.766;1.06986;GBR.IDXEUR
2024-09-12 18:00:00;9799.389;9803.722;9766.999;9785.577;1.19122;GBR.IDXEUR
2024-09-12 19:00:00;9785.461;9791.674;9779.926;9791.196;1.14568;GBR.IDXEUR
2024-09-12 20:00:00;9791.507;9791.624;9772.154;9777.323;0.048662;GBR.IDXEUR
2024-09-12 22:00:00;9780.045;9796.46;9780.045;9794.319;0.051349;GBR.IDXEUR
2024-09-12 23:00:00;9794.061;9803.929;9794.061;9798.675;0.12028;GBR.IDXEUR
2024-09-13 00:00:00;9799.901;9804.381;9788.367;9792.245;0.130429;GBR.IDXEUR
2024-09-13 01:00:00;9792.245;9792.989;9772.666;9775.769;0.115841;GBR.IDXEUR
2024-09-13 02:00:00;9775.769;9778.829;9765.998;9770.109;0.082738;GBR.IDXEUR
2024-09-13 03:00:00;9769.975;9777.063;9769.266;9774.172;0.073501;GBR.IDXEUR
2024-09-13 04:00:00;9774.404;9774.992;9768.243;9773.084;0.05822;GBR.IDXEUR
2024-09-13 05:00:00;9773.084;9785.196;9772.011;9775.344;0.076631;GBR.IDXEUR
2024-09-13 06:00:00;9775.46;9787.538;9765.617;9770.937;0.286379;GBR.IDXEUR
2024-09-13 07:00:00;9770.937;9796.851;9761.426;9761.426;0.98632;GBR.IDXEUR
2024-09-13 08:00:00;9761.394;9774.023;9751.084;9758.974;1.13288;GBR.IDXEUR
2024-09-13 09:00:00;9758.743;9778.742;9756.132;9772.986;0.80829;GBR.IDXEUR
2024-09-13 10:00:00;9772.639;9787.896;9769.232;9787.291;0.91288;GBR.IDXEUR
2024-09-13 11:00:00;9787.754;9790.161;9774.97;9782.421;1.12404;GBR.IDXEUR
2024-09-13 12:00:00;9782.305;9788.491;9773.807;9782.671;1.04084;GBR.IDXEUR
2024-09-13 13:00:00;9782.669;9816.986;9773.684;9813.657;1.27134;GBR.IDXEUR
2024-09-13 14:00:00;9812.721;9828.581;9802.367;9817.433;0.82036;GBR.IDXEUR
2024-09-13 15:00:00;9817.549;9818.776;9798.807;9815.442;0.41723;GBR.IDXEUR
2024-09-13 16:00:00;9815.442;9817.94;9801.322;9802.018;0.24192;GBR.IDXEUR
2024-09-13 17:00:00;9802.04;9814.929;9800.819;9806.439;0.1776;GBR.IDXEUR
2024-09-13 18:00:00;9806.439;9808.575;9793.024;9797.84;0.2799;GBR.IDXEUR
2024-09-13 19:00:00;9797.724;9813.167;9793.071;9813.167;0.24498;GBR.IDXEUR
2024-09-13 20:00:00;9812.922;9812.922;9812.922;9812.922;0.0002;GBR.IDXEUR
2024-09-15 22:00:00;9805.622;9810.213;9793.149;9804.242;0.111573;GBR.IDXEUR
2024-09-15 23:00:00;9804.359;9818.992;9803.153;9815.23;0.070994;GBR.IDXEUR
2024-09-16 00:00:00;9815.127;9820.143;9808.464;9812.613;0.194425;GBR.IDXEUR
2024-09-16 01:00:00;9812.609;9813.354;9799.532;9804.652;0.247709;GBR.IDXEUR
2024-09-16 02:00:00;9804.659;9808.215;9802.476;9807.492;0.176946;GBR.IDXEUR
2024-09-16 03:00:00;9807.712;9811.105;9804.606;9805.174;0.243012;GBR.IDXEUR
2024-09-16 04:00:00;9805.406;9813.019;9805.29;9811.092;0.187418;GBR.IDXEUR
2024-09-16 05:00:00;9811.092;9812.06;9803.473;9806.392;0.177408;GBR.IDXEUR
2024-09-16 06:00:00;9806.392;9808.133;9774.567;9777.753;0.536906;GBR.IDXEUR
2024-09-16 07:00:00;9779.572;9811.938;9769.97;9811.046;0.91104;GBR.IDXEUR
2024-09-16 08:00:00;9810.421;9811.509;9795.699;9805.214;0.81054;GBR.IDXEUR
2024-09-16 09:00:00;9804.589;9810.503;9795.515;9798.117;0.82034;GBR.IDXEUR
2024-09-16 10:00:00;9798.146;9815.897;9794.901;9804.041;0.88478;GBR.IDXEUR
2024-09-16 11:00:00;9803.808;9819.751;9803.326;9816.996;0.44238;GBR.IDXEUR
2024-09-16 12:00:00;9816.647;9823.459;9801.648;9810.924;1.06658;GBR.IDXEUR
2024-09-16 13:00:00;9811.04;9836.791;9801.673;9828.685;1.67244;GBR.IDXEUR
2024-09-16 14:00:00;9828.326;9840.601;9808.677;9832.81;1.23128;GBR.IDXEUR
2024-09-16 15:00:00;9832.927;9841.697;9816.822;9837.748;0.40949;GBR.IDXEUR
2024-09-16 16:00:00;9837.748;9848.334;9832.77;9845.819;0.25494;GBR.IDXEUR
2024-09-16 17:00:00;9845.936;9859.419;9844.636;9858.364;0.2145;GBR.IDXEUR
2024-09-16 18:00:00;9858.13;9861.29;9850.36;9860.326;0.1752;GBR.IDXEUR
2024-09-16 19:00:00;9860.091;9871.183;9853.221;9869.523;0.41159;GBR.IDXEUR
2024-09-16 20:00:00;9869.3;9869.534;9858.106;9858.712;0.06291;GBR.IDXEUR
2024-09-16 22:00:00;9857.56;9866.446;9856.247;9860.265;0.075985;GBR.IDXEUR
2024-09-16 23:00:00;9860.499;9864.392;9855.131;9857.483;0.107922;GBR.IDXEUR
2024-09-17 00:00:00;9870.121;9872.0;9853.62;9859.212;0.074163;GBR.IDXEUR
2024-09-17 01:00:00;9859.329;9871.084;9854.34;9870.688;0.094892;GBR.IDXEUR
2024-09-17 02:00:00;9870.923;9871.643;9859.565;9868.815;0.08677;GBR.IDXEUR
2024-09-17 03:00:00;9868.815;9878.443;9868.374;9874.997;0.06697;GBR.IDXEUR
2024-09-17 04:00:00;9874.997;9879.751;9872.734;9878.547;0.052237;GBR.IDXEUR
2024-09-17 05:00:00;9878.43;9881.859;9867.772;9880.356;0.05496;GBR.IDXEUR
2024-09-17 06:00:00;9880.122;9895.901;9877.459;9891.778;0.261202;GBR.IDXEUR
2024-09-17 07:00:00;9891.778;9914.739;9887.619;9894.8;0.57014;GBR.IDXEUR
2024-09-17 08:00:00;9895.035;9907.531;9890.319;9898.604;0.3654;GBR.IDXEUR
2024-09-17 09:00:00;9898.721;9910.451;9894.061;9898.268;0.54223;GBR.IDXEUR
2024-09-17 10:00:00;9898.268;9905.248;9888.566;9891.762;0.33386;GBR.IDXEUR
2024-09-17 11:00:00;9891.627;9896.321;9878.825;9892.318;0.54196;GBR.IDXEUR
2024-09-17 12:00:00;9892.318;9908.735;9880.018;9891.768;1.08128;GBR.IDXEUR
2024-09-17 13:00:00;9891.221;9891.852;9850.527;9852.497;1.459;GBR.IDXEUR
2024-09-17 14:00:00;9852.117;9874.447;9839.709;9853.112;1.8462;GBR.IDXEUR
2024-09-17 15:00:00;9853.451;9857.555;9829.498;9831.262;1.44399;GBR.IDXEUR
2024-09-17 16:00:00;9831.494;9831.494;9784.791;9792.312;1.3189;GBR.IDXEUR
2024-09-17 17:00:00;9793.697;9811.063;9790.893;9808.572;1.14018;GBR.IDXEUR
2024-09-17 18:00:00;9808.688;9814.46;9802.875;9810.9;0.9118;GBR.IDXEUR
2024-09-17 19:00:00;9810.9;9820.932;9802.391;9819.865;0.90034;GBR.IDXEUR
2024-09-17 20:00:00;9819.865;9820.925;9814.753;9819.248;0.046244;GBR.IDXEUR
2024-09-17 22:00:00;9812.998;9819.789;9811.748;9813.77;0.049476;GBR.IDXEUR
2024-09-17 23:00:00;9814.002;9824.53;9811.046;9824.53;0.045504;GBR.IDXEUR
2024-09-18 00:00:00;9824.062;9828.886;9811.328;9827.056;0.04157;GBR.IDXEUR
2024-09-18 01:00:00;9827.172;9827.521;9813.794;9816.415;0.077;GBR.IDXEUR
2024-09-18 02:00:00;9816.182;9820.191;9813.385;9814.694;0.10225;GBR.IDXEUR
2024-09-18 03:00:00;9814.81;9817.285;9808.772;9810.541;0.293023;GBR.IDXEUR
2024-09-18 04:00:00;9810.541;9818.212;9810.059;9813.954;0.190251;GBR.IDXEUR
2024-09-18 05:00:00;9814.07;9822.37;9809.345;9817.525;0.151706;GBR.IDXEUR
2024-09-18 06:00:00;9817.061;9836.672;9813.227;9834.685;0.825001;GBR.IDXEUR
2024-09-18 07:00:00;9834.462;9844.706;9821.163;9829.057;1.05608;GBR.IDXEUR
2024-09-18 08:00:00;9828.941;9831.631;9805.812;9821.885;0.81357;GBR.IDXEUR
2024-09-18 09:00:00;9822.193;9822.193;9803.655;9811.388;0.67551;GBR.IDXEUR
2024-09-18 10:00:00;9811.66;9812.329;9795.189;9795.189;0.51294;GBR.IDXEUR
2024-09-18 11:00:00;9794.977;9815.238;9794.362;9811.303;0.5439;GBR.IDXEUR
2024-09-18 12:00:00;9811.186;9832.806;9800.672;9832.431;0.68002;GBR.IDXEUR
2024-09-18 13:00:00;9831.573;9832.944;9812.023;9816.176;0.96674;GBR.IDXEUR
2024-09-18 14:00:00;9816.293;9823.943;9802.964;9807.683;1.5698;GBR.IDXEUR
2024-09-18 15:00:00;9807.927;9811.486;9784.924;9785.753;1.16736;GBR.IDXEUR
2024-09-18 16:00:00;9785.161;9806.053;9780.216;9805.193;0.82008;GBR.IDXEUR
2024-09-18 17:00:00;9805.077;9817.592;9802.958;9806.375;0.75276;GBR.IDXEUR
2024-09-18 18:00:00;9806.375;9850.589;9805.755;9821.622;3.15268;GBR.IDXEUR
2024-09-18 19:00:00;9821.972;9843.662;9799.532;9812.691;3.70416;GBR.IDXEUR
2024-09-18 20:00:00;9808.883;9833.123;9802.166;9827.855;0.098191;GBR.IDXEUR
2024-09-18 22:00:00;9828.28;9841.186;9822.699;9834.292;0.164754;GBR.IDXEUR
2024-09-18 23:00:00;9834.869;9863.333;9817.874;9863.238;0.188611;GBR.IDXEUR
2024-09-19 00:00:00;9847.866;9874.344;9845.878;9850.517;0.17202;GBR.IDXEUR
2024-09-19 01:00:00;9850.539;9866.597;9840.352;9865.775;0.176412;GBR.IDXEUR
2024-09-19 02:00:00;9865.54;9902.624;9865.54;9893.597;0.121307;GBR.IDXEUR
2024-09-19 03:00:00;9893.715;9898.326;9882.778;9893.824;0.118432;GBR.IDXEUR
2024-09-19 04:00:00;9893.941;9898.264;9889.12;9897.682;0.074273;GBR.IDXEUR
2024-09-19 05:00:00;9897.792;9899.198;9878.512;9883.762;0.080097;GBR.IDXEUR
2024-09-19 06:00:00;9883.524;9916.184;9874.797;9904.566;0.592836;GBR.IDXEUR
2024-09-19 07:00:00;9905.161;9912.066;9872.105;9893.809;1.28452;GBR.IDXEUR
2024-09-19 08:00:00;9894.426;9913.762;9882.427;9899.568;0.9748;GBR.IDXEUR
2024-09-19 09:00:00;9899.568;9927.056;9893.53;9922.628;0.73518;GBR.IDXEUR
2024-09-19 10:00:00;9922.05;9943.583;9920.763;9934.68;0.84566;GBR.IDXEUR
2024-09-19 11:00:00;9934.444;9942.409;9913.604;9931.331;0.89696;GBR.IDXEUR
2024-09-19 12:00:00;9931.331;9941.973;9915.159;9916.335;1.07504;GBR.IDXEUR
2024-09-19 13:00:00;9917.234;9924.741;9871.316;9891.844;1.19366;GBR.IDXEUR
2024-09-19 14:00:00;9891.505;9906.842;9879.64;9898.011;1.55658;GBR.IDXEUR
2024-09-19 15:00:00;9898.129;9931.874;9895.279;9922.962;0.85802;GBR.IDXEUR
2024-09-19 16:00:00;9922.962;9926.882;9907.99;9911.569;0.29444;GBR.IDXEUR
2024-09-19 17:00:00;9911.451;9923.366;9907.698;9920.593;0.2232;GBR.IDXEUR
2024-09-19 18:00:00;9920.239;9921.453;9901.503;9913.75;0.17122;GBR.IDXEUR
2024-09-19 19:00:00;9911.051;9914.817;9896.806;9905.652;0.1809;GBR.IDXEUR
2024-09-19 20:00:00;9903.543;9904.001;9892.097;9892.587;0.054424;GBR.IDXEUR
2024-09-19 22:00:00;9895.409;9903.054;9888.155;9897.791;0.069324;GBR.IDXEUR
2024-09-19 23:00:00;9897.673;9904.692;9894.093;9895.389;0.035448;GBR.IDXEUR
2024-09-20 00:00:00;9898.471;9898.498;9881.87;9883.398;0.08412;GBR.IDXEUR
2024-09-20 01:00:00;9883.398;9884.729;9862.455;9880.021;0.089016;GBR.IDXEUR
2024-09-20 02:00:00;9880.046;9883.52;9866.843;9869.399;0.092688;GBR.IDXEUR
2024-09-20 03:00:00;9869.427;9876.173;9863.888;9870.958;0.082032;GBR.IDXEUR
2024-09-20 04:00:00;9870.93;9881.654;9868.305;9876.077;0.079488;GBR.IDXEUR
2024-09-20 05:00:00;9876.195;9876.748;9857.099;9861.565;0.088584;GBR.IDXEUR
2024-09-20 06:00:00;9860.978;9880.823;9857.42;9873.651;0.382426;GBR.IDXEUR
2024-09-20 07:00:00;9873.608;9890.401;9866.982;9883.851;0.87771;GBR.IDXEUR
2024-09-20 08:00:00;9883.851;9886.965;9862.411;9877.523;0.64852;GBR.IDXEUR
2024-09-20 09:00:00;9877.331;9877.331;9833.799;9854.193;1.36363;GBR.IDXEUR
2024-09-20 10:00:00;9854.438;9881.311;9844.224;9872.627;0.85174;GBR.IDXEUR
2024-09-20 11:00:00;9872.627;9877.729;9837.136;9843.548;0.63333;GBR.IDXEUR
2024-09-20 12:00:00;9843.576;9851.342;9826.431;9827.425;0.41322;GBR.IDXEUR
2024-09-20 13:00:00;9827.067;9834.804;9794.011;9797.112;0.70656;GBR.IDXEUR
2024-09-20 14:00:00;9796.488;9830.745;9793.04;9818.649;0.72471;GBR.IDXEUR
2024-09-20 15:00:00;9818.41;9823.876;9785.749;9787.898;1.768;GBR.IDXEUR
2024-09-20 16:00:00;9787.898;9788.132;9775.408;9783.292;1.26144;GBR.IDXEUR
2024-09-20 17:00:00;9783.526;9797.064;9775.718;9793.478;0.9148;GBR.IDXEUR
2024-09-20 18:00:00;9793.361;9796.888;9778.597;9792.953;0.8928;GBR.IDXEUR
2024-09-20 19:00:00;9794.106;9805.534;9778.958;9787.179;0.89244;GBR.IDXEUR
2024-09-20 20:00:00;9787.529;9788.677;9787.296;9788.327;0.00108;GBR.IDXEUR
2024-09-22 22:00:00;9778.888;9794.701;9775.149;9791.752;0.041544;GBR.IDXEUR
2024-09-22 23:00:00;9791.383;9799.285;9784.78;9791.576;0.046596;GBR.IDXEUR
2024-09-23 00:00:00;9791.693;9825.892;9789.103;9824.614;0.050532;GBR.IDXEUR
2024-09-23 01:00:00;9825.434;9834.707;9818.376;9825.643;0.050772;GBR.IDXEUR
2024-09-23 02:00:00;9826.251;9834.625;9822.917;9832.022;0.060108;GBR.IDXEUR
2024-09-23 03:00:00;9832.633;9846.1;9831.922;9839.82;0.043548;GBR.IDXEUR
2024-09-23 04:00:00;9839.817;9851.216;9838.269;9845.84;0.0543;GBR.IDXEUR
2024-09-23 05:00:00;9845.957;9848.572;9834.427;9837.686;0.05112;GBR.IDXEUR
2024-09-23 06:00:00;9838.156;9838.746;9812.944;9813.177;0.814298;GBR.IDXEUR
2024-09-23 07:00:00;9813.177;9864.371;9794.713;9862.618;1.59641;GBR.IDXEUR
2024-09-23 08:00:00;9862.5;9872.017;9845.706;9864.864;1.1199;GBR.IDXEUR
2024-09-23 09:00:00;9864.982;9865.82;9828.664;9845.272;1.34646;GBR.IDXEUR
2024-09-23 10:00:00;9844.898;9853.84;9833.851;9834.418;1.36454;GBR.IDXEUR
2024-09-23 11:00:00;9834.418;9840.538;9824.25;9835.229;1.15754;GBR.IDXEUR
2024-09-23 12:00:00;9835.233;9867.812;9834.264;9866.595;0.75032;GBR.IDXEUR
2024-09-23 13:00:00;9866.477;9892.6;9858.718;9888.662;0.66704;GBR.IDXEUR
2024-09-23 14:00:00;9888.662;9908.684;9881.749;9906.903;0.7093;GBR.IDXEUR
2024-09-23 15:00:00;9906.784;9910.701;9892.364;9895.092;0.43706;GBR.IDXEUR
2024-09-23 16:00:00;9895.448;9901.719;9881.524;9900.998;0.33522;GBR.IDXEUR
2024-09-23 17:00:00;9901.235;9917.859;9897.269;9917.254;0.1932;GBR.IDXEUR
2024-09-23 18:00:00;9917.275;9925.03;9914.477;9923.002;0.13272;GBR.IDXEUR
2024-09-23 19:00:00;9922.479;9928.622;9918.296;9925.149;0.20844;GBR.IDXEUR
2024-09-23 20:00:00;9925.268;9928.83;9919.871;9922.512;0.018112;GBR.IDXEUR
2024-09-23 22:00:00;9921.902;9923.182;9916.233;9919.585;0.028872;GBR.IDXEUR
2024-09-23 23:00:00;9919.705;9923.799;9915.722;9921.53;0.023616;GBR.IDXEUR
2024-09-24 00:00:00;9920.666;9930.616;9911.731;9912.487;0.097944;GBR.IDXEUR
2024-09-24 01:00:00;9912.963;9942.492;9912.485;9919.801;0.118344;GBR.IDXEUR
2024-09-24 02:00:00;9919.801;9923.895;9912.232;9917.015;0.080328;GBR.IDXEUR
2024-09-24 03:00:00;9917.008;9927.265;9916.282;9925.587;0.09468;GBR.IDXEUR
2024-09-24 04:00:00;9925.566;9948.522;9923.647;9947.066;0.0906;GBR.IDXEUR
2024-09-24 05:00:00;9947.305;9966.283;9947.305;9959.578;0.115836;GBR.IDXEUR
2024-09-24 06:00:00;9960.057;9992.245;9955.002;9978.872;0.36154;GBR.IDXEUR
2024-09-24 07:00:00;9980.082;9984.333;9939.233;9959.978;1.02313;GBR.IDXEUR
2024-09-24 08:00:00;9960.098;9969.369;9934.427;9952.383;0.98354;GBR.IDXEUR
2024-09-24 09:00:00;9952.264;9958.851;9929.501;9958.034;1.18992;GBR.IDXEUR
2024-09-24 10:00:00;9958.16;9966.055;9944.468;9957.88;0.89168;GBR.IDXEUR
2024-09-24 11:00:00;9958.168;9959.235;9934.619;9938.669;0.86516;GBR.IDXEUR
2024-09-24 12:00:00;9938.908;9951.518;9929.931;9946.595;1.08994;GBR.IDXEUR
2024-09-24 13:00:00;9947.08;9956.063;9930.003;9936.888;0.96498;GBR.IDXEUR
2024-09-24 14:00:00;9937.604;9945.1;9920.625;9941.457;1.51282;GBR.IDXEUR
2024-09-24 15:00:00;9941.576;9947.863;9929.053;9931.674;0.50643;GBR.IDXEUR
2024-09-24 16:00:00;9931.674;9933.927;9921.669;9924.697;0.20418;GBR.IDXEUR
2024-09-24 17:00:00;9924.718;9935.001;9915.1;9915.817;0.17004;GBR.IDXEUR
2024-09-24 18:00:00;9916.156;9927.347;9914.709;9922.518;0.31482;GBR.IDXEUR
2024-09-24 19:00:00;9922.198;9927.336;9914.631;9915.71;0.37236;GBR.IDXEUR
2024-09-24 20:00:00;9915.948;9916.186;9905.83;9907.548;0.050978;GBR.IDXEUR
2024-09-24 22:00:00;9909.286;9912.858;9907.466;9910.671;0.030504;GBR.IDXEUR
2024-09-24 23:00:00;9910.671;9915.003;9908.972;9909.21;0.02328;GBR.IDXEUR
2024-09-25 00:00:00;9913.085;9920.897;9899.436;9901.584;0.08484;GBR.IDXEUR
2024-09-25 01:00:00;9901.703;9904.027;9873.827;9873.939;0.117132;GBR.IDXEUR
2024-09-25 02:00:00;9873.702;9887.006;9868.931;9875.391;0.09528;GBR.IDXEUR
2024-09-25 03:00:00;9875.391;9881.39;9866.413;9873.144;0.078756;GBR.IDXEUR
2024-09-25 04:00:00;9873.144;9883.486;9869.649;9879.391;0.075372;GBR.IDXEUR
2024-09-25 05:00:00;9879.119;9884.283;9856.435;9861.351;0.058884;GBR.IDXEUR
2024-09-25 06:00:00;9861.233;9876.809;9853.459;9862.131;0.39277;GBR.IDXEUR
2024-09-25 07:00:00;9862.131;9898.505;9862.121;9898.025;1.52151;GBR.IDXEUR
2024-09-25 08:00:00;9897.531;9927.093;9894.523;9918.95;1.03462;GBR.IDXEUR
2024-09-25 09:00:00;9919.069;9919.481;9905.831;9915.535;0.89938;GBR.IDXEUR
2024-09-25 10:00:00;9915.772;9937.705;9914.699;9937.705;0.65372;GBR.IDXEUR
2024-09-25 11:00:00;9937.471;9940.901;9923.973;9925.508;0.8049;GBR.IDXEUR
2024-09-25 12:00:00;9925.899;9930.422;9912.746;9917.695;1.29582;GBR.IDXEUR
2024-09-25 13:00:00;9917.576;9917.576;9879.157;9889.504;1.19265;GBR.IDXEUR
2024-09-25 14:00:00;9890.836;9899.714;9879.307;9888.249;1.52032;GBR.IDXEUR
2024-09-25 15:00:00;9888.604;9905.646;9884.798;9896.054;1.18093;GBR.IDXEUR
2024-09-25 16:00:00;9896.054;9908.231;9892.903;9902.021;0.61263;GBR.IDXEUR
2024-09-25 17:00:00;9902.021;9908.016;9886.572;9901.072;0.45397;GBR.IDXEUR
2024-09-25 18:00:00;9901.072;9905.88;9894.511;9898.499;0.3752;GBR.IDXEUR
2024-09-25 19:00:00;9898.735;9902.061;9888.195;9896.199;0.19372;GBR.IDXEUR
2024-09-25 20:00:00;9894.181;9901.805;9892.121;9897.083;0.05501;GBR.IDXEUR
2024-09-25 22:00:00;9892.504;9897.472;9886.658;9893.122;0.052392;GBR.IDXEUR
2024-09-25 23:00:00;9893.359;9905.834;9891.295;9899.441;0.058848;GBR.IDXEUR
2024-09-26 00:00:00;9899.296;9917.537;9896.803;9911.817;0.092064;GBR.IDXEUR
2024-09-26 01:00:00;9911.809;9921.485;9904.05;9919.446;0.091704;GBR.IDXEUR
2024-09-26 02:00:00;9919.718;9924.991;9916.828;9920.758;0.073392;GBR.IDXEUR
2024-09-26 03:00:00;9920.178;9932.748;9915.595;9929.237;0.095808;GBR.IDXEUR
2024-09-26 04:00:00;9929.237;9930.686;9919.538;9924.47;0.063888;GBR.IDXEUR
2024-09-26 05:00:00;9924.332;9955.139;9920.774;9949.739;0.067512;GBR.IDXEUR
2024-09-26 06:00:00;9950.091;9968.208;9945.291;9955.382;0.498684;GBR.IDXEUR
2024-09-26 07:00:00;9955.724;9970.466;9936.469;9960.173;0.89171;GBR.IDXEUR
2024-09-26 08:00:00;9960.173;9975.043;9944.586;9947.612;1.04953;GBR.IDXEUR
2024-09-26 09:00:00;9947.612;9950.828;9936.133;9950.23;0.83852;GBR.IDXEUR
2024-09-26 10:00:00;9949.992;9954.535;9926.966;9933.652;0.75863;GBR.IDXEUR
2024-09-26 11:00:00;9933.356;9942.011;9927.444;9931.09;0.83875;GBR.IDXEUR
2024-09-26 12:00:00;9931.209;9942.443;9918.748;9932.52;1.06407;GBR.IDXEUR
2024-09-26 13:00:00;9932.213;9953.473;9928.848;9952.887;1.29973;GBR.IDXEUR
2024-09-26 14:00:00;9952.768;9961.876;9907.006;9926.465;1.11967;GBR.IDXEUR
2024-09-26 15:00:00;9926.584;9947.205;9925.951;9944.52;0.66829;GBR.IDXEUR
2024-09-26 16:00:00;9944.162;9952.224;9941.567;9945.262;0.2639;GBR.IDXEUR
2024-09-26 17:00:00;9945.025;9948.633;9934.807;9947.453;0.21531;GBR.IDXEUR
2024-09-26 18:00:00;9947.446;9954.141;9945.66;9950.582;0.16259;GBR.IDXEUR
2024-09-26 19:00:00;9950.811;9953.442;9934.392;9942.642;0.15953;GBR.IDXEUR
2024-09-26 20:00:00;9942.762;9944.073;9937.57;9940.536;0.0625;GBR.IDXEUR
2024-09-26 22:00:00;9939.562;9952.916;9939.562;9946.21;0.13248;GBR.IDXEUR
2024-09-26 23:00:00;9945.971;9947.671;9933.979;9940.509;0.076092;GBR.IDXEUR
2024-09-27 00:00:00;9940.13;9944.481;9925.04;9936.183;0.103956;GBR.IDXEUR
2024-09-27 01:00:00;9935.219;9941.362;9918.466;9922.403;0.136344;GBR.IDXEUR
2024-09-27 02:00:00;9922.284;9925.435;9915.936;9924.115;0.116256;GBR.IDXEUR
2024-09-27 03:00:00;9924.234;9935.275;9918.382;9934.66;0.100584;GBR.IDXEUR
2024-09-27 04:00:00;9934.541;9948.96;9933.598;9947.995;0.112992;GBR.IDXEUR
2024-09-27 05:00:00;9947.974;9954.0;9933.469;9942.811;0.123012;GBR.IDXEUR
2024-09-27 06:00:00;9943.201;9955.461;9932.091;9952.337;0.413732;GBR.IDXEUR
2024-09-27 07:00:00;9953.054;9972.239;9951.99;9959.339;0.68191;GBR.IDXEUR
2024-09-27 08:00:00;9959.458;9983.069;9959.339;9970.756;0.80128;GBR.IDXEUR
2024-09-27 09:00:00;9970.876;9985.398;9969.3;9973.626;0.43687;GBR.IDXEUR
2024-09-27 10:00:00;9973.034;9986.774;9972.625;9976.916;0.64963;GBR.IDXEUR
2024-09-27 11:00:00;9977.326;10000.439;9973.479;9977.752;0.5117;GBR.IDXEUR
2024-09-27 12:00:00;9977.464;9985.411;9952.121;9957.253;1.38305;GBR.IDXEUR
2024-09-27 13:00:00;9957.492;9965.479;9939.463;9962.152;1.42827;GBR.IDXEUR
2024-09-27 14:00:00;9961.675;9997.326;9958.538;9986.66;0.59058;GBR.IDXEUR
2024-09-27 15:00:00;9986.768;9998.393;9977.539;9985.759;0.71479;GBR.IDXEUR
2024-09-27 16:00:00;9985.325;9986.383;9972.484;9982.476;0.65893;GBR.IDXEUR
2024-09-27 17:00:00;9982.596;9986.97;9961.323;9964.585;0.57774;GBR.IDXEUR
2024-09-27 18:00:00;9964.466;9967.483;9947.356;9962.817;0.59416;GBR.IDXEUR
2024-09-27 19:00:00;9962.784;9964.122;9937.792;9943.516;0.50646;GBR.IDXEUR
2024-09-27 20:00:00;9943.512;9943.512;9943.393;9943.393;0.00034;GBR.IDXEUR
2024-09-29 22:00:00;9929.005;9950.538;9927.724;9948.676;0.053736;GBR.IDXEUR
2024-09-29 23:00:00;9948.676;9964.002;9947.368;9956.353;0.076128;GBR.IDXEUR
2024-09-30 00:00:00;9956.472;9979.319;9945.766;9955.123;0.10266;GBR.IDXEUR
2024-09-30 01:00:00;9955.123;9966.724;9945.008;9956.258;0.16416;GBR.IDXEUR
2024-09-30 02:00:00;9956.509;9966.945;9951.249;9966.231;0.138072;GBR.IDXEUR
2024-09-30 03:00:00;9966.231;9984.441;9966.231;9983.383;0.100176;GBR.IDXEUR
2024-09-30 04:00:00;9983.502;9985.179;9970.413;9973.053;0.081408;GBR.IDXEUR
2024-09-30 05:00:00;9973.173;9973.998;9960.222;9965.979;0.088392;GBR.IDXEUR
2024-09-30 06:00:00;9965.621;9967.799;9935.441;9943.456;0.673312;GBR.IDXEUR
2024-09-30 07:00:00;9942.175;9979.874;9942.175;9953.526;0.88561;GBR.IDXEUR
2024-09-30 08:00:00;9952.93;9952.93;9910.249;9916.12;0.76145;GBR.IDXEUR
2024-09-30 09:00:00;9915.764;9935.832;9901.744;9922.121;0.45623;GBR.IDXEUR
2024-09-30 10:00:00;9922.121;9923.537;9900.446;9907.043;0.34504;GBR.IDXEUR
2024-09-30 11:00:00;9907.18;9908.148;9879.771;9887.893;0.70058;GBR.IDXEUR
2024-09-30 12:00:00;9887.893;9906.841;9885.31;9899.215;0.39359;GBR.IDXEUR
2024-09-30 13:00:00;9897.945;9923.112;9892.704;9908.715;0.71085;GBR.IDXEUR
2024-09-30 14:00:00;9908.834;9921.988;9899.173;9912.807;1.50251;GBR.IDXEUR
2024-09-30 15:00:00;9912.568;9917.13;9890.859;9896.772;1.31637;GBR.IDXEUR
2024-09-30 16:00:00;9896.653;9906.158;9893.622;9904.233;0.70074;GBR.IDXEUR
2024-09-30 17:00:00;9904.233;9904.233;9887.05;9895.448;0.5314;GBR.IDXEUR
2024-09-30 18:00:00;9895.567;9911.599;9882.117;9905.755;1.32334;GBR.IDXEUR
2024-09-30 19:00:00;9905.755;9925.104;9898.623;9914.036;0.85664;GBR.IDXEUR
2024-09-30 20:00:00;9913.917;9922.579;9905.763;9907.068;0.035088;GBR.IDXEUR
2024-09-30 22:00:00;9904.998;9909.61;9895.528;9901.182;0.071856;GBR.IDXEUR
2024-09-30 23:00:00;9901.222;9908.152;9896.406;9904.413;0.113196;GBR.IDXEUR
2024-10-01 00:00:00;9904.0;9922.691;9904.0;9919.664;0.417288;GBR.IDXEUR
2024-10-01 01:00:00;9919.646;9933.733;9918.937;9931.688;0.427452;GBR.IDXEUR
2024-10-01 02:00:00;9931.666;9932.047;9918.484;9921.013;0.243468;GBR.IDXEUR
2024-10-01 03:00:00;9921.009;9924.874;9913.917;9920.79;0.308316;GBR.IDXEUR
2024-10-01 04:00:00;9920.79;9927.757;9919.746;9921.637;0.262752;GBR.IDXEUR
2024-10-01 05:00:00;9921.518;9925.578;9912.638;9921.137;0.237348;GBR.IDXEUR
2024-10-01 06:00:00;9921.137;9939.177;9914.901;9922.976;0.701096;GBR.IDXEUR
2024-10-01 07:00:00;9922.842;9925.407;9874.694;9921.651;1.46458;GBR.IDXEUR
2024-10-01 08:00:00;9921.294;9923.49;9905.463;9921.18;0.60058;GBR.IDXEUR
2024-10-01 09:00:00;9921.537;9929.914;9910.552;9929.276;0.35338;GBR.IDXEUR
2024-10-01 10:00:00;9929.276;9939.829;9924.237;9935.879;0.35614;GBR.IDXEUR
2024-10-01 11:00:00;9935.994;9951.951;9934.559;9944.294;0.7355;GBR.IDXEUR
2024-10-01 12:00:00;9944.414;9962.027;9942.883;9955.162;0.69075;GBR.IDXEUR
2024-10-01 13:00:00;9954.471;9972.143;9930.188;9938.79;1.31994;GBR.IDXEUR
2024-10-01 14:00:00;9936.76;9956.743;9888.812;9928.426;2.53127;GBR.IDXEUR
2024-10-01 15:00:00;9928.426;9934.097;9910.384;9922.887;1.51348;GBR.IDXEUR
2024-10-01 16:00:00;9922.923;9935.468;9911.691;9928.571;1.25528;GBR.IDXEUR
2024-10-01 17:00:00;9928.809;9940.885;9906.633;9939.938;1.1347;GBR.IDXEUR
2024-10-01 18:00:00;9939.818;9961.38;9939.24;9956.622;0.87252;GBR.IDXEUR
2024-10-01 19:00:00;9956.622;9957.744;9929.207;9936.413;0.86658;GBR.IDXEUR
2024-10-01 20:00:00;9936.175;9947.501;9933.56;9934.304;0.050062;GBR.IDXEUR
2024-10-01 22:00:00;9935.813;9940.642;9911.597;9917.359;0.08196;GBR.IDXEUR
2024-10-01 23:00:00;9917.398;9930.332;9907.184;9915.616;0.103536;GBR.IDXEUR
2024-10-02 00:00:00;9915.821;9943.974;9905.533;9938.737;0.0648;GBR.IDXEUR
2024-10-02 01:00:00;9938.737;9964.148;9938.737;9962.323;0.089748;GBR.IDXEUR
2024-10-02 02:00:00;9962.563;9967.266;9955.048;9958.611;0.06666;GBR.IDXEUR
2024-10-02 03:00:00;9958.492;9965.014;9952.52;9962.009;0.098124;GBR.IDXEUR
2024-10-02 04:00:00;9962.005;9966.65;9950.741;9953.277;0.066456;GBR.IDXEUR
2024-10-02 05:00:00;9953.397;9963.574;9935.383;9948.433;0.093;GBR.IDXEUR
2024-10-02 06:00:00;9948.471;9958.636;9935.248;9958.129;0.552608;GBR.IDXEUR
2024-10-02 07:00:00;9958.249;9994.402;9958.249;9990.319;0.93463;GBR.IDXEUR
2024-10-02 08:00:00;9990.319;9991.898;9964.504;9967.644;0.67078;GBR.IDXEUR
2024-10-02 09:00:00;9967.285;9968.339;9927.506;9935.602;0.86707;GBR.IDXEUR
2024-10-02 10:00:00;9935.291;9956.374;9921.857;9949.904;0.8745;GBR.IDXEUR
2024-10-02 11:00:00;9949.785;9951.803;9933.303;9935.054;0.95262;GBR.IDXEUR
2024-10-02 12:00:00;9935.668;9971.964;9933.754;9964.873;1.06991;GBR.IDXEUR
2024-10-02 13:00:00;9964.873;9972.69;9932.135;9964.794;1.37507;GBR.IDXEUR
2024-10-02 14:00:00;9964.674;9978.307;9949.298;9955.073;1.60941;GBR.IDXEUR
2024-10-02 15:00:00;9955.432;9968.771;9939.548;9957.007;1.12039;GBR.IDXEUR
2024-10-02 16:00:00;9957.366;9957.964;9927.928;9927.928;0.58276;GBR.IDXEUR
2024-10-02 17:00:00;9927.928;9934.053;9915.275;9932.81;0.52015;GBR.IDXEUR
2024-10-02 18:00:00;9932.691;9937.984;9920.969;9932.799;0.39984;GBR.IDXEUR
2024-10-02 19:00:00;9933.24;9939.773;9929.084;9932.718;0.40931;GBR.IDXEUR
2024-10-02 20:00:00;9933.931;9939.059;9927.013;9937.881;0.04842;GBR.IDXEUR
2024-10-02 22:00:00;9942.561;9946.314;9938.044;9938.044;0.09312;GBR.IDXEUR
2024-10-02 23:00:00;9938.018;9944.046;9933.382;9943.61;0.062988;GBR.IDXEUR
2024-10-03 00:00:00;9943.171;9943.884;9921.953;9927.508;0.321636;GBR.IDXEUR
2024-10-03 01:00:00;9927.627;9934.049;9907.872;9920.223;0.296676;GBR.IDXEUR
2024-10-03 02:00:00;9920.223;9920.223;9905.005;9905.945;0.287172;GBR.IDXEUR
2024-10-03 03:00:00;9905.942;9917.207;9904.337;9907.51;0.271116;GBR.IDXEUR
2024-10-03 04:00:00;9907.217;9913.063;9899.24;9901.427;0.189852;GBR.IDXEUR
2024-10-03 05:00:00;9901.308;9915.493;9893.019;9906.294;0.349068;GBR.IDXEUR
2024-10-03 06:00:00;9906.294;9933.048;9903.8;9915.945;0.74037;GBR.IDXEUR
2024-10-03 07:00:00;9915.626;9926.409;9865.059;9871.979;0.89921;GBR.IDXEUR
2024-10-03 08:00:00;9872.214;9879.219;9849.343;9869.057;1.35099;GBR.IDXEUR
2024-10-03 09:00:00;9868.76;9887.998;9855.265;9883.765;0.77474;GBR.IDXEUR
2024-10-03 10:00:00;9884.0;9888.372;9873.656;9879.406;0.89398;GBR.IDXEUR
2024-10-03 11:00:00;9879.996;9890.621;9876.228;9881.692;0.91625;GBR.IDXEUR
2024-10-03 12:00:00;9882.044;9883.982;9841.214;9847.228;1.38966;GBR.IDXEUR
2024-10-03 13:00:00;9847.111;9861.53;9817.967;9823.956;1.22683;GBR.IDXEUR
2024-10-03 14:00:00;9824.073;9859.37;9821.488;9843.143;2.20683;GBR.IDXEUR
2024-10-03 15:00:00;9843.409;9877.316;9834.706;9873.412;1.24653;GBR.IDXEUR
2024-10-03 16:00:00;9873.06;9883.06;9853.896;9859.526;0.84214;GBR.IDXEUR
2024-10-03 17:00:00;9859.383;9859.787;9836.384;9843.575;0.61992;GBR.IDXEUR
2024-10-03 18:00:00;9843.458;9848.368;9837.976;9841.795;0.45634;GBR.IDXEUR
2024-10-03 19:00:00;9841.509;9850.019;9837.728;9847.62;0.47048;GBR.IDXEUR
2024-10-03 20:00:00;9847.272;9855.923;9846.35;9852.267;0.053774;GBR.IDXEUR
2024-10-03 22:00:00;9836.069;9852.096;9831.869;9845.019;0.057468;GBR.IDXEUR
2024-10-03 23:00:00;9845.136;9848.647;9838.597;9846.207;0.0939;GBR.IDXEUR
2024-10-04 00:00:00;9845.8;9847.224;9831.727;9843.821;0.0402;GBR.IDXEUR
2024-10-04 01:00:00;9843.702;9856.676;9829.842;9853.318;0.07536;GBR.IDXEUR
2024-10-04 02:00:00;9853.318;9860.815;9849.606;9858.562;0.096588;GBR.IDXEUR
2024-10-04 03:00:00;9858.679;9859.524;9848.222;9854.857;0.090024;GBR.IDXEUR
2024-10-04 04:00:00;9854.857;9861.285;9843.589;9846.267;0.075408;GBR.IDXEUR
2024-10-04 05:00:00;9846.66;9856.251;9845.581;9848.975;0.102192;GBR.IDXEUR
2024-10-04 06:00:00;9849.364;9859.99;9841.678;9842.71;0.531224;GBR.IDXEUR
2024-10-04 07:00:00;9843.184;9886.629;9837.754;9880.827;1.01098;GBR.IDXEUR
2024-10-04 08:00:00;9881.926;9885.411;9843.91;9847.068;1.07311;GBR.IDXEUR
2024-10-04 09:00:00;9847.186;9865.127;9845.718;9849.045;0.83568;GBR.IDXEUR
2024-10-04 10:00:00;9848.927;9853.455;9836.018;9837.831;0.78208;GBR.IDXEUR
2024-10-04 11:00:00;9838.119;9846.882;9827.116;9838.985;0.74628;GBR.IDXEUR
2024-10-04 12:00:00;9838.985;9891.585;9836.416;9888.733;1.30173;GBR.IDXEUR
2024-10-04 13:00:00;9888.615;9903.306;9872.407;9890.746;1.43476;GBR.IDXEUR
2024-10-04 14:00:00;9890.75;9919.459;9887.583;9914.403;0.99091;GBR.IDXEUR
2024-10-04 15:00:00;9914.642;9922.831;9892.213;9917.729;1.2832;GBR.IDXEUR
2024-10-04 16:00:00;9917.729;9933.183;9912.059;9930.924;0.76361;GBR.IDXEUR
2024-10-04 17:00:00;9930.805;9940.75;9920.209;9920.923;0.65422;GBR.IDXEUR
2024-10-04 18:00:00;9921.55;9929.106;9918.825;9926.124;0.43181;GBR.IDXEUR
2024-10-04 19:00:00;9926.124;9945.756;9918.49;9941.646;0.70908;GBR.IDXEUR
2024-10-04 20:00:00;9942.088;9942.088;9941.614;9941.614;0.00051;GBR.IDXEUR
2024-10-06 22:00:00;9945.422;9953.113;9937.392;9943.175;0.145272;GBR.IDXEUR
2024-10-06 23:00:00;9942.938;9950.323;9940.766;9942.286;0.130764;GBR.IDXEUR
2024-10-07 00:00:00;9946.308;9946.597;9925.668;9942.149;0.087948;GBR.IDXEUR
2024-10-07 01:00:00;9941.911;9966.92;9940.018;9955.161;0.099084;GBR.IDXEUR
2024-10-07 02:00:00;9955.042;9958.89;9934.035;9937.726;0.123324;GBR.IDXEUR
2024-10-07 03:00:00;9937.726;9945.015;9932.659;9939.232;0.085068;GBR.IDXEUR
2024-10-07 04:00:00;9939.232;9944.655;9930.416;9930.908;0.068316;GBR.IDXEUR
2024-10-07 05:00:00;9930.789;9939.771;9921.787;9923.299;0.099336;GBR.IDXEUR
2024-10-07 06:00:00;9924.281;9953.543;9922.361;9940.398;0.552526;GBR.IDXEUR
2024-10-07 07:00:00;9938.386;9938.386;9876.27;9879.028;1.37355;GBR.IDXEUR
2024-10-07 08:00:00;9879.028;9887.413;9867.41;9872.509;0.82213;GBR.IDXEUR
2024-10-07 09:00:00;9872.273;9902.354;9864.894;9901.003;0.64171;GBR.IDXEUR
2024-10-07 10:00:00;9900.938;9911.046;9885.904;9899.499;0.67689;GBR.IDXEUR
2024-10-07 11:00:00;9899.127;9917.221;9893.252;9911.708;0.60751;GBR.IDXEUR
2024-10-07 12:00:00;9911.719;9914.171;9898.876;9904.407;0.69069;GBR.IDXEUR
2024-10-07 13:00:00;9904.493;9917.301;9884.817;9885.769;1.37546;GBR.IDXEUR
2024-10-07 14:00:00;9885.887;9903.989;9882.733;9887.706;1.24395;GBR.IDXEUR
2024-10-07 15:00:00;9887.824;9899.485;9882.741;9889.027;0.9334;GBR.IDXEUR
2024-10-07 16:00:00;9889.145;9893.165;9880.795;9892.194;0.52689;GBR.IDXEUR
2024-10-07 17:00:00;9892.312;9906.807;9890.346;9893.685;0.39481;GBR.IDXEUR
2024-10-07 18:00:00;9893.567;9893.82;9856.867;9859.007;0.7059;GBR.IDXEUR
2024-10-07 19:00:00;9859.359;9891.111;9857.85;9885.215;0.82932;GBR.IDXEUR
2024-10-07 20:00:00;9885.414;9890.817;9880.578;9886.364;0.05915;GBR.IDXEUR
2024-10-07 22:00:00;9883.385;9884.689;9840.069;9871.425;0.220584;GBR.IDXEUR
2024-10-07 23:00:00;9871.072;9888.589;9868.796;9879.225;0.125376;GBR.IDXEUR
2024-10-08 00:00:00;9879.483;9905.717;9878.288;9897.234;0.146124;GBR.IDXEUR
2024-10-08 01:00:00;9896.837;9900.809;9862.937;9869.236;0.180948;GBR.IDXEUR
2024-10-08 02:00:00;9869.118;9871.221;9834.381;9837.055;0.341088;GBR.IDXEUR
2024-10-08 03:00:00;9836.938;9853.106;9831.856;9836.942;0.244428;GBR.IDXEUR
2024-10-08 04:00:00;9837.076;9846.497;9836.015;9839.089;0.17706;GBR.IDXEUR
2024-10-08 05:00:00;9839.641;9846.317;9825.855;9833.474;0.3342;GBR.IDXEUR
2024-10-08 06:00:00;9833.708;9835.177;9801.095;9804.912;0.727384;GBR.IDXEUR
2024-10-08 07:00:00;9804.469;9807.102;9758.998;9776.673;1.38118;GBR.IDXEUR
2024-10-08 08:00:00;9777.934;9792.92;9754.598;9762.454;0.94717;GBR.IDXEUR
2024-10-08 09:00:00;9762.146;9783.363;9757.647;9777.786;0.52556;GBR.IDXEUR
2024-10-08 10:00:00;9777.523;9793.235;9776.711;9791.233;0.43433;GBR.IDXEUR
2024-10-08 11:00:00;9791.116;9803.869;9783.912;9799.203;0.78634;GBR.IDXEUR
2024-10-08 12:00:00;9799.437;9820.631;9793.848;9812.418;1.01946;GBR.IDXEUR
2024-10-08 13:00:00;9811.95;9823.822;9784.827;9792.747;1.33068;GBR.IDXEUR
2024-10-08 14:00:00;9791.383;9795.703;9765.766;9774.681;1.1139;GBR.IDXEUR
2024-10-08 15:00:00;9774.564;9794.811;9765.346;9790.292;0.85272;GBR.IDXEUR
2024-10-08 16:00:00;9790.409;9794.121;9783.215;9787.934;0.55029;GBR.IDXEUR
2024-10-08 17:00:00;9788.511;9795.968;9784.641;9790.559;0.59687;GBR.IDXEUR
2024-10-08 18:00:00;9790.442;9802.552;9789.013;9799.298;0.41582;GBR.IDXEUR
2024-10-08 19:00:00;9799.298;9810.584;9795.249;9799.533;0.42631;GBR.IDXEUR
2024-10-08 20:00:00;9799.65;9799.87;9790.129;9796.843;0.022356;GBR.IDXEUR
2024-10-08 22:00:00;9794.211;9796.575;9790.228;9795.366;0.03606;GBR.IDXEUR
2024-10-08 23:00:00;9795.249;9798.707;9785.191;9785.424;0.028404;GBR.IDXEUR
2024-10-09 00:00:00;9790.7;9810.508;9788.413;9809.555;0.05418;GBR.IDXEUR
2024-10-09 01:00:00;9810.269;9816.244;9798.329;9798.728;0.147828;GBR.IDXEUR
2024-10-09 02:00:00;9798.961;9799.312;9776.299;9776.299;0.386376;GBR.IDXEUR
2024-10-09 03:00:00;9776.299;9780.645;9769.63;9778.273;0.415368;GBR.IDXEUR
2024-10-09 04:00:00;9778.273;9784.159;9777.316;9782.058;0.254268;GBR.IDXEUR
2024-10-09 05:00:00;9782.073;9807.98;9782.035;9792.2;0.434748;GBR.IDXEUR
2024-10-09 06:00:00;9792.901;9820.444;9786.728;9790.73;0.578786;GBR.IDXEUR
2024-10-09 07:00:00;9791.635;9826.487;9781.304;9824.945;1.22507;GBR.IDXEUR
2024-10-09 08:00:00;9825.062;9825.407;9800.769;9808.133;0.49244;GBR.IDXEUR
2024-10-09 09:00:00;9808.367;9830.581;9805.074;9825.097;0.52977;GBR.IDXEUR
2024-10-09 10:00:00;9824.755;9825.622;9803.521;9809.535;0.66165;GBR.IDXEUR
2024-10-09 11:00:00;9809.256;9813.384;9799.082;9811.883;0.68391;GBR.IDXEUR
2024-10-09 12:00:00;9812.118;9815.526;9788.326;9791.189;0.56365;GBR.IDXEUR
2024-10-09 13:00:00;9790.863;9822.529;9780.309;9821.139;0.82387;GBR.IDXEUR
2024-10-09 14:00:00;9821.022;9829.364;9806.605;9827.256;1.12073;GBR.IDXEUR
2024-10-09 15:00:00;9827.256;9855.144;9827.256;9854.783;0.61166;GBR.IDXEUR
2024-10-09 16:00:00;9855.019;9866.651;9850.601;9866.032;0.20701;GBR.IDXEUR
2024-10-09 17:00:00;9866.032;9887.064;9865.189;9881.323;0.2281;GBR.IDXEUR
2024-10-09 18:00:00;9881.205;9887.967;9874.839;9880.351;0.18158;GBR.IDXEUR
2024-10-09 19:00:00;9880.587;9885.611;9876.985;9878.579;0.17905;GBR.IDXEUR
2024-10-09 20:00:00;9878.579;9878.646;9863.69;9863.895;0.030806;GBR.IDXEUR
2024-10-09 22:00:00;9870.602;9875.505;9868.559;9873.25;0.0336;GBR.IDXEUR
2024-10-09 23:00:00;9873.25;9876.345;9873.208;9875.476;0.002184;GBR.IDXEUR
2024-10-10 00:00:00;9875.582;9886.632;9874.128;9879.02;0.055068;GBR.IDXEUR
2024-10-10 01:00:00;9879.063;9885.256;9876.309;9881.067;0.124572;GBR.IDXEUR
2024-10-10 02:00:00;9880.73;9884.269;9870.285;9874.964;0.177432;GBR.IDXEUR
2024-10-10 03:00:00;9874.584;9881.403;9869.325;9872.334;0.149124;GBR.IDXEUR
2024-10-10 04:00:00;9871.965;9882.33;9871.815;9880.709;0.13746;GBR.IDXEUR
2024-10-10 05:00:00;9880.698;9887.587;9864.434;9866.816;0.137664;GBR.IDXEUR
2024-10-10 06:00:00;9867.052;9874.56;9859.28;9867.349;0.232914;GBR.IDXEUR
2024-10-10 07:00:00;9867.302;9891.224;9850.433;9851.125;0.57231;GBR.IDXEUR
2024-10-10 08:00:00;9851.007;9855.604;9839.774;9848.818;0.55341;GBR.IDXEUR
2024-10-10 09:00:00;9848.818;9857.955;9844.613;9853.449;0.61601;GBR.IDXEUR
2024-10-10 10:00:00;9853.766;9855.717;9838.964;9840.077;0.65509;GBR.IDXEUR
2024-10-10 11:00:00;9839.895;9842.726;9830.242;9839.738;0.82402;GBR.IDXEUR
2024-10-10 12:00:00;9839.856;9858.267;9819.453;9845.907;0.78741;GBR.IDXEUR
2024-10-10 13:00:00;9845.789;9862.809;9815.484;9827.266;0.99567;GBR.IDXEUR
2024-10-10 14:00:00;9827.383;9847.792;9826.267;9833.683;0.88974;GBR.IDXEUR
2024-10-10 15:00:00;9833.8;9853.713;9826.971;9853.314;1.0605;GBR.IDXEUR
2024-10-10 16:00:00;9853.549;9867.057;9852.152;9860.536;0.71635;GBR.IDXEUR
2024-10-10 17:00:00;9860.536;9872.421;9852.925;9871.776;0.71719;GBR.IDXEUR
2024-10-10 18:00:00;9871.762;9872.053;9844.773;9847.523;0.41004;GBR.IDXEUR
2024-10-10 19:00:00;9847.406;9862.769;9843.467;9858.811;0.38064;GBR.IDXEUR
2024-10-10 20:00:00;9858.839;9859.309;9852.999;9858.429;0.03218;GBR.IDXEUR
2024-10-10 22:00:00;9856.062;9861.093;9855.696;9858.446;0.07206;GBR.IDXEUR
2024-10-10 23:00:00;9858.439;9867.548;9858.439;9862.1;0.06588;GBR.IDXEUR
2024-10-11 00:00:00;9865.812;9871.443;9856.743;9860.714;0.034872;GBR.IDXEUR
2024-10-11 01:00:00;9861.308;9868.292;9857.831;9863.8;0.039708;GBR.IDXEUR
2024-10-11 02:00:00;9863.917;9867.479;9857.046;9863.234;0.025392;GBR.IDXEUR
2024-10-11 03:00:00;9863.469;9863.469;9854.417;9857.013;0.089088;GBR.IDXEUR
2024-10-11 04:00:00;9857.13;9860.097;9850.104;9850.456;0.116004;GBR.IDXEUR
2024-10-11 05:00:00;9850.574;9852.353;9838.888;9844.924;0.105228;GBR.IDXEUR
2024-10-11 06:00:00;9844.806;9847.013;9828.96;9828.96;0.482232;GBR.IDXEUR
2024-10-11 07:00:00;9829.503;9844.618;9809.773;9838.167;1.19859;GBR.IDXEUR
2024-10-11 08:00:00;9838.285;9846.345;9805.773;9817.345;0.86923;GBR.IDXEUR
2024-10-11 09:00:00;9817.111;9828.253;9814.018;9817.922;0.65675;GBR.IDXEUR
2024-10-11 10:00:00;9818.448;9826.215;9813.94;9822.762;0.55573;GBR.IDXEUR
2024-10-11 11:00:00;9823.639;9836.657;9820.109;9836.289;0.62532;GBR.IDXEUR
2024-10-11 12:00:00;9836.58;9840.226;9822.334;9833.75;1.11169;GBR.IDXEUR
2024-10-11 13:00:00;9833.867;9860.264;9826.484;9853.416;1.13231;GBR.IDXEUR
2024-10-11 14:00:00;9853.674;9877.904;9850.886;9868.349;1.18677;GBR.IDXEUR
2024-10-11 15:00:00;9868.489;9869.795;9853.039;9856.024;0.74999;GBR.IDXEUR
2024-10-11 16:00:00;9856.024;9858.969;9850.338;9853.632;0.40426;GBR.IDXEUR
2024-10-11 17:00:00;9853.75;9870.527;9850.976;9869.288;0.28821;GBR.IDXEUR
2024-10-11 18:00:00;9869.17;9875.449;9866.175;9874.112;0.2159;GBR.IDXEUR
2024-10-11 19:00:00;9874.178;9877.995;9867.117;9870.425;0.31564;GBR.IDXEUR
2024-10-11 20:00:00;9870.19;9870.19;9868.903;9868.903;0.00023;GBR.IDXEUR
2024-10-13 22:00:00;9868.363;9869.512;9859.556;9868.141;0.055656;GBR.IDXEUR
2024-10-13 23:00:00;9867.788;9871.513;9857.549;9857.667;0.07992;GBR.IDXEUR
2024-10-14 00:00:00;9860.037;9860.037;9840.083;9851.124;0.05358;GBR.IDXEUR
2024-10-14 01:00:00;9851.124;9857.626;9837.649;9845.571;0.07404;GBR.IDXEUR
2024-10-14 02:00:00;9845.453;9851.418;9836.738;9849.253;0.075096;GBR.IDXEUR
2024-10-14 03:00:00;9849.371;9860.778;9846.156;9854.111;0.038652;GBR.IDXEUR
2024-10-14 04:00:00;9853.875;9858.839;9852.179;9853.353;0.013248;GBR.IDXEUR
2024-10-14 05:00:00;9853.47;9862.316;9852.873;9856.451;0.054696;GBR.IDXEUR
2024-10-14 06:00:00;9856.451;9863.379;9843.86;9859.402;0.377268;GBR.IDXEUR
2024-10-14 07:00:00;9859.406;9888.041;9847.583;9883.393;0.87979;GBR.IDXEUR
2024-10-14 08:00:00;9883.375;9885.872;9847.778;9858.462;0.82998;GBR.IDXEUR
2024-10-14 09:00:00;9858.616;9869.65;9845.764;9850.658;0.49685;GBR.IDXEUR
2024-10-14 10:00:00;9850.345;9860.149;9845.905;9849.28;0.59591;GBR.IDXEUR
2024-10-14 11:00:00;9848.927;9873.04;9848.927;9867.653;0.4314;GBR.IDXEUR
2024-10-14 12:00:00;9867.635;9877.112;9865.104;9870.656;0.37687;GBR.IDXEUR
2024-10-14 13:00:00;9870.892;9903.834;9858.099;9893.671;0.69977;GBR.IDXEUR
2024-10-14 14:00:00;9893.667;9907.935;9888.134;9903.294;0.55345;GBR.IDXEUR
2024-10-14 15:00:00;9903.566;9936.585;9897.006;9934.367;0.41634;GBR.IDXEUR
2024-10-14 16:00:00;9934.367;9953.584;9932.677;9952.285;0.14514;GBR.IDXEUR
2024-10-14 17:00:00;9952.405;9952.881;9944.103;9947.462;0.09012;GBR.IDXEUR
2024-10-14 18:00:00;9947.462;9959.199;9944.363;9957.67;0.08922;GBR.IDXEUR
2024-10-14 19:00:00;9958.128;9960.632;9951.424;9953.717;0.16758;GBR.IDXEUR
2024-10-14 20:00:00;9953.362;9953.362;9945.905;9949.495;0.022534;GBR.IDXEUR
2024-10-14 22:00:00;9951.809;9961.584;9951.452;9959.433;0.027696;GBR.IDXEUR
2024-10-14 23:00:00;9958.598;9966.283;9957.293;9960.546;0.028656;GBR.IDXEUR
2024-10-15 00:00:00;9960.426;9974.289;9958.809;9969.023;0.106452;GBR.IDXEUR
2024-10-15 01:00:00;9969.023;9977.906;9965.168;9973.808;0.102024;GBR.IDXEUR
2024-10-15 02:00:00;9973.569;9977.879;9969.224;9972.365;0.101688;GBR.IDXEUR
2024-10-15 03:00:00;9972.365;9975.344;9965.145;9970.578;0.103584;GBR.IDXEUR
2024-10-15 04:00:00;9970.585;9976.817;9966.477;9967.34;0.076728;GBR.IDXEUR
2024-10-15 05:00:00;9967.46;9967.46;9939.427;9944.723;0.111024;GBR.IDXEUR
2024-10-15 06:00:00;9944.246;9962.632;9941.71;9943.576;0.357968;GBR.IDXEUR
2024-10-15 07:00:00;9945.918;9950.257;9916.107;9922.513;1.04501;GBR.IDXEUR
2024-10-15 08:00:00;9922.513;9923.329;9891.839;9895.965;0.86123;GBR.IDXEUR
2024-10-15 09:00:00;9895.965;9909.011;9890.974;9895.021;0.76901;GBR.IDXEUR
2024-10-15 10:00:00;9894.704;9899.459;9887.366;9891.07;0.57612;GBR.IDXEUR
2024-10-15 11:00:00;9891.307;9912.808;9888.61;9907.758;0.82006;GBR.IDXEUR
2024-10-15 12:00:00;9907.639;9918.831;9900.499;9908.824;0.71678;GBR.IDXEUR
2024-10-15 13:00:00;9908.532;9917.949;9898.72;9903.409;0.84577;GBR.IDXEUR
2024-10-15 14:00:00;9903.423;9931.644;9901.59;9913.921;0.69306;GBR.IDXEUR
2024-10-15 15:00:00;9913.683;9921.624;9887.395;9893.165;0.86165;GBR.IDXEUR
2024-10-15 16:00:00;9893.283;9911.613;9892.13;9909.579;0.68827;GBR.IDXEUR
2024-10-15 17:00:00;9909.817;9912.364;9893.311;9894.086;0.56357;GBR.IDXEUR
2024-10-15 18:00:00;9894.609;9896.94;9883.604;9892.647;0.59701;GBR.IDXEUR
2024-10-15 19:00:00;9892.647;9896.95;9881.646;9887.103;0.6555;GBR.IDXEUR
2024-10-15 20:00:00;9886.985;9887.488;9874.535;9874.868;0.02647;GBR.IDXEUR
2024-10-15 22:00:00;9879.26;9886.401;9866.357;9885.702;0.0918;GBR.IDXEUR
2024-10-15 23:00:00;9885.702;9891.462;9882.167;9885.802;0.09114;GBR.IDXEUR
2024-10-16 00:00:00;9890.323;9892.494;9884.422;9888.668;0.10704;GBR.IDXEUR
2024-10-16 01:00:00;9887.921;9905.338;9883.243;9896.223;0.121848;GBR.IDXEUR
2024-10-16 02:00:00;9896.342;9905.457;9895.272;9901.037;0.112488;GBR.IDXEUR
2024-10-16 03:00:00;9901.03;9906.16;9898.491;9901.852;0.1062;GBR.IDXEUR
2024-10-16 04:00:00;9901.852;9903.438;9894.762;9897.723;0.05832;GBR.IDXEUR
2024-10-16 05:00:00;9898.083;9899.787;9885.738;9892.822;0.095724;GBR.IDXEUR
2024-10-16 06:00:00;9892.347;9914.662;9868.761;9894.948;0.520356;GBR.IDXEUR
2024-10-16 07:00:00;9894.969;9938.217;9892.262;9934.378;1.44607;GBR.IDXEUR
2024-10-16 08:00:00;9934.45;9935.678;9910.061;9912.8;1.11582;GBR.IDXEUR
2024-10-16 09:00:00;9912.681;9925.441;9908.894;9918.27;0.94395;GBR.IDXEUR
2024-10-16 10:00:00;9918.389;9923.802;9911.384;9922.244;0.48696;GBR.IDXEUR
2024-10-16 11:00:00;9922.363;9940.591;9915.415;9939.754;0.45068;GBR.IDXEUR
2024-10-16 12:00:00;9939.754;9954.833;9937.98;9944.218;0.79776;GBR.IDXEUR
2024-10-16 13:00:00;9944.218;9972.778;9943.981;9968.943;0.66389;GBR.IDXEUR
2024-10-16 14:00:00;9968.823;9983.867;9965.984;9971.602;1.05623;GBR.IDXEUR
2024-10-16 15:00:00;9971.602;9972.654;9956.848;9957.719;0.43;GBR.IDXEUR
2024-10-16 16:00:00;9957.483;9969.319;9957.108;9969.076;0.14196;GBR.IDXEUR
2024-10-16 17:00:00;9969.67;9984.473;9967.955;9984.234;0.1242;GBR.IDXEUR
2024-10-16 18:00:00;9983.995;9993.81;9982.829;9988.306;0.15696;GBR.IDXEUR
2024-10-16 19:00:00;9988.186;9995.28;9982.319;9992.484;0.14832;GBR.IDXEUR
2024-10-16 20:00:00;9991.838;9991.838;9985.567;9987.264;0.035468;GBR.IDXEUR
2024-10-16 22:00:00;9987.647;9987.647;9980.255;9985.271;0.095688;GBR.IDXEUR
2024-10-16 23:00:00;9984.8;9987.528;9981.328;9984.426;0.0477;GBR.IDXEUR
2024-10-17 00:00:00;10002.109;10011.549;9990.256;10008.817;0.1266;GBR.IDXEUR
2024-10-17 01:00:00;10008.697;10021.627;9999.709;10008.577;0.157632;GBR.IDXEUR
2024-10-17 02:00:00;10009.045;10011.475;9983.569;9993.137;0.154056;GBR.IDXEUR
2024-10-17 03:00:00;9993.276;9998.777;9987.388;9993.772;0.104496;GBR.IDXEUR
2024-10-17 04:00:00;9993.772;9994.954;9984.05;9986.336;0.09156;GBR.IDXEUR
2024-10-17 05:00:00;9986.217;10003.074;9984.91;9994.325;0.089592;GBR.IDXEUR
2024-10-17 06:00:00;9994.219;9996.5;9962.37;9968.277;0.330634;GBR.IDXEUR
2024-10-17 07:00:00;9968.397;9975.702;9951.227;9964.312;1.1379;GBR.IDXEUR
2024-10-17 08:00:00;9964.193;9988.092;9958.564;9985.739;1.026828;GBR.IDXEUR
2024-10-17 09:00:00;9986.235;10000.67;9978.203;9999.585;0.56432;GBR.IDXEUR
2024-10-17 10:00:00;9999.705;10016.849;9998.78;10011.495;0.49624;GBR.IDXEUR
2024-10-17 11:00:00;10012.683;10018.431;10008.859;10014.467;0.5754;GBR.IDXEUR
2024-10-17 12:00:00;10014.587;10046.948;10011.222;10040.879;1.0275;GBR.IDXEUR
2024-10-17 13:00:00;10039.739;10070.087;10035.699;10051.9;1.620744;GBR.IDXEUR
2024-10-17 14:00:00;10051.925;10081.032;10042.834;10069.868;1.859956;GBR.IDXEUR
2024-10-17 15:00:00;10069.593;10075.592;10061.352;10074.661;1.1945;GBR.IDXEUR
2024-10-17 16:00:00;10074.54;10091.524;10070.277;10087.448;0.501336;GBR.IDXEUR
2024-10-17 17:00:00;10087.789;10089.039;10074.127;10076.479;0.423538;GBR.IDXEUR
2024-10-17 18:00:00;10076.237;10076.237;10052.691;10061.954;0.46644;GBR.IDXEUR
2024-10-17 19:00:00;10061.94;10066.19;10057.896;10065.175;0.34228;GBR.IDXEUR
2024-10-17 20:00:00;10065.149;10072.541;10060.564;10064.873;0.05275;GBR.IDXEUR
2024-10-17 22:00:00;10059.428;10073.641;10056.922;10070.394;0.091404;GBR.IDXEUR
2024-10-17 23:00:00;10070.273;10073.044;10067.859;10072.02;0.0501;GBR.IDXEUR
2024-10-18 00:00:00;10061.872;10063.687;10029.121;10046.032;0.387924;GBR.IDXEUR
2024-10-18 01:00:00;10045.989;10062.595;10045.971;10049.112;0.530496;GBR.IDXEUR
2024-10-18 02:00:00;10049.232;10057.749;10040.196;10045.007;0.535308;GBR.IDXEUR
2024-10-18 03:00:00;10044.585;10048.719;10026.011;10033.184;0.370728;GBR.IDXEUR
2024-10-18 04:00:00;10033.063;10043.272;10030.775;10042.899;0.228828;GBR.IDXEUR
2024-10-18 05:00:00;10043.14;10057.978;10041.555;10050.628;0.32766;GBR.IDXEUR
2024-10-18 06:00:00;10050.145;10067.883;10039.339;10051.851;1.072838;GBR.IDXEUR
2024-10-18 07:00:00;10052.774;10088.629;10049.689;10083.44;0.824352;GBR.IDXEUR
2024-10-18 08:00:00;10083.319;10083.634;10059.779;10062.206;0.91486;GBR.IDXEUR
2024-10-18 09:00:00;10062.327;10082.205;10054.201;10058.158;1.06309;GBR.IDXEUR
2024-10-18 10:00:00;10058.451;10063.618;10049.423;10059.147;0.803514;GBR.IDXEUR
2024-10-18 11:00:00;10059.461;10065.342;10054.244;10061.075;0.760536;GBR.IDXEUR
2024-10-18 12:00:00;10061.317;10070.54;10044.594;10044.839;0.974174;GBR.IDXEUR
2024-10-18 13:00:00;10044.719;10049.292;10003.399;10004.636;1.239452;GBR.IDXEUR
2024-10-18 14:00:00;10004.317;10028.983;9985.543;10022.429;1.045392;GBR.IDXEUR
2024-10-18 15:00:00;10022.55;10047.963;10020.781;10044.586;1.091172;GBR.IDXEUR
2024-10-18 16:00:00;10044.706;10051.87;10041.819;10044.01;0.675828;GBR.IDXEUR
2024-10-18 17:00:00;10044.01;10051.36;10044.01;10047.232;0.40478;GBR.IDXEUR
2024-10-18 18:00:00;10047.111;10050.689;10040.187;10042.314;0.41127;GBR.IDXEUR
2024-10-18 19:00:00;10042.193;10046.495;10036.14;10045.452;0.45977;GBR.IDXEUR
2024-10-18 20:00:00;10045.327;10045.448;10045.327;10045.448;0.000144;GBR.IDXEUR
2024-10-20 22:00:00;10060.077;10060.765;10052.31;10055.446;0.081324;GBR.IDXEUR
2024-10-20 23:00:00;10055.566;10060.398;10050.24;10055.761;0.09192;GBR.IDXEUR
2024-10-21 00:00:00;10055.881;10057.925;10043.257;10045.343;0.322296;GBR.IDXEUR
2024-10-21 01:00:00;10045.222;10054.809;10043.756;10048.113;0.522912;GBR.IDXEUR
2024-10-21 02:00:00;10047.993;10058.175;10047.383;10051.551;0.38532;GBR.IDXEUR
2024-10-21 03:00:00;10051.325;10056.398;10048.263;10050.109;0.317616;GBR.IDXEUR
2024-10-21 04:00:00;10050.121;10054.912;10045.331;10050.298;0.26358;GBR.IDXEUR
2024-10-21 05:00:00;10050.298;10051.177;10036.896;10040.606;0.292464;GBR.IDXEUR
2024-10-21 06:00:00;10040.606;10041.976;10028.265;10030.288;0.594836;GBR.IDXEUR
2024-10-21 07:00:00;10031.016;10072.889;10029.609;10064.5;1.010842;GBR.IDXEUR
2024-10-21 08:00:00;10064.204;10066.182;10035.579;10037.063;0.926518;GBR.IDXEUR
2024-10-21 09:00:00;10037.31;10040.513;10024.159;10028.131;0.800486;GBR.IDXEUR
2024-10-21 10:00:00;10028.251;10028.492;10008.67;10011.857;0.650446;GBR.IDXEUR
2024-10-21 11:00:00;10011.568;10020.998;9996.364;9996.561;0.730188;GBR.IDXEUR
2024-10-21 12:00:00;9996.283;10008.955;9996.283;10005.08;0.901362;GBR.IDXEUR
2024-10-21 13:00:00;10004.47;10043.774;10001.674;10033.44;0.873972;GBR.IDXEUR
2024-10-21 14:00:00;10032.642;10035.464;9997.548;10002.339;0.890062;GBR.IDXEUR
2024-10-21 15:00:00;10002.459;10003.172;9973.775;9998.346;0.908838;GBR.IDXEUR
2024-10-21 16:00:00;9998.227;10005.083;9992.117;10004.52;0.74602;GBR.IDXEUR
2024-10-21 17:00:00;10004.802;10011.343;9998.939;10000.737;0.484708;GBR.IDXEUR
2024-10-21 18:00:00;10000.857;10001.372;9991.813;9993.342;0.513614;GBR.IDXEUR
2024-10-21 19:00:00;9993.102;10000.069;9990.696;9995.873;0.512588;GBR.IDXEUR
2024-10-21 20:00:00;9996.113;9996.113;9989.273;9994.153;0.052814;GBR.IDXEUR
2024-10-21 22:00:00;9995.727;9997.895;9989.416;9993.673;0.08862;GBR.IDXEUR
2024-10-21 23:00:00;9993.698;9996.702;9990.456;9993.13;0.034116;GBR.IDXEUR
2024-10-22 00:00:00;9986.212;9986.212;9965.507;9965.558;0.376572;GBR.IDXEUR
2024-10-22 01:00:00;9965.558;9980.847;9963.17;9976.895;0.593472;GBR.IDXEUR
2024-10-22 02:00:00;9976.752;9981.646;9965.877;9966.73;0.5205;GBR.IDXEUR
2024-10-22 03:00:00;9965.993;9979.505;9965.585;9973.706;0.47934;GBR.IDXEUR
2024-10-22 04:00:00;9973.761;9983.444;9971.412;9975.84;0.31524;GBR.IDXEUR
2024-10-22 05:00:00;9975.54;9985.212;9964.487;9971.482;0.32496;GBR.IDXEUR
2024-10-22 06:00:00;9971.242;9976.235;9953.199;9972.14;0.767102;GBR.IDXEUR
2024-10-22 07:00:00;9971.233;9975.174;9940.215;9942.433;1.237926;GBR.IDXEUR
2024-10-22 08:00:00;9942.443;9956.128;9925.336;9929.204;1.162926;GBR.IDXEUR
2024-10-22 09:00:00;9928.966;9931.497;9901.491;9910.275;1.15175;GBR.IDXEUR
2024-10-22 10:00:00;9910.6;9913.867;9893.929;9896.524;1.043582;GBR.IDXEUR
2024-10-22 11:00:00;9896.491;9916.851;9890.728;9909.586;0.93709;GBR.IDXEUR
2024-10-22 12:00:00;9909.823;9928.102;9908.088;9922.113;1.0962;GBR.IDXEUR
2024-10-22 13:00:00;9922.113;9966.57;9921.699;9964.189;1.131722;GBR.IDXEUR
2024-10-22 14:00:00;9964.528;9979.851;9957.258;9972.721;1.628752;GBR.IDXEUR
2024-10-22 15:00:00;9972.841;9983.78;9967.402;9982.556;0.943114;GBR.IDXEUR
2024-10-22 16:00:00;9982.556;9987.537;9973.507;9985.39;0.604956;GBR.IDXEUR
2024-10-22 17:00:00;9985.151;9999.19;9985.151;9998.181;0.559466;GBR.IDXEUR
2024-10-22 18:00:00;9998.061;10000.897;9993.613;9996.459;0.498336;GBR.IDXEUR
2024-10-22 19:00:00;9996.207;10013.565;9995.716;10006.731;0.498122;GBR.IDXEUR
2024-10-22 20:00:00;10007.032;10007.032;9995.349;10001.619;0.088498;GBR.IDXEUR
2024-10-22 22:00:00;9989.384;9995.117;9985.763;9989.398;0.115056;GBR.IDXEUR
2024-10-22 23:00:00;9989.512;10006.662;9988.583;10000.71;0.081732;GBR.IDXEUR
2024-10-23 00:00:00;9995.83;10001.75;9978.591;9980.756;0.379992;GBR.IDXEUR
2024-10-23 01:00:00;9980.772;9990.786;9971.496;9983.183;0.456132;GBR.IDXEUR
2024-10-23 02:00:00;9983.213;9990.999;9981.507;9986.129;0.35562;GBR.IDXEUR
2024-10-23 03:00:00;9986.213;9990.18;9973.548;9974.708;0.537216;GBR.IDXEUR
2024-10-23 04:00:00;9974.588;9988.415;9973.552;9986.799;0.393816;GBR.IDXEUR
2024-10-23 05:00:00;9986.776;9992.441;9983.946;9988.592;0.32226;GBR.IDXEUR
2024-10-23 06:00:00;9988.592;9994.219;9955.601;9961.228;0.835078;GBR.IDXEUR
2024-10-23 07:00:00;9960.223;10012.002;9958.482;9995.059;1.366982;GBR.IDXEUR
2024-10-23 08:00:00;9995.059;10001.719;9958.871;9959.411;0.914908;GBR.IDXEUR
2024-10-23 09:00:00;9959.096;9984.394;9956.334;9976.705;1.001536;GBR.IDXEUR
2024-10-23 10:00:00;9976.825;9977.314;9948.383;9950.868;0.752518;GBR.IDXEUR
2024-10-23 11:00:00;9950.876;9961.97;9942.679;9950.499;1.248776;GBR.IDXEUR
2024-10-23 12:00:00;9950.379;9951.226;9922.507;9927.078;1.232358;GBR.IDXEUR
2024-10-23 13:00:00;9927.078;9947.402;9923.763;9944.17;1.274022;GBR.IDXEUR
2024-10-23 14:00:00;9944.17;9950.387;9927.69;9935.413;1.405318;GBR.IDXEUR
2024-10-23 15:00:00;9935.413;9937.546;9905.876;9926.225;1.125428;GBR.IDXEUR
2024-10-23 16:00:00;9926.092;9930.3;9912.39;9919.012;0.70649;GBR.IDXEUR
2024-10-23 17:00:00;9919.352;9921.082;9900.86;9904.296;0.586158;GBR.IDXEUR
2024-10-23 18:00:00;9903.719;9906.271;9876.728;9903.294;0.75695;GBR.IDXEUR
2024-10-23 19:00:00;9902.998;9916.54;9895.208;9912.504;0.58405;GBR.IDXEUR
2024-10-23 20:00:00;9912.504;9920.53;9907.076;9915.518;0.098692;GBR.IDXEUR
2024-10-23 22:00:00;9906.551;9906.551;9893.234;9897.736;0.154524;GBR.IDXEUR
2024-10-23 23:00:00;9897.499;9908.574;9891.321;9903.981;0.101664;GBR.IDXEUR
2024-10-24 00:00:00;9899.329;9932.178;9898.882;9932.178;0.2889;GBR.IDXEUR
2024-10-24 01:00:00;9932.204;9932.323;9920.697;9928.095;0.356556;GBR.IDXEUR
2024-10-24 02:00:00;9928.11;9932.47;9922.301;9928.103;0.399036;GBR.IDXEUR
2024-10-24 03:00:00;9928.341;9931.849;9922.928;9923.792;0.209964;GBR.IDXEUR
2024-10-24 04:00:00;9923.252;9923.483;9911.202;9915.78;0.28884;GBR.IDXEUR
2024-10-24 05:00:00;9914.765;9923.018;9908.449;9921.669;0.232068;GBR.IDXEUR
2024-10-24 06:00:00;9921.55;9957.425;9921.55;9941.36;0.612214;GBR.IDXEUR
2024-10-24 07:00:00;9942.188;9993.552;9940.171;9989.259;1.725238;GBR.IDXEUR
2024-10-24 08:00:00;9988.695;10003.216;9978.474;9985.652;1.365266;GBR.IDXEUR
2024-10-24 09:00:00;9985.356;9997.109;9971.173;9979.721;0.782416;GBR.IDXEUR
2024-10-24 10:00:00;9979.824;9981.548;9968.245;9972.057;0.751012;GBR.IDXEUR
2024-10-24 11:00:00;9972.057;9984.546;9963.771;9977.265;0.852156;GBR.IDXEUR
2024-10-24 12:00:00;9977.145;9977.858;9964.622;9972.232;0.94379;GBR.IDXEUR
2024-10-24 13:00:00;9972.542;9987.358;9956.219;9971.57;1.585236;GBR.IDXEUR
2024-10-24 14:00:00;9972.021;9975.219;9931.939;9938.932;1.574216;GBR.IDXEUR
2024-10-24 15:00:00;9939.171;9942.831;9905.035;9915.634;1.252194;GBR.IDXEUR
2024-10-24 16:00:00;9915.47;9919.394;9898.028;9914.124;0.950454;GBR.IDXEUR
2024-10-24 17:00:00;9913.768;9923.449;9909.399;9909.755;0.761848;GBR.IDXEUR
2024-10-24 18:00:00;9909.637;9918.959;9906.266;9912.315;0.579542;GBR.IDXEUR
2024-10-24 19:00:00;9912.078;9925.568;9907.954;9921.481;0.595406;GBR.IDXEUR
2024-10-24 20:00:00;9921.456;9927.346;9915.834;9924.577;0.087324;GBR.IDXEUR
2024-10-24 22:00:00;9923.384;9923.565;9916.612;9919.848;0.079032;GBR.IDXEUR
2024-10-24 23:00:00;9919.848;9922.404;9914.536;9921.697;0.066912;GBR.IDXEUR
2024-10-25 00:00:00;9925.191;9932.951;9922.0;9927.852;0.405288;GBR.IDXEUR
2024-10-25 01:00:00;9927.971;9932.754;9920.695;9921.17;0.451272;GBR.IDXEUR
2024-10-25 02:00:00;9921.141;9926.309;9917.286;9922.587;0.256548;GBR.IDXEUR
2024-10-25 03:00:00;9922.615;9924.175;9910.533;9911.527;0.382452;GBR.IDXEUR
2024-10-25 04:00:00;9911.528;9912.192;9904.043;9906.833;0.249756;GBR.IDXEUR
2024-10-25 05:00:00;9906.952;9914.527;9899.77;9912.414;0.310356;GBR.IDXEUR
2024-10-25 06:00:00;9912.533;9927.438;9911.664;9911.779;0.741774;GBR.IDXEUR
2024-10-25 07:00:00;9911.898;9920.545;9889.802;9914.471;1.11517;GBR.IDXEUR
2024-10-25 08:00:00;9914.471;9916.873;9884.458;9907.585;1.081782;GBR.IDXEUR
2024-10-25 09:00:00;9907.596;9928.819;9905.757;9925.426;0.793578;GBR.IDXEUR
2024-10-25 10:00:00;9925.307;9927.334;9899.775;9903.149;0.633698;GBR.IDXEUR
2024-10-25 11:00:00;9902.461;9910.255;9889.627;9908.146;0.756338;GBR.IDXEUR
2024-10-25 12:00:00;9907.821;9919.095;9906.874;9912.652;1.083134;GBR.IDXEUR
2024-10-25 13:00:00;9912.652;9930.347;9894.124;9894.559;1.261448;GBR.IDXEUR
2024-10-25 14:00:00;9894.441;9919.677;9891.473;9911.637;1.343276;GBR.IDXEUR
2024-10-25 15:00:00;9911.889;9918.909;9894.819;9902.062;1.137964;GBR.IDXEUR
2024-10-25 16:00:00;9901.218;9913.915;9895.423;9909.861;0.71873;GBR.IDXEUR
2024-10-25 17:00:00;9909.861;9909.861;9867.592;9873.68;0.68856;GBR.IDXEUR
2024-10-25 18:00:00;9873.68;9889.421;9865.777;9885.803;0.71728;GBR.IDXEUR
2024-10-25 19:00:00;9885.785;9890.196;9877.737;9886.767;0.61493;GBR.IDXEUR
2024-10-25 20:00:00;9886.767;9887.245;9886.409;9886.535;0.00053;GBR.IDXEUR
2024-10-27 23:00:00;9900.887;9901.185;9892.858;9896.865;0.099948;GBR.IDXEUR
2024-10-28 00:00:00;9896.442;9916.268;9894.996;9904.014;0.2277;GBR.IDXEUR
2024-10-28 01:00:00;9905.713;9922.012;9901.87;9906.234;0.488244;GBR.IDXEUR
2024-10-28 02:00:00;9906.353;9916.936;9899.907;9901.609;0.412992;GBR.IDXEUR
2024-10-28 03:00:00;9901.371;9904.826;9890.34;9893.58;0.400008;GBR.IDXEUR
2024-10-28 04:00:00;9893.342;9910.132;9889.583;9906.268;0.319236;GBR.IDXEUR
2024-10-28 05:00:00;9906.15;9908.679;9889.607;9890.885;0.340812;GBR.IDXEUR
2024-10-28 06:00:00;9890.766;9911.458;9888.725;9907.025;0.302016;GBR.IDXEUR
2024-10-28 07:00:00;9908.484;9933.533;9905.327;9906.496;0.643206;GBR.IDXEUR
2024-10-28 08:00:00;9906.986;9919.328;9871.801;9913.193;1.274684;GBR.IDXEUR
2024-10-28 09:00:00;9913.312;9914.671;9882.001;9899.356;0.821038;GBR.IDXEUR
2024-10-28 10:00:00;9899.356;9905.32;9879.386;9881.562;0.864642;GBR.IDXEUR
2024-10-28 11:00:00;9881.254;9882.292;9860.252;9866.282;0.777208;GBR.IDXEUR
2024-10-28 12:00:00;9866.536;9886.794;9850.459;9885.044;0.973728;GBR.IDXEUR
2024-10-28 13:00:00;9884.807;9918.398;9884.232;9912.085;1.140964;GBR.IDXEUR
2024-10-28 14:00:00;9911.789;9942.201;9901.45;9940.948;1.275176;GBR.IDXEUR
2024-10-28 15:00:00;9941.187;9962.869;9937.106;9938.135;1.24076;GBR.IDXEUR
2024-10-28 16:00:00;9938.135;9954.634;9935.241;9946.892;1.09947;GBR.IDXEUR
2024-10-28 17:00:00;9946.625;9965.095;9945.293;9962.609;0.549564;GBR.IDXEUR
2024-10-28 18:00:00;9962.609;9966.717;9955.347;9956.797;0.582894;GBR.IDXEUR
2024-10-28 19:00:00;9956.764;9960.655;9950.69;9953.519;0.626518;GBR.IDXEUR
2024-10-28 20:00:00;9953.519;9955.029;9947.91;9950.837;0.404366;GBR.IDXEUR
2024-10-28 23:00:00;9940.858;9944.211;9938.97;9942.618;0.078372;GBR.IDXEUR
2024-10-29 00:00:00;9942.379;9945.753;9930.792;9941.693;0.22368;GBR.IDXEUR
2024-10-29 01:00:00;9949.785;9950.999;9930.113;9941.143;0.614544;GBR.IDXEUR
2024-10-29 02:00:00;9941.381;9949.9;9938.493;9944.223;0.415164;GBR.IDXEUR
2024-10-29 03:00:00;9944.223;9950.862;9927.587;9930.646;0.434772;GBR.IDXEUR
2024-10-29 04:00:00;9930.765;9947.659;9927.455;9944.662;0.32496;GBR.IDXEUR
2024-10-29 05:00:00;9944.644;9954.734;9940.514;9952.378;0.37596;GBR.IDXEUR
2024-10-29 06:00:00;9952.378;9970.302;9952.327;9967.365;0.274296;GBR.IDXEUR
2024-10-29 07:00:00;9969.571;9987.107;9967.548;9973.498;0.217734;GBR.IDXEUR
2024-10-29 08:00:00;9973.498;9990.211;9942.1;9969.246;1.51113;GBR.IDXEUR
2024-10-29 09:00:00;9968.541;9986.276;9963.31;9975.42;1.235722;GBR.IDXEUR
2024-10-29 10:00:00;9974.806;9976.51;9955.727;9966.396;1.024582;GBR.IDXEUR
2024-10-29 11:00:00;9966.971;9977.769;9960.61;9963.805;1.012366;GBR.IDXEUR
2024-10-29 12:00:00;9963.47;9963.818;9945.344;9947.858;1.1313;GBR.IDXEUR
2024-10-29 13:00:00;9947.858;9956.863;9913.223;9930.503;1.124544;GBR.IDXEUR
2024-10-29 14:00:00;9930.025;9936.808;9900.649;9915.991;1.636834;GBR.IDXEUR
2024-10-29 15:00:00;9915.69;9920.463;9889.212;9898.55;1.305812;GBR.IDXEUR
2024-10-29 16:00:00;9898.146;9903.522;9886.628;9895.221;0.978574;GBR.IDXEUR
2024-10-29 17:00:00;9895.232;9898.124;9870.695;9875.356;0.680758;GBR.IDXEUR
2024-10-29 18:00:00;9875.237;9881.168;9869.569;9870.99;0.520854;GBR.IDXEUR
2024-10-29 19:00:00;9870.753;9871.828;9860.146;9865.067;0.446516;GBR.IDXEUR
2024-10-29 20:00:00;9865.304;9877.263;9865.186;9870.468;0.411234;GBR.IDXEUR
2024-10-29 23:00:00;9877.588;9877.825;9866.557;9869.542;0.113184;GBR.IDXEUR
2024-10-30 00:00:00;9869.535;9878.492;9868.309;9874.36;0.207072;GBR.IDXEUR
2024-10-30 01:00:00;9873.823;9876.365;9855.567;9855.567;0.381792;GBR.IDXEUR
2024-10-30 02:00:00;9855.449;9856.45;9839.789;9839.987;0.273924;GBR.IDXEUR
2024-10-30 03:00:00;9840.097;9840.6;9826.92;9830.934;0.337044;GBR.IDXEUR
2024-10-30 04:00:00;9830.816;9835.118;9826.568;9830.193;0.293868;GBR.IDXEUR
2024-10-30 05:00:00;9830.193;9836.232;9825.232;9829.412;0.238572;GBR.IDXEUR
2024-10-30 06:00:00;9829.53;9850.806;9823.991;9848.5;0.246324;GBR.IDXEUR
2024-10-30 07:00:00;9848.737;9850.248;9815.535;9817.341;0.564938;GBR.IDXEUR
2024-10-30 08:00:00;9817.223;9854.769;9815.576;9830.849;1.484854;GBR.IDXEUR
2024-10-30 09:00:00;9830.967;9837.306;9811.478;9818.488;1.431238;GBR.IDXEUR
2024-10-30 10:00:00;9818.488;9835.34;9808.396;9814.067;1.377198;GBR.IDXEUR
2024-10-30 11:00:00;9814.117;9816.706;9782.998;9784.685;1.079434;GBR.IDXEUR
2024-10-30 12:00:00;9784.266;9799.12;9781.271;9795.894;1.68046;GBR.IDXEUR
2024-10-30 13:00:00;9795.777;9829.429;9774.392;9824.3;2.31953;GBR.IDXEUR
2024-10-30 14:00:00;9824.3;9831.005;9785.789;9792.412;2.40251;GBR.IDXEUR
2024-10-30 15:00:00;9792.764;9796.084;9779.285;9782.202;1.53025;GBR.IDXEUR
2024-10-30 16:00:00;9782.319;9786.67;9757.537;9759.673;0.999706;GBR.IDXEUR
2024-10-30 17:00:00;9759.439;9772.428;9741.006;9748.659;0.71332;GBR.IDXEUR
2024-10-30 18:00:00;9748.543;9760.759;9747.761;9754.245;0.498192;GBR.IDXEUR
2024-10-30 19:00:00;9754.128;9757.115;9739.628;9749.984;0.63934;GBR.IDXEUR
2024-10-30 20:00:00;9750.261;9754.67;9738.671;9739.492;0.499498;GBR.IDXEUR
2024-10-30 23:00:00;9730.683;9736.611;9730.151;9733.011;0.11016;GBR.IDXEUR
2024-10-31 00:00:00;9732.607;9736.837;9725.853;9731.33;0.183948;GBR.IDXEUR
2024-10-31 01:00:00;9732.146;9744.911;9727.191;9733.082;0.35616;GBR.IDXEUR
2024-10-31 02:00:00;9732.965;9735.654;9722.503;9726.339;0.321588;GBR.IDXEUR
2024-10-31 03:00:00;9726.343;9730.987;9721.906;9725.528;0.28068;GBR.IDXEUR
2024-10-31 04:00:00;9725.622;9725.97;9712.313;9715.792;0.223716;GBR.IDXEUR
2024-10-31 05:00:00;9715.56;9718.827;9711.265;9717.14;0.3174;GBR.IDXEUR
2024-10-31 06:00:00;9717.274;9729.968;9715.644;9719.727;0.280548;GBR.IDXEUR
2024-10-31 07:00:00;9719.611;9733.322;9715.124;9718.724;0.643974;GBR.IDXEUR
2024-10-31 08:00:00;9718.724;9722.033;9688.547;9692.515;1.238672;GBR.IDXEUR
2024-10-31 09:00:00;9692.631;9692.631;9667.783;9675.339;1.178738;GBR.IDXEUR
2024-10-31 10:00:00;9675.455;9688.964;9671.203;9676.249;1.179314;GBR.IDXEUR
2024-10-31 11:00:00;9676.48;9680.117;9664.564;9664.881;1.24839;GBR.IDXEUR
2024-10-31 12:00:00;9664.891;9680.402;9656.441;9667.545;1.316586;GBR.IDXEUR
2024-10-31 13:00:00;9667.229;9673.115;9629.103;9640.386;1.533638;GBR.IDXEUR
2024-10-31 14:00:00;9640.616;9641.955;9581.718;9586.384;1.686736;GBR.IDXEUR
2024-10-31 15:00:00;9586.497;9604.337;9572.879;9583.933;1.936262;GBR.IDXEUR
2024-10-31 16:00:00;9583.819;9622.422;9582.843;9622.199;0.90431;GBR.IDXEUR
2024-10-31 17:00:00;9621.667;9633.814;9615.44;9619.913;0.94669;GBR.IDXEUR
2024-10-31 18:00:00;9619.913;9636.544;9610.784;9634.325;0.987106;GBR.IDXEUR
2024-10-31 19:00:00;9634.439;9641.001;9625.957;9633.973;1.043306;GBR.IDXEUR
2024-10-31 20:00:00;9633.744;9639.573;9614.309;9623.962;0.640766;GBR.IDXEUR
2024-10-31 23:00:00;9636.484;9637.406;9624.585;9628.812;0.088257;GBR.IDXEUR
2024-11-01 00:00:00;9628.801;9629.369;9616.83;9619.869;0.171345;GBR.IDXEUR
2024-11-01 01:00:00;9614.938;9625.224;9608.715;9623.272;0.469458;GBR.IDXEUR
2024-11-01 02:00:00;9623.386;9624.582;9607.134;9622.398;0.429306;GBR.IDXEUR
2024-11-01 03:00:00;9622.421;9637.369;9619.195;9632.361;0.43233;GBR.IDXEUR
2024-11-01 04:00:00;9632.476;9640.575;9623.827;9627.413;0.251343;GBR.IDXEUR
2024-11-01 05:00:00;9627.408;9630.272;9616.506;9621.885;0.485169;GBR.IDXEUR
2024-11-01 06:00:00;9621.885;9630.84;9618.088;9626.965;0.312837;GBR.IDXEUR
2024-11-01 07:00:00;9627.536;9639.57;9612.632;9637.189;0.722818;GBR.IDXEUR
2024-11-01 08:00:00;9637.304;9697.287;9631.23;9680.676;1.21401;GBR.IDXEUR
2024-11-01 09:00:00;9680.791;9703.2;9676.197;9701.437;0.842206;GBR.IDXEUR
2024-11-01 10:00:00;9701.538;9709.762;9694.721;9705.775;0.64809;GBR.IDXEUR
2024-11-01 11:00:00;9705.66;9734.55;9705.66;9733.265;0.648218;GBR.IDXEUR
2024-11-01 12:00:00;9733.265;9744.619;9717.821;9742.057;1.449454;GBR.IDXEUR
2024-11-01 13:00:00;9742.057;9774.15;9739.932;9753.642;1.360704;GBR.IDXEUR
2024-11-01 14:00:00;9753.409;9786.29;9753.409;9784.772;1.174424;GBR.IDXEUR
2024-11-01 15:00:00;9784.768;9798.673;9775.043;9791.231;0.304176;GBR.IDXEUR
2024-11-01 16:00:00;9791.206;9794.88;9742.112;9747.357;0.366624;GBR.IDXEUR
2024-11-01 17:00:00;9747.473;9761.793;9738.685;9741.07;0.527328;GBR.IDXEUR
2024-11-01 18:00:00;9741.303;9745.204;9728.652;9740.933;0.505308;GBR.IDXEUR
2024-11-01 19:00:00;9740.817;9749.969;9732.734;9743.048;0.509988;GBR.IDXEUR
2024-11-01 20:00:00;9742.932;9748.466;9736.215;9736.215;0.385332;GBR.IDXEUR
2024-11-03 23:00:00;9716.326;9738.813;9715.038;9726.493;0.121587;GBR.IDXEUR
2024-11-04 00:00:00;9726.609;9735.311;9716.849;9730.088;0.144735;GBR.IDXEUR
2024-11-04 01:00:00;9730.204;9739.154;9727.133;9734.264;0.066348;GBR.IDXEUR
2024-11-04 02:00:00;9734.38;9747.301;9728.443;9736.458;0.056754;GBR.IDXEUR
2024-11-04 03:00:00;9736.455;9748.457;9736.43;9745.664;0.062418;GBR.IDXEUR
2024-11-04 04:00:00;9745.78;9746.7;9735.99;9739.19;0.033501;GBR.IDXEUR
2024-11-04 05:00:00;9739.19;9741.8;9731.349;9737.523;0.041571;GBR.IDXEUR
2024-11-04 06:00:00;9737.483;9754.279;9735.04;9742.821;0.043443;GBR.IDXEUR
2024-11-04 07:00:00;9742.775;9752.921;9723.568;9726.121;0.166584;GBR.IDXEUR
2024-11-04 08:00:00;9726.352;9788.574;9724.9;9782.855;0.535684;GBR.IDXEUR
2024-11-04 09:00:00;9782.484;9791.819;9764.11;9791.702;0.454252;GBR.IDXEUR
2024-11-04 10:00:00;9791.702;9796.596;9782.586;9785.747;0.494468;GBR.IDXEUR
2024-11-04 11:00:00;9785.98;9796.222;9783.835;9785.118;0.489068;GBR.IDXEUR
2024-11-04 12:00:00;9784.812;9793.231;9774.969;9782.966;0.22194;GBR.IDXEUR
2024-11-04 13:00:00;9783.083;9785.588;9763.784;9766.921;0.299144;GBR.IDXEUR
2024-11-04 14:00:00;9767.037;9776.984;9757.464;9773.706;0.322134;GBR.IDXEUR
2024-11-04 15:00:00;9773.706;9795.282;9766.32;9768.742;0.554556;GBR.IDXEUR
2024-11-04 16:00:00;9768.742;9770.491;9711.886;9715.87;0.639484;GBR.IDXEUR
2024-11-04 17:00:00;9715.755;9745.946;9712.499;9742.184;0.656376;GBR.IDXEUR
2024-11-04 18:00:00;9742.3;9746.254;9725.891;9738.986;0.576672;GBR.IDXEUR
2024-11-04 19:00:00;9739.57;9748.428;9738.604;9739.392;0.40344;GBR.IDXEUR
2024-11-04 20:00:00;9739.276;9743.298;9729.676;9736.514;0.388488;GBR.IDXEUR
2024-11-04 21:00:00;9736.819;9743.562;9729.245;9741.335;0.026577;GBR.IDXEUR
2024-11-04 23:00:00;9747.284;9752.003;9736.995;9739.464;0.056544;GBR.IDXEUR
2024-11-05 00:00:00;9739.025;9739.203;9729.674;9733.601;0.095904;GBR.IDXEUR
2024-11-05 01:00:00;9734.865;9737.375;9713.468;9735.726;0.053394;GBR.IDXEUR
2024-11-05 02:00:00;9735.01;9740.555;9727.977;9735.711;0.029628;GBR.IDXEUR
2024-11-05 03:00:00;9735.711;9741.883;9733.902;9737.869;0.014967;GBR.IDXEUR
2024-11-05 04:00:00;9737.637;9747.2;9737.406;9739.698;0.015003;GBR.IDXEUR
2024-11-05 05:00:00;9739.814;9749.761;9739.243;9744.721;0.012699;GBR.IDXEUR
2024-11-05 06:00:00;9744.488;9754.552;9742.614;9750.482;0.01845;GBR.IDXEUR
2024-11-05 07:00:00;9750.028;9756.784;9741.075;9747.835;0.323838;GBR.IDXEUR
2024-11-05 08:00:00;9747.361;9779.252;9742.32;9778.831;0.773196;GBR.IDXEUR
2024-11-05 09:00:00;9778.831;9791.758;9775.867;9788.452;0.6555;GBR.IDXEUR
2024-11-05 10:00:00;9788.568;9789.641;9770.631;9781.123;0.471096;GBR.IDXEUR
2024-11-05 11:00:00;9781.431;9787.421;9751.622;9752.194;0.62112;GBR.IDXEUR
2024-11-05 12:00:00;9751.892;9762.101;9744.74;9747.294;0.510516;GBR.IDXEUR
2024-11-05 13:00:00;9747.294;9749.864;9727.883;9728.272;0.680016;GBR.IDXEUR
2024-11-05 14:00:00;9728.861;9745.431;9721.839;9726.157;0.71412;GBR.IDXEUR
2024-11-05 15:00:00;9725.809;9755.83;9720.338;9754.029;1.3207;GBR.IDXEUR
2024-11-05 16:00:00;9754.221;9756.309;9735.529;9744.863;0.857224;GBR.IDXEUR
2024-11-05 17:00:00;9745.133;9756.635;9742.43;9750.359;0.61524;GBR.IDXEUR
2024-11-05 18:00:00;9750.475;9750.635;9730.421;9736.097;0.6121;GBR.IDXEUR
2024-11-05 19:00:00;9735.777;9745.675;9724.227;9728.373;0.357084;GBR.IDXEUR
2024-11-05 20:00:00;9728.141;9753.447;9725.882;9751.981;0.35324;GBR.IDXEUR
2024-11-05 21:00:00;9751.99;9767.094;9748.418;9764.48;0.027623;GBR.IDXEUR
2024-11-05 23:00:00;9765.087;9767.255;9748.73;9751.278;0.181089;GBR.IDXEUR
2024-11-06 00:00:00;9750.871;9797.398;9749.653;9780.454;0.474594;GBR.IDXEUR
2024-11-06 01:00:00;9789.437;9815.922;9785.621;9812.049;0.143709;GBR.IDXEUR
2024-11-06 02:00:00;9811.814;9868.206;9807.602;9867.374;0.156564;GBR.IDXEUR
2024-11-06 03:00:00;9867.388;9878.073;9800.325;9801.908;0.167079;GBR.IDXEUR
2024-11-06 04:00:00;9802.137;9823.135;9784.023;9805.959;0.126774;GBR.IDXEUR
2024-11-06 05:00:00;9805.923;9807.79;9773.617;9778.668;0.141042;GBR.IDXEUR
2024-11-06 06:00:00;9778.668;9898.595;9773.607;9878.427;0.116376;GBR.IDXEUR
2024-11-06 07:00:00;9878.19;9909.799;9862.183;9879.415;0.446336;GBR.IDXEUR
2024-11-06 08:00:00;9879.652;9954.323;9865.378;9954.204;1.275872;GBR.IDXEUR
2024-11-06 09:00:00;9954.443;9962.606;9902.799;9931.415;0.858288;GBR.IDXEUR
2024-11-06 10:00:00;9931.296;9945.771;9913.653;9923.258;0.834076;GBR.IDXEUR
2024-11-06 11:00:00;9921.873;9939.242;9901.097;9908.053;0.823878;GBR.IDXEUR
2024-11-06 12:00:00;9907.934;9924.843;9898.12;9910.797;1.553292;GBR.IDXEUR
2024-11-06 13:00:00;9910.797;9912.011;9833.009;9846.999;1.645416;GBR.IDXEUR
2024-11-06 14:00:00;9847.117;9860.554;9766.011;9784.063;1.355684;GBR.IDXEUR
2024-11-06 15:00:00;9784.181;9824.804;9772.853;9804.272;2.07866;GBR.IDXEUR
2024-11-06 16:00:00;9805.234;9805.283;9781.867;9801.917;1.497574;GBR.IDXEUR
2024-11-06 17:00:00;9802.152;9804.742;9780.476;9801.612;1.056272;GBR.IDXEUR
2024-11-06 18:00:00;9801.612;9812.424;9798.288;9807.372;0.920892;GBR.IDXEUR
2024-11-06 19:00:00;9807.49;9825.951;9803.999;9814.989;0.68856;GBR.IDXEUR
2024-11-06 20:00:00;9814.872;9830.943;9810.681;9819.669;0.546168;GBR.IDXEUR
2024-11-06 21:00:00;9820.401;9826.61;9816.374;9820.061;0.03906;GBR.IDXEUR
2024-11-06 23:00:00;9811.769;9814.099;9802.75;9811.374;0.095181;GBR.IDXEUR
2024-11-07 00:00:00;9810.949;9818.772;9795.32;9806.094;0.107571;GBR.IDXEUR
2024-11-07 01:00:00;9793.381;9807.099;9778.923;9806.769;0.279114;GBR.IDXEUR
2024-11-07 02:00:00;9806.887;9810.354;9795.923;9800.174;0.237261;GBR.IDXEUR
2024-11-07 03:00:00;9800.168;9826.272;9800.168;9825.476;0.196146;GBR.IDXEUR
2024-11-07 04:00:00;9826.43;9828.544;9809.016;9821.977;0.141291;GBR.IDXEUR
2024-11-07 05:00:00;9822.018;9839.717;9821.354;9839.159;0.156585;GBR.IDXEUR
2024-11-07 06:00:00;9839.159;9847.83;9834.747;9839.486;0.15492;GBR.IDXEUR
2024-11-07 07:00:00;9840.433;9850.786;9823.559;9842.394;0.55242;GBR.IDXEUR
2024-11-07 08:00:00;9841.931;9852.545;9805.095;9823.219;0.940934;GBR.IDXEUR
2024-11-07 09:00:00;9824.058;9827.776;9805.834;9810.759;0.503382;GBR.IDXEUR
2024-11-07 10:00:00;9811.686;9812.748;9793.641;9804.819;0.342132;GBR.IDXEUR
2024-11-07 11:00:00;9804.701;9811.391;9790.921;9791.981;0.349574;GBR.IDXEUR
2024-11-07 12:00:00;9792.55;9812.18;9787.234;9801.192;0.898178;GBR.IDXEUR
2024-11-07 13:00:00;9801.075;9818.578;9799.997;9815.063;0.681236;GBR.IDXEUR
2024-11-07 14:00:00;9815.657;9830.724;9806.98;9820.338;0.51419;GBR.IDXEUR
2024-11-07 15:00:00;9820.196;9823.99;9792.134;9819.644;1.488438;GBR.IDXEUR
2024-11-07 16:00:00;9819.762;9822.879;9785.811;9797.317;1.547192;GBR.IDXEUR
2024-11-07 17:00:00;9797.317;9812.535;9794.876;9808.806;0.60836;GBR.IDXEUR
2024-11-07 18:00:00;9808.806;9809.44;9793.601;9799.624;0.570702;GBR.IDXEUR
2024-11-07 19:00:00;9797.855;9833.363;9792.342;9833.126;1.514016;GBR.IDXEUR
2024-11-07 20:00:00;9833.244;9835.23;9822.941;9833.659;1.02217;GBR.IDXEUR
2024-11-07 21:00:00;9833.978;9838.862;9828.822;9834.752;0.039294;GBR.IDXEUR
2024-11-07 23:00:00;9825.574;9832.174;9815.232;9828.678;0.065253;GBR.IDXEUR
2024-11-08 00:00:00;9828.846;9833.477;9820.539;9824.312;0.114783;GBR.IDXEUR
2024-11-08 01:00:00;9837.758;9840.898;9828.789;9835.767;0.363825;GBR.IDXEUR
2024-11-08 02:00:00;9835.767;9836.217;9818.753;9825.628;0.309015;GBR.IDXEUR
2024-11-08 03:00:00;9825.547;9829.857;9815.371;9818.408;0.263013;GBR.IDXEUR
2024-11-08 04:00:00;9817.821;9820.035;9809.812;9810.184;0.197886;GBR.IDXEUR
2024-11-08 05:00:00;9810.302;9829.299;9806.637;9823.606;0.245781;GBR.IDXEUR
2024-11-08 06:00:00;9823.606;9829.767;9817.128;9822.803;0.219024;GBR.IDXEUR
2024-11-08 07:00:00;9822.803;9830.241;9811.297;9812.231;0.610221;GBR.IDXEUR
2024-11-08 08:00:00;9812.231;9815.221;9764.266;9768.283;1.932144;GBR.IDXEUR
2024-11-08 09:00:00;9768.283;9769.307;9716.053;9717.563;0.979114;GBR.IDXEUR
2024-11-08 10:00:00;9717.839;9727.209;9694.194;9710.021;0.93925;GBR.IDXEUR
2024-11-08 11:00:00;9709.58;9710.262;9688.123;9702.066;0.877702;GBR.IDXEUR
2024-11-08 12:00:00;9702.495;9732.241;9701.518;9727.983;0.599188;GBR.IDXEUR
2024-11-08 13:00:00;9727.782;9741.855;9726.958;9730.734;0.9222;GBR.IDXEUR
2024-11-08 14:00:00;9730.617;9743.997;9708.916;9715.188;1.446704;GBR.IDXEUR
2024-11-08 15:00:00;9715.188;9727.863;9704.313;9722.479;1.78633;GBR.IDXEUR
2024-11-08 16:00:00;9722.479;9725.003;9709.552;9716.941;0.935862;GBR.IDXEUR
2024-11-08 17:00:00;9717.195;9728.811;9717.078;9720.797;0.86363;GBR.IDXEUR
2024-11-08 18:00:00;9720.797;9735.569;9718.154;9733.096;0.52026;GBR.IDXEUR
2024-11-08 19:00:00;9733.093;9752.638;9730.769;9740.775;0.39669;GBR.IDXEUR
2024-11-08 20:00:00;9740.775;9750.444;9731.478;9750.404;0.50798;GBR.IDXEUR
2024-11-08 21:00:00;9749.233;9749.573;9749.233;9749.455;0.000432;GBR.IDXEUR
2024-11-10 23:00:00;9744.057;9758.111;9743.808;9748.851;0.10632;GBR.IDXEUR
2024-11-11 00:00:00;9748.968;9749.844;9736.734;9744.174;0.176367;GBR.IDXEUR
2024-11-11 01:00:00;9755.229;9758.853;9731.036;9743.231;0.375612;GBR.IDXEUR
2024-11-11 02:00:00;9743.312;9746.408;9731.315;9735.971;0.359016;GBR.IDXEUR
2024-11-11 03:00:00;9735.971;9737.973;9731.135;9734.809;0.270816;GBR.IDXEUR
2024-11-11 04:00:00;9734.885;9742.851;9734.283;9741.755;0.314412;GBR.IDXEUR
2024-11-11 05:00:00;9742.484;9751.741;9742.231;9746.834;0.401169;GBR.IDXEUR
2024-11-11 06:00:00;9746.952;9759.635;9745.964;9759.112;0.269646;GBR.IDXEUR
2024-11-11 07:00:00;9759.465;9792.631;9754.241;9789.951;0.589907;GBR.IDXEUR
2024-11-11 08:00:00;9789.833;9829.984;9785.992;9822.692;1.067418;GBR.IDXEUR
2024-11-11 09:00:00;9821.486;9825.842;9802.822;9816.484;1.11985;GBR.IDXEUR
2024-11-11 10:00:00;9816.365;9834.018;9813.329;9816.996;1.174618;GBR.IDXEUR
2024-11-11 11:00:00;9818.212;9839.816;9816.342;9834.544;0.996008;GBR.IDXEUR
2024-11-11 12:00:00;9834.544;9835.893;9823.927;9830.171;1.001132;GBR.IDXEUR
2024-11-11 13:00:00;9830.211;9845.935;9822.991;9843.927;1.295288;GBR.IDXEUR
2024-11-11 14:00:00;9843.665;9856.908;9826.204;9837.038;1.394972;GBR.IDXEUR
2024-11-11 15:00:00;9837.947;9842.957;9815.89;9829.071;1.340318;GBR.IDXEUR
2024-11-11 16:00:00;9829.308;9831.383;9810.284;9830.176;1.049334;GBR.IDXEUR
2024-11-11 17:00:00;9829.554;9831.268;9817.949;9818.603;0.691628;GBR.IDXEUR
2024-11-11 18:00:00;9817.87;9818.671;9799.196;9806.189;0.667788;GBR.IDXEUR
2024-11-11 19:00:00;9806.308;9809.392;9802.36;9807.751;0.47903;GBR.IDXEUR
2024-11-11 20:00:00;9807.869;9810.255;9790.813;9797.216;0.487996;GBR.IDXEUR
2024-11-11 21:00:00;9797.722;9797.959;9785.649;9789.892;0.046201;GBR.IDXEUR
2024-11-11 23:00:00;9791.465;9791.869;9785.442;9789.446;0.139353;GBR.IDXEUR
2024-11-12 00:00:00;9788.638;9790.197;9781.535;9782.252;0.267444;GBR.IDXEUR
2024-11-12 01:00:00;9782.37;9795.764;9776.873;9793.28;0.624588;GBR.IDXEUR
2024-11-12 02:00:00;9793.276;9793.464;9769.863;9773.155;0.525438;GBR.IDXEUR
2024-11-12 03:00:00;9773.155;9783.784;9771.792;9776.307;0.487032;GBR.IDXEUR
2024-11-12 04:00:00;9776.189;9777.791;9766.672;9776.939;0.46242;GBR.IDXEUR
2024-11-12 05:00:00;9776.821;9777.387;9742.846;9747.778;0.513828;GBR.IDXEUR
2024-11-12 06:00:00;9747.895;9752.538;9736.104;9740.012;0.469449;GBR.IDXEUR
2024-11-12 07:00:00;9739.894;9761.613;9734.36;9761.613;1.192291;GBR.IDXEUR
2024-11-12 08:00:00;9762.323;9766.971;9712.528;9726.73;1.562564;GBR.IDXEUR
2024-11-12 09:00:00;9726.562;9745.661;9715.157;9719.371;1.218024;GBR.IDXEUR
2024-11-12 10:00:00;9720.661;9724.848;9701.034;9714.323;0.816124;GBR.IDXEUR
2024-11-12 11:00:00;9714.44;9722.445;9705.313;9717.844;0.73386;GBR.IDXEUR
2024-11-12 12:00:00;9717.844;9724.612;9712.189;9717.665;0.9136;GBR.IDXEUR
2024-11-12 13:00:00;9717.43;9724.998;9705.581;9721.305;1.03907;GBR.IDXEUR
2024-11-12 14:00:00;9721.039;9723.665;9687.485;9693.193;1.034215;GBR.IDXEUR
2024-11-12 15:00:00;9693.322;9693.977;9657.612;9663.094;1.289495;GBR.IDXEUR
2024-11-12 16:00:00;9663.094;9663.415;9630.407;9632.087;1.10289;GBR.IDXEUR
2024-11-12 17:00:00;9631.971;9642.978;9617.653;9621.26;0.86654;GBR.IDXEUR
2024-11-12 18:00:00;9621.26;9646.058;9620.089;9643.564;0.645105;GBR.IDXEUR
2024-11-12 19:00:00;9643.679;9660.114;9643.119;9652.673;0.53387;GBR.IDXEUR
2024-11-12 20:00:00;9652.789;9656.977;9644.186;9647.355;0.45125;GBR.IDXEUR
2024-11-12 21:00:00;9647.471;9653.985;9645.544;9651.342;0.036531;GBR.IDXEUR
2024-11-12 23:00:00;9648.053;9648.538;9634.579;9641.028;0.072858;GBR.IDXEUR
2024-11-13 00:00:00;9641.428;9642.232;9633.819;9635.737;0.176073;GBR.IDXEUR
2024-11-13 01:00:00;9635.622;9654.582;9633.638;9647.552;0.127908;GBR.IDXEUR
2024-11-13 02:00:00;9647.552;9666.97;9645.995;9666.37;0.10287;GBR.IDXEUR
2024-11-13 03:00:00;9666.602;9669.795;9657.64;9659.55;0.085329;GBR.IDXEUR
2024-11-13 04:00:00;9659.666;9660.5;9652.213;9657.917;0.104133;GBR.IDXEUR
2024-11-13 05:00:00;9658.033;9664.021;9647.453;9650.263;0.16254;GBR.IDXEUR
2024-11-13 06:00:00;9650.148;9654.728;9627.609;9636.961;0.229635;GBR.IDXEUR
2024-11-13 07:00:00;9636.815;9668.377;9633.985;9650.808;0.441129;GBR.IDXEUR
2024-11-13 08:00:00;9650.84;9664.103;9639.106;9659.993;1.114055;GBR.IDXEUR
2024-11-13 09:00:00;9659.993;9672.937;9652.65;9661.742;0.85435;GBR.IDXEUR
2024-11-13 10:00:00;9662.071;9662.071;9636.908;9641.354;0.77774;GBR.IDXEUR
2024-11-13 11:00:00;9641.354;9650.073;9605.182;9605.658;0.819465;GBR.IDXEUR
2024-11-13 12:00:00;9605.773;9622.987;9597.291;9605.228;0.80054;GBR.IDXEUR
2024-11-13 13:00:00;9604.763;9632.66;9595.804;9625.448;1.45719;GBR.IDXEUR
2024-11-13 14:00:00;9625.448;9631.788;9592.321;9615.061;1.56483;GBR.IDXEUR
2024-11-13 15:00:00;9614.715;9635.594;9600.977;9635.183;1.662195;GBR.IDXEUR
2024-11-13 16:00:00;9635.299;9664.63;9629.232;9650.148;1.09942;GBR.IDXEUR
2024-11-13 17:00:00;9649.888;9669.982;9648.191;9665.175;0.67684;GBR.IDXEUR
2024-11-13 18:00:00;9665.292;9680.012;9661.266;9678.832;0.5053;GBR.IDXEUR
2024-11-13 19:00:00;9678.949;9681.62;9661.938;9667.248;0.53702;GBR.IDXEUR
2024-11-13 20:00:00;9667.248;9685.178;9660.786;9680.236;0.50497;GBR.IDXEUR
2024-11-13 21:00:00;9679.914;9684.874;9673.24;9682.306;0.041438;GBR.IDXEUR
2024-11-13 23:00:00;9666.088;9681.578;9665.603;9673.799;0.095019;GBR.IDXEUR
2024-11-14 00:00:00;9673.696;9677.741;9663.164;9670.07;0.10629;GBR.IDXEUR
2024-11-14 01:00:00;9670.187;9678.663;9664.238;9670.994;0.336183;GBR.IDXEUR
2024-11-14 02:00:00;9670.994;9671.62;9653.765;9657.523;0.35235;GBR.IDXEUR
2024-11-14 03:00:00;9657.639;9670.992;9653.171;9660.35;0.328242;GBR.IDXEUR
2024-11-14 04:00:00;9660.466;9670.49;9656.759;9663.616;0.292929;GBR.IDXEUR
2024-11-14 05:00:00;9663.732;9664.83;9647.911;9651.135;0.304023;GBR.IDXEUR
2024-11-14 06:00:00;9651.135;9655.961;9636.302;9636.94;0.25257;GBR.IDXEUR
2024-11-14 07:00:00;9636.824;9655.42;9625.682;9653.812;0.478629;GBR.IDXEUR
2024-11-14 08:00:00;9653.783;9661.763;9632.388;9659.178;1.163365;GBR.IDXEUR
2024-11-14 09:00:00;9659.294;9677.821;9658.689;9671.515;0.648465;GBR.IDXEUR
2024-11-14 10:00:00;9671.631;9682.904;9669.93;9682.685;0.445515;GBR.IDXEUR
2024-11-14 11:00:00;9682.685;9706.222;9680.184;9704.338;0.690185;GBR.IDXEUR
2024-11-14 12:00:00;9704.327;9707.118;9688.281;9696.679;0.32225;GBR.IDXEUR
2024-11-14 13:00:00;9697.029;9712.499;9692.305;9708.091;0.775755;GBR.IDXEUR
2024-11-14 14:00:00;9708.207;9725.211;9693.651;9696.551;0.79523;GBR.IDXEUR
2024-11-14 15:00:00;9697.728;9705.999;9676.461;9694.392;0.50347;GBR.IDXEUR
2024-11-14 16:00:00;9694.508;9707.91;9689.227;9701.874;0.417765;GBR.IDXEUR
2024-11-14 17:00:00;9701.885;9702.61;9678.681;9696.548;0.260815;GBR.IDXEUR
2024-11-14 18:00:00;9696.664;9705.569;9692.028;9692.181;0.190235;GBR.IDXEUR
2024-11-14 19:00:00;9692.181;9714.28;9691.554;9709.138;0.1691;GBR.IDXEUR
2024-11-14 20:00:00;9709.489;9711.358;9684.336;9695.842;0.476845;GBR.IDXEUR
2024-11-14 21:00:00;9695.959;9695.959;9674.98;9677.552;0.046262;GBR.IDXEUR
2024-11-14 23:00:00;9687.374;9687.557;9673.209;9683.962;0.056325;GBR.IDXEUR
2024-11-15 00:00:00;9683.106;9684.442;9668.911;9670.379;0.097578;GBR.IDXEUR
2024-11-15 01:00:00;9673.68;9686.603;9672.093;9677.455;0.144048;GBR.IDXEUR
2024-11-15 02:00:00;9677.433;9685.986;9672.314;9685.516;0.113238;GBR.IDXEUR
2024-11-15 03:00:00;9685.531;9692.32;9679.883;9686.438;0.091152;GBR.IDXEUR
2024-11-15 04:00:00;9686.205;9687.553;9679.036;9683.83;0.08961;GBR.IDXEUR
2024-11-15 05:00:00;9683.72;9688.35;9671.852;9674.416;0.09594;GBR.IDXEUR
2024-11-15 06:00:00;9674.532;9674.699;9653.981;9665.332;0.092952;GBR.IDXEUR
2024-11-15 07:00:00;9665.452;9668.46;9633.771;9633.771;0.246453;GBR.IDXEUR
2024-11-15 08:00:00;9633.881;9667.965;9633.822;9667.054;0.642525;GBR.IDXEUR
2024-11-15 09:00:00;9667.489;9682.285;9659.638;9680.729;0.87208;GBR.IDXEUR
2024-11-15 10:00:00;9680.845;9695.609;9660.022;9687.474;0.66686;GBR.IDXEUR
2024-11-15 11:00:00;9687.474;9696.044;9673.759;9675.195;0.78627;GBR.IDXEUR
2024-11-15 12:00:00;9676.138;9694.493;9674.677;9686.403;0.759675;GBR.IDXEUR
2024-11-15 13:00:00;9686.127;9687.515;9652.772;9668.593;1.291205;GBR.IDXEUR
2024-11-15 14:00:00;9669.035;9689.314;9664.758;9678.104;1.22741;GBR.IDXEUR
2024-11-15 15:00:00;9678.43;9687.737;9653.095;9667.105;1.150785;GBR.IDXEUR
2024-11-15 16:00:00;9667.105;9670.915;9643.918;9647.181;0.52012;GBR.IDXEUR
2024-11-15 17:00:00;9647.343;9650.034;9633.279;9643.496;0.311535;GBR.IDXEUR
2024-11-15 18:00:00;9643.381;9649.296;9630.711;9636.31;0.245725;GBR.IDXEUR
2024-11-15 19:00:00;9636.425;9656.034;9633.074;9650.124;0.233105;GBR.IDXEUR
2024-11-15 20:00:00;9649.87;9679.042;9648.717;9675.084;0.245425;GBR.IDXEUR
2024-11-15 21:00:00;9675.07;9675.935;9674.826;9675.935;0.00066;GBR.IDXEUR
2024-11-17 23:00:00;9666.341;9672.896;9662.151;9672.451;0.053109;GBR.IDXEUR
2024-11-18 00:00:00;9672.793;9688.39;9669.963;9684.615;0.092361;GBR.IDXEUR
2024-11-18 01:00:00;9695.915;9696.195;9679.637;9684.808;0.153492;GBR.IDXEUR
2024-11-18 02:00:00;9684.576;9688.016;9676.052;9685.147;0.129228;GBR.IDXEUR
2024-11-18 03:00:00;9685.031;9688.843;9680.51;9685.637;0.10194;GBR.IDXEUR
2024-11-18 04:00:00;9685.637;9695.225;9684.694;9693.162;0.072864;GBR.IDXEUR
2024-11-18 05:00:00;9693.162;9693.75;9677.789;9682.64;0.100746;GBR.IDXEUR
2024-11-18 06:00:00;9682.64;9687.728;9676.29;9684.984;0.079218;GBR.IDXEUR
2024-11-18 07:00:00;9684.984;9686.411;9644.123;9650.208;0.216247;GBR.IDXEUR
2024-11-18 08:00:00;9652.362;9683.659;9652.362;9671.115;0.963742;GBR.IDXEUR
2024-11-18 09:00:00;9670.37;9672.251;9642.003;9657.567;1.02514;GBR.IDXEUR
2024-11-18 10:00:00;9657.683;9680.371;9654.162;9678.092;0.73471;GBR.IDXEUR
2024-11-18 11:00:00;9678.092;9683.735;9660.845;9666.211;0.744165;GBR.IDXEUR
2024-11-18 12:00:00;9666.211;9673.012;9647.818;9648.238;0.757475;GBR.IDXEUR
2024-11-18 13:00:00;9648.238;9657.332;9633.669;9642.66;0.71304;GBR.IDXEUR
2024-11-18 14:00:00;9642.074;9672.135;9632.702;9651.867;0.57856;GBR.IDXEUR
2024-11-18 15:00:00;9651.867;9687.74;9651.15;9683.072;0.625405;GBR.IDXEUR
2024-11-18 16:00:00;9683.654;9710.536;9683.654;9700.013;0.526445;GBR.IDXEUR
2024-11-18 17:00:00;9700.013;9717.437;9698.976;9716.822;0.2322;GBR.IDXEUR
2024-11-18 18:00:00;9716.59;9721.022;9695.776;9708.166;0.183555;GBR.IDXEUR
2024-11-18 19:00:00;9708.166;9711.397;9697.211;9705.456;0.19959;GBR.IDXEUR
2024-11-18 20:00:00;9705.572;9707.332;9698.673;9704.66;0.12924;GBR.IDXEUR
2024-11-18 21:00:00;9704.798;9706.216;9695.112;9698.698;0.014764;GBR.IDXEUR
2024-11-18 23:00:00;9699.401;9705.468;9690.198;9705.144;0.05211;GBR.IDXEUR
2024-11-19 00:00:00;9705.118;9719.497;9704.136;9708.405;0.108834;GBR.IDXEUR
2024-11-19 01:00:00;9714.945;9726.682;9703.953;9724.635;0.12453;GBR.IDXEUR
2024-11-19 02:00:00;9724.657;9729.761;9718.197;9729.517;0.10746;GBR.IDXEUR
2024-11-19 03:00:00;9729.517;9753.182;9729.404;9751.626;0.099306;GBR.IDXEUR
2024-11-19 04:00:00;9751.608;9754.374;9743.716;9745.515;0.082632;GBR.IDXEUR
2024-11-19 05:00:00;9745.515;9745.739;9732.827;9742.527;0.093486;GBR.IDXEUR
2024-11-19 06:00:00;9742.294;9745.416;9732.085;9733.017;0.079302;GBR.IDXEUR
2024-11-19 07:00:00;9733.017;9751.179;9724.749;9732.942;0.212323;GBR.IDXEUR
2024-11-19 08:00:00;9733.175;9756.674;9709.784;9724.043;1.398681;GBR.IDXEUR
2024-11-19 09:00:00;9723.926;9728.814;9654.361;9659.127;1.917026;GBR.IDXEUR
2024-11-19 10:00:00;9659.011;9676.962;9649.24;9663.857;1.27702;GBR.IDXEUR
2024-11-19 11:00:00;9663.554;9673.849;9648.285;9656.849;0.947735;GBR.IDXEUR
2024-11-19 12:00:00;9656.964;9670.142;9654.982;9668.126;0.725735;GBR.IDXEUR
2024-11-19 13:00:00;9668.126;9669.616;9623.323;9623.73;1.07323;GBR.IDXEUR
2024-11-19 14:00:00;9623.705;9651.362;9614.304;9644.304;1.63407;GBR.IDXEUR
2024-11-19 15:00:00;9644.189;9672.778;9641.087;9669.391;1.29293;GBR.IDXEUR
2024-11-19 16:00:00;9669.722;9706.012;9667.986;9697.433;0.460265;GBR.IDXEUR
2024-11-19 17:00:00;9697.531;9701.72;9685.18;9691.731;0.2736;GBR.IDXEUR
2024-11-19 18:00:00;9691.847;9703.72;9687.232;9702.856;0.19906;GBR.IDXEUR
2024-11-19 19:00:00;9702.973;9705.189;9680.642;9682.56;0.32296;GBR.IDXEUR
2024-11-19 20:00:00;9682.56;9694.243;9678.72;9687.222;0.352815;GBR.IDXEUR
2024-11-19 21:00:00;9687.106;9695.819;9683.517;9691.87;0.04027;GBR.IDXEUR
2024-11-19 23:00:00;9680.895;9695.332;9680.693;9694.255;0.048639;GBR.IDXEUR
2024-11-20 00:00:00;9694.364;9706.79;9690.819;9699.267;0.077991;GBR.IDXEUR
2024-11-20 01:00:00;9701.386;9701.502;9679.341;9691.893;0.11208;GBR.IDXEUR
2024-11-20 02:00:00;9691.875;9706.15;9691.875;9704.444;0.095274;GBR.IDXEUR
2024-11-20 03:00:00;9704.466;9705.692;9690.908;9694.058;0.08199;GBR.IDXEUR
2024-11-20 04:00:00;9694.043;9701.623;9693.347;9699.65;0.059724;GBR.IDXEUR
2024-11-20 05:00:00;9699.65;9703.129;9695.393;9700.733;0.072729;GBR.IDXEUR
2024-11-20 06:00:00;9700.617;9722.233;9698.039;9708.612;0.085527;GBR.IDXEUR
2024-11-20 07:00:00;9708.031;9729.335;9686.061;9724.194;0.328875;GBR.IDXEUR
2024-11-20 08:00:00;9724.361;9756.851;9721.191;9746.76;0.984124;GBR.IDXEUR
2024-11-20 09:00:00;9746.994;9748.85;9726.041;9735.718;0.92605;GBR.IDXEUR
2024-11-20 10:00:00;9735.835;9747.775;9727.729;9728.898;0.92685;GBR.IDXEUR
2024-11-20 11:00:00;9728.587;9729.985;9713.877;9719.115;0.84738;GBR.IDXEUR
2024-11-20 12:00:00;9718.537;9732.106;9703.923;9730.296;0.720615;GBR.IDXEUR
2024-11-20 13:00:00;9730.296;9745.866;9729.586;9736.613;0.329785;GBR.IDXEUR
2024-11-20 14:00:00;9736.73;9738.527;9703.27;9711.819;1.151335;GBR.IDXEUR
2024-11-20 15:00:00;9712.163;9737.112;9701.029;9733.811;1.321365;GBR.IDXEUR
2024-11-20 16:00:00;9733.434;9737.444;9709.074;9729.437;1.076975;GBR.IDXEUR
2024-11-20 17:00:00;9729.255;9732.35;9705.091;9709.531;0.76601;GBR.IDXEUR
2024-11-20 18:00:00;9709.414;9713.976;9694.946;9699.283;0.657805;GBR.IDXEUR
2024-11-20 19:00:00;9699.283;9709.767;9692.988;9704.916;0.47021;GBR.IDXEUR
2024-11-20 20:00:00;9704.327;9731.477;9701.026;9731.477;0.499645;GBR.IDXEUR
2024-11-20 21:00:00;9731.192;9738.075;9726.567;9732.086;0.057758;GBR.IDXEUR
2024-11-20 23:00:00;9723.199;9734.575;9709.855;9730.375;0.109101;GBR.IDXEUR
2024-11-21 00:00:00;9730.786;9733.436;9697.478;9698.847;0.172377;GBR.IDXEUR
2024-11-21 01:00:00;9713.046;9719.497;9707.886;9710.17;0.127083;GBR.IDXEUR
2024-11-21 02:00:00;9710.053;9722.415;9709.228;9712.648;0.084336;GBR.IDXEUR
2024-11-21 03:00:00;9712.532;9720.921;9711.106;9714.726;0.077562;GBR.IDXEUR
2024-11-21 04:00:00;9714.61;9719.969;9710.193;9715.709;0.060588;GBR.IDXEUR
2024-11-21 05:00:00;9715.476;9723.351;9713.684;9721.69;0.091575;GBR.IDXEUR
2024-11-21 06:00:00;9721.34;9738.266;9718.827;9737.06;0.11592;GBR.IDXEUR
2024-11-21 07:00:00;9737.06;9748.108;9713.666;9718.218;0.610749;GBR.IDXEUR
2024-11-21 08:00:00;9718.452;9734.1;9692.416;9705.075;1.108835;GBR.IDXEUR
2024-11-21 09:00:00;9705.075;9714.341;9679.733;9712.355;1.28476;GBR.IDXEUR
2024-11-21 10:00:00;9711.736;9727.617;9702.929;9726.95;0.74032;GBR.IDXEUR
2024-11-21 11:00:00;9726.932;9757.285;9725.978;9742.282;0.380005;GBR.IDXEUR
2024-11-21 12:00:00;9742.4;9756.42;9731.598;9738.608;0.42316;GBR.IDXEUR
2024-11-21 13:00:00;9738.725;9755.695;9736.59;9746.488;0.99161;GBR.IDXEUR
2024-11-21 14:00:00;9746.371;9760.457;9725.897;9742.507;0.807345;GBR.IDXEUR
2024-11-21 15:00:00;9742.507;9788.032;9733.286;9783.497;1.26146;GBR.IDXEUR
2024-11-21 16:00:00;9782.768;9799.407;9777.402;9786.665;0.729295;GBR.IDXEUR
2024-11-21 17:00:00;9786.665;9819.589;9784.39;9815.286;0.262745;GBR.IDXEUR
2024-11-21 18:00:00;9815.286;9827.26;9812.961;9816.602;0.18208;GBR.IDXEUR
2024-11-21 19:00:00;9816.719;9827.935;9813.576;9824.363;0.144265;GBR.IDXEUR
2024-11-21 20:00:00;9824.481;9839.979;9822.532;9832.503;0.13301;GBR.IDXEUR
2024-11-21 21:00:00;9832.871;9832.871;9824.964;9827.683;0.035645;GBR.IDXEUR
2024-11-21 23:00:00;9818.217;9826.306;9813.08;9820.248;0.096987;GBR.IDXEUR
2024-11-22 00:00:00;9819.87;9831.885;9816.742;9825.041;0.139287;GBR.IDXEUR
2024-11-22 01:00:00;9824.943;9851.891;9824.589;9847.289;0.124386;GBR.IDXEUR
2024-11-22 02:00:00;9847.056;9851.409;9841.652;9849.83;0.120492;GBR.IDXEUR
2024-11-22 03:00:00;9849.604;9854.15;9832.606;9838.732;0.125298;GBR.IDXEUR
2024-11-22 04:00:00;9838.732;9847.01;9838.232;9840.397;0.108948;GBR.IDXEUR
2024-11-22 05:00:00;9840.279;9841.346;9824.834;9825.069;0.124614;GBR.IDXEUR
2024-11-22 06:00:00;9825.069;9832.317;9819.729;9822.752;0.087189;GBR.IDXEUR
2024-11-22 07:00:00;9822.163;9841.233;9812.984;9836.297;0.293375;GBR.IDXEUR
2024-11-22 08:00:00;9836.312;9864.459;9829.359;9862.959;0.73678;GBR.IDXEUR
2024-11-22 09:00:00;9862.959;9917.453;9830.185;9866.768;1.514185;GBR.IDXEUR
2024-11-22 10:00:00;9866.768;9881.571;9848.823;9864.151;1.60719;GBR.IDXEUR
2024-11-22 11:00:00;9864.269;9871.118;9850.861;9862.964;1.579364;GBR.IDXEUR
2024-11-22 12:00:00;9862.845;9898.975;9862.577;9896.94;1.322128;GBR.IDXEUR
2024-11-22 13:00:00;9896.583;9905.756;9883.704;9894.583;1.40214;GBR.IDXEUR
2024-11-22 14:00:00;9894.583;9944.736;9889.604;9943.658;1.454478;GBR.IDXEUR
2024-11-22 15:00:00;9943.419;9962.698;9933.163;9946.717;1.748888;GBR.IDXEUR
2024-11-22 16:00:00;9946.597;9956.613;9940.668;9952.079;1.125588;GBR.IDXEUR
2024-11-22 17:00:00;9952.079;9955.774;9937.986;9950.944;0.732132;GBR.IDXEUR
2024-11-22 18:00:00;9951.063;9954.81;9944.041;9950.593;0.52212;GBR.IDXEUR
2024-11-22 19:00:00;9950.89;9959.805;9942.608;9951.904;0.4729;GBR.IDXEUR
2024-11-22 20:00:00;9952.144;9955.017;9930.718;9952.7;0.604994;GBR.IDXEUR
2024-11-22 21:00:00;9952.987;9952.987;9952.584;9952.584;0.00072;GBR.IDXEUR
2024-11-24 23:00:00;9965.217;9981.469;9956.74;9975.677;0.148056;GBR.IDXEUR
2024-11-25 00:00:00;9975.897;9988.395;9969.139;9981.398;0.130773;GBR.IDXEUR
2024-11-25 01:00:00;9990.924;9994.019;9961.959;9966.613;0.063537;GBR.IDXEUR
2024-11-25 02:00:00;9966.852;9968.929;9955.438;9956.437;0.057546;GBR.IDXEUR
2024-11-25 03:00:00;9956.044;9964.468;9954.284;9960.748;0.054738;GBR.IDXEUR
2024-11-25 04:00:00;9960.748;9964.61;9956.166;9960.25;0.04158;GBR.IDXEUR
2024-11-25 05:00:00;9960.37;9963.95;9949.565;9960.373;0.055614;GBR.IDXEUR
2024-11-25 06:00:00;9960.253;9960.253;9940.794;9949.054;0.055701;GBR.IDXEUR
2024-11-25 07:00:00;9949.054;9970.829;9944.383;9965.491;0.216883;GBR.IDXEUR
2024-11-25 08:00:00;9965.371;9982.392;9939.91;9940.978;0.746248;GBR.IDXEUR
2024-11-25 09:00:00;9940.739;9957.184;9929.658;9931.353;1.130396;GBR.IDXEUR
2024-11-25 10:00:00;9931.591;9942.241;9919.357;9923.277;0.826312;GBR.IDXEUR
2024-11-25 11:00:00;9923.158;9933.981;9916.771;9920.807;0.789552;GBR.IDXEUR
2024-11-25 12:00:00;9920.526;9936.379;9911.533;9936.021;0.82602;GBR.IDXEUR
2024-11-25 13:00:00;9936.021;9941.223;9924.725;9930.708;1.025222;GBR.IDXEUR
2024-11-25 14:00:00;9930.324;9943.518;9903.142;9936.152;1.210764;GBR.IDXEUR
2024-11-25 15:00:00;9936.015;9950.071;9923.298;9937.36;0.95134;GBR.IDXEUR
2024-11-25 16:00:00;9937.241;9945.239;9920.572;9923.808;1.19635;GBR.IDXEUR
2024-11-25 17:00:00;9924.046;9929.65;9902.586;9913.54;0.66916;GBR.IDXEUR
2024-11-25 18:00:00;9913.259;9931.472;9912.651;9931.33;0.52368;GBR.IDXEUR
2024-11-25 19:00:00;9931.33;9937.072;9926.378;9933.615;0.34164;GBR.IDXEUR
2024-11-25 20:00:00;9933.615;9942.84;9923.719;9924.726;0.308176;GBR.IDXEUR
2024-11-25 21:00:00;9924.958;9933.47;9914.987;9930.446;0.013382;GBR.IDXEUR
2024-11-25 23:00:00;9928.114;9941.171;9905.507;9928.163;0.141321;GBR.IDXEUR
2024-11-26 00:00:00;9928.523;9929.739;9892.558;9899.107;0.203235;GBR.IDXEUR
2024-11-26 01:00:00;9899.107;9901.597;9865.843;9893.511;0.084771;GBR.IDXEUR
2024-11-26 02:00:00;9893.783;9902.659;9893.665;9898.361;0.059169;GBR.IDXEUR
2024-11-26 03:00:00;9898.242;9904.025;9897.618;9903.558;0.04185;GBR.IDXEUR
2024-11-26 04:00:00;9903.677;9908.183;9891.551;9893.817;0.033849;GBR.IDXEUR
2024-11-26 05:00:00;9893.698;9898.019;9889.733;9891.788;0.036612;GBR.IDXEUR
2024-11-26 06:00:00;9891.907;9897.397;9888.588;9891.208;0.039987;GBR.IDXEUR
2024-11-26 07:00:00;9891.208;9915.606;9877.614;9898.567;0.538356;GBR.IDXEUR
2024-11-26 08:00:00;9898.946;9908.786;9865.989;9871.77;1.211366;GBR.IDXEUR
2024-11-26 09:00:00;9872.08;9888.682;9864.123;9883.211;1.231006;GBR.IDXEUR
2024-11-26 10:00:00;9882.813;9894.832;9875.873;9891.276;0.738156;GBR.IDXEUR
2024-11-26 11:00:00;9891.624;9903.034;9887.33;9894.128;0.314902;GBR.IDXEUR
2024-11-26 12:00:00;9894.009;9918.83;9890.223;9917.873;0.403312;GBR.IDXEUR
2024-11-26 13:00:00;9917.992;9926.375;9909.029;9919.083;0.408732;GBR.IDXEUR
2024-11-26 14:00:00;9919.468;9931.386;9891.601;9894.501;0.752602;GBR.IDXEUR
2024-11-26 15:00:00;9894.145;9902.689;9871.051;9899.88;0.529328;GBR.IDXEUR
2024-11-26 16:00:00;9899.88;9906.441;9883.641;9888.852;0.500536;GBR.IDXEUR
2024-11-26 17:00:00;9888.97;9901.229;9880.488;9894.831;0.180216;GBR.IDXEUR
2024-11-26 18:00:00;9894.594;9898.965;9889.898;9897.633;0.121596;GBR.IDXEUR
2024-11-26 19:00:00;9896.803;9909.947;9891.017;9903.981;0.159636;GBR.IDXEUR
2024-11-26 20:00:00;9903.629;9912.846;9900.519;9903.393;0.11898;GBR.IDXEUR
2024-11-26 21:00:00;9903.361;9909.225;9900.943;9908.38;0.029856;GBR.IDXEUR
2024-11-26 23:00:00;9902.653;9910.892;9898.421;9906.109;0.016971;GBR.IDXEUR
2024-11-27 00:00:00;9906.084;9909.506;9898.894;9908.453;0.039096;GBR.IDXEUR
2024-11-27 01:00:00;9908.69;9919.462;9904.144;9916.569;0.064506;GBR.IDXEUR
2024-11-27 02:00:00;9916.827;9924.384;9915.368;9916.213;0.060747;GBR.IDXEUR
2024-11-27 03:00:00;9916.213;9919.438;9909.607;9914.17;0.050805;GBR.IDXEUR
2024-11-27 04:00:00;9914.159;9918.447;9911.051;9913.179;0.038313;GBR.IDXEUR
2024-11-27 05:00:00;9913.298;9917.758;9909.452;9909.455;0.03885;GBR.IDXEUR
2024-11-27 06:00:00;9909.71;9920.603;9908.389;9918.668;0.033891;GBR.IDXEUR
2024-11-27 07:00:00;9918.668;9930.231;9913.312;9916.684;0.171316;GBR.IDXEUR
2024-11-27 08:00:00;9914.949;9918.868;9880.818;9909.675;1.354152;GBR.IDXEUR
2024-11-27 09:00:00;9909.556;9921.676;9901.286;9920.883;1.020278;GBR.IDXEUR
2024-11-27 10:00:00;9920.883;9923.434;9901.654;9903.928;0.510714;GBR.IDXEUR
2024-11-27 11:00:00;9903.386;9910.063;9892.339;9903.952;0.648662;GBR.IDXEUR
2024-11-27 12:00:00;9903.613;9909.404;9895.456;9903.839;0.732854;GBR.IDXEUR
2024-11-27 13:00:00;9904.166;9905.533;9873.705;9878.135;1.087478;GBR.IDXEUR
2024-11-27 14:00:00;9877.792;9921.552;9869.338;9913.886;0.906132;GBR.IDXEUR
2024-11-27 15:00:00;9914.005;9923.251;9904.456;9913.2;0.850968;GBR.IDXEUR
2024-11-27 16:00:00;9913.472;9932.92;9904.401;9906.014;0.972924;GBR.IDXEUR
2024-11-27 17:00:00;9906.434;9907.366;9896.083;9901.346;0.655248;GBR.IDXEUR
2024-11-27 18:00:00;9901.465;9923.967;9899.284;9921.415;0.421608;GBR.IDXEUR
2024-11-27 19:00:00;9921.305;9927.519;9917.78;9924.551;0.32268;GBR.IDXEUR
2024-11-27 20:00:00;9924.551;9932.349;9911.649;9928.526;0.310736;GBR.IDXEUR
2024-11-27 21:00:00;9928.654;9931.118;9922.631;9925.77;0.025416;GBR.IDXEUR
2024-11-27 23:00:00;9922.373;9933.578;9922.373;9931.783;0.065964;GBR.IDXEUR
2024-11-28 00:00:00;9931.783;9938.874;9931.05;9938.249;0.104472;GBR.IDXEUR
2024-11-28 01:00:00;9938.472;9950.887;9933.859;9942.464;0.054294;GBR.IDXEUR
2024-11-28 02:00:00;9942.694;9953.038;9942.222;9950.999;0.053685;GBR.IDXEUR
2024-11-28 03:00:00;9950.527;9950.888;9943.439;9949.068;0.045729;GBR.IDXEUR
2024-11-28 04:00:00;9949.068;9949.317;9941.507;9944.027;0.034668;GBR.IDXEUR
2024-11-28 05:00:00;9943.804;9949.913;9937.0;9949.913;0.023463;GBR.IDXEUR
2024-11-28 06:00:00;9950.033;9953.967;9937.061;9938.731;0.036414;GBR.IDXEUR
2024-11-28 07:00:00;9938.612;9945.285;9935.062;9939.335;0.399789;GBR.IDXEUR
2024-11-28 08:00:00;9939.732;9965.745;9936.592;9943.328;0.51168;GBR.IDXEUR
2024-11-28 09:00:00;9943.447;9972.715;9941.553;9968.03;0.926472;GBR.IDXEUR
2024-11-28 10:00:00;9967.911;9968.951;9937.739;9938.404;0.76821;GBR.IDXEUR
2024-11-28 11:00:00;9938.404;9942.924;9930.55;9939.126;0.785854;GBR.IDXEUR
2024-11-28 12:00:00;9939.245;9945.124;9927.832;9944.194;0.675558;GBR.IDXEUR
2024-11-28 13:00:00;9944.194;9963.556;9939.061;9957.27;0.488698;GBR.IDXEUR
2024-11-28 14:00:00;9957.026;9968.595;9951.715;9952.736;0.27612;GBR.IDXEUR
2024-11-28 15:00:00;9952.736;9954.91;9941.757;9944.221;0.274354;GBR.IDXEUR
2024-11-28 16:00:00;9944.341;9965.971;9940.788;9964.511;0.183902;GBR.IDXEUR
2024-11-28 17:00:00;9964.398;9969.685;9959.929;9967.888;0.063992;GBR.IDXEUR
2024-11-28 18:00:00;9967.888;9968.216;9960.808;9961.143;0.02356;GBR.IDXEUR
2024-11-28 19:00:00;9961.143;9965.374;9960.034;9964.005;0.019936;GBR.IDXEUR
2024-11-28 20:00:00;9964.012;9965.833;9960.653;9963.567;0.023864;GBR.IDXEUR
2024-11-28 21:00:00;9963.563;9963.563;9963.563;9963.563;7.2e-05;GBR.IDXEUR
2024-11-28 23:00:00;9961.05;9962.846;9950.546;9961.999;0.029196;GBR.IDXEUR
2024-11-29 00:00:00;9961.985;9962.361;9943.336;9948.115;0.062721;GBR.IDXEUR
2024-11-29 01:00:00;9948.115;9962.45;9932.04;9962.077;0.11589;GBR.IDXEUR
2024-11-29 02:00:00;9962.102;9964.146;9956.698;9962.451;0.082986;GBR.IDXEUR
2024-11-29 03:00:00;9962.583;9972.537;9961.983;9969.199;0.064254;GBR.IDXEUR
2024-11-29 04:00:00;9969.199;9976.903;9968.687;9974.593;0.057444;GBR.IDXEUR
2024-11-29 05:00:00;9974.582;9976.906;9962.428;9964.243;0.08271;GBR.IDXEUR
2024-11-29 06:00:00;9964.602;9966.439;9953.549;9953.775;0.047442;GBR.IDXEUR
2024-11-29 07:00:00;9953.411;9954.409;9934.392;9937.305;0.241932;GBR.IDXEUR
2024-11-29 08:00:00;9937.305;9973.039;9934.965;9939.514;0.719938;GBR.IDXEUR
2024-11-29 09:00:00;9939.633;9954.055;9933.712;9947.998;0.535466;GBR.IDXEUR
2024-11-29 10:00:00;9947.878;9952.475;9937.854;9940.713;1.0544;GBR.IDXEUR
2024-11-29 11:00:00;9940.127;9960.289;9937.439;9955.387;0.714862;GBR.IDXEUR
2024-11-29 12:00:00;9954.073;9965.244;9937.481;9943.872;0.8332;GBR.IDXEUR
2024-11-29 13:00:00;9943.991;9946.64;9916.639;9924.545;0.881928;GBR.IDXEUR
2024-11-29 14:00:00;9924.783;9944.697;9922.459;9932.786;0.905914;GBR.IDXEUR
2024-11-29 15:00:00;9932.666;9955.138;9930.832;9954.169;1.063416;GBR.IDXEUR
2024-11-29 16:00:00;9954.169;9979.878;9953.548;9974.067;0.485712;GBR.IDXEUR
2024-11-29 17:00:00;9974.308;9994.305;9971.069;9984.939;0.22422;GBR.IDXEUR
2024-11-29 18:00:00;9984.819;9985.18;9975.188;9975.279;0.122652;GBR.IDXEUR
2024-11-29 19:00:00;9975.399;9977.102;9972.276;9975.54;0.155204;GBR.IDXEUR
2024-11-29 20:00:00;9975.42;9975.886;9966.266;9971.084;0.12132;GBR.IDXEUR
2024-11-29 21:00:00;9971.07;9971.19;9971.07;9971.19;0.000216;GBR.IDXEUR
2024-12-01 23:00:00;9976.671;9978.595;9966.682;9971.971;0.041622;GBR.IDXEUR
2024-12-02 00:00:00;9972.535;9982.384;9957.64;9962.612;0.108591;GBR.IDXEUR
2024-12-02 01:00:00;9959.667;9990.423;9959.667;9986.172;0.065919;GBR.IDXEUR
2024-12-02 02:00:00;9986.519;9997.405;9978.947;9992.564;0.053874;GBR.IDXEUR
2024-12-02 03:00:00;9992.805;9996.073;9987.509;9993.073;0.038988;GBR.IDXEUR
2024-12-02 04:00:00;9993.023;10000.67;9991.335;9998.358;0.043752;GBR.IDXEUR
2024-12-02 05:00:00;9998.599;10001.028;9992.057;9992.797;0.049698;GBR.IDXEUR
2024-12-02 06:00:00;9992.793;10006.207;9983.753;9990.988;0.059883;GBR.IDXEUR
2024-12-02 07:00:00;9991.255;10014.625;9985.549;10002.689;0.270163;GBR.IDXEUR
2024-12-02 08:00:00;10002.376;10021.509;9994.971;10014.791;1.162972;GBR.IDXEUR
2024-12-02 09:00:00;10015.033;10024.214;9997.859;10000.027;0.389626;GBR.IDXEUR
2024-12-02 10:00:00;10000.027;10027.008;9995.07;10005.699;0.309612;GBR.IDXEUR
2024-12-02 11:00:00;10005.82;10033.42;10005.82;10027.524;0.75706;GBR.IDXEUR
2024-12-02 12:00:00;10027.645;10049.056;10026.145;10042.54;1.379874;GBR.IDXEUR
2024-12-02 13:00:00;10042.661;10057.317;10035.498;10052.338;1.383858;GBR.IDXEUR
2024-12-02 14:00:00;10052.581;10053.742;9992.538;9994.58;1.056374;GBR.IDXEUR
2024-12-02 15:00:00;9995.221;10007.412;9984.321;10005.233;0.612532;GBR.IDXEUR
2024-12-02 16:00:00;10005.207;10025.163;10002.508;10022.225;0.685764;GBR.IDXEUR
2024-12-02 17:00:00;10022.104;10032.505;10011.257;10027.75;0.16548;GBR.IDXEUR
2024-12-02 18:00:00;10027.871;10037.997;10020.542;10036.214;0.144552;GBR.IDXEUR
2024-12-02 19:00:00;10035.824;10047.051;10030.192;10045.401;0.12522;GBR.IDXEUR
2024-12-02 20:00:00;10045.405;10045.975;10030.061;10031.01;0.197796;GBR.IDXEUR
2024-12-02 21:00:00;10031.252;10037.86;10029.062;10035.228;0.012076;GBR.IDXEUR
2024-12-02 23:00:00;10028.354;10037.263;10028.147;10034.507;0.010662;GBR.IDXEUR
2024-12-03 00:00:00;10034.507;10037.559;10032.943;10033.563;0.042876;GBR.IDXEUR
2024-12-03 01:00:00;10037.788;10040.224;10029.919;10030.67;0.059427;GBR.IDXEUR
2024-12-03 02:00:00;10030.684;10031.513;10023.777;10026.583;0.037665;GBR.IDXEUR
2024-12-03 03:00:00;10026.583;10038.14;10026.583;10034.983;0.046134;GBR.IDXEUR
2024-12-03 04:00:00;10035.023;10038.392;10031.967;10034.174;0.042318;GBR.IDXEUR
2024-12-03 05:00:00;10034.053;10036.219;10029.552;10031.523;0.037638;GBR.IDXEUR
2024-12-03 06:00:00;10031.402;10036.583;10025.993;10029.248;0.03915;GBR.IDXEUR
2024-12-03 07:00:00;10029.248;10038.402;10020.649;10034.643;0.165873;GBR.IDXEUR
2024-12-03 08:00:00;10034.661;10088.648;10033.435;10086.382;0.658368;GBR.IDXEUR
2024-12-03 09:00:00;10086.527;10089.553;10073.498;10087.223;0.526862;GBR.IDXEUR
2024-12-03 10:00:00;10087.345;10091.132;10070.005;10081.611;0.69391;GBR.IDXEUR
2024-12-03 11:00:00;10081.288;10083.494;10065.79;10076.591;0.687396;GBR.IDXEUR
2024-12-03 12:00:00;10076.948;10088.898;10073.552;10085.749;0.62427;GBR.IDXEUR
2024-12-03 13:00:00;10085.871;10101.063;10082.617;10084.591;0.812258;GBR.IDXEUR
2024-12-03 14:00:00;10084.349;10093.484;10057.809;10064.803;1.0624;GBR.IDXEUR
2024-12-03 15:00:00;10064.076;10080.629;10061.056;10062.027;1.276432;GBR.IDXEUR
2024-12-03 16:00:00;10061.906;10086.961;10059.749;10069.578;0.951564;GBR.IDXEUR
2024-12-03 17:00:00;10069.699;10086.365;10064.368;10079.308;0.573672;GBR.IDXEUR
2024-12-03 18:00:00;10079.43;10079.43;10064.774;10068.332;0.549576;GBR.IDXEUR
2024-12-03 19:00:00;10068.454;10074.924;10060.464;10074.924;0.4296;GBR.IDXEUR
2024-12-03 20:00:00;10075.167;10076.122;10065.3;10070.702;0.391712;GBR.IDXEUR
2024-12-03 21:00:00;10070.595;10078.697;10066.238;10077.607;0.02688;GBR.IDXEUR
2024-12-03 23:00:00;10069.524;10076.42;10064.556;10075.882;0.062676;GBR.IDXEUR
2024-12-04 00:00:00;10076.029;10077.138;10071.908;10073.353;0.063315;GBR.IDXEUR
2024-12-04 01:00:00;10067.171;10068.601;10048.456;10052.863;0.192996;GBR.IDXEUR
2024-12-04 02:00:00;10052.984;10060.378;10052.694;10057.369;0.149175;GBR.IDXEUR
2024-12-04 03:00:00;10057.354;10065.038;10054.355;10061.085;0.178092;GBR.IDXEUR
2024-12-04 04:00:00;10061.085;10064.281;10053.959;10062.283;0.156483;GBR.IDXEUR
2024-12-04 05:00:00;10062.526;10071.12;10059.137;10070.784;0.169227;GBR.IDXEUR
2024-12-04 06:00:00;10070.784;10071.653;10059.095;10062.962;0.140391;GBR.IDXEUR
2024-12-04 07:00:00;10062.012;10080.646;10045.358;10079.328;0.479457;GBR.IDXEUR
2024-12-04 08:00:00;10080.009;10086.979;10062.932;10077.175;1.170514;GBR.IDXEUR
2024-12-04 09:00:00;10077.51;10084.008;10047.833;10048.802;1.158476;GBR.IDXEUR
2024-12-04 10:00:00;10049.087;10057.28;10041.225;10049.602;0.520304;GBR.IDXEUR
2024-12-04 11:00:00;10049.602;10066.924;10044.052;10065.368;0.280558;GBR.IDXEUR
2024-12-04 12:00:00;10065.097;10073.574;10061.925;10068.502;0.459864;GBR.IDXEUR
2024-12-04 13:00:00;10068.745;10087.432;10059.45;10081.263;0.86237;GBR.IDXEUR
2024-12-04 14:00:00;10081.141;10092.464;10069.355;10072.452;0.827924;GBR.IDXEUR
2024-12-04 15:00:00;10070.507;10073.79;10038.254;10060.589;1.438576;GBR.IDXEUR
2024-12-04 16:00:00;10060.467;10078.915;10053.755;10069.847;0.600538;GBR.IDXEUR
2024-12-04 17:00:00;10069.847;10070.09;10037.017;10047.67;0.42806;GBR.IDXEUR
2024-12-04 18:00:00;10047.67;10051.194;10031.977;10045.229;0.441492;GBR.IDXEUR
2024-12-04 19:00:00;10045.35;10056.379;10042.654;10054.125;0.731376;GBR.IDXEUR
2024-12-04 20:00:00;10053.882;10063.196;10048.442;10053.6;0.413688;GBR.IDXEUR
2024-12-04 21:00:00;10053.611;10053.733;10046.296;10048.469;0.016768;GBR.IDXEUR
2024-12-04 23:00:00;10049.662;10051.87;10045.173;10046.202;0.061476;GBR.IDXEUR
2024-12-05 00:00:00;10045.959;10045.959;10035.9;10037.772;0.097758;GBR.IDXEUR
2024-12-05 01:00:00;10042.849;10064.459;10039.932;10058.768;0.228837;GBR.IDXEUR
2024-12-05 02:00:00;10059.047;10066.458;10052.179;10053.11;0.232329;GBR.IDXEUR
2024-12-05 03:00:00;10053.353;10056.61;10049.01;10053.291;0.16452;GBR.IDXEUR
2024-12-05 04:00:00;10053.412;10054.082;10043.696;10047.097;0.121482;GBR.IDXEUR
2024-12-05 05:00:00;10047.072;10054.358;10044.418;10054.237;0.187947;GBR.IDXEUR
2024-12-05 06:00:00;10054.48;10060.917;10052.266;10056.994;0.170073;GBR.IDXEUR
2024-12-05 07:00:00;10056.872;10067.548;10052.254;10058.813;0.450936;GBR.IDXEUR
2024-12-05 08:00:00;10058.813;10088.612;10058.32;10084.973;0.877233;GBR.IDXEUR
2024-12-05 09:00:00;10084.973;10088.363;10068.924;10079.022;0.738625;GBR.IDXEUR
2024-12-05 10:00:00;10078.9;10083.449;10059.804;10059.804;1.277065;GBR.IDXEUR
2024-12-05 11:00:00;10060.632;10075.169;10059.078;10066.55;0.7157;GBR.IDXEUR
2024-12-05 12:00:00;10066.546;10070.874;10051.533;10059.767;0.438635;GBR.IDXEUR
2024-12-05 13:00:00;10059.767;10066.164;10050.49;10057.788;0.464755;GBR.IDXEUR
2024-12-05 14:00:00;10057.666;10062.584;10040.101;10055.958;0.51229;GBR.IDXEUR
2024-12-05 15:00:00;10055.958;10069.038;10051.491;10063.658;0.43287;GBR.IDXEUR
2024-12-05 16:00:00;10063.537;10084.587;10058.91;10077.938;0.453945;GBR.IDXEUR
2024-12-05 17:00:00;10077.938;10085.4;10075.138;10084.149;0.184455;GBR.IDXEUR
2024-12-05 18:00:00;10083.906;10086.216;10067.741;10079.678;0.16914;GBR.IDXEUR
2024-12-05 19:00:00;10079.799;10080.506;10071.086;10071.086;0.16998;GBR.IDXEUR
2024-12-05 20:00:00;10070.699;10074.449;10053.801;10055.653;0.145965;GBR.IDXEUR
2024-12-05 21:00:00;10055.774;10055.774;10045.006;10047.674;0.020225;GBR.IDXEUR
2024-12-05 23:00:00;10054.182;10064.729;10051.942;10061.945;0.12471;GBR.IDXEUR
2024-12-06 00:00:00;10061.689;10065.941;10057.71;10065.599;0.22194;GBR.IDXEUR
2024-12-06 01:00:00;10065.16;10065.16;10041.903;10047.0;0.12549;GBR.IDXEUR
2024-12-06 02:00:00;10047.242;10058.328;10042.891;10049.986;0.089874;GBR.IDXEUR
2024-12-06 03:00:00;10050.107;10059.302;10048.656;10053.521;0.072018;GBR.IDXEUR
2024-12-06 04:00:00;10053.763;10053.892;10043.719;10045.776;0.047052;GBR.IDXEUR
2024-12-06 05:00:00;10045.534;10051.695;10043.243;10050.489;0.077724;GBR.IDXEUR
2024-12-06 06:00:00;10050.489;10053.371;10040.702;10042.043;0.075654;GBR.IDXEUR
2024-12-06 07:00:00;10042.297;10066.425;10042.287;10066.304;0.203491;GBR.IDXEUR
2024-12-06 08:00:00;10066.405;10076.207;10047.309;10048.465;1.244185;GBR.IDXEUR
2024-12-06 09:00:00;10048.465;10076.824;10046.528;10059.683;1.089475;GBR.IDXEUR
2024-12-06 10:00:00;10059.585;10078.859;10055.566;10070.421;1.010405;GBR.IDXEUR
2024-12-06 11:00:00;10070.664;10077.181;10056.412;10058.842;0.919065;GBR.IDXEUR
2024-12-06 12:00:00;10059.084;10072.162;10055.353;10065.737;1.170315;GBR.IDXEUR
2024-12-06 13:00:00;10065.615;10076.953;10056.753;10070.823;1.205975;GBR.IDXEUR
2024-12-06 14:00:00;10070.823;10087.546;10034.229;10041.348;0.84387;GBR.IDXEUR
2024-12-06 15:00:00;10041.22;10051.237;10024.073;10027.628;1.07043;GBR.IDXEUR
2024-12-06 16:00:00;10027.579;10030.858;10011.209;10019.488;1.25312;GBR.IDXEUR
2024-12-06 17:00:00;10019.367;10021.455;10005.381;10008.392;1.1655;GBR.IDXEUR
2024-12-06 18:00:00;10008.392;10016.133;10002.964;10011.806;0.782805;GBR.IDXEUR
2024-12-06 19:00:00;10011.927;10014.796;10004.782;10005.418;0.70932;GBR.IDXEUR
2024-12-06 20:00:00;10005.418;10017.753;10002.246;10010.366;0.634845;GBR.IDXEUR
2024-12-06 21:00:00;10010.487;10011.516;10010.487;10011.516;0.00044;GBR.IDXEUR
2024-12-08 23:00:00;10012.94;10030.574;10011.727;10026.834;0.123306;GBR.IDXEUR
2024-12-09 00:00:00;10026.834;10029.756;10016.398;10016.599;0.158196;GBR.IDXEUR
2024-12-09 01:00:00;10015.86;10023.462;10009.235;10023.22;0.085986;GBR.IDXEUR
2024-12-09 02:00:00;10023.462;10030.466;10019.728;10021.782;0.076248;GBR.IDXEUR
2024-12-09 03:00:00;10021.782;10023.104;10016.354;10021.765;0.06609;GBR.IDXEUR
2024-12-09 04:00:00;10021.644;10029.882;10018.635;10028.663;0.075006;GBR.IDXEUR
2024-12-09 05:00:00;10028.542;10033.626;10026.979;10029.883;0.063702;GBR.IDXEUR
2024-12-09 06:00:00;10030.125;10041.221;10028.67;10036.389;0.08697;GBR.IDXEUR
2024-12-09 07:00:00;10036.389;10066.243;10027.069;10062.62;0.30182;GBR.IDXEUR
2024-12-09 08:00:00;10062.127;10086.55;10061.063;10071.187;1.068385;GBR.IDXEUR
2024-12-09 09:00:00;10071.069;10076.797;10063.004;10071.936;1.33677;GBR.IDXEUR
2024-12-09 10:00:00;10072.403;10075.104;10048.562;10060.882;1.192725;GBR.IDXEUR
2024-12-09 11:00:00;10060.633;10080.276;10053.302;10075.774;0.628165;GBR.IDXEUR
2024-12-09 12:00:00;10077.445;10095.14;10074.312;10085.923;0.259525;GBR.IDXEUR
2024-12-09 13:00:00;10085.801;10102.301;10083.241;10095.981;0.287465;GBR.IDXEUR
2024-12-09 14:00:00;10096.101;10110.306;10085.252;10108.768;0.40669;GBR.IDXEUR
2024-12-09 15:00:00;10109.124;10115.38;10087.877;10088.867;1.160115;GBR.IDXEUR
2024-12-09 16:00:00;10088.614;10103.908;10085.458;10100.14;1.24146;GBR.IDXEUR
2024-12-09 17:00:00;10100.173;10100.769;10089.845;10092.983;0.780095;GBR.IDXEUR
2024-12-09 18:00:00;10092.85;10093.855;10082.568;10088.873;0.70563;GBR.IDXEUR
2024-12-09 19:00:00;10088.873;10094.68;10081.105;10084.992;0.65583;GBR.IDXEUR
2024-12-09 20:00:00;10085.343;10085.595;10063.975;10068.695;0.7008;GBR.IDXEUR
2024-12-09 21:00:00;10068.818;10068.818;10055.463;10060.583;0.01971;GBR.IDXEUR
2024-12-09 23:00:00;10064.412;10069.967;10059.577;10066.726;0.050454;GBR.IDXEUR
2024-12-10 00:00:00;10066.726;10070.359;10062.611;10070.208;0.158556;GBR.IDXEUR
2024-12-10 01:00:00;10067.323;10067.323;10039.657;10043.766;0.091746;GBR.IDXEUR
2024-12-10 02:00:00;10043.887;10046.081;10036.993;10040.491;0.081048;GBR.IDXEUR
2024-12-10 03:00:00;10040.491;10047.863;10035.881;10043.251;0.063054;GBR.IDXEUR
2024-12-10 04:00:00;10043.251;10046.302;10039.038;10039.771;0.050742;GBR.IDXEUR
2024-12-10 05:00:00;10039.892;10043.606;10034.553;10041.691;0.07182;GBR.IDXEUR
2024-12-10 06:00:00;10041.812;10051.754;10036.733;10039.409;0.084954;GBR.IDXEUR
2024-12-10 07:00:00;10039.652;10050.674;10036.908;10039.299;0.804922;GBR.IDXEUR
2024-12-10 08:00:00;10039.2;10053.317;10036.282;10044.287;0.936615;GBR.IDXEUR
2024-12-10 09:00:00;10044.166;10060.723;10040.074;10059.133;1.15153;GBR.IDXEUR
2024-12-10 10:00:00;10058.513;10062.094;10049.43;10057.7;0.92876;GBR.IDXEUR
2024-12-10 11:00:00;10057.988;10072.028;10057.689;10068.233;0.732545;GBR.IDXEUR
2024-12-10 12:00:00;10068.111;10074.193;10056.702;10065.146;0.64512;GBR.IDXEUR
2024-12-10 13:00:00;10065.146;10069.721;10057.237;10064.621;0.92645;GBR.IDXEUR
2024-12-10 14:00:00;10064.621;10067.156;10029.801;10043.986;1.07045;GBR.IDXEUR
2024-12-10 15:00:00;10043.864;10052.657;10033.563;10049.062;0.58684;GBR.IDXEUR
2024-12-10 16:00:00;10049.184;10052.307;10033.761;10040.203;0.31781;GBR.IDXEUR
2024-12-10 17:00:00;10040.446;10042.276;10030.22;10030.872;0.17714;GBR.IDXEUR
2024-12-10 18:00:00;10031.115;10036.794;10021.28;10031.21;0.163625;GBR.IDXEUR
2024-12-10 19:00:00;10031.089;10038.972;10025.631;10036.203;0.16092;GBR.IDXEUR
2024-12-10 20:00:00;10036.081;10036.715;10008.266;10009.649;0.159525;GBR.IDXEUR
2024-12-10 21:00:00;10009.892;10016.568;10005.48;10015.58;0.032539;GBR.IDXEUR
2024-12-10 23:00:00;10016.078;10017.983;10011.059;10017.145;0.069918;GBR.IDXEUR
2024-12-11 00:00:00;10017.023;10017.145;10009.129;10016.145;0.063318;GBR.IDXEUR
2024-12-11 01:00:00;10008.432;10012.182;10002.703;10006.578;0.090558;GBR.IDXEUR
2024-12-11 02:00:00;10006.581;10008.871;10000.905;10002.706;0.115794;GBR.IDXEUR
2024-12-11 03:00:00;10002.489;10010.608;9998.693;10007.322;0.077022;GBR.IDXEUR
2024-12-11 04:00:00;10007.322;10007.682;9998.564;10003.578;0.058374;GBR.IDXEUR
2024-12-11 05:00:00;10003.699;10007.214;9998.576;10005.604;0.076356;GBR.IDXEUR
2024-12-11 06:00:00;10005.482;10026.474;10004.625;10016.763;0.072618;GBR.IDXEUR
2024-12-11 07:00:00;10016.52;10020.305;9994.928;10009.646;0.336581;GBR.IDXEUR
2024-12-11 08:00:00;10010.018;10030.5;10006.208;10023.194;1.102515;GBR.IDXEUR
2024-12-11 09:00:00;10023.633;10032.14;10017.749;10024.564;1.44591;GBR.IDXEUR
2024-12-11 10:00:00;10025.757;10042.777;10023.23;10040.769;1.131615;GBR.IDXEUR
2024-12-11 11:00:00;10040.769;10057.862;10039.197;10051.632;0.990605;GBR.IDXEUR
2024-12-11 12:00:00;10051.917;10067.788;10046.562;10066.543;0.954005;GBR.IDXEUR
2024-12-11 13:00:00;10066.543;10090.663;10061.972;10085.603;1.742665;GBR.IDXEUR
2024-12-11 14:00:00;10085.48;10103.607;10076.689;10088.352;1.604545;GBR.IDXEUR
2024-12-11 15:00:00;10088.352;10091.77;10069.569;10078.4;1.40772;GBR.IDXEUR
2024-12-11 16:00:00;10078.4;10092.393;10072.356;10088.957;0.60841;GBR.IDXEUR
2024-12-11 17:00:00;10088.942;10099.953;10081.776;10097.013;0.209985;GBR.IDXEUR
2024-12-11 18:00:00;10097.028;10101.618;10091.605;10092.943;0.17973;GBR.IDXEUR
2024-12-11 19:00:00;10092.943;10108.418;10092.224;10107.822;0.16164;GBR.IDXEUR
2024-12-11 20:00:00;10107.815;10109.882;10102.206;10107.211;0.112275;GBR.IDXEUR
2024-12-11 21:00:00;10106.593;10106.715;10094.165;10097.46;0.03618;GBR.IDXEUR
2024-12-11 23:00:00;10093.36;10096.235;10088.861;10096.235;0.08241;GBR.IDXEUR
2024-12-12 00:00:00;10095.705;10097.93;10088.527;10097.783;0.097788;GBR.IDXEUR
2024-12-12 01:00:00;10097.783;10107.542;10093.055;10095.234;0.414594;GBR.IDXEUR
2024-12-12 02:00:00;10095.631;10103.998;10093.033;10098.766;0.34389;GBR.IDXEUR
2024-12-12 03:00:00;10098.766;10104.115;10097.041;10102.173;0.334728;GBR.IDXEUR
2024-12-12 04:00:00;10101.704;10103.537;10097.637;10099.941;0.224976;GBR.IDXEUR
2024-12-12 05:00:00;10099.818;10110.442;10099.818;10108.111;0.346068;GBR.IDXEUR
2024-12-12 06:00:00;10108.356;10111.788;10093.988;10094.579;0.262812;GBR.IDXEUR
2024-12-12 07:00:00;10095.699;10106.108;10085.399;10089.564;0.898477;GBR.IDXEUR
2024-12-12 08:00:00;10090.513;10102.354;10077.66;10098.799;1.313105;GBR.IDXEUR
2024-12-12 09:00:00;10098.677;10104.897;10091.61;10096.954;1.52208;GBR.IDXEUR
2024-12-12 10:00:00;10096.832;10107.073;10088.213;10105.258;0.8783;GBR.IDXEUR
2024-12-12 11:00:00;10105.225;10113.492;10082.83;10086.363;0.26245;GBR.IDXEUR
2024-12-12 12:00:00;10086.117;10092.689;10068.81;10078.952;0.28105;GBR.IDXEUR
2024-12-12 13:00:00;10078.708;10095.631;10069.831;10084.375;0.566215;GBR.IDXEUR
2024-12-12 14:00:00;10084.375;10091.263;10056.287;10068.004;0.685995;GBR.IDXEUR
2024-12-12 15:00:00;10067.86;10073.357;10054.543;10069.423;0.510865;GBR.IDXEUR
2024-12-12 16:00:00;10069.545;10071.105;10039.506;10041.431;0.412465;GBR.IDXEUR
2024-12-12 17:00:00;10041.431;10058.872;10040.455;10048.845;0.250755;GBR.IDXEUR
2024-12-12 18:00:00;10048.845;10051.016;10034.46;10036.295;0.22557;GBR.IDXEUR
2024-12-12 19:00:00;10036.417;10045.736;10028.148;10034.09;0.21798;GBR.IDXEUR
2024-12-12 20:00:00;10034.108;10042.337;10032.496;10035.654;0.185265;GBR.IDXEUR
2024-12-12 21:00:00;10035.547;10035.79;10025.019;10027.953;0.074278;GBR.IDXEUR
2024-12-12 23:00:00;10051.102;10053.135;10038.929;10040.262;0.087924;GBR.IDXEUR
2024-12-13 00:00:00;10040.265;10047.272;10035.185;10041.847;0.15261;GBR.IDXEUR
2024-12-13 01:00:00;10035.315;10035.558;10028.617;10030.328;0.11871;GBR.IDXEUR
2024-12-13 02:00:00;10030.085;10032.531;10019.571;10032.288;0.10041;GBR.IDXEUR
2024-12-13 03:00:00;10032.035;10033.636;10026.328;10031.431;0.08127;GBR.IDXEUR
2024-12-13 04:00:00;10031.309;10040.766;10029.515;10037.382;0.063108;GBR.IDXEUR
2024-12-13 05:00:00;10037.746;10038.239;10028.757;10030.249;0.060372;GBR.IDXEUR
2024-12-13 06:00:00;10030.128;10040.875;10030.077;10040.133;0.087102;GBR.IDXEUR
2024-12-13 07:00:00;10039.769;10055.497;10025.332;10033.191;0.254467;GBR.IDXEUR
2024-12-13 08:00:00;10033.433;10056.21;10029.006;10040.242;0.59886;GBR.IDXEUR
2024-12-13 09:00:00;10039.553;10050.234;10022.961;10026.356;0.407785;GBR.IDXEUR
2024-12-13 10:00:00;10026.115;10034.457;10014.529;10032.638;1.23443;GBR.IDXEUR
2024-12-13 11:00:00;10032.041;10041.234;10029.494;10031.961;0.99575;GBR.IDXEUR
2024-12-13 12:00:00;10031.321;10032.756;10011.288;10015.757;0.80713;GBR.IDXEUR
2024-12-13 13:00:00;10015.757;10021.336;10003.827;10017.749;0.8111;GBR.IDXEUR
2024-12-13 14:00:00;10018.341;10024.445;9981.203;9982.958;0.99691;GBR.IDXEUR
2024-12-13 15:00:00;9983.037;9983.037;9963.337;9970.273;1.166425;GBR.IDXEUR
2024-12-13 16:00:00;9970.153;9988.845;9964.342;9986.955;1.01489;GBR.IDXEUR
2024-12-13 17:00:00;9985.51;9987.788;9965.819;9969.938;0.66265;GBR.IDXEUR
2024-12-13 18:00:00;9970.541;9985.489;9968.464;9977.966;0.51586;GBR.IDXEUR
2024-12-13 19:00:00;9976.745;9985.772;9975.331;9980.639;0.5266;GBR.IDXEUR
2024-12-13 20:00:00;9980.399;9983.591;9971.957;9979.197;0.40596;GBR.IDXEUR
2024-12-13 21:00:00;9978.939;9978.939;9977.346;9977.346;0.0003;GBR.IDXEUR
2024-12-15 23:00:00;9974.815;9983.146;9974.078;9980.334;0.126468;GBR.IDXEUR
2024-12-16 00:00:00;9980.454;9984.632;9973.863;9977.082;0.171678;GBR.IDXEUR
2024-12-16 01:00:00;9979.84;9987.092;9965.702;9978.411;0.194964;GBR.IDXEUR
2024-12-16 02:00:00;9978.411;9978.691;9964.98;9971.452;0.15732;GBR.IDXEUR
2024-12-16 03:00:00;9971.333;9972.76;9963.366;9967.787;0.166656;GBR.IDXEUR
2024-12-16 04:00:00;9967.775;9971.888;9960.965;9960.965;0.197004;GBR.IDXEUR
2024-12-16 05:00:00;9961.085;9964.822;9952.473;9952.841;0.254652;GBR.IDXEUR
2024-12-16 06:00:00;9952.961;9965.221;9952.371;9961.368;0.243348;GBR.IDXEUR
2024-12-16 07:00:00;9961.248;9971.758;9957.004;9967.493;0.413628;GBR.IDXEUR
2024-12-16 08:00:00;9967.612;9987.041;9962.596;9962.596;1.12932;GBR.IDXEUR
2024-12-16 09:00:00;9961.997;9979.311;9955.682;9972.462;1.113965;GBR.IDXEUR
2024-12-16 10:00:00;9972.462;9977.993;9959.442;9977.137;1.0165;GBR.IDXEUR
2024-12-16 11:00:00;9976.793;9985.692;9959.777;9974.095;0.75703;GBR.IDXEUR
2024-12-16 12:00:00;9974.098;9979.317;9966.058;9974.329;0.96606;GBR.IDXEUR
2024-12-16 13:00:00;9974.57;9977.035;9958.316;9963.743;1.079425;GBR.IDXEUR
2024-12-16 14:00:00;9963.99;9988.663;9961.93;9986.531;1.197455;GBR.IDXEUR
2024-12-16 15:00:00;9986.531;10000.305;9980.223;9984.739;1.752305;GBR.IDXEUR
2024-12-16 16:00:00;9985.661;9988.474;9973.117;9984.312;1.34129;GBR.IDXEUR
2024-12-16 17:00:00;9984.312;9984.312;9971.691;9975.417;0.67302;GBR.IDXEUR
2024-12-16 18:00:00;9975.296;9980.304;9968.309;9969.278;0.35432;GBR.IDXEUR
2024-12-16 19:00:00;9967.804;9969.891;9960.558;9966.016;0.3306;GBR.IDXEUR
2024-12-16 20:00:00;9966.016;9966.364;9937.648;9939.042;0.29828;GBR.IDXEUR
2024-12-16 21:00:00;9938.26;9938.307;9929.188;9930.146;0.032148;GBR.IDXEUR
2024-12-16 23:00:00;9931.015;9941.419;9927.444;9936.825;0.104334;GBR.IDXEUR
2024-12-17 00:00:00;9936.705;9942.985;9928.823;9932.469;0.134994;GBR.IDXEUR
2024-12-17 01:00:00;9925.748;9953.971;9925.748;9951.06;0.344772;GBR.IDXEUR
2024-12-17 02:00:00;9951.071;9951.093;9938.766;9939.356;0.291384;GBR.IDXEUR
2024-12-17 03:00:00;9939.338;9942.477;9937.2;9937.805;0.278178;GBR.IDXEUR
2024-12-17 04:00:00;9938.411;9947.039;9938.021;9938.364;0.201618;GBR.IDXEUR
2024-12-17 05:00:00;9938.512;9942.477;9934.403;9935.831;0.262926;GBR.IDXEUR
2024-12-17 06:00:00;9936.111;9936.46;9925.116;9927.052;0.238554;GBR.IDXEUR
2024-12-17 07:00:00;9926.693;9945.545;9926.334;9927.232;0.803403;GBR.IDXEUR
2024-12-17 08:00:00;9928.043;9942.375;9908.96;9923.811;1.27273;GBR.IDXEUR
2024-12-17 09:00:00;9923.691;9947.877;9923.327;9928.759;1.12105;GBR.IDXEUR
2024-12-17 10:00:00;9928.879;9934.826;9911.014;9924.022;0.84161;GBR.IDXEUR
2024-12-17 11:00:00;9924.263;9933.158;9917.381;9919.703;0.65053;GBR.IDXEUR
2024-12-17 12:00:00;9919.703;9922.361;9911.828;9914.13;0.5571;GBR.IDXEUR
2024-12-17 13:00:00;9914.49;9928.412;9908.126;9924.233;0.949235;GBR.IDXEUR
2024-12-17 14:00:00;9924.353;9929.542;9902.747;9926.021;0.42242;GBR.IDXEUR
2024-12-17 16:00:00;9931.101;9935.548;9929.514;9935.548;0.031905;GBR.IDXEUR
2024-12-17 17:00:00;9935.428;9953.926;9929.172;9951.375;0.944345;GBR.IDXEUR
2024-12-17 18:00:00;9951.616;9953.909;9938.874;9949.41;0.73573;GBR.IDXEUR
2024-12-17 19:00:00;9949.289;9954.169;9935.355;9936.249;0.55926;GBR.IDXEUR
2024-12-17 20:00:00;9936.008;9938.54;9927.048;9928.461;0.666185;GBR.IDXEUR
2024-12-17 21:00:00;9928.865;9930.03;9918.788;9922.805;0.021009;GBR.IDXEUR
2024-12-17 23:00:00;9927.023;9927.023;9906.436;9920.781;0.066696;GBR.IDXEUR
2024-12-18 00:00:00;9921.254;9924.292;9915.934;9918.878;0.201558;GBR.IDXEUR
2024-12-18 01:00:00;9918.713;9931.551;9918.387;9919.995;0.05235;GBR.IDXEUR
2024-12-18 02:00:00;9919.875;9924.928;9914.675;9916.154;0.044562;GBR.IDXEUR
2024-12-18 03:00:00;9915.762;9916.354;9898.631;9902.99;0.0399;GBR.IDXEUR
2024-12-18 04:00:00;9902.871;9913.484;9900.405;9910.837;0.072288;GBR.IDXEUR
2024-12-18 05:00:00;9910.823;9914.605;9906.223;9912.766;0.169386;GBR.IDXEUR
2024-12-18 06:00:00;9913.27;9923.529;9912.771;9921.969;0.181572;GBR.IDXEUR
2024-12-18 07:00:00;9922.089;9938.349;9913.253;9930.458;0.762464;GBR.IDXEUR
2024-12-18 08:00:00;9930.578;9936.547;9916.287;9934.573;0.989035;GBR.IDXEUR
2024-12-18 09:00:00;9934.333;9955.376;9932.891;9948.456;0.926375;GBR.IDXEUR
2024-12-18 10:00:00;9948.697;9952.921;9935.955;9945.416;1.05627;GBR.IDXEUR
2024-12-18 11:00:00;9945.416;9952.507;9930.225;9930.849;0.725355;GBR.IDXEUR
2024-12-18 12:00:00;9930.758;9945.428;9928.801;9931.313;0.94853;GBR.IDXEUR
2024-12-18 13:00:00;9931.433;9936.319;9922.203;9925.202;1.068565;GBR.IDXEUR
2024-12-18 14:00:00;9925.191;9941.747;9918.511;9919.963;1.181565;GBR.IDXEUR
2024-12-18 15:00:00;9919.843;9941.694;9915.798;9936.211;1.14017;GBR.IDXEUR
2024-12-18 16:00:00;9936.091;9950.157;9923.054;9945.394;1.13165;GBR.IDXEUR
2024-12-18 17:00:00;9945.515;9953.217;9938.506;9941.642;0.78787;GBR.IDXEUR
2024-12-18 18:00:00;9941.762;9942.362;9932.925;9936.212;0.64413;GBR.IDXEUR
2024-12-18 19:00:00;9936.671;9954.603;9890.739;9894.044;3.302785;GBR.IDXEUR
2024-12-18 20:00:00;9894.165;9912.133;9838.001;9840.541;3.097705;GBR.IDXEUR
2024-12-18 21:00:00;9840.541;9845.678;9787.158;9828.69;0.266342;GBR.IDXEUR
2024-12-18 23:00:00;9854.603;9873.938;9844.18;9852.655;0.33624;GBR.IDXEUR
2024-12-19 00:00:00;9852.754;9868.242;9837.421;9843.904;0.205758;GBR.IDXEUR
2024-12-19 01:00:00;9832.793;9846.862;9825.511;9837.622;0.145548;GBR.IDXEUR
2024-12-19 02:00:00;9837.28;9839.678;9826.194;9826.462;0.096522;GBR.IDXEUR
2024-12-19 03:00:00;9826.462;9832.788;9822.781;9830.756;0.073368;GBR.IDXEUR
2024-12-19 04:00:00;9830.76;9831.983;9823.164;9827.401;0.070806;GBR.IDXEUR
2024-12-19 05:00:00;9827.52;9829.205;9814.215;9814.338;0.060966;GBR.IDXEUR
2024-12-19 06:00:00;9814.576;9832.426;9813.702;9825.742;0.077046;GBR.IDXEUR
2024-12-19 07:00:00;9825.504;9841.939;9813.728;9833.074;0.485456;GBR.IDXEUR
2024-12-19 08:00:00;9833.074;9867.741;9821.558;9865.546;1.201;GBR.IDXEUR
2024-12-19 09:00:00;9865.546;9866.163;9841.99;9843.541;0.7636;GBR.IDXEUR
2024-12-19 10:00:00;9843.421;9849.258;9815.205;9817.268;0.668175;GBR.IDXEUR
2024-12-19 11:00:00;9817.745;9823.482;9807.241;9816.864;0.72298;GBR.IDXEUR
2024-12-19 12:00:00;9816.864;9832.825;9796.658;9830.015;1.380255;GBR.IDXEUR
2024-12-19 13:00:00;9830.015;9840.546;9825.874;9829.315;0.964225;GBR.IDXEUR
2024-12-19 14:00:00;9829.434;9835.864;9794.036;9806.696;1.30858;GBR.IDXEUR
2024-12-19 15:00:00;9806.933;9808.414;9775.288;9796.055;1.632295;GBR.IDXEUR
2024-12-19 16:00:00;9795.72;9819.008;9784.293;9810.851;1.652925;GBR.IDXEUR
2024-12-19 17:00:00;9810.733;9812.6;9784.036;9802.426;1.44144;GBR.IDXEUR
2024-12-19 18:00:00;9802.426;9819.283;9793.465;9818.576;1.08526;GBR.IDXEUR
2024-12-19 19:00:00;9818.576;9822.013;9805.666;9807.452;0.77242;GBR.IDXEUR
2024-12-19 20:00:00;9807.57;9811.401;9778.883;9788.431;0.46504;GBR.IDXEUR
2024-12-19 21:00:00;9788.313;9793.364;9780.023;9780.846;0.087572;GBR.IDXEUR
2024-12-19 23:00:00;9797.257;9797.893;9776.228;9779.034;0.221748;GBR.IDXEUR
2024-12-20 00:00:00;9779.767;9784.46;9745.909;9751.396;0.300954;GBR.IDXEUR
2024-12-20 01:00:00;9764.093;9780.549;9730.708;9732.022;0.5154;GBR.IDXEUR
2024-12-20 02:00:00;9732.011;9747.466;9727.648;9744.151;0.40947;GBR.IDXEUR
2024-12-20 03:00:00;9744.143;9745.7;9717.039;9721.215;0.423426;GBR.IDXEUR
2024-12-20 04:00:00;9721.566;9748.442;9721.566;9747.234;0.33183;GBR.IDXEUR
2024-12-20 05:00:00;9747.224;9750.165;9740.201;9746.236;0.3537;GBR.IDXEUR
2024-12-20 06:00:00;9745.884;9758.746;9744.01;9757.338;0.39537;GBR.IDXEUR
2024-12-20 07:00:00;9757.573;9760.15;9733.3;9738.731;0.771728;GBR.IDXEUR
2024-12-20 08:00:00;9738.586;9741.407;9682.235;9684.398;0.59569;GBR.IDXEUR
2024-12-20 09:00:00;9684.298;9708.992;9676.63;9701.516;1.1866;GBR.IDXEUR
2024-12-20 10:00:00;9701.633;9711.903;9649.93;9660.076;0.679705;GBR.IDXEUR
2024-12-20 11:00:00;9660.696;9670.874;9656.236;9661.713;0.601805;GBR.IDXEUR
2024-12-20 12:00:00;9661.829;9678.213;9651.125;9675.434;0.82067;GBR.IDXEUR
2024-12-20 13:00:00;9675.317;9682.893;9650.277;9659.206;1.05761;GBR.IDXEUR
2024-12-20 14:00:00;9659.439;9725.294;9655.347;9714.042;0.83769;GBR.IDXEUR
2024-12-20 15:00:00;9714.625;9777.685;9714.625;9766.034;0.759985;GBR.IDXEUR
2024-12-20 16:00:00;9766.034;9783.036;9743.395;9777.295;1.08349;GBR.IDXEUR
2024-12-20 17:00:00;9777.601;9790.404;9769.126;9784.513;0.87474;GBR.IDXEUR
2024-12-20 18:00:00;9784.513;9784.75;9760.313;9763.974;0.60945;GBR.IDXEUR
2024-12-20 19:00:00;9764.092;9785.129;9760.834;9766.18;0.556795;GBR.IDXEUR
2024-12-20 20:00:00;9766.297;9770.498;9725.594;9730.505;0.65173;GBR.IDXEUR
2024-12-20 21:00:00;9730.836;9731.593;9730.406;9731.593;0.00064;GBR.IDXEUR
2024-12-22 23:00:00;9729.869;9740.634;9723.862;9739.101;0.074436;GBR.IDXEUR
2024-12-23 00:00:00;9739.105;9742.627;9719.537;9728.359;0.087984;GBR.IDXEUR
2024-12-23 01:00:00;9731.558;9760.992;9728.752;9760.279;0.078549;GBR.IDXEUR
2024-12-23 02:00:00;9760.268;9762.187;9751.504;9761.24;0.074907;GBR.IDXEUR
2024-12-23 03:00:00;9761.261;9762.413;9748.81;9749.322;0.05409;GBR.IDXEUR
2024-12-23 04:00:00;9749.557;9754.897;9744.159;9754.164;0.061371;GBR.IDXEUR
2024-12-23 05:00:00;9754.168;9762.021;9747.913;9749.356;0.069246;GBR.IDXEUR
2024-12-23 06:00:00;9749.59;9753.71;9740.441;9743.355;0.040878;GBR.IDXEUR
2024-12-23 07:00:00;9743.355;9751.806;9726.941;9730.587;0.135669;GBR.IDXEUR
2024-12-23 08:00:00;9730.382;9735.055;9704.591;9733.188;0.351916;GBR.IDXEUR
2024-12-23 09:00:00;9733.071;9773.774;9731.593;9766.713;0.66839;GBR.IDXEUR
2024-12-23 10:00:00;9766.44;9781.391;9760.489;9769.663;0.49585;GBR.IDXEUR
2024-12-23 11:00:00;9769.468;9772.068;9751.261;9753.635;0.288555;GBR.IDXEUR
2024-12-23 12:00:00;9753.607;9773.61;9753.607;9769.189;0.428525;GBR.IDXEUR
2024-12-23 13:00:00;9769.306;9774.131;9743.603;9745.407;0.312595;GBR.IDXEUR
2024-12-23 14:00:00;9745.29;9770.716;9741.912;9756.627;0.87432;GBR.IDXEUR
2024-12-23 15:00:00;9756.509;9763.129;9728.38;9729.515;1.088525;GBR.IDXEUR
2024-12-23 16:00:00;9729.75;9766.061;9728.479;9765.194;0.7194;GBR.IDXEUR
2024-12-23 17:00:00;9764.608;9782.511;9757.904;9782.036;0.519395;GBR.IDXEUR
2024-12-23 18:00:00;9782.036;9784.837;9777.265;9782.107;0.341575;GBR.IDXEUR
2024-12-23 19:00:00;9781.471;9793.961;9778.093;9779.771;0.366645;GBR.IDXEUR
2024-12-23 20:00:00;9779.653;9815.16;9774.843;9802.538;0.396865;GBR.IDXEUR
2024-12-23 21:00:00;9802.538;9806.725;9788.771;9792.041;0.042147;GBR.IDXEUR
2024-12-23 23:00:00;9795.547;9801.631;9786.812;9790.033;0.089988;GBR.IDXEUR
2024-12-24 00:00:00;9790.062;9790.579;9779.825;9785.245;0.103128;GBR.IDXEUR
2024-12-24 01:00:00;9800.068;9809.642;9793.199;9804.142;0.066024;GBR.IDXEUR
2024-12-24 02:00:00;9804.02;9812.599;9802.524;9809.343;0.048465;GBR.IDXEUR
2024-12-24 03:00:00;9809.225;9812.806;9804.755;9812.247;0.053364;GBR.IDXEUR
2024-12-24 04:00:00;9812.128;9816.071;9808.118;9812.098;0.041433;GBR.IDXEUR
2024-12-24 05:00:00;9812.007;9813.097;9806.125;9809.213;0.041607;GBR.IDXEUR
2024-12-24 06:00:00;9809.235;9816.416;9808.753;9814.338;0.019791;GBR.IDXEUR
2024-12-24 07:00:00;9814.219;9825.329;9812.486;9817.522;0.067278;GBR.IDXEUR
2024-12-24 08:00:00;9815.099;9816.945;9793.059;9804.581;0.309189;GBR.IDXEUR
2024-12-24 09:00:00;9804.7;9831.497;9793.66;9820.916;0.238125;GBR.IDXEUR
2024-12-24 10:00:00;9820.679;9830.36;9816.246;9821.443;0.149545;GBR.IDXEUR
2024-12-24 11:00:00;9821.325;9830.234;9814.627;9823.969;0.1587;GBR.IDXEUR
2024-12-24 12:00:00;9824.586;9833.061;9806.73;9815.941;0.200572;GBR.IDXEUR
2024-12-24 13:00:00;9815.941;9823.044;9807.027;9821.494;0.038712;GBR.IDXEUR
2024-12-24 14:00:00;9820.996;9832.494;9810.106;9824.597;0.064116;GBR.IDXEUR
2024-12-24 15:00:00;9824.597;9836.532;9809.402;9820.094;0.077544;GBR.IDXEUR
2024-12-24 16:00:00;9820.331;9821.16;9799.868;9805.772;0.05436;GBR.IDXEUR
2024-12-24 17:00:00;9805.772;9820.871;9802.033;9813.33;0.059208;GBR.IDXEUR
2024-12-24 18:00:00;9813.703;9814.572;9806.112;9813.599;0.012168;GBR.IDXEUR
2024-12-25 23:00:00;9812.603;9816.563;9807.038;9814.884;0.01692;GBR.IDXEUR
2024-12-26 00:00:00;9814.765;9820.117;9813.526;9816.249;0.032676;GBR.IDXEUR
2024-12-26 01:00:00;9816.13;9821.124;9813.687;9818.958;0.025116;GBR.IDXEUR
2024-12-26 02:00:00;9818.717;9821.121;9815.091;9818.842;0.020208;GBR.IDXEUR
2024-12-26 03:00:00;9819.065;9828.001;9818.7;9823.886;0.013488;GBR.IDXEUR
2024-12-26 04:00:00;9824.005;9824.023;9813.683;9813.713;0.02334;GBR.IDXEUR
2024-12-26 05:00:00;9813.823;9823.993;9812.973;9822.532;0.024;GBR.IDXEUR
2024-12-26 06:00:00;9822.414;9822.651;9812.575;9814.062;0.01578;GBR.IDXEUR
2024-12-26 07:00:00;9813.943;9814.697;9807.2;9810.179;0.021216;GBR.IDXEUR
2024-12-26 08:00:00;9810.077;9810.195;9781.648;9793.423;0.038928;GBR.IDXEUR
2024-12-26 09:00:00;9793.825;9797.527;9778.985;9782.88;0.039708;GBR.IDXEUR
2024-12-26 10:00:00;9783.1;9790.114;9770.344;9784.955;0.025404;GBR.IDXEUR
2024-12-26 11:00:00;9784.068;9791.466;9776.751;9790.27;0.022512;GBR.IDXEUR
2024-12-26 12:00:00;9790.121;9795.805;9781.811;9784.764;0.035868;GBR.IDXEUR
2024-12-26 13:00:00;9784.513;9791.787;9774.554;9782.375;0.04986;GBR.IDXEUR
2024-12-26 14:00:00;9782.003;9797.091;9750.488;9783.46;0.079668;GBR.IDXEUR
2024-12-26 15:00:00;9783.945;9789.19;9768.863;9786.529;0.072108;GBR.IDXEUR
2024-12-26 16:00:00;9786.646;9792.762;9777.842;9790.458;0.04134;GBR.IDXEUR
2024-12-26 17:00:00;9790.847;9800.428;9766.318;9785.323;0.04632;GBR.IDXEUR
2024-12-26 18:00:00;9785.44;9798.247;9774.384;9783.168;0.05148;GBR.IDXEUR
2024-12-26 19:00:00;9782.736;9795.355;9773.332;9794.193;0.042564;GBR.IDXEUR
2024-12-26 20:00:00;9794.193;9797.566;9779.605;9783.252;0.03744;GBR.IDXEUR
2024-12-26 21:00:00;9783.718;9788.777;9777.807;9782.26;0.006804;GBR.IDXEUR
2024-12-26 23:00:00;9776.573;9799.289;9776.338;9798.006;0.020436;GBR.IDXEUR
2024-12-27 00:00:00;9798.35;9799.057;9780.236;9782.744;0.03258;GBR.IDXEUR
2024-12-27 01:00:00;9808.392;9808.628;9786.19;9795.813;0.304053;GBR.IDXEUR
2024-12-27 02:00:00;9795.931;9798.771;9790.986;9793.715;0.31182;GBR.IDXEUR
2024-12-27 03:00:00;9793.597;9797.225;9788.116;9790.851;0.273858;GBR.IDXEUR
2024-12-27 04:00:00;9790.851;9794.988;9785.96;9787.585;0.24174;GBR.IDXEUR
2024-12-27 05:00:00;9787.006;9797.681;9786.73;9791.443;0.16608;GBR.IDXEUR
2024-12-27 06:00:00;9791.443;9791.86;9780.875;9781.991;0.12018;GBR.IDXEUR
2024-12-27 07:00:00;9781.756;9796.68;9761.526;9764.624;0.34371;GBR.IDXEUR
2024-12-27 08:00:00;9765.218;9791.6;9751.155;9778.853;0.73771;GBR.IDXEUR
2024-12-27 09:00:00;9778.9;9783.296;9764.991;9776.75;0.621545;GBR.IDXEUR
2024-12-27 10:00:00;9777.031;9791.524;9774.237;9789.213;0.498995;GBR.IDXEUR
2024-12-27 11:00:00;9790.278;9794.65;9781.511;9789.5;0.577205;GBR.IDXEUR
2024-12-27 12:00:00;9789.5;9804.562;9787.463;9796.55;0.254225;GBR.IDXEUR
2024-12-27 13:00:00;9796.432;9799.657;9777.52;9777.552;0.46411;GBR.IDXEUR
2024-12-27 14:00:00;9777.435;9826.87;9776.767;9822.583;0.81031;GBR.IDXEUR
2024-12-27 15:00:00;9822.583;9837.297;9796.901;9834.452;1.238445;GBR.IDXEUR
2024-12-27 16:00:00;9834.636;9836.996;9795.039;9800.029;0.83589;GBR.IDXEUR
2024-12-27 17:00:00;9799.855;9803.376;9778.588;9787.542;0.58189;GBR.IDXEUR
2024-12-27 18:00:00;9787.275;9810.497;9786.976;9809.69;0.41614;GBR.IDXEUR
2024-12-27 19:00:00;9809.69;9827.845;9806.556;9827.023;0.4587;GBR.IDXEUR
2024-12-27 20:00:00;9827.141;9827.375;9795.243;9814.915;0.46534;GBR.IDXEUR
2024-12-27 21:00:00;9815.152;9815.152;9813.009;9813.009;0.00032;GBR.IDXEUR
2024-12-29 23:00:00;9804.485;9807.021;9788.173;9797.044;0.068598;GBR.IDXEUR
2024-12-30 00:00:00;9797.413;9805.164;9785.265;9803.974;0.055368;GBR.IDXEUR
2024-12-30 01:00:00;9804.211;9832.076;9803.856;9831.219;0.176943;GBR.IDXEUR
2024-12-30 02:00:00;9830.982;9830.982;9810.802;9814.425;0.180711;GBR.IDXEUR
2024-12-30 03:00:00;9814.389;9815.984;9810.116;9815.282;0.166572;GBR.IDXEUR
2024-12-30 04:00:00;9815.389;9817.126;9808.278;9815.33;0.119628;GBR.IDXEUR
2024-12-30 05:00:00;9815.367;9817.624;9801.549;9807.423;0.167277;GBR.IDXEUR
2024-12-30 06:00:00;9807.546;9811.208;9793.15;9793.386;0.120003;GBR.IDXEUR
2024-12-30 07:00:00;9793.155;9795.702;9774.678;9793.033;0.292858;GBR.IDXEUR
2024-12-30 08:00:00;9792.914;9803.364;9784.258;9789.519;0.624695;GBR.IDXEUR
2024-12-30 09:00:00;9789.519;9810.654;9787.977;9797.634;0.385105;GBR.IDXEUR
2024-12-30 10:00:00;9797.512;9812.808;9792.614;9807.469;0.457755;GBR.IDXEUR
2024-12-30 11:00:00;9807.587;9817.943;9807.469;9815.745;0.20908;GBR.IDXEUR
2024-12-30 12:00:00;9815.863;9823.928;9789.904;9800.977;0.290065;GBR.IDXEUR
2024-12-30 13:00:00;9801.006;9803.658;9788.303;9799.365;0.579135;GBR.IDXEUR
2024-12-30 14:00:00;9799.365;9809.894;9768.686;9771.587;0.429185;GBR.IDXEUR
2024-12-30 15:00:00;9771.17;9786.3;9759.019;9785.812;0.61269;GBR.IDXEUR
2024-12-30 16:00:00;9785.694;9806.844;9782.649;9790.84;0.62892;GBR.IDXEUR
2024-12-30 17:00:00;9791.166;9818.995;9790.858;9816.885;0.64441;GBR.IDXEUR
2024-12-30 18:00:00;9816.935;9826.161;9810.764;9820.172;0.49633;GBR.IDXEUR
2024-12-30 19:00:00;9819.845;9823.444;9808.344;9821.569;0.491535;GBR.IDXEUR
2024-12-30 20:00:00;9821.278;9826.634;9796.394;9797.804;0.465095;GBR.IDXEUR
2024-12-30 21:00:00;9797.804;9798.515;9777.879;9789.119;0.050971;GBR.IDXEUR
2024-12-30 23:00:00;9790.31;9792.699;9773.809;9791.502;0.037062;GBR.IDXEUR
2024-12-31 00:00:00;9791.747;9793.693;9777.302;9777.941;0.033084;GBR.IDXEUR
2024-12-31 01:00:00;9792.197;9794.457;9778.702;9791.957;0.128076;GBR.IDXEUR
2024-12-31 02:00:00;9791.957;9797.72;9780.265;9786.673;0.0891;GBR.IDXEUR
2024-12-31 03:00:00;9782.058;9786.106;9762.523;9769.51;0.098358;GBR.IDXEUR
2024-12-31 04:00:00;9769.535;9774.173;9763.328;9772.343;0.055572;GBR.IDXEUR
2024-12-31 05:00:00;9772.336;9783.231;9767.673;9782.962;0.046854;GBR.IDXEUR
2024-12-31 06:00:00;9782.962;9783.115;9766.937;9775.801;0.051474;GBR.IDXEUR
2024-12-31 07:00:00;9775.801;9775.801;9759.793;9766.309;0.220701;GBR.IDXEUR
2024-12-31 08:00:00;9766.191;9796.811;9759.687;9794.31;0.37713;GBR.IDXEUR
2024-12-31 09:00:00;9794.074;9817.909;9791.158;9805.27;0.17909;GBR.IDXEUR
2024-12-31 10:00:00;9805.27;9838.028;9804.796;9837.653;0.192955;GBR.IDXEUR
2024-12-31 11:00:00;9837.653;9854.22;9835.026;9846.055;0.182485;GBR.IDXEUR
2024-12-31 12:00:00;9845.737;9861.025;9830.318;9834.696;0.368725;GBR.IDXEUR
2024-12-31 13:00:00;9834.696;9855.072;9826.086;9841.146;0.37308;GBR.IDXEUR
2024-12-31 14:00:00;9841.384;9866.957;9833.576;9863.921;0.55668;GBR.IDXEUR
2024-12-31 15:00:00;9864.04;9879.643;9839.577;9863.877;0.80442;GBR.IDXEUR
2024-12-31 16:00:00;9863.997;9872.366;9842.121;9855.817;0.59568;GBR.IDXEUR
2024-12-31 17:00:00;9855.936;9883.182;9835.761;9882.411;0.44286;GBR.IDXEUR
2024-12-31 18:00:00;9881.564;9882.328;9830.118;9838.8;0.4545;GBR.IDXEUR
2024-12-31 19:00:00;9838.8;9856.705;9823.288;9856.705;0.40632;GBR.IDXEUR
2024-12-31 20:00:00;9856.467;9871.379;9831.18;9844.83;0.4317;GBR.IDXEUR
2025-01-02 23:00:00;9922.597;9924.746;9906.381;9915.001;0.084546;GBR.IDXEUR
2025-01-03 00:00:00;9914.537;9938.839;9911.752;9931.992;0.107025;GBR.IDXEUR
2025-01-03 01:00:00;9934.967;9947.32;9934.132;9945.113;0.182139;GBR.IDXEUR
2025-01-03 02:00:00;9944.883;9960.905;9942.528;9958.772;0.169977;GBR.IDXEUR
2025-01-03 03:00:00;9958.8;9965.732;9956.588;9960.649;0.137034;GBR.IDXEUR
2025-01-03 04:00:00;9960.769;9964.483;9955.641;9956.459;0.089712;GBR.IDXEUR
2025-01-03 05:00:00;9956.467;9958.46;9949.742;9955.622;0.145404;GBR.IDXEUR
2025-01-03 06:00:00;9955.065;9957.332;9948.412;9949.437;0.096975;GBR.IDXEUR
2025-01-03 07:00:00;9949.557;9953.924;9931.062;9939.524;0.433599;GBR.IDXEUR
2025-01-03 08:00:00;9939.643;9969.383;9939.643;9949.215;0.957598;GBR.IDXEUR
2025-01-03 09:00:00;9949.096;9959.719;9942.118;9957.154;0.565735;GBR.IDXEUR
2025-01-03 10:00:00;9957.394;9957.875;9935.488;9941.371;0.570755;GBR.IDXEUR
2025-01-03 11:00:00;9941.131;9952.848;9933.659;9952.338;0.552505;GBR.IDXEUR
2025-01-03 12:00:00;9952.017;9955.384;9939.103;9943.16;0.455105;GBR.IDXEUR
2025-01-03 13:00:00;9943.16;9953.035;9941.351;9948.014;0.648505;GBR.IDXEUR
2025-01-03 14:00:00;9948.9;9955.127;9912.968;9920.108;0.833805;GBR.IDXEUR
2025-01-03 15:00:00;9919.988;9935.39;9903.966;9929.026;0.773735;GBR.IDXEUR
2025-01-03 16:00:00;9929.265;9930.366;9913.471;9921.027;0.336215;GBR.IDXEUR
2025-01-03 17:00:00;9920.787;9924.795;9908.631;9913.977;0.18297;GBR.IDXEUR
2025-01-03 18:00:00;9913.623;9920.545;9911.89;9915.632;0.134375;GBR.IDXEUR
2025-01-03 19:00:00;9915.751;9922.507;9913.575;9917.296;0.101465;GBR.IDXEUR
2025-01-03 20:00:00;9917.048;9924.542;9910.35;9915.317;0.146425;GBR.IDXEUR
2025-01-03 21:00:00;9915.119;9915.239;9914.622;9914.622;0.00043;GBR.IDXEUR
2025-01-05 23:00:00;9902.591;9917.482;9900.78;9910.758;0.078576;GBR.IDXEUR
2025-01-06 00:00:00;9911.168;9919.283;9906.028;9913.337;0.119757;GBR.IDXEUR
2025-01-06 01:00:00;9917.08;9921.826;9906.837;9917.847;0.079134;GBR.IDXEUR
2025-01-06 02:00:00;9917.709;9922.067;9910.353;9917.11;0.080562;GBR.IDXEUR
2025-01-06 03:00:00;9916.87;9918.953;9904.72;9906.054;0.051966;GBR.IDXEUR
2025-01-06 04:00:00;9905.934;9912.329;9904.835;9910.28;0.041922;GBR.IDXEUR
2025-01-06 05:00:00;9910.399;9923.137;9909.773;9921.674;0.044784;GBR.IDXEUR
2025-01-06 06:00:00;9921.308;9930.356;9919.985;9926.0;0.047958;GBR.IDXEUR
2025-01-06 07:00:00;9926.12;9926.12;9909.13;9913.018;0.136914;GBR.IDXEUR
2025-01-06 08:00:00;9912.788;9916.054;9889.104;9904.474;0.80653;GBR.IDXEUR
2025-01-06 09:00:00;9904.718;9912.776;9883.218;9889.421;0.847575;GBR.IDXEUR
2025-01-06 10:00:00;9889.823;9909.401;9879.833;9908.938;0.52244;GBR.IDXEUR
2025-01-06 11:00:00;9908.909;9916.398;9897.792;9906.855;1.36925;GBR.IDXEUR
2025-01-06 12:00:00;9906.571;9930.906;9894.152;9910.724;0.562685;GBR.IDXEUR
2025-01-06 13:00:00;9910.605;9923.572;9901.838;9916.563;0.45064;GBR.IDXEUR
2025-01-06 14:00:00;9916.559;9922.832;9878.643;9898.624;1.01743;GBR.IDXEUR
2025-01-06 15:00:00;9898.739;9913.867;9893.328;9910.682;1.315085;GBR.IDXEUR
2025-01-06 16:00:00;9910.324;9948.035;9905.881;9937.121;0.95549;GBR.IDXEUR
2025-01-06 17:00:00;9937.121;9938.656;9919.001;9920.739;0.53119;GBR.IDXEUR
2025-01-06 18:00:00;9920.978;9921.514;9895.953;9900.515;0.55968;GBR.IDXEUR
2025-01-06 19:00:00;9900.552;9901.69;9883.809;9883.838;0.47554;GBR.IDXEUR
2025-01-06 20:00:00;9883.838;9890.117;9875.354;9889.653;0.469;GBR.IDXEUR
2025-01-06 21:00:00;9889.675;9895.747;9886.624;9892.142;0.049587;GBR.IDXEUR
2025-01-06 23:00:00;9890.421;9897.102;9881.899;9884.398;0.089871;GBR.IDXEUR
2025-01-07 00:00:00;9884.636;9891.384;9880.667;9889.789;0.084303;GBR.IDXEUR
2025-01-07 01:00:00;9888.491;9900.112;9881.515;9897.467;0.077616;GBR.IDXEUR
2025-01-07 02:00:00;9897.706;9899.398;9886.501;9888.661;0.070233;GBR.IDXEUR
2025-01-07 03:00:00;9888.661;9896.616;9884.67;9896.246;0.055611;GBR.IDXEUR
2025-01-07 04:00:00;9896.644;9898.807;9891.681;9891.784;0.042669;GBR.IDXEUR
2025-01-07 05:00:00;9891.665;9895.673;9886.629;9894.473;0.05937;GBR.IDXEUR
2025-01-07 06:00:00;9894.592;9899.13;9878.808;9881.309;0.046179;GBR.IDXEUR
2025-01-07 07:00:00;9881.666;9904.167;9878.801;9903.526;0.453258;GBR.IDXEUR
2025-01-07 08:00:00;9902.956;9914.929;9862.765;9904.241;0.84142;GBR.IDXEUR
2025-01-07 09:00:00;9904.122;9915.008;9893.571;9911.371;0.75964;GBR.IDXEUR
2025-01-07 10:00:00;9911.371;9929.117;9910.875;9912.342;0.472015;GBR.IDXEUR
2025-01-07 11:00:00;9912.053;9923.35;9896.985;9898.322;0.58617;GBR.IDXEUR
2025-01-07 12:00:00;9898.441;9929.139;9895.665;9922.281;0.72899;GBR.IDXEUR
2025-01-07 13:00:00;9922.52;9936.915;9919.545;9932.193;0.520695;GBR.IDXEUR
2025-01-07 14:00:00;9931.954;9954.611;9921.518;9935.346;0.464045;GBR.IDXEUR
2025-01-07 15:00:00;9935.465;9945.287;9903.326;9933.588;0.85866;GBR.IDXEUR
2025-01-07 16:00:00;9933.229;9944.038;9919.343;9936.232;0.927885;GBR.IDXEUR
2025-01-07 17:00:00;9936.321;9954.626;9935.227;9944.849;0.31808;GBR.IDXEUR
2025-01-07 18:00:00;9944.729;9962.589;9944.609;9953.637;0.234335;GBR.IDXEUR
2025-01-07 19:00:00;9953.637;9960.741;9940.522;9942.086;0.19296;GBR.IDXEUR
2025-01-07 20:00:00;9942.086;9943.058;9917.805;9930.825;0.16661;GBR.IDXEUR
2025-01-07 21:00:00;9930.945;9934.035;9925.778;9933.39;0.039339;GBR.IDXEUR
2025-01-07 23:00:00;9925.69;9938.121;9919.495;9934.732;0.069975;GBR.IDXEUR
2025-01-08 00:00:00;9934.772;9940.548;9930.856;9936.379;0.103248;GBR.IDXEUR
2025-01-08 01:00:00;9925.065;9946.08;9925.065;9942.462;0.08832;GBR.IDXEUR
2025-01-08 02:00:00;9942.342;9947.387;9941.583;9943.638;0.06822;GBR.IDXEUR
2025-01-08 03:00:00;9943.297;9950.057;9942.071;9943.989;0.065388;GBR.IDXEUR
2025-01-08 04:00:00;9943.869;9946.923;9937.48;9938.459;0.053298;GBR.IDXEUR
2025-01-08 05:00:00;9938.579;9944.135;9934.475;9942.438;0.061128;GBR.IDXEUR
2025-01-08 06:00:00;9942.438;9944.152;9932.422;9934.6;0.048042;GBR.IDXEUR
2025-01-08 07:00:00;9934.48;9951.948;9926.755;9949.37;0.216436;GBR.IDXEUR
2025-01-08 08:00:00;9949.37;9967.972;9939.303;9953.312;1.091745;GBR.IDXEUR
2025-01-08 09:00:00;9953.192;9961.409;9942.282;9955.587;0.41538;GBR.IDXEUR
2025-01-08 10:00:00;9955.828;9974.622;9954.645;9956.897;0.275415;GBR.IDXEUR
2025-01-08 11:00:00;9956.76;9957.585;9861.453;9890.871;1.042195;GBR.IDXEUR
2025-01-08 12:00:00;9890.395;9891.93;9837.451;9848.615;1.34205;GBR.IDXEUR
2025-01-08 13:00:00;9848.025;9859.819;9814.989;9839.389;1.679215;GBR.IDXEUR
2025-01-08 14:00:00;9839.384;9859.729;9831.025;9850.915;1.134045;GBR.IDXEUR
2025-01-08 15:00:00;9851.033;9879.484;9847.345;9878.996;1.25045;GBR.IDXEUR
2025-01-08 16:00:00;9878.877;9903.443;9870.051;9899.009;0.859895;GBR.IDXEUR
2025-01-08 17:00:00;9899.009;9901.768;9859.198;9872.422;0.698445;GBR.IDXEUR
2025-01-08 18:00:00;9872.541;9888.645;9862.293;9868.008;0.704125;GBR.IDXEUR
2025-01-08 19:00:00;9866.944;9895.259;9865.378;9887.747;0.689065;GBR.IDXEUR
2025-01-08 20:00:00;9887.628;9905.449;9883.774;9898.253;0.42667;GBR.IDXEUR
2025-01-08 21:00:00;9898.134;9907.422;9894.099;9894.782;0.040285;GBR.IDXEUR
2025-01-08 23:00:00;9888.542;9895.298;9881.109;9882.554;0.045003;GBR.IDXEUR
2025-01-09 00:00:00;9882.568;9887.479;9869.254;9882.98;0.115842;GBR.IDXEUR
2025-01-09 01:00:00;9885.112;9890.217;9878.193;9880.592;0.225504;GBR.IDXEUR
2025-01-09 02:00:00;9880.598;9891.866;9880.271;9891.68;0.204705;GBR.IDXEUR
2025-01-09 03:00:00;9891.176;9891.176;9877.314;9879.563;0.156798;GBR.IDXEUR
2025-01-09 04:00:00;9879.445;9880.099;9870.832;9875.534;0.133788;GBR.IDXEUR
2025-01-09 05:00:00;9875.652;9883.985;9871.79;9883.797;0.188304;GBR.IDXEUR
2025-01-09 06:00:00;9883.626;9884.279;9864.598;9865.776;0.202833;GBR.IDXEUR
2025-01-09 07:00:00;9865.658;9883.034;9831.379;9831.496;0.766865;GBR.IDXEUR
2025-01-09 08:00:00;9831.73;9898.215;9813.813;9896.18;1.35004;GBR.IDXEUR
2025-01-09 09:00:00;9896.416;9907.2;9870.074;9874.384;0.564885;GBR.IDXEUR
2025-01-09 10:00:00;9874.385;9903.95;9873.779;9898.991;0.36565;GBR.IDXEUR
2025-01-09 11:00:00;9898.619;9905.961;9888.597;9896.305;0.480885;GBR.IDXEUR
2025-01-09 12:00:00;9896.209;9918.476;9896.209;9914.787;0.30827;GBR.IDXEUR
2025-01-09 13:00:00;9914.787;9929.794;9912.387;9927.987;0.31492;GBR.IDXEUR
2025-01-09 14:00:00;9927.894;9936.314;9920.38;9934.735;0.23768;GBR.IDXEUR
2025-01-09 15:00:00;9934.76;9941.428;9920.195;9926.168;0.58266;GBR.IDXEUR
2025-01-09 16:00:00;9926.287;9947.547;9923.445;9946.499;0.557295;GBR.IDXEUR
2025-01-09 17:00:00;9946.183;9949.798;9943.381;9946.287;0.2906;GBR.IDXEUR
2025-01-09 18:00:00;9946.003;9949.543;9942.862;9944.669;0.17984;GBR.IDXEUR
2025-01-09 19:00:00;9944.669;9945.418;9942.165;9944.671;0.10453;GBR.IDXEUR
2025-01-09 20:00:00;9944.433;9945.249;9932.93;9936.513;0.11979;GBR.IDXEUR
2025-01-09 21:00:00;9935.058;9935.058;9932.095;9932.926;0.0039;GBR.IDXEUR
2025-01-09 23:00:00;9936.369;9939.559;9912.852;9922.596;0.161856;GBR.IDXEUR
2025-01-10 00:00:00;9922.589;9927.271;9909.348;9919.691;0.189519;GBR.IDXEUR
2025-01-10 01:00:00;9919.084;9919.084;9899.601;9911.5;0.22734;GBR.IDXEUR
2025-01-10 02:00:00;9911.472;9925.406;9907.296;9921.838;0.167733;GBR.IDXEUR
2025-01-10 03:00:00;9921.838;9924.873;9918.198;9922.137;0.156498;GBR.IDXEUR
2025-01-10 04:00:00;9922.243;9925.925;9917.724;9921.543;0.163593;GBR.IDXEUR
2025-01-10 05:00:00;9921.514;9931.479;9918.977;9928.549;0.166824;GBR.IDXEUR
2025-01-10 06:00:00;9928.45;9930.926;9915.195;9917.026;0.122508;GBR.IDXEUR
2025-01-10 07:00:00;9917.144;9923.917;9907.228;9915.307;0.361488;GBR.IDXEUR
2025-01-10 08:00:00;9915.188;9938.649;9909.726;9925.299;0.967558;GBR.IDXEUR
2025-01-10 09:00:00;9925.181;9930.486;9907.554;9911.056;0.67163;GBR.IDXEUR
2025-01-10 10:00:00;9911.344;9916.768;9902.322;9904.601;0.23532;GBR.IDXEUR
2025-01-10 11:00:00;9904.364;9910.253;9893.531;9895.084;0.22807;GBR.IDXEUR
2025-01-10 12:00:00;9895.12;9905.61;9891.128;9901.27;0.339495;GBR.IDXEUR
2025-01-10 13:00:00;9901.389;9905.301;9859.819;9874.955;0.73276;GBR.IDXEUR
2025-01-10 14:00:00;9875.456;9914.506;9872.254;9887.151;0.68071;GBR.IDXEUR
2025-01-10 15:00:00;9887.033;9887.151;9849.431;9849.677;1.295205;GBR.IDXEUR
2025-01-10 16:00:00;9849.912;9853.153;9830.416;9839.029;1.32597;GBR.IDXEUR
2025-01-10 17:00:00;9839.036;9861.986;9828.897;9860.953;0.71629;GBR.IDXEUR
2025-01-10 18:00:00;9860.953;9882.299;9856.092;9881.522;0.5598;GBR.IDXEUR
2025-01-10 19:00:00;9881.169;9881.169;9851.475;9856.821;0.53237;GBR.IDXEUR
2025-01-10 20:00:00;9856.523;9856.523;9830.496;9839.3;0.60392;GBR.IDXEUR
2025-01-10 21:00:00;9839.3;9839.417;9839.3;9839.417;0.00034;GBR.IDXEUR
2025-01-12 23:00:00;9825.852;9842.302;9811.063;9830.245;0.138297;GBR.IDXEUR
2025-01-13 00:00:00;9830.128;9842.536;9824.434;9828.225;0.136191;GBR.IDXEUR
2025-01-13 01:00:00;9831.501;9841.842;9786.249;9798.374;0.315342;GBR.IDXEUR
2025-01-13 02:00:00;9798.345;9801.286;9789.137;9795.074;0.2169;GBR.IDXEUR
2025-01-13 03:00:00;9795.034;9798.566;9769.212;9783.053;0.258738;GBR.IDXEUR
2025-01-13 04:00:00;9783.053;9796.238;9776.299;9788.626;0.195198;GBR.IDXEUR
2025-01-13 05:00:00;9788.626;9791.903;9774.537;9787.606;0.185517;GBR.IDXEUR
2025-01-13 06:00:00;9787.489;9801.904;9784.106;9790.022;0.139788;GBR.IDXEUR
2025-01-13 07:00:00;9790.022;9795.623;9771.606;9782.704;0.569379;GBR.IDXEUR
2025-01-13 08:00:00;9782.355;9794.044;9762.673;9770.778;1.068985;GBR.IDXEUR
2025-01-13 09:00:00;9770.546;9776.757;9748.961;9749.092;0.49492;GBR.IDXEUR
2025-01-13 10:00:00;9748.735;9782.75;9746.967;9778.161;0.32688;GBR.IDXEUR
2025-01-13 11:00:00;9778.044;9784.921;9759.995;9764.482;0.53965;GBR.IDXEUR
2025-01-13 12:00:00;9764.482;9779.817;9751.609;9763.094;0.365065;GBR.IDXEUR
2025-01-13 13:00:00;9762.978;9766.764;9746.335;9755.628;0.732375;GBR.IDXEUR
2025-01-13 14:00:00;9755.628;9790.57;9736.807;9788.096;1.238879;GBR.IDXEUR
2025-01-13 15:00:00;9788.124;9815.684;9780.201;9809.843;0.767375;GBR.IDXEUR
2025-01-13 16:00:00;9809.843;9814.573;9774.987;9775.944;0.387274;GBR.IDXEUR
2025-01-13 17:00:00;9776.06;9791.524;9773.417;9791.202;0.25106;GBR.IDXEUR
2025-01-13 18:00:00;9791.319;9802.153;9787.17;9801.068;0.19958;GBR.IDXEUR
2025-01-13 19:00:00;9801.185;9801.43;9787.152;9790.577;0.189955;GBR.IDXEUR
2025-01-13 20:00:00;9790.568;9802.094;9785.145;9801.866;0.379855;GBR.IDXEUR
2025-01-13 21:00:00;9802.1;9804.637;9796.973;9802.417;0.037726;GBR.IDXEUR
2025-01-13 23:00:00;9813.443;9820.893;9798.023;9805.002;0.217746;GBR.IDXEUR
2025-01-14 00:00:00;9804.885;9812.398;9798.492;9807.33;0.19119;GBR.IDXEUR
2025-01-14 01:00:00;9811.526;9811.526;9790.817;9800.84;0.106686;GBR.IDXEUR
2025-01-14 02:00:00;9800.566;9805.067;9789.098;9803.533;0.094779;GBR.IDXEUR
2025-01-14 03:00:00;9803.533;9807.236;9797.712;9800.118;0.077706;GBR.IDXEUR
2025-01-14 04:00:00;9800.001;9805.052;9794.614;9803.96;0.04851;GBR.IDXEUR
2025-01-14 05:00:00;9803.96;9807.069;9798.681;9806.514;0.070326;GBR.IDXEUR
2025-01-14 06:00:00;9806.51;9813.898;9800.898;9802.314;0.050049;GBR.IDXEUR
2025-01-14 07:00:00;9802.314;9806.574;9786.628;9786.789;0.350844;GBR.IDXEUR
2025-01-14 08:00:00;9786.673;9804.691;9779.332;9792.828;0.749596;GBR.IDXEUR
2025-01-14 09:00:00;9793.308;9801.262;9771.293;9772.139;0.56039;GBR.IDXEUR
2025-01-14 10:00:00;9772.726;9791.96;9769.466;9789.578;0.47436;GBR.IDXEUR
2025-01-14 11:00:00;9789.578;9789.695;9764.244;9773.122;0.23675;GBR.IDXEUR
2025-01-14 12:00:00;9772.504;9773.123;9744.95;9752.552;0.325665;GBR.IDXEUR
2025-01-14 13:00:00;9752.668;9756.913;9727.397;9736.072;0.515905;GBR.IDXEUR
2025-01-14 14:00:00;9736.389;9748.851;9707.871;9710.377;0.83687;GBR.IDXEUR
2025-01-14 15:00:00;9710.492;9739.679;9709.975;9722.749;1.307985;GBR.IDXEUR
2025-01-14 16:00:00;9722.749;9725.486;9690.616;9691.016;1.184545;GBR.IDXEUR
2025-01-14 17:00:00;9690.734;9714.057;9684.876;9710.157;0.66824;GBR.IDXEUR
2025-01-14 18:00:00;9710.272;9743.584;9709.362;9740.418;0.41743;GBR.IDXEUR
2025-01-14 19:00:00;9740.408;9745.459;9720.165;9721.353;0.410245;GBR.IDXEUR
2025-01-14 20:00:00;9721.353;9737.759;9710.812;9734.787;0.616035;GBR.IDXEUR
2025-01-14 21:00:00;9734.902;9750.088;9731.445;9748.122;0.056345;GBR.IDXEUR
2025-01-14 23:00:00;9744.405;9744.712;9730.456;9735.558;0.068769;GBR.IDXEUR
2025-01-15 00:00:00;9735.674;9737.22;9730.782;9736.81;0.061965;GBR.IDXEUR
2025-01-15 01:00:00;9735.658;9747.813;9735.658;9744.436;0.064584;GBR.IDXEUR
2025-01-15 02:00:00;9744.436;9744.797;9737.361;9739.912;0.052515;GBR.IDXEUR
2025-01-15 03:00:00;9739.602;9743.191;9736.929;9737.161;0.042462;GBR.IDXEUR
2025-01-15 04:00:00;9737.164;9740.903;9734.996;9739.552;0.032928;GBR.IDXEUR
2025-01-15 05:00:00;9739.299;9741.103;9731.38;9740.342;0.056628;GBR.IDXEUR
2025-01-15 06:00:00;9740.483;9742.365;9730.716;9733.993;0.045243;GBR.IDXEUR
2025-01-15 07:00:00;9733.877;9777.047;9733.07;9769.992;0.390135;GBR.IDXEUR
2025-01-15 08:00:00;9770.108;9803.249;9768.172;9782.441;0.82734;GBR.IDXEUR
2025-01-15 09:00:00;9782.325;9792.279;9770.726;9787.365;0.42827;GBR.IDXEUR
2025-01-15 10:00:00;9787.249;9809.172;9783.051;9798.609;0.536515;GBR.IDXEUR
2025-01-15 11:00:00;9798.726;9810.474;9791.836;9806.584;0.556325;GBR.IDXEUR
2025-01-15 12:00:00;9807.579;9809.803;9785.921;9790.398;0.543735;GBR.IDXEUR
2025-01-15 13:00:00;9790.405;9858.803;9785.082;9851.359;1.587455;GBR.IDXEUR
2025-01-15 14:00:00;9851.242;9856.451;9828.463;9853.414;1.564785;GBR.IDXEUR
2025-01-15 15:00:00;9853.648;9874.427;9841.184;9865.166;1.030715;GBR.IDXEUR
2025-01-15 16:00:00;9865.134;9882.986;9855.979;9870.695;0.725995;GBR.IDXEUR
2025-01-15 17:00:00;9870.813;9876.757;9867.516;9870.723;0.519345;GBR.IDXEUR
2025-01-15 18:00:00;9871.133;9887.231;9870.61;9886.857;0.36134;GBR.IDXEUR
2025-01-15 19:00:00;9886.857;9899.183;9884.786;9897.783;0.299025;GBR.IDXEUR
2025-01-15 20:00:00;9897.901;9904.004;9887.896;9890.69;0.17035;GBR.IDXEUR
2025-01-15 21:00:00;9890.469;9891.588;9883.729;9886.367;0.038575;GBR.IDXEUR
2025-01-15 23:00:00;9885.25;9898.459;9883.425;9897.479;0.059319;GBR.IDXEUR
2025-01-16 00:00:00;9897.465;9907.04;9894.153;9900.4;0.12864;GBR.IDXEUR
2025-01-16 01:00:00;9892.46;9899.461;9880.127;9880.927;0.087012;GBR.IDXEUR
2025-01-16 02:00:00;9880.958;9883.333;9872.073;9875.409;0.083952;GBR.IDXEUR
2025-01-16 03:00:00;9875.292;9883.475;9869.904;9870.883;0.053664;GBR.IDXEUR
2025-01-16 04:00:00;9870.648;9877.074;9868.79;9873.676;0.046512;GBR.IDXEUR
2025-01-16 05:00:00;9873.69;9875.805;9863.228;9866.225;0.060426;GBR.IDXEUR
2025-01-16 06:00:00;9866.119;9888.485;9866.087;9881.898;0.061704;GBR.IDXEUR
2025-01-16 07:00:00;9880.724;9903.575;9873.332;9900.254;0.239218;GBR.IDXEUR
2025-01-16 08:00:00;9900.71;9915.946;9890.216;9892.463;0.904399;GBR.IDXEUR
2025-01-16 09:00:00;9892.346;9928.873;9892.105;9928.4;0.350865;GBR.IDXEUR
2025-01-16 10:00:00;9928.439;9936.735;9922.684;9926.114;0.56192;GBR.IDXEUR
2025-01-16 11:00:00;9925.879;9931.331;9911.292;9916.627;0.391255;GBR.IDXEUR
2025-01-16 12:00:00;9915.796;9922.027;9910.246;9917.978;0.501365;GBR.IDXEUR
2025-01-16 13:00:00;9917.86;9923.072;9905.243;9914.258;0.520145;GBR.IDXEUR
2025-01-16 14:00:00;9914.375;9948.326;9914.375;9933.996;0.755384;GBR.IDXEUR
2025-01-16 15:00:00;9933.96;9942.933;9913.938;9941.741;0.570394;GBR.IDXEUR
2025-01-16 16:00:00;9941.86;9980.548;9939.603;9980.091;0.40537;GBR.IDXEUR
2025-01-16 17:00:00;9980.091;9986.171;9974.029;9984.25;0.209965;GBR.IDXEUR
2025-01-16 18:00:00;9984.131;9989.602;9974.259;9982.017;0.161025;GBR.IDXEUR
2025-01-16 19:00:00;9981.78;10005.511;9977.008;10001.244;0.161275;GBR.IDXEUR
2025-01-16 20:00:00;10001.244;10007.316;9995.17;9997.807;0.14726;GBR.IDXEUR
2025-01-16 21:00:00;9998.163;9998.163;9980.554;9980.937;0.026949;GBR.IDXEUR
2025-01-16 23:00:00;9996.647;10001.028;9990.563;9997.91;0.057366;GBR.IDXEUR
2025-01-17 00:00:00;9997.957;10000.095;9990.631;9994.862;0.111801;GBR.IDXEUR
2025-01-17 01:00:00;9994.482;10001.873;9988.826;9997.934;0.079296;GBR.IDXEUR
2025-01-17 02:00:00;9998.171;10008.779;9996.506;9998.88;0.089316;GBR.IDXEUR
2025-01-17 03:00:00;9999.135;10011.161;9994.605;10009.227;0.076986;GBR.IDXEUR
2025-01-17 04:00:00;10009.346;10012.942;10000.776;10002.816;0.07299;GBR.IDXEUR
2025-01-17 05:00:00;10002.826;10008.066;9999.139;10000.585;0.067788;GBR.IDXEUR
2025-01-17 06:00:00;10000.585;10009.358;9995.681;10007.698;0.05412;GBR.IDXEUR
2025-01-17 07:00:00;10007.579;10051.562;10007.104;10022.693;0.321813;GBR.IDXEUR
2025-01-17 08:00:00;10022.811;10037.132;10013.258;10029.561;0.822146;GBR.IDXEUR
2025-01-17 09:00:00;10029.205;10040.964;10028.676;10038.18;0.44627;GBR.IDXEUR
2025-01-17 10:00:00;10038.18;10064.444;10036.465;10052.43;0.44088;GBR.IDXEUR
2025-01-17 11:00:00;10052.311;10069.44;10047.102;10060.981;0.583884;GBR.IDXEUR
2025-01-17 12:00:00;10061.538;10072.405;10051.223;10072.175;0.794508;GBR.IDXEUR
2025-01-17 13:00:00;10071.822;10082.151;10063.128;10070.508;0.822278;GBR.IDXEUR
2025-01-17 14:00:00;10070.508;10098.078;10066.443;10091.952;0.78875;GBR.IDXEUR
2025-01-17 15:00:00;10092.238;10105.149;10079.338;10083.022;0.582588;GBR.IDXEUR
2025-01-17 16:00:00;10082.664;10086.466;10063.466;10069.044;0.993258;GBR.IDXEUR
2025-01-17 17:00:00;10069.358;10076.096;10065.446;10074.027;0.550696;GBR.IDXEUR
2025-01-17 18:00:00;10074.027;10075.142;10057.845;10061.756;0.369448;GBR.IDXEUR
2025-01-17 19:00:00;10061.837;10065.42;10055.075;10059.207;0.27944;GBR.IDXEUR
2025-01-17 20:00:00;10058.969;10078.187;10054.716;10070.956;0.374712;GBR.IDXEUR
2025-01-17 21:00:00;10071.076;10071.097;10071.076;10071.097;0.00032;GBR.IDXEUR
2025-01-19 23:00:00;10064.704;10067.78;10052.033;10060.758;0.060624;GBR.IDXEUR
2025-01-20 00:00:00;10060.758;10068.402;10059.475;10066.574;0.048609;GBR.IDXEUR
2025-01-20 01:00:00;10068.871;10069.548;10053.915;10056.427;0.054063;GBR.IDXEUR
2025-01-20 02:00:00;10056.437;10061.301;10051.437;10058.791;0.052656;GBR.IDXEUR
2025-01-20 03:00:00;10059.067;10065.927;10058.286;10063.025;0.040503;GBR.IDXEUR
2025-01-20 04:00:00;10063.025;10066.363;10057.725;10062.617;0.031134;GBR.IDXEUR
2025-01-20 05:00:00;10062.617;10067.703;10059.382;10066.879;0.025767;GBR.IDXEUR
2025-01-20 06:00:00;10067.237;10067.71;10051.663;10055.228;0.035526;GBR.IDXEUR
2025-01-20 07:00:00;10055.228;10065.185;10047.666;10062.221;0.09219;GBR.IDXEUR
2025-01-20 08:00:00;10062.221;10087.743;10061.024;10080.831;0.583012;GBR.IDXEUR
2025-01-20 09:00:00;10080.831;10081.597;10065.571;10068.041;0.829486;GBR.IDXEUR
2025-01-20 10:00:00;10068.16;10071.216;10054.401;10068.844;0.558868;GBR.IDXEUR
2025-01-20 11:00:00;10068.844;10071.978;10060.795;10062.95;0.491994;GBR.IDXEUR
2025-01-20 12:00:00;10063.071;10069.262;10058.424;10064.558;0.70938;GBR.IDXEUR
2025-01-20 13:00:00;10064.915;10089.381;10057.337;10086.304;2.33043;GBR.IDXEUR
2025-01-20 14:00:00;10085.947;10104.0;10074.572;10100.364;1.889978;GBR.IDXEUR
2025-01-20 15:00:00;10100.364;10101.062;10070.745;10075.813;0.438586;GBR.IDXEUR
2025-01-20 16:00:00;10075.694;10085.307;10064.462;10066.591;0.210214;GBR.IDXEUR
2025-01-20 17:00:00;10066.796;10084.51;10063.948;10078.927;0.322616;GBR.IDXEUR
2025-01-20 18:00:00;10079.046;10082.591;10073.356;10073.788;0.13134;GBR.IDXEUR
2025-01-20 19:00:00;10073.788;10082.57;10073.311;10077.929;0.092268;GBR.IDXEUR
2025-01-20 20:00:00;10078.167;10086.566;10071.738;10084.062;0.152436;GBR.IDXEUR
2025-01-20 23:00:00;10077.654;10090.558;10068.28;10087.592;0.153534;GBR.IDXEUR
2025-01-21 00:00:00;10087.607;10093.017;10018.027;10040.515;0.337149;GBR.IDXEUR
2025-01-21 01:00:00;10054.566;10086.338;10046.051;10082.56;0.143424;GBR.IDXEUR
2025-01-21 02:00:00;10082.434;10092.647;10080.267;10080.944;0.077886;GBR.IDXEUR
2025-01-21 03:00:00;10080.983;10100.676;10080.705;10090.57;0.062262;GBR.IDXEUR
2025-01-21 04:00:00;10090.946;10092.629;10079.325;10080.633;0.048015;GBR.IDXEUR
2025-01-21 05:00:00;10080.989;10086.829;10071.491;10076.071;0.046311;GBR.IDXEUR
2025-01-21 06:00:00;10075.952;10084.874;10069.591;10071.132;0.041121;GBR.IDXEUR
2025-01-21 07:00:00;10071.132;10093.255;10069.877;10084.092;0.185694;GBR.IDXEUR
2025-01-21 08:00:00;10083.43;10105.961;10072.381;10091.702;1.012204;GBR.IDXEUR
2025-01-21 09:00:00;10091.463;10099.082;10087.371;10095.03;0.649078;GBR.IDXEUR
2025-01-21 10:00:00;10094.672;10105.604;10076.945;10077.456;0.629086;GBR.IDXEUR
2025-01-21 11:00:00;10077.851;10081.734;10067.14;10070.589;0.631034;GBR.IDXEUR
2025-01-21 12:00:00;10070.708;10081.379;10066.005;10069.57;0.630654;GBR.IDXEUR
2025-01-21 13:00:00;10069.332;10103.61;10065.1;10099.957;0.6112;GBR.IDXEUR
2025-01-21 14:00:00;10100.077;10102.728;10079.624;10096.049;0.569798;GBR.IDXEUR
2025-01-21 15:00:00;10096.526;10106.291;10083.899;10090.887;0.462062;GBR.IDXEUR
2025-01-21 16:00:00;10090.887;10121.104;10089.415;10118.227;0.320374;GBR.IDXEUR
2025-01-21 17:00:00;10118.164;10122.372;10110.529;10120.118;0.159552;GBR.IDXEUR
2025-01-21 18:00:00;10119.735;10123.939;10109.056;10115.989;0.11964;GBR.IDXEUR
2025-01-21 19:00:00;10115.869;10128.127;10113.832;10127.373;0.09588;GBR.IDXEUR
2025-01-21 20:00:00;10127.373;10136.723;10126.411;10136.092;0.079452;GBR.IDXEUR
2025-01-21 21:00:00;10135.619;10145.861;10132.458;10134.228;0.047071;GBR.IDXEUR
2025-01-21 23:00:00;10145.564;10157.466;10139.276;10155.481;0.20511;GBR.IDXEUR
2025-01-22 00:00:00;10155.467;10159.064;10146.613;10153.382;0.133704;GBR.IDXEUR
2025-01-22 01:00:00;10157.171;10157.171;10143.001;10144.364;0.044343;GBR.IDXEUR
2025-01-22 02:00:00;10144.244;10148.867;10138.259;10139.141;0.035244;GBR.IDXEUR
2025-01-22 03:00:00;10139.109;10140.905;10135.637;10139.088;0.021363;GBR.IDXEUR
2025-01-22 04:00:00;10138.968;10148.747;10135.781;10148.627;0.018153;GBR.IDXEUR
2025-01-22 05:00:00;10148.761;10148.776;10140.441;10143.301;0.026127;GBR.IDXEUR
2025-01-22 06:00:00;10143.078;10143.078;10124.37;10124.529;0.029745;GBR.IDXEUR
2025-01-22 07:00:00;10124.504;10127.342;10108.74;10113.839;0.145406;GBR.IDXEUR
2025-01-22 08:00:00;10114.145;10149.53;10112.816;10147.041;0.621482;GBR.IDXEUR
2025-01-22 09:00:00;10148.002;10164.077;10147.882;10154.146;0.698214;GBR.IDXEUR
2025-01-22 10:00:00;10154.146;10154.146;10136.58;10146.455;0.700932;GBR.IDXEUR
2025-01-22 11:00:00;10147.05;10157.806;10136.963;10142.408;0.486056;GBR.IDXEUR
2025-01-22 12:00:00;10142.87;10151.348;10136.291;10138.038;0.639374;GBR.IDXEUR
2025-01-22 13:00:00;10138.158;10142.727;10128.711;10132.814;0.718006;GBR.IDXEUR
2025-01-22 14:00:00;10133.154;10135.621;10102.341;10103.587;0.859812;GBR.IDXEUR
2025-01-22 15:00:00;10103.727;10106.099;10087.166;10088.713;0.89058;GBR.IDXEUR
2025-01-22 16:00:00;10088.833;10110.848;10078.656;10108.38;0.632304;GBR.IDXEUR
2025-01-22 17:00:00;10108.141;10111.982;10093.504;10094.52;0.359644;GBR.IDXEUR
2025-01-22 18:00:00;10094.52;10102.066;10089.136;10091.024;0.289842;GBR.IDXEUR
2025-01-22 19:00:00;10091.144;10093.099;10083.7;10086.168;0.25768;GBR.IDXEUR
2025-01-22 20:00:00;10085.93;10088.067;10070.213;10072.38;0.234248;GBR.IDXEUR
2025-01-22 21:00:00;10072.156;10073.384;10064.209;10066.004;0.026565;GBR.IDXEUR
2025-01-22 23:00:00;10072.849;10077.843;10067.953;10075.203;0.063621;GBR.IDXEUR
2025-01-23 00:00:00;10074.869;10079.629;10069.941;10074.182;0.053361;GBR.IDXEUR
2025-01-23 01:00:00;10076.178;10084.27;10071.197;10073.27;0.208842;GBR.IDXEUR
2025-01-23 02:00:00;10073.27;10081.717;10068.816;10078.398;0.141609;GBR.IDXEUR
2025-01-23 03:00:00;10078.398;10081.613;10073.74;10078.952;0.117411;GBR.IDXEUR
2025-01-23 04:00:00;10078.714;10085.875;10076.161;10084.267;0.10431;GBR.IDXEUR
2025-01-23 05:00:00;10084.505;10086.716;10078.583;10078.901;0.131199;GBR.IDXEUR
2025-01-23 06:00:00;10078.559;10083.483;10072.747;10075.722;0.094356;GBR.IDXEUR
2025-01-23 07:00:00;10075.704;10096.064;10074.872;10093.119;0.402709;GBR.IDXEUR
2025-01-23 08:00:00;10094.384;10118.789;10094.384;10100.305;0.647644;GBR.IDXEUR
2025-01-23 09:00:00;10100.424;10109.384;10091.031;10095.622;0.638626;GBR.IDXEUR
2025-01-23 10:00:00;10095.506;10109.41;10092.489;10105.682;0.564938;GBR.IDXEUR
2025-01-23 11:00:00;10105.397;10112.405;10101.399;10103.381;0.522624;GBR.IDXEUR
2025-01-23 12:00:00;10103.261;10129.845;10100.812;10129.143;0.571668;GBR.IDXEUR
2025-01-23 13:00:00;10129.499;10134.676;10118.699;10121.225;0.767934;GBR.IDXEUR
2025-01-23 14:00:00;10120.985;10143.952;10120.122;10140.037;0.842768;GBR.IDXEUR
2025-01-23 15:00:00;10140.001;10156.942;10134.976;10145.26;0.763094;GBR.IDXEUR
2025-01-23 16:00:00;10145.249;10162.099;10141.919;10147.918;1.319902;GBR.IDXEUR
2025-01-23 17:00:00;10148.038;10153.327;10140.936;10143.8;0.544256;GBR.IDXEUR
2025-01-23 18:00:00;10143.8;10147.915;10140.756;10145.157;0.339132;GBR.IDXEUR
2025-01-23 19:00:00;10145.037;10151.184;10141.517;10146.823;0.291266;GBR.IDXEUR
2025-01-23 20:00:00;10146.812;10160.673;10144.601;10160.561;0.285768;GBR.IDXEUR
2025-01-23 21:00:00;10160.681;10161.043;10149.876;10149.876;0.020076;GBR.IDXEUR
2025-01-23 23:00:00;10145.649;10153.354;10143.35;10152.395;0.046926;GBR.IDXEUR
2025-01-24 00:00:00;10152.395;10152.737;10147.646;10149.171;0.030243;GBR.IDXEUR
2025-01-24 01:00:00;10149.411;10163.63;10149.291;10163.202;0.037323;GBR.IDXEUR
2025-01-24 02:00:00;10163.198;10178.7;10162.358;10177.368;0.063387;GBR.IDXEUR
2025-01-24 03:00:00;10177.4;10180.405;10167.125;10173.539;0.05436;GBR.IDXEUR
2025-01-24 04:00:00;10173.531;10175.729;10165.433;10170.673;0.039813;GBR.IDXEUR
2025-01-24 05:00:00;10170.46;10176.03;10168.526;10173.908;0.035961;GBR.IDXEUR
2025-01-24 06:00:00;10174.029;10183.015;10165.744;10167.049;0.049725;GBR.IDXEUR
2025-01-24 07:00:00;10167.169;10171.543;10150.484;10157.829;0.140052;GBR.IDXEUR
2025-01-24 08:00:00;10158.195;10170.228;10125.304;10125.704;0.805716;GBR.IDXEUR
2025-01-24 09:00:00;10125.802;10127.432;10102.151;10113.173;1.116412;GBR.IDXEUR
2025-01-24 10:00:00;10113.173;10122.268;10108.601;10116.952;0.766876;GBR.IDXEUR
2025-01-24 11:00:00;10116.832;10120.368;10102.04;10103.551;0.592216;GBR.IDXEUR
2025-01-24 12:00:00;10103.432;10115.014;10099.556;10113.744;0.529006;GBR.IDXEUR
2025-01-24 13:00:00;10113.983;10126.262;10106.106;10123.693;0.613948;GBR.IDXEUR
2025-01-24 14:00:00;10123.572;10123.572;10086.049;10086.851;1.04162;GBR.IDXEUR
2025-01-24 15:00:00;10086.372;10091.399;10067.536;10084.306;1.25754;GBR.IDXEUR
2025-01-24 16:00:00;10084.306;10101.525;10082.41;10097.321;0.86633;GBR.IDXEUR
2025-01-24 17:00:00;10097.201;10101.854;10085.526;10087.2;0.419344;GBR.IDXEUR
2025-01-24 18:00:00;10086.789;10104.474;10086.507;10099.286;0.396744;GBR.IDXEUR
2025-01-24 19:00:00;10099.363;10104.474;10095.498;10098.598;0.277956;GBR.IDXEUR
2025-01-24 20:00:00;10098.598;10104.586;10086.097;10093.388;0.29812;GBR.IDXEUR
2025-01-26 23:00:00;10061.999;10078.851;10061.653;10077.771;0.039387;GBR.IDXEUR
2025-01-27 00:00:00;10077.414;10079.455;10051.179;10054.196;0.066435;GBR.IDXEUR
2025-01-27 01:00:00;10053.702;10080.611;10049.972;10067.401;0.046032;GBR.IDXEUR
2025-01-27 02:00:00;10067.292;10086.674;10067.23;10083.772;0.033315;GBR.IDXEUR
2025-01-27 03:00:00;10083.772;10097.85;10080.684;10096.88;0.025644;GBR.IDXEUR
2025-01-27 04:00:00;10097.0;10099.309;10090.844;10094.784;0.025587;GBR.IDXEUR
2025-01-27 05:00:00;10094.784;10096.095;10074.374;10075.35;0.034332;GBR.IDXEUR
2025-01-27 06:00:00;10075.469;10082.071;10033.714;10037.446;0.035982;GBR.IDXEUR
2025-01-27 07:00:00;10037.207;10062.447;10037.207;10054.025;0.259901;GBR.IDXEUR
2025-01-27 08:00:00;10054.951;10084.212;10054.951;10081.543;1.110328;GBR.IDXEUR
2025-01-27 09:00:00;10081.543;10103.014;10075.684;10100.792;1.00489;GBR.IDXEUR
2025-01-27 10:00:00;10100.792;10113.293;10080.071;10080.218;1.023794;GBR.IDXEUR
2025-01-27 11:00:00;10080.367;10103.119;10072.855;10074.93;0.880936;GBR.IDXEUR
2025-01-27 12:00:00;10074.69;10096.882;10073.152;10087.386;0.509138;GBR.IDXEUR
2025-01-27 13:00:00;10087.386;10095.929;10079.421;10093.115;0.626646;GBR.IDXEUR
2025-01-27 14:00:00;10093.115;10121.709;10081.342;10120.757;0.765074;GBR.IDXEUR
2025-01-27 15:00:00;10121.126;10124.485;10097.984;10104.69;1.033954;GBR.IDXEUR
2025-01-27 16:00:00;10104.57;10111.663;10094.38;10103.319;0.95422;GBR.IDXEUR
2025-01-27 17:00:00;10103.92;10118.126;10102.59;10105.178;0.5446;GBR.IDXEUR
2025-01-27 18:00:00;10105.299;10129.726;10105.178;10127.506;0.49944;GBR.IDXEUR
2025-01-27 19:00:00;10127.747;10148.601;10127.747;10137.728;0.48912;GBR.IDXEUR
2025-01-27 20:00:00;10137.728;10153.01;10133.418;10152.381;0.42456;GBR.IDXEUR
2025-01-27 21:00:00;10152.37;10163.925;10145.107;10156.216;0.066904;GBR.IDXEUR
2025-01-27 23:00:00;10162.363;10173.712;10137.053;10172.86;0.255744;GBR.IDXEUR
2025-01-28 00:00:00;10172.981;10173.567;10147.3;10158.049;0.230583;GBR.IDXEUR
2025-01-28 01:00:00;10157.576;10171.661;10146.171;10149.712;0.041124;GBR.IDXEUR
2025-01-28 02:00:00;10149.591;10165.61;10144.492;10161.651;0.071805;GBR.IDXEUR
2025-01-28 03:00:00;10161.409;10163.585;10157.389;10163.096;0.03783;GBR.IDXEUR
2025-01-28 04:00:00;10163.096;10166.058;10157.198;10165.004;0.041205;GBR.IDXEUR
2025-01-28 05:00:00;10164.753;10171.347;10151.841;10154.814;0.082845;GBR.IDXEUR
2025-01-28 06:00:00;10154.814;10158.067;10137.451;10141.702;0.078408;GBR.IDXEUR
2025-01-28 07:00:00;10141.581;10159.365;10128.618;10147.507;0.377196;GBR.IDXEUR
2025-01-28 08:00:00;10147.355;10183.803;10147.024;10180.548;0.766642;GBR.IDXEUR
2025-01-28 09:00:00;10181.896;10202.794;10175.935;10192.334;0.292362;GBR.IDXEUR
2025-01-28 10:00:00;10192.021;10207.854;10190.531;10202.278;0.469714;GBR.IDXEUR
2025-01-28 11:00:00;10202.156;10206.077;10192.752;10196.137;0.334784;GBR.IDXEUR
2025-01-28 12:00:00;10195.662;10196.783;10183.46;10195.291;0.30743;GBR.IDXEUR
2025-01-28 13:00:00;10195.291;10204.548;10191.303;10201.572;0.295552;GBR.IDXEUR
2025-01-28 14:00:00;10201.694;10218.529;10189.811;10189.979;0.39577;GBR.IDXEUR
2025-01-28 15:00:00;10191.013;10198.494;10175.617;10193.487;0.636482;GBR.IDXEUR
2025-01-28 16:00:00;10193.48;10198.338;10155.488;10162.35;0.771876;GBR.IDXEUR
2025-01-28 17:00:00;10162.212;10171.497;10160.228;10163.782;0.398544;GBR.IDXEUR
2025-01-28 18:00:00;10163.782;10174.782;10163.661;10167.698;0.374292;GBR.IDXEUR
2025-01-28 19:00:00;10167.577;10179.685;10161.75;10178.515;0.300384;GBR.IDXEUR
2025-01-28 20:00:00;10178.515;10191.68;10177.54;10189.183;0.279552;GBR.IDXEUR
2025-01-28 21:00:00;10189.169;10189.169;10176.171;10179.923;0.0346;GBR.IDXEUR
2025-01-28 23:00:00;10169.855;10185.528;10169.855;10176.748;0.058431;GBR.IDXEUR
2025-01-29 00:00:00;10176.98;10185.445;10173.552;10179.01;0.048606;GBR.IDXEUR
2025-01-29 01:00:00;10179.374;10195.501;10178.575;10192.894;0.012588;GBR.IDXEUR
2025-01-29 02:00:00;10192.53;10197.922;10187.103;10188.957;0.0144;GBR.IDXEUR
2025-01-29 03:00:00;10188.836;10188.846;10178.122;10181.667;0.028752;GBR.IDXEUR
2025-01-29 04:00:00;10181.91;10188.857;10181.91;10183.911;0.019458;GBR.IDXEUR
2025-01-29 05:00:00;10183.79;10185.544;10181.104;10182.915;0.013608;GBR.IDXEUR
2025-01-29 06:00:00;10183.036;10200.955;10183.036;10197.079;0.035961;GBR.IDXEUR
2025-01-29 07:00:00;10196.957;10202.737;10186.94;10198.239;0.464601;GBR.IDXEUR
2025-01-29 08:00:00;10197.873;10204.531;10182.197;10184.428;0.675446;GBR.IDXEUR
2025-01-29 09:00:00;10184.306;10204.211;10179.763;10200.726;0.674868;GBR.IDXEUR
2025-01-29 10:00:00;10201.123;10211.317;10198.665;10209.725;0.6226;GBR.IDXEUR
2025-01-29 11:00:00;10209.603;10225.025;10207.727;10222.139;0.466832;GBR.IDXEUR
2025-01-29 12:00:00;10221.196;10226.479;10216.754;10222.247;0.558632;GBR.IDXEUR
2025-01-29 13:00:00;10222.37;10226.831;10211.644;10216.775;0.797478;GBR.IDXEUR
2025-01-29 14:00:00;10217.4;10235.547;10213.222;10234.336;0.710396;GBR.IDXEUR
2025-01-29 15:00:00;10234.985;10240.678;10215.436;10216.52;0.97991;GBR.IDXEUR
2025-01-29 16:00:00;10216.866;10219.997;10198.198;10201.939;0.717414;GBR.IDXEUR
2025-01-29 17:00:00;10202.508;10206.781;10196.204;10197.713;0.47144;GBR.IDXEUR
2025-01-29 18:00:00;10197.713;10208.403;10183.041;10205.174;0.454192;GBR.IDXEUR
2025-01-29 19:00:00;10197.764;10206.31;10176.309;10201.06;1.508888;GBR.IDXEUR
2025-01-29 20:00:00;10200.938;10210.526;10188.364;10206.047;0.935952;GBR.IDXEUR
2025-01-29 21:00:00;10205.464;10215.43;10165.841;10196.964;0.085435;GBR.IDXEUR
2025-01-29 23:00:00;10202.323;10212.535;10187.21;10203.826;0.161841;GBR.IDXEUR
2025-01-30 00:00:00;10203.704;10219.686;10200.482;10216.737;0.09882;GBR.IDXEUR
2025-01-30 01:00:00;10214.759;10226.663;10212.298;10224.325;0.124713;GBR.IDXEUR
2025-01-30 02:00:00;10224.402;10227.808;10215.284;10218.27;0.102456;GBR.IDXEUR
2025-01-30 03:00:00;10218.458;10223.127;10214.466;10217.382;0.096999;GBR.IDXEUR
2025-01-30 04:00:00;10217.485;10218.53;10209.85;10210.711;0.081879;GBR.IDXEUR
2025-01-30 05:00:00;10210.767;10213.29;10205.648;10210.161;0.075984;GBR.IDXEUR
2025-01-30 06:00:00;10210.878;10215.378;10204.732;10213.228;0.08847;GBR.IDXEUR
2025-01-30 07:00:00;10213.949;10226.058;10213.033;10219.051;0.284456;GBR.IDXEUR
2025-01-30 08:00:00;10219.064;10248.243;10217.199;10238.171;0.760744;GBR.IDXEUR
2025-01-30 09:00:00;10238.66;10262.201;10238.021;10245.076;0.666186;GBR.IDXEUR
2025-01-30 10:00:00;10244.953;10262.243;10242.955;10261.845;0.663858;GBR.IDXEUR
2025-01-30 11:00:00;10261.845;10286.094;10261.413;10282.13;0.50164;GBR.IDXEUR
2025-01-30 12:00:00;10282.007;10287.406;10270.823;10281.659;0.327682;GBR.IDXEUR
2025-01-30 13:00:00;10282.042;10294.551;10268.281;10269.192;0.499664;GBR.IDXEUR
2025-01-30 14:00:00;10269.93;10305.075;10263.03;10301.272;0.613456;GBR.IDXEUR
2025-01-30 15:00:00;10301.518;10340.776;10297.159;10333.207;0.910846;GBR.IDXEUR
2025-01-30 16:00:00;10333.331;10354.873;10332.109;10347.723;0.630614;GBR.IDXEUR
2025-01-30 17:00:00;10347.705;10366.419;10343.262;10364.857;0.127384;GBR.IDXEUR
2025-01-30 18:00:00;10364.733;10374.419;10364.733;10372.034;0.070128;GBR.IDXEUR
2025-01-30 19:00:00;10371.513;10377.32;10366.629;10370.909;0.065688;GBR.IDXEUR
2025-01-30 20:00:00;10370.52;10376.049;10328.775;10354.244;0.263602;GBR.IDXEUR
2025-01-30 21:00:00;10354.244;10361.234;10337.872;10351.35;0.115116;GBR.IDXEUR
2025-01-30 23:00:00;10372.151;10379.204;10351.781;10365.626;0.111606;GBR.IDXEUR
2025-01-31 00:00:00;10365.601;10371.49;10357.131;10364.395;0.139176;GBR.IDXEUR
2025-01-31 01:00:00;10364.239;10364.363;10350.067;10358.157;0.055182;GBR.IDXEUR
2025-01-31 02:00:00;10358.157;10359.247;10352.691;10353.671;0.041289;GBR.IDXEUR
2025-01-31 03:00:00;10353.671;10355.907;10349.706;10351.508;0.029889;GBR.IDXEUR
2025-01-31 04:00:00;10351.512;10358.101;10349.793;10356.196;0.024372;GBR.IDXEUR
2025-01-31 05:00:00;10356.444;10360.674;10352.795;10355.595;0.027324;GBR.IDXEUR
2025-01-31 06:00:00;10355.595;10365.464;10351.902;10352.026;0.014793;GBR.IDXEUR
2025-01-31 07:00:00;10351.902;10366.493;10349.642;10358.869;0.18284;GBR.IDXEUR
2025-01-31 08:00:00;10360.286;10378.194;10354.982;10372.981;0.527574;GBR.IDXEUR
2025-01-31 09:00:00;10373.477;10402.424;10373.353;10377.651;0.484312;GBR.IDXEUR
2025-01-31 10:00:00;10377.899;10382.435;10369.575;10376.398;0.637816;GBR.IDXEUR
2025-01-31 11:00:00;10376.398;10382.452;10374.521;10376.945;0.414462;GBR.IDXEUR
2025-01-31 12:00:00;10377.404;10384.728;10373.959;10380.111;0.403234;GBR.IDXEUR
2025-01-31 13:00:00;10380.111;10390.845;10370.164;10388.012;0.738128;GBR.IDXEUR
2025-01-31 14:00:00;10388.137;10389.804;10353.181;10364.044;0.891192;GBR.IDXEUR
2025-01-31 15:00:00;10364.03;10381.005;10357.789;10362.396;1.202796;GBR.IDXEUR
2025-01-31 16:00:00;10362.349;10382.873;10355.774;10370.904;1.285982;GBR.IDXEUR
2025-01-31 17:00:00;10370.904;10379.66;10356.345;10371.302;1.757326;GBR.IDXEUR
2025-01-31 18:00:00;10371.426;10385.039;10349.05;10354.156;2.30722;GBR.IDXEUR
2025-01-31 19:00:00;10354.356;10355.5;10325.637;10331.566;1.381444;GBR.IDXEUR
2025-01-31 20:00:00;10331.442;10333.337;10313.643;10323.9;1.020712;GBR.IDXEUR
2025-01-31 21:00:00;10323.9;10323.922;10323.9;10323.922;0.0003;GBR.IDXEUR
2025-02-02 23:00:00;10264.047;10345.841;10260.793;10331.78;0.558411;GBR.IDXEUR
2025-02-03 00:00:00;10331.78;10342.22;10287.16;10305.315;0.614265;GBR.IDXEUR
2025-02-03 01:00:00;10244.935;10288.094;10231.256;10272.905;0.943395;GBR.IDXEUR
2025-02-03 02:00:00;10273.028;10276.411;10252.159;10259.042;0.933417;GBR.IDXEUR
2025-02-03 03:00:00;10258.993;10283.278;10254.959;10282.245;0.709989;GBR.IDXEUR
2025-02-03 04:00:00;10282.449;10286.204;10246.525;10260.04;0.800934;GBR.IDXEUR
2025-02-03 05:00:00;10259.813;10275.28;10256.5;10273.283;0.560931;GBR.IDXEUR
2025-02-03 06:00:00;10273.406;10276.684;10249.257;10261.391;0.460608;GBR.IDXEUR
2025-02-03 07:00:00;10261.593;10300.539;10259.109;10284.538;0.392064;GBR.IDXEUR
2025-02-03 08:00:00;10284.291;10323.678;10279.321;10291.147;0.848396;GBR.IDXEUR
2025-02-03 09:00:00;10291.186;10292.358;10269.621;10284.692;1.033658;GBR.IDXEUR
2025-02-03 10:00:00;10284.816;10301.553;10280.59;10293.42;0.861522;GBR.IDXEUR
2025-02-03 11:00:00;10293.721;10311.402;10286.637;10288.194;0.739316;GBR.IDXEUR
2025-02-03 12:00:00;10287.58;10296.742;10275.623;10291.038;1.225064;GBR.IDXEUR
2025-02-03 13:00:00;10291.161;10311.888;10288.682;10302.775;1.555696;GBR.IDXEUR
2025-02-03 14:00:00;10302.775;10312.536;10281.571;10281.571;1.649738;GBR.IDXEUR
2025-02-03 15:00:00;10258.79;10340.341;10253.977;10313.236;3.137272;GBR.IDXEUR
2025-02-03 16:00:00;10313.236;10352.974;10304.086;10337.863;1.956804;GBR.IDXEUR
2025-02-03 17:00:00;10337.987;10340.411;10305.233;10316.383;1.316698;GBR.IDXEUR
2025-02-03 18:00:00;10316.756;10336.606;10307.593;10333.274;1.0406;GBR.IDXEUR
2025-02-03 19:00:00;10333.398;10343.504;10328.672;10335.326;0.644352;GBR.IDXEUR
2025-02-03 20:00:00;10335.326;10337.385;10297.387;10299.771;0.566472;GBR.IDXEUR
2025-02-03 21:00:00;10299.647;10309.479;10291.578;10298.53;0.12444;GBR.IDXEUR
2025-02-03 23:00:00;10341.426;10348.491;10321.104;10330.607;0.256479;GBR.IDXEUR
2025-02-04 00:00:00;10330.578;10330.904;10313.432;10320.169;0.18942;GBR.IDXEUR
2025-02-04 01:00:00;10323.718;10323.718;10301.923;10308.599;0.293529;GBR.IDXEUR
2025-02-04 02:00:00;10309.017;10335.628;10309.017;10331.889;0.277911;GBR.IDXEUR
2025-02-04 03:00:00;10332.03;10335.011;10316.552;10320.643;0.286719;GBR.IDXEUR
2025-02-04 04:00:00;10320.643;10324.412;10317.489;10320.21;0.284913;GBR.IDXEUR
2025-02-04 05:00:00;10320.334;10321.957;10283.082;10306.015;0.656262;GBR.IDXEUR
2025-02-04 06:00:00;10305.891;10312.509;10288.605;10310.53;0.39489;GBR.IDXEUR
2025-02-04 07:00:00;10310.281;10316.191;10297.965;10299.38;0.417427;GBR.IDXEUR
2025-02-04 08:00:00;10298.965;10314.669;10247.086;10255.033;0.973343;GBR.IDXEUR
2025-02-04 09:00:00;10255.28;10296.73;10255.28;10291.011;1.040026;GBR.IDXEUR
2025-02-04 10:00:00;10290.764;10306.99;10283.918;10306.618;0.620228;GBR.IDXEUR
2025-02-04 11:00:00;10306.618;10314.249;10288.297;10290.572;0.625614;GBR.IDXEUR
2025-02-04 12:00:00;10291.209;10313.621;10289.738;10308.101;0.890682;GBR.IDXEUR
2025-02-04 13:00:00;10308.225;10308.346;10277.009;10283.474;0.624494;GBR.IDXEUR
2025-02-04 14:00:00;10282.371;10304.559;10276.014;10304.354;0.866998;GBR.IDXEUR
2025-02-04 15:00:00;10304.23;10310.538;10282.812;10284.351;2.05349;GBR.IDXEUR
2025-02-04 16:00:00;10284.321;10313.613;10283.913;10298.548;1.42625;GBR.IDXEUR
2025-02-04 17:00:00;10298.548;10308.181;10286.74;10294.29;0.99533;GBR.IDXEUR
2025-02-04 18:00:00;10294.276;10297.252;10277.502;10278.959;0.469382;GBR.IDXEUR
2025-02-04 19:00:00;10278.712;10291.811;10277.557;10284.052;0.492936;GBR.IDXEUR
2025-02-04 20:00:00;10283.928;10287.803;10274.669;10284.64;0.619848;GBR.IDXEUR
2025-02-04 21:00:00;10284.637;10288.488;10260.33;10261.614;0.128913;GBR.IDXEUR
2025-02-04 23:00:00;10250.947;10271.646;10250.701;10263.001;0.039879;GBR.IDXEUR
2025-02-05 00:00:00;10263.125;10283.727;10255.269;10277.072;0.130842;GBR.IDXEUR
2025-02-05 01:00:00;10289.283;10302.633;10280.246;10280.42;0.544818;GBR.IDXEUR
2025-02-05 02:00:00;10280.544;10285.4;10273.829;10274.69;0.561276;GBR.IDXEUR
2025-02-05 03:00:00;10274.566;10282.225;10272.389;10277.953;0.379917;GBR.IDXEUR
2025-02-05 04:00:00;10278.085;10280.166;10273.793;10276.537;0.301227;GBR.IDXEUR
2025-02-05 05:00:00;10276.566;10277.451;10267.249;10268.787;0.323124;GBR.IDXEUR
2025-02-05 06:00:00;10268.739;10274.72;10262.897;10263.189;0.285111;GBR.IDXEUR
2025-02-05 07:00:00;10262.696;10279.978;10257.67;10269.546;0.858043;GBR.IDXEUR
2025-02-05 08:00:00;10270.681;10310.486;10270.681;10289.882;1.290764;GBR.IDXEUR
2025-02-05 09:00:00;10289.759;10310.983;10284.306;10305.436;1.110132;GBR.IDXEUR
2025-02-05 10:00:00;10304.885;10311.385;10296.373;10307.818;0.58698;GBR.IDXEUR
2025-02-05 11:00:00;10307.803;10335.528;10307.803;10329.144;0.65036;GBR.IDXEUR
2025-02-05 12:00:00;10329.144;10336.27;10319.88;10335.665;0.670844;GBR.IDXEUR
2025-02-05 13:00:00;10336.038;10350.06;10331.715;10344.324;0.855014;GBR.IDXEUR
2025-02-05 14:00:00;10344.324;10346.681;10319.325;10322.295;1.023108;GBR.IDXEUR
2025-02-05 15:00:00;10322.171;10344.802;10302.437;10343.163;1.320352;GBR.IDXEUR
2025-02-05 16:00:00;10343.163;10371.204;10336.555;10367.306;0.877608;GBR.IDXEUR
2025-02-05 17:00:00;10366.998;10370.856;10359.328;10369.902;0.45746;GBR.IDXEUR
2025-02-05 18:00:00;10369.778;10388.06;10369.375;10383.305;0.336558;GBR.IDXEUR
2025-02-05 19:00:00;10383.195;10400.078;10382.565;10389.753;0.35146;GBR.IDXEUR
2025-02-05 20:00:00;10389.441;10408.214;10389.441;10398.269;0.284886;GBR.IDXEUR
2025-02-05 21:00:00;10397.202;10402.179;10389.964;10401.786;0.068685;GBR.IDXEUR
2025-02-05 23:00:00;10401.593;10411.272;10399.381;10410.797;0.02892;GBR.IDXEUR
2025-02-06 00:00:00;10410.546;10427.605;10407.622;10415.402;0.061464;GBR.IDXEUR
2025-02-06 01:00:00;10415.151;10426.823;10414.408;10421.46;0.073557;GBR.IDXEUR
2025-02-06 02:00:00;10421.21;10424.173;10413.13;10423.69;0.058749;GBR.IDXEUR
2025-02-06 03:00:00;10423.69;10425.165;10418.349;10423.457;0.039588;GBR.IDXEUR
2025-02-06 04:00:00;10423.457;10426.37;10418.22;10420.332;0.036879;GBR.IDXEUR
2025-02-06 05:00:00;10420.222;10427.812;10417.678;10425.719;0.042516;GBR.IDXEUR
2025-02-06 06:00:00;10426.069;10431.086;10420.187;10421.167;0.028209;GBR.IDXEUR
2025-02-06 07:00:00;10421.042;10446.238;10420.011;10429.44;0.133632;GBR.IDXEUR
2025-02-06 08:00:00;10432.445;10472.362;10424.952;10471.85;1.209298;GBR.IDXEUR
2025-02-06 09:00:00;10471.85;10478.046;10450.965;10459.227;0.595002;GBR.IDXEUR
2025-02-06 10:00:00;10459.101;10472.876;10457.965;10461.14;1.093738;GBR.IDXEUR
2025-02-06 11:00:00;10461.015;10466.69;10448.494;10449.678;0.741776;GBR.IDXEUR
2025-02-06 12:00:00;10449.678;10475.405;10436.688;10464.528;1.866138;GBR.IDXEUR
2025-02-06 13:00:00;10464.524;10475.086;10459.362;10464.683;1.194098;GBR.IDXEUR
2025-02-06 14:00:00;10464.683;10476.324;10453.192;10460.352;1.171716;GBR.IDXEUR
2025-02-06 15:00:00;10460.049;10472.548;10455.708;10459.783;1.212536;GBR.IDXEUR
2025-02-06 16:00:00;10459.756;10479.575;10458.246;10459.695;0.86208;GBR.IDXEUR
2025-02-06 17:00:00;10459.57;10461.936;10441.346;10454.11;0.44278;GBR.IDXEUR
2025-02-06 18:00:00;10454.11;10455.616;10429.144;10432.415;0.546508;GBR.IDXEUR
2025-02-06 19:00:00;10432.44;10433.039;10407.947;10416.228;0.414944;GBR.IDXEUR
2025-02-06 20:00:00;10415.958;10431.738;10412.022;10427.629;0.359582;GBR.IDXEUR
2025-02-06 21:00:00;10427.379;10427.415;10380.179;10407.957;0.143225;GBR.IDXEUR
2025-02-06 23:00:00;10409.978;10427.111;10406.146;10421.186;0.136938;GBR.IDXEUR
2025-02-07 00:00:00;10421.197;10426.733;10414.582;10423.156;0.223248;GBR.IDXEUR
2025-02-07 01:00:00;10416.764;10431.493;10413.909;10418.478;0.267201;GBR.IDXEUR
2025-02-07 02:00:00;10418.478;10433.61;10417.053;10432.91;0.224994;GBR.IDXEUR
2025-02-07 03:00:00;10433.035;10434.059;10423.381;10424.53;0.220341;GBR.IDXEUR
2025-02-07 04:00:00;10424.541;10426.45;10420.177;10421.905;0.156567;GBR.IDXEUR
2025-02-07 05:00:00;10422.198;10426.675;10419.633;10423.476;0.136047;GBR.IDXEUR
2025-02-07 06:00:00;10423.495;10431.953;10418.82;10430.477;0.104556;GBR.IDXEUR
2025-02-07 07:00:00;10429.877;10444.186;10422.561;10424.419;0.330613;GBR.IDXEUR
2025-02-07 08:00:00;10424.422;10460.621;10424.422;10447.686;0.927422;GBR.IDXEUR
2025-02-07 09:00:00;10447.435;10454.428;10440.687;10452.511;0.770166;GBR.IDXEUR
2025-02-07 10:00:00;10452.995;10456.539;10433.213;10436.112;0.9961;GBR.IDXEUR
2025-02-07 11:00:00;10436.237;10444.528;10433.102;10434.513;0.783036;GBR.IDXEUR
2025-02-07 12:00:00;10434.503;10443.849;10432.882;10440.203;0.910308;GBR.IDXEUR
2025-02-07 13:00:00;10440.329;10459.291;10437.399;10451.877;2.092574;GBR.IDXEUR
2025-02-07 14:00:00;10451.877;10457.147;10430.609;10445.426;1.392948;GBR.IDXEUR
2025-02-07 15:00:00;10445.686;10446.763;10417.05;10433.821;2.165988;GBR.IDXEUR
2025-02-07 16:00:00;10433.946;10449.217;10417.959;10436.925;1.912846;GBR.IDXEUR
2025-02-07 17:00:00;10436.925;10462.391;10430.204;10453.965;1.484036;GBR.IDXEUR
2025-02-07 18:00:00;10453.965;10466.852;10443.488;10444.408;0.60495;GBR.IDXEUR
2025-02-07 19:00:00;10444.283;10449.169;10440.134;10441.751;0.46518;GBR.IDXEUR
2025-02-07 20:00:00;10441.5;10442.794;10427.428;10435.202;0.49855;GBR.IDXEUR
2025-02-09 23:00:00;10437.356;10468.002;10430.776;10462.169;0.250275;GBR.IDXEUR
2025-02-10 00:00:00;10462.169;10472.001;10450.288;10471.532;0.225006;GBR.IDXEUR
2025-02-10 01:00:00;10471.532;10472.138;10461.958;10466.053;0.448077;GBR.IDXEUR
2025-02-10 02:00:00;10465.895;10469.346;10461.281;10465.087;0.372708;GBR.IDXEUR
2025-02-10 03:00:00;10465.117;10467.112;10461.465;10465.039;0.341712;GBR.IDXEUR
2025-02-10 04:00:00;10465.13;10465.745;10460.683;10463.203;0.206892;GBR.IDXEUR
2025-02-10 05:00:00;10463.329;10468.387;10460.058;10462.447;0.278001;GBR.IDXEUR
2025-02-10 06:00:00;10462.573;10472.353;10461.314;10468.979;0.215739;GBR.IDXEUR
2025-02-10 07:00:00;10469.039;10478.909;10460.768;10475.535;0.638253;GBR.IDXEUR
2025-02-10 08:00:00;10475.535;10501.571;10475.331;10495.171;0.628326;GBR.IDXEUR
2025-02-10 09:00:00;10495.045;10502.697;10486.976;10496.406;0.684314;GBR.IDXEUR
2025-02-10 10:00:00;10496.109;10512.889;10491.036;10511.235;0.505688;GBR.IDXEUR
2025-02-10 11:00:00;10511.108;10518.312;10505.352;10516.08;0.560492;GBR.IDXEUR
2025-02-10 12:00:00;10515.954;10517.744;10502.461;10515.122;0.588482;GBR.IDXEUR
2025-02-10 13:00:00;10514.996;10528.681;10513.209;10523.274;0.569436;GBR.IDXEUR
2025-02-10 14:00:00;10523.4;10542.003;10517.375;10532.359;0.80816;GBR.IDXEUR
2025-02-10 15:00:00;10532.612;10555.238;10531.98;10546.093;0.70129;GBR.IDXEUR
2025-02-10 16:00:00;10545.966;10547.338;10524.584;10531.331;0.70545;GBR.IDXEUR
2025-02-10 17:00:00;10531.042;10531.924;10519.5;10529.984;0.341372;GBR.IDXEUR
2025-02-10 18:00:00;10529.937;10533.1;10524.009;10529.753;0.292282;GBR.IDXEUR
2025-02-10 19:00:00;10529.435;10534.766;10526.245;10529.475;0.22802;GBR.IDXEUR
2025-02-10 20:00:00;10529.602;10536.979;10527.964;10535.461;0.25506;GBR.IDXEUR
2025-02-10 21:00:00;10535.703;10535.829;10521.75;10527.338;0.04121;GBR.IDXEUR
2025-02-10 23:00:00;10526.749;10529.661;10515.879;10528.962;0.354642;GBR.IDXEUR
2025-02-11 00:00:00;10528.323;10537.159;10520.878;10527.542;0.150942;GBR.IDXEUR
2025-02-11 01:00:00;10527.072;10534.492;10523.672;10527.932;0.351021;GBR.IDXEUR
2025-02-11 02:00:00;10527.912;10530.022;10513.748;10516.826;0.396756;GBR.IDXEUR
2025-02-11 03:00:00;10516.7;10524.202;10514.879;10523.186;0.297873;GBR.IDXEUR
2025-02-11 04:00:00;10523.312;10524.36;10520.018;10521.63;0.220188;GBR.IDXEUR
2025-02-11 05:00:00;10521.984;10524.965;10519.27;10523.821;0.197232;GBR.IDXEUR
2025-02-11 06:00:00;10523.694;10525.287;10509.498;10511.897;0.273897;GBR.IDXEUR
2025-02-11 07:00:00;10511.771;10517.943;10505.928;10508.444;0.512406;GBR.IDXEUR
2025-02-11 08:00:00;10508.175;10536.889;10502.76;10505.013;0.939604;GBR.IDXEUR
2025-02-11 09:00:00;10504.761;10518.194;10502.969;10504.902;0.7531;GBR.IDXEUR
2025-02-11 10:00:00;10504.902;10509.416;10495.101;10498.218;0.64077;GBR.IDXEUR
2025-02-11 11:00:00;10497.601;10512.494;10495.398;10511.046;0.382446;GBR.IDXEUR
2025-02-11 12:00:00;10511.621;10523.931;10495.35;10523.552;0.48305;GBR.IDXEUR
2025-02-11 13:00:00;10523.426;10529.954;10511.762;10518.854;0.72847;GBR.IDXEUR
2025-02-11 14:00:00;10519.107;10526.338;10506.77;10522.27;0.777074;GBR.IDXEUR
2025-02-11 15:00:00;10522.144;10538.582;10513.82;10536.675;0.882276;GBR.IDXEUR
2025-02-11 16:00:00;10536.797;10545.163;10529.732;10532.829;0.69298;GBR.IDXEUR
2025-02-11 17:00:00;10532.829;10540.586;10528.578;10537.49;0.306716;GBR.IDXEUR
2025-02-11 18:00:00;10537.616;10549.154;10532.517;10545.012;0.2628;GBR.IDXEUR
2025-02-11 19:00:00;10544.733;10554.08;10538.464;10551.475;0.46254;GBR.IDXEUR
2025-02-11 20:00:00;10551.602;10553.634;10539.035;10542.695;0.156092;GBR.IDXEUR
2025-02-11 21:00:00;10542.949;10546.027;10538.405;10544.314;0.015669;GBR.IDXEUR
2025-02-11 23:00:00;10546.189;10552.591;10534.762;10551.639;0.057753;GBR.IDXEUR
2025-02-12 00:00:00;10551.512;10555.128;10545.32;10547.339;0.069747;GBR.IDXEUR
2025-02-12 01:00:00;10547.592;10555.256;10542.761;10554.396;0.045126;GBR.IDXEUR
2025-02-12 02:00:00;10554.25;10557.785;10551.175;10554.679;0.038367;GBR.IDXEUR
2025-02-12 03:00:00;10554.679;10557.285;10549.917;10553.002;0.034065;GBR.IDXEUR
2025-02-12 04:00:00;10553.016;10556.091;10551.166;10555.435;0.028026;GBR.IDXEUR
2025-02-12 05:00:00;10555.435;10557.808;10551.118;10554.247;0.028647;GBR.IDXEUR
2025-02-12 06:00:00;10554.374;10557.208;10547.674;10548.02;0.023265;GBR.IDXEUR
2025-02-12 07:00:00;10548.277;10554.696;10540.229;10543.435;0.112851;GBR.IDXEUR
2025-02-12 08:00:00;10542.84;10555.361;10534.673;10543.053;0.839266;GBR.IDXEUR
2025-02-12 09:00:00;10542.8;10545.033;10533.547;10538.826;0.924092;GBR.IDXEUR
2025-02-12 10:00:00;10538.7;10546.925;10525.76;10529.199;0.83566;GBR.IDXEUR
2025-02-12 11:00:00;10529.171;10549.532;10527.84;10542.071;0.876774;GBR.IDXEUR
2025-02-12 12:00:00;10541.939;10546.106;10533.801;10539.423;0.754968;GBR.IDXEUR
2025-02-12 13:00:00;10539.853;10554.48;10505.521;10522.106;1.193642;GBR.IDXEUR
2025-02-12 14:00:00;10522.232;10532.217;10508.632;10531.48;1.548812;GBR.IDXEUR
2025-02-12 15:00:00;10531.732;10551.822;10526.84;10550.768;1.91234;GBR.IDXEUR
2025-02-12 16:00:00;10550.515;10562.986;10543.977;10561.131;1.754798;GBR.IDXEUR
2025-02-12 17:00:00;10561.004;10567.108;10552.248;10557.38;1.787842;GBR.IDXEUR
2025-02-12 18:00:00;10557.254;10571.095;10552.267;10570.419;1.170652;GBR.IDXEUR
2025-02-12 19:00:00;10570.419;10579.394;10564.842;10574.136;0.74816;GBR.IDXEUR
2025-02-12 20:00:00;10574.389;10578.48;10566.053;10568.949;0.54846;GBR.IDXEUR
2025-02-12 21:00:00;10569.202;10573.11;10558.133;10558.482;0.041496;GBR.IDXEUR
2025-02-12 23:00:00;10559.151;10579.49;10558.46;10576.524;0.115716;GBR.IDXEUR
2025-02-13 00:00:00;10576.484;10580.79;10568.474;10578.687;0.124623;GBR.IDXEUR
2025-02-13 01:00:00;10584.913;10585.656;10566.153;10569.323;0.321936;GBR.IDXEUR
2025-02-13 02:00:00;10569.13;10569.731;10555.95;10558.348;0.355608;GBR.IDXEUR
2025-02-13 03:00:00;10558.475;10562.509;10556.211;10556.707;0.293091;GBR.IDXEUR
2025-02-13 04:00:00;10556.707;10561.125;10544.588;10545.483;0.27633;GBR.IDXEUR
2025-02-13 05:00:00;10545.735;10555.334;10545.465;10551.821;0.334746;GBR.IDXEUR
2025-02-13 06:00:00;10551.569;10561.219;10550.436;10550.591;0.354777;GBR.IDXEUR
2025-02-13 07:00:00;10549.454;10570.932;10549.328;10563.756;1.150038;GBR.IDXEUR
2025-02-13 08:00:00;10563.926;10565.877;10466.038;10467.84;1.681228;GBR.IDXEUR
2025-02-13 09:00:00;10467.212;10477.733;10460.375;10469.903;0.77555;GBR.IDXEUR
2025-02-13 10:00:00;10469.611;10501.953;10460.808;10500.769;0.63134;GBR.IDXEUR
2025-02-13 11:00:00;10501.501;10505.431;10486.199;10499.001;0.80339;GBR.IDXEUR
2025-02-13 12:00:00;10498.14;10513.043;10497.539;10512.538;0.748205;GBR.IDXEUR
2025-02-13 13:00:00;10512.664;10522.146;10496.857;10512.081;1.133105;GBR.IDXEUR
2025-02-13 14:00:00;10512.381;10514.698;10484.912;10510.256;0.89915;GBR.IDXEUR
2025-02-13 15:00:00;10510.383;10516.182;10493.273;10514.456;1.45457;GBR.IDXEUR
2025-02-13 16:00:00;10514.582;10531.532;10509.632;10524.365;0.671135;GBR.IDXEUR
2025-02-13 17:00:00;10524.365;10532.118;10519.424;10522.79;0.463885;GBR.IDXEUR
2025-02-13 18:00:00;10522.79;10537.162;10516.787;10525.724;1.13178;GBR.IDXEUR
2025-02-13 19:00:00;10526.103;10535.415;10518.541;10519.122;0.711945;GBR.IDXEUR
2025-02-13 20:00:00;10518.977;10521.268;10507.244;10518.797;0.50897;GBR.IDXEUR
2025-02-13 21:00:00;10518.544;10519.976;10509.632;10514.769;0.019144;GBR.IDXEUR
2025-02-13 23:00:00;10514.872;10525.315;10512.199;10520.245;0.080832;GBR.IDXEUR
2025-02-14 00:00:00;10520.227;10524.793;10514.368;10516.544;0.142155;GBR.IDXEUR
2025-02-14 01:00:00;10516.417;10528.553;10511.977;10525.662;0.115764;GBR.IDXEUR
2025-02-14 02:00:00;10525.662;10527.218;10521.389;10524.878;0.084408;GBR.IDXEUR
2025-02-14 03:00:00;10524.751;10527.209;10516.411;10518.487;0.059862;GBR.IDXEUR
2025-02-14 04:00:00;10518.112;10523.124;10515.803;10523.027;0.044484;GBR.IDXEUR
2025-02-14 05:00:00;10523.274;10527.77;10517.247;10520.649;0.064311;GBR.IDXEUR
2025-02-14 06:00:00;10520.063;10525.163;10515.902;10517.107;0.061668;GBR.IDXEUR
2025-02-14 07:00:00;10517.486;10529.09;10517.486;10520.778;0.18209;GBR.IDXEUR
2025-02-14 08:00:00;10520.905;10523.316;10486.588;10492.527;0.73991;GBR.IDXEUR
2025-02-14 09:00:00;10492.275;10509.906;10484.174;10504.88;0.685595;GBR.IDXEUR
2025-02-14 10:00:00;10504.754;10511.134;10494.831;10501.265;0.589475;GBR.IDXEUR
2025-02-14 11:00:00;10502.338;10523.491;10501.261;10518.931;0.475605;GBR.IDXEUR
2025-02-14 12:00:00;10519.057;10525.706;10509.531;10515.305;0.577725;GBR.IDXEUR
2025-02-14 13:00:00;10515.431;10519.237;10491.385;10498.435;0.84843;GBR.IDXEUR
2025-02-14 14:00:00;10499.083;10508.823;10487.87;10505.455;0.842395;GBR.IDXEUR
2025-02-14 15:00:00;10505.834;10509.716;10474.141;10477.119;0.948925;GBR.IDXEUR
2025-02-14 16:00:00;10477.371;10487.51;10464.05;10483.649;0.740935;GBR.IDXEUR
2025-02-14 17:00:00;10483.298;10484.738;10456.228;10459.965;0.404895;GBR.IDXEUR
2025-02-14 18:00:00;10459.94;10461.935;10453.009;10455.834;0.27818;GBR.IDXEUR
2025-02-14 19:00:00;10455.834;10462.554;10452.469;10456.141;0.305275;GBR.IDXEUR
2025-02-14 20:00:00;10456.392;10458.064;10438.631;10446.067;0.325965;GBR.IDXEUR
2025-02-14 21:00:00;10445.942;10445.942;10445.942;10445.942;0.00013;GBR.IDXEUR
2025-02-16 23:00:00;10449.08;10452.82;10441.671;10449.615;0.111909;GBR.IDXEUR
2025-02-17 00:00:00;10448.742;10457.587;10446.956;10451.108;0.084867;GBR.IDXEUR
2025-02-17 01:00:00;10450.858;10459.454;10441.488;10453.381;0.102861;GBR.IDXEUR
2025-02-17 02:00:00;10453.381;10457.784;10448.446;10455.103;0.091404;GBR.IDXEUR
2025-02-17 03:00:00;10454.992;10463.309;10452.058;10462.819;0.066639;GBR.IDXEUR
2025-02-17 04:00:00;10462.793;10467.501;10458.805;10466.398;0.049272;GBR.IDXEUR
2025-02-17 05:00:00;10466.663;10478.352;10466.034;10468.899;0.076044;GBR.IDXEUR
2025-02-17 06:00:00;10468.892;10477.589;10467.58;10476.845;0.061452;GBR.IDXEUR
2025-02-17 07:00:00;10476.708;10486.95;10465.434;10486.183;0.156987;GBR.IDXEUR
2025-02-17 08:00:00;10487.388;10516.471;10487.262;10507.353;0.323273;GBR.IDXEUR
2025-02-17 09:00:00;10507.353;10522.005;10503.035;10519.486;0.185815;GBR.IDXEUR
2025-02-17 10:00:00;10519.472;10520.113;10510.153;10515.267;0.183585;GBR.IDXEUR
2025-02-17 11:00:00;10515.267;10519.388;10505.592;10518.447;0.153435;GBR.IDXEUR
2025-02-17 12:00:00;10518.695;10530.348;10515.348;10529.331;0.17205;GBR.IDXEUR
2025-02-17 13:00:00;10529.584;10534.893;10522.578;10525.586;0.274065;GBR.IDXEUR
2025-02-17 14:00:00;10525.586;10533.375;10519.404;10527.657;0.162175;GBR.IDXEUR
2025-02-17 15:00:00;10528.136;10534.509;10517.934;10532.695;0.385065;GBR.IDXEUR
2025-02-17 16:00:00;10532.822;10566.196;10529.014;10564.356;0.295505;GBR.IDXEUR
2025-02-17 17:00:00;10563.975;10575.577;10563.975;10570.598;0.216735;GBR.IDXEUR
2025-02-17 18:00:00;10571.202;10572.895;10559.028;10569.666;0.09606;GBR.IDXEUR
2025-02-17 19:00:00;10569.538;10571.214;10564.308;10566.204;0.141305;GBR.IDXEUR
2025-02-17 20:00:00;10566.204;10570.325;10564.855;10566.976;0.08202;GBR.IDXEUR
2025-02-17 21:00:00;10566.646;10566.646;10566.646;10566.646;6e-05;GBR.IDXEUR
2025-02-17 23:00:00;10566.189;10568.482;10546.823;10553.744;0.056157;GBR.IDXEUR
2025-02-18 00:00:00;10553.645;10560.493;10547.789;10559.717;0.092049;GBR.IDXEUR
2025-02-18 01:00:00;10558.691;10558.691;10543.017;10551.937;0.103869;GBR.IDXEUR
2025-02-18 02:00:00;10551.554;10564.953;10550.065;10561.858;0.107265;GBR.IDXEUR
2025-02-18 03:00:00;10561.894;10565.648;10559.221;10563.508;0.097314;GBR.IDXEUR
2025-02-18 04:00:00;10563.505;10564.301;10555.665;10558.917;0.059823;GBR.IDXEUR
2025-02-18 05:00:00;10559.272;10563.508;10553.52;10555.558;0.052461;GBR.IDXEUR
2025-02-18 06:00:00;10555.273;10569.967;10548.796;10568.349;0.06138;GBR.IDXEUR
2025-02-18 07:00:00;10568.349;10589.021;10565.264;10584.278;0.229809;GBR.IDXEUR
2025-02-18 08:00:00;10584.405;10594.985;10561.13;10572.837;0.417275;GBR.IDXEUR
2025-02-18 09:00:00;10572.834;10581.62;10558.036;10560.638;0.258245;GBR.IDXEUR
2025-02-18 10:00:00;10560.765;10575.773;10557.217;10569.634;0.39223;GBR.IDXEUR
2025-02-18 11:00:00;10569.36;10578.897;10567.915;10572.245;0.277465;GBR.IDXEUR
2025-02-18 12:00:00;10572.589;10575.354;10562.476;10574.972;0.374435;GBR.IDXEUR
2025-02-18 13:00:00;10575.226;10589.557;10574.964;10587.494;0.4752;GBR.IDXEUR
2025-02-18 14:00:00;10587.494;10589.634;10560.784;10575.695;0.597405;GBR.IDXEUR
2025-02-18 15:00:00;10575.695;10595.134;10574.504;10587.524;0.74049;GBR.IDXEUR
2025-02-18 16:00:00;10587.524;10587.524;10564.43;10582.1;0.421095;GBR.IDXEUR
2025-02-18 17:00:00;10582.345;10594.506;10581.217;10584.115;0.124105;GBR.IDXEUR
2025-02-18 18:00:00;10584.462;10591.428;10581.752;10583.195;0.10901;GBR.IDXEUR
2025-02-18 19:00:00;10583.322;10585.146;10564.247;10570.983;0.10918;GBR.IDXEUR
2025-02-18 20:00:00;10570.983;10581.065;10562.87;10580.82;0.10069;GBR.IDXEUR
2025-02-18 21:00:00;10580.235;10582.317;10575.423;10581.109;0.04052;GBR.IDXEUR
2025-02-18 23:00:00;10597.24;10605.93;10591.069;10593.315;0.07068;GBR.IDXEUR
2025-02-19 00:00:00;10593.448;10598.465;10589.904;10592.694;0.088623;GBR.IDXEUR
2025-02-19 01:00:00;10593.793;10593.793;10573.563;10578.865;0.114942;GBR.IDXEUR
2025-02-19 02:00:00;10578.865;10579.506;10574.332;10578.492;0.089388;GBR.IDXEUR
2025-02-19 03:00:00;10578.62;10580.686;10571.982;10578.488;0.062748;GBR.IDXEUR
2025-02-19 04:00:00;10578.871;10579.276;10572.121;10576.199;0.056766;GBR.IDXEUR
2025-02-19 05:00:00;10575.944;10584.953;10575.095;10584.274;0.062811;GBR.IDXEUR
2025-02-19 06:00:00;10584.307;10587.996;10579.978;10585.978;0.160977;GBR.IDXEUR
2025-02-19 07:00:00;10585.978;10595.391;10561.811;10581.714;0.402852;GBR.IDXEUR
2025-02-19 08:00:00;10581.714;10589.817;10551.149;10559.891;0.99654;GBR.IDXEUR
2025-02-19 09:00:00;10560.347;10593.682;10559.0;10591.366;0.73581;GBR.IDXEUR
2025-02-19 10:00:00;10591.622;10594.207;10556.377;10560.055;0.74864;GBR.IDXEUR
2025-02-19 11:00:00;10559.927;10563.644;10526.976;10535.313;0.61551;GBR.IDXEUR
2025-02-19 12:00:00;10535.186;10546.546;10514.886;10514.909;0.3705;GBR.IDXEUR
2025-02-19 13:00:00;10514.909;10522.017;10507.798;10508.207;0.752565;GBR.IDXEUR
2025-02-19 14:00:00;10508.207;10512.697;10494.385;10498.158;0.863055;GBR.IDXEUR
2025-02-19 15:00:00;10498.158;10534.256;10493.266;10510.528;0.871545;GBR.IDXEUR
2025-02-19 16:00:00;10510.528;10537.218;10509.684;10531.438;0.527405;GBR.IDXEUR
2025-02-19 17:00:00;10531.184;10532.564;10509.273;10512.987;0.153035;GBR.IDXEUR
2025-02-19 18:00:00;10512.86;10512.875;10497.235;10498.445;0.13942;GBR.IDXEUR
2025-02-19 19:00:00;10498.318;10522.59;10495.43;10519.993;0.232925;GBR.IDXEUR
2025-02-19 20:00:00;10519.993;10531.187;10518.179;10527.61;0.31999;GBR.IDXEUR
2025-02-19 21:00:00;10527.737;10527.864;10512.813;10515.432;0.030935;GBR.IDXEUR
2025-02-19 23:00:00;10493.277;10502.175;10491.577;10499.624;0.075462;GBR.IDXEUR
2025-02-20 00:00:00;10499.201;10503.708;10492.31;10503.708;0.11868;GBR.IDXEUR
2025-02-20 01:00:00;10504.933;10509.383;10488.202;10488.517;0.081882;GBR.IDXEUR
2025-02-20 02:00:00;10489.124;10499.282;10484.404;10495.543;0.113421;GBR.IDXEUR
2025-02-20 03:00:00;10495.543;10501.22;10491.923;10498.209;0.071733;GBR.IDXEUR
2025-02-20 04:00:00;10497.96;10506.526;10495.701;10503.615;0.055755;GBR.IDXEUR
2025-02-20 05:00:00;10503.742;10509.415;10502.074;10504.6;0.059778;GBR.IDXEUR
2025-02-20 06:00:00;10504.484;10517.137;10503.119;10514.471;0.080325;GBR.IDXEUR
2025-02-20 07:00:00;10514.852;10521.332;10500.234;10500.263;0.205392;GBR.IDXEUR
2025-02-20 08:00:00;10500.881;10503.506;10482.669;10498.774;0.691656;GBR.IDXEUR
2025-02-20 09:00:00;10499.065;10518.78;10496.857;10505.273;0.741175;GBR.IDXEUR
2025-02-20 10:00:00;10504.572;10509.217;10495.488;10501.034;0.59371;GBR.IDXEUR
2025-02-20 11:00:00;10501.023;10507.328;10478.234;10478.876;0.60806;GBR.IDXEUR
2025-02-20 12:00:00;10479.471;10492.239;10479.113;10485.587;0.532495;GBR.IDXEUR
2025-02-20 13:00:00;10485.461;10488.561;10464.819;10464.819;0.62019;GBR.IDXEUR
2025-02-20 14:00:00;10464.945;10485.118;10464.819;10477.383;0.813445;GBR.IDXEUR
2025-02-20 15:00:00;10477.634;10482.096;10441.762;10446.524;1.17507;GBR.IDXEUR
2025-02-20 16:00:00;10446.524;10462.462;10437.091;10438.937;0.84768;GBR.IDXEUR
2025-02-20 17:00:00;10438.811;10451.295;10436.696;10445.195;0.49078;GBR.IDXEUR
2025-02-20 18:00:00;10445.195;10446.855;10435.15;10443.633;0.391625;GBR.IDXEUR
2025-02-20 19:00:00;10443.658;10456.129;10441.651;10454.926;0.337785;GBR.IDXEUR
2025-02-20 20:00:00;10454.8;10458.439;10443.822;10448.193;0.355815;GBR.IDXEUR
2025-02-20 21:00:00;10447.949;10448.201;10435.022;10435.022;0.018741;GBR.IDXEUR
2025-02-20 23:00:00;10442.551;10454.382;10440.421;10448.136;0.108711;GBR.IDXEUR
2025-02-21 00:00:00;10448.262;10453.056;10446.361;10449.163;0.131658;GBR.IDXEUR
2025-02-21 01:00:00;10453.254;10453.254;10438.051;10439.056;0.096;GBR.IDXEUR
2025-02-21 02:00:00;10439.034;10447.423;10438.278;10443.444;0.094449;GBR.IDXEUR
2025-02-21 03:00:00;10443.452;10443.722;10433.045;10434.788;0.073143;GBR.IDXEUR
2025-02-21 04:00:00;10434.77;10437.2;10430.777;10433.444;0.035955;GBR.IDXEUR
2025-02-21 05:00:00;10433.318;10439.775;10430.672;10439.027;0.081753;GBR.IDXEUR
2025-02-21 06:00:00;10439.153;10449.873;10438.687;10446.213;0.07011;GBR.IDXEUR
2025-02-21 07:00:00;10445.456;10455.905;10439.44;10442.597;0.62753;GBR.IDXEUR
2025-02-21 08:00:00;10442.345;10479.538;10439.139;10462.278;1.110655;GBR.IDXEUR
2025-02-21 09:00:00;10462.412;10472.719;10452.875;10470.637;0.81487;GBR.IDXEUR
2025-02-21 10:00:00;10470.683;10494.187;10467.883;10492.581;0.663965;GBR.IDXEUR
2025-02-21 11:00:00;10492.455;10494.312;10473.114;10474.104;0.35353;GBR.IDXEUR
2025-02-21 12:00:00;10473.739;10482.361;10464.707;10478.412;0.25176;GBR.IDXEUR
2025-02-21 13:00:00;10478.538;10480.915;10458.435;10459.352;0.27343;GBR.IDXEUR
2025-02-21 14:00:00;10459.474;10477.337;10436.421;10439.947;0.753995;GBR.IDXEUR
2025-02-21 15:00:00;10440.451;10473.484;10434.09;10470.744;0.510915;GBR.IDXEUR
2025-02-21 16:00:00;10470.759;10487.502;10469.97;10480.631;0.341645;GBR.IDXEUR
2025-02-21 17:00:00;10480.642;10484.93;10451.855;10452.007;0.19585;GBR.IDXEUR
2025-02-21 18:00:00;10452.259;10452.378;10421.159;10423.259;0.243675;GBR.IDXEUR
2025-02-21 19:00:00;10423.36;10431.852;10396.105;10409.41;0.22501;GBR.IDXEUR
2025-02-21 20:00:00;10409.285;10428.744;10405.27;10420.076;0.20469;GBR.IDXEUR
2025-02-21 21:00:00;10420.076;10420.076;10419.184;10419.813;0.001405;GBR.IDXEUR
2025-02-23 23:00:00;10421.024;10455.728;10421.024;10446.248;0.150342;GBR.IDXEUR
2025-02-24 00:00:00;10446.248;10451.035;10435.195;10440.112;0.240588;GBR.IDXEUR
2025-02-24 01:00:00;10439.986;10464.423;10422.951;10439.155;0.208452;GBR.IDXEUR
2025-02-24 02:00:00;10439.281;10452.715;10436.192;10451.246;0.173472;GBR.IDXEUR
2025-02-24 03:00:00;10451.099;10455.745;10446.236;10451.859;0.098838;GBR.IDXEUR
2025-02-24 04:00:00;10451.844;10455.97;10444.634;10445.367;0.079524;GBR.IDXEUR
2025-02-24 05:00:00;10445.241;10453.743;10444.096;10448.654;0.11796;GBR.IDXEUR
2025-02-24 06:00:00;10448.528;10459.53;10436.474;10438.252;0.077694;GBR.IDXEUR
2025-02-24 07:00:00;10438.126;10445.19;10425.698;10430.429;0.298932;GBR.IDXEUR
2025-02-24 08:00:00;10430.303;10473.644;10430.303;10448.021;0.83066;GBR.IDXEUR
2025-02-24 09:00:00;10448.4;10484.735;10448.081;10474.295;0.58097;GBR.IDXEUR
2025-02-24 10:00:00;10474.295;10485.647;10455.867;10455.932;0.72261;GBR.IDXEUR
2025-02-24 11:00:00;10456.532;10472.484;10452.414;10464.996;0.59515;GBR.IDXEUR
2025-02-24 12:00:00;10464.676;10466.112;10445.207;10451.796;0.72907;GBR.IDXEUR
2025-02-24 13:00:00;10451.796;10460.709;10443.301;10450.246;0.712375;GBR.IDXEUR
2025-02-24 14:00:00;10449.833;10454.551;10400.291;10403.658;0.943155;GBR.IDXEUR
2025-02-24 15:00:00;10403.952;10420.502;10386.598;10409.979;1.250665;GBR.IDXEUR
2025-02-24 16:00:00;10410.757;10451.262;10408.792;10442.641;0.37678;GBR.IDXEUR
2025-02-24 17:00:00;10442.515;10451.87;10439.003;10444.833;0.206295;GBR.IDXEUR
2025-02-24 18:00:00;10444.833;10451.437;10434.814;10435.662;0.166865;GBR.IDXEUR
2025-02-24 19:00:00;10435.851;10443.793;10427.762;10432.993;0.16843;GBR.IDXEUR
2025-02-24 20:00:00;10432.867;10433.478;10408.807;10414.002;0.320265;GBR.IDXEUR
2025-02-24 21:00:00;10413.876;10423.948;10406.967;10421.025;0.037399;GBR.IDXEUR
2025-02-24 23:00:00;10417.573;10421.801;10401.821;10410.248;0.115245;GBR.IDXEUR
2025-02-25 00:00:00;10410.248;10429.598;10409.965;10422.126;0.095529;GBR.IDXEUR
2025-02-25 01:00:00;10420.107;10431.406;10413.984;10429.708;0.115698;GBR.IDXEUR
2025-02-25 02:00:00;10430.426;10440.679;10427.885;10440.051;0.107796;GBR.IDXEUR
2025-02-25 03:00:00;10439.925;10446.109;10438.237;10438.991;0.08334;GBR.IDXEUR
2025-02-25 04:00:00;10438.991;10445.1;10435.93;10438.389;0.065796;GBR.IDXEUR
2025-02-25 05:00:00;10438.515;10445.553;10438.394;10441.266;0.07056;GBR.IDXEUR
2025-02-25 06:00:00;10440.926;10444.91;10422.245;10424.627;0.067695;GBR.IDXEUR
2025-02-25 07:00:00;10424.753;10430.81;10398.946;10402.603;0.25348;GBR.IDXEUR
2025-02-25 08:00:00;10402.631;10458.367;10399.36;10434.511;0.885293;GBR.IDXEUR
2025-02-25 09:00:00;10434.948;10476.705;10433.684;10458.658;0.88566;GBR.IDXEUR
2025-02-25 10:00:00;10458.532;10487.901;10458.232;10469.336;0.689815;GBR.IDXEUR
2025-02-25 11:00:00;10469.316;10483.764;10468.709;10483.44;0.70541;GBR.IDXEUR
2025-02-25 12:00:00;10483.429;10496.936;10473.797;10487.965;0.828625;GBR.IDXEUR
2025-02-25 13:00:00;10487.965;10505.994;10486.544;10504.417;0.939475;GBR.IDXEUR
2025-02-25 14:00:00;10504.544;10511.923;10475.152;10476.414;0.89609;GBR.IDXEUR
2025-02-25 15:00:00;10476.667;10477.38;10424.223;10451.687;1.420695;GBR.IDXEUR
2025-02-25 16:00:00;10451.992;10460.809;10432.203;10452.291;0.85224;GBR.IDXEUR
2025-02-25 17:00:00;10451.839;10466.207;10445.99;10465.803;0.40227;GBR.IDXEUR
2025-02-25 18:00:00;10465.803;10481.468;10455.2;10470.68;0.457885;GBR.IDXEUR
2025-02-25 19:00:00;10470.806;10484.343;10456.277;10481.284;0.48908;GBR.IDXEUR
2025-02-25 20:00:00;10481.158;10497.053;10469.507;10472.499;0.4435;GBR.IDXEUR
2025-02-25 21:00:00;10472.751;10490.799;10466.941;10484.13;0.085054;GBR.IDXEUR
2025-02-25 23:00:00;10493.888;10497.819;10484.809;10489.467;0.122058;GBR.IDXEUR
2025-02-26 00:00:00;10489.489;10493.979;10477.616;10482.093;0.136221;GBR.IDXEUR
2025-02-26 01:00:00;10481.865;10491.025;10480.595;10488.078;0.107076;GBR.IDXEUR
2025-02-26 02:00:00;10488.085;10491.01;10481.922;10486.455;0.109611;GBR.IDXEUR
2025-02-26 03:00:00;10486.329;10487.577;10477.988;10479.841;0.074112;GBR.IDXEUR
2025-02-26 04:00:00;10479.855;10493.088;10476.65;10492.465;0.061092;GBR.IDXEUR
2025-02-26 05:00:00;10492.465;10515.384;10492.465;10513.446;0.080424;GBR.IDXEUR
2025-02-26 06:00:00;10513.475;10526.709;10512.89;10515.037;0.067419;GBR.IDXEUR
2025-02-26 07:00:00;10514.823;10518.909;10491.596;10491.596;0.224574;GBR.IDXEUR
2025-02-26 08:00:00;10493.371;10521.428;10481.812;10517.546;0.48493;GBR.IDXEUR
2025-02-26 09:00:00;10517.081;10533.669;10508.547;10511.785;0.36502;GBR.IDXEUR
2025-02-26 10:00:00;10512.108;10514.101;10498.037;10500.856;0.61301;GBR.IDXEUR
2025-02-26 11:00:00;10500.911;10523.469;10490.647;10511.322;0.424575;GBR.IDXEUR
2025-02-26 12:00:00;10511.098;10537.624;10509.348;10533.675;0.237405;GBR.IDXEUR
2025-02-26 13:00:00;10533.802;10541.254;10520.986;10522.319;0.37347;GBR.IDXEUR
2025-02-26 14:00:00;10522.031;10532.737;10504.691;10527.765;0.823025;GBR.IDXEUR
2025-02-26 15:00:00;10527.511;10556.203;10525.709;10551.56;0.40153;GBR.IDXEUR
2025-02-26 16:00:00;10551.56;10556.903;10522.077;10524.651;0.56592;GBR.IDXEUR
2025-02-26 17:00:00;10524.665;10543.777;10515.034;10518.806;0.428045;GBR.IDXEUR
2025-02-26 18:00:00;10518.299;10521.114;10494.896;10498.647;0.27678;GBR.IDXEUR
2025-02-26 19:00:00;10498.647;10525.557;10493.653;10508.348;0.19308;GBR.IDXEUR
2025-02-26 20:00:00;10508.579;10536.339;10507.27;10522.335;0.18703;GBR.IDXEUR
2025-02-26 21:00:00;10521.118;10534.239;10513.988;10520.041;0.097146;GBR.IDXEUR
2025-02-26 23:00:00;10511.747;10527.432;10500.757;10526.09;0.188334;GBR.IDXEUR
2025-02-27 00:00:00;10525.963;10529.826;10508.848;10511.659;0.218448;GBR.IDXEUR
2025-02-27 01:00:00;10512.527;10536.662;10512.527;10527.453;0.150978;GBR.IDXEUR
2025-02-27 02:00:00;10526.87;10545.35;10522.435;10540.635;0.136698;GBR.IDXEUR
2025-02-27 03:00:00;10540.89;10544.439;10534.887;10535.052;0.11076;GBR.IDXEUR
2025-02-27 04:00:00;10535.026;10536.683;10525.06;10533.514;0.106503;GBR.IDXEUR
2025-02-27 05:00:00;10533.514;10545.298;10532.247;10542.373;0.100722;GBR.IDXEUR
2025-02-27 06:00:00;10542.628;10549.421;10536.951;10540.542;0.06525;GBR.IDXEUR
2025-02-27 07:00:00;10540.669;10544.345;10520.142;10524.785;0.171387;GBR.IDXEUR
2025-02-27 08:00:00;10524.043;10556.2;10522.855;10526.665;0.486679;GBR.IDXEUR
2025-02-27 09:00:00;10527.04;10586.374;10525.613;10583.934;0.60071;GBR.IDXEUR
2025-02-27 10:00:00;10584.062;10596.121;10569.355;10584.67;0.506185;GBR.IDXEUR
2025-02-27 11:00:00;10584.912;10607.679;10583.792;10597.524;0.562365;GBR.IDXEUR
2025-02-27 12:00:00;10597.189;10607.459;10585.565;10591.464;0.67454;GBR.IDXEUR
2025-02-27 13:00:00;10591.72;10600.188;10569.21;10585.611;0.57798;GBR.IDXEUR
2025-02-27 14:00:00;10585.868;10593.5;10565.904;10569.244;0.578125;GBR.IDXEUR
2025-02-27 15:00:00;10569.372;10625.202;10551.796;10613.321;0.920195;GBR.IDXEUR
2025-02-27 16:00:00;10613.321;10629.841;10610.54;10616.927;0.686495;GBR.IDXEUR
2025-02-27 17:00:00;10616.927;10625.256;10603.484;10618.582;0.238335;GBR.IDXEUR
2025-02-27 18:00:00;10618.324;10646.118;10618.089;10638.997;0.19932;GBR.IDXEUR
2025-02-27 19:00:00;10639.375;10641.616;10580.412;10591.996;0.239115;GBR.IDXEUR
2025-02-27 20:00:00;10592.124;10593.247;10572.279;10581.543;0.281675;GBR.IDXEUR
2025-02-27 21:00:00;10581.18;10583.793;10572.102;10581.153;0.054336;GBR.IDXEUR
2025-02-27 23:00:00;10589.886;10600.533;10587.307;10594.656;0.162723;GBR.IDXEUR
2025-02-28 00:00:00;10594.668;10598.394;10573.04;10573.368;0.170307;GBR.IDXEUR
2025-02-28 01:00:00;10573.496;10586.266;10559.477;10576.968;0.14766;GBR.IDXEUR
2025-02-28 02:00:00;10576.84;10581.982;10559.308;10560.541;0.145086;GBR.IDXEUR
2025-02-28 03:00:00;10560.797;10561.147;10533.43;10536.504;0.121992;GBR.IDXEUR
2025-02-28 04:00:00;10536.392;10542.097;10530.95;10536.153;0.103662;GBR.IDXEUR
2025-02-28 05:00:00;10536.025;10543.469;10530.281;10537.627;0.129294;GBR.IDXEUR
2025-02-28 06:00:00;10537.754;10543.863;10528.034;10534.747;0.074772;GBR.IDXEUR
2025-02-28 07:00:00;10534.62;10539.641;10510.801;10539.641;0.243971;GBR.IDXEUR
2025-02-28 08:00:00;10539.641;10586.038;10536.977;10582.573;0.859894;GBR.IDXEUR
2025-02-28 09:00:00;10582.317;10623.981;10578.182;10623.062;0.422565;GBR.IDXEUR
2025-02-28 10:00:00;10623.391;10632.924;10618.382;10625.32;0.574375;GBR.IDXEUR
2025-02-28 11:00:00;10625.331;10643.006;10623.111;10641.292;0.47799;GBR.IDXEUR
2025-02-28 12:00:00;10641.163;10644.705;10619.306;10635.959;0.686015;GBR.IDXEUR
2025-02-28 13:00:00;10635.959;10650.436;10626.198;10646.148;0.805845;GBR.IDXEUR
2025-02-28 14:00:00;10646.277;10661.216;10622.967;10661.195;0.802175;GBR.IDXEUR
2025-02-28 15:00:00;10661.066;10671.108;10640.877;10663.254;1.060845;GBR.IDXEUR
2025-02-28 16:00:00;10663.254;10668.367;10642.586;10659.472;0.584145;GBR.IDXEUR
2025-02-28 17:00:00;10659.343;10671.747;10625.936;10627.107;0.553655;GBR.IDXEUR
2025-02-28 18:00:00;10627.236;10643.981;10616.254;10628.122;1.09123;GBR.IDXEUR
2025-02-28 19:00:00;10627.993;10666.275;10626.247;10664.265;0.711795;GBR.IDXEUR
2025-02-28 20:00:00;10664.394;10718.072;10663.631;10710.229;0.79271;GBR.IDXEUR
2025-02-28 21:00:00;10710.803;10710.803;10710.504;10710.504;0.00043;GBR.IDXEUR
2025-03-02 23:00:00;10709.428;10731.019;10701.103;10714.542;0.10401;GBR.IDXEUR
2025-03-03 00:00:00;10714.668;10717.386;10681.027;10696.057;0.191043;GBR.IDXEUR
2025-03-03 01:00:00;10702.182;10708.503;10688.376;10701.978;0.072816;GBR.IDXEUR
2025-03-03 02:00:00;10701.978;10706.21;10697.607;10699.877;0.05772;GBR.IDXEUR
2025-03-03 03:00:00;10699.829;10701.537;10695.442;10699.91;0.050961;GBR.IDXEUR
2025-03-03 04:00:00;10699.551;10709.813;10696.951;10709.557;0.035106;GBR.IDXEUR
2025-03-03 05:00:00;10709.687;10718.272;10706.918;10717.797;0.039429;GBR.IDXEUR
2025-03-03 06:00:00;10717.75;10722.462;10709.861;10722.173;0.035052;GBR.IDXEUR
2025-03-03 07:00:00;10722.302;10723.994;10697.693;10703.996;0.175166;GBR.IDXEUR
2025-03-03 08:00:00;10703.42;10722.419;10681.468;10695.002;0.776804;GBR.IDXEUR
2025-03-03 09:00:00;10695.002;10720.423;10688.013;10716.542;0.581054;GBR.IDXEUR
2025-03-03 10:00:00;10715.913;10732.635;10701.127;10728.26;0.487736;GBR.IDXEUR
2025-03-03 11:00:00;10729.463;10748.167;10720.115;10746.408;0.31696;GBR.IDXEUR
2025-03-03 12:00:00;10745.787;10776.724;10741.375;10775.957;0.484163;GBR.IDXEUR
2025-03-03 13:00:00;10775.826;10776.645;10757.353;10767.834;0.7782;GBR.IDXEUR
2025-03-03 14:00:00;10767.704;10780.285;10757.518;10766.491;0.700995;GBR.IDXEUR
2025-03-03 15:00:00;10765.876;10789.002;10740.607;10786.56;0.75988;GBR.IDXEUR
2025-03-03 16:00:00;10786.69;10790.524;10726.239;10738.541;0.5924;GBR.IDXEUR
2025-03-03 17:00:00;10738.801;10773.584;10729.935;10754.219;0.492145;GBR.IDXEUR
2025-03-03 18:00:00;10753.969;10756.028;10696.668;10713.339;0.825765;GBR.IDXEUR
2025-03-03 19:00:00;10713.339;10732.497;10692.611;10693.925;0.628735;GBR.IDXEUR
2025-03-03 20:00:00;10694.055;10705.792;10648.037;10696.407;1.44862;GBR.IDXEUR
2025-03-03 21:00:00;10696.431;10715.968;10695.958;10711.495;0.109115;GBR.IDXEUR
2025-03-03 23:00:00;10711.439;10725.956;10699.173;10702.807;0.245679;GBR.IDXEUR
2025-03-04 00:00:00;10702.547;10713.663;10680.402;10697.969;0.280041;GBR.IDXEUR
2025-03-04 01:00:00;10699.758;10707.999;10674.645;10680.52;0.169602;GBR.IDXEUR
2025-03-04 02:00:00;10680.527;10692.15;10677.452;10686.983;0.12675;GBR.IDXEUR
2025-03-04 03:00:00;10687.087;10694.001;10681.268;10686.376;0.122586;GBR.IDXEUR
2025-03-04 04:00:00;10686.505;10694.576;10680.513;10684.652;0.109128;GBR.IDXEUR
2025-03-04 05:00:00;10684.652;10701.359;10676.47;10690.774;0.140712;GBR.IDXEUR
2025-03-04 06:00:00;10690.645;10698.156;10683.571;10694.661;0.07809;GBR.IDXEUR
2025-03-04 07:00:00;10694.099;10698.292;10674.43;10674.609;0.380274;GBR.IDXEUR
2025-03-04 08:00:00;10674.738;10689.635;10646.853;10649.952;1.116434;GBR.IDXEUR
2025-03-04 09:00:00;10649.952;10706.696;10647.514;10691.019;1.029935;GBR.IDXEUR
2025-03-04 10:00:00;10691.019;10711.755;10679.288;10707.602;0.690665;GBR.IDXEUR
2025-03-04 11:00:00;10707.602;10708.149;10666.656;10667.687;0.8846;GBR.IDXEUR
2025-03-04 12:00:00;10669.048;10676.765;10637.721;10640.56;0.775695;GBR.IDXEUR
2025-03-04 13:00:00;10640.431;10645.986;10603.592;10603.72;1.24933;GBR.IDXEUR
2025-03-04 14:00:00;10603.72;10626.993;10597.263;10608.016;1.582925;GBR.IDXEUR
2025-03-04 15:00:00;10607.743;10613.444;10588.924;10596.083;1.83455;GBR.IDXEUR
2025-03-04 16:00:00;10596.36;10610.848;10560.73;10602.968;0.88973;GBR.IDXEUR
2025-03-04 17:00:00;10602.961;10636.608;10601.376;10617.018;0.73267;GBR.IDXEUR
2025-03-04 18:00:00;10617.018;10658.293;10616.061;10654.081;1.26023;GBR.IDXEUR
2025-03-04 19:00:00;10654.063;10694.222;10651.58;10685.704;0.95759;GBR.IDXEUR
2025-03-04 20:00:00;10685.715;10689.12;10594.018;10600.109;1.16288;GBR.IDXEUR
2025-03-04 21:00:00;10600.365;10648.638;10598.266;10631.569;0.126262;GBR.IDXEUR
2025-03-04 23:00:00;10647.631;10651.752;10625.603;10648.388;0.249879;GBR.IDXEUR
2025-03-05 00:00:00;10648.639;10656.331;10612.175;10623.092;0.317838;GBR.IDXEUR
2025-03-05 01:00:00;10624.902;10624.902;10594.071;10612.139;0.160389;GBR.IDXEUR
2025-03-05 02:00:00;10612.118;10621.73;10598.887;10601.116;0.117156;GBR.IDXEUR
2025-03-05 03:00:00;10600.861;10618.246;10596.493;10611.192;0.116097;GBR.IDXEUR
2025-03-05 04:00:00;10611.32;10617.452;10603.325;10605.978;0.06933;GBR.IDXEUR
2025-03-05 05:00:00;10606.339;10611.725;10603.521;10608.097;0.062247;GBR.IDXEUR
2025-03-05 06:00:00;10607.969;10616.844;10594.789;10616.669;0.070737;GBR.IDXEUR
2025-03-05 07:00:00;10616.669;10631.928;10556.873;10557.338;0.670933;GBR.IDXEUR
2025-03-05 08:00:00;10559.411;10603.204;10559.171;10570.444;0.838282;GBR.IDXEUR
2025-03-05 09:00:00;10569.936;10588.037;10561.777;10580.802;0.984275;GBR.IDXEUR
2025-03-05 10:00:00;10580.548;10594.924;10553.875;10554.695;0.911805;GBR.IDXEUR
2025-03-05 11:00:00;10554.046;10572.347;10547.638;10561.274;0.33364;GBR.IDXEUR
2025-03-05 12:00:00;10561.041;10562.956;10530.262;10532.618;0.37827;GBR.IDXEUR
2025-03-05 13:00:00;10532.744;10553.096;10505.099;10511.371;1.64574;GBR.IDXEUR
2025-03-05 14:00:00;10511.245;10519.361;10469.764;10486.934;1.334245;GBR.IDXEUR
2025-03-05 15:00:00;10485.681;10523.134;10480.333;10484.584;1.61896;GBR.IDXEUR
2025-03-05 16:00:00;10484.459;10484.697;10446.269;10471.095;1.57257;GBR.IDXEUR
2025-03-05 17:00:00;10471.327;10509.326;10467.747;10508.094;1.26908;GBR.IDXEUR
2025-03-05 18:00:00;10507.997;10528.465;10491.232;10528.444;1.3111;GBR.IDXEUR
2025-03-05 19:00:00;10527.582;10561.375;10524.287;10540.223;0.82804;GBR.IDXEUR
2025-03-05 20:00:00;10540.349;10553.515;10514.528;10528.509;0.727325;GBR.IDXEUR
2025-03-05 21:00:00;10528.512;10528.512;10509.09;10514.125;0.055524;GBR.IDXEUR
2025-03-05 23:00:00;10488.053;10499.229;10477.069;10482.176;0.082758;GBR.IDXEUR
2025-03-06 00:00:00;10481.937;10489.799;10466.893;10468.384;0.200685;GBR.IDXEUR
2025-03-06 01:00:00;10472.182;10480.189;10459.436;10471.624;0.112287;GBR.IDXEUR
2025-03-06 02:00:00;10471.749;10476.275;10466.596;10474.681;0.110337;GBR.IDXEUR
2025-03-06 03:00:00;10474.556;10488.272;10468.181;10485.918;0.105186;GBR.IDXEUR
2025-03-06 04:00:00;10485.793;10492.955;10485.793;10489.561;0.055908;GBR.IDXEUR
2025-03-06 05:00:00;10489.561;10489.837;10476.959;10478.456;0.072408;GBR.IDXEUR
2025-03-06 06:00:00;10478.331;10501.139;10475.493;10495.738;0.08379;GBR.IDXEUR
2025-03-06 07:00:00;10495.474;10506.327;10473.676;10474.267;0.941595;GBR.IDXEUR
2025-03-06 08:00:00;10474.368;10477.009;10369.611;10371.245;1.446757;GBR.IDXEUR
2025-03-06 09:00:00;10371.493;10393.525;10340.545;10342.213;1.795696;GBR.IDXEUR
2025-03-06 10:00:00;10341.966;10356.059;10321.694;10321.996;2.0232;GBR.IDXEUR
2025-03-06 11:00:00;10321.417;10361.212;10310.893;10349.719;1.609476;GBR.IDXEUR
2025-03-06 12:00:00;10349.687;10359.547;10328.901;10344.441;1.2738;GBR.IDXEUR
2025-03-06 13:00:00;10343.731;10354.021;10302.877;10315.303;1.529548;GBR.IDXEUR
2025-03-06 14:00:00;10315.022;10346.365;10297.442;10328.224;1.587092;GBR.IDXEUR
2025-03-06 15:00:00;10328.101;10361.904;10317.82;10358.25;1.724916;GBR.IDXEUR
2025-03-06 16:00:00;10358.885;10371.791;10304.108;10306.312;2.586134;GBR.IDXEUR
2025-03-06 17:00:00;10306.624;10330.287;10296.259;10317.585;1.961628;GBR.IDXEUR
2025-03-06 18:00:00;10317.339;10341.735;10309.213;10331.905;1.432968;GBR.IDXEUR
2025-03-06 19:00:00;10331.796;10353.999;10311.495;10317.31;1.19918;GBR.IDXEUR
2025-03-06 20:00:00;10317.31;10349.97;10313.49;10320.258;1.002084;GBR.IDXEUR
2025-03-06 21:00:00;10320.134;10343.423;10313.981;10339.059;0.134415;GBR.IDXEUR
2025-03-06 23:00:00;10342.879;10345.016;10326.941;10337.165;0.183963;GBR.IDXEUR
2025-03-07 00:00:00;10337.165;10340.757;10314.782;10326.821;0.206928;GBR.IDXEUR
2025-03-07 01:00:00;10329.187;10343.885;10319.43;10341.645;0.625803;GBR.IDXEUR
2025-03-07 02:00:00;10341.708;10352.645;10338.685;10340.891;0.509286;GBR.IDXEUR
2025-03-07 03:00:00;10341.527;10344.191;10324.232;10329.31;0.486381;GBR.IDXEUR
2025-03-07 04:00:00;10329.433;10334.135;10323.396;10327.068;0.397713;GBR.IDXEUR
2025-03-07 05:00:00;10327.149;10328.115;10306.381;10307.437;0.394878;GBR.IDXEUR
2025-03-07 06:00:00;10307.466;10309.289;10290.727;10293.16;0.345897;GBR.IDXEUR
2025-03-07 07:00:00;10293.313;10315.133;10292.015;10305.093;1.031391;GBR.IDXEUR
2025-03-07 08:00:00;10305.299;10322.497;10278.65;10283.672;1.574886;GBR.IDXEUR
2025-03-07 09:00:00;10284.002;10317.64;10278.988;10304.567;1.50823;GBR.IDXEUR
2025-03-07 10:00:00;10304.567;10307.452;10265.904;10279.582;1.2122;GBR.IDXEUR
2025-03-07 11:00:00;10280.071;10304.102;10279.312;10291.447;1.040428;GBR.IDXEUR
2025-03-07 12:00:00;10292.027;10295.294;10272.988;10278.773;1.23186;GBR.IDXEUR
2025-03-07 13:00:00;10278.529;10318.829;10272.311;10295.844;1.683082;GBR.IDXEUR
2025-03-07 14:00:00;10295.966;10342.865;10281.613;10340.889;2.862284;GBR.IDXEUR
2025-03-07 15:00:00;10340.57;10354.36;10319.019;10338.315;3.05068;GBR.IDXEUR
2025-03-07 16:00:00;10338.815;10353.231;10307.664;10311.087;2.393112;GBR.IDXEUR
2025-03-07 17:00:00;10311.087;10390.265;10300.271;10365.747;3.05771;GBR.IDXEUR
2025-03-07 18:00:00;10365.747;10407.964;10363.976;10402.216;2.064754;GBR.IDXEUR
2025-03-07 19:00:00;10402.588;10426.276;10394.817;10401.28;1.633136;GBR.IDXEUR
2025-03-07 20:00:00;10401.404;10426.741;10383.165;10418.308;1.659416;GBR.IDXEUR
2025-03-07 21:00:00;10418.312;10418.312;10418.312;10418.312;0.00024;GBR.IDXEUR
2025-03-09 23:00:00;10357.363;10370.986;10317.081;10357.443;0.456501;GBR.IDXEUR
2025-03-10 00:00:00;10357.443;10388.347;10352.348;10387.683;0.513717;GBR.IDXEUR
2025-03-10 01:00:00;10382.157;10396.315;10381.26;10392.18;0.239775;GBR.IDXEUR
2025-03-10 02:00:00;10389.727;10392.307;10379.455;10385.118;0.174111;GBR.IDXEUR
2025-03-10 03:00:00;10385.115;10395.133;10376.167;10392.065;0.165195;GBR.IDXEUR
2025-03-10 04:00:00;10391.941;10394.998;10374.958;10379.011;0.104961;GBR.IDXEUR
2025-03-10 05:00:00;10376.58;10386.949;10367.317;10371.491;0.13374;GBR.IDXEUR
2025-03-10 06:00:00;10372.446;10386.809;10365.04;10368.03;0.070752;GBR.IDXEUR
2025-03-10 07:00:00;10368.03;10382.435;10349.83;10356.555;0.375455;GBR.IDXEUR
2025-03-10 08:00:00;10354.024;10374.208;10281.287;10282.044;1.907848;GBR.IDXEUR
2025-03-10 09:00:00;10281.861;10305.228;10269.206;10286.566;2.400038;GBR.IDXEUR
2025-03-10 10:00:00;10286.874;10296.472;10264.124;10270.392;1.692346;GBR.IDXEUR
2025-03-10 11:00:00;10270.392;10303.285;10270.392;10298.22;2.069858;GBR.IDXEUR
2025-03-10 12:00:00;10298.535;10303.518;10262.361;10285.156;1.53954;GBR.IDXEUR
2025-03-10 13:00:00;10284.918;10305.738;10256.145;10288.456;1.699858;GBR.IDXEUR
2025-03-10 14:00:00;10288.333;10288.333;10245.461;10253.967;1.878946;GBR.IDXEUR
2025-03-10 15:00:00;10253.127;10292.975;10246.413;10247.218;1.620428;GBR.IDXEUR
2025-03-10 16:00:00;10247.34;10252.385;10222.602;10234.039;1.46271;GBR.IDXEUR
2025-03-10 17:00:00;10233.917;10237.081;10184.786;10185.716;1.06454;GBR.IDXEUR
2025-03-10 18:00:00;10185.837;10199.505;10150.107;10152.85;1.10115;GBR.IDXEUR
2025-03-10 19:00:00;10152.608;10222.428;10139.208;10208.994;1.3028;GBR.IDXEUR
2025-03-10 20:00:00;10208.994;10223.853;10197.96;10222.368;0.358192;GBR.IDXEUR
2025-03-10 23:00:00;10197.416;10201.025;10153.148;10184.262;0.498444;GBR.IDXEUR
2025-03-11 00:00:00;10184.383;10194.27;10132.134;10152.942;0.55281;GBR.IDXEUR
2025-03-11 01:00:00;10153.886;10168.134;10133.023;10158.142;0.486276;GBR.IDXEUR
2025-03-11 02:00:00;10158.11;10201.37;10156.35;10197.388;0.473745;GBR.IDXEUR
2025-03-11 03:00:00;10197.388;10227.545;10197.388;10224.136;0.349386;GBR.IDXEUR
2025-03-11 04:00:00;10223.106;10239.687;10218.65;10234.136;0.276876;GBR.IDXEUR
2025-03-11 05:00:00;10234.379;10245.496;10228.552;10244.855;0.35751;GBR.IDXEUR
2025-03-11 06:00:00;10244.977;10245.283;10228.819;10233.066;0.361569;GBR.IDXEUR
2025-03-11 07:00:00;10234.143;10236.795;10201.362;10213.994;1.094884;GBR.IDXEUR
2025-03-11 08:00:00;10216.058;10218.658;10160.04;10180.05;1.956391;GBR.IDXEUR
2025-03-11 09:00:00;10180.171;10195.032;10169.589;10185.084;1.43522;GBR.IDXEUR
2025-03-11 10:00:00;10184.963;10206.261;10177.592;10197.81;1.09591;GBR.IDXEUR
2025-03-11 11:00:00;10197.81;10198.723;10163.297;10167.44;0.971562;GBR.IDXEUR
2025-03-11 12:00:00;10166.084;10167.874;10137.573;10146.395;1.383354;GBR.IDXEUR
2025-03-11 13:00:00;10146.275;10153.553;10091.583;10100.934;1.643668;GBR.IDXEUR
2025-03-11 14:00:00;10101.173;10124.192;10043.604;10046.092;2.153188;GBR.IDXEUR
2025-03-11 15:00:00;10046.092;10098.168;10042.352;10071.509;1.644375;GBR.IDXEUR
2025-03-11 16:00:00;10071.242;10071.242;10030.59;10039.375;1.39646;GBR.IDXEUR
2025-03-11 17:00:00;10039.375;10051.513;10018.86;10041.771;1.052055;GBR.IDXEUR
2025-03-11 18:00:00;10041.652;10131.14;10037.925;10121.192;1.426075;GBR.IDXEUR
2025-03-11 19:00:00;10120.727;10132.647;10092.993;10097.872;1.24164;GBR.IDXEUR
2025-03-11 20:00:00;10097.872;10108.736;10084.699;10088.19;0.3001;GBR.IDXEUR
2025-03-11 23:00:00;10107.251;10108.302;10088.967;10107.137;0.229296;GBR.IDXEUR
2025-03-12 00:00:00;10106.854;10112.698;10086.569;10103.807;0.347052;GBR.IDXEUR
2025-03-12 01:00:00;10104.032;10112.201;10091.182;10102.155;0.687312;GBR.IDXEUR
2025-03-12 02:00:00;10102.144;10114.272;10100.014;10104.853;0.451944;GBR.IDXEUR
2025-03-12 03:00:00;10104.864;10107.744;10089.826;10093.845;0.43389;GBR.IDXEUR
2025-03-12 04:00:00;10093.809;10106.158;10088.248;10101.173;0.348366;GBR.IDXEUR
2025-03-12 05:00:00;10100.933;10117.89;10099.854;10117.77;0.43758;GBR.IDXEUR
2025-03-12 06:00:00;10117.77;10118.141;10088.375;10092.882;0.349638;GBR.IDXEUR
2025-03-12 07:00:00;10092.882;10108.532;10082.811;10105.573;0.747644;GBR.IDXEUR
2025-03-12 08:00:00;10105.453;10110.352;10076.906;10103.58;1.104435;GBR.IDXEUR
2025-03-12 09:00:00;10104.779;10131.686;10102.752;10124.103;1.530955;GBR.IDXEUR
2025-03-12 10:00:00;10123.983;10140.92;10111.497;10137.465;1.55333;GBR.IDXEUR
2025-03-12 11:00:00;10137.585;10167.668;10135.841;10150.255;1.91364;GBR.IDXEUR
2025-03-12 12:00:00;10150.828;10182.08;10148.196;10160.896;2.43212;GBR.IDXEUR
2025-03-12 13:00:00;10160.631;10164.23;10113.719;10134.007;1.62258;GBR.IDXEUR
2025-03-12 14:00:00;10134.331;10138.602;10094.65;10103.336;1.61983;GBR.IDXEUR
2025-03-12 15:00:00;10103.096;10128.732;10079.872;10124.217;2.53152;GBR.IDXEUR
2025-03-12 16:00:00;10124.093;10161.544;10122.169;10138.846;2.196375;GBR.IDXEUR
2025-03-12 17:00:00;10139.087;10178.671;10136.704;10143.185;1.61663;GBR.IDXEUR
2025-03-12 18:00:00;10142.944;10206.761;10141.625;10199.946;1.408065;GBR.IDXEUR
2025-03-12 19:00:00;10200.068;10200.068;10163.947;10175.283;1.69756;GBR.IDXEUR
2025-03-12 20:00:00;10175.64;10177.461;10161.065;10168.143;0.415305;GBR.IDXEUR
2025-03-12 23:00:00;10181.844;10201.045;10179.825;10200.033;0.255246;GBR.IDXEUR
2025-03-13 00:00:00;10199.911;10203.194;10172.197;10175.649;0.351516;GBR.IDXEUR
2025-03-13 01:00:00;10175.207;10177.139;10161.279;10173.659;0.138594;GBR.IDXEUR
2025-03-13 02:00:00;10173.291;10178.316;10159.795;10160.879;0.102174;GBR.IDXEUR
2025-03-13 03:00:00;10160.758;10161.477;10136.488;10139.546;0.113718;GBR.IDXEUR
2025-03-13 04:00:00;10139.666;10148.606;10135.019;10135.362;0.09978;GBR.IDXEUR
2025-03-13 05:00:00;10135.337;10144.476;10130.185;10140.277;0.190854;GBR.IDXEUR
2025-03-13 06:00:00;10140.157;10160.62;10129.208;10154.035;0.129966;GBR.IDXEUR
2025-03-13 07:00:00;10153.793;10160.014;10141.584;10159.896;1.651076;GBR.IDXEUR
2025-03-13 08:00:00;10159.534;10199.313;10144.785;10196.674;3.02577;GBR.IDXEUR
2025-03-13 09:00:00;10196.796;10220.842;10177.076;10217.086;2.131655;GBR.IDXEUR
2025-03-13 10:00:00;10216.721;10223.441;10195.909;10201.13;1.2484;GBR.IDXEUR
2025-03-13 11:00:00;10201.374;10207.426;10160.711;10164.119;1.05509;GBR.IDXEUR
2025-03-13 12:00:00;10164.016;10197.553;10154.604;10196.4;1.653035;GBR.IDXEUR
2025-03-13 13:00:00;10196.522;10219.397;10179.349;10184.31;1.463475;GBR.IDXEUR
2025-03-13 14:00:00;10184.188;10199.137;10167.803;10176.393;1.626385;GBR.IDXEUR
2025-03-13 15:00:00;10177.029;10184.751;10154.323;10169.908;2.170485;GBR.IDXEUR
2025-03-13 16:00:00;10169.908;10188.583;10158.221;10167.708;1.157795;GBR.IDXEUR
2025-03-13 17:00:00;10167.829;10182.106;10140.82;10147.865;0.77966;GBR.IDXEUR
2025-03-13 18:00:00;10147.262;10194.294;10146.336;10192.526;0.941595;GBR.IDXEUR
2025-03-13 19:00:00;10191.826;10199.719;10179.724;10194.186;1.39981;GBR.IDXEUR
2025-03-13 20:00:00;10194.307;10198.653;10190.377;10194.54;0.469725;GBR.IDXEUR
2025-03-13 23:00:00;10213.295;10224.086;10209.158;10214.31;0.266562;GBR.IDXEUR
2025-03-14 00:00:00;10214.552;10242.622;10204.836;10224.052;0.234456;GBR.IDXEUR
2025-03-14 01:00:00;10217.218;10218.125;10198.471;10201.904;0.14556;GBR.IDXEUR
2025-03-14 02:00:00;10201.925;10213.292;10196.877;10208.832;0.117438;GBR.IDXEUR
2025-03-14 03:00:00;10208.825;10216.781;10207.864;10214.058;0.11328;GBR.IDXEUR
2025-03-14 04:00:00;10213.834;10223.66;10209.135;10221.383;0.083136;GBR.IDXEUR
2025-03-14 05:00:00;10221.394;10225.768;10217.961;10220.932;0.096054;GBR.IDXEUR
2025-03-14 06:00:00;10220.932;10226.46;10211.159;10222.212;0.072474;GBR.IDXEUR
2025-03-14 07:00:00;10222.57;10223.17;10199.894;10202.278;0.342567;GBR.IDXEUR
2025-03-14 08:00:00;10200.86;10225.098;10183.142;10217.628;0.742245;GBR.IDXEUR
2025-03-14 09:00:00;10218.527;10224.44;10201.513;10215.929;1.621545;GBR.IDXEUR
2025-03-14 10:00:00;10216.051;10221.784;10195.571;10211.511;2.07759;GBR.IDXEUR
2025-03-14 11:00:00;10211.39;10216.25;10193.569;10206.887;0.792315;GBR.IDXEUR
2025-03-14 12:00:00;10206.812;10225.703;10202.449;10221.947;0.87724;GBR.IDXEUR
2025-03-14 13:00:00;10221.947;10256.745;10191.132;10250.704;1.60654;GBR.IDXEUR
2025-03-14 14:00:00;10250.582;10260.334;10229.752;10248.896;0.680675;GBR.IDXEUR
2025-03-14 15:00:00;10248.101;10265.787;10241.506;10263.691;0.92182;GBR.IDXEUR
2025-03-14 16:00:00;10263.297;10278.789;10242.818;10277.868;0.431245;GBR.IDXEUR
2025-03-14 17:00:00;10278.112;10287.743;10264.498;10265.356;0.25218;GBR.IDXEUR
2025-03-14 18:00:00;10265.356;10302.752;10265.356;10293.902;0.23495;GBR.IDXEUR
2025-03-14 19:00:00;10294.147;10310.386;10290.479;10306.959;0.261525;GBR.IDXEUR
2025-03-14 20:00:00;10306.7;10307.68;10283.442;10301.121;0.143325;GBR.IDXEUR
2025-03-16 23:00:00;10268.465;10295.499;10263.039;10282.699;0.145206;GBR.IDXEUR
2025-03-17 00:00:00;10282.576;10304.608;10278.131;10294.361;0.19197;GBR.IDXEUR
2025-03-17 01:00:00;10289.647;10307.256;10289.647;10295.944;0.108672;GBR.IDXEUR
2025-03-17 02:00:00;10295.821;10297.464;10290.191;10294.226;0.082542;GBR.IDXEUR
2025-03-17 03:00:00;10294.366;10294.961;10283.247;10286.815;0.072396;GBR.IDXEUR
2025-03-17 04:00:00;10286.847;10291.985;10285.036;10291.126;0.07503;GBR.IDXEUR
2025-03-17 05:00:00;10291.126;10296.486;10286.487;10286.938;0.064854;GBR.IDXEUR
2025-03-17 06:00:00;10286.941;10287.416;10268.266;10280.984;0.044316;GBR.IDXEUR
2025-03-17 07:00:00;10281.35;10289.665;10266.374;10288.44;0.193806;GBR.IDXEUR
2025-03-17 08:00:00;10286.555;10291.172;10254.375;10280.143;1.38871;GBR.IDXEUR
2025-03-17 09:00:00;10280.265;10286.976;10258.712;10279.518;0.53668;GBR.IDXEUR
2025-03-17 10:00:00;10279.518;10292.292;10275.187;10281.023;0.27415;GBR.IDXEUR
2025-03-17 11:00:00;10281.023;10286.417;10277.895;10281.433;0.41083;GBR.IDXEUR
2025-03-17 12:00:00;10281.387;10302.517;10279.196;10294.192;0.653195;GBR.IDXEUR
2025-03-17 13:00:00;10294.192;10339.218;10290.185;10330.263;0.993925;GBR.IDXEUR
2025-03-17 14:00:00;10329.033;10332.81;10312.661;10320.193;1.13426;GBR.IDXEUR
2025-03-17 15:00:00;10320.501;10330.855;10305.957;10320.85;1.485235;GBR.IDXEUR
2025-03-17 16:00:00;10320.45;10328.649;10313.623;10324.647;1.237995;GBR.IDXEUR
2025-03-17 17:00:00;10324.427;10365.159;10320.948;10361.764;0.862295;GBR.IDXEUR
2025-03-17 18:00:00;10361.764;10375.022;10360.82;10364.076;0.824705;GBR.IDXEUR
2025-03-17 19:00:00;10364.2;10367.996;10350.457;10353.514;0.793065;GBR.IDXEUR
2025-03-17 20:00:00;10353.496;10353.496;10340.764;10345.582;0.407325;GBR.IDXEUR
2025-03-17 23:00:00;10348.381;10350.09;10335.492;10341.571;0.169122;GBR.IDXEUR
2025-03-18 00:00:00;10341.247;10344.675;10334.215;10335.466;0.1005;GBR.IDXEUR
2025-03-18 01:00:00;10336.132;10355.492;10336.132;10346.899;0.06378;GBR.IDXEUR
2025-03-18 02:00:00;10346.776;10350.296;10342.551;10347.245;0.049476;GBR.IDXEUR
2025-03-18 03:00:00;10347.368;10347.368;10337.416;10342.002;0.038652;GBR.IDXEUR
2025-03-18 04:00:00;10341.879;10347.828;10338.734;10342.454;0.033528;GBR.IDXEUR
2025-03-18 05:00:00;10342.331;10349.658;10341.734;10348.061;0.031356;GBR.IDXEUR
2025-03-18 06:00:00;10348.307;10357.315;10344.178;10350.288;0.056148;GBR.IDXEUR
2025-03-18 07:00:00;10350.657;10355.421;10341.615;10346.933;0.682272;GBR.IDXEUR
2025-03-18 08:00:00;10346.735;10346.735;10327.381;10343.228;1.49114;GBR.IDXEUR
2025-03-18 09:00:00;10342.988;10360.601;10339.194;10352.955;1.20756;GBR.IDXEUR
2025-03-18 10:00:00;10352.832;10357.579;10336.373;10351.247;0.977615;GBR.IDXEUR
2025-03-18 11:00:00;10351.247;10353.714;10333.34;10337.11;1.121975;GBR.IDXEUR
2025-03-18 12:00:00;10337.088;10370.063;10327.783;10369.26;1.298105;GBR.IDXEUR
2025-03-18 13:00:00;10369.137;10369.26;10340.378;10348.229;1.37972;GBR.IDXEUR
2025-03-18 14:00:00;10347.742;10356.899;10334.88;10337.592;1.177435;GBR.IDXEUR
2025-03-18 15:00:00;10337.259;10347.494;10321.643;10328.739;1.30828;GBR.IDXEUR
2025-03-18 16:00:00;10328.985;10352.134;10322.587;10326.024;1.23668;GBR.IDXEUR
2025-03-18 17:00:00;10326.031;10334.355;10308.152;10327.482;1.395465;GBR.IDXEUR
2025-03-18 18:00:00;10327.482;10341.57;10321.129;10333.599;1.05495;GBR.IDXEUR
2025-03-18 19:00:00;10333.844;10341.551;10321.471;10331.993;0.88899;GBR.IDXEUR
2025-03-18 20:00:00;10332.234;10339.227;10330.508;10332.895;0.29178;GBR.IDXEUR
2025-03-18 21:00:00;10332.891;10332.891;10332.891;10332.891;6e-05;GBR.IDXEUR
2025-03-18 23:00:00;10340.536;10346.872;10332.805;10344.71;0.164238;GBR.IDXEUR
2025-03-19 00:00:00;10344.71;10373.689;10343.255;10368.057;0.318834;GBR.IDXEUR
2025-03-19 01:00:00;10367.934;10367.934;10352.696;10356.495;0.089718;GBR.IDXEUR
2025-03-19 02:00:00;10356.495;10357.921;10350.941;10353.175;0.075006;GBR.IDXEUR
2025-03-19 03:00:00;10353.175;10357.534;10350.101;10353.696;0.113424;GBR.IDXEUR
2025-03-19 04:00:00;10353.942;10355.819;10348.274;10350.223;0.149508;GBR.IDXEUR
2025-03-19 05:00:00;10350.1;10355.341;10347.061;10349.952;0.247692;GBR.IDXEUR
2025-03-19 06:00:00;10349.96;10351.971;10339.9;10345.714;0.238104;GBR.IDXEUR
2025-03-19 07:00:00;10345.844;10365.554;10341.283;10342.535;1.254492;GBR.IDXEUR
2025-03-19 08:00:00;10342.127;10348.016;10307.512;10323.47;1.164065;GBR.IDXEUR
2025-03-19 09:00:00;10323.162;10346.366;10313.575;10336.26;0.83378;GBR.IDXEUR
2025-03-19 10:00:00;10336.26;10352.873;10334.141;10337.402;0.61844;GBR.IDXEUR
2025-03-19 11:00:00;10337.402;10344.725;10322.699;10329.678;0.533865;GBR.IDXEUR
2025-03-19 12:00:00;10329.432;10352.521;10319.361;10349.0;0.735715;GBR.IDXEUR
2025-03-19 13:00:00;10348.877;10354.151;10324.138;10343.647;0.679465;GBR.IDXEUR
2025-03-19 14:00:00;10343.77;10376.21;10339.904;10375.706;0.50121;GBR.IDXEUR
2025-03-19 15:00:00;10375.688;10391.796;10371.367;10389.16;0.352745;GBR.IDXEUR
2025-03-19 16:00:00;10389.16;10391.652;10368.932;10375.164;0.44139;GBR.IDXEUR
2025-03-19 17:00:00;10375.287;10386.663;10365.156;10373.188;0.70547;GBR.IDXEUR
2025-03-19 18:00:00;10372.554;10396.15;10362.768;10393.83;1.374375;GBR.IDXEUR
2025-03-19 19:00:00;10393.83;10407.978;10381.164;10388.096;0.94061;GBR.IDXEUR
2025-03-19 20:00:00;10387.848;10398.023;10387.486;10388.441;0.18696;GBR.IDXEUR
2025-03-19 23:00:00;10399.56;10406.84;10396.755;10405.418;0.039246;GBR.IDXEUR
2025-03-20 00:00:00;10405.294;10408.397;10394.164;10401.992;0.176958;GBR.IDXEUR
2025-03-20 01:00:00;10400.356;10400.356;10380.808;10382.144;0.071976;GBR.IDXEUR
2025-03-20 02:00:00;10382.144;10385.244;10375.634;10378.552;0.072828;GBR.IDXEUR
2025-03-20 03:00:00;10378.552;10385.025;10374.168;10375.469;0.059052;GBR.IDXEUR
2025-03-20 04:00:00;10375.462;10382.956;10374.224;10381.493;0.046338;GBR.IDXEUR
2025-03-20 05:00:00;10381.607;10383.616;10377.548;10381.079;0.05094;GBR.IDXEUR
2025-03-20 06:00:00;10381.079;10382.527;10370.637;10372.802;0.046578;GBR.IDXEUR
2025-03-20 07:00:00;10373.173;10400.495;10370.116;10382.862;0.18307;GBR.IDXEUR
2025-03-20 08:00:00;10382.979;10435.095;10380.967;10416.068;0.64114;GBR.IDXEUR
2025-03-20 09:00:00;10416.317;10416.317;10364.172;10371.389;0.870895;GBR.IDXEUR
2025-03-20 10:00:00;10370.785;10381.655;10341.442;10378.506;1.27063;GBR.IDXEUR
2025-03-20 11:00:00;10378.382;10404.801;10378.232;10381.402;0.87056;GBR.IDXEUR
2025-03-20 12:00:00;10381.402;10405.714;10370.02;10400.635;0.960715;GBR.IDXEUR
2025-03-20 13:00:00;10400.386;10410.326;10380.534;10404.075;1.127555;GBR.IDXEUR
2025-03-20 14:00:00;10403.348;10426.177;10400.733;10425.545;0.917455;GBR.IDXEUR
2025-03-20 15:00:00;10424.928;10431.194;10382.444;10400.568;0.73665;GBR.IDXEUR
2025-03-20 16:00:00;10401.353;10410.92;10392.36;10393.675;1.18253;GBR.IDXEUR
2025-03-20 17:00:00;10393.682;10404.943;10372.608;10381.527;0.861285;GBR.IDXEUR
2025-03-20 18:00:00;10381.776;10397.422;10371.794;10385.756;0.717285;GBR.IDXEUR
2025-03-20 19:00:00;10385.521;10400.518;10383.736;10397.366;0.74181;GBR.IDXEUR
2025-03-20 20:00:00;10397.595;10398.973;10385.433;10391.948;0.2978;GBR.IDXEUR
2025-03-20 23:00:00;10387.037;10391.92;10376.148;10388.724;0.076446;GBR.IDXEUR
2025-03-21 00:00:00;10388.343;10401.292;10386.171;10395.322;0.237948;GBR.IDXEUR
2025-03-21 01:00:00;10393.749;10401.515;10387.148;10394.204;0.061224;GBR.IDXEUR
2025-03-21 02:00:00;10393.508;10406.31;10391.786;10402.626;0.053004;GBR.IDXEUR
2025-03-21 03:00:00;10402.75;10403.941;10390.64;10392.865;0.053784;GBR.IDXEUR
2025-03-21 04:00:00;10392.989;10402.559;10391.376;10395.018;0.055296;GBR.IDXEUR
2025-03-21 05:00:00;10395.963;10398.156;10379.556;10380.3;0.133446;GBR.IDXEUR
2025-03-21 06:00:00;10380.424;10398.444;10376.487;10397.464;0.116754;GBR.IDXEUR
2025-03-21 07:00:00;10397.985;10401.77;10364.069;10366.409;0.649404;GBR.IDXEUR
2025-03-21 08:00:00;10365.537;10375.98;10321.374;10349.289;1.14425;GBR.IDXEUR
2025-03-21 09:00:00;10349.412;10360.224;10339.34;10351.581;0.3251;GBR.IDXEUR
2025-03-21 10:00:00;10351.581;10369.15;10290.071;10365.4;0.41412;GBR.IDXEUR
2025-03-21 11:00:00;10365.524;10367.65;10324.883;10328.097;0.7725;GBR.IDXEUR
2025-03-21 12:00:00;10327.974;10339.923;10317.417;10324.963;1.09556;GBR.IDXEUR
2025-03-21 13:00:00;10325.209;10330.891;10308.709;10311.227;1.35889;GBR.IDXEUR
2025-03-21 14:00:00;10311.473;10336.398;10285.498;10335.343;1.188315;GBR.IDXEUR
2025-03-21 15:00:00;10335.065;10342.267;10316.094;10317.127;0.32722;GBR.IDXEUR
2025-03-21 16:00:00;10316.195;10332.709;10301.328;10325.94;0.40986;GBR.IDXEUR
2025-03-21 17:00:00;10325.944;10338.522;10317.193;10330.884;0.20595;GBR.IDXEUR
2025-03-21 18:00:00;10331.007;10335.608;10318.356;10322.056;0.21726;GBR.IDXEUR
2025-03-21 19:00:00;10321.933;10329.216;10310.6;10326.72;0.58998;GBR.IDXEUR
2025-03-21 20:00:00;10325.568;10333.566;10323.846;10324.795;0.425775;GBR.IDXEUR
2025-03-23 23:00:00;10335.415;10343.736;10330.885;10340.515;0.108768;GBR.IDXEUR
2025-03-24 00:00:00;10340.885;10349.871;10334.059;10347.873;0.202578;GBR.IDXEUR
2025-03-24 01:00:00;10351.406;10352.513;10339.658;10344.115;0.046209;GBR.IDXEUR
2025-03-24 02:00:00;10344.115;10349.103;10342.057;10347.851;0.037899;GBR.IDXEUR
2025-03-24 03:00:00;10347.727;10349.552;10339.089;10345.329;0.040719;GBR.IDXEUR
2025-03-24 04:00:00;10345.453;10348.757;10341.853;10346.028;0.027054;GBR.IDXEUR
2025-03-24 05:00:00;10345.905;10351.09;10344.515;10346.483;0.029817;GBR.IDXEUR
2025-03-24 06:00:00;10346.607;10361.191;10340.146;10360.18;0.0279;GBR.IDXEUR
2025-03-24 07:00:00;10360.067;10377.824;10355.988;10375.772;0.123927;GBR.IDXEUR
2025-03-24 08:00:00;10375.648;10385.679;10358.568;10381.849;0.91704;GBR.IDXEUR
2025-03-24 09:00:00;10381.973;10390.977;10334.31;10335.26;0.74268;GBR.IDXEUR
2025-03-24 10:00:00;10335.384;10359.018;10330.046;10353.602;0.78179;GBR.IDXEUR
2025-03-24 11:00:00;10353.726;10364.821;10331.935;10334.505;0.988366;GBR.IDXEUR
2025-03-24 12:00:00;10334.629;10336.407;10299.881;10304.095;1.062352;GBR.IDXEUR
2025-03-24 13:00:00;10304.023;10358.289;10298.995;10349.553;0.962512;GBR.IDXEUR
2025-03-24 14:00:00;10349.677;10375.37;10341.069;10354.327;1.257658;GBR.IDXEUR
2025-03-24 15:00:00;10353.911;10356.584;10333.238;10347.036;0.828934;GBR.IDXEUR
2025-03-24 16:00:00;10347.295;10348.009;10321.415;10331.108;0.806104;GBR.IDXEUR
2025-03-24 17:00:00;10331.231;10337.325;10322.604;10337.053;0.378642;GBR.IDXEUR
2025-03-24 18:00:00;10337.053;10337.177;10313.612;10330.967;0.464638;GBR.IDXEUR
2025-03-24 19:00:00;10331.091;10348.202;10329.258;10342.999;0.316516;GBR.IDXEUR
2025-03-24 20:00:00;10343.958;10346.942;10335.599;10335.599;0.15317;GBR.IDXEUR
2025-03-24 21:00:00;10331.701;10331.701;10331.701;10331.701;7.2e-05;GBR.IDXEUR
2025-03-24 23:00:00;10328.354;10337.058;10327.28;10334.431;0.035772;GBR.IDXEUR
2025-03-25 00:00:00;10334.424;10337.014;10329.743;10333.675;0.066846;GBR.IDXEUR
2025-03-25 01:00:00;10333.453;10342.798;10327.54;10328.139;0.310038;GBR.IDXEUR
2025-03-25 02:00:00;10328.146;10328.146;10308.959;10314.16;0.397863;GBR.IDXEUR
2025-03-25 03:00:00;10314.11;10317.286;10305.588;10308.986;0.359136;GBR.IDXEUR
2025-03-25 04:00:00;10308.616;10310.071;10300.018;10300.92;0.271764;GBR.IDXEUR
2025-03-25 05:00:00;10300.92;10304.291;10297.65;10301.268;0.309288;GBR.IDXEUR
2025-03-25 06:00:00;10301.039;10317.953;10299.202;10317.953;0.307998;GBR.IDXEUR
2025-03-25 07:00:00;10317.829;10345.588;10317.829;10343.184;0.860155;GBR.IDXEUR
2025-03-25 08:00:00;10348.183;10393.854;10346.621;10386.902;1.374336;GBR.IDXEUR
2025-03-25 09:00:00;10386.653;10390.551;10372.056;10381.868;0.66919;GBR.IDXEUR
2025-03-25 10:00:00;10382.241;10406.599;10370.299;10402.564;0.919296;GBR.IDXEUR
2025-03-25 11:00:00;10402.689;10420.354;10402.077;10416.125;0.787418;GBR.IDXEUR
2025-03-25 12:00:00;10416.416;10426.048;10412.921;10420.811;0.886878;GBR.IDXEUR
2025-03-25 13:00:00;10420.562;10436.576;10405.857;10417.798;0.858152;GBR.IDXEUR
2025-03-25 14:00:00;10417.299;10421.741;10393.116;10403.738;1.041576;GBR.IDXEUR
2025-03-25 15:00:00;10404.101;10405.296;10371.547;10378.665;1.097286;GBR.IDXEUR
2025-03-25 16:00:00;10378.432;10400.32;10375.726;10392.031;0.437162;GBR.IDXEUR
2025-03-25 17:00:00;10392.095;10401.143;10388.048;10390.899;0.096606;GBR.IDXEUR
2025-03-25 18:00:00;10390.526;10393.518;10380.23;10382.023;0.08725;GBR.IDXEUR
2025-03-25 19:00:00;10381.371;10398.253;10381.371;10397.618;0.133228;GBR.IDXEUR
2025-03-25 20:00:00;10397.389;10407.086;10396.267;10403.849;0.04275;GBR.IDXEUR
2025-03-25 21:00:00;10403.684;10403.684;10403.684;10403.684;7.2e-05;GBR.IDXEUR
2025-03-25 23:00:00;10404.769;10410.85;10403.574;10407.779;0.040026;GBR.IDXEUR
2025-03-26 00:00:00;10407.371;10410.392;10402.301;10406.389;0.183984;GBR.IDXEUR
2025-03-26 01:00:00;10405.952;10415.74;10400.96;10409.095;0.045657;GBR.IDXEUR
2025-03-26 02:00:00;10408.97;10408.97;10400.617;10405.458;0.0297;GBR.IDXEUR
2025-03-26 03:00:00;10405.437;10406.575;10398.136;10403.482;0.026685;GBR.IDXEUR
2025-03-26 04:00:00;10403.265;10406.57;10398.68;10404.895;0.01908;GBR.IDXEUR
2025-03-26 05:00:00;10404.874;10408.542;10394.052;10394.422;0.033339;GBR.IDXEUR
2025-03-26 06:00:00;10394.422;10410.037;10393.544;10396.056;0.022047;GBR.IDXEUR
2025-03-26 07:00:00;10395.797;10417.875;10393.053;10405.104;0.156759;GBR.IDXEUR
2025-03-26 08:00:00;10405.229;10413.57;10353.749;10363.126;0.842276;GBR.IDXEUR
2025-03-26 09:00:00;10363.498;10366.867;10342.157;10351.706;0.49496;GBR.IDXEUR
2025-03-26 10:00:00;10351.706;10394.004;10348.822;10393.576;0.482468;GBR.IDXEUR
2025-03-26 11:00:00;10393.178;10396.216;10367.633;10376.359;0.192748;GBR.IDXEUR
2025-03-26 12:00:00;10376.631;10399.526;10355.562;10363.386;0.298662;GBR.IDXEUR
2025-03-26 13:00:00;10363.386;10398.718;10355.786;10366.963;0.825504;GBR.IDXEUR
2025-03-26 14:00:00;10366.132;10405.377;10365.0;10405.014;1.447632;GBR.IDXEUR
2025-03-26 15:00:00;10406.181;10420.515;10391.672;10397.259;0.947016;GBR.IDXEUR
2025-03-26 16:00:00;10397.259;10397.508;10377.386;10383.075;1.234856;GBR.IDXEUR
2025-03-26 17:00:00;10383.075;10401.126;10380.625;10385.37;1.537668;GBR.IDXEUR
2025-03-26 18:00:00;10385.37;10398.97;10373.325;10374.519;0.922336;GBR.IDXEUR
2025-03-26 19:00:00;10374.519;10404.508;10374.519;10399.777;1.03058;GBR.IDXEUR
2025-03-26 20:00:00;10398.652;10399.708;10388.863;10391.311;0.391844;GBR.IDXEUR
2025-03-26 23:00:00;10370.662;10382.204;10363.186;10381.863;0.074616;GBR.IDXEUR
2025-03-27 00:00:00;10381.739;10386.837;10372.985;10375.628;0.226143;GBR.IDXEUR
2025-03-27 01:00:00;10375.338;10379.289;10363.341;10373.157;0.096186;GBR.IDXEUR
2025-03-27 02:00:00;10373.157;10380.823;10371.492;10379.276;0.062514;GBR.IDXEUR
2025-03-27 03:00:00;10379.276;10381.064;10371.956;10379.404;0.056217;GBR.IDXEUR
2025-03-27 04:00:00;10378.903;10386.819;10377.694;10386.57;0.043011;GBR.IDXEUR
2025-03-27 05:00:00;10385.945;10386.942;10378.051;10380.092;0.068514;GBR.IDXEUR
2025-03-27 06:00:00;10380.216;10391.453;10378.167;10380.791;0.046098;GBR.IDXEUR
2025-03-27 07:00:00;10380.591;10383.688;10360.119;10360.445;0.935952;GBR.IDXEUR
2025-03-27 08:00:00;10360.196;10383.471;10339.325;10363.991;1.515436;GBR.IDXEUR
2025-03-27 09:00:00;10364.122;10370.286;10343.99;10358.344;0.632596;GBR.IDXEUR
2025-03-27 10:00:00;10358.593;10375.613;10354.001;10361.099;0.55192;GBR.IDXEUR
2025-03-27 11:00:00;10360.81;10364.454;10344.636;10347.708;0.654338;GBR.IDXEUR
2025-03-27 12:00:00;10347.708;10360.967;10339.126;10348.778;0.624804;GBR.IDXEUR
2025-03-27 13:00:00;10349.878;10383.117;10323.601;10378.589;0.727064;GBR.IDXEUR
2025-03-27 14:00:00;10378.464;10389.817;10356.604;10386.985;0.310408;GBR.IDXEUR
2025-03-27 15:00:00;10388.924;10399.084;10368.274;10376.942;0.665748;GBR.IDXEUR
2025-03-27 16:00:00;10376.942;10408.525;10376.817;10380.384;0.304854;GBR.IDXEUR
2025-03-27 17:00:00;10380.259;10389.119;10372.505;10384.193;0.134376;GBR.IDXEUR
2025-03-27 18:00:00;10383.828;10394.992;10381.009;10382.634;0.515658;GBR.IDXEUR
2025-03-27 19:00:00;10382.927;10399.869;10381.902;10387.339;0.892566;GBR.IDXEUR
2025-03-27 20:00:00;10387.214;10394.655;10385.552;10387.257;0.322586;GBR.IDXEUR
2025-03-27 23:00:00;10385.968;10386.371;10375.386;10382.053;0.074079;GBR.IDXEUR
2025-03-28 00:00:00;10381.929;10397.779;10373.669;10390.963;0.240105;GBR.IDXEUR
2025-03-28 01:00:00;10390.963;10405.427;10390.85;10395.39;0.370641;GBR.IDXEUR
2025-03-28 02:00:00;10395.39;10403.053;10390.653;10391.274;0.331749;GBR.IDXEUR
2025-03-28 03:00:00;10391.274;10393.907;10384.609;10392.046;0.280173;GBR.IDXEUR
2025-03-28 04:00:00;10392.17;10396.929;10388.468;10393.051;0.2409;GBR.IDXEUR
2025-03-28 05:00:00;10393.051;10399.934;10381.152;10383.813;0.247158;GBR.IDXEUR
2025-03-28 06:00:00;10383.813;10400.715;10380.652;10381.301;0.172086;GBR.IDXEUR
2025-03-28 07:00:00;10380.927;10387.985;10368.362;10372.547;0.451826;GBR.IDXEUR
2025-03-28 08:00:00;10373.771;10440.539;10367.459;10440.448;1.204816;GBR.IDXEUR
2025-03-28 09:00:00;10440.602;10445.753;10392.915;10396.139;0.71886;GBR.IDXEUR
2025-03-28 10:00:00;10396.464;10422.488;10395.989;10417.209;0.703798;GBR.IDXEUR
2025-03-28 11:00:00;10416.005;10425.905;10411.458;10421.461;0.635524;GBR.IDXEUR
2025-03-28 12:00:00;10421.711;10433.875;10403.544;10403.544;0.808114;GBR.IDXEUR
2025-03-28 13:00:00;10403.919;10415.54;10374.372;10375.912;1.12822;GBR.IDXEUR
2025-03-28 14:00:00;10375.649;10378.39;10338.9;10342.984;0.967388;GBR.IDXEUR
2025-03-28 15:00:00;10342.984;10371.91;10328.074;10357.119;0.934868;GBR.IDXEUR
2025-03-28 16:00:00;10356.26;10374.45;10340.546;10358.616;0.453784;GBR.IDXEUR
2025-03-28 17:00:00;10358.268;10358.964;10334.314;10351.285;0.150646;GBR.IDXEUR
2025-03-28 18:00:00;10350.951;10361.003;10330.052;10344.89;0.140394;GBR.IDXEUR
2025-03-28 19:00:00;10345.014;10354.856;10335.728;10345.446;0.177816;GBR.IDXEUR
2025-03-28 20:00:00;10346.519;10347.505;10324.681;10328.503;0.07051;GBR.IDXEUR
2025-03-30 22:00:00;10304.475;10329.473;10303.022;10324.787;0.129156;GBR.IDXEUR
2025-03-30 23:00:00;10324.911;10328.315;10312.044;10322.849;0.183426;GBR.IDXEUR
2025-03-31 00:00:00;10323.242;10329.816;10288.394;10292.671;0.661191;GBR.IDXEUR
2025-03-31 01:00:00;10292.612;10308.645;10291.08;10307.951;0.694533;GBR.IDXEUR
2025-03-31 02:00:00;10308.074;10310.753;10295.593;10297.927;0.480612;GBR.IDXEUR
2025-03-31 03:00:00;10298.329;10303.924;10294.848;10302.415;0.518088;GBR.IDXEUR
2025-03-31 04:00:00;10302.291;10308.028;10298.293;10299.329;0.374802;GBR.IDXEUR
2025-03-31 05:00:00;10299.09;10302.453;10280.293;10286.904;0.275229;GBR.IDXEUR
2025-03-31 06:00:00;10286.904;10300.625;10269.172;10279.311;1.073316;GBR.IDXEUR
2025-03-31 07:00:00;10281.043;10287.976;10235.357;10278.39;1.81847;GBR.IDXEUR
2025-03-31 08:00:00;10278.39;10289.297;10244.399;10255.652;1.048718;GBR.IDXEUR
2025-03-31 09:00:00;10255.652;10263.992;10239.409;10244.0;0.974028;GBR.IDXEUR
2025-03-31 10:00:00;10244.292;10250.027;10218.321;10220.823;0.669464;GBR.IDXEUR
2025-03-31 11:00:00;10220.223;10228.606;10208.492;10219.828;0.682034;GBR.IDXEUR
2025-03-31 12:00:00;10219.706;10240.53;10210.4;10236.363;0.844632;GBR.IDXEUR
2025-03-31 13:00:00;10235.993;10256.547;10213.659;10253.441;1.136232;GBR.IDXEUR
2025-03-31 14:00:00;10254.025;10274.428;10239.013;10262.279;0.63576;GBR.IDXEUR
2025-03-31 15:00:00;10262.279;10282.002;10253.64;10261.632;1.360434;GBR.IDXEUR
2025-03-31 16:00:00;10263.135;10270.384;10244.497;10249.997;1.30578;GBR.IDXEUR
2025-03-31 17:00:00;10249.63;10271.643;10246.565;10255.364;0.966578;GBR.IDXEUR
2025-03-31 18:00:00;10255.964;10297.346;10254.302;10284.304;0.316908;GBR.IDXEUR
2025-03-31 19:00:00;10284.182;10316.518;10283.486;10300.032;0.279922;GBR.IDXEUR
2025-03-31 20:00:00;10300.26;10300.26;10280.556;10288.893;0.072515;GBR.IDXEUR
2025-03-31 22:00:00;10279.337;10292.845;10266.957;10279.918;0.150645;GBR.IDXEUR
2025-03-31 23:00:00;10279.516;10291.527;10271.789;10278.449;0.212583;GBR.IDXEUR
2025-04-01 00:00:00;10282.375;10285.505;10264.42;10269.102;0.148296;GBR.IDXEUR
2025-04-01 01:00:00;10267.194;10285.35;10264.018;10279.752;0.191706;GBR.IDXEUR
2025-04-01 02:00:00;10279.63;10293.816;10275.874;10292.042;0.106956;GBR.IDXEUR
2025-04-01 03:00:00;10292.02;10296.567;10288.763;10292.09;0.071274;GBR.IDXEUR
2025-04-01 04:00:00;10292.105;10298.232;10283.07;10297.869;0.127365;GBR.IDXEUR
2025-04-01 05:00:00;10298.115;10306.42;10292.718;10298.773;0.115479;GBR.IDXEUR
2025-04-01 06:00:00;10300.95;10334.94;10297.751;10324.453;0.150351;GBR.IDXEUR
2025-04-01 07:00:00;10324.124;10366.684;10309.146;10314.003;1.116112;GBR.IDXEUR
2025-04-01 08:00:00;10314.126;10349.935;10308.306;10342.289;0.399336;GBR.IDXEUR
2025-04-01 09:00:00;10342.66;10365.438;10339.246;10355.655;0.657744;GBR.IDXEUR
2025-04-01 10:00:00;10355.858;10356.493;10312.985;10327.028;1.112256;GBR.IDXEUR
2025-04-01 11:00:00;10327.691;10331.537;10303.957;10328.674;0.708828;GBR.IDXEUR
2025-04-01 12:00:00;10328.55;10343.117;10320.711;10328.273;0.721382;GBR.IDXEUR
2025-04-01 13:00:00;10328.396;10330.182;10256.082;10285.292;0.91687;GBR.IDXEUR
2025-04-01 14:00:00;10282.815;10321.282;10248.299;10318.453;1.211044;GBR.IDXEUR
2025-04-01 15:00:00;10318.577;10339.719;10313.072;10322.981;0.829246;GBR.IDXEUR
2025-04-01 16:00:00;10322.771;10333.415;10298.344;10305.776;0.708844;GBR.IDXEUR
2025-04-01 17:00:00;10305.721;10309.491;10289.479;10289.479;0.872116;GBR.IDXEUR
2025-04-01 18:00:00;10290.099;10291.125;10261.856;10273.801;0.91826;GBR.IDXEUR
2025-04-01 19:00:00;10273.801;10316.514;10272.138;10313.446;1.002698;GBR.IDXEUR
2025-04-01 20:00:00;10313.047;10314.991;10303.852;10307.27;0.078568;GBR.IDXEUR
2025-04-01 22:00:00;10301.751;10322.305;10300.653;10309.983;0.175611;GBR.IDXEUR
2025-04-01 23:00:00;10309.736;10317.208;10303.242;10308.937;0.147669;GBR.IDXEUR
2025-04-02 00:00:00;10338.107;10338.107;10286.538;10287.962;0.354996;GBR.IDXEUR
2025-04-02 01:00:00;10287.849;10302.527;10286.689;10299.382;0.364701;GBR.IDXEUR
2025-04-02 02:00:00;10299.276;10305.217;10290.348;10300.355;0.334986;GBR.IDXEUR
2025-04-02 03:00:00;10300.353;10303.298;10293.564;10299.386;0.286824;GBR.IDXEUR
2025-04-02 04:00:00;10299.041;10301.989;10293.28;10297.883;0.26112;GBR.IDXEUR
2025-04-02 05:00:00;10297.978;10305.907;10295.139;10296.642;0.157887;GBR.IDXEUR
2025-04-02 06:00:00;10296.642;10305.18;10290.3;10291.27;0.146036;GBR.IDXEUR
2025-04-02 07:00:00;10290.167;10316.519;10279.438;10286.21;0.907668;GBR.IDXEUR
2025-04-02 08:00:00;10286.472;10296.131;10255.076;10272.03;0.690956;GBR.IDXEUR
2025-04-02 09:00:00;10273.284;10281.333;10264.15;10264.729;0.576264;GBR.IDXEUR
2025-04-02 10:00:00;10265.512;10276.025;10242.421;10270.475;0.682432;GBR.IDXEUR
2025-04-02 11:00:00;10270.198;10285.015;10255.024;10273.566;0.646516;GBR.IDXEUR
2025-04-02 12:00:00;10273.443;10275.965;10237.945;10261.306;0.76906;GBR.IDXEUR
2025-04-02 13:00:00;10261.429;10275.451;10234.499;10248.751;0.767782;GBR.IDXEUR
2025-04-02 14:00:00;10247.305;10275.831;10245.422;10259.786;1.23671;GBR.IDXEUR
2025-04-02 15:00:00;10259.063;10284.828;10235.083;10241.54;1.30533;GBR.IDXEUR
2025-04-02 16:00:00;10241.662;10278.492;10241.421;10271.238;0.850122;GBR.IDXEUR
2025-04-02 17:00:00;10271.514;10291.21;10250.663;10261.704;0.686052;GBR.IDXEUR
2025-04-02 18:00:00;10261.279;10270.261;10240.695;10246.444;0.506906;GBR.IDXEUR
2025-04-02 19:00:00;10247.193;10305.225;10247.193;10300.507;0.695162;GBR.IDXEUR
2025-04-02 20:00:00;10300.831;10312.012;10266.791;10312.012;0.084369;GBR.IDXEUR
2025-04-02 22:00:00;10123.08;10224.317;10118.536;10214.892;0.189036;GBR.IDXEUR
2025-04-02 23:00:00;10215.138;10224.994;10105.964;10106.575;0.387627;GBR.IDXEUR
2025-04-03 00:00:00;10103.598;10137.775;10088.817;10094.823;0.632262;GBR.IDXEUR
2025-04-03 01:00:00;10094.832;10134.088;10092.615;10119.287;0.62955;GBR.IDXEUR
2025-04-03 02:00:00;10119.389;10147.922;10115.239;10147.688;0.425877;GBR.IDXEUR
2025-04-03 03:00:00;10147.588;10149.05;10126.693;10145.929;0.323571;GBR.IDXEUR
2025-04-03 04:00:00;10145.98;10161.436;10126.013;10145.265;0.39282;GBR.IDXEUR
2025-04-03 05:00:00;10145.281;10154.69;10097.023;10109.187;0.387948;GBR.IDXEUR
2025-04-03 06:00:00;10110.849;10200.858;10108.895;10123.877;0.378128;GBR.IDXEUR
2025-04-03 07:00:00;10124.14;10197.71;10119.352;10194.066;1.53761;GBR.IDXEUR
2025-04-03 08:00:00;10194.066;10213.995;10160.039;10178.473;1.097042;GBR.IDXEUR
2025-04-03 09:00:00;10178.351;10185.348;10131.844;10140.021;1.326108;GBR.IDXEUR
2025-04-03 10:00:00;10139.764;10145.459;10056.658;10087.004;1.542024;GBR.IDXEUR
2025-04-03 11:00:00;10086.347;10106.375;10057.845;10064.605;1.107256;GBR.IDXEUR
2025-04-03 12:00:00;10064.724;10090.083;10058.923;10080.361;1.341498;GBR.IDXEUR
2025-04-03 13:00:00;10080.241;10094.931;10027.447;10066.839;2.31554;GBR.IDXEUR
2025-04-03 14:00:00;10067.805;10070.827;10011.143;10011.827;1.466128;GBR.IDXEUR
2025-04-03 15:00:00;10012.022;10086.635;10009.576;10078.623;1.372706;GBR.IDXEUR
2025-04-03 16:00:00;10078.623;10123.202;10075.649;10093.004;1.070042;GBR.IDXEUR
2025-04-03 17:00:00;10092.884;10114.47;10077.614;10097.909;0.713876;GBR.IDXEUR
2025-04-03 18:00:00;10097.909;10105.571;10062.504;10067.412;0.706516;GBR.IDXEUR
2025-04-03 19:00:00;10066.202;10075.458;10049.684;10052.883;0.77945;GBR.IDXEUR
2025-04-03 20:00:00;10053.48;10060.947;10046.395;10051.612;0.10539;GBR.IDXEUR
2025-04-03 22:00:00;10035.756;10046.996;10009.395;10023.99;0.281508;GBR.IDXEUR
2025-04-03 23:00:00;10023.753;10042.919;10014.311;10031.066;0.20694;GBR.IDXEUR
2025-04-04 00:00:00;10028.769;10050.188;10016.237;10017.558;0.477642;GBR.IDXEUR
2025-04-04 01:00:00;10017.864;10025.199;9998.515;9999.804;0.3555;GBR.IDXEUR
2025-04-04 02:00:00;10000.026;10009.488;9984.97;9987.937;0.363348;GBR.IDXEUR
2025-04-04 03:00:00;9987.848;9989.939;9952.88;9964.098;0.387777;GBR.IDXEUR
2025-04-04 04:00:00;9964.215;9974.825;9956.492;9960.111;0.358548;GBR.IDXEUR
2025-04-04 05:00:00;9960.228;9993.837;9948.654;9993.01;0.380805;GBR.IDXEUR
2025-04-04 06:00:00;9992.892;10006.526;9959.917;9964.593;0.571846;GBR.IDXEUR
2025-04-04 07:00:00;9964.614;9968.084;9895.225;9901.622;1.624402;GBR.IDXEUR
2025-04-04 08:00:00;9900.944;9916.398;9838.369;9848.563;2.030654;GBR.IDXEUR
2025-04-04 09:00:00;9849.294;9866.816;9804.068;9819.075;2.085748;GBR.IDXEUR
2025-04-04 10:00:00;9819.191;9824.915;9593.62;9598.319;1.885912;GBR.IDXEUR
2025-04-04 11:00:00;9599.14;9632.493;9531.048;9609.249;1.938642;GBR.IDXEUR
2025-04-04 12:00:00;9609.229;9643.657;9575.857;9630.758;1.82569;GBR.IDXEUR
2025-04-04 13:00:00;9630.645;9697.066;9575.529;9591.441;1.817064;GBR.IDXEUR
2025-04-04 14:00:00;9591.78;9592.547;9451.888;9501.255;1.535584;GBR.IDXEUR
2025-04-04 15:00:00;9499.451;9571.904;9420.863;9423.444;2.315024;GBR.IDXEUR
2025-04-04 16:00:00;9423.555;9461.391;9401.914;9415.539;1.429234;GBR.IDXEUR
2025-04-04 17:00:00;9415.761;9486.798;9390.664;9486.015;1.35876;GBR.IDXEUR
2025-04-04 18:00:00;9486.015;9501.494;9399.688;9429.221;1.100636;GBR.IDXEUR
2025-04-04 19:00:00;9429.443;9478.185;9400.365;9411.729;1.168852;GBR.IDXEUR
2025-04-04 20:00:00;9411.729;9411.975;9411.729;9411.975;0.00032;GBR.IDXEUR
2025-04-06 22:00:00;9066.13;9138.402;8996.192;9031.205;0.526206;GBR.IDXEUR
2025-04-06 23:00:00;9030.326;9099.249;8968.661;9096.393;0.518988;GBR.IDXEUR
2025-04-07 00:00:00;9142.271;9205.386;9127.335;9193.983;0.488157;GBR.IDXEUR
2025-04-07 01:00:00;9194.055;9281.121;9185.378;9264.343;0.546084;GBR.IDXEUR
2025-04-07 02:00:00;9264.351;9290.765;9239.678;9284.784;0.447174;GBR.IDXEUR
2025-04-07 03:00:00;9283.917;9287.681;9225.766;9269.364;0.533217;GBR.IDXEUR
2025-04-07 04:00:00;9269.256;9296.535;9211.36;9244.712;0.550545;GBR.IDXEUR
2025-04-07 05:00:00;9243.795;9324.776;9228.44;9241.658;0.664872;GBR.IDXEUR
2025-04-07 06:00:00;9251.522;9295.528;9059.941;9060.129;1.079507;GBR.IDXEUR
2025-04-07 07:00:00;9048.967;9058.695;8823.531;8967.342;1.62588;GBR.IDXEUR
2025-04-07 08:00:00;8967.447;9031.311;8939.811;8991.249;1.554774;GBR.IDXEUR
2025-04-07 09:00:00;8991.354;9045.692;8946.183;8984.06;1.508822;GBR.IDXEUR
2025-04-07 10:00:00;8983.788;9125.65;8983.485;9045.339;1.704438;GBR.IDXEUR
2025-04-07 11:00:00;9045.551;9110.52;8969.488;8970.835;2.65351;GBR.IDXEUR
2025-04-07 12:00:00;8972.018;9074.034;8951.608;9062.379;3.257704;GBR.IDXEUR
2025-04-07 13:00:00;9060.628;9101.433;8946.99;9092.027;2.24165;GBR.IDXEUR
2025-04-07 14:00:00;9091.018;9390.383;9041.119;9151.476;1.481106;GBR.IDXEUR
2025-04-07 15:00:00;9153.503;9197.086;8937.176;8999.777;1.786486;GBR.IDXEUR
2025-04-07 16:00:00;8999.882;8999.882;8926.321;8940.329;1.226156;GBR.IDXEUR
2025-04-07 17:00:00;8940.433;9140.021;8938.847;9138.72;1.490874;GBR.IDXEUR
2025-04-07 18:00:00;9138.827;9164.42;9055.533;9057.092;1.69457;GBR.IDXEUR
2025-04-07 19:00:00;9057.48;9109.847;9041.222;9043.523;1.099688;GBR.IDXEUR
2025-04-07 20:00:00;9044.508;9101.784;9038.655;9082.364;0.151668;GBR.IDXEUR
2025-04-07 22:00:00;9080.975;9116.522;9078.102;9112.809;0.201708;GBR.IDXEUR
2025-04-07 23:00:00;9112.596;9130.332;9097.306;9113.142;0.271041;GBR.IDXEUR
2025-04-08 00:00:00;9148.552;9171.329;9090.196;9103.42;0.856626;GBR.IDXEUR
2025-04-08 01:00:00;9102.476;9199.069;9079.122;9194.533;0.822777;GBR.IDXEUR
2025-04-08 02:00:00;9194.747;9204.516;9168.877;9185.574;0.548589;GBR.IDXEUR
2025-04-08 03:00:00;9185.645;9186.013;9123.862;9137.752;0.634824;GBR.IDXEUR
2025-04-08 04:00:00;9137.646;9150.177;9093.563;9121.799;0.520125;GBR.IDXEUR
2025-04-08 05:00:00;9121.286;9163.828;9101.326;9163.828;0.37884;GBR.IDXEUR
2025-04-08 06:00:00;9150.758;9151.505;9075.319;9103.113;1.421722;GBR.IDXEUR
2025-04-08 07:00:00;9103.883;9156.603;9036.689;9145.494;1.765766;GBR.IDXEUR
2025-04-08 08:00:00;9145.494;9156.85;9072.357;9150.595;1.161228;GBR.IDXEUR
2025-04-08 09:00:00;9151.374;9182.275;9111.532;9117.691;1.064394;GBR.IDXEUR
2025-04-08 10:00:00;9118.708;9171.844;9102.285;9161.883;1.224084;GBR.IDXEUR
2025-04-08 11:00:00;9160.019;9258.873;9136.046;9245.463;1.316122;GBR.IDXEUR
2025-04-08 12:00:00;9245.571;9261.85;9191.097;9258.057;1.955136;GBR.IDXEUR
2025-04-08 13:00:00;9256.905;9329.775;9248.008;9317.115;1.842366;GBR.IDXEUR
2025-04-08 14:00:00;9316.679;9355.844;9253.77;9256.903;1.858268;GBR.IDXEUR
2025-04-08 15:00:00;9257.36;9304.074;9218.958;9268.538;1.03397;GBR.IDXEUR
2025-04-08 16:00:00;9265.976;9279.881;9150.299;9150.626;2.073772;GBR.IDXEUR
2025-04-08 17:00:00;9150.626;9170.681;9066.098;9128.115;1.335208;GBR.IDXEUR
2025-04-08 18:00:00;9128.38;9134.494;9049.659;9060.341;1.05934;GBR.IDXEUR
2025-04-08 19:00:00;9060.447;9062.681;8926.299;9012.098;1.116764;GBR.IDXEUR
2025-04-08 20:00:00;9012.098;9036.605;8993.446;9001.374;0.183393;GBR.IDXEUR
2025-04-08 22:00:00;8992.069;9000.815;8926.7;8964.586;0.342966;GBR.IDXEUR
2025-04-08 23:00:00;8964.687;8964.687;8895.48;8929.521;0.427446;GBR.IDXEUR
2025-04-09 00:00:00;8929.281;8966.611;8901.909;8919.923;0.436944;GBR.IDXEUR
2025-04-09 01:00:00;8919.894;8992.085;8914.612;8986.571;0.445542;GBR.IDXEUR
2025-04-09 02:00:00;8986.482;9019.576;8971.242;8976.978;0.438864;GBR.IDXEUR
2025-04-09 03:00:00;8976.667;8986.334;8936.346;8941.767;0.357777;GBR.IDXEUR
2025-04-09 04:00:00;8941.663;8942.386;8866.982;8881.264;0.424548;GBR.IDXEUR
2025-04-09 05:00:00;8881.264;8883.871;8855.213;8881.544;0.24774;GBR.IDXEUR
2025-04-09 06:00:00;8882.73;8979.872;8882.146;8960.65;0.90654;GBR.IDXEUR
2025-04-09 07:00:00;8959.364;9041.604;8929.509;9021.061;1.830478;GBR.IDXEUR
2025-04-09 08:00:00;9021.749;9035.259;8902.63;8990.555;1.665196;GBR.IDXEUR
2025-04-09 09:00:00;8990.555;9025.524;8946.459;8946.654;1.715684;GBR.IDXEUR
2025-04-09 10:00:00;8946.758;8977.584;8909.849;8943.533;1.08109;GBR.IDXEUR
2025-04-09 11:00:00;8932.912;8932.912;8798.974;8825.934;1.540694;GBR.IDXEUR
2025-04-09 12:00:00;8825.832;8888.227;8787.714;8879.527;1.534452;GBR.IDXEUR
2025-04-09 13:00:00;8878.751;8946.035;8864.473;8925.279;1.483804;GBR.IDXEUR
2025-04-09 14:00:00;8924.969;8966.411;8831.997;8834.533;1.615998;GBR.IDXEUR
2025-04-09 15:00:00;8834.227;8891.767;8831.907;8871.473;1.433296;GBR.IDXEUR
2025-04-09 16:00:00;8871.804;8936.783;8854.919;8920.705;0.955882;GBR.IDXEUR
2025-04-09 17:00:00;8920.705;9420.887;8879.309;9415.331;1.2279;GBR.IDXEUR
2025-04-09 18:00:00;9415.331;9550.629;9382.912;9418.157;1.818534;GBR.IDXEUR
2025-04-09 19:00:00;9418.267;9586.45;9405.011;9525.193;1.434672;GBR.IDXEUR
2025-04-09 20:00:00;9533.888;9551.897;9495.711;9500.515;0.152288;GBR.IDXEUR
2025-04-09 22:00:00;9505.204;9535.913;9491.953;9532.795;0.367548;GBR.IDXEUR
2025-04-09 23:00:00;9531.757;9539.433;9520.62;9530.953;0.38064;GBR.IDXEUR
2025-04-10 00:00:00;9532.922;9537.277;9460.755;9470.9;0.443241;GBR.IDXEUR
2025-04-10 01:00:00;9470.951;9471.922;9426.929;9462.424;0.487323;GBR.IDXEUR
2025-04-10 02:00:00;9462.17;9498.654;9451.536;9472.631;0.476634;GBR.IDXEUR
2025-04-10 03:00:00;9472.631;9473.01;9420.65;9440.266;0.540069;GBR.IDXEUR
2025-04-10 04:00:00;9440.156;9469.718;9429.443;9464.496;0.407373;GBR.IDXEUR
2025-04-10 05:00:00;9464.113;9464.464;9417.509;9433.511;0.255564;GBR.IDXEUR
2025-04-10 06:00:00;9429.938;9517.364;9421.95;9515.685;0.713536;GBR.IDXEUR
2025-04-10 07:00:00;9515.462;9560.675;9355.906;9359.129;1.480368;GBR.IDXEUR
2025-04-10 08:00:00;9359.019;9367.077;9282.037;9314.217;1.340766;GBR.IDXEUR
2025-04-10 09:00:00;9313.799;9331.43;9277.479;9313.048;0.628234;GBR.IDXEUR
2025-04-10 10:00:00;9313.573;9386.563;9294.691;9353.388;1.157222;GBR.IDXEUR
2025-04-10 11:00:00;9353.822;9380.95;9336.099;9358.718;0.498276;GBR.IDXEUR
2025-04-10 12:00:00;9358.827;9359.617;9263.548;9292.214;1.05878;GBR.IDXEUR
2025-04-10 13:00:00;9291.781;9330.316;9232.362;9257.81;1.066894;GBR.IDXEUR
2025-04-10 14:00:00;9258.296;9283.883;9197.164;9197.164;1.117716;GBR.IDXEUR
2025-04-10 15:00:00;9196.885;9235.414;9085.924;9101.566;1.46642;GBR.IDXEUR
2025-04-10 16:00:00;9101.092;9141.148;9007.642;9123.035;1.520464;GBR.IDXEUR
2025-04-10 17:00:00;9122.645;9185.428;9059.82;9170.794;1.362208;GBR.IDXEUR
2025-04-10 18:00:00;9172.047;9218.109;9127.149;9196.03;1.201932;GBR.IDXEUR
2025-04-10 19:00:00;9196.136;9245.811;9109.495;9200.901;1.309482;GBR.IDXEUR
2025-04-10 20:00:00;9201.137;9234.839;9193.385;9222.373;0.114568;GBR.IDXEUR
2025-04-10 22:00:00;9216.429;9229.718;9190.267;9198.243;0.179334;GBR.IDXEUR
2025-04-10 23:00:00;9198.114;9205.909;9132.295;9134.158;0.208239;GBR.IDXEUR
2025-04-11 00:00:00;9129.62;9130.717;9031.03;9081.995;0.191793;GBR.IDXEUR
2025-04-11 01:00:00;9081.891;9148.94;9078.064;9135.01;0.120912;GBR.IDXEUR
2025-04-11 02:00:00;9134.695;9163.807;9109.214;9148.788;0.092127;GBR.IDXEUR
2025-04-11 03:00:00;9148.578;9173.591;9137.702;9146.209;0.077289;GBR.IDXEUR
2025-04-11 04:00:00;9146.209;9173.158;9143.782;9153.753;0.072915;GBR.IDXEUR
2025-04-11 05:00:00;9154.065;9221.604;9138.912;9210.238;0.057639;GBR.IDXEUR
2025-04-11 06:00:00;9210.663;9251.238;9186.503;9186.503;0.315432;GBR.IDXEUR
2025-04-11 07:00:00;9189.269;9218.647;9094.973;9096.789;1.161214;GBR.IDXEUR
2025-04-11 08:00:00;9096.894;9127.306;9007.914;9043.176;1.817896;GBR.IDXEUR
2025-04-11 09:00:00;9042.161;9162.983;9020.407;9159.969;1.53488;GBR.IDXEUR
2025-04-11 10:00:00;9160.075;9211.62;9138.03;9204.164;1.354408;GBR.IDXEUR
2025-04-11 11:00:00;9204.377;9206.861;9138.544;9186.132;1.26704;GBR.IDXEUR
2025-04-11 12:00:00;9186.981;9214.777;9160.789;9171.815;0.933908;GBR.IDXEUR
2025-04-11 13:00:00;9171.921;9207.839;9085.447;9185.395;1.650038;GBR.IDXEUR
2025-04-11 14:00:00;9186.421;9214.059;9112.273;9167.23;1.573088;GBR.IDXEUR
2025-04-11 15:00:00;9167.441;9227.984;9157.01;9227.716;1.123584;GBR.IDXEUR
2025-04-11 16:00:00;9228.372;9314.354;9215.168;9293.609;0.415756;GBR.IDXEUR
2025-04-11 17:00:00;9293.931;9355.685;9267.384;9350.692;0.369052;GBR.IDXEUR
2025-04-11 18:00:00;9349.878;9354.597;9311.436;9326.904;0.325112;GBR.IDXEUR
2025-04-11 19:00:00;9326.689;9367.449;9325.746;9332.578;0.30959;GBR.IDXEUR
2025-04-11 20:00:00;9332.585;9332.585;9332.585;9332.585;3.6e-05;GBR.IDXEUR
2025-04-13 22:00:00;9393.945;9395.289;9348.639;9364.683;0.216669;GBR.IDXEUR
2025-04-13 23:00:00;9364.467;9402.751;9358.833;9373.336;0.15819;GBR.IDXEUR
2025-04-14 00:00:00;9373.872;9374.304;9339.321;9340.742;0.080565;GBR.IDXEUR
2025-04-14 01:00:00;9340.635;9352.345;9322.411;9334.088;0.093006;GBR.IDXEUR
2025-04-14 02:00:00;9334.088;9360.509;9330.469;9360.223;0.065439;GBR.IDXEUR
2025-04-14 03:00:00;9360.008;9370.93;9341.733;9359.64;0.067938;GBR.IDXEUR
2025-04-14 04:00:00;9359.64;9370.413;9353.24;9368.553;0.05472;GBR.IDXEUR
2025-04-14 05:00:00;9369.737;9377.168;9348.577;9348.577;0.037269;GBR.IDXEUR
2025-04-14 06:00:00;9349.224;9351.346;9329.306;9339.32;1.038129;GBR.IDXEUR
2025-04-14 07:00:00;9340.194;9392.212;9301.29;9380.452;1.181046;GBR.IDXEUR
2025-04-14 08:00:00;9380.17;9404.871;9366.374;9388.972;0.568184;GBR.IDXEUR
2025-04-14 09:00:00;9389.541;9411.827;9362.66;9383.334;0.60897;GBR.IDXEUR
2025-04-14 10:00:00;9384.467;9400.346;9376.126;9395.847;0.579794;GBR.IDXEUR
2025-04-14 11:00:00;9395.85;9403.638;9371.703;9374.21;0.517958;GBR.IDXEUR
2025-04-14 12:00:00;9374.318;9431.456;9363.805;9426.861;0.69598;GBR.IDXEUR
2025-04-14 13:00:00;9426.97;9434.702;9395.51;9422.726;1.020856;GBR.IDXEUR
2025-04-14 14:00:00;9424.048;9468.732;9418.751;9452.288;1.57048;GBR.IDXEUR
2025-04-14 15:00:00;9452.398;9456.448;9372.442;9384.847;0.91717;GBR.IDXEUR
2025-04-14 16:00:00;9385.434;9435.59;9354.686;9423.397;1.072102;GBR.IDXEUR
2025-04-14 17:00:00;9423.288;9469.589;9418.717;9464.463;0.85899;GBR.IDXEUR
2025-04-14 18:00:00;9463.957;9486.034;9456.334;9482.834;0.599446;GBR.IDXEUR
2025-04-14 19:00:00;9483.235;9492.251;9441.984;9453.504;0.555132;GBR.IDXEUR
2025-04-14 20:00:00;9453.504;9462.647;9437.828;9442.294;0.049771;GBR.IDXEUR
2025-04-14 22:00:00;9436.971;9448.189;9419.858;9421.115;0.089775;GBR.IDXEUR
2025-04-14 23:00:00;9422.023;9449.187;9421.508;9442.454;0.153291;GBR.IDXEUR
2025-04-15 00:00:00;9442.966;9473.087;9441.858;9468.271;0.056223;GBR.IDXEUR
2025-04-15 01:00:00;9467.937;9483.057;9466.106;9470.271;0.053277;GBR.IDXEUR
2025-04-15 02:00:00;9470.161;9474.61;9456.955;9458.044;0.04947;GBR.IDXEUR
2025-04-15 03:00:00;9458.691;9475.047;9452.617;9472.27;0.03987;GBR.IDXEUR
2025-04-15 04:00:00;9472.16;9478.919;9466.103;9470.368;0.043593;GBR.IDXEUR
2025-04-15 05:00:00;9470.368;9473.007;9454.203;9456.464;0.029715;GBR.IDXEUR
2025-04-15 06:00:00;9456.134;9501.314;9454.887;9489.31;0.199713;GBR.IDXEUR
2025-04-15 07:00:00;9489.792;9556.387;9481.396;9555.377;0.460994;GBR.IDXEUR
2025-04-15 08:00:00;9555.266;9584.185;9522.088;9581.951;0.402394;GBR.IDXEUR
2025-04-15 09:00:00;9581.839;9592.494;9568.527;9584.518;0.486792;GBR.IDXEUR
2025-04-15 10:00:00;9584.741;9601.054;9571.452;9573.733;0.376802;GBR.IDXEUR
2025-04-15 11:00:00;9573.733;9586.494;9557.925;9567.894;0.712512;GBR.IDXEUR
2025-04-15 12:00:00;9567.876;9593.126;9558.325;9589.772;0.81589;GBR.IDXEUR
2025-04-15 13:00:00;9589.997;9631.209;9579.506;9623.957;1.272702;GBR.IDXEUR
2025-04-15 14:00:00;9624.252;9663.97;9619.657;9644.531;1.563606;GBR.IDXEUR
2025-04-15 15:00:00;9644.531;9670.85;9642.403;9660.427;0.801506;GBR.IDXEUR
2025-04-15 16:00:00;9660.427;9687.119;9655.028;9662.452;0.203988;GBR.IDXEUR
2025-04-15 17:00:00;9662.431;9675.952;9648.017;9660.586;0.18898;GBR.IDXEUR
2025-04-15 18:00:00;9660.359;9675.749;9644.732;9666.279;0.15654;GBR.IDXEUR
2025-04-15 19:00:00;9666.034;9673.429;9645.66;9654.582;0.149148;GBR.IDXEUR
2025-04-15 20:00:00;9654.909;9662.868;9649.682;9653.601;0.035482;GBR.IDXEUR
2025-04-15 22:00:00;9543.995;9624.142;9543.995;9620.516;0.064302;GBR.IDXEUR
2025-04-15 23:00:00;9620.298;9624.219;9606.108;9609.795;0.060198;GBR.IDXEUR
2025-04-16 00:00:00;9610.793;9628.626;9609.109;9611.116;0.064746;GBR.IDXEUR
2025-04-16 01:00:00;9611.228;9620.871;9605.938;9618.139;0.053526;GBR.IDXEUR
2025-04-16 02:00:00;9618.364;9625.52;9609.961;9615.722;0.046611;GBR.IDXEUR
2025-04-16 03:00:00;9615.757;9620.25;9606.307;9608.824;0.040362;GBR.IDXEUR
2025-04-16 04:00:00;9608.845;9621.827;9607.524;9611.126;0.040155;GBR.IDXEUR
2025-04-16 05:00:00;9611.221;9613.619;9548.935;9548.935;0.038994;GBR.IDXEUR
2025-04-16 06:00:00;9549.498;9605.736;9546.286;9595.803;0.197792;GBR.IDXEUR
2025-04-16 07:00:00;9594.575;9614.494;9556.154;9559.214;0.800874;GBR.IDXEUR
2025-04-16 08:00:00;9558.879;9635.151;9544.248;9589.121;0.899256;GBR.IDXEUR
2025-04-16 09:00:00;9589.233;9606.589;9576.258;9594.86;0.44864;GBR.IDXEUR
2025-04-16 10:00:00;9594.748;9611.192;9586.822;9604.886;0.295034;GBR.IDXEUR
2025-04-16 11:00:00;9605.11;9626.261;9596.273;9619.896;0.250442;GBR.IDXEUR
2025-04-16 12:00:00;9618.707;9629.37;9597.989;9608.121;0.383192;GBR.IDXEUR
2025-04-16 13:00:00;9609.353;9618.63;9581.985;9590.233;0.78841;GBR.IDXEUR
2025-04-16 14:00:00;9589.977;9607.271;9581.297;9604.002;0.694236;GBR.IDXEUR
2025-04-16 15:00:00;9604.828;9647.695;9598.909;9608.318;0.639182;GBR.IDXEUR
2025-04-16 16:00:00;9608.318;9614.289;9591.719;9603.805;0.187134;GBR.IDXEUR
2025-04-16 17:00:00;9603.581;9626.417;9544.246;9545.377;0.27429;GBR.IDXEUR
2025-04-16 18:00:00;9545.837;9568.701;9519.761;9521.143;0.31958;GBR.IDXEUR
2025-04-16 19:00:00;9521.475;9537.955;9479.286;9530.987;0.764394;GBR.IDXEUR
2025-04-16 20:00:00;9530.712;9544.343;9523.553;9535.614;0.071355;GBR.IDXEUR
2025-04-16 22:00:00;9520.056;9527.026;9507.618;9520.798;0.143604;GBR.IDXEUR
2025-04-16 23:00:00;9520.798;9528.244;9500.993;9518.215;0.131007;GBR.IDXEUR
2025-04-17 00:00:00;9520.325;9548.554;9515.34;9546.887;0.280125;GBR.IDXEUR
2025-04-17 01:00:00;9546.716;9568.725;9541.107;9563.618;0.246144;GBR.IDXEUR
2025-04-17 02:00:00;9563.618;9581.396;9556.575;9578.454;0.184176;GBR.IDXEUR
2025-04-17 03:00:00;9578.565;9602.014;9576.111;9598.056;0.152436;GBR.IDXEUR
2025-04-17 04:00:00;9598.027;9598.757;9583.682;9590.362;0.133164;GBR.IDXEUR
2025-04-17 05:00:00;9590.139;9603.628;9586.984;9594.253;0.119133;GBR.IDXEUR
2025-04-17 06:00:00;9593.918;9614.283;9583.466;9592.555;0.449964;GBR.IDXEUR
2025-04-17 07:00:00;9594.505;9625.698;9561.031;9580.363;0.9472;GBR.IDXEUR
2025-04-17 08:00:00;9580.363;9592.196;9553.624;9556.221;0.675072;GBR.IDXEUR
2025-04-17 09:00:00;9556.928;9583.077;9537.236;9578.485;0.629832;GBR.IDXEUR
2025-04-17 10:00:00;9577.946;9588.241;9541.792;9568.164;0.727336;GBR.IDXEUR
2025-04-17 11:00:00;9568.95;9580.917;9555.17;9580.11;0.61014;GBR.IDXEUR
2025-04-17 12:00:00;9580.445;9621.256;9575.867;9586.762;1.019032;GBR.IDXEUR
2025-04-17 13:00:00;9586.986;9653.666;9582.991;9653.666;1.067304;GBR.IDXEUR
2025-04-17 14:00:00;9653.554;9658.527;9625.49;9643.727;0.528538;GBR.IDXEUR
2025-04-17 15:00:00;9642.997;9673.344;9634.682;9653.182;0.436078;GBR.IDXEUR
2025-04-17 16:00:00;9652.659;9727.997;9652.659;9717.113;0.284136;GBR.IDXEUR
2025-04-17 17:00:00;9717.113;9724.871;9696.633;9717.167;0.17058;GBR.IDXEUR
2025-04-17 18:00:00;9716.555;9729.112;9692.726;9694.14;0.171968;GBR.IDXEUR
2025-04-17 19:00:00;9693.801;9697.372;9633.237;9651.97;0.173958;GBR.IDXEUR
2025-04-17 20:00:00;9648.456;9667.024;9647.008;9657.054;0.083784;GBR.IDXEUR
2025-04-20 22:00:00;9611.346;9612.593;9588.503;9598.963;0.129096;GBR.IDXEUR
2025-04-20 23:00:00;9599.074;9609.334;9590.904;9608.007;0.095112;GBR.IDXEUR
2025-04-21 00:00:00;9607.788;9630.801;9602.776;9610.914;0.095316;GBR.IDXEUR
2025-04-21 01:00:00;9610.69;9611.266;9591.944;9598.78;0.062772;GBR.IDXEUR
2025-04-21 02:00:00;9598.78;9604.099;9566.478;9576.177;0.067668;GBR.IDXEUR
2025-04-21 03:00:00;9576.314;9582.417;9572.229;9577.611;0.045084;GBR.IDXEUR
2025-04-21 04:00:00;9577.611;9585.299;9575.934;9578.695;0.03306;GBR.IDXEUR
2025-04-21 05:00:00;9578.557;9584.809;9572.507;9580.497;0.041292;GBR.IDXEUR
2025-04-21 06:00:00;9580.609;9592.431;9580.397;9585.312;0.047148;GBR.IDXEUR
2025-04-21 07:00:00;9585.98;9589.602;9549.796;9558.074;0.0594;GBR.IDXEUR
2025-04-21 08:00:00;9559.013;9569.353;9555.839;9565.821;0.062124;GBR.IDXEUR
2025-04-21 09:00:00;9566.056;9569.671;9550.843;9563.925;0.050952;GBR.IDXEUR
2025-04-21 10:00:00;9563.913;9581.018;9563.651;9580.909;0.046044;GBR.IDXEUR
2025-04-21 11:00:00;9581.02;9589.888;9551.552;9558.42;0.067356;GBR.IDXEUR
2025-04-21 12:00:00;9558.68;9578.518;9555.51;9573.134;0.068892;GBR.IDXEUR
2025-04-21 13:00:00;9573.236;9600.63;9558.573;9560.156;0.108696;GBR.IDXEUR
2025-04-21 14:00:00;9559.677;9568.462;9543.376;9546.512;0.113124;GBR.IDXEUR
2025-04-21 15:00:00;9546.975;9554.306;9502.473;9503.74;0.0864;GBR.IDXEUR
2025-04-21 16:00:00;9503.5;9535.45;9503.132;9512.284;0.066972;GBR.IDXEUR
2025-04-21 17:00:00;9512.062;9518.271;9484.151;9485.125;0.071544;GBR.IDXEUR
2025-04-21 18:00:00;9485.483;9496.625;9475.215;9476.457;0.068544;GBR.IDXEUR
2025-04-21 19:00:00;9475.9;9550.724;9475.756;9541.73;0.087336;GBR.IDXEUR
2025-04-21 20:00:00;9541.04;9543.364;9532.068;9540.079;0.012312;GBR.IDXEUR
2025-04-21 22:00:00;9537.414;9537.624;9521.169;9522.553;0.03036;GBR.IDXEUR
2025-04-21 23:00:00;9522.553;9544.481;9522.553;9535.993;0.03696;GBR.IDXEUR
2025-04-22 00:00:00;9533.256;9571.427;9533.256;9566.538;0.22387;GBR.IDXEUR
2025-04-22 01:00:00;9566.509;9607.43;9565.608;9598.667;0.240435;GBR.IDXEUR
2025-04-22 02:00:00;9599.823;9607.464;9594.553;9604.396;0.188934;GBR.IDXEUR
2025-04-22 03:00:00;9604.389;9626.017;9592.407;9622.527;0.270051;GBR.IDXEUR
2025-04-22 04:00:00;9622.441;9624.888;9606.078;9607.163;0.170271;GBR.IDXEUR
2025-04-22 05:00:00;9607.155;9616.706;9576.963;9584.543;0.151389;GBR.IDXEUR
2025-04-22 06:00:00;9584.995;9654.923;9573.775;9639.942;0.500832;GBR.IDXEUR
2025-04-22 07:00:00;9641.449;9656.43;9618.28;9638.627;0.80495;GBR.IDXEUR
2025-04-22 08:00:00;9638.739;9658.712;9630.923;9647.001;0.84163;GBR.IDXEUR
2025-04-22 09:00:00;9649.446;9674.103;9644.424;9670.109;0.449996;GBR.IDXEUR
2025-04-22 10:00:00;9670.087;9671.439;9630.366;9637.555;0.45427;GBR.IDXEUR
2025-04-22 11:00:00;9637.311;9645.981;9620.079;9639.844;0.600144;GBR.IDXEUR
2025-04-22 12:00:00;9639.957;9674.964;9637.648;9656.882;0.604376;GBR.IDXEUR
2025-04-22 13:00:00;9656.882;9684.062;9653.223;9666.595;0.922684;GBR.IDXEUR
2025-04-22 14:00:00;9666.482;9701.608;9664.948;9698.947;0.752656;GBR.IDXEUR
2025-04-22 15:00:00;9698.947;9757.286;9698.947;9746.244;0.450954;GBR.IDXEUR
2025-04-22 16:00:00;9745.894;9776.386;9745.894;9760.326;0.295138;GBR.IDXEUR
2025-04-22 17:00:00;9760.439;9772.446;9704.165;9705.653;0.53337;GBR.IDXEUR
2025-04-22 18:00:00;9705.879;9773.994;9705.287;9770.74;0.227818;GBR.IDXEUR
2025-04-22 19:00:00;9771.425;9778.131;9739.72;9757.491;0.210144;GBR.IDXEUR
2025-04-22 20:00:00;9757.505;9774.211;9749.844;9751.95;0.05226;GBR.IDXEUR
2025-04-22 22:00:00;9841.241;9867.482;9821.157;9858.828;0.240273;GBR.IDXEUR
2025-04-22 23:00:00;9858.347;9867.977;9834.321;9840.303;0.170652;GBR.IDXEUR
2025-04-23 00:00:00;9886.431;9893.706;9826.862;9833.123;0.079302;GBR.IDXEUR
2025-04-23 01:00:00;9833.377;9858.02;9815.897;9818.635;0.074439;GBR.IDXEUR
2025-04-23 02:00:00;9818.75;9830.141;9808.139;9820.243;0.058647;GBR.IDXEUR
2025-04-23 03:00:00;9820.229;9838.76;9809.603;9837.811;0.049884;GBR.IDXEUR
2025-04-23 04:00:00;9837.832;9851.13;9834.305;9847.637;0.041982;GBR.IDXEUR
2025-04-23 05:00:00;9847.292;9850.668;9827.639;9841.328;0.030858;GBR.IDXEUR
2025-04-23 06:00:00;9841.443;9868.504;9835.242;9852.356;0.182357;GBR.IDXEUR
2025-04-23 07:00:00;9850.507;9880.452;9829.34;9875.773;1.041446;GBR.IDXEUR
2025-04-23 08:00:00;9875.658;9890.479;9862.261;9864.006;0.75762;GBR.IDXEUR
2025-04-23 09:00:00;9864.351;9869.897;9829.859;9842.373;0.68102;GBR.IDXEUR
2025-04-23 10:00:00;9842.488;9860.926;9835.309;9853.468;0.640724;GBR.IDXEUR
2025-04-23 11:00:00;9853.008;9862.603;9822.376;9822.376;0.668406;GBR.IDXEUR
2025-04-23 12:00:00;9822.491;9832.039;9809.875;9818.582;0.692488;GBR.IDXEUR
2025-04-23 13:00:00;9818.935;9888.219;9797.391;9888.219;1.134804;GBR.IDXEUR
2025-04-23 14:00:00;9889.951;9895.819;9828.541;9846.826;1.480128;GBR.IDXEUR
2025-04-23 15:00:00;9846.826;9861.044;9790.218;9830.05;0.836872;GBR.IDXEUR
2025-04-23 16:00:00;9830.001;9840.129;9791.363;9838.918;0.282694;GBR.IDXEUR
2025-04-23 17:00:00;9838.803;9860.535;9809.643;9845.095;0.20328;GBR.IDXEUR
2025-04-23 18:00:00;9844.98;9850.741;9822.743;9826.602;0.192064;GBR.IDXEUR
2025-04-23 19:00:00;9826.833;9848.546;9811.413;9845.957;0.226706;GBR.IDXEUR
2025-04-23 20:00:00;9843.414;9849.324;9830.984;9840.146;0.11773;GBR.IDXEUR
2025-04-23 22:00:00;9829.092;9833.564;9805.149;9829.692;0.204852;GBR.IDXEUR
2025-04-23 23:00:00;9829.807;9849.16;9827.7;9840.201;0.242532;GBR.IDXEUR
2025-04-24 00:00:00;9841.592;9855.79;9840.151;9847.06;0.058323;GBR.IDXEUR
2025-04-24 01:00:00;9847.29;9847.29;9827.339;9830.092;0.059526;GBR.IDXEUR
2025-04-24 02:00:00;9830.225;9834.94;9822.787;9824.086;0.047271;GBR.IDXEUR
2025-04-24 03:00:00;9823.483;9828.219;9817.166;9825.561;0.039024;GBR.IDXEUR
2025-04-24 04:00:00;9825.446;9829.134;9815.131;9822.491;0.039699;GBR.IDXEUR
2025-04-24 05:00:00;9822.606;9831.344;9808.093;9813.009;0.029004;GBR.IDXEUR
2025-04-24 06:00:00;9812.444;9830.582;9809.481;9812.77;0.14473;GBR.IDXEUR
2025-04-24 07:00:00;9813.044;9837.859;9792.577;9792.904;0.364462;GBR.IDXEUR
2025-04-24 08:00:00;9792.789;9802.097;9781.093;9795.848;0.925934;GBR.IDXEUR
2025-04-24 09:00:00;9795.955;9813.808;9789.736;9805.331;0.345682;GBR.IDXEUR
2025-04-24 10:00:00;9805.352;9827.88;9805.352;9825.054;0.403146;GBR.IDXEUR
2025-04-24 11:00:00;9825.649;9836.169;9809.201;9820.552;0.82112;GBR.IDXEUR
2025-04-24 12:00:00;9820.781;9834.799;9802.344;9804.553;1.42892;GBR.IDXEUR
2025-04-24 13:00:00;9804.755;9809.156;9777.816;9804.514;1.450532;GBR.IDXEUR
2025-04-24 14:00:00;9804.399;9844.281;9792.628;9836.86;1.913706;GBR.IDXEUR
2025-04-24 15:00:00;9837.059;9863.466;9836.943;9856.234;0.89622;GBR.IDXEUR
2025-04-24 16:00:00;9856.118;9874.621;9849.717;9869.7;0.253994;GBR.IDXEUR
2025-04-24 17:00:00;9869.815;9872.457;9858.209;9865.405;0.165524;GBR.IDXEUR
2025-04-24 18:00:00;9865.52;9873.525;9858.874;9861.742;0.135232;GBR.IDXEUR
2025-04-24 19:00:00;9861.857;9882.793;9847.957;9876.24;0.22282;GBR.IDXEUR
2025-04-24 20:00:00;9876.355;9898.917;9871.865;9881.517;0.136344;GBR.IDXEUR
2025-04-24 22:00:00;9881.774;9898.149;9875.194;9888.338;0.202668;GBR.IDXEUR
2025-04-24 23:00:00;9888.569;9898.48;9885.976;9890.363;0.183075;GBR.IDXEUR
2025-04-25 00:00:00;9893.42;9902.752;9884.932;9899.668;0.052857;GBR.IDXEUR
2025-04-25 01:00:00;9899.665;9902.468;9882.678;9888.697;0.052107;GBR.IDXEUR
2025-04-25 02:00:00;9888.794;9894.259;9881.896;9889.697;0.044436;GBR.IDXEUR
2025-04-25 03:00:00;9889.929;9906.755;9888.885;9897.962;0.054051;GBR.IDXEUR
2025-04-25 04:00:00;9897.99;9905.732;9881.749;9881.777;0.051951;GBR.IDXEUR
2025-04-25 05:00:00;9882.367;9887.504;9875.452;9880.056;0.028056;GBR.IDXEUR
2025-04-25 06:00:00;9880.056;9889.109;9871.369;9885.691;0.157587;GBR.IDXEUR
2025-04-25 07:00:00;9889.541;9896.87;9829.424;9857.952;1.2758;GBR.IDXEUR
2025-04-25 08:00:00;9858.159;9884.373;9849.916;9872.442;0.741778;GBR.IDXEUR
2025-04-25 09:00:00;9872.09;9874.203;9850.646;9869.821;0.527864;GBR.IDXEUR
2025-04-25 10:00:00;9869.012;9885.733;9840.103;9862.737;1.170642;GBR.IDXEUR
2025-04-25 11:00:00;9862.466;9873.668;9853.45;9869.693;1.003004;GBR.IDXEUR
2025-04-25 12:00:00;9869.809;9894.015;9865.711;9889.72;1.147138;GBR.IDXEUR
2025-04-25 13:00:00;9889.72;9901.221;9863.976;9864.36;1.82022;GBR.IDXEUR
2025-04-25 14:00:00;9864.244;9878.111;9832.931;9840.607;1.916788;GBR.IDXEUR
2025-04-25 15:00:00;9840.492;9883.767;9839.758;9880.127;1.346998;GBR.IDXEUR
2025-04-25 16:00:00;9880.127;9885.868;9873.652;9882.67;0.935172;GBR.IDXEUR
2025-04-25 17:00:00;9882.408;9898.668;9848.626;9858.417;1.200668;GBR.IDXEUR
2025-04-25 18:00:00;9858.682;9894.77;9855.5;9884.22;0.881754;GBR.IDXEUR
2025-04-25 19:00:00;9884.104;9908.605;9881.58;9905.441;0.948514;GBR.IDXEUR
2025-04-25 20:00:00;9905.69;9905.69;9905.69;9905.69;0.00029;GBR.IDXEUR
2025-04-27 22:00:00;9875.463;9892.969;9874.524;9877.034;0.167094;GBR.IDXEUR
2025-04-27 23:00:00;9877.149;9880.199;9869.592;9874.057;0.177279;GBR.IDXEUR
2025-04-28 00:00:00;9884.337;9888.932;9871.788;9871.788;0.049203;GBR.IDXEUR
2025-04-28 01:00:00;9871.589;9877.438;9860.309;9864.07;0.046002;GBR.IDXEUR
2025-04-28 02:00:00;9864.186;9867.57;9853.788;9855.987;0.03813;GBR.IDXEUR
2025-04-28 03:00:00;9859.729;9864.782;9857.398;9861.13;0.027876;GBR.IDXEUR
2025-04-28 04:00:00;9861.137;9867.766;9859.462;9864.985;0.033966;GBR.IDXEUR
2025-04-28 05:00:00;9864.985;9866.596;9843.418;9846.229;0.025179;GBR.IDXEUR
2025-04-28 06:00:00;9846.114;9899.745;9846.114;9898.123;0.161229;GBR.IDXEUR
2025-04-28 07:00:00;9896.958;9913.518;9882.454;9895.206;0.268344;GBR.IDXEUR
2025-04-28 08:00:00;9895.206;9925.98;9888.577;9924.274;0.35407;GBR.IDXEUR
2025-04-28 09:00:00;9924.274;9940.351;9923.242;9930.124;1.142614;GBR.IDXEUR
2025-04-28 10:00:00;9930.241;9930.905;9901.743;9903.811;0.730484;GBR.IDXEUR
2025-04-28 11:00:00;9904.417;9909.472;9895.417;9900.102;0.966354;GBR.IDXEUR
2025-04-28 12:00:00;9900.316;9927.324;9891.069;9924.371;1.250396;GBR.IDXEUR
2025-04-28 13:00:00;9924.371;9937.034;9912.739;9919.633;1.466068;GBR.IDXEUR
2025-04-28 14:00:00;9919.866;9945.329;9916.913;9927.962;1.665268;GBR.IDXEUR
2025-04-28 15:00:00;9927.846;9934.987;9889.992;9895.874;1.433884;GBR.IDXEUR
2025-04-28 16:00:00;9895.864;9897.119;9869.123;9877.489;1.472424;GBR.IDXEUR
2025-04-28 17:00:00;9877.489;9899.671;9866.906;9898.666;1.120886;GBR.IDXEUR
2025-04-28 18:00:00;9898.549;9906.009;9893.5;9899.014;0.85219;GBR.IDXEUR
2025-04-28 19:00:00;9899.017;9925.011;9896.003;9915.617;0.954972;GBR.IDXEUR
2025-04-28 20:00:00;9915.389;9916.142;9905.726;9907.271;0.026123;GBR.IDXEUR
2025-04-28 22:00:00;9906.078;9913.68;9904.248;9911.409;0.025224;GBR.IDXEUR
2025-04-28 23:00:00;9911.292;9930.409;9907.901;9927.873;0.244392;GBR.IDXEUR
2025-04-29 00:00:00;9934.129;9936.582;9919.062;9929.867;0.028611;GBR.IDXEUR
2025-04-29 01:00:00;9929.642;9937.025;9923.277;9933.63;0.026493;GBR.IDXEUR
2025-04-29 02:00:00;9933.747;9937.141;9924.031;9927.039;0.032175;GBR.IDXEUR
2025-04-29 03:00:00;9927.271;9931.635;9922.977;9928.711;0.023718;GBR.IDXEUR
2025-04-29 04:00:00;9929.549;9939.653;9926.742;9931.908;0.021198;GBR.IDXEUR
2025-04-29 05:00:00;9932.025;9940.115;9927.896;9935.443;0.026544;GBR.IDXEUR
2025-04-29 06:00:00;9935.56;9949.915;9919.893;9919.893;0.795508;GBR.IDXEUR
2025-04-29 07:00:00;9918.13;9932.621;9882.684;9909.111;1.336698;GBR.IDXEUR
2025-04-29 08:00:00;9908.061;9923.928;9899.082;9918.43;0.988378;GBR.IDXEUR
2025-04-29 09:00:00;9918.547;9929.586;9901.186;9926.765;0.405048;GBR.IDXEUR
2025-04-29 10:00:00;9927.075;9933.594;9910.411;9919.033;0.247952;GBR.IDXEUR
2025-04-29 11:00:00;9918.889;9940.293;9905.47;9935.684;0.23042;GBR.IDXEUR
2025-04-29 12:00:00;9935.918;9943.923;9904.881;9909.71;1.108628;GBR.IDXEUR
2025-04-29 13:00:00;9911.245;9953.966;9895.555;9936.227;1.381802;GBR.IDXEUR
2025-04-29 14:00:00;9937.863;9964.688;9920.625;9959.617;1.856092;GBR.IDXEUR
2025-04-29 15:00:00;9959.617;9961.846;9946.582;9952.948;1.545022;GBR.IDXEUR
2025-04-29 16:00:00;9953.065;9980.207;9952.255;9957.381;1.205256;GBR.IDXEUR
2025-04-29 17:00:00;9957.732;10004.902;9953.98;10001.125;0.866986;GBR.IDXEUR
2025-04-29 18:00:00;10001.125;10003.475;9989.572;9991.485;0.781554;GBR.IDXEUR
2025-04-29 19:00:00;9991.72;10001.982;9987.573;9991.696;0.74608;GBR.IDXEUR
2025-04-29 20:00:00;9991.696;10000.265;9982.791;9991.562;0.0891;GBR.IDXEUR
2025-04-29 22:00:00;9981.853;9999.527;9981.446;9983.692;0.104337;GBR.IDXEUR
2025-04-29 23:00:00;9984.045;9989.092;9981.103;9983.799;0.022614;GBR.IDXEUR
2025-04-30 00:00:00;9981.568;9990.744;9979.077;9982.591;0.048042;GBR.IDXEUR
2025-04-30 01:00:00;9982.609;9990.861;9980.132;9988.153;0.051186;GBR.IDXEUR
2025-04-30 02:00:00;9988.107;9991.694;9968.479;9969.442;0.037848;GBR.IDXEUR
2025-04-30 03:00:00;9969.54;9970.957;9963.792;9965.441;0.030732;GBR.IDXEUR
2025-04-30 04:00:00;9965.441;9971.168;9961.645;9969.175;0.025722;GBR.IDXEUR
2025-04-30 05:00:00;9969.057;9970.729;9962.237;9965.2;0.021102;GBR.IDXEUR
2025-04-30 06:00:00;9964.464;9987.681;9959.774;9985.671;0.176493;GBR.IDXEUR
2025-04-30 07:00:00;9986.023;9989.938;9952.598;9965.323;0.891054;GBR.IDXEUR
2025-04-30 08:00:00;9963.917;9967.094;9942.303;9943.277;1.128608;GBR.IDXEUR
2025-04-30 09:00:00;9943.043;9968.06;9941.823;9964.41;0.512458;GBR.IDXEUR
2025-04-30 10:00:00;9965.008;9971.127;9953.7;9966.169;0.413878;GBR.IDXEUR
2025-04-30 11:00:00;9966.764;9977.944;9945.553;9955.877;0.28808;GBR.IDXEUR
2025-04-30 12:00:00;9955.643;9963.639;9903.546;9921.492;1.460674;GBR.IDXEUR
2025-04-30 13:00:00;9921.842;9946.532;9875.954;9881.88;1.772956;GBR.IDXEUR
2025-04-30 14:00:00;9882.157;9925.977;9879.795;9922.736;1.316494;GBR.IDXEUR
2025-04-30 15:00:00;9921.895;9982.87;9921.778;9952.75;1.334616;GBR.IDXEUR
2025-04-30 16:00:00;9952.867;9957.265;9930.929;9950.632;0.672574;GBR.IDXEUR
2025-04-30 17:00:00;9950.384;9976.611;9926.112;9972.97;0.52499;GBR.IDXEUR
2025-04-30 18:00:00;9973.399;9996.898;9957.769;9961.007;0.62603;GBR.IDXEUR
2025-04-30 19:00:00;9961.242;9991.891;9961.011;9980.17;0.53669;GBR.IDXEUR
2025-04-30 20:00:00;9980.053;10014.173;9975.688;10010.04;0.087994;GBR.IDXEUR
2025-04-30 22:00:00;10019.153;10042.223;10016.087;10021.885;0.231906;GBR.IDXEUR
2025-04-30 23:00:00;10021.753;10028.141;10016.792;10022.007;0.259242;GBR.IDXEUR
2025-05-01 00:00:00;9995.538;10007.881;9984.801;10000.593;0.44079;GBR.IDXEUR
2025-05-01 01:00:00;10000.593;10027.064;9999.745;10022.695;0.396111;GBR.IDXEUR
2025-05-01 02:00:00;10022.691;10029.668;10018.123;10018.553;0.305667;GBR.IDXEUR
2025-05-01 03:00:00;10018.67;10019.888;10009.259;10010.354;0.386085;GBR.IDXEUR
2025-05-01 04:00:00;10010.236;10012.679;10000.326;10004.599;0.281373;GBR.IDXEUR
2025-05-01 05:00:00;10004.585;10029.06;10004.443;10014.466;0.221334;GBR.IDXEUR
2025-05-01 06:00:00;10014.23;10021.895;10007.538;10007.538;0.684546;GBR.IDXEUR
2025-05-01 07:00:00;10007.42;10009.876;9945.91;9983.951;0.63568;GBR.IDXEUR
2025-05-01 08:00:00;9982.168;10004.156;9971.747;9998.843;0.562548;GBR.IDXEUR
2025-05-01 09:00:00;9998.582;10004.323;9988.818;9997.277;0.654508;GBR.IDXEUR
2025-05-01 10:00:00;9998.394;10004.649;9987.868;10001.398;0.559864;GBR.IDXEUR
2025-05-01 11:00:00;10001.398;10008.086;9987.286;9996.942;0.477378;GBR.IDXEUR
2025-05-01 12:00:00;9996.559;9999.142;9971.776;9984.867;0.730184;GBR.IDXEUR
2025-05-01 13:00:00;9984.396;9991.908;9963.292;9967.377;0.772304;GBR.IDXEUR
2025-05-01 14:00:00;9967.377;10016.908;9967.377;10008.024;1.232046;GBR.IDXEUR
2025-05-01 15:00:00;10008.024;10022.903;9965.489;9967.506;1.27506;GBR.IDXEUR
2025-05-01 16:00:00;9967.506;9972.215;9936.11;9941.281;1.167654;GBR.IDXEUR
2025-05-01 17:00:00;9941.164;9977.179;9940.124;9966.585;0.8032;GBR.IDXEUR
2025-05-01 18:00:00;9966.353;10005.516;9965.169;9989.983;0.849468;GBR.IDXEUR
2025-05-01 19:00:00;9990.125;10002.306;9962.346;9964.696;0.932094;GBR.IDXEUR
2025-05-01 20:00:00;9964.92;9973.856;9941.777;9949.762;0.108859;GBR.IDXEUR
2025-05-01 22:00:00;9960.079;9965.097;9950.77;9962.518;0.160938;GBR.IDXEUR
2025-05-01 23:00:00;9962.635;9978.203;9960.652;9965.903;0.155544;GBR.IDXEUR
2025-05-02 00:00:00;9963.684;10035.499;9963.131;10034.204;0.331911;GBR.IDXEUR
2025-05-02 01:00:00;10034.204;10048.167;10031.105;10044.154;0.040233;GBR.IDXEUR
2025-05-02 02:00:00;10044.432;10065.617;10041.814;10064.57;0.029418;GBR.IDXEUR
2025-05-02 03:00:00;10063.985;10065.337;10057.557;10063.266;0.022239;GBR.IDXEUR
2025-05-02 04:00:00;10063.147;10074.257;10063.102;10074.001;0.027483;GBR.IDXEUR
2025-05-02 05:00:00;10073.747;10074.715;10058.19;10058.427;0.031161;GBR.IDXEUR
2025-05-02 06:00:00;10058.546;10063.301;10039.491;10062.361;0.730248;GBR.IDXEUR
2025-05-02 07:00:00;10062.124;10093.444;10046.325;10054.188;1.22932;GBR.IDXEUR
2025-05-02 08:00:00;10053.952;10069.072;10029.478;10034.188;1.186318;GBR.IDXEUR
2025-05-02 09:00:00;10033.6;10049.818;10023.736;10045.921;0.702264;GBR.IDXEUR
2025-05-02 10:00:00;10046.142;10049.103;10029.486;10040.425;0.438714;GBR.IDXEUR
2025-05-02 11:00:00;10040.66;10060.388;10035.539;10038.512;0.685052;GBR.IDXEUR
2025-05-02 12:00:00;10039.876;10095.298;10034.055;10095.298;1.790744;GBR.IDXEUR
2025-05-02 13:00:00;10095.535;10098.129;10039.558;10049.128;0.48554;GBR.IDXEUR
2025-05-02 14:00:00;10049.011;10101.586;10046.678;10101.355;0.850644;GBR.IDXEUR
2025-05-02 15:00:00;10101.812;10108.813;10068.687;10069.811;0.661054;GBR.IDXEUR
2025-05-02 16:00:00;10069.575;10099.838;10064.808;10094.995;0.202586;GBR.IDXEUR
2025-05-02 17:00:00;10094.876;10127.228;10093.484;10114.834;0.146856;GBR.IDXEUR
2025-05-02 18:00:00;10114.715;10136.37;10113.897;10127.893;0.114456;GBR.IDXEUR
2025-05-02 19:00:00;10127.053;10148.649;10119.507;10139.498;0.132966;GBR.IDXEUR
2025-05-02 20:00:00;10139.379;10139.474;10138.653;10139.474;0.000624;GBR.IDXEUR
2025-05-04 22:00:00;10093.161;10104.101;10082.459;10084.362;0.070008;GBR.IDXEUR
2025-05-04 23:00:00;10084.598;10088.045;10061.455;10068.244;0.064752;GBR.IDXEUR
2025-05-05 00:00:00;10068.362;10084.676;10067.176;10082.53;0.059028;GBR.IDXEUR
2025-05-05 01:00:00;10082.648;10086.688;10066.266;10068.117;0.054408;GBR.IDXEUR
2025-05-05 02:00:00;10067.999;10078.1;10066.951;10077.738;0.037572;GBR.IDXEUR
2025-05-05 03:00:00;10077.89;10085.768;10073.289;10082.342;0.036792;GBR.IDXEUR
2025-05-05 04:00:00;10082.09;10082.712;10075.861;10078.107;0.027936;GBR.IDXEUR
2025-05-05 05:00:00;10078.36;10087.523;10078.338;10086.016;0.040176;GBR.IDXEUR
2025-05-05 06:00:00;10086.134;10101.975;10085.962;10089.596;0.051588;GBR.IDXEUR
2025-05-05 07:00:00;10089.514;10103.564;10085.88;10102.143;0.052032;GBR.IDXEUR
2025-05-05 08:00:00;10102.143;10105.293;10081.537;10083.306;0.058032;GBR.IDXEUR
2025-05-05 09:00:00;10083.187;10094.006;10073.024;10087.991;0.05106;GBR.IDXEUR
2025-05-05 10:00:00;10087.516;10093.766;10084.693;10089.143;0.04566;GBR.IDXEUR
2025-05-05 11:00:00;10089.66;10097.235;10088.334;10094.628;0.046524;GBR.IDXEUR
2025-05-05 12:00:00;10094.746;10109.927;10091.564;10105.856;0.059544;GBR.IDXEUR
2025-05-05 13:00:00;10105.749;10112.71;10091.712;10107.85;0.085452;GBR.IDXEUR
2025-05-05 14:00:00;10107.124;10130.891;10099.348;10128.076;0.111612;GBR.IDXEUR
2025-05-05 15:00:00;10128.076;10135.179;10121.266;10131.395;0.076896;GBR.IDXEUR
2025-05-05 16:00:00;10131.276;10144.944;10130.551;10141.563;0.052092;GBR.IDXEUR
2025-05-05 17:00:00;10141.079;10145.386;10127.786;10142.059;0.048036;GBR.IDXEUR
2025-05-05 18:00:00;10141.863;10149.923;10138.489;10140.052;0.03078;GBR.IDXEUR
2025-05-05 19:00:00;10140.171;10143.133;10112.558;10118.778;0.054792;GBR.IDXEUR
2025-05-05 20:00:00;10118.582;10119.389;10110.91;10114.2;0.008496;GBR.IDXEUR
2025-05-05 22:00:00;10131.439;10137.09;10129.761;10132.841;0.015216;GBR.IDXEUR
2025-05-05 23:00:00;10132.96;10139.223;10128.015;10128.641;0.015696;GBR.IDXEUR
2025-05-06 00:00:00;10154.364;10206.159;10131.654;10135.679;0.039964;GBR.IDXEUR
2025-05-06 01:00:00;10134.601;10149.655;10129.597;10131.381;0.034785;GBR.IDXEUR
2025-05-06 02:00:00;10131.381;10134.042;10122.386;10128.763;0.032145;GBR.IDXEUR
2025-05-06 03:00:00;10128.524;10138.17;10122.783;10136.285;0.023787;GBR.IDXEUR
2025-05-06 04:00:00;10136.523;10139.368;10127.059;10131.902;0.017013;GBR.IDXEUR
2025-05-06 05:00:00;10131.783;10132.252;10107.755;10110.45;0.020379;GBR.IDXEUR
2025-05-06 06:00:00;10110.45;10159.585;10110.45;10140.187;0.153262;GBR.IDXEUR
2025-05-06 07:00:00;10140.457;10150.554;10114.37;10114.981;0.726312;GBR.IDXEUR
2025-05-06 08:00:00;10115.099;10122.789;10093.121;10104.706;0.868778;GBR.IDXEUR
2025-05-06 09:00:00;10104.587;10105.391;10075.154;10102.394;0.439708;GBR.IDXEUR
2025-05-06 10:00:00;10102.387;10130.348;10084.97;10130.348;0.380192;GBR.IDXEUR
2025-05-06 11:00:00;10130.366;10139.15;10118.774;10137.315;0.286028;GBR.IDXEUR
2025-05-06 12:00:00;10137.395;10160.678;10133.947;10157.404;0.81934;GBR.IDXEUR
2025-05-06 13:00:00;10157.991;10166.936;10109.311;10118.947;0.85886;GBR.IDXEUR
2025-05-06 14:00:00;10118.267;10145.995;10112.782;10144.067;0.85566;GBR.IDXEUR
2025-05-06 15:00:00;10144.187;10147.249;10109.658;10111.555;1.107794;GBR.IDXEUR
2025-05-06 16:00:00;10111.559;10147.16;10093.068;10094.962;1.235602;GBR.IDXEUR
2025-05-06 17:00:00;10094.844;10104.233;10077.939;10082.91;0.947004;GBR.IDXEUR
2025-05-06 18:00:00;10082.55;10102.694;10082.182;10096.781;0.724158;GBR.IDXEUR
2025-05-06 19:00:00;10096.921;10099.04;10073.986;10075.375;0.820098;GBR.IDXEUR
2025-05-06 20:00:00;10075.03;10075.333;10066.978;10067.843;0.021757;GBR.IDXEUR
2025-05-06 22:00:00;10075.582;10162.695;10073.312;10117.534;0.241344;GBR.IDXEUR
2025-05-06 23:00:00;10117.534;10123.966;10105.172;10122.753;0.270603;GBR.IDXEUR
2025-05-07 00:00:00;10125.716;10139.428;10109.262;10129.24;0.066528;GBR.IDXEUR
2025-05-07 01:00:00;10129.471;10135.769;10112.023;10117.548;0.062457;GBR.IDXEUR
2025-05-07 02:00:00;10117.548;10117.901;10098.323;10106.722;0.048276;GBR.IDXEUR
2025-05-07 03:00:00;10106.69;10111.294;10102.32;10103.113;0.063306;GBR.IDXEUR
2025-05-07 04:00:00;10103.131;10110.454;10101.467;10103.223;0.034731;GBR.IDXEUR
2025-05-07 05:00:00;10103.342;10105.935;10087.199;10088.594;0.027645;GBR.IDXEUR
2025-05-07 06:00:00;10088.713;10104.968;10081.599;10088.711;0.166406;GBR.IDXEUR
2025-05-07 07:00:00;10088.711;10092.232;10064.972;10075.197;1.12761;GBR.IDXEUR
2025-05-07 08:00:00;10075.078;10084.948;10051.964;10069.988;0.899088;GBR.IDXEUR
2025-05-07 09:00:00;10069.752;10074.657;10055.841;10065.119;0.209856;GBR.IDXEUR
2025-05-07 10:00:00;10065.355;10072.574;10054.606;10062.198;0.200968;GBR.IDXEUR
2025-05-07 11:00:00;10061.844;10072.144;10052.478;10056.143;0.870934;GBR.IDXEUR
2025-05-07 12:00:00;10056.498;10066.618;10047.067;10060.847;0.928414;GBR.IDXEUR
2025-05-07 13:00:00;10060.354;10064.052;10036.761;10059.959;1.350148;GBR.IDXEUR
2025-05-07 14:00:00;10060.623;10070.099;10046.769;10047.124;1.142998;GBR.IDXEUR
2025-05-07 15:00:00;10046.673;10084.437;10043.596;10083.216;1.490566;GBR.IDXEUR
2025-05-07 16:00:00;10083.335;10094.54;10068.115;10092.562;0.95854;GBR.IDXEUR
2025-05-07 17:00:00;10092.562;10097.492;10069.222;10077.43;0.829024;GBR.IDXEUR
2025-05-07 18:00:00;10075.536;10100.607;10036.017;10095.541;2.45034;GBR.IDXEUR
2025-05-07 19:00:00;10095.778;10122.577;10061.326;10091.0;2.172434;GBR.IDXEUR
2025-05-07 20:00:00;10091.295;10104.743;10084.059;10094.337;0.18106;GBR.IDXEUR
2025-05-07 22:00:00;10068.464;10083.099;10067.106;10078.837;0.028557;GBR.IDXEUR
2025-05-07 23:00:00;10078.854;10084.619;10077.639;10078.793;0.02574;GBR.IDXEUR
2025-05-08 00:00:00;10081.92;10087.916;10066.09;10087.045;0.049962;GBR.IDXEUR
2025-05-08 01:00:00;10087.045;10112.18;10085.42;10107.108;0.061557;GBR.IDXEUR
2025-05-08 02:00:00;10107.221;10130.883;10106.415;10130.156;0.041454;GBR.IDXEUR
2025-05-08 03:00:00;10130.181;10147.274;10129.953;10142.747;0.040776;GBR.IDXEUR
2025-05-08 04:00:00;10142.19;10146.65;10138.131;10144.378;0.032499;GBR.IDXEUR
2025-05-08 05:00:00;10144.139;10150.015;10133.146;10141.496;0.036618;GBR.IDXEUR
2025-05-08 06:00:00;10141.376;10141.734;10109.926;10110.032;0.186381;GBR.IDXEUR
2025-05-08 07:00:00;10110.415;10120.114;10062.225;10064.288;0.33596;GBR.IDXEUR
2025-05-08 08:00:00;10065.852;10097.195;10064.818;10075.522;0.40935;GBR.IDXEUR
2025-05-08 09:00:00;10075.54;10106.051;10073.562;10104.534;1.022678;GBR.IDXEUR
2025-05-08 10:00:00;10104.562;10125.451;10099.679;10109.221;0.831434;GBR.IDXEUR
2025-05-08 11:00:00;10109.102;10136.73;10091.722;10122.637;1.239318;GBR.IDXEUR
2025-05-08 12:00:00;10122.914;10138.87;10085.991;10086.018;0.806686;GBR.IDXEUR
2025-05-08 13:00:00;10084.528;10093.332;10057.524;10065.301;0.675112;GBR.IDXEUR
2025-05-08 14:00:00;10064.678;10085.641;10043.71;10058.86;1.026232;GBR.IDXEUR
2025-05-08 15:00:00;10058.741;10118.53;10040.415;10101.794;1.160562;GBR.IDXEUR
2025-05-08 16:00:00;10101.914;10133.875;10100.931;10129.651;0.789064;GBR.IDXEUR
2025-05-08 17:00:00;10129.654;10130.696;10091.93;10094.213;0.481694;GBR.IDXEUR
2025-05-08 18:00:00;10092.805;10116.408;10091.265;10108.09;0.362646;GBR.IDXEUR
2025-05-08 19:00:00;10108.09;10124.607;10083.372;10085.608;0.546536;GBR.IDXEUR
2025-05-08 20:00:00;10086.449;10097.1;10080.743;10087.586;0.03331;GBR.IDXEUR
2025-05-08 22:00:00;10091.887;10101.213;10087.614;10089.597;0.024147;GBR.IDXEUR
2025-05-08 23:00:00;10089.359;10092.348;10076.869;10077.254;0.025179;GBR.IDXEUR
2025-05-09 00:00:00;10072.611;10081.455;10063.14;10079.21;0.470112;GBR.IDXEUR
2025-05-09 01:00:00;10079.091;10094.705;10075.181;10092.676;0.462537;GBR.IDXEUR
2025-05-09 02:00:00;10092.557;10107.237;10088.423;10096.548;0.507507;GBR.IDXEUR
2025-05-09 03:00:00;10096.479;10096.479;10083.436;10089.672;0.464373;GBR.IDXEUR
2025-05-09 04:00:00;10090.156;10101.238;10089.917;10097.226;0.350151;GBR.IDXEUR
2025-05-09 05:00:00;10096.987;10099.825;10091.433;10098.839;0.221661;GBR.IDXEUR
2025-05-09 06:00:00;10098.958;10104.949;10078.388;10099.867;0.638704;GBR.IDXEUR
2025-05-09 07:00:00;10099.499;10116.984;10084.069;10102.879;0.723802;GBR.IDXEUR
2025-05-09 08:00:00;10102.76;10104.241;10085.223;10102.019;0.454078;GBR.IDXEUR
2025-05-09 09:00:00;10101.703;10119.155;10098.542;10117.616;0.71221;GBR.IDXEUR
2025-05-09 10:00:00;10118.75;10127.323;10110.257;10111.677;0.782888;GBR.IDXEUR
2025-05-09 11:00:00;10111.459;10121.8;10092.341;10102.927;1.060484;GBR.IDXEUR
2025-05-09 12:00:00;10102.927;10110.075;10090.134;10100.572;0.633192;GBR.IDXEUR
2025-05-09 13:00:00;10100.658;10111.645;10092.016;10109.257;0.876966;GBR.IDXEUR
2025-05-09 14:00:00;10110.915;10111.764;10077.294;10096.672;0.857588;GBR.IDXEUR
2025-05-09 15:00:00;10096.175;10101.891;10085.541;10099.681;1.079478;GBR.IDXEUR
2025-05-09 16:00:00;10099.663;10100.757;10069.416;10072.993;0.898754;GBR.IDXEUR
2025-05-09 17:00:00;10073.0;10099.038;10070.737;10097.493;0.732432;GBR.IDXEUR
2025-05-09 18:00:00;10097.716;10099.632;10086.004;10096.699;0.55056;GBR.IDXEUR
2025-05-09 19:00:00;10096.474;10105.142;10083.796;10099.281;0.769192;GBR.IDXEUR
2025-05-09 20:00:00;10099.876;10099.876;10099.876;10099.876;0.00029;GBR.IDXEUR
2025-05-11 22:00:00;10141.14;10160.024;10133.34;10138.23;0.342609;GBR.IDXEUR
2025-05-11 23:00:00;10138.704;10157.728;10137.504;10151.458;0.390549;GBR.IDXEUR
2025-05-12 00:00:00;10172.597;10172.625;10139.376;10141.265;0.570963;GBR.IDXEUR
2025-05-12 01:00:00;10141.279;10154.856;10140.444;10148.32;0.588594;GBR.IDXEUR
2025-05-12 02:00:00;10148.393;10157.067;10146.838;10148.074;0.452991;GBR.IDXEUR
2025-05-12 03:00:00;10147.954;10150.853;10139.998;10150.472;0.331572;GBR.IDXEUR
2025-05-12 04:00:00;10150.737;10153.586;10148.337;10151.345;0.231099;GBR.IDXEUR
2025-05-12 05:00:00;10150.984;10164.88;10147.417;10164.037;0.237219;GBR.IDXEUR
2025-05-12 06:00:00;10164.278;10165.989;10144.492;10160.23;0.798394;GBR.IDXEUR
2025-05-12 07:00:00;10159.638;10243.274;10139.854;10152.906;2.027294;GBR.IDXEUR
2025-05-12 08:00:00;10152.589;10191.722;10133.331;10179.604;1.21832;GBR.IDXEUR
2025-05-12 09:00:00;10180.777;10207.628;10174.647;10198.422;0.858424;GBR.IDXEUR
2025-05-12 10:00:00;10198.257;10203.512;10178.294;10190.916;0.539282;GBR.IDXEUR
2025-05-12 11:00:00;10191.319;10205.752;10177.28;10196.836;0.916528;GBR.IDXEUR
2025-05-12 12:00:00;10196.715;10221.576;10195.772;10211.292;0.81482;GBR.IDXEUR
2025-05-12 13:00:00;10211.108;10223.044;10173.302;10177.614;0.67847;GBR.IDXEUR
2025-05-12 14:00:00;10178.379;10225.748;10163.43;10214.607;1.188594;GBR.IDXEUR
2025-05-12 15:00:00;10214.539;10233.183;10192.011;10192.803;0.825872;GBR.IDXEUR
2025-05-12 16:00:00;10192.184;10241.533;10190.311;10239.113;0.49202;GBR.IDXEUR
2025-05-12 17:00:00;10239.414;10249.406;10235.336;10241.263;0.375466;GBR.IDXEUR
2025-05-12 18:00:00;10241.15;10256.143;10240.687;10241.94;0.403296;GBR.IDXEUR
2025-05-12 19:00:00;10242.262;10251.263;10234.144;10249.316;0.348124;GBR.IDXEUR
2025-05-12 20:00:00;10249.438;10256.242;10243.754;10243.859;0.020258;GBR.IDXEUR
2025-05-12 22:00:00;10244.444;10245.804;10235.189;10239.31;0.033057;GBR.IDXEUR
2025-05-12 23:00:00;10239.31;10249.305;10230.597;10233.546;0.021936;GBR.IDXEUR
2025-05-13 00:00:00;10235.972;10242.849;10211.563;10213.365;0.054789;GBR.IDXEUR
2025-05-13 01:00:00;10212.991;10214.379;10201.604;10207.125;0.052617;GBR.IDXEUR
2025-05-13 02:00:00;10207.004;10212.127;10189.674;10191.868;0.037026;GBR.IDXEUR
2025-05-13 03:00:00;10191.606;10191.847;10178.868;10179.358;0.029457;GBR.IDXEUR
2025-05-13 04:00:00;10179.351;10181.396;10154.738;10158.267;0.022086;GBR.IDXEUR
2025-05-13 05:00:00;10158.388;10194.809;10157.573;10192.2;0.024987;GBR.IDXEUR
2025-05-13 06:00:00;10191.715;10206.586;10185.992;10192.842;0.146385;GBR.IDXEUR
2025-05-13 07:00:00;10195.014;10243.558;10193.943;10221.513;0.382492;GBR.IDXEUR
2025-05-13 08:00:00;10221.681;10243.103;10221.049;10235.15;0.448012;GBR.IDXEUR
2025-05-13 09:00:00;10234.796;10249.104;10225.508;10247.199;0.489048;GBR.IDXEUR
2025-05-13 10:00:00;10247.545;10256.227;10227.65;10238.118;0.365882;GBR.IDXEUR
2025-05-13 11:00:00;10238.019;10252.771;10232.322;10240.558;0.410118;GBR.IDXEUR
2025-05-13 12:00:00;10240.436;10259.259;10230.527;10239.647;0.730056;GBR.IDXEUR
2025-05-13 13:00:00;10239.525;10245.912;10209.833;10223.017;0.865964;GBR.IDXEUR
2025-05-13 14:00:00;10223.138;10228.313;10202.549;10216.951;0.871074;GBR.IDXEUR
2025-05-13 15:00:00;10216.708;10230.784;10197.17;10200.518;0.726388;GBR.IDXEUR
2025-05-13 16:00:00;10201.04;10217.061;10197.762;10215.559;0.424004;GBR.IDXEUR
2025-05-13 17:00:00;10215.853;10234.519;10214.094;10219.514;0.296912;GBR.IDXEUR
2025-05-13 18:00:00;10219.514;10230.686;10216.692;10227.202;0.274536;GBR.IDXEUR
2025-05-13 19:00:00;10227.202;10231.714;10209.307;10209.544;0.312912;GBR.IDXEUR
2025-05-13 20:00:00;10209.727;10211.828;10203.063;10206.246;0.027783;GBR.IDXEUR
2025-05-13 22:00:00;10206.549;10217.616;10205.556;10212.068;0.045738;GBR.IDXEUR
2025-05-13 23:00:00;10212.068;10222.612;10210.297;10213.059;0.067629;GBR.IDXEUR
2025-05-14 00:00:00;10215.492;10215.492;10193.334;10196.597;0.027954;GBR.IDXEUR
2025-05-14 01:00:00;10196.354;10198.117;10187.043;10194.113;0.03351;GBR.IDXEUR
2025-05-14 02:00:00;10193.992;10195.3;10186.352;10191.316;0.026121;GBR.IDXEUR
2025-05-14 03:00:00;10191.316;10199.171;10191.289;10196.343;0.018111;GBR.IDXEUR
2025-05-14 04:00:00;10196.116;10205.043;10192.614;10204.014;0.024606;GBR.IDXEUR
2025-05-14 05:00:00;10204.044;10211.879;10202.371;10206.378;0.02454;GBR.IDXEUR
2025-05-14 06:00:00;10206.378;10207.914;10192.199;10204.311;0.272565;GBR.IDXEUR
2025-05-14 07:00:00;10204.671;10245.553;10203.985;10229.469;0.45764;GBR.IDXEUR
2025-05-14 08:00:00;10229.59;10233.527;10199.283;10201.872;0.546768;GBR.IDXEUR
2025-05-14 09:00:00;10200.896;10202.928;10169.756;10199.44;0.487632;GBR.IDXEUR
2025-05-14 10:00:00;10199.085;10229.569;10198.166;10227.58;0.347544;GBR.IDXEUR
2025-05-14 11:00:00;10227.458;10235.411;10220.208;10224.067;0.27017;GBR.IDXEUR
2025-05-14 12:00:00;10224.425;10232.763;10216.139;10219.478;0.596332;GBR.IDXEUR
2025-05-14 13:00:00;10219.845;10219.846;10164.575;10181.558;0.341028;GBR.IDXEUR
2025-05-14 14:00:00;10180.727;10190.584;10164.178;10179.301;0.746032;GBR.IDXEUR
2025-05-14 15:00:00;10179.664;10190.376;10150.619;10178.975;0.449164;GBR.IDXEUR
2025-05-14 16:00:00;10178.975;10186.64;10169.592;10178.652;0.167808;GBR.IDXEUR
2025-05-14 17:00:00;10178.773;10182.694;10160.43;10181.1;0.111652;GBR.IDXEUR
2025-05-14 18:00:00;10181.303;10186.093;10176.221;10181.672;0.109992;GBR.IDXEUR
2025-05-14 19:00:00;10181.793;10200.773;10176.886;10194.575;0.116902;GBR.IDXEUR
2025-05-14 20:00:00;10194.259;10194.978;10188.935;10190.631;0.016155;GBR.IDXEUR
2025-05-14 22:00:00;10154.184;10156.117;10149.05;10151.141;0.04767;GBR.IDXEUR
2025-05-14 23:00:00;10150.779;10151.749;10138.363;10144.672;0.070353;GBR.IDXEUR
2025-05-15 00:00:00;10148.222;10162.459;10148.222;10157.844;0.042;GBR.IDXEUR
2025-05-15 01:00:00;10157.723;10164.87;10153.184;10153.776;0.040398;GBR.IDXEUR
2025-05-15 02:00:00;10153.896;10165.34;10151.878;10162.595;0.031851;GBR.IDXEUR
2025-05-15 03:00:00;10162.599;10164.065;10153.916;10154.883;0.033555;GBR.IDXEUR
2025-05-15 04:00:00;10155.253;10155.934;10147.354;10150.461;0.023391;GBR.IDXEUR
2025-05-15 05:00:00;10150.691;10152.501;10133.678;10141.675;0.02403;GBR.IDXEUR
2025-05-15 06:00:00;10141.675;10146.362;10120.263;10123.692;0.131892;GBR.IDXEUR
2025-05-15 07:00:00;10123.42;10136.975;10113.693;10128.718;0.4852;GBR.IDXEUR
2025-05-15 08:00:00;10128.663;10164.838;10126.402;10151.975;0.59613;GBR.IDXEUR
2025-05-15 09:00:00;10151.854;10194.728;10150.179;10193.548;0.421678;GBR.IDXEUR
2025-05-15 10:00:00;10194.231;10203.487;10184.538;10203.197;0.452742;GBR.IDXEUR
2025-05-15 11:00:00;10203.076;10225.463;10201.318;10208.464;0.451144;GBR.IDXEUR
2025-05-15 12:00:00;10208.835;10233.943;10204.411;10219.944;0.741198;GBR.IDXEUR
2025-05-15 13:00:00;10220.896;10233.392;10205.155;10221.886;0.73578;GBR.IDXEUR
2025-05-15 14:00:00;10221.454;10232.017;10208.969;10230.755;0.820052;GBR.IDXEUR
2025-05-15 15:00:00;10230.634;10263.704;10225.848;10255.104;0.711856;GBR.IDXEUR
2025-05-15 16:00:00;10255.104;10273.061;10254.285;10271.803;0.40729;GBR.IDXEUR
2025-05-15 17:00:00;10272.368;10280.189;10266.816;10273.854;0.333862;GBR.IDXEUR
2025-05-15 18:00:00;10273.854;10287.759;10267.754;10284.607;0.301956;GBR.IDXEUR
2025-05-15 19:00:00;10284.852;10291.948;10277.852;10285.891;0.355172;GBR.IDXEUR
2025-05-15 20:00:00;10285.282;10288.505;10279.791;10284.17;0.015386;GBR.IDXEUR
2025-05-15 22:00:00;10271.749;10284.778;10270.82;10279.039;0.030342;GBR.IDXEUR
2025-05-15 23:00:00;10278.795;10285.826;10274.918;10275.284;0.039012;GBR.IDXEUR
2025-05-16 00:00:00;10277.541;10285.446;10264.307;10265.907;0.032577;GBR.IDXEUR
2025-05-16 01:00:00;10265.663;10268.342;10260.581;10263.73;0.024132;GBR.IDXEUR
2025-05-16 02:00:00;10263.578;10264.083;10256.562;10262.349;0.021906;GBR.IDXEUR
2025-05-16 03:00:00;10262.105;10266.136;10260.064;10262.526;0.02004;GBR.IDXEUR
2025-05-16 04:00:00;10262.281;10274.794;10260.619;10270.336;0.018492;GBR.IDXEUR
2025-05-16 05:00:00;10270.063;10272.822;10262.621;10265.65;0.022545;GBR.IDXEUR
2025-05-16 06:00:00;10265.543;10296.391;10265.543;10294.954;0.30066;GBR.IDXEUR
2025-05-16 07:00:00;10295.048;10316.321;10291.921;10298.526;0.616822;GBR.IDXEUR
2025-05-16 08:00:00;10298.648;10309.377;10278.825;10292.254;0.523602;GBR.IDXEUR
2025-05-16 09:00:00;10292.827;10320.712;10286.697;10314.901;0.508944;GBR.IDXEUR
2025-05-16 10:00:00;10315.831;10326.945;10300.584;10301.066;0.273088;GBR.IDXEUR
2025-05-16 11:00:00;10300.944;10303.175;10283.786;10285.997;0.454376;GBR.IDXEUR
2025-05-16 12:00:00;10285.725;10290.299;10264.819;10268.118;0.523102;GBR.IDXEUR
2025-05-16 13:00:00;10268.24;10305.918;10264.399;10303.141;0.622124;GBR.IDXEUR
2025-05-16 14:00:00;10302.774;10314.652;10283.689;10312.538;0.934486;GBR.IDXEUR
2025-05-16 15:00:00;10312.538;10339.578;10311.474;10318.523;0.654018;GBR.IDXEUR
2025-05-16 16:00:00;10318.646;10340.09;10317.754;10334.193;0.39504;GBR.IDXEUR
2025-05-16 17:00:00;10334.07;10351.878;10331.918;10342.052;0.2652;GBR.IDXEUR
2025-05-16 18:00:00;10342.342;10355.066;10340.257;10352.08;0.23184;GBR.IDXEUR
2025-05-16 19:00:00;10352.08;10358.46;10347.666;10355.632;0.277168;GBR.IDXEUR
2025-05-16 20:00:00;10355.727;10355.727;10355.727;10355.727;0.00012;GBR.IDXEUR
2025-05-18 22:00:00;10297.066;10322.57;10296.174;10321.487;0.124731;GBR.IDXEUR
2025-05-18 23:00:00;10321.365;10336.298;10315.988;10319.892;0.09963;GBR.IDXEUR
2025-05-19 00:00:00;10312.354;10330.538;10310.603;10320.661;0.034797;GBR.IDXEUR
2025-05-19 01:00:00;10320.168;10324.443;10313.372;10321.187;0.025032;GBR.IDXEUR
2025-05-19 02:00:00;10320.703;10326.159;10313.414;10313.414;0.02628;GBR.IDXEUR
2025-05-19 03:00:00;10313.414;10315.059;10293.81;10294.584;0.018366;GBR.IDXEUR
2025-05-19 04:00:00;10294.584;10296.851;10287.211;10290.978;0.011496;GBR.IDXEUR
2025-05-19 05:00:00;10291.1;10296.955;10290.211;10294.046;0.017964;GBR.IDXEUR
2025-05-19 06:00:00;10294.168;10301.551;10278.471;10283.296;0.129387;GBR.IDXEUR
2025-05-19 07:00:00;10282.839;10303.145;10266.129;10274.593;0.833412;GBR.IDXEUR
2025-05-19 08:00:00;10273.716;10275.66;10249.707;10256.803;0.642576;GBR.IDXEUR
2025-05-19 09:00:00;10256.597;10256.799;10235.929;10243.817;0.676668;GBR.IDXEUR
2025-05-19 10:00:00;10243.722;10253.792;10232.724;10246.524;0.557986;GBR.IDXEUR
2025-05-19 11:00:00;10246.792;10273.426;10246.101;10265.852;0.34342;GBR.IDXEUR
2025-05-19 12:00:00;10265.973;10279.559;10242.008;10248.148;0.522704;GBR.IDXEUR
2025-05-19 13:00:00;10248.026;10292.636;10237.372;10291.951;0.803246;GBR.IDXEUR
2025-05-19 14:00:00;10291.628;10315.678;10290.588;10300.03;0.753324;GBR.IDXEUR
2025-05-19 15:00:00;10300.152;10350.972;10300.152;10349.144;0.625384;GBR.IDXEUR
2025-05-19 16:00:00;10349.457;10364.382;10345.267;10358.449;0.384128;GBR.IDXEUR
2025-05-19 17:00:00;10357.911;10372.863;10355.986;10357.985;0.32295;GBR.IDXEUR
2025-05-19 18:00:00;10357.656;10369.391;10355.153;10362.974;0.264084;GBR.IDXEUR
2025-05-19 19:00:00;10363.278;10385.643;10353.522;10384.352;0.294132;GBR.IDXEUR
2025-05-19 20:00:00;10384.215;10385.163;10369.821;10372.199;0.017251;GBR.IDXEUR
2025-05-19 22:00:00;10371.396;10380.49;10370.722;10380.366;0.074028;GBR.IDXEUR
2025-05-19 23:00:00;10380.613;10398.77;10379.869;10394.717;0.061458;GBR.IDXEUR
2025-05-20 00:00:00;10397.842;10404.246;10387.382;10387.676;0.029232;GBR.IDXEUR
2025-05-20 01:00:00;10387.552;10387.785;10367.472;10372.855;0.032472;GBR.IDXEUR
2025-05-20 02:00:00;10372.732;10378.025;10368.883;10373.661;0.017964;GBR.IDXEUR
2025-05-20 03:00:00;10373.538;10377.452;10367.416;10367.416;0.015519;GBR.IDXEUR
2025-05-20 04:00:00;10367.416;10373.636;10364.778;10372.51;0.015765;GBR.IDXEUR
2025-05-20 05:00:00;10372.633;10377.121;10357.842;10358.458;0.023283;GBR.IDXEUR
2025-05-20 06:00:00;10358.458;10364.348;10351.214;10361.241;0.293859;GBR.IDXEUR
2025-05-20 07:00:00;10360.995;10373.99;10349.229;10365.826;0.660256;GBR.IDXEUR
2025-05-20 08:00:00;10365.702;10396.116;10362.386;10385.689;0.43647;GBR.IDXEUR
2025-05-20 09:00:00;10385.566;10397.622;10380.445;10386.352;0.42914;GBR.IDXEUR
2025-05-20 10:00:00;10386.229;10407.37;10373.865;10404.301;0.444976;GBR.IDXEUR
2025-05-20 11:00:00;10404.386;10405.627;10383.965;10398.278;0.410534;GBR.IDXEUR
2025-05-20 12:00:00;10398.034;10408.859;10397.401;10407.391;0.318866;GBR.IDXEUR
2025-05-20 13:00:00;10409.026;10437.083;10408.903;10431.99;0.67246;GBR.IDXEUR
2025-05-20 14:00:00;10432.833;10437.481;10405.928;10409.691;0.706968;GBR.IDXEUR
2025-05-20 15:00:00;10410.185;10448.306;10407.086;10446.871;0.487316;GBR.IDXEUR
2025-05-20 16:00:00;10446.493;10451.557;10430.503;10444.453;0.350548;GBR.IDXEUR
2025-05-20 17:00:00;10444.701;10453.127;10431.809;10438.059;0.320736;GBR.IDXEUR
2025-05-20 18:00:00;10437.196;10439.025;10412.217;10418.805;0.388696;GBR.IDXEUR
2025-05-20 19:00:00;10418.681;10434.415;10407.027;10429.115;0.34654;GBR.IDXEUR
2025-05-20 20:00:00;10428.867;10429.863;10417.572;10418.28;0.011713;GBR.IDXEUR
2025-05-20 22:00:00;10419.976;10426.243;10411.285;10424.723;0.042417;GBR.IDXEUR
2025-05-20 23:00:00;10424.475;10431.107;10424.009;10428.575;0.03207;GBR.IDXEUR
2025-05-21 00:00:00;10430.178;10433.787;10423.04;10431.482;0.037365;GBR.IDXEUR
2025-05-21 01:00:00;10431.475;10437.535;10423.495;10430.225;0.033081;GBR.IDXEUR
2025-05-21 02:00:00;10430.803;10431.278;10409.339;10416.269;0.038448;GBR.IDXEUR
2025-05-21 03:00:00;10416.393;10421.213;10407.344;10407.843;0.027807;GBR.IDXEUR
2025-05-21 04:00:00;10407.967;10416.724;10405.602;10409.568;0.020424;GBR.IDXEUR
2025-05-21 05:00:00;10409.237;10420.976;10408.509;10413.375;0.024417;GBR.IDXEUR
2025-05-21 06:00:00;10413.252;10414.757;10381.917;10392.35;0.441938;GBR.IDXEUR
2025-05-21 07:00:00;10392.473;10416.417;10392.473;10404.341;0.348786;GBR.IDXEUR
2025-05-21 08:00:00;10405.186;10407.322;10389.394;10392.654;0.378006;GBR.IDXEUR
2025-05-21 09:00:00;10392.408;10401.942;10372.24;10376.319;0.226722;GBR.IDXEUR
2025-05-21 10:00:00;10376.565;10386.224;10362.378;10385.629;0.296294;GBR.IDXEUR
2025-05-21 11:00:00;10385.243;10406.429;10373.556;10399.433;0.498772;GBR.IDXEUR
2025-05-21 12:00:00;10399.782;10416.382;10392.992;10405.202;0.274604;GBR.IDXEUR
2025-05-21 13:00:00;10405.829;10425.606;10397.802;10407.364;0.32076;GBR.IDXEUR
2025-05-21 14:00:00;10407.033;10422.771;10401.92;10410.853;0.37891;GBR.IDXEUR
2025-05-21 15:00:00;10411.188;10426.576;10403.61;10404.393;0.441792;GBR.IDXEUR
2025-05-21 16:00:00;10404.111;10413.159;10393.941;10409.315;0.395884;GBR.IDXEUR
2025-05-21 17:00:00;10409.626;10411.965;10321.389;10354.075;0.896122;GBR.IDXEUR
2025-05-21 18:00:00;10354.198;10364.239;10338.105;10341.179;0.616728;GBR.IDXEUR
2025-05-21 19:00:00;10341.302;10359.408;10329.853;10345.862;0.653256;GBR.IDXEUR
2025-05-21 20:00:00;10345.862;10346.482;10333.344;10335.361;0.037947;GBR.IDXEUR
2025-05-21 22:00:00;10331.968;10348.474;10331.968;10341.304;0.04107;GBR.IDXEUR
2025-05-21 23:00:00;10341.304;10348.654;10335.944;10337.169;0.026166;GBR.IDXEUR
2025-05-22 00:00:00;10340.35;10363.307;10321.893;10361.654;0.20475;GBR.IDXEUR
2025-05-22 01:00:00;10362.157;10370.18;10352.518;10352.713;0.195756;GBR.IDXEUR
2025-05-22 02:00:00;10352.738;10361.8;10349.339;10350.464;0.160956;GBR.IDXEUR
2025-05-22 03:00:00;10350.435;10363.72;10350.435;10358.396;0.132921;GBR.IDXEUR
2025-05-22 04:00:00;10358.887;10364.349;10350.234;10352.233;0.121596;GBR.IDXEUR
2025-05-22 05:00:00;10351.988;10364.881;10347.998;10363.729;0.110751;GBR.IDXEUR
2025-05-22 06:00:00;10363.606;10369.822;10348.33;10359.335;0.358626;GBR.IDXEUR
2025-05-22 07:00:00;10359.476;10387.153;10354.809;10367.104;0.755912;GBR.IDXEUR
2025-05-22 08:00:00;10366.981;10372.135;10345.609;10347.693;0.656448;GBR.IDXEUR
2025-05-22 09:00:00;10347.816;10357.336;10331.73;10356.871;0.55374;GBR.IDXEUR
2025-05-22 10:00:00;10356.871;10367.421;10345.853;10351.716;0.362346;GBR.IDXEUR
2025-05-22 11:00:00;10351.594;10360.587;10333.674;10333.967;0.567788;GBR.IDXEUR
2025-05-22 12:00:00;10334.531;10361.325;10313.465;10355.663;0.588608;GBR.IDXEUR
2025-05-22 13:00:00;10355.273;10363.163;10328.024;10335.661;0.767836;GBR.IDXEUR
2025-05-22 14:00:00;10335.661;10380.55;10332.459;10380.465;0.398596;GBR.IDXEUR
2025-05-22 15:00:00;10380.219;10413.479;10375.279;10413.479;0.296204;GBR.IDXEUR
2025-05-22 16:00:00;10413.701;10423.201;10401.59;10402.787;0.15186;GBR.IDXEUR
2025-05-22 17:00:00;10402.54;10440.446;10398.728;10436.244;0.127488;GBR.IDXEUR
2025-05-22 18:00:00;10436.244;10441.994;10427.525;10431.476;0.083868;GBR.IDXEUR
2025-05-22 19:00:00;10431.794;10439.272;10398.46;10411.178;0.102098;GBR.IDXEUR
2025-05-22 20:00:00;10411.054;10411.389;10404.954;10406.925;0.016174;GBR.IDXEUR
2025-05-22 22:00:00;10419.781;10420.513;10401.022;10401.966;0.025518;GBR.IDXEUR
2025-05-22 23:00:00;10402.089;10411.266;10399.59;10407.307;0.018864;GBR.IDXEUR
2025-05-23 00:00:00;10409.847;10424.248;10409.847;10423.759;0.038025;GBR.IDXEUR
2025-05-23 01:00:00;10423.511;10423.511;10405.164;10408.445;0.043872;GBR.IDXEUR
2025-05-23 02:00:00;10408.286;10417.377;10407.915;10414.823;0.033021;GBR.IDXEUR
2025-05-23 03:00:00;10415.086;10416.536;10407.614;10415.938;0.028476;GBR.IDXEUR
2025-05-23 04:00:00;10416.291;10416.298;10403.024;10406.23;0.026973;GBR.IDXEUR
2025-05-23 05:00:00;10406.23;10413.517;10397.605;10400.685;0.018684;GBR.IDXEUR
2025-05-23 06:00:00;10400.314;10406.677;10383.586;10405.173;0.12937;GBR.IDXEUR
2025-05-23 07:00:00;10407.457;10435.798;10407.457;10428.331;0.639662;GBR.IDXEUR
2025-05-23 08:00:00;10427.931;10443.286;10420.32;10421.753;0.37511;GBR.IDXEUR
2025-05-23 09:00:00;10421.428;10422.384;10399.902;10415.212;0.395854;GBR.IDXEUR
2025-05-23 10:00:00;10415.088;10419.652;10392.861;10403.699;0.188412;GBR.IDXEUR
2025-05-23 11:00:00;10403.451;10407.432;10278.528;10283.027;0.63781;GBR.IDXEUR
2025-05-23 12:00:00;10283.424;10334.003;10260.68;10329.65;1.120138;GBR.IDXEUR
2025-05-23 13:00:00;10329.404;10361.555;10296.949;10354.098;0.678164;GBR.IDXEUR
2025-05-23 14:00:00;10353.848;10379.079;10349.399;10364.487;0.578514;GBR.IDXEUR
2025-05-23 15:00:00;10364.487;10390.36;10362.342;10368.313;0.718678;GBR.IDXEUR
2025-05-23 16:00:00;10368.313;10392.251;10367.164;10385.018;0.49632;GBR.IDXEUR
2025-05-23 17:00:00;10385.142;10413.771;10384.126;10406.8;0.332108;GBR.IDXEUR
2025-05-23 18:00:00;10406.789;10416.396;10392.159;10401.296;0.364792;GBR.IDXEUR
2025-05-23 19:00:00;10401.048;10407.37;10387.036;10406.027;0.385244;GBR.IDXEUR
2025-05-23 20:00:00;10406.012;10406.012;10406.012;10406.012;0.00012;GBR.IDXEUR
2025-05-25 22:00:00;10398.278;10448.588;10398.03;10425.891;0.109584;GBR.IDXEUR
2025-05-25 23:00:00;10425.767;10438.646;10425.119;10434.651;0.038328;GBR.IDXEUR
2025-05-26 00:00:00;10434.435;10438.974;10424.409;10432.145;0.060936;GBR.IDXEUR
2025-05-26 01:00:00;10431.936;10447.716;10428.202;10445.026;0.056136;GBR.IDXEUR
2025-05-26 02:00:00;10444.91;10453.179;10437.533;10438.647;0.049728;GBR.IDXEUR
2025-05-26 03:00:00;10438.784;10448.135;10437.939;10443.332;0.037836;GBR.IDXEUR
2025-05-26 04:00:00;10443.332;10456.096;10442.645;10454.285;0.026844;GBR.IDXEUR
2025-05-26 05:00:00;10454.409;10454.725;10441.901;10442.425;0.035988;GBR.IDXEUR
2025-05-26 06:00:00;10442.674;10452.935;10432.665;10436.742;0.05088;GBR.IDXEUR
2025-05-26 07:00:00;10436.871;10453.623;10436.871;10451.919;0.053904;GBR.IDXEUR
2025-05-26 08:00:00;10451.919;10456.841;10446.848;10448.793;0.038844;GBR.IDXEUR
2025-05-26 09:00:00;10448.669;10456.23;10448.459;10452.502;0.031896;GBR.IDXEUR
2025-05-26 10:00:00;10452.627;10456.643;10446.619;10449.581;0.023328;GBR.IDXEUR
2025-05-26 11:00:00;10449.705;10460.802;10448.653;10460.161;0.019848;GBR.IDXEUR
2025-05-26 12:00:00;10460.286;10464.22;10449.448;10452.388;0.025596;GBR.IDXEUR
2025-05-26 13:00:00;10452.388;10460.151;10445.957;10455.321;0.034596;GBR.IDXEUR
2025-05-26 14:00:00;10455.424;10456.441;10438.955;10441.054;0.0396;GBR.IDXEUR
2025-05-26 15:00:00;10441.373;10455.498;10435.956;10454.88;0.031392;GBR.IDXEUR
2025-05-26 16:00:00;10454.868;10457.311;10451.385;10453.257;0.017928;GBR.IDXEUR
2025-05-26 17:00:00;10453.257;10455.703;10450.502;10454.485;0.004932;GBR.IDXEUR
2025-05-26 18:00:00;10454.485;10455.233;10452.302;10453.174;0.003888;GBR.IDXEUR
2025-05-26 19:00:00;10453.299;10455.993;10450.95;10451.891;0.003228;GBR.IDXEUR
2025-05-26 22:00:00;10448.955;10451.225;10439.476;10443.201;0.0216;GBR.IDXEUR
2025-05-26 23:00:00;10443.457;10448.876;10442.751;10447.245;0.016308;GBR.IDXEUR
2025-05-27 00:00:00;10465.814;10501.397;10460.728;10476.268;0.155278;GBR.IDXEUR
2025-05-27 01:00:00;10476.007;10476.323;10458.265;10459.248;0.164016;GBR.IDXEUR
2025-05-27 02:00:00;10459.124;10462.181;10456.665;10459.989;0.137547;GBR.IDXEUR
2025-05-27 03:00:00;10460.113;10463.602;10455.886;10457.612;0.11502;GBR.IDXEUR
2025-05-27 04:00:00;10457.525;10463.017;10455.859;10457.273;0.102627;GBR.IDXEUR
2025-05-27 05:00:00;10457.419;10462.237;10450.274;10458.601;0.109413;GBR.IDXEUR
2025-05-27 06:00:00;10458.476;10474.711;10456.276;10461.428;0.325876;GBR.IDXEUR
2025-05-27 07:00:00;10461.428;10506.349;10457.719;10498.138;0.71921;GBR.IDXEUR
2025-05-27 08:00:00;10498.121;10507.499;10486.129;10506.045;0.299028;GBR.IDXEUR
2025-05-27 09:00:00;10506.425;10527.947;10505.312;10514.645;0.387154;GBR.IDXEUR
2025-05-27 10:00:00;10514.519;10516.087;10495.263;10496.856;0.245694;GBR.IDXEUR
2025-05-27 11:00:00;10496.606;10499.535;10479.531;10480.288;0.427576;GBR.IDXEUR
2025-05-27 12:00:00;10480.163;10483.809;10461.983;10469.399;0.41145;GBR.IDXEUR
2025-05-27 13:00:00;10469.275;10482.806;10456.074;10461.92;0.35019;GBR.IDXEUR
2025-05-27 14:00:00;10461.795;10499.203;10459.863;10472.121;0.47821;GBR.IDXEUR
2025-05-27 15:00:00;10472.246;10484.538;10457.571;10472.566;0.619948;GBR.IDXEUR
2025-05-27 16:00:00;10472.566;10492.489;10472.099;10482.643;0.337724;GBR.IDXEUR
2025-05-27 17:00:00;10482.019;10488.047;10471.729;10487.124;0.212084;GBR.IDXEUR
2025-05-27 18:00:00;10487.124;10493.287;10483.489;10484.418;0.216352;GBR.IDXEUR
2025-05-27 19:00:00;10484.543;10492.404;10479.878;10491.886;0.267446;GBR.IDXEUR
2025-05-27 20:00:00;10492.011;10496.316;10485.644;10494.419;0.023548;GBR.IDXEUR
2025-05-27 22:00:00;10494.275;10497.485;10490.805;10492.782;0.016605;GBR.IDXEUR
2025-05-27 23:00:00;10492.555;10497.9;10491.691;10491.767;0.012837;GBR.IDXEUR
2025-05-28 00:00:00;10493.781;10499.016;10482.55;10493.957;0.026361;GBR.IDXEUR
2025-05-28 01:00:00;10494.208;10495.65;10482.353;10487.812;0.031977;GBR.IDXEUR
2025-05-28 02:00:00;10488.062;10490.63;10481.479;10482.941;0.025209;GBR.IDXEUR
2025-05-28 03:00:00;10482.816;10485.926;10471.428;10474.547;0.023331;GBR.IDXEUR
2025-05-28 04:00:00;10475.242;10476.414;10465.512;10466.579;0.01959;GBR.IDXEUR
2025-05-28 05:00:00;10466.579;10477.525;10464.546;10464.854;0.021555;GBR.IDXEUR
2025-05-28 06:00:00;10464.729;10472.226;10452.839;10458.15;0.27198;GBR.IDXEUR
2025-05-28 07:00:00;10457.561;10491.535;10456.68;10480.497;0.354372;GBR.IDXEUR
2025-05-28 08:00:00;10480.372;10497.286;10470.275;10470.614;0.224062;GBR.IDXEUR
2025-05-28 09:00:00;10470.35;10473.089;10448.217;10457.345;0.215218;GBR.IDXEUR
2025-05-28 10:00:00;10456.974;10458.808;10438.723;10448.257;0.278798;GBR.IDXEUR
2025-05-28 11:00:00;10448.381;10451.296;10434.023;10448.628;0.276878;GBR.IDXEUR
2025-05-28 12:00:00;10448.256;10452.945;10423.676;10430.894;0.20474;GBR.IDXEUR
2025-05-28 13:00:00;10431.019;10450.343;10414.278;10427.028;0.58285;GBR.IDXEUR
2025-05-28 14:00:00;10427.152;10433.503;10398.575;10412.142;0.56861;GBR.IDXEUR
2025-05-28 15:00:00;10412.018;10420.044;10398.195;10409.434;0.23562;GBR.IDXEUR
2025-05-28 16:00:00;10409.061;10432.679;10409.061;10431.977;0.094694;GBR.IDXEUR
2025-05-28 17:00:00;10432.226;10447.808;10429.2;10438.099;0.072612;GBR.IDXEUR
2025-05-28 18:00:00;10437.385;10447.149;10422.508;10439.476;0.09354;GBR.IDXEUR
2025-05-28 19:00:00;10439.131;10448.201;10421.759;10435.404;0.119596;GBR.IDXEUR
2025-05-28 20:00:00;10435.648;10441.38;10427.124;10436.07;0.05622;GBR.IDXEUR
2025-05-28 22:00:00;10432.294;10456.874;10425.074;10447.737;0.119298;GBR.IDXEUR
2025-05-28 23:00:00;10447.861;10519.629;10447.861;10517.95;0.317985;GBR.IDXEUR
2025-05-29 00:00:00;10531.676;10531.676;10482.598;10512.738;0.082989;GBR.IDXEUR
2025-05-29 01:00:00;10512.863;10516.709;10491.853;10514.113;0.064917;GBR.IDXEUR
2025-05-29 02:00:00;10514.364;10517.487;10508.621;10513.495;0.053679;GBR.IDXEUR
2025-05-29 03:00:00;10513.493;10521.825;10506.483;10508.446;0.043713;GBR.IDXEUR
2025-05-29 04:00:00;10507.943;10514.843;10505.691;10514.492;0.04164;GBR.IDXEUR
2025-05-29 05:00:00;10514.967;10515.097;10499.163;10499.163;0.020751;GBR.IDXEUR
2025-05-29 06:00:00;10499.288;10499.288;10465.133;10465.439;0.132583;GBR.IDXEUR
2025-05-29 07:00:00;10464.859;10469.47;10409.122;10429.895;0.747628;GBR.IDXEUR
2025-05-29 08:00:00;10430.778;10431.125;10403.628;10412.438;0.715508;GBR.IDXEUR
2025-05-29 09:00:00;10412.562;10428.646;10406.336;10416.175;0.623626;GBR.IDXEUR
2025-05-29 10:00:00;10415.709;10421.143;10405.035;10418.312;0.510088;GBR.IDXEUR
2025-05-29 11:00:00;10418.739;10429.768;10405.973;10421.874;0.425626;GBR.IDXEUR
2025-05-29 12:00:00;10421.874;10432.84;10393.2;10394.354;1.049448;GBR.IDXEUR
2025-05-29 13:00:00;10394.477;10405.061;10362.656;10372.803;0.667768;GBR.IDXEUR
2025-05-29 14:00:00;10372.31;10384.428;10349.444;10362.258;0.607644;GBR.IDXEUR
2025-05-29 15:00:00;10362.258;10369.927;10320.02;10327.033;0.482706;GBR.IDXEUR
2025-05-29 16:00:00;10327.713;10365.474;10317.171;10361.979;0.133284;GBR.IDXEUR
2025-05-29 17:00:00;10360.916;10372.831;10358.1;10358.58;0.102348;GBR.IDXEUR
2025-05-29 18:00:00;10358.826;10371.69;10350.85;10363.655;0.086232;GBR.IDXEUR
2025-05-29 19:00:00;10364.232;10383.315;10361.867;10380.068;0.098228;GBR.IDXEUR
2025-05-29 20:00:00;10379.369;10379.487;10371.315;10374.487;0.020232;GBR.IDXEUR
2025-05-29 22:00:00;10358.457;10368.343;10353.235;10358.477;0.053568;GBR.IDXEUR
2025-05-29 23:00:00;10358.354;10369.323;10355.634;10357.7;0.027285;GBR.IDXEUR
2025-05-30 00:00:00;10357.857;10379.021;10357.85;10375.479;0.049851;GBR.IDXEUR
2025-05-30 01:00:00;10375.479;10379.069;10351.549;10376.142;0.056748;GBR.IDXEUR
2025-05-30 02:00:00;10376.35;10381.374;10372.258;10373.353;0.035739;GBR.IDXEUR
2025-05-30 03:00:00;10373.694;10376.509;10368.214;10373.269;0.028728;GBR.IDXEUR
2025-05-30 04:00:00;10373.262;10380.425;10370.677;10380.175;0.025947;GBR.IDXEUR
2025-05-30 05:00:00;10380.052;10401.953;10379.421;10392.841;0.019392;GBR.IDXEUR
2025-05-30 06:00:00;10392.678;10405.026;10378.899;10381.133;0.117913;GBR.IDXEUR
2025-05-30 07:00:00;10380.887;10428.331;10370.418;10421.685;0.840872;GBR.IDXEUR
2025-05-30 08:00:00;10421.775;10436.304;10413.498;10432.246;0.372354;GBR.IDXEUR
2025-05-30 09:00:00;10432.122;10451.981;10431.26;10441.157;0.177812;GBR.IDXEUR
2025-05-30 10:00:00;10441.157;10454.166;10434.333;10438.979;0.17936;GBR.IDXEUR
2025-05-30 11:00:00;10438.979;10445.961;10420.706;10422.197;0.309422;GBR.IDXEUR
2025-05-30 12:00:00;10422.569;10431.501;10373.412;10421.512;0.44465;GBR.IDXEUR
2025-05-30 13:00:00;10421.883;10437.468;10409.881;10422.357;0.34895;GBR.IDXEUR
2025-05-30 14:00:00;10422.64;10453.275;10406.27;10411.038;0.484218;GBR.IDXEUR
2025-05-30 15:00:00;10410.914;10436.26;10401.424;10419.36;0.677164;GBR.IDXEUR
2025-05-30 16:00:00;10420.479;10427.757;10373.181;10388.432;0.689208;GBR.IDXEUR
2025-05-30 17:00:00;10388.063;10409.143;10384.324;10397.565;0.456296;GBR.IDXEUR
2025-05-30 18:00:00;10397.981;10431.62;10397.35;10426.152;0.400614;GBR.IDXEUR
2025-05-30 19:00:00;10426.152;10450.851;10423.748;10427.431;0.427056;GBR.IDXEUR
2025-05-30 20:00:00;10427.541;10427.662;10427.538;10427.662;0.00052;GBR.IDXEUR
2025-06-01 22:00:00;10403.987;10413.159;10399.905;10407.846;0.031023;GBR.IDXEUR
2025-06-01 23:00:00;10407.969;10413.654;10400.06;10410.545;0.024648;GBR.IDXEUR
2025-06-02 00:00:00;10421.611;10435.866;10414.861;10423.67;0.049644;GBR.IDXEUR
2025-06-02 01:00:00;10423.322;10429.232;10408.41;10409.871;0.052182;GBR.IDXEUR
2025-06-02 02:00:00;10410.001;10416.23;10408.353;10410.781;0.035463;GBR.IDXEUR
2025-06-02 03:00:00;10410.904;10413.186;10405.126;10410.329;0.036567;GBR.IDXEUR
2025-06-02 04:00:00;10410.35;10420.063;10408.765;10415.008;0.0252;GBR.IDXEUR
2025-06-02 05:00:00;10414.905;10419.815;10401.59;10404.21;0.017517;GBR.IDXEUR
2025-06-02 06:00:00;10404.719;10405.887;10389.239;10395.329;0.121339;GBR.IDXEUR
2025-06-02 07:00:00;10395.079;10420.938;10359.052;10388.311;1.000196;GBR.IDXEUR
2025-06-02 08:00:00;10388.311;10428.029;10386.092;10412.082;0.715894;GBR.IDXEUR
2025-06-02 09:00:00;10412.329;10413.47;10381.331;10395.796;0.62499;GBR.IDXEUR
2025-06-02 10:00:00;10394.853;10406.893;10382.279;10403.365;0.468546;GBR.IDXEUR
2025-06-02 11:00:00;10403.365;10421.285;10386.615;10412.072;0.22754;GBR.IDXEUR
2025-06-02 12:00:00;10411.949;10420.332;10400.409;10411.785;0.373814;GBR.IDXEUR
2025-06-02 13:00:00;10411.577;10416.217;10351.776;10358.366;0.443578;GBR.IDXEUR
2025-06-02 14:00:00;10357.875;10406.758;10332.878;10404.412;0.959994;GBR.IDXEUR
2025-06-02 15:00:00;10403.777;10423.21;10390.187;10406.64;0.344366;GBR.IDXEUR
2025-06-02 16:00:00;10406.516;10419.897;10402.218;10417.448;0.138312;GBR.IDXEUR
2025-06-02 17:00:00;10417.695;10422.556;10399.369;10404.608;0.098008;GBR.IDXEUR
2025-06-02 18:00:00;10404.731;10425.442;10394.259;10422.963;0.10194;GBR.IDXEUR
2025-06-02 19:00:00;10423.086;10435.064;10420.277;10434.24;0.094828;GBR.IDXEUR
2025-06-02 20:00:00;10419.383;10428.872;10416.813;10428.858;0.019218;GBR.IDXEUR
2025-06-02 22:00:00;10427.11;10427.484;10419.744;10421.958;0.014733;GBR.IDXEUR
2025-06-02 23:00:00;10421.958;10425.717;10408.591;10408.591;0.02544;GBR.IDXEUR
2025-06-03 00:00:00;10419.022;10426.703;10413.413;10420.477;0.038988;GBR.IDXEUR
2025-06-03 01:00:00;10420.6;10425.112;10413.423;10419.118;0.04677;GBR.IDXEUR
2025-06-03 02:00:00;10419.118;10420.673;10400.858;10404.723;0.03549;GBR.IDXEUR
2025-06-03 03:00:00;10404.397;10410.086;10403.191;10408.477;0.034554;GBR.IDXEUR
2025-06-03 04:00:00;10408.481;10410.552;10403.019;10406.959;0.021456;GBR.IDXEUR
2025-06-03 05:00:00;10406.959;10414.754;10405.142;10414.294;0.01767;GBR.IDXEUR
2025-06-03 06:00:00;10414.417;10421.518;10405.737;10417.342;0.100511;GBR.IDXEUR
2025-06-03 07:00:00;10415.616;10425.351;10361.672;10378.619;0.430644;GBR.IDXEUR
2025-06-03 08:00:00;10379.572;10383.191;10345.855;10376.668;0.612682;GBR.IDXEUR
2025-06-03 09:00:00;10376.7;10391.817;10361.132;10379.107;0.458352;GBR.IDXEUR
2025-06-03 10:00:00;10379.67;10415.57;10378.748;10410.594;0.380348;GBR.IDXEUR
2025-06-03 11:00:00;10410.834;10416.771;10399.363;10414.865;0.45762;GBR.IDXEUR
2025-06-03 12:00:00;10414.742;10428.587;10407.742;10426.711;0.488778;GBR.IDXEUR
2025-06-03 13:00:00;10426.834;10440.048;10412.416;10412.467;0.294272;GBR.IDXEUR
2025-06-03 14:00:00;10412.467;10429.862;10410.483;10418.251;0.629672;GBR.IDXEUR
2025-06-03 15:00:00;10418.375;10451.435;10416.04;10451.311;0.468972;GBR.IDXEUR
2025-06-03 16:00:00;10450.814;10450.814;10436.654;10444.535;0.103956;GBR.IDXEUR
2025-06-03 17:00:00;10442.522;10457.398;10442.522;10452.738;0.081752;GBR.IDXEUR
2025-06-03 18:00:00;10452.862;10462.409;10444.614;10459.764;0.088584;GBR.IDXEUR
2025-06-03 19:00:00;10459.888;10460.604;10447.302;10452.2;0.076728;GBR.IDXEUR
2025-06-03 20:00:00;10452.2;10452.2;10445.477;10448.04;0.019743;GBR.IDXEUR
2025-06-03 22:00:00;10442.675;10453.258;10442.372;10449.724;0.034194;GBR.IDXEUR
2025-06-03 23:00:00;10449.724;10453.055;10444.203;10447.614;0.03405;GBR.IDXEUR
2025-06-04 00:00:00;10456.85;10456.974;10444.881;10449.926;0.04593;GBR.IDXEUR
2025-06-04 01:00:00;10449.876;10457.318;10447.934;10451.951;0.050856;GBR.IDXEUR
2025-06-04 02:00:00;10451.951;10453.226;10446.13;10446.13;0.029619;GBR.IDXEUR
2025-06-04 03:00:00;10445.895;10456.439;10445.718;10454.548;0.024012;GBR.IDXEUR
2025-06-04 04:00:00;10454.548;10455.502;10448.723;10450.51;0.027153;GBR.IDXEUR
2025-06-04 05:00:00;10450.386;10462.059;10446.868;10461.934;0.027468;GBR.IDXEUR
2025-06-04 06:00:00;10461.81;10469.461;10437.923;10465.025;0.495552;GBR.IDXEUR
2025-06-04 07:00:00;10465.149;10482.591;10430.901;10441.877;0.59801;GBR.IDXEUR
2025-06-04 08:00:00;10442.001;10459.881;10436.378;10443.368;0.54896;GBR.IDXEUR
2025-06-04 09:00:00;10442.813;10476.753;10441.153;10460.178;0.463508;GBR.IDXEUR
2025-06-04 10:00:00;10459.93;10474.315;10456.7;10470.584;0.433948;GBR.IDXEUR
2025-06-04 11:00:00;10470.404;10471.439;10445.674;10456.215;0.358474;GBR.IDXEUR
2025-06-04 12:00:00;10455.786;10470.868;10441.996;10468.063;0.369844;GBR.IDXEUR
2025-06-04 13:00:00;10467.815;10470.599;10448.763;10459.625;0.539994;GBR.IDXEUR
2025-06-04 14:00:00;10459.625;10474.345;10438.256;10460.385;0.887478;GBR.IDXEUR
2025-06-04 15:00:00;10460.758;10471.628;10438.153;10443.143;0.726936;GBR.IDXEUR
2025-06-04 16:00:00;10443.436;10449.918;10435.433;10447.856;0.374928;GBR.IDXEUR
2025-06-04 17:00:00;10447.732;10460.389;10447.732;10456.699;0.264098;GBR.IDXEUR
2025-06-04 18:00:00;10456.823;10460.754;10448.62;10452.154;0.23118;GBR.IDXEUR
2025-06-04 19:00:00;10452.402;10462.249;10447.546;10448.089;0.264432;GBR.IDXEUR
2025-06-04 20:00:00;10447.99;10448.253;10442.824;10445.568;0.011165;GBR.IDXEUR
2025-06-04 22:00:00;10443.743;10452.985;10441.408;10445.335;0.065088;GBR.IDXEUR
2025-06-04 23:00:00;10445.211;10447.4;10439.31;10439.955;0.052695;GBR.IDXEUR
2025-06-05 00:00:00;10436.406;10448.283;10434.735;10444.333;0.087759;GBR.IDXEUR
2025-06-05 01:00:00;10444.209;10449.272;10441.01;10448.554;0.100629;GBR.IDXEUR
2025-06-05 02:00:00;10448.678;10450.167;10442.011;10442.602;0.080334;GBR.IDXEUR
2025-06-05 03:00:00;10442.73;10452.54;10442.73;10446.103;0.095889;GBR.IDXEUR
2025-06-05 04:00:00;10446.227;10448.884;10442.498;10446.762;0.075882;GBR.IDXEUR
2025-06-05 05:00:00;10446.762;10446.829;10438.133;10441.989;0.125472;GBR.IDXEUR
2025-06-05 06:00:00;10441.741;10452.149;10435.043;10443.74;0.245128;GBR.IDXEUR
2025-06-05 07:00:00;10444.37;10467.129;10443.118;10465.868;0.556086;GBR.IDXEUR
2025-06-05 08:00:00;10465.992;10478.233;10452.99;10475.889;0.426206;GBR.IDXEUR
2025-06-05 09:00:00;10476.264;10484.695;10472.129;10481.388;0.317666;GBR.IDXEUR
2025-06-05 10:00:00;10481.09;10495.678;10480.897;10491.611;0.170694;GBR.IDXEUR
2025-06-05 11:00:00;10491.611;10493.581;10468.646;10470.323;0.389192;GBR.IDXEUR
2025-06-05 12:00:00;10470.572;10501.759;10463.133;10483.312;0.607828;GBR.IDXEUR
2025-06-05 13:00:00;10483.063;10489.388;10398.231;10409.841;1.199226;GBR.IDXEUR
2025-06-05 14:00:00;10409.363;10457.748;10404.162;10447.721;1.01604;GBR.IDXEUR
2025-06-05 15:00:00;10447.597;10464.246;10441.106;10454.84;0.758954;GBR.IDXEUR
2025-06-05 16:00:00;10454.592;10460.424;10429.229;10436.409;0.492708;GBR.IDXEUR
2025-06-05 17:00:00;10436.678;10465.503;10433.388;10451.063;0.37272;GBR.IDXEUR
2025-06-05 18:00:00;10451.187;10453.535;10419.13;10440.28;0.379076;GBR.IDXEUR
2025-06-05 19:00:00;10440.294;10442.282;10411.116;10434.206;0.624072;GBR.IDXEUR
2025-06-05 20:00:00;10434.454;10437.706;10427.656;10428.65;0.060888;GBR.IDXEUR
2025-06-05 22:00:00;10411.276;10432.896;10410.97;10431.157;0.028695;GBR.IDXEUR
2025-06-05 23:00:00;10431.405;10436.979;10426.41;10426.41;0.072234;GBR.IDXEUR
2025-06-06 00:00:00;10428.863;10441.307;10427.999;10434.253;0.033807;GBR.IDXEUR
2025-06-06 01:00:00;10434.377;10440.004;10430.753;10433.379;0.030453;GBR.IDXEUR
2025-06-06 02:00:00;10433.379;10438.328;10430.757;10432.802;0.024312;GBR.IDXEUR
2025-06-06 03:00:00;10432.466;10436.256;10429.667;10434.779;0.015948;GBR.IDXEUR
2025-06-06 04:00:00;10434.779;10443.473;10433.527;10443.346;0.010467;GBR.IDXEUR
2025-06-06 05:00:00;10442.767;10447.22;10435.941;10438.083;0.047025;GBR.IDXEUR
2025-06-06 06:00:00;10438.083;10443.994;10429.567;10443.05;0.10512;GBR.IDXEUR
2025-06-06 07:00:00;10443.421;10474.846;10443.095;10468.113;0.300108;GBR.IDXEUR
2025-06-06 08:00:00;10468.021;10469.592;10441.738;10454.497;0.200384;GBR.IDXEUR
2025-06-06 09:00:00;10454.373;10466.023;10446.549;10456.448;0.276924;GBR.IDXEUR
2025-06-06 10:00:00;10456.572;10459.794;10448.448;10452.567;0.3381;GBR.IDXEUR
2025-06-06 11:00:00;10452.691;10454.71;10443.163;10452.681;0.368706;GBR.IDXEUR
2025-06-06 12:00:00;10452.684;10479.498;10452.299;10475.578;0.47448;GBR.IDXEUR
2025-06-06 13:00:00;10475.454;10512.82;10471.197;10500.353;0.381498;GBR.IDXEUR
2025-06-06 14:00:00;10500.229;10500.229;10475.075;10484.024;0.685452;GBR.IDXEUR
2025-06-06 15:00:00;10483.627;10502.839;10480.631;10499.014;0.608138;GBR.IDXEUR
2025-06-06 16:00:00;10499.346;10502.566;10480.282;10484.612;0.406346;GBR.IDXEUR
2025-06-06 17:00:00;10484.293;10487.089;10476.835;10485.67;0.306828;GBR.IDXEUR
2025-06-06 18:00:00;10485.67;10497.775;10485.15;10494.379;0.231628;GBR.IDXEUR
2025-06-06 19:00:00;10493.833;10505.368;10492.1;10496.223;0.282304;GBR.IDXEUR
2025-06-06 20:00:00;10496.541;10496.541;10496.541;10496.541;0.00012;GBR.IDXEUR
2025-06-08 22:00:00;10494.441;10498.127;10477.035;10478.43;0.036264;GBR.IDXEUR
2025-06-08 23:00:00;10478.554;10488.829;10475.757;10482.966;0.015816;GBR.IDXEUR
2025-06-09 00:00:00;10486.487;10499.184;10486.487;10497.964;0.035346;GBR.IDXEUR
2025-06-09 01:00:00;10497.839;10498.47;10490.795;10492.815;0.033948;GBR.IDXEUR
2025-06-09 02:00:00;10492.95;10493.883;10484.817;10490.384;0.034038;GBR.IDXEUR
2025-06-09 03:00:00;10489.999;10491.092;10482.03;10483.995;0.024768;GBR.IDXEUR
2025-06-09 04:00:00;10484.01;10485.251;10478.155;10480.148;0.023748;GBR.IDXEUR
2025-06-09 05:00:00;10480.148;10483.213;10474.636;10482.511;0.019023;GBR.IDXEUR
2025-06-09 06:00:00;10486.521;10492.245;10479.494;10487.185;0.080625;GBR.IDXEUR
2025-06-09 07:00:00;10488.102;10513.666;10477.791;10493.437;0.320126;GBR.IDXEUR
2025-06-09 08:00:00;10494.024;10501.203;10484.226;10489.601;0.354086;GBR.IDXEUR
2025-06-09 09:00:00;10489.273;10495.894;10480.028;10483.073;0.332668;GBR.IDXEUR
2025-06-09 10:00:00;10482.39;10490.267;10478.057;10479.0;0.291674;GBR.IDXEUR
2025-06-09 11:00:00;10478.933;10485.58;10469.917;10470.374;0.395202;GBR.IDXEUR
2025-06-09 12:00:00;10470.498;10473.81;10460.306;10465.808;0.432154;GBR.IDXEUR
2025-06-09 13:00:00;10466.294;10477.636;10461.774;10462.627;0.567226;GBR.IDXEUR
2025-06-09 14:00:00;10462.999;10478.879;10462.642;10471.269;0.574776;GBR.IDXEUR
2025-06-09 15:00:00;10472.74;10495.66;10462.928;10489.927;0.459678;GBR.IDXEUR
2025-06-09 16:00:00;10489.803;10495.77;10482.855;10491.302;0.210432;GBR.IDXEUR
2025-06-09 17:00:00;10491.427;10505.204;10489.804;10500.398;0.18468;GBR.IDXEUR
2025-06-09 18:00:00;10500.523;10506.339;10491.12;10496.142;0.19116;GBR.IDXEUR
2025-06-09 19:00:00;10496.142;10497.96;10464.66;10467.893;0.204184;GBR.IDXEUR
2025-06-09 20:00:00;10467.6;10469.208;10457.024;10462.403;0.021584;GBR.IDXEUR
2025-06-09 22:00:00;10469.288;10476.944;10469.196;10472.779;0.013248;GBR.IDXEUR
2025-06-09 23:00:00;10473.045;10476.726;10469.636;10469.885;0.006579;GBR.IDXEUR
2025-06-10 00:00:00;10461.557;10470.144;10455.675;10467.224;0.023817;GBR.IDXEUR
2025-06-10 01:00:00;10467.1;10494.719;10467.1;10493.631;0.041001;GBR.IDXEUR
2025-06-10 02:00:00;10493.756;10503.242;10489.578;10500.364;0.032079;GBR.IDXEUR
2025-06-10 03:00:00;10500.614;10501.778;10495.999;10498.214;0.021765;GBR.IDXEUR
2025-06-10 04:00:00;10498.464;10501.982;10493.257;10499.383;0.019284;GBR.IDXEUR
2025-06-10 05:00:00;10499.258;10503.913;10460.97;10483.639;0.066144;GBR.IDXEUR
2025-06-10 06:00:00;10483.515;10495.424;10469.127;10472.2;0.378549;GBR.IDXEUR
2025-06-10 07:00:00;10472.188;10499.981;10466.587;10495.165;0.858148;GBR.IDXEUR
2025-06-10 08:00:00;10495.724;10497.881;10463.311;10472.569;0.612296;GBR.IDXEUR
2025-06-10 09:00:00;10471.923;10484.041;10465.293;10477.084;0.44045;GBR.IDXEUR
2025-06-10 10:00:00;10477.208;10491.038;10475.539;10485.61;0.412646;GBR.IDXEUR
2025-06-10 11:00:00;10485.355;10491.956;10474.298;10489.81;0.40839;GBR.IDXEUR
2025-06-10 12:00:00;10489.686;10498.888;10485.941;10492.631;0.35667;GBR.IDXEUR
2025-06-10 13:00:00;10493.506;10503.991;10483.518;10501.685;0.314462;GBR.IDXEUR
2025-06-10 14:00:00;10501.912;10502.827;10478.832;10482.132;0.579066;GBR.IDXEUR
2025-06-10 15:00:00;10481.636;10497.148;10468.695;10477.895;0.541762;GBR.IDXEUR
2025-06-10 16:00:00;10477.895;10483.7;10474.968;10476.162;0.27846;GBR.IDXEUR
2025-06-10 17:00:00;10476.41;10489.067;10471.862;10472.927;0.180512;GBR.IDXEUR
2025-06-10 18:00:00;10473.215;10473.24;10456.33;10469.425;0.242148;GBR.IDXEUR
2025-06-10 19:00:00;10469.549;10477.098;10460.381;10471.393;0.2538;GBR.IDXEUR
2025-06-10 20:00:00;10470.589;10470.804;10458.628;10459.214;0.019009;GBR.IDXEUR
2025-06-10 22:00:00;10459.447;10469.056;10458.952;10467.11;0.014466;GBR.IDXEUR
2025-06-10 23:00:00;10466.986;10474.436;10452.58;10456.853;0.040674;GBR.IDXEUR
2025-06-11 00:00:00;10464.464;10471.253;10457.026;10457.389;0.033108;GBR.IDXEUR
2025-06-11 01:00:00;10457.76;10459.335;10444.796;10455.354;0.023265;GBR.IDXEUR
2025-06-11 02:00:00;10455.601;10457.969;10447.906;10448.395;0.015744;GBR.IDXEUR
2025-06-11 03:00:00;10448.518;10452.764;10442.476;10450.762;0.014616;GBR.IDXEUR
2025-06-11 04:00:00;10450.885;10455.458;10445.342;10446.814;0.013821;GBR.IDXEUR
2025-06-11 05:00:00;10446.814;10461.579;10445.964;10455.404;0.016905;GBR.IDXEUR
2025-06-11 06:00:00;10455.27;10462.654;10451.049;10457.344;0.203378;GBR.IDXEUR
2025-06-11 07:00:00;10457.22;10486.903;10457.22;10470.513;0.615058;GBR.IDXEUR
2025-06-11 08:00:00;10470.266;10479.831;10462.604;10471.839;0.478424;GBR.IDXEUR
2025-06-11 09:00:00;10471.6;10472.197;10452.566;10453.845;0.416894;GBR.IDXEUR
2025-06-11 10:00:00;10453.722;10464.247;10447.655;10451.307;0.32176;GBR.IDXEUR
2025-06-11 11:00:00;10451.63;10460.055;10443.149;10453.206;0.354134;GBR.IDXEUR
2025-06-11 12:00:00;10453.453;10483.701;10438.687;10466.822;0.539278;GBR.IDXEUR
2025-06-11 13:00:00;10466.945;10470.285;10441.021;10463.753;0.5787;GBR.IDXEUR
2025-06-11 14:00:00;10462.482;10481.594;10455.617;10460.348;0.430658;GBR.IDXEUR
2025-06-11 15:00:00;10460.348;10475.232;10445.347;10449.909;0.47242;GBR.IDXEUR
2025-06-11 16:00:00;10450.155;10453.771;10435.138;10444.474;0.379036;GBR.IDXEUR
2025-06-11 17:00:00;10444.083;10454.773;10442.662;10451.674;0.265584;GBR.IDXEUR
2025-06-11 18:00:00;10451.427;10460.629;10421.198;10441.83;0.50263;GBR.IDXEUR
2025-06-11 19:00:00;10442.118;10450.713;10433.116;10440.985;0.421228;GBR.IDXEUR
2025-06-11 20:00:00;10440.999;10442.478;10436.629;10442.092;0.014484;GBR.IDXEUR
2025-06-11 22:00:00;10434.672;10448.055;10431.111;10433.545;0.028758;GBR.IDXEUR
2025-06-11 23:00:00;10433.545;10437.761;10426.987;10427.558;0.024804;GBR.IDXEUR
2025-06-12 00:00:00;10431.691;10440.682;10419.41;10422.163;0.186087;GBR.IDXEUR
2025-06-12 01:00:00;10422.191;10430.783;10414.111;10425.228;0.197292;GBR.IDXEUR
2025-06-12 02:00:00;10425.091;10427.963;10415.422;10419.561;0.15177;GBR.IDXEUR
2025-06-12 03:00:00;10419.593;10427.596;10419.177;10420.086;0.103035;GBR.IDXEUR
2025-06-12 04:00:00;10420.172;10425.655;10419.183;10425.631;0.101271;GBR.IDXEUR
2025-06-12 05:00:00;10425.497;10427.032;10406.643;10411.871;0.084915;GBR.IDXEUR
2025-06-12 06:00:00;10411.503;10415.517;10393.376;10406.606;0.33591;GBR.IDXEUR
2025-06-12 07:00:00;10406.484;10444.472;10405.368;10408.78;0.666384;GBR.IDXEUR
2025-06-12 08:00:00;10408.903;10420.559;10391.758;10419.412;0.263196;GBR.IDXEUR
2025-06-12 09:00:00;10419.535;10422.789;10372.249;10381.764;0.265892;GBR.IDXEUR
2025-06-12 10:00:00;10381.642;10384.18;10365.33;10376.525;0.343096;GBR.IDXEUR
2025-06-12 11:00:00;10376.159;10404.96;10372.126;10403.583;0.36274;GBR.IDXEUR
2025-06-12 12:00:00;10403.705;10412.877;10387.703;10410.183;0.632576;GBR.IDXEUR
2025-06-12 13:00:00;10410.671;10415.409;10394.431;10412.769;0.393604;GBR.IDXEUR
2025-06-12 14:00:00;10412.647;10447.718;10411.388;10436.783;0.500068;GBR.IDXEUR
2025-06-12 15:00:00;10436.752;10444.681;10418.976;10433.734;0.528952;GBR.IDXEUR
2025-06-12 16:00:00;10433.979;10444.525;10426.879;10437.235;0.461628;GBR.IDXEUR
2025-06-12 17:00:00;10437.357;10452.392;10436.91;10448.94;0.311256;GBR.IDXEUR
2025-06-12 18:00:00;10449.248;10455.411;10439.429;10449.637;0.237162;GBR.IDXEUR
2025-06-12 19:00:00;10449.637;10450.377;10435.931;10443.961;0.240202;GBR.IDXEUR
2025-06-12 20:00:00;10444.367;10444.367;10437.634;10438.012;0.009008;GBR.IDXEUR
2025-06-12 22:00:00;10432.339;10443.451;10429.441;10436.337;0.028917;GBR.IDXEUR
2025-06-12 23:00:00;10436.239;10436.607;10399.871;10399.871;0.027027;GBR.IDXEUR
2025-06-13 00:00:00;10403.998;10420.369;10351.616;10366.271;0.11742;GBR.IDXEUR
2025-06-13 01:00:00;10366.027;10393.626;10354.727;10389.993;0.092427;GBR.IDXEUR
2025-06-13 02:00:00;10391.14;10392.612;10355.709;10383.97;0.064974;GBR.IDXEUR
2025-06-13 03:00:00;10384.458;10402.684;10382.867;10398.016;0.065469;GBR.IDXEUR
2025-06-13 04:00:00;10398.357;10402.42;10385.705;10389.651;0.055551;GBR.IDXEUR
2025-06-13 05:00:00;10389.651;10390.468;10368.863;10381.785;0.037005;GBR.IDXEUR
2025-06-13 06:00:00;10382.389;10395.051;10348.103;10360.432;0.197964;GBR.IDXEUR
2025-06-13 07:00:00;10360.634;10390.164;10347.034;10386.975;0.244528;GBR.IDXEUR
2025-06-13 08:00:00;10387.097;10416.663;10383.734;10393.74;0.166196;GBR.IDXEUR
2025-06-13 09:00:00;10393.74;10410.229;10379.832;10410.107;0.16821;GBR.IDXEUR
2025-06-13 10:00:00;10410.229;10416.099;10396.567;10416.099;0.180889;GBR.IDXEUR
2025-06-13 11:00:00;10416.099;10440.462;10413.256;10431.361;0.165672;GBR.IDXEUR
2025-06-13 12:00:00;10431.852;10442.314;10416.935;10424.008;0.155664;GBR.IDXEUR
2025-06-13 13:00:00;10424.253;10434.529;10385.806;10390.342;0.2007;GBR.IDXEUR
2025-06-13 14:00:00;10389.853;10408.817;10387.859;10400.261;0.239088;GBR.IDXEUR
2025-06-13 15:00:00;10400.261;10429.893;10395.077;10422.694;0.410604;GBR.IDXEUR
2025-06-13 16:00:00;10422.607;10428.873;10405.5;10415.177;0.395274;GBR.IDXEUR
2025-06-13 17:00:00;10414.851;10416.708;10398.577;10403.752;0.363752;GBR.IDXEUR
2025-06-13 18:00:00;10403.863;10407.939;10367.377;10380.541;0.521304;GBR.IDXEUR
2025-06-13 19:00:00;10380.663;10386.217;10365.844;10383.57;0.45104;GBR.IDXEUR
2025-06-13 20:00:00;10382.968;10383.787;10382.968;10383.787;0.00064;GBR.IDXEUR
2025-06-15 22:00:00;10368.36;10393.744;10362.322;10385.11;0.077013;GBR.IDXEUR
2025-06-15 23:00:00;10385.476;10396.691;10375.239;10382.797;0.130326;GBR.IDXEUR
2025-06-16 00:00:00;10385.521;10395.642;10378.361;10384.466;0.054681;GBR.IDXEUR
2025-06-16 01:00:00;10384.832;10387.189;10376.48;10379.678;0.057333;GBR.IDXEUR
2025-06-16 02:00:00;10379.8;10391.571;10375.163;10383.361;0.04266;GBR.IDXEUR
2025-06-16 03:00:00;10383.483;10384.688;10372.165;10374.941;0.041841;GBR.IDXEUR
2025-06-16 04:00:00;10375.201;10380.447;10370.676;10372.742;0.033669;GBR.IDXEUR
2025-06-16 05:00:00;10372.85;10388.579;10372.85;10387.028;0.025356;GBR.IDXEUR
2025-06-16 06:00:00;10387.15;10409.802;10387.15;10395.001;0.160647;GBR.IDXEUR
2025-06-16 07:00:00;10395.367;10418.578;10395.367;10413.342;0.229206;GBR.IDXEUR
2025-06-16 08:00:00;10413.098;10421.29;10404.948;10419.303;0.436661;GBR.IDXEUR
2025-06-16 09:00:00;10419.303;10428.382;10411.684;10417.972;0.192136;GBR.IDXEUR
2025-06-16 10:00:00;10418.094;10445.597;10416.188;10445.06;0.204382;GBR.IDXEUR
2025-06-16 11:00:00;10445.566;10445.58;10427.674;10429.28;0.17303;GBR.IDXEUR
2025-06-16 12:00:00;10429.035;10436.434;10419.345;10419.996;0.161658;GBR.IDXEUR
2025-06-16 13:00:00;10419.427;10430.488;10402.355;10423.319;0.233729;GBR.IDXEUR
2025-06-16 14:00:00;10423.197;10431.211;10412.206;10427.201;0.74976;GBR.IDXEUR
2025-06-16 15:00:00;10427.469;10430.858;10408.329;10420.0;0.497736;GBR.IDXEUR
2025-06-16 16:00:00;10420.0;10427.021;10413.337;10415.988;0.12246;GBR.IDXEUR
2025-06-16 17:00:00;10415.866;10418.844;10392.114;10392.686;0.092304;GBR.IDXEUR
2025-06-16 18:00:00;10392.564;10397.124;10384.892;10387.812;0.074439;GBR.IDXEUR
2025-06-16 19:00:00;10387.692;10393.095;10375.917;10385.491;0.105362;GBR.IDXEUR
2025-06-16 20:00:00;10385.613;10388.911;10382.448;10385.429;0.021489;GBR.IDXEUR
2025-06-16 22:00:00;10378.336;10385.125;10363.732;10369.094;0.040677;GBR.IDXEUR
2025-06-16 23:00:00;10369.203;10379.43;10349.742;10350.573;0.063966;GBR.IDXEUR
2025-06-17 00:00:00;10362.557;10380.579;10357.751;10380.318;0.065103;GBR.IDXEUR
2025-06-17 01:00:00;10380.332;10385.777;10369.136;10381.067;0.057537;GBR.IDXEUR
2025-06-17 02:00:00;10381.067;10381.533;10364.686;10371.064;0.053208;GBR.IDXEUR
2025-06-17 03:00:00;10371.207;10374.433;10361.192;10368.88;0.056094;GBR.IDXEUR
2025-06-17 04:00:00;10368.88;10374.777;10360.966;10367.571;0.033219;GBR.IDXEUR
2025-06-17 05:00:00;10367.796;10374.946;10364.166;10369.345;0.024762;GBR.IDXEUR
2025-06-17 06:00:00;10369.223;10375.652;10347.759;10352.374;0.132516;GBR.IDXEUR
2025-06-17 07:00:00;10352.617;10368.0;10334.493;10363.455;0.608634;GBR.IDXEUR
2025-06-17 08:00:00;10363.334;10382.677;10361.459;10371.072;0.338339;GBR.IDXEUR
2025-06-17 09:00:00;10370.961;10374.999;10345.014;10352.774;0.178718;GBR.IDXEUR
2025-06-17 10:00:00;10352.652;10364.373;10349.983;10359.085;0.125355;GBR.IDXEUR
2025-06-17 11:00:00;10359.104;10385.336;10352.665;10383.21;0.135357;GBR.IDXEUR
2025-06-17 12:00:00;10382.844;10390.245;10365.909;10373.594;0.183387;GBR.IDXEUR
2025-06-17 13:00:00;10372.347;10378.662;10336.749;10351.178;0.215957;GBR.IDXEUR
2025-06-17 14:00:00;10351.057;10368.906;10338.49;10362.925;0.305233;GBR.IDXEUR
2025-06-17 15:00:00;10363.168;10366.507;10348.256;10364.939;0.28326;GBR.IDXEUR
2025-06-17 16:00:00;10364.723;10379.505;10362.418;10364.902;0.15789;GBR.IDXEUR
2025-06-17 17:00:00;10364.781;10370.681;10347.522;10352.613;0.361201;GBR.IDXEUR
2025-06-17 18:00:00;10352.269;10355.717;10345.493;10349.709;0.319414;GBR.IDXEUR
2025-06-17 19:00:00;10349.83;10355.078;10327.727;10335.859;0.257733;GBR.IDXEUR
2025-06-17 20:00:00;10335.739;10341.56;10332.323;10334.98;0.018255;GBR.IDXEUR
2025-06-17 22:00:00;10320.779;10336.553;10320.779;10326.47;0.037215;GBR.IDXEUR
2025-06-17 23:00:00;10326.591;10334.719;10318.621;10319.9;0.055764;GBR.IDXEUR
2025-06-18 00:00:00;10338.01;10348.565;10327.722;10332.365;0.058326;GBR.IDXEUR
2025-06-18 01:00:00;10332.856;10340.16;10329.823;10332.842;0.04986;GBR.IDXEUR
2025-06-18 02:00:00;10332.863;10335.283;10324.471;10329.531;0.046623;GBR.IDXEUR
2025-06-18 03:00:00;10329.421;10333.859;10329.002;10331.061;0.033066;GBR.IDXEUR
2025-06-18 04:00:00;10331.068;10333.219;10325.25;10327.995;0.042492;GBR.IDXEUR
2025-06-18 05:00:00;10328.534;10334.617;10326.391;10330.223;0.031527;GBR.IDXEUR
2025-06-18 06:00:00;10330.344;10355.537;10327.868;10344.199;0.211938;GBR.IDXEUR
2025-06-18 07:00:00;10343.771;10352.987;10337.268;10346.917;0.320067;GBR.IDXEUR
2025-06-18 08:00:00;10347.31;10354.841;10335.5;10349.734;0.144507;GBR.IDXEUR
2025-06-18 09:00:00;10350.616;10363.165;10349.846;10360.818;0.127074;GBR.IDXEUR
2025-06-18 10:00:00;10360.575;10362.727;10320.9;10322.424;0.150872;GBR.IDXEUR
2025-06-18 11:00:00;10322.786;10338.62;10315.121;10335.112;0.250962;GBR.IDXEUR
2025-06-18 12:00:00;10334.832;10348.295;10333.611;10339.243;0.261122;GBR.IDXEUR
2025-06-18 13:00:00;10339.605;10349.199;10330.414;10345.929;0.22641;GBR.IDXEUR
2025-06-18 14:00:00;10345.064;10360.125;10337.347;10343.39;0.559314;GBR.IDXEUR
2025-06-18 15:00:00;10343.148;10345.212;10330.732;10338.978;0.259313;GBR.IDXEUR
2025-06-18 16:00:00;10339.22;10357.418;10335.762;10350.338;0.132711;GBR.IDXEUR
2025-06-18 17:00:00;10350.58;10356.768;10342.385;10352.203;0.120443;GBR.IDXEUR
2025-06-18 18:00:00;10351.598;10360.705;10334.494;10340.892;0.382068;GBR.IDXEUR
2025-06-18 19:00:00;10340.646;10356.578;10335.674;10347.805;0.385036;GBR.IDXEUR
2025-06-18 20:00:00;10346.347;10353.488;10345.783;10350.849;0.021483;GBR.IDXEUR
2025-06-18 22:00:00;10337.892;10341.904;10330.28;10336.795;0.031986;GBR.IDXEUR
2025-06-18 23:00:00;10336.674;10342.674;10333.079;10340.545;0.02922;GBR.IDXEUR
2025-06-19 00:00:00;10340.966;10360.028;10340.966;10352.63;0.053556;GBR.IDXEUR
2025-06-19 01:00:00;10354.043;10366.067;10339.09;10358.93;0.060327;GBR.IDXEUR
2025-06-19 02:00:00;10358.628;10374.595;10356.607;10368.742;0.038943;GBR.IDXEUR
2025-06-19 03:00:00;10368.984;10372.678;10358.574;10363.336;0.023817;GBR.IDXEUR
2025-06-19 04:00:00;10363.215;10365.939;10355.417;10356.307;0.022482;GBR.IDXEUR
2025-06-19 05:00:00;10356.428;10356.67;10315.363;10319.152;0.02769;GBR.IDXEUR
2025-06-19 06:00:00;10319.162;10328.731;10298.706;10298.926;0.272658;GBR.IDXEUR
2025-06-19 07:00:00;10299.057;10310.979;10284.528;10287.63;0.476508;GBR.IDXEUR
2025-06-19 08:00:00;10287.75;10315.281;10282.659;10308.053;0.22246;GBR.IDXEUR
2025-06-19 09:00:00;10307.691;10329.175;10300.598;10321.979;0.251624;GBR.IDXEUR
2025-06-19 10:00:00;10322.1;10336.848;10317.353;10329.223;0.288182;GBR.IDXEUR
2025-06-19 11:00:00;10328.86;10331.771;10301.144;10319.793;0.439224;GBR.IDXEUR
2025-06-19 12:00:00;10320.035;10328.298;10312.748;10325.726;0.356214;GBR.IDXEUR
2025-06-19 13:00:00;10326.41;10338.965;10317.533;10326.025;0.274638;GBR.IDXEUR
2025-06-19 14:00:00;10325.904;10337.566;10310.634;10315.867;0.283861;GBR.IDXEUR
2025-06-19 15:00:00;10315.593;10323.056;10287.904;10312.559;0.353651;GBR.IDXEUR
2025-06-19 16:00:00;10313.606;10318.678;10308.048;10310.524;0.146074;GBR.IDXEUR
2025-06-19 17:00:00;10310.517;10313.05;10299.023;10307.8;0.123597;GBR.IDXEUR
2025-06-19 18:00:00;10308.012;10314.699;10301.633;10309.307;0.077962;GBR.IDXEUR
2025-06-19 19:00:00;10306.427;10321.825;10301.9;10320.028;0.106814;GBR.IDXEUR
2025-06-19 20:00:00;10320.028;10320.028;10320.028;10320.028;8.1e-05;GBR.IDXEUR
2025-06-19 22:00:00;10325.733;10335.2;10320.124;10329.482;0.092688;GBR.IDXEUR
2025-06-19 23:00:00;10328.998;10331.474;10318.396;10320.039;0.059592;GBR.IDXEUR
2025-06-20 00:00:00;10322.309;10327.407;10313.876;10322.445;0.094794;GBR.IDXEUR
2025-06-20 01:00:00;10322.786;10327.855;10310.759;10316.019;0.105264;GBR.IDXEUR
2025-06-20 02:00:00;10316.14;10326.645;10312.703;10325.258;0.074898;GBR.IDXEUR
2025-06-20 03:00:00;10325.379;10339.02;10324.979;10332.745;0.06426;GBR.IDXEUR
2025-06-20 04:00:00;10332.745;10335.158;10328.94;10332.426;0.064701;GBR.IDXEUR
2025-06-20 05:00:00;10332.336;10339.093;10327.545;10334.603;0.05055;GBR.IDXEUR
2025-06-20 06:00:00;10334.119;10348.101;10307.418;10307.538;0.235103;GBR.IDXEUR
2025-06-20 07:00:00;10307.883;10339.707;10307.388;10336.584;0.392267;GBR.IDXEUR
2025-06-20 08:00:00;10336.863;10347.064;10326.781;10331.108;0.362703;GBR.IDXEUR
2025-06-20 09:00:00;10330.509;10358.579;10314.97;10354.734;0.377174;GBR.IDXEUR
2025-06-20 10:00:00;10354.281;10354.369;10331.528;10349.338;0.272322;GBR.IDXEUR
2025-06-20 11:00:00;10348.513;10354.204;10337.898;10342.322;0.369139;GBR.IDXEUR
2025-06-20 12:00:00;10342.201;10358.804;10338.631;10348.133;0.416832;GBR.IDXEUR
2025-06-20 13:00:00;10348.071;10353.167;10302.645;10306.816;0.437151;GBR.IDXEUR
2025-06-20 14:00:00;10307.38;10315.037;10271.449;10271.75;0.510704;GBR.IDXEUR
2025-06-20 15:00:00;10271.63;10279.972;10242.359;10248.489;0.60197;GBR.IDXEUR
2025-06-20 16:00:00;10248.173;10250.311;10231.28;10232.35;0.369078;GBR.IDXEUR
2025-06-20 17:00:00;10232.231;10239.006;10206.542;10221.27;0.280005;GBR.IDXEUR
2025-06-20 18:00:00;10220.992;10235.286;10218.568;10224.485;0.215903;GBR.IDXEUR
2025-06-20 19:00:00;10224.348;10229.326;10212.833;10216.679;0.295808;GBR.IDXEUR
2025-06-20 20:00:00;10215.628;10215.628;10215.628;10215.628;8.1e-05;GBR.IDXEUR
2025-06-22 22:00:00;10177.872;10219.189;10175.307;10213.499;0.11133;GBR.IDXEUR
2025-06-22 23:00:00;10213.261;10214.984;10203.236;10210.006;0.046131;GBR.IDXEUR
2025-06-23 00:00:00;10209.576;10219.658;10195.502;10206.197;0.127803;GBR.IDXEUR
2025-06-23 01:00:00;10206.538;10211.786;10196.522;10204.247;0.110724;GBR.IDXEUR
2025-06-23 02:00:00;10204.256;10209.303;10202.049;10205.999;0.092958;GBR.IDXEUR
2025-06-23 03:00:00;10205.469;10211.677;10205.074;10211.609;0.06921;GBR.IDXEUR
2025-06-23 04:00:00;10211.972;10213.786;10202.108;10203.429;0.071463;GBR.IDXEUR
2025-06-23 05:00:00;10203.31;10212.845;10194.638;10202.262;0.06333;GBR.IDXEUR
2025-06-23 06:00:00;10202.5;10208.445;10185.552;10208.445;0.280632;GBR.IDXEUR
2025-06-23 07:00:00;10210.417;10256.671;10203.074;10255.241;0.490974;GBR.IDXEUR
2025-06-23 08:00:00;10255.635;10270.835;10250.39;10257.5;0.271438;GBR.IDXEUR
2025-06-23 09:00:00;10257.26;10262.946;10233.536;10235.523;0.286704;GBR.IDXEUR
2025-06-23 10:00:00;10235.18;10253.068;10230.726;10234.99;0.234906;GBR.IDXEUR
2025-06-23 11:00:00;10234.706;10236.21;10196.079;10218.766;0.350813;GBR.IDXEUR
2025-06-23 12:00:00;10219.944;10239.589;10215.892;10236.351;0.230467;GBR.IDXEUR
2025-06-23 13:00:00;10236.231;10246.864;10216.211;10242.663;0.32731;GBR.IDXEUR
2025-06-23 14:00:00;10242.902;10248.204;10226.511;10235.699;0.463266;GBR.IDXEUR
2025-06-23 15:00:00;10235.579;10252.06;10232.379;10232.925;0.321592;GBR.IDXEUR
2025-06-23 16:00:00;10232.363;10239.205;10203.321;10205.817;0.469159;GBR.IDXEUR
2025-06-23 17:00:00;10205.835;10243.8;10202.569;10234.704;0.423334;GBR.IDXEUR
2025-06-23 18:00:00;10234.704;10237.56;10227.247;10234.332;0.290088;GBR.IDXEUR
2025-06-23 19:00:00;10234.679;10251.807;10234.182;10246.131;0.141513;GBR.IDXEUR
2025-06-23 20:00:00;10245.976;10245.976;10238.944;10242.969;0.015672;GBR.IDXEUR
2025-06-23 22:00:00;10238.94;10268.078;10238.94;10261.372;0.098604;GBR.IDXEUR
2025-06-23 23:00:00;10261.482;10271.466;10258.174;10263.821;0.0858;GBR.IDXEUR
2025-06-24 00:00:00;10264.284;10270.096;10251.419;10265.97;0.064113;GBR.IDXEUR
2025-06-24 01:00:00;10265.85;10282.563;10262.698;10282.082;0.055203;GBR.IDXEUR
2025-06-24 02:00:00;10282.059;10282.461;10268.751;10275.261;0.047037;GBR.IDXEUR
2025-06-24 03:00:00;10275.515;10278.725;10272.628;10278.243;0.034407;GBR.IDXEUR
2025-06-24 04:00:00;10278.363;10278.363;10267.885;10274.736;0.038043;GBR.IDXEUR
2025-06-24 05:00:00;10274.616;10294.734;10272.84;10291.465;0.031638;GBR.IDXEUR
2025-06-24 06:00:00;10291.344;10326.412;10291.344;10314.453;0.198815;GBR.IDXEUR
2025-06-24 07:00:00;10315.78;10327.265;10280.399;10305.362;0.58476;GBR.IDXEUR
2025-06-24 08:00:00;10305.483;10315.787;10293.415;10312.997;0.309959;GBR.IDXEUR
2025-06-24 09:00:00;10312.858;10318.238;10299.651;10304.77;0.218736;GBR.IDXEUR
2025-06-24 10:00:00;10304.897;10322.117;10299.607;10316.919;0.158676;GBR.IDXEUR
2025-06-24 11:00:00;10315.787;10319.914;10300.531;10310.765;0.227217;GBR.IDXEUR
2025-06-24 12:00:00;10311.007;10319.065;10297.559;10305.074;0.154698;GBR.IDXEUR
2025-06-24 13:00:00;10304.954;10309.187;10274.679;10278.847;0.222436;GBR.IDXEUR
2025-06-24 14:00:00;10278.603;10299.613;10276.084;10285.991;0.499315;GBR.IDXEUR
2025-06-24 15:00:00;10286.281;10292.666;10260.977;10266.132;0.521534;GBR.IDXEUR
2025-06-24 16:00:00;10265.891;10277.667;10262.63;10270.884;0.111075;GBR.IDXEUR
2025-06-24 17:00:00;10270.884;10280.906;10267.289;10278.081;0.098351;GBR.IDXEUR
2025-06-24 18:00:00;10278.319;10282.86;10273.136;10276.175;0.069846;GBR.IDXEUR
2025-06-24 19:00:00;10276.054;10294.412;10272.983;10278.439;0.139371;GBR.IDXEUR
2025-06-24 20:00:00;10278.764;10278.884;10274.769;10275.607;0.013119;GBR.IDXEUR
2025-06-24 22:00:00;10266.676;10272.955;10265.172;10270.355;0.027147;GBR.IDXEUR
2025-06-24 23:00:00;10270.235;10273.794;10264.83;10272.663;0.023607;GBR.IDXEUR
2025-06-25 00:00:00;10272.589;10273.878;10256.494;10259.148;0.041802;GBR.IDXEUR
2025-06-25 01:00:00;10258.913;10267.803;10256.084;10266.283;0.043173;GBR.IDXEUR
2025-06-25 02:00:00;10266.042;10271.268;10260.37;10267.203;0.031065;GBR.IDXEUR
2025-06-25 03:00:00;10267.175;10275.282;10265.971;10273.12;0.029625;GBR.IDXEUR
2025-06-25 04:00:00;10273.24;10280.051;10268.713;10279.88;0.019206;GBR.IDXEUR
2025-06-25 05:00:00;10280.0;10286.557;10279.507;10281.28;0.022785;GBR.IDXEUR
2025-06-25 06:00:00;10281.4;10292.73;10280.222;10287.704;0.251661;GBR.IDXEUR
2025-06-25 07:00:00;10286.077;10326.086;10286.077;10315.526;0.552622;GBR.IDXEUR
2025-06-25 08:00:00;10315.526;10322.166;10287.615;10289.67;0.501834;GBR.IDXEUR
2025-06-25 09:00:00;10289.877;10290.405;10274.134;10279.195;0.192735;GBR.IDXEUR
2025-06-25 10:00:00;10279.786;10281.279;10262.292;10265.375;0.245844;GBR.IDXEUR
2025-06-25 11:00:00;10266.632;10282.755;10263.062;10277.895;0.336774;GBR.IDXEUR
2025-06-25 12:00:00;10277.775;10280.489;10254.492;10266.6;0.140478;GBR.IDXEUR
2025-06-25 13:00:00;10267.137;10267.642;10223.334;10233.415;0.290567;GBR.IDXEUR
2025-06-25 14:00:00;10232.966;10250.646;10225.07;10230.629;0.412978;GBR.IDXEUR
2025-06-25 15:00:00;10230.89;10232.449;10212.249;10218.575;0.33304;GBR.IDXEUR
2025-06-25 16:00:00;10218.695;10228.299;10214.733;10227.396;0.22417;GBR.IDXEUR
2025-06-25 17:00:00;10227.689;10235.423;10211.094;10213.449;0.197488;GBR.IDXEUR
2025-06-25 18:00:00;10214.025;10215.78;10200.416;10203.177;0.178382;GBR.IDXEUR
2025-06-25 19:00:00;10203.296;10218.401;10199.109;10209.819;0.17168;GBR.IDXEUR
2025-06-25 20:00:00;10209.815;10209.815;10203.437;10205.713;0.013329;GBR.IDXEUR
2025-06-25 22:00:00;10195.118;10206.634;10195.118;10204.756;0.018276;GBR.IDXEUR
2025-06-25 23:00:00;10204.756;10204.993;10196.431;10199.519;0.024186;GBR.IDXEUR
2025-06-26 00:00:00;10203.365;10203.365;10189.455;10194.215;0.066828;GBR.IDXEUR
2025-06-26 01:00:00;10194.334;10197.732;10187.656;10188.875;0.081612;GBR.IDXEUR
2025-06-26 02:00:00;10188.882;10200.16;10188.595;10198.934;0.081666;GBR.IDXEUR
2025-06-26 03:00:00;10199.053;10203.068;10189.687;10199.884;0.07719;GBR.IDXEUR
2025-06-26 04:00:00;10199.884;10211.289;10197.502;10210.936;0.062592;GBR.IDXEUR
2025-06-26 05:00:00;10211.295;10219.488;10207.082;10216.68;0.054051;GBR.IDXEUR
2025-06-26 06:00:00;10216.68;10223.979;10208.581;10208.689;0.329212;GBR.IDXEUR
2025-06-26 07:00:00;10208.574;10251.014;10207.886;10234.823;0.233597;GBR.IDXEUR
2025-06-26 08:00:00;10235.182;10241.189;10227.284;10238.321;0.203338;GBR.IDXEUR
2025-06-26 09:00:00;10238.441;10245.204;10229.217;10241.9;0.15326;GBR.IDXEUR
2025-06-26 10:00:00;10241.78;10264.089;10240.674;10258.607;0.132731;GBR.IDXEUR
2025-06-26 11:00:00;10258.589;10263.308;10245.209;10259.829;0.171093;GBR.IDXEUR
2025-06-26 12:00:00;10259.503;10260.06;10232.768;10242.932;0.440899;GBR.IDXEUR
2025-06-26 13:00:00;10242.812;10262.836;10237.127;10243.821;0.508842;GBR.IDXEUR
2025-06-26 14:00:00;10243.203;10267.191;10239.695;10260.498;0.527837;GBR.IDXEUR
2025-06-26 15:00:00;10259.798;10274.432;10251.783;10260.118;0.373806;GBR.IDXEUR
2025-06-26 16:00:00;10259.877;10268.571;10253.966;10259.697;0.255372;GBR.IDXEUR
2025-06-26 17:00:00;10259.336;10269.142;10257.459;10258.386;0.196684;GBR.IDXEUR
2025-06-26 18:00:00;10258.386;10263.268;10250.979;10256.608;0.145448;GBR.IDXEUR
2025-06-26 19:00:00;10257.148;10279.473;10257.148;10276.828;0.181501;GBR.IDXEUR
2025-06-26 20:00:00;10276.707;10276.948;10268.617;10268.873;0.016752;GBR.IDXEUR
2025-06-26 22:00:00;10273.712;10290.255;10273.401;10287.113;0.033405;GBR.IDXEUR
2025-06-26 23:00:00;10286.992;10287.1;10277.651;10279.818;0.018471;GBR.IDXEUR
2025-06-27 00:00:00;10280.639;10295.345;10280.267;10284.425;0.052188;GBR.IDXEUR
2025-06-27 01:00:00;10284.788;10285.958;10276.829;10281.769;0.044136;GBR.IDXEUR
2025-06-27 02:00:00;10281.737;10285.469;10277.301;10281.416;0.038406;GBR.IDXEUR
2025-06-27 03:00:00;10281.416;10284.018;10271.503;10273.645;0.035544;GBR.IDXEUR
2025-06-27 04:00:00;10273.984;10278.997;10269.487;10278.877;0.027963;GBR.IDXEUR
2025-06-27 05:00:00;10278.997;10287.844;10278.068;10286.381;0.021222;GBR.IDXEUR
2025-06-27 06:00:00;10286.26;10286.27;10258.513;10261.813;0.125697;GBR.IDXEUR
2025-06-27 07:00:00;10261.726;10300.619;10261.726;10297.413;0.3157;GBR.IDXEUR
2025-06-27 08:00:00;10297.413;10312.844;10288.138;10312.557;0.334478;GBR.IDXEUR
2025-06-27 09:00:00;10312.436;10314.99;10301.13;10303.278;0.280433;GBR.IDXEUR
2025-06-27 10:00:00;10303.522;10305.56;10290.609;10295.869;0.276339;GBR.IDXEUR
2025-06-27 11:00:00;10296.693;10307.206;10292.51;10305.062;0.241642;GBR.IDXEUR
2025-06-27 12:00:00;10304.941;10309.409;10267.69;10268.154;0.469724;GBR.IDXEUR
2025-06-27 13:00:00;10268.034;10277.924;10247.275;10260.728;0.50661;GBR.IDXEUR
2025-06-27 14:00:00;10261.533;10279.661;10243.641;10270.745;0.491517;GBR.IDXEUR
2025-06-27 15:00:00;10270.16;10302.83;10270.16;10293.447;0.415132;GBR.IDXEUR
2025-06-27 16:00:00;10293.568;10298.058;10288.856;10292.468;0.244998;GBR.IDXEUR
2025-06-27 17:00:00;10291.636;10301.08;10268.396;10277.261;0.305248;GBR.IDXEUR
2025-06-27 18:00:00;10277.141;10285.198;10260.594;10264.165;0.365475;GBR.IDXEUR
2025-06-27 19:00:00;10264.129;10291.367;10259.43;10289.12;0.286039;GBR.IDXEUR
2025-06-27 20:00:00;10289.0;10289.0;10289.0;10289.0;8.1e-05;GBR.IDXEUR
2025-06-29 22:00:00;10280.035;10300.2;10275.747;10295.295;0.041907;GBR.IDXEUR
2025-06-29 23:00:00;10295.295;10297.305;10288.288;10291.097;0.035955;GBR.IDXEUR
2025-06-30 00:00:00;10285.444;10291.08;10280.529;10285.896;0.067242;GBR.IDXEUR
2025-06-30 01:00:00;10286.017;10286.164;10274.281;10285.529;0.091773;GBR.IDXEUR
2025-06-30 02:00:00;10285.63;10292.985;10281.055;10291.8;0.077874;GBR.IDXEUR
2025-06-30 03:00:00;10291.92;10297.248;10289.988;10295.165;0.055647;GBR.IDXEUR
2025-06-30 04:00:00;10295.633;10296.92;10289.582;10290.906;0.046908;GBR.IDXEUR
2025-06-30 05:00:00;10290.785;10299.136;10288.576;10296.208;0.047358;GBR.IDXEUR
2025-06-30 06:00:00;10295.967;10303.829;10284.108;10292.519;0.211549;GBR.IDXEUR
2025-06-30 07:00:00;10293.241;10308.292;10267.448;10274.779;0.549871;GBR.IDXEUR
2025-06-30 08:00:00;10274.899;10286.051;10246.229;10246.348;0.353455;GBR.IDXEUR
2025-06-30 09:00:00;10247.066;10264.952;10245.286;10248.199;0.268137;GBR.IDXEUR
2025-06-30 10:00:00;10250.541;10287.86;10245.491;10285.987;0.247504;GBR.IDXEUR
2025-06-30 11:00:00;10284.911;10287.324;10263.61;10270.393;0.24782;GBR.IDXEUR
2025-06-30 12:00:00;10270.273;10271.356;10259.306;10261.759;0.280277;GBR.IDXEUR
2025-06-30 13:00:00;10262.502;10266.156;10235.756;10237.239;0.41185;GBR.IDXEUR
2025-06-30 14:00:00;10237.598;10253.108;10231.991;10244.995;0.536024;GBR.IDXEUR
2025-06-30 15:00:00;10244.591;10248.293;10204.94;10205.416;0.450438;GBR.IDXEUR
2025-06-30 16:00:00;10205.654;10226.35;10205.654;10223.879;0.283541;GBR.IDXEUR
2025-06-30 17:00:00;10224.117;10225.885;10202.878;10208.805;0.218366;GBR.IDXEUR
2025-06-30 18:00:00;10208.461;10219.752;10207.722;10218.794;0.205803;GBR.IDXEUR
2025-06-30 19:00:00;10218.675;10230.052;10217.351;10217.351;0.198731;GBR.IDXEUR
2025-06-30 20:00:00;10217.379;10221.23;10206.82;10208.445;0.017859;GBR.IDXEUR
2025-06-30 22:00:00;10204.528;10213.632;10203.583;10207.251;0.02133;GBR.IDXEUR
2025-06-30 23:00:00;10207.37;10213.909;10205.502;10211.699;0.016905;GBR.IDXEUR
2025-07-01 00:00:00;10215.279;10234.201;10215.279;10221.321;0.081522;GBR.IDXEUR
2025-07-01 01:00:00;10221.403;10227.754;10217.507;10226.805;0.074916;GBR.IDXEUR
2025-07-01 02:00:00;10226.479;10231.082;10223.684;10225.356;0.05958;GBR.IDXEUR
2025-07-01 03:00:00;10225.197;10227.601;10221.644;10222.618;0.047988;GBR.IDXEUR
2025-07-01 04:00:00;10222.976;10231.261;10222.213;10230.769;0.05865;GBR.IDXEUR
2025-07-01 05:00:00;10230.65;10239.747;10227.481;10229.125;0.044331;GBR.IDXEUR
2025-07-01 06:00:00;10228.25;10238.509;10226.179;10235.168;0.146628;GBR.IDXEUR
2025-07-01 07:00:00;10235.123;10258.538;10233.292;10253.119;0.359336;GBR.IDXEUR
2025-07-01 08:00:00;10253.598;10254.234;10209.543;10215.64;0.218115;GBR.IDXEUR
2025-07-01 09:00:00;10215.998;10219.966;10182.141;10189.47;0.174518;GBR.IDXEUR
2025-07-01 10:00:00;10189.352;10206.477;10177.746;10179.734;0.145902;GBR.IDXEUR
2025-07-01 11:00:00;10179.972;10190.264;10172.959;10175.898;0.151995;GBR.IDXEUR
2025-07-01 12:00:00;10175.262;10186.32;10161.672;10168.44;0.144873;GBR.IDXEUR
2025-07-01 13:00:00;10168.558;10201.19;10167.966;10189.674;0.480738;GBR.IDXEUR
2025-07-01 14:00:00;10192.586;10224.827;10188.482;10217.534;0.639566;GBR.IDXEUR
2025-07-01 15:00:00;10217.653;10248.022;10215.971;10248.022;0.290375;GBR.IDXEUR
2025-07-01 16:00:00;10248.022;10269.692;10245.073;10245.073;0.134968;GBR.IDXEUR
2025-07-01 17:00:00;10245.193;10255.359;10239.646;10250.925;0.098847;GBR.IDXEUR
2025-07-01 18:00:00;10250.686;10260.419;10246.318;10255.874;0.064844;GBR.IDXEUR
2025-07-01 19:00:00;10256.113;10256.113;10237.554;10242.605;0.120645;GBR.IDXEUR
2025-07-01 20:00:00;10242.406;10242.406;10230.979;10233.583;0.018516;GBR.IDXEUR
2025-07-01 22:00:00;10235.213;10244.86;10233.558;10244.062;0.014691;GBR.IDXEUR
2025-07-01 23:00:00;10244.062;10245.494;10239.544;10239.544;0.011037;GBR.IDXEUR
2025-07-02 00:00:00;10242.53;10243.113;10222.051;10236.349;0.030471;GBR.IDXEUR
2025-07-02 01:00:00;10236.468;10238.52;10232.256;10233.789;0.041256;GBR.IDXEUR
2025-07-02 02:00:00;10234.236;10247.175;10230.712;10247.16;0.037773;GBR.IDXEUR
2025-07-02 03:00:00;10247.396;10257.564;10247.18;10256.635;0.026181;GBR.IDXEUR
2025-07-02 04:00:00;10256.754;10276.03;10256.236;10272.738;0.021384;GBR.IDXEUR
2025-07-02 05:00:00;10272.618;10274.096;10266.708;10272.676;0.01848;GBR.IDXEUR
2025-07-02 06:00:00;10272.676;10279.756;10264.7;10276.741;0.12711;GBR.IDXEUR
2025-07-02 07:00:00;10276.741;10288.218;10236.012;10241.657;0.38742;GBR.IDXEUR
2025-07-02 08:00:00;10241.419;10246.694;10230.697;10244.389;0.159707;GBR.IDXEUR
2025-07-02 09:00:00;10244.389;10257.167;10233.218;10254.51;0.166152;GBR.IDXEUR
2025-07-02 10:00:00;10254.749;10260.346;10246.147;10255.646;0.157773;GBR.IDXEUR
2025-07-02 11:00:00;10254.573;10265.64;10227.779;10227.779;0.370708;GBR.IDXEUR
2025-07-02 12:00:00;10227.898;10227.898;10113.513;10135.524;0.898722;GBR.IDXEUR
2025-07-02 13:00:00;10135.642;10146.045;10097.829;10105.381;0.593973;GBR.IDXEUR
2025-07-02 14:00:00;10106.016;10142.089;10103.443;10130.736;0.264329;GBR.IDXEUR
2025-07-02 15:00:00;10131.087;10145.012;10128.542;10135.051;0.291996;GBR.IDXEUR
2025-07-02 16:00:00;10134.934;10163.121;10128.409;10158.277;0.129828;GBR.IDXEUR
2025-07-02 17:00:00;10158.63;10158.972;10146.557;10154.163;0.09264;GBR.IDXEUR
2025-07-02 18:00:00;10153.929;10164.479;10151.553;10159.583;0.065139;GBR.IDXEUR
2025-07-02 19:00:00;10159.701;10164.948;10151.181;10163.191;0.071835;GBR.IDXEUR
2025-07-02 20:00:00;10163.074;10163.074;10156.019;10157.41;0.015081;GBR.IDXEUR
2025-07-02 22:00:00;10179.422;10179.579;10172.675;10177.852;0.022542;GBR.IDXEUR
2025-07-02 23:00:00;10177.845;10177.852;10172.426;10174.726;0.015492;GBR.IDXEUR
2025-07-03 00:00:00;10177.739;10186.068;10162.457;10162.903;0.033678;GBR.IDXEUR
2025-07-03 01:00:00;10162.786;10168.267;10157.658;10166.965;0.040386;GBR.IDXEUR
2025-07-03 02:00:00;10167.323;10167.323;10155.559;10165.799;0.030594;GBR.IDXEUR
2025-07-03 03:00:00;10165.632;10175.473;10164.927;10171.726;0.029844;GBR.IDXEUR
2025-07-03 04:00:00;10171.608;10177.9;10171.165;10176.11;0.027309;GBR.IDXEUR
2025-07-03 05:00:00;10176.11;10180.656;10172.591;10178.54;0.026478;GBR.IDXEUR
2025-07-03 06:00:00;10178.54;10188.567;10171.303;10184.963;0.215535;GBR.IDXEUR
2025-07-03 07:00:00;10185.081;10213.431;10178.498;10204.388;0.376882;GBR.IDXEUR
2025-07-03 08:00:00;10204.624;10217.495;10202.041;10205.612;0.162051;GBR.IDXEUR
2025-07-03 09:00:00;10205.612;10224.027;10195.94;10197.676;0.14535;GBR.IDXEUR
2025-07-03 10:00:00;10197.794;10207.072;10188.903;10206.549;0.138495;GBR.IDXEUR
2025-07-03 11:00:00;10206.431;10225.136;10201.896;10224.282;0.117417;GBR.IDXEUR
2025-07-03 12:00:00;10224.045;10252.121;10207.233;10234.858;0.285734;GBR.IDXEUR
2025-07-03 13:00:00;10235.214;10243.207;10219.306;10230.844;0.259966;GBR.IDXEUR
2025-07-03 14:00:00;10230.606;10244.157;10213.761;10237.264;0.423722;GBR.IDXEUR
2025-07-03 15:00:00;10237.383;10254.376;10233.046;10244.53;0.240813;GBR.IDXEUR
2025-07-03 16:00:00;10244.292;10255.339;10241.559;10250.529;0.219488;GBR.IDXEUR
2025-07-03 17:00:00;10250.529;10251.74;10243.787;10244.694;0.108422;GBR.IDXEUR
2025-07-03 18:00:00;10244.079;10246.564;10241.271;10242.421;0.07422;GBR.IDXEUR
2025-07-03 19:00:00;10242.345;10246.291;10232.284;10242.657;0.059236;GBR.IDXEUR
2025-07-03 22:00:00;10237.968;10244.697;10234.166;10239.805;0.036336;GBR.IDXEUR
2025-07-03 23:00:00;10239.658;10243.698;10232.658;10235.419;0.028704;GBR.IDXEUR
2025-07-04 00:00:00;10236.54;10236.659;10222.108;10232.355;0.044763;GBR.IDXEUR
2025-07-04 01:00:00;10232.117;10232.97;10223.772;10224.235;0.042984;GBR.IDXEUR
2025-07-04 02:00:00;10224.116;10225.423;10218.584;10223.536;0.031872;GBR.IDXEUR
2025-07-04 03:00:00;10223.655;10224.708;10215.36;10215.97;0.02979;GBR.IDXEUR
2025-07-04 04:00:00;10215.852;10220.022;10209.684;10218.498;0.029355;GBR.IDXEUR
2025-07-04 05:00:00;10218.592;10221.895;10212.777;10214.967;0.020451;GBR.IDXEUR
2025-07-04 06:00:00;10214.73;10215.485;10204.311;10208.279;0.120135;GBR.IDXEUR
2025-07-04 07:00:00;10208.16;10220.291;10203.481;10211.195;0.302033;GBR.IDXEUR
2025-07-04 08:00:00;10211.077;10217.116;10188.662;10198.444;0.400048;GBR.IDXEUR
2025-07-04 09:00:00;10198.444;10204.852;10190.833;10201.472;0.234212;GBR.IDXEUR
2025-07-04 10:00:00;10201.354;10202.198;10182.217;10185.876;0.184946;GBR.IDXEUR
2025-07-04 11:00:00;10186.007;10209.915;10184.84;10208.624;0.118253;GBR.IDXEUR
2025-07-04 12:00:00;10208.506;10212.605;10202.161;10203.284;0.106808;GBR.IDXEUR
2025-07-04 13:00:00;10203.402;10239.996;10203.048;10228.537;0.358702;GBR.IDXEUR
2025-07-04 14:00:00;10228.656;10231.792;10214.804;10223.222;0.344334;GBR.IDXEUR
2025-07-04 15:00:00;10222.897;10227.286;10207.068;10214.171;0.165423;GBR.IDXEUR
2025-07-04 16:00:00;10213.935;10215.206;10204.887;10208.044;0.096688;GBR.IDXEUR
2025-07-04 17:00:00;10208.281;10212.289;10200.25;10201.988;0.074481;GBR.IDXEUR
2025-07-04 18:00:00;10202.478;10209.83;10201.464;10206.225;0.030303;GBR.IDXEUR
2025-07-04 19:00:00;10205.959;10207.134;10193.332;10200.706;0.080466;GBR.IDXEUR
2025-07-06 22:00:00;10220.92;10222.561;10209.325;10212.634;0.046665;GBR.IDXEUR
2025-07-06 23:00:00;10212.913;10217.946;10208.878;10211.429;0.037398;GBR.IDXEUR
2025-07-07 00:00:00;10202.572;10209.156;10195.319;10204.35;0.035985;GBR.IDXEUR
2025-07-07 01:00:00;10204.35;10204.724;10190.259;10193.155;0.042105;GBR.IDXEUR
2025-07-07 02:00:00;10193.273;10199.318;10187.85;10188.54;0.034038;GBR.IDXEUR
2025-07-07 03:00:00;10188.54;10192.462;10181.115;10192.462;0.036213;GBR.IDXEUR
2025-07-07 04:00:00;10192.344;10198.035;10186.305;10187.719;0.037677;GBR.IDXEUR
2025-07-07 05:00:00;10187.837;10196.645;10187.026;10193.846;0.023922;GBR.IDXEUR
2025-07-07 06:00:00;10192.916;10206.714;10185.904;10205.78;0.117661;GBR.IDXEUR
2025-07-07 07:00:00;10205.801;10215.656;10192.441;10211.374;0.355704;GBR.IDXEUR
2025-07-07 08:00:00;10211.148;10217.304;10197.293;10216.939;0.354955;GBR.IDXEUR
2025-07-07 09:00:00;10217.057;10232.602;10211.939;10230.355;0.225481;GBR.IDXEUR
2025-07-07 10:00:00;10230.237;10247.033;10223.738;10244.873;0.291546;GBR.IDXEUR
2025-07-07 11:00:00;10246.023;10254.067;10238.831;10242.5;0.262754;GBR.IDXEUR
2025-07-07 12:00:00;10242.738;10250.43;10234.427;10235.627;0.253778;GBR.IDXEUR
2025-07-07 13:00:00;10235.508;10250.954;10216.226;10246.596;0.356559;GBR.IDXEUR
2025-07-07 14:00:00;10246.309;10248.325;10230.32;10234.566;0.371364;GBR.IDXEUR
2025-07-07 15:00:00;10234.224;10243.842;10226.732;10238.89;0.330705;GBR.IDXEUR
2025-07-07 16:00:00;10239.128;10242.775;10200.087;10214.181;0.447156;GBR.IDXEUR
2025-07-07 17:00:00;10214.062;10233.268;10203.562;10205.724;0.375373;GBR.IDXEUR
2025-07-07 18:00:00;10205.431;10212.007;10186.083;10205.925;0.277962;GBR.IDXEUR
2025-07-07 19:00:00;10205.531;10208.366;10179.75;10190.538;0.259649;GBR.IDXEUR
2025-07-07 20:00:00;10189.986;10189.986;10179.301;10182.463;0.011097;GBR.IDXEUR
2025-07-07 22:00:00;10181.866;10189.147;10173.833;10175.797;0.037623;GBR.IDXEUR
2025-07-07 23:00:00;10175.679;10187.239;10175.196;10186.03;0.029673;GBR.IDXEUR
2025-07-08 00:00:00;10181.212;10193.587;10174.289;10191.993;0.096654;GBR.IDXEUR
2025-07-08 01:00:00;10192.401;10199.67;10181.337;10184.707;0.090096;GBR.IDXEUR
2025-07-08 02:00:00;10184.825;10200.337;10182.087;10200.078;0.087663;GBR.IDXEUR
2025-07-08 03:00:00;10199.96;10200.951;10186.398;10187.717;0.056034;GBR.IDXEUR
2025-07-08 04:00:00;10187.706;10191.832;10185.207;10190.167;0.061866;GBR.IDXEUR
2025-07-08 05:00:00;10190.167;10218.22;10188.574;10217.003;0.054;GBR.IDXEUR
2025-07-08 06:00:00;10217.24;10224.665;10207.097;10211.726;0.161654;GBR.IDXEUR
2025-07-08 07:00:00;10211.726;10233.976;10211.604;10225.497;0.328816;GBR.IDXEUR
2025-07-08 08:00:00;10225.497;10225.497;10210.476;10219.318;0.165986;GBR.IDXEUR
2025-07-08 09:00:00;10218.787;10225.589;10201.343;10204.603;0.156654;GBR.IDXEUR
2025-07-08 10:00:00;10204.603;10221.687;10200.888;10209.525;0.286254;GBR.IDXEUR
2025-07-08 11:00:00;10209.525;10217.498;10204.975;10215.267;0.157227;GBR.IDXEUR
2025-07-08 12:00:00;10215.149;10219.333;10207.131;10207.511;0.405842;GBR.IDXEUR
2025-07-08 13:00:00;10207.508;10242.62;10202.71;10235.753;0.384414;GBR.IDXEUR
2025-07-08 14:00:00;10235.871;10258.871;10228.016;10248.268;0.430278;GBR.IDXEUR
2025-07-08 15:00:00;10248.268;10290.038;10245.286;10286.652;0.283187;GBR.IDXEUR
2025-07-08 16:00:00;10286.351;10293.74;10277.791;10288.279;0.304945;GBR.IDXEUR
2025-07-08 17:00:00;10288.418;10290.057;10267.859;10280.296;0.294216;GBR.IDXEUR
2025-07-08 18:00:00;10279.978;10289.394;10277.284;10286.032;0.197397;GBR.IDXEUR
2025-07-08 19:00:00;10285.793;10286.235;10271.444;10276.191;0.203679;GBR.IDXEUR
2025-07-08 20:00:00;10276.071;10279.807;10272.073;10274.826;0.011979;GBR.IDXEUR
2025-07-08 22:00:00;10274.902;10277.262;10271.707;10272.82;0.012573;GBR.IDXEUR
2025-07-08 23:00:00;10272.939;10276.685;10263.944;10264.839;0.012483;GBR.IDXEUR
2025-07-09 00:00:00;10267.424;10268.494;10252.869;10260.89;0.066147;GBR.IDXEUR
2025-07-09 01:00:00;10260.668;10270.234;10255.664;10269.044;0.072852;GBR.IDXEUR
2025-07-09 02:00:00;10269.082;10273.369;10266.36;10270.669;0.0612;GBR.IDXEUR
2025-07-09 03:00:00;10270.822;10274.368;10268.656;10273.273;0.051603;GBR.IDXEUR
2025-07-09 04:00:00;10273.392;10281.717;10272.653;10279.831;0.043548;GBR.IDXEUR
2025-07-09 05:00:00;10279.521;10280.731;10267.649;10269.961;0.030777;GBR.IDXEUR
2025-07-09 06:00:00;10270.08;10288.676;10263.042;10285.759;0.158512;GBR.IDXEUR
2025-07-09 07:00:00;10286.661;10306.922;10277.844;10293.266;0.208799;GBR.IDXEUR
2025-07-09 08:00:00;10293.501;10308.437;10279.093;10285.708;0.19285;GBR.IDXEUR
2025-07-09 09:00:00;10285.566;10312.679;10285.051;10300.801;0.15529;GBR.IDXEUR
2025-07-09 10:00:00;10300.681;10315.168;10294.597;10314.903;0.169188;GBR.IDXEUR
2025-07-09 11:00:00;10315.518;10316.611;10300.534;10309.144;0.12393;GBR.IDXEUR
2025-07-09 12:00:00;10309.504;10310.348;10291.558;10292.696;0.255988;GBR.IDXEUR
2025-07-09 13:00:00;10292.704;10300.986;10283.884;10298.099;0.232848;GBR.IDXEUR
2025-07-09 14:00:00;10298.496;10299.851;10277.898;10284.446;0.255044;GBR.IDXEUR
2025-07-09 15:00:00;10283.589;10301.603;10279.667;10299.521;0.319235;GBR.IDXEUR
2025-07-09 16:00:00;10299.393;10308.866;10297.733;10307.571;0.09784;GBR.IDXEUR
2025-07-09 17:00:00;10307.691;10317.852;10303.619;10312.534;0.09435;GBR.IDXEUR
2025-07-09 18:00:00;10312.534;10324.129;10310.322;10324.044;0.098898;GBR.IDXEUR
2025-07-09 19:00:00;10324.044;10332.988;10318.35;10331.666;0.08364;GBR.IDXEUR
2025-07-09 20:00:00;10331.666;10331.666;10326.767;10330.268;0.008031;GBR.IDXEUR
2025-07-09 22:00:00;10319.162;10327.852;10317.549;10321.551;0.017763;GBR.IDXEUR
2025-07-09 23:00:00;10321.671;10322.652;10305.891;10306.129;0.013488;GBR.IDXEUR
2025-07-10 00:00:00;10312.719;10317.729;10301.28;10314.358;0.041823;GBR.IDXEUR
2025-07-10 01:00:00;10314.239;10317.839;10311.331;10312.535;0.034995;GBR.IDXEUR
2025-07-10 02:00:00;10312.535;10328.441;10312.014;10326.723;0.027144;GBR.IDXEUR
2025-07-10 03:00:00;10326.732;10326.814;10319.404;10325.108;0.0252;GBR.IDXEUR
2025-07-10 04:00:00;10325.108;10327.14;10321.905;10325.963;0.022746;GBR.IDXEUR
2025-07-10 05:00:00;10325.963;10326.768;10317.533;10323.611;0.017316;GBR.IDXEUR
2025-07-10 06:00:00;10323.97;10359.563;10323.97;10351.352;0.22956;GBR.IDXEUR
2025-07-10 07:00:00;10352.324;10392.477;10352.324;10376.891;0.353636;GBR.IDXEUR
2025-07-10 08:00:00;10377.012;10406.443;10375.732;10403.918;0.260923;GBR.IDXEUR
2025-07-10 09:00:00;10404.039;10415.883;10399.28;10404.363;0.157635;GBR.IDXEUR
2025-07-10 10:00:00;10404.519;10407.126;10386.901;10403.058;0.192834;GBR.IDXEUR
2025-07-10 11:00:00;10402.826;10404.052;10388.4;10389.892;0.429312;GBR.IDXEUR
2025-07-10 12:00:00;10389.771;10390.662;10366.536;10369.676;0.263322;GBR.IDXEUR
2025-07-10 13:00:00;10369.797;10383.492;10355.182;10382.993;0.406386;GBR.IDXEUR
2025-07-10 14:00:00;10383.839;10418.535;10383.839;10416.187;0.654954;GBR.IDXEUR
2025-07-10 15:00:00;10416.187;10434.38;10410.464;10424.964;0.337847;GBR.IDXEUR
2025-07-10 16:00:00;10424.721;10433.387;10424.07;10425.908;0.195138;GBR.IDXEUR
2025-07-10 17:00:00;10425.787;10441.794;10425.302;10439.48;0.14274;GBR.IDXEUR
2025-07-10 18:00:00;10439.184;10440.509;10430.052;10430.874;0.126459;GBR.IDXEUR
2025-07-10 19:00:00;10430.591;10438.16;10422.227;10424.784;0.131068;GBR.IDXEUR
2025-07-10 20:00:00;10422.557;10424.568;10419.795;10421.229;0.008388;GBR.IDXEUR
2025-07-10 22:00:00;10414.806;10425.895;10413.879;10425.378;0.011976;GBR.IDXEUR
2025-07-10 23:00:00;10425.62;10430.663;10424.309;10425.789;0.008457;GBR.IDXEUR
2025-07-11 00:00:00;10429.083;10429.083;10401.881;10411.076;0.085533;GBR.IDXEUR
2025-07-11 01:00:00;10411.166;10422.347;10403.82;10418.693;0.059622;GBR.IDXEUR
2025-07-11 02:00:00;10418.693;10431.077;10417.757;10424.56;0.037638;GBR.IDXEUR
2025-07-11 03:00:00;10424.54;10429.78;10424.273;10425.573;0.02481;GBR.IDXEUR
2025-07-11 04:00:00;10425.534;10427.358;10421.468;10421.973;0.026658;GBR.IDXEUR
2025-07-11 05:00:00;10421.952;10427.416;10405.715;10406.119;0.029451;GBR.IDXEUR
2025-07-11 06:00:00;10405.998;10415.632;10393.974;10397.102;0.133824;GBR.IDXEUR
2025-07-11 07:00:00;10396.861;10409.856;10385.611;10387.673;0.309126;GBR.IDXEUR
2025-07-11 08:00:00;10387.432;10394.563;10360.458;10367.365;0.383682;GBR.IDXEUR
2025-07-11 09:00:00;10367.485;10368.7;10336.707;10337.407;0.374757;GBR.IDXEUR
2025-07-11 10:00:00;10335.835;10341.115;10326.504;10328.777;0.307621;GBR.IDXEUR
2025-07-11 11:00:00;10329.016;10339.451;10320.654;10331.989;0.335125;GBR.IDXEUR
2025-07-11 12:00:00;10330.606;10331.919;10307.071;10327.94;0.389535;GBR.IDXEUR
2025-07-11 13:00:00;10326.912;10339.483;10300.925;10315.805;0.359345;GBR.IDXEUR
2025-07-11 14:00:00;10315.72;10326.266;10309.085;10323.876;0.457638;GBR.IDXEUR
2025-07-11 15:00:00;10323.469;10324.841;10306.903;10321.247;0.368596;GBR.IDXEUR
2025-07-11 16:00:00;10321.247;10329.491;10305.159;10327.998;0.260901;GBR.IDXEUR
2025-07-11 17:00:00;10328.356;10339.844;10326.881;10339.598;0.152364;GBR.IDXEUR
2025-07-11 18:00:00;10339.598;10351.265;10336.712;10349.547;0.157887;GBR.IDXEUR
2025-07-11 19:00:00;10349.427;10350.795;10324.335;10331.652;0.207501;GBR.IDXEUR
2025-07-13 22:00:00;10303.884;10329.587;10302.607;10328.146;0.068292;GBR.IDXEUR
2025-07-13 23:00:00;10328.265;10329.398;10309.962;10321.584;0.051492;GBR.IDXEUR
2025-07-14 00:00:00;10314.607;10325.583;10296.315;10299.789;0.079605;GBR.IDXEUR
2025-07-14 01:00:00;10299.338;10304.844;10293.979;10300.065;0.07899;GBR.IDXEUR
2025-07-14 02:00:00;10300.41;10304.715;10298.547;10302.301;0.060699;GBR.IDXEUR
2025-07-14 03:00:00;10302.065;10312.199;10300.825;10310.529;0.049659;GBR.IDXEUR
2025-07-14 04:00:00;10310.634;10314.49;10307.451;10311.125;0.05532;GBR.IDXEUR
2025-07-14 05:00:00;10311.328;10316.072;10300.607;10301.473;0.045465;GBR.IDXEUR
2025-07-14 06:00:00;10301.235;10307.638;10287.842;10300.793;0.1945;GBR.IDXEUR
2025-07-14 07:00:00;10301.496;10344.604;10298.387;10340.875;0.557006;GBR.IDXEUR
2025-07-14 08:00:00;10340.994;10357.618;10331.356;10352.325;0.288003;GBR.IDXEUR
2025-07-14 09:00:00;10352.206;10360.706;10346.688;10349.723;0.197326;GBR.IDXEUR
2025-07-14 10:00:00;10349.884;10363.809;10348.434;10353.312;0.117952;GBR.IDXEUR
2025-07-14 11:00:00;10353.312;10355.957;10340.261;10353.102;0.125721;GBR.IDXEUR
2025-07-14 12:00:00;10353.102;10361.224;10341.137;10344.549;0.17254;GBR.IDXEUR
2025-07-14 13:00:00;10344.668;10367.84;10335.398;10356.448;0.279796;GBR.IDXEUR
2025-07-14 14:00:00;10356.682;10359.005;10335.434;10340.853;0.210966;GBR.IDXEUR
2025-07-14 15:00:00;10340.734;10367.29;10337.365;10363.303;0.402912;GBR.IDXEUR
2025-07-14 16:00:00;10363.303;10381.355;10362.443;10379.299;0.117752;GBR.IDXEUR
2025-07-14 17:00:00;10379.299;10388.452;10377.007;10385.203;0.064062;GBR.IDXEUR
2025-07-14 18:00:00;10384.844;10390.031;10376.285;10377.929;0.06771;GBR.IDXEUR
2025-07-14 19:00:00;10377.521;10384.164;10371.283;10381.161;0.067039;GBR.IDXEUR
2025-07-14 20:00:00;10380.695;10381.173;10377.81;10378.777;0.007257;GBR.IDXEUR
2025-07-14 22:00:00;10376.129;10379.667;10371.79;10374.421;0.024621;GBR.IDXEUR
2025-07-14 23:00:00;10374.556;10378.876;10372.861;10372.861;0.008925;GBR.IDXEUR
2025-07-15 00:00:00;10387.012;10395.953;10377.727;10381.137;0.031128;GBR.IDXEUR
2025-07-15 01:00:00;10380.88;10407.736;10374.212;10396.045;0.043182;GBR.IDXEUR
2025-07-15 02:00:00;10395.925;10396.048;10369.599;10371.778;0.052455;GBR.IDXEUR
2025-07-15 03:00:00;10371.235;10375.457;10367.343;10368.109;0.029139;GBR.IDXEUR
2025-07-15 04:00:00;10368.209;10371.394;10364.276;10369.089;0.02505;GBR.IDXEUR
2025-07-15 05:00:00;10369.062;10374.443;10367.239;10370.018;0.018126;GBR.IDXEUR
2025-07-15 06:00:00;10369.78;10380.377;10361.922;10365.499;0.134892;GBR.IDXEUR
2025-07-15 07:00:00;10365.372;10372.85;10345.657;10359.455;0.359269;GBR.IDXEUR
2025-07-15 08:00:00;10358.983;10359.269;10347.084;10350.263;0.192297;GBR.IDXEUR
2025-07-15 09:00:00;10350.382;10365.099;10347.066;10362.052;0.163558;GBR.IDXEUR
2025-07-15 10:00:00;10362.798;10370.663;10353.053;10355.778;0.118503;GBR.IDXEUR
2025-07-15 11:00:00;10354.992;10372.242;10354.666;10367.309;0.153018;GBR.IDXEUR
2025-07-15 12:00:00;10366.956;10380.622;10357.436;10361.061;0.41691;GBR.IDXEUR
2025-07-15 13:00:00;10361.379;10369.006;10329.659;10330.909;0.340993;GBR.IDXEUR
2025-07-15 14:00:00;10331.625;10345.148;10305.026;10308.109;0.604418;GBR.IDXEUR
2025-07-15 15:00:00;10308.227;10323.642;10308.039;10321.531;0.483398;GBR.IDXEUR
2025-07-15 16:00:00;10321.963;10328.811;10313.011;10318.023;0.325973;GBR.IDXEUR
2025-07-15 17:00:00;10317.496;10337.744;10317.222;10333.084;0.220598;GBR.IDXEUR
2025-07-15 18:00:00;10333.084;10340.01;10324.427;10324.546;0.159975;GBR.IDXEUR
2025-07-15 19:00:00;10324.546;10338.123;10319.788;10320.967;0.178668;GBR.IDXEUR
2025-07-15 20:00:00;10320.425;10320.817;10308.008;10308.935;0.014709;GBR.IDXEUR
2025-07-15 22:00:00;10310.676;10314.865;10302.468;10308.829;0.018549;GBR.IDXEUR
2025-07-15 23:00:00;10308.931;10314.776;10305.352;10313.447;0.01425;GBR.IDXEUR
2025-07-16 00:00:00;10310.307;10315.402;10297.755;10312.443;0.078663;GBR.IDXEUR
2025-07-16 01:00:00;10312.21;10324.792;10310.833;10319.843;0.072534;GBR.IDXEUR
2025-07-16 02:00:00;10319.843;10320.306;10308.137;10310.733;0.05226;GBR.IDXEUR
2025-07-16 03:00:00;10310.865;10317.964;10310.259;10315.855;0.04551;GBR.IDXEUR
2025-07-16 04:00:00;10315.617;10319.127;10306.362;10308.553;0.043998;GBR.IDXEUR
2025-07-16 05:00:00;10308.254;10319.878;10301.667;10301.667;0.043095;GBR.IDXEUR
2025-07-16 06:00:00;10301.667;10308.562;10282.571;10290.59;0.196387;GBR.IDXEUR
2025-07-16 07:00:00;10291.068;10319.535;10287.522;10316.953;0.415685;GBR.IDXEUR
2025-07-16 08:00:00;10317.213;10325.624;10313.203;10316.812;0.182145;GBR.IDXEUR
2025-07-16 09:00:00;10317.018;10327.866;10310.516;10325.84;0.212715;GBR.IDXEUR
2025-07-16 10:00:00;10325.721;10334.888;10321.042;10328.801;0.156045;GBR.IDXEUR
2025-07-16 11:00:00;10328.429;10351.728;10327.887;10350.602;0.180546;GBR.IDXEUR
2025-07-16 12:00:00;10350.004;10362.969;10348.029;10350.941;0.213191;GBR.IDXEUR
2025-07-16 13:00:00;10351.414;10371.814;10347.965;10366.583;0.217938;GBR.IDXEUR
2025-07-16 14:00:00;10366.583;10370.371;10336.894;10343.512;0.249773;GBR.IDXEUR
2025-07-16 15:00:00;10343.271;10348.705;10260.12;10333.283;0.749947;GBR.IDXEUR
2025-07-16 16:00:00;10333.402;10337.66;10317.131;10335.745;0.278172;GBR.IDXEUR
2025-07-16 17:00:00;10335.615;10349.7;10332.045;10342.746;0.168696;GBR.IDXEUR
2025-07-16 18:00:00;10342.865;10360.427;10339.4;10360.041;0.1512;GBR.IDXEUR
2025-07-16 19:00:00;10359.921;10365.817;10356.225;10357.521;0.209784;GBR.IDXEUR
2025-07-16 20:00:00;10355.787;10355.906;10350.735;10353.435;0.00786;GBR.IDXEUR
2025-07-16 22:00:00;10347.239;10350.289;10342.208;10342.925;0.018534;GBR.IDXEUR
2025-07-16 23:00:00;10343.138;10344.8;10339.368;10340.293;0.011166;GBR.IDXEUR
2025-07-17 00:00:00;10358.463;10362.719;10349.903;10357.809;0.035481;GBR.IDXEUR
2025-07-17 01:00:00;10357.928;10363.907;10354.687;10358.629;0.035472;GBR.IDXEUR
2025-07-17 02:00:00;10358.51;10358.82;10350.845;10352.734;0.029985;GBR.IDXEUR
2025-07-17 03:00:00;10352.599;10358.719;10350.466;10357.583;0.025662;GBR.IDXEUR
2025-07-17 04:00:00;10357.822;10357.822;10351.413;10355.707;0.020949;GBR.IDXEUR
2025-07-17 05:00:00;10355.707;10372.212;10355.002;10367.358;0.016308;GBR.IDXEUR
2025-07-17 06:00:00;10369.39;10381.443;10359.638;10366.832;0.346692;GBR.IDXEUR
2025-07-17 07:00:00;10365.573;10371.947;10336.078;10349.632;0.418275;GBR.IDXEUR
2025-07-17 08:00:00;10350.092;10360.595;10345.321;10359.229;0.164436;GBR.IDXEUR
2025-07-17 09:00:00;10358.87;10369.311;10354.249;10369.311;0.141217;GBR.IDXEUR
2025-07-17 10:00:00;10368.844;10377.471;10363.906;10375.402;0.106077;GBR.IDXEUR
2025-07-17 11:00:00;10375.282;10381.448;10359.276;10359.276;0.13698;GBR.IDXEUR
2025-07-17 12:00:00;10358.763;10370.401;10356.826;10359.386;0.232697;GBR.IDXEUR
2025-07-17 13:00:00;10359.386;10386.107;10356.772;10380.948;0.628332;GBR.IDXEUR
2025-07-17 14:00:00;10381.189;10397.977;10375.448;10388.669;0.301581;GBR.IDXEUR
2025-07-17 15:00:00;10388.549;10396.454;10371.271;10381.907;0.36534;GBR.IDXEUR
2025-07-17 16:00:00;10381.907;10386.399;10357.903;10361.882;0.160516;GBR.IDXEUR
2025-07-17 17:00:00;10361.762;10381.384;10360.28;10380.313;0.093777;GBR.IDXEUR
2025-07-17 18:00:00;10380.073;10403.402;10378.431;10401.796;0.07746;GBR.IDXEUR
2025-07-17 19:00:00;10401.796;10405.526;10389.882;10397.873;0.101766;GBR.IDXEUR
2025-07-17 20:00:00;10397.994;10397.994;10391.606;10393.542;0.013773;GBR.IDXEUR
2025-07-17 22:00:00;10387.733;10394.676;10384.051;10386.072;0.028926;GBR.IDXEUR
2025-07-17 23:00:00;10386.192;10398.178;10385.65;10395.602;0.025434;GBR.IDXEUR
2025-07-18 00:00:00;10399.116;10400.725;10386.574;10392.147;0.03405;GBR.IDXEUR
2025-07-18 01:00:00;10392.103;10398.277;10383.516;10386.391;0.028938;GBR.IDXEUR
2025-07-18 02:00:00;10386.391;10403.46;10382.407;10400.18;0.028125;GBR.IDXEUR
2025-07-18 03:00:00;10400.179;10405.944;10398.032;10402.984;0.025572;GBR.IDXEUR
2025-07-18 04:00:00;10403.747;10411.388;10401.49;10409.076;0.019017;GBR.IDXEUR
2025-07-18 05:00:00;10409.076;10411.929;10402.402;10404.811;0.01164;GBR.IDXEUR
2025-07-18 06:00:00;10404.608;10414.66;10400.798;10412.085;0.198702;GBR.IDXEUR
2025-07-18 07:00:00;10411.895;10414.192;10375.708;10390.15;0.611418;GBR.IDXEUR
2025-07-18 08:00:00;10390.27;10393.357;10374.935;10386.645;0.539796;GBR.IDXEUR
2025-07-18 09:00:00;10386.382;10400.699;10382.207;10396.528;0.363736;GBR.IDXEUR
2025-07-18 10:00:00;10396.229;10399.148;10365.445;10369.388;0.160479;GBR.IDXEUR
2025-07-18 11:00:00;10370.429;10384.915;10363.745;10382.59;0.38145;GBR.IDXEUR
2025-07-18 12:00:00;10382.264;10392.068;10374.633;10375.395;0.627006;GBR.IDXEUR
2025-07-18 13:00:00;10375.12;10392.169;10360.777;10366.763;0.606546;GBR.IDXEUR
2025-07-18 14:00:00;10366.763;10382.558;10366.763;10368.965;0.639674;GBR.IDXEUR
2025-07-18 15:00:00;10369.33;10386.297;10365.901;10383.827;0.254677;GBR.IDXEUR
2025-07-18 16:00:00;10384.376;10385.743;10372.362;10374.987;0.246416;GBR.IDXEUR
2025-07-18 17:00:00;10375.226;10384.846;10368.593;10375.1;0.166971;GBR.IDXEUR
2025-07-18 18:00:00;10375.789;10381.541;10365.0;10367.221;0.138373;GBR.IDXEUR
2025-07-18 19:00:00;10367.221;10374.797;10364.554;10369.886;0.130866;GBR.IDXEUR
2025-07-18 20:00:00;10369.886;10369.886;10369.886;10369.886;8.1e-05;GBR.IDXEUR
2025-07-20 22:00:00;10357.292;10367.619;10356.718;10365.879;0.02451;GBR.IDXEUR
2025-07-20 23:00:00;10366.098;10368.771;10361.054;10368.096;0.020508;GBR.IDXEUR
2025-07-21 00:00:00;10372.058;10374.028;10357.995;10360.337;0.029517;GBR.IDXEUR
2025-07-21 01:00:00;10360.217;10368.915;10356.643;10367.512;0.033222;GBR.IDXEUR
2025-07-21 02:00:00;10367.991;10369.737;10362.525;10364.132;0.027522;GBR.IDXEUR
2025-07-21 03:00:00;10364.132;10364.98;10358.352;10360.789;0.019305;GBR.IDXEUR
2025-07-21 04:00:00;10360.579;10368.73;10359.148;10367.917;0.024024;GBR.IDXEUR
2025-07-21 05:00:00;10367.645;10371.147;10361.536;10368.721;0.014598;GBR.IDXEUR
2025-07-21 06:00:00;10368.667;10380.54;10367.503;10377.066;0.086361;GBR.IDXEUR
2025-07-21 07:00:00;10377.077;10402.05;10377.077;10392.418;0.354663;GBR.IDXEUR
2025-07-21 08:00:00;10392.429;10403.984;10387.88;10395.868;0.299717;GBR.IDXEUR
2025-07-21 09:00:00;10396.022;10399.201;10383.325;10386.273;0.262446;GBR.IDXEUR
2025-07-21 10:00:00;10386.153;10393.239;10371.542;10377.79;0.319047;GBR.IDXEUR
2025-07-21 11:00:00;10378.065;10382.131;10371.918;10379.3;0.196735;GBR.IDXEUR
2025-07-21 12:00:00;10379.053;10390.713;10373.581;10381.258;0.184131;GBR.IDXEUR
2025-07-21 13:00:00;10380.932;10389.098;10366.088;10376.911;0.161487;GBR.IDXEUR
2025-07-21 14:00:00;10377.282;10387.052;10365.619;10378.759;0.199633;GBR.IDXEUR
2025-07-21 15:00:00;10379.102;10392.535;10377.42;10378.108;0.175634;GBR.IDXEUR
2025-07-21 16:00:00;10378.299;10389.77;10377.426;10385.411;0.090771;GBR.IDXEUR
2025-07-21 17:00:00;10385.292;10392.835;10377.569;10379.451;0.07605;GBR.IDXEUR
2025-07-21 18:00:00;10379.451;10384.68;10374.301;10375.632;0.092343;GBR.IDXEUR
2025-07-21 19:00:00;10375.818;10376.532;10359.701;10365.484;0.139503;GBR.IDXEUR
2025-07-21 20:00:00;10365.117;10367.126;10362.438;10365.463;0.008706;GBR.IDXEUR
2025-07-21 22:00:00;10366.51;10368.53;10364.613;10365.218;0.010029;GBR.IDXEUR
2025-07-21 23:00:00;10365.439;10371.988;10365.078;10365.92;0.007035;GBR.IDXEUR
2025-07-22 00:00:00;10366.009;10375.243;10362.204;10367.213;0.028194;GBR.IDXEUR
2025-07-22 01:00:00;10367.207;10371.582;10364.745;10369.295;0.028449;GBR.IDXEUR
2025-07-22 02:00:00;10369.333;10369.555;10358.536;10359.977;0.022257;GBR.IDXEUR
2025-07-22 03:00:00;10360.295;10365.375;10358.688;10362.642;0.020862;GBR.IDXEUR
2025-07-22 04:00:00;10362.642;10362.752;10351.322;10358.991;0.025578;GBR.IDXEUR
2025-07-22 05:00:00;10358.995;10367.073;10355.678;10364.799;0.015651;GBR.IDXEUR
2025-07-22 06:00:00;10365.038;10368.185;10356.943;10368.092;0.081101;GBR.IDXEUR
2025-07-22 07:00:00;10365.361;10397.948;10365.361;10379.869;0.367502;GBR.IDXEUR
2025-07-22 08:00:00;10379.989;10392.349;10377.991;10389.449;0.378472;GBR.IDXEUR
2025-07-22 09:00:00;10389.007;10403.709;10384.94;10395.051;0.253548;GBR.IDXEUR
2025-07-22 10:00:00;10395.171;10402.42;10377.112;10377.381;0.128499;GBR.IDXEUR
2025-07-22 11:00:00;10376.682;10389.388;10365.85;10382.934;0.151036;GBR.IDXEUR
2025-07-22 12:00:00;10382.814;10387.047;10374.267;10376.565;0.178783;GBR.IDXEUR
2025-07-22 13:00:00;10376.565;10405.526;10376.446;10391.398;0.452325;GBR.IDXEUR
2025-07-22 14:00:00;10391.405;10416.187;10383.127;10386.463;0.3615;GBR.IDXEUR
2025-07-22 15:00:00;10386.343;10397.405;10374.111;10391.308;0.216365;GBR.IDXEUR
2025-07-22 16:00:00;10391.188;10402.535;10386.085;10399.223;0.112197;GBR.IDXEUR
2025-07-22 17:00:00;10399.104;10410.51;10395.357;10404.171;0.08249;GBR.IDXEUR
2025-07-22 18:00:00;10404.291;10417.078;10402.606;10415.163;0.068292;GBR.IDXEUR
2025-07-22 19:00:00;10415.403;10418.004;10411.098;10413.097;0.064656;GBR.IDXEUR
2025-07-22 20:00:00;10412.717;10414.1;10408.666;10410.59;0.009312;GBR.IDXEUR
2025-07-22 22:00:00;10410.803;10414.551;10405.885;10407.133;0.014427;GBR.IDXEUR
2025-07-22 23:00:00;10407.398;10429.067;10406.326;10428.467;0.048672;GBR.IDXEUR
2025-07-23 00:00:00;10441.911;10443.303;10422.735;10434.171;0.046494;GBR.IDXEUR
2025-07-23 01:00:00;10433.931;10450.747;10433.062;10450.747;0.042957;GBR.IDXEUR
2025-07-23 02:00:00;10450.751;10452.416;10440.892;10447.469;0.042654;GBR.IDXEUR
2025-07-23 03:00:00;10447.589;10453.964;10443.543;10452.937;0.035715;GBR.IDXEUR
2025-07-23 04:00:00;10452.937;10458.139;10450.626;10457.594;0.028278;GBR.IDXEUR
2025-07-23 05:00:00;10457.929;10460.221;10450.739;10452.975;0.020226;GBR.IDXEUR
2025-07-23 06:00:00;10453.203;10457.908;10430.495;10446.243;0.118179;GBR.IDXEUR
2025-07-23 07:00:00;10446.484;10461.917;10426.904;10451.167;0.416347;GBR.IDXEUR
2025-07-23 08:00:00;10451.758;10473.388;10449.348;10469.245;0.18147;GBR.IDXEUR
2025-07-23 09:00:00;10468.66;10481.656;10464.395;10478.543;0.265428;GBR.IDXEUR
2025-07-23 10:00:00;10478.663;10481.458;10465.93;10467.413;0.246281;GBR.IDXEUR
2025-07-23 11:00:00;10467.413;10469.803;10461.39;10467.689;0.331247;GBR.IDXEUR
2025-07-23 12:00:00;10468.459;10474.602;10463.131;10472.896;0.269377;GBR.IDXEUR
2025-07-23 13:00:00;10472.775;10484.907;10449.822;10471.578;0.436251;GBR.IDXEUR
2025-07-23 14:00:00;10471.578;10485.986;10464.882;10480.564;0.418001;GBR.IDXEUR
2025-07-23 15:00:00;10480.908;10500.66;10469.94;10492.286;0.420675;GBR.IDXEUR
2025-07-23 16:00:00;10492.164;10508.331;10490.372;10499.042;0.409096;GBR.IDXEUR
2025-07-23 17:00:00;10498.92;10503.188;10482.897;10499.449;0.245043;GBR.IDXEUR
2025-07-23 18:00:00;10499.449;10504.421;10495.113;10499.176;0.147401;GBR.IDXEUR
2025-07-23 19:00:00;10499.055;10511.805;10495.825;10510.865;0.146493;GBR.IDXEUR
2025-07-23 20:00:00;10510.896;10515.835;10503.553;10514.213;0.02904;GBR.IDXEUR
2025-07-23 22:00:00;10510.621;10517.264;10509.586;10513.169;0.01818;GBR.IDXEUR
2025-07-23 23:00:00;10513.532;10514.828;10506.957;10508.773;0.009981;GBR.IDXEUR
2025-07-24 00:00:00;10508.292;10510.774;10497.66;10504.479;0.072663;GBR.IDXEUR
2025-07-24 01:00:00;10504.479;10510.645;10500.901;10504.682;0.069561;GBR.IDXEUR
2025-07-24 02:00:00;10504.561;10506.883;10500.326;10502.441;0.053835;GBR.IDXEUR
2025-07-24 03:00:00;10502.083;10502.704;10494.669;10495.031;0.060246;GBR.IDXEUR
2025-07-24 04:00:00;10495.152;10502.11;10491.396;10501.445;0.044856;GBR.IDXEUR
2025-07-24 05:00:00;10501.324;10505.711;10497.417;10504.545;0.079719;GBR.IDXEUR
2025-07-24 06:00:00;10504.163;10512.119;10496.254;10501.6;0.114189;GBR.IDXEUR
2025-07-24 07:00:00;10501.375;10518.984;10490.702;10502.261;0.410902;GBR.IDXEUR
2025-07-24 08:00:00;10502.14;10545.565;10500.83;10543.932;0.234082;GBR.IDXEUR
2025-07-24 09:00:00;10544.312;10555.597;10542.448;10549.429;0.162788;GBR.IDXEUR
2025-07-24 10:00:00;10549.687;10552.424;10535.675;10540.207;0.231627;GBR.IDXEUR
2025-07-24 11:00:00;10540.329;10553.789;10534.95;10548.519;0.222612;GBR.IDXEUR
2025-07-24 12:00:00;10548.519;10558.844;10541.542;10553.8;0.202441;GBR.IDXEUR
2025-07-24 13:00:00;10553.241;10556.41;10506.456;10522.956;0.336351;GBR.IDXEUR
2025-07-24 14:00:00;10522.835;10533.791;10508.734;10525.62;0.321775;GBR.IDXEUR
2025-07-24 15:00:00;10525.499;10537.729;10493.794;10505.124;0.324024;GBR.IDXEUR
2025-07-24 16:00:00;10504.882;10512.407;10492.334;10507.275;0.247718;GBR.IDXEUR
2025-07-24 17:00:00;10506.792;10514.653;10500.738;10501.952;0.158836;GBR.IDXEUR
2025-07-24 18:00:00;10502.073;10515.135;10501.586;10505.369;0.135184;GBR.IDXEUR
2025-07-24 19:00:00;10505.369;10509.659;10489.268;10493.5;0.154797;GBR.IDXEUR
2025-07-24 20:00:00;10493.862;10495.482;10489.037;10495.482;0.012036;GBR.IDXEUR
2025-07-24 22:00:00;10503.903;10507.824;10502.121;10502.678;0.013557;GBR.IDXEUR
2025-07-24 23:00:00;10502.768;10504.995;10499.763;10503.818;0.010701;GBR.IDXEUR
2025-07-25 00:00:00;10503.837;10510.974;10498.82;10503.662;0.032226;GBR.IDXEUR
2025-07-25 01:00:00;10503.437;10514.772;10503.055;10509.652;0.029133;GBR.IDXEUR
2025-07-25 02:00:00;10509.422;10512.475;10507.024;10508.771;0.023625;GBR.IDXEUR
2025-07-25 03:00:00;10508.444;10514.541;10507.193;10509.903;0.021564;GBR.IDXEUR
2025-07-25 04:00:00;10509.913;10510.282;10496.979;10498.604;0.02511;GBR.IDXEUR
2025-07-25 05:00:00;10498.618;10507.622;10497.661;10502.132;0.016347;GBR.IDXEUR
2025-07-25 06:00:00;10501.77;10508.125;10495.086;10499.511;0.12179;GBR.IDXEUR
2025-07-25 07:00:00;10500.798;10500.798;10428.209;10430.75;0.286044;GBR.IDXEUR
2025-07-25 08:00:00;10430.883;10446.942;10428.38;10438.868;0.256391;GBR.IDXEUR
2025-07-25 09:00:00;10438.868;10459.239;10433.898;10456.491;0.183917;GBR.IDXEUR
2025-07-25 10:00:00;10456.251;10456.251;10439.98;10446.412;0.16018;GBR.IDXEUR
2025-07-25 11:00:00;10446.343;10453.876;10435.559;10441.387;0.139127;GBR.IDXEUR
2025-07-25 12:00:00;10441.148;10451.909;10432.157;10440.529;0.334608;GBR.IDXEUR
2025-07-25 13:00:00;10440.409;10443.698;10426.322;10440.416;0.5995;GBR.IDXEUR
2025-07-25 14:00:00;10440.605;10456.154;10425.645;10446.664;0.191202;GBR.IDXEUR
2025-07-25 15:00:00;10446.644;10452.954;10426.024;10428.61;0.212684;GBR.IDXEUR
2025-07-25 16:00:00;10428.61;10440.657;10428.371;10438.625;0.166809;GBR.IDXEUR
2025-07-25 17:00:00;10438.505;10452.924;10438.015;10450.491;0.123237;GBR.IDXEUR
2025-07-25 18:00:00;10450.781;10460.695;10449.72;10453.791;0.109305;GBR.IDXEUR
2025-07-25 19:00:00;10454.034;10466.046;10453.782;10464.474;0.097544;GBR.IDXEUR
2025-07-25 20:00:00;10463.909;10463.909;10463.909;10463.909;8.1e-05;GBR.IDXEUR
2025-07-27 22:00:00;10458.015;10462.075;10454.255;10456.521;0.028809;GBR.IDXEUR
2025-07-27 23:00:00;10456.282;10464.362;10454.259;10459.259;0.018702;GBR.IDXEUR
2025-07-28 00:00:00;10478.88;10483.473;10470.122;10483.213;0.036765;GBR.IDXEUR
2025-07-28 01:00:00;10482.973;10482.973;10472.008;10479.26;0.047349;GBR.IDXEUR
2025-07-28 02:00:00;10479.174;10484.522;10475.532;10482.879;0.0288;GBR.IDXEUR
2025-07-28 03:00:00;10482.838;10482.838;10474.986;10479.952;0.0189;GBR.IDXEUR
2025-07-28 04:00:00;10480.072;10485.015;10479.021;10484.096;0.020457;GBR.IDXEUR
2025-07-28 05:00:00;10484.318;10488.572;10482.483;10484.047;0.013755;GBR.IDXEUR
2025-07-28 06:00:00;10484.167;10502.877;10480.822;10489.776;0.133478;GBR.IDXEUR
2025-07-28 07:00:00;10490.362;10504.088;10479.255;10495.763;0.472424;GBR.IDXEUR
2025-07-28 08:00:00;10495.93;10499.144;10483.982;10490.049;0.438058;GBR.IDXEUR
2025-07-28 09:00:00;10490.624;10502.882;10488.133;10496.974;0.315817;GBR.IDXEUR
2025-07-28 10:00:00;10497.095;10504.296;10482.586;10489.005;0.319837;GBR.IDXEUR
2025-07-28 11:00:00;10489.177;10496.822;10482.31;10492.93;0.398404;GBR.IDXEUR
2025-07-28 12:00:00;10493.051;10495.369;10470.452;10482.686;0.477483;GBR.IDXEUR
2025-07-28 13:00:00;10482.807;10490.941;10452.918;10454.142;0.464397;GBR.IDXEUR
2025-07-28 14:00:00;10454.503;10465.653;10444.869;10448.467;0.270735;GBR.IDXEUR
2025-07-28 15:00:00;10448.039;10485.954;10443.312;10482.446;0.270508;GBR.IDXEUR
2025-07-28 16:00:00;10482.204;10485.62;10472.405;10475.455;0.199444;GBR.IDXEUR
2025-07-28 17:00:00;10475.697;10480.534;10460.474;10460.893;0.170772;GBR.IDXEUR
2025-07-28 18:00:00;10461.181;10462.106;10449.261;10450.165;0.142983;GBR.IDXEUR
2025-07-28 19:00:00;10449.924;10468.254;10447.412;10467.034;0.128767;GBR.IDXEUR
2025-07-28 20:00:00;10466.672;10468.074;10464.203;10466.814;0.007611;GBR.IDXEUR
2025-07-28 22:00:00;10469.565;10473.362;10466.643;10469.999;0.012855;GBR.IDXEUR
2025-07-28 23:00:00;10470.44;10470.56;10465.732;10465.973;0.007065;GBR.IDXEUR
2025-07-29 00:00:00;10466.306;10471.084;10458.809;10465.317;0.027951;GBR.IDXEUR
2025-07-29 01:00:00;10465.179;10470.405;10457.673;10458.862;0.034683;GBR.IDXEUR
2025-07-29 02:00:00;10458.982;10466.944;10454.542;10466.248;0.028572;GBR.IDXEUR
2025-07-29 03:00:00;10466.393;10469.302;10463.924;10468.351;0.027831;GBR.IDXEUR
2025-07-29 04:00:00;10468.11;10476.405;10468.11;10470.364;0.031548;GBR.IDXEUR
2025-07-29 05:00:00;10470.598;10484.976;10470.188;10484.026;0.022374;GBR.IDXEUR
2025-07-29 06:00:00;10484.026;10502.425;10480.833;10502.321;0.177945;GBR.IDXEUR
2025-07-29 07:00:00;10502.442;10509.07;10491.674;10505.21;0.406042;GBR.IDXEUR
2025-07-29 08:00:00;10505.21;10514.433;10490.526;10509.891;0.419521;GBR.IDXEUR
2025-07-29 09:00:00;10509.77;10528.23;10507.291;10527.203;0.355086;GBR.IDXEUR
2025-07-29 10:00:00;10527.081;10557.459;10527.081;10551.882;0.191811;GBR.IDXEUR
2025-07-29 11:00:00;10551.146;10557.609;10541.746;10553.09;0.384065;GBR.IDXEUR
2025-07-29 12:00:00;10553.09;10574.725;10547.779;10574.725;0.366311;GBR.IDXEUR
2025-07-29 13:00:00;10574.807;10577.79;10557.327;10561.49;0.213498;GBR.IDXEUR
2025-07-29 14:00:00;10561.856;10579.316;10558.857;10574.853;0.257994;GBR.IDXEUR
2025-07-29 15:00:00;10575.135;10586.38;10559.244;10577.126;0.182515;GBR.IDXEUR
2025-07-29 16:00:00;10577.126;10578.514;10566.823;10575.122;0.129591;GBR.IDXEUR
2025-07-29 17:00:00;10575.122;10581.52;10561.463;10572.16;0.114759;GBR.IDXEUR
2025-07-29 18:00:00;10572.16;10583.355;10567.853;10575.732;0.090333;GBR.IDXEUR
2025-07-29 19:00:00;10575.732;10577.769;10561.241;10574.458;0.171164;GBR.IDXEUR
2025-07-29 20:00:00;10574.295;10575.104;10568.573;10569.853;0.009375;GBR.IDXEUR
2025-07-29 22:00:00;10567.661;10573.398;10566.27;10571.058;0.014595;GBR.IDXEUR
2025-07-29 23:00:00;10571.193;10573.878;10568.333;10569.074;0.009441;GBR.IDXEUR
2025-07-30 00:00:00;10570.456;10576.646;10563.066;10575.481;0.031896;GBR.IDXEUR
2025-07-30 01:00:00;10575.359;10578.746;10563.136;10575.791;0.043416;GBR.IDXEUR
2025-07-30 02:00:00;10575.588;10583.672;10574.378;10581.621;0.026727;GBR.IDXEUR
2025-07-30 03:00:00;10581.376;10585.993;10579.258;10581.693;0.022482;GBR.IDXEUR
2025-07-30 04:00:00;10581.697;10589.383;10581.336;10589.383;0.022374;GBR.IDXEUR
2025-07-30 05:00:00;10589.273;10589.351;10561.38;10563.089;0.024699;GBR.IDXEUR
2025-07-30 06:00:00;10562.845;10570.576;10545.875;10545.875;0.107766;GBR.IDXEUR
2025-07-30 07:00:00;10544.238;10548.191;10507.434;10514.529;0.255584;GBR.IDXEUR
2025-07-30 08:00:00;10514.772;10547.82;10513.387;10544.711;0.429912;GBR.IDXEUR
2025-07-30 09:00:00;10544.467;10563.008;10544.467;10558.288;0.401837;GBR.IDXEUR
2025-07-30 10:00:00;10558.411;10562.547;10543.577;10549.804;0.368316;GBR.IDXEUR
2025-07-30 11:00:00;10549.682;10563.048;10545.845;10558.601;0.304533;GBR.IDXEUR
2025-07-30 12:00:00;10558.356;10583.047;10553.407;10578.089;0.563628;GBR.IDXEUR
2025-07-30 13:00:00;10578.089;10593.364;10571.159;10576.365;0.561457;GBR.IDXEUR
2025-07-30 14:00:00;10576.365;10586.604;10567.154;10570.209;0.21648;GBR.IDXEUR
2025-07-30 15:00:00;10570.332;10586.748;10563.083;10584.004;0.18897;GBR.IDXEUR
2025-07-30 16:00:00;10583.514;10592.401;10578.481;10586.469;0.095433;GBR.IDXEUR
2025-07-30 17:00:00;10586.224;10593.43;10579.73;10589.438;0.092361;GBR.IDXEUR
2025-07-30 18:00:00;10589.666;10597.796;10575.552;10582.206;0.285252;GBR.IDXEUR
2025-07-30 19:00:00;10581.637;10594.937;10559.002;10594.706;0.282526;GBR.IDXEUR
2025-07-30 20:00:00;10594.551;10634.153;10590.042;10631.329;0.045408;GBR.IDXEUR
2025-07-30 22:00:00;10611.305;10622.496;10611.28;10618.548;0.047157;GBR.IDXEUR
2025-07-30 23:00:00;10618.672;10623.075;10614.957;10615.128;0.024672;GBR.IDXEUR
2025-07-31 00:00:00;10618.629;10618.998;10582.626;10592.872;0.035967;GBR.IDXEUR
2025-07-31 01:00:00;10592.872;10600.635;10586.991;10594.602;0.038778;GBR.IDXEUR
2025-07-31 02:00:00;10594.725;10607.45;10593.609;10603.632;0.027378;GBR.IDXEUR
2025-07-31 03:00:00;10603.983;10611.953;10598.408;10607.648;0.029961;GBR.IDXEUR
2025-07-31 04:00:00;10607.613;10609.017;10597.71;10601.968;0.025122;GBR.IDXEUR
2025-07-31 05:00:00;10602.46;10602.657;10585.425;10591.723;0.019782;GBR.IDXEUR
2025-07-31 06:00:00;10591.709;10607.06;10579.441;10591.654;0.121029;GBR.IDXEUR
2025-07-31 07:00:00;10593.191;10644.511;10587.602;10627.437;0.321717;GBR.IDXEUR
2025-07-31 08:00:00;10627.437;10631.287;10599.209;10605.977;0.254632;GBR.IDXEUR
2025-07-31 09:00:00;10605.721;10620.38;10598.152;10618.33;0.209737;GBR.IDXEUR
2025-07-31 10:00:00;10618.434;10629.143;10610.855;10613.299;0.17558;GBR.IDXEUR
2025-07-31 11:00:00;10613.106;10617.589;10602.309;10610.291;0.179919;GBR.IDXEUR
2025-07-31 12:00:00;10610.169;10618.159;10590.24;10590.24;0.212203;GBR.IDXEUR
2025-07-31 13:00:00;10590.558;10612.361;10576.863;10585.597;0.24941;GBR.IDXEUR
2025-07-31 14:00:00;10585.608;10599.965;10551.106;10557.236;0.297612;GBR.IDXEUR
2025-07-31 15:00:00;10557.602;10584.05;10545.152;10580.935;0.542893;GBR.IDXEUR
2025-07-31 16:00:00;10581.057;10603.154;10580.757;10599.862;0.271278;GBR.IDXEUR
2025-07-31 17:00:00;10599.616;10600.174;10540.781;10544.77;0.289293;GBR.IDXEUR
2025-07-31 18:00:00;10544.648;10567.575;10530.572;10558.676;0.24705;GBR.IDXEUR
2025-07-31 19:00:00;10558.92;10563.764;10539.211;10548.908;0.279972;GBR.IDXEUR
2025-07-31 20:00:00;10547.787;10562.704;10537.802;10543.958;0.048615;GBR.IDXEUR
2025-07-31 22:00:00;10540.105;10546.13;10525.227;10535.577;0.041355;GBR.IDXEUR
2025-07-31 23:00:00;10535.577;10539.194;10530.543;10534.609;0.035628;GBR.IDXEUR
2025-08-01 00:00:00;10545.098;10547.246;10506.929;10529.339;0.090042;GBR.IDXEUR
2025-08-01 01:00:00;10529.461;10555.04;10527.643;10551.764;0.086325;GBR.IDXEUR
2025-08-01 02:00:00;10551.423;10552.505;10540.441;10549.461;0.066453;GBR.IDXEUR
2025-08-01 03:00:00;10549.339;10554.558;10538.817;10538.817;0.06258;GBR.IDXEUR
2025-08-01 04:00:00;10538.709;10539.756;10529.732;10532.632;0.053784;GBR.IDXEUR
2025-08-01 05:00:00;10532.544;10537.091;10508.782;10513.029;0.033774;GBR.IDXEUR
2025-08-01 06:00:00;10513.009;10517.9;10490.966;10502.619;0.13849;GBR.IDXEUR
2025-08-01 07:00:00;10502.619;10511.823;10470.429;10477.887;0.523289;GBR.IDXEUR
2025-08-01 08:00:00;10477.766;10487.596;10463.861;10469.8;0.664194;GBR.IDXEUR
2025-08-01 09:00:00;10469.438;10498.599;10463.08;10485.119;0.187276;GBR.IDXEUR
2025-08-01 10:00:00;10485.133;10485.807;10457.564;10465.643;0.444305;GBR.IDXEUR
2025-08-01 11:00:00;10465.723;10489.046;10463.892;10488.242;0.269309;GBR.IDXEUR
2025-08-01 12:00:00;10488.363;10492.213;10440.463;10445.831;1.495194;GBR.IDXEUR
2025-08-01 13:00:00;10445.591;10454.85;10371.761;10377.097;0.894651;GBR.IDXEUR
2025-08-01 14:00:00;10377.454;10409.009;10352.903;10401.871;0.516376;GBR.IDXEUR
2025-08-01 15:00:00;10401.99;10444.013;10400.647;10440.003;0.844774;GBR.IDXEUR
2025-08-01 16:00:00;10440.123;10455.946;10431.739;10434.19;0.929965;GBR.IDXEUR
2025-08-01 17:00:00;10434.07;10442.829;10421.707;10436.53;0.9269;GBR.IDXEUR
2025-08-01 18:00:00;10436.65;10450.172;10423.668;10439.699;0.760469;GBR.IDXEUR
2025-08-01 19:00:00;10439.579;10444.329;10415.348;10433.698;1.092153;GBR.IDXEUR
2025-08-01 20:00:00;10433.937;10433.937;10433.937;10433.937;0.0002;GBR.IDXEUR
2025-08-03 22:00:00;10418.685;10436.665;10411.188;10430.249;0.065322;GBR.IDXEUR
2025-08-03 23:00:00;10430.727;10442.795;10426.692;10442.326;0.234156;GBR.IDXEUR
2025-08-04 00:00:00;10444.199;10456.133;10431.62;10453.509;0.05931;GBR.IDXEUR
2025-08-04 01:00:00;10453.629;10458.954;10445.905;10449.48;0.051777;GBR.IDXEUR
2025-08-04 02:00:00;10449.452;10454.25;10446.452;10450.827;0.038784;GBR.IDXEUR
2025-08-04 03:00:00;10450.834;10457.152;10447.628;10455.606;0.026763;GBR.IDXEUR
2025-08-04 04:00:00;10455.592;10456.202;10433.44;10440.461;0.033939;GBR.IDXEUR
2025-08-04 05:00:00;10440.221;10454.132;10437.323;10449.485;0.020178;GBR.IDXEUR
2025-08-04 06:00:00;10449.575;10458.899;10425.623;10443.973;0.134073;GBR.IDXEUR
2025-08-04 07:00:00;10443.293;10459.905;10406.451;10450.346;0.51733;GBR.IDXEUR
2025-08-04 08:00:00;10450.956;10470.058;10445.165;10467.509;0.547908;GBR.IDXEUR
2025-08-04 09:00:00;10467.268;10474.319;10449.413;10449.637;0.711102;GBR.IDXEUR
2025-08-04 10:00:00;10449.637;10457.435;10440.273;10444.185;0.556399;GBR.IDXEUR
2025-08-04 11:00:00;10445.039;10466.834;10434.567;10464.994;0.404171;GBR.IDXEUR
2025-08-04 12:00:00;10465.115;10470.07;10454.904;10464.379;0.763739;GBR.IDXEUR
2025-08-04 13:00:00;10464.499;10466.688;10449.085;10461.99;0.731726;GBR.IDXEUR
2025-08-04 14:00:00;10462.23;10491.372;10455.523;10478.246;0.884995;GBR.IDXEUR
2025-08-04 15:00:00;10478.246;10488.351;10466.132;10476.221;0.688525;GBR.IDXEUR
2025-08-04 16:00:00;10475.991;10487.283;10473.463;10481.994;0.265409;GBR.IDXEUR
2025-08-04 17:00:00;10481.754;10494.393;10481.506;10482.169;0.183633;GBR.IDXEUR
2025-08-04 18:00:00;10481.637;10499.688;10479.712;10498.365;0.197944;GBR.IDXEUR
2025-08-04 19:00:00;10498.244;10511.876;10496.501;10507.77;0.211823;GBR.IDXEUR
2025-08-04 20:00:00;10508.844;10516.897;10503.166;10512.07;0.062753;GBR.IDXEUR
2025-08-04 22:00:00;10507.859;10509.956;10501.814;10504.574;0.094032;GBR.IDXEUR
2025-08-04 23:00:00;10504.815;10508.235;10501.86;10504.875;0.09444;GBR.IDXEUR
2025-08-05 00:00:00;10505.707;10525.244;10497.044;10524.562;0.286377;GBR.IDXEUR
2025-08-05 01:00:00;10524.322;10531.416;10516.003;10517.78;0.309741;GBR.IDXEUR
2025-08-05 02:00:00;10518.142;10522.25;10514.948;10517.735;0.210516;GBR.IDXEUR
2025-08-05 03:00:00;10517.724;10524.041;10515.191;10518.13;0.164556;GBR.IDXEUR
2025-08-05 04:00:00;10518.372;10527.199;10516.868;10526.737;0.148638;GBR.IDXEUR
2025-08-05 05:00:00;10526.858;10534.413;10520.668;10528.033;0.120924;GBR.IDXEUR
2025-08-05 06:00:00;10528.275;10547.381;10525.094;10542.442;0.292035;GBR.IDXEUR
2025-08-05 07:00:00;10543.814;10558.986;10512.734;10519.539;0.369059;GBR.IDXEUR
2025-08-05 08:00:00;10519.419;10543.943;10514.873;10542.585;0.44302;GBR.IDXEUR
2025-08-05 09:00:00;10542.342;10551.179;10538.781;10544.295;0.157418;GBR.IDXEUR
2025-08-05 10:00:00;10544.547;10556.441;10541.982;10550.047;0.331842;GBR.IDXEUR
2025-08-05 11:00:00;10548.759;10560.258;10547.41;10556.145;0.177076;GBR.IDXEUR
2025-08-05 12:00:00;10556.024;10559.185;10538.501;10549.208;0.373825;GBR.IDXEUR
2025-08-05 13:00:00;10549.512;10558.544;10538.306;10538.306;0.745794;GBR.IDXEUR
2025-08-05 14:00:00;10538.306;10538.519;10500.458;10505.76;1.022543;GBR.IDXEUR
2025-08-05 15:00:00;10505.881;10513.365;10488.378;10512.121;0.637582;GBR.IDXEUR
2025-08-05 16:00:00;10512.363;10521.507;10498.372;10511.089;0.295353;GBR.IDXEUR
2025-08-05 17:00:00;10510.926;10522.771;10508.47;10518.641;0.172835;GBR.IDXEUR
2025-08-05 18:00:00;10518.641;10520.825;10502.55;10510.723;0.236121;GBR.IDXEUR
2025-08-05 19:00:00;10511.049;10522.282;10509.843;10514.405;0.223654;GBR.IDXEUR
2025-08-05 20:00:00;10515.696;10517.074;10508.883;10513.057;0.057857;GBR.IDXEUR
2025-08-05 22:00:00;10510.29;10511.289;10499.701;10508.342;0.038586;GBR.IDXEUR
2025-08-05 23:00:00;10508.221;10513.143;10501.555;10501.88;0.100185;GBR.IDXEUR
2025-08-06 00:00:00;10505.41;10529.64;10501.487;10522.595;0.229515;GBR.IDXEUR
2025-08-06 01:00:00;10522.006;10536.012;10518.863;10534.854;0.242721;GBR.IDXEUR
2025-08-06 02:00:00;10534.854;10545.528;10532.991;10543.502;0.211338;GBR.IDXEUR
2025-08-06 03:00:00;10543.623;10544.267;10537.556;10539.312;0.18222;GBR.IDXEUR
2025-08-06 04:00:00;10539.78;10543.473;10537.637;10542.498;0.128145;GBR.IDXEUR
2025-08-06 05:00:00;10542.619;10552.084;10541.149;10544.92;0.10485;GBR.IDXEUR
2025-08-06 06:00:00;10544.92;10549.142;10537.556;10541.03;0.436073;GBR.IDXEUR
2025-08-06 07:00:00;10539.881;10545.153;10510.574;10526.372;0.426334;GBR.IDXEUR
2025-08-06 08:00:00;10526.505;10526.865;10505.877;10505.877;0.217498;GBR.IDXEUR
2025-08-06 09:00:00;10505.877;10524.184;10504.045;10520.254;0.18143;GBR.IDXEUR
2025-08-06 10:00:00;10520.281;10523.163;10508.487;10512.336;0.197136;GBR.IDXEUR
2025-08-06 11:00:00;10511.054;10521.471;10505.181;10517.556;0.14638;GBR.IDXEUR
2025-08-06 12:00:00;10517.677;10522.533;10500.36;10500.725;0.215052;GBR.IDXEUR
2025-08-06 13:00:00;10501.342;10514.924;10493.849;10494.513;0.627672;GBR.IDXEUR
2025-08-06 14:00:00;10493.372;10510.888;10489.138;10501.069;0.540438;GBR.IDXEUR
2025-08-06 15:00:00;10501.31;10511.593;10493.448;10495.894;0.210859;GBR.IDXEUR
2025-08-06 16:00:00;10495.894;10503.057;10491.277;10498.536;0.126129;GBR.IDXEUR
2025-08-06 17:00:00;10498.765;10502.719;10482.089;10484.898;0.089772;GBR.IDXEUR
2025-08-06 18:00:00;10484.657;10490.447;10463.716;10469.8;0.147402;GBR.IDXEUR
2025-08-06 19:00:00;10469.82;10485.4;10468.464;10475.92;0.107004;GBR.IDXEUR
2025-08-06 20:00:00;10475.705;10477.502;10470.366;10476.555;0.011898;GBR.IDXEUR
2025-08-06 22:00:00;10461.095;10475.367;10447.942;10465.782;0.041148;GBR.IDXEUR
2025-08-06 23:00:00;10465.542;10471.632;10455.533;10456.463;0.022095;GBR.IDXEUR
2025-08-07 00:00:00;10456.153;10464.102;10452.763;10457.04;0.039654;GBR.IDXEUR
2025-08-07 01:00:00;10456.842;10469.394;10455.339;10464.643;0.040554;GBR.IDXEUR
2025-08-07 02:00:00;10464.643;10468.358;10458.284;10461.001;0.030669;GBR.IDXEUR
2025-08-07 03:00:00;10461.001;10471.404;10460.384;10466.815;0.026412;GBR.IDXEUR
2025-08-07 04:00:00;10466.832;10473.307;10463.955;10472.349;0.027987;GBR.IDXEUR
2025-08-07 05:00:00;10472.161;10472.202;10462.76;10469.741;0.015516;GBR.IDXEUR
2025-08-07 06:00:00;10469.621;10478.215;10460.928;10470.01;0.111116;GBR.IDXEUR
2025-08-07 07:00:00;10469.209;10480.208;10451.615;10457.901;0.260323;GBR.IDXEUR
2025-08-07 08:00:00;10457.782;10470.095;10449.349;10456.04;0.478614;GBR.IDXEUR
2025-08-07 09:00:00;10455.562;10472.743;10452.501;10467.688;0.155181;GBR.IDXEUR
2025-08-07 10:00:00;10467.688;10471.917;10450.603;10450.827;0.195821;GBR.IDXEUR
2025-08-07 11:00:00;10450.707;10485.479;10442.982;10478.838;0.269895;GBR.IDXEUR
2025-08-07 12:00:00;10479.08;10488.842;10472.715;10484.729;0.239017;GBR.IDXEUR
2025-08-07 13:00:00;10484.609;10509.434;10483.862;10497.281;0.246222;GBR.IDXEUR
2025-08-07 14:00:00;10497.021;10512.062;10479.473;10500.319;0.436886;GBR.IDXEUR
2025-08-07 15:00:00;10499.973;10504.68;10487.163;10492.119;0.217688;GBR.IDXEUR
2025-08-07 16:00:00;10491.998;10502.9;10482.912;10490.582;0.187481;GBR.IDXEUR
2025-08-07 17:00:00;10490.339;10495.04;10474.649;10486.104;0.300824;GBR.IDXEUR
2025-08-07 18:00:00;10485.862;10488.924;10468.262;10485.211;0.171191;GBR.IDXEUR
2025-08-07 19:00:00;10484.848;10487.877;10476.722;10484.606;0.246619;GBR.IDXEUR
2025-08-07 20:00:00;10484.364;10486.197;10478.142;10483.059;0.016416;GBR.IDXEUR
2025-08-07 22:00:00;10474.997;10486.499;10472.604;10481.038;0.03471;GBR.IDXEUR
2025-08-07 23:00:00;10481.133;10482.695;10475.389;10475.389;0.0132;GBR.IDXEUR
2025-08-08 00:00:00;10473.789;10500.932;10468.784;10496.098;0.045372;GBR.IDXEUR
2025-08-08 01:00:00;10496.698;10501.88;10490.261;10497.505;0.044856;GBR.IDXEUR
2025-08-08 02:00:00;10497.704;10512.932;10497.255;10511.878;0.02556;GBR.IDXEUR
2025-08-08 03:00:00;10512.227;10512.873;10503.307;10503.481;0.025407;GBR.IDXEUR
2025-08-08 04:00:00;10503.602;10505.46;10497.635;10501.753;0.022635;GBR.IDXEUR
2025-08-08 05:00:00;10502.116;10511.922;10496.67;10497.757;0.016962;GBR.IDXEUR
2025-08-08 06:00:00;10497.671;10513.696;10493.048;10513.101;0.081276;GBR.IDXEUR
2025-08-08 07:00:00;10513.234;10527.551;10496.812;10504.061;0.359231;GBR.IDXEUR
2025-08-08 08:00:00;10504.182;10511.59;10499.853;10505.205;0.232324;GBR.IDXEUR
2025-08-08 09:00:00;10505.569;10512.943;10497.752;10507.207;0.239255;GBR.IDXEUR
2025-08-08 10:00:00;10507.474;10522.006;10507.474;10518.378;0.124262;GBR.IDXEUR
2025-08-08 11:00:00;10517.525;10518.244;10494.189;10501.234;0.147584;GBR.IDXEUR
2025-08-08 12:00:00;10500.411;10500.618;10475.005;10487.608;0.153863;GBR.IDXEUR
2025-08-08 13:00:00;10487.48;10493.419;10476.231;10477.267;0.177368;GBR.IDXEUR
2025-08-08 14:00:00;10478.251;10492.914;10471.648;10484.79;0.265775;GBR.IDXEUR
2025-08-08 15:00:00;10485.274;10495.367;10475.555;10492.047;0.174705;GBR.IDXEUR
2025-08-08 16:00:00;10492.168;10506.884;10491.58;10500.243;0.105426;GBR.IDXEUR
2025-08-08 17:00:00;10500.485;10504.423;10492.347;10500.939;0.100503;GBR.IDXEUR
2025-08-08 18:00:00;10501.477;10507.004;10500.128;10501.589;0.115462;GBR.IDXEUR
2025-08-08 19:00:00;10501.71;10508.711;10497.965;10508.076;0.165866;GBR.IDXEUR
2025-08-08 20:00:00;10507.75;10507.75;10507.75;10507.75;3.6e-05;GBR.IDXEUR
2025-08-10 22:00:00;10498.87;10505.882;10497.702;10498.553;0.033492;GBR.IDXEUR
2025-08-10 23:00:00;10498.796;10501.761;10490.566;10490.879;0.01563;GBR.IDXEUR
2025-08-11 00:00:00;10495.042;10506.542;10491.013;10503.598;0.027048;GBR.IDXEUR
2025-08-11 01:00:00;10503.571;10507.102;10500.093;10503.033;0.03051;GBR.IDXEUR
2025-08-11 02:00:00;10502.901;10503.815;10498.331;10499.907;0.029277;GBR.IDXEUR
2025-08-11 03:00:00;10499.89;10501.687;10495.483;10500.256;0.02808;GBR.IDXEUR
2025-08-11 04:00:00;10500.377;10500.377;10494.871;10498.922;0.020862;GBR.IDXEUR
2025-08-11 05:00:00;10498.801;10501.524;10495.247;10501.266;0.018162;GBR.IDXEUR
2025-08-11 06:00:00;10501.597;10520.818;10499.187;10520.193;0.106211;GBR.IDXEUR
2025-08-11 07:00:00;10520.942;10546.638;10515.053;10537.947;0.444732;GBR.IDXEUR
2025-08-11 08:00:00;10537.703;10538.326;10521.477;10530.279;0.156947;GBR.IDXEUR
2025-08-11 09:00:00;10530.184;10538.317;10522.537;10536.85;0.149505;GBR.IDXEUR
2025-08-11 10:00:00;10535.295;10540.73;10524.571;10526.588;0.153087;GBR.IDXEUR
2025-08-11 11:00:00;10526.228;10544.648;10526.076;10542.014;0.244413;GBR.IDXEUR
2025-08-11 12:00:00;10542.014;10544.152;10532.594;10539.345;0.261294;GBR.IDXEUR
2025-08-11 13:00:00;10539.345;10555.227;10536.063;10540.727;0.211884;GBR.IDXEUR
2025-08-11 14:00:00;10540.707;10561.465;10540.707;10548.733;0.391872;GBR.IDXEUR
2025-08-11 15:00:00;10547.963;10558.948;10544.71;10556.819;0.323433;GBR.IDXEUR
2025-08-11 16:00:00;10556.819;10565.416;10555.951;10559.566;0.214443;GBR.IDXEUR
2025-08-11 17:00:00;10559.81;10560.814;10548.527;10555.152;0.174636;GBR.IDXEUR
2025-08-11 18:00:00;10555.03;10561.925;10549.282;10559.453;0.173724;GBR.IDXEUR
2025-08-11 19:00:00;10559.244;10568.732;10553.139;10565.62;0.170957;GBR.IDXEUR
2025-08-11 20:00:00;10566.157;10567.276;10558.95;10558.978;0.01166;GBR.IDXEUR
2025-08-11 22:00:00;10552.459;10562.8;10552.449;10562.8;0.035052;GBR.IDXEUR
2025-08-11 23:00:00;10562.922;10563.535;10556.674;10556.674;0.019902;GBR.IDXEUR
2025-08-12 00:00:00;10555.353;10571.703;10555.23;10566.264;0.082857;GBR.IDXEUR
2025-08-12 01:00:00;10566.02;10567.155;10560.511;10565.094;0.069066;GBR.IDXEUR
2025-08-12 02:00:00;10565.338;10568.729;10563.348;10565.246;0.057702;GBR.IDXEUR
2025-08-12 03:00:00;10565.264;10569.501;10564.59;10566.787;0.039516;GBR.IDXEUR
2025-08-12 04:00:00;10566.665;10575.796;10565.191;10574.346;0.048561;GBR.IDXEUR
2025-08-12 05:00:00;10574.055;10574.652;10558.532;10571.046;0.051921;GBR.IDXEUR
2025-08-12 06:00:00;10570.191;10584.208;10569.965;10579.711;0.221568;GBR.IDXEUR
2025-08-12 07:00:00;10579.224;10609.746;10578.974;10600.003;0.409379;GBR.IDXEUR
2025-08-12 08:00:00;10600.506;10616.939;10592.84;10613.503;0.351384;GBR.IDXEUR
2025-08-12 09:00:00;10613.256;10626.825;10613.115;10614.423;0.350184;GBR.IDXEUR
2025-08-12 10:00:00;10614.423;10615.371;10595.403;10600.846;0.338636;GBR.IDXEUR
2025-08-12 11:00:00;10600.558;10600.959;10588.524;10589.458;0.334366;GBR.IDXEUR
2025-08-12 12:00:00;10588.935;10606.09;10586.653;10595.52;0.608369;GBR.IDXEUR
2025-08-12 13:00:00;10595.52;10607.076;10575.972;10578.791;0.608931;GBR.IDXEUR
2025-08-12 14:00:00;10578.017;10578.583;10549.122;10552.173;0.627998;GBR.IDXEUR
2025-08-12 15:00:00;10552.295;10595.016;10551.085;10595.016;0.427324;GBR.IDXEUR
2025-08-12 16:00:00;10594.771;10596.351;10586.527;10594.257;0.320593;GBR.IDXEUR
2025-08-12 17:00:00;10594.567;10604.507;10592.879;10604.058;0.213245;GBR.IDXEUR
2025-08-12 18:00:00;10604.058;10607.195;10595.383;10596.139;0.168476;GBR.IDXEUR
2025-08-12 19:00:00;10596.821;10602.57;10592.269;10600.401;0.179992;GBR.IDXEUR
2025-08-12 20:00:00;10600.009;10601.15;10594.739;10597.069;0.017871;GBR.IDXEUR
2025-08-12 22:00:00;10598.571;10600.093;10594.527;10595.632;0.01698;GBR.IDXEUR
2025-08-12 23:00:00;10595.361;10605.927;10595.133;10605.273;0.023541;GBR.IDXEUR
2025-08-13 00:00:00;10603.605;10603.727;10587.955;10589.431;0.037761;GBR.IDXEUR
2025-08-13 01:00:00;10589.445;10591.997;10581.501;10585.721;0.030474;GBR.IDXEUR
2025-08-13 02:00:00;10585.64;10592.674;10582.971;10591.801;0.030111;GBR.IDXEUR
2025-08-13 03:00:00;10591.928;10597.171;10588.515;10595.938;0.022692;GBR.IDXEUR
2025-08-13 04:00:00;10595.693;10601.294;10594.379;10599.742;0.020208;GBR.IDXEUR
2025-08-13 05:00:00;10600.485;10606.685;10596.776;10606.195;0.016518;GBR.IDXEUR
2025-08-13 06:00:00;10606.317;10606.661;10591.61;10599.058;0.16026;GBR.IDXEUR
2025-08-13 07:00:00;10597.754;10618.833;10594.483;10603.139;0.458506;GBR.IDXEUR
2025-08-13 08:00:00;10603.017;10609.373;10589.183;10608.566;0.286029;GBR.IDXEUR
2025-08-13 09:00:00;10608.566;10610.084;10594.706;10599.773;0.185111;GBR.IDXEUR
2025-08-13 10:00:00;10600.141;10609.024;10595.826;10606.514;0.150468;GBR.IDXEUR
2025-08-13 11:00:00;10607.076;10624.031;10601.902;10622.966;0.308088;GBR.IDXEUR
2025-08-13 12:00:00;10622.966;10624.737;10615.195;10621.159;0.304649;GBR.IDXEUR
2025-08-13 13:00:00;10621.282;10628.857;10597.753;10618.151;0.276342;GBR.IDXEUR
2025-08-13 14:00:00;10618.521;10629.948;10600.7;10602.984;0.182999;GBR.IDXEUR
2025-08-13 15:00:00;10603.107;10623.06;10601.581;10608.178;0.157237;GBR.IDXEUR
2025-08-13 16:00:00;10608.379;10624.52;10608.062;10624.301;0.096405;GBR.IDXEUR
2025-08-13 17:00:00;10624.28;10628.551;10616.946;10623.925;0.076308;GBR.IDXEUR
2025-08-13 18:00:00;10623.925;10642.161;10622.776;10636.373;0.077753;GBR.IDXEUR
2025-08-13 19:00:00;10635.637;10657.632;10634.18;10654.887;0.077383;GBR.IDXEUR
2025-08-13 20:00:00;10654.936;10656.739;10647.924;10647.924;0.010909;GBR.IDXEUR
2025-08-13 22:00:00;10615.101;10622.388;10609.295;10621.72;0.022707;GBR.IDXEUR
2025-08-13 23:00:00;10621.706;10623.091;10616.784;10617.661;0.01539;GBR.IDXEUR
2025-08-14 00:00:00;10621.803;10628.289;10617.374;10622.587;0.033765;GBR.IDXEUR
2025-08-14 01:00:00;10622.618;10626.265;10615.632;10617.875;0.043587;GBR.IDXEUR
2025-08-14 02:00:00;10618.236;10622.115;10615.739;10617.776;0.032568;GBR.IDXEUR
2025-08-14 03:00:00;10617.653;10617.803;10606.852;10608.761;0.025407;GBR.IDXEUR
2025-08-14 04:00:00;10608.515;10613.403;10608.504;10611.036;0.01818;GBR.IDXEUR
2025-08-14 05:00:00;10611.505;10612.077;10599.674;10603.101;0.014004;GBR.IDXEUR
2025-08-14 06:00:00;10602.487;10628.881;10601.657;10627.855;0.140475;GBR.IDXEUR
2025-08-14 07:00:00;10627.309;10645.233;10614.403;10637.29;0.243314;GBR.IDXEUR
2025-08-14 08:00:00;10637.537;10657.187;10632.002;10656.118;0.27964;GBR.IDXEUR
2025-08-14 09:00:00;10656.242;10660.373;10645.996;10646.872;0.163969;GBR.IDXEUR
2025-08-14 10:00:00;10646.83;10649.535;10634.348;10634.472;0.259455;GBR.IDXEUR
2025-08-14 11:00:00;10634.348;10658.3;10633.952;10655.823;0.193769;GBR.IDXEUR
2025-08-14 12:00:00;10655.576;10660.353;10636.608;10640.51;0.389383;GBR.IDXEUR
2025-08-14 13:00:00;10640.51;10647.8;10632.228;10643.976;0.382142;GBR.IDXEUR
2025-08-14 14:00:00;10643.971;10658.7;10639.891;10650.13;0.211117;GBR.IDXEUR
2025-08-14 15:00:00;10650.13;10679.512;10647.533;10675.97;0.210607;GBR.IDXEUR
2025-08-14 16:00:00;10675.846;10686.454;10670.09;10684.045;0.141681;GBR.IDXEUR
2025-08-14 17:00:00;10683.921;10698.167;10682.077;10698.014;0.096417;GBR.IDXEUR
2025-08-14 18:00:00;10697.665;10703.99;10689.103;10700.303;0.076329;GBR.IDXEUR
2025-08-14 19:00:00;10700.179;10708.993;10698.179;10705.192;0.08379;GBR.IDXEUR
2025-08-14 20:00:00;10704.728;10704.728;10695.282;10695.282;0.015222;GBR.IDXEUR
2025-08-14 22:00:00;10693.018;10694.901;10688.904;10694.685;0.014976;GBR.IDXEUR
2025-08-14 23:00:00;10694.561;10696.611;10690.881;10690.881;0.010692;GBR.IDXEUR
2025-08-15 00:00:00;10710.816;10712.821;10702.498;10708.329;0.033681;GBR.IDXEUR
2025-08-15 01:00:00;10708.329;10712.716;10704.116;10708.266;0.034866;GBR.IDXEUR
2025-08-15 02:00:00;10708.142;10713.785;10707.365;10711.412;0.024858;GBR.IDXEUR
2025-08-15 03:00:00;10710.568;10711.461;10703.518;10706.874;0.016416;GBR.IDXEUR
2025-08-15 04:00:00;10706.75;10711.233;10706.396;10709.404;0.01989;GBR.IDXEUR
2025-08-15 05:00:00;10709.145;10712.72;10707.451;10708.431;0.009333;GBR.IDXEUR
2025-08-15 06:00:00;10708.202;10716.509;10702.477;10702.477;0.095664;GBR.IDXEUR
2025-08-15 07:00:00;10701.364;10713.512;10656.15;10663.8;0.401678;GBR.IDXEUR
2025-08-15 08:00:00;10664.138;10666.825;10629.557;10631.152;0.201003;GBR.IDXEUR
2025-08-15 09:00:00;10631.39;10655.968;10627.284;10643.535;0.148954;GBR.IDXEUR
2025-08-15 10:00:00;10643.535;10664.035;10640.082;10662.855;0.245132;GBR.IDXEUR
2025-08-15 11:00:00;10662.855;10663.418;10643.312;10643.435;0.139632;GBR.IDXEUR
2025-08-15 12:00:00;10643.682;10644.859;10621.91;10621.91;0.442232;GBR.IDXEUR
2025-08-15 13:00:00;10621.91;10632.101;10601.901;10605.145;0.340156;GBR.IDXEUR
2025-08-15 14:00:00;10604.776;10604.776;10576.862;10588.001;0.39223;GBR.IDXEUR
2025-08-15 15:00:00;10588.052;10601.895;10572.774;10584.409;0.361401;GBR.IDXEUR
2025-08-15 16:00:00;10584.532;10593.431;10584.078;10586.704;0.16766;GBR.IDXEUR
2025-08-15 17:00:00;10587.072;10595.903;10585.338;10594.533;0.151794;GBR.IDXEUR
2025-08-15 18:00:00;10593.827;10597.498;10588.32;10596.106;0.131612;GBR.IDXEUR
2025-08-15 19:00:00;10595.861;10599.49;10585.235;10596.759;0.16416;GBR.IDXEUR
2025-08-15 20:00:00;10597.344;10597.344;10597.344;10597.344;8.1e-05;GBR.IDXEUR
2025-08-17 22:00:00;10591.263;10594.926;10588.137;10593.61;0.019797;GBR.IDXEUR
2025-08-17 23:00:00;10593.487;10598.657;10592.887;10596.269;0.015255;GBR.IDXEUR
2025-08-18 00:00:00;10605.293;10611.629;10597.06;10607.999;0.063399;GBR.IDXEUR
2025-08-18 01:00:00;10607.876;10614.85;10606.3;10610.803;0.053154;GBR.IDXEUR
2025-08-18 02:00:00;10610.784;10612.388;10605.644;10605.887;0.031962;GBR.IDXEUR
2025-08-18 03:00:00;10605.82;10617.591;10605.087;10614.877;0.035943;GBR.IDXEUR
2025-08-18 04:00:00;10614.873;10617.766;10613.599;10615.805;0.037467;GBR.IDXEUR
2025-08-18 05:00:00;10615.524;10620.227;10613.03;10613.803;0.023463;GBR.IDXEUR
2025-08-18 06:00:00;10614.294;10619.61;10596.028;10608.276;0.105825;GBR.IDXEUR
2025-08-18 07:00:00;10607.651;10613.738;10581.529;10589.888;0.483478;GBR.IDXEUR
2025-08-18 08:00:00;10590.478;10605.714;10589.75;10596.893;0.263538;GBR.IDXEUR
2025-08-18 09:00:00;10597.241;10599.983;10582.328;10582.45;0.17614;GBR.IDXEUR
2025-08-18 10:00:00;10582.573;10589.427;10579.116;10582.263;0.107128;GBR.IDXEUR
2025-08-18 11:00:00;10582.302;10594.158;10579.618;10589.559;0.090045;GBR.IDXEUR
2025-08-18 12:00:00;10588.822;10601.931;10585.712;10595.09;0.101481;GBR.IDXEUR
2025-08-18 13:00:00;10594.616;10610.596;10591.885;10595.571;0.137331;GBR.IDXEUR
2025-08-18 14:00:00;10596.004;10601.751;10587.052;10592.742;0.219328;GBR.IDXEUR
2025-08-18 15:00:00;10592.408;10616.347;10588.432;10613.999;0.255363;GBR.IDXEUR
2025-08-18 16:00:00;10613.999;10624.59;10613.999;10623.746;0.162351;GBR.IDXEUR
2025-08-18 17:00:00;10623.997;10632.373;10620.67;10621.853;0.132972;GBR.IDXEUR
2025-08-18 18:00:00;10621.602;10623.915;10611.548;10623.09;0.118386;GBR.IDXEUR
2025-08-18 19:00:00;10622.967;10631.275;10615.13;10624.104;0.142983;GBR.IDXEUR
2025-08-18 20:00:00;10624.266;10624.266;10619.229;10619.267;0.012081;GBR.IDXEUR
2025-08-18 22:00:00;10624.226;10631.303;10623.387;10626.407;0.02445;GBR.IDXEUR
2025-08-18 23:00:00;10626.55;10628.064;10623.095;10624.054;0.01857;GBR.IDXEUR
2025-08-19 00:00:00;10625.645;10629.008;10617.316;10627.331;0.035031;GBR.IDXEUR
2025-08-19 01:00:00;10627.328;10634.467;10624.607;10628.612;0.038538;GBR.IDXEUR
2025-08-19 02:00:00;10628.745;10630.449;10620.321;10620.921;0.032055;GBR.IDXEUR
2025-08-19 03:00:00;10621.413;10624.099;10615.78;10618.165;0.043098;GBR.IDXEUR
2025-08-19 04:00:00;10618.288;10618.34;10612.305;10613.538;0.039681;GBR.IDXEUR
2025-08-19 05:00:00;10613.334;10614.358;10605.231;10607.898;0.022653;GBR.IDXEUR
2025-08-19 06:00:00;10607.898;10617.572;10603.339;10604.055;0.121218;GBR.IDXEUR
2025-08-19 07:00:00;10604.3;10617.063;10596.759;10598.563;0.150996;GBR.IDXEUR
2025-08-19 08:00:00;10599.02;10627.275;10599.02;10626.055;0.174442;GBR.IDXEUR
2025-08-19 09:00:00;10625.831;10636.913;10622.312;10632.026;0.153915;GBR.IDXEUR
2025-08-19 10:00:00;10632.149;10633.562;10615.399;10620.992;0.18658;GBR.IDXEUR
2025-08-19 11:00:00;10621.115;10639.327;10620.841;10637.531;0.182702;GBR.IDXEUR
2025-08-19 12:00:00;10637.531;10639.351;10626.963;10633.317;0.20418;GBR.IDXEUR
2025-08-19 13:00:00;10632.723;10641.202;10614.124;10624.675;0.345666;GBR.IDXEUR
2025-08-19 14:00:00;10624.921;10640.803;10624.735;10632.428;0.606854;GBR.IDXEUR
2025-08-19 15:00:00;10632.551;10640.641;10622.004;10626.134;0.306891;GBR.IDXEUR
2025-08-19 16:00:00;10625.765;10627.973;10617.649;10625.504;0.121383;GBR.IDXEUR
2025-08-19 17:00:00;10625.192;10634.647;10615.723;10629.222;0.087608;GBR.IDXEUR
2025-08-19 18:00:00;10629.345;10629.841;10615.16;10626.043;0.08391;GBR.IDXEUR
2025-08-19 19:00:00;10625.92;10638.344;10623.71;10637.982;0.076806;GBR.IDXEUR
2025-08-19 20:00:00;10637.478;10640.022;10635.189;10637.146;0.010987;GBR.IDXEUR
2025-08-19 22:00:00;10636.484;10640.304;10631.759;10633.373;0.035523;GBR.IDXEUR
2025-08-19 23:00:00;10633.25;10636.954;10628.325;10632.747;0.035601;GBR.IDXEUR
2025-08-20 00:00:00;10632.944;10639.716;10628.401;10633.682;0.040374;GBR.IDXEUR
2025-08-20 01:00:00;10633.727;10646.656;10632.921;10643.224;0.03717;GBR.IDXEUR
2025-08-20 02:00:00;10643.135;10644.508;10637.063;10641.413;0.035268;GBR.IDXEUR
2025-08-20 03:00:00;10641.399;10642.691;10627.372;10628.205;0.028641;GBR.IDXEUR
2025-08-20 04:00:00;10628.082;10635.951;10627.003;10632.156;0.023607;GBR.IDXEUR
2025-08-20 05:00:00;10632.364;10639.825;10626.086;10636.449;0.014286;GBR.IDXEUR
2025-08-20 06:00:00;10636.202;10657.57;10629.406;10641.354;0.135762;GBR.IDXEUR
2025-08-20 07:00:00;10642.518;10652.042;10629.772;10646.888;0.286887;GBR.IDXEUR
2025-08-20 08:00:00;10646.888;10649.435;10631.592;10648.124;0.270165;GBR.IDXEUR
2025-08-20 09:00:00;10648.0;10671.106;10647.8;10670.97;0.096051;GBR.IDXEUR
2025-08-20 10:00:00;10670.268;10681.527;10665.75;10676.553;0.231804;GBR.IDXEUR
2025-08-20 11:00:00;10675.769;10694.289;10670.135;10687.998;0.20442;GBR.IDXEUR
2025-08-20 12:00:00;10687.751;10701.591;10682.241;10683.211;0.450966;GBR.IDXEUR
2025-08-20 13:00:00;10683.211;10729.22;10681.37;10726.723;0.545778;GBR.IDXEUR
2025-08-20 14:00:00;10727.045;10749.164;10726.024;10733.689;0.275592;GBR.IDXEUR
2025-08-20 15:00:00;10734.263;10746.469;10714.52;10726.868;0.225248;GBR.IDXEUR
2025-08-20 16:00:00;10726.502;10740.979;10726.199;10740.272;0.173152;GBR.IDXEUR
2025-08-20 17:00:00;10740.267;10744.806;10730.058;10732.534;0.227997;GBR.IDXEUR
2025-08-20 18:00:00;10732.41;10743.48;10725.457;10740.903;0.259452;GBR.IDXEUR
2025-08-20 19:00:00;10741.027;10753.221;10740.971;10746.922;0.200368;GBR.IDXEUR
2025-08-20 20:00:00;10746.573;10746.697;10741.678;10745.486;0.014322;GBR.IDXEUR
2025-08-20 22:00:00;10747.231;10751.095;10741.945;10743.763;0.020082;GBR.IDXEUR
2025-08-20 23:00:00;10743.489;10753.583;10740.62;10752.253;0.014208;GBR.IDXEUR
2025-08-21 00:00:00;10756.429;10759.07;10745.643;10749.179;0.037008;GBR.IDXEUR
2025-08-21 01:00:00;10749.193;10757.47;10748.561;10756.123;0.037881;GBR.IDXEUR
2025-08-21 02:00:00;10756.372;10756.436;10750.882;10753.497;0.026181;GBR.IDXEUR
2025-08-21 03:00:00;10753.373;10755.276;10749.05;10750.641;0.017706;GBR.IDXEUR
2025-08-21 04:00:00;10750.665;10752.152;10740.419;10740.936;0.017655;GBR.IDXEUR
2025-08-21 05:00:00;10740.688;10744.26;10735.215;10738.908;0.011277;GBR.IDXEUR
2025-08-21 06:00:00;10738.66;10760.944;10738.656;10750.716;0.031483;GBR.IDXEUR
2025-08-21 07:00:00;10751.226;10754.035;10720.04;10720.5;0.410431;GBR.IDXEUR
2025-08-21 08:00:00;10720.623;10741.866;10718.058;10725.504;0.26575;GBR.IDXEUR
2025-08-21 09:00:00;10726.117;10730.977;10718.02;10719.41;0.220364;GBR.IDXEUR
2025-08-21 10:00:00;10719.286;10719.41;10702.753;10710.401;0.21353;GBR.IDXEUR
2025-08-21 11:00:00;10710.129;10720.461;10704.849;10716.195;0.325386;GBR.IDXEUR
2025-08-21 12:00:00;10716.071;10727.628;10705.16;10709.272;0.31285;GBR.IDXEUR
2025-08-21 13:00:00;10709.643;10742.933;10707.643;10737.771;0.280077;GBR.IDXEUR
2025-08-21 14:00:00;10737.534;10766.65;10737.176;10754.664;0.141148;GBR.IDXEUR
2025-08-21 15:00:00;10754.464;10764.641;10748.345;10751.263;0.087241;GBR.IDXEUR
2025-08-21 16:00:00;10751.263;10762.758;10745.611;10753.287;0.042681;GBR.IDXEUR
2025-08-21 17:00:00;10753.462;10764.37;10746.335;10762.117;0.040581;GBR.IDXEUR
2025-08-21 18:00:00;10761.756;10769.191;10758.479;10767.087;0.032436;GBR.IDXEUR
2025-08-21 19:00:00;10766.594;10770.043;10758.189;10766.146;0.044341;GBR.IDXEUR
2025-08-21 20:00:00;10766.277;10767.517;10762.47;10767.517;0.005943;GBR.IDXEUR
2025-08-21 22:00:00;10766.971;10775.577;10766.601;10770.762;0.027459;GBR.IDXEUR
2025-08-21 23:00:00;10770.772;10774.612;10768.835;10772.697;0.018516;GBR.IDXEUR
2025-08-22 00:00:00;10772.846;10773.309;10753.88;10764.587;0.034758;GBR.IDXEUR
2025-08-22 01:00:00;10764.611;10768.393;10760.766;10762.111;0.030942;GBR.IDXEUR
2025-08-22 02:00:00;10762.236;10767.88;10758.771;10759.54;0.019746;GBR.IDXEUR
2025-08-22 03:00:00;10759.578;10769.982;10756.256;10766.467;0.024432;GBR.IDXEUR
2025-08-22 04:00:00;10766.24;10771.398;10764.962;10767.908;0.017487;GBR.IDXEUR
2025-08-22 05:00:00;10767.659;10768.108;10759.214;10762.967;0.009522;GBR.IDXEUR
2025-08-22 06:00:00;10762.718;10763.157;10748.303;10752.466;0.029017;GBR.IDXEUR
2025-08-22 07:00:00;10753.895;10758.601;10734.23;10748.931;0.199089;GBR.IDXEUR
2025-08-22 08:00:00;10748.931;10772.355;10748.931;10769.755;0.050061;GBR.IDXEUR
2025-08-22 09:00:00;10769.879;10777.588;10762.404;10762.984;0.024285;GBR.IDXEUR
2025-08-22 10:00:00;10762.938;10782.462;10757.504;10781.525;0.031412;GBR.IDXEUR
2025-08-22 11:00:00;10781.401;10786.427;10764.026;10768.821;0.02858;GBR.IDXEUR
2025-08-22 12:00:00;10768.946;10773.87;10760.489;10766.24;0.28873;GBR.IDXEUR
2025-08-22 13:00:00;10764.991;10811.288;10764.497;10801.939;0.282703;GBR.IDXEUR
2025-08-22 14:00:00;10801.336;10810.338;10772.563;10784.873;0.673174;GBR.IDXEUR
2025-08-22 15:00:00;10784.998;10786.7;10760.951;10766.089;0.85043;GBR.IDXEUR
2025-08-22 16:00:00;10766.811;10778.678;10759.002;10762.808;0.50226;GBR.IDXEUR
2025-08-22 17:00:00;10762.56;10768.677;10757.583;10759.903;0.297327;GBR.IDXEUR
2025-08-22 18:00:00;10760.275;10773.22;10758.881;10772.407;0.28972;GBR.IDXEUR
2025-08-22 19:00:00;10772.283;10777.816;10767.288;10772.33;0.252804;GBR.IDXEUR
2025-08-22 20:00:00;10772.33;10772.33;10772.33;10772.33;0.00015;GBR.IDXEUR
2025-08-24 22:00:00;10771.113;10773.485;10766.006;10771.035;0.021492;GBR.IDXEUR
2025-08-24 23:00:00;10771.159;10773.199;10767.315;10769.18;0.017592;GBR.IDXEUR
2025-08-25 00:00:00;10769.18;10775.617;10761.702;10764.869;0.026748;GBR.IDXEUR
2025-08-25 01:00:00;10764.745;10766.87;10750.879;10755.179;0.016752;GBR.IDXEUR
2025-08-25 02:00:00;10755.179;10761.361;10754.682;10760.644;0.013116;GBR.IDXEUR
2025-08-25 03:00:00;10760.071;10765.659;10757.661;10763.323;0.009468;GBR.IDXEUR
2025-08-25 04:00:00;10763.199;10767.021;10760.833;10764.337;0.007164;GBR.IDXEUR
2025-08-25 05:00:00;10764.461;10774.239;10761.749;10774.239;0.007956;GBR.IDXEUR
2025-08-25 06:00:00;10774.363;10774.363;10752.594;10755.207;0.023412;GBR.IDXEUR
2025-08-25 07:00:00;10757.652;10762.729;10739.45;10761.278;0.026892;GBR.IDXEUR
2025-08-25 08:00:00;10761.278;10761.796;10745.447;10751.964;0.020232;GBR.IDXEUR
2025-08-25 09:00:00;10752.088;10754.955;10744.995;10752.68;0.01734;GBR.IDXEUR
2025-08-25 10:00:00;10752.804;10761.675;10747.02;10758.114;0.015564;GBR.IDXEUR
2025-08-25 11:00:00;10757.99;10771.139;10756.848;10765.764;0.022596;GBR.IDXEUR
2025-08-25 12:00:00;10765.764;10766.79;10755.323;10758.096;0.023508;GBR.IDXEUR
2025-08-25 13:00:00;10758.469;10772.395;10758.469;10771.18;0.02172;GBR.IDXEUR
2025-08-25 14:00:00;10770.005;10775.974;10738.299;10761.38;0.031272;GBR.IDXEUR
2025-08-25 15:00:00;10761.131;10770.459;10749.883;10770.01;0.032436;GBR.IDXEUR
2025-08-25 16:00:00;10770.134;10787.35;10769.491;10784.364;0.016284;GBR.IDXEUR
2025-08-25 17:00:00;10784.614;10787.013;10775.833;10778.315;0.014208;GBR.IDXEUR
2025-08-25 18:00:00;10778.191;10792.028;10773.99;10789.997;0.01836;GBR.IDXEUR
2025-08-25 19:00:00;10789.872;10796.053;10785.542;10786.858;0.018564;GBR.IDXEUR
2025-08-25 20:00:00;10786.601;10790.121;10785.44;10786.164;0.007632;GBR.IDXEUR
2025-08-25 22:00:00;10785.203;10795.533;10783.805;10794.26;0.0105;GBR.IDXEUR
2025-08-25 23:00:00;10794.611;10797.068;10792.59;10795.392;0.00972;GBR.IDXEUR
2025-08-26 00:00:00;10801.683;10801.852;10745.022;10766.832;0.077471;GBR.IDXEUR
2025-08-26 01:00:00;10766.827;10772.57;10750.906;10754.864;0.047802;GBR.IDXEUR
2025-08-26 02:00:00;10754.844;10762.153;10754.654;10757.762;0.033054;GBR.IDXEUR
2025-08-26 03:00:00;10758.011;10758.442;10746.857;10755.169;0.027378;GBR.IDXEUR
2025-08-26 04:00:00;10755.401;10760.345;10750.958;10752.988;0.023424;GBR.IDXEUR
2025-08-26 05:00:00;10753.065;10765.258;10751.233;10760.427;0.017466;GBR.IDXEUR
2025-08-26 09:00:00;10735.327;10741.376;10718.336;10723.279;0.223509;GBR.IDXEUR
2025-08-26 10:00:00;10724.304;10739.426;10718.419;10733.073;0.202023;GBR.IDXEUR
2025-08-26 11:00:00;10733.197;10743.891;10728.225;10741.239;0.115362;GBR.IDXEUR
2025-08-26 12:00:00;10741.239;10755.454;10739.887;10745.837;0.34735;GBR.IDXEUR
2025-08-26 13:00:00;10745.713;10751.776;10711.173;10722.094;0.177403;GBR.IDXEUR
2025-08-26 14:00:00;10722.094;10729.017;10708.883;10712.084;0.263658;GBR.IDXEUR
2025-08-26 15:00:00;10712.332;10731.705;10701.04;10728.495;0.246962;GBR.IDXEUR
2025-08-26 16:00:00;10728.247;10735.501;10725.216;10732.575;0.173225;GBR.IDXEUR
2025-08-26 17:00:00;10732.326;10747.168;10728.206;10746.698;0.138161;GBR.IDXEUR
2025-08-26 18:00:00;10746.947;10757.013;10743.855;10752.307;0.119232;GBR.IDXEUR
2025-08-26 19:00:00;10752.431;10767.375;10749.581;10761.96;0.163701;GBR.IDXEUR
2025-08-26 20:00:00;10761.821;10765.118;10757.426;10764.209;0.010044;GBR.IDXEUR
2025-08-26 22:00:00;10759.116;10765.714;10757.191;10763.734;0.012894;GBR.IDXEUR
2025-08-26 23:00:00;10763.734;10765.975;10762.652;10765.464;0.008985;GBR.IDXEUR
2025-08-27 00:00:00;10768.426;10777.119;10756.063;10760.994;0.024348;GBR.IDXEUR
2025-08-27 01:00:00;10760.994;10765.361;10759.196;10764.21;0.027132;GBR.IDXEUR
2025-08-27 02:00:00;10764.185;10772.622;10759.576;10760.973;0.021174;GBR.IDXEUR
2025-08-27 03:00:00;10760.939;10770.825;10760.562;10770.7;0.013806;GBR.IDXEUR
2025-08-27 04:00:00;10770.7;10777.337;10769.232;10774.235;0.015981;GBR.IDXEUR
2025-08-27 05:00:00;10774.11;10774.512;10760.83;10761.291;0.010116;GBR.IDXEUR
2025-08-27 06:00:00;10761.416;10766.593;10756.57;10758.603;0.075674;GBR.IDXEUR
2025-08-27 07:00:00;10758.603;10779.852;10750.852;10766.016;0.21597;GBR.IDXEUR
2025-08-27 08:00:00;10765.981;10771.479;10752.607;10760.077;0.166011;GBR.IDXEUR
2025-08-27 09:00:00;10760.077;10764.434;10745.712;10746.322;0.155074;GBR.IDXEUR
2025-08-27 10:00:00;10746.802;10757.998;10741.705;10746.304;0.127398;GBR.IDXEUR
2025-08-27 11:00:00;10744.232;10751.536;10735.289;10736.821;0.190941;GBR.IDXEUR
2025-08-27 12:00:00;10737.07;10741.263;10721.338;10728.419;0.301918;GBR.IDXEUR
2025-08-27 13:00:00;10728.16;10743.537;10711.578;10731.445;0.40814;GBR.IDXEUR
2025-08-27 14:00:00;10731.445;10738.955;10715.377;10728.411;0.293004;GBR.IDXEUR
2025-08-27 15:00:00;10728.66;10749.792;10728.535;10735.781;0.217623;GBR.IDXEUR
2025-08-27 16:00:00;10735.781;10742.018;10726.13;10729.692;0.228111;GBR.IDXEUR
2025-08-27 17:00:00;10729.692;10738.171;10723.393;10736.274;0.139275;GBR.IDXEUR
2025-08-27 18:00:00;10736.399;10740.656;10728.999;10738.915;0.108018;GBR.IDXEUR
2025-08-27 19:00:00;10739.039;10750.135;10735.778;10740.276;0.10221;GBR.IDXEUR
2025-08-27 20:00:00;10740.481;10740.481;10733.208;10737.908;0.014883;GBR.IDXEUR
2025-08-27 22:00:00;10724.286;10725.549;10716.248;10718.356;0.046023;GBR.IDXEUR
2025-08-27 23:00:00;10718.483;10720.603;10715.424;10717.769;0.02856;GBR.IDXEUR
2025-08-28 00:00:00;10736.438;10746.719;10723.844;10744.228;0.03255;GBR.IDXEUR
2025-08-28 01:00:00;10743.676;10747.86;10736.87;10746.155;0.026028;GBR.IDXEUR
2025-08-28 02:00:00;10746.404;10749.045;10745.159;10747.44;0.02298;GBR.IDXEUR
2025-08-28 03:00:00;10747.767;10755.666;10746.681;10751.526;0.02079;GBR.IDXEUR
2025-08-28 04:00:00;10751.526;10758.256;10749.608;10756.669;0.015438;GBR.IDXEUR
2025-08-28 05:00:00;10756.547;10756.793;10745.609;10750.335;0.011943;GBR.IDXEUR
2025-08-28 06:00:00;10749.036;10759.584;10744.586;10748.82;0.149358;GBR.IDXEUR
2025-08-28 07:00:00;10747.203;10753.117;10722.742;10726.967;0.329742;GBR.IDXEUR
2025-08-28 08:00:00;10727.216;10727.216;10696.739;10698.308;0.376344;GBR.IDXEUR
2025-08-28 09:00:00;10699.229;10702.839;10685.592;10688.351;0.195144;GBR.IDXEUR
2025-08-28 10:00:00;10688.227;10688.351;10670.459;10678.153;0.116496;GBR.IDXEUR
2025-08-28 11:00:00;10678.021;10695.053;10675.164;10692.788;0.231546;GBR.IDXEUR
2025-08-28 12:00:00;10692.541;10698.927;10670.476;10680.935;0.369767;GBR.IDXEUR
2025-08-28 13:00:00;10680.808;10688.81;10657.424;10668.302;0.213012;GBR.IDXEUR
2025-08-28 14:00:00;10668.673;10677.039;10663.584;10671.796;0.202123;GBR.IDXEUR
2025-08-28 15:00:00;10671.796;10692.078;10666.981;10691.164;0.19535;GBR.IDXEUR
2025-08-28 16:00:00;10691.164;10692.571;10672.406;10673.295;0.095094;GBR.IDXEUR
2025-08-28 17:00:00;10673.418;10674.431;10664.503;10673.712;0.063204;GBR.IDXEUR
2025-08-28 18:00:00;10674.386;10676.449;10669.231;10671.99;0.051108;GBR.IDXEUR
2025-08-28 19:00:00;10671.488;10677.156;10666.08;10671.474;0.053447;GBR.IDXEUR
2025-08-28 20:00:00;10671.001;10671.124;10666.322;10668.378;0.00831;GBR.IDXEUR
2025-08-28 22:00:00;10668.822;10670.465;10664.126;10666.356;0.026676;GBR.IDXEUR
2025-08-28 23:00:00;10666.479;10667.194;10661.778;10665.168;0.014916;GBR.IDXEUR
2025-08-29 00:00:00;10668.487;10680.949;10667.537;10675.607;0.025797;GBR.IDXEUR
2025-08-29 01:00:00;10675.913;10678.996;10670.128;10673.078;0.031662;GBR.IDXEUR
2025-08-29 02:00:00;10673.116;10686.966;10673.059;10684.182;0.024534;GBR.IDXEUR
2025-08-29 03:00:00;10684.306;10690.025;10682.69;10684.694;0.016815;GBR.IDXEUR
2025-08-29 04:00:00;10684.818;10686.324;10680.941;10681.647;0.016026;GBR.IDXEUR
2025-08-29 05:00:00;10682.016;10684.259;10674.221;10678.285;0.009681;GBR.IDXEUR
2025-08-29 06:00:00;10678.285;10688.891;10657.076;10658.627;0.09663;GBR.IDXEUR
2025-08-29 07:00:00;10658.75;10658.75;10622.296;10625.966;0.262905;GBR.IDXEUR
2025-08-29 08:00:00;10625.843;10629.182;10592.047;10596.462;0.160289;GBR.IDXEUR
2025-08-29 09:00:00;10596.34;10614.985;10590.91;10607.096;0.21216;GBR.IDXEUR
2025-08-29 10:00:00;10606.973;10610.417;10595.358;10604.547;0.117873;GBR.IDXEUR
2025-08-29 11:00:00;10604.425;10612.733;10597.541;10605.916;0.112538;GBR.IDXEUR
2025-08-29 12:00:00;10605.768;10633.874;10604.524;10631.622;0.220995;GBR.IDXEUR
2025-08-29 13:00:00;10631.499;10646.776;10623.945;10633.955;0.188049;GBR.IDXEUR
2025-08-29 14:00:00;10633.341;10642.577;10609.496;10618.05;0.465144;GBR.IDXEUR
2025-08-29 15:00:00;10618.05;10630.363;10602.987;10611.999;0.420387;GBR.IDXEUR
2025-08-29 16:00:00;10612.122;10620.423;10607.266;10612.235;0.214589;GBR.IDXEUR
2025-08-29 17:00:00;10612.389;10624.562;10609.464;10620.072;0.167563;GBR.IDXEUR
2025-08-29 18:00:00;10619.528;10622.1;10611.69;10615.869;0.11556;GBR.IDXEUR
2025-08-29 19:00:00;10615.869;10628.717;10613.119;10621.256;0.168466;GBR.IDXEUR
2025-08-29 20:00:00;10621.312;10621.312;10621.312;10621.312;8.1e-05;GBR.IDXEUR
2025-08-31 22:00:00;10623.139;10631.827;10622.325;10631.079;0.030609;GBR.IDXEUR
2025-08-31 23:00:00;10630.833;10634.278;10628.438;10628.881;0.011991;GBR.IDXEUR
2025-09-01 00:00:00;10632.665;10644.748;10627.218;10642.569;0.053454;GBR.IDXEUR
2025-09-01 01:00:00;10642.489;10642.811;10627.417;10627.716;0.062382;GBR.IDXEUR
2025-09-01 02:00:00;10627.716;10628.225;10614.477;10620.472;0.06582;GBR.IDXEUR
2025-09-01 03:00:00;10620.35;10622.538;10612.61;10616.09;0.056322;GBR.IDXEUR
2025-09-01 04:00:00;10616.09;10623.572;10612.924;10620.487;0.044064;GBR.IDXEUR
2025-09-01 05:00:00;10620.365;10627.858;10615.335;10625.257;0.021204;GBR.IDXEUR
2025-09-01 06:00:00;10624.818;10635.122;10612.653;10626.913;0.173898;GBR.IDXEUR
2025-09-01 07:00:00;10627.028;10649.261;10621.493;10623.212;0.273616;GBR.IDXEUR
2025-09-01 08:00:00;10623.335;10641.524;10622.633;10633.469;0.195106;GBR.IDXEUR
2025-09-01 09:00:00;10633.224;10633.563;10619.579;10630.391;0.157017;GBR.IDXEUR
2025-09-01 10:00:00;10630.637;10633.91;10607.152;10608.037;0.093413;GBR.IDXEUR
2025-09-01 11:00:00;10607.915;10622.757;10606.952;10622.057;0.174053;GBR.IDXEUR
2025-09-01 12:00:00;10622.18;10631.275;10615.187;10631.023;0.103451;GBR.IDXEUR
2025-09-01 13:00:00;10630.785;10631.595;10616.483;10627.61;0.199242;GBR.IDXEUR
2025-09-01 14:00:00;10627.302;10637.718;10617.505;10621.022;0.178275;GBR.IDXEUR
2025-09-01 15:00:00;10620.899;10645.437;10618.082;10642.633;0.206622;GBR.IDXEUR
2025-09-01 16:00:00;10642.387;10642.387;10635.463;10635.951;0.082698;GBR.IDXEUR
2025-09-01 17:00:00;10635.951;10640.289;10635.521;10638.984;0.024315;GBR.IDXEUR
2025-09-01 18:00:00;10638.614;10638.975;10635.307;10638.197;0.023225;GBR.IDXEUR
2025-09-01 19:00:00;10637.951;10639.967;10634.267;10639.967;0.033462;GBR.IDXEUR
2025-09-01 22:00:00;10635.348;10636.959;10627.349;10627.933;0.021432;GBR.IDXEUR
2025-09-01 23:00:00;10627.81;10628.654;10621.274;10625.955;0.02388;GBR.IDXEUR
2025-09-02 00:00:00;10627.307;10645.867;10627.307;10644.453;0.060927;GBR.IDXEUR
2025-09-02 01:00:00;10644.453;10652.389;10643.273;10646.94;0.048843;GBR.IDXEUR
2025-09-02 02:00:00;10646.702;10652.516;10635.437;10640.363;0.060303;GBR.IDXEUR
2025-09-02 03:00:00;10640.609;10640.724;10631.221;10638.968;0.039099;GBR.IDXEUR
2025-09-02 04:00:00;10639.091;10640.652;10632.17;10634.067;0.030834;GBR.IDXEUR
2025-09-02 05:00:00;10634.096;10634.348;10614.365;10618.489;0.020103;GBR.IDXEUR
2025-09-02 06:00:00;10619.108;10630.186;10614.148;10618.367;0.100764;GBR.IDXEUR
2025-09-02 07:00:00;10618.367;10620.992;10514.842;10528.863;0.558152;GBR.IDXEUR
2025-09-02 08:00:00;10528.741;10562.094;10523.9;10552.326;0.48807;GBR.IDXEUR
2025-09-02 09:00:00;10553.251;10557.7;10536.706;10550.404;0.279471;GBR.IDXEUR
2025-09-02 10:00:00;10550.283;10555.869;10525.362;10531.732;0.159448;GBR.IDXEUR
2025-09-02 11:00:00;10531.7;10534.529;10503.254;10507.375;0.176589;GBR.IDXEUR
2025-09-02 12:00:00;10507.823;10512.017;10469.978;10473.195;0.261757;GBR.IDXEUR
2025-09-02 13:00:00;10472.802;10518.73;10460.834;10518.73;0.283531;GBR.IDXEUR
2025-09-02 14:00:00;10519.065;10527.643;10493.313;10502.117;0.293284;GBR.IDXEUR
2025-09-02 15:00:00;10502.371;10505.645;10458.755;10463.563;0.28054;GBR.IDXEUR
2025-09-02 16:00:00;10463.443;10493.299;10459.917;10492.887;0.28382;GBR.IDXEUR
2025-09-02 17:00:00;10492.985;10510.025;10485.389;10505.606;0.203598;GBR.IDXEUR
2025-09-02 18:00:00;10505.163;10512.516;10497.192;10506.499;0.189117;GBR.IDXEUR
2025-09-02 19:00:00;10506.376;10535.399;10506.376;10531.752;0.185254;GBR.IDXEUR
2025-09-02 20:00:00;10531.631;10550.593;10529.463;10544.932;0.029289;GBR.IDXEUR
2025-09-02 22:00:00;10543.232;10546.768;10531.189;10532.85;0.035292;GBR.IDXEUR
2025-09-02 23:00:00;10532.729;10535.415;10529.191;10529.853;0.022458;GBR.IDXEUR
2025-09-03 00:00:00;10532.623;10534.545;10519.908;10524.196;0.02931;GBR.IDXEUR
2025-09-03 01:00:00;10524.206;10524.206;10516.225;10518.315;0.029502;GBR.IDXEUR
2025-09-03 02:00:00;10518.322;10518.467;10507.624;10509.587;0.023091;GBR.IDXEUR
2025-09-03 03:00:00;10509.563;10511.703;10496.708;10497.283;0.026163;GBR.IDXEUR
2025-09-03 04:00:00;10497.293;10498.671;10489.594;10492.432;0.02247;GBR.IDXEUR
2025-09-03 05:00:00;10492.311;10492.922;10478.959;10479.806;0.019434;GBR.IDXEUR
2025-09-03 06:00:00;10479.451;10497.003;10479.337;10495.825;0.105302;GBR.IDXEUR
2025-09-03 07:00:00;10496.023;10507.716;10466.489;10499.255;0.385878;GBR.IDXEUR
2025-09-03 08:00:00;10499.617;10530.048;10494.983;10525.111;0.279517;GBR.IDXEUR
2025-09-03 09:00:00;10524.869;10537.302;10518.964;10536.246;0.321277;GBR.IDXEUR
2025-09-03 10:00:00;10536.367;10558.627;10533.544;10549.019;0.14021;GBR.IDXEUR
2025-09-03 11:00:00;10549.141;10554.721;10542.338;10551.019;0.171529;GBR.IDXEUR
2025-09-03 12:00:00;10551.019;10552.441;10527.992;10530.622;0.358179;GBR.IDXEUR
2025-09-03 13:00:00;10530.864;10564.407;10526.45;10530.569;0.377361;GBR.IDXEUR
2025-09-03 14:00:00;10530.084;10553.589;10522.576;10550.098;0.24896;GBR.IDXEUR
2025-09-03 15:00:00;10550.218;10574.004;10546.28;10568.957;0.323529;GBR.IDXEUR
2025-09-03 16:00:00;10568.592;10571.693;10548.967;10554.048;0.250984;GBR.IDXEUR
2025-09-03 17:00:00;10554.412;10566.43;10553.389;10557.397;0.233514;GBR.IDXEUR
2025-09-03 18:00:00;10557.275;10568.518;10555.334;10562.21;0.24705;GBR.IDXEUR
2025-09-03 19:00:00;10562.21;10587.644;10558.506;10584.011;0.208932;GBR.IDXEUR
2025-09-03 20:00:00;10583.743;10586.528;10580.4;10585.495;0.014351;GBR.IDXEUR
2025-09-03 22:00:00;10582.011;10584.584;10578.043;10580.266;0.01329;GBR.IDXEUR
2025-09-03 23:00:00;10580.273;10585.997;10579.448;10579.777;0.009171;GBR.IDXEUR
2025-09-04 00:00:00;10580.431;10596.758;10580.431;10594.306;0.074811;GBR.IDXEUR
2025-09-04 01:00:00;10594.292;10594.95;10582.324;10586.653;0.064812;GBR.IDXEUR
2025-09-04 02:00:00;10586.517;10592.434;10580.636;10581.933;0.055983;GBR.IDXEUR
2025-09-04 03:00:00;10582.635;10583.359;10577.286;10582.246;0.041604;GBR.IDXEUR
2025-09-04 04:00:00;10582.365;10589.03;10581.869;10588.443;0.033036;GBR.IDXEUR
2025-09-04 05:00:00;10588.494;10590.146;10578.245;10580.736;0.025974;GBR.IDXEUR
2025-09-04 06:00:00;10581.102;10593.825;10573.135;10573.135;0.142467;GBR.IDXEUR
2025-09-04 07:00:00;10572.793;10600.48;10553.241;10592.979;0.575237;GBR.IDXEUR
2025-09-04 08:00:00;10592.979;10600.169;10585.691;10592.317;0.30484;GBR.IDXEUR
2025-09-04 09:00:00;10592.317;10616.119;10588.112;10612.923;0.265678;GBR.IDXEUR
2025-09-04 10:00:00;10612.923;10629.624;10608.745;10610.928;0.245771;GBR.IDXEUR
2025-09-04 11:00:00;10610.806;10616.409;10604.877;10611.987;0.202468;GBR.IDXEUR
2025-09-04 12:00:00;10612.581;10624.513;10604.257;10622.747;0.381269;GBR.IDXEUR
2025-09-04 13:00:00;10622.631;10643.561;10609.484;10639.864;0.26833;GBR.IDXEUR
2025-09-04 14:00:00;10639.373;10648.482;10622.702;10646.012;0.259896;GBR.IDXEUR
2025-09-04 15:00:00;10646.135;10646.135;10624.256;10627.069;0.245451;GBR.IDXEUR
2025-09-04 16:00:00;10626.824;10635.67;10626.186;10629.556;0.193788;GBR.IDXEUR
2025-09-04 17:00:00;10629.373;10646.1;10628.848;10642.931;0.13833;GBR.IDXEUR
2025-09-04 18:00:00;10642.858;10645.068;10634.071;10634.903;0.118503;GBR.IDXEUR
2025-09-04 19:00:00;10635.026;10648.418;10632.951;10645.621;0.142722;GBR.IDXEUR
2025-09-04 20:00:00;10646.233;10647.985;10640.603;10646.34;0.014868;GBR.IDXEUR
2025-09-04 22:00:00;10644.027;10650.398;10643.829;10649.993;0.021981;GBR.IDXEUR
2025-09-04 23:00:00;10649.993;10652.039;10648.047;10649.905;0.01212;GBR.IDXEUR
2025-09-05 00:00:00;10648.817;10648.949;10640.93;10645.697;0.033363;GBR.IDXEUR
2025-09-05 01:00:00;10645.553;10646.63;10634.231;10636.191;0.024648;GBR.IDXEUR
2025-09-05 02:00:00;10636.215;10641.478;10632.958;10640.749;0.015291;GBR.IDXEUR
2025-09-05 03:00:00;10640.623;10641.794;10633.975;10638.548;0.017352;GBR.IDXEUR
2025-09-05 04:00:00;10638.572;10641.623;10636.895;10637.849;0.014094;GBR.IDXEUR
2025-09-05 05:00:00;10637.955;10654.749;10635.607;10647.387;0.008226;GBR.IDXEUR
2025-09-05 06:00:00;10647.387;10660.866;10643.084;10643.954;0.102968;GBR.IDXEUR
2025-09-05 07:00:00;10643.691;10657.553;10624.075;10653.611;0.253975;GBR.IDXEUR
2025-09-05 08:00:00;10653.734;10673.285;10649.851;10651.035;0.197177;GBR.IDXEUR
2025-09-05 09:00:00;10651.158;10661.429;10645.986;10661.429;0.211493;GBR.IDXEUR
2025-09-05 10:00:00;10661.141;10663.892;10648.923;10653.637;0.179327;GBR.IDXEUR
2025-09-05 11:00:00;10654.037;10666.436;10651.592;10651.592;0.227025;GBR.IDXEUR
2025-09-05 12:00:00;10651.224;10665.825;10631.069;10657.682;0.630451;GBR.IDXEUR
2025-09-05 13:00:00;10657.436;10675.45;10647.182;10650.394;0.590948;GBR.IDXEUR
2025-09-05 14:00:00;10650.573;10651.137;10595.316;10595.665;0.621765;GBR.IDXEUR
2025-09-05 15:00:00;10595.295;10621.305;10594.828;10600.205;0.471409;GBR.IDXEUR
2025-09-05 16:00:00;10600.517;10616.841;10600.408;10614.063;0.349636;GBR.IDXEUR
2025-09-05 17:00:00;10614.749;10618.972;10601.056;10612.165;0.267899;GBR.IDXEUR
2025-09-05 18:00:00;10611.609;10630.274;10609.167;10628.278;0.214732;GBR.IDXEUR
2025-09-05 19:00:00;10628.424;10638.119;10622.262;10630.753;0.231006;GBR.IDXEUR
2025-09-05 20:00:00;10630.326;10630.326;10630.081;10630.081;0.000162;GBR.IDXEUR
2025-09-07 22:00:00;10617.973;10635.466;10613.876;10634.034;0.037182;GBR.IDXEUR
2025-09-07 23:00:00;10634.027;10639.786;10631.017;10637.955;0.048525;GBR.IDXEUR
2025-09-08 00:00:00;10643.987;10644.658;10632.497;10635.486;0.035607;GBR.IDXEUR
2025-09-08 01:00:00;10635.609;10648.617;10634.948;10644.046;0.031848;GBR.IDXEUR
2025-09-08 02:00:00;10644.511;10646.076;10635.337;10642.211;0.028377;GBR.IDXEUR
2025-09-08 03:00:00;10641.965;10647.009;10640.567;10644.261;0.018948;GBR.IDXEUR
2025-09-08 04:00:00;10644.282;10644.996;10636.798;10639.318;0.019788;GBR.IDXEUR
2025-09-08 05:00:00;10639.072;10640.611;10630.379;10633.104;0.01146;GBR.IDXEUR
2025-09-08 06:00:00;10633.342;10652.297;10632.061;10645.348;0.109699;GBR.IDXEUR
2025-09-08 07:00:00;10645.471;10646.05;10615.899;10620.152;0.266997;GBR.IDXEUR
2025-09-08 08:00:00;10619.771;10628.543;10616.23;10622.558;0.108586;GBR.IDXEUR
2025-09-08 09:00:00;10622.558;10630.539;10616.621;10624.69;0.154582;GBR.IDXEUR
2025-09-08 10:00:00;10625.026;10644.046;10624.069;10643.403;0.116905;GBR.IDXEUR
2025-09-08 11:00:00;10643.28;10643.28;10620.916;10631.691;0.170433;GBR.IDXEUR
2025-09-08 12:00:00;10631.691;10652.805;10631.033;10642.237;0.154728;GBR.IDXEUR
2025-09-08 13:00:00;10642.605;10643.254;10600.755;10600.773;0.190716;GBR.IDXEUR
2025-09-08 14:00:00;10600.713;10618.292;10588.701;10612.121;0.204353;GBR.IDXEUR
2025-09-08 15:00:00;10612.121;10646.246;10611.215;10623.928;0.446955;GBR.IDXEUR
2025-09-08 16:00:00;10623.928;10629.163;10618.325;10626.532;0.123156;GBR.IDXEUR
2025-09-08 17:00:00;10626.257;10627.629;10609.827;10612.239;0.088212;GBR.IDXEUR
2025-09-08 18:00:00;10612.497;10634.046;10607.987;10632.088;0.086952;GBR.IDXEUR
2025-09-08 19:00:00;10630.742;10637.066;10615.42;10630.899;0.110967;GBR.IDXEUR
2025-09-08 20:00:00;10631.022;10632.083;10628.446;10631.888;0.006042;GBR.IDXEUR
2025-09-08 22:00:00;10624.316;10633.35;10620.874;10632.996;0.014184;GBR.IDXEUR
2025-09-08 23:00:00;10632.996;10633.115;10624.392;10624.738;0.013419;GBR.IDXEUR
2025-09-09 00:00:00;10631.671;10635.246;10621.48;10632.515;0.026004;GBR.IDXEUR
2025-09-09 01:00:00;10632.059;10633.718;10622.392;10630.168;0.026685;GBR.IDXEUR
2025-09-09 02:00:00;10630.262;10639.443;10629.604;10635.881;0.020916;GBR.IDXEUR
2025-09-09 03:00:00;10636.126;10639.895;10634.763;10638.945;0.015837;GBR.IDXEUR
2025-09-09 04:00:00;10638.963;10641.943;10634.041;10636.092;0.013026;GBR.IDXEUR
2025-09-09 05:00:00;10636.337;10637.228;10618.736;10623.481;0.012567;GBR.IDXEUR
2025-09-09 06:00:00;10623.848;10655.231;10623.499;10653.496;0.201111;GBR.IDXEUR
2025-09-09 07:00:00;10653.619;10670.381;10637.738;10659.452;0.372614;GBR.IDXEUR
2025-09-09 08:00:00;10659.698;10672.335;10652.089;10657.88;0.304947;GBR.IDXEUR
2025-09-09 09:00:00;10657.757;10664.379;10650.653;10662.636;0.187604;GBR.IDXEUR
2025-09-09 10:00:00;10662.636;10683.002;10662.636;10677.644;0.100008;GBR.IDXEUR
2025-09-09 11:00:00;10677.417;10685.383;10668.937;10672.63;0.09885;GBR.IDXEUR
2025-09-09 12:00:00;10672.844;10689.664;10671.703;10674.88;0.4689;GBR.IDXEUR
2025-09-09 13:00:00;10675.035;10679.651;10652.61;10661.315;0.318112;GBR.IDXEUR
2025-09-09 14:00:00;10661.561;10671.192;10651.495;10658.814;0.50391;GBR.IDXEUR
2025-09-09 15:00:00;10659.059;10674.785;10654.37;10671.945;0.446669;GBR.IDXEUR
2025-09-09 16:00:00;10671.699;10681.9;10667.053;10677.383;0.10815;GBR.IDXEUR
2025-09-09 17:00:00;10677.259;10695.613;10676.252;10694.96;0.085278;GBR.IDXEUR
2025-09-09 18:00:00;10694.59;10703.743;10692.429;10698.107;0.074556;GBR.IDXEUR
2025-09-09 19:00:00;10697.556;10698.087;10686.686;10686.686;0.063081;GBR.IDXEUR
2025-09-09 20:00:00;10685.92;10693.461;10682.001;10692.664;0.01122;GBR.IDXEUR
2025-09-09 22:00:00;10696.246;10703.33;10691.013;10691.765;0.024393;GBR.IDXEUR
2025-09-09 23:00:00;10691.894;10693.051;10681.668;10681.986;0.013062;GBR.IDXEUR
2025-09-10 00:00:00;10691.602;10708.634;10687.066;10706.119;0.024894;GBR.IDXEUR
2025-09-10 01:00:00;10706.497;10709.08;10701.181;10704.483;0.032148;GBR.IDXEUR
2025-09-10 02:00:00;10704.483;10707.754;10700.534;10701.138;0.022917;GBR.IDXEUR
2025-09-10 03:00:00;10701.85;10706.786;10700.643;10704.173;0.01527;GBR.IDXEUR
2025-09-10 04:00:00;10704.262;10704.616;10697.751;10703.191;0.014283;GBR.IDXEUR
2025-09-10 05:00:00;10703.191;10707.363;10700.7;10702.76;0.010755;GBR.IDXEUR
2025-09-10 06:00:00;10702.636;10714.158;10694.679;10711.356;0.116676;GBR.IDXEUR
2025-09-10 07:00:00;10712.85;10722.816;10698.208;10719.498;0.387855;GBR.IDXEUR
2025-09-10 08:00:00;10720.397;10728.518;10695.14;10696.162;0.222501;GBR.IDXEUR
2025-09-10 09:00:00;10696.038;10715.945;10688.24;10711.598;0.146291;GBR.IDXEUR
2025-09-10 10:00:00;10711.009;10751.08;10704.959;10747.05;0.4037;GBR.IDXEUR
2025-09-10 11:00:00;10746.926;10748.165;10707.66;10710.463;0.244154;GBR.IDXEUR
2025-09-10 12:00:00;10709.069;10724.619;10697.545;10699.841;0.243703;GBR.IDXEUR
2025-09-10 13:00:00;10699.965;10704.484;10673.586;10687.147;0.290885;GBR.IDXEUR
2025-09-10 14:00:00;10687.44;10699.469;10659.334;10659.946;0.69694;GBR.IDXEUR
2025-09-10 15:00:00;10659.639;10683.482;10655.385;10680.918;0.360124;GBR.IDXEUR
2025-09-10 16:00:00;10680.795;10690.333;10673.034;10682.674;0.105996;GBR.IDXEUR
2025-09-10 17:00:00;10682.637;10688.749;10675.879;10678.488;0.094098;GBR.IDXEUR
2025-09-10 18:00:00;10678.364;10695.445;10676.887;10693.801;0.083682;GBR.IDXEUR
2025-09-10 19:00:00;10693.924;10695.421;10678.664;10690.521;0.11331;GBR.IDXEUR
2025-09-10 20:00:00;10690.768;10691.316;10687.364;10690.86;0.008241;GBR.IDXEUR
2025-09-10 22:00:00;10686.782;10697.52;10685.675;10694.494;0.01071;GBR.IDXEUR
2025-09-10 23:00:00;10694.697;10696.527;10688.812;10689.294;0.009897;GBR.IDXEUR
2025-09-11 00:00:00;10700.054;10704.019;10693.169;10702.713;0.048954;GBR.IDXEUR
2025-09-11 01:00:00;10702.821;10704.253;10692.848;10701.968;0.047004;GBR.IDXEUR
2025-09-11 02:00:00;10701.845;10703.391;10698.035;10700.005;0.039582;GBR.IDXEUR
2025-09-11 03:00:00;10699.882;10703.649;10698.239;10700.717;0.031932;GBR.IDXEUR
2025-09-11 04:00:00;10700.964;10701.798;10684.463;10687.91;0.037281;GBR.IDXEUR
2025-09-11 05:00:00;10688.262;10695.715;10685.144;10688.059;0.024465;GBR.IDXEUR
2025-09-11 06:00:00;10688.059;10706.474;10683.126;10704.648;0.160618;GBR.IDXEUR
2025-09-11 07:00:00;10705.815;10720.27;10700.07;10716.72;0.399861;GBR.IDXEUR
2025-09-11 08:00:00;10717.277;10723.911;10701.257;10705.398;0.140397;GBR.IDXEUR
2025-09-11 09:00:00;10705.522;10714.015;10697.674;10702.957;0.370278;GBR.IDXEUR
2025-09-11 10:00:00;10702.709;10730.142;10699.292;10729.682;0.09777;GBR.IDXEUR
2025-09-11 11:00:00;10730.054;10733.071;10714.62;10716.186;0.117314;GBR.IDXEUR
2025-09-11 12:00:00;10716.062;10741.621;10701.852;10723.927;0.512073;GBR.IDXEUR
2025-09-11 13:00:00;10723.627;10725.939;10685.494;10721.141;0.629053;GBR.IDXEUR
2025-09-11 14:00:00;10721.151;10742.385;10716.449;10739.461;0.467192;GBR.IDXEUR
2025-09-11 15:00:00;10739.82;10764.397;10730.601;10764.129;0.393135;GBR.IDXEUR
2025-09-11 16:00:00;10764.129;10775.905;10763.975;10773.82;0.201609;GBR.IDXEUR
2025-09-11 17:00:00;10772.971;10775.961;10768.507;10773.777;0.201447;GBR.IDXEUR
2025-09-11 18:00:00;10774.052;10778.079;10770.158;10775.943;0.142479;GBR.IDXEUR
2025-09-11 19:00:00;10775.685;10782.763;10772.91;10779.987;0.168029;GBR.IDXEUR
2025-09-11 20:00:00;10779.987;10779.987;10774.995;10776.342;0.011538;GBR.IDXEUR
2025-09-11 22:00:00;10774.808;10779.936;10773.774;10776.823;0.012015;GBR.IDXEUR
2025-09-11 23:00:00;10777.089;10781.074;10774.802;10779.162;0.008301;GBR.IDXEUR
2025-09-12 00:00:00;10778.298;10787.807;10771.23;10782.436;0.053106;GBR.IDXEUR
2025-09-12 01:00:00;10782.311;10784.106;10766.645;10770.734;0.048444;GBR.IDXEUR
2025-09-12 02:00:00;10770.709;10779.56;10766.607;10773.539;0.044358;GBR.IDXEUR
2025-09-12 03:00:00;10773.663;10777.203;10767.232;10774.513;0.035655;GBR.IDXEUR
2025-09-12 04:00:00;10774.638;10778.644;10771.808;10772.401;0.033381;GBR.IDXEUR
2025-09-12 05:00:00;10772.276;10772.728;10765.976;10768.884;0.022719;GBR.IDXEUR
2025-09-12 06:00:00;10768.386;10775.573;10752.874;10753.817;0.150954;GBR.IDXEUR
2025-09-12 07:00:00;10753.585;10792.422;10746.824;10788.815;0.378665;GBR.IDXEUR
2025-09-12 08:00:00;10788.939;10791.548;10754.851;10770.267;0.383373;GBR.IDXEUR
2025-09-12 09:00:00;10770.043;10785.671;10767.131;10783.004;0.299249;GBR.IDXEUR
2025-09-12 10:00:00;10783.84;10785.977;10772.563;10784.991;0.23374;GBR.IDXEUR
2025-09-12 11:00:00;10784.97;10792.905;10783.452;10788.041;0.165849;GBR.IDXEUR
2025-09-12 12:00:00;10788.415;10790.54;10775.0;10784.111;0.328049;GBR.IDXEUR
2025-09-12 13:00:00;10784.236;10805.214;10777.197;10781.903;0.345132;GBR.IDXEUR
2025-09-12 14:00:00;10781.155;10788.607;10744.988;10749.57;0.443332;GBR.IDXEUR
2025-09-12 15:00:00;10749.066;10749.87;10719.369;10723.731;0.291095;GBR.IDXEUR
2025-09-12 16:00:00;10723.607;10725.298;10712.634;10714.55;0.150201;GBR.IDXEUR
2025-09-12 17:00:00;10714.426;10715.128;10706.36;10711.293;0.109998;GBR.IDXEUR
2025-09-12 18:00:00;10711.169;10720.941;10710.735;10713.872;0.114453;GBR.IDXEUR
2025-09-12 19:00:00;10713.872;10719.444;10704.976;10706.752;0.150983;GBR.IDXEUR
2025-09-12 20:00:00;10706.197;10706.197;10706.197;10706.197;7.2e-05;GBR.IDXEUR
2025-09-14 22:00:00;10708.025;10715.489;10707.187;10714.713;0.012609;GBR.IDXEUR
2025-09-14 23:00:00;10714.442;10715.385;10709.512;10710.435;0.008418;GBR.IDXEUR
2025-09-15 00:00:00;10710.865;10718.341;10703.822;10714.879;0.028443;GBR.IDXEUR
2025-09-15 01:00:00;10714.755;10725.733;10714.486;10723.916;0.029151;GBR.IDXEUR
2025-09-15 02:00:00;10723.792;10731.751;10721.96;10730.282;0.029673;GBR.IDXEUR
2025-09-15 03:00:00;10730.406;10733.606;10726.761;10731.516;0.020847;GBR.IDXEUR
2025-09-15 04:00:00;10731.516;10733.258;10729.01;10731.332;0.014628;GBR.IDXEUR
2025-09-15 05:00:00;10731.332;10737.103;10731.04;10736.255;0.007269;GBR.IDXEUR
2025-09-15 06:00:00;10736.876;10749.424;10735.306;10736.356;0.075594;GBR.IDXEUR
2025-09-15 07:00:00;10735.247;10757.925;10731.364;10746.732;0.24484;GBR.IDXEUR
2025-09-15 08:00:00;10746.962;10753.477;10732.851;10734.718;0.27281;GBR.IDXEUR
2025-09-15 09:00:00;10734.718;10737.497;10725.424;10736.601;0.192222;GBR.IDXEUR
2025-09-15 10:00:00;10737.011;10752.225;10737.011;10751.521;0.127124;GBR.IDXEUR
2025-09-15 11:00:00;10752.007;10753.323;10743.689;10753.198;0.088722;GBR.IDXEUR
2025-09-15 12:00:00;10753.323;10754.097;10736.357;10736.855;0.145477;GBR.IDXEUR
2025-09-15 13:00:00;10736.979;10744.627;10715.629;10724.071;0.166201;GBR.IDXEUR
2025-09-15 14:00:00;10724.319;10737.549;10707.411;10725.15;0.200605;GBR.IDXEUR
2025-09-15 15:00:00;10724.683;10725.636;10712.492;10720.009;0.225578;GBR.IDXEUR
2025-09-15 16:00:00;10719.762;10727.071;10718.321;10721.144;0.190297;GBR.IDXEUR
2025-09-15 17:00:00;10721.144;10726.234;10714.722;10721.587;0.150424;GBR.IDXEUR
2025-09-15 18:00:00;10721.711;10724.149;10713.583;10721.144;0.146538;GBR.IDXEUR
2025-09-15 19:00:00;10721.144;10739.624;10719.474;10737.219;0.16447;GBR.IDXEUR
2025-09-15 20:00:00;10737.187;10737.55;10729.52;10729.978;0.022389;GBR.IDXEUR
2025-09-15 22:00:00;10720.817;10727.933;10720.817;10727.35;0.013698;GBR.IDXEUR
2025-09-15 23:00:00;10726.978;10730.968;10724.438;10724.881;0.012036;GBR.IDXEUR
2025-09-16 00:00:00;10733.931;10734.645;10723.392;10727.037;0.048129;GBR.IDXEUR
2025-09-16 01:00:00;10727.655;10734.868;10725.634;10727.782;0.052794;GBR.IDXEUR
2025-09-16 02:00:00;10727.782;10729.67;10722.84;10723.741;0.040584;GBR.IDXEUR
2025-09-16 03:00:00;10723.369;10732.638;10722.499;10729.448;0.044892;GBR.IDXEUR
2025-09-16 04:00:00;10729.199;10733.245;10727.108;10733.212;0.035529;GBR.IDXEUR
2025-09-16 05:00:00;10733.336;10734.737;10726.594;10731.041;0.021291;GBR.IDXEUR
2025-09-16 06:00:00;10730.793;10740.114;10726.518;10726.969;0.139968;GBR.IDXEUR
2025-09-16 07:00:00;10726.934;10731.872;10688.83;10696.535;0.373079;GBR.IDXEUR
2025-09-16 08:00:00;10696.345;10716.12;10689.683;10700.725;0.249161;GBR.IDXEUR
2025-09-16 09:00:00;10700.478;10700.901;10680.646;10682.939;0.323562;GBR.IDXEUR
2025-09-16 10:00:00;10682.692;10691.653;10676.552;10676.883;0.262279;GBR.IDXEUR
2025-09-16 11:00:00;10677.826;10696.659;10676.886;10685.775;0.321001;GBR.IDXEUR
2025-09-16 12:00:00;10685.652;10692.641;10671.847;10675.553;0.321578;GBR.IDXEUR
2025-09-16 13:00:00;10675.069;10677.94;10634.255;10640.527;0.282206;GBR.IDXEUR
2025-09-16 14:00:00;10640.401;10640.632;10604.744;10606.583;0.335875;GBR.IDXEUR
2025-09-16 15:00:00;10606.462;10617.706;10589.572;10602.961;0.296452;GBR.IDXEUR
2025-09-16 16:00:00;10603.206;10606.785;10586.791;10595.701;0.242127;GBR.IDXEUR
2025-09-16 17:00:00;10595.701;10604.643;10586.614;10603.182;0.212587;GBR.IDXEUR
2025-09-16 18:00:00;10603.182;10605.411;10595.925;10597.348;0.133155;GBR.IDXEUR
2025-09-16 19:00:00;10597.47;10601.353;10590.882;10593.456;0.160294;GBR.IDXEUR
2025-09-16 20:00:00;10593.725;10595.557;10591.34;10592.627;0.010968;GBR.IDXEUR
2025-09-16 22:00:00;10581.401;10586.757;10577.224;10581.989;0.017292;GBR.IDXEUR
2025-09-16 23:00:00;10581.624;10582.717;10574.678;10579.106;0.010521;GBR.IDXEUR
2025-09-17 00:00:00;10583.233;10599.396;10582.316;10598.452;0.048939;GBR.IDXEUR
2025-09-17 01:00:00;10598.474;10602.612;10590.723;10593.605;0.04791;GBR.IDXEUR
2025-09-17 02:00:00;10593.951;10598.041;10591.745;10597.537;0.036183;GBR.IDXEUR
2025-09-17 03:00:00;10597.293;10602.289;10595.573;10601.747;0.029862;GBR.IDXEUR
2025-09-17 04:00:00;10602.189;10604.05;10597.248;10598.752;0.030675;GBR.IDXEUR
2025-09-17 05:00:00;10598.533;10605.76;10594.039;10603.371;0.020145;GBR.IDXEUR
2025-09-17 06:00:00;10602.883;10611.259;10596.137;10607.263;0.139473;GBR.IDXEUR
2025-09-17 07:00:00;10607.029;10609.802;10589.119;10605.873;0.249;GBR.IDXEUR
2025-09-17 08:00:00;10605.842;10619.296;10593.903;10609.579;0.252497;GBR.IDXEUR
2025-09-17 09:00:00;10609.579;10621.528;10604.873;10619.273;0.248999;GBR.IDXEUR
2025-09-17 10:00:00;10618.998;10627.472;10616.253;10620.926;0.166709;GBR.IDXEUR
2025-09-17 11:00:00;10620.862;10630.897;10617.31;10625.11;0.113142;GBR.IDXEUR
2025-09-17 12:00:00;10625.445;10636.142;10622.342;10633.861;0.117699;GBR.IDXEUR
2025-09-17 13:00:00;10633.204;10655.129;10620.985;10653.853;0.184742;GBR.IDXEUR
2025-09-17 14:00:00;10654.086;10659.323;10615.589;10618.319;0.234191;GBR.IDXEUR
2025-09-17 15:00:00;10618.008;10629.066;10609.82;10627.463;0.264437;GBR.IDXEUR
2025-09-17 16:00:00;10627.586;10629.511;10604.906;10605.789;0.177508;GBR.IDXEUR
2025-09-17 17:00:00;10605.912;10611.959;10601.726;10608.969;0.164423;GBR.IDXEUR
2025-09-17 18:00:00;10608.721;10615.433;10578.437;10600.201;1.111528;GBR.IDXEUR
2025-09-17 19:00:00;10599.957;10619.874;10594.34;10612.817;0.777667;GBR.IDXEUR
2025-09-17 20:00:00;10613.941;10616.42;10609.755;10612.705;0.051465;GBR.IDXEUR
2025-09-17 22:00:00;10620.959;10630.154;10619.982;10629.096;0.034728;GBR.IDXEUR
2025-09-17 23:00:00;10629.218;10630.981;10623.967;10625.087;0.030696;GBR.IDXEUR
2025-09-18 00:00:00;10616.697;10621.397;10600.439;10620.072;0.062067;GBR.IDXEUR
2025-09-18 01:00:00;10619.928;10636.49;10619.928;10633.672;0.069282;GBR.IDXEUR
2025-09-18 02:00:00;10633.795;10636.461;10629.876;10635.271;0.038514;GBR.IDXEUR
2025-09-18 03:00:00;10635.394;10638.556;10634.007;10637.199;0.041877;GBR.IDXEUR
2025-09-18 04:00:00;10637.286;10641.253;10633.994;10641.144;0.036276;GBR.IDXEUR
2025-09-18 05:00:00;10641.114;10643.937;10626.058;10628.392;0.052863;GBR.IDXEUR
2025-09-18 06:00:00;10628.637;10630.253;10614.798;10624.587;0.322875;GBR.IDXEUR
2025-09-18 07:00:00;10624.925;10645.897;10612.577;10638.91;0.32001;GBR.IDXEUR
2025-09-18 08:00:00;10638.948;10659.56;10633.239;10656.148;0.197278;GBR.IDXEUR
2025-09-18 09:00:00;10656.148;10660.067;10632.268;10636.356;0.245907;GBR.IDXEUR
2025-09-18 10:00:00;10636.601;10642.655;10628.579;10629.007;0.207768;GBR.IDXEUR
2025-09-18 11:00:00;10628.547;10643.349;10623.97;10636.96;0.297596;GBR.IDXEUR
2025-09-18 12:00:00;10637.205;10638.474;10624.388;10629.727;0.59859;GBR.IDXEUR
2025-09-18 13:00:00;10629.409;10639.07;10612.621;10634.915;0.817367;GBR.IDXEUR
2025-09-18 14:00:00;10634.915;10653.51;10615.139;10617.586;0.825697;GBR.IDXEUR
2025-09-18 15:00:00;10617.824;10624.225;10605.393;10614.066;0.513954;GBR.IDXEUR
2025-09-18 16:00:00;10614.066;10633.143;10613.212;10625.58;0.2926;GBR.IDXEUR
2025-09-18 17:00:00;10624.772;10629.691;10619.922;10622.941;0.232608;GBR.IDXEUR
2025-09-18 18:00:00;10623.063;10626.922;10613.876;10623.771;0.211097;GBR.IDXEUR
2025-09-18 19:00:00;10623.885;10629.408;10609.694;10618.88;0.212938;GBR.IDXEUR
2025-09-18 20:00:00;10618.88;10623.256;10615.166;10618.879;0.017389;GBR.IDXEUR
2025-09-18 22:00:00;10624.841;10633.106;10623.811;10627.677;0.046788;GBR.IDXEUR
2025-09-18 23:00:00;10627.677;10630.151;10625.916;10627.107;0.017172;GBR.IDXEUR
2025-09-19 00:00:00;10630.572;10630.572;10615.229;10618.648;0.073602;GBR.IDXEUR
2025-09-19 01:00:00;10618.516;10625.811;10616.584;10623.851;0.070152;GBR.IDXEUR
2025-09-19 02:00:00;10623.851;10627.978;10615.486;10622.516;0.047328;GBR.IDXEUR
2025-09-19 03:00:00;10622.516;10624.178;10616.241;10623.634;0.063288;GBR.IDXEUR
2025-09-19 04:00:00;10623.634;10625.394;10616.701;10623.118;0.07902;GBR.IDXEUR
2025-09-19 05:00:00;10623.162;10627.55;10612.038;10613.237;0.03399;GBR.IDXEUR
2025-09-19 06:00:00;10613.237;10619.541;10599.195;10609.241;0.233084;GBR.IDXEUR
2025-09-19 07:00:00;10610.24;10614.307;10569.828;10592.761;0.659364;GBR.IDXEUR
2025-09-19 08:00:00;10592.882;10606.698;10582.881;10583.343;0.63869;GBR.IDXEUR
2025-09-19 09:00:00;10582.755;10609.476;10558.434;10599.363;0.409327;GBR.IDXEUR
2025-09-19 10:00:00;10598.788;10607.507;10592.531;10599.394;0.410175;GBR.IDXEUR
2025-09-19 11:00:00;10599.881;10603.925;10584.651;10597.602;0.6847;GBR.IDXEUR
2025-09-19 12:00:00;10597.237;10605.657;10592.662;10602.152;0.404262;GBR.IDXEUR
2025-09-19 13:00:00;10602.149;10615.861;10591.527;10599.796;0.468572;GBR.IDXEUR
2025-09-19 14:00:00;10599.796;10601.168;10577.327;10583.572;0.468549;GBR.IDXEUR
2025-09-19 15:00:00;10583.572;10597.914;10559.948;10566.451;0.480995;GBR.IDXEUR
2025-09-19 16:00:00;10566.208;10581.625;10564.151;10579.14;0.250957;GBR.IDXEUR
2025-09-19 17:00:00;10579.383;10590.041;10577.674;10589.015;0.184064;GBR.IDXEUR
2025-09-19 18:00:00;10588.749;10590.72;10576.499;10582.389;0.159124;GBR.IDXEUR
2025-09-19 19:00:00;10582.51;10590.599;10575.601;10578.609;0.188062;GBR.IDXEUR
2025-09-21 22:00:00;10573.548;10579.471;10570.292;10576.455;0.035277;GBR.IDXEUR
2025-09-21 23:00:00;10576.577;10577.926;10568.675;10569.16;0.017847;GBR.IDXEUR
2025-09-22 00:00:00;10573.12;10590.663;10573.12;10583.238;0.210417;GBR.IDXEUR
2025-09-22 01:00:00;10583.392;10590.273;10570.995;10571.834;0.22998;GBR.IDXEUR
2025-09-22 02:00:00;10571.841;10576.137;10569.43;10572.288;0.1884;GBR.IDXEUR
2025-09-22 03:00:00;10572.045;10579.292;10569.516;10575.836;0.134301;GBR.IDXEUR
2025-09-22 04:00:00;10575.715;10580.127;10569.13;10574.052;0.116835;GBR.IDXEUR
2025-09-22 05:00:00;10574.087;10579.977;10569.462;10570.069;0.058029;GBR.IDXEUR
2025-09-22 06:00:00;10570.069;10574.296;10565.288;10568.698;0.110607;GBR.IDXEUR
2025-09-22 07:00:00;10569.337;10579.695;10541.431;10572.632;0.535504;GBR.IDXEUR
2025-09-22 08:00:00;10572.269;10589.462;10570.789;10586.579;0.441703;GBR.IDXEUR
2025-09-22 09:00:00;10586.205;10588.686;10553.852;10553.852;0.321147;GBR.IDXEUR
2025-09-22 10:00:00;10553.731;10578.7;10552.107;10572.949;0.247817;GBR.IDXEUR
2025-09-22 11:00:00;10571.672;10582.974;10569.297;10575.324;0.293449;GBR.IDXEUR
2025-09-22 12:00:00;10574.861;10582.105;10564.09;10572.896;0.332542;GBR.IDXEUR
2025-09-22 13:00:00;10573.128;10586.277;10564.711;10577.288;0.273149;GBR.IDXEUR
2025-09-22 14:00:00;10577.409;10582.831;10568.543;10579.19;0.391552;GBR.IDXEUR
2025-09-22 15:00:00;10579.069;10591.062;10574.427;10577.282;0.50714;GBR.IDXEUR
2025-09-22 16:00:00;10577.282;10581.933;10567.303;10581.326;0.42119;GBR.IDXEUR
2025-09-22 17:00:00;10581.612;10599.636;10581.612;10596.674;0.2148;GBR.IDXEUR
2025-09-22 18:00:00;10596.699;10602.055;10593.474;10599.059;0.1893;GBR.IDXEUR
2025-09-22 19:00:00;10598.695;10601.037;10583.563;10584.559;0.22575;GBR.IDXEUR
2025-09-22 20:00:00;10584.559;10584.922;10577.674;10580.11;0.034208;GBR.IDXEUR
2025-09-22 22:00:00;10575.037;10578.942;10574.02;10577.515;0.05757;GBR.IDXEUR
2025-09-22 23:00:00;10577.394;10581.817;10577.095;10578.857;0.024582;GBR.IDXEUR
2025-09-23 00:00:00;10582.143;10593.212;10580.146;10584.654;0.031638;GBR.IDXEUR
2025-09-23 01:00:00;10584.654;10592.396;10577.208;10584.925;0.051252;GBR.IDXEUR
2025-09-23 02:00:00;10584.925;10588.092;10578.515;10579.655;0.089868;GBR.IDXEUR
2025-09-23 03:00:00;10579.655;10590.537;10578.882;10589.718;0.057804;GBR.IDXEUR
2025-09-23 04:00:00;10589.718;10590.324;10578.749;10581.238;0.0246;GBR.IDXEUR
2025-09-23 05:00:00;10581.481;10585.566;10578.294;10578.537;0.037002;GBR.IDXEUR
2025-09-23 06:00:00;10578.173;10599.69;10578.173;10599.241;0.122592;GBR.IDXEUR
2025-09-23 07:00:00;10597.832;10610.182;10584.91;10604.207;0.658877;GBR.IDXEUR
2025-09-23 08:00:00;10604.45;10609.076;10586.189;10595.336;0.542725;GBR.IDXEUR
2025-09-23 09:00:00;10595.591;10598.609;10580.773;10581.83;0.431706;GBR.IDXEUR
2025-09-23 10:00:00;10581.709;10585.182;10562.8;10579.396;0.401109;GBR.IDXEUR
2025-09-23 11:00:00;10578.954;10593.159;10567.454;10592.467;0.463171;GBR.IDXEUR
2025-09-23 12:00:00;10592.346;10603.562;10585.72;10602.115;0.55131;GBR.IDXEUR
2025-09-23 13:00:00;10602.237;10620.423;10597.785;10615.671;0.578528;GBR.IDXEUR
2025-09-23 14:00:00;10615.83;10616.629;10594.278;10602.263;0.326111;GBR.IDXEUR
2025-09-23 15:00:00;10601.322;10602.354;10567.387;10568.839;0.679433;GBR.IDXEUR
2025-09-23 16:00:00;10568.839;10570.482;10559.989;10561.673;0.280308;GBR.IDXEUR
2025-09-23 17:00:00;10561.966;10562.649;10529.9;10537.749;0.285879;GBR.IDXEUR
2025-09-23 18:00:00;10537.87;10541.193;10529.14;10531.36;0.165948;GBR.IDXEUR
2025-09-23 19:00:00;10531.605;10536.358;10524.766;10532.118;0.214809;GBR.IDXEUR
2025-09-23 20:00:00;10531.877;10533.053;10525.125;10531.326;0.039363;GBR.IDXEUR
2025-09-23 22:00:00;10528.547;10536.973;10528.241;10535.684;0.03951;GBR.IDXEUR
2025-09-23 23:00:00;10535.956;10536.587;10531.699;10532.711;0.016392;GBR.IDXEUR
2025-09-24 00:00:00;10534.249;10540.573;10528.92;10537.922;0.094197;GBR.IDXEUR
2025-09-24 01:00:00;10538.288;10540.693;10534.153;10538.624;0.071586;GBR.IDXEUR
2025-09-24 02:00:00;10538.624;10545.713;10538.531;10544.011;0.044832;GBR.IDXEUR
2025-09-24 03:00:00;10544.352;10547.136;10540.822;10541.611;0.03465;GBR.IDXEUR
2025-09-24 04:00:00;10541.49;10543.564;10537.446;10540.695;0.034356;GBR.IDXEUR
2025-09-24 05:00:00;10540.67;10552.469;10540.047;10549.567;0.022428;GBR.IDXEUR
2025-09-24 06:00:00;10549.688;10564.217;10548.413;10558.666;0.138174;GBR.IDXEUR
2025-09-24 07:00:00;10558.318;10560.886;10494.791;10517.405;0.607935;GBR.IDXEUR
2025-09-24 08:00:00;10516.937;10548.887;10510.814;10546.307;0.772521;GBR.IDXEUR
2025-09-24 09:00:00;10545.824;10556.342;10543.116;10552.313;0.569492;GBR.IDXEUR
2025-09-24 10:00:00;10552.434;10567.897;10547.258;10560.1;0.518474;GBR.IDXEUR
2025-09-24 11:00:00;10559.41;10565.15;10539.035;10544.088;0.595583;GBR.IDXEUR
2025-09-24 12:00:00;10543.847;10576.921;10540.017;10573.587;0.787686;GBR.IDXEUR
2025-09-24 13:00:00;10573.587;10597.824;10568.244;10586.909;1.04455;GBR.IDXEUR
2025-09-24 14:00:00;10587.496;10619.86;10577.989;10615.146;0.307916;GBR.IDXEUR
2025-09-24 15:00:00;10615.035;10615.524;10576.727;10579.997;0.522063;GBR.IDXEUR
2025-09-24 16:00:00;10579.997;10591.519;10575.864;10588.624;0.646378;GBR.IDXEUR
2025-09-24 17:00:00;10589.316;10595.649;10579.492;10580.819;0.445524;GBR.IDXEUR
2025-09-24 18:00:00;10580.576;10586.41;10573.661;10582.376;0.415293;GBR.IDXEUR
2025-09-24 19:00:00;10582.376;10583.709;10576.269;10581.067;0.402404;GBR.IDXEUR
2025-09-24 20:00:00;10581.376;10585.48;10577.985;10585.48;0.016946;GBR.IDXEUR
2025-09-24 22:00:00;10581.64;10583.396;10578.144;10581.945;0.036132;GBR.IDXEUR
2025-09-24 23:00:00;10582.066;10585.354;10580.064;10585.354;0.013938;GBR.IDXEUR
2025-09-25 00:00:00;10582.903;10593.575;10579.408;10587.582;0.063312;GBR.IDXEUR
2025-09-25 01:00:00;10587.678;10588.797;10579.571;10584.128;0.060846;GBR.IDXEUR
2025-09-25 02:00:00;10584.204;10589.912;10581.577;10582.07;0.053556;GBR.IDXEUR
2025-09-25 03:00:00;10582.07;10587.668;10576.605;10576.95;0.035748;GBR.IDXEUR
2025-09-25 04:00:00;10577.192;10581.524;10576.079;10576.443;0.037101;GBR.IDXEUR
2025-09-25 05:00:00;10576.321;10587.701;10574.493;10584.765;0.022068;GBR.IDXEUR
2025-09-25 06:00:00;10584.765;10590.229;10573.073;10577.642;0.253617;GBR.IDXEUR
2025-09-25 07:00:00;10578.087;10587.917;10551.686;10583.514;0.256738;GBR.IDXEUR
2025-09-25 08:00:00;10583.272;10593.291;10570.39;10570.39;0.512452;GBR.IDXEUR
2025-09-25 09:00:00;10570.511;10581.083;10560.565;10563.082;0.408372;GBR.IDXEUR
2025-09-25 10:00:00;10563.203;10573.255;10559.98;10566.631;0.121008;GBR.IDXEUR
2025-09-25 11:00:00;10566.152;10566.647;10529.304;10537.626;0.202874;GBR.IDXEUR
2025-09-25 12:00:00;10537.761;10542.723;10528.476;10534.974;0.687045;GBR.IDXEUR
2025-09-25 13:00:00;10534.854;10562.523;10532.099;10558.148;0.925346;GBR.IDXEUR
2025-09-25 14:00:00;10558.027;10570.445;10553.808;10562.425;0.483216;GBR.IDXEUR
2025-09-25 15:00:00;10561.726;10561.878;10524.2;10553.011;0.322934;GBR.IDXEUR
2025-09-25 16:00:00;10552.728;10553.356;10538.257;10550.451;0.21468;GBR.IDXEUR
2025-09-25 17:00:00;10550.451;10560.645;10543.625;10544.276;0.219923;GBR.IDXEUR
2025-09-25 18:00:00;10544.155;10564.096;10528.803;10561.746;0.186628;GBR.IDXEUR
2025-09-25 19:00:00;10561.867;10576.286;10550.718;10567.888;0.134032;GBR.IDXEUR
2025-09-25 20:00:00;10567.895;10571.217;10565.725;10567.151;0.015813;GBR.IDXEUR
2025-09-25 22:00:00;10562.006;10568.457;10557.792;10560.07;0.03186;GBR.IDXEUR
2025-09-25 23:00:00;10559.949;10562.645;10554.582;10558.661;0.03258;GBR.IDXEUR
2025-09-26 00:00:00;10562.833;10565.559;10554.106;10562.568;0.030432;GBR.IDXEUR
2025-09-26 01:00:00;10562.594;10567.749;10556.731;10564.589;0.030435;GBR.IDXEUR
2025-09-26 02:00:00;10564.591;10571.297;10562.475;10563.136;0.024426;GBR.IDXEUR
2025-09-26 03:00:00;10563.232;10566.464;10556.308;10561.739;0.020625;GBR.IDXEUR
2025-09-26 04:00:00;10561.648;10564.276;10552.41;10554.542;0.026478;GBR.IDXEUR
2025-09-26 05:00:00;10554.531;10559.774;10551.405;10559.18;0.012912;GBR.IDXEUR
2025-09-26 06:00:00;10558.938;10563.294;10549.578;10553.534;0.270487;GBR.IDXEUR
2025-09-26 07:00:00;10553.534;10581.037;10540.702;10573.027;0.52757;GBR.IDXEUR
2025-09-26 08:00:00;10572.906;10586.693;10565.767;10575.23;0.545233;GBR.IDXEUR
2025-09-26 09:00:00;10575.23;10593.265;10573.691;10576.666;0.309457;GBR.IDXEUR
2025-09-26 10:00:00;10576.763;10581.745;10570.648;10578.456;0.27426;GBR.IDXEUR
2025-09-26 11:00:00;10579.068;10599.962;10576.905;10596.832;0.425571;GBR.IDXEUR
2025-09-26 12:00:00;10596.245;10623.024;10590.61;10620.581;0.593396;GBR.IDXEUR
2025-09-26 13:00:00;10620.337;10647.778;10610.41;10642.085;0.610347;GBR.IDXEUR
2025-09-26 14:00:00;10641.354;10646.533;10625.452;10633.25;0.802552;GBR.IDXEUR
2025-09-26 15:00:00;10633.25;10652.477;10628.775;10642.342;0.647973;GBR.IDXEUR
2025-09-26 16:00:00;10642.22;10665.623;10638.413;10664.893;0.43098;GBR.IDXEUR
2025-09-26 17:00:00;10665.015;10666.331;10656.744;10661.892;0.279596;GBR.IDXEUR
2025-09-26 18:00:00;10661.769;10664.4;10651.443;10663.097;0.259782;GBR.IDXEUR
2025-09-26 19:00:00;10661.684;10663.586;10652.146;10656.084;0.298376;GBR.IDXEUR
2025-09-26 20:00:00;10654.329;10654.329;10654.329;10654.329;0.00015;GBR.IDXEUR
2025-09-28 22:00:00;10649.854;10658.368;10647.293;10655.92;0.025752;GBR.IDXEUR
2025-09-28 23:00:00;10656.042;10661.573;10654.977;10659.13;0.019776;GBR.IDXEUR
2025-09-29 00:00:00;10659.596;10677.922;10656.278;10672.191;0.042192;GBR.IDXEUR
2025-09-29 01:00:00;10671.849;10672.403;10659.374;10660.191;0.051672;GBR.IDXEUR
2025-09-29 02:00:00;10660.557;10662.634;10656.967;10659.834;0.0306;GBR.IDXEUR
2025-09-29 03:00:00;10659.956;10663.999;10657.9;10661.738;0.02448;GBR.IDXEUR
2025-09-29 04:00:00;10661.616;10679.673;10661.113;10675.165;0.024336;GBR.IDXEUR
2025-09-29 05:00:00;10675.721;10682.874;10669.642;10677.238;0.03948;GBR.IDXEUR
2025-09-29 06:00:00;10677.605;10700.094;10674.946;10685.135;0.194328;GBR.IDXEUR
2025-09-29 07:00:00;10684.888;10722.228;10673.687;10702.822;0.304416;GBR.IDXEUR
2025-09-29 08:00:00;10702.945;10703.32;10687.774;10689.271;0.233208;GBR.IDXEUR
2025-09-29 09:00:00;10689.271;10709.471;10688.565;10708.104;0.222325;GBR.IDXEUR
2025-09-29 10:00:00;10707.982;10720.056;10696.564;10699.568;0.303381;GBR.IDXEUR
2025-09-29 11:00:00;10700.1;10710.416;10697.186;10703.208;0.261118;GBR.IDXEUR
2025-09-29 12:00:00;10702.882;10703.74;10669.781;10670.136;0.327828;GBR.IDXEUR
2025-09-29 13:00:00;10670.258;10675.948;10638.708;10640.212;0.329472;GBR.IDXEUR
2025-09-29 14:00:00;10640.699;10662.432;10630.291;10651.639;0.319896;GBR.IDXEUR
2025-09-29 15:00:00;10651.289;10666.486;10635.633;10639.083;0.265104;GBR.IDXEUR
2025-09-29 16:00:00;10639.301;10647.648;10634.96;10642.789;0.145584;GBR.IDXEUR
2025-09-29 17:00:00;10643.143;10643.143;10630.891;10636.504;0.127008;GBR.IDXEUR
2025-09-29 18:00:00;10636.383;10646.596;10635.095;10641.274;0.092304;GBR.IDXEUR
2025-09-29 19:00:00;10641.035;10652.626;10631.294;10651.226;0.117072;GBR.IDXEUR
2025-09-29 20:00:00;10651.48;10651.48;10646.108;10647.529;0.014064;GBR.IDXEUR
2025-09-29 22:00:00;10639.232;10646.44;10639.232;10645.751;0.018312;GBR.IDXEUR
2025-09-29 23:00:00;10645.987;10646.987;10642.299;10643.047;0.012192;GBR.IDXEUR
2025-09-30 00:00:00;10649.439;10663.711;10645.621;10657.363;0.046536;GBR.IDXEUR
2025-09-30 01:00:00;10657.241;10658.502;10648.791;10656.172;0.056976;GBR.IDXEUR
2025-09-30 02:00:00;10656.05;10657.759;10650.076;10654.154;0.032592;GBR.IDXEUR
2025-09-30 03:00:00;10654.276;10661.208;10652.381;10660.012;0.027864;GBR.IDXEUR
2025-09-30 04:00:00;10660.134;10663.772;10655.185;10655.769;0.034248;GBR.IDXEUR
2025-09-30 05:00:00;10656.013;10660.797;10646.083;10646.205;0.035952;GBR.IDXEUR
2025-09-30 06:00:00;10646.327;10652.87;10635.407;10637.514;0.178032;GBR.IDXEUR
2025-09-30 07:00:00;10636.955;10642.721;10611.347;10622.466;0.322488;GBR.IDXEUR
2025-09-30 08:00:00;10622.466;10622.466;10601.044;10617.448;0.268632;GBR.IDXEUR
2025-09-30 09:00:00;10617.57;10635.306;10613.796;10632.304;0.19656;GBR.IDXEUR
2025-09-30 10:00:00;10632.096;10652.117;10631.385;10646.99;0.191952;GBR.IDXEUR
2025-09-30 11:00:00;10646.761;10664.706;10643.307;10658.016;0.18684;GBR.IDXEUR
2025-09-30 12:00:00;10658.016;10677.745;10656.727;10675.647;0.238824;GBR.IDXEUR
2025-09-30 13:00:00;10675.77;10712.565;10673.128;10710.301;0.36684;GBR.IDXEUR
2025-09-30 14:00:00;10709.353;10713.261;10676.578;10691.931;0.45936;GBR.IDXEUR
2025-09-30 15:00:00;10692.176;10733.726;10690.101;10712.85;0.406872;GBR.IDXEUR
2025-09-30 16:00:00;10712.727;10721.9;10709.075;10712.792;0.22572;GBR.IDXEUR
2025-09-30 17:00:00;10712.547;10718.312;10707.079;10712.925;0.185472;GBR.IDXEUR
2025-09-30 18:00:00;10712.679;10731.324;10711.998;10731.201;0.163224;GBR.IDXEUR
2025-09-30 19:00:00;10730.956;10744.664;10728.334;10737.917;0.15084;GBR.IDXEUR
2025-09-30 20:00:00;10738.25;10738.25;10723.577;10724.683;0.025368;GBR.IDXEUR
2025-09-30 22:00:00;10729.906;10733.939;10721.567;10723.849;0.026928;GBR.IDXEUR
2025-09-30 23:00:00;10723.971;10729.171;10718.916;10727.559;0.027168;GBR.IDXEUR
2025-10-01 00:00:00;10739.709;10739.832;10725.441;10729.02;0.052032;GBR.IDXEUR
2025-10-01 01:00:00;10728.458;10733.088;10722.479;10724.189;0.03276;GBR.IDXEUR
2025-10-01 02:00:00;10724.312;10729.31;10720.16;10722.021;0.029664;GBR.IDXEUR
2025-10-01 03:00:00;10722.144;10723.903;10717.536;10720.77;0.031056;GBR.IDXEUR
2025-10-01 04:00:00;10721.016;10723.334;10719.28;10720.583;0.034656;GBR.IDXEUR
2025-10-01 05:00:00;10720.951;10720.951;10706.128;10710.342;0.05028;GBR.IDXEUR
2025-10-01 06:00:00;10710.89;10723.508;10698.331;10708.965;0.226344;GBR.IDXEUR
2025-10-01 07:00:00;10709.649;10766.182;10709.527;10755.236;0.440496;GBR.IDXEUR
2025-10-01 08:00:00;10755.482;10798.864;10752.31;10788.23;0.3186;GBR.IDXEUR
2025-10-01 09:00:00;10788.106;10809.356;10779.947;10807.106;0.25848;GBR.IDXEUR
2025-10-01 10:00:00;10805.883;10826.857;10805.084;10824.043;0.24516;GBR.IDXEUR
2025-10-01 11:00:00;10824.043;10824.876;10805.114;10813.345;0.208368;GBR.IDXEUR
2025-10-01 12:00:00;10813.345;10827.66;10802.464;10821.35;0.495648;GBR.IDXEUR
2025-10-01 13:00:00;10821.35;10858.31;10814.545;10847.685;0.401184;GBR.IDXEUR
2025-10-01 14:00:00;10847.685;10870.557;10843.07;10852.908;0.541656;GBR.IDXEUR
2025-10-01 15:00:00;10853.157;10867.844;10844.568;10863.43;0.373968;GBR.IDXEUR
2025-10-01 16:00:00;10863.555;10874.716;10860.454;10864.17;0.208008;GBR.IDXEUR
2025-10-01 17:00:00;10864.17;10867.41;10858.246;10864.322;0.146736;GBR.IDXEUR
2025-10-01 18:00:00;10864.938;10872.437;10860.426;10872.212;0.1368;GBR.IDXEUR
2025-10-01 19:00:00;10872.337;10876.389;10860.972;10867.517;0.118656;GBR.IDXEUR
2025-10-01 20:00:00;10864.975;10865.908;10859.254;10860.076;0.015456;GBR.IDXEUR
2025-10-01 22:00:00;10857.403;10859.872;10855.871;10856.298;0.016176;GBR.IDXEUR
2025-10-01 23:00:00;10856.423;10860.202;10855.184;10858.391;0.017328;GBR.IDXEUR
2025-10-02 00:00:00;10862.541;10879.305;10859.163;10869.064;0.041832;GBR.IDXEUR
2025-10-02 01:00:00;10868.976;10886.637;10866.561;10885.455;0.0402;GBR.IDXEUR
2025-10-02 02:00:00;10885.198;10885.586;10876.029;10884.667;0.025752;GBR.IDXEUR
2025-10-02 03:00:00;10884.667;10888.336;10879.736;10888.211;0.025632;GBR.IDXEUR
2025-10-02 04:00:00;10888.336;10892.919;10883.883;10885.123;0.030216;GBR.IDXEUR
2025-10-02 05:00:00;10884.998;10895.196;10884.626;10892.128;0.038496;GBR.IDXEUR
2025-10-02 06:00:00;10892.128;10895.573;10881.491;10883.758;0.19176;GBR.IDXEUR
2025-10-02 07:00:00;10882.792;10884.326;10831.213;10834.929;0.348912;GBR.IDXEUR
2025-10-02 08:00:00;10835.054;10861.731;10830.12;10861.672;0.249192;GBR.IDXEUR
2025-10-02 09:00:00;10861.298;10861.547;10843.488;10848.771;0.218448;GBR.IDXEUR
2025-10-02 10:00:00;10848.307;10860.373;10842.009;10846.132;0.20556;GBR.IDXEUR
2025-10-02 11:00:00;10844.407;10845.304;10830.467;10838.655;0.190872;GBR.IDXEUR
2025-10-02 12:00:00;10838.408;10858.273;10830.212;10834.315;0.248976;GBR.IDXEUR
2025-10-02 13:00:00;10834.204;10837.375;10815.035;10820.614;0.412344;GBR.IDXEUR
2025-10-02 14:00:00;10820.833;10821.458;10792.33;10792.774;0.42804;GBR.IDXEUR
2025-10-02 15:00:00;10792.897;10825.442;10790.973;10818.527;0.330552;GBR.IDXEUR
2025-10-02 16:00:00;10818.711;10820.214;10808.327;10811.912;0.201888;GBR.IDXEUR
2025-10-02 17:00:00;10812.036;10819.586;10806.556;10819.338;0.11736;GBR.IDXEUR
2025-10-02 18:00:00;10819.214;10829.352;10817.906;10821.775;0.114552;GBR.IDXEUR
2025-10-02 19:00:00;10821.526;10827.51;10812.034;10816.201;0.115632;GBR.IDXEUR
2025-10-02 20:00:00;10813.81;10815.881;10812.846;10813.521;0.011568;GBR.IDXEUR
2025-10-02 22:00:00;10810.688;10819.023;10808.501;10813.881;0.0186;GBR.IDXEUR
2025-10-02 23:00:00;10813.971;10815.872;10811.76;10813.485;0.012768;GBR.IDXEUR
2025-10-03 00:00:00;10814.04;10830.848;10808.278;10825.92;0.038592;GBR.IDXEUR
2025-10-03 01:00:00;10825.59;10828.546;10817.619;10827.834;0.04476;GBR.IDXEUR
2025-10-03 02:00:00;10827.709;10830.275;10819.836;10821.245;0.021696;GBR.IDXEUR
2025-10-03 03:00:00;10821.369;10834.624;10820.302;10833.821;0.021408;GBR.IDXEUR
2025-10-03 04:00:00;10833.696;10840.917;10831.365;10832.655;0.026256;GBR.IDXEUR
2025-10-03 05:00:00;10832.531;10836.079;10826.683;10827.484;0.038688;GBR.IDXEUR
2025-10-03 06:00:00;10827.484;10832.914;10819.086;10828.147;0.125496;GBR.IDXEUR
2025-10-03 07:00:00;10829.081;10862.069;10829.081;10859.077;0.240048;GBR.IDXEUR
2025-10-03 08:00:00;10859.077;10868.228;10857.114;10861.747;0.239472;GBR.IDXEUR
2025-10-03 09:00:00;10861.872;10876.248;10861.125;10875.164;0.208224;GBR.IDXEUR
2025-10-03 10:00:00;10875.289;10882.444;10872.32;10878.719;0.145512;GBR.IDXEUR
2025-10-03 11:00:00;10878.968;10878.968;10856.927;10861.477;0.189;GBR.IDXEUR
2025-10-03 12:00:00;10861.103;10866.708;10854.657;10862.132;0.228024;GBR.IDXEUR
2025-10-03 13:00:00;10861.788;10877.673;10855.446;10868.66;0.315144;GBR.IDXEUR
2025-10-03 14:00:00;10868.909;10890.123;10858.097;10889.518;0.434664;GBR.IDXEUR
2025-10-03 15:00:00;10889.758;10900.35;10878.155;10895.244;0.239976;GBR.IDXEUR
2025-10-03 16:00:00;10895.244;10907.332;10893.949;10905.603;0.112032;GBR.IDXEUR
2025-10-03 17:00:00;10905.728;10905.728;10881.378;10884.737;0.162432;GBR.IDXEUR
2025-10-03 18:00:00;10885.328;10899.789;10881.663;10894.989;0.158688;GBR.IDXEUR
2025-10-03 19:00:00;10895.239;10898.729;10888.936;10891.03;0.13752;GBR.IDXEUR
2025-10-05 22:00:00;10869.429;10893.143;10868.688;10891.846;0.054912;GBR.IDXEUR
2025-10-05 23:00:00;10891.818;10901.169;10891.818;10895.301;0.083184;GBR.IDXEUR
2025-10-06 00:00:00;10892.903;10896.883;10880.742;10890.227;0.058272;GBR.IDXEUR
2025-10-06 01:00:00;10890.476;10891.702;10881.117;10886.07;0.0456;GBR.IDXEUR
2025-10-06 02:00:00;10885.692;10887.022;10873.02;10877.606;0.025512;GBR.IDXEUR
2025-10-06 03:00:00;10877.481;10883.115;10875.586;10880.999;0.03012;GBR.IDXEUR
2025-10-06 04:00:00;10881.123;10887.865;10875.804;10884.883;0.041304;GBR.IDXEUR
2025-10-06 05:00:00;10885.008;10893.517;10876.244;10888.457;0.035592;GBR.IDXEUR
2025-10-06 06:00:00;10888.706;10907.09;10875.284;10906.389;0.178824;GBR.IDXEUR
2025-10-06 07:00:00;10909.075;10920.178;10885.774;10915.642;0.481824;GBR.IDXEUR
2025-10-06 08:00:00;10915.516;10924.806;10896.926;10908.384;0.351;GBR.IDXEUR
2025-10-06 09:00:00;10908.133;10919.727;10898.672;10912.518;0.219024;GBR.IDXEUR
2025-10-06 10:00:00;10912.518;10934.639;10912.478;10926.596;0.178416;GBR.IDXEUR
2025-10-06 11:00:00;10927.863;10940.76;10926.381;10934.784;0.206208;GBR.IDXEUR
2025-10-06 12:00:00;10934.54;10943.238;10927.52;10932.81;0.259704;GBR.IDXEUR
2025-10-06 13:00:00;10933.189;10945.717;10914.402;10916.045;0.313344;GBR.IDXEUR
2025-10-06 14:00:00;10916.275;10936.166;10905.605;10907.321;0.309672;GBR.IDXEUR
2025-10-06 15:00:00;10907.321;10916.862;10901.977;10912.626;0.226728;GBR.IDXEUR
2025-10-06 16:00:00;10912.877;10919.44;10906.17;10908.444;0.115488;GBR.IDXEUR
2025-10-06 17:00:00;10908.098;10918.231;10905.689;10917.68;0.107856;GBR.IDXEUR
2025-10-06 18:00:00;10916.944;10918.84;10902.934;10908.297;0.088128;GBR.IDXEUR
2025-10-06 19:00:00;10908.66;10914.123;10900.716;10904.7;0.111528;GBR.IDXEUR
2025-10-06 20:00:00;10902.28;10905.289;10901.069;10903.217;0.0162;GBR.IDXEUR
2025-10-06 22:00:00;10905.586;10908.018;10894.393;10895.705;0.044976;GBR.IDXEUR
2025-10-06 23:00:00;10895.565;10900.808;10892.852;10898.979;0.029304;GBR.IDXEUR
2025-10-07 00:00:00;10899.995;10904.611;10892.922;10902.49;0.03492;GBR.IDXEUR
2025-10-07 01:00:00;10902.49;10916.622;10897.461;10914.573;0.029856;GBR.IDXEUR
2025-10-07 02:00:00;10914.573;10915.623;10907.173;10910.08;0.021168;GBR.IDXEUR
2025-10-07 03:00:00;10911.225;10912.202;10906.169;10910.297;0.017856;GBR.IDXEUR
2025-10-07 04:00:00;10910.423;10915.454;10909.445;10912.317;0.023928;GBR.IDXEUR
2025-10-07 05:00:00;10912.442;10912.902;10906.919;10909.138;0.026136;GBR.IDXEUR
2025-10-07 06:00:00;10909.263;10923.729;10904.227;10923.378;0.161592;GBR.IDXEUR
2025-10-07 07:00:00;10923.597;10927.309;10900.906;10921.831;0.288216;GBR.IDXEUR
2025-10-07 08:00:00;10922.951;10930.821;10912.147;10930.265;0.198504;GBR.IDXEUR
2025-10-07 09:00:00;10930.391;10932.137;10915.975;10922.313;0.170208;GBR.IDXEUR
2025-10-07 10:00:00;10922.439;10926.344;10910.152;10911.811;0.183096;GBR.IDXEUR
2025-10-07 11:00:00;10911.246;10924.354;10907.643;10920.013;0.218088;GBR.IDXEUR
2025-10-07 12:00:00;10919.762;10928.861;10914.771;10919.285;0.251784;GBR.IDXEUR
2025-10-07 13:00:00;10919.159;10935.022;10915.124;10925.961;0.278136;GBR.IDXEUR
2025-10-07 14:00:00;10925.583;10930.396;10912.226;10918.48;0.30636;GBR.IDXEUR
2025-10-07 15:00:00;10918.48;10926.425;10908.038;10921.622;0.338328;GBR.IDXEUR
2025-10-07 16:00:00;10921.497;10927.849;10910.366;10923.757;0.238032;GBR.IDXEUR
2025-10-07 17:00:00;10923.506;10931.491;10921.067;10924.07;0.1818;GBR.IDXEUR
2025-10-07 18:00:00;10924.16;10932.186;10916.51;10932.186;0.169848;GBR.IDXEUR
2025-10-07 19:00:00;10932.738;10937.322;10926.559;10930.196;0.1494;GBR.IDXEUR
2025-10-07 20:00:00;10927.602;10929.783;10926.155;10926.767;0.019248;GBR.IDXEUR
2025-10-07 22:00:00;10926.381;10929.5;10924.593;10927.901;0.015792;GBR.IDXEUR
2025-10-07 23:00:00;10928.278;10928.407;10920.433;10921.482;0.028104;GBR.IDXEUR
2025-10-08 00:00:00;10923.0;10932.012;10920.571;10930.527;0.045984;GBR.IDXEUR
2025-10-08 01:00:00;10930.527;10947.028;10929.898;10938.764;0.080952;GBR.IDXEUR
2025-10-08 02:00:00;10938.638;10948.596;10938.29;10943.081;0.04104;GBR.IDXEUR
2025-10-08 03:00:00;10942.77;10951.909;10942.292;10949.457;0.029664;GBR.IDXEUR
2025-10-08 04:00:00;10949.205;10949.737;10944.427;10948.053;0.024792;GBR.IDXEUR
2025-10-08 05:00:00;10947.697;10955.22;10945.954;10949.886;0.033936;GBR.IDXEUR
2025-10-08 06:00:00;10950.013;10957.344;10942.935;10945.6;0.14532;GBR.IDXEUR
2025-10-08 07:00:00;10949.206;10980.597;10946.86;10980.037;0.320328;GBR.IDXEUR
2025-10-08 08:00:00;10980.751;10994.81;10978.262;10993.58;0.229536;GBR.IDXEUR
2025-10-08 09:00:00;10993.454;11015.887;10991.566;11009.386;0.209736;GBR.IDXEUR
2025-10-08 10:00:00;11009.259;11027.336;11004.535;11015.929;0.194832;GBR.IDXEUR
2025-10-08 11:00:00;11015.586;11031.681;11011.811;11026.137;0.216648;GBR.IDXEUR
2025-10-08 12:00:00;11025.798;11045.003;11018.413;11043.688;0.204264;GBR.IDXEUR
2025-10-08 13:00:00;11043.499;11049.179;10994.099;11000.747;0.316008;GBR.IDXEUR
2025-10-08 14:00:00;11001.001;11030.141;10999.831;11027.959;0.303048;GBR.IDXEUR
2025-10-08 15:00:00;11028.086;11036.903;11019.932;11021.189;0.282888;GBR.IDXEUR
2025-10-08 16:00:00;11021.062;11031.637;11018.751;11025.892;0.164232;GBR.IDXEUR
2025-10-08 17:00:00;11025.51;11025.51;11008.799;11009.033;0.120672;GBR.IDXEUR
2025-10-08 18:00:00;11009.667;11014.069;10991.198;10994.661;0.217152;GBR.IDXEUR
2025-10-08 19:00:00;10994.661;11008.062;10993.049;11005.128;0.134568;GBR.IDXEUR
2025-10-08 20:00:00;11006.025;11006.025;11001.678;11004.197;0.014016;GBR.IDXEUR
2025-10-08 22:00:00;11003.494;11009.351;11002.887;11009.237;0.027072;GBR.IDXEUR
2025-10-08 23:00:00;11009.11;11014.785;11007.299;11011.0;0.028344;GBR.IDXEUR
2025-10-09 00:00:00;11011.828;11014.856;11004.81;11007.035;0.030408;GBR.IDXEUR
2025-10-09 01:00:00;11007.161;11007.288;10940.703;10947.991;0.061008;GBR.IDXEUR
2025-10-09 02:00:00;10947.419;10957.347;10926.648;10929.356;0.037824;GBR.IDXEUR
2025-10-09 03:00:00;10929.482;10945.355;10929.482;10944.179;0.022776;GBR.IDXEUR
2025-10-09 04:00:00;10944.622;10955.473;10943.451;10955.409;0.022848;GBR.IDXEUR
2025-10-09 05:00:00;10955.535;10968.184;10951.433;10964.163;0.032496;GBR.IDXEUR
2025-10-09 06:00:00;10964.163;10980.105;10947.424;10948.258;0.217152;GBR.IDXEUR
2025-10-09 07:00:00;10948.586;10967.156;10935.112;10947.465;0.384912;GBR.IDXEUR
2025-10-09 08:00:00;10947.591;10953.844;10931.563;10943.416;0.258552;GBR.IDXEUR
2025-10-09 09:00:00;10943.29;10951.162;10931.965;10950.093;0.261288;GBR.IDXEUR
2025-10-09 10:00:00;10949.589;10970.148;10948.078;10963.032;0.19188;GBR.IDXEUR
2025-10-09 11:00:00;10961.296;10978.317;10954.737;10972.477;0.204552;GBR.IDXEUR
2025-10-09 12:00:00;10972.73;10984.064;10969.162;10971.852;0.230184;GBR.IDXEUR
2025-10-09 13:00:00;10971.979;10984.464;10960.735;10966.139;0.458928;GBR.IDXEUR
2025-10-09 14:00:00;10965.902;10976.491;10950.663;10958.353;0.421344;GBR.IDXEUR
2025-10-09 15:00:00;10958.732;10966.288;10937.449;10957.25;0.445608;GBR.IDXEUR
2025-10-09 16:00:00;10957.124;10963.015;10927.03;10927.271;0.27396;GBR.IDXEUR
2025-10-09 17:00:00;10927.599;10935.738;10920.911;10930.618;0.216648;GBR.IDXEUR
2025-10-09 18:00:00;10931.424;10931.472;10916.376;10921.451;0.153792;GBR.IDXEUR
2025-10-09 19:00:00;10921.2;10934.044;10919.616;10924.895;0.145656;GBR.IDXEUR
2025-10-09 20:00:00;10922.591;10923.423;10920.317;10920.642;0.019416;GBR.IDXEUR
2025-10-09 22:00:00;10924.242;10926.426;10920.127;10924.877;0.02388;GBR.IDXEUR
2025-10-09 23:00:00;10924.985;10929.573;10923.8;10929.244;0.017592;GBR.IDXEUR
2025-10-10 00:00:00;10933.615;10941.02;10930.377;10935.977;0.030024;GBR.IDXEUR
2025-10-10 01:00:00;10936.304;10940.996;10928.569;10938.964;0.037368;GBR.IDXEUR
2025-10-10 02:00:00;10938.964;10938.964;10929.572;10930.311;0.024528;GBR.IDXEUR
2025-10-10 03:00:00;10930.437;10934.725;10928.434;10931.011;0.02556;GBR.IDXEUR
2025-10-10 04:00:00;10931.137;10933.647;10921.066;10921.871;0.026328;GBR.IDXEUR
2025-10-10 05:00:00;10921.871;10924.042;10913.738;10923.386;0.03516;GBR.IDXEUR
2025-10-10 06:00:00;10923.634;10932.193;10911.257;10913.895;0.213288;GBR.IDXEUR
2025-10-10 07:00:00;10915.493;10925.882;10902.286;10915.61;0.326016;GBR.IDXEUR
2025-10-10 08:00:00;10916.091;10922.99;10899.363;10916.01;0.218664;GBR.IDXEUR
2025-10-10 09:00:00;10915.825;10921.628;10895.297;10895.672;0.22068;GBR.IDXEUR
2025-10-10 10:00:00;10895.547;10915.139;10893.154;10907.456;0.22608;GBR.IDXEUR
2025-10-10 11:00:00;10907.331;10919.46;10905.379;10918.054;0.21024;GBR.IDXEUR
2025-10-10 12:00:00;10918.179;10920.155;10897.471;10909.439;0.224496;GBR.IDXEUR
2025-10-10 13:00:00;10909.666;10919.363;10903.446;10906.5;0.297648;GBR.IDXEUR
2025-10-10 14:00:00;10906.5;10917.88;10869.125;10881.65;0.39888;GBR.IDXEUR
2025-10-10 15:00:00;10882.138;10882.138;10807.579;10823.795;0.959976;GBR.IDXEUR
2025-10-10 16:00:00;10823.565;10827.691;10792.328;10797.741;0.576864;GBR.IDXEUR
2025-10-10 17:00:00;10797.617;10813.407;10784.8;10807.713;0.365112;GBR.IDXEUR
2025-10-10 18:00:00;10807.589;10812.535;10780.724;10784.532;0.275184;GBR.IDXEUR
2025-10-10 19:00:00;10784.656;10797.056;10765.004;10783.871;0.287064;GBR.IDXEUR
2025-10-10 20:00:00;10783.747;10783.747;10783.747;10783.747;7.2e-05;GBR.IDXEUR
2025-10-12 22:00:00;10824.205;10837.519;10812.534;10820.482;0.128736;GBR.IDXEUR
2025-10-12 23:00:00;10820.482;10829.054;10812.059;10827.876;0.122616;GBR.IDXEUR
2025-10-13 00:00:00;10843.056;10844.558;10825.997;10827.798;0.083208;GBR.IDXEUR
2025-10-13 01:00:00;10828.047;10843.562;10826.259;10842.89;0.074712;GBR.IDXEUR
2025-10-13 02:00:00;10842.766;10846.994;10833.626;10837.172;0.038232;GBR.IDXEUR
2025-10-13 03:00:00;10836.918;10843.443;10821.599;10822.779;0.038472;GBR.IDXEUR
2025-10-13 04:00:00;10822.983;10827.427;10820.741;10827.047;0.0318;GBR.IDXEUR
2025-10-13 05:00:00;10826.798;10842.803;10822.139;10840.796;0.054408;GBR.IDXEUR
2025-10-13 06:00:00;10840.671;10853.751;10828.577;10841.997;0.240312;GBR.IDXEUR
2025-10-13 07:00:00;10842.122;10869.386;10829.96;10864.271;0.385632;GBR.IDXEUR
2025-10-13 08:00:00;10864.146;10870.334;10845.597;10861.458;0.29052;GBR.IDXEUR
2025-10-13 09:00:00;10861.583;10862.964;10841.799;10844.512;0.200304;GBR.IDXEUR
2025-10-13 10:00:00;10844.637;10872.257;10843.178;10863.646;0.172656;GBR.IDXEUR
2025-10-13 11:00:00;10863.521;10872.462;10839.008;10860.155;0.324792;GBR.IDXEUR
2025-10-13 12:00:00;10859.78;10867.702;10847.646;10855.11;0.25596;GBR.IDXEUR
2025-10-13 13:00:00;10854.985;10870.411;10842.163;10868.52;0.350712;GBR.IDXEUR
2025-10-13 14:00:00;10867.965;10887.394;10859.224;10879.679;0.371664;GBR.IDXEUR
2025-10-13 15:00:00;10879.553;10890.574;10868.416;10876.294;0.282024;GBR.IDXEUR
2025-10-13 16:00:00;10876.169;10889.41;10873.674;10886.439;0.200736;GBR.IDXEUR
2025-10-13 17:00:00;10886.774;10889.934;10876.55;10883.698;0.143136;GBR.IDXEUR
2025-10-13 18:00:00;10883.367;10898.203;10881.94;10884.554;0.142776;GBR.IDXEUR
2025-10-13 19:00:00;10884.875;10894.24;10879.008;10891.907;0.1422;GBR.IDXEUR
2025-10-13 20:00:00;10889.359;10891.348;10886.716;10887.087;0.014784;GBR.IDXEUR
2025-10-13 22:00:00;10882.804;10888.56;10882.283;10888.525;0.02784;GBR.IDXEUR
2025-10-13 23:00:00;10888.197;10888.39;10881.424;10886.53;0.038136;GBR.IDXEUR
2025-10-14 00:00:00;10890.114;10913.469;10878.733;10906.491;0.062304;GBR.IDXEUR
2025-10-14 01:00:00;10906.365;10907.456;10891.515;10897.139;0.054624;GBR.IDXEUR
2025-10-14 02:00:00;10897.014;10897.224;10884.113;10884.995;0.027384;GBR.IDXEUR
2025-10-14 03:00:00;10884.995;10887.365;10875.538;10877.275;0.045936;GBR.IDXEUR
2025-10-14 04:00:00;10877.151;10877.271;10844.951;10855.85;0.095208;GBR.IDXEUR
2025-10-14 05:00:00;10855.725;10860.222;10817.793;10828.867;0.092592;GBR.IDXEUR
2025-10-14 06:00:00;10828.742;10831.884;10792.917;10800.959;0.35772;GBR.IDXEUR
2025-10-14 07:00:00;10801.543;10824.624;10782.118;10807.456;0.484632;GBR.IDXEUR
2025-10-14 08:00:00;10807.456;10846.297;10799.366;10843.913;0.309456;GBR.IDXEUR
2025-10-14 09:00:00;10844.038;10853.321;10809.602;10812.85;0.256536;GBR.IDXEUR
2025-10-14 10:00:00;10812.477;10814.843;10771.939;10780.632;0.279288;GBR.IDXEUR
2025-10-14 11:00:00;10780.963;10816.153;10780.963;10814.272;0.285768;GBR.IDXEUR
2025-10-14 12:00:00;10814.272;10814.272;10779.459;10790.998;0.3492;GBR.IDXEUR
2025-10-14 13:00:00;10791.301;10828.043;10790.645;10822.57;0.508104;GBR.IDXEUR
2025-10-14 14:00:00;10822.23;10849.978;10818.984;10836.33;0.43344;GBR.IDXEUR
2025-10-14 15:00:00;10836.909;10868.587;10826.482;10862.945;0.4122;GBR.IDXEUR
2025-10-14 16:00:00;10862.82;10884.16;10854.711;10875.076;0.3132;GBR.IDXEUR
2025-10-14 17:00:00;10874.951;10895.511;10868.378;10893.193;0.239544;GBR.IDXEUR
2025-10-14 18:00:00;10893.193;10895.196;10884.322;10893.656;0.184608;GBR.IDXEUR
2025-10-14 19:00:00;10893.883;10896.325;10854.191;10874.042;0.300456;GBR.IDXEUR
2025-10-14 20:00:00;10873.792;10877.357;10861.709;10866.908;0.038616;GBR.IDXEUR
2025-10-14 22:00:00;10866.302;10875.409;10863.557;10872.708;0.048456;GBR.IDXEUR
2025-10-14 23:00:00;10872.957;10881.53;10870.591;10875.697;0.039624;GBR.IDXEUR
2025-10-15 00:00:00;10887.287;10887.808;10874.794;10878.349;0.059088;GBR.IDXEUR
2025-10-15 01:00:00;10878.349;10878.92;10867.087;10876.359;0.06456;GBR.IDXEUR
2025-10-15 02:00:00;10876.484;10888.016;10875.635;10877.878;0.047088;GBR.IDXEUR
2025-10-15 03:00:00;10878.418;10889.339;10875.878;10883.634;0.038952;GBR.IDXEUR
2025-10-15 04:00:00;10883.634;10893.493;10882.546;10893.184;0.024288;GBR.IDXEUR
2025-10-15 05:00:00;10893.309;10901.943;10888.377;10899.372;0.036648;GBR.IDXEUR
2025-10-15 06:00:00;10899.247;10904.489;10882.762;10888.34;0.209136;GBR.IDXEUR
2025-10-15 07:00:00;10888.215;10895.909;10831.038;10839.657;0.355824;GBR.IDXEUR
2025-10-15 08:00:00;10839.533;10840.177;10798.283;10803.447;0.239256;GBR.IDXEUR
2025-10-15 09:00:00;10803.447;10824.696;10800.204;10805.547;0.233064;GBR.IDXEUR
2025-10-15 10:00:00;10805.671;10807.733;10791.019;10804.708;0.1926;GBR.IDXEUR
2025-10-15 11:00:00;10805.029;10817.506;10794.341;10816.797;0.1908;GBR.IDXEUR
2025-10-15 12:00:00;10816.673;10825.859;10809.737;10817.605;0.24444;GBR.IDXEUR
2025-10-15 13:00:00;10817.356;10837.531;10809.46;10831.148;0.403632;GBR.IDXEUR
2025-10-15 14:00:00;10831.486;10857.183;10830.934;10844.063;0.339192;GBR.IDXEUR
2025-10-15 15:00:00;10844.39;10867.44;10822.472;10829.901;0.421992;GBR.IDXEUR
2025-10-15 16:00:00;10830.229;10844.554;10819.815;10821.206;0.292176;GBR.IDXEUR
2025-10-15 17:00:00;10821.455;10821.781;10780.054;10817.831;0.380376;GBR.IDXEUR
2025-10-15 18:00:00;10817.757;10832.317;10810.793;10829.444;0.175536;GBR.IDXEUR
2025-10-15 19:00:00;10829.693;10835.674;10820.27;10827.693;0.179856;GBR.IDXEUR
2025-10-15 20:00:00;10825.544;10835.545;10823.978;10830.064;0.02952;GBR.IDXEUR
2025-10-15 22:00:00;10831.416;10836.724;10827.549;10835.278;0.040296;GBR.IDXEUR
2025-10-15 23:00:00;10835.278;10835.402;10824.756;10829.671;0.044112;GBR.IDXEUR
2025-10-16 00:00:00;10833.773;10835.097;10819.303;10824.192;0.081624;GBR.IDXEUR
2025-10-16 01:00:00;10824.401;10836.242;10822.532;10829.479;0.076728;GBR.IDXEUR
2025-10-16 02:00:00;10829.604;10831.154;10819.247;10828.205;0.053424;GBR.IDXEUR
2025-10-16 03:00:00;10828.08;10832.201;10816.627;10821.181;0.046272;GBR.IDXEUR
2025-10-16 04:00:00;10820.937;10829.333;10815.145;10821.927;0.032304;GBR.IDXEUR
2025-10-16 05:00:00;10822.154;10822.799;10813.416;10817.733;0.047016;GBR.IDXEUR
2025-10-16 06:00:00;10817.609;10848.708;10817.609;10840.263;0.226272;GBR.IDXEUR
2025-10-16 07:00:00;10839.786;10858.883;10814.694;10844.03;0.397872;GBR.IDXEUR
2025-10-16 08:00:00;10844.28;10856.002;10835.936;10847.376;0.247248;GBR.IDXEUR
2025-10-16 09:00:00;10847.605;10874.363;10846.789;10862.379;0.202896;GBR.IDXEUR
2025-10-16 10:00:00;10862.186;10869.097;10845.529;10856.356;0.196056;GBR.IDXEUR
2025-10-16 11:00:00;10856.356;10858.392;10837.281;10840.501;0.216576;GBR.IDXEUR
2025-10-16 12:00:00;10840.501;10849.485;10832.064;10845.085;0.267912;GBR.IDXEUR
2025-10-16 13:00:00;10844.96;10847.347;10818.458;10818.831;0.394704;GBR.IDXEUR
2025-10-16 14:00:00;10818.248;10845.238;10806.545;10842.08;0.419904;GBR.IDXEUR
2025-10-16 15:00:00;10842.205;10865.267;10839.628;10849.361;0.4212;GBR.IDXEUR
2025-10-16 16:00:00;10849.236;10853.461;10795.5;10823.478;0.555408;GBR.IDXEUR
2025-10-16 17:00:00;10823.114;10831.129;10802.477;10807.173;0.41328;GBR.IDXEUR
2025-10-16 18:00:00;10806.853;10807.997;10755.36;10777.508;0.401832;GBR.IDXEUR
2025-10-16 19:00:00;10776.796;10784.332;10753.248;10774.256;0.303984;GBR.IDXEUR
2025-10-16 20:00:00;10774.132;10775.379;10756.793;10757.913;0.039696;GBR.IDXEUR
2025-10-16 22:00:00;10771.558;10777.302;10751.996;10752.325;0.065784;GBR.IDXEUR
2025-10-16 23:00:00;10752.489;10764.853;10750.629;10763.586;0.078216;GBR.IDXEUR
2025-10-17 00:00:00;10756.22;10763.833;10739.459;10743.241;0.055416;GBR.IDXEUR
2025-10-17 01:00:00;10743.286;10753.624;10732.395;10736.041;0.067248;GBR.IDXEUR
2025-10-17 02:00:00;10736.041;10738.036;10724.779;10732.521;0.057864;GBR.IDXEUR
2025-10-17 03:00:00;10732.768;10738.832;10725.068;10732.275;0.048816;GBR.IDXEUR
2025-10-17 04:00:00;10732.151;10735.855;10730.037;10733.144;0.044064;GBR.IDXEUR
2025-10-17 05:00:00;10732.897;10732.897;10708.959;10723.776;0.066624;GBR.IDXEUR
2025-10-17 06:00:00;10724.023;10726.603;10691.855;10692.59;0.30516;GBR.IDXEUR
2025-10-17 07:00:00;10694.269;10710.652;10652.603;10659.542;0.603072;GBR.IDXEUR
2025-10-17 08:00:00;10659.909;10667.248;10632.977;10660.501;0.402552;GBR.IDXEUR
2025-10-17 09:00:00;10660.501;10691.036;10658.355;10687.279;0.344232;GBR.IDXEUR
2025-10-17 10:00:00;10687.047;10712.388;10683.714;10700.627;0.295704;GBR.IDXEUR
2025-10-17 11:00:00;10701.119;10740.842;10693.758;10735.604;0.411048;GBR.IDXEUR
2025-10-17 12:00:00;10735.357;10758.696;10728.55;10728.575;0.36072;GBR.IDXEUR
2025-10-17 13:00:00;10728.465;10777.811;10724.813;10773.75;0.442512;GBR.IDXEUR
2025-10-17 14:00:00;10773.388;10797.054;10738.471;10743.694;0.531072;GBR.IDXEUR
2025-10-17 15:00:00;10743.123;10778.371;10736.461;10773.92;0.427464;GBR.IDXEUR
2025-10-17 16:00:00;10773.92;10781.527;10758.017;10763.77;0.27144;GBR.IDXEUR
2025-10-17 17:00:00;10763.646;10773.988;10753.89;10772.374;0.257544;GBR.IDXEUR
2025-10-17 18:00:00;10772.036;10805.991;10772.036;10803.636;0.202248;GBR.IDXEUR
2025-10-17 19:00:00;10803.664;10813.011;10800.061;10805.029;0.188208;GBR.IDXEUR
2025-10-19 22:00:00;10808.788;10814.56;10805.853;10807.898;0.051072;GBR.IDXEUR
2025-10-19 23:00:00;10808.63;10808.63;10797.294;10803.084;0.055224;GBR.IDXEUR
2025-10-20 00:00:00;10803.628;10806.436;10784.952;10800.33;0.071112;GBR.IDXEUR
2025-10-20 01:00:00;10800.672;10808.286;10794.502;10799.405;0.060912;GBR.IDXEUR
2025-10-20 02:00:00;10799.775;10806.139;10795.061;10805.307;0.036024;GBR.IDXEUR
2025-10-20 03:00:00;10805.307;10810.342;10802.865;10810.014;0.026664;GBR.IDXEUR
2025-10-20 04:00:00;10810.356;10813.652;10801.806;10803.986;0.037104;GBR.IDXEUR
2025-10-20 05:00:00;10804.11;10815.992;10803.433;10814.283;0.035544;GBR.IDXEUR
2025-10-20 06:00:00;10814.781;10818.995;10804.723;10810.089;0.19536;GBR.IDXEUR
2025-10-20 07:00:00;10809.633;10826.512;10790.174;10820.607;0.315288;GBR.IDXEUR
2025-10-20 08:00:00;10820.358;10822.898;10799.958;10810.047;0.206928;GBR.IDXEUR
2025-10-20 09:00:00;10809.798;10822.942;10796.049;10802.146;0.2304;GBR.IDXEUR
2025-10-20 10:00:00;10802.021;10813.737;10799.523;10800.048;0.157752;GBR.IDXEUR
2025-10-20 11:00:00;10800.048;10817.495;10798.943;10815.338;0.20196;GBR.IDXEUR
2025-10-20 12:00:00;10815.213;10821.381;10806.323;10815.147;0.217008;GBR.IDXEUR
2025-10-20 13:00:00;10815.022;10834.23;10812.747;10818.837;0.293184;GBR.IDXEUR
2025-10-20 14:00:00;10818.961;10841.427;10815.726;10840.307;0.291312;GBR.IDXEUR
2025-10-20 15:00:00;10840.314;10842.055;10822.388;10833.677;0.253512;GBR.IDXEUR
2025-10-20 16:00:00;10833.552;10851.149;10832.427;10851.028;0.176184;GBR.IDXEUR
2025-10-20 17:00:00;10851.153;10861.932;10850.019;10860.238;0.11628;GBR.IDXEUR
2025-10-20 18:00:00;10859.863;10866.767;10859.376;10862.404;0.096048;GBR.IDXEUR
2025-10-20 19:00:00;10862.654;10866.678;10857.422;10863.307;0.095184;GBR.IDXEUR
2025-10-20 20:00:00;10863.889;10866.819;10858.348;10866.084;0.021672;GBR.IDXEUR
2025-10-20 22:00:00;10861.936;10863.239;10858.577;10860.719;0.022776;GBR.IDXEUR
2025-10-20 23:00:00;10860.943;10864.39;10859.337;10859.466;0.023808;GBR.IDXEUR
2025-10-21 00:00:00;10860.846;10871.357;10858.873;10870.852;0.034176;GBR.IDXEUR
2025-10-21 01:00:00;10871.102;10875.61;10863.579;10864.262;0.045984;GBR.IDXEUR
2025-10-21 02:00:00;10864.137;10873.108;10863.734;10871.312;0.049728;GBR.IDXEUR
2025-10-21 03:00:00;10871.562;10875.616;10867.335;10870.621;0.033216;GBR.IDXEUR
2025-10-21 04:00:00;10870.621;10870.96;10859.397;10861.877;0.035304;GBR.IDXEUR
2025-10-21 05:00:00;10861.877;10865.454;10851.275;10855.668;0.057312;GBR.IDXEUR
2025-10-21 06:00:00;10855.918;10862.817;10847.997;10860.484;0.2142;GBR.IDXEUR
2025-10-21 07:00:00;10862.943;10870.121;10851.326;10867.966;0.32544;GBR.IDXEUR
2025-10-21 08:00:00;10868.216;10868.803;10845.252;10846.176;0.3258;GBR.IDXEUR
2025-10-21 09:00:00;10846.426;10855.186;10845.948;10853.04;0.215856;GBR.IDXEUR
2025-10-21 10:00:00;10853.04;10857.264;10844.902;10857.139;0.193032;GBR.IDXEUR
2025-10-21 11:00:00;10857.264;10874.23;10854.146;10872.892;0.206424;GBR.IDXEUR
2025-10-21 12:00:00;10873.142;10880.283;10861.73;10876.697;0.306864;GBR.IDXEUR
2025-10-21 13:00:00;10876.823;10877.173;10842.873;10844.573;0.342216;GBR.IDXEUR
2025-10-21 14:00:00;10844.143;10871.176;10837.276;10868.02;0.388296;GBR.IDXEUR
2025-10-21 15:00:00;10867.558;10882.302;10857.398;10870.884;0.306648;GBR.IDXEUR
2025-10-21 16:00:00;10871.009;10876.92;10859.474;10861.265;0.229752;GBR.IDXEUR
2025-10-21 17:00:00;10861.234;10872.605;10853.598;10869.04;0.17136;GBR.IDXEUR
2025-10-21 18:00:00;10869.165;10873.438;10856.032;10857.913;0.098568;GBR.IDXEUR
2025-10-21 19:00:00;10857.574;10861.662;10851.504;10851.629;0.088488;GBR.IDXEUR
2025-10-21 20:00:00;10851.629;10851.629;10838.243;10840.551;0.025872;GBR.IDXEUR
2025-10-21 22:00:00;10853.571;10857.259;10850.44;10855.358;0.032232;GBR.IDXEUR
2025-10-21 23:00:00;10855.609;10855.609;10847.655;10849.423;0.028512;GBR.IDXEUR
2025-10-22 00:00:00;10849.672;10851.995;10838.9;10848.145;0.051816;GBR.IDXEUR
2025-10-22 01:00:00;10847.579;10853.697;10845.882;10852.776;0.03984;GBR.IDXEUR
2025-10-22 02:00:00;10852.901;10857.613;10850.922;10855.599;0.0294;GBR.IDXEUR
2025-10-22 03:00:00;10855.474;10862.04;10848.053;10861.656;0.026112;GBR.IDXEUR
2025-10-22 04:00:00;10861.656;10868.942;10861.535;10865.181;0.021192;GBR.IDXEUR
2025-10-22 05:00:00;10864.577;10867.22;10857.354;10857.729;0.029952;GBR.IDXEUR
2025-10-22 06:00:00;10857.479;10885.39;10843.625;10877.329;0.289728;GBR.IDXEUR
2025-10-22 07:00:00;10878.536;10910.175;10867.855;10900.496;0.335376;GBR.IDXEUR
2025-10-22 08:00:00;10900.621;10910.202;10890.396;10906.604;0.290376;GBR.IDXEUR
2025-10-22 09:00:00;10906.479;10915.126;10897.949;10914.435;0.175752;GBR.IDXEUR
2025-10-22 10:00:00;10914.31;10934.426;10914.31;10929.758;0.205488;GBR.IDXEUR
2025-10-22 11:00:00;10929.632;10949.267;10921.275;10944.734;0.2322;GBR.IDXEUR
2025-10-22 12:00:00;10944.608;10958.069;10942.776;10950.194;0.303336;GBR.IDXEUR
2025-10-22 13:00:00;10951.373;10964.351;10936.505;10962.076;0.336096;GBR.IDXEUR
2025-10-22 14:00:00;10962.133;10990.816;10959.53;10964.701;0.383112;GBR.IDXEUR
2025-10-22 15:00:00;10964.449;10977.668;10948.03;10952.889;0.356184;GBR.IDXEUR
2025-10-22 16:00:00;10953.015;10954.242;10891.628;10922.148;0.37944;GBR.IDXEUR
2025-10-22 17:00:00;10922.389;10931.156;10891.709;10905.341;0.278064;GBR.IDXEUR
2025-10-22 18:00:00;10905.1;10921.806;10898.978;10919.91;0.208152;GBR.IDXEUR
2025-10-22 19:00:00;10919.784;10951.464;10913.31;10949.225;0.17136;GBR.IDXEUR
2025-10-22 20:00:00;10948.967;10950.784;10944.986;10946.985;0.044904;GBR.IDXEUR
2025-10-22 22:00:00;10935.199;10940.226;10933.672;10937.166;0.030024;GBR.IDXEUR
2025-10-22 23:00:00;10937.04;10941.704;10932.447;10933.158;0.039048;GBR.IDXEUR
2025-10-23 00:00:00;10938.57;10942.275;10932.676;10940.3;0.049824;GBR.IDXEUR
2025-10-23 01:00:00;10940.175;10948.313;10938.838;10945.284;0.04284;GBR.IDXEUR
2025-10-23 02:00:00;10945.536;10946.596;10940.823;10943.982;0.031776;GBR.IDXEUR
2025-10-23 03:00:00;10944.219;10947.408;10938.939;10946.075;0.030504;GBR.IDXEUR
2025-10-23 04:00:00;10945.737;10948.766;10940.883;10945.016;0.03492;GBR.IDXEUR
2025-10-23 05:00:00;10945.323;10961.291;10943.662;10960.787;0.030552;GBR.IDXEUR
2025-10-23 06:00:00;10960.661;10986.359;10960.661;10985.129;0.185208;GBR.IDXEUR
2025-10-23 07:00:00;10985.382;11001.992;10959.04;10962.306;0.313344;GBR.IDXEUR
2025-10-23 08:00:00;10962.792;11003.081;10955.492;11001.223;0.225432;GBR.IDXEUR
2025-10-23 09:00:00;11000.617;11008.083;10993.629;11007.709;0.1908;GBR.IDXEUR
2025-10-23 10:00:00;11007.116;11026.008;11000.479;11018.163;0.149832;GBR.IDXEUR
2025-10-23 11:00:00;11017.909;11027.709;11014.481;11021.137;0.183384;GBR.IDXEUR
2025-10-23 12:00:00;11021.01;11021.01;11004.871;11015.557;0.221112;GBR.IDXEUR
2025-10-23 13:00:00;11015.557;11031.138;10993.486;11000.533;0.3384;GBR.IDXEUR
2025-10-23 14:00:00;11000.773;11009.495;10986.206;10991.315;0.371304;GBR.IDXEUR
2025-10-23 15:00:00;10991.582;11004.146;10981.0;10989.322;0.299304;GBR.IDXEUR
2025-10-23 16:00:00;10989.07;10991.325;10979.413;10988.47;0.135432;GBR.IDXEUR
2025-10-23 17:00:00;10988.218;11001.167;10977.931;10996.187;0.164232;GBR.IDXEUR
2025-10-23 18:00:00;10996.061;10999.359;10993.792;10994.748;0.126;GBR.IDXEUR
2025-10-23 19:00:00;10994.974;10997.664;10981.909;10996.159;0.107928;GBR.IDXEUR
2025-10-23 20:00:00;10994.195;10995.935;10990.944;10992.05;0.019392;GBR.IDXEUR
2025-10-23 22:00:00;10996.147;10998.588;10994.846;10996.901;0.026928;GBR.IDXEUR
2025-10-23 23:00:00;10996.466;10999.195;10996.466;10998.524;0.020832;GBR.IDXEUR
2025-10-24 00:00:00;11010.443;11010.443;10993.773;11004.196;0.040872;GBR.IDXEUR
2025-10-24 01:00:00;11004.419;11007.413;11000.901;11004.9;0.03144;GBR.IDXEUR
2025-10-24 02:00:00;11005.152;11008.563;10999.698;11000.542;0.033696;GBR.IDXEUR
2025-10-24 03:00:00;11000.542;11007.764;10998.021;11006.441;0.020256;GBR.IDXEUR
2025-10-24 04:00:00;11006.567;11008.177;11000.998;11004.372;0.020928;GBR.IDXEUR
2025-10-24 05:00:00;11004.246;11008.02;10999.777;11003.805;0.032352;GBR.IDXEUR
2025-10-24 06:00:00;11003.805;11023.471;11001.952;11016.643;0.202704;GBR.IDXEUR
2025-10-24 07:00:00;11016.77;11020.098;10983.754;10984.498;0.336672;GBR.IDXEUR
2025-10-24 08:00:00;10984.372;10991.858;10968.628;10979.471;0.291528;GBR.IDXEUR
2025-10-24 09:00:00;10979.471;11002.857;10965.991;10992.368;0.205416;GBR.IDXEUR
2025-10-24 10:00:00;10992.368;10992.494;10970.152;10973.389;0.149688;GBR.IDXEUR
2025-10-24 11:00:00;10972.826;10981.173;10971.198;10973.532;0.169704;GBR.IDXEUR
2025-10-24 12:00:00;10973.28;11002.989;10972.971;10992.341;0.414432;GBR.IDXEUR
2025-10-24 13:00:00;10992.467;11018.683;10988.912;11018.116;0.364536;GBR.IDXEUR
2025-10-24 14:00:00;11019.39;11020.004;11003.293;11008.665;0.374832;GBR.IDXEUR
2025-10-24 15:00:00;11008.791;11044.997;11006.848;11044.77;0.304416;GBR.IDXEUR
2025-10-24 16:00:00;11045.127;11046.092;11025.83;11036.169;0.133992;GBR.IDXEUR
2025-10-24 17:00:00;11035.787;11041.291;11031.016;11034.275;0.1134;GBR.IDXEUR
2025-10-24 18:00:00;11034.036;11039.613;11032.22;11038.967;0.090072;GBR.IDXEUR
2025-10-24 19:00:00;11038.759;11039.939;11021.6;11024.989;0.10548;GBR.IDXEUR
2025-10-24 20:00:00;11024.736;11024.736;11024.736;11024.736;7.2e-05;GBR.IDXEUR
2025-10-26 23:00:00;11074.667;11076.955;11062.496;11064.317;0.044472;GBR.IDXEUR
2025-10-27 00:00:00;11064.428;11069.716;11063.472;11064.474;0.058344;GBR.IDXEUR
2025-10-27 01:00:00;11067.929;11071.589;11045.518;11052.491;0.058992;GBR.IDXEUR
2025-10-27 02:00:00;11052.073;11058.741;11048.337;11058.248;0.026208;GBR.IDXEUR
2025-10-27 03:00:00;11058.248;11061.325;11047.059;11052.321;0.02844;GBR.IDXEUR
2025-10-27 04:00:00;11052.575;11059.379;11051.566;11057.274;0.02784;GBR.IDXEUR
2025-10-27 05:00:00;11057.274;11065.067;11055.693;11062.358;0.032424;GBR.IDXEUR
2025-10-27 06:00:00;11061.741;11071.284;11061.614;11064.755;0.049752;GBR.IDXEUR
2025-10-27 07:00:00;11065.136;11066.598;11044.544;11049.118;0.18444;GBR.IDXEUR
2025-10-27 08:00:00;11048.085;11066.62;11045.866;11053.653;0.26136;GBR.IDXEUR
2025-10-27 09:00:00;11053.907;11054.936;11041.078;11052.256;0.187344;GBR.IDXEUR
2025-10-27 10:00:00;11052.487;11059.622;11049.255;11054.387;0.174744;GBR.IDXEUR
2025-10-27 11:00:00;11055.104;11075.203;11051.35;11072.012;0.212184;GBR.IDXEUR
2025-10-27 12:00:00;11071.476;11077.101;11061.635;11072.099;0.239256;GBR.IDXEUR
2025-10-27 13:00:00;11071.742;11082.282;11056.097;11068.358;0.301248;GBR.IDXEUR
2025-10-27 14:00:00;11068.612;11079.932;11062.62;11065.667;0.249264;GBR.IDXEUR
2025-10-27 15:00:00;11065.875;11066.815;11030.869;11037.919;0.221184;GBR.IDXEUR
2025-10-27 16:00:00;11037.919;11067.003;11037.532;11065.365;0.188208;GBR.IDXEUR
2025-10-27 17:00:00;11065.009;11065.861;11054.712;11060.056;0.10728;GBR.IDXEUR
2025-10-27 18:00:00;11059.48;11061.572;11049.424;11050.657;0.100944;GBR.IDXEUR
2025-10-27 19:00:00;11051.289;11066.303;11050.018;11061.66;0.09216;GBR.IDXEUR
2025-10-27 20:00:00;11061.903;11079.965;11061.322;11077.373;0.065376;GBR.IDXEUR
2025-10-27 23:00:00;11069.125;11073.834;11067.839;11068.568;0.031176;GBR.IDXEUR
2025-10-28 00:00:00;11068.315;11072.492;11067.454;11070.599;0.061344;GBR.IDXEUR
2025-10-28 01:00:00;11070.837;11072.496;11060.126;11062.852;0.052248;GBR.IDXEUR
2025-10-28 02:00:00;11063.168;11064.45;11055.503;11055.756;0.044112;GBR.IDXEUR
2025-10-28 03:00:00;11055.503;11056.49;11048.933;11051.908;0.031776;GBR.IDXEUR
2025-10-28 04:00:00;11052.288;11062.943;11048.272;11062.69;0.04488;GBR.IDXEUR
2025-10-28 05:00:00;11062.817;11067.416;11060.228;11063.865;0.047208;GBR.IDXEUR
2025-10-28 06:00:00;11064.119;11066.308;11058.628;11061.409;0.045432;GBR.IDXEUR
2025-10-28 07:00:00;11061.282;11072.329;11061.282;11065.328;0.161328;GBR.IDXEUR
2025-10-28 08:00:00;11065.542;11072.419;11017.165;11031.208;0.39528;GBR.IDXEUR
2025-10-28 09:00:00;11031.208;11040.137;11020.9;11029.732;0.242064;GBR.IDXEUR
2025-10-28 10:00:00;11030.279;11035.305;11021.455;11030.14;0.19368;GBR.IDXEUR
2025-10-28 11:00:00;11031.527;11038.672;11027.688;11033.558;0.197712;GBR.IDXEUR
2025-10-28 12:00:00;11034.146;11070.151;11034.146;11066.508;0.30456;GBR.IDXEUR
2025-10-28 13:00:00;11066.635;11083.85;11036.926;11046.069;0.370224;GBR.IDXEUR
2025-10-28 14:00:00;11046.446;11070.547;11045.159;11063.971;0.326376;GBR.IDXEUR
2025-10-28 15:00:00;11064.887;11065.45;11041.173;11049.132;0.267408;GBR.IDXEUR
2025-10-28 16:00:00;11048.88;11063.511;11044.115;11055.013;0.299088;GBR.IDXEUR
2025-10-28 17:00:00;11055.139;11060.938;11038.482;11044.153;0.143712;GBR.IDXEUR
2025-10-28 18:00:00;11044.153;11053.133;11040.685;11047.219;0.102312;GBR.IDXEUR
2025-10-28 19:00:00;11046.83;11047.943;11034.717;11041.54;0.1296;GBR.IDXEUR
2025-10-28 20:00:00;11041.278;11048.656;11034.332;11047.679;0.08136;GBR.IDXEUR
2025-10-28 23:00:00;11044.056;11046.808;11042.509;11045.015;0.022824;GBR.IDXEUR
2025-10-29 00:00:00;11045.266;11048.048;11037.273;11040.126;0.08856;GBR.IDXEUR
2025-10-29 01:00:00;11039.329;11044.666;11028.845;11035.992;0.070008;GBR.IDXEUR
2025-10-29 02:00:00;11036.329;11043.626;11036.329;11039.601;0.051;GBR.IDXEUR
2025-10-29 03:00:00;11039.852;11048.083;11037.996;11047.507;0.0318;GBR.IDXEUR
2025-10-29 04:00:00;11047.507;11053.02;11042.41;11051.344;0.040896;GBR.IDXEUR
2025-10-29 05:00:00;11051.218;11052.437;11043.939;11044.417;0.04884;GBR.IDXEUR
2025-10-29 06:00:00;11044.417;11049.089;11037.125;11041.151;0.048192;GBR.IDXEUR
2025-10-29 07:00:00;11039.895;11059.013;11037.609;11053.818;0.199416;GBR.IDXEUR
2025-10-29 08:00:00;11053.944;11068.812;11051.917;11064.073;0.314712;GBR.IDXEUR
2025-10-29 09:00:00;11064.199;11071.193;11049.188;11063.986;0.249408;GBR.IDXEUR
2025-10-29 10:00:00;11063.986;11077.343;11060.817;11070.883;0.184104;GBR.IDXEUR
2025-10-29 11:00:00;11072.647;11104.019;11071.342;11101.622;0.262224;GBR.IDXEUR
2025-10-29 12:00:00;11101.278;11117.267;11093.046;11093.981;0.277128;GBR.IDXEUR
2025-10-29 13:00:00;11093.729;11106.147;11072.005;11075.994;0.367128;GBR.IDXEUR
2025-10-29 14:00:00;11075.994;11082.38;11057.487;11078.26;0.337536;GBR.IDXEUR
2025-10-29 15:00:00;11078.064;11093.883;11061.51;11061.51;0.331776;GBR.IDXEUR
2025-10-29 16:00:00;11061.51;11080.87;11059.112;11074.315;0.260064;GBR.IDXEUR
2025-10-29 17:00:00;11073.938;11087.268;11070.323;11082.166;0.17712;GBR.IDXEUR
2025-10-29 18:00:00;11081.411;11089.413;11033.736;11052.304;0.74376;GBR.IDXEUR
2025-10-29 19:00:00;11052.43;11073.554;11042.325;11068.023;0.624312;GBR.IDXEUR
2025-10-29 20:00:00;11068.585;11087.722;11058.569;11085.14;0.227304;GBR.IDXEUR
2025-10-29 23:00:00;11076.013;11088.228;11075.916;11085.792;0.057144;GBR.IDXEUR
2025-10-30 00:00:00;11086.04;11098.475;11084.906;11092.578;0.10872;GBR.IDXEUR
2025-10-30 01:00:00;11092.823;11100.71;11070.416;11073.675;0.074784;GBR.IDXEUR
2025-10-30 02:00:00;11073.082;11077.807;11067.829;11068.459;0.057528;GBR.IDXEUR
2025-10-30 03:00:00;11068.333;11076.715;11064.014;11067.979;0.07344;GBR.IDXEUR
2025-10-30 04:00:00;11067.665;11069.176;11034.805;11050.216;0.147672;GBR.IDXEUR
2025-10-30 05:00:00;11049.851;11071.212;11042.84;11068.18;0.072576;GBR.IDXEUR
2025-10-30 06:00:00;11068.055;11068.055;11047.258;11056.442;0.088008;GBR.IDXEUR
2025-10-30 07:00:00;11056.568;11076.28;11055.828;11061.38;0.265008;GBR.IDXEUR
2025-10-30 08:00:00;11059.359;11067.467;11029.334;11039.733;0.382248;GBR.IDXEUR
2025-10-30 09:00:00;11039.984;11043.706;11007.173;11022.368;0.285048;GBR.IDXEUR
2025-10-30 10:00:00;11022.368;11034.058;11015.918;11024.584;0.220104;GBR.IDXEUR
2025-10-30 11:00:00;11024.928;11029.753;11015.191;11020.953;0.224568;GBR.IDXEUR
2025-10-30 12:00:00;11019.258;11028.951;11012.436;11020.815;0.33048;GBR.IDXEUR
2025-10-30 13:00:00;11020.815;11060.436;11016.389;11049.875;0.504648;GBR.IDXEUR
2025-10-30 14:00:00;11049.505;11073.655;11039.855;11073.569;0.467136;GBR.IDXEUR
2025-10-30 15:00:00;11073.569;11098.462;11073.569;11091.53;0.32112;GBR.IDXEUR
2025-10-30 16:00:00;11091.146;11104.351;11087.999;11101.755;0.280008;GBR.IDXEUR
2025-10-30 17:00:00;11101.755;11114.13;11099.372;11109.783;0.1782;GBR.IDXEUR
2025-10-30 18:00:00;11109.58;11111.192;11092.736;11094.388;0.149184;GBR.IDXEUR
2025-10-30 19:00:00;11093.949;11094.868;11072.444;11076.453;0.18216;GBR.IDXEUR
2025-10-30 20:00:00;11075.661;11093.309;11074.288;11090.121;0.140904;GBR.IDXEUR
2025-10-30 23:00:00;11094.762;11100.979;11090.626;11100.418;0.044568;GBR.IDXEUR
2025-10-31 00:00:00;11100.76;11104.323;11092.23;11104.047;0.07128;GBR.IDXEUR
2025-10-31 01:00:00;11093.203;11093.416;11083.969;11091.278;0.05532;GBR.IDXEUR
2025-10-31 02:00:00;11091.152;11092.28;11067.457;11076.881;0.045048;GBR.IDXEUR
2025-10-31 03:00:00;11076.269;11078.652;11066.289;11074.345;0.038544;GBR.IDXEUR
2025-10-31 04:00:00;11074.087;11076.777;11067.249;11069.307;0.026616;GBR.IDXEUR
2025-10-31 05:00:00;11068.766;11069.869;11059.985;11060.221;0.040728;GBR.IDXEUR
2025-10-31 06:00:00;11059.771;11065.829;11052.578;11058.708;0.054264;GBR.IDXEUR
2025-10-31 07:00:00;11058.331;11075.82;11057.872;11071.093;0.227496;GBR.IDXEUR
2025-10-31 08:00:00;11072.216;11081.943;11051.748;11056.097;0.276696;GBR.IDXEUR
2025-10-31 09:00:00;11056.561;11058.828;11030.69;11034.122;0.230256;GBR.IDXEUR
2025-10-31 10:00:00;11034.498;11037.495;11017.073;11018.631;0.181944;GBR.IDXEUR
2025-10-31 11:00:00;11018.971;11051.289;11014.047;11049.77;0.230112;GBR.IDXEUR
2025-10-31 12:00:00;11049.571;11052.107;11032.904;11033.616;0.296496;GBR.IDXEUR
2025-10-31 13:00:00;11033.867;11051.2;11028.881;11048.293;0.355104;GBR.IDXEUR
2025-10-31 14:00:00;11048.419;11053.517;11034.617;11048.113;0.348696;GBR.IDXEUR
2025-10-31 15:00:00;11047.64;11064.522;11039.561;11053.182;0.36648;GBR.IDXEUR
2025-10-31 16:00:00;11053.308;11076.031;11049.173;11055.16;0.345816;GBR.IDXEUR
2025-10-31 17:00:00;11054.794;11069.115;11050.986;11067.272;0.220176;GBR.IDXEUR
2025-10-31 18:00:00;11067.019;11093.724;11065.911;11093.058;0.149184;GBR.IDXEUR
2025-10-31 19:00:00;11092.805;11102.524;11088.127;11094.489;0.15156;GBR.IDXEUR
2025-10-31 20:00:00;11094.236;11098.024;11082.154;11094.283;0.162288;GBR.IDXEUR
2025-11-02 23:00:00;11093.677;11103.774;11091.448;11099.504;0.091104;GBR.IDXEUR
2025-11-03 00:00:00;11099.741;11103.293;11093.321;11101.371;0.041688;GBR.IDXEUR
2025-11-03 01:00:00;11105.499;11115.928;11097.102;11098.159;0.046704;GBR.IDXEUR
2025-11-03 02:00:00;11098.159;11102.66;11091.982;11095.87;0.028776;GBR.IDXEUR
2025-11-03 03:00:00;11095.601;11096.441;11085.595;11093.464;0.028224;GBR.IDXEUR
2025-11-03 04:00:00;11093.337;11097.7;11090.347;11093.79;0.025032;GBR.IDXEUR
2025-11-03 05:00:00;11093.209;11098.777;11092.447;11095.393;0.02772;GBR.IDXEUR
2025-11-03 06:00:00;11095.52;11098.806;11085.957;11091.147;0.026496;GBR.IDXEUR
2025-11-03 07:00:00;11091.02;11091.501;11078.804;11080.375;0.154056;GBR.IDXEUR
2025-11-03 08:00:00;11080.239;11102.707;11075.827;11096.353;0.278424;GBR.IDXEUR
2025-11-03 09:00:00;11096.479;11099.394;11081.295;11083.193;0.1926;GBR.IDXEUR
2025-11-03 10:00:00;11083.504;11097.855;11077.641;11094.778;0.171648;GBR.IDXEUR
2025-11-03 11:00:00;11097.144;11099.957;11084.09;11092.143;0.132768;GBR.IDXEUR
2025-11-03 12:00:00;11092.27;11097.714;11091.072;11092.008;0.155808;GBR.IDXEUR
2025-11-03 13:00:00;11092.261;11092.261;11073.692;11073.692;0.21348;GBR.IDXEUR
2025-11-03 14:00:00;11073.44;11093.178;11052.548;11061.287;0.292176;GBR.IDXEUR
2025-11-03 15:00:00;11060.063;11077.165;11050.984;11071.482;0.413208;GBR.IDXEUR
2025-11-03 16:00:00;11071.482;11072.221;11052.949;11057.732;0.288936;GBR.IDXEUR
2025-11-03 17:00:00;11057.732;11066.122;11051.002;11064.442;0.182088;GBR.IDXEUR
2025-11-03 18:00:00;11064.442;11070.978;11061.418;11065.881;0.121464;GBR.IDXEUR
2025-11-03 19:00:00;11065.755;11077.977;11062.478;11069.259;0.129312;GBR.IDXEUR
2025-11-03 20:00:00;11069.511;11073.247;11061.329;11065.221;0.112392;GBR.IDXEUR
2025-11-03 21:00:00;11065.699;11070.887;11061.946;11063.755;0.042144;GBR.IDXEUR
2025-11-03 23:00:00;11059.88;11063.327;11054.546;11055.71;0.034464;GBR.IDXEUR
2025-11-04 00:00:00;11055.634;11055.634;11043.562;11050.436;0.077736;GBR.IDXEUR
2025-11-04 01:00:00;11057.79;11064.57;11053.442;11055.734;0.062016;GBR.IDXEUR
2025-11-04 02:00:00;11055.734;11056.112;11043.713;11043.713;0.043896;GBR.IDXEUR
2025-11-04 03:00:00;11043.587;11057.665;11043.587;11052.733;0.051816;GBR.IDXEUR
2025-11-04 04:00:00;11053.051;11053.68;11042.898;11049.648;0.035256;GBR.IDXEUR
2025-11-04 05:00:00;11049.27;11049.596;11024.478;11026.039;0.057504;GBR.IDXEUR
2025-11-04 06:00:00;11026.588;11027.273;10991.527;11008.195;0.078024;GBR.IDXEUR
2025-11-04 07:00:00;11008.07;11008.494;10984.915;10996.83;0.251496;GBR.IDXEUR
2025-11-04 08:00:00;10998.541;11002.48;10921.202;10939.024;0.442224;GBR.IDXEUR
2025-11-04 09:00:00;10939.149;10945.738;10889.396;10890.168;0.296496;GBR.IDXEUR
2025-11-04 10:00:00;10889.827;10935.403;10870.446;10934.337;0.242856;GBR.IDXEUR
2025-11-04 11:00:00;10933.979;10972.796;10932.647;10964.072;0.199584;GBR.IDXEUR
2025-11-04 12:00:00;10963.493;10985.412;10956.264;10977.421;0.245088;GBR.IDXEUR
2025-11-04 13:00:00;10977.171;10988.034;10964.347;10976.585;0.226944;GBR.IDXEUR
2025-11-04 14:00:00;10976.585;11016.053;10971.006;11016.044;0.366624;GBR.IDXEUR
2025-11-04 15:00:00;11016.391;11032.01;11011.558;11019.606;0.37764;GBR.IDXEUR
2025-11-04 16:00:00;11019.857;11040.892;11012.524;11040.463;0.322488;GBR.IDXEUR
2025-11-04 17:00:00;11040.463;11040.588;11015.957;11019.713;0.200592;GBR.IDXEUR
2025-11-04 18:00:00;11018.319;11020.899;10994.862;11005.609;0.144936;GBR.IDXEUR
2025-11-04 19:00:00;11005.031;11011.029;10997.101;11006.48;0.1386;GBR.IDXEUR
2025-11-04 20:00:00;11006.73;11015.215;11005.095;11008.861;0.141984;GBR.IDXEUR
2025-11-04 21:00:00;11009.095;11009.095;11003.787;11006.823;0.05364;GBR.IDXEUR
2025-11-04 23:00:00;11011.33;11012.748;10999.097;10999.327;0.049368;GBR.IDXEUR
2025-11-05 00:00:00;10998.846;11002.255;10972.4;10976.173;0.114984;GBR.IDXEUR
2025-11-05 01:00:00;10971.355;10972.384;10916.234;10939.321;0.090624;GBR.IDXEUR
2025-11-05 02:00:00;10940.188;10963.503;10936.396;10958.793;0.064824;GBR.IDXEUR
2025-11-05 03:00:00;10958.918;10982.886;10958.918;10980.675;0.059712;GBR.IDXEUR
2025-11-05 04:00:00;10981.048;10981.691;10968.307;10974.24;0.036888;GBR.IDXEUR
2025-11-05 05:00:00;10973.904;10984.429;10969.039;10970.608;0.0444;GBR.IDXEUR
2025-11-05 06:00:00;10970.484;10996.418;10964.535;10990.97;0.044256;GBR.IDXEUR
2025-11-05 07:00:00;10990.845;10996.7;10976.022;10982.841;0.129312;GBR.IDXEUR
2025-11-05 08:00:00;10982.133;11038.146;10974.692;11031.261;0.301968;GBR.IDXEUR
2025-11-05 09:00:00;11031.136;11036.539;11009.784;11016.128;0.2142;GBR.IDXEUR
2025-11-05 10:00:00;11016.002;11024.012;11002.376;11007.713;0.179856;GBR.IDXEUR
2025-11-05 11:00:00;11007.39;11031.141;11001.978;11028.168;0.180576;GBR.IDXEUR
2025-11-05 12:00:00;11028.418;11043.957;11022.54;11040.347;0.188136;GBR.IDXEUR
2025-11-05 13:00:00;11040.347;11060.011;11037.9;11058.775;0.258912;GBR.IDXEUR
2025-11-05 14:00:00;11058.775;11094.52;11052.623;11088.823;0.320328;GBR.IDXEUR
2025-11-05 15:00:00;11088.697;11120.509;11082.932;11114.544;0.463608;GBR.IDXEUR
2025-11-05 16:00:00;11114.418;11123.454;11105.241;11117.739;0.305928;GBR.IDXEUR
2025-11-05 17:00:00;11117.613;11135.529;11116.358;11122.735;0.1818;GBR.IDXEUR
2025-11-05 18:00:00;11122.521;11126.238;11117.691;11120.327;0.121464;GBR.IDXEUR
2025-11-05 19:00:00;11119.643;11120.462;11111.622;11113.832;0.105624;GBR.IDXEUR
2025-11-05 20:00:00;11113.706;11124.164;11112.043;11112.103;0.120744;GBR.IDXEUR
2025-11-05 21:00:00;11109.347;11114.459;11104.496;11108.311;0.033096;GBR.IDXEUR
2025-11-05 23:00:00;11101.818;11107.728;11094.289;11107.235;0.0468;GBR.IDXEUR
2025-11-06 00:00:00;11107.249;11107.369;11083.85;11096.141;0.098304;GBR.IDXEUR
2025-11-06 01:00:00;11099.791;11099.917;11072.465;11083.543;0.053736;GBR.IDXEUR
2025-11-06 02:00:00;11083.233;11095.042;11075.443;11092.399;0.033576;GBR.IDXEUR
2025-11-06 03:00:00;11092.525;11097.498;11088.843;11093.135;0.03072;GBR.IDXEUR
2025-11-06 04:00:00;11093.135;11096.614;11086.814;11092.492;0.025992;GBR.IDXEUR
2025-11-06 05:00:00;11092.366;11095.705;11084.659;11084.906;0.025104;GBR.IDXEUR
2025-11-06 06:00:00;11084.671;11094.685;11083.948;11084.611;0.034008;GBR.IDXEUR
2025-11-06 07:00:00;11084.737;11110.587;11084.737;11092.209;0.158664;GBR.IDXEUR
2025-11-06 08:00:00;11092.739;11103.428;11082.981;11096.644;0.3168;GBR.IDXEUR
2025-11-06 09:00:00;11096.852;11100.811;11077.281;11081.218;0.227376;GBR.IDXEUR
2025-11-06 10:00:00;11081.633;11086.579;11074.347;11077.497;0.19116;GBR.IDXEUR
2025-11-06 11:00:00;11077.749;11084.546;11072.322;11074.649;0.178632;GBR.IDXEUR
2025-11-06 12:00:00;11074.9;11090.56;11066.189;11087.11;0.346536;GBR.IDXEUR
2025-11-06 13:00:00;11086.914;11105.411;11082.301;11083.896;0.293112;GBR.IDXEUR
2025-11-06 14:00:00;11083.666;11099.015;11062.761;11071.948;0.382896;GBR.IDXEUR
2025-11-06 15:00:00;11072.073;11077.929;11044.827;11046.412;0.474912;GBR.IDXEUR
2025-11-06 16:00:00;11046.858;11059.692;11038.458;11041.33;0.439128;GBR.IDXEUR
2025-11-06 17:00:00;11040.999;11060.962;11037.843;11049.39;0.3312;GBR.IDXEUR
2025-11-06 18:00:00;11049.516;11061.286;11033.5;11057.19;0.194256;GBR.IDXEUR
2025-11-06 19:00:00;11056.862;11067.545;11054.853;11062.465;0.173808;GBR.IDXEUR
2025-11-06 20:00:00;11062.717;11069.916;11044.186;11047.361;0.195048;GBR.IDXEUR
2025-11-06 21:00:00;11047.651;11054.279;11043.904;11053.79;0.043752;GBR.IDXEUR
2025-11-06 23:00:00;11054.434;11065.845;11051.125;11062.454;0.050808;GBR.IDXEUR
2025-11-07 00:00:00;11062.327;11072.825;11055.673;11065.099;0.0876;GBR.IDXEUR
2025-11-07 01:00:00;11064.139;11065.77;11044.695;11050.07;0.0798;GBR.IDXEUR
2025-11-07 02:00:00;11050.195;11050.88;11036.058;11042.207;0.061656;GBR.IDXEUR
2025-11-07 03:00:00;11042.081;11045.964;11032.54;11034.204;0.048768;GBR.IDXEUR
2025-11-07 04:00:00;11034.204;11043.132;11026.636;11039.999;0.046176;GBR.IDXEUR
2025-11-07 05:00:00;11039.731;11060.711;11039.172;11058.614;0.037776;GBR.IDXEUR
2025-11-07 06:00:00;11058.363;11062.094;11053.683;11058.976;0.044064;GBR.IDXEUR
2025-11-07 07:00:00;11058.976;11071.456;11053.301;11066.689;0.150984;GBR.IDXEUR
2025-11-07 08:00:00;11066.563;11072.069;11026.554;11031.331;0.325512;GBR.IDXEUR
2025-11-07 09:00:00;11031.206;11031.582;10992.069;11002.241;0.245016;GBR.IDXEUR
2025-11-07 10:00:00;11001.991;11005.77;10978.629;10990.64;0.237024;GBR.IDXEUR
2025-11-07 11:00:00;10990.262;10990.757;10943.472;10985.102;0.300456;GBR.IDXEUR
2025-11-07 12:00:00;10985.352;10992.326;10955.644;10961.952;0.258264;GBR.IDXEUR
2025-11-07 13:00:00;10961.952;10974.645;10955.1;10959.504;0.330912;GBR.IDXEUR
2025-11-07 14:00:00;10959.628;10983.715;10942.712;10980.424;0.438264;GBR.IDXEUR
2025-11-07 15:00:00;10980.083;11009.206;10967.563;11000.595;0.51804;GBR.IDXEUR
2025-11-07 16:00:00;11000.371;11017.968;10995.783;11000.07;0.41976;GBR.IDXEUR
2025-11-07 17:00:00;11000.656;11024.334;10993.379;11019.258;0.341928;GBR.IDXEUR
2025-11-07 18:00:00;11019.634;11046.197;11017.286;11043.487;0.241704;GBR.IDXEUR
2025-11-07 19:00:00;11042.88;11081.813;11040.925;11081.057;0.254376;GBR.IDXEUR
2025-11-07 20:00:00;11080.805;11080.818;11062.187;11078.142;0.276264;GBR.IDXEUR
2025-11-07 21:00:00;11078.142;11078.142;11078.142;11078.142;7.2e-05;GBR.IDXEUR
2025-11-09 23:00:00;11089.583;11095.312;11082.899;11090.061;0.085944;GBR.IDXEUR
2025-11-10 00:00:00;11089.391;11089.513;11071.837;11083.669;0.118056;GBR.IDXEUR
2025-11-10 01:00:00;11096.587;11112.843;11095.81;11105.987;0.063408;GBR.IDXEUR
2025-11-10 02:00:00;11106.315;11108.554;11095.366;11096.596;0.04128;GBR.IDXEUR
2025-11-10 03:00:00;11096.596;11103.03;11096.469;11099.491;0.041904;GBR.IDXEUR
2025-11-10 04:00:00;11099.238;11101.802;11096.6;11099.238;0.030984;GBR.IDXEUR
2025-11-10 05:00:00;11099.583;11111.072;11098.471;11099.153;0.038856;GBR.IDXEUR
2025-11-10 06:00:00;11099.279;11104.326;11092.275;11093.08;0.038112;GBR.IDXEUR
2025-11-10 07:00:00;11093.459;11108.543;11093.459;11098.202;0.195432;GBR.IDXEUR
2025-11-10 08:00:00;11098.834;11106.765;11066.067;11095.615;0.347904;GBR.IDXEUR
2025-11-10 09:00:00;11095.531;11134.05;11091.74;11133.666;0.227304;GBR.IDXEUR
2025-11-10 10:00:00;11133.793;11142.159;11126.957;11129.751;0.187488;GBR.IDXEUR
2025-11-10 11:00:00;11129.677;11145.4;11123.886;11138.221;0.163944;GBR.IDXEUR
2025-11-10 12:00:00;11138.801;11143.173;11128.22;11128.281;0.190656;GBR.IDXEUR
2025-11-10 13:00:00;11128.523;11140.159;11122.614;11129.609;0.202536;GBR.IDXEUR
2025-11-10 14:00:00;11129.06;11143.512;11116.985;11122.811;0.343872;GBR.IDXEUR
2025-11-10 15:00:00;11122.472;11155.692;11120.639;11138.31;0.320544;GBR.IDXEUR
2025-11-10 16:00:00;11138.056;11169.573;11136.636;11169.473;0.338688;GBR.IDXEUR
2025-11-10 17:00:00;11169.473;11195.77;11168.745;11190.617;0.251064;GBR.IDXEUR
2025-11-10 18:00:00;11190.745;11196.368;11187.481;11192.398;0.115992;GBR.IDXEUR
2025-11-10 19:00:00;11193.006;11225.157;11192.318;11220.901;0.119592;GBR.IDXEUR
2025-11-10 20:00:00;11221.156;11222.975;11213.373;11218.101;0.1224;GBR.IDXEUR
2025-11-10 21:00:00;11216.5;11221.257;11213.818;11220.178;0.015576;GBR.IDXEUR
2025-11-10 23:00:00;11216.978;11218.91;11209.773;11216.54;0.04368;GBR.IDXEUR
2025-11-11 00:00:00;11216.284;11220.263;11209.988;11210.996;0.071664;GBR.IDXEUR
2025-11-11 01:00:00;11214.998;11250.399;11214.998;11249.93;0.057144;GBR.IDXEUR
2025-11-11 02:00:00;11249.729;11258.612;11228.284;11239.288;0.03936;GBR.IDXEUR
2025-11-11 03:00:00;11239.288;11244.137;11235.344;11243.01;0.047328;GBR.IDXEUR
2025-11-11 04:00:00;11243.334;11243.463;11227.991;11228.84;0.039216;GBR.IDXEUR
2025-11-11 05:00:00;11229.182;11230.874;11219.669;11221.199;0.051168;GBR.IDXEUR
2025-11-11 06:00:00;11220.816;11231.228;11215.211;11224.841;0.049512;GBR.IDXEUR
2025-11-11 07:00:00;11225.352;11247.157;11215.006;11224.75;0.2826;GBR.IDXEUR
2025-11-11 08:00:00;11224.877;11242.643;11200.037;11224.275;0.341784;GBR.IDXEUR
2025-11-11 09:00:00;11223.638;11234.335;11202.736;11206.837;0.218448;GBR.IDXEUR
2025-11-11 10:00:00;11206.837;11211.324;11192.577;11197.675;0.187632;GBR.IDXEUR
2025-11-11 11:00:00;11197.899;11220.007;11196.009;11204.247;0.171576;GBR.IDXEUR
2025-11-11 12:00:00;11204.013;11206.382;11193.195;11197.903;0.163368;GBR.IDXEUR
2025-11-11 13:00:00;11197.903;11208.176;11190.485;11200.479;0.289728;GBR.IDXEUR
2025-11-11 14:00:00;11200.351;11225.999;11196.91;11222.234;0.321336;GBR.IDXEUR
2025-11-11 15:00:00;11222.49;11231.785;11212.865;11225.591;0.360144;GBR.IDXEUR
2025-11-11 16:00:00;11225.591;11262.545;11225.317;11246.582;0.291816;GBR.IDXEUR
2025-11-11 17:00:00;11246.358;11253.001;11240.739;11245.239;0.177552;GBR.IDXEUR
2025-11-11 18:00:00;11244.855;11261.848;11244.65;11254.786;0.148536;GBR.IDXEUR
2025-11-11 19:00:00;11253.783;11258.813;11248.961;11256.392;0.142128;GBR.IDXEUR
2025-11-11 20:00:00;11256.52;11259.66;11244.503;11247.071;0.13536;GBR.IDXEUR
2025-11-11 21:00:00;11247.281;11248.974;11241.603;11248.698;0.017256;GBR.IDXEUR
2025-11-11 23:00:00;11241.611;11243.854;11236.062;11239.771;0.035664;GBR.IDXEUR
2025-11-12 00:00:00;11239.899;11248.437;11239.899;11244.783;0.063504;GBR.IDXEUR
2025-11-12 01:00:00;11240.773;11255.592;11240.288;11254.028;0.058272;GBR.IDXEUR
2025-11-12 02:00:00;11254.154;11260.526;11248.128;11248.944;0.03216;GBR.IDXEUR
2025-11-12 03:00:00;11248.944;11251.508;11244.395;11245.9;0.036696;GBR.IDXEUR
2025-11-12 04:00:00;11245.9;11246.753;11241.959;11245.692;0.034104;GBR.IDXEUR
2025-11-12 05:00:00;11245.819;11248.399;11239.856;11244.271;0.045696;GBR.IDXEUR
2025-11-12 06:00:00;11244.526;11249.004;11233.861;11234.607;0.035856;GBR.IDXEUR
2025-11-12 07:00:00;11234.734;11260.098;11233.233;11257.783;0.1698;GBR.IDXEUR
2025-11-12 08:00:00;11257.655;11271.831;11219.541;11221.886;0.346464;GBR.IDXEUR
2025-11-12 09:00:00;11221.759;11230.129;11211.617;11211.974;0.247968;GBR.IDXEUR
2025-11-12 10:00:00;11211.974;11222.07;11205.466;11216.962;0.204408;GBR.IDXEUR
2025-11-12 11:00:00;11216.962;11219.712;11202.623;11208.924;0.202896;GBR.IDXEUR
2025-11-12 12:00:00;11208.326;11218.097;11204.621;11216.912;0.237456;GBR.IDXEUR
2025-11-12 13:00:00;11216.658;11223.439;11209.773;11213.927;0.235224;GBR.IDXEUR
2025-11-12 14:00:00;11213.673;11239.498;11204.709;11239.282;0.335952;GBR.IDXEUR
2025-11-12 15:00:00;11238.922;11240.711;11218.975;11224.204;0.37476;GBR.IDXEUR
2025-11-12 16:00:00;11224.331;11234.733;11216.156;11217.118;0.323496;GBR.IDXEUR
2025-11-12 17:00:00;11216.962;11233.751;11216.396;11224.967;0.242136;GBR.IDXEUR
2025-11-12 18:00:00;11225.194;11229.086;11217.299;11224.082;0.148392;GBR.IDXEUR
2025-11-12 19:00:00;11224.381;11226.25;11208.767;11211.112;0.156528;GBR.IDXEUR
2025-11-12 20:00:00;11210.858;11223.742;11208.499;11216.393;0.142848;GBR.IDXEUR
2025-11-12 21:00:00;11214.268;11217.225;11212.17;11214.24;0.026472;GBR.IDXEUR
2025-11-12 23:00:00;11194.139;11194.139;11175.598;11181.887;0.071376;GBR.IDXEUR
2025-11-13 00:00:00;11181.887;11196.685;11181.764;11192.084;0.096288;GBR.IDXEUR
2025-11-13 01:00:00;11196.303;11214.782;11194.746;11206.573;0.084816;GBR.IDXEUR
2025-11-13 02:00:00;11206.446;11210.179;11201.257;11203.524;0.037944;GBR.IDXEUR
2025-11-13 03:00:00;11203.524;11212.747;11199.567;11206.884;0.039816;GBR.IDXEUR
2025-11-13 04:00:00;11206.651;11211.175;11202.304;11208.735;0.027168;GBR.IDXEUR
2025-11-13 05:00:00;11208.375;11214.926;11207.891;11211.212;0.028488;GBR.IDXEUR
2025-11-13 06:00:00;11211.212;11219.043;11210.371;11214.689;0.04128;GBR.IDXEUR
2025-11-13 07:00:00;11214.589;11227.53;11194.024;11197.936;0.232632;GBR.IDXEUR
2025-11-13 08:00:00;11196.598;11202.72;11176.558;11188.672;0.378504;GBR.IDXEUR
2025-11-13 09:00:00;11188.799;11196.512;11177.247;11195.07;0.310104;GBR.IDXEUR
2025-11-13 10:00:00;11195.379;11197.371;11176.731;11179.529;0.222696;GBR.IDXEUR
2025-11-13 11:00:00;11179.323;11179.603;11161.734;11164.006;0.244656;GBR.IDXEUR
2025-11-13 12:00:00;11164.006;11169.62;11153.714;11155.179;0.2628;GBR.IDXEUR
2025-11-13 13:00:00;11155.432;11165.733;11144.459;11162.767;0.269928;GBR.IDXEUR
2025-11-13 14:00:00;11163.02;11163.461;11136.262;11147.964;0.40356;GBR.IDXEUR
2025-11-13 15:00:00;11147.838;11152.388;11122.999;11133.181;0.446472;GBR.IDXEUR
2025-11-13 16:00:00;11133.055;11140.044;11097.371;11107.53;0.425664;GBR.IDXEUR
2025-11-13 17:00:00;11107.656;11110.337;11088.39;11091.082;0.416592;GBR.IDXEUR
2025-11-13 18:00:00;11091.208;11096.637;11059.642;11068.89;0.35928;GBR.IDXEUR
2025-11-13 19:00:00;11068.765;11074.368;11046.474;11052.169;0.328104;GBR.IDXEUR
2025-11-13 20:00:00;11052.295;11060.834;11034.053;11047.526;0.33588;GBR.IDXEUR
2025-11-13 21:00:00;11047.025;11062.041;11045.235;11062.041;0.030024;GBR.IDXEUR
2025-11-13 23:00:00;11041.957;11046.257;11027.403;11033.303;0.091992;GBR.IDXEUR
2025-11-14 00:00:00;11033.412;11046.793;11017.758;11024.655;0.112464;GBR.IDXEUR
2025-11-14 01:00:00;11018.891;11044.787;11018.423;11042.725;0.0588;GBR.IDXEUR
2025-11-14 02:00:00;11042.975;11052.797;11042.975;11046.924;0.043512;GBR.IDXEUR
2025-11-14 03:00:00;11046.799;11049.646;11030.764;11034.176;0.038856;GBR.IDXEUR
2025-11-14 04:00:00;11034.778;11035.378;11019.824;11020.389;0.046776;GBR.IDXEUR
2025-11-14 05:00:00;11020.186;11031.578;11013.724;11021.872;0.052416;GBR.IDXEUR
2025-11-14 06:00:00;11021.872;11030.443;11017.595;11027.606;0.054792;GBR.IDXEUR
2025-11-14 07:00:00;11027.61;11027.61;10982.842;10992.761;0.320976;GBR.IDXEUR
2025-11-14 08:00:00;10992.185;11016.776;10940.526;10991.047;0.626328;GBR.IDXEUR
2025-11-14 09:00:00;10991.171;11009.707;10958.116;10963.705;0.366912;GBR.IDXEUR
2025-11-14 10:00:00;10964.078;10970.686;10932.466;10936.716;0.2556;GBR.IDXEUR
2025-11-14 11:00:00;10936.956;10941.776;10883.115;10887.455;0.313776;GBR.IDXEUR
2025-11-14 12:00:00;10887.825;10904.01;10864.775;10899.884;0.40464;GBR.IDXEUR
2025-11-14 13:00:00;10899.514;10923.743;10876.74;10922.774;0.405144;GBR.IDXEUR
2025-11-14 14:00:00;10922.774;10962.166;10902.38;10960.721;0.554832;GBR.IDXEUR
2025-11-14 15:00:00;10960.596;10971.009;10935.076;10961.123;0.587304;GBR.IDXEUR
2025-11-14 16:00:00;10961.495;11003.13;10947.532;10997.213;0.395424;GBR.IDXEUR
2025-11-14 17:00:00;10997.089;11009.471;10992.985;10998.054;0.357696;GBR.IDXEUR
2025-11-14 18:00:00;10997.581;10998.431;10966.836;10981.298;0.336888;GBR.IDXEUR
2025-11-14 19:00:00;10981.074;10991.747;10972.216;10990.375;0.273528;GBR.IDXEUR
2025-11-14 20:00:00;10990.499;10993.599;10973.837;10982.235;0.251064;GBR.IDXEUR
2025-11-14 21:00:00;10982.359;10982.359;10982.359;10982.359;7.2e-05;GBR.IDXEUR
2025-11-16 23:00:00;10969.626;10989.772;10962.593;10985.684;0.083664;GBR.IDXEUR
2025-11-17 00:00:00;10985.574;11000.125;10977.579;10997.352;0.130704;GBR.IDXEUR
2025-11-17 01:00:00;10982.34;10990.115;10968.822;10969.057;0.068304;GBR.IDXEUR
2025-11-17 02:00:00;10969.05;10978.696;10966.853;10977.607;0.04488;GBR.IDXEUR
2025-11-17 03:00:00;10977.436;10981.753;10968.355;10975.919;0.04788;GBR.IDXEUR
2025-11-17 04:00:00;10975.919;10985.183;10975.919;10979.331;0.025128;GBR.IDXEUR
2025-11-17 05:00:00;10979.669;10982.608;10971.353;10971.818;0.032112;GBR.IDXEUR
2025-11-17 06:00:00;10971.818;10976.12;10968.34;10970.843;0.04716;GBR.IDXEUR
2025-11-17 07:00:00;10970.843;10999.715;10966.749;10991.845;0.194352;GBR.IDXEUR
2025-11-17 08:00:00;10992.095;11015.44;10985.169;11003.402;0.330768;GBR.IDXEUR
2025-11-17 09:00:00;11003.278;11006.867;10986.034;10999.619;0.272808;GBR.IDXEUR
2025-11-17 10:00:00;10999.397;11004.076;10976.521;10984.742;0.270144;GBR.IDXEUR
2025-11-17 11:00:00;10984.742;11009.542;10980.104;10999.902;0.252;GBR.IDXEUR
2025-11-17 12:00:00;10999.446;11003.08;10988.13;11001.28;0.28152;GBR.IDXEUR
2025-11-17 13:00:00;11001.036;11011.659;10989.793;11009.004;0.3186;GBR.IDXEUR
2025-11-17 14:00:00;11009.004;11021.414;10993.908;11015.559;0.373968;GBR.IDXEUR
2025-11-17 15:00:00;11015.925;11024.427;10999.667;11007.04;0.429984;GBR.IDXEUR
2025-11-17 16:00:00;11007.165;11011.317;10979.858;11011.317;0.374832;GBR.IDXEUR
2025-11-17 17:00:00;11011.443;11011.443;10985.471;10985.954;0.298008;GBR.IDXEUR
2025-11-17 18:00:00;10985.829;10988.709;10960.628;10960.894;0.259992;GBR.IDXEUR
2025-11-17 19:00:00;10960.769;10962.97;10902.488;10903.376;0.370656;GBR.IDXEUR
2025-11-17 20:00:00;10902.815;10929.112;10899.26;10927.2;0.352944;GBR.IDXEUR
2025-11-17 21:00:00;10927.799;10931.176;10924.747;10930.397;0.029688;GBR.IDXEUR
2025-11-17 23:00:00;10923.454;10935.472;10923.07;10932.825;0.063168;GBR.IDXEUR
2025-11-18 00:00:00;10933.276;10933.276;10914.593;10922.813;0.121392;GBR.IDXEUR
2025-11-18 01:00:00;10907.5;10923.538;10905.467;10908.937;0.072696;GBR.IDXEUR
2025-11-18 02:00:00;10908.71;10914.186;10895.349;10895.349;0.053496;GBR.IDXEUR
2025-11-18 03:00:00;10895.349;10895.349;10874.842;10876.945;0.06396;GBR.IDXEUR
2025-11-18 04:00:00;10876.691;10877.766;10832.015;10857.571;0.097704;GBR.IDXEUR
2025-11-18 05:00:00;10857.46;10862.21;10845.563;10853.373;0.077328;GBR.IDXEUR
2025-11-18 06:00:00;10853.036;10861.106;10840.045;10845.297;0.086232;GBR.IDXEUR
2025-11-18 07:00:00;10845.036;10863.362;10817.207;10850.118;0.275448;GBR.IDXEUR
2025-11-18 08:00:00;10850.365;10903.452;10847.392;10883.999;0.508248;GBR.IDXEUR
2025-11-18 09:00:00;10884.246;10904.684;10869.972;10886.225;0.361512;GBR.IDXEUR
2025-11-18 10:00:00;10886.472;10887.234;10851.864;10864.924;0.288;GBR.IDXEUR
2025-11-18 11:00:00;10864.678;10866.03;10834.77;10843.855;0.249696;GBR.IDXEUR
2025-11-18 12:00:00;10843.034;10844.575;10815.453;10821.29;0.32328;GBR.IDXEUR
2025-11-18 13:00:00;10821.535;10840.53;10819.264;10828.082;0.382176;GBR.IDXEUR
2025-11-18 14:00:00;10827.837;10849.507;10805.983;10820.431;0.502488;GBR.IDXEUR
2025-11-18 15:00:00;10820.554;10824.839;10794.167;10804.476;0.75492;GBR.IDXEUR
2025-11-18 16:00:00;10803.895;10858.824;10793.473;10851.867;0.556776;GBR.IDXEUR
2025-11-18 17:00:00;10852.36;10875.164;10825.022;10871.468;0.480672;GBR.IDXEUR
2025-11-18 18:00:00;10871.78;10883.716;10866.752;10869.531;0.400392;GBR.IDXEUR
2025-11-18 19:00:00;10869.531;10881.522;10864.785;10878.072;0.358056;GBR.IDXEUR
2025-11-18 20:00:00;10878.072;10882.962;10861.46;10864.817;0.323136;GBR.IDXEUR
2025-11-18 21:00:00;10863.04;10864.853;10852.504;10859.194;0.045504;GBR.IDXEUR
2025-11-18 23:00:00;10855.584;10871.628;10855.541;10863.32;0.072336;GBR.IDXEUR
2025-11-19 00:00:00;10863.197;10864.207;10838.796;10848.929;0.15216;GBR.IDXEUR
2025-11-19 01:00:00;10849.137;10856.066;10834.377;10842.304;0.085656;GBR.IDXEUR
2025-11-19 02:00:00;10842.897;10859.034;10842.897;10852.552;0.066792;GBR.IDXEUR
2025-11-19 03:00:00;10852.249;10854.232;10827.988;10828.336;0.04824;GBR.IDXEUR
2025-11-19 04:00:00;10828.459;10833.268;10823.201;10823.768;0.047808;GBR.IDXEUR
2025-11-19 05:00:00;10824.014;10831.314;10809.73;10827.983;0.063168;GBR.IDXEUR
2025-11-19 06:00:00;10828.105;10841.528;10825.84;10836.056;0.056832;GBR.IDXEUR
2025-11-19 07:00:00;10836.302;10845.168;10827.539;10836.355;0.256296;GBR.IDXEUR
2025-11-19 08:00:00;10836.902;10849.995;10807.296;10807.558;0.409536;GBR.IDXEUR
2025-11-19 09:00:00;10807.184;10848.285;10803.596;10847.979;0.309456;GBR.IDXEUR
2025-11-19 10:00:00;10848.288;10851.102;10816.365;10830.884;0.291024;GBR.IDXEUR
2025-11-19 11:00:00;10830.461;10840.542;10818.261;10823.027;0.280368;GBR.IDXEUR
2025-11-19 12:00:00;10823.346;10830.499;10808.752;10808.767;0.239328;GBR.IDXEUR
2025-11-19 13:00:00;10808.889;10814.058;10792.064;10808.973;0.272664;GBR.IDXEUR
2025-11-19 14:00:00;10809.547;10839.751;10799.274;10838.749;0.404712;GBR.IDXEUR
2025-11-19 15:00:00;10838.541;10849.106;10792.234;10795.118;0.410976;GBR.IDXEUR
2025-11-19 16:00:00;10795.357;10800.651;10761.501;10786.368;0.448344;GBR.IDXEUR
2025-11-19 17:00:00;10786.246;10795.044;10770.381;10786.866;0.482184;GBR.IDXEUR
2025-11-19 18:00:00;10786.744;10824.678;10785.367;10814.502;0.299808;GBR.IDXEUR
2025-11-19 19:00:00;10814.625;10823.293;10781.195;10793.68;0.334728;GBR.IDXEUR
2025-11-19 20:00:00;10793.333;10821.399;10791.247;10807.158;0.280728;GBR.IDXEUR
2025-11-19 21:00:00;10805.228;10807.158;10795.495;10806.796;0.081816;GBR.IDXEUR
2025-11-19 23:00:00;10816.779;10849.51;10816.363;10845.902;0.106728;GBR.IDXEUR
2025-11-20 00:00:00;10845.762;10861.328;10837.566;10850.228;0.053424;GBR.IDXEUR
2025-11-20 01:00:00;10828.108;10845.683;10826.155;10845.164;0.06024;GBR.IDXEUR
2025-11-20 02:00:00;10844.687;10850.092;10837.231;10842.691;0.040008;GBR.IDXEUR
2025-11-20 03:00:00;10842.691;10851.635;10839.708;10846.002;0.061512;GBR.IDXEUR
2025-11-20 04:00:00;10845.879;10855.981;10844.827;10853.826;0.040512;GBR.IDXEUR
2025-11-20 05:00:00;10853.826;10860.03;10844.022;10846.587;0.034584;GBR.IDXEUR
2025-11-20 06:00:00;10846.464;10847.592;10835.675;10844.186;0.044544;GBR.IDXEUR
2025-11-20 07:00:00;10843.817;10849.503;10819.805;10831.818;0.206856;GBR.IDXEUR
2025-11-20 08:00:00;10832.187;10874.852;10832.071;10863.406;0.363384;GBR.IDXEUR
2025-11-20 09:00:00;10863.529;10864.455;10837.243;10855.363;0.286848;GBR.IDXEUR
2025-11-20 10:00:00;10855.487;10874.838;10852.667;10867.766;0.230832;GBR.IDXEUR
2025-11-20 11:00:00;10868.012;10870.209;10828.695;10837.602;0.231552;GBR.IDXEUR
2025-11-20 12:00:00;10836.56;10857.47;10824.078;10857.305;0.229536;GBR.IDXEUR
2025-11-20 13:00:00;10857.326;10885.813;10851.047;10883.143;0.46764;GBR.IDXEUR
2025-11-20 14:00:00;10883.276;10895.143;10862.637;10893.628;0.504;GBR.IDXEUR
2025-11-20 15:00:00;10893.256;10904.111;10866.414;10870.702;0.413856;GBR.IDXEUR
2025-11-20 16:00:00;10870.825;10872.41;10754.87;10758.011;0.60156;GBR.IDXEUR
2025-11-20 17:00:00;10757.564;10777.288;10710.038;10723.738;0.72504;GBR.IDXEUR
2025-11-20 18:00:00;10723.738;10789.507;10704.691;10711.855;0.464328;GBR.IDXEUR
2025-11-20 19:00:00;10711.734;10749.593;10703.404;10749.056;0.35496;GBR.IDXEUR
2025-11-20 20:00:00;10748.503;10748.548;10703.264;10707.318;0.348912;GBR.IDXEUR
2025-11-20 21:00:00;10706.402;10709.58;10698.089;10704.539;0.05664;GBR.IDXEUR
2025-11-20 23:00:00;10706.856;10723.996;10693.376;10718.792;0.133896;GBR.IDXEUR
2025-11-21 00:00:00;10718.686;10731.499;10714.319;10727.941;0.13068;GBR.IDXEUR
2025-11-21 01:00:00;10737.607;10745.24;10722.02;10735.948;0.092112;GBR.IDXEUR
2025-11-21 02:00:00;10735.948;10737.639;10718.874;10720.399;0.060528;GBR.IDXEUR
2025-11-21 03:00:00;10720.059;10734.33;10717.76;10723.05;0.054984;GBR.IDXEUR
2025-11-21 04:00:00;10722.928;10724.519;10706.972;10720.832;0.061632;GBR.IDXEUR
2025-11-21 05:00:00;10720.231;10728.738;10716.912;10721.417;0.070728;GBR.IDXEUR
2025-11-21 06:00:00;10721.407;10726.545;10708.789;10718.052;0.062976;GBR.IDXEUR
2025-11-21 07:00:00;10717.809;10722.058;10682.297;10694.076;0.3084;GBR.IDXEUR
2025-11-21 08:00:00;10694.318;10772.431;10680.934;10771.948;0.5472;GBR.IDXEUR
2025-11-21 09:00:00;10771.826;10773.774;10736.126;10750.874;0.405648;GBR.IDXEUR
2025-11-21 10:00:00;10750.334;10765.31;10718.896;10763.239;0.477288;GBR.IDXEUR
2025-11-21 11:00:00;10763.117;10785.937;10752.495;10759.037;0.341568;GBR.IDXEUR
2025-11-21 12:00:00;10758.915;10810.119;10748.139;10808.748;0.52704;GBR.IDXEUR
2025-11-21 13:00:00;10808.871;10829.972;10800.327;10828.495;0.38772;GBR.IDXEUR
2025-11-21 14:00:00;10828.372;10830.5;10803.075;10815.399;0.538272;GBR.IDXEUR
2025-11-21 15:00:00;10816.162;10850.024;10808.211;10836.441;0.728136;GBR.IDXEUR
2025-11-21 16:00:00;10836.441;10900.217;10821.263;10898.658;0.56916;GBR.IDXEUR
2025-11-21 17:00:00;10898.92;10911.742;10890.627;10899.027;0.46224;GBR.IDXEUR
2025-11-21 18:00:00;10899.275;10927.268;10870.95;10913.352;0.418248;GBR.IDXEUR
2025-11-21 19:00:00;10913.104;10924.671;10899.072;10904.139;0.284472;GBR.IDXEUR
2025-11-21 20:00:00;10904.263;10907.62;10890.541;10894.771;0.297792;GBR.IDXEUR
2025-11-21 21:00:00;10894.771;10895.113;10894.647;10895.113;0.000288;GBR.IDXEUR
2025-11-23 23:00:00;10917.676;10919.981;10909.481;10914.203;0.073848;GBR.IDXEUR
2025-11-24 00:00:00;10913.52;10914.023;10893.457;10905.134;0.079224;GBR.IDXEUR
2025-11-24 01:00:00;10914.25;10918.584;10893.887;10896.529;0.068472;GBR.IDXEUR
2025-11-24 02:00:00;10896.777;10914.027;10894.06;10909.002;0.08244;GBR.IDXEUR
2025-11-24 03:00:00;10908.878;10910.713;10901.493;10905.828;0.036792;GBR.IDXEUR
2025-11-24 04:00:00;10905.579;10909.04;10893.605;10894.553;0.03456;GBR.IDXEUR
2025-11-24 05:00:00;10894.429;10902.689;10889.135;10900.625;0.058344;GBR.IDXEUR
2025-11-24 06:00:00;10900.956;10903.735;10891.461;10893.393;0.056832;GBR.IDXEUR
2025-11-24 07:00:00;10893.517;10903.427;10887.283;10892.999;0.185952;GBR.IDXEUR
2025-11-24 08:00:00;10892.417;10898.543;10867.567;10893.532;0.404784;GBR.IDXEUR
2025-11-24 09:00:00;10893.409;10893.923;10843.466;10860.135;0.36216;GBR.IDXEUR
2025-11-24 10:00:00;10860.375;10866.897;10826.015;10838.147;0.327744;GBR.IDXEUR
2025-11-24 11:00:00;10837.782;10846.515;10827.423;10842.177;0.282672;GBR.IDXEUR
2025-11-24 12:00:00;10840.791;10864.429;10835.928;10859.589;0.278496;GBR.IDXEUR
2025-11-24 13:00:00;10859.342;10876.955;10835.37;10835.982;0.239688;GBR.IDXEUR
2025-11-24 14:00:00;10835.736;10850.463;10810.263;10847.337;0.49068;GBR.IDXEUR
2025-11-24 15:00:00;10847.561;10876.066;10844.946;10867.102;0.485352;GBR.IDXEUR
2025-11-24 16:00:00;10866.855;10870.033;10817.165;10819.005;0.331272;GBR.IDXEUR
2025-11-24 17:00:00;10819.005;10846.168;10814.147;10843.653;0.275112;GBR.IDXEUR
2025-11-24 18:00:00;10843.653;10857.306;10842.646;10851.433;0.173448;GBR.IDXEUR
2025-11-24 19:00:00;10851.755;10853.839;10830.621;10830.994;0.188424;GBR.IDXEUR
2025-11-24 20:00:00;10831.422;10863.32;10831.202;10856.477;0.173952;GBR.IDXEUR
2025-11-24 21:00:00;10853.241;10859.004;10852.898;10855.65;0.036144;GBR.IDXEUR
2025-11-24 23:00:00;10854.103;10858.965;10852.969;10854.465;0.049224;GBR.IDXEUR
2025-11-25 00:00:00;10854.247;10854.659;10846.274;10853.529;0.09036;GBR.IDXEUR
2025-11-25 01:00:00;10847.711;10851.914;10839.237;10846.227;0.050136;GBR.IDXEUR
2025-11-25 02:00:00;10846.104;10852.775;10844.706;10852.127;0.037104;GBR.IDXEUR
2025-11-25 03:00:00;10852.127;10853.958;10840.214;10841.527;0.057504;GBR.IDXEUR
2025-11-25 04:00:00;10841.404;10856.787;10840.878;10856.663;0.027792;GBR.IDXEUR
2025-11-25 05:00:00;10857.034;10862.657;10850.802;10855.352;0.030768;GBR.IDXEUR
2025-11-25 06:00:00;10855.475;10858.756;10844.3;10850.038;0.040416;GBR.IDXEUR
2025-11-25 07:00:00;10850.285;10873.214;10847.684;10872.668;0.210192;GBR.IDXEUR
2025-11-25 08:00:00;10873.562;10887.268;10842.588;10846.689;0.375048;GBR.IDXEUR
2025-11-25 09:00:00;10846.443;10867.404;10839.49;10860.023;0.312552;GBR.IDXEUR
2025-11-25 10:00:00;10859.899;10873.969;10842.676;10867.284;0.271224;GBR.IDXEUR
2025-11-25 11:00:00;10867.408;10891.17;10864.658;10886.74;0.228528;GBR.IDXEUR
2025-11-25 12:00:00;10886.74;10906.332;10879.311;10881.546;0.393336;GBR.IDXEUR
2025-11-25 13:00:00;10881.422;10916.983;10880.273;10916.486;0.4482;GBR.IDXEUR
2025-11-25 14:00:00;10916.361;10937.988;10879.859;10921.942;0.535464;GBR.IDXEUR
2025-11-25 15:00:00;10922.19;10956.355;10902.04;10946.219;0.629712;GBR.IDXEUR
2025-11-25 16:00:00;10946.564;10970.424;10942.356;10965.158;0.394344;GBR.IDXEUR
2025-11-25 17:00:00;10965.158;10974.639;10957.72;10959.435;0.371592;GBR.IDXEUR
2025-11-25 18:00:00;10959.185;10965.668;10954.415;10958.3;0.23004;GBR.IDXEUR
2025-11-25 19:00:00;10958.425;10966.297;10955.034;10963.534;0.176904;GBR.IDXEUR
2025-11-25 20:00:00;10963.659;10979.627;10963.659;10967.279;0.264672;GBR.IDXEUR
2025-11-25 21:00:00;10967.654;10969.804;10963.346;10963.595;0.020472;GBR.IDXEUR
2025-11-25 23:00:00;10960.221;10968.124;10958.83;10962.925;0.04824;GBR.IDXEUR
2025-11-26 00:00:00;10963.167;10972.366;10962.568;10970.645;0.077568;GBR.IDXEUR
2025-11-26 01:00:00;10980.72;10981.262;10969.408;10978.756;0.112272;GBR.IDXEUR
2025-11-26 02:00:00;10978.631;10980.768;10967.191;10967.96;0.066144;GBR.IDXEUR
2025-11-26 03:00:00;10968.312;10973.147;10961.413;10965.055;0.054408;GBR.IDXEUR
2025-11-26 04:00:00;10964.806;10967.786;10962.156;10965.091;0.038184;GBR.IDXEUR
2025-11-26 05:00:00;10965.091;10976.958;10964.903;10967.391;0.04164;GBR.IDXEUR
2025-11-26 06:00:00;10967.516;10972.593;10964.461;10971.684;0.052584;GBR.IDXEUR
2025-11-26 07:00:00;10971.559;10980.99;10961.299;10969.158;0.20508;GBR.IDXEUR
2025-11-26 08:00:00;10968.589;10981.953;10944.45;10964.294;0.37764;GBR.IDXEUR
2025-11-26 09:00:00;10963.932;10965.977;10935.883;10959.08;0.300024;GBR.IDXEUR
2025-11-26 10:00:00;10959.507;10964.955;10949.031;10953.377;0.221472;GBR.IDXEUR
2025-11-26 11:00:00;10953.938;11000.789;10942.648;10971.364;0.389016;GBR.IDXEUR
2025-11-26 12:00:00;10971.713;10971.713;10896.96;10964.44;0.59652;GBR.IDXEUR
2025-11-26 13:00:00;10965.146;11052.41;10963.413;11041.289;0.562752;GBR.IDXEUR
2025-11-26 14:00:00;11041.415;11056.221;11030.247;11033.083;0.31416;GBR.IDXEUR
2025-11-26 15:00:00;11032.957;11064.005;11022.54;11061.778;0.336288;GBR.IDXEUR
2025-11-26 16:00:00;11062.156;11072.532;11048.168;11068.107;0.210384;GBR.IDXEUR
2025-11-26 17:00:00;11068.107;11078.62;11066.365;11073.395;0.146256;GBR.IDXEUR
2025-11-26 18:00:00;11073.395;11081.342;11061.744;11070.417;0.131904;GBR.IDXEUR
2025-11-26 19:00:00;11070.544;11081.092;11070.291;11076.258;0.127848;GBR.IDXEUR
2025-11-26 20:00:00;11076.132;11080.897;11061.581;11062.151;0.119376;GBR.IDXEUR
2025-11-26 21:00:00;11062.151;11064.855;11058.656;11059.22;0.018336;GBR.IDXEUR
2025-11-26 23:00:00;11058.979;11062.983;11055.14;11058.064;0.033672;GBR.IDXEUR
2025-11-27 00:00:00;11057.811;11061.9;11057.005;11061.742;0.05328;GBR.IDXEUR
2025-11-27 01:00:00;11067.457;11067.894;11052.444;11058.812;0.062184;GBR.IDXEUR
2025-11-27 02:00:00;11058.686;11061.739;11046.784;11048.375;0.057768;GBR.IDXEUR
2025-11-27 03:00:00;11048.123;11058.837;11043.495;11058.56;0.037056;GBR.IDXEUR
2025-11-27 04:00:00;11058.687;11063.448;11055.935;11061.858;0.034296;GBR.IDXEUR
2025-11-27 05:00:00;11061.858;11068.649;11060.136;11061.561;0.045216;GBR.IDXEUR
2025-11-27 06:00:00;11061.308;11062.718;11052.788;11056.688;0.053088;GBR.IDXEUR
2025-11-27 07:00:00;11056.814;11068.083;11053.407;11056.088;0.134184;GBR.IDXEUR
2025-11-27 08:00:00;11057.812;11065.762;11035.675;11042.889;0.289152;GBR.IDXEUR
2025-11-27 09:00:00;11042.889;11043.59;11022.585;11022.585;0.227016;GBR.IDXEUR
2025-11-27 10:00:00;11022.848;11057.211;11021.443;11051.907;0.20484;GBR.IDXEUR
2025-11-27 11:00:00;11051.654;11052.95;11038.312;11044.252;0.16992;GBR.IDXEUR
2025-11-27 12:00:00;11045.041;11066.801;11044.536;11064.09;0.172368;GBR.IDXEUR
2025-11-27 13:00:00;11063.964;11073.212;11053.466;11061.429;0.20844;GBR.IDXEUR
2025-11-27 14:00:00;11061.488;11072.438;11054.457;11061.245;0.192384;GBR.IDXEUR
2025-11-27 15:00:00;11061.245;11074.239;11052.837;11074.043;0.168408;GBR.IDXEUR
2025-11-27 16:00:00;11073.79;11075.019;11055.935;11058.904;0.136872;GBR.IDXEUR
2025-11-27 17:00:00;11059.363;11071.398;11058.413;11070.714;0.058248;GBR.IDXEUR
2025-11-27 18:00:00;11071.254;11074.129;11069.012;11073.107;0.028296;GBR.IDXEUR
2025-11-27 19:00:00;11072.98;11075.469;11069.029;11071.976;0.03204;GBR.IDXEUR
2025-11-27 20:00:00;11072.519;11080.416;11071.293;11080.108;0.042048;GBR.IDXEUR
2025-11-27 23:00:00;11072.425;11080.654;11072.295;11079.764;0.01956;GBR.IDXEUR
2025-11-28 00:00:00;11080.017;11086.707;11079.464;11084.311;0.05436;GBR.IDXEUR
2025-11-28 01:00:00;11083.758;11094.384;11079.756;11087.116;0.040176;GBR.IDXEUR
2025-11-28 02:00:00;11086.989;11088.399;11076.915;11085.17;0.1152;GBR.IDXEUR
2025-11-28 03:00:00;11085.55;11093.491;11079.359;11081.793;0.180312;GBR.IDXEUR
2025-11-28 04:00:00;11081.667;11085.343;11070.478;11072.696;0.132408;GBR.IDXEUR
2025-11-28 05:00:00;11076.237;11088.533;11072.778;11080.58;0.196872;GBR.IDXEUR
2025-11-28 06:00:00;11080.58;11085.061;11069.903;11071.877;0.237864;GBR.IDXEUR
2025-11-28 07:00:00;11071.75;11093.811;11068.343;11090.152;0.661728;GBR.IDXEUR
2025-11-28 08:00:00;11089.773;11089.773;11066.276;11075.592;0.745056;GBR.IDXEUR
2025-11-28 09:00:00;11075.34;11089.446;11072.183;11084.897;0.709344;GBR.IDXEUR
2025-11-28 10:00:00;11084.644;11102.094;11083.915;11091.993;0.672552;GBR.IDXEUR
2025-11-28 11:00:00;11091.866;11093.78;11078.036;11078.295;0.668952;GBR.IDXEUR
2025-11-28 12:00:00;11077.79;11107.48;11077.79;11093.672;0.604224;GBR.IDXEUR
2025-11-28 13:00:00;11093.418;11101.111;11084.631;11098.619;0.532656;GBR.IDXEUR
2025-11-28 14:00:00;11098.746;11106.6;11090.368;11105.238;0.316224;GBR.IDXEUR
2025-11-28 15:00:00;11105.111;11120.861;11086.907;11090.489;0.423288;GBR.IDXEUR
2025-11-28 16:00:00;11090.362;11117.238;11087.569;11095.599;0.336168;GBR.IDXEUR
2025-11-28 17:00:00;11095.979;11106.401;11091.317;11095.517;0.180432;GBR.IDXEUR
2025-11-28 18:00:00;11096.15;11099.879;11091.018;11097.273;0.117936;GBR.IDXEUR
2025-11-28 19:00:00;11097.4;11102.768;11096.446;11102.388;0.157464;GBR.IDXEUR
2025-11-28 20:00:00;11102.65;11103.879;11081.753;11086.964;0.21168;GBR.IDXEUR
2025-12-01 08:00:00;11048.95;11064.008;11038.101;11048.198;0.293688;GBR.IDXEUR
2025-12-01 09:00:00;11047.947;11064.683;11042.008;11048.448;0.351072;GBR.IDXEUR
2025-12-01 10:00:00;11048.699;11072.307;11046.33;11048.914;0.255888;GBR.IDXEUR
2025-12-01 11:00:00;11048.788;11062.646;11039.564;11060.605;0.259776;GBR.IDXEUR
2025-12-01 12:00:00;11060.605;11075.043;11045.559;11047.501;0.33156;GBR.IDXEUR
2025-12-01 13:00:00;11047.627;11071.019;11044.059;11069.058;0.309096;GBR.IDXEUR
2025-12-01 14:00:00;11069.058;11091.868;11060.746;11084.584;0.414576;GBR.IDXEUR
2025-12-01 15:00:00;11085.136;11086.328;11044.771;11061.627;0.451224;GBR.IDXEUR
2025-12-01 16:00:00;11061.501;11064.18;11040.288;11055.059;0.332856;GBR.IDXEUR
2025-12-01 17:00:00;11055.059;11061.725;11044.394;11053.809;0.240984;GBR.IDXEUR
2025-12-01 18:00:00;11054.013;11071.091;11054.013;11069.36;0.180288;GBR.IDXEUR
2025-12-01 19:00:00;11068.982;11070.027;11035.642;11037.788;0.192384;GBR.IDXEUR
2025-12-01 20:00:00;11037.185;11046.68;11026.955;11031.019;0.133992;GBR.IDXEUR
2025-12-01 21:00:00;11031.019;11031.597;11024.427;11024.577;0.026688;GBR.IDXEUR
2025-12-01 23:00:00;11028.251;11031.722;11023.597;11026.177;0.036648;GBR.IDXEUR
2025-12-02 00:00:00;11026.18;11032.418;11024.261;11027.834;0.0474;GBR.IDXEUR
2025-12-02 01:00:00;11027.779;11041.704;11024.291;11040.314;0.04716;GBR.IDXEUR
2025-12-02 02:00:00;11039.937;11041.133;11032.486;11037.685;0.027024;GBR.IDXEUR
2025-12-02 03:00:00;11038.036;11040.142;11029.364;11036.807;0.05124;GBR.IDXEUR
2025-12-02 04:00:00;11037.018;11042.582;11037.018;11038.65;0.0324;GBR.IDXEUR
2025-12-02 05:00:00;11038.775;11040.477;11036.138;11037.024;0.02892;GBR.IDXEUR
2025-12-02 06:00:00;11037.149;11038.676;11026.928;11033.854;0.035208;GBR.IDXEUR
2025-12-02 07:00:00;11034.092;11047.476;11034.092;11043.148;0.18156;GBR.IDXEUR
2025-12-02 08:00:00;11042.91;11061.47;11028.156;11058.501;0.34236;GBR.IDXEUR
2025-12-02 09:00:00;11058.375;11063.52;11046.0;11059.463;0.255312;GBR.IDXEUR
2025-12-02 10:00:00;11059.588;11071.712;11045.25;11071.212;0.262656;GBR.IDXEUR
2025-12-02 11:00:00;11071.464;11080.597;11066.418;11069.515;0.19656;GBR.IDXEUR
2025-12-02 12:00:00;11069.012;11069.595;11049.609;11055.034;0.214272;GBR.IDXEUR
2025-12-02 13:00:00;11054.783;11060.184;11041.83;11056.13;0.23004;GBR.IDXEUR
2025-12-02 14:00:00;11055.879;11059.497;11004.963;11023.189;0.393984;GBR.IDXEUR
2025-12-02 15:00:00;11023.44;11050.401;11021.209;11047.464;0.445968;GBR.IDXEUR
2025-12-02 16:00:00;11047.127;11054.398;11020.57;11034.679;0.41328;GBR.IDXEUR
2025-12-02 17:00:00;11035.245;11047.56;11018.854;11018.854;0.258408;GBR.IDXEUR
2025-12-02 18:00:00;11018.979;11029.121;11015.01;11021.836;0.203688;GBR.IDXEUR
2025-12-02 19:00:00;11021.836;11030.011;11017.267;11026.281;0.167112;GBR.IDXEUR
2025-12-02 20:00:00;11026.407;11044.249;11023.014;11030.067;0.166968;GBR.IDXEUR
2025-12-02 21:00:00;11030.067;11030.067;11025.902;11026.633;0.016296;GBR.IDXEUR
2025-12-02 23:00:00;11030.577;11038.847;11030.177;11036.982;0.026496;GBR.IDXEUR
2025-12-03 00:00:00;11036.982;11040.685;11026.828;11038.555;0.070728;GBR.IDXEUR
2025-12-03 01:00:00;11034.595;11039.539;11024.476;11025.376;0.03324;GBR.IDXEUR
2025-12-03 02:00:00;11024.818;11031.289;11022.256;11029.928;0.023952;GBR.IDXEUR
2025-12-03 03:00:00;11029.559;11038.931;11026.893;11035.108;0.032592;GBR.IDXEUR
2025-12-03 04:00:00;11035.359;11036.958;11033.103;11033.451;0.021528;GBR.IDXEUR
2025-12-03 05:00:00;11033.326;11040.962;11029.826;11031.897;0.023616;GBR.IDXEUR
2025-12-03 06:00:00;11031.325;11037.988;11023.38;11037.426;0.035424;GBR.IDXEUR
2025-12-03 07:00:00;11037.426;11050.815;11035.184;11037.634;0.221184;GBR.IDXEUR
2025-12-03 08:00:00;11038.068;11053.594;11012.677;11050.899;0.347544;GBR.IDXEUR
2025-12-03 09:00:00;11050.899;11066.952;11038.765;11043.208;0.323784;GBR.IDXEUR
2025-12-03 10:00:00;11043.208;11051.336;11021.813;11029.705;0.222408;GBR.IDXEUR
2025-12-03 11:00:00;11029.831;11044.148;11023.03;11039.77;0.17856;GBR.IDXEUR
2025-12-03 12:00:00;11040.274;11055.793;11035.408;11047.914;0.202536;GBR.IDXEUR
2025-12-03 13:00:00;11048.04;11060.371;11040.899;11045.597;0.314496;GBR.IDXEUR
2025-12-03 14:00:00;11045.806;11080.897;11028.841;11067.35;0.47988;GBR.IDXEUR
2025-12-03 15:00:00;11068.487;11099.928;11068.487;11099.043;0.445536;GBR.IDXEUR
2025-12-03 16:00:00;11098.581;11105.718;11060.966;11066.497;0.3402;GBR.IDXEUR
2025-12-03 17:00:00;11066.37;11083.336;11066.031;11081.499;0.24912;GBR.IDXEUR
2025-12-03 18:00:00;11081.753;11088.857;11075.974;11083.567;0.156384;GBR.IDXEUR
2025-12-03 19:00:00;11083.694;11094.777;11083.282;11093.438;0.11232;GBR.IDXEUR
2025-12-03 20:00:00;11093.692;11107.216;11089.399;11102.995;0.103464;GBR.IDXEUR
2025-12-03 21:00:00;11102.995;11104.937;11099.97;11104.101;0.017712;GBR.IDXEUR
2025-12-03 23:00:00;11101.02;11104.424;11099.567;11103.439;0.024888;GBR.IDXEUR
2025-12-04 00:00:00;11103.188;11107.235;11095.79;11096.725;0.04332;GBR.IDXEUR
2025-12-04 01:00:00;11104.627;11117.382;11101.662;11107.678;0.040896;GBR.IDXEUR
2025-12-04 02:00:00;11107.805;11122.94;11105.541;11119.005;0.029496;GBR.IDXEUR
2025-12-04 03:00:00;11119.362;11120.157;11109.783;11116.526;0.027216;GBR.IDXEUR
2025-12-04 04:00:00;11116.87;11120.191;11113.74;11118.449;0.022536;GBR.IDXEUR
2025-12-04 05:00:00;11118.744;11125.846;11115.549;11118.484;0.03816;GBR.IDXEUR
2025-12-04 06:00:00;11118.357;11127.856;11116.586;11123.086;0.040032;GBR.IDXEUR
2025-12-04 07:00:00;11123.213;11127.092;11112.209;11112.438;0.137184;GBR.IDXEUR
2025-12-04 08:00:00;11112.692;11113.603;11059.361;11063.186;0.39852;GBR.IDXEUR
2025-12-04 09:00:00;11063.435;11085.155;11058.815;11083.604;0.270432;GBR.IDXEUR
2025-12-04 10:00:00;11083.478;11100.925;11076.445;11099.025;0.218664;GBR.IDXEUR
2025-12-04 11:00:00;11099.025;11114.949;11098.587;11113.501;0.220104;GBR.IDXEUR
2025-12-04 12:00:00;11112.947;11118.071;11092.698;11097.856;0.21384;GBR.IDXEUR
2025-12-04 13:00:00;11097.602;11115.92;11087.667;11112.421;0.311544;GBR.IDXEUR
2025-12-04 14:00:00;11112.548;11133.518;11100.518;11126.024;0.377856;GBR.IDXEUR
2025-12-04 15:00:00;11126.69;11144.26;11117.211;11137.289;0.381744;GBR.IDXEUR
2025-12-04 16:00:00;11137.169;11145.781;11122.23;11133.964;0.320976;GBR.IDXEUR
2025-12-04 17:00:00;11133.644;11134.232;11121.953;11124.97;0.174744;GBR.IDXEUR
2025-12-04 18:00:00;11124.715;11132.225;11120.886;11125.845;0.139608;GBR.IDXEUR
2025-12-04 19:00:00;11126.227;11126.975;11097.583;11115.804;0.178848;GBR.IDXEUR
2025-12-04 20:00:00;11115.549;11116.415;11105.531;11112.546;0.167472;GBR.IDXEUR
2025-12-04 21:00:00;11112.673;11112.673;11108.04;11109.95;0.017328;GBR.IDXEUR
2025-12-04 23:00:00;11108.407;11111.507;11102.791;11103.505;0.022536;GBR.IDXEUR
2025-12-05 00:00:00;11103.054;11109.008;11101.396;11108.612;0.04344;GBR.IDXEUR
2025-12-05 01:00:00;11110.757;11123.034;11110.284;11120.632;0.033744;GBR.IDXEUR
2025-12-05 02:00:00;11120.632;11127.783;11118.198;11120.894;0.024672;GBR.IDXEUR
2025-12-05 03:00:00;11120.894;11124.285;11117.607;11123.072;0.013368;GBR.IDXEUR
2025-12-05 04:00:00;11122.817;11128.86;11122.266;11126.715;0.02448;GBR.IDXEUR
2025-12-05 05:00:00;11126.937;11133.134;11126.701;11129.908;0.025104;GBR.IDXEUR
2025-12-05 06:00:00;11130.035;11136.589;11129.526;11133.245;0.024288;GBR.IDXEUR
2025-12-05 07:00:00;11133.481;11144.235;11129.57;11133.613;0.194688;GBR.IDXEUR
2025-12-05 08:00:00;11133.486;11156.907;11121.627;11142.058;0.331128;GBR.IDXEUR
2025-12-05 09:00:00;11141.803;11155.033;11139.685;11145.402;0.180072;GBR.IDXEUR
2025-12-05 10:00:00;11145.402;11145.402;11133.61;11136.292;0.170136;GBR.IDXEUR
2025-12-05 11:00:00;11136.292;11145.997;11126.363;11133.783;0.162288;GBR.IDXEUR
2025-12-05 12:00:00;11134.038;11138.441;11126.855;11132.3;0.174096;GBR.IDXEUR
2025-12-05 13:00:00;11132.428;11139.782;11117.205;11119.876;0.208584;GBR.IDXEUR
2025-12-05 14:00:00;11120.003;11122.409;11102.996;11115.279;0.317088;GBR.IDXEUR
2025-12-05 15:00:00;11115.279;11126.937;11092.646;11092.646;0.370296;GBR.IDXEUR
2025-12-05 16:00:00;11093.219;11094.124;11065.579;11077.598;0.402264;GBR.IDXEUR
2025-12-05 17:00:00;11077.598;11082.638;11066.638;11079.891;0.244224;GBR.IDXEUR
2025-12-05 18:00:00;11079.891;11088.29;11073.419;11077.254;0.152424;GBR.IDXEUR
2025-12-05 19:00:00;11077.632;11077.855;11068.187;11076.192;0.144936;GBR.IDXEUR
2025-12-05 20:00:00;11076.446;11076.785;11057.032;11060.561;0.122688;GBR.IDXEUR
2025-12-05 21:00:00;11060.561;11060.561;11060.561;11060.561;0.000216;GBR.IDXEUR
2025-12-07 23:00:00;11055.524;11061.694;11052.187;11060.549;0.06456;GBR.IDXEUR
2025-12-08 00:00:00;11060.626;11060.889;11050.966;11058.447;0.0594;GBR.IDXEUR
2025-12-08 01:00:00;11062.009;11063.494;11052.219;11054.656;0.041088;GBR.IDXEUR
2025-12-08 02:00:00;11054.529;11056.828;11051.545;11055.626;0.01956;GBR.IDXEUR
2025-12-08 03:00:00;11055.592;11057.756;11049.821;11050.703;0.022392;GBR.IDXEUR
2025-12-08 04:00:00;11050.703;11057.729;11050.703;11054.902;0.02304;GBR.IDXEUR
2025-12-08 05:00:00;11055.155;11055.398;11047.527;11049.134;0.024552;GBR.IDXEUR
2025-12-08 06:00:00;11049.261;11049.261;11032.178;11037.416;0.048456;GBR.IDXEUR
2025-12-08 07:00:00;11038.173;11052.567;11031.034;11041.613;0.15276;GBR.IDXEUR
2025-12-08 08:00:00;11041.014;11068.264;11041.014;11047.716;0.29448;GBR.IDXEUR
2025-12-08 09:00:00;11048.066;11064.247;11039.603;11063.066;0.21276;GBR.IDXEUR
2025-12-08 10:00:00;11063.193;11063.6;11042.412;11045.439;0.18216;GBR.IDXEUR
2025-12-08 11:00:00;11045.194;11054.177;11041.407;11043.991;0.195048;GBR.IDXEUR
2025-12-08 12:00:00;11044.254;11054.769;11039.505;11046.217;0.176688;GBR.IDXEUR
2025-12-08 13:00:00;11046.217;11055.793;11032.272;11036.433;0.237456;GBR.IDXEUR
2025-12-08 14:00:00;11036.685;11046.108;11025.955;11041.727;0.32508;GBR.IDXEUR
2025-12-08 15:00:00;11041.956;11051.597;11021.14;11034.498;0.389448;GBR.IDXEUR
2025-12-08 16:00:00;11034.15;11050.125;11027.546;11042.84;0.270072;GBR.IDXEUR
2025-12-08 17:00:00;11042.493;11042.576;11023.497;11035.638;0.247464;GBR.IDXEUR
2025-12-08 18:00:00;11035.891;11036.961;11014.532;11017.745;0.189864;GBR.IDXEUR
2025-12-08 19:00:00;11018.233;11026.868;11014.872;11025.995;0.144288;GBR.IDXEUR
2025-12-08 20:00:00;11025.869;11037.21;11023.054;11036.736;0.11808;GBR.IDXEUR
2025-12-08 21:00:00;11036.961;11036.961;11030.82;11032.497;0.026064;GBR.IDXEUR
2025-12-08 23:00:00;11037.155;11044.207;11035.5;11044.115;0.036576;GBR.IDXEUR
2025-12-09 00:00:00;11044.367;11044.367;11036.783;11038.504;0.037656;GBR.IDXEUR
2025-12-09 01:00:00;11041.574;11045.685;11035.638;11037.458;0.042936;GBR.IDXEUR
2025-12-09 02:00:00;11037.584;11039.145;11030.02;11032.08;0.026088;GBR.IDXEUR
2025-12-09 03:00:00;11031.954;11034.208;11028.263;11030.908;0.033192;GBR.IDXEUR
2025-12-09 04:00:00;11030.908;11033.206;11029.229;11031.784;0.031128;GBR.IDXEUR
2025-12-09 05:00:00;11032.037;11033.335;11027.869;11029.108;0.030312;GBR.IDXEUR
2025-12-09 06:00:00;11029.108;11038.072;11027.672;11036.884;0.035376;GBR.IDXEUR
2025-12-09 07:00:00;11037.011;11045.088;11032.918;11045.088;0.123;GBR.IDXEUR
2025-12-09 08:00:00;11044.861;11049.243;11027.777;11037.412;0.31176;GBR.IDXEUR
2025-12-09 09:00:00;11037.539;11056.231;11034.451;11049.06;0.293544;GBR.IDXEUR
2025-12-09 10:00:00;11048.747;11061.634;11039.078;11060.917;0.251712;GBR.IDXEUR
2025-12-09 11:00:00;11060.79;11063.968;11049.063;11056.617;0.22032;GBR.IDXEUR
2025-12-09 12:00:00;11055.917;11060.45;11031.893;11034.884;0.201096;GBR.IDXEUR
2025-12-09 13:00:00;11034.312;11042.17;11024.359;11038.761;0.226008;GBR.IDXEUR
2025-12-09 14:00:00;11038.509;11063.979;11037.996;11059.03;0.34272;GBR.IDXEUR
2025-12-09 15:00:00;11059.03;11066.444;11019.799;11027.869;0.37548;GBR.IDXEUR
2025-12-09 16:00:00;11027.869;11038.896;11023.137;11024.877;0.211392;GBR.IDXEUR
2025-12-09 17:00:00;11024.751;11027.012;11004.641;11011.816;0.239544;GBR.IDXEUR
2025-12-09 18:00:00;11011.69;11021.195;11004.226;11010.144;0.160272;GBR.IDXEUR
2025-12-09 19:00:00;11010.491;11010.872;11000.4;11004.131;0.12996;GBR.IDXEUR
2025-12-09 20:00:00;11004.006;11006.531;10987.016;10993.226;0.117072;GBR.IDXEUR
2025-12-09 21:00:00;10991.071;10991.574;10988.336;10989.624;0.025056;GBR.IDXEUR
2025-12-09 23:00:00;10992.666;10997.406;10992.666;10995.206;0.019944;GBR.IDXEUR
2025-12-10 00:00:00;10995.064;10998.484;10992.568;10996.589;0.030264;GBR.IDXEUR
2025-12-10 01:00:00;10995.768;11000.495;10989.763;10994.799;0.030192;GBR.IDXEUR
2025-12-10 02:00:00;10994.673;10999.645;10992.33;10996.676;0.019056;GBR.IDXEUR
2025-12-10 03:00:00;10996.801;11001.357;10993.036;10997.389;0.021096;GBR.IDXEUR
2025-12-10 04:00:00;10997.138;11003.27;10997.012;11000.679;0.015072;GBR.IDXEUR
2025-12-10 05:00:00;11000.805;11001.309;10992.966;10997.301;0.021264;GBR.IDXEUR
2025-12-10 06:00:00;10997.175;11007.443;10997.162;11002.454;0.026088;GBR.IDXEUR
2025-12-10 07:00:00;11002.211;11002.916;10988.08;10992.535;0.144192;GBR.IDXEUR
2025-12-10 08:00:00;10992.764;11051.889;10992.764;11027.743;0.313344;GBR.IDXEUR
2025-12-10 09:00:00;11028.889;11047.877;11023.128;11042.629;0.263088;GBR.IDXEUR
2025-12-10 10:00:00;11042.756;11052.091;11037.087;11045.326;0.266832;GBR.IDXEUR
2025-12-10 11:00:00;11045.088;11063.285;11042.891;11059.882;0.218664;GBR.IDXEUR
2025-12-10 12:00:00;11059.882;11068.435;11055.348;11061.52;0.154656;GBR.IDXEUR
2025-12-10 13:00:00;11061.329;11088.714;11057.979;11079.818;0.285048;GBR.IDXEUR
2025-12-10 14:00:00;11079.945;11080.268;11063.042;11067.249;0.370728;GBR.IDXEUR
2025-12-10 15:00:00;11066.885;11074.676;11044.185;11055.311;0.34776;GBR.IDXEUR
2025-12-10 16:00:00;11055.627;11064.414;11044.53;11052.496;0.28476;GBR.IDXEUR
2025-12-10 17:00:00;11052.496;11052.601;11032.101;11040.4;0.171864;GBR.IDXEUR
2025-12-10 18:00:00;11040.39;11049.472;11034.568;11038.135;0.160272;GBR.IDXEUR
2025-12-10 19:00:00;11038.352;11075.437;11034.563;11073.011;0.690192;GBR.IDXEUR
2025-12-10 20:00:00;11072.884;11092.239;11066.154;11080.383;0.385488;GBR.IDXEUR
2025-12-10 21:00:00;11080.51;11080.51;11071.55;11078.26;0.02952;GBR.IDXEUR
2025-12-10 23:00:00;11073.129;11076.354;11065.106;11068.611;0.041952;GBR.IDXEUR
2025-12-11 00:00:00;11068.393;11070.309;11052.553;11052.679;0.066408;GBR.IDXEUR
2025-12-11 01:00:00;11064.945;11079.76;11063.823;11069.513;0.053352;GBR.IDXEUR
2025-12-11 02:00:00;11069.513;11071.471;11053.39;11055.601;0.042408;GBR.IDXEUR
2025-12-11 03:00:00;11055.727;11055.956;11025.032;11037.082;0.072672;GBR.IDXEUR
2025-12-11 04:00:00;11037.082;11039.373;11031.137;11035.002;0.045072;GBR.IDXEUR
2025-12-11 05:00:00;11034.43;11039.451;11030.021;11036.935;0.034944;GBR.IDXEUR
2025-12-11 06:00:00;11036.809;11040.334;11021.265;11039.161;0.044568;GBR.IDXEUR
2025-12-11 07:00:00;11039.161;11044.896;11028.674;11029.738;0.17952;GBR.IDXEUR
2025-12-11 08:00:00;11029.177;11047.138;11010.357;11044.851;0.3798;GBR.IDXEUR
2025-12-11 09:00:00;11044.725;11056.27;11036.33;11055.326;0.315504;GBR.IDXEUR
2025-12-11 10:00:00;11055.326;11056.14;11037.417;11048.393;0.252504;GBR.IDXEUR
2025-12-11 11:00:00;11047.835;11053.761;11042.678;11049.821;0.21888;GBR.IDXEUR
2025-12-11 12:00:00;11049.694;11057.41;11037.14;11042.376;0.210312;GBR.IDXEUR
2025-12-11 13:00:00;11042.124;11049.979;11033.414;11047.387;0.303552;GBR.IDXEUR
2025-12-11 14:00:00;11047.513;11077.489;11038.851;11074.016;0.347112;GBR.IDXEUR
2025-12-11 15:00:00;11074.016;11103.642;11072.232;11098.684;0.394488;GBR.IDXEUR
2025-12-11 16:00:00;11098.431;11099.963;11065.38;11086.131;0.393984;GBR.IDXEUR
2025-12-11 17:00:00;11086.258;11101.909;11085.436;11095.65;0.254232;GBR.IDXEUR
2025-12-11 18:00:00;11095.297;11100.172;11086.374;11088.182;0.180936;GBR.IDXEUR
2025-12-11 19:00:00;11088.536;11100.637;11088.062;11099.332;0.146952;GBR.IDXEUR
2025-12-11 20:00:00;11099.079;11101.979;11086.353;11091.65;0.146664;GBR.IDXEUR
2025-12-11 21:00:00;11091.524;11093.913;11088.534;11091.406;0.025944;GBR.IDXEUR
2025-12-11 23:00:00;11089.171;11093.608;11082.856;11086.324;0.044016;GBR.IDXEUR
2025-12-12 00:00:00;11085.672;11088.472;11080.26;11084.018;0.080472;GBR.IDXEUR
2025-12-12 01:00:00;11085.704;11105.327;11085.704;11104.946;0.045648;GBR.IDXEUR
2025-12-12 02:00:00;11104.946;11110.216;11103.944;11108.646;0.031824;GBR.IDXEUR
2025-12-12 03:00:00;11108.773;11112.097;11104.113;11109.925;0.025128;GBR.IDXEUR
2025-12-12 04:00:00;11109.925;11110.348;11104.23;11107.448;0.027096;GBR.IDXEUR
2025-12-12 05:00:00;11107.575;11116.741;11107.448;11112.653;0.025968;GBR.IDXEUR
2025-12-12 06:00:00;11112.653;11115.49;11103.52;11103.52;0.034728;GBR.IDXEUR
2025-12-12 07:00:00;11103.349;11119.06;11099.66;11104.574;0.192312;GBR.IDXEUR
2025-12-12 08:00:00;11102.23;11133.848;11089.083;11120.553;0.32724;GBR.IDXEUR
2025-12-12 09:00:00;11120.326;11127.634;11093.316;11099.144;0.261792;GBR.IDXEUR
2025-12-12 10:00:00;11098.584;11104.945;11084.91;11098.201;0.206928;GBR.IDXEUR
2025-12-12 11:00:00;11098.074;11105.597;11089.947;11098.415;0.163224;GBR.IDXEUR
2025-12-12 12:00:00;11097.468;11097.468;11067.031;11070.84;0.160056;GBR.IDXEUR
2025-12-12 13:00:00;11070.714;11070.976;11048.76;11051.405;0.212976;GBR.IDXEUR
2025-12-12 14:00:00;11051.531;11060.362;11038.712;11038.712;0.33444;GBR.IDXEUR
2025-12-12 15:00:00;11038.587;11040.086;10980.079;10985.784;0.448416;GBR.IDXEUR
2025-12-12 16:00:00;10985.659;10991.565;10962.545;10973.808;0.578736;GBR.IDXEUR
2025-12-12 17:00:00;10973.933;10999.105;10972.21;10994.498;0.412632;GBR.IDXEUR
2025-12-12 18:00:00;10994.983;11009.635;10992.185;10998.245;0.260424;GBR.IDXEUR
2025-12-12 19:00:00;10997.994;11004.498;10993.601;11001.194;0.247536;GBR.IDXEUR
2025-12-12 20:00:00;11001.64;11010.759;10990.364;11005.174;0.231336;GBR.IDXEUR
2025-12-14 23:00:00;11004.975;11010.035;10996.55;11008.842;0.05484;GBR.IDXEUR
2025-12-15 00:00:00;11008.968;11019.421;11006.947;11018.44;0.0618;GBR.IDXEUR
2025-12-15 01:00:00;11018.591;11026.664;11011.596;11026.329;0.043296;GBR.IDXEUR
2025-12-15 02:00:00;11026.454;11028.511;11019.162;11020.167;0.04128;GBR.IDXEUR
2025-12-15 03:00:00;11020.292;11021.056;11015.095;11019.574;0.047304;GBR.IDXEUR
2025-12-15 04:00:00;11019.229;11026.758;11018.236;11026.381;0.022296;GBR.IDXEUR
2025-12-15 05:00:00;11026.167;11031.943;11022.586;11029.897;0.03096;GBR.IDXEUR
2025-12-15 06:00:00;11030.1;11034.307;11025.046;11027.62;0.0378;GBR.IDXEUR
2025-12-15 07:00:00;11027.745;11047.884;11027.519;11040.299;0.169008;GBR.IDXEUR
2025-12-15 08:00:00;11041.345;11064.978;11035.789;11053.32;0.375336;GBR.IDXEUR
2025-12-15 09:00:00;11053.446;11084.231;11049.104;11082.496;0.247536;GBR.IDXEUR
2025-12-15 10:00:00;11082.37;11098.593;11078.97;11094.274;0.176328;GBR.IDXEUR
2025-12-15 11:00:00;11094.401;11098.873;11090.943;11095.04;0.118512;GBR.IDXEUR
2025-12-15 12:00:00;11095.952;11104.843;11081.272;11104.558;0.150984;GBR.IDXEUR
2025-12-15 13:00:00;11104.431;11105.325;11090.71;11101.75;0.228312;GBR.IDXEUR
2025-12-15 14:00:00;11101.876;11112.626;11095.228;11098.62;0.364248;GBR.IDXEUR
2025-12-15 15:00:00;11098.367;11124.162;11091.874;11110.504;0.47772;GBR.IDXEUR
2025-12-15 16:00:00;11111.64;11120.443;11085.606;11087.965;0.380592;GBR.IDXEUR
2025-12-15 17:00:00;11088.091;11095.092;11072.201;11077.892;0.326592;GBR.IDXEUR
2025-12-15 18:00:00;11077.313;11088.906;11071.189;11086.528;0.2376;GBR.IDXEUR
2025-12-15 19:00:00;11086.166;11095.004;11084.332;11095.004;0.1674;GBR.IDXEUR
2025-12-15 20:00:00;11094.752;11103.313;11090.726;11098.88;0.149112;GBR.IDXEUR
2025-12-15 21:00:00;11098.754;11100.558;11094.351;11099.199;0.02208;GBR.IDXEUR
2025-12-15 23:00:00;11098.144;11101.504;11091.368;11094.577;0.041952;GBR.IDXEUR
2025-12-16 00:00:00;11094.353;11096.532;11083.603;11085.656;0.089496;GBR.IDXEUR
2025-12-16 01:00:00;11090.014;11098.422;11067.644;11072.473;0.080424;GBR.IDXEUR
2025-12-16 02:00:00;11072.347;11074.745;11060.99;11063.216;0.057144;GBR.IDXEUR
2025-12-16 03:00:00;11063.47;11071.376;11059.44;11069.099;0.047832;GBR.IDXEUR
2025-12-16 04:00:00;11068.973;11074.98;11060.757;11072.814;0.035568;GBR.IDXEUR
2025-12-16 05:00:00;11072.814;11074.025;11059.125;11061.065;0.046968;GBR.IDXEUR
2025-12-16 06:00:00;11061.316;11073.274;11059.554;11072.392;0.046224;GBR.IDXEUR
2025-12-16 07:00:00;11072.518;11085.724;11064.563;11080.611;0.199224;GBR.IDXEUR
2025-12-16 08:00:00;11080.484;11106.615;11071.823;11104.764;0.368712;GBR.IDXEUR
2025-12-16 09:00:00;11104.891;11125.968;11085.339;11087.987;0.30672;GBR.IDXEUR
2025-12-16 10:00:00;11087.481;11099.614;11077.209;11085.719;0.253656;GBR.IDXEUR
2025-12-16 11:00:00;11085.512;11088.034;11076.057;11076.942;0.21636;GBR.IDXEUR
2025-12-16 12:00:00;11076.689;11084.574;11069.109;11069.882;0.21888;GBR.IDXEUR
2025-12-16 13:00:00;11069.882;11077.044;11041.883;11043.226;0.537048;GBR.IDXEUR
2025-12-16 14:00:00;11043.226;11044.82;11013.746;11020.08;0.536472;GBR.IDXEUR
2025-12-16 15:00:00;11020.08;11031.876;10988.834;11031.529;0.56988;GBR.IDXEUR
2025-12-16 16:00:00;11031.529;11058.793;11029.922;11056.294;0.467352;GBR.IDXEUR
2025-12-16 17:00:00;11056.294;11060.148;11031.203;11035.291;0.398088;GBR.IDXEUR
2025-12-16 18:00:00;11035.291;11068.541;11025.594;11059.187;0.32328;GBR.IDXEUR
2025-12-16 19:00:00;11058.473;11058.473;11038.771;11054.277;0.359208;GBR.IDXEUR
2025-12-16 20:00:00;11054.533;11078.185;11052.982;11063.688;0.27936;GBR.IDXEUR
2025-12-16 21:00:00;11063.562;11063.9;11054.055;11056.305;0.030768;GBR.IDXEUR
2025-12-16 23:00:00;11057.928;11061.229;11050.003;11053.199;0.049896;GBR.IDXEUR
2025-12-17 00:00:00;11052.94;11057.692;11045.415;11048.494;0.102408;GBR.IDXEUR
2025-12-17 01:00:00;11047.728;11073.385;11046.47;11072.719;0.058776;GBR.IDXEUR
2025-12-17 02:00:00;11072.592;11073.409;11058.564;11064.392;0.045816;GBR.IDXEUR
2025-12-17 03:00:00;11064.14;11067.002;11059.331;11061.872;0.026664;GBR.IDXEUR
2025-12-17 04:00:00;11062.229;11069.405;11055.248;11055.739;0.043368;GBR.IDXEUR
2025-12-17 05:00:00;11055.865;11068.602;11051.323;11067.574;0.050424;GBR.IDXEUR
2025-12-17 06:00:00;11067.889;11089.053;11067.543;11087.167;0.06324;GBR.IDXEUR
2025-12-17 07:00:00;11087.04;11106.813;11081.236;11091.697;0.366144;GBR.IDXEUR
2025-12-17 08:00:00;11089.852;11160.048;11083.372;11159.961;0.407448;GBR.IDXEUR
2025-12-17 09:00:00;11160.053;11194.424;11151.938;11182.05;0.325584;GBR.IDXEUR
2025-12-17 10:00:00;11181.923;11204.7;11179.632;11200.435;0.256608;GBR.IDXEUR
2025-12-17 11:00:00;11200.435;11202.825;11177.009;11185.416;0.231912;GBR.IDXEUR
2025-12-17 12:00:00;11185.168;11207.831;11183.271;11185.876;0.238392;GBR.IDXEUR
2025-12-17 13:00:00;11186.254;11209.431;11180.038;11198.336;0.388152;GBR.IDXEUR
2025-12-17 14:00:00;11198.464;11206.761;11178.906;11201.29;0.444312;GBR.IDXEUR
2025-12-17 15:00:00;11201.379;11205.026;11149.588;11162.728;0.502056;GBR.IDXEUR
2025-12-17 16:00:00;11162.994;11167.37;11124.629;11146.417;0.569016;GBR.IDXEUR
2025-12-17 17:00:00;11145.933;11151.711;11130.162;11134.286;0.39348;GBR.IDXEUR
2025-12-17 18:00:00;11134.159;11142.236;11106.0;11108.756;0.313416;GBR.IDXEUR
2025-12-17 19:00:00;11108.882;11113.703;11103.711;11110.612;0.264096;GBR.IDXEUR
2025-12-17 20:00:00;11110.612;11121.189;11109.208;11110.494;0.181152;GBR.IDXEUR
2025-12-17 21:00:00;11110.285;11125.791;11107.504;11125.57;0.031344;GBR.IDXEUR
2025-12-17 23:00:00;11121.836;11124.253;11113.138;11114.1;0.04644;GBR.IDXEUR
2025-12-18 00:00:00;11114.3;11121.892;11108.326;11121.892;0.097536;GBR.IDXEUR
2025-12-18 01:00:00;11118.631;11134.772;11112.804;11131.594;0.055752;GBR.IDXEUR
2025-12-18 02:00:00;11131.721;11147.612;11125.896;11133.879;0.058608;GBR.IDXEUR
2025-12-18 03:00:00;11133.541;11134.121;11105.485;11108.422;0.035136;GBR.IDXEUR
2025-12-18 04:00:00;11108.422;11120.561;11106.328;11117.735;0.025776;GBR.IDXEUR
2025-12-18 05:00:00;11117.609;11131.199;11111.933;11111.957;0.03372;GBR.IDXEUR
2025-12-18 06:00:00;11111.957;11122.745;11110.28;11122.507;0.041856;GBR.IDXEUR
2025-12-18 07:00:00;11122.128;11149.77;11117.438;11146.209;0.177288;GBR.IDXEUR
2025-12-18 08:00:00;11146.568;11157.665;11126.575;11130.049;0.3582;GBR.IDXEUR
2025-12-18 09:00:00;11129.831;11164.853;11127.878;11163.651;0.30348;GBR.IDXEUR
2025-12-18 10:00:00;11163.905;11169.107;11149.965;11151.734;0.185688;GBR.IDXEUR
2025-12-18 11:00:00;11151.734;11170.901;11150.705;11160.339;0.186408;GBR.IDXEUR
2025-12-18 12:00:00;11159.957;11177.079;11153.195;11174.115;0.368568;GBR.IDXEUR
2025-12-18 13:00:00;11173.55;11173.897;11134.763;11151.221;0.501696;GBR.IDXEUR
2025-12-18 14:00:00;11150.966;11202.82;11150.291;11193.583;0.510984;GBR.IDXEUR
2025-12-18 15:00:00;11194.529;11237.258;11191.42;11237.258;0.485064;GBR.IDXEUR
2025-12-18 16:00:00;11236.936;11248.381;11224.641;11229.689;0.370368;GBR.IDXEUR
2025-12-18 17:00:00;11229.304;11231.39;11185.51;11220.844;0.422064;GBR.IDXEUR
2025-12-18 18:00:00;11220.46;11230.406;11211.404;11216.397;0.2214;GBR.IDXEUR
2025-12-18 19:00:00;11216.736;11217.858;11196.803;11201.415;0.2718;GBR.IDXEUR
2025-12-18 20:00:00;11201.415;11222.955;11187.848;11190.489;0.219024;GBR.IDXEUR
2025-12-18 21:00:00;11190.422;11190.422;11179.964;11180.324;0.025032;GBR.IDXEUR
2025-12-18 23:00:00;11187.655;11195.197;11184.053;11195.058;0.051336;GBR.IDXEUR
2025-12-19 00:00:00;11194.826;11196.099;11187.024;11194.47;0.070392;GBR.IDXEUR
2025-12-19 01:00:00;11193.104;11202.932;11181.535;11199.248;0.050016;GBR.IDXEUR
2025-12-19 02:00:00;11198.992;11207.574;11193.937;11199.661;0.042024;GBR.IDXEUR
2025-12-19 03:00:00;11199.789;11209.387;11191.17;11205.831;0.05784;GBR.IDXEUR
2025-12-19 04:00:00;11205.704;11210.778;11205.704;11208.098;0.037272;GBR.IDXEUR
2025-12-19 05:00:00;11208.433;11209.432;11195.857;11196.579;0.035928;GBR.IDXEUR
2025-12-19 06:00:00;11196.451;11203.205;11192.083;11199.198;0.061008;GBR.IDXEUR
2025-12-19 07:00:00;11199.07;11219.14;11194.453;11218.607;0.275184;GBR.IDXEUR
2025-12-19 08:00:00;11218.735;11253.999;11211.232;11236.904;0.354816;GBR.IDXEUR
2025-12-19 09:00:00;11236.776;11248.634;11220.85;11242.632;0.29484;GBR.IDXEUR
2025-12-19 10:00:00;11242.76;11252.265;11222.791;11235.265;0.301464;GBR.IDXEUR
2025-12-19 11:00:00;11234.929;11242.919;11220.976;11242.919;0.250128;GBR.IDXEUR
2025-12-19 12:00:00;11243.175;11248.625;11228.713;11237.289;0.212472;GBR.IDXEUR
2025-12-19 13:00:00;11237.161;11245.947;11225.714;11226.102;0.3204;GBR.IDXEUR
2025-12-19 14:00:00;11225.974;11260.449;11222.998;11256.273;0.366696;GBR.IDXEUR
2025-12-19 15:00:00;11255.657;11290.008;11255.528;11288.241;0.40104;GBR.IDXEUR
2025-12-19 16:00:00;11288.112;11306.408;11285.046;11299.685;0.303984;GBR.IDXEUR
2025-12-19 17:00:00;11299.556;11319.232;11299.332;11314.016;0.17532;GBR.IDXEUR
2025-12-19 18:00:00;11314.274;11323.111;11305.713;11306.798;0.199008;GBR.IDXEUR
2025-12-19 19:00:00;11306.444;11314.651;11306.185;11312.203;0.144792;GBR.IDXEUR
2025-12-19 20:00:00;11312.462;11314.351;11270.823;11275.923;0.1656;GBR.IDXEUR
2025-12-19 21:00:00;11275.794;11275.794;11275.794;11275.794;7.2e-05;GBR.IDXEUR
2025-12-21 23:00:00;11287.352;11298.895;11286.09;11296.319;0.109416;GBR.IDXEUR
2025-12-22 00:00:00;11296.19;11302.451;11292.814;11298.262;0.12948;GBR.IDXEUR
2025-12-22 01:00:00;11291.007;11315.629;11288.787;11309.269;0.090936;GBR.IDXEUR
2025-12-22 02:00:00;11309.474;11312.241;11299.271;11301.139;0.023544;GBR.IDXEUR
2025-12-22 03:00:00;11301.986;11310.43;11301.881;11303.819;0.027048;GBR.IDXEUR
2025-12-22 04:00:00;11303.432;11311.601;11302.827;11308.549;0.022776;GBR.IDXEUR
2025-12-22 05:00:00;11308.289;11310.736;11294.067;11300.701;0.026784;GBR.IDXEUR
2025-12-22 06:00:00;11300.455;11308.925;11299.867;11305.861;0.032256;GBR.IDXEUR
2025-12-22 07:00:00;11305.473;11306.986;11286.474;11286.474;0.190512;GBR.IDXEUR
2025-12-22 08:00:00;11285.776;11298.619;11267.723;11272.818;0.29952;GBR.IDXEUR
2025-12-22 09:00:00;11272.56;11282.549;11265.59;11280.504;0.220464;GBR.IDXEUR
2025-12-22 10:00:00;11280.746;11297.526;11277.919;11294.648;0.229248;GBR.IDXEUR
2025-12-22 11:00:00;11294.389;11294.622;11275.66;11285.754;0.168048;GBR.IDXEUR
2025-12-22 12:00:00;11285.625;11289.292;11273.623;11275.088;0.1872;GBR.IDXEUR
2025-12-22 13:00:00;11275.217;11276.69;11251.534;11252.065;0.255528;GBR.IDXEUR
2025-12-22 14:00:00;11252.323;11267.209;11240.968;11251.276;0.328536;GBR.IDXEUR
2025-12-22 15:00:00;11251.405;11281.569;11251.405;11277.467;0.290016;GBR.IDXEUR
2025-12-22 16:00:00;11277.338;11295.158;11277.004;11291.357;0.245808;GBR.IDXEUR
2025-12-22 17:00:00;11291.745;11302.788;11287.223;11300.417;0.183096;GBR.IDXEUR
2025-12-22 18:00:00;11300.288;11300.288;11291.399;11291.903;0.116856;GBR.IDXEUR
2025-12-22 19:00:00;11291.903;11294.175;11284.626;11289.37;0.125568;GBR.IDXEUR
2025-12-22 20:00:00;11289.682;11302.032;11289.67;11293.752;0.108792;GBR.IDXEUR
2025-12-22 21:00:00;11294.01;11294.01;11289.696;11289.797;0.021336;GBR.IDXEUR
2025-12-22 23:00:00;11296.365;11298.272;11291.629;11295.178;0.032712;GBR.IDXEUR
2025-12-23 00:00:00;11295.404;11298.85;11294.077;11294.363;0.03216;GBR.IDXEUR
2025-12-23 01:00:00;11301.498;11309.714;11294.94;11305.677;0.036648;GBR.IDXEUR
2025-12-23 02:00:00;11305.547;11307.029;11296.707;11300.05;0.036456;GBR.IDXEUR
2025-12-23 03:00:00;11300.18;11306.018;11299.792;11302.667;0.036024;GBR.IDXEUR
2025-12-23 04:00:00;11302.408;11306.516;11297.479;11301.102;0.036168;GBR.IDXEUR
2025-12-23 05:00:00;11301.232;11301.647;11293.904;11294.516;0.033888;GBR.IDXEUR
2025-12-23 06:00:00;11294.387;11302.573;11293.252;11298.209;0.035664;GBR.IDXEUR
2025-12-23 07:00:00;11298.209;11313.252;11296.84;11305.48;0.190944;GBR.IDXEUR
2025-12-23 08:00:00;11305.221;11338.644;11290.729;11322.61;0.3042;GBR.IDXEUR
2025-12-23 09:00:00;11322.123;11328.051;11308.879;11310.167;0.323496;GBR.IDXEUR
2025-12-23 10:00:00;11310.134;11320.423;11296.841;11301.612;0.262296;GBR.IDXEUR
2025-12-23 11:00:00;11301.418;11305.158;11294.348;11301.518;0.182448;GBR.IDXEUR
2025-12-23 12:00:00;11301.259;11308.074;11288.789;11303.035;0.202752;GBR.IDXEUR
2025-12-23 13:00:00;11303.294;11310.533;11282.957;11284.97;0.358128;GBR.IDXEUR
2025-12-23 14:00:00;11284.97;11345.148;11280.341;11331.876;0.365184;GBR.IDXEUR
2025-12-23 15:00:00;11332.551;11350.889;11324.938;11337.186;0.36576;GBR.IDXEUR
2025-12-23 16:00:00;11337.446;11339.979;11313.152;11315.404;0.235728;GBR.IDXEUR
2025-12-23 17:00:00;11315.178;11320.076;11308.907;11311.721;0.152712;GBR.IDXEUR
2025-12-23 18:00:00;11311.85;11318.856;11307.387;11312.989;0.137232;GBR.IDXEUR
2025-12-23 19:00:00;11312.86;11315.941;11305.765;11307.547;0.099648;GBR.IDXEUR
2025-12-23 20:00:00;11307.417;11317.747;11305.485;11313.306;0.11124;GBR.IDXEUR
2025-12-23 21:00:00;11311.378;11313.235;11306.969;11308.062;0.02124;GBR.IDXEUR
2025-12-23 23:00:00;11312.71;11314.177;11307.709;11310.633;0.02976;GBR.IDXEUR
2025-12-24 00:00:00;11310.633;11312.909;11306.233;11307.246;0.045912;GBR.IDXEUR
2025-12-24 01:00:00;11323.602;11325.816;11306.09;11321.784;0.041928;GBR.IDXEUR
2025-12-24 02:00:00;11321.914;11330.656;11314.03;11330.656;0.0396;GBR.IDXEUR
2025-12-24 03:00:00;11329.763;11337.82;11328.445;11337.342;0.030528;GBR.IDXEUR
2025-12-24 04:00:00;11337.14;11341.759;11336.065;11337.953;0.025368;GBR.IDXEUR
2025-12-24 05:00:00;11337.693;11339.606;11325.333;11328.63;0.018384;GBR.IDXEUR
2025-12-24 06:00:00;11328.76;11336.687;11325.244;11335.497;0.039048;GBR.IDXEUR
2025-12-24 07:00:00;11335.367;11338.083;11315.081;11328.32;0.167232;GBR.IDXEUR
2025-12-24 08:00:00;11328.19;11340.61;11304.738;11305.621;0.272952;GBR.IDXEUR
2025-12-24 09:00:00;11305.621;11329.867;11305.621;11316.005;0.185688;GBR.IDXEUR
2025-12-24 10:00:00;11315.875;11330.408;11313.456;11328.804;0.176544;GBR.IDXEUR
2025-12-24 11:00:00;11328.934;11331.109;11324.213;11325.88;0.163008;GBR.IDXEUR
2025-12-24 12:00:00;11325.621;11329.266;11296.403;11300.09;0.075888;GBR.IDXEUR
2025-12-25 23:00:00;11312.261;11322.335;11310.429;11319.235;0.046272;GBR.IDXEUR
2025-12-26 00:00:00;11319.105;11328.462;11317.912;11320.983;0.029508;GBR.IDXEUR
2025-12-26 01:00:00;11321.113;11326.761;11317.808;11317.808;0.023556;GBR.IDXEUR
2025-12-26 02:00:00;11317.808;11321.084;11316.22;11316.821;0.019044;GBR.IDXEUR
2025-12-26 03:00:00;11317.081;11318.075;11311.837;11313.891;0.016908;GBR.IDXEUR
2025-12-26 04:00:00;11313.77;11316.509;11309.888;11310.017;0.011568;GBR.IDXEUR
2025-12-26 05:00:00;11309.917;11310.017;11299.029;11301.626;0.015804;GBR.IDXEUR
2025-12-26 06:00:00;11302.015;11310.534;11301.626;11305.852;0.020244;GBR.IDXEUR
2025-12-26 07:00:00;11305.852;11306.588;11300.629;11301.934;0.0333;GBR.IDXEUR
2025-12-26 08:00:00;11301.675;11309.945;11300.337;11309.401;0.028272;GBR.IDXEUR
2025-12-26 09:00:00;11309.401;11312.512;11306.839;11308.538;0.024264;GBR.IDXEUR
2025-12-26 10:00:00;11308.668;11310.657;11306.583;11308.866;0.02826;GBR.IDXEUR
2025-12-26 11:00:00;11309.125;11310.552;11305.447;11308.082;0.026616;GBR.IDXEUR
2025-12-26 12:00:00;11308.318;11312.746;11306.09;11307.808;0.024984;GBR.IDXEUR
2025-12-26 13:00:00;11307.548;11323.201;11302.328;11317.139;0.046812;GBR.IDXEUR
2025-12-26 14:00:00;11317.009;11331.762;11312.276;11327.639;0.055212;GBR.IDXEUR
2025-12-26 15:00:00;11327.886;11329.514;11317.839;11326.829;0.060948;GBR.IDXEUR
2025-12-26 16:00:00;11326.456;11327.419;11312.64;11317.709;0.044616;GBR.IDXEUR
2025-12-26 17:00:00;11317.579;11322.321;11309.558;11317.241;0.032364;GBR.IDXEUR
2025-12-26 18:00:00;11317.111;11322.574;11309.413;11319.922;0.019716;GBR.IDXEUR
2025-12-26 19:00:00;11319.792;11322.428;11315.415;11318.32;0.015984;GBR.IDXEUR
2025-12-26 20:00:00;11317.931;11328.824;11317.091;11327.489;0.02166;GBR.IDXEUR
2025-12-26 21:00:00;11327.409;11327.739;11327.06;11327.32;6e-05;GBR.IDXEUR
2025-12-28 23:00:00;11317.001;11326.241;11313.844;11324.704;0.058536;GBR.IDXEUR
2025-12-29 00:00:00;11324.471;11331.446;11320.919;11331.227;0.05232;GBR.IDXEUR
2025-12-29 01:00:00;11344.114;11348.828;11320.852;11322.542;0.036816;GBR.IDXEUR
2025-12-29 02:00:00;11322.412;11342.865;11321.125;11338.454;0.031008;GBR.IDXEUR
2025-12-29 03:00:00;11338.324;11339.288;11333.407;11335.869;0.026472;GBR.IDXEUR
2025-12-29 04:00:00;11335.739;11339.093;11329.85;11330.781;0.01896;GBR.IDXEUR
2025-12-29 05:00:00;11331.171;11333.92;11323.371;11332.461;0.028968;GBR.IDXEUR
2025-12-29 06:00:00;11332.331;11338.697;11325.732;11327.401;0.041568;GBR.IDXEUR
2025-12-29 07:00:00;11327.531;11334.9;11297.655;11302.468;0.265104;GBR.IDXEUR
2025-12-29 08:00:00;11302.784;11319.609;11284.568;11291.554;0.371232;GBR.IDXEUR
2025-12-29 09:00:00;11292.14;11320.388;11287.206;11310.071;0.365328;GBR.IDXEUR
2025-12-29 10:00:00;11310.071;11325.478;11306.506;11322.53;0.26208;GBR.IDXEUR
2025-12-29 11:00:00;11322.141;11339.68;11322.141;11331.288;0.243504;GBR.IDXEUR
2025-12-29 12:00:00;11331.418;11339.74;11301.43;11312.418;0.264096;GBR.IDXEUR
2025-12-29 13:00:00;11312.158;11330.694;11309.661;11318.522;0.305352;GBR.IDXEUR
2025-12-29 14:00:00;11318.522;11328.16;11303.763;11311.063;0.3942;GBR.IDXEUR
2025-12-29 15:00:00;11311.281;11339.919;11299.013;11336.917;0.506304;GBR.IDXEUR
2025-12-29 16:00:00;11336.917;11342.254;11304.256;11322.602;0.345528;GBR.IDXEUR
2025-12-29 17:00:00;11322.732;11328.797;11315.209;11327.91;0.212544;GBR.IDXEUR
2025-12-29 18:00:00;11328.244;11338.495;11324.971;11329.517;0.148032;GBR.IDXEUR
2025-12-29 19:00:00;11329.294;11340.153;11326.407;11336.999;0.110736;GBR.IDXEUR
2025-12-29 20:00:00;11336.609;11340.971;11322.258;11325.946;0.14328;GBR.IDXEUR
2025-12-29 21:00:00;11325.946;11325.946;11320.278;11322.891;0.015744;GBR.IDXEUR
2025-12-29 23:00:00;11325.275;11327.069;11321.839;11323.816;0.034248;GBR.IDXEUR
2025-12-30 00:00:00;11323.946;11325.444;11317.609;11317.812;0.026472;GBR.IDXEUR
2025-12-30 01:00:00;11318.623;11321.127;11308.929;11318.295;0.036792;GBR.IDXEUR
2025-12-30 02:00:00;11318.035;11318.678;11302.388;11309.738;0.026712;GBR.IDXEUR
2025-12-30 03:00:00;11310.093;11326.247;11309.222;11324.734;0.02196;GBR.IDXEUR
2025-12-30 04:00:00;11324.604;11329.173;11323.152;11323.936;0.022104;GBR.IDXEUR
2025-12-30 05:00:00;11323.71;11327.236;11319.475;11326.989;0.023328;GBR.IDXEUR
2025-12-30 06:00:00;11327.14;11330.955;11319.833;11323.932;0.037464;GBR.IDXEUR
2025-12-30 07:00:00;11323.932;11330.091;11318.345;11329.823;0.135696;GBR.IDXEUR
2025-12-30 08:00:00;11329.823;11344.494;11313.156;11338.451;0.266904;GBR.IDXEUR
2025-12-30 09:00:00;11337.897;11353.845;11336.035;11353.099;0.217296;GBR.IDXEUR
2025-12-30 10:00:00;11353.23;11381.318;11353.23;11378.222;0.184608;GBR.IDXEUR
2025-12-30 11:00:00;11378.543;11380.554;11362.61;11373.514;0.16632;GBR.IDXEUR
2025-12-30 12:00:00;11373.384;11379.123;11364.727;11377.59;0.19764;GBR.IDXEUR
2025-12-30 13:00:00;11377.72;11397.174;11369.748;11370.294;0.291888;GBR.IDXEUR
2025-12-30 14:00:00;11370.294;11384.973;11367.069;11369.243;0.297648;GBR.IDXEUR
2025-12-30 15:00:00;11369.452;11400.816;11364.577;11395.487;0.329472;GBR.IDXEUR
2025-12-30 16:00:00;11395.277;11405.582;11385.069;11385.677;0.287712;GBR.IDXEUR
2025-12-30 17:00:00;11385.546;11395.915;11383.696;11394.015;0.137088;GBR.IDXEUR
2025-12-30 18:00:00;11393.885;11403.301;11390.638;11397.497;0.133992;GBR.IDXEUR
2025-12-30 19:00:00;11397.627;11400.803;11390.987;11398.952;0.137448;GBR.IDXEUR
2025-12-30 20:00:00;11399.214;11407.595;11394.461;11399.187;0.148608;GBR.IDXEUR
2025-12-30 21:00:00;11398.975;11398.975;11394.5;11397.601;0.029784;GBR.IDXEUR
2025-12-30 23:00:00;11401.334;11402.688;11393.789;11398.903;0.022152;GBR.IDXEUR
2025-12-31 00:00:00;11399.165;11399.295;11386.081;11388.448;0.02616;GBR.IDXEUR
2025-12-31 01:00:00;11391.92;11393.541;11371.394;11382.068;0.028128;GBR.IDXEUR
2025-12-31 02:00:00;11382.068;11385.41;11378.807;11385.124;0.018144;GBR.IDXEUR
2025-12-31 03:00:00;11384.732;11388.115;11383.064;11386.45;0.01608;GBR.IDXEUR
2025-12-31 04:00:00;11386.319;11399.237;11385.927;11398.113;0.01752;GBR.IDXEUR
2025-12-31 05:00:00;11397.982;11398.831;11387.494;11388.13;0.01992;GBR.IDXEUR
2025-12-31 06:00:00;11387.793;11393.931;11385.661;11390.024;0.019224;GBR.IDXEUR
2025-12-31 07:00:00;11390.614;11424.502;11384.528;11407.621;0.132048;GBR.IDXEUR
2025-12-31 08:00:00;11407.36;11417.987;11364.625;11378.833;0.270864;GBR.IDXEUR
2025-12-31 09:00:00;11378.703;11387.551;11371.245;11377.786;0.195696;GBR.IDXEUR
2025-12-31 10:00:00;11378.308;11381.43;11353.267;11357.043;0.179928;GBR.IDXEUR
2025-12-31 11:00:00;11356.913;11365.71;11355.376;11363.265;0.161208;GBR.IDXEUR
2025-12-31 12:00:00;11363.395;11403.609;11350.276;11399.72;0.223608;GBR.IDXEUR
2025-12-31 13:00:00;11399.513;11411.369;11395.3;11411.166;0.052164;GBR.IDXEUR
2025-12-31 14:00:00;11411.297;11414.057;11387.264;11390.555;0.073656;GBR.IDXEUR
2025-12-31 15:00:00;11390.424;11392.406;11366.066;11382.996;0.094236;GBR.IDXEUR
2025-12-31 16:00:00;11382.866;11398.92;11381.023;11396.876;0.05202;GBR.IDXEUR
2025-12-31 17:00:00;11397.505;11399.473;11386.493;11396.602;0.032592;GBR.IDXEUR
2025-12-31 18:00:00;11396.732;11406.979;11396.21;11406.717;0.008148;GBR.IDXEUR
2026-01-01 23:00:00;11389.813;11394.891;11389.113;11392.226;0.016344;GBR.IDXEUR
2026-01-02 00:00:00;11391.963;11395.523;11387.747;11395.392;0.015252;GBR.IDXEUR
2026-01-02 01:00:00;11379.415;11391.376;11345.034;11384.115;0.029652;GBR.IDXEUR
2026-01-02 02:00:00;11384.115;11401.727;11384.115;11401.727;0.023256;GBR.IDXEUR
2026-01-02 03:00:00;11401.379;11404.6;11397.713;11403.459;0.021648;GBR.IDXEUR
2026-01-02 04:00:00;11403.59;11410.968;11401.318;11409.056;0.023208;GBR.IDXEUR
2026-01-02 05:00:00;11409.056;11411.638;11404.915;11406.092;0.018288;GBR.IDXEUR
2026-01-02 06:00:00;11406.353;11409.443;11397.916;11398.047;0.031008;GBR.IDXEUR
2026-01-02 07:00:00;11397.916;11411.979;11391.971;11408.81;0.203256;GBR.IDXEUR
2026-01-02 08:00:00;11408.444;11518.015;11385.749;11516.277;0.375624;GBR.IDXEUR
2026-01-02 09:00:00;11516.277;11526.77;11461.653;11472.553;0.327024;GBR.IDXEUR
2026-01-02 10:00:00;11472.553;11472.553;11435.235;11442.488;0.238392;GBR.IDXEUR
2026-01-02 11:00:00;11442.751;11452.689;11434.302;11449.528;0.201888;GBR.IDXEUR
2026-01-02 12:00:00;11449.302;11460.658;11426.573;11438.026;0.18684;GBR.IDXEUR
2026-01-02 13:00:00;11437.633;11469.301;11426.035;11468.602;0.2592;GBR.IDXEUR
2026-01-02 14:00:00;11468.47;11482.883;11431.635;11431.635;0.365544;GBR.IDXEUR
2026-01-02 15:00:00;11431.372;11465.331;11425.981;11452.358;0.503424;GBR.IDXEUR
2026-01-02 16:00:00;11451.766;11451.82;11419.159;11440.685;0.462312;GBR.IDXEUR
2026-01-02 17:00:00;11441.05;11453.923;11431.831;11436.742;0.304848;GBR.IDXEUR
2026-01-02 18:00:00;11436.61;11441.79;11418.816;11440.001;0.259632;GBR.IDXEUR
2026-01-02 19:00:00;11440.001;11476.462;11437.817;11472.934;0.251928;GBR.IDXEUR
2026-01-02 20:00:00;11473.066;11483.378;11463.464;11482.688;0.19044;GBR.IDXEUR
2026-01-02 21:00:00;11482.688;11482.688;11482.688;11482.688;7.2e-05;GBR.IDXEUR
2026-01-04 23:00:00;11485.922;11488.647;11473.741;11476.469;0.07884;GBR.IDXEUR
2026-01-05 00:00:00;11476.733;11487.157;11474.822;11486.977;0.084816;GBR.IDXEUR
2026-01-05 01:00:00;11503.829;11512.28;11488.164;11505.92;0.057168;GBR.IDXEUR
2026-01-05 02:00:00;11506.052;11512.237;11501.622;11507.696;0.045744;GBR.IDXEUR
2026-01-05 03:00:00;11507.961;11511.763;11506.214;11509.117;0.04368;GBR.IDXEUR
2026-01-05 04:00:00;11508.852;11516.503;11507.408;11510.683;0.030696;GBR.IDXEUR
2026-01-05 05:00:00;11510.551;11517.83;11508.312;11509.75;0.027576;GBR.IDXEUR
2026-01-05 06:00:00;11509.882;11514.02;11497.508;11508.28;0.042072;GBR.IDXEUR
2026-01-05 07:00:00;11508.412;11517.248;11489.728;11511.479;0.202536;GBR.IDXEUR
2026-01-05 08:00:00;11506.317;11512.311;11444.434;11457.188;0.508176;GBR.IDXEUR
2026-01-05 09:00:00;11457.32;11490.646;11448.493;11483.684;0.326088;GBR.IDXEUR
2026-01-05 10:00:00;11483.552;11484.213;11460.94;11473.381;0.252504;GBR.IDXEUR
2026-01-05 11:00:00;11473.713;11493.104;11473.185;11481.845;0.260064;GBR.IDXEUR
2026-01-05 12:00:00;11481.977;11502.02;11480.838;11501.539;0.216936;GBR.IDXEUR
2026-01-05 13:00:00;11501.274;11505.19;11488.403;11492.468;0.340056;GBR.IDXEUR
2026-01-05 14:00:00;11492.335;11524.343;11485.594;11487.673;0.472104;GBR.IDXEUR
2026-01-05 15:00:00;11487.806;11537.542;11477.801;11535.054;0.499248;GBR.IDXEUR
2026-01-05 16:00:00;11535.187;11562.527;11529.548;11559.539;0.309888;GBR.IDXEUR
2026-01-05 17:00:00;11559.673;11580.609;11559.103;11577.772;0.246672;GBR.IDXEUR
2026-01-05 18:00:00;11577.447;11580.485;11568.848;11574.056;0.142056;GBR.IDXEUR
2026-01-05 19:00:00;11573.922;11584.236;11572.742;11578.108;0.178056;GBR.IDXEUR
2026-01-05 20:00:00;11578.038;11582.894;11571.404;11581.44;0.125064;GBR.IDXEUR
2026-01-05 21:00:00;11578.255;11579.741;11575.983;11579.496;0.01284;GBR.IDXEUR
2026-01-05 23:00:00;11579.779;11583.762;11576.852;11577.404;0.032592;GBR.IDXEUR
2026-01-06 00:00:00;11577.404;11581.29;11575.144;11577.157;0.039288;GBR.IDXEUR
2026-01-06 01:00:00;11580.113;11599.126;11577.391;11597.274;0.042528;GBR.IDXEUR
2026-01-06 02:00:00;11597.274;11604.16;11595.572;11598.152;0.0396;GBR.IDXEUR
2026-01-06 03:00:00;11598.286;11606.929;11596.637;11605.374;0.02952;GBR.IDXEUR
2026-01-06 04:00:00;11605.508;11608.982;11602.644;11606.214;0.025632;GBR.IDXEUR
2026-01-06 05:00:00;11605.976;11607.574;11597.583;11604.106;0.028704;GBR.IDXEUR
2026-01-06 06:00:00;11604.24;11608.889;11596.675;11604.172;0.039192;GBR.IDXEUR
2026-01-06 07:00:00;11604.44;11607.94;11586.887;11605.401;0.157872;GBR.IDXEUR
2026-01-06 08:00:00;11604.955;11633.42;11600.392;11626.785;0.379152;GBR.IDXEUR
2026-01-06 09:00:00;11626.651;11640.861;11605.539;11606.773;0.328536;GBR.IDXEUR
2026-01-06 10:00:00;11606.908;11631.102;11606.887;11625.563;0.217008;GBR.IDXEUR
2026-01-06 11:00:00;11626.151;11642.524;11625.508;11633.306;0.185472;GBR.IDXEUR
2026-01-06 12:00:00;11633.575;11654.624;11627.487;11646.01;0.214632;GBR.IDXEUR
2026-01-06 13:00:00;11645.607;11680.006;11645.607;11679.29;0.344016;GBR.IDXEUR
2026-01-06 14:00:00;11679.155;11712.292;11672.011;11689.023;0.421344;GBR.IDXEUR
2026-01-06 15:00:00;11689.293;11732.907;11686.823;11724.612;0.459576;GBR.IDXEUR
2026-01-06 16:00:00;11724.476;11725.254;11670.672;11673.336;0.355104;GBR.IDXEUR
2026-01-06 17:00:00;11673.471;11687.838;11671.518;11679.819;0.192096;GBR.IDXEUR
2026-01-06 18:00:00;11679.684;11688.514;11674.706;11684.166;0.15696;GBR.IDXEUR
2026-01-06 19:00:00;11683.806;11693.4;11680.826;11682.796;0.147312;GBR.IDXEUR
2026-01-06 20:00:00;11682.664;11686.269;11669.2;11672.942;0.138816;GBR.IDXEUR
2026-01-06 21:00:00;11672.942;11672.942;11669.662;11670.301;0.014424;GBR.IDXEUR
2026-01-06 23:00:00;11672.056;11675.718;11669.661;11671.636;0.021336;GBR.IDXEUR
2026-01-07 00:00:00;11672.098;11678.653;11671.104;11675.543;0.047856;GBR.IDXEUR
2026-01-07 01:00:00;11676.399;11680.909;11666.542;11670.356;0.057;GBR.IDXEUR
2026-01-07 02:00:00;11670.221;11678.077;11667.444;11676.735;0.028104;GBR.IDXEUR
2026-01-07 03:00:00;11676.6;11686.12;11675.656;11681.552;0.024336;GBR.IDXEUR
2026-01-07 04:00:00;11681.552;11683.765;11673.098;11683.518;0.036264;GBR.IDXEUR
2026-01-07 05:00:00;11683.518;11683.518;11671.499;11674.321;0.028752;GBR.IDXEUR
2026-01-07 06:00:00;11674.456;11681.84;11672.171;11675.737;0.03948;GBR.IDXEUR
2026-01-07 07:00:00;11675.737;11679.972;11665.292;11672.08;0.179472;GBR.IDXEUR
2026-01-07 08:00:00;11670.663;11676.081;11629.119;11634.212;0.343512;GBR.IDXEUR
2026-01-07 09:00:00;11634.118;11639.22;11618.168;11633.503;0.258048;GBR.IDXEUR
2026-01-07 10:00:00;11633.369;11636.27;11602.294;11618.484;0.254304;GBR.IDXEUR
2026-01-07 11:00:00;11619.285;11629.838;11613.972;11619.905;0.196776;GBR.IDXEUR
2026-01-07 12:00:00;11619.947;11626.044;11604.722;11606.31;0.212184;GBR.IDXEUR
2026-01-07 13:00:00;11606.091;11616.151;11599.023;11607.949;0.25452;GBR.IDXEUR
2026-01-07 14:00:00;11608.083;11609.822;11572.3;11597.27;0.396072;GBR.IDXEUR
2026-01-07 15:00:00;11597.805;11600.738;11570.819;11577.193;0.499896;GBR.IDXEUR
2026-01-07 16:00:00;11577.327;11602.869;11571.743;11574.282;0.288072;GBR.IDXEUR
2026-01-07 17:00:00;11574.895;11575.765;11555.987;11556.25;0.177696;GBR.IDXEUR
2026-01-07 18:00:00;11556.467;11566.606;11549.163;11565.612;0.131256;GBR.IDXEUR
2026-01-07 19:00:00;11565.478;11566.145;11552.282;11561.594;0.14544;GBR.IDXEUR
2026-01-07 20:00:00;11562.26;11564.706;11545.624;11561.364;0.163872;GBR.IDXEUR
2026-01-07 21:00:00;11559.162;11561.049;11557.301;11558.485;0.019128;GBR.IDXEUR
2026-01-07 23:00:00;11562.653;11564.268;11560.662;11561.721;0.020904;GBR.IDXEUR
2026-01-08 00:00:00;11561.588;11565.673;11558.519;11565.673;0.024624;GBR.IDXEUR
2026-01-08 01:00:00;11564.253;11570.567;11560.986;11570.567;0.03744;GBR.IDXEUR
2026-01-08 02:00:00;11570.773;11572.357;11551.421;11553.199;0.043152;GBR.IDXEUR
2026-01-08 03:00:00;11553.199;11557.934;11551.933;11554.008;0.031248;GBR.IDXEUR
2026-01-08 04:00:00;11553.875;11556.707;11552.204;11554.697;0.023256;GBR.IDXEUR
2026-01-08 05:00:00;11554.92;11556.53;11536.529;11536.654;0.03048;GBR.IDXEUR
2026-01-08 06:00:00;11536.388;11537.468;11521.477;11533.25;0.046968;GBR.IDXEUR
2026-01-08 07:00:00;11533.117;11546.233;11523.519;11527.535;0.176232;GBR.IDXEUR
2026-01-08 08:00:00;11528.659;11555.34;11510.842;11537.522;0.394992;GBR.IDXEUR
2026-01-08 09:00:00;11538.319;11550.848;11537.975;11539.987;0.2502;GBR.IDXEUR
2026-01-08 10:00:00;11539.635;11542.618;11524.429;11541.586;0.234936;GBR.IDXEUR
2026-01-08 11:00:00;11541.128;11554.364;11539.648;11549.99;0.1962;GBR.IDXEUR
2026-01-08 12:00:00;11549.645;11549.645;11532.282;11533.067;0.185832;GBR.IDXEUR
2026-01-08 13:00:00;11533.199;11545.831;11523.018;11531.775;0.256176;GBR.IDXEUR
2026-01-08 14:00:00;11531.643;11564.612;11530.061;11560.522;0.385272;GBR.IDXEUR
2026-01-08 15:00:00;11561.091;11584.974;11555.453;11584.227;0.385128;GBR.IDXEUR
2026-01-08 16:00:00;11584.133;11587.547;11566.901;11577.928;0.31428;GBR.IDXEUR
2026-01-08 17:00:00;11577.39;11597.359;11575.665;11591.357;0.194688;GBR.IDXEUR
2026-01-08 18:00:00;11590.956;11594.405;11572.937;11583.835;0.168624;GBR.IDXEUR
2026-01-08 19:00:00;11583.969;11595.891;11577.816;11593.47;0.158472;GBR.IDXEUR
2026-01-08 20:00:00;11592.859;11624.899;11592.066;11622.958;0.157248;GBR.IDXEUR
2026-01-08 21:00:00;11623.226;11625.151;11620.695;11623.996;0.020448;GBR.IDXEUR
2026-01-08 23:00:00;11622.65;11624.689;11610.586;11611.259;0.025968;GBR.IDXEUR
2026-01-09 00:00:00;11611.167;11616.641;11610.653;11612.266;0.03408;GBR.IDXEUR
2026-01-09 01:00:00;11616.713;11619.085;11597.58;11600.07;0.04404;GBR.IDXEUR
2026-01-09 02:00:00;11600.07;11607.837;11599.792;11602.057;0.030768;GBR.IDXEUR
2026-01-09 03:00:00;11602.191;11602.191;11593.11;11597.143;0.021144;GBR.IDXEUR
2026-01-09 04:00:00;11596.875;11605.0;11596.135;11603.137;0.017976;GBR.IDXEUR
2026-01-09 05:00:00;11602.882;11605.885;11600.373;11604.074;0.025032;GBR.IDXEUR
2026-01-09 06:00:00;11603.72;11606.894;11597.952;11599.974;0.033168;GBR.IDXEUR
2026-01-09 07:00:00;11600.376;11605.862;11588.766;11605.862;0.138984;GBR.IDXEUR
2026-01-09 08:00:00;11604.558;11620.876;11595.105;11606.129;0.349776;GBR.IDXEUR
2026-01-09 09:00:00;11606.129;11624.152;11605.797;11616.054;0.206928;GBR.IDXEUR
2026-01-09 10:00:00;11615.921;11627.648;11606.095;11620.598;0.191016;GBR.IDXEUR
2026-01-09 11:00:00;11620.389;11631.559;11615.696;11630.85;0.158112;GBR.IDXEUR
2026-01-09 12:00:00;11631.06;11648.397;11627.45;11647.34;0.188496;GBR.IDXEUR
2026-01-09 13:00:00;11647.206;11682.095;11647.206;11650.221;0.449136;GBR.IDXEUR
2026-01-09 14:00:00;11650.355;11677.144;11640.572;11673.656;0.493848;GBR.IDXEUR
2026-01-09 15:00:00;11673.656;11680.317;11652.275;11673.912;0.51264;GBR.IDXEUR
2026-01-09 16:00:00;11673.912;11686.393;11665.052;11681.481;0.30132;GBR.IDXEUR
2026-01-09 17:00:00;11681.616;11687.892;11672.201;11672.774;0.180072;GBR.IDXEUR
2026-01-09 18:00:00;11672.909;11686.901;11668.093;11677.007;0.1422;GBR.IDXEUR
2026-01-09 19:00:00;11677.498;11682.402;11667.012;11681.299;0.109224;GBR.IDXEUR
2026-01-09 20:00:00;11681.03;11685.292;11671.372;11683.708;0.094032;GBR.IDXEUR
2026-01-11 23:00:00;11661.861;11677.966;11660.123;11675.385;0.039648;GBR.IDXEUR
2026-01-12 00:00:00;11675.387;11675.734;11653.769;11655.601;0.103992;GBR.IDXEUR
2026-01-12 01:00:00;11665.651;11665.651;11637.886;11650.154;0.0804;GBR.IDXEUR
2026-01-12 02:00:00;11650.289;11650.289;11638.217;11645.671;0.045696;GBR.IDXEUR
2026-01-12 03:00:00;11645.671;11651.085;11643.407;11650.28;0.029088;GBR.IDXEUR
2026-01-12 04:00:00;11650.28;11652.064;11646.598;11649.526;0.023016;GBR.IDXEUR
2026-01-12 05:00:00;11649.794;11650.356;11640.114;11641.489;0.035328;GBR.IDXEUR
2026-01-12 06:00:00;11640.937;11651.755;11640.913;11648.142;0.034392;GBR.IDXEUR
2026-01-12 07:00:00;11648.008;11650.357;11624.279;11628.42;0.169104;GBR.IDXEUR
2026-01-12 08:00:00;11629.615;11648.876;11616.242;11645.886;0.357696;GBR.IDXEUR
2026-01-12 09:00:00;11645.618;11668.941;11641.128;11667.416;0.268128;GBR.IDXEUR
2026-01-12 10:00:00;11667.551;11670.89;11647.568;11670.437;0.202536;GBR.IDXEUR
2026-01-12 11:00:00;11670.896;11677.22;11662.164;11667.385;0.1836;GBR.IDXEUR
2026-01-12 12:00:00;11666.847;11688.497;11664.918;11686.597;0.173304;GBR.IDXEUR
2026-01-12 13:00:00;11685.924;11689.717;11670.189;11684.311;0.271296;GBR.IDXEUR
2026-01-12 14:00:00;11684.311;11708.079;11668.343;11704.942;0.389736;GBR.IDXEUR
2026-01-12 15:00:00;11705.212;11710.018;11693.357;11705.039;0.303408;GBR.IDXEUR
2026-01-12 16:00:00;11704.904;11710.685;11690.274;11693.305;0.226296;GBR.IDXEUR
2026-01-12 17:00:00;11693.171;11693.305;11680.139;11683.301;0.186408;GBR.IDXEUR
2026-01-12 18:00:00;11683.301;11687.166;11678.716;11685.118;0.113472;GBR.IDXEUR
2026-01-12 19:00:00;11685.509;11698.156;11683.115;11697.232;0.081864;GBR.IDXEUR
2026-01-12 20:00:00;11697.232;11713.477;11689.418;11712.337;0.117504;GBR.IDXEUR
2026-01-12 21:00:00;11712.472;11713.025;11708.463;11708.931;0.019536;GBR.IDXEUR
2026-01-12 23:00:00;11702.546;11705.378;11697.338;11699.139;0.036144;GBR.IDXEUR
2026-01-13 00:00:00;11699.041;11712.401;11697.486;11712.11;0.03852;GBR.IDXEUR
2026-01-13 01:00:00;11710.745;11717.575;11703.805;11711.878;0.04284;GBR.IDXEUR
2026-01-13 02:00:00;11711.743;11725.925;11711.373;11716.266;0.036552;GBR.IDXEUR
2026-01-13 03:00:00;11715.995;11719.606;11713.286;11716.111;0.024936;GBR.IDXEUR
2026-01-13 04:00:00;11716.458;11720.451;11710.716;11713.931;0.023904;GBR.IDXEUR
2026-01-13 05:00:00;11713.66;11723.772;11708.177;11722.786;0.028488;GBR.IDXEUR
2026-01-13 06:00:00;11722.921;11723.015;11708.471;11713.417;0.040872;GBR.IDXEUR
2026-01-13 07:00:00;11714.447;11716.619;11704.878;11707.016;0.142104;GBR.IDXEUR
2026-01-13 08:00:00;11706.881;11721.653;11700.597;11714.396;0.28512;GBR.IDXEUR
2026-01-13 09:00:00;11714.26;11722.696;11703.837;11721.161;0.211392;GBR.IDXEUR
2026-01-13 10:00:00;11720.254;11720.412;11701.364;11713.271;0.167472;GBR.IDXEUR
2026-01-13 11:00:00;11713.841;11717.435;11696.5;11698.202;0.14184;GBR.IDXEUR
2026-01-13 12:00:00;11698.412;11717.055;11697.507;11715.689;0.162864;GBR.IDXEUR
2026-01-13 13:00:00;11715.554;11719.768;11686.813;11688.735;0.407088;GBR.IDXEUR
2026-01-13 14:00:00;11689.005;11702.263;11671.807;11673.116;0.374688;GBR.IDXEUR
2026-01-13 15:00:00;11674.039;11703.525;11647.513;11702.619;0.393192;GBR.IDXEUR
2026-01-13 16:00:00;11702.619;11706.377;11684.682;11705.702;0.275184;GBR.IDXEUR
2026-01-13 17:00:00;11706.289;11712.186;11698.295;11700.252;0.19116;GBR.IDXEUR
2026-01-13 18:00:00;11700.117;11704.651;11688.995;11696.669;0.156888;GBR.IDXEUR
2026-01-13 19:00:00;11696.527;11705.757;11686.403;11705.622;0.156312;GBR.IDXEUR
2026-01-13 20:00:00;11705.487;11706.639;11689.519;11702.966;0.140184;GBR.IDXEUR
2026-01-13 21:00:00;11702.831;11703.097;11699.737;11700.595;0.020568;GBR.IDXEUR
2026-01-13 23:00:00;11696.555;11699.484;11695.006;11698.567;0.025416;GBR.IDXEUR
2026-01-14 00:00:00;11698.567;11703.287;11695.951;11700.62;0.041904;GBR.IDXEUR
2026-01-14 01:00:00;11702.698;11712.061;11701.822;11705.789;0.043848;GBR.IDXEUR
2026-01-14 02:00:00;11706.124;11714.614;11700.555;11711.753;0.034032;GBR.IDXEUR
2026-01-14 03:00:00;11711.888;11722.396;11710.914;11721.402;0.029376;GBR.IDXEUR
2026-01-14 04:00:00;11721.773;11722.788;11710.831;11713.662;0.021648;GBR.IDXEUR
2026-01-14 05:00:00;11713.662;11714.269;11703.48;11703.751;0.027048;GBR.IDXEUR
2026-01-14 06:00:00;11703.615;11712.93;11696.51;11712.695;0.039072;GBR.IDXEUR
2026-01-14 07:00:00;11712.831;11726.292;11712.722;11722.801;0.116688;GBR.IDXEUR
2026-01-14 08:00:00;11723.385;11744.847;11714.997;11739.953;0.353088;GBR.IDXEUR
2026-01-14 09:00:00;11740.224;11742.884;11728.85;11738.863;0.214272;GBR.IDXEUR
2026-01-14 10:00:00;11738.863;11748.664;11733.939;11739.249;0.238104;GBR.IDXEUR
2026-01-14 11:00:00;11738.868;11746.841;11726.426;11743.105;0.215568;GBR.IDXEUR
2026-01-14 12:00:00;11742.97;11752.427;11732.994;11742.146;0.2682;GBR.IDXEUR
2026-01-14 13:00:00;11742.011;11747.733;11727.378;11729.456;0.303336;GBR.IDXEUR
2026-01-14 14:00:00;11729.591;11750.718;11725.646;11732.37;0.375192;GBR.IDXEUR
2026-01-14 15:00:00;11732.235;11740.263;11717.285;11738.834;0.403272;GBR.IDXEUR
2026-01-14 16:00:00;11739.079;11745.377;11722.292;11732.146;0.32616;GBR.IDXEUR
2026-01-14 17:00:00;11732.146;11742.904;11729.574;11737.183;0.262296;GBR.IDXEUR
2026-01-14 18:00:00;11736.623;11775.287;11734.786;11775.069;0.23796;GBR.IDXEUR
2026-01-14 19:00:00;11775.205;11792.316;11772.558;11791.937;0.172872;GBR.IDXEUR
2026-01-14 20:00:00;11791.801;11794.863;11769.511;11792.236;0.248112;GBR.IDXEUR
2026-01-14 21:00:00;11792.236;11794.015;11785.315;11790.81;0.03648;GBR.IDXEUR
2026-01-14 23:00:00;11783.117;11790.893;11777.817;11788.417;0.0492;GBR.IDXEUR
2026-01-15 00:00:00;11788.34;11790.934;11782.625;11790.526;0.040728;GBR.IDXEUR
2026-01-15 01:00:00;11791.572;11808.601;11788.295;11808.294;0.061824;GBR.IDXEUR
2026-01-15 02:00:00;11808.654;11808.668;11792.598;11797.636;0.045192;GBR.IDXEUR
2026-01-15 03:00:00;11797.5;11801.02;11783.748;11789.04;0.04176;GBR.IDXEUR
2026-01-15 04:00:00;11788.411;11799.427;11788.024;11795.948;0.024432;GBR.IDXEUR
2026-01-15 05:00:00;11795.762;11808.698;11792.653;11795.723;0.032928;GBR.IDXEUR
2026-01-15 06:00:00;11795.451;11805.104;11784.789;11797.29;0.061224;GBR.IDXEUR
2026-01-15 07:00:00;11797.356;11805.778;11788.252;11791.815;0.206016;GBR.IDXEUR
2026-01-15 08:00:00;11791.308;11792.433;11748.934;11781.405;0.335736;GBR.IDXEUR
2026-01-15 09:00:00;11781.269;11817.656;11780.449;11807.056;0.283968;GBR.IDXEUR
2026-01-15 10:00:00;11806.719;11817.981;11801.746;11804.727;0.19188;GBR.IDXEUR
2026-01-15 11:00:00;11804.541;11809.111;11796.157;11802.743;0.191736;GBR.IDXEUR
2026-01-15 12:00:00;11802.607;11808.534;11793.238;11799.625;0.188208;GBR.IDXEUR
2026-01-15 13:00:00;11799.489;11801.261;11783.893;11800.521;0.360864;GBR.IDXEUR
2026-01-15 14:00:00;11800.521;11810.998;11785.718;11810.482;0.425376;GBR.IDXEUR
2026-01-15 15:00:00;11810.709;11826.817;11795.357;11824.034;0.384552;GBR.IDXEUR
2026-01-15 16:00:00;11824.262;11829.052;11801.547;11804.76;0.27144;GBR.IDXEUR
2026-01-15 17:00:00;11804.624;11808.57;11788.373;11792.268;0.173088;GBR.IDXEUR
2026-01-15 18:00:00;11791.16;11811.748;11790.49;11802.788;0.135936;GBR.IDXEUR
2026-01-15 19:00:00;11802.858;11808.758;11794.752;11795.454;0.173016;GBR.IDXEUR
2026-01-15 20:00:00;11795.115;11795.468;11777.241;11784.952;0.170568;GBR.IDXEUR
2026-01-15 21:00:00;11784.952;11786.772;11782.465;11782.675;0.025608;GBR.IDXEUR
2026-01-15 23:00:00;11786.582;11791.069;11783.52;11789.352;0.028128;GBR.IDXEUR
2026-01-16 00:00:00;11789.552;11794.077;11785.599;11792.138;0.045312;GBR.IDXEUR
2026-01-16 01:00:00;11791.701;11803.043;11783.193;11794.017;0.036072;GBR.IDXEUR
2026-01-16 02:00:00;11794.153;11795.379;11789.758;11790.599;0.036576;GBR.IDXEUR
2026-01-16 03:00:00;11790.685;11801.635;11790.352;11796.395;0.024408;GBR.IDXEUR
2026-01-16 04:00:00;11796.395;11803.413;11793.0;11802.676;0.017832;GBR.IDXEUR
2026-01-16 05:00:00;11802.812;11805.328;11800.376;11800.888;0.0246;GBR.IDXEUR
2026-01-16 06:00:00;11800.343;11801.468;11790.73;11795.75;0.02676;GBR.IDXEUR
2026-01-16 07:00:00;11796.022;11800.086;11782.768;11789.119;0.145776;GBR.IDXEUR
2026-01-16 08:00:00;11789.454;11796.831;11777.281;11786.411;0.278136;GBR.IDXEUR
2026-01-16 09:00:00;11787.026;11821.87;11786.893;11815.621;0.228456;GBR.IDXEUR
2026-01-16 10:00:00;11815.758;11843.637;11812.803;11824.808;0.219672;GBR.IDXEUR
2026-01-16 11:00:00;11824.462;11832.58;11806.505;11808.551;0.163584;GBR.IDXEUR
2026-01-16 12:00:00;11808.278;11813.913;11801.593;11803.201;0.238392;GBR.IDXEUR
2026-01-16 13:00:00;11803.337;11808.878;11791.443;11793.058;0.248184;GBR.IDXEUR
2026-01-16 14:00:00;11794.093;11809.64;11784.357;11784.357;0.339336;GBR.IDXEUR
2026-01-16 15:00:00;11784.222;11800.603;11780.315;11798.979;0.49068;GBR.IDXEUR
2026-01-16 16:00:00;11798.57;11820.444;11792.042;11816.954;0.342792;GBR.IDXEUR
2026-01-16 17:00:00;11816.545;11821.074;11806.16;11818.346;0.192168;GBR.IDXEUR
2026-01-16 18:00:00;11817.982;11835.922;11817.245;11829.246;0.149112;GBR.IDXEUR
2026-01-16 19:00:00;11829.599;11839.064;11819.71;11833.077;0.140112;GBR.IDXEUR
2026-01-16 20:00:00;11833.077;11837.799;11820.72;11829.044;0.101376;GBR.IDXEUR
2026-01-16 21:00:00;11829.044;11829.292;11828.746;11828.746;0.00036;GBR.IDXEUR
2026-01-18 23:00:00;11773.639;11781.213;11756.294;11765.558;0.142848;GBR.IDXEUR
2026-01-19 00:00:00;11765.446;11767.541;11730.458;11730.698;0.155664;GBR.IDXEUR
2026-01-19 01:00:00;11696.86;11727.019;11690.342;11712.689;0.091704;GBR.IDXEUR
2026-01-19 02:00:00;11712.419;11738.853;11712.419;11738.701;0.06312;GBR.IDXEUR
2026-01-19 03:00:00;11738.43;11739.507;11729.179;11735.57;0.047304;GBR.IDXEUR
2026-01-19 04:00:00;11735.705;11736.661;11725.402;11728.386;0.033048;GBR.IDXEUR
2026-01-19 05:00:00;11728.386;11734.442;11715.016;11732.697;0.059232;GBR.IDXEUR
2026-01-19 06:00:00;11732.561;11739.804;11722.544;11724.382;0.055824;GBR.IDXEUR
2026-01-19 07:00:00;11724.481;11727.245;11702.426;11722.976;0.242808;GBR.IDXEUR
2026-01-19 08:00:00;11722.714;11793.477;11718.88;11780.96;0.41148;GBR.IDXEUR
2026-01-19 09:00:00;11780.73;11786.32;11726.337;11741.193;0.334656;GBR.IDXEUR
2026-01-19 10:00:00;11741.193;11753.013;11727.107;11729.768;0.245016;GBR.IDXEUR
2026-01-19 11:00:00;11729.768;11750.546;11726.361;11744.363;0.2034;GBR.IDXEUR
2026-01-19 12:00:00;11743.99;11754.887;11729.203;11752.917;0.191088;GBR.IDXEUR
2026-01-19 13:00:00;11752.71;11767.504;11748.245;11762.332;0.169416;GBR.IDXEUR
2026-01-19 14:00:00;11762.604;11770.755;11748.0;11765.215;0.20448;GBR.IDXEUR
2026-01-19 15:00:00;11764.944;11778.187;11758.707;11761.664;0.290592;GBR.IDXEUR
2026-01-19 16:00:00;11762.251;11773.18;11749.025;11750.149;0.2016;GBR.IDXEUR
2026-01-19 17:00:00;11750.926;11756.028;11743.853;11749.513;0.09648;GBR.IDXEUR
2026-01-19 18:00:00;11749.817;11752.118;11744.153;11747.276;0.038088;GBR.IDXEUR
2026-01-19 19:00:00;11747.14;11747.323;11741.347;11742.043;0.031824;GBR.IDXEUR
2026-01-19 20:00:00;11741.708;11742.84;11738.992;11740.046;0.037728;GBR.IDXEUR
2026-01-19 21:00:00;11739.7;11739.7;11739.7;11739.7;7.2e-05;GBR.IDXEUR
2026-01-19 23:00:00;11737.538;11738.294;11728.295;11730.984;0.039888;GBR.IDXEUR
2026-01-20 00:00:00;11731.074;11731.775;11716.188;11727.381;0.076872;GBR.IDXEUR
2026-01-20 01:00:00;11735.862;11745.553;11734.851;11740.716;0.0552;GBR.IDXEUR
2026-01-20 02:00:00;11741.289;11742.809;11724.466;11731.792;0.037368;GBR.IDXEUR
2026-01-20 03:00:00;11731.656;11731.817;11724.462;11729.257;0.040152;GBR.IDXEUR
2026-01-20 04:00:00;11729.122;11731.531;11718.689;11720.58;0.036216;GBR.IDXEUR
2026-01-20 05:00:00;11720.488;11728.546;11717.128;11722.599;0.040032;GBR.IDXEUR
2026-01-20 06:00:00;11721.653;11722.51;11674.072;11684.593;0.065208;GBR.IDXEUR
2026-01-20 07:00:00;11684.458;11689.294;11664.6;11679.977;0.324432;GBR.IDXEUR
2026-01-20 08:00:00;11679.977;11682.046;11594.062;11597.252;0.508608;GBR.IDXEUR
2026-01-20 09:00:00;11597.519;11600.476;11548.658;11553.388;0.457344;GBR.IDXEUR
2026-01-20 10:00:00;11553.255;11598.38;11546.267;11574.596;0.377208;GBR.IDXEUR
2026-01-20 11:00:00;11574.33;11586.291;11561.787;11572.501;0.311112;GBR.IDXEUR
2026-01-20 12:00:00;11572.133;11588.711;11555.688;11588.141;0.323856;GBR.IDXEUR
2026-01-20 13:00:00;11588.274;11591.302;11545.508;11556.607;0.4176;GBR.IDXEUR
2026-01-20 14:00:00;11556.368;11598.466;11554.677;11586.13;0.539928;GBR.IDXEUR
2026-01-20 15:00:00;11586.263;11620.52;11578.374;11603.864;0.489816;GBR.IDXEUR
2026-01-20 16:00:00;11603.731;11624.169;11595.622;11621.21;0.455256;GBR.IDXEUR
2026-01-20 17:00:00;11620.882;11623.709;11590.421;11595.491;0.376344;GBR.IDXEUR
2026-01-20 18:00:00;11595.491;11609.587;11576.821;11583.607;0.258912;GBR.IDXEUR
2026-01-20 19:00:00;11583.475;11589.182;11569.276;11583.845;0.324288;GBR.IDXEUR
2026-01-20 20:00:00;11583.845;11585.331;11570.036;11575.269;0.274392;GBR.IDXEUR
2026-01-20 21:00:00;11575.534;11582.06;11573.868;11581.497;0.025704;GBR.IDXEUR
2026-01-20 23:00:00;11578.886;11585.724;11569.422;11571.86;0.047904;GBR.IDXEUR
2026-01-21 00:00:00;11571.992;11587.67;11571.992;11586.087;0.064368;GBR.IDXEUR
2026-01-21 01:00:00;11585.681;11601.532;11584.273;11596.715;0.062208;GBR.IDXEUR
2026-01-21 02:00:00;11597.039;11599.773;11587.782;11591.522;0.046872;GBR.IDXEUR
2026-01-21 03:00:00;11592.053;11611.216;11590.238;11603.931;0.054744;GBR.IDXEUR
2026-01-21 04:00:00;11603.836;11605.116;11595.515;11596.529;0.03744;GBR.IDXEUR
2026-01-21 05:00:00;11596.13;11606.498;11594.08;11598.975;0.032472;GBR.IDXEUR
2026-01-21 06:00:00;11598.655;11601.089;11583.895;11583.895;0.043872;GBR.IDXEUR
2026-01-21 07:00:00;11584.16;11628.143;11584.16;11611.043;0.240672;GBR.IDXEUR
2026-01-21 08:00:00;11610.663;11631.062;11605.382;11618.808;0.384912;GBR.IDXEUR
2026-01-21 09:00:00;11618.674;11629.747;11584.549;11586.404;0.308592;GBR.IDXEUR
2026-01-21 10:00:00;11587.683;11600.146;11575.156;11581.811;0.239328;GBR.IDXEUR
2026-01-21 11:00:00;11582.168;11586.585;11553.102;11554.165;0.28692;GBR.IDXEUR
2026-01-21 12:00:00;11554.359;11575.194;11543.508;11562.712;0.29268;GBR.IDXEUR
2026-01-21 13:00:00;11562.448;11591.04;11555.652;11587.091;0.364032;GBR.IDXEUR
2026-01-21 14:00:00;11587.489;11657.633;11577.618;11652.355;0.653616;GBR.IDXEUR
2026-01-21 15:00:00;11652.911;11663.245;11633.192;11647.338;0.48564;GBR.IDXEUR
2026-01-21 16:00:00;11647.472;11648.452;11613.945;11616.192;0.469728;GBR.IDXEUR
2026-01-21 17:00:00;11616.326;11641.464;11586.517;11640.583;0.493056;GBR.IDXEUR
2026-01-21 18:00:00;11639.914;11663.199;11617.693;11659.372;0.358416;GBR.IDXEUR
2026-01-21 19:00:00;11659.238;11737.352;11645.171;11735.963;0.493776;GBR.IDXEUR
2026-01-21 20:00:00;11735.559;11737.825;11712.873;11726.4;0.328464;GBR.IDXEUR
2026-01-21 21:00:00;11726.669;11733.453;11721.905;11732.743;0.02424;GBR.IDXEUR
2026-01-21 23:00:00;11744.035;11754.763;11741.716;11748.114;0.048432;GBR.IDXEUR
2026-01-22 00:00:00;11748.476;11749.958;11738.806;11741.633;0.073584;GBR.IDXEUR
2026-01-22 01:00:00;11741.385;11750.991;11738.432;11744.364;0.053808;GBR.IDXEUR
2026-01-22 02:00:00;11744.634;11744.651;11730.251;11738.276;0.033072;GBR.IDXEUR
2026-01-22 03:00:00;11738.141;11749.114;11738.141;11748.867;0.020448;GBR.IDXEUR
2026-01-22 04:00:00;11748.732;11748.867;11738.996;11745.26;0.025368;GBR.IDXEUR
2026-01-22 05:00:00;11744.894;11744.894;11733.996;11737.166;0.028368;GBR.IDXEUR
2026-01-22 06:00:00;11737.497;11739.649;11720.091;11734.399;0.048288;GBR.IDXEUR
2026-01-22 07:00:00;11734.399;11740.631;11718.535;11728.265;0.189384;GBR.IDXEUR
2026-01-22 08:00:00;11728.4;11738.414;11716.71;11721.221;0.38052;GBR.IDXEUR
2026-01-22 09:00:00;11721.087;11758.337;11718.799;11755.619;0.249624;GBR.IDXEUR
2026-01-22 10:00:00;11756.058;11762.091;11729.232;11730.184;0.21708;GBR.IDXEUR
2026-01-22 11:00:00;11729.779;11738.295;11649.49;11654.302;0.414072;GBR.IDXEUR
2026-01-22 12:00:00;11654.435;11698.307;11648.469;11671.186;0.306792;GBR.IDXEUR
2026-01-22 13:00:00;11671.186;11689.107;11654.834;11678.957;0.350208;GBR.IDXEUR
2026-01-22 14:00:00;11679.155;11708.249;11665.112;11670.076;0.441072;GBR.IDXEUR
2026-01-22 15:00:00;11670.277;11684.223;11642.727;11675.12;0.450072;GBR.IDXEUR
2026-01-22 16:00:00;11675.254;11685.323;11652.818;11653.814;0.322128;GBR.IDXEUR
2026-01-22 17:00:00;11653.948;11664.367;11650.146;11662.911;0.24804;GBR.IDXEUR
2026-01-22 18:00:00;11663.045;11666.165;11653.874;11659.715;0.164664;GBR.IDXEUR
2026-01-22 19:00:00;11659.715;11666.532;11647.173;11650.006;0.161784;GBR.IDXEUR
2026-01-22 20:00:00;11650.006;11661.703;11648.012;11654.34;0.182664;GBR.IDXEUR
2026-01-22 21:00:00;11654.474;11658.604;11649.343;11654.308;0.02352;GBR.IDXEUR
2026-01-22 23:00:00;11646.372;11651.097;11641.052;11647.616;0.042816;GBR.IDXEUR
2026-01-23 00:00:00;11647.39;11659.109;11645.336;11658.828;0.046248;GBR.IDXEUR
2026-01-23 01:00:00;11658.312;11669.233;11656.829;11661.642;0.05808;GBR.IDXEUR
2026-01-23 02:00:00;11661.91;11662.478;11656.561;11658.347;0.035088;GBR.IDXEUR
2026-01-23 03:00:00;11657.945;11663.906;11657.945;11661.491;0.034872;GBR.IDXEUR
2026-01-23 04:00:00;11661.272;11668.357;11659.754;11664.25;0.02784;GBR.IDXEUR
2026-01-23 05:00:00;11664.116;11669.73;11663.373;11668.567;0.02772;GBR.IDXEUR
2026-01-23 06:00:00;11668.433;11674.711;11659.193;11662.749;0.057672;GBR.IDXEUR
2026-01-23 07:00:00;11662.366;11678.128;11657.386;11676.854;0.233472;GBR.IDXEUR
2026-01-23 08:00:00;11676.854;11710.216;11655.144;11682.439;0.394416;GBR.IDXEUR
2026-01-23 09:00:00;11682.439;11713.147;11681.305;11704.48;0.377856;GBR.IDXEUR
2026-01-23 10:00:00;11704.21;11706.552;11687.186;11704.597;0.272808;GBR.IDXEUR
2026-01-23 11:00:00;11704.327;11714.784;11690.168;11706.373;0.270072;GBR.IDXEUR
2026-01-23 12:00:00;11706.508;11716.766;11696.795;11712.629;0.215856;GBR.IDXEUR
2026-01-23 13:00:00;11712.359;11716.551;11692.206;11705.172;0.265824;GBR.IDXEUR
2026-01-23 14:00:00;11705.037;11708.801;11676.926;11690.16;0.309816;GBR.IDXEUR
2026-01-23 15:00:00;11690.025;11705.313;11685.794;11697.653;0.36792;GBR.IDXEUR
2026-01-23 16:00:00;11697.923;11719.264;11686.044;11698.356;0.391248;GBR.IDXEUR
2026-01-23 17:00:00;11698.491;11702.038;11672.204;11674.609;0.449064;GBR.IDXEUR
2026-01-23 18:00:00;11674.829;11704.391;11674.087;11702.009;0.354096;GBR.IDXEUR
2026-01-23 19:00:00;11701.595;11715.534;11700.993;11703.682;0.235224;GBR.IDXEUR
2026-01-23 20:00:00;11703.547;11709.463;11692.877;11708.436;0.23832;GBR.IDXEUR
2026-01-23 21:00:00;11708.301;11708.785;11708.301;11708.38;0.000504;GBR.IDXEUR
2026-01-25 23:00:00;11615.615;11668.378;11615.476;11666.916;0.142128;GBR.IDXEUR
2026-01-26 00:00:00;11667.167;11675.387;11662.851;11673.667;0.142392;GBR.IDXEUR
2026-01-26 01:00:00;11659.516;11684.912;11657.466;11670.865;0.107688;GBR.IDXEUR
2026-01-26 02:00:00;11671.136;11673.268;11662.339;11663.813;0.073632;GBR.IDXEUR
2026-01-26 03:00:00;11663.947;11673.631;11663.176;11671.147;0.05856;GBR.IDXEUR
2026-01-26 04:00:00;11671.38;11678.55;11668.351;11677.129;0.046392;GBR.IDXEUR
2026-01-26 05:00:00;11676.773;11677.042;11668.435;11672.38;0.046536;GBR.IDXEUR
2026-01-26 06:00:00;11672.572;11688.057;11671.663;11684.645;0.069;GBR.IDXEUR
2026-01-26 07:00:00;11685.049;11710.281;11673.906;11709.609;0.26124;GBR.IDXEUR
2026-01-26 08:00:00;11709.339;11730.072;11683.471;11687.374;0.467712;GBR.IDXEUR
2026-01-26 09:00:00;11687.374;11700.087;11666.109;11679.431;0.370656;GBR.IDXEUR
2026-01-26 10:00:00;11679.661;11713.047;11676.36;11687.772;0.278784;GBR.IDXEUR
2026-01-26 11:00:00;11688.394;11709.356;11687.979;11705.782;0.225144;GBR.IDXEUR
2026-01-26 12:00:00;11705.992;11719.843;11703.013;11715.432;0.239184;GBR.IDXEUR
2026-01-26 13:00:00;11715.432;11717.984;11691.681;11707.727;0.271656;GBR.IDXEUR
2026-01-26 14:00:00;11707.862;11738.126;11707.862;11726.908;0.38196;GBR.IDXEUR
2026-01-26 15:00:00;11727.043;11743.709;11699.607;11709.729;0.4284;GBR.IDXEUR
2026-01-26 16:00:00;11709.324;11713.79;11689.672;11701.395;0.391104;GBR.IDXEUR
2026-01-26 17:00:00;11701.126;11719.126;11696.084;11712.952;0.2232;GBR.IDXEUR
2026-01-26 18:00:00;11713.577;11719.092;11703.945;11713.222;0.184464;GBR.IDXEUR
2026-01-26 19:00:00;11713.087;11715.687;11691.942;11694.441;0.212328;GBR.IDXEUR
2026-01-26 20:00:00;11694.306;11702.477;11688.263;11691.314;0.156168;GBR.IDXEUR
2026-01-26 21:00:00;11691.314;11691.751;11686.115;11690.731;0.028008;GBR.IDXEUR
2026-01-26 23:00:00;11686.45;11695.804;11681.245;11693.323;0.03816;GBR.IDXEUR
2026-01-27 00:00:00;11693.458;11693.458;11687.945;11690.93;0.049368;GBR.IDXEUR
2026-01-27 01:00:00;11691.637;11707.823;11691.637;11706.482;0.057936;GBR.IDXEUR
2026-01-27 02:00:00;11706.154;11714.493;11704.38;11713.034;0.052536;GBR.IDXEUR
2026-01-27 03:00:00;11713.169;11715.021;11707.913;11712.492;0.043776;GBR.IDXEUR
2026-01-27 04:00:00;11712.715;11721.97;11710.119;11717.742;0.039984;GBR.IDXEUR
2026-01-27 05:00:00;11717.877;11731.442;11713.09;11729.175;0.034176;GBR.IDXEUR
2026-01-27 06:00:00;11729.445;11738.031;11729.175;11734.525;0.050304;GBR.IDXEUR
2026-01-27 07:00:00;11734.66;11755.574;11733.782;11746.941;0.222288;GBR.IDXEUR
2026-01-27 08:00:00;11744.722;11745.233;11712.462;11726.898;0.37476;GBR.IDXEUR
2026-01-27 09:00:00;11726.628;11740.397;11717.004;11733.709;0.29124;GBR.IDXEUR
2026-01-27 10:00:00;11733.304;11763.608;11730.638;11758.082;0.2898;GBR.IDXEUR
2026-01-27 11:00:00;11757.947;11768.643;11742.882;11744.583;0.219312;GBR.IDXEUR
2026-01-27 12:00:00;11744.718;11750.145;11731.111;11741.657;0.397008;GBR.IDXEUR
2026-01-27 13:00:00;11741.522;11778.276;11738.38;11777.138;0.403488;GBR.IDXEUR
2026-01-27 14:00:00;11777.409;11786.119;11748.398;11767.809;0.463104;GBR.IDXEUR
2026-01-27 15:00:00;11767.945;11769.981;11735.525;11762.666;0.501768;GBR.IDXEUR
2026-01-27 16:00:00;11762.083;11765.545;11719.626;11719.761;0.409032;GBR.IDXEUR
2026-01-27 17:00:00;11720.03;11732.772;11715.746;11718.933;0.326376;GBR.IDXEUR
2026-01-27 18:00:00;11718.799;11727.639;11706.973;11723.655;0.252;GBR.IDXEUR
2026-01-27 19:00:00;11723.415;11740.53;11721.877;11734.721;0.171144;GBR.IDXEUR
2026-01-27 20:00:00;11734.352;11749.107;11684.697;11719.392;0.40536;GBR.IDXEUR
2026-01-27 21:00:00;11718.445;11719.526;11704.821;11707.374;0.053664;GBR.IDXEUR
2026-01-27 23:00:00;11714.607;11724.215;11714.204;11720.337;0.053232;GBR.IDXEUR
2026-01-28 00:00:00;11720.455;11734.327;11720.216;11727.57;0.075888;GBR.IDXEUR
2026-01-28 01:00:00;11726.531;11736.996;11717.216;11725.849;0.075456;GBR.IDXEUR
2026-01-28 02:00:00;11726.051;11736.308;11717.737;11733.526;0.051504;GBR.IDXEUR
2026-01-28 03:00:00;11733.931;11744.159;11733.687;11739.338;0.041952;GBR.IDXEUR
2026-01-28 04:00:00;11739.338;11748.639;11737.326;11745.932;0.030504;GBR.IDXEUR
2026-01-28 05:00:00;11746.493;11770.215;11745.109;11758.028;0.065664;GBR.IDXEUR
2026-01-28 06:00:00;11757.893;11775.289;11757.083;11761.318;0.065688;GBR.IDXEUR
2026-01-28 07:00:00;11761.454;11762.019;11735.27;11756.697;0.277152;GBR.IDXEUR
2026-01-28 08:00:00;11756.697;11768.304;11726.232;11728.582;0.446688;GBR.IDXEUR
2026-01-28 09:00:00;11728.717;11730.989;11698.435;11703.473;0.3258;GBR.IDXEUR
2026-01-28 10:00:00;11702.285;11709.932;11688.158;11688.199;0.258264;GBR.IDXEUR
2026-01-28 11:00:00;11688.199;11705.957;11684.103;11687.166;0.265896;GBR.IDXEUR
2026-01-28 12:00:00;11687.508;11697.927;11679.87;11681.283;0.330192;GBR.IDXEUR
2026-01-28 13:00:00;11681.417;11706.524;11678.69;11705.146;0.330408;GBR.IDXEUR
2026-01-28 14:00:00;11705.012;11727.756;11702.574;11721.884;0.446184;GBR.IDXEUR
2026-01-28 15:00:00;11722.019;11748.752;11702.889;11742.624;0.69228;GBR.IDXEUR
2026-01-28 16:00:00;11742.759;11744.676;11704.653;11710.422;0.44424;GBR.IDXEUR
2026-01-28 17:00:00;11710.287;11728.36;11710.287;11713.354;0.246168;GBR.IDXEUR
2026-01-28 18:00:00;11713.76;11730.104;11711.453;11720.456;0.242712;GBR.IDXEUR
2026-01-28 19:00:00;11730.616;11740.28;11715.737;11720.166;0.586224;GBR.IDXEUR
2026-01-28 20:00:00;11720.572;11746.795;11718.941;11730.813;0.336816;GBR.IDXEUR
2026-01-28 21:00:00;11730.678;11737.36;11704.099;11734.84;0.105528;GBR.IDXEUR
2026-01-28 23:00:00;11735.773;11739.789;11710.853;11711.877;0.121392;GBR.IDXEUR
2026-01-29 00:00:00;11711.765;11723.485;11701.5;11722.714;0.1446;GBR.IDXEUR
2026-01-29 01:00:00;11728.934;11729.34;11704.543;11726.838;0.078504;GBR.IDXEUR
2026-01-29 02:00:00;11726.973;11743.34;11724.541;11735.791;0.073488;GBR.IDXEUR
2026-01-29 03:00:00;11736.406;11755.825;11736.047;11751.812;0.056448;GBR.IDXEUR
2026-01-29 04:00:00;11751.812;11766.948;11748.961;11764.255;0.058056;GBR.IDXEUR
2026-01-29 05:00:00;11764.391;11771.694;11757.611;11765.798;0.050616;GBR.IDXEUR
2026-01-29 06:00:00;11765.934;11780.738;11764.095;11769.634;0.067776;GBR.IDXEUR
2026-01-29 07:00:00;11769.498;11786.562;11757.674;11786.562;0.274368;GBR.IDXEUR
2026-01-29 08:00:00;11787.346;11818.371;11774.218;11790.219;0.48816;GBR.IDXEUR
2026-01-29 09:00:00;11790.083;11799.491;11771.366;11772.419;0.356328;GBR.IDXEUR
2026-01-29 10:00:00;11772.198;11779.649;11761.426;11762.792;0.308592;GBR.IDXEUR
2026-01-29 11:00:00;11762.572;11808.373;11759.112;11808.373;0.282096;GBR.IDXEUR
2026-01-29 12:00:00;11808.051;11821.86;11804.961;11814.143;0.268704;GBR.IDXEUR
2026-01-29 13:00:00;11814.279;11856.043;11807.715;11847.449;0.389952;GBR.IDXEUR
2026-01-29 14:00:00;11847.585;11883.193;11817.538;11817.888;0.50832;GBR.IDXEUR
2026-01-29 15:00:00;11818.697;11826.591;11737.566;11745.502;0.931104;GBR.IDXEUR
2026-01-29 16:00:00;11745.749;11763.308;11724.136;11735.803;0.709848;GBR.IDXEUR
2026-01-29 17:00:00;11736.37;11774.233;11734.753;11742.58;0.484992;GBR.IDXEUR
2026-01-29 18:00:00;11743.157;11772.655;11734.319;11759.408;0.440352;GBR.IDXEUR
2026-01-29 19:00:00;11759.177;11789.941;11753.79;11771.914;0.334656;GBR.IDXEUR
2026-01-29 20:00:00;11772.05;11787.511;11766.586;11783.997;0.25524;GBR.IDXEUR
2026-01-29 21:00:00;11783.861;11784.111;11775.368;11777.966;0.03588;GBR.IDXEUR
2026-01-29 23:00:00;11782.74;11783.256;11759.271;11776.816;0.090552;GBR.IDXEUR
2026-01-30 00:00:00;11776.959;11785.959;11772.489;11779.329;0.151392;GBR.IDXEUR
2026-01-30 01:00:00;11786.14;11789.676;11765.474;11778.724;0.12972;GBR.IDXEUR
2026-01-30 02:00:00;11778.996;11784.563;11758.461;11776.581;0.150984;GBR.IDXEUR
2026-01-30 03:00:00;11776.173;11784.167;11759.791;11759.822;0.08712;GBR.IDXEUR
2026-01-30 04:00:00;11759.958;11766.389;11750.556;11754.335;0.05868;GBR.IDXEUR
2026-01-30 05:00:00;11754.606;11758.213;11740.534;11742.968;0.07032;GBR.IDXEUR
2026-01-30 06:00:00;11743.103;11744.298;11727.426;11730.517;0.103272;GBR.IDXEUR
2026-01-30 07:00:00;11730.111;11742.309;11698.831;11698.831;0.32892;GBR.IDXEUR
2026-01-30 08:00:00;11697.567;11762.755;11690.868;11758.345;0.509256;GBR.IDXEUR
2026-01-30 09:00:00;11759.014;11768.245;11735.907;11741.93;0.482688;GBR.IDXEUR
2026-01-30 10:00:00;11742.2;11755.825;11737.307;11745.807;0.405504;GBR.IDXEUR
2026-01-30 11:00:00;11746.167;11782.626;11742.794;11779.96;0.320976;GBR.IDXEUR
2026-01-30 12:00:00;11780.558;11805.129;11780.228;11797.313;0.333216;GBR.IDXEUR
2026-01-30 13:00:00;11797.177;11807.629;11764.713;11767.201;0.45756;GBR.IDXEUR
2026-01-30 14:00:00;11767.336;11813.683;11764.686;11786.704;0.549144;GBR.IDXEUR
2026-01-30 15:00:00;11787.49;11799.384;11773.95;11775.97;0.732096;GBR.IDXEUR
2026-01-30 16:00:00;11775.97;11821.914;11770.617;11788.385;0.628056;GBR.IDXEUR
2026-01-30 17:00:00;11788.521;11797.699;11772.457;11772.678;0.618984;GBR.IDXEUR
2026-01-30 18:00:00;11772.542;11785.76;11734.671;11778.36;0.57816;GBR.IDXEUR
2026-01-30 19:00:00;11778.224;11817.584;11778.224;11798.819;0.49788;GBR.IDXEUR
2026-01-30 20:00:00;11798.956;11815.225;11789.782;11811.461;0.41112;GBR.IDXEUR
2026-01-30 21:00:00;11811.325;11811.87;11811.189;11811.87;0.000504;GBR.IDXEUR
2026-02-01 23:00:00;11765.637;11799.556;11758.927;11795.223;0.179568;GBR.IDXEUR
2026-02-02 00:00:00;11794.958;11809.797;11784.95;11801.544;0.187008;GBR.IDXEUR
2026-02-02 01:00:00;11802.485;11822.28;11746.547;11753.693;0.135168;GBR.IDXEUR
2026-02-02 02:00:00;11753.15;11756.561;11727.929;11730.963;0.098016;GBR.IDXEUR
2026-02-02 03:00:00;11731.193;11737.907;11702.604;11709.84;0.086016;GBR.IDXEUR
2026-02-02 04:00:00;11710.389;11716.867;11684.84;11714.045;0.084024;GBR.IDXEUR
2026-02-02 05:00:00;11713.91;11726.918;11692.767;11699.88;0.088728;GBR.IDXEUR
2026-02-02 06:00:00;11700.15;11709.395;11680.551;11692.228;0.107328;GBR.IDXEUR
2026-02-02 07:00:00;11692.093;11723.426;11677.267;11712.111;0.33588;GBR.IDXEUR
2026-02-02 08:00:00;11712.823;11788.709;11707.031;11784.019;0.524016;GBR.IDXEUR
2026-02-02 09:00:00;11784.032;11819.273;11770.859;11813.631;0.40212;GBR.IDXEUR
2026-02-02 10:00:00;11813.904;11837.945;11809.06;11814.842;0.366768;GBR.IDXEUR
2026-02-02 11:00:00;11817.974;11853.348;11811.88;11848.967;0.307656;GBR.IDXEUR
2026-02-02 12:00:00;11848.725;11897.48;11848.725;11882.394;0.344664;GBR.IDXEUR
2026-02-02 13:00:00;11882.257;11910.411;11865.213;11906.508;0.473256;GBR.IDXEUR
2026-02-02 14:00:00;11906.715;11945.887;11906.212;11925.752;0.531144;GBR.IDXEUR
2026-02-02 15:00:00;11925.752;11946.374;11911.468;11932.1;0.636624;GBR.IDXEUR
2026-02-02 16:00:00;11932.1;11974.902;11924.65;11974.841;0.519336;GBR.IDXEUR
2026-02-02 17:00:00;11975.533;11991.196;11973.285;11984.382;0.332784;GBR.IDXEUR
2026-02-02 18:00:00;11984.104;11992.332;11961.152;11964.499;0.2736;GBR.IDXEUR
2026-02-02 19:00:00;11964.222;11966.362;11947.386;11947.386;0.201384;GBR.IDXEUR
2026-02-02 20:00:00;11947.386;11979.155;11946.338;11975.262;0.24228;GBR.IDXEUR
2026-02-02 21:00:00;11974.692;11976.417;11967.614;11973.126;0.035304;GBR.IDXEUR
2026-02-02 23:00:00;11974.723;11992.105;11972.241;11985.847;0.062736;GBR.IDXEUR
2026-02-03 00:00:00;11985.569;11989.706;11978.159;11984.851;0.075216;GBR.IDXEUR
2026-02-03 01:00:00;11964.415;11980.077;11963.661;11969.518;0.054096;GBR.IDXEUR
2026-02-03 02:00:00;11969.191;11969.607;11945.955;11955.323;0.043656;GBR.IDXEUR
2026-02-03 03:00:00;11955.323;11965.708;11948.113;11965.477;0.05388;GBR.IDXEUR
2026-02-03 04:00:00;11965.477;11980.091;11965.2;11978.783;0.033312;GBR.IDXEUR
2026-02-03 05:00:00;11978.783;11979.2;11959.224;11974.487;0.040608;GBR.IDXEUR
2026-02-03 06:00:00;11974.827;11988.382;11971.262;11976.017;0.056976;GBR.IDXEUR
2026-02-03 07:00:00;11975.601;12005.194;11975.282;12003.608;0.277536;GBR.IDXEUR
2026-02-03 08:00:00;12003.469;12018.862;11991.896;12002.375;0.385704;GBR.IDXEUR
2026-02-03 09:00:00;12002.792;12007.096;11962.009;11969.46;0.359424;GBR.IDXEUR
2026-02-03 10:00:00;11969.321;11982.792;11949.125;11949.314;0.26388;GBR.IDXEUR
2026-02-03 11:00:00;11949.083;11952.137;11920.784;11926.774;0.316008;GBR.IDXEUR
2026-02-03 12:00:00;11926.913;11937.268;11919.15;11927.179;0.303624;GBR.IDXEUR
2026-02-03 13:00:00;11926.764;11934.949;11869.153;11875.333;0.3654;GBR.IDXEUR
2026-02-03 14:00:00;11875.333;11923.664;11861.308;11916.724;0.541224;GBR.IDXEUR
2026-02-03 15:00:00;11916.383;11960.496;11913.226;11949.763;0.622584;GBR.IDXEUR
2026-02-03 16:00:00;11949.486;11962.898;11929.913;11932.238;0.496872;GBR.IDXEUR
2026-02-03 17:00:00;11932.376;11932.891;11895.604;11896.017;0.464544;GBR.IDXEUR
2026-02-03 18:00:00;11896.1;11904.925;11868.223;11872.437;0.419112;GBR.IDXEUR
2026-02-03 19:00:00;11872.437;11906.283;11861.025;11902.586;0.392112;GBR.IDXEUR
2026-02-03 20:00:00;11903.031;11941.65;11896.428;11934.418;0.29196;GBR.IDXEUR
2026-02-03 21:00:00;11934.694;11935.655;11926.974;11930.485;0.030216;GBR.IDXEUR
2026-02-03 23:00:00;11925.679;11938.131;11924.578;11936.366;0.056352;GBR.IDXEUR
2026-02-04 00:00:00;11936.228;11939.959;11928.946;11932.351;0.100992;GBR.IDXEUR
2026-02-04 01:00:00;11945.969;11959.088;11941.868;11952.004;0.069912;GBR.IDXEUR
2026-02-04 02:00:00;11952.004;11961.926;11948.272;11951.777;0.057096;GBR.IDXEUR
2026-02-04 03:00:00;11951.639;11966.31;11943.18;11964.991;0.047784;GBR.IDXEUR
2026-02-04 04:00:00;11965.13;11966.801;11953.036;11955.438;0.033744;GBR.IDXEUR
2026-02-04 05:00:00;11955.161;11964.251;11953.032;11963.409;0.0378;GBR.IDXEUR
2026-02-04 06:00:00;11963.132;11967.797;11950.142;11962.758;0.051744;GBR.IDXEUR
2026-02-04 07:00:00;11963.12;11976.223;11959.978;11973.352;0.202992;GBR.IDXEUR
2026-02-04 08:00:00;11974.102;12046.9;11969.263;12041.303;0.474552;GBR.IDXEUR
2026-02-04 09:00:00;12041.787;12072.095;12022.855;12070.481;0.40968;GBR.IDXEUR
2026-02-04 10:00:00;12070.341;12100.178;12067.573;12098.061;0.309888;GBR.IDXEUR
2026-02-04 11:00:00;12098.553;12143.17;12087.496;12141.85;0.31572;GBR.IDXEUR
2026-02-04 12:00:00;12141.85;12144.04;12105.524;12107.429;0.286776;GBR.IDXEUR
2026-02-04 13:00:00;12107.148;12131.476;12103.383;12126.004;0.377568;GBR.IDXEUR
2026-02-04 14:00:00;12125.863;12157.274;12110.531;12124.348;0.554544;GBR.IDXEUR
2026-02-04 15:00:00;12125.128;12139.941;12084.233;12097.839;0.743544;GBR.IDXEUR
2026-02-04 16:00:00;12098.337;12101.644;12017.298;12048.911;0.607032;GBR.IDXEUR
2026-02-04 17:00:00;12048.772;12058.163;12007.866;12028.417;0.61272;GBR.IDXEUR
2026-02-04 18:00:00;12028.278;12042.032;12005.172;12030.58;0.440856;GBR.IDXEUR
2026-02-04 19:00:00;12030.441;12061.405;12020.535;12060.854;0.38772;GBR.IDXEUR
2026-02-04 20:00:00;12061.164;12065.854;12026.044;12035.329;0.25056;GBR.IDXEUR
2026-02-04 21:00:00;12034.911;12052.25;12021.059;12050.732;0.078528;GBR.IDXEUR
2026-02-04 23:00:00;12047.234;12054.34;12042.686;12046.379;0.066432;GBR.IDXEUR
2026-02-05 00:00:00;12046.359;12059.6;12040.451;12053.715;0.087;GBR.IDXEUR
2026-02-05 01:00:00;12056.746;12060.804;12042.436;12048.683;0.064872;GBR.IDXEUR
2026-02-05 02:00:00;12048.887;12049.625;12011.973;12013.434;0.095376;GBR.IDXEUR
2026-02-05 03:00:00;12014.005;12030.924;12006.287;12007.775;0.067656;GBR.IDXEUR
2026-02-05 04:00:00;12007.913;12027.443;12007.913;12023.767;0.037752;GBR.IDXEUR
2026-02-05 05:00:00;12023.906;12031.493;12012.581;12014.373;0.03288;GBR.IDXEUR
2026-02-05 06:00:00;12014.643;12025.045;12005.869;12023.423;0.055632;GBR.IDXEUR
2026-02-05 07:00:00;12023.284;12023.478;11978.009;11983.937;0.241968;GBR.IDXEUR
2026-02-05 08:00:00;11982.955;11994.746;11938.337;11940.958;0.49428;GBR.IDXEUR
2026-02-05 09:00:00;11941.096;11946.853;11908.203;11933.872;0.438696;GBR.IDXEUR
2026-02-05 10:00:00;11933.872;11974.34;11921.218;11972.515;0.328176;GBR.IDXEUR
2026-02-05 11:00:00;11972.515;11977.792;11935.605;11956.209;0.33264;GBR.IDXEUR
2026-02-05 12:00:00;11956.899;11966.889;11911.293;11923.126;0.636264;GBR.IDXEUR
2026-02-05 13:00:00;11922.989;11944.765;11874.039;11878.419;0.58104;GBR.IDXEUR
2026-02-05 14:00:00;11878.692;11910.469;11828.383;11872.028;0.717696;GBR.IDXEUR
2026-02-05 15:00:00;11869.209;11877.88;11811.119;11822.48;0.790632;GBR.IDXEUR
2026-02-05 16:00:00;11822.208;11860.37;11805.322;11859.524;0.597456;GBR.IDXEUR
2026-02-05 17:00:00;11859.387;11862.349;11819.966;11827.317;0.417816;GBR.IDXEUR
2026-02-05 18:00:00;11828.709;11836.589;11784.088;11790.111;0.281808;GBR.IDXEUR
2026-02-05 19:00:00;11790.246;11826.729;11783.656;11808.064;0.256392;GBR.IDXEUR
2026-02-05 20:00:00;11808.388;11831.922;11787.802;11795.363;0.25884;GBR.IDXEUR
2026-02-05 21:00:00;11795.498;11798.109;11774.533;11790.94;0.072096;GBR.IDXEUR
2026-02-05 23:00:00;11772.208;11777.816;11745.869;11750.411;0.12864;GBR.IDXEUR
2026-02-06 00:00:00;11750.269;11768.862;11734.412;11766.098;0.188352;GBR.IDXEUR
2026-02-06 01:00:00;11769.628;11798.25;11744.273;11797.06;0.065592;GBR.IDXEUR
2026-02-06 02:00:00;11796.653;11808.334;11787.095;11797.418;0.063264;GBR.IDXEUR
2026-02-06 03:00:00;11796.601;11799.777;11780.738;11793.004;0.05424;GBR.IDXEUR
2026-02-06 04:00:00;11792.733;11798.484;11760.919;11773.873;0.041496;GBR.IDXEUR
2026-02-06 05:00:00;11773.873;11820.709;11769.809;11820.033;0.043104;GBR.IDXEUR
2026-02-06 06:00:00;11820.514;11821.925;11793.092;11801.465;0.0594;GBR.IDXEUR
2026-02-06 07:00:00;11801.329;11817.767;11766.574;11794.858;0.234624;GBR.IDXEUR
2026-02-06 08:00:00;11793.686;11843.539;11793.551;11827.58;0.511992;GBR.IDXEUR
2026-02-06 09:00:00;11827.384;11877.947;11820.957;11868.255;0.377208;GBR.IDXEUR
2026-02-06 10:00:00;11868.57;11885.948;11856.341;11883.606;0.254376;GBR.IDXEUR
2026-02-06 11:00:00;11883.013;11919.763;11882.983;11910.152;0.246672;GBR.IDXEUR
2026-02-06 12:00:00;11910.289;11911.822;11888.785;11889.632;0.257112;GBR.IDXEUR
2026-02-06 13:00:00;11889.906;11905.759;11875.413;11876.575;0.326088;GBR.IDXEUR
2026-02-06 14:00:00;11876.575;11928.046;11872.277;11921.991;0.474408;GBR.IDXEUR
2026-02-06 15:00:00;11921.853;11952.102;11913.53;11950.961;0.56304;GBR.IDXEUR
2026-02-06 16:00:00;11950.824;11959.072;11937.854;11947.289;0.396072;GBR.IDXEUR
2026-02-06 17:00:00;11947.564;11975.433;11943.742;11966.345;0.27684;GBR.IDXEUR
2026-02-06 18:00:00;11966.345;11979.423;11960.287;11973.084;0.19836;GBR.IDXEUR
2026-02-06 19:00:00;11973.447;11987.681;11972.581;11981.729;0.160992;GBR.IDXEUR
2026-02-06 20:00:00;11981.591;11996.403;11977.081;11992.949;0.16092;GBR.IDXEUR
2026-02-06 21:00:00;11993.39;11993.39;11993.39;11993.39;7.2e-05;GBR.IDXEUR
2026-02-08 23:00:00;11997.208;12004.898;11985.353;11994.859;0.117624;GBR.IDXEUR
2026-02-09 00:00:00;11994.277;12002.959;11980.183;11982.46;0.153912;GBR.IDXEUR
2026-02-09 01:00:00;11977.659;11981.899;11963.244;11971.274;0.074856;GBR.IDXEUR
2026-02-09 02:00:00;11971.274;11997.479;11969.446;11987.054;0.048456;GBR.IDXEUR
2026-02-09 03:00:00;11986.723;11989.288;11975.076;11976.777;0.043608;GBR.IDXEUR
2026-02-09 04:00:00;11976.501;11980.233;11968.187;11969.74;0.03;GBR.IDXEUR
2026-02-09 05:00:00;11969.5;11977.322;11963.776;11975.137;0.03768;GBR.IDXEUR
2026-02-09 06:00:00;11975.275;11979.23;11956.541;11961.294;0.079344;GBR.IDXEUR
2026-02-09 07:00:00;11961.294;11965.71;11926.152;11937.984;0.288792;GBR.IDXEUR
2026-02-09 08:00:00;11938.199;11958.185;11913.31;11922.828;0.449784;GBR.IDXEUR
2026-02-09 09:00:00;11922.554;11937.844;11907.822;11907.958;0.283464;GBR.IDXEUR
2026-02-09 10:00:00;11907.753;11912.432;11875.079;11891.366;0.329832;GBR.IDXEUR
2026-02-09 11:00:00;11891.23;11907.589;11876.048;11901.211;0.37512;GBR.IDXEUR
2026-02-09 12:00:00;11901.074;11910.161;11890.683;11904.097;0.325656;GBR.IDXEUR
2026-02-09 13:00:00;11903.591;11907.388;11840.827;11843.282;0.463392;GBR.IDXEUR
2026-02-09 14:00:00;11843.146;11856.303;11808.626;11834.479;0.612;GBR.IDXEUR
2026-02-09 15:00:00;11834.216;11909.283;11831.546;11905.885;0.511632;GBR.IDXEUR
2026-02-09 16:00:00;11906.569;11940.387;11905.229;11920.025;0.341136;GBR.IDXEUR
2026-02-09 17:00:00;11920.224;11924.015;11910.591;11913.392;0.177912;GBR.IDXEUR
2026-02-09 18:00:00;11913.392;11928.929;11897.781;11928.597;0.208944;GBR.IDXEUR
2026-02-09 19:00:00;11928.46;11944.959;11922.952;11943.596;0.169992;GBR.IDXEUR
2026-02-09 20:00:00;11943.321;11952.658;11936.788;11946.636;0.159264;GBR.IDXEUR
2026-02-09 21:00:00;11946.911;11948.295;11940.474;11946.925;0.020136;GBR.IDXEUR
2026-02-09 23:00:00;11946.352;11950.94;11936.463;11938.475;0.056616;GBR.IDXEUR
2026-02-10 00:00:00;11938.234;11940.9;11926.517;11934.061;0.073056;GBR.IDXEUR
2026-02-10 01:00:00;11944.267;11946.069;11933.55;11944.943;0.0696;GBR.IDXEUR
2026-02-10 02:00:00;11944.943;11945.286;11933.095;11935.806;0.044304;GBR.IDXEUR
2026-02-10 03:00:00;11935.806;11937.381;11929.032;11931.718;0.044064;GBR.IDXEUR
2026-02-10 04:00:00;11931.509;11943.93;11930.797;11942.94;0.033936;GBR.IDXEUR
2026-02-10 05:00:00;11943.627;11946.144;11933.772;11936.356;0.032544;GBR.IDXEUR
2026-02-10 06:00:00;11936.218;11940.587;11924.55;11940.587;0.044184;GBR.IDXEUR
2026-02-10 07:00:00;11940.587;11976.445;11934.699;11941.768;0.18636;GBR.IDXEUR
2026-02-10 08:00:00;11942.926;11943.334;11857.905;11867.018;0.439704;GBR.IDXEUR
2026-02-10 09:00:00;11867.018;11895.723;11864.162;11876.814;0.296928;GBR.IDXEUR
2026-02-10 10:00:00;11876.814;11901.065;11860.113;11888.7;0.283392;GBR.IDXEUR
2026-02-10 11:00:00;11888.837;11904.979;11885.857;11899.808;0.243792;GBR.IDXEUR
2026-02-10 12:00:00;11899.572;11905.785;11879.052;11892.743;0.366552;GBR.IDXEUR
2026-02-10 13:00:00;11892.47;11902.535;11877.205;11893.509;0.425016;GBR.IDXEUR
2026-02-10 14:00:00;11893.847;11900.295;11867.137;11877.589;0.502056;GBR.IDXEUR
2026-02-10 15:00:00;11877.453;11896.391;11868.17;11877.976;0.554328;GBR.IDXEUR
2026-02-10 16:00:00;11877.84;11905.018;11865.929;11903.904;0.39024;GBR.IDXEUR
2026-02-10 17:00:00;11903.767;11916.615;11893.5;11913.233;0.237168;GBR.IDXEUR
2026-02-10 18:00:00;11913.37;11913.37;11894.77;11906.384;0.229608;GBR.IDXEUR
2026-02-10 19:00:00;11906.745;11922.632;11904.075;11921.232;0.202752;GBR.IDXEUR
2026-02-10 20:00:00;11921.096;11925.459;11886.21;11891.448;0.164376;GBR.IDXEUR
2026-02-10 21:00:00;11891.448;11895.123;11886.248;11892.784;0.021984;GBR.IDXEUR
2026-02-10 23:00:00;11897.537;11910.78;11897.031;11909.204;0.032256;GBR.IDXEUR
2026-02-11 00:00:00;11909.225;11911.909;11897.918;11898.476;0.064104;GBR.IDXEUR
2026-02-11 01:00:00;11899.961;11916.197;11897.19;11910.209;0.076584;GBR.IDXEUR
2026-02-11 02:00:00;11909.936;11921.66;11906.693;11918.897;0.04464;GBR.IDXEUR
2026-02-11 03:00:00;11919.255;11933.87;11918.241;11931.969;0.030984;GBR.IDXEUR
2026-02-11 04:00:00;11932.242;11933.001;11915.208;11919.572;0.028704;GBR.IDXEUR
2026-02-11 05:00:00;11919.872;11923.407;11908.179;11909.489;0.028296;GBR.IDXEUR
2026-02-11 06:00:00;11912.094;11916.023;11903.143;11908.276;0.05544;GBR.IDXEUR
2026-02-11 07:00:00;11908.549;11920.452;11901.91;11916.464;0.169176;GBR.IDXEUR
2026-02-11 08:00:00;11916.7;11957.637;11902.171;11917.707;0.416088;GBR.IDXEUR
2026-02-11 09:00:00;11917.745;11947.624;11913.191;11925.981;0.305424;GBR.IDXEUR
2026-02-11 10:00:00;11926.255;11969.346;11913.492;11966.366;0.285552;GBR.IDXEUR
2026-02-11 11:00:00;11966.228;11999.161;11966.228;11985.45;0.25596;GBR.IDXEUR
2026-02-11 12:00:00;11985.269;11997.151;11980.094;11992.13;0.303336;GBR.IDXEUR
2026-02-11 13:00:00;11991.924;12035.335;11985.275;12026.952;0.610056;GBR.IDXEUR
2026-02-11 14:00:00;12026.377;12048.036;12014.56;12035.807;0.589824;GBR.IDXEUR
2026-02-11 15:00:00;12035.669;12041.741;11995.294;12034.358;0.693288;GBR.IDXEUR
2026-02-11 16:00:00;12034.497;12070.153;12028.506;12035.838;0.507672;GBR.IDXEUR
2026-02-11 17:00:00;12035.699;12059.384;12035.699;12046.534;0.361656;GBR.IDXEUR
2026-02-11 18:00:00;12046.862;12059.289;12031.739;12051.28;0.288504;GBR.IDXEUR
2026-02-11 19:00:00;12051.141;12075.262;12048.033;12073.232;0.2124;GBR.IDXEUR
2026-02-11 20:00:00;12073.648;12080.47;12053.709;12058.141;0.166032;GBR.IDXEUR
2026-02-11 21:00:00;12058.557;12059.697;12052.852;12056.355;0.023472;GBR.IDXEUR
2026-02-11 23:00:00;12063.402;12069.049;12052.962;12054.702;0.058944;GBR.IDXEUR
2026-02-12 00:00:00;12054.584;12067.828;12051.908;12067.297;0.077496;GBR.IDXEUR
2026-02-12 01:00:00;12069.738;12082.732;12069.075;12074.597;0.063576;GBR.IDXEUR
2026-02-12 02:00:00;12074.597;12076.424;12055.969;12059.511;0.046464;GBR.IDXEUR
2026-02-12 03:00:00;12059.156;12078.883;12057.246;12078.376;0.040344;GBR.IDXEUR
2026-02-12 04:00:00;12078.515;12086.908;12077.169;12084.568;0.037224;GBR.IDXEUR
2026-02-12 05:00:00;12084.568;12087.403;12074.786;12079.596;0.030984;GBR.IDXEUR
2026-02-12 06:00:00;12079.204;12082.876;12066.987;12073.023;0.068304;GBR.IDXEUR
2026-02-12 07:00:00;12072.33;12108.806;12072.33;12097.786;0.209592;GBR.IDXEUR
2026-02-12 08:00:00;12098.676;12104.961;12030.64;12066.021;0.424872;GBR.IDXEUR
2026-02-12 09:00:00;12066.083;12089.079;12054.063;12055.779;0.328824;GBR.IDXEUR
2026-02-12 10:00:00;12056.576;12066.446;12042.802;12060.991;0.256536;GBR.IDXEUR
2026-02-12 11:00:00;12060.714;12061.1;12032.733;12050.018;0.20412;GBR.IDXEUR
2026-02-12 12:00:00;12049.427;12049.66;12034.612;12037.637;0.25812;GBR.IDXEUR
2026-02-12 13:00:00;12038.521;12038.8;12019.532;12030.711;0.337608;GBR.IDXEUR
2026-02-12 14:00:00;12030.711;12048.503;12012.03;12025.939;0.507096;GBR.IDXEUR
2026-02-12 15:00:00;12026.274;12043.709;12003.37;12005.288;0.536472;GBR.IDXEUR
2026-02-12 16:00:00;12005.514;12009.032;11926.652;11943.541;0.82548;GBR.IDXEUR
2026-02-12 17:00:00;11943.861;11952.492;11918.046;11918.969;0.665712;GBR.IDXEUR
2026-02-12 18:00:00;11918.832;11982.939;11911.552;11974.402;0.407592;GBR.IDXEUR
2026-02-12 19:00:00;11974.264;12008.703;11970.476;11997.498;0.319824;GBR.IDXEUR
2026-02-12 20:00:00;11998.132;12008.417;11953.762;11964.193;0.27792;GBR.IDXEUR
2026-02-12 21:00:00;11963.781;11967.158;11960.201;11966.05;0.035448;GBR.IDXEUR
2026-02-12 23:00:00;11973.438;11978.836;11961.037;11970.325;0.093192;GBR.IDXEUR
2026-02-13 00:00:00;11969.633;11978.753;11950.765;11956.057;0.130344;GBR.IDXEUR
2026-02-13 01:00:00;11952.825;11978.628;11951.214;11969.503;0.059304;GBR.IDXEUR
2026-02-13 02:00:00;11969.365;11975.409;11967.524;11971.963;0.03972;GBR.IDXEUR
2026-02-13 03:00:00;11972.101;11977.134;11964.405;11965.179;0.034632;GBR.IDXEUR
2026-02-13 04:00:00;11964.904;11972.145;11962.197;11964.895;0.028992;GBR.IDXEUR
2026-02-13 05:00:00;11964.652;11968.605;11940.991;11946.746;0.044256;GBR.IDXEUR
2026-02-13 06:00:00;11946.862;11956.598;11929.683;11942.541;0.06444;GBR.IDXEUR
2026-02-13 07:00:00;11942.404;11981.54;11941.789;11974.508;0.246888;GBR.IDXEUR
2026-02-13 08:00:00;11974.508;11994.172;11933.987;11973.063;0.459072;GBR.IDXEUR
2026-02-13 09:00:00;11972.926;11979.105;11947.493;11969.868;0.349344;GBR.IDXEUR
2026-02-13 10:00:00;11969.73;11984.523;11944.936;11951.383;0.326376;GBR.IDXEUR
2026-02-13 11:00:00;11951.246;11954.202;11914.547;11941.676;0.375984;GBR.IDXEUR
2026-02-13 12:00:00;11941.539;11951.542;11910.735;11923.758;0.370728;GBR.IDXEUR
2026-02-13 13:00:00;11924.032;11954.5;11906.962;11932.768;0.53064;GBR.IDXEUR
2026-02-13 14:00:00;11933.043;11966.031;11920.421;11950.963;0.690552;GBR.IDXEUR
2026-02-13 15:00:00;11951.39;12007.401;11949.681;11995.833;0.726552;GBR.IDXEUR
2026-02-13 16:00:00;11995.557;12014.422;11975.034;12004.392;0.541512;GBR.IDXEUR
2026-02-13 17:00:00;12004.625;12023.084;11996.489;12013.901;0.400968;GBR.IDXEUR
2026-02-13 18:00:00;12013.763;12027.504;12003.847;12010.873;0.344952;GBR.IDXEUR
2026-02-13 19:00:00;12011.695;12027.785;11983.068;11985.447;0.32976;GBR.IDXEUR
2026-02-13 20:00:00;11985.143;12028.617;11980.299;12019.646;0.378504;GBR.IDXEUR
2026-02-13 21:00:00;12019.646;12019.646;12018.866;12019.099;0.000216;GBR.IDXEUR
2026-02-15 23:00:00;12014.255;12026.438;12009.699;12025.543;0.079752;GBR.IDXEUR
2026-02-16 00:00:00;12025.201;12030.739;12021.217;12021.437;0.081984;GBR.IDXEUR
2026-02-16 01:00:00;12013.322;12017.884;11999.903;12016.852;0.048072;GBR.IDXEUR
2026-02-16 02:00:00;12017.061;12020.993;12007.621;12016.446;0.03984;GBR.IDXEUR
2026-02-16 03:00:00;12016.7;12024.33;12011.918;12024.33;0.026808;GBR.IDXEUR
2026-02-16 04:00:00;12024.468;12034.934;12023.322;12028.706;0.021936;GBR.IDXEUR
2026-02-16 05:00:00;12028.706;12028.706;12011.493;12012.976;0.018144;GBR.IDXEUR
2026-02-16 06:00:00;12013.202;12018.171;12004.452;12015.271;0.023808;GBR.IDXEUR
2026-02-16 07:00:00;12015.547;12046.59;12013.877;12043.279;0.132576;GBR.IDXEUR
2026-02-16 08:00:00;12043.144;12058.027;12022.809;12050.599;0.409824;GBR.IDXEUR
2026-02-16 09:00:00;12050.243;12075.38;12033.818;12037.408;0.269856;GBR.IDXEUR
2026-02-16 10:00:00;12037.269;12043.437;12025.164;12038.614;0.198;GBR.IDXEUR
2026-02-16 11:00:00;12038.928;12053.809;12030.826;12044.243;0.182232;GBR.IDXEUR
2026-02-16 12:00:00;12043.966;12060.303;12041.677;12052.34;0.185832;GBR.IDXEUR
2026-02-16 13:00:00;12052.756;12064.058;12037.923;12052.129;0.208584;GBR.IDXEUR
2026-02-16 14:00:00;12051.99;12055.403;12026.272;12051.469;0.295992;GBR.IDXEUR
2026-02-16 15:00:00;12051.925;12058.928;12036.751;12040.888;0.286488;GBR.IDXEUR
2026-02-16 16:00:00;12040.543;12057.632;12030.704;12045.514;0.247104;GBR.IDXEUR
2026-02-16 17:00:00;12045.375;12058.883;12042.273;12049.749;0.108144;GBR.IDXEUR
2026-02-16 18:00:00;12050.572;12050.592;12040.195;12040.195;0.033624;GBR.IDXEUR
2026-02-16 19:00:00;12040.195;12041.765;12033.701;12033.701;0.033696;GBR.IDXEUR
2026-02-16 20:00:00;12033.701;12037.189;12022.779;12031.732;0.03816;GBR.IDXEUR
2026-02-16 23:00:00;12027.905;12044.255;12025.664;12038.836;0.048624;GBR.IDXEUR
2026-02-17 00:00:00;12038.958;12043.023;12029.404;12031.343;0.095328;GBR.IDXEUR
2026-02-17 01:00:00;12035.884;12045.118;12016.502;12019.89;0.054552;GBR.IDXEUR
2026-02-17 02:00:00;12020.028;12032.695;12014.443;12027.569;0.036888;GBR.IDXEUR
2026-02-17 03:00:00;12027.926;12027.926;12005.909;12014.184;0.038544;GBR.IDXEUR
2026-02-17 04:00:00;12014.323;12021.643;12004.437;12021.384;0.027024;GBR.IDXEUR
2026-02-17 05:00:00;12021.384;12022.104;12000.904;12007.218;0.03636;GBR.IDXEUR
2026-02-17 06:00:00;12007.249;12019.879;12007.249;12016.291;0.026616;GBR.IDXEUR
2026-02-17 07:00:00;12015.877;12033.703;12000.65;12022.935;0.250992;GBR.IDXEUR
2026-02-17 08:00:00;12022.632;12072.122;12020.436;12061.775;0.424584;GBR.IDXEUR
2026-02-17 09:00:00;12062.467;12080.042;12059.93;12074.858;0.299808;GBR.IDXEUR
2026-02-17 10:00:00;12074.442;12081.279;12032.065;12037.797;0.270648;GBR.IDXEUR
2026-02-17 11:00:00;12037.935;12069.477;12034.172;12062.61;0.280512;GBR.IDXEUR
2026-02-17 12:00:00;12062.61;12065.049;12019.463;12024.487;0.296784;GBR.IDXEUR
2026-02-17 13:00:00;12024.349;12040.889;12003.087;12003.087;0.437544;GBR.IDXEUR
2026-02-17 14:00:00;12002.813;12040.316;12000.491;12012.71;0.6336;GBR.IDXEUR
2026-02-17 15:00:00;12012.71;12046.012;11999.253;12017.168;0.73224;GBR.IDXEUR
2026-02-17 16:00:00;12016.893;12082.227;12012.857;12079.034;0.511488;GBR.IDXEUR
2026-02-17 17:00:00;12078.792;12079.708;12040.93;12061.616;0.541872;GBR.IDXEUR
2026-02-17 18:00:00;12061.616;12112.45;12054.462;12110.073;0.420552;GBR.IDXEUR
2026-02-17 19:00:00;12109.935;12117.14;12100.7;12102.121;0.305136;GBR.IDXEUR
2026-02-17 20:00:00;12102.121;12109.234;12089.622;12095.404;0.197568;GBR.IDXEUR
2026-02-17 21:00:00;12095.266;12095.266;12087.344;12090.837;0.020568;GBR.IDXEUR
2026-02-17 23:00:00;12092.698;12095.551;12082.426;12083.48;0.066288;GBR.IDXEUR
2026-02-18 00:00:00;12083.83;12092.952;12082.957;12088.132;0.070104;GBR.IDXEUR
2026-02-18 01:00:00;12096.154;12098.139;12086.341;12090.423;0.042192;GBR.IDXEUR
2026-02-18 02:00:00;12090.757;12091.877;12083.046;12084.192;0.039312;GBR.IDXEUR
2026-02-18 03:00:00;12084.192;12090.254;12081.21;12088.657;0.021408;GBR.IDXEUR
2026-02-18 04:00:00;12088.657;12103.146;12088.519;12099.608;0.020952;GBR.IDXEUR
2026-02-18 05:00:00;12099.469;12101.171;12094.05;12095.718;0.015672;GBR.IDXEUR
2026-02-18 06:00:00;12096.0;12106.745;12094.876;12104.412;0.018336;GBR.IDXEUR
2026-02-18 07:00:00;12104.412;12124.175;12095.493;12124.175;0.168672;GBR.IDXEUR
2026-02-18 08:00:00;12124.196;12195.135;12123.162;12193.013;0.371592;GBR.IDXEUR
2026-02-18 09:00:00;12193.153;12215.721;12171.678;12206.879;0.258336;GBR.IDXEUR
2026-02-18 10:00:00;12207.692;12237.672;12207.043;12234.765;0.207576;GBR.IDXEUR
2026-02-18 11:00:00;12234.765;12243.805;12215.453;12230.472;0.18072;GBR.IDXEUR
2026-02-18 12:00:00;12228.909;12240.735;12211.346;12235.535;0.266472;GBR.IDXEUR
2026-02-18 13:00:00;12235.535;12237.258;12211.766;12218.809;0.28332;GBR.IDXEUR
2026-02-18 14:00:00;12218.669;12261.451;12217.608;12259.466;0.493776;GBR.IDXEUR
2026-02-18 15:00:00;12259.466;12276.165;12255.108;12271.31;0.428688;GBR.IDXEUR
2026-02-18 16:00:00;12271.17;12273.698;12235.009;12236.325;0.377208;GBR.IDXEUR
2026-02-18 17:00:00;12236.465;12256.254;12231.142;12251.765;0.282168;GBR.IDXEUR
2026-02-18 18:00:00;12251.765;12258.457;12232.97;12250.782;0.280368;GBR.IDXEUR
2026-02-18 19:00:00;12250.592;12256.219;12221.819;12230.909;0.336672;GBR.IDXEUR
2026-02-18 20:00:00;12231.506;12265.216;12229.931;12260.838;0.245592;GBR.IDXEUR
2026-02-18 21:00:00;12261.659;12262.116;12254.224;12256.584;0.019848;GBR.IDXEUR
2026-02-18 23:00:00;12223.359;12231.726;12222.596;12223.067;0.046728;GBR.IDXEUR
2026-02-19 00:00:00;12223.067;12224.503;12212.248;12213.502;0.084432;GBR.IDXEUR
2026-02-19 01:00:00;12235.784;12250.523;12232.25;12238.044;0.04704;GBR.IDXEUR
2026-02-19 02:00:00;12238.058;12243.341;12233.489;12239.726;0.035856;GBR.IDXEUR
2026-02-19 03:00:00;12239.867;12241.257;12223.231;12228.775;0.039576;GBR.IDXEUR
2026-02-19 04:00:00;12228.394;12232.08;12217.941;12218.597;0.0252;GBR.IDXEUR
2026-02-19 05:00:00;12219.138;12221.35;12213.658;12219.147;0.026208;GBR.IDXEUR
2026-02-19 06:00:00;12218.568;12232.211;12215.654;12231.82;0.033864;GBR.IDXEUR
2026-02-19 07:00:00;12234.908;12241.949;12224.844;12235.429;0.159504;GBR.IDXEUR
2026-02-19 08:00:00;12235.762;12236.765;12180.38;12186.754;0.397152;GBR.IDXEUR
2026-02-19 09:00:00;12186.614;12192.319;12152.336;12162.622;0.329904;GBR.IDXEUR
2026-02-19 10:00:00;12162.276;12163.173;12135.226;12138.918;0.301464;GBR.IDXEUR
2026-02-19 11:00:00;12139.321;12145.077;12112.812;12115.626;0.30312;GBR.IDXEUR
2026-02-19 12:00:00;12117.267;12155.024;12109.445;12153.568;0.269424;GBR.IDXEUR
2026-02-19 13:00:00;12153.707;12171.111;12134.691;12167.138;0.326376;GBR.IDXEUR
2026-02-19 14:00:00;12165.632;12172.916;12126.931;12134.091;0.561024;GBR.IDXEUR
2026-02-19 15:00:00;12134.091;12157.035;12123.574;12149.955;0.607104;GBR.IDXEUR
2026-02-19 16:00:00;12149.816;12154.278;12130.133;12147.081;0.465552;GBR.IDXEUR
2026-02-19 17:00:00;12147.31;12158.669;12134.474;12137.786;0.429912;GBR.IDXEUR
2026-02-19 18:00:00;12137.786;12174.485;12125.786;12173.817;0.329688;GBR.IDXEUR
2026-02-19 19:00:00;12173.732;12181.722;12159.574;12174.855;0.295272;GBR.IDXEUR
2026-02-19 20:00:00;12174.716;12201.393;12174.716;12197.74;0.241848;GBR.IDXEUR
2026-02-19 21:00:00;12197.948;12199.224;12193.98;12194.591;0.019752;GBR.IDXEUR
2026-02-19 23:00:00;12194.633;12202.641;12188.78;12198.184;0.046872;GBR.IDXEUR
2026-02-20 00:00:00;12198.267;12204.166;12193.019;12202.606;0.062352;GBR.IDXEUR
2026-02-20 01:00:00;12204.072;12210.323;12184.752;12189.581;0.06804;GBR.IDXEUR
2026-02-20 02:00:00;12189.806;12197.645;12175.376;12185.478;0.048552;GBR.IDXEUR
2026-02-20 03:00:00;12185.152;12196.178;12183.098;12189.438;0.032448;GBR.IDXEUR
2026-02-20 04:00:00;12189.233;12193.915;12188.073;12192.883;0.022464;GBR.IDXEUR
2026-02-20 05:00:00;12193.007;12204.708;12193.007;12203.976;0.025536;GBR.IDXEUR
2026-02-20 06:00:00;12203.976;12207.181;12199.54;12202.91;0.037632;GBR.IDXEUR
2026-02-20 07:00:00;12202.073;12208.228;12190.183;12205.363;0.185568;GBR.IDXEUR
2026-02-20 08:00:00;12205.135;12212.464;12174.591;12203.769;0.370944;GBR.IDXEUR
2026-02-20 09:00:00;12203.909;12244.207;12203.082;12238.829;0.277992;GBR.IDXEUR
2026-02-20 10:00:00;12238.969;12274.102;12235.842;12251.294;0.28656;GBR.IDXEUR
2026-02-20 11:00:00;12251.061;12256.568;12234.455;12235.996;0.254736;GBR.IDXEUR
2026-02-20 12:00:00;12236.557;12241.956;12223.369;12231.12;0.264528;GBR.IDXEUR
2026-02-20 13:00:00;12231.4;12246.812;12217.931;12233.33;0.369504;GBR.IDXEUR
2026-02-20 14:00:00;12233.19;12261.889;12223.179;12251.236;0.448056;GBR.IDXEUR
2026-02-20 15:00:00;12251.0;12311.79;12233.94;12270.404;0.826488;GBR.IDXEUR
2026-02-20 16:00:00;12270.826;12270.826;12232.43;12243.68;0.503352;GBR.IDXEUR
2026-02-20 17:00:00;12243.821;12251.419;12217.641;12239.652;0.45288;GBR.IDXEUR
2026-02-20 18:00:00;12239.652;12274.795;12229.56;12269.874;0.485424;GBR.IDXEUR
2026-02-20 19:00:00;12270.811;12273.917;12254.094;12257.902;0.28512;GBR.IDXEUR
2026-02-20 20:00:00;12257.902;12273.89;12254.974;12271.032;0.210312;GBR.IDXEUR
2026-02-22 23:00:00;12249.534;12255.441;12228.597;12236.388;0.121344;GBR.IDXEUR
2026-02-23 00:00:00;12236.388;12237.143;12210.155;12212.545;0.128448;GBR.IDXEUR
2026-02-23 01:00:00;12215.612;12215.612;12182.201;12190.667;0.089376;GBR.IDXEUR
2026-02-23 02:00:00;12190.858;12205.264;12187.903;12197.572;0.074352;GBR.IDXEUR
2026-02-23 03:00:00;12197.839;12202.521;12186.327;12192.432;0.039576;GBR.IDXEUR
2026-02-23 04:00:00;12192.754;12200.107;12191.169;12199.365;0.030216;GBR.IDXEUR
2026-02-23 05:00:00;12199.695;12202.762;12188.15;12201.632;0.034464;GBR.IDXEUR
2026-02-23 06:00:00;12201.772;12202.565;12187.999;12199.071;0.041136;GBR.IDXEUR
2026-02-23 07:00:00;12199.21;12215.957;12198.681;12215.745;0.184152;GBR.IDXEUR
2026-02-23 08:00:00;12215.525;12228.24;12197.194;12222.503;0.387144;GBR.IDXEUR
2026-02-23 09:00:00;12222.084;12236.29;12211.072;12229.801;0.266832;GBR.IDXEUR
2026-02-23 10:00:00;12229.801;12240.557;12205.622;12237.25;0.233352;GBR.IDXEUR
2026-02-23 11:00:00;12237.11;12259.604;12235.718;12255.909;0.227808;GBR.IDXEUR
2026-02-23 12:00:00;12256.33;12258.802;12236.03;12246.191;0.235656;GBR.IDXEUR
2026-02-23 13:00:00;12246.472;12256.605;12242.181;12250.833;0.262512;GBR.IDXEUR
2026-02-23 14:00:00;12250.833;12302.516;12248.988;12270.155;0.447624;GBR.IDXEUR
2026-02-23 15:00:00;12269.593;12276.064;12213.673;12213.769;0.54468;GBR.IDXEUR
2026-02-23 16:00:00;12214.328;12226.822;12200.627;12217.04;0.540072;GBR.IDXEUR
2026-02-23 17:00:00;12217.203;12220.63;12183.207;12204.979;0.427176;GBR.IDXEUR
2026-02-23 18:00:00;12204.879;12236.696;12204.743;12218.675;0.26964;GBR.IDXEUR
2026-02-23 19:00:00;12219.386;12222.796;12206.599;12217.36;0.263448;GBR.IDXEUR
2026-02-23 20:00:00;12216.94;12231.669;12211.125;12228.412;0.212328;GBR.IDXEUR
2026-02-23 21:00:00;12227.734;12230.265;12224.015;12230.265;0.021648;GBR.IDXEUR
2026-02-23 23:00:00;12233.88;12240.58;12231.735;12233.112;0.067944;GBR.IDXEUR
2026-02-24 00:00:00;12233.113;12241.102;12229.125;12240.141;0.077208;GBR.IDXEUR
2026-02-24 01:00:00;12234.597;12235.099;12204.259;12205.956;0.06444;GBR.IDXEUR
2026-02-24 02:00:00;12206.327;12222.483;12200.388;12222.094;0.038352;GBR.IDXEUR
2026-02-24 03:00:00;12221.63;12225.644;12219.612;12224.534;0.026064;GBR.IDXEUR
2026-02-24 04:00:00;12224.114;12239.031;12223.743;12238.75;0.022656;GBR.IDXEUR
2026-02-24 05:00:00;12238.538;12238.538;12222.246;12224.063;0.028944;GBR.IDXEUR
2026-02-24 06:00:00;12224.343;12225.155;12213.017;12218.339;0.033264;GBR.IDXEUR
2026-02-24 07:00:00;12218.339;12232.689;12211.321;12223.509;0.231216;GBR.IDXEUR
2026-02-24 08:00:00;12223.755;12225.219;12177.423;12192.878;0.477144;GBR.IDXEUR
2026-02-24 09:00:00;12193.018;12220.784;12192.03;12214.636;0.295488;GBR.IDXEUR
2026-02-24 10:00:00;12214.636;12224.831;12197.574;12209.06;0.21168;GBR.IDXEUR
2026-02-24 11:00:00;12209.639;12229.759;12203.404;12227.779;0.206136;GBR.IDXEUR
2026-02-24 12:00:00;12227.574;12234.605;12216.368;12220.25;0.26172;GBR.IDXEUR
2026-02-24 13:00:00;12220.39;12270.934;12219.525;12264.009;0.28512;GBR.IDXEUR
2026-02-24 14:00:00;12264.374;12273.639;12235.502;12273.212;0.494568;GBR.IDXEUR
2026-02-24 15:00:00;12273.433;12298.751;12265.246;12275.888;0.489168;GBR.IDXEUR
2026-02-24 16:00:00;12276.1;12278.097;12249.295;12265.575;0.33012;GBR.IDXEUR
2026-02-24 17:00:00;12265.251;12276.207;12261.731;12273.741;0.21096;GBR.IDXEUR
2026-02-24 18:00:00;12274.005;12289.695;12273.404;12281.673;0.155808;GBR.IDXEUR
2026-02-24 19:00:00;12281.902;12284.266;12270.792;12277.462;0.152784;GBR.IDXEUR
2026-02-24 20:00:00;12277.462;12294.78;12271.758;12274.294;0.16776;GBR.IDXEUR
2026-02-24 21:00:00;12274.614;12274.987;12266.681;12269.406;0.020064;GBR.IDXEUR
2026-02-24 23:00:00;12268.166;12276.472;12265.944;12274.829;0.036024;GBR.IDXEUR
2026-02-25 00:00:00;12274.547;12282.042;12268.132;12280.079;0.055944;GBR.IDXEUR
2026-02-25 01:00:00;12278.983;12279.745;12270.464;12275.633;0.046368;GBR.IDXEUR
2026-02-25 02:00:00;12275.492;12286.596;12273.58;12285.566;0.056424;GBR.IDXEUR
2026-02-25 03:00:00;12285.425;12288.05;12262.733;12281.676;0.071208;GBR.IDXEUR
2026-02-25 04:00:00;12281.312;12297.247;12278.927;12290.822;0.039312;GBR.IDXEUR
2026-02-25 05:00:00;12291.691;12311.423;12291.443;12304.921;0.044832;GBR.IDXEUR
2026-02-25 06:00:00;12305.062;12308.685;12298.733;12302.207;0.044976;GBR.IDXEUR
2026-02-25 07:00:00;12302.348;12304.236;12267.564;12277.078;0.190248;GBR.IDXEUR
2026-02-25 08:00:00;12276.377;12350.734;12273.288;12336.011;0.42984;GBR.IDXEUR
2026-02-25 09:00:00;12335.587;12365.456;12332.899;12362.427;0.322272;GBR.IDXEUR
2026-02-25 10:00:00;12362.285;12374.292;12353.482;12363.34;0.26568;GBR.IDXEUR
2026-02-25 11:00:00;12363.199;12373.843;12346.531;12365.242;0.220824;GBR.IDXEUR
2026-02-25 12:00:00;12364.887;12372.433;12351.765;12366.155;0.230976;GBR.IDXEUR
2026-02-25 13:00:00;12365.729;12385.258;12362.62;12380.635;0.240768;GBR.IDXEUR
2026-02-25 14:00:00;12380.35;12383.136;12341.804;12347.605;0.408024;GBR.IDXEUR
2026-02-25 15:00:00;12347.463;12381.457;12338.098;12379.58;0.416808;GBR.IDXEUR
2026-02-25 16:00:00;12379.438;12404.599;12374.69;12403.31;0.323928;GBR.IDXEUR
2026-02-25 17:00:00;12403.167;12420.526;12399.077;12419.451;0.202608;GBR.IDXEUR
2026-02-25 18:00:00;12419.242;12423.432;12411.762;12421.392;0.114912;GBR.IDXEUR
2026-02-25 19:00:00;12421.392;12424.558;12413.521;12419.532;0.102528;GBR.IDXEUR
2026-02-25 20:00:00;12419.664;12420.464;12410.167;12412.413;0.131472;GBR.IDXEUR
2026-02-25 21:00:00;12413.335;12415.946;12409.651;12414.871;0.02652;GBR.IDXEUR
2026-02-25 23:00:00;12407.284;12413.673;12388.789;12393.477;0.093648;GBR.IDXEUR
2026-02-26 00:00:00;12393.262;12402.32;12391.038;12400.787;0.084624;GBR.IDXEUR
2026-02-26 01:00:00;12395.744;12399.808;12387.652;12391.285;0.057552;GBR.IDXEUR
2026-02-26 02:00:00;12390.938;12391.105;12383.332;12389.761;0.043008;GBR.IDXEUR
2026-02-26 03:00:00;12389.619;12391.682;12382.114;12382.681;0.029544;GBR.IDXEUR
2026-02-26 04:00:00;12382.445;12384.279;12378.495;12380.499;0.032328;GBR.IDXEUR
2026-02-26 05:00:00;12380.389;12381.254;12374.188;12381.254;0.038616;GBR.IDXEUR
2026-02-26 06:00:00;12380.913;12386.378;12375.119;12378.115;0.047184;GBR.IDXEUR
2026-02-26 07:00:00;12378.431;12403.582;12375.312;12380.86;0.181104;GBR.IDXEUR
2026-02-26 08:00:00;12381.43;12424.699;12374.118;12403.551;0.3366;GBR.IDXEUR
2026-02-26 09:00:00;12403.888;12418.882;12389.919;12411.57;0.218952;GBR.IDXEUR
2026-02-26 10:00:00;12411.713;12423.997;12402.73;12420.162;0.184608;GBR.IDXEUR
2026-02-26 11:00:00;12420.162;12426.094;12404.542;12405.512;0.169056;GBR.IDXEUR
2026-02-26 12:00:00;12405.654;12424.108;12401.215;12420.666;0.171504;GBR.IDXEUR
2026-02-26 13:00:00;12420.402;12425.321;12408.587;12409.084;0.278064;GBR.IDXEUR
2026-02-26 14:00:00;12409.084;12416.29;12389.859;12389.989;0.392112;GBR.IDXEUR
2026-02-26 15:00:00;12390.131;12427.682;12382.164;12422.342;0.572688;GBR.IDXEUR
2026-02-26 16:00:00;12422.057;12440.573;12405.236;12407.916;0.40428;GBR.IDXEUR
2026-02-26 17:00:00;12408.058;12414.616;12380.579;12385.151;0.339336;GBR.IDXEUR
2026-02-26 18:00:00;12384.912;12422.457;12377.619;12412.806;0.290016;GBR.IDXEUR
2026-02-26 19:00:00;12413.09;12428.124;12412.283;12414.833;0.182232;GBR.IDXEUR
2026-02-26 20:00:00;12414.691;12426.338;12409.92;12416.338;0.148464;GBR.IDXEUR
2026-02-26 21:00:00;12416.109;12416.109;12408.646;12410.039;0.02064;GBR.IDXEUR
2026-02-26 23:00:00;12384.799;12392.752;12374.438;12386.35;0.089112;GBR.IDXEUR
2026-02-27 00:00:00;12385.855;12399.334;12381.536;12399.289;0.096528;GBR.IDXEUR
2026-02-27 01:00:00;12398.224;12408.776;12395.664;12405.562;0.090504;GBR.IDXEUR
2026-02-27 02:00:00;12405.846;12419.516;12404.637;12419.37;0.051384;GBR.IDXEUR
2026-02-27 03:00:00;12419.367;12426.063;12418.85;12421.867;0.043728;GBR.IDXEUR
2026-02-27 04:00:00;12422.069;12425.435;12415.82;12421.868;0.042648;GBR.IDXEUR
2026-02-27 05:00:00;12422.01;12435.286;12417.785;12424.607;0.04464;GBR.IDXEUR
2026-02-27 06:00:00;12424.466;12426.061;12408.542;12416.781;0.061056;GBR.IDXEUR
2026-02-27 07:00:00;12416.923;12429.265;12406.53;12409.758;0.216696;GBR.IDXEUR
2026-02-27 08:00:00;12409.426;12468.61;12391.182;12456.609;0.400464;GBR.IDXEUR
2026-02-27 09:00:00;12456.894;12477.675;12445.71;12456.937;0.280224;GBR.IDXEUR
2026-02-27 10:00:00;12456.652;12460.722;12429.459;12435.694;0.245376;GBR.IDXEUR
2026-02-27 11:00:00;12435.12;12444.904;12423.552;12430.812;0.225864;GBR.IDXEUR
2026-02-27 12:00:00;12430.528;12445.193;12428.444;12444.807;0.232704;GBR.IDXEUR
2026-02-27 13:00:00;12444.33;12452.216;12389.67;12417.62;0.42228;GBR.IDXEUR
2026-02-27 14:00:00;12417.479;12443.076;12402.211;12402.942;0.49788;GBR.IDXEUR
2026-02-27 15:00:00;12402.942;12441.17;12399.945;12431.235;0.562032;GBR.IDXEUR
2026-02-27 16:00:00;12431.376;12458.871;12396.514;12397.247;0.51516;GBR.IDXEUR
2026-02-27 17:00:00;12397.106;12414.338;12377.253;12390.017;0.346536;GBR.IDXEUR
2026-02-27 18:00:00;12390.158;12417.048;12389.875;12414.76;0.27036;GBR.IDXEUR
2026-02-27 19:00:00;12414.76;12423.464;12395.794;12397.572;0.206496;GBR.IDXEUR
2026-02-27 20:00:00;12397.938;12426.871;12397.42;12407.713;0.245232;GBR.IDXEUR
2026-02-27 21:00:00;12407.43;12407.713;12407.154;12407.154;0.000648;GBR.IDXEUR
2026-03-01 23:00:00;12311.584;12347.078;12304.541;12330.963;0.217392;GBR.IDXEUR
2026-03-02 00:00:00;12330.963;12351.846;12311.693;12351.846;0.188496;GBR.IDXEUR
2026-03-02 01:00:00;12369.346;12389.925;12359.906;12370.161;0.127536;GBR.IDXEUR
2026-03-02 02:00:00;12370.02;12372.914;12346.693;12368.343;0.068784;GBR.IDXEUR
2026-03-02 03:00:00;12368.343;12390.498;12364.659;12387.527;0.065376;GBR.IDXEUR
2026-03-02 04:00:00;12387.527;12394.844;12376.961;12376.961;0.04788;GBR.IDXEUR
2026-03-02 05:00:00;12377.243;12380.211;12360.413;12360.958;0.051864;GBR.IDXEUR
2026-03-02 06:00:00;12361.099;12374.927;12354.27;12370.73;0.11568;GBR.IDXEUR
2026-03-02 07:00:00;12370.73;12377.32;12336.151;12357.749;0.43896;GBR.IDXEUR
2026-03-02 08:00:00;12358.517;12376.648;12283.351;12305.963;0.690984;GBR.IDXEUR
2026-03-02 09:00:00;12306.103;12350.959;12288.323;12329.945;0.455616;GBR.IDXEUR
2026-03-02 10:00:00;12330.191;12360.436;12322.095;12346.117;0.378144;GBR.IDXEUR
2026-03-02 11:00:00;12345.976;12363.165;12331.992;12344.251;0.333144;GBR.IDXEUR
2026-03-02 12:00:00;12343.969;12348.37;12303.488;12311.588;0.426816;GBR.IDXEUR
2026-03-02 13:00:00;12311.363;12324.27;12281.489;12285.829;0.494064;GBR.IDXEUR
2026-03-02 14:00:00;12285.267;12321.58;12275.02;12303.847;0.54792;GBR.IDXEUR
2026-03-02 15:00:00;12302.861;12331.892;12300.023;12318.004;0.6624;GBR.IDXEUR
2026-03-02 16:00:00;12317.863;12375.671;12314.354;12366.029;0.574488;GBR.IDXEUR
2026-03-02 17:00:00;12365.888;12375.114;12350.075;12366.526;0.350568;GBR.IDXEUR
2026-03-02 18:00:00;12366.842;12377.065;12359.831;12370.269;0.255888;GBR.IDXEUR
2026-03-02 19:00:00;12370.411;12407.189;12366.924;12390.064;0.228384;GBR.IDXEUR
2026-03-02 20:00:00;12389.922;12394.365;12349.018;12379.712;0.451584;GBR.IDXEUR
2026-03-02 21:00:00;12379.854;12379.854;12370.573;12375.904;0.036936;GBR.IDXEUR
2026-03-02 23:00:00;12377.237;12379.027;12362.097;12366.984;0.084576;GBR.IDXEUR
2026-03-03 00:00:00;12367.217;12373.452;12358.428;12371.581;0.112296;GBR.IDXEUR
2026-03-03 01:00:00;12354.872;12362.92;12311.177;12311.609;0.108864;GBR.IDXEUR
2026-03-03 02:00:00;12311.609;12343.16;12294.868;12337.994;0.117408;GBR.IDXEUR
2026-03-03 03:00:00;12337.853;12344.873;12317.069;12325.43;0.074424;GBR.IDXEUR
2026-03-03 04:00:00;12325.288;12330.726;12302.222;12306.824;0.067824;GBR.IDXEUR
2026-03-03 05:00:00;12307.133;12320.024;12276.007;12282.75;0.102552;GBR.IDXEUR
2026-03-03 06:00:00;12282.891;12289.785;12250.827;12260.192;0.099792;GBR.IDXEUR
2026-03-03 07:00:00;12260.192;12267.621;12221.499;12240.287;0.370656;GBR.IDXEUR
2026-03-03 08:00:00;12239.867;12261.79;12055.486;12062.317;0.75636;GBR.IDXEUR
2026-03-03 09:00:00;12062.593;12103.12;12022.237;12050.704;0.701784;GBR.IDXEUR
2026-03-03 10:00:00;12050.29;12065.441;11973.793;12032.235;0.65412;GBR.IDXEUR
2026-03-03 11:00:00;12032.098;12047.028;11992.597;12029.517;0.657432;GBR.IDXEUR
2026-03-03 12:00:00;12029.991;12071.248;12015.498;12054.038;0.58608;GBR.IDXEUR
2026-03-03 13:00:00;12054.315;12061.73;12017.62;12022.747;0.603936;GBR.IDXEUR
2026-03-03 14:00:00;12023.023;12047.935;11979.55;11985.493;0.749952;GBR.IDXEUR
2026-03-03 15:00:00;11985.356;12014.862;11952.906;12010.275;0.910584;GBR.IDXEUR
2026-03-03 16:00:00;12010.275;12068.605;11978.665;12058.796;0.819504;GBR.IDXEUR
2026-03-03 17:00:00;12058.796;12088.286;12043.303;12070.738;0.626328;GBR.IDXEUR
2026-03-03 18:00:00;12070.974;12131.834;12069.69;12112.705;0.468144;GBR.IDXEUR
2026-03-03 19:00:00;12112.288;12145.915;12099.489;12132.561;0.512928;GBR.IDXEUR
2026-03-03 20:00:00;12134.049;12141.992;12089.535;12106.372;0.444096;GBR.IDXEUR
2026-03-03 21:00:00;12106.372;12106.372;12099.916;12104.048;0.030552;GBR.IDXEUR
2026-03-03 23:00:00;12092.93;12105.103;12086.545;12091.325;0.11148;GBR.IDXEUR
2026-03-04 00:00:00;12091.59;12107.891;12084.516;12099.699;0.206256;GBR.IDXEUR
2026-03-04 01:00:00;12101.017;12120.808;12049.104;12066.686;0.163032;GBR.IDXEUR
2026-03-04 02:00:00;12067.281;12077.426;12045.188;12055.801;0.140976;GBR.IDXEUR
2026-03-04 03:00:00;12055.687;12057.069;12024.222;12056.825;0.133416;GBR.IDXEUR
2026-03-04 04:00:00;12056.727;12059.586;12022.518;12031.615;0.116544;GBR.IDXEUR
2026-03-04 05:00:00;12031.615;12051.644;12020.832;12028.264;0.121824;GBR.IDXEUR
2026-03-04 06:00:00;12028.402;12055.445;12005.912;12038.557;0.111432;GBR.IDXEUR
2026-03-04 07:00:00;12038.695;12062.828;12002.772;12045.285;0.388992;GBR.IDXEUR
2026-03-04 08:00:00;12044.135;12094.727;12012.256;12014.717;0.636192;GBR.IDXEUR
2026-03-04 09:00:00;12014.717;12108.82;12005.353;12106.195;0.485496;GBR.IDXEUR
2026-03-04 10:00:00;12106.055;12134.942;12094.934;12117.777;0.5868;GBR.IDXEUR
2026-03-04 11:00:00;12117.212;12151.971;12117.038;12132.109;0.42192;GBR.IDXEUR
2026-03-04 12:00:00;12132.109;12150.566;12094.412;12112.981;0.451368;GBR.IDXEUR
2026-03-04 13:00:00;12112.842;12155.602;12110.85;12153.805;0.469368;GBR.IDXEUR
2026-03-04 14:00:00;12153.944;12167.356;12116.284;12123.24;0.613656;GBR.IDXEUR
2026-03-04 15:00:00;12122.404;12161.77;12119.772;12151.532;0.63072;GBR.IDXEUR
2026-03-04 16:00:00;12151.253;12163.302;12114.888;12142.896;0.523728;GBR.IDXEUR
2026-03-04 17:00:00;12143.175;12169.661;12137.927;12167.829;0.339264;GBR.IDXEUR
2026-03-04 18:00:00;12167.478;12183.956;12155.9;12181.857;0.226008;GBR.IDXEUR
2026-03-04 19:00:00;12181.577;12200.759;12177.842;12196.074;0.200016;GBR.IDXEUR
2026-03-04 20:00:00;12195.934;12221.644;12184.148;12207.248;0.209088;GBR.IDXEUR
2026-03-04 21:00:00;12207.107;12207.107;12194.717;12206.003;0.037728;GBR.IDXEUR
2026-03-04 23:00:00;12203.784;12211.321;12200.179;12207.356;0.06936;GBR.IDXEUR
2026-03-05 00:00:00;12207.224;12223.819;12203.826;12216.472;0.1146;GBR.IDXEUR
2026-03-05 01:00:00;12201.864;12211.679;12156.242;12163.118;0.113736;GBR.IDXEUR
2026-03-05 02:00:00;12162.978;12186.028;12157.58;12176.5;0.09972;GBR.IDXEUR
2026-03-05 03:00:00;12176.78;12182.003;12144.621;12153.615;0.089904;GBR.IDXEUR
2026-03-05 04:00:00;12153.754;12176.026;12148.807;12174.607;0.074928;GBR.IDXEUR
2026-03-05 05:00:00;12175.209;12178.194;12131.201;12132.224;0.082992;GBR.IDXEUR
2026-03-05 06:00:00;12132.084;12136.233;12097.872;12132.102;0.110232;GBR.IDXEUR
2026-03-05 07:00:00;12132.241;12167.362;12123.037;12159.277;0.316416;GBR.IDXEUR
2026-03-05 08:00:00;12158.803;12165.746;12100.232;12153.536;0.61236;GBR.IDXEUR
2026-03-05 09:00:00;12153.536;12224.043;12148.658;12190.578;0.668232;GBR.IDXEUR
2026-03-05 10:00:00;12190.298;12201.488;12167.454;12182.021;0.344736;GBR.IDXEUR
2026-03-05 11:00:00;12182.441;12203.757;12170.333;12174.765;0.29628;GBR.IDXEUR
2026-03-05 12:00:00;12175.07;12179.067;12142.597;12147.865;0.34308;GBR.IDXEUR
2026-03-05 13:00:00;12147.585;12149.039;12091.168;12096.912;0.45072;GBR.IDXEUR
2026-03-05 14:00:00;12096.634;12103.114;12048.626;12090.801;0.593136;GBR.IDXEUR
2026-03-05 15:00:00;12090.662;12102.326;12026.053;12035.558;0.675504;GBR.IDXEUR
2026-03-05 16:00:00;12035.696;12044.005;11960.802;11985.697;0.702648;GBR.IDXEUR
2026-03-05 17:00:00;11985.559;12002.063;11924.494;11926.791;0.58392;GBR.IDXEUR
2026-03-05 18:00:00;11926.654;11947.647;11907.158;11931.732;0.508824;GBR.IDXEUR
2026-03-05 19:00:00;11931.938;11938.55;11905.059;11928.444;0.376344;GBR.IDXEUR
2026-03-05 20:00:00;11928.307;11973.595;11923.653;11970.302;0.494712;GBR.IDXEUR
2026-03-05 21:00:00;11970.302;11970.853;11962.044;11963.767;0.040728;GBR.IDXEUR
2026-03-05 23:00:00;11951.687;11974.914;11945.934;11972.63;0.08424;GBR.IDXEUR
2026-03-06 00:00:00;11972.63;11987.101;11972.381;11982.19;0.115008;GBR.IDXEUR
2026-03-06 01:00:00;11972.998;12004.116;11969.528;11996.892;0.108432;GBR.IDXEUR
2026-03-06 02:00:00;11997.03;12032.397;11995.695;12012.969;0.064752;GBR.IDXEUR
2026-03-06 03:00:00;12013.246;12036.677;12013.107;12035.748;0.062904;GBR.IDXEUR
2026-03-06 04:00:00;12035.173;12038.374;12010.237;12018.735;0.044088;GBR.IDXEUR
2026-03-06 05:00:00;12018.965;12035.795;12015.274;12026.858;0.060648;GBR.IDXEUR
2026-03-06 06:00:00;12026.837;12046.027;12026.053;12039.132;0.064728;GBR.IDXEUR
2026-03-06 07:00:00;12039.505;12048.959;12018.928;12027.566;0.243576;GBR.IDXEUR
2026-03-06 08:00:00;12026.736;12077.896;12002.556;12055.626;0.499536;GBR.IDXEUR
2026-03-06 09:00:00;12055.904;12061.014;11981.171;11998.528;0.565848;GBR.IDXEUR
2026-03-06 10:00:00;11998.172;12020.982;11990.718;12000.346;0.413496;GBR.IDXEUR
2026-03-06 11:00:00;12000.604;12003.296;11912.394;11920.844;0.480744;GBR.IDXEUR
2026-03-06 12:00:00;11921.119;11936.99;11911.528;11922.708;0.462528;GBR.IDXEUR
2026-03-06 13:00:00;11922.708;11968.135;11847.479;11856.363;0.710424;GBR.IDXEUR
2026-03-06 14:00:00;11856.402;11875.471;11803.444;11811.11;0.848088;GBR.IDXEUR
2026-03-06 15:00:00;11810.974;11900.244;11809.117;11867.237;0.796392;GBR.IDXEUR
2026-03-06 16:00:00;11867.237;11900.213;11851.195;11875.234;0.73044;GBR.IDXEUR
2026-03-06 17:00:00;11875.027;11893.772;11859.146;11880.163;0.590688;GBR.IDXEUR
2026-03-06 18:00:00;11880.026;11921.18;11878.821;11912.349;0.553968;GBR.IDXEUR
2026-03-06 19:00:00;11912.349;11930.339;11897.614;11921.697;0.406008;GBR.IDXEUR
2026-03-06 20:00:00;11920.965;11932.871;11887.964;11909.943;0.416304;GBR.IDXEUR
2026-03-06 21:00:00;11909.668;11909.668;11906.416;11908.398;0.000288;GBR.IDXEUR
2026-03-08 23:00:00;11799.051;11799.434;11743.129;11751.228;0.192096;GBR.IDXEUR
2026-03-09 00:00:00;11751.228;11764.673;11693.301;11696.463;0.237984;GBR.IDXEUR
2026-03-09 01:00:00;11701.111;11708.613;11649.26;11653.151;0.154992;GBR.IDXEUR
2026-03-09 02:00:00;11653.151;11723.162;11652.45;11711.429;0.170736;GBR.IDXEUR
2026-03-09 03:00:00;11711.564;11719.7;11678.409;11693.684;0.119784;GBR.IDXEUR
2026-03-09 04:00:00;11693.684;11723.258;11678.992;11679.572;0.08976;GBR.IDXEUR
2026-03-09 05:00:00;11680.153;11749.442;11667.005;11736.957;0.181776;GBR.IDXEUR
2026-03-09 06:00:00;11737.227;11773.736;11719.746;11723.303;0.150864;GBR.IDXEUR
2026-03-09 07:00:00;11723.168;11752.019;11693.69;11721.405;0.562488;GBR.IDXEUR
2026-03-09 08:00:00;11725.822;11729.102;11635.513;11674.774;0.870912;GBR.IDXEUR
2026-03-09 09:00:00;11675.278;11770.567;11641.028;11737.786;0.76716;GBR.IDXEUR
2026-03-09 10:00:00;11738.231;11750.314;11683.844;11721.264;0.635976;GBR.IDXEUR
2026-03-09 11:00:00;11721.399;11751.901;11697.221;11735.709;0.52956;GBR.IDXEUR
2026-03-09 12:00:00;11734.903;11773.1;11715.053;11727.151;0.506592;GBR.IDXEUR
2026-03-09 13:00:00;11727.998;11789.238;11722.765;11751.159;0.776952;GBR.IDXEUR
2026-03-09 14:00:00;11751.431;11820.297;11712.28;11812.698;0.85752;GBR.IDXEUR
2026-03-09 15:00:00;11813.276;11845.26;11801.884;11834.979;0.61164;GBR.IDXEUR
2026-03-09 16:00:00;11836.124;11887.371;11827.928;11873.971;0.558864;GBR.IDXEUR
2026-03-09 17:00:00;11873.834;11874.091;11807.886;11820.135;0.43992;GBR.IDXEUR
2026-03-09 18:00:00;11820.135;11880.883;11818.906;11867.882;0.311832;GBR.IDXEUR
2026-03-09 19:00:00;11868.449;12011.683;11860.54;11964.859;0.724104;GBR.IDXEUR
2026-03-09 20:00:00;11964.721;11972.217;11929.416;11930.546;0.324504;GBR.IDXEUR
2026-03-09 21:00:00;11930.546;11930.546;11930.546;11930.546;7.2e-05;GBR.IDXEUR
2026-03-09 23:00:00;11913.1;11919.482;11902.95;11909.37;0.10656;GBR.IDXEUR
2026-03-10 00:00:00;11909.388;11929.302;11900.364;11921.861;0.191064;GBR.IDXEUR
2026-03-10 01:00:00;11920.871;11943.625;11911.792;11939.09;0.117288;GBR.IDXEUR
2026-03-10 02:00:00;11938.712;11942.102;11894.418;11899.773;0.087984;GBR.IDXEUR
2026-03-10 03:00:00;11899.911;11915.017;11874.12;11884.967;0.086736;GBR.IDXEUR
2026-03-10 04:00:00;11884.83;11903.797;11878.641;11900.212;0.062928;GBR.IDXEUR
2026-03-10 05:00:00;11900.487;11930.585;11899.699;11929.002;0.067296;GBR.IDXEUR
2026-03-10 06:00:00;11929.332;11950.049;11924.398;11939.395;0.081984;GBR.IDXEUR
2026-03-10 07:00:00;11940.085;12024.047;11920.586;12005.801;0.408696;GBR.IDXEUR
2026-03-10 08:00:00;12007.843;12052.963;11999.789;12026.9;0.636624;GBR.IDXEUR
2026-03-10 09:00:00;12027.456;12061.929;12020.432;12033.577;0.416952;GBR.IDXEUR
2026-03-10 10:00:00;12033.299;12053.317;12015.795;12047.742;0.43344;GBR.IDXEUR
2026-03-10 11:00:00;12047.881;12069.081;12001.829;12009.381;0.463032;GBR.IDXEUR
2026-03-10 12:00:00;12009.658;12025.841;11973.833;12024.568;0.4698;GBR.IDXEUR
2026-03-10 13:00:00;12024.568;12038.948;11982.772;11988.534;0.571032;GBR.IDXEUR
2026-03-10 14:00:00;11988.257;12072.771;11970.939;12070.308;0.535968;GBR.IDXEUR
2026-03-10 15:00:00;12070.645;12081.581;12032.168;12033.754;0.425232;GBR.IDXEUR
2026-03-10 16:00:00;12033.615;12067.885;12006.802;12064.833;0.456768;GBR.IDXEUR
2026-03-10 17:00:00;12064.973;12101.178;12060.622;12081.542;0.519192;GBR.IDXEUR
2026-03-10 18:00:00;12081.681;12081.681;11997.656;12001.96;0.70488;GBR.IDXEUR
2026-03-10 19:00:00;12001.96;12026.883;11981.001;11999.649;0.498312;GBR.IDXEUR
2026-03-10 20:00:00;11999.788;12008.01;11991.032;11998.867;0.179352;GBR.IDXEUR
2026-03-10 21:00:00;11998.733;11998.733;11998.733;11998.733;7.2e-05;GBR.IDXEUR
2026-03-10 23:00:00;11988.143;12000.396;11984.109;11997.5;0.060384;GBR.IDXEUR
2026-03-11 00:00:00;11997.361;12034.03;11997.361;12024.791;0.148896;GBR.IDXEUR
2026-03-11 01:00:00;12022.12;12050.363;12019.808;12032.842;0.071808;GBR.IDXEUR
2026-03-11 02:00:00;12032.505;12033.644;12018.441;12020.272;0.04848;GBR.IDXEUR
2026-03-11 03:00:00;12020.272;12039.32;12013.645;12037.606;0.04332;GBR.IDXEUR
2026-03-11 04:00:00;12037.467;12041.343;12028.015;12039.164;0.033336;GBR.IDXEUR
2026-03-11 05:00:00;12039.164;12040.738;11998.609;11999.612;0.052224;GBR.IDXEUR
2026-03-11 06:00:00;11999.335;12006.787;11991.307;12002.574;0.062928;GBR.IDXEUR
2026-03-11 07:00:00;12002.435;12015.842;11962.273;11980.898;0.34116;GBR.IDXEUR
2026-03-11 08:00:00;11979.98;11982.356;11903.702;11915.336;0.5058;GBR.IDXEUR
2026-03-11 09:00:00;11915.198;11946.275;11902.088;11925.844;0.47124;GBR.IDXEUR
2026-03-11 10:00:00;11925.706;11999.419;11921.729;11996.708;0.355032;GBR.IDXEUR
2026-03-11 11:00:00;11996.208;12007.717;11943.304;11959.507;0.375696;GBR.IDXEUR
2026-03-11 12:00:00;11959.399;11976.438;11915.305;11939.327;0.51408;GBR.IDXEUR
2026-03-11 13:00:00;11939.189;11969.029;11933.514;11966.595;0.53712;GBR.IDXEUR
2026-03-11 14:00:00;11966.318;12037.98;11955.585;12032.607;0.673128;GBR.IDXEUR
2026-03-11 15:00:00;12032.155;12036.072;11944.784;11953.645;0.478944;GBR.IDXEUR
2026-03-11 16:00:00;11954.255;12023.835;11939.927;12020.956;0.469008;GBR.IDXEUR
2026-03-11 17:00:00;12020.817;12022.83;11972.843;11996.343;0.404928;GBR.IDXEUR
2026-03-11 18:00:00;11996.277;12019.734;11981.817;12011.779;0.263376;GBR.IDXEUR
2026-03-11 19:00:00;12011.189;12028.027;12000.562;12023.966;0.183672;GBR.IDXEUR
2026-03-11 20:00:00;12024.557;12024.822;11988.034;11989.199;0.102168;GBR.IDXEUR
2026-03-11 21:00:00;11988.757;11988.757;11988.757;11988.757;7.2e-05;GBR.IDXEUR
2026-03-11 23:00:00;11925.171;11928.164;11893.343;11907.515;0.145224;GBR.IDXEUR
2026-03-12 00:00:00;11907.659;11907.987;11884.295;11902.147;0.149616;GBR.IDXEUR
2026-03-12 01:00:00;11901.628;11947.847;11899.316;11927.404;0.078;GBR.IDXEUR
2026-03-12 02:00:00;11927.265;11929.117;11877.076;11883.606;0.078384;GBR.IDXEUR
2026-03-12 03:00:00;11884.303;11895.076;11870.361;11883.208;0.056184;GBR.IDXEUR
2026-03-12 04:00:00;11882.056;11894.885;11879.912;11889.168;0.035808;GBR.IDXEUR
2026-03-12 05:00:00;11889.386;11915.853;11887.944;11904.54;0.076584;GBR.IDXEUR
2026-03-12 06:00:00;11904.325;11921.331;11894.029;11918.07;0.06336;GBR.IDXEUR
2026-03-12 07:00:00;11918.393;11959.617;11897.206;11955.319;0.240288;GBR.IDXEUR
2026-03-12 08:00:00;11953.791;11960.83;11909.871;11953.491;0.44748;GBR.IDXEUR
2026-03-12 09:00:00;11953.768;11966.656;11911.583;11962.402;0.355392;GBR.IDXEUR
2026-03-12 10:00:00;11962.17;11965.593;11943.682;11952.242;0.296856;GBR.IDXEUR
2026-03-12 11:00:00;11952.402;12001.018;11939.452;11964.262;0.283536;GBR.IDXEUR
2026-03-12 12:00:00;11964.262;11971.698;11937.721;11965.823;0.394992;GBR.IDXEUR
2026-03-12 13:00:00;11965.685;11983.128;11923.103;11936.17;0.6444;GBR.IDXEUR
2026-03-12 14:00:00;11935.614;11965.518;11906.783;11943.224;0.640008;GBR.IDXEUR
2026-03-12 15:00:00;11943.362;11944.799;11886.787;11935.668;0.632952;GBR.IDXEUR
2026-03-12 16:00:00;11935.391;11965.132;11905.24;11947.105;0.630792;GBR.IDXEUR
2026-03-12 17:00:00;11947.105;11979.289;11941.129;11953.148;0.464112;GBR.IDXEUR
2026-03-12 18:00:00;11952.423;11972.926;11950.658;11953.857;0.306216;GBR.IDXEUR
2026-03-12 19:00:00;11953.719;11962.391;11932.297;11938.818;0.26712;GBR.IDXEUR
2026-03-12 20:00:00;11938.679;11939.287;11925.324;11927.129;0.150048;GBR.IDXEUR
2026-03-12 21:00:00;11927.129;11927.129;11927.129;11927.129;7.2e-05;GBR.IDXEUR
2026-03-12 23:00:00;11925.976;11931.885;11918.737;11919.656;0.081504;GBR.IDXEUR
2026-03-13 00:00:00;11919.38;11954.291;11906.158;11952.165;0.14664;GBR.IDXEUR
2026-03-13 01:00:00;11956.203;11994.623;11956.203;11981.549;0.069408;GBR.IDXEUR
2026-03-13 02:00:00;11981.166;11996.067;11978.988;11983.817;0.049104;GBR.IDXEUR
2026-03-13 03:00:00;11983.678;11985.995;11969.593;11982.031;0.047664;GBR.IDXEUR
2026-03-13 04:00:00;11981.753;11989.125;11958.447;11962.219;0.046752;GBR.IDXEUR
2026-03-13 05:00:00;11962.219;11966.81;11953.507;11961.91;0.046272;GBR.IDXEUR
2026-03-13 06:00:00;11961.538;11963.973;11922.08;11931.793;0.071976;GBR.IDXEUR
2026-03-13 07:00:00;11931.516;11939.704;11856.753;11884.796;0.3732;GBR.IDXEUR
2026-03-13 08:00:00;11884.796;11893.048;11821.336;11881.382;0.556488;GBR.IDXEUR
2026-03-13 09:00:00;11881.868;11901.642;11865.075;11893.556;0.413496;GBR.IDXEUR
2026-03-13 10:00:00;11893.556;11924.665;11883.403;11911.866;0.348984;GBR.IDXEUR
2026-03-13 11:00:00;11912.004;11947.043;11896.08;11932.705;0.384768;GBR.IDXEUR
2026-03-13 12:00:00;11933.119;11962.261;11925.678;11946.903;0.463104;GBR.IDXEUR
2026-03-13 13:00:00;11946.626;11991.477;11931.722;11973.422;0.479736;GBR.IDXEUR
2026-03-13 14:00:00;11972.851;11982.204;11895.68;11897.233;0.568584;GBR.IDXEUR
2026-03-13 15:00:00;11897.691;11916.769;11856.08;11857.505;0.558288;GBR.IDXEUR
2026-03-13 16:00:00;11857.368;11887.745;11852.951;11869.898;0.56736;GBR.IDXEUR
2026-03-13 17:00:00;11870.173;11894.294;11852.326;11856.405;0.414792;GBR.IDXEUR
2026-03-13 18:00:00;11856.654;11905.398;11854.01;11901.492;0.29412;GBR.IDXEUR
2026-03-13 19:00:00;11901.354;11902.306;11856.126;11877.01;0.25668;GBR.IDXEUR
2026-03-13 20:00:00;11876.768;11878.936;11853.903;11854.954;0.181008;GBR.IDXEUR
2026-03-15 23:00:00;11896.354;11901.015;11881.075;11890.214;0.148296;GBR.IDXEUR
2026-03-16 00:00:00;11889.993;11923.693;11889.835;11911.851;0.162744;GBR.IDXEUR
2026-03-16 01:00:00;11908.409;11939.274;11893.605;11911.585;0.092784;GBR.IDXEUR
2026-03-16 02:00:00;11911.723;11912.518;11885.963;11890.388;0.066312;GBR.IDXEUR
2026-03-16 03:00:00;11890.938;11924.436;11888.773;11924.335;0.04584;GBR.IDXEUR
2026-03-16 04:00:00;11924.335;11928.217;11913.026;11913.992;0.031872;GBR.IDXEUR
2026-03-16 05:00:00;11913.716;11940.038;11913.463;11937.58;0.04704;GBR.IDXEUR
2026-03-16 06:00:00;11938.525;11949.886;11937.921;11948.058;0.055392;GBR.IDXEUR
2026-03-16 07:00:00;11947.725;11951.108;11912.471;11917.132;0.273864;GBR.IDXEUR
2026-03-16 08:00:00;11915.623;11953.662;11879.756;11894.294;0.493344;GBR.IDXEUR
2026-03-16 09:00:00;11894.294;11906.163;11864.135;11872.787;0.412488;GBR.IDXEUR
2026-03-16 10:00:00;11872.787;11917.979;11869.832;11916.107;0.368496;GBR.IDXEUR
2026-03-16 11:00:00;11914.933;11931.309;11907.723;11926.826;0.309384;GBR.IDXEUR
2026-03-16 12:00:00;11927.24;11963.792;11925.98;11944.6;0.322128;GBR.IDXEUR
2026-03-16 13:00:00;11944.431;12001.818;11942.121;12000.415;0.4068;GBR.IDXEUR
2026-03-16 14:00:00;11999.998;12012.597;11972.546;11998.742;0.487008;GBR.IDXEUR
2026-03-16 15:00:00;11999.09;12002.748;11973.601;11975.451;0.407304;GBR.IDXEUR
2026-03-16 16:00:00;11975.728;11983.931;11941.975;11952.273;0.503136;GBR.IDXEUR
2026-03-16 17:00:00;11952.55;11978.575;11945.446;11960.972;0.3798;GBR.IDXEUR
2026-03-16 18:00:00;11961.377;11981.622;11961.218;11977.038;0.268632;GBR.IDXEUR
2026-03-16 19:00:00;11976.553;11991.349;11960.472;11990.967;0.28944;GBR.IDXEUR
2026-03-16 20:00:00;11990.828;11990.967;11969.468;11973.011;0.144576;GBR.IDXEUR
2026-03-16 21:00:00;11972.873;11972.873;11972.873;11972.873;7.2e-05;GBR.IDXEUR
2026-03-16 23:00:00;11968.201;11975.478;11966.956;11975.409;0.052344;GBR.IDXEUR
2026-03-17 00:00:00;11975.536;11975.624;11949.998;11954.87;0.104664;GBR.IDXEUR
2026-03-17 01:00:00;11955.461;11976.204;11947.548;11974.373;0.060696;GBR.IDXEUR
2026-03-17 02:00:00;11974.234;11977.213;11955.769;11956.58;0.039576;GBR.IDXEUR
2026-03-17 03:00:00;11956.441;11970.329;11949.209;11953.257;0.058704;GBR.IDXEUR
2026-03-17 04:00:00;11953.029;11967.099;11948.601;11961.085;0.03072;GBR.IDXEUR
2026-03-17 05:00:00;11961.224;11965.425;11938.326;11938.571;0.047088;GBR.IDXEUR
2026-03-17 06:00:00;11938.71;11940.883;11924.256;11935.584;0.081312;GBR.IDXEUR
2026-03-17 07:00:00;11935.86;11945.289;11920.604;11939.555;0.234144;GBR.IDXEUR
2026-03-17 08:00:00;11940.698;11983.411;11930.966;11977.802;0.463896;GBR.IDXEUR
2026-03-17 09:00:00;11977.524;12030.033;11977.108;12027.104;0.330984;GBR.IDXEUR
2026-03-17 10:00:00;12026.508;12030.89;12001.488;12013.829;0.291024;GBR.IDXEUR
2026-03-17 11:00:00;12013.968;12038.725;12010.654;12022.356;0.262656;GBR.IDXEUR
2026-03-17 12:00:00;12022.495;12047.269;12021.72;12029.823;0.292536;GBR.IDXEUR
2026-03-17 13:00:00;12030.033;12064.0;12024.871;12063.105;0.461232;GBR.IDXEUR
2026-03-17 14:00:00;12062.965;12083.062;12056.221;12070.852;0.417384;GBR.IDXEUR
2026-03-17 15:00:00;12070.504;12076.397;12032.831;12058.634;0.491184;GBR.IDXEUR
2026-03-17 16:00:00;12059.216;12060.537;12025.579;12031.915;0.518544;GBR.IDXEUR
2026-03-17 17:00:00;12032.194;12048.744;12016.652;12024.408;0.28332;GBR.IDXEUR
2026-03-17 18:00:00;12024.129;12028.797;12001.231;12011.598;0.200088;GBR.IDXEUR
2026-03-17 19:00:00;12011.32;12016.374;11997.444;12004.85;0.168264;GBR.IDXEUR
2026-03-17 20:00:00;12004.021;12010.593;11993.925;11997.859;0.095472;GBR.IDXEUR
2026-03-17 21:00:00;11998.553;11998.553;11998.553;11998.553;7.2e-05;GBR.IDXEUR
2026-03-17 23:00:00;11995.686;11998.157;11992.545;11994.198;0.12276;GBR.IDXEUR
2026-03-18 00:00:00;11994.198;12014.105;11992.753;12013.781;0.158952;GBR.IDXEUR
2026-03-18 01:00:00;12012.712;12027.717;12011.184;12017.815;0.049728;GBR.IDXEUR
2026-03-18 02:00:00;12017.815;12030.689;12016.223;12029.644;0.03408;GBR.IDXEUR
2026-03-18 03:00:00;12029.366;12042.416;12026.725;12039.867;0.025512;GBR.IDXEUR
2026-03-18 04:00:00;12039.867;12042.199;12033.531;12035.034;0.03348;GBR.IDXEUR
2026-03-18 05:00:00;12035.36;12056.569;12033.18;12056.13;0.042288;GBR.IDXEUR
2026-03-18 06:00:00;12056.13;12070.958;12048.387;12066.273;0.047712;GBR.IDXEUR
2026-03-18 07:00:00;12065.994;12069.338;12043.585;12064.721;0.17724;GBR.IDXEUR
2026-03-18 08:00:00;12063.309;12090.53;12049.487;12069.121;0.300888;GBR.IDXEUR
2026-03-18 09:00:00;12069.261;12090.625;12062.308;12084.799;0.236592;GBR.IDXEUR
2026-03-18 10:00:00;12085.311;12085.458;12065.142;12071.699;0.209592;GBR.IDXEUR
2026-03-18 11:00:00;12071.839;12092.31;12058.825;12070.334;0.378864;GBR.IDXEUR
2026-03-18 12:00:00;12070.055;12072.107;11969.778;11974.848;0.586512;GBR.IDXEUR
2026-03-18 13:00:00;11974.709;11981.642;11935.6;11944.866;0.61812;GBR.IDXEUR
2026-03-18 14:00:00;11944.916;11960.557;11890.679;11916.153;0.577944;GBR.IDXEUR
2026-03-18 15:00:00;11916.291;11940.868;11892.134;11905.835;0.48096;GBR.IDXEUR
2026-03-18 16:00:00;11906.428;11940.178;11891.592;11935.848;0.418896;GBR.IDXEUR
2026-03-18 17:00:00;11935.987;11938.499;11912.314;11918.099;0.329112;GBR.IDXEUR
2026-03-18 18:00:00;11917.547;11923.417;11878.369;11878.507;0.568224;GBR.IDXEUR
2026-03-18 19:00:00;11878.575;11888.677;11844.519;11857.142;0.413064;GBR.IDXEUR
2026-03-18 20:00:00;11857.416;11861.035;11827.432;11833.251;0.244728;GBR.IDXEUR
2026-03-18 23:00:00;11819.489;11829.256;11818.837;11825.431;0.07116;GBR.IDXEUR
2026-03-19 00:00:00;11825.841;11833.125;11812.496;11823.753;0.141816;GBR.IDXEUR
2026-03-19 01:00:00;11823.981;11851.189;11819.177;11839.601;0.065112;GBR.IDXEUR
2026-03-19 02:00:00;11840.748;11863.14;11826.453;11847.479;0.085608;GBR.IDXEUR
2026-03-19 03:00:00;11847.616;11858.528;11839.182;11839.923;0.041832;GBR.IDXEUR
2026-03-19 04:00:00;11840.197;11840.197;11790.204;11800.473;0.042504;GBR.IDXEUR
2026-03-19 05:00:00;11800.694;11804.21;11775.586;11779.147;0.053472;GBR.IDXEUR
2026-03-19 06:00:00;11779.556;11804.126;11778.02;11792.482;0.087864;GBR.IDXEUR
2026-03-19 07:00:00;11792.482;11805.581;11766.348;11783.575;0.417048;GBR.IDXEUR
2026-03-19 08:00:00;11783.224;11801.595;11704.982;11716.648;0.652968;GBR.IDXEUR
2026-03-19 09:00:00;11716.648;11746.284;11683.065;11736.757;0.69948;GBR.IDXEUR
2026-03-19 10:00:00;11736.621;11736.621;11683.665;11689.234;0.440352;GBR.IDXEUR
2026-03-19 11:00:00;11689.795;11701.786;11655.578;11676.076;0.422424;GBR.IDXEUR
2026-03-19 12:00:00;11675.223;11680.264;11587.458;11599.255;0.67788;GBR.IDXEUR
2026-03-19 13:00:00;11598.987;11672.247;11567.237;11672.112;0.854136;GBR.IDXEUR
2026-03-19 14:00:00;11674.039;11686.868;11637.454;11653.426;0.796248;GBR.IDXEUR
2026-03-19 15:00:00;11653.561;11698.483;11639.542;11673.615;0.658944;GBR.IDXEUR
2026-03-19 16:00:00;11674.248;11694.897;11618.257;11639.19;0.69948;GBR.IDXEUR
2026-03-19 17:00:00;11639.19;11641.432;11598.217;11611.023;0.44928;GBR.IDXEUR
2026-03-19 18:00:00;11611.292;11628.801;11593.712;11614.923;0.332712;GBR.IDXEUR
2026-03-19 19:00:00;11614.923;11695.006;11614.654;11652.767;0.729144;GBR.IDXEUR
2026-03-19 20:00:00;11652.361;11681.745;11647.391;11666.326;0.162864;GBR.IDXEUR
2026-03-19 21:00:00;11666.191;11666.191;11666.191;11666.191;7.2e-05;GBR.IDXEUR
2026-03-19 23:00:00;11678.371;11683.686;11671.33;11676.623;0.056712;GBR.IDXEUR
2026-03-20 00:00:00;11676.753;11683.79;11670.225;11676.515;0.101232;GBR.IDXEUR
2026-03-20 01:00:00;11668.375;11709.715;11667.486;11684.693;0.081936;GBR.IDXEUR
2026-03-20 02:00:00;11684.829;11688.731;11674.51;11675.992;0.052488;GBR.IDXEUR
2026-03-20 03:00:00;11675.992;11682.439;11668.959;11674.982;0.048528;GBR.IDXEUR
2026-03-20 04:00:00;11674.982;11680.426;11659.962;11663.892;0.03156;GBR.IDXEUR
2026-03-20 05:00:00;11663.892;11677.079;11655.307;11675.36;0.051144;GBR.IDXEUR
2026-03-20 06:00:00;11675.36;11686.051;11653.137;11658.042;0.048576;GBR.IDXEUR
2026-03-20 07:00:00;11658.177;11727.987;11642.15;11717.605;0.274632;GBR.IDXEUR
2026-03-20 08:00:00;11718.313;11755.634;11708.569;11724.604;0.45216;GBR.IDXEUR
2026-03-20 09:00:00;11724.332;11734.893;11639.522;11652.929;0.500616;GBR.IDXEUR
2026-03-20 10:00:00;11653.199;11658.504;11582.196;11621.042;0.582336;GBR.IDXEUR
2026-03-20 11:00:00;11620.702;11679.744;11619.492;11673.202;0.4554;GBR.IDXEUR
2026-03-20 12:00:00;11672.932;11696.556;11649.329;11680.976;0.508104;GBR.IDXEUR
2026-03-20 13:00:00;11681.499;11684.409;11616.13;11618.971;0.634536;GBR.IDXEUR
2026-03-20 14:00:00;11619.078;11619.408;11459.025;11466.111;0.800712;GBR.IDXEUR
2026-03-20 15:00:00;11466.111;11493.677;11442.318;11454.11;0.758664;GBR.IDXEUR
2026-03-20 16:00:00;11454.316;11470.719;11381.398;11407.594;0.647568;GBR.IDXEUR
2026-03-20 17:00:00;11407.857;11424.599;11380.69;11406.669;0.51408;GBR.IDXEUR
2026-03-20 18:00:00;11407.029;11412.795;11338.286;11345.677;0.475416;GBR.IDXEUR
2026-03-20 19:00:00;11345.808;11372.992;11295.834;11360.017;0.424728;GBR.IDXEUR
2026-03-20 20:00:00;11360.017;11368.167;11334.098;11338.58;0.24588;GBR.IDXEUR
2026-03-22 23:00:00;11296.178;11309.973;11289.283;11297.512;0.135552;GBR.IDXEUR
2026-03-23 00:00:00;11297.512;11322.903;11292.552;11300.795;0.217296;GBR.IDXEUR
2026-03-23 01:00:00;11284.009;11374.929;11272.478;11353.954;0.151584;GBR.IDXEUR
2026-03-23 02:00:00;11354.085;11370.923;11315.734;11321.856;0.111264;GBR.IDXEUR
2026-03-23 03:00:00;11322.409;11330.835;11284.379;11288.288;0.088128;GBR.IDXEUR
2026-03-23 04:00:00;11288.288;11312.999;11286.813;11312.999;0.061368;GBR.IDXEUR
2026-03-23 05:00:00;11312.792;11329.847;11287.404;11300.558;0.08496;GBR.IDXEUR
2026-03-23 06:00:00;11300.428;11310.251;11263.545;11269.625;0.124848;GBR.IDXEUR
2026-03-23 07:00:00;11269.625;11288.662;11247.426;11263.866;0.475416;GBR.IDXEUR
2026-03-23 08:00:00;11267.405;11306.892;11244.284;11251.756;0.759456;GBR.IDXEUR
2026-03-23 09:00:00;11251.756;11280.622;11198.112;11204.057;0.631584;GBR.IDXEUR
2026-03-23 10:00:00;11204.574;11226.649;11159.945;11180.491;0.552168;GBR.IDXEUR
2026-03-23 11:00:00;11179.975;11545.157;11179.975;11434.718;1.079784;GBR.IDXEUR
2026-03-23 12:00:00;11435.037;11545.176;11402.42;11533.037;0.954576;GBR.IDXEUR
2026-03-23 13:00:00;11532.683;11550.84;11468.232;11530.641;0.892584;GBR.IDXEUR
2026-03-23 14:00:00;11530.77;11596.85;11526.42;11582.678;0.812736;GBR.IDXEUR
2026-03-23 15:00:00;11582.141;11615.398;11459.378;11459.925;0.782352;GBR.IDXEUR
2026-03-23 16:00:00;11460.564;11476.484;11423.254;11460.128;0.810864;GBR.IDXEUR
2026-03-23 17:00:00;11460.26;11540.129;11442.878;11519.053;0.541152;GBR.IDXEUR
2026-03-23 18:00:00;11519.053;11549.499;11483.579;11524.336;0.491616;GBR.IDXEUR
2026-03-23 20:00:00;11493.989;11503.062;11481.086;11495.256;0.153288;GBR.IDXEUR
2026-03-23 23:00:00;11522.342;11523.966;11511.811;11518.26;0.091512;GBR.IDXEUR
2026-03-24 00:00:00;11518.379;11518.779;11457.068;11470.85;0.218784;GBR.IDXEUR
2026-03-24 01:00:00;11429.41;11429.41;11356.863;11374.9;0.152496;GBR.IDXEUR
2026-03-24 02:00:00;11375.132;11402.205;11358.591;11381.563;0.12576;GBR.IDXEUR
2026-03-24 03:00:00;11381.247;11405.365;11372.093;11405.127;0.08196;GBR.IDXEUR
2026-03-24 04:00:00;11404.995;11414.114;11389.725;11397.51;0.067848;GBR.IDXEUR
2026-03-24 05:00:00;11397.187;11399.509;11357.222;11395.387;0.098208;GBR.IDXEUR
2026-03-24 06:00:00;11395.387;11447.607;11392.708;11442.999;0.104784;GBR.IDXEUR
2026-03-24 07:00:00;11442.999;11480.581;11441.397;11452.539;0.446568;GBR.IDXEUR
2026-03-24 08:00:00;11451.6;11489.498;11411.694;11414.715;0.641232;GBR.IDXEUR
2026-03-24 09:00:00;11414.715;11450.991;11370.204;11442.042;0.503784;GBR.IDXEUR
2026-03-24 10:00:00;11442.042;11472.058;11418.27;11456.935;0.419544;GBR.IDXEUR
2026-03-24 11:00:00;11456.803;11483.431;11427.225;11469.17;0.431352;GBR.IDXEUR
2026-03-24 12:00:00;11469.538;11476.42;11395.072;11403.211;0.484416;GBR.IDXEUR
2026-03-24 13:00:00;11403.211;11430.342;11370.079;11425.175;0.621216;GBR.IDXEUR
2026-03-24 14:00:00;11425.307;11511.836;11425.118;11496.751;0.6732;GBR.IDXEUR
2026-03-24 15:00:00;11496.523;11527.499;11480.466;11480.466;0.610128;GBR.IDXEUR
2026-03-24 16:00:00;11480.334;11523.31;11466.898;11504.889;0.503424;GBR.IDXEUR
2026-03-24 17:00:00;11504.756;11508.481;11457.165;11492.601;0.549864;GBR.IDXEUR
2026-03-24 18:00:00;11492.601;11529.0;11480.085;11504.387;0.435816;GBR.IDXEUR
2026-03-24 19:00:00;11504.198;11537.3;11477.081;11480.672;0.289008;GBR.IDXEUR
2026-03-24 20:00:00;11480.346;11587.292;11477.543;11559.221;0.511848;GBR.IDXEUR
2026-03-24 23:00:00;11568.419;11572.8;11561.918;11563.409;0.080136;GBR.IDXEUR
2026-03-25 00:00:00;11563.276;11588.33;11558.697;11584.276;0.174288;GBR.IDXEUR
2026-03-25 01:00:00;11597.234;11617.277;11590.472;11598.438;0.096096;GBR.IDXEUR
2026-03-25 02:00:00;11598.304;11598.304;11560.379;11562.304;0.071304;GBR.IDXEUR
2026-03-25 03:00:00;11562.09;11568.594;11553.324;11564.993;0.053088;GBR.IDXEUR
2026-03-25 04:00:00;11565.127;11583.493;11562.371;11579.541;0.045192;GBR.IDXEUR
2026-03-25 05:00:00;11579.808;11581.33;11559.003;11567.021;0.07152;GBR.IDXEUR
2026-03-25 06:00:00;11567.421;11572.761;11551.722;11565.741;0.073056;GBR.IDXEUR
2026-03-25 07:00:00;11565.474;11590.841;11539.613;11589.925;0.308448;GBR.IDXEUR
2026-03-25 08:00:00;11590.192;11645.932;11575.601;11625.082;0.548064;GBR.IDXEUR
2026-03-25 09:00:00;11625.351;11641.81;11591.294;11611.998;0.389232;GBR.IDXEUR
2026-03-25 10:00:00;11612.266;11656.428;11611.303;11649.235;0.343944;GBR.IDXEUR
2026-03-25 11:00:00;11648.973;11689.278;11645.567;11686.267;0.321696;GBR.IDXEUR
2026-03-25 12:00:00;11685.201;11700.314;11613.363;11655.666;0.517176;GBR.IDXEUR
2026-03-25 13:00:00;11655.935;11677.469;11629.754;11641.237;0.513072;GBR.IDXEUR
2026-03-25 14:00:00;11641.506;11686.386;11625.911;11662.336;0.558504;GBR.IDXEUR
2026-03-25 15:00:00;11662.893;11669.815;11599.449;11649.157;0.536832;GBR.IDXEUR
2026-03-25 16:00:00;11649.291;11702.914;11637.169;11692.041;0.51516;GBR.IDXEUR
2026-03-25 17:00:00;11692.616;11711.294;11682.703;11687.098;0.329976;GBR.IDXEUR
2026-03-25 18:00:00;11686.963;11692.195;11661.139;11678.4;0.218664;GBR.IDXEUR
2026-03-25 19:00:00;11677.794;11696.237;11670.365;11686.762;0.21096;GBR.IDXEUR
2026-03-25 20:00:00;11686.762;11693.725;11674.735;11678.916;0.105408;GBR.IDXEUR
2026-03-25 21:00:00;11678.566;11678.566;11678.566;11678.566;7.2e-05;GBR.IDXEUR
2026-03-25 23:00:00;11657.777;11659.78;11648.915;11656.99;0.058392;GBR.IDXEUR
2026-03-26 00:00:00;11656.72;11676.371;11653.996;11664.493;0.098112;GBR.IDXEUR
2026-03-26 01:00:00;11665.852;11673.182;11641.421;11645.954;0.061296;GBR.IDXEUR
2026-03-26 02:00:00;11645.331;11651.14;11603.913;11606.918;0.063576;GBR.IDXEUR
2026-03-26 03:00:00;11606.918;11639.88;11605.086;11622.599;0.052944;GBR.IDXEUR
2026-03-26 04:00:00;11621.993;11628.1;11617.103;11619.05;0.033168;GBR.IDXEUR
2026-03-26 05:00:00;11619.05;11625.315;11599.306;11602.77;0.060888;GBR.IDXEUR
2026-03-26 06:00:00;11602.502;11635.23;11597.643;11624.672;0.073776;GBR.IDXEUR
2026-03-26 07:00:00;11624.538;11629.137;11592.605;11603.507;0.23652;GBR.IDXEUR
2026-03-26 08:00:00;11603.507;11608.132;11553.592;11577.574;0.451584;GBR.IDXEUR
2026-03-26 09:00:00;11577.183;11584.673;11517.38;11540.101;0.354888;GBR.IDXEUR
2026-03-26 10:00:00;11539.968;11577.212;11526.244;11555.891;0.286272;GBR.IDXEUR
2026-03-26 11:00:00;11555.891;11564.393;11521.959;11521.959;0.302688;GBR.IDXEUR
2026-03-26 12:00:00;11522.358;11548.048;11508.611;11537.464;0.38052;GBR.IDXEUR
2026-03-26 13:00:00;11537.197;11584.986;11524.841;11584.007;0.503928;GBR.IDXEUR
2026-03-26 14:00:00;11583.691;11610.818;11547.263;11564.785;0.59112;GBR.IDXEUR
2026-03-26 15:00:00;11564.92;11568.249;11526.731;11536.079;0.51192;GBR.IDXEUR
2026-03-26 16:00:00;11535.827;11552.947;11509.574;11518.496;0.441936;GBR.IDXEUR
2026-03-26 17:00:00;11518.629;11535.203;11481.7;11483.48;0.29736;GBR.IDXEUR
2026-03-26 18:00:00;11483.347;11525.953;11483.347;11524.486;0.21492;GBR.IDXEUR
2026-03-26 19:00:00;11524.353;11525.292;11473.147;11478.664;0.230472;GBR.IDXEUR
2026-03-26 20:00:00;11478.432;11566.44;11475.362;11497.803;0.337824;GBR.IDXEUR
2026-03-26 23:00:00;11513.044;11520.38;11507.8;11518.015;0.0762;GBR.IDXEUR
2026-03-27 00:00:00;11517.882;11524.48;11502.061;11504.907;0.159072;GBR.IDXEUR
2026-03-27 01:00:00;11498.223;11534.829;11490.774;11532.463;0.063192;GBR.IDXEUR
2026-03-27 02:00:00;11532.197;11549.233;11532.197;11540.801;0.056256;GBR.IDXEUR
2026-03-27 03:00:00;11540.576;11568.624;11535.516;11566.181;0.05664;GBR.IDXEUR
2026-03-27 04:00:00;11566.315;11573.036;11560.586;11571.031;0.042504;GBR.IDXEUR
2026-03-27 05:00:00;11570.763;11592.783;11570.763;11570.897;0.060528;GBR.IDXEUR
2026-03-27 06:00:00;11571.164;11577.431;11545.374;11549.335;0.064416;GBR.IDXEUR
2026-03-27 07:00:00;11549.93;11571.03;11542.041;11569.995;0.204768;GBR.IDXEUR
2026-03-27 08:00:00;11569.421;11592.885;11474.142;11475.462;0.474696;GBR.IDXEUR
2026-03-27 09:00:00;11475.727;11494.711;11443.038;11454.24;0.394776;GBR.IDXEUR
2026-03-27 10:00:00;11454.108;11484.69;11439.072;11440.594;0.359208;GBR.IDXEUR
2026-03-27 11:00:00;11441.44;11476.345;11418.191;11461.639;0.328392;GBR.IDXEUR
2026-03-27 12:00:00;11460.962;11479.716;11443.83;11466.434;0.374688;GBR.IDXEUR
2026-03-27 13:00:00;11467.33;11492.597;11429.919;11468.006;0.518328;GBR.IDXEUR
2026-03-27 14:00:00;11467.873;11506.846;11463.538;11500.488;0.496584;GBR.IDXEUR
2026-03-27 15:00:00;11500.621;11538.621;11493.289;11500.186;0.530712;GBR.IDXEUR
2026-03-27 16:00:00;11499.921;11510.237;11475.792;11502.473;0.47484;GBR.IDXEUR
2026-03-27 17:00:00;11502.707;11517.574;11472.45;11473.391;0.31536;GBR.IDXEUR
2026-03-27 18:00:00;11473.178;11475.476;11446.506;11459.124;0.2376;GBR.IDXEUR
2026-03-27 19:00:00;11458.992;11462.284;11424.768;11451.355;0.258408;GBR.IDXEUR
2026-03-27 20:00:00;11450.049;11455.892;11399.834;11400.648;0.250848;GBR.IDXEUR
2026-03-29 22:00:00;11373.638;11382.672;11357.249;11379.411;0.166896;GBR.IDXEUR
2026-03-29 23:00:00;11379.275;11382.887;11356.954;11361.195;0.148968;GBR.IDXEUR
2026-03-30 00:00:00;11352.021;11416.2;11351.89;11371.552;0.136848;GBR.IDXEUR
2026-03-30 01:00:00;11371.683;11410.866;11368.549;11405.899;0.126888;GBR.IDXEUR
2026-03-30 02:00:00;11406.255;11432.23;11393.004;11425.91;0.088464;GBR.IDXEUR
2026-03-30 03:00:00;11426.173;11448.604;11424.9;11444.345;0.057624;GBR.IDXEUR
2026-03-30 04:00:00;11444.477;11461.276;11440.684;11447.011;0.047304;GBR.IDXEUR
2026-03-30 05:00:00;11447.364;11467.455;11444.376;11444.93;0.066168;GBR.IDXEUR
2026-03-30 06:00:00;11445.288;11501.375;11442.424;11482.983;0.252192;GBR.IDXEUR
2026-03-30 07:00:00;11479.98;11531.944;11476.933;11529.565;0.423216;GBR.IDXEUR
2026-03-30 08:00:00;11529.3;11572.509;11517.483;11569.788;0.355608;GBR.IDXEUR
2026-03-30 09:00:00;11570.357;11575.398;11524.984;11529.915;0.350064;GBR.IDXEUR
2026-03-30 10:00:00;11530.264;11559.666;11525.808;11555.392;0.270504;GBR.IDXEUR
2026-03-30 11:00:00;11556.227;11623.348;11555.679;11584.448;0.430704;GBR.IDXEUR
2026-03-30 12:00:00;11584.448;11615.635;11577.062;11605.5;0.38988;GBR.IDXEUR
2026-03-30 13:00:00;11604.921;11619.757;11579.839;11587.064;0.525168;GBR.IDXEUR
2026-03-30 14:00:00;11587.294;11650.303;11586.47;11650.303;0.644472;GBR.IDXEUR
2026-03-30 15:00:00;11650.437;11693.575;11632.689;11686.591;0.541584;GBR.IDXEUR
2026-03-30 16:00:00;11686.125;11689.343;11636.138;11639.769;0.377064;GBR.IDXEUR
2026-03-30 17:00:00;11639.553;11650.188;11601.596;11613.288;0.334872;GBR.IDXEUR
2026-03-30 18:00:00;11613.752;11619.149;11580.028;11585.106;0.243792;GBR.IDXEUR
2026-03-30 19:00:00;11585.239;11590.958;11549.671;11590.038;0.256752;GBR.IDXEUR
2026-03-30 20:00:00;11590.014;11590.014;11574.957;11575.471;0.031056;GBR.IDXEUR
2026-03-30 22:00:00;11583.174;11588.056;11578.634;11580.333;0.060648;GBR.IDXEUR
2026-03-30 23:00:00;11580.2;11580.2;11556.489;11559.207;0.114576;GBR.IDXEUR
2026-03-31 00:00:00;11537.962;11629.604;11521.794;11613.398;0.153792;GBR.IDXEUR
2026-03-31 01:00:00;11613.531;11678.888;11580.165;11669.413;0.209472;GBR.IDXEUR
2026-03-31 02:00:00;11669.396;11677.908;11652.836;11653.054;0.146112;GBR.IDXEUR
2026-03-31 03:00:00;11653.298;11670.853;11630.611;11632.524;0.095496;GBR.IDXEUR
2026-03-31 04:00:00;11631.948;11636.088;11613.813;11614.758;0.080784;GBR.IDXEUR
2026-03-31 05:00:00;11614.427;11667.387;11598.808;11651.461;0.10944;GBR.IDXEUR
2026-03-31 06:00:00;11650.924;11651.588;11595.876;11619.531;0.325392;GBR.IDXEUR
2026-03-31 07:00:00;11619.335;11759.027;11619.335;11755.413;0.498888;GBR.IDXEUR
2026-03-31 08:00:00;11755.894;11763.135;11729.341;11743.953;0.40032;GBR.IDXEUR
2026-03-31 09:00:00;11743.818;11758.014;11730.67;11748.274;0.336384;GBR.IDXEUR
2026-03-31 10:00:00;11747.561;11767.113;11698.008;11741.079;0.315;GBR.IDXEUR
2026-03-31 11:00:00;11742.432;11793.649;11735.914;11775.188;0.533016;GBR.IDXEUR
2026-03-31 12:00:00;11774.836;11787.915;11736.515;11747.151;0.514656;GBR.IDXEUR
2026-03-31 13:00:00;11747.016;11755.529;11715.382;11735.461;0.495792;GBR.IDXEUR
2026-03-31 14:00:00;11735.394;11749.22;11651.167;11659.622;0.653328;GBR.IDXEUR
2026-03-31 15:00:00;11659.756;11707.524;11632.096;11637.272;0.693432;GBR.IDXEUR
2026-03-31 16:00:00;11636.872;11773.435;11627.605;11708.429;0.70956;GBR.IDXEUR
2026-03-31 17:00:00;11708.697;11731.061;11670.731;11711.617;0.661392;GBR.IDXEUR
2026-03-31 18:00:00;11711.483;11730.689;11698.311;11721.689;0.392256;GBR.IDXEUR
2026-03-31 19:00:00;11721.555;11771.509;11717.364;11770.762;0.320616;GBR.IDXEUR
2026-03-31 20:00:00;11770.762;11770.762;11756.031;11764.868;0.049872;GBR.IDXEUR
2026-03-31 22:00:00;11759.115;11765.148;11752.467;11761.733;0.086568;GBR.IDXEUR
2026-03-31 23:00:00;11761.868;11775.211;11757.784;11773.16;0.079968;GBR.IDXEUR
2026-04-01 00:00:00;11773.38;11784.549;11766.279;11783.755;0.080688;GBR.IDXEUR
2026-04-01 01:00:00;11783.755;11787.798;11762.041;11763.652;0.111552;GBR.IDXEUR
2026-04-01 02:00:00;11763.518;11774.902;11754.204;11757.128;0.064464;GBR.IDXEUR
2026-04-01 03:00:00;11756.725;11778.719;11755.122;11770.919;0.05268;GBR.IDXEUR
2026-04-01 04:00:00;11770.738;11782.785;11769.155;11778.069;0.039744;GBR.IDXEUR
2026-04-01 05:00:00;11778.618;11796.686;11775.07;11789.082;0.062256;GBR.IDXEUR
2026-04-01 06:00:00;11788.812;11866.994;11785.857;11859.134;0.40524;GBR.IDXEUR
2026-04-01 07:00:00;11858.685;11891.344;11804.987;11809.763;0.55368;GBR.IDXEUR
2026-04-01 08:00:00;11809.627;11870.123;11803.142;11860.462;0.473904;GBR.IDXEUR
2026-04-01 09:00:00;11860.462;11900.219;11839.003;11878.077;0.443592;GBR.IDXEUR
2026-04-01 10:00:00;11878.523;11903.502;11862.411;11894.832;0.386496;GBR.IDXEUR
2026-04-01 11:00:00;11893.358;11927.738;11892.138;11914.386;0.351216;GBR.IDXEUR
2026-04-01 12:00:00;11914.17;11925.951;11853.359;11858.559;0.515592;GBR.IDXEUR
2026-04-01 13:00:00;11858.559;11881.292;11822.599;11840.665;0.61812;GBR.IDXEUR
2026-04-01 14:00:00;11840.529;11871.003;11809.137;11864.701;0.63324;GBR.IDXEUR
2026-04-01 15:00:00;11864.565;11934.738;11860.18;11931.652;0.506304;GBR.IDXEUR
2026-04-01 16:00:00;11931.284;11937.767;11908.315;11933.458;0.30996;GBR.IDXEUR
2026-04-01 17:00:00;11932.846;11955.163;11931.984;11941.885;0.237456;GBR.IDXEUR
2026-04-01 18:00:00;11941.611;11943.14;11899.742;11915.038;0.338976;GBR.IDXEUR
2026-04-01 19:00:00;11914.901;11971.875;11912.021;11965.982;0.276336;GBR.IDXEUR
2026-04-01 20:00:00;11965.661;11966.587;11958.934;11965.081;0.031608;GBR.IDXEUR
2026-04-01 22:00:00;11957.409;11959.043;11948.232;11949.81;0.06768;GBR.IDXEUR
2026-04-01 23:00:00;11950.175;11956.522;11945.052;11950.276;0.059976;GBR.IDXEUR
2026-04-02 00:00:00;11967.797;11984.028;11945.425;11979.453;0.095136;GBR.IDXEUR
2026-04-02 01:00:00;11979.041;11979.34;11828.383;11841.459;0.239904;GBR.IDXEUR
2026-04-02 02:00:00;11841.731;11845.304;11807.177;11819.182;0.129168;GBR.IDXEUR
2026-04-02 03:00:00;11819.046;11821.932;11783.399;11784.824;0.08316;GBR.IDXEUR
2026-04-02 04:00:00;11785.422;11793.723;11769.677;11776.249;0.066936;GBR.IDXEUR
2026-04-02 05:00:00;11776.384;11781.159;11760.373;11765.074;0.09012;GBR.IDXEUR
2026-04-02 06:00:00;11765.074;11790.483;11762.697;11787.603;0.327768;GBR.IDXEUR
2026-04-02 07:00:00;11786.314;11869.691;11781.727;11868.265;0.429408;GBR.IDXEUR
2026-04-02 08:00:00;11868.401;11877.237;11840.724;11873.83;0.307872;GBR.IDXEUR
2026-04-02 09:00:00;11874.083;11879.061;11837.331;11863.104;0.293112;GBR.IDXEUR
2026-04-02 10:00:00;11863.104;11868.591;11832.561;11850.851;0.302328;GBR.IDXEUR
2026-04-02 11:00:00;11850.08;11865.558;11812.062;11819.177;0.313488;GBR.IDXEUR
2026-04-02 12:00:00;11819.448;11837.228;11786.366;11828.078;0.390816;GBR.IDXEUR
2026-04-02 13:00:00;11828.078;11895.834;11812.158;11895.128;0.501408;GBR.IDXEUR
2026-04-02 14:00:00;11895.128;12004.576;11887.184;11995.091;0.699048;GBR.IDXEUR
2026-04-02 15:00:00;11994.507;11999.379;11942.894;11952.655;0.611136;GBR.IDXEUR
2026-04-02 16:00:00;11952.655;11971.07;11931.353;11959.66;0.39276;GBR.IDXEUR
2026-04-02 17:00:00;11959.386;11985.652;11956.673;11970.386;0.247032;GBR.IDXEUR
2026-04-02 18:00:00;11971.031;11993.089;11971.031;11990.081;0.182664;GBR.IDXEUR
2026-04-02 19:00:00;11989.944;11996.639;11973.28;11987.409;0.204048;GBR.IDXEUR
2026-04-02 20:00:00;11987.684;11987.684;11980.284;11984.658;0.019572;GBR.IDXEUR
2026-04-05 22:00:00;11918.38;11934.923;11907.992;11932.534;0.079656;GBR.IDXEUR
2026-04-05 23:00:00;11932.67;11935.855;11926.858;11933.096;0.055416;GBR.IDXEUR
2026-04-06 00:00:00;11933.369;11965.874;11932.396;11965.015;0.07614;GBR.IDXEUR
2026-04-06 01:00:00;11965.15;11974.118;11963.549;11968.136;0.048432;GBR.IDXEUR
2026-04-06 02:00:00;11968.273;12001.478;11966.989;11983.856;0.077712;GBR.IDXEUR
2026-04-06 03:00:00;11983.707;11984.939;11961.712;11972.725;0.060912;GBR.IDXEUR
2026-04-06 04:00:00;11972.587;11982.263;11971.558;11980.201;0.041256;GBR.IDXEUR
2026-04-06 05:00:00;11980.338;11988.835;11979.158;11982.262;0.043236;GBR.IDXEUR
2026-04-06 06:00:00;11982.536;11995.406;11979.443;11988.288;0.059496;GBR.IDXEUR
2026-04-06 07:00:00;11988.288;12002.811;11977.251;11997.038;0.073668;GBR.IDXEUR
2026-04-06 08:00:00;11997.125;12020.019;11997.125;12014.742;0.068688;GBR.IDXEUR
2026-04-06 09:00:00;12015.018;12021.655;12007.635;12009.438;0.05772;GBR.IDXEUR
2026-04-06 10:00:00;12009.576;12017.953;11998.201;12005.066;0.059196;GBR.IDXEUR
2026-04-06 11:00:00;12004.929;12004.929;11995.222;11997.131;0.055584;GBR.IDXEUR
2026-04-06 12:00:00;11997.131;12007.872;11994.422;11999.447;0.049764;GBR.IDXEUR
2026-04-06 13:00:00;11999.722;12019.802;11991.697;12019.325;0.099444;GBR.IDXEUR
2026-04-06 14:00:00;12019.681;12033.796;11993.392;12011.931;0.129852;GBR.IDXEUR
2026-04-06 15:00:00;12011.82;12016.434;11992.836;12010.142;0.096168;GBR.IDXEUR
2026-04-06 16:00:00;12010.28;12016.93;12004.744;12010.725;0.058356;GBR.IDXEUR
2026-04-06 17:00:00;12010.944;12011.707;11984.83;11992.574;0.090912;GBR.IDXEUR
2026-04-06 18:00:00;11992.811;12017.576;11989.468;12015.051;0.077808;GBR.IDXEUR
2026-04-06 19:00:00;12015.051;12020.915;12010.71;12020.463;0.041148;GBR.IDXEUR
2026-04-06 20:00:00;12020.654;12021.612;12015.553;12016.83;0.010104;GBR.IDXEUR
2026-04-06 22:00:00;12016.878;12030.049;12015.679;12016.177;0.03864;GBR.IDXEUR
2026-04-06 23:00:00;12016.396;12022.404;12016.302;12017.705;0.02106;GBR.IDXEUR
2026-04-07 00:00:00;12016.215;12062.577;11995.605;12026.296;0.059004;GBR.IDXEUR
2026-04-07 01:00:00;12024.579;12040.117;11990.391;11996.172;0.106032;GBR.IDXEUR
2026-04-07 02:00:00;11995.921;12007.839;11985.448;11995.668;0.084912;GBR.IDXEUR
2026-04-07 03:00:00;11995.806;11996.713;11977.583;11987.543;0.05376;GBR.IDXEUR
2026-04-07 04:00:00;11987.9;11996.882;11983.401;11991.509;0.059736;GBR.IDXEUR
2026-04-07 05:00:00;11991.371;11997.817;11976.667;11991.18;0.070344;GBR.IDXEUR
2026-04-07 06:00:00;11991.731;12008.174;11982.195;11998.655;0.289896;GBR.IDXEUR
2026-04-07 07:00:00;11998.792;12005.978;11917.003;11946.02;0.448272;GBR.IDXEUR
2026-04-07 08:00:00;11945.883;12032.113;11945.168;12009.606;0.628776;GBR.IDXEUR
2026-04-07 09:00:00;12009.468;12027.817;12000.555;12010.781;0.405144;GBR.IDXEUR
2026-04-07 10:00:00;12010.643;12020.151;11939.362;11946.506;0.560016;GBR.IDXEUR
2026-04-07 11:00:00;11946.369;11965.984;11927.475;11944.63;0.425952;GBR.IDXEUR
2026-04-07 12:00:00;11946.106;11967.26;11911.641;11916.763;0.487944;GBR.IDXEUR
2026-04-07 13:00:00;11916.763;11935.609;11869.967;11875.196;0.558864;GBR.IDXEUR
2026-04-07 14:00:00;11876.31;11911.362;11843.193;11859.012;0.645696;GBR.IDXEUR
2026-04-07 15:00:00;11858.46;11859.997;11823.135;11847.274;0.608832;GBR.IDXEUR
2026-04-07 16:00:00;11847.631;11883.385;11846.678;11871.833;0.523368;GBR.IDXEUR
2026-04-07 17:00:00;11871.833;11914.76;11867.443;11897.8;0.376128;GBR.IDXEUR
2026-04-07 18:00:00;11897.8;11906.511;11878.802;11888.67;0.24408;GBR.IDXEUR
2026-04-07 19:00:00;11888.806;11941.373;11869.012;11937.467;0.544248;GBR.IDXEUR
2026-04-07 20:00:00;11937.662;11942.694;11928.178;11940.665;0.060864;GBR.IDXEUR
2026-04-07 22:00:00;11986.559;12087.604;11975.363;12084.192;0.253296;GBR.IDXEUR
2026-04-07 23:00:00;12084.077;12177.127;12080.861;12174.596;0.26088;GBR.IDXEUR
2026-04-08 00:00:00;12177.763;12177.763;12106.826;12158.131;0.16932;GBR.IDXEUR
2026-04-08 01:00:00;12158.131;12223.701;12149.235;12220.778;0.142776;GBR.IDXEUR
2026-04-08 02:00:00;12220.638;12309.864;12220.402;12261.508;0.102672;GBR.IDXEUR
2026-04-08 03:00:00;12261.649;12265.204;12236.273;12241.475;0.069456;GBR.IDXEUR
2026-04-08 04:00:00;12241.335;12269.06;12240.951;12264.013;0.066696;GBR.IDXEUR
2026-04-08 05:00:00;12264.154;12264.577;12224.484;12240.346;0.106968;GBR.IDXEUR
2026-04-08 06:00:00;12240.486;12280.374;12206.988;12228.788;0.476784;GBR.IDXEUR
2026-04-08 07:00:00;12274.011;12274.011;12147.333;12153.916;0.699336;GBR.IDXEUR
2026-04-08 08:00:00;12153.776;12195.585;12142.31;12163.27;0.544608;GBR.IDXEUR
2026-04-08 09:00:00;12163.13;12221.385;12153.706;12191.7;0.43524;GBR.IDXEUR
2026-04-08 10:00:00;12191.56;12246.867;12176.803;12238.373;0.365544;GBR.IDXEUR
2026-04-08 11:00:00;12238.627;12293.314;12230.144;12270.873;0.446328;GBR.IDXEUR
2026-04-08 12:00:00;12270.873;12301.092;12237.462;12274.971;0.53208;GBR.IDXEUR
2026-04-08 13:00:00;12274.548;12281.408;12203.897;12237.41;0.618912;GBR.IDXEUR
2026-04-08 14:00:00;12235.007;12266.834;12179.836;12200.895;0.667296;GBR.IDXEUR
2026-04-08 15:00:00;12200.614;12228.578;12166.735;12227.335;0.566208;GBR.IDXEUR
2026-04-08 16:00:00;12227.194;12236.407;12212.327;12229.975;0.342072;GBR.IDXEUR
2026-04-08 17:00:00;12229.694;12242.046;12220.121;12236.886;0.266544;GBR.IDXEUR
2026-04-08 18:00:00;12237.308;12247.042;12201.888;12202.893;0.35784;GBR.IDXEUR
2026-04-08 19:00:00;12203.034;12271.506;12202.011;12271.273;0.340704;GBR.IDXEUR
2026-04-08 20:00:00;12270.991;12272.323;12263.353;12265.035;0.031824;GBR.IDXEUR
2026-04-08 22:00:00;12238.126;12246.742;12235.433;12240.286;0.067272;GBR.IDXEUR
2026-04-08 23:00:00;12240.286;12245.115;12233.787;12233.787;0.055728;GBR.IDXEUR
2026-04-09 00:00:00;12234.993;12248.105;12212.231;12213.151;0.066672;GBR.IDXEUR
2026-04-09 01:00:00;12213.291;12220.516;12193.052;12203.632;0.086688;GBR.IDXEUR
2026-04-09 02:00:00;12203.419;12206.376;12192.405;12199.123;0.065688;GBR.IDXEUR
2026-04-09 03:00:00;12199.123;12208.158;12196.47;12206.199;0.063264;GBR.IDXEUR
2026-04-09 04:00:00;12206.059;12210.587;12194.528;12200.846;0.044496;GBR.IDXEUR
2026-04-09 05:00:00;12200.846;12218.314;12198.723;12204.336;0.069816;GBR.IDXEUR
2026-04-09 06:00:00;12204.13;12219.852;12190.841;12211.554;0.232632;GBR.IDXEUR
2026-04-09 07:00:00;12211.798;12226.843;12142.639;12171.919;0.452232;GBR.IDXEUR
2026-04-09 08:00:00;12172.229;12174.666;12135.141;12135.732;0.364392;GBR.IDXEUR
2026-04-09 09:00:00;12135.175;12156.122;12129.084;12147.274;0.307872;GBR.IDXEUR
2026-04-09 10:00:00;12147.642;12153.34;12126.807;12135.574;0.284688;GBR.IDXEUR
2026-04-09 11:00:00;12135.713;12166.122;12126.225;12160.708;0.302832;GBR.IDXEUR
2026-04-09 12:00:00;12161.042;12168.006;12132.388;12143.895;0.340128;GBR.IDXEUR
2026-04-09 13:00:00;12144.035;12168.154;12126.551;12159.827;0.43668;GBR.IDXEUR
2026-04-09 14:00:00;12159.827;12162.028;12119.8;12129.383;0.510768;GBR.IDXEUR
2026-04-09 15:00:00;12129.244;12205.549;12109.749;12201.325;0.614088;GBR.IDXEUR
2026-04-09 16:00:00;12201.325;12219.904;12190.135;12199.688;0.362016;GBR.IDXEUR
2026-04-09 17:00:00;12199.828;12212.021;12188.637;12197.476;0.268992;GBR.IDXEUR
2026-04-09 18:00:00;12197.616;12198.511;12172.745;12188.727;0.329328;GBR.IDXEUR
2026-04-09 19:00:00;12189.106;12204.606;12164.231;12175.933;0.231552;GBR.IDXEUR
2026-04-09 20:00:00;12175.514;12175.933;12167.003;12171.171;0.026184;GBR.IDXEUR
2026-04-09 22:00:00;12170.537;12171.957;12161.568;12163.892;0.0642;GBR.IDXEUR
2026-04-09 23:00:00;12163.891;12174.792;12160.947;12170.003;0.042744;GBR.IDXEUR
2026-04-10 00:00:00;12170.193;12174.856;12149.047;12174.856;0.052248;GBR.IDXEUR
2026-04-10 01:00:00;12174.716;12182.627;12162.109;12172.341;0.058248;GBR.IDXEUR
2026-04-10 02:00:00;12172.341;12172.474;12160.531;12168.893;0.041304;GBR.IDXEUR
2026-04-10 03:00:00;12168.704;12175.363;12162.242;12164.71;0.035112;GBR.IDXEUR
2026-04-10 04:00:00;12164.989;12173.778;12164.218;12168.123;0.036696;GBR.IDXEUR
2026-04-10 05:00:00;12167.984;12174.461;12159.205;12167.025;0.049128;GBR.IDXEUR
2026-04-10 06:00:00;12167.444;12175.5;12145.24;12170.382;0.198384;GBR.IDXEUR
2026-04-10 07:00:00;12169.825;12206.532;12151.652;12193.241;0.36792;GBR.IDXEUR
2026-04-10 08:00:00;12193.521;12210.196;12175.285;12181.771;0.273744;GBR.IDXEUR
2026-04-10 09:00:00;12181.631;12232.05;12180.219;12205.848;0.3852;GBR.IDXEUR
2026-04-10 10:00:00;12205.708;12223.152;12190.192;12198.922;0.292392;GBR.IDXEUR
2026-04-10 11:00:00;12199.338;12214.445;12196.152;12206.381;0.25524;GBR.IDXEUR
2026-04-10 12:00:00;12206.381;12233.93;12202.077;12217.013;0.187992;GBR.IDXEUR
2026-04-10 13:00:00;12217.013;12227.799;12168.509;12191.536;0.41148;GBR.IDXEUR
2026-04-10 14:00:00;12191.772;12204.21;12170.805;12172.859;0.46188;GBR.IDXEUR
2026-04-10 15:00:00;12173.138;12185.389;12151.402;12154.191;0.46944;GBR.IDXEUR
2026-04-10 16:00:00;12154.051;12159.409;12140.203;12155.812;0.29052;GBR.IDXEUR
2026-04-10 17:00:00;12156.092;12156.833;12133.771;12148.76;0.202104;GBR.IDXEUR
2026-04-10 18:00:00;12148.62;12154.965;12140.349;12153.026;0.180216;GBR.IDXEUR
2026-04-10 19:00:00;12153.026;12173.283;12151.462;12169.459;0.158184;GBR.IDXEUR
2026-04-12 22:00:00;12071.327;12079.978;12057.4;12069.407;0.145152;GBR.IDXEUR
2026-04-12 23:00:00;12069.546;12069.823;12047.845;12047.875;0.080736;GBR.IDXEUR
2026-04-13 00:00:00;12047.602;12105.917;12036.708;12101.163;0.088752;GBR.IDXEUR
2026-04-13 01:00:00;12101.579;12108.863;12080.151;12087.059;0.08328;GBR.IDXEUR
2026-04-13 02:00:00;12087.059;12089.623;12074.378;12085.512;0.046752;GBR.IDXEUR
2026-04-13 03:00:00;12085.921;12088.086;12068.217;12073.579;0.043488;GBR.IDXEUR
2026-04-13 04:00:00;12074.452;12091.14;12070.496;12086.514;0.041736;GBR.IDXEUR
2026-04-13 05:00:00;12086.514;12090.62;12080.65;12083.532;0.054384;GBR.IDXEUR
2026-04-13 06:00:00;12083.671;12108.291;12077.487;12108.291;0.249096;GBR.IDXEUR
2026-04-13 07:00:00;12107.429;12129.362;12081.721;12123.083;0.385992;GBR.IDXEUR
2026-04-13 08:00:00;12122.508;12137.203;12111.682;12136.983;0.314784;GBR.IDXEUR
2026-04-13 09:00:00;12137.123;12150.582;12124.475;12131.625;0.25236;GBR.IDXEUR
2026-04-13 10:00:00;12131.764;12145.479;12123.246;12134.541;0.219456;GBR.IDXEUR
2026-04-13 11:00:00;12134.753;12144.307;12099.678;12102.078;0.293472;GBR.IDXEUR
2026-04-13 12:00:00;12102.858;12130.764;12091.325;12130.628;0.330696;GBR.IDXEUR
2026-04-13 13:00:00;12130.21;12181.632;12121.986;12167.755;0.431496;GBR.IDXEUR
2026-04-13 14:00:00;12167.755;12171.411;12143.568;12164.268;0.463032;GBR.IDXEUR
2026-04-13 15:00:00;12163.396;12169.717;12145.377;12153.102;0.423072;GBR.IDXEUR
2026-04-13 16:00:00;12153.45;12199.651;12146.987;12185.641;0.470088;GBR.IDXEUR
2026-04-13 17:00:00;12185.781;12196.285;12185.173;12189.98;0.220392;GBR.IDXEUR
2026-04-13 18:00:00;12189.98;12199.907;12179.624;12181.159;0.240264;GBR.IDXEUR
2026-04-13 19:00:00;12181.159;12194.269;12175.198;12185.537;0.205488;GBR.IDXEUR
2026-04-13 20:00:00;12183.711;12186.642;12180.882;12184.924;0.023448;GBR.IDXEUR
2026-04-13 22:00:00;12189.337;12195.791;12188.555;12194.162;0.04188;GBR.IDXEUR
2026-04-13 23:00:00;12194.302;12198.404;12189.96;12190.8;0.040056;GBR.IDXEUR
2026-04-14 00:00:00;12203.173;12203.313;12162.265;12165.285;0.04968;GBR.IDXEUR
2026-04-14 01:00:00;12164.732;12164.732;12149.628;12150.822;0.051312;GBR.IDXEUR
2026-04-14 02:00:00;12151.086;12161.958;12148.658;12154.298;0.039504;GBR.IDXEUR
2026-04-14 03:00:00;12154.064;12154.383;12148.582;12149.837;0.030024;GBR.IDXEUR
2026-04-14 04:00:00;12149.976;12158.168;12149.747;12158.168;0.025824;GBR.IDXEUR
2026-04-14 05:00:00;12157.82;12160.931;12145.358;12158.133;0.043992;GBR.IDXEUR
2026-04-14 06:00:00;12157.928;12169.896;12149.629;12154.947;0.246048;GBR.IDXEUR
2026-04-14 07:00:00;12156.492;12203.142;12140.18;12201.505;0.487008;GBR.IDXEUR
2026-04-14 08:00:00;12201.645;12215.394;12180.592;12189.122;0.352368;GBR.IDXEUR
2026-04-14 09:00:00;12187.378;12192.594;12160.359;12174.665;0.295704;GBR.IDXEUR
2026-04-14 10:00:00;12175.201;12176.192;12148.84;12154.033;0.29196;GBR.IDXEUR
2026-04-14 11:00:00;12153.893;12196.409;12149.167;12184.137;0.273096;GBR.IDXEUR
2026-04-14 12:00:00;12183.996;12219.479;12181.202;12193.278;0.379872;GBR.IDXEUR
2026-04-14 13:00:00;12192.713;12207.687;12174.457;12204.661;0.41904;GBR.IDXEUR
2026-04-14 14:00:00;12204.772;12212.211;12178.662;12183.689;0.420336;GBR.IDXEUR
2026-04-14 15:00:00;12184.073;12219.462;12178.335;12213.574;0.385632;GBR.IDXEUR
2026-04-14 16:00:00;12213.574;12215.445;12194.115;12198.905;0.198936;GBR.IDXEUR
2026-04-14 17:00:00;12198.764;12211.523;12198.011;12200.911;0.146016;GBR.IDXEUR
2026-04-14 18:00:00;12201.291;12227.034;12201.291;12226.325;0.200664;GBR.IDXEUR
2026-04-14 19:00:00;12226.325;12241.831;12213.255;12218.843;0.144504;GBR.IDXEUR
2026-04-14 20:00:00;12218.703;12218.703;12210.862;12213.51;0.018984;GBR.IDXEUR
2026-04-14 22:00:00;12216.905;12224.233;12213.477;12220.562;0.04104;GBR.IDXEUR
2026-04-14 23:00:00;12220.421;12233.919;12219.907;12229.019;0.05088;GBR.IDXEUR
2026-04-15 00:00:00;12236.118;12236.405;12218.153;12225.041;0.064248;GBR.IDXEUR
2026-04-15 01:00:00;12224.445;12224.445;12207.134;12212.179;0.069168;GBR.IDXEUR
2026-04-15 02:00:00;12212.525;12216.967;12209.979;12211.846;0.051576;GBR.IDXEUR
2026-04-15 03:00:00;12211.267;12213.76;12206.469;12210.039;0.041568;GBR.IDXEUR
2026-04-15 04:00:00;12210.18;12214.883;12204.836;12206.322;0.02808;GBR.IDXEUR
2026-04-15 05:00:00;12206.322;12218.203;12189.991;12196.71;0.081456;GBR.IDXEUR
2026-04-15 06:00:00;12196.85;12218.209;12193.762;12215.089;0.206112;GBR.IDXEUR
2026-04-15 07:00:00;12215.089;12244.572;12200.661;12205.78;0.397872;GBR.IDXEUR
2026-04-15 08:00:00;12205.359;12213.554;12188.331;12213.41;0.29016;GBR.IDXEUR
2026-04-15 09:00:00;12213.27;12219.4;12194.615;12207.456;0.351432;GBR.IDXEUR
2026-04-15 10:00:00;12207.315;12227.519;12194.727;12213.593;0.36936;GBR.IDXEUR
2026-04-15 11:00:00;12214.161;12230.881;12207.098;12225.087;0.306;GBR.IDXEUR
2026-04-15 12:00:00;12224.665;12224.953;12199.57;12202.941;0.322992;GBR.IDXEUR
2026-04-15 13:00:00;12202.524;12209.661;12180.58;12191.228;0.406872;GBR.IDXEUR
2026-04-15 14:00:00;12191.508;12192.542;12162.964;12168.568;0.426384;GBR.IDXEUR
2026-04-15 15:00:00;12168.428;12171.253;12129.224;12132.326;0.401976;GBR.IDXEUR
2026-04-15 16:00:00;12132.466;12144.53;12122.809;12128.85;0.273816;GBR.IDXEUR
2026-04-15 17:00:00;12128.71;12142.621;12128.227;12134.336;0.164952;GBR.IDXEUR
2026-04-15 18:00:00;12134.095;12149.979;12128.297;12148.337;0.207936;GBR.IDXEUR
2026-04-15 19:00:00;12148.337;12150.182;12131.635;12134.689;0.171576;GBR.IDXEUR
2026-04-15 20:00:00;12132.532;12135.233;12128.329;12128.572;0.019968;GBR.IDXEUR
2026-04-15 22:00:00;12117.138;12132.313;12116.647;12131.901;0.034176;GBR.IDXEUR
2026-04-15 23:00:00;12132.019;12136.566;12131.184;12135.688;0.023688;GBR.IDXEUR
2026-04-16 00:00:00;12135.667;12150.262;12130.568;12141.745;0.043824;GBR.IDXEUR
2026-04-16 01:00:00;12141.885;12141.885;12125.585;12131.456;0.058824;GBR.IDXEUR
2026-04-16 02:00:00;12131.317;12145.101;12131.317;12143.826;0.059376;GBR.IDXEUR
2026-04-16 03:00:00;12143.213;12152.035;12138.181;12138.722;0.048408;GBR.IDXEUR
2026-04-16 04:00:00;12139.077;12144.632;12134.78;12140.066;0.038832;GBR.IDXEUR
2026-04-16 05:00:00;12140.34;12148.004;12134.821;12144.061;0.051456;GBR.IDXEUR
2026-04-16 06:00:00;12143.922;12155.339;12138.878;12147.778;0.209832;GBR.IDXEUR
2026-04-16 07:00:00;12148.057;12181.151;12145.604;12171.584;0.35136;GBR.IDXEUR
2026-04-16 08:00:00;12171.627;12175.173;12147.777;12155.662;0.314424;GBR.IDXEUR
2026-04-16 09:00:00;12155.382;12184.918;12149.394;12184.467;0.24876;GBR.IDXEUR
2026-04-16 10:00:00;12185.167;12209.707;12184.134;12208.7;0.198504;GBR.IDXEUR
2026-04-16 11:00:00;12209.864;12233.69;12206.972;12229.993;0.216072;GBR.IDXEUR
2026-04-16 12:00:00;12230.622;12237.263;12206.578;12233.582;0.230328;GBR.IDXEUR
2026-04-16 13:00:00;12233.441;12247.944;12187.248;12212.082;0.377496;GBR.IDXEUR
2026-04-16 14:00:00;12211.661;12216.326;12149.846;12161.661;0.522;GBR.IDXEUR
2026-04-16 15:00:00;12161.86;12183.794;12157.745;12161.17;0.451944;GBR.IDXEUR
2026-04-16 16:00:00;12160.89;12162.543;12131.729;12135.778;0.2988;GBR.IDXEUR
2026-04-16 17:00:00;12136.008;12155.131;12128.226;12153.806;0.216288;GBR.IDXEUR
2026-04-16 18:00:00;12154.168;12164.021;12148.114;12153.028;0.217944;GBR.IDXEUR
2026-04-16 19:00:00;12153.24;12161.308;12147.374;12154.363;0.141336;GBR.IDXEUR
2026-04-16 20:00:00;12152.212;12154.857;12148.933;12150.171;0.044784;GBR.IDXEUR
2026-04-16 22:00:00;12148.286;12156.608;12147.388;12154.627;0.03312;GBR.IDXEUR
2026-04-16 23:00:00;12154.401;12157.708;12153.451;12155.032;0.028152;GBR.IDXEUR
2026-04-17 00:00:00;12159.544;12168.179;12150.918;12166.14;0.048912;GBR.IDXEUR
2026-04-17 01:00:00;12166.495;12169.006;12157.691;12167.293;0.04656;GBR.IDXEUR
2026-04-17 02:00:00;12167.433;12175.1;12162.918;12167.388;0.032736;GBR.IDXEUR
2026-04-17 03:00:00;12167.388;12167.807;12156.84;12158.282;0.02472;GBR.IDXEUR
2026-04-17 04:00:00;12158.282;12167.733;12157.662;12163.615;0.027216;GBR.IDXEUR
2026-04-17 05:00:00;12163.335;12172.125;12157.458;12167.819;0.04236;GBR.IDXEUR
2026-04-17 06:00:00;12167.819;12167.819;12138.888;12145.176;0.172008;GBR.IDXEUR
2026-04-17 07:00:00;12145.193;12159.208;12128.254;12134.345;0.333504;GBR.IDXEUR
2026-04-17 08:00:00;12134.206;12143.935;12126.663;12142.763;0.227304;GBR.IDXEUR
2026-04-17 09:00:00;12142.902;12158.441;12132.058;12140.334;0.261072;GBR.IDXEUR
2026-04-17 10:00:00;12140.334;12140.334;12106.466;12107.89;0.19836;GBR.IDXEUR
2026-04-17 11:00:00;12108.029;12122.426;12093.795;12116.548;0.2088;GBR.IDXEUR
2026-04-17 12:00:00;12116.548;12216.209;12110.646;12208.561;0.509904;GBR.IDXEUR
2026-04-17 13:00:00;12208.213;12232.895;12188.404;12212.806;0.779616;GBR.IDXEUR
2026-04-17 14:00:00;12212.946;12245.0;12204.09;12235.406;0.570024;GBR.IDXEUR
2026-04-17 15:00:00;12235.266;12272.687;12223.481;12266.124;0.539496;GBR.IDXEUR
2026-04-17 16:00:00;12265.983;12284.505;12259.732;12284.229;0.261432;GBR.IDXEUR
2026-04-17 17:00:00;12283.947;12287.288;12252.723;12268.089;0.290016;GBR.IDXEUR
2026-04-17 18:00:00;12268.089;12277.268;12259.668;12270.827;0.24012;GBR.IDXEUR
2026-04-17 19:00:00;12271.388;12289.117;12263.789;12284.832;0.20592;GBR.IDXEUR
2026-04-17 20:00:00;12284.832;12284.832;12284.832;12284.832;0.000144;GBR.IDXEUR
2026-04-19 22:00:00;12197.845;12218.289;12196.183;12212.981;0.125736;GBR.IDXEUR
2026-04-19 23:00:00;12213.088;12215.349;12191.365;12193.59;0.080808;GBR.IDXEUR
2026-04-20 00:00:00;12195.846;12200.406;12164.19;12200.406;0.109296;GBR.IDXEUR
2026-04-20 01:00:00;12199.474;12211.361;12193.84;12195.254;0.086952;GBR.IDXEUR
2026-04-20 02:00:00;12194.899;12206.354;12194.468;12204.61;0.042696;GBR.IDXEUR
2026-04-20 03:00:00;12204.286;12208.504;12199.456;12203.12;0.043104;GBR.IDXEUR
2026-04-20 04:00:00;12203.26;12205.865;12194.521;12203.421;0.038112;GBR.IDXEUR
2026-04-20 05:00:00;12203.562;12204.125;12175.865;12183.035;0.067848;GBR.IDXEUR
2026-04-20 06:00:00;12183.232;12202.18;12172.899;12188.49;0.27096;GBR.IDXEUR
2026-04-20 07:00:00;12187.109;12206.981;12170.646;12178.849;0.46872;GBR.IDXEUR
2026-04-20 08:00:00;12179.81;12190.116;12157.109;12167.357;0.350136;GBR.IDXEUR
2026-04-20 09:00:00;12167.357;12186.947;12159.86;12173.684;0.280728;GBR.IDXEUR
2026-04-20 10:00:00;12173.824;12187.013;12163.653;12165.417;0.23328;GBR.IDXEUR
2026-04-20 11:00:00;12165.696;12181.05;12150.608;12179.161;0.310896;GBR.IDXEUR
2026-04-20 12:00:00;12179.021;12185.45;12164.622;12168.015;0.301608;GBR.IDXEUR
2026-04-20 13:00:00;12168.015;12210.266;12161.49;12207.728;0.46332;GBR.IDXEUR
2026-04-20 14:00:00;12207.868;12210.075;12157.932;12174.178;0.428472;GBR.IDXEUR
2026-04-20 15:00:00;12174.178;12191.579;12158.408;12186.312;0.471672;GBR.IDXEUR
2026-04-20 16:00:00;12186.312;12186.37;12170.29;12174.239;0.241128;GBR.IDXEUR
2026-04-20 17:00:00;12174.378;12185.857;12172.676;12177.46;0.178128;GBR.IDXEUR
2026-04-20 18:00:00;12177.655;12192.298;12172.009;12189.421;0.172728;GBR.IDXEUR
2026-04-20 19:00:00;12189.561;12191.883;12177.144;12187.738;0.154152;GBR.IDXEUR
2026-04-20 20:00:00;12187.598;12187.598;12182.281;12184.138;0.015888;GBR.IDXEUR
2026-04-20 22:00:00;12191.153;12196.836;12186.217;12196.066;0.037056;GBR.IDXEUR
2026-04-20 23:00:00;12195.786;12196.674;12191.817;12192.14;0.022104;GBR.IDXEUR
2026-04-21 00:00:00;12189.119;12199.812;12178.132;12189.735;0.072408;GBR.IDXEUR
2026-04-21 01:00:00;12191.102;12193.689;12182.152;12189.88;0.076656;GBR.IDXEUR
2026-04-21 02:00:00;12189.88;12191.056;12183.159;12187.428;0.047088;GBR.IDXEUR
2026-04-21 03:00:00;12187.428;12189.426;12177.356;12185.695;0.040608;GBR.IDXEUR
2026-04-21 04:00:00;12185.835;12191.837;12182.948;12189.149;0.03852;GBR.IDXEUR
2026-04-21 05:00:00;12189.289;12199.376;12188.013;12190.591;0.054504;GBR.IDXEUR
2026-04-21 06:00:00;12191.011;12201.89;12178.088;12189.29;0.20676;GBR.IDXEUR
2026-04-21 07:00:00;12189.97;12206.5;12175.245;12202.618;0.34344;GBR.IDXEUR
2026-04-21 08:00:00;12202.618;12203.247;12167.575;12198.662;0.396936;GBR.IDXEUR
2026-04-21 09:00:00;12198.382;12213.307;12188.003;12201.757;0.26136;GBR.IDXEUR
2026-04-21 10:00:00;12202.338;12210.025;12189.463;12200.905;0.226944;GBR.IDXEUR
2026-04-21 11:00:00;12202.057;12207.716;12166.991;12168.589;0.274608;GBR.IDXEUR
2026-04-21 12:00:00;12168.449;12173.941;12141.918;12147.919;0.360216;GBR.IDXEUR
2026-04-21 13:00:00;12147.779;12151.462;12122.056;12128.748;0.365832;GBR.IDXEUR
2026-04-21 14:00:00;12128.591;12128.591;12070.377;12072.535;0.455832;GBR.IDXEUR
2026-04-21 15:00:00;12072.535;12081.673;12051.023;12062.52;0.52812;GBR.IDXEUR
2026-04-21 16:00:00;12062.659;12079.262;12038.034;12039.606;0.3042;GBR.IDXEUR
2026-04-21 17:00:00;12039.007;12053.51;12017.479;12033.633;0.464328;GBR.IDXEUR
2026-04-21 18:00:00;12033.633;12052.069;12024.778;12041.159;0.334944;GBR.IDXEUR
2026-04-21 19:00:00;12041.021;12056.237;11992.225;11995.117;0.439776;GBR.IDXEUR
2026-04-21 20:00:00;11994.846;12044.77;11983.099;12035.09;0.054816;GBR.IDXEUR
2026-04-21 22:00:00;12035.497;12045.596;12035.497;12041.527;0.049224;GBR.IDXEUR
2026-04-21 23:00:00;12041.408;12048.812;12040.376;12048.269;0.030792;GBR.IDXEUR
2026-04-22 00:00:00;12044.252;12057.806;12041.466;12050.344;0.0672;GBR.IDXEUR
2026-04-22 01:00:00;12050.344;12055.637;12032.767;12040.544;0.064944;GBR.IDXEUR
2026-04-22 02:00:00;12040.406;12050.864;12039.09;12049.675;0.046944;GBR.IDXEUR
2026-04-22 03:00:00;12049.537;12054.933;12037.044;12041.676;0.028824;GBR.IDXEUR
2026-04-22 04:00:00;12041.538;12049.063;12033.059;12033.518;0.027552;GBR.IDXEUR
2026-04-22 05:00:00;12033.38;12070.165;12031.007;12064.749;0.075456;GBR.IDXEUR
2026-04-22 06:00:00;12064.887;12068.952;12051.157;12060.243;0.17856;GBR.IDXEUR
2026-04-22 07:00:00;12060.835;12096.509;12049.159;12089.924;0.347976;GBR.IDXEUR
2026-04-22 08:00:00;12090.063;12111.558;12072.77;12087.222;0.682882;GBR.IDXEUR
2026-04-22 09:00:00;12087.222;12099.503;12062.612;12072.996;0.6256;GBR.IDXEUR
2026-04-22 10:00:00;12073.466;12090.323;12053.978;12086.481;0.58973;GBR.IDXEUR
2026-04-22 11:00:00;12087.084;12091.823;12071.78;12084.649;0.64583;GBR.IDXEUR
2026-04-22 12:00:00;12084.174;12092.925;12061.762;12063.509;0.70516;GBR.IDXEUR
2026-04-22 13:00:00;12063.787;12087.313;12061.789;12074.824;1.04754;GBR.IDXEUR
2026-04-22 14:00:00;12074.457;12086.524;12056.454;12067.017;1.0693;GBR.IDXEUR
2026-04-22 15:00:00;12067.366;12079.41;12052.576;12071.615;0.9573;GBR.IDXEUR
2026-04-22 16:00:00;12071.754;12079.703;12057.197;12058.282;0.5685;GBR.IDXEUR
2026-04-22 17:00:00;12058.56;12083.797;12057.295;12081.389;0.41595;GBR.IDXEUR
2026-04-22 18:00:00;12081.969;12082.407;12062.53;12069.943;0.27345;GBR.IDXEUR
2026-04-22 19:00:00;12070.082;12086.6;12056.219;12083.034;0.33225;GBR.IDXEUR
2026-04-22 20:00:00;12082.702;12083.038;12062.814;12063.222;0.044274;GBR.IDXEUR
2026-04-22 22:00:00;12052.961;12062.639;12052.692;12059.474;0.0342;GBR.IDXEUR
2026-04-22 23:00:00;12059.575;12061.486;12058.343;12060.742;0.025008;GBR.IDXEUR
2026-04-23 00:00:00;12062.089;12064.646;11972.339;12051.987;0.212004;GBR.IDXEUR
2026-04-23 01:00:00;12052.126;12053.391;12009.946;12015.336;0.136116;GBR.IDXEUR
2026-04-23 02:00:00;12015.682;12015.974;11989.66;11993.644;0.146556;GBR.IDXEUR
2026-04-23 03:00:00;11993.505;11997.447;11970.583;11993.35;0.120204;GBR.IDXEUR
2026-04-23 04:00:00;11993.627;12011.214;11984.952;12007.181;0.085608;GBR.IDXEUR
2026-04-23 05:00:00;12006.958;12019.625;12002.954;12017.81;0.0828;GBR.IDXEUR
2026-04-23 06:00:00;12018.321;12021.946;12002.202;12018.051;0.419118;GBR.IDXEUR
2026-04-23 07:00:00;12018.413;12037.791;11997.029;12024.781;1.00428;GBR.IDXEUR
2026-04-23 08:00:00;12024.781;12024.781;11990.872;11991.664;0.92242;GBR.IDXEUR
2026-04-23 09:00:00;11991.387;12002.936;11966.908;11976.689;0.92565;GBR.IDXEUR
2026-04-23 10:00:00;11977.519;12011.676;11962.314;12008.67;0.84388;GBR.IDXEUR
2026-04-23 11:00:00;12009.244;12033.782;11994.745;12030.38;0.8466;GBR.IDXEUR
2026-04-23 12:00:00;12030.102;12050.797;12009.118;12032.928;1.05553;GBR.IDXEUR
2026-04-23 13:00:00;12032.789;12066.862;12024.965;12058.197;1.03122;GBR.IDXEUR
2026-04-23 14:00:00;12058.774;12080.496;12043.865;12077.204;0.9945;GBR.IDXEUR
2026-04-23 15:00:00;12076.862;12077.001;12032.906;12052.931;0.91493;GBR.IDXEUR
2026-04-23 16:00:00;12053.209;12056.666;12040.896;12048.191;0.5397;GBR.IDXEUR
2026-04-23 17:00:00;12048.746;12051.138;11916.846;11976.247;1.4016;GBR.IDXEUR
2026-04-23 18:00:00;11976.589;12015.497;11973.099;11985.441;0.8265;GBR.IDXEUR
2026-04-23 19:00:00;11985.946;11998.692;11969.096;11993.097;0.5688;GBR.IDXEUR
2026-04-23 20:00:00;11992.172;11993.773;11983.663;11984.605;0.054834;GBR.IDXEUR
2026-04-23 22:00:00;11988.504;12003.952;11988.267;12002.537;0.044856;GBR.IDXEUR
2026-04-23 23:00:00;12002.467;12011.732;12001.161;12010.934;0.029664;GBR.IDXEUR
2026-04-24 00:00:00;12009.288;12009.288;11970.38;11976.305;0.119124;GBR.IDXEUR
2026-04-24 01:00:00;11977.214;11977.858;11952.309;11964.316;0.107244;GBR.IDXEUR
2026-04-24 02:00:00;11964.93;11964.934;11941.139;11948.455;0.090072;GBR.IDXEUR
2026-04-24 03:00:00;11948.455;11958.919;11939.122;11951.695;0.082908;GBR.IDXEUR
2026-04-24 04:00:00;11951.558;11977.476;11947.697;11975.664;0.06966;GBR.IDXEUR
2026-04-24 05:00:00;11975.388;11979.964;11965.416;11974.093;0.078588;GBR.IDXEUR
2026-04-24 06:00:00;11974.369;11993.863;11963.361;11993.014;0.394206;GBR.IDXEUR
2026-04-24 07:00:00;11990.656;12017.358;11988.381;12012.434;0.75821;GBR.IDXEUR
2026-04-24 08:00:00;12012.296;12016.028;11948.643;11957.434;0.9248;GBR.IDXEUR
2026-04-24 09:00:00;11957.296;11987.479;11954.254;11980.955;0.74409;GBR.IDXEUR
2026-04-24 10:00:00;11980.955;11997.208;11977.583;11983.033;0.65586;GBR.IDXEUR
2026-04-24 11:00:00;11983.383;12043.985;11980.765;12012.079;1.19323;GBR.IDXEUR
2026-04-24 12:00:00;12012.079;12024.385;11976.264;11993.818;0.86887;GBR.IDXEUR
2026-04-24 13:00:00;11994.233;12010.672;11974.217;11990.976;1.0642;GBR.IDXEUR
2026-04-24 14:00:00;11991.906;12016.379;11980.938;11995.171;1.1543;GBR.IDXEUR
2026-04-24 15:00:00;11996.0;12017.18;11959.127;11986.319;1.06276;GBR.IDXEUR
2026-04-24 16:00:00;11986.18;11996.655;11971.452;11984.832;0.5886;GBR.IDXEUR
2026-04-24 17:00:00;11985.323;11997.034;11973.701;11985.626;0.4056;GBR.IDXEUR
2026-04-24 18:00:00;11986.004;11988.044;11974.992;11979.587;0.27765;GBR.IDXEUR
2026-04-24 19:00:00;11979.587;11997.482;11978.746;11994.969;0.3357;GBR.IDXEUR
2026-04-24 20:00:00;11995.107;11995.107;11995.107;11995.107;0.00015;GBR.IDXEUR
2026-04-26 22:00:00;11972.135;11972.61;11959.48;11964.15;0.0504;GBR.IDXEUR
2026-04-26 23:00:00;11964.265;11966.869;11961.249;11964.542;0.041856;GBR.IDXEUR
2026-04-27 00:00:00;11971.681;11984.084;11966.618;11982.488;0.09648;GBR.IDXEUR
2026-04-27 01:00:00;11982.764;12003.437;11980.77;12000.473;0.167184;GBR.IDXEUR
2026-04-27 02:00:00;12000.611;12002.216;11989.156;11990.565;0.07092;GBR.IDXEUR
2026-04-27 03:00:00;11990.303;11998.345;11987.816;11992.826;0.07362;GBR.IDXEUR
2026-04-27 04:00:00;11992.688;11999.755;11986.664;11990.661;0.065916;GBR.IDXEUR
2026-04-27 05:00:00;11990.878;11991.979;11968.1;11979.873;0.079812;GBR.IDXEUR
2026-04-27 06:00:00;11979.735;11995.022;11968.187;11972.457;0.457374;GBR.IDXEUR
2026-04-27 07:00:00;11972.219;11989.679;11949.253;11949.843;0.89263;GBR.IDXEUR
2026-04-27 08:00:00;11949.892;11983.332;11930.265;11982.102;0.799;GBR.IDXEUR
2026-04-27 09:00:00;11982.102;11992.134;11973.459;11990.206;0.52122;GBR.IDXEUR
2026-04-27 10:00:00;11989.929;12011.098;11988.191;12002.424;0.53159;GBR.IDXEUR
2026-04-27 11:00:00;12002.732;12020.501;12000.208;12009.097;0.51748;GBR.IDXEUR
2026-04-27 12:00:00;12009.236;12011.399;11924.709;11927.562;0.79628;GBR.IDXEUR
2026-04-27 13:00:00;11927.843;11969.559;11918.34;11962.18;1.06505;GBR.IDXEUR
2026-04-27 14:00:00;11962.671;11966.725;11928.056;11929.735;0.99178;GBR.IDXEUR
2026-04-27 15:00:00;11929.976;11937.827;11914.986;11936.926;0.84884;GBR.IDXEUR
2026-04-27 16:00:00;11937.177;11937.866;11919.409;11925.894;0.39885;GBR.IDXEUR
2026-04-27 17:00:00;11926.517;11929.012;11907.646;11915.19;0.3573;GBR.IDXEUR
2026-04-27 18:00:00;11914.591;11931.044;11911.631;11928.573;0.23745;GBR.IDXEUR
2026-04-27 19:00:00;11928.711;11942.041;11912.069;11913.324;0.25695;GBR.IDXEUR
2026-04-27 20:00:00;11913.461;11913.461;11907.348;11909.624;0.015084;GBR.IDXEUR
2026-04-27 22:00:00;11913.268;11926.07;11911.816;11922.49;0.053304;GBR.IDXEUR
2026-04-27 23:00:00;11922.494;11927.843;11920.226;11925.905;0.024552;GBR.IDXEUR
2026-04-28 00:00:00;11938.526;11938.663;11919.041;11931.881;0.082512;GBR.IDXEUR
2026-04-28 01:00:00;11931.743;11948.009;11927.284;11934.567;0.086868;GBR.IDXEUR
2026-04-28 02:00:00;11934.802;11944.744;11929.211;11932.685;0.085356;GBR.IDXEUR
2026-04-28 03:00:00;11933.29;11949.101;11928.941;11945.788;0.07722;GBR.IDXEUR
2026-04-28 04:00:00;11945.65;11947.403;11938.903;11939.978;0.048816;GBR.IDXEUR
2026-04-28 05:00:00;11939.978;11942.065;11907.208;11915.016;0.072576;GBR.IDXEUR
2026-04-28 06:00:00;11915.016;11935.986;11913.679;11927.571;0.509484;GBR.IDXEUR
2026-04-28 07:00:00;11927.571;11955.759;11900.765;11951.632;1.01699;GBR.IDXEUR
2026-04-28 08:00:00;11951.494;11951.494;11909.5;11942.408;0.93551;GBR.IDXEUR
2026-04-28 09:00:00;11942.683;11974.595;11934.238;11959.412;0.76721;GBR.IDXEUR
2026-04-28 10:00:00;11959.55;11970.701;11948.074;11962.878;0.69139;GBR.IDXEUR
2026-04-28 11:00:00;11963.016;11973.343;11884.052;11895.332;1.01388;GBR.IDXEUR
2026-04-28 12:00:00;11895.47;11923.017;11860.598;11915.857;1.18745;GBR.IDXEUR
2026-04-28 13:00:00;11915.72;11918.272;11877.854;11891.176;1.12982;GBR.IDXEUR
2026-04-28 14:00:00;11891.568;11909.12;11875.061;11893.314;1.22638;GBR.IDXEUR
2026-04-28 15:00:00;11893.177;11919.201;11893.04;11910.834;1.05542;GBR.IDXEUR
2026-04-28 16:00:00;11910.834;11912.009;11892.203;11893.783;0.54015;GBR.IDXEUR
2026-04-28 17:00:00;11893.783;11903.367;11885.122;11895.57;0.339;GBR.IDXEUR
2026-04-28 18:00:00;11895.158;11902.405;11884.326;11888.111;0.294;GBR.IDXEUR
2026-04-28 19:00:00;11887.908;11898.378;11885.442;11893.598;0.3111;GBR.IDXEUR
2026-04-28 20:00:00;11893.598;11896.367;11888.255;11894.776;0.023028;GBR.IDXEUR
2026-04-28 22:00:00;11895.079;11899.289;11893.55;11898.836;0.035688;GBR.IDXEUR
2026-04-28 23:00:00;11899.102;11902.455;11897.292;11902.394;0.017616;GBR.IDXEUR
2026-04-29 00:00:00;11916.301;11916.851;11897.37;11901.425;0.059604;GBR.IDXEUR
2026-04-29 01:00:00;11901.287;11908.093;11879.29;11901.026;0.130896;GBR.IDXEUR
2026-04-29 02:00:00;11900.669;11911.26;11894.881;11895.138;0.087588;GBR.IDXEUR
2026-04-29 03:00:00;11895.386;11903.434;11893.826;11900.521;0.056664;GBR.IDXEUR
2026-04-29 04:00:00;11900.383;11915.256;11899.494;11908.829;0.042876;GBR.IDXEUR
2026-04-29 05:00:00;11909.561;11914.928;11903.631;11911.391;0.080748;GBR.IDXEUR
2026-04-29 06:00:00;11910.914;11918.34;11883.705;11891.764;0.382662;GBR.IDXEUR
2026-04-29 07:00:00;11891.08;11923.883;11833.893;11848.349;0.86508;GBR.IDXEUR
2026-04-29 08:00:00;11848.349;11868.393;11840.43;11850.847;0.94095;GBR.IDXEUR
2026-04-29 09:00:00;11850.847;11857.221;11824.142;11835.418;0.79152;GBR.IDXEUR
2026-04-29 10:00:00;11835.555;11865.658;11824.749;11830.383;0.6375;GBR.IDXEUR
2026-04-29 11:00:00;11828.99;11840.539;11816.181;11830.318;0.7157;GBR.IDXEUR
2026-04-29 12:00:00;11830.728;11841.471;11802.96;11838.322;0.88026;GBR.IDXEUR
2026-04-29 13:00:00;11839.445;11844.109;11760.703;11778.034;1.14767;GBR.IDXEUR
2026-04-29 14:00:00;11778.305;11793.198;11765.026;11772.341;1.01609;GBR.IDXEUR
2026-04-29 15:00:00;11772.205;11786.542;11748.852;11760.347;1.00066;GBR.IDXEUR
2026-04-29 16:00:00;11760.211;11785.552;11758.161;11770.947;0.67155;GBR.IDXEUR
2026-04-29 17:00:00;11770.947;11780.302;11759.834;11773.666;0.5493;GBR.IDXEUR
2026-04-29 18:00:00;11773.53;11780.557;11735.737;11761.872;0.9765;GBR.IDXEUR
2026-04-29 19:00:00;11762.007;11778.124;11755.557;11771.596;0.58065;GBR.IDXEUR
2026-04-29 20:00:00;11771.732;11791.163;11742.997;11751.621;0.095202;GBR.IDXEUR
2026-04-29 22:00:00;11762.157;11796.999;11758.95;11785.711;0.104544;GBR.IDXEUR
2026-04-29 23:00:00;11785.439;11790.843;11779.134;11786.792;0.053928;GBR.IDXEUR
2026-04-30 00:00:00;11799.878;11800.015;11775.173;11795.408;0.13116;GBR.IDXEUR
2026-04-30 01:00:00;11795.136;11813.76;11784.806;11813.33;0.136512;GBR.IDXEUR
2026-04-30 02:00:00;11813.69;11815.584;11774.659;11789.348;0.151056;GBR.IDXEUR
2026-04-30 03:00:00;11789.271;11791.927;11772.037;11779.049;0.112356;GBR.IDXEUR
2026-04-30 04:00:00;11779.657;11781.414;11750.2;11754.808;0.139644;GBR.IDXEUR
2026-04-30 05:00:00;11754.808;11792.704;11754.458;11780.802;0.138492;GBR.IDXEUR
2026-04-30 06:00:00;11780.32;11802.686;11749.155;11785.935;0.76605;GBR.IDXEUR
2026-04-30 07:00:00;11786.512;11828.98;11781.131;11824.826;1.16252;GBR.IDXEUR
2026-04-30 08:00:00;11825.152;11860.997;11820.721;11853.896;1.14444;GBR.IDXEUR
2026-04-30 09:00:00;11853.759;11916.629;11853.759;11902.929;1.23284;GBR.IDXEUR
2026-04-30 10:00:00;11902.654;11934.302;11899.038;11929.72;1.29387;GBR.IDXEUR
2026-04-30 11:00:00;11929.389;11966.78;11925.471;11962.468;1.36663;GBR.IDXEUR
2026-04-30 12:00:00;11962.744;12008.996;11956.358;11987.523;1.32005;GBR.IDXEUR
2026-04-30 13:00:00;11987.246;12002.359;11960.74;11979.697;1.35371;GBR.IDXEUR
2026-04-30 14:00:00;11980.174;12029.678;11970.725;12017.422;1.55907;GBR.IDXEUR
2026-04-30 15:00:00;12017.283;12029.28;11995.044;12001.223;1.36926;GBR.IDXEUR
2026-04-30 16:00:00;12001.223;12006.9;11991.105;12000.129;0.6372;GBR.IDXEUR
2026-04-30 17:00:00;12000.407;12005.97;11992.038;11993.904;0.50085;GBR.IDXEUR
2026-04-30 18:00:00;11993.765;12019.817;11991.86;12013.069;0.42885;GBR.IDXEUR
2026-04-30 19:00:00;12013.209;12039.806;12012.373;12016.559;0.4569;GBR.IDXEUR
2026-04-30 20:00:00;12016.42;12019.103;12008.494;12018.028;0.054984;GBR.IDXEUR
2026-04-30 22:00:00;12017.148;12027.606;12012.523;12015.31;0.056904;GBR.IDXEUR
2026-04-30 23:00:00;12015.31;12025.845;12014.808;12022.044;0.044256;GBR.IDXEUR
2026-05-01 00:00:00;12030.686;12036.739;11983.027;12001.261;0.064116;GBR.IDXEUR
2026-05-01 01:00:00;12001.261;12034.58;11993.389;12029.755;0.049968;GBR.IDXEUR
2026-05-01 02:00:00;12029.976;12034.513;12026.251;12028.463;0.046188;GBR.IDXEUR
2026-05-01 03:00:00;12028.324;12037.781;12027.807;12033.289;0.042696;GBR.IDXEUR
2026-05-01 04:00:00;12033.773;12033.998;12024.335;12025.033;0.04482;GBR.IDXEUR
2026-05-01 05:00:00;12025.033;12032.186;12019.283;12023.415;0.057888;GBR.IDXEUR
2026-05-01 06:00:00;12023.694;12030.785;11993.236;12009.989;0.452298;GBR.IDXEUR
2026-05-01 07:00:00;12009.535;12009.535;11958.901;11962.139;0.73468;GBR.IDXEUR
2026-05-01 08:00:00;11962.278;11974.537;11935.755;11939.238;0.46053;GBR.IDXEUR
2026-05-01 09:00:00;11939.1;11964.568;11925.157;11954.685;0.44387;GBR.IDXEUR
2026-05-01 10:00:00;11954.685;11961.192;11942.866;11959.323;0.36482;GBR.IDXEUR
2026-05-01 11:00:00;11960.158;11965.738;11948.446;11954.55;0.44591;GBR.IDXEUR
2026-05-01 12:00:00;11954.827;11976.603;11945.449;11952.96;0.57681;GBR.IDXEUR
2026-05-01 13:00:00;11953.098;12022.32;11951.458;12014.12;0.69853;GBR.IDXEUR
2026-05-01 14:00:00;12012.728;12021.465;11994.708;12011.152;0.82331;GBR.IDXEUR
2026-05-01 15:00:00;12011.43;12029.954;12002.61;12022.975;0.71934;GBR.IDXEUR
2026-05-01 16:00:00;12023.115;12031.514;12009.367;12011.042;0.51735;GBR.IDXEUR
2026-05-01 17:00:00;12011.181;12032.857;12008.083;12029.34;0.2955;GBR.IDXEUR
2026-05-01 18:00:00;12029.34;12040.665;12017.586;12022.829;0.43065;GBR.IDXEUR
2026-05-01 19:00:00;12022.551;12036.059;12001.984;12003.206;0.33795;GBR.IDXEUR
2026-05-01 20:00:00;12003.067;12003.067;12003.067;12003.067;0.00015;GBR.IDXEUR
2026-05-03 22:00:00;12011.407;12013.235;12000.862;12005.066;0.037872;GBR.IDXEUR
2026-05-03 23:00:00;12004.971;12007.426;11994.755;11997.385;0.029184;GBR.IDXEUR
2026-05-04 00:00:00;11997.385;12006.496;11987.983;12001.816;0.043572;GBR.IDXEUR
2026-05-04 01:00:00;12001.677;12007.447;11984.508;12005.965;0.028308;GBR.IDXEUR
2026-05-04 02:00:00;12006.104;12014.622;11997.563;12008.967;0.015612;GBR.IDXEUR
2026-05-04 03:00:00;12008.967;12016.107;12001.238;12009.362;0.03048;GBR.IDXEUR
2026-05-04 04:00:00;12009.362;12013.865;11998.321;12003.04;0.020148;GBR.IDXEUR
2026-05-04 05:00:00;12003.179;12025.414;11999.961;12017.174;0.021372;GBR.IDXEUR
2026-05-04 06:00:00;12015.574;12025.765;11989.45;11995.104;0.035856;GBR.IDXEUR
2026-05-04 07:00:00;11994.965;11999.775;11968.878;11976.295;0.040344;GBR.IDXEUR
2026-05-04 08:00:00;11976.434;11978.24;11928.142;11931.185;0.038268;GBR.IDXEUR
2026-05-04 09:00:00;11931.323;11968.395;11929.246;11951.068;0.026652;GBR.IDXEUR
2026-05-04 10:00:00;11951.068;11958.758;11858.494;11926.395;0.082788;GBR.IDXEUR
2026-05-04 11:00:00;11926.533;11957.315;11913.588;11949.997;0.044688;GBR.IDXEUR
2026-05-04 12:00:00;11950.136;11966.776;11935.412;11941.695;0.04932;GBR.IDXEUR
2026-05-04 13:00:00;11940.075;11947.466;11909.978;11926.329;0.059712;GBR.IDXEUR
2026-05-04 14:00:00;11926.191;11947.181;11898.454;11908.732;0.055476;GBR.IDXEUR
2026-05-04 15:00:00;11910.251;11919.728;11839.719;11859.607;0.473622;GBR.IDXEUR
2026-05-04 16:00:00;11859.744;11864.117;11815.474;11847.079;0.7794;GBR.IDXEUR
2026-05-04 17:00:00;11848.734;11899.943;11847.332;11878.375;0.4149;GBR.IDXEUR
2026-05-04 18:00:00;11878.375;11888.236;11848.039;11858.065;0.30735;GBR.IDXEUR
2026-05-04 19:00:00;11858.203;11882.535;11852.865;11879.343;0.35025;GBR.IDXEUR
2026-05-04 20:00:00;11879.343;11880.174;11872.814;11873.688;0.016416;GBR.IDXEUR
2026-05-04 22:00:00;11878.298;11880.445;11873.173;11874.44;0.018024;GBR.IDXEUR
2026-05-04 23:00:00;11874.341;11884.186;11872.102;11884.183;0.016728;GBR.IDXEUR
2026-05-05 00:00:00;11932.887;11935.932;11906.533;11916.795;0.074328;GBR.IDXEUR
2026-05-05 01:00:00;11916.657;11917.33;11883.503;11885.911;0.056916;GBR.IDXEUR
2026-05-05 02:00:00;11886.049;11907.202;11885.499;11890.469;0.03456;GBR.IDXEUR
2026-05-05 03:00:00;11890.331;11897.588;11886.256;11887.455;0.032652;GBR.IDXEUR
2026-05-05 04:00:00;11887.318;11900.355;11879.192;11897.936;0.052056;GBR.IDXEUR
2026-05-05 05:00:00;11897.798;11899.424;11871.141;11891.583;0.072072;GBR.IDXEUR
2026-05-05 06:00:00;11891.858;11937.105;11872.439;11920.1;0.533934;GBR.IDXEUR
2026-05-05 07:00:00;11921.264;11936.442;11857.982;11882.592;1.05012;GBR.IDXEUR
2026-05-05 08:00:00;11882.73;11925.538;11880.813;11893.985;0.84745;GBR.IDXEUR
2026-05-05 09:00:00;11894.537;11904.26;11882.392;11887.935;0.82229;GBR.IDXEUR
2026-05-05 10:00:00;11888.152;11902.264;11873.376;11883.719;0.64991;GBR.IDXEUR
2026-05-05 11:00:00;11884.035;11886.605;11839.444;11840.747;0.80274;GBR.IDXEUR
2026-05-05 12:00:00;11841.158;11862.652;11825.482;11835.052;0.88026;GBR.IDXEUR
2026-05-05 13:00:00;11834.915;11854.148;11792.755;11817.585;0.96101;GBR.IDXEUR
2026-05-05 14:00:00;11818.543;11822.947;11775.544;11801.059;1.23777;GBR.IDXEUR
2026-05-05 15:00:00;11801.059;11863.825;11796.555;11856.502;0.91952;GBR.IDXEUR
2026-05-05 16:00:00;11856.64;11875.576;11849.294;11868.579;0.4425;GBR.IDXEUR
2026-05-05 17:00:00;11868.716;11882.244;11859.457;11882.214;0.3165;GBR.IDXEUR
2026-05-05 18:00:00;11882.214;11889.734;11877.708;11887.734;0.1971;GBR.IDXEUR
2026-05-05 19:00:00;11887.734;11894.513;11877.349;11886.28;0.2409;GBR.IDXEUR
2026-05-05 20:00:00;11886.418;11886.519;11883.247;11885.215;0.035874;GBR.IDXEUR
2026-05-05 22:00:00;11891.592;11921.554;11890.511;11920.469;0.07452;GBR.IDXEUR
2026-05-05 23:00:00;11920.967;11923.054;11917.262;11920.252;0.090816;GBR.IDXEUR
2026-05-06 00:00:00;11920.874;11946.535;11920.874;11945.427;0.146028;GBR.IDXEUR
2026-05-06 01:00:00;11945.427;11963.376;11944.371;11959.532;0.158976;GBR.IDXEUR
2026-05-06 02:00:00;11959.266;11968.246;11947.658;11948.46;0.107064;GBR.IDXEUR
2026-05-06 03:00:00;11947.888;11956.102;11939.794;11953.348;0.08568;GBR.IDXEUR
2026-05-06 04:00:00;11953.348;11974.273;11953.348;11963.277;0.164448;GBR.IDXEUR
2026-05-06 05:00:00;11963.277;11972.282;11948.395;11967.88;0.141012;GBR.IDXEUR
2026-05-06 06:00:00;11968.157;11984.865;11963.362;11971.324;0.51861;GBR.IDXEUR
2026-05-06 07:00:00;11971.693;12034.615;11956.832;12028.829;1.08265;GBR.IDXEUR
2026-05-06 08:00:00;12029.055;12113.925;12023.001;12099.543;1.21924;GBR.IDXEUR
2026-05-06 09:00:00;12099.683;12111.306;12071.954;12074.331;1.30016;GBR.IDXEUR
2026-05-06 10:00:00;12074.192;12108.934;12069.357;12095.781;1.10976;GBR.IDXEUR
2026-05-06 11:00:00;12095.781;12139.859;12087.324;12129.375;1.29438;GBR.IDXEUR
2026-05-06 12:00:00;12129.656;12131.847;12078.865;12098.633;1.25715;GBR.IDXEUR
2026-05-06 13:00:00;12098.773;12105.37;12070.175;12080.714;1.20649;GBR.IDXEUR
2026-05-06 14:00:00;12080.575;12101.768;12060.374;12078.946;1.21159;GBR.IDXEUR
2026-05-06 15:00:00;12079.225;12096.123;12057.722;12061.594;0.96027;GBR.IDXEUR
2026-05-06 16:00:00;12061.37;12072.44;12051.948;12058.964;0.52665;GBR.IDXEUR
2026-05-06 17:00:00;12059.103;12072.102;12051.078;12064.119;0.4119;GBR.IDXEUR
2026-05-06 18:00:00;12064.487;12076.393;12063.405;12075.397;0.32475;GBR.IDXEUR
2026-05-06 19:00:00;12075.537;12092.573;12074.378;12087.59;0.38505;GBR.IDXEUR
2026-05-06 20:00:00;12087.729;12089.505;12081.32;12088.324;0.058482;GBR.IDXEUR
2026-05-06 22:00:00;12074.713;12076.939;12070.745;12073.403;0.04836;GBR.IDXEUR
2026-05-06 23:00:00;12073.264;12077.959;12072.546;12074.242;0.037128;GBR.IDXEUR
2026-05-07 00:00:00;12064.331;12091.483;12064.331;12089.065;0.160128;GBR.IDXEUR
2026-05-07 01:00:00;12089.065;12097.298;12080.224;12090.602;0.149436;GBR.IDXEUR
2026-05-07 02:00:00;12090.217;12099.699;12089.559;12095.652;0.11772;GBR.IDXEUR
2026-05-07 03:00:00;12095.512;12098.552;12090.246;12091.826;0.084744;GBR.IDXEUR
2026-05-07 04:00:00;12091.686;12094.83;12087.046;12091.431;0.071928;GBR.IDXEUR
2026-05-07 05:00:00;12091.291;12095.699;12086.877;12087.034;0.090576;GBR.IDXEUR
2026-05-07 06:00:00;12087.804;12125.285;12080.11;12106.965;0.541602;GBR.IDXEUR
2026-05-07 07:00:00;12105.576;12105.716;12008.639;12016.648;1.28364;GBR.IDXEUR
2026-05-07 08:00:00;12016.509;12044.548;11998.244;12001.128;0.86377;GBR.IDXEUR
2026-05-07 09:00:00;12001.267;12006.782;11989.013;12002.438;0.69139;GBR.IDXEUR
2026-05-07 10:00:00;12002.438;12011.543;11989.423;11997.69;0.76058;GBR.IDXEUR
2026-05-07 11:00:00;11997.935;12019.282;11997.658;12004.983;0.78642;GBR.IDXEUR
2026-05-07 12:00:00;12004.983;12019.37;11998.592;12015.705;0.86938;GBR.IDXEUR
2026-05-07 13:00:00;12015.844;12017.206;11944.547;11952.17;1.12064;GBR.IDXEUR
2026-05-07 14:00:00;11952.032;11953.489;11909.56;11929.09;1.04805;GBR.IDXEUR
2026-05-07 15:00:00;11928.816;11932.826;11842.731;11845.863;0.99089;GBR.IDXEUR
2026-05-07 16:00:00;11847.84;11854.832;11824.659;11827.643;0.9105;GBR.IDXEUR
2026-05-07 17:00:00;11827.37;11841.978;11799.207;11825.395;0.8754;GBR.IDXEUR
2026-05-07 18:00:00;11825.181;11833.316;11792.922;11813.863;0.74865;GBR.IDXEUR
2026-05-07 19:00:00;11813.761;11831.515;11791.787;11796.34;0.74325;GBR.IDXEUR
2026-05-07 20:00:00;11796.34;11814.997;11787.62;11806.51;0.075318;GBR.IDXEUR
2026-05-07 22:00:00;11781.841;11783.65;11771.105;11773.002;0.08484;GBR.IDXEUR
2026-05-07 23:00:00;11773.243;11790.244;11772.462;11789.994;0.042936;GBR.IDXEUR
2026-05-08 00:00:00;11820.38;11830.218;11795.291;11806.442;0.116292;GBR.IDXEUR
2026-05-08 01:00:00;11806.852;11816.416;11796.979;11796.979;0.110844;GBR.IDXEUR
2026-05-08 02:00:00;11796.986;11808.613;11788.34;11799.656;0.123444;GBR.IDXEUR
2026-05-08 03:00:00;11800.547;11807.707;11793.063;11804.756;0.074052;GBR.IDXEUR
2026-05-08 04:00:00;11805.337;11815.423;11797.668;11807.5;0.070272;GBR.IDXEUR
2026-05-08 05:00:00;11807.364;11821.259;11806.305;11816.145;0.083556;GBR.IDXEUR
2026-05-08 06:00:00;11816.555;11816.835;11784.513;11795.579;0.472074;GBR.IDXEUR
2026-05-08 07:00:00;11796.119;11826.458;11773.342;11826.458;0.94234;GBR.IDXEUR
2026-05-08 08:00:00;11826.321;11827.945;11794.242;11811.794;0.85697;GBR.IDXEUR
2026-05-08 09:00:00;11812.205;11876.307;11811.578;11850.895;0.72726;GBR.IDXEUR
2026-05-08 10:00:00;11851.169;11882.485;11844.938;11875.111;0.55063;GBR.IDXEUR
2026-05-08 11:00:00;11875.111;11881.012;11854.976;11874.093;0.54825;GBR.IDXEUR
2026-05-08 12:00:00;11873.819;11891.768;11864.628;11870.705;0.83946;GBR.IDXEUR
2026-05-08 13:00:00;11870.979;11890.388;11852.577;11880.974;0.91868;GBR.IDXEUR
2026-05-08 14:00:00;11881.198;11882.96;11841.361;11847.812;0.93619;GBR.IDXEUR
2026-05-08 15:00:00;11847.675;11851.824;11826.898;11845.876;0.83789;GBR.IDXEUR
2026-05-08 16:00:00;11846.013;11858.422;11844.768;11846.583;0.36525;GBR.IDXEUR
2026-05-08 17:00:00;11846.309;11860.665;11843.606;11859.116;0.26115;GBR.IDXEUR
2026-05-08 18:00:00;11858.524;11871.325;11845.55;11850.896;0.36105;GBR.IDXEUR
2026-05-08 19:00:00;11850.759;11872.673;11849.501;11872.297;0.3237;GBR.IDXEUR
2026-05-08 20:00:00;11872.297;11872.297;11872.16;11872.16;0.0003;GBR.IDXEUR
2026-05-10 22:00:00;11817.45;11826.709;11811.326;11825.6;0.084672;GBR.IDXEUR
2026-05-10 23:00:00;11825.502;11829.987;11824.374;11827.589;0.057288;GBR.IDXEUR
2026-05-11 00:00:00;11834.877;11846.002;11818.42;11832.768;0.11058;GBR.IDXEUR
2026-05-11 01:00:00;11832.768;11847.705;11825.24;11839.315;0.097704;GBR.IDXEUR
2026-05-11 02:00:00;11838.951;11850.242;11827.765;11829.155;0.064152;GBR.IDXEUR
2026-05-11 03:00:00;11829.155;11846.207;11824.196;11841.366;0.04878;GBR.IDXEUR
2026-05-11 04:00:00;11841.727;11848.766;11830.61;11833.007;0.034992;GBR.IDXEUR
2026-05-11 05:00:00;11833.326;11862.622;11833.326;11861.456;0.064296;GBR.IDXEUR
2026-05-11 06:00:00;11861.456;11865.317;11844.55;11855.471;0.445812;GBR.IDXEUR
2026-05-11 07:00:00;11855.197;11889.916;11837.503;11848.293;0.77845;GBR.IDXEUR
2026-05-11 08:00:00;11848.156;11861.757;11834.135;11846.568;0.71281;GBR.IDXEUR
2026-05-11 09:00:00;11846.705;11863.752;11836.881;11846.5;0.51476;GBR.IDXEUR
2026-05-11 10:00:00;11846.774;11850.545;11815.173;11820.407;0.731;GBR.IDXEUR
2026-05-11 11:00:00;11820.883;11842.037;11819.21;11832.842;0.62118;GBR.IDXEUR
2026-05-11 12:00:00;11832.842;11843.687;11821.019;11840.654;0.64175;GBR.IDXEUR
2026-05-11 13:00:00;11840.654;11892.599;11838.896;11891.84;0.81685;GBR.IDXEUR
2026-05-11 14:00:00;11891.84;11891.84;11858.054;11878.843;0.80121;GBR.IDXEUR
2026-05-11 15:00:00;11878.705;11903.594;11867.236;11868.895;0.71471;GBR.IDXEUR
2026-05-11 16:00:00;11868.62;11875.463;11846.759;11849.294;0.37635;GBR.IDXEUR
2026-05-11 17:00:00;11849.504;11863.509;11841.462;11860.013;0.273;GBR.IDXEUR
2026-05-11 18:00:00;11859.876;11869.784;11848.494;11848.525;0.2337;GBR.IDXEUR
2026-05-11 19:00:00;11848.662;11853.208;11820.316;11843.099;0.27345;GBR.IDXEUR
2026-05-11 20:00:00;11842.962;11843.281;11824.493;11831.732;0.029268;GBR.IDXEUR
2026-05-11 22:00:00;11823.524;11830.436;11822.737;11828.332;0.027504;GBR.IDXEUR
2026-05-11 23:00:00;11828.577;11834.257;11828.396;11830.289;0.02796;GBR.IDXEUR
2026-05-12 00:00:00;11829.669;11829.669;11810.584;11817.628;0.09666;GBR.IDXEUR
2026-05-12 01:00:00;11817.765;11818.269;11747.663;11774.744;0.199368;GBR.IDXEUR
2026-05-12 02:00:00;11774.975;11808.977;11772.623;11804.645;0.137304;GBR.IDXEUR
2026-05-12 03:00:00;11805.199;11808.346;11794.661;11797.364;0.0909;GBR.IDXEUR
2026-05-12 04:00:00;11797.227;11808.252;11793.159;11794.089;0.072468;GBR.IDXEUR
2026-05-12 05:00:00;11793.511;11797.892;11778.937;11788.484;0.11898;GBR.IDXEUR
2026-05-12 06:00:00;11788.212;11789.316;11724.221;11750.876;0.603582;GBR.IDXEUR
2026-05-12 07:00:00;11750.74;11770.495;11693.975;11747.059;1.08697;GBR.IDXEUR
2026-05-12 08:00:00;11746.924;11789.172;11740.618;11770.107;1.05179;GBR.IDXEUR
2026-05-12 09:00:00;11770.107;11781.329;11755.27;11764.714;0.92973;GBR.IDXEUR
2026-05-12 10:00:00;11764.849;11807.956;11764.578;11794.981;0.62203;GBR.IDXEUR
2026-05-12 11:00:00;11795.603;11811.284;11777.633;11777.633;0.71026;GBR.IDXEUR
2026-05-12 12:00:00;11777.633;11805.011;11764.906;11793.049;0.93636;GBR.IDXEUR
2026-05-12 13:00:00;11792.913;11795.278;11767.687;11787.452;1.02629;GBR.IDXEUR
2026-05-12 14:00:00;11786.656;11812.61;11784.253;11796.639;1.0523;GBR.IDXEUR
2026-05-12 15:00:00;11796.774;11847.295;11789.125;11835.644;0.9167;GBR.IDXEUR
2026-05-12 16:00:00;11835.644;11839.147;11814.498;11833.359;0.5193;GBR.IDXEUR
2026-05-12 17:00:00;11833.495;11853.291;11831.21;11844.482;0.3594;GBR.IDXEUR
2026-05-12 18:00:00;11844.345;11864.663;11842.336;11853.309;0.393;GBR.IDXEUR
2026-05-12 19:00:00;11853.446;11869.324;11850.629;11861.441;0.32475;GBR.IDXEUR
2026-05-12 20:00:00;11861.441;11861.441;11849.444;11853.731;0.028182;GBR.IDXEUR
2026-05-12 22:00:00;11854.769;11861.352;11853.133;11856.384;0.03456;GBR.IDXEUR
2026-05-12 23:00:00;11856.275;11857.94;11848.526;11849.405;0.04464;GBR.IDXEUR
2026-05-13 00:00:00;11850.886;11866.448;11841.268;11864.567;0.118368;GBR.IDXEUR
2026-05-13 01:00:00;11864.567;11893.614;11864.501;11888.124;0.114624;GBR.IDXEUR
2026-05-13 02:00:00;11887.476;11892.718;11879.115;11881.319;0.076536;GBR.IDXEUR
2026-05-13 03:00:00;11881.218;11900.508;11874.701;11894.036;0.064584;GBR.IDXEUR
2026-05-13 04:00:00;11893.462;11898.356;11889.514;11891.233;0.047196;GBR.IDXEUR
2026-05-13 05:00:00;11890.901;11904.718;11887.273;11902.787;0.075528;GBR.IDXEUR
2026-05-13 06:00:00;11902.924;11915.76;11892.382;11909.706;0.408198;GBR.IDXEUR
2026-05-13 07:00:00;11908.063;11963.767;11905.295;11941.971;0.81211;GBR.IDXEUR
2026-05-13 08:00:00;11941.695;11947.22;11911.534;11918.452;0.62254;GBR.IDXEUR
2026-05-13 09:00:00;11918.314;11921.629;11878.307;11890.589;0.63903;GBR.IDXEUR
2026-05-13 10:00:00;11890.589;11907.041;11844.531;11846.157;0.85034;GBR.IDXEUR
2026-05-13 11:00:00;11845.926;11853.557;11833.904;11852.22;0.49266;GBR.IDXEUR
2026-05-13 12:00:00;11851.947;11860.868;11802.244;11830.552;0.72165;GBR.IDXEUR
2026-05-13 13:00:00;11830.962;11902.736;11829.253;11896.883;0.79696;GBR.IDXEUR
2026-05-13 14:00:00;11896.759;11913.515;11884.251;11887.97;0.75803;GBR.IDXEUR
2026-05-13 15:00:00;11887.833;11939.556;11882.088;11926.844;0.66769;GBR.IDXEUR
2026-05-13 16:00:00;11927.119;11955.429;11923.137;11945.634;0.47775;GBR.IDXEUR
2026-05-13 17:00:00;11945.91;11956.543;11941.128;11942.27;0.2442;GBR.IDXEUR
2026-05-13 18:00:00;11942.132;11945.715;11925.1;11934.553;0.30585;GBR.IDXEUR
2026-05-13 19:00:00;11935.389;11961.585;11932.613;11959.946;0.279;GBR.IDXEUR
2026-05-13 20:00:00;11959.808;11960.013;11955.146;11959.346;0.028074;GBR.IDXEUR
2026-05-13 22:00:00;11937.973;11952.346;11936.703;11948.671;0.04344;GBR.IDXEUR
2026-05-13 23:00:00;11948.671;11953.388;11947.682;11950.364;0.035352;GBR.IDXEUR
2026-05-14 00:00:00;11952.902;11961.586;11943.954;11946.952;0.083088;GBR.IDXEUR
2026-05-14 01:00:00;11946.814;11949.928;11913.093;11914.158;0.086004;GBR.IDXEUR
2026-05-14 02:00:00;11914.295;11923.0;11906.524;11910.697;0.06498;GBR.IDXEUR
2026-05-14 03:00:00;11910.834;11914.408;11901.162;11905.332;0.059796;GBR.IDXEUR
2026-05-14 04:00:00;11905.108;11915.456;11901.472;11906.514;0.055512;GBR.IDXEUR
2026-05-14 05:00:00;11906.377;11910.068;11892.996;11909.793;0.092736;GBR.IDXEUR
2026-05-14 06:00:00;11909.23;11933.786;11909.23;11920.46;0.401376;GBR.IDXEUR
2026-05-14 07:00:00;11921.453;11942.029;11894.872;11895.494;0.67421;GBR.IDXEUR
2026-05-14 08:00:00;11895.768;11951.512;11891.459;11947.428;0.58854;GBR.IDXEUR
2026-05-14 09:00:00;11947.566;11955.348;11933.797;11938.506;0.4811;GBR.IDXEUR
2026-05-14 10:00:00;11938.23;11964.561;11935.373;11958.03;0.53737;GBR.IDXEUR
2026-05-14 11:00:00;11958.929;11982.627;11955.821;11955.835;0.45764;GBR.IDXEUR
2026-05-14 12:00:00;11955.973;11979.698;11951.753;11976.749;0.61166;GBR.IDXEUR
2026-05-14 13:00:00;11976.887;11980.158;11928.848;11936.432;0.77843;GBR.IDXEUR
2026-05-14 14:00:00;11936.252;11964.321;11916.745;11962.671;0.85544;GBR.IDXEUR
2026-05-14 15:00:00;11962.809;11991.077;11953.862;11984.521;0.68675;GBR.IDXEUR
2026-05-14 16:00:00;11984.245;11985.212;11938.199;11948.608;0.7359;GBR.IDXEUR
2026-05-14 17:00:00;11948.954;11958.756;11932.774;11932.978;0.52545;GBR.IDXEUR
2026-05-14 18:00:00;11933.504;11935.441;11913.785;11919.369;0.42855;GBR.IDXEUR
2026-05-14 19:00:00;11919.369;11921.556;11890.229;11899.367;0.34695;GBR.IDXEUR
2026-05-14 20:00:00;11899.367;11901.474;11896.382;11896.893;0.02478;GBR.IDXEUR
2026-05-14 22:00:00;11894.904;11899.614;11892.792;11896.41;0.037536;GBR.IDXEUR
2026-05-14 23:00:00;11896.538;11906.797;11891.504;11895.032;0.046176;GBR.IDXEUR
2026-05-15 00:00:00;11898.295;11905.964;11877.496;11888.547;0.102648;GBR.IDXEUR
2026-05-15 01:00:00;11888.41;11888.41;11817.583;11821.305;0.141048;GBR.IDXEUR
2026-05-15 02:00:00;11821.398;11842.386;11817.169;11832.759;0.110484;GBR.IDXEUR
2026-05-15 03:00:00;11832.251;11839.548;11827.188;11835.466;0.080856;GBR.IDXEUR
2026-05-15 04:00:00;11835.194;11835.33;11810.172;11812.91;0.067932;GBR.IDXEUR
2026-05-15 05:00:00;11812.91;11813.605;11773.282;11778.35;0.151092;GBR.IDXEUR
2026-05-15 06:00:00;11778.35;11825.752;11775.82;11825.752;0.642306;GBR.IDXEUR
2026-05-15 07:00:00;11825.943;11847.757;11803.261;11820.217;1.03201;GBR.IDXEUR
2026-05-15 08:00:00;11820.217;11825.908;11742.19;11750.226;0.92276;GBR.IDXEUR
2026-05-15 09:00:00;11750.584;11752.524;11718.148;11735.985;0.9384;GBR.IDXEUR
2026-05-15 10:00:00;11736.524;11776.158;11733.289;11770.35;0.93177;GBR.IDXEUR
2026-05-15 11:00:00;11770.35;11780.264;11706.641;11716.519;0.73695;GBR.IDXEUR
2026-05-15 12:00:00;11716.653;11716.653;11669.463;11693.64;0.80461;GBR.IDXEUR
2026-05-15 13:00:00;11693.775;11732.83;11683.213;11697.997;1.10772;GBR.IDXEUR
2026-05-15 14:00:00;11697.769;11715.951;11677.152;11690.528;1.11605;GBR.IDXEUR
2026-05-15 15:00:00;11690.394;11699.326;11642.225;11666.094;1.01669;GBR.IDXEUR
2026-05-15 16:00:00;11666.814;11680.201;11649.891;11671.189;0.57435;GBR.IDXEUR
2026-05-15 17:00:00;11671.055;11692.661;11668.558;11691.043;0.4068;GBR.IDXEUR
2026-05-15 18:00:00;11691.311;11696.889;11680.139;11691.65;0.44325;GBR.IDXEUR
2026-05-15 19:00:00;11691.784;11695.374;11678.689;11684.516;0.3504;GBR.IDXEUR
2026-05-15 20:00:00;11684.516;11685.975;11684.516;11685.765;0.00105;GBR.IDXEUR
2026-05-17 22:00:00;11673.142;11687.384;11672.892;11678.76;0.114408;GBR.IDXEUR
2026-05-17 23:00:00;11678.894;11682.256;11654.547;11662.45;0.141504;GBR.IDXEUR
2026-05-18 00:00:00;11654.2;11683.118;11645.137;11682.4;0.208284;GBR.IDXEUR
2026-05-18 01:00:00;11682.4;11687.671;11615.867;11636.643;0.266724;GBR.IDXEUR
2026-05-18 02:00:00;11636.776;11641.921;11610.875;11613.647;0.1683;GBR.IDXEUR
2026-05-18 03:00:00;11613.859;11633.094;11604.666;11624.802;0.139392;GBR.IDXEUR
2026-05-18 04:00:00;11624.549;11650.016;11621.72;11637.799;0.101736;GBR.IDXEUR
2026-05-18 05:00:00;11638.004;11659.373;11628.693;11629.791;0.144504;GBR.IDXEUR
2026-05-18 06:00:00;11629.924;11648.591;11601.535;11648.003;0.720852;GBR.IDXEUR
2026-05-18 07:00:00;11648.827;11714.447;11642.981;11703.361;1.14647;GBR.IDXEUR
2026-05-18 08:00:00;11703.361;11743.042;11700.839;11736.944;0.88111;GBR.IDXEUR
2026-05-18 09:00:00;11736.674;11743.699;11718.255;11742.592;0.59381;GBR.IDXEUR
2026-05-18 10:00:00;11742.727;11747.155;11712.692;11729.378;0.6426;GBR.IDXEUR
2026-05-18 11:00:00;11729.243;11795.532;11708.359;11770.81;1.03598;GBR.IDXEUR
2026-05-18 12:00:00;11770.81;11839.74;11764.503;11837.459;1.0251;GBR.IDXEUR
2026-05-18 13:00:00;11837.868;11877.851;11818.478;11871.005;1.06437;GBR.IDXEUR
2026-05-18 14:00:00;11870.868;11894.142;11848.309;11887.667;1.19;GBR.IDXEUR
2026-05-18 15:00:00;11887.667;11902.165;11841.998;11900.458;1.05435;GBR.IDXEUR
2026-05-18 16:00:00;11899.903;11924.476;11889.618;11904.771;0.8316;GBR.IDXEUR
2026-05-18 17:00:00;11904.771;11925.896;11892.851;11902.065;0.4845;GBR.IDXEUR
2026-05-18 18:00:00;11902.394;11904.5;11858.188;11863.227;0.68025;GBR.IDXEUR
2026-05-18 19:00:00;11863.5;11933.355;11860.157;11932.44;0.90795;GBR.IDXEUR
2026-05-18 20:00:00;11929.595;11929.732;11920.788;11925.69;0.034158;GBR.IDXEUR
2026-05-18 22:00:00;11923.038;11938.096;11917.76;11934.26;0.066048;GBR.IDXEUR
2026-05-18 23:00:00;11934.365;11938.801;11927.387;11929.108;0.065232;GBR.IDXEUR
2026-05-19 00:00:00;11936.054;11947.504;11899.712;11901.444;0.156648;GBR.IDXEUR
2026-05-19 01:00:00;11901.444;11917.361;11883.683;11886.534;0.153468;GBR.IDXEUR
2026-05-19 02:00:00;11886.397;11891.29;11873.327;11877.452;0.131904;GBR.IDXEUR
2026-05-19 03:00:00;11877.589;11897.229;11868.997;11879.946;0.103032;GBR.IDXEUR
2026-05-19 04:00:00;11879.946;11880.516;11857.703;11874.96;0.097344;GBR.IDXEUR
2026-05-19 05:00:00;11874.824;11894.69;11863.6;11892.149;0.1467;GBR.IDXEUR
2026-05-19 06:00:00;11890.797;11923.584;11885.563;11908.229;0.514074;GBR.IDXEUR
2026-05-19 07:00:00;11908.092;11975.226;11907.955;11970.69;0.80872;GBR.IDXEUR
2026-05-19 08:00:00;11970.69;11984.27;11946.106;11971.223;0.73168;GBR.IDXEUR
2026-05-19 09:00:00;11970.948;11985.548;11959.896;11984.748;0.67252;GBR.IDXEUR
2026-05-19 10:00:00;11985.025;12011.118;11974.182;11985.89;0.68578;GBR.IDXEUR
2026-05-19 11:00:00;11985.89;11995.215;11957.734;11958.687;0.60775;GBR.IDXEUR
2026-05-19 12:00:00;11958.411;11999.68;11951.873;11983.995;0.68612;GBR.IDXEUR
2026-05-19 13:00:00;11983.857;11983.857;11910.537;11924.713;1.12455;GBR.IDXEUR
2026-05-19 14:00:00;11923.881;11937.077;11903.401;11922.65;1.15107;GBR.IDXEUR
2026-05-19 15:00:00;11922.65;11949.867;11917.945;11923.525;0.88192;GBR.IDXEUR
2026-05-19 16:00:00;11923.663;11948.038;11908.403;11945.465;0.53415;GBR.IDXEUR
2026-05-19 17:00:00;11945.741;11947.416;11920.104;11921.042;0.3564;GBR.IDXEUR
2026-05-19 18:00:00;11921.18;11922.266;11896.424;11898.692;0.40605;GBR.IDXEUR
2026-05-19 19:00:00;11898.83;11917.369;11878.503;11885.38;0.3864;GBR.IDXEUR
2026-05-19 20:00:00;11885.105;11885.105;11876.403;11882.075;0.033726;GBR.IDXEUR
2026-05-19 22:00:00;11879.209;11886.278;11874.83;11880.474;0.07716;GBR.IDXEUR
2026-05-19 23:00:00;11880.748;11903.77;11879.937;11893.931;0.061272;GBR.IDXEUR
2026-05-20 00:00:00;11886.31;11886.447;11844.854;11858.196;0.162096;GBR.IDXEUR
2026-05-20 01:00:00;11857.86;11871.352;11829.456;11861.522;0.187056;GBR.IDXEUR
2026-05-20 02:00:00;11861.249;11869.226;11826.398;11830.956;0.143964;GBR.IDXEUR
2026-05-20 03:00:00;11831.093;11852.57;11814.655;11843.748;0.106416;GBR.IDXEUR
2026-05-20 04:00:00;11844.007;11859.581;11840.993;11846.203;0.083052;GBR.IDXEUR
2026-05-20 05:00:00;11845.733;11867.669;11842.096;11856.606;0.104688;GBR.IDXEUR
2026-05-20 06:00:00;11857.838;11884.504;11857.838;11863.182;0.557748;GBR.IDXEUR
2026-05-20 07:00:00;11863.319;11904.531;11863.182;11870.993;0.74676;GBR.IDXEUR
2026-05-20 08:00:00;11870.856;11925.516;11870.066;11918.932;0.67405;GBR.IDXEUR
2026-05-20 09:00:00;11919.345;11937.027;11909.651;11930.193;0.44285;GBR.IDXEUR
2026-05-20 10:00:00;11930.331;11954.028;11929.229;11936.011;0.44948;GBR.IDXEUR
2026-05-20 11:00:00;11936.412;11963.595;11931.029;11943.226;0.42415;GBR.IDXEUR
2026-05-20 12:00:00;11943.364;11971.784;11940.759;11960.392;0.48484;GBR.IDXEUR
2026-05-20 13:00:00;11960.53;12010.185;11957.45;12002.395;0.782;GBR.IDXEUR
2026-05-20 14:00:00;12001.949;12035.033;11956.5;12033.141;1.31019;GBR.IDXEUR
2026-05-20 15:00:00;12033.001;12092.333;12026.993;12066.981;1.03859;GBR.IDXEUR
2026-05-20 16:00:00;12066.841;12074.111;12049.915;12064.657;0.6852;GBR.IDXEUR
2026-05-20 17:00:00;12066.185;12083.76;12059.787;12067.375;0.47055;GBR.IDXEUR
2026-05-20 18:00:00;12067.794;12080.292;12061.481;12075.794;0.4128;GBR.IDXEUR
2026-05-20 19:00:00;12075.654;12083.142;12060.602;12065.218;0.3135;GBR.IDXEUR
2026-05-20 20:00:00;12065.449;12065.449;12057.084;12060.844;0.039726;GBR.IDXEUR
2026-05-20 22:00:00;12041.348;12042.395;12020.632;12030.205;0.095064;GBR.IDXEUR
2026-05-20 23:00:00;12030.345;12034.993;12026.091;12029.208;0.058344;GBR.IDXEUR
2026-05-21 00:00:00;12027.988;12050.351;12017.025;12045.284;0.092028;GBR.IDXEUR
2026-05-21 01:00:00;12045.641;12055.444;12037.454;12043.299;0.110232;GBR.IDXEUR
2026-05-21 02:00:00;12043.159;12054.954;12027.536;12032.793;0.078228;GBR.IDXEUR
2026-05-21 03:00:00;12032.576;12038.6;12021.618;12023.457;0.058212;GBR.IDXEUR
2026-05-21 04:00:00;12023.318;12041.226;12022.601;12039.292;0.043596;GBR.IDXEUR
2026-05-21 05:00:00;12039.663;12044.904;12000.598;12010.033;0.086616;GBR.IDXEUR
2026-05-21 06:00:00;12010.033;12019.906;11984.285;11995.921;0.46062;GBR.IDXEUR
2026-05-21 07:00:00;11995.07;12036.709;11989.727;12019.338;0.99446;GBR.IDXEUR
2026-05-21 08:00:00;12019.338;12060.087;12017.858;12043.392;0.92905;GBR.IDXEUR
2026-05-21 09:00:00;12043.137;12072.199;12039.282;12062.132;0.60758;GBR.IDXEUR
2026-05-21 10:00:00;12061.852;12074.854;11970.81;12001.349;1.01388;GBR.IDXEUR
2026-05-21 11:00:00;12001.072;12036.282;11992.535;12030.2;0.71077;GBR.IDXEUR
2026-05-21 12:00:00;12030.061;12041.959;12017.17;12031.226;0.8483;GBR.IDXEUR
2026-05-21 13:00:00;12031.365;12104.918;12019.132;12103.026;1.05927;GBR.IDXEUR
2026-05-21 14:00:00;12103.653;12110.569;12084.616;12108.384;0.95863;GBR.IDXEUR
2026-05-21 15:00:00;12108.163;12118.179;12077.984;12092.04;0.90726;GBR.IDXEUR
2026-05-21 16:00:00;12092.04;12111.361;12091.742;12104.055;0.4932;GBR.IDXEUR
2026-05-21 17:00:00;12104.055;12170.541;12101.443;12157.544;1.0215;GBR.IDXEUR
2026-05-21 18:00:00;12157.684;12171.219;12132.097;12140.69;0.79785;GBR.IDXEUR
2026-05-21 19:00:00;12140.409;12162.474;12130.184;12139.556;0.5472;GBR.IDXEUR
2026-05-21 20:00:00;12139.79;12144.537;12135.033;12143.401;0.032934;GBR.IDXEUR
2026-05-21 22:00:00;12136.212;12153.821;12135.61;12153.303;0.054456;GBR.IDXEUR
2026-05-21 23:00:00;12153.162;12158.153;12151.717;12153.252;0.029616;GBR.IDXEUR
2026-05-22 00:00:00;12159.507;12159.507;12135.324;12136.101;0.120168;GBR.IDXEUR
2026-05-22 01:00:00;12135.961;12150.238;12130.511;12144.331;0.11322;GBR.IDXEUR
2026-05-22 02:00:00;12144.472;12151.507;12137.273;12147.919;0.064836;GBR.IDXEUR
2026-05-22 03:00:00;12148.06;12158.6;12140.745;12155.935;0.047664;GBR.IDXEUR
2026-05-22 04:00:00;12155.794;12168.607;12151.786;12154.399;0.055944;GBR.IDXEUR
2026-05-22 05:00:00;12154.68;12163.655;12132.772;12132.772;0.079884;GBR.IDXEUR
2026-05-22 06:00:00;12133.474;12158.069;12124.278;12139.158;0.440238;GBR.IDXEUR
2026-05-22 07:00:00;12138.808;12138.808;12106.263;12127.209;0.67763;GBR.IDXEUR
2026-05-22 08:00:00;12127.49;12138.896;12103.779;12118.587;0.6528;GBR.IDXEUR
2026-05-22 09:00:00;12118.447;12135.089;12109.578;12132.319;0.51187;GBR.IDXEUR
2026-05-22 10:00:00;12132.459;12151.905;12118.245;12121.528;0.41973;GBR.IDXEUR
2026-05-22 11:00:00;12121.388;12130.08;12104.886;12119.431;0.48297;GBR.IDXEUR
2026-05-22 12:00:00;12119.666;12143.918;12113.613;12139.46;0.74579;GBR.IDXEUR
2026-05-22 13:00:00;12139.46;12152.575;12121.273;12131.815;0.92718;GBR.IDXEUR
2026-05-22 14:00:00;12131.769;12131.769;12102.374;12126.717;0.96968;GBR.IDXEUR
2026-05-22 15:00:00;12126.717;12138.519;12105.754;12108.149;0.66915;GBR.IDXEUR
2026-05-22 16:00:00;12108.009;12113.179;12095.309;12096.341;0.43095;GBR.IDXEUR
2026-05-22 17:00:00;12096.481;12122.936;12088.907;12111.874;0.48285;GBR.IDXEUR
2026-05-22 18:00:00;12111.874;12117.696;12105.295;12113.775;0.28455;GBR.IDXEUR
2026-05-22 19:00:00;12113.635;12113.846;12088.491;12094.596;0.33165;GBR.IDXEUR
2026-05-22 20:00:00;12094.456;12094.456;12094.456;12094.456;0.00015;GBR.IDXEUR
2026-05-24 22:00:00;12134.821;12143.065;12134.168;12141.463;0.042554;GBR.IDXEUR
2026-05-24 23:00:00;12141.576;12155.591;12141.576;12149.965;0.026964;GBR.IDXEUR
2026-05-25 00:00:00;12149.965;12174.353;12148.563;12161.444;0.036012;GBR.IDXEUR
2026-05-25 01:00:00;12161.304;12191.138;12161.304;12179.928;0.02472;GBR.IDXEUR
2026-05-25 02:00:00;12179.787;12187.213;12175.761;12184.742;0.01194;GBR.IDXEUR
2026-05-25 03:00:00;12185.024;12192.176;12179.169;12181.438;0.014952;GBR.IDXEUR
2026-05-25 04:00:00;12181.862;12200.951;12180.489;12195.668;0.010152;GBR.IDXEUR
2026-05-25 05:00:00;12195.526;12204.396;12192.246;12192.246;0.019032;GBR.IDXEUR
2026-05-25 06:00:00;12192.105;12197.346;12179.807;12181.948;0.02262;GBR.IDXEUR
2026-05-25 07:00:00;12183.304;12211.605;12162.04;12202.727;0.032217;GBR.IDXEUR
2026-05-25 08:00:00;12202.868;12213.189;12191.802;12210.405;0.019018;GBR.IDXEUR
2026-05-25 09:00:00;12210.547;12231.413;12208.566;12224.76;0.012132;GBR.IDXEUR
2026-05-25 10:00:00;12223.411;12232.434;12218.171;12222.742;0.011424;GBR.IDXEUR
2026-05-25 11:00:00;12222.6;12240.0;12213.314;12233.812;0.016788;GBR.IDXEUR
2026-05-25 12:00:00;12233.954;12244.584;12230.779;12231.54;0.020988;GBR.IDXEUR
2026-05-25 13:00:00;12231.398;12257.079;12228.086;12251.253;0.018468;GBR.IDXEUR
2026-05-25 14:00:00;12251.111;12267.656;12246.665;12259.748;0.015588;GBR.IDXEUR
2026-05-25 15:00:00;12259.606;12271.395;12243.746;12267.635;0.02328;GBR.IDXEUR
2026-05-25 16:00:00;12267.635;12271.306;12243.628;12251.764;0.014484;GBR.IDXEUR
2026-05-25 17:00:00;12251.764;12261.86;12249.266;12250.572;0.006792;GBR.IDXEUR
2026-05-25 18:00:00;12249.06;12252.235;12247.939;12251.664;0.006648;GBR.IDXEUR
2026-05-25 19:00:00;12251.664;12254.406;12247.394;12252.87;0.006672;GBR.IDXEUR
2026-05-25 20:00:00;12252.728;12252.728;12252.056;12252.056;2.4e-05;GBR.IDXEUR
2026-05-25 22:00:00;12248.598;12250.518;12237.434;12237.902;0.033108;GBR.IDXEUR
2026-05-25 23:00:00;12237.677;12239.43;12227.542;12231.154;0.02616;GBR.IDXEUR
2026-05-26 00:00:00;12223.292;12223.348;12170.018;12182.621;0.13074;GBR.IDXEUR
2026-05-26 01:00:00;12183.073;12187.558;12157.194;12174.832;0.160416;GBR.IDXEUR
2026-05-26 02:00:00;12174.832;12178.139;12162.013;12165.552;0.096444;GBR.IDXEUR
2026-05-26 03:00:00;12165.552;12177.65;12160.515;12171.654;0.065448;GBR.IDXEUR
2026-05-26 04:00:00;12172.27;12173.534;12159.042;12163.001;0.059616;GBR.IDXEUR
2026-05-26 05:00:00;12163.001;12166.073;12154.631;12158.122;0.074232;GBR.IDXEUR
2026-05-26 06:00:00;12158.122;12204.839;12146.598;12201.002;0.430752;GBR.IDXEUR
2026-05-26 07:00:00;12201.002;12220.019;12176.038;12201.67;0.98426;GBR.IDXEUR
2026-05-26 08:00:00;12201.67;12207.563;12188.832;12190.751;0.60639;GBR.IDXEUR
2026-05-26 09:00:00;12191.033;12213.949;12186.041;12190.959;0.54315;GBR.IDXEUR
2026-05-26 10:00:00;12190.959;12218.593;12184.851;12208.509;0.53516;GBR.IDXEUR
2026-05-26 11:00:00;12208.227;12210.599;12162.946;12171.755;0.57375;GBR.IDXEUR
2026-05-26 12:00:00;12171.451;12191.176;12166.702;12189.547;0.55335;GBR.IDXEUR
2026-05-26 13:00:00;12189.83;12226.123;12187.591;12194.652;0.92718;GBR.IDXEUR
2026-05-26 14:00:00;12194.369;12210.621;12158.867;12158.918;0.8857;GBR.IDXEUR
2026-05-26 15:00:00;12158.637;12163.465;12127.428;12137.595;0.768;GBR.IDXEUR
2026-05-26 16:00:00;12137.126;12146.062;12129.721;12131.003;0.3951;GBR.IDXEUR
2026-05-26 17:00:00;12131.284;12135.405;12119.307;12123.105;0.31455;GBR.IDXEUR
2026-05-26 18:00:00;12122.965;12132.911;12119.839;12131.611;0.22935;GBR.IDXEUR
2026-05-26 19:00:00;12132.032;12146.801;12128.282;12146.327;0.26145;GBR.IDXEUR
2026-05-26 20:00:00;12146.468;12146.512;12141.499;12143.55;0.020628;GBR.IDXEUR
2026-05-26 22:00:00;12141.933;12143.552;12133.135;12137.364;0.041136;GBR.IDXEUR
2026-05-26 23:00:00;12137.449;12149.917;12137.354;12147.698;0.037344;GBR.IDXEUR
2026-05-27 00:00:00;12152.356;12158.634;12137.206;12148.805;0.083988;GBR.IDXEUR
2026-05-27 01:00:00;12148.945;12148.945;12117.216;12119.836;0.076608;GBR.IDXEUR
2026-05-27 02:00:00;12119.696;12127.234;12119.027;12122.111;0.053568;GBR.IDXEUR
2026-05-27 03:00:00;12122.251;12126.807;12107.175;12107.175;0.043524;GBR.IDXEUR
2026-05-27 04:00:00;12107.315;12121.164;12099.932;12118.537;0.045324;GBR.IDXEUR
2026-05-27 05:00:00;12118.257;12121.122;12107.797;12118.098;0.074016;GBR.IDXEUR
2026-05-27 06:00:00;12117.958;12130.88;12094.255;12112.188;0.40338;GBR.IDXEUR
2026-05-27 07:00:00;12112.955;12128.581;12088.362;12099.725;0.6867;GBR.IDXEUR
2026-05-27 08:00:00;12099.585;12113.771;12078.101;12107.223;0.55879;GBR.IDXEUR
2026-05-27 09:00:00;12107.223;12138.937;12106.526;12130.713;0.47549;GBR.IDXEUR
2026-05-27 10:00:00;12130.713;12149.555;12129.064;12138.329;0.44965;GBR.IDXEUR
2026-05-27 11:00:00;12138.189;12143.156;12117.759;12119.376;0.50048;GBR.IDXEUR
2026-05-27 12:00:00;12119.236;12146.314;12102.13;12111.363;0.99654;GBR.IDXEUR
2026-05-27 13:00:00;12111.643;12143.767;12108.53;12136.138;0.96186;GBR.IDXEUR
2026-05-27 14:00:00;12136.278;12137.868;12081.55;12116.744;1.05927;GBR.IDXEUR
2026-05-27 15:00:00;12116.604;12135.355;12106.846;12113.021;0.83981;GBR.IDXEUR
2026-05-27 16:00:00;12113.161;12125.353;12106.837;12114.551;0.37935;GBR.IDXEUR
2026-05-27 17:00:00;12113.123;12117.308;12105.265;12107.037;0.3264;GBR.IDXEUR
2026-05-27 18:00:00;12107.037;12120.646;12099.933;12117.381;0.28185;GBR.IDXEUR
2026-05-27 19:00:00;12117.241;12121.955;12110.734;12115.543;0.2184;GBR.IDXEUR
2026-05-27 20:00:00;12115.784;12116.47;12106.561;12108.64;0.018972;GBR.IDXEUR
2026-05-27 22:00:00;12113.304;12120.793;12107.19;12111.371;0.058608;GBR.IDXEUR
2026-05-27 23:00:00;12111.353;12112.769;12093.981;12095.64;0.061056;GBR.IDXEUR
2026-05-28 00:00:00;12096.205;12099.31;12074.71;12095.792;0.13572;GBR.IDXEUR
2026-05-28 01:00:00;12094.617;12097.957;12066.777;12075.848;0.122724;GBR.IDXEUR
2026-05-28 02:00:00;12075.848;12078.178;12031.522;12033.077;0.080424;GBR.IDXEUR
2026-05-28 03:00:00;12033.216;12036.287;11988.206;12009.347;0.167076;GBR.IDXEUR
2026-05-28 04:00:00;12009.208;12016.871;11994.655;12010.105;0.136548;GBR.IDXEUR
2026-05-28 05:00:00;12010.383;12057.01;12004.303;12053.305;0.1098;GBR.IDXEUR
2026-05-28 06:00:00;12052.888;12061.22;12040.764;12049.017;0.445164;GBR.IDXEUR
2026-05-28 07:00:00;12049.017;12053.675;11993.347;12021.467;0.86767;GBR.IDXEUR
2026-05-28 08:00:00;12021.467;12028.674;11996.392;12009.862;0.61387;GBR.IDXEUR
2026-05-28 09:00:00;12009.723;12045.497;12009.198;12027.422;0.51884;GBR.IDXEUR
2026-05-28 10:00:00;12027.283;12029.43;11981.214;11990.973;0.57052;GBR.IDXEUR
2026-05-28 11:00:00;11990.62;12002.92;11981.216;11991.635;0.54451;GBR.IDXEUR
2026-05-28 12:00:00;11991.774;12016.209;11980.776;12014.622;0.69581;GBR.IDXEUR
2026-05-28 13:00:00;12014.345;12031.432;11989.634;11991.364;0.86717;GBR.IDXEUR
2026-05-28 14:00:00;11991.641;12059.7;11974.148;12015.566;1.30645;GBR.IDXEUR
2026-05-28 15:00:00;12015.427;12033.238;12006.412;12029.623;0.77875;GBR.IDXEUR
2026-05-28 16:00:00;12029.761;12055.658;12021.844;12053.917;0.53685;GBR.IDXEUR
2026-05-28 17:00:00;12053.778;12055.441;12035.429;12042.336;0.27045;GBR.IDXEUR
2026-05-28 18:00:00;12041.759;12041.759;12006.844;12014.761;0.3921;GBR.IDXEUR
2026-05-28 19:00:00;12014.623;12017.446;12002.964;12008.306;0.3087;GBR.IDXEUR
2026-05-28 20:00:00;12008.886;12014.394;12005.67;12014.136;0.018426;GBR.IDXEUR
2026-05-28 22:00:00;12012.693;12019.134;12010.388;12011.672;0.039072;GBR.IDXEUR
2026-05-28 23:00:00;12011.784;12016.497;12008.905;12009.872;0.026352;GBR.IDXEUR
2026-05-29 00:00:00;12009.585;12020.927;12005.579;12011.135;0.091668;GBR.IDXEUR
2026-05-29 01:00:00;12010.759;12033.818;12003.223;12029.298;0.124704;GBR.IDXEUR
2026-05-29 02:00:00;12029.764;12033.456;12020.498;12021.729;0.093024;GBR.IDXEUR
2026-05-29 03:00:00;12021.451;12046.534;12021.451;12043.913;0.093888;GBR.IDXEUR
2026-05-29 04:00:00;12044.052;12060.016;12043.135;12057.194;0.057132;GBR.IDXEUR
2026-05-29 05:00:00;12057.333;12058.162;12044.42;12049.571;0.06012;GBR.IDXEUR
2026-05-29 06:00:00;12049.293;12050.267;12024.947;12032.525;0.18249;GBR.IDXEUR
2026-05-29 07:00:00;12045.986;12050.582;12019.698;12049.648;0.72241;GBR.IDXEUR
2026-05-29 08:00:00;12050.065;12060.738;12041.501;12041.501;0.62492;GBR.IDXEUR
2026-05-29 09:00:00;12041.362;12061.228;12036.537;12046.301;0.58123;GBR.IDXEUR
2026-05-29 10:00:00;12046.301;12051.322;12026.568;12050.031;0.46444;GBR.IDXEUR
2026-05-29 11:00:00;12050.031;12058.174;12033.937;12052.277;0.51578;GBR.IDXEUR
2026-05-29 12:00:00;12052.138;12059.36;12033.644;12056.857;0.59313;GBR.IDXEUR
2026-05-29 13:00:00;12055.754;12058.346;12015.535;12019.064;0.80886;GBR.IDXEUR
2026-05-29 14:00:00;12019.203;12075.317;12014.673;12073.696;1.08715;GBR.IDXEUR
2026-05-29 15:00:00;12073.362;12081.411;11977.815;11993.691;1.18571;GBR.IDXEUR
2026-05-29 16:00:00;11994.41;12014.781;11994.41;12002.825;0.495;GBR.IDXEUR
2026-05-29 17:00:00;12003.102;12011.054;11982.949;11982.994;0.3987;GBR.IDXEUR
2026-05-29 18:00:00;11983.592;11990.332;11970.677;11973.956;0.3507;GBR.IDXEUR
2026-05-29 19:00:00;11973.818;11982.487;11970.367;11970.387;0.3372;GBR.IDXEUR
2026-05-29 20:00:00;11971.318;11972.787;11971.318;11972.787;0.0003;GBR.IDXEUR
2026-05-31 22:00:00;11952.175;11966.848;11950.74;11965.464;0.07404;GBR.IDXEUR
2026-05-31 23:00:00;11965.668;11977.88;11964.846;11976.926;0.060336;GBR.IDXEUR
2026-06-01 00:00:00;11980.752;11980.752;11960.398;11970.583;0.11802;GBR.IDXEUR
2026-06-01 01:00:00;11971.206;12013.4;11962.977;12011.379;0.084348;GBR.IDXEUR
2026-06-01 02:00:00;12010.013;12027.121;12009.368;12015.929;0.050328;GBR.IDXEUR
2026-06-01 03:00:00;12016.068;12019.019;11988.914;11991.887;0.055152;GBR.IDXEUR
2026-06-01 04:00:00;11992.164;12010.894;11989.428;12003.671;0.037332;GBR.IDXEUR
2026-06-01 05:00:00;12003.81;12005.288;11996.741;12000.385;0.054144;GBR.IDXEUR
2026-06-01 06:00:00;12000.524;12002.671;11972.461;11976.313;0.43059;GBR.IDXEUR
2026-06-01 07:00:00;11977.23;12004.506;11974.062;12000.207;0.70715;GBR.IDXEUR
2026-06-01 08:00:00;12000.069;12012.598;11986.748;12002.084;0.55233;GBR.IDXEUR
2026-06-01 09:00:00;12002.4;12015.657;11992.623;11997.963;0.5066;GBR.IDXEUR
2026-06-01 10:00:00;11997.824;12015.99;11995.513;12009.436;0.40137;GBR.IDXEUR
2026-06-01 11:00:00;12008.018;12036.643;12003.009;12020.566;0.48824;GBR.IDXEUR
2026-06-01 12:00:00;12020.566;12021.198;11992.758;12009.245;0.57171;GBR.IDXEUR
2026-06-01 13:00:00;12009.106;12013.18;11912.552;11918.237;1.35099;GBR.IDXEUR
2026-06-01 14:00:00;11912.746;11945.59;11900.297;11904.32;1.12591;GBR.IDXEUR
2026-06-01 15:00:00;11904.32;11974.588;11897.082;11942.292;0.90506;GBR.IDXEUR
2026-06-01 16:00:00;11942.016;11960.26;11928.884;11954.963;0.57765;GBR.IDXEUR
2026-06-01 17:00:00;11954.963;11989.358;11947.545;11969.983;0.45735;GBR.IDXEUR
2026-06-01 18:00:00;11970.18;11975.794;11966.161;11972.336;0.19275;GBR.IDXEUR
2026-06-01 19:00:00;11972.336;11976.507;11946.444;11951.65;0.28005;GBR.IDXEUR
2026-06-01 20:00:00;11951.397;11951.397;11946.645;11948.512;0.016074;GBR.IDXEUR
2026-06-01 22:00:00;11939.579;11939.728;11922.742;11926.525;0.062208;GBR.IDXEUR
2026-06-01 23:00:00;11926.387;11928.864;11923.985;11926.815;0.03936;GBR.IDXEUR
2026-06-02 00:00:00;11929.812;11945.301;11914.727;11918.865;0.117036;GBR.IDXEUR
2026-06-02 01:00:00;11918.779;11949.853;11917.732;11919.38;0.129528;GBR.IDXEUR
2026-06-02 02:00:00;11919.611;11952.668;11918.258;11951.288;0.090288;GBR.IDXEUR
2026-06-02 03:00:00;11950.941;11964.254;11942.999;11963.9;0.081252;GBR.IDXEUR
2026-06-02 04:00:00;11963.9;11971.727;11954.55;11968.984;0.04806;GBR.IDXEUR
2026-06-02 05:00:00;11968.984;11989.582;11968.444;11984.799;0.064728;GBR.IDXEUR
2026-06-02 06:00:00;11985.077;12001.411;11982.202;11987.733;0.439338;GBR.IDXEUR
2026-06-02 07:00:00;11988.911;12019.034;11980.732;12017.14;0.74641;GBR.IDXEUR
2026-06-02 08:00:00;12017.279;12023.21;11982.794;12002.289;0.578;GBR.IDXEUR
2026-06-02 09:00:00;12002.011;12010.313;11982.242;12004.073;0.47549;GBR.IDXEUR
2026-06-02 10:00:00;12004.212;12012.396;11989.681;11998.36;0.39967;GBR.IDXEUR
2026-06-02 11:00:00;11998.222;12003.462;11985.617;11988.014;0.41106;GBR.IDXEUR
2026-06-02 12:00:00;11988.365;11991.795;11960.026;11973.952;0.48569;GBR.IDXEUR
2026-06-02 13:00:00;11974.285;11986.942;11949.263;11963.587;0.79186;GBR.IDXEUR
2026-06-02 14:00:00;11963.966;12008.535;11957.911;12000.13;0.79084;GBR.IDXEUR
2026-06-02 15:00:00;12000.408;12019.998;11993.325;12003.944;0.657;GBR.IDXEUR
2026-06-02 16:00:00;12004.203;12009.493;11989.631;11994.68;0.34335;GBR.IDXEUR
2026-06-02 17:00:00;11994.302;11996.324;11980.294;11990.004;0.2616;GBR.IDXEUR
2026-06-02 18:00:00;11990.339;12016.563;11989.692;12014.763;0.2982;GBR.IDXEUR
2026-06-02 19:00:00;12014.624;12022.322;12007.061;12020.279;0.2175;GBR.IDXEUR
2026-06-02 20:00:00;12017.862;12022.989;12016.634;12019.569;0.012702;GBR.IDXEUR
2026-06-02 22:00:00;12018.468;12021.948;12015.225;12015.908;0.048624;GBR.IDXEUR
2026-06-02 23:00:00;12016.055;12017.704;11999.748;12016.392;0.09756;GBR.IDXEUR
2026-06-03 00:00:00;12023.963;12029.114;12010.268;12020.146;0.06096;GBR.IDXEUR
2026-06-03 01:00:00;12020.285;12020.555;12007.669;12017.345;0.090216;GBR.IDXEUR
2026-06-03 02:00:00;12017.484;12019.847;12003.581;12005.152;0.051336;GBR.IDXEUR
2026-06-03 03:00:00;12005.152;12016.038;12004.303;12010.346;0.049896;GBR.IDXEUR
2026-06-03 04:00:00;12010.207;12017.938;12008.491;12010.235;0.034596;GBR.IDXEUR
2026-06-03 05:00:00;12010.374;12018.517;11999.07;12002.108;0.06066;GBR.IDXEUR
2026-06-03 06:00:00;12001.969;12007.598;11967.734;11982.98;0.514122;GBR.IDXEUR
2026-06-03 07:00:00;11983.552;12019.002;11957.856;11978.245;0.86008;GBR.IDXEUR
2026-06-03 08:00:00;11978.107;11995.801;11968.771;11992.159;0.68204;GBR.IDXEUR
2026-06-03 09:00:00;11991.91;11994.031;11972.673;11974.979;0.54281;GBR.IDXEUR
2026-06-03 10:00:00;11975.117;11997.301;11948.161;11974.179;0.66079;GBR.IDXEUR
2026-06-03 11:00:00;11974.317;11984.154;11967.427;11975.338;0.47532;GBR.IDXEUR
2026-06-03 12:00:00;11975.338;11992.761;11962.408;11982.53;0.64379;GBR.IDXEUR
2026-06-03 13:00:00;11982.53;12001.442;11969.852;11994.522;0.93602;GBR.IDXEUR
2026-06-03 14:00:00;11993.55;11998.128;11959.132;11964.69;0.95744;GBR.IDXEUR
2026-06-03 15:00:00;11964.552;11974.74;11943.675;11960.231;0.73273;GBR.IDXEUR
2026-06-03 16:00:00;11960.231;11961.346;11941.702;11950.007;0.51795;GBR.IDXEUR
2026-06-03 17:00:00;11949.869;11957.491;11935.975;11940.083;0.2679;GBR.IDXEUR
2026-06-03 18:00:00;11940.221;11945.318;11935.157;11943.559;0.23205;GBR.IDXEUR
2026-06-03 19:00:00;11943.283;11943.559;11921.779;11926.518;0.2937;GBR.IDXEUR
2026-06-03 20:00:00;11924.235;11925.664;11919.646;11920.639;0.031374;GBR.IDXEUR
2026-06-03 22:00:00;11898.412;11902.384;11891.218;11900.459;0.10464;GBR.IDXEUR
2026-06-03 23:00:00;11900.718;11902.348;11887.586;11893.865;0.080664;GBR.IDXEUR
2026-06-04 00:00:00;11893.055;11919.562;11889.189;11913.639;0.1674;GBR.IDXEUR
2026-06-04 01:00:00;11913.4;11928.873;11899.95;11908.639;0.158076;GBR.IDXEUR
2026-06-04 02:00:00;11908.777;11916.589;11895.898;11908.741;0.093564;GBR.IDXEUR
2026-06-04 03:00:00;11908.204;11914.597;11891.84;11900.521;0.071784;GBR.IDXEUR
2026-06-04 04:00:00;11900.868;11906.642;11895.088;11902.393;0.073944;GBR.IDXEUR
2026-06-04 05:00:00;11902.531;11902.669;11889.613;11900.276;0.10242;GBR.IDXEUR
2026-06-04 06:00:00;11900.001;11919.321;11897.502;11916.16;0.451866;GBR.IDXEUR
2026-06-04 07:00:00;11916.436;11980.072;11916.16;11971.889;0.76852;GBR.IDXEUR
2026-06-04 08:00:00;11971.75;11973.9;11895.229;11897.051;0.7718;GBR.IDXEUR
2026-06-04 09:00:00;11897.189;11907.177;11872.666;11901.367;0.73627;GBR.IDXEUR
2026-06-04 10:00:00;11899.966;11900.982;11829.578;11841.095;0.66215;GBR.IDXEUR
2026-06-04 11:00:00;11841.232;11918.458;11839.614;11913.218;0.78302;GBR.IDXEUR
2026-06-04 12:00:00;11912.942;11942.317;11899.587;11940.002;0.69989;GBR.IDXEUR
2026-06-04 13:00:00;11940.002;11965.208;11926.502;11955.903;0.82705;GBR.IDXEUR
2026-06-04 14:00:00;11956.478;11968.484;11933.753;11948.776;0.86938;GBR.IDXEUR
2026-06-04 15:00:00;11948.776;11982.631;11948.19;11982.631;0.77574;GBR.IDXEUR
2026-06-04 16:00:00;11982.908;12001.304;11982.212;11993.531;0.33915;GBR.IDXEUR
2026-06-04 17:00:00;11993.313;11996.32;11987.328;11990.459;0.26445;GBR.IDXEUR
2026-06-04 18:00:00;11990.321;12013.401;11984.252;12012.264;0.2436;GBR.IDXEUR
2026-06-04 19:00:00;12012.264;12022.211;12005.806;12017.191;0.24435;GBR.IDXEUR
2026-06-04 20:00:00;12014.076;12014.512;12007.412;12009.637;0.022416;GBR.IDXEUR
2026-06-04 22:00:00;11998.859;12000.785;11990.586;11997.018;0.060384;GBR.IDXEUR
2026-06-04 23:00:00;11997.157;11997.703;11978.804;11979.527;0.044352;GBR.IDXEUR
2026-06-05 00:00:00;11978.104;11982.355;11952.424;11963.73;0.120624;GBR.IDXEUR
2026-06-05 01:00:00;11963.869;11969.889;11944.427;11968.989;0.151488;GBR.IDXEUR
2026-06-05 02:00:00;11968.656;11981.341;11963.922;11964.286;0.09396;GBR.IDXEUR
2026-06-05 03:00:00;11964.839;11969.497;11948.96;11951.781;0.113544;GBR.IDXEUR
2026-06-05 04:00:00;11951.781;11971.732;11949.619;11967.489;0.100512;GBR.IDXEUR
2026-06-05 05:00:00;11967.489;11972.802;11956.277;11959.067;0.09306;GBR.IDXEUR
2026-06-05 06:00:00;11959.631;12018.663;11959.493;12003.522;0.45333;GBR.IDXEUR
2026-06-05 07:00:00;12003.746;12008.966;11943.682;11967.077;0.80681;GBR.IDXEUR
2026-06-05 08:00:00;11966.939;12013.202;11941.551;12011.575;0.60707;GBR.IDXEUR
2026-06-05 09:00:00;12011.297;12046.53;12010.585;12024.036;0.61047;GBR.IDXEUR
2026-06-05 10:00:00;12024.036;12042.758;12010.951;12037.921;0.4471;GBR.IDXEUR
2026-06-05 11:00:00;12037.782;12046.916;12024.084;12030.678;0.49079;GBR.IDXEUR
2026-06-05 12:00:00;12030.399;12048.6;12015.617;12039.373;1.00419;GBR.IDXEUR
2026-06-05 13:00:00;12039.234;12051.803;12016.333;12026.741;1.32974;GBR.IDXEUR
2026-06-05 14:00:00;12026.356;12050.593;12015.101;12037.299;1.15379;GBR.IDXEUR
2026-06-05 15:00:00;12037.656;12045.51;11986.322;11987.962;0.86601;GBR.IDXEUR
2026-06-05 16:00:00;11988.101;11999.154;11976.011;11998.091;0.69759;GBR.IDXEUR
2026-06-05 17:00:00;11998.091;12013.578;11985.34;12008.586;0.42471;GBR.IDXEUR
2026-06-05 18:00:00;12008.725;12011.882;11972.244;11973.824;0.4433;GBR.IDXEUR
2026-06-05 19:00:00;11973.824;11975.231;11937.112;11961.443;0.57123;GBR.IDXEUR
2026-06-07 22:00:00;11926.876;11955.669;11914.006;11923.988;0.167712;GBR.IDXEUR
2026-06-07 23:00:00;11924.168;11953.284;11908.245;11951.287;0.132096;GBR.IDXEUR
2026-06-08 00:00:00;11961.345;11982.033;11941.451;11967.69;0.118056;GBR.IDXEUR
2026-06-08 01:00:00;11967.69;11979.764;11903.691;11968.667;0.282852;GBR.IDXEUR
2026-06-08 02:00:00;11968.944;11996.008;11958.738;11991.16;0.201528;GBR.IDXEUR
2026-06-08 03:00:00;11991.299;11993.357;11964.92;11965.061;0.129384;GBR.IDXEUR
2026-06-08 04:00:00;11966.104;11973.319;11929.152;11931.721;0.139032;GBR.IDXEUR
2026-06-08 05:00:00;11931.246;11946.901;11905.822;11915.158;0.213228;GBR.IDXEUR
2026-06-08 06:00:00;11914.428;11933.015;11897.664;11926.318;0.802854;GBR.IDXEUR
2026-06-08 07:00:00;11925.113;11993.41;11921.118;11958.804;1.22227;GBR.IDXEUR
2026-06-08 08:00:00;11958.665;11967.933;11939.185;11954.474;1.01558;GBR.IDXEUR
2026-06-08 09:00:00;11954.474;12002.369;11951.402;12002.369;0.92922;GBR.IDXEUR
2026-06-08 10:00:00;12002.508;12039.86;11987.47;12005.581;0.82297;GBR.IDXEUR
2026-06-08 11:00:00;12005.442;12060.606;11992.576;12019.542;0.9996;GBR.IDXEUR
2026-06-08 12:00:00;12020.097;12029.067;11996.88;12001.6;0.80631;GBR.IDXEUR
2026-06-08 13:00:00;12001.462;12011.595;11974.483;11998.94;1.1356;GBR.IDXEUR
2026-06-08 14:00:00;11998.365;12007.521;11956.788;11988.606;1.03292;GBR.IDXEUR
2026-06-08 15:00:00;11988.744;12001.845;11977.105;11993.402;0.84255;GBR.IDXEUR
2026-06-08 16:00:00;11976.343;11984.05;11960.601;11965.205;0.41085;GBR.IDXEUR
2026-06-08 17:00:00;11965.067;11965.298;11934.8;11949.124;0.6429;GBR.IDXEUR
2026-06-08 18:00:00;11949.124;11981.106;11949.124;11976.987;0.44925;GBR.IDXEUR
2026-06-08 19:00:00;11976.71;11977.871;11949.722;11976.94;0.49095;GBR.IDXEUR
2026-06-08 20:00:00;11977.133;11978.842;11970.676;11971.067;0.031116;GBR.IDXEUR
2026-06-08 22:00:00;11968.564;11971.019;11943.614;11961.556;0.099216;GBR.IDXEUR
2026-06-08 23:00:00;11961.685;11968.006;11954.218;11959.687;0.087552;GBR.IDXEUR
2026-06-09 00:00:00;11953.476;11959.001;11936.087;11947.052;0.165132;GBR.IDXEUR
2026-06-09 01:00:00;11946.74;11978.753;11941.611;11969.245;0.180036;GBR.IDXEUR
2026-06-09 02:00:00;11969.106;11976.717;11961.861;11971.251;0.1467;GBR.IDXEUR
2026-06-09 03:00:00;11970.974;11992.817;11969.106;11988.205;0.118476;GBR.IDXEUR
2026-06-09 04:00:00;11987.623;12000.976;11982.749;11994.367;0.082296;GBR.IDXEUR
2026-06-09 05:00:00;11993.975;12005.694;11991.192;11995.828;0.115848;GBR.IDXEUR
2026-06-09 06:00:00;11995.828;12004.134;11983.314;11983.338;0.497796;GBR.IDXEUR
2026-06-09 07:00:00;11983.338;11983.338;11941.748;11959.64;0.91619;GBR.IDXEUR
2026-06-09 08:00:00;11959.64;11994.813;11958.051;11977.287;0.76823;GBR.IDXEUR
2026-06-09 09:00:00;11976.694;11986.518;11965.273;11972.37;0.55233;GBR.IDXEUR
2026-06-09 10:00:00;11972.71;11993.176;11962.335;11991.429;0.50983;GBR.IDXEUR
2026-06-09 11:00:00;11991.075;12004.775;11981.368;11988.088;0.50167;GBR.IDXEUR
2026-06-09 12:00:00;11987.523;11990.55;11953.212;11964.466;0.60605;GBR.IDXEUR
2026-06-09 13:00:00;11964.327;11993.203;11955.869;11965.408;0.98192;GBR.IDXEUR
2026-06-09 14:00:00;11965.27;11983.423;11892.36;11916.722;1.30237;GBR.IDXEUR
2026-06-09 15:00:00;11917.319;11923.368;11833.539;11834.002;1.34233;GBR.IDXEUR
2026-06-09 16:00:00;11834.14;11857.805;11794.637;11830.566;1.38165;GBR.IDXEUR
2026-06-09 17:00:00;11830.703;11900.185;11829.373;11890.559;0.975;GBR.IDXEUR
2026-06-09 18:00:00;11890.559;11928.85;11886.372;11926.773;0.6375;GBR.IDXEUR
2026-06-09 19:00:00;11926.569;11936.208;11904.448;11929.632;0.7833;GBR.IDXEUR
2026-06-09 20:00:00;11927.427;11932.416;11919.96;11922.69;0.068298;GBR.IDXEUR
2026-06-09 22:00:00;11918.062;11918.532;11896.709;11901.928;0.12516;GBR.IDXEUR
2026-06-09 23:00:00;11902.167;11911.658;11896.351;11910.829;0.102624;GBR.IDXEUR
2026-06-10 00:00:00;11909.833;11932.702;11906.511;11927.948;0.156552;GBR.IDXEUR
2026-06-10 01:00:00;11928.087;11943.892;11900.266;11905.393;0.154836;GBR.IDXEUR
2026-06-10 02:00:00;11905.59;11909.762;11891.746;11892.218;0.126216;GBR.IDXEUR
2026-06-10 03:00:00;11892.356;11905.983;11882.01;11887.948;0.124488;GBR.IDXEUR
2026-06-10 04:00:00;11888.085;11891.493;11853.69;11854.445;0.096984;GBR.IDXEUR
2026-06-10 05:00:00;11854.445;11866.036;11840.507;11862.995;0.15786;GBR.IDXEUR
2026-06-10 06:00:00;11863.133;11893.261;11863.133;11875.938;0.495486;GBR.IDXEUR
2026-06-10 07:00:00;11875.362;11891.294;11847.585;11865.898;0.85505;GBR.IDXEUR
2026-06-10 08:00:00;11865.761;11873.36;11813.909;11817.136;0.84473;GBR.IDXEUR
2026-06-10 09:00:00;11817.688;11817.688;11783.085;11797.307;0.74154;GBR.IDXEUR
2026-06-10 10:00:00;11797.855;11813.337;11777.502;11806.928;0.65773;GBR.IDXEUR
2026-06-10 11:00:00;11807.065;11819.648;11736.261;11803.199;1.15209;GBR.IDXEUR
2026-06-10 12:00:00;11802.925;11856.871;11799.472;11846.929;1.07219;GBR.IDXEUR
2026-06-10 13:00:00;11846.929;11881.704;11838.201;11877.777;1.12438;GBR.IDXEUR
2026-06-10 14:00:00;11877.915;11904.932;11854.612;11892.253;1.13254;GBR.IDXEUR
2026-06-10 15:00:00;11892.253;11907.517;11854.566;11883.99;1.16003;GBR.IDXEUR
2026-06-10 16:00:00;11884.265;11891.843;11853.335;11860.845;0.8103;GBR.IDXEUR
2026-06-10 17:00:00;11861.203;11870.876;11835.476;11859.95;0.67395;GBR.IDXEUR
2026-06-10 18:00:00;11860.087;11869.843;11823.772;11831.64;0.64665;GBR.IDXEUR
2026-06-10 19:00:00;11831.966;11834.916;11807.46;11808.197;0.6006;GBR.IDXEUR
2026-06-10 20:00:00;11808.197;11808.197;11793.85;11802.771;0.072864;GBR.IDXEUR
2026-06-10 22:00:00;11798.593;11799.122;11779.047;11779.412;0.137904;GBR.IDXEUR
2026-06-10 23:00:00;11779.364;11789.719;11763.265;11777.17;0.153288;GBR.IDXEUR
2026-06-11 00:00:00;11787.744;11801.157;11757.597;11796.497;0.194556;GBR.IDXEUR
2026-06-11 01:00:00;11796.129;11834.302;11795.627;11803.913;0.1845;GBR.IDXEUR
2026-06-11 02:00:00;11804.176;11816.922;11763.497;11789.35;0.171756;GBR.IDXEUR
2026-06-11 03:00:00;11789.595;11827.401;11778.846;11827.134;0.139104;GBR.IDXEUR
2026-06-11 04:00:00;11826.2;11850.862;11819.148;11848.177;0.09702;GBR.IDXEUR
2026-06-11 05:00:00;11848.777;11850.79;11839.114;11841.255;0.104868;GBR.IDXEUR
2026-06-11 06:00:00;11841.667;11868.491;11823.995;11867.648;0.474078;GBR.IDXEUR
2026-06-11 07:00:00;11866.131;11966.605;11862.87;11931.44;0.88765;GBR.IDXEUR
2026-06-11 08:00:00;11931.163;11969.831;11931.163;11949.615;0.68918;GBR.IDXEUR
2026-06-11 09:00:00;11949.892;11983.75;11939.268;11983.227;0.53482;GBR.IDXEUR
2026-06-11 10:00:00;11983.505;11993.776;11972.507;11972.627;0.49402;GBR.IDXEUR
2026-06-11 11:00:00;11973.179;12003.622;11962.528;12002.938;0.58004;GBR.IDXEUR
2026-06-11 12:00:00;12002.938;12004.455;11916.406;11962.864;1.2478;GBR.IDXEUR
2026-06-11 13:00:00;11962.385;12014.548;11945.302;11997.386;1.14886;GBR.IDXEUR
2026-06-11 14:00:00;11997.716;12008.119;11931.209;11933.671;1.13339;GBR.IDXEUR
2026-06-11 15:00:00;11933.395;11965.398;11921.484;11943.831;1.03782;GBR.IDXEUR
2026-06-11 16:00:00;11943.554;11966.506;11934.667;11934.667;0.67455;GBR.IDXEUR
2026-06-11 17:00:00;11935.011;12048.927;11920.016;12030.358;1.28055;GBR.IDXEUR
2026-06-11 18:00:00;12030.219;12038.114;12007.342;12033.091;0.9501;GBR.IDXEUR
2026-06-11 19:00:00;12032.911;12074.641;12031.403;12053.8;0.8655;GBR.IDXEUR
2026-06-11 20:00:00;12050.961;12064.275;12046.568;12063.645;0.060312;GBR.IDXEUR
2026-06-11 22:00:00;12057.256;12071.925;12057.154;12066.384;0.08628;GBR.IDXEUR
2026-06-11 23:00:00;12066.524;12072.785;12059.631;12070.902;0.085656;GBR.IDXEUR
2026-06-12 00:00:00;12070.833;12071.416;12046.512;12054.052;0.15264;GBR.IDXEUR
2026-06-12 01:00:00;12053.912;12065.967;12033.427;12063.642;0.225504;GBR.IDXEUR
2026-06-12 02:00:00;12063.642;12068.466;12046.518;12054.985;0.171648;GBR.IDXEUR
2026-06-12 03:00:00;12054.668;12056.186;12042.233;12050.381;0.14868;GBR.IDXEUR
2026-06-12 04:00:00;12050.381;12055.342;12040.663;12048.453;0.118296;GBR.IDXEUR
2026-06-12 05:00:00;12048.839;12055.101;12016.241;12025.277;0.2178;GBR.IDXEUR
2026-06-12 06:00:00;12024.998;12043.984;12010.148;12010.587;0.61803;GBR.IDXEUR
2026-06-12 07:00:00;12011.028;12094.853;12011.028;12083.066;1.08429;GBR.IDXEUR
2026-06-12 08:00:00;12083.486;12128.528;12078.293;12091.893;1.12472;GBR.IDXEUR
2026-06-12 09:00:00;12092.033;12106.236;12078.457;12079.182;0.78302;GBR.IDXEUR
2026-06-12 10:00:00;12079.042;12085.414;12048.171;12069.41;0.74783;GBR.IDXEUR
2026-06-12 11:00:00;12069.41;12097.27;12065.082;12068.021;0.62254;GBR.IDXEUR
2026-06-12 12:00:00;12067.741;12069.718;12034.101;12036.552;0.73763;GBR.IDXEUR
2026-06-12 13:00:00;12036.412;12093.787;12036.412;12083.433;1.17419;GBR.IDXEUR
2026-06-12 14:00:00;12083.293;12132.66;12079.872;12128.603;1.19663;GBR.IDXEUR
2026-06-12 15:00:00;12129.025;12141.127;12114.989;12120.029;1.0874;GBR.IDXEUR
2026-06-12 16:00:00;12119.889;12142.287;12103.446;12125.895;0.83115;GBR.IDXEUR
2026-06-12 17:00:00;12126.036;12143.263;12126.036;12134.351;0.49755;GBR.IDXEUR
2026-06-12 18:00:00;12134.351;12143.464;12128.93;12134.515;0.4059;GBR.IDXEUR
2026-06-12 19:00:00;12134.656;12154.036;12121.343;12131.947;0.44055;GBR.IDXEUR
2026-06-12 20:00:00;12131.806;12131.947;12126.034;12127.435;0.7491;GBR.IDXEUR
2026-06-14 22:00:00;12199.084;12206.122;12190.408;12202.302;0.130599;GBR.IDXEUR
2026-06-14 23:00:00;12202.675;12208.246;12189.428;12201.209;1.224432;GBR.IDXEUR
2026-06-15 00:00:00;12190.145;12218.292;12165.169;12197.631;0.079758;GBR.IDXEUR
2026-06-15 01:00:00;12197.914;12201.73;12188.289;12189.502;0.047736;GBR.IDXEUR
2026-06-15 02:00:00;12189.706;12200.888;12185.362;12198.379;0.031716;GBR.IDXEUR
2026-06-15 03:00:00;12198.006;12206.175;12196.248;12200.751;0.025848;GBR.IDXEUR
2026-06-15 04:00:00;12200.534;12209.25;12199.53;12205.363;0.0198;GBR.IDXEUR
2026-06-15 05:00:00;12205.363;12217.424;12199.855;12203.94;0.038142;GBR.IDXEUR
2026-06-15 06:00:00;12203.94;12230.992;12201.29;12224.056;0.257256;GBR.IDXEUR
2026-06-15 07:00:00;12223.709;12241.209;12173.822;12177.164;0.609768;GBR.IDXEUR
2026-06-15 08:00:00;12177.305;12182.63;12142.194;12146.478;0.392832;GBR.IDXEUR
2026-06-15 09:00:00;12146.929;12146.983;12116.97;12128.753;0.326898;GBR.IDXEUR
2026-06-15 10:00:00;12128.332;12133.442;12116.012;12118.21;0.297837;GBR.IDXEUR
2026-06-15 11:00:00;12118.35;12127.338;12111.25;12115.032;0.275913;GBR.IDXEUR
2026-06-15 12:00:00;12115.032;12126.027;12100.91;12114.135;0.426852;GBR.IDXEUR
2026-06-15 13:00:00;12114.415;12117.127;12056.39;12058.735;0.509436;GBR.IDXEUR
2026-06-15 14:00:00;12058.161;12084.495;12052.714;12081.774;0.529452;GBR.IDXEUR
2026-06-15 15:00:00;12081.914;12095.182;12062.993;12075.445;0.464877;GBR.IDXEUR
2026-06-15 16:00:00;12077.865;12079.27;12058.53;12062.718;0.493236;GBR.IDXEUR
2026-06-15 17:00:00;12062.718;12067.224;12049.74;12053.767;0.331299;GBR.IDXEUR
2026-06-15 18:00:00;12053.767;12056.632;12036.419;12048.033;0.275967;GBR.IDXEUR
2026-06-15 19:00:00;12047.754;12057.578;12036.008;12051.28;0.373194;GBR.IDXEUR
2026-06-15 20:00:00;12050.13;12052.077;12045.76;12047.149;0.026406;GBR.IDXEUR
2026-06-15 22:00:00;12046.501;12049.031;12033.207;12037.68;0.04659;GBR.IDXEUR
2026-06-15 23:00:00;12037.424;12041.558;12035.36;12040.159;0.548847;GBR.IDXEUR
2026-06-16 00:00:00;12041.675;12068.225;12041.675;12062.019;0.0537;GBR.IDXEUR
2026-06-16 01:00:00;12062.019;12067.214;12048.401;12053.656;0.065718;GBR.IDXEUR
2026-06-16 02:00:00;12053.968;12057.058;12045.249;12047.549;0.034056;GBR.IDXEUR
2026-06-16 03:00:00;12047.409;12063.067;12046.888;12053.037;0.03537;GBR.IDXEUR
2026-06-16 04:00:00;12053.037;12063.667;12048.842;12062.789;0.03249;GBR.IDXEUR
2026-06-16 05:00:00;12062.928;12075.083;12056.517;12061.741;0.037818;GBR.IDXEUR
2026-06-16 06:00:00;12062.02;12086.49;12054.237;12085.322;0.228735;GBR.IDXEUR
2026-06-16 07:00:00;12083.91;12101.615;12067.208;12083.781;0.395403;GBR.IDXEUR
2026-06-16 08:00:00;12084.061;12144.955;12082.5;12131.676;0.354267;GBR.IDXEUR
2026-06-16 09:00:00;12130.712;12146.431;12125.049;12137.549;0.381024;GBR.IDXEUR
2026-06-16 10:00:00;12136.511;12149.414;12114.136;12136.369;0.393975;GBR.IDXEUR
2026-06-16 11:00:00;12136.036;12139.281;12121.027;12138.923;0.33579;GBR.IDXEUR
2026-06-16 12:00:00;12138.839;12144.332;12127.197;12142.743;0.401175;GBR.IDXEUR
2026-06-16 13:00:00;12143.305;12164.8;12130.5;12157.496;0.640345;GBR.IDXEUR
2026-06-16 14:00:00;12157.355;12177.359;12131.651;12139.401;0.89471;GBR.IDXEUR
2026-06-16 15:00:00;12138.963;12155.001;12126.2;12141.538;0.7623;GBR.IDXEUR
2026-06-16 16:00:00;12141.538;12147.972;12136.589;12142.025;0.4191;GBR.IDXEUR
2026-06-16 17:00:00;12141.461;12144.173;12128.69;12139.059;0.2835;GBR.IDXEUR
2026-06-16 18:00:00;12139.2;12139.203;12115.749;12116.604;0.1881;GBR.IDXEUR
2026-06-16 19:00:00;12116.096;12116.337;12099.51;12099.843;0.34065;GBR.IDXEUR
2026-06-16 20:00:00;12099.503;12099.503;12091.318;12092.323;0.044202;GBR.IDXEUR
2026-06-16 22:00:00;12100.489;12114.449;12100.186;12113.227;0.048744;GBR.IDXEUR
2026-06-16 23:00:00;12113.335;12113.363;12108.436;12109.84;0.054912;GBR.IDXEUR
2026-06-17 00:00:00;12113.881;12113.881;12093.484;12103.75;0.111516;GBR.IDXEUR
2026-06-17 01:00:00;12103.978;12130.978;12097.909;12128.733;0.090936;GBR.IDXEUR
2026-06-17 02:00:00;12129.199;12131.757;12120.508;12123.87;0.048564;GBR.IDXEUR
2026-06-17 03:00:00;12123.87;12132.713;12115.01;12129.66;0.061812;GBR.IDXEUR
2026-06-17 04:00:00;12130.017;12132.92;12120.105;12127.06;0.050004;GBR.IDXEUR
2026-06-17 05:00:00;12127.2;12133.578;12120.032;12120.032;0.057024;GBR.IDXEUR
2026-06-17 06:00:00;12120.453;12131.319;12115.96;12123.3;0.358506;GBR.IDXEUR
2026-06-17 07:00:00;12123.895;12140.537;12107.398;12110.582;0.68824;GBR.IDXEUR
2026-06-17 08:00:00;12110.722;12122.171;12099.788;12116.898;0.57324;GBR.IDXEUR
2026-06-17 09:00:00;12116.45;12126.925;12109.059;12123.864;0.31218;GBR.IDXEUR
2026-06-17 10:00:00;12124.004;12148.872;12120.428;12140.133;0.430076;GBR.IDXEUR
2026-06-17 11:00:00;12140.274;12140.554;12125.689;12128.485;0.39355;GBR.IDXEUR
2026-06-17 12:00:00;12128.829;12139.755;12116.804;12120.607;0.4556;GBR.IDXEUR
2026-06-17 13:00:00;12120.404;12128.613;12109.381;12125.421;0.64736;GBR.IDXEUR
2026-06-17 14:00:00;12125.193;12145.003;12105.713;12124.215;0.84512;GBR.IDXEUR
2026-06-17 15:00:00;12124.075;12148.647;12114.676;12134.308;0.73185;GBR.IDXEUR
2026-06-17 16:00:00;12134.167;12135.89;12119.375;12124.379;0.32325;GBR.IDXEUR
2026-06-17 17:00:00;12124.379;12132.328;12106.723;12118.502;0.37785;GBR.IDXEUR
2026-06-17 18:00:00;12116.261;12128.924;12080.286;12104.731;1.78905;GBR.IDXEUR
2026-06-17 19:00:00;12104.731;12115.124;12053.356;12063.989;1.8234;GBR.IDXEUR
2026-06-17 20:00:00;12063.057;12070.323;12057.947;12060.718;0.08148;GBR.IDXEUR
2026-06-17 22:00:00;12069.349;12094.966;12068.7;12091.443;0.083544;GBR.IDXEUR
2026-06-17 23:00:00;12091.601;12104.89;12091.173;12103.31;0.052512;GBR.IDXEUR
2026-06-18 00:00:00;12105.761;12131.826;12055.194;12058.182;0.135432;GBR.IDXEUR
2026-06-18 01:00:00;12058.461;12077.845;12053.274;12065.045;0.150048;GBR.IDXEUR
2026-06-18 02:00:00;12064.905;12074.022;12060.463;12064.189;0.121356;GBR.IDXEUR
2026-06-18 03:00:00;12064.328;12072.467;12054.278;12069.743;0.066996;GBR.IDXEUR
2026-06-18 04:00:00;12069.603;12076.476;12056.819;12062.104;0.05868;GBR.IDXEUR
2026-06-18 05:00:00;12061.88;12079.915;12055.844;12072.563;0.080928;GBR.IDXEUR
2026-06-18 06:00:00;12072.424;12094.354;12060.34;12089.937;0.636354;GBR.IDXEUR
2026-06-18 07:00:00;12089.937;12101.569;12038.651;12055.675;0.96817;GBR.IDXEUR
2026-06-18 08:00:00;12055.675;12060.707;11985.167;11987.666;0.95098;GBR.IDXEUR
2026-06-18 09:00:00;11987.943;12023.424;11981.775;12017.227;0.84932;GBR.IDXEUR
2026-06-18 10:00:00;12017.366;12020.513;11995.822;12001.381;0.84592;GBR.IDXEUR
2026-06-18 11:00:00;12000.76;12004.022;11978.637;11997.751;0.92854;GBR.IDXEUR
2026-06-18 12:00:00;11998.43;12037.409;11996.118;12028.272;0.96968;GBR.IDXEUR
2026-06-18 13:00:00;12027.784;12031.605;11979.175;11981.879;1.22893;GBR.IDXEUR
2026-06-18 14:00:00;11981.396;12013.856;11973.715;12013.441;1.0914;GBR.IDXEUR
2026-06-18 15:00:00;12013.579;12015.324;11984.756;11996.116;1.00807;GBR.IDXEUR
2026-06-18 16:00:00;11995.978;12009.396;11994.469;12001.272;0.6528;GBR.IDXEUR
2026-06-18 17:00:00;12001.272;12011.387;11991.601;12007.102;0.4182;GBR.IDXEUR
2026-06-18 18:00:00;12006.964;12013.517;11998.913;12000.108;0.39015;GBR.IDXEUR
2026-06-18 19:00:00;11999.831;12009.195;11986.104;11996.566;0.55275;GBR.IDXEUR
2026-06-18 20:00:00;11997.119;12003.744;11990.283;12003.168;0.06078;GBR.IDXEUR
2026-06-18 22:00:00;12002.466;12004.97;11982.381;11982.381;0.06636;GBR.IDXEUR
2026-06-18 23:00:00;11982.475;11990.792;11982.021;11989.083;0.05184;GBR.IDXEUR
2026-06-19 00:00:00;11995.125;11997.088;11964.38;11973.95;0.078864;GBR.IDXEUR
2026-06-19 01:00:00;11974.088;11977.493;11964.719;11965.218;0.062064;GBR.IDXEUR
2026-06-19 02:00:00;11965.218;11966.529;11953.864;11963.455;0.049176;GBR.IDXEUR
2026-06-19 03:00:00;11963.455;11965.597;11945.469;11955.697;0.09738;GBR.IDXEUR
2026-06-19 04:00:00;11956.04;11957.871;11932.837;11936.36;0.0891;GBR.IDXEUR
2026-06-19 05:00:00;11936.497;11975.131;11935.407;11968.135;0.12582;GBR.IDXEUR
2026-06-19 06:00:00;11967.996;11987.558;11967.638;11982.461;0.457974;GBR.IDXEUR
2026-06-19 07:00:00;11984.032;12011.607;11974.932;12007.121;0.74479;GBR.IDXEUR
2026-06-19 08:00:00;12005.851;12018.52;11986.413;12016.487;0.58089;GBR.IDXEUR
2026-06-19 09:00:00;12016.764;12023.228;11974.447;11990.253;0.63223;GBR.IDXEUR
2026-06-19 10:00:00;11989.651;11990.425;11965.778;11980.666;0.4777;GBR.IDXEUR
2026-06-19 11:00:00;11979.508;11981.268;11955.087;11965.264;0.45594;GBR.IDXEUR
2026-06-19 12:00:00;11965.402;11987.298;11943.399;11981.188;0.59262;GBR.IDXEUR
2026-06-19 13:00:00;11981.05;11984.687;11957.221;11967.003;0.60333;GBR.IDXEUR
2026-06-19 14:00:00;11966.727;11967.042;11946.397;11948.484;0.65008;GBR.IDXEUR
2026-06-19 15:00:00;11948.687;11964.914;11923.505;11961.208;0.65927;GBR.IDXEUR
2026-06-19 16:00:00;11961.07;11972.383;11939.832;11942.716;0.2769;GBR.IDXEUR
2026-06-19 17:00:00;11942.854;11947.35;11936.074;11939.478;0.43305;GBR.IDXEUR
2026-06-19 18:00:00;11939.203;11945.949;11938.928;11942.043;0.3978;GBR.IDXEUR
2026-06-19 19:00:00;11941.767;11946.939;11937.262;11942.153;0.31905;GBR.IDXEUR
2026-06-19 20:00:00;11942.153;11942.153;11942.153;11942.153;0.00015;GBR.IDXEUR
2026-06-21 22:00:00;11924.824;11927.836;11902.902;11906.773;0.071172;GBR.IDXEUR
2026-06-21 23:00:00;11906.875;11907.287;11879.151;11879.288;0.111456;GBR.IDXEUR
2026-06-22 00:00:00;11905.802;11960.376;11905.665;11958.126;0.124692;GBR.IDXEUR
2026-06-22 01:00:00;11958.264;11964.137;11930.661;11933.807;0.137988;GBR.IDXEUR
2026-06-22 02:00:00;11933.669;11943.444;11931.641;11939.189;0.111168;GBR.IDXEUR
2026-06-22 03:00:00;11939.326;11943.724;11934.017;11940.091;0.097416;GBR.IDXEUR
2026-06-22 04:00:00;11940.642;11948.335;11931.239;11942.355;0.102708;GBR.IDXEUR
2026-06-22 05:00:00;11942.97;11963.412;11937.046;11955.838;0.104832;GBR.IDXEUR
2026-06-22 06:00:00;11955.425;11980.724;11951.406;11963.216;0.455196;GBR.IDXEUR
2026-06-22 07:00:00;11963.354;11969.059;11932.729;11944.747;0.83776;GBR.IDXEUR
2026-06-22 08:00:00;11944.609;11948.555;11926.006;11933.918;0.81481;GBR.IDXEUR
2026-06-22 09:00:00;11933.643;11969.554;11929.346;11951.743;0.69275;GBR.IDXEUR
2026-06-22 10:00:00;11951.743;12011.939;11951.743;12005.917;0.66657;GBR.IDXEUR
2026-06-22 11:00:00;12006.505;12045.456;12005.369;12043.067;0.56236;GBR.IDXEUR
2026-06-22 12:00:00;12043.206;12070.202;12038.675;12064.582;0.68068;GBR.IDXEUR
2026-06-22 13:00:00;12064.443;12094.876;12064.443;12070.896;1.04091;GBR.IDXEUR
2026-06-22 14:00:00;12071.71;12090.414;12060.486;12089.226;1.20853;GBR.IDXEUR
2026-06-22 15:00:00;12089.226;12105.951;12077.757;12097.952;0.78991;GBR.IDXEUR
2026-06-22 16:00:00;12098.784;12105.045;12089.88;12100.431;0.44775;GBR.IDXEUR
2026-06-22 17:00:00;12100.431;12102.321;12076.861;12085.658;0.2757;GBR.IDXEUR
2026-06-22 18:00:00;12085.658;12092.357;12080.798;12082.097;0.2871;GBR.IDXEUR
2026-06-22 19:00:00;12082.097;12093.279;12074.497;12089.247;0.34275;GBR.IDXEUR
2026-06-22 20:00:00;12089.106;12092.135;12086.336;12089.447;0.043278;GBR.IDXEUR
2026-06-22 22:00:00;12089.189;12089.579;12071.405;12073.943;0.061776;GBR.IDXEUR
2026-06-22 23:00:00;12073.715;12074.385;12068.93;12071.557;0.048336;GBR.IDXEUR
2026-06-23 00:00:00;12068.256;12089.236;12066.812;12075.975;0.10446;GBR.IDXEUR
2026-06-23 01:00:00;12076.115;12077.889;12043.395;12050.694;0.116532;GBR.IDXEUR
2026-06-23 02:00:00;12050.834;12054.123;12015.268;12016.432;0.103932;GBR.IDXEUR
2026-06-23 03:00:00;12016.762;12017.058;11980.065;12006.949;0.09702;GBR.IDXEUR
2026-06-23 04:00:00;12007.088;12013.792;11988.968;11995.467;0.075708;GBR.IDXEUR
2026-06-23 05:00:00;11995.705;11997.141;11971.236;11974.162;0.122868;GBR.IDXEUR
2026-06-23 06:00:00;11974.301;11987.215;11955.875;11968.506;0.63663;GBR.IDXEUR
2026-06-23 07:00:00;11967.666;12027.541;11966.984;11981.644;1.04864;GBR.IDXEUR
2026-06-23 08:00:00;11981.505;12025.352;11974.538;12025.029;0.86292;GBR.IDXEUR
2026-06-23 09:00:00;12024.75;12066.445;12024.75;12062.605;0.58616;GBR.IDXEUR
2026-06-23 10:00:00;12062.82;12078.564;12044.508;12047.187;0.59228;GBR.IDXEUR
2026-06-23 11:00:00;12047.606;12061.025;12037.401;12055.545;0.61064;GBR.IDXEUR
2026-06-23 12:00:00;12056.603;12076.308;12048.216;12060.292;0.69071;GBR.IDXEUR
2026-06-23 13:00:00;12060.432;12122.289;12044.748;12116.948;1.01949;GBR.IDXEUR
2026-06-23 14:00:00;12116.611;12137.824;12110.367;12127.778;1.00198;GBR.IDXEUR
2026-06-23 15:00:00;12128.034;12134.044;12086.761;12109.878;0.72832;GBR.IDXEUR
2026-06-23 16:00:00;12110.426;12125.951;12108.06;12125.316;0.39135;GBR.IDXEUR
2026-06-23 17:00:00;12125.175;12136.458;12118.555;12119.155;0.3021;GBR.IDXEUR
2026-06-23 18:00:00;12118.965;12125.866;12097.314;12107.1;0.34845;GBR.IDXEUR
2026-06-23 19:00:00;12107.24;12119.432;12088.525;12090.292;0.4587;GBR.IDXEUR
2026-06-23 20:00:00;12089.702;12098.229;12084.374;12096.356;0.055266;GBR.IDXEUR
2026-06-23 22:00:00;12099.451;12109.575;12089.601;12094.09;0.090216;GBR.IDXEUR
2026-06-23 23:00:00;12094.298;12108.541;12081.59;12099.61;0.100224;GBR.IDXEUR
2026-06-24 00:00:00;12095.505;12115.936;12079.733;12098.043;0.191856;GBR.IDXEUR
2026-06-24 01:00:00;12098.637;12106.652;12090.862;12100.312;0.206928;GBR.IDXEUR
2026-06-24 02:00:00;12100.452;12101.043;12063.851;12063.981;0.149256;GBR.IDXEUR
2026-06-24 03:00:00;12063.841;12097.144;12063.404;12071.453;0.177732;GBR.IDXEUR
2026-06-24 04:00:00;12071.593;12077.521;12044.397;12072.589;0.135324;GBR.IDXEUR
2026-06-24 05:00:00;12072.392;12104.96;12069.399;12088.089;0.13014;GBR.IDXEUR
2026-06-24 06:00:00;12087.949;12110.895;12079.965;12100.746;0.520164;GBR.IDXEUR
2026-06-24 07:00:00;12100.886;12127.386;12087.755;12094.759;1.04223;GBR.IDXEUR
2026-06-24 08:00:00;12094.9;12127.256;12091.916;12120.436;0.81787;GBR.IDXEUR
2026-06-24 09:00:00;12120.717;12129.362;12096.136;12110.255;0.61302;GBR.IDXEUR
2026-06-24 10:00:00;12110.395;12118.555;12102.198;12104.692;0.63614;GBR.IDXEUR
2026-06-24 11:00:00;12104.552;12120.475;12095.376;12116.532;0.66317;GBR.IDXEUR
2026-06-24 12:00:00;12116.813;12131.824;12106.889;12112.303;0.7854;GBR.IDXEUR
2026-06-24 13:00:00;12112.443;12142.399;12089.866;12142.399;1.19374;GBR.IDXEUR
2026-06-24 14:00:00;12142.399;12145.76;12116.092;12121.118;1.08953;GBR.IDXEUR
2026-06-24 15:00:00;12121.68;12139.534;12099.405;12130.731;0.90458;GBR.IDXEUR
2026-06-24 16:00:00;12130.872;12137.662;12111.723;12112.348;0.55965;GBR.IDXEUR
2026-06-24 17:00:00;12112.207;12116.287;12075.945;12083.894;0.6426;GBR.IDXEUR
2026-06-24 18:00:00;12084.466;12115.375;12079.69;12100.682;0.58545;GBR.IDXEUR
2026-06-24 19:00:00;12100.822;12121.115;12086.524;12107.064;0.63915;GBR.IDXEUR
2026-06-24 20:00:00;12107.384;12125.52;12099.452;12125.12;0.112002;GBR.IDXEUR
2026-06-24 22:00:00;12122.41;12130.04;12118.487;12118.901;0.08424;GBR.IDXEUR
2026-06-24 23:00:00;12119.02;12135.384;12118.213;12125.686;0.066432;GBR.IDXEUR
2026-06-25 00:00:00;12128.272;12130.784;12102.021;12106.867;0.132876;GBR.IDXEUR
2026-06-25 01:00:00;12107.007;12122.123;12097.598;12100.497;0.16704;GBR.IDXEUR
2026-06-25 02:00:00;12100.838;12102.985;12080.107;12094.725;0.118692;GBR.IDXEUR
2026-06-25 03:00:00;12094.957;12099.543;12078.352;12086.109;0.087876;GBR.IDXEUR
2026-06-25 04:00:00;12086.389;12092.501;12077.559;12089.967;0.067392;GBR.IDXEUR
2026-06-25 05:00:00;12090.107;12107.596;12087.24;12096.313;0.089064;GBR.IDXEUR
2026-06-25 06:00:00;12095.968;12105.463;12078.926;12102.696;0.110772;GBR.IDXEUR
2026-06-25 07:00:00;12106.412;12164.651;12088.448;12153.254;0.181296;GBR.IDXEUR
2026-06-25 08:00:00;12153.254;12179.975;12142.247;12174.718;0.139464;GBR.IDXEUR
2026-06-25 09:00:00;12174.435;12195.46;12164.068;12177.934;0.105768;GBR.IDXEUR
2026-06-25 10:00:00;12177.934;12193.57;12173.354;12190.36;0.100692;GBR.IDXEUR
2026-06-25 11:00:00;12190.944;12223.53;12190.364;12217.455;0.106236;GBR.IDXEUR
2026-06-25 12:00:00;12217.171;12256.024;12212.686;12244.67;0.167832;GBR.IDXEUR
2026-06-25 13:00:00;12244.67;12253.197;12207.986;12218.982;0.238716;GBR.IDXEUR
2026-06-25 14:00:00;12219.124;12282.035;12219.124;12253.299;0.277452;GBR.IDXEUR
2026-06-25 15:00:00;12253.299;12256.3;12215.047;12243.44;0.246168;GBR.IDXEUR
2026-06-25 16:00:00;12243.582;12258.947;12215.41;12225.986;0.133488;GBR.IDXEUR
2026-06-25 17:00:00;12226.128;12230.115;12208.249;12222.064;0.116388;GBR.IDXEUR
2026-06-25 18:00:00;12222.064;12224.8;12193.169;12207.153;0.142956;GBR.IDXEUR
2026-06-25 19:00:00;12207.011;12217.801;12200.324;12216.792;0.105084;GBR.IDXEUR
2026-06-25 20:00:00;12214.389;12231.586;12212.393;12222.517;0.060012;GBR.IDXEUR
2026-06-25 22:00:00;12215.901;12217.09;12198.658;12207.711;0.098952;GBR.IDXEUR
2026-06-25 23:00:00;12207.569;12237.132;12203.681;12207.687;0.115632;GBR.IDXEUR
2026-06-26 00:00:00;12205.783;12216.049;12195.185;12199.643;0.197196;GBR.IDXEUR
2026-06-26 01:00:00;12201.722;12211.009;12183.19;12189.3;0.202068;GBR.IDXEUR
2026-06-26 02:00:00;12188.921;12189.639;12118.107;12126.552;0.1827;GBR.IDXEUR
2026-06-26 03:00:00;12126.911;12138.149;12102.036;12136.945;0.176508;GBR.IDXEUR
2026-06-26 04:00:00;12137.086;12142.384;12126.496;12133.37;0.173412;GBR.IDXEUR
2026-06-26 05:00:00;12133.37;12164.232;12133.37;12155.291;0.152352;GBR.IDXEUR
2026-06-26 06:00:00;12155.573;12194.108;12138.237;12183.18;0.566214;GBR.IDXEUR
2026-06-26 07:00:00;12183.321;12198.201;12152.994;12166.879;0.93976;GBR.IDXEUR
2026-06-26 08:00:00;12166.879;12174.24;12120.802;12131.956;0.95557;GBR.IDXEUR
2026-06-26 09:00:00;12132.096;12137.671;12108.342;12119.875;0.80597;GBR.IDXEUR
2026-06-26 10:00:00;12119.594;12120.525;12104.58;12111.168;0.64889;GBR.IDXEUR
2026-06-26 11:00:00;12111.309;12120.102;12093.358;12096.056;0.68221;GBR.IDXEUR
2026-06-26 12:00:00;12096.056;12104.354;12035.434;12037.112;0.91188;GBR.IDXEUR
2026-06-26 13:00:00;12037.112;12109.837;12032.698;12106.059;1.27806;GBR.IDXEUR
2026-06-26 14:00:00;12106.602;12157.963;12105.408;12155.286;1.16875;GBR.IDXEUR
2026-06-26 15:00:00;12155.824;12201.562;12146.38;12197.285;0.98844;GBR.IDXEUR
2026-06-26 16:00:00;12198.024;12198.165;12162.708;12176.663;0.6108;GBR.IDXEUR
2026-06-26 17:00:00;12176.945;12189.379;12172.202;12173.973;0.489;GBR.IDXEUR
2026-06-26 18:00:00;12173.973;12177.841;12147.759;12154.154;0.47355;GBR.IDXEUR
2026-06-26 19:00:00;12154.154;12158.443;12133.956;12143.322;0.5331;GBR.IDXEUR
2026-06-26 20:00:00;12143.153;12143.153;12143.153;12143.153;0.00015;GBR.IDXEUR
2026-06-28 22:00:00;12153.674;12160.056;12141.354;12147.646;0.103536;GBR.IDXEUR
2026-06-28 23:00:00;12147.506;12168.647;12146.512;12163.282;0.090672;GBR.IDXEUR
2026-06-29 00:00:00;12161.426;12183.588;12159.645;12173.002;0.163404;GBR.IDXEUR
2026-06-29 01:00:00;12172.861;12178.453;12153.279;12169.667;0.172008;GBR.IDXEUR
2026-06-29 02:00:00;12169.937;12198.888;12163.888;12195.895;0.135972;GBR.IDXEUR
2026-06-29 03:00:00;12196.037;12203.732;12189.288;12199.263;0.105156;GBR.IDXEUR
2026-06-29 04:00:00;12199.466;12199.511;12180.918;12185.237;0.078516;GBR.IDXEUR
2026-06-29 05:00:00;12184.954;12203.68;12180.03;12198.891;0.121428;GBR.IDXEUR
2026-06-29 06:00:00;12198.891;12208.763;12169.004;12172.938;0.471012;GBR.IDXEUR
2026-06-29 07:00:00;12173.079;12180.981;12147.354;12169.912;0.85013;GBR.IDXEUR
2026-06-29 08:00:00;12170.053;12189.532;12143.014;12144.856;0.63886;GBR.IDXEUR
2026-06-29 09:00:00;12145.094;12159.34;12140.656;12143.704;0.57817;GBR.IDXEUR
2026-06-29 10:00:00;12143.986;12167.827;12134.838;12164.376;0.53856;GBR.IDXEUR
2026-06-29 11:00:00;12164.658;12181.953;12151.39;12180.099;0.56593;GBR.IDXEUR
2026-06-29 12:00:00;12180.662;12190.015;12168.322;12177.129;0.59041;GBR.IDXEUR
2026-06-29 13:00:00;12177.412;12209.072;12177.377;12184.156;0.89403;GBR.IDXEUR
2026-06-29 14:00:00;12184.014;12189.717;12148.435;12152.578;1.15073;GBR.IDXEUR
2026-06-29 15:00:00;12152.719;12187.712;12143.789;12175.734;0.79783;GBR.IDXEUR
2026-06-29 16:00:00;12175.875;12188.833;12173.07;12185.196;0.42915;GBR.IDXEUR
2026-06-29 17:00:00;12185.196;12192.001;12178.508;12187.352;0.27825;GBR.IDXEUR
2026-06-29 18:00:00;12187.493;12197.81;12186.109;12194.844;0.2751;GBR.IDXEUR
2026-06-29 19:00:00;12194.865;12207.415;12187.167;12202.959;0.29385;GBR.IDXEUR
2026-06-29 20:00:00;12202.905;12202.905;12194.656;12199.191;0.034746;GBR.IDXEUR
2026-06-29 22:00:00;12196.263;12202.686;12193.144;12198.782;0.056928;GBR.IDXEUR
2026-06-29 23:00:00;12198.499;12202.525;12195.488;12198.473;0.04236;GBR.IDXEUR
2026-06-30 00:00:00;12200.62;12200.62;12169.883;12175.939;0.12726;GBR.IDXEUR
2026-06-30 01:00:00;12175.939;12197.195;12169.867;12190.832;0.154008;GBR.IDXEUR
2026-06-30 02:00:00;12191.115;12191.115;12177.247;12182.325;0.09252;GBR.IDXEUR
2026-06-30 03:00:00;12182.325;12197.155;12181.444;12191.938;0.080676;GBR.IDXEUR
2026-06-30 04:00:00;12192.079;12210.152;12192.079;12208.92;0.05652;GBR.IDXEUR
2026-06-30 05:00:00;12208.778;12215.973;12199.943;12208.704;0.0927;GBR.IDXEUR
2026-06-30 06:00:00;12208.136;12216.825;12191.338;12205.666;0.50064;GBR.IDXEUR
2026-06-30 07:00:00;12205.807;12220.605;12182.562;12200.203;0.84568;GBR.IDXEUR
2026-06-30 08:00:00;12200.203;12232.695;12200.203;12222.116;0.75599;GBR.IDXEUR
2026-06-30 09:00:00;12222.258;12287.396;12221.741;12284.561;0.60333;GBR.IDXEUR
2026-06-30 10:00:00;12284.276;12317.136;12280.706;12304.099;0.54655;GBR.IDXEUR
2026-06-30 11:00:00;12304.241;12317.069;12297.325;12312.988;0.59381;GBR.IDXEUR
2026-06-30 12:00:00;12312.988;12313.551;12244.669;12250.391;0.68969;GBR.IDXEUR
2026-06-30 13:00:00;12250.533;12253.222;12217.382;12227.384;0.95166;GBR.IDXEUR
2026-06-30 14:00:00;12227.1;12231.514;12185.116;12190.052;1.31478;GBR.IDXEUR
2026-06-30 15:00:00;12190.193;12227.15;12182.879;12187.073;0.90385;GBR.IDXEUR
2026-06-30 16:00:00;12187.073;12195.734;12183.002;12183.002;0.37935;GBR.IDXEUR
2026-06-30 17:00:00;12183.144;12193.549;12177.386;12192.779;0.25695;GBR.IDXEUR
2026-06-30 18:00:00;12192.099;12207.827;12190.624;12206.217;0.25575;GBR.IDXEUR
2026-06-30 19:00:00;12206.217;12210.743;12191.451;12206.366;0.3705;GBR.IDXEUR
2026-06-30 20:00:00;12205.378;12208.712;12200.795;12203.451;0.045936;GBR.IDXEUR
2026-06-30 22:00:00;12201.643;12206.07;12198.384;12199.825;0.043872;GBR.IDXEUR
2026-06-30 23:00:00;12199.941;12203.846;12199.053;12202.082;0.044928;GBR.IDXEUR
2026-07-01 00:00:00;12191.06;12200.959;12188.053;12192.127;0.092016;GBR.IDXEUR
2026-07-01 01:00:00;12192.41;12196.264;12151.713;12152.673;0.099576;GBR.IDXEUR
2026-07-01 02:00:00;12152.427;12163.882;12130.448;12153.184;0.101016;GBR.IDXEUR
2026-07-01 03:00:00;12155.235;12164.361;12150.579;12159.853;0.079776;GBR.IDXEUR
2026-07-01 04:00:00;12159.994;12170.562;12152.972;12164.667;0.083412;GBR.IDXEUR
2026-07-01 05:00:00;12164.893;12174.35;12158.882;12174.132;0.089748;GBR.IDXEUR
2026-07-01 06:00:00;12174.132;12182.419;12159.857;12179.338;0.448704;GBR.IDXEUR
2026-07-01 07:00:00;12179.223;12206.223;12121.241;12203.679;0.97438;GBR.IDXEUR
2026-07-01 08:00:00;12203.538;12204.803;12181.196;12190.269;0.73899;GBR.IDXEUR
2026-07-01 09:00:00;12190.41;12195.134;12164.776;12180.292;0.66079;GBR.IDXEUR
2026-07-01 10:00:00;12180.056;12182.297;12152.113;12158.625;0.55828;GBR.IDXEUR
2026-07-01 11:00:00;12158.043;12168.294;12136.596;12139.523;0.63002;GBR.IDXEUR
2026-07-01 12:00:00;12139.664;12172.025;12127.235;12158.561;0.89726;GBR.IDXEUR
2026-07-01 13:00:00;12158.194;12189.65;12145.352;12174.432;1.57607;GBR.IDXEUR
2026-07-01 14:00:00;12174.432;12193.363;12161.156;12171.632;1.35184;GBR.IDXEUR
2026-07-01 15:00:00;12171.348;12248.428;12171.207;12244.567;0.99801;GBR.IDXEUR
2026-07-01 16:00:00;12244.424;12259.897;12229.581;12229.627;0.58845;GBR.IDXEUR
2026-07-01 17:00:00;12229.627;12235.561;12223.547;12232.352;0.43695;GBR.IDXEUR
2026-07-01 18:00:00;12232.352;12238.305;12220.599;12225.543;0.39675;GBR.IDXEUR
2026-07-01 19:00:00;12225.278;12232.912;12216.011;12223.206;0.3804;GBR.IDXEUR
2026-07-01 20:00:00;12223.349;12223.492;12209.557;12216.026;0.04323;GBR.IDXEUR
2026-07-01 22:00:00;12218.809;12225.904;12214.699;12225.293;0.049056;GBR.IDXEUR
2026-07-01 23:00:00;12225.448;12225.552;12216.756;12220.589;0.053568;GBR.IDXEUR
2026-07-02 00:00:00;12213.54;12235.269;12200.49;12230.49;0.157836;GBR.IDXEUR
2026-07-02 01:00:00;12231.462;12260.234;12228.946;12250.797;0.138456;GBR.IDXEUR
2026-07-02 02:00:00;12251.133;12255.294;12241.701;12243.638;0.104436;GBR.IDXEUR
2026-07-02 03:00:00;12243.638;12258.411;12239.425;12256.743;0.092988;GBR.IDXEUR
2026-07-02 04:00:00;12257.079;12258.11;12222.395;12231.748;0.11412;GBR.IDXEUR
2026-07-02 05:00:00;12231.766;12240.903;12218.701;12225.554;0.11196;GBR.IDXEUR
2026-07-02 06:00:00;12226.85;12231.777;12199.436;12200.22;0.618996;GBR.IDXEUR
2026-07-02 07:00:00;12200.363;12284.638;12189.43;12278.922;1.10653;GBR.IDXEUR
2026-07-02 08:00:00;12278.711;12324.56;12278.567;12311.962;1.03071;GBR.IDXEUR
2026-07-02 09:00:00;12311.53;12316.242;12300.311;12313.77;0.75905;GBR.IDXEUR
2026-07-02 10:00:00;12313.564;12313.564;12297.078;12306.472;0.57868;GBR.IDXEUR
2026-07-02 11:00:00;12306.195;12307.086;12286.398;12293.825;0.5389;GBR.IDXEUR
2026-07-02 12:00:00;12293.681;12347.583;12290.643;12329.585;1.42715;GBR.IDXEUR
2026-07-02 13:00:00;12329.873;12457.246;12327.696;12441.584;2.51474;GBR.IDXEUR
2026-07-02 14:00:00;12441.439;12491.143;12419.877;12491.143;3.64253;GBR.IDXEUR
2026-07-02 15:00:00;12491.435;12500.995;12426.93;12430.096;3.19533;GBR.IDXEUR
2026-07-02 16:00:00;12430.411;12453.599;12421.521;12431.114;1.54753;GBR.IDXEUR
2026-07-02 17:00:00;12431.259;12434.743;12397.305;12399.221;1.29978;GBR.IDXEUR
2026-07-02 18:00:00;12399.221;12429.832;12394.981;12426.86;0.97005;GBR.IDXEUR
2026-07-02 19:00:00;12427.561;12466.183;12408.689;12461.884;0.97759;GBR.IDXEUR
2026-07-02 20:00:00;12462.175;12462.531;12454.765;12460.274;0.062608;GBR.IDXEUR
2026-07-02 22:00:00;12454.314;12465.131;12452.327;12464.735;0.046536;GBR.IDXEUR
2026-07-02 23:00:00;12464.664;12469.349;12460.274;12466.784;0.073032;GBR.IDXEUR
2026-07-03 00:00:00;12481.003;12481.003;12448.963;12455.804;0.618114;GBR.IDXEUR
2026-07-03 01:00:00;12455.95;12497.428;12455.806;12492.851;0.6297;GBR.IDXEUR
2026-07-03 02:00:00;12492.851;12498.005;12484.665;12491.946;0.3558;GBR.IDXEUR
2026-07-03 03:00:00;12492.238;12505.708;12489.611;12498.242;0.3264;GBR.IDXEUR
2026-07-03 04:00:00;12498.005;12501.447;12487.024;12487.024;0.2046;GBR.IDXEUR
2026-07-03 05:00:00;12487.169;12489.188;12467.768;12476.691;0.3591;GBR.IDXEUR
2026-07-03 06:00:00;12477.057;12491.711;12473.179;12486.12;0.4818;GBR.IDXEUR
2026-07-03 07:00:00;12486.473;12489.948;12448.221;12448.982;1.88853;GBR.IDXEUR
2026-07-03 08:00:00;12449.127;12449.523;12384.372;12389.232;1.56821;GBR.IDXEUR
2026-07-03 09:00:00;12389.458;12397.558;12372.082;12396.015;1.36009;GBR.IDXEUR
2026-07-03 10:00:00;12396.015;12405.756;12387.464;12392.999;1.09994;GBR.IDXEUR
2026-07-03 11:00:00;12392.999;12405.094;12368.215;12403.025;1.05522;GBR.IDXEUR
2026-07-03 12:00:00;12402.881;12421.105;12402.881;12418.539;1.0062;GBR.IDXEUR
2026-07-03 13:00:00;12418.549;12447.96;12415.704;12447.277;1.30849;GBR.IDXEUR
2026-07-03 14:00:00;12447.422;12468.543;12432.338;12464.168;1.17132;GBR.IDXEUR
2026-07-03 15:00:00;12464.023;12471.223;12448.233;12461.693;1.16315;GBR.IDXEUR
2026-07-03 16:00:00;12461.693;12465.343;12451.835;12452.26;0.40631;GBR.IDXEUR
2026-07-03 17:00:00;12451.91;12451.935;12441.166;12444.338;0.48894;GBR.IDXEUR
2026-07-03 18:00:00;12444.047;12445.425;12436.759;12438.375;0.43239;GBR.IDXEUR
2026-07-03 19:00:00;12438.23;12440.275;12417.311;12426.797;1.41984;GBR.IDXEUR
2026-07-05 22:00:00;12434.131;12443.445;12430.653;12438.585;0.078432;GBR.IDXEUR
2026-07-05 23:00:00;12438.585;12449.559;12437.0;12448.018;0.070416;GBR.IDXEUR
2026-07-06 00:00:00;12444.999;12457.155;12429.718;12454.683;0.512706;GBR.IDXEUR
2026-07-06 01:00:00;12454.829;12465.101;12445.033;12455.764;0.55575;GBR.IDXEUR
2026-07-06 02:00:00;12456.394;12461.032;12446.053;12451.319;0.47115;GBR.IDXEUR
2026-07-06 03:00:00;12450.973;12452.599;12434.672;12441.481;0.3732;GBR.IDXEUR
2026-07-06 04:00:00;12441.336;12448.415;12439.213;12448.27;0.2598;GBR.IDXEUR
2026-07-06 05:00:00;12448.125;12458.094;12443.757;12448.164;0.3519;GBR.IDXEUR
2026-07-06 06:00:00;12448.225;12469.833;12440.479;12469.012;0.43725;GBR.IDXEUR
2026-07-06 07:00:00;12468.697;12535.998;12458.182;12533.649;1.91001;GBR.IDXEUR
2026-07-06 08:00:00;12533.503;12540.502;12495.21;12495.21;1.48737;GBR.IDXEUR
2026-07-06 09:00:00;12493.928;12493.997;12462.945;12463.952;1.40266;GBR.IDXEUR
2026-07-06 10:00:00;12463.952;12469.796;12443.888;12446.298;1.24528;GBR.IDXEUR
2026-07-06 11:00:00;12445.714;12448.982;12427.211;12431.7;1.26162;GBR.IDXEUR
2026-07-06 12:00:00;12431.7;12459.585;12431.427;12457.248;1.39707;GBR.IDXEUR
2026-07-06 13:00:00;12457.393;12468.411;12428.892;12436.251;2.15043;GBR.IDXEUR
2026-07-06 14:00:00;12435.815;12446.151;12419.933;12445.491;2.09195;GBR.IDXEUR
2026-07-06 15:00:00;12445.541;12462.458;12435.867;12443.059;1.66109;GBR.IDXEUR
2026-07-06 16:00:00;12442.913;12463.089;12435.537;12462.145;0.61676;GBR.IDXEUR
2026-07-06 17:00:00;12462.397;12477.205;12460.803;12469.72;0.58116;GBR.IDXEUR
2026-07-06 18:00:00;12469.574;12477.761;12468.07;12477.761;0.44225;GBR.IDXEUR
2026-07-06 19:00:00;12477.908;12492.439;12471.328;12488.81;0.59363;GBR.IDXEUR
2026-07-06 20:00:00;12488.81;12493.015;12488.125;12491.482;0.044596;GBR.IDXEUR
2026-07-06 22:00:00;12486.238;12493.958;12485.509;12487.448;0.040848;GBR.IDXEUR
2026-07-06 23:00:00;12487.235;12492.491;12481.395;12482.029;0.052848;GBR.IDXEUR
2026-07-07 00:00:00;12480.569;12494.429;12472.665;12475.901;0.468468;GBR.IDXEUR
2026-07-07 01:00:00;12476.193;12507.625;12472.987;12496.614;0.5307;GBR.IDXEUR
2026-07-07 02:00:00;12496.76;12502.411;12478.271;12479.776;0.3639;GBR.IDXEUR
2026-07-07 03:00:00;12480.068;12487.777;12474.431;12480.741;0.378;GBR.IDXEUR
2026-07-07 04:00:00;12480.724;12484.66;12471.599;12473.83;0.3351;GBR.IDXEUR
2026-07-07 05:00:00;12473.336;12493.871;12455.682;12490.502;0.4968;GBR.IDXEUR
2026-07-07 06:00:00;12490.063;12495.064;12466.018;12487.297;0.4173;GBR.IDXEUR
2026-07-07 07:00:00;12487.443;12531.555;12464.777;12528.721;2.12509;GBR.IDXEUR
2026-07-07 08:00:00;12528.868;12561.232;12526.119;12537.171;1.76687;GBR.IDXEUR
2026-07-07 09:00:00;12536.877;12546.088;12526.193;12527.288;1.41341;GBR.IDXEUR
2026-07-07 10:00:00;12527.629;12530.377;12490.38;12491.979;1.33386;GBR.IDXEUR
2026-07-07 11:00:00;12492.125;12525.586;12490.878;12523.753;1.54843;GBR.IDXEUR
2026-07-07 12:00:00;12523.218;12562.971;12521.989;12538.962;1.73419;GBR.IDXEUR
2026-07-07 13:00:00;12539.108;12575.392;12522.009;12525.227;2.6832;GBR.IDXEUR
2026-07-07 14:00:00;12525.666;12527.229;12500.327;12514.53;2.89777;GBR.IDXEUR
2026-07-07 15:00:00;12515.115;12515.698;12472.046;12478.957;2.03046;GBR.IDXEUR
2026-07-07 16:00:00;12478.811;12489.462;12473.08;12476.476;0.85281;GBR.IDXEUR
2026-07-07 17:00:00;12476.623;12484.05;12469.319;12474.109;0.55825;GBR.IDXEUR
2026-07-07 18:00:00;12474.732;12487.125;12469.024;12480.444;0.76618;GBR.IDXEUR
2026-07-07 19:00:00;12479.674;12486.399;12459.923;12474.406;1.22844;GBR.IDXEUR
2026-07-07 20:00:00;12474.26;12476.15;12471.207;12474.292;0.050952;GBR.IDXEUR
2026-07-07 22:00:00;12464.528;12472.605;12462.158;12471.665;0.057552;GBR.IDXEUR
2026-07-07 23:00:00;12471.844;12478.18;12461.606;12461.982;0.072384;GBR.IDXEUR
2026-07-08 00:00:00;12462.603;12472.681;12432.169;12471.222;0.759654;GBR.IDXEUR
2026-07-08 01:00:00;12470.93;12496.401;12468.614;12492.897;0.72495;GBR.IDXEUR
2026-07-08 02:00:00;12492.553;12493.929;12467.073;12473.003;0.5985;GBR.IDXEUR
2026-07-08 03:00:00;12472.857;12494.484;12472.857;12488.791;0.4008;GBR.IDXEUR
2026-07-08 04:00:00;12489.365;12495.004;12479.426;12488.901;0.40395;GBR.IDXEUR
2026-07-08 05:00:00;12489.047;12495.621;12473.752;12480.446;0.5511;GBR.IDXEUR
2026-07-08 06:00:00;12480.117;12482.353;12440.209;12452.381;0.63;GBR.IDXEUR
2026-07-08 07:00:00;12452.102;12454.574;12371.368;12381.194;2.93748;GBR.IDXEUR
2026-07-08 08:00:00;12380.905;12383.258;12270.115;12274.85;3.96847;GBR.IDXEUR
2026-07-08 09:00:00;12275.057;12295.783;12264.439;12268.289;3.3454;GBR.IDXEUR
2026-07-08 10:00:00;12268.432;12312.156;12261.104;12301.63;2.46863;GBR.IDXEUR
2026-07-08 11:00:00;12301.63;12349.085;12290.259;12328.683;2.28975;GBR.IDXEUR
2026-07-08 12:00:00;12328.828;12388.218;12319.777;12369.681;2.53743;GBR.IDXEUR
2026-07-08 13:00:00;12369.653;12385.06;12343.675;12363.102;3.20651;GBR.IDXEUR
2026-07-08 14:00:00;12362.957;12379.969;12307.074;12309.433;3.16222;GBR.IDXEUR
2026-07-08 15:00:00;12309.433;12312.026;12266.991;12282.347;2.94765;GBR.IDXEUR
2026-07-08 16:00:00;12282.635;12317.688;12274.934;12315.864;1.482;GBR.IDXEUR
2026-07-08 17:00:00;12315.864;12316.422;12288.49;12292.109;1.14753;GBR.IDXEUR
2026-07-08 18:00:00;12291.82;12312.641;12287.135;12303.565;1.0121;GBR.IDXEUR
2026-07-08 19:00:00;12303.936;12325.237;12300.839;12312.792;0.94482;GBR.IDXEUR
2026-07-08 20:00:00;12313.081;12314.395;12306.451;12308.761;0.058054;GBR.IDXEUR
2026-07-08 22:00:00;12299.757;12304.578;12297.703;12299.143;0.052056;GBR.IDXEUR
2026-07-08 23:00:00;12299.043;12309.37;12297.193;12308.284;0.063336;GBR.IDXEUR
2026-07-09 00:00:00;12320.587;12321.149;12295.489;12309.995;0.477018;GBR.IDXEUR
2026-07-09 01:00:00;12309.851;12329.935;12302.278;12324.257;0.5241;GBR.IDXEUR
2026-07-09 02:00:00;12323.379;12341.557;12305.314;12306.122;0.42285;GBR.IDXEUR
2026-07-09 03:00:00;12306.36;12321.963;12301.762;12318.602;0.41295;GBR.IDXEUR
2026-07-09 04:00:00;12318.746;12331.406;12316.264;12328.291;0.27345;GBR.IDXEUR
2026-07-09 05:00:00;12328.436;12343.881;12312.774;12343.881;0.4848;GBR.IDXEUR
2026-07-09 06:00:00;12343.736;12344.665;12264.396;12264.396;0.53025;GBR.IDXEUR
2026-07-09 07:00:00;12264.188;12294.718;12233.743;12243.463;2.76103;GBR.IDXEUR
2026-07-09 08:00:00;12243.319;12261.939;12237.518;12252.972;2.14441;GBR.IDXEUR
2026-07-09 09:00:00;12252.972;12261.709;12200.131;12224.54;1.74494;GBR.IDXEUR
2026-07-09 10:00:00;12224.683;12235.23;12197.281;12207.253;1.69592;GBR.IDXEUR
2026-07-09 11:00:00;12207.029;12231.644;12198.567;12213.43;1.83868;GBR.IDXEUR
2026-07-09 12:00:00;12213.286;12236.25;12204.64;12216.786;1.89071;GBR.IDXEUR
2026-07-09 13:00:00;12216.643;12248.784;12216.643;12246.803;2.40284;GBR.IDXEUR
2026-07-09 14:00:00;12246.66;12276.473;12233.948;12272.07;2.59978;GBR.IDXEUR
2026-07-09 15:00:00;12272.07;12282.963;12258.268;12266.314;2.01799;GBR.IDXEUR
2026-07-09 16:00:00;12265.92;12288.12;12265.37;12283.366;0.74644;GBR.IDXEUR
2026-07-09 17:00:00;12283.366;12303.878;12281.754;12299.18;0.60436;GBR.IDXEUR
2026-07-09 18:00:00;12299.18;12304.92;12278.983;12284.966;0.59682;GBR.IDXEUR
2026-07-09 19:00:00;12285.255;12289.389;12275.878;12282.466;0.71804;GBR.IDXEUR
2026-07-09 20:00:00;12282.174;12286.077;12279.247;12283.294;0.035044;GBR.IDXEUR
2026-07-09 22:00:00;12275.483;12280.164;12275.42;12278.98;0.03948;GBR.IDXEUR
2026-07-09 23:00:00;12279.098;12284.238;12277.575;12282.175;0.03996;GBR.IDXEUR
2026-07-10 00:00:00;12284.506;12291.118;12262.398;12273.777;0.4086;GBR.IDXEUR
2026-07-10 01:00:00;12273.921;12302.596;12267.701;12296.76;0.5895;GBR.IDXEUR
2026-07-10 02:00:00;12297.123;12306.263;12293.82;12303.231;0.52155;GBR.IDXEUR
2026-07-10 03:00:00;12303.586;12312.065;12299.363;12305.315;0.33885;GBR.IDXEUR
2026-07-10 04:00:00;12305.17;12305.17;12295.996;12298.119;0.2967;GBR.IDXEUR
2026-07-10 05:00:00;12298.237;12304.773;12292.887;12298.854;0.3432;GBR.IDXEUR
2026-07-10 06:00:00;12298.854;12337.136;12298.854;12326.317;0.453;GBR.IDXEUR
2026-07-10 07:00:00;12326.317;12335.527;12287.001;12300.522;2.27348;GBR.IDXEUR
2026-07-10 08:00:00;12300.939;12325.466;12276.662;12287.11;1.9823;GBR.IDXEUR
2026-07-10 09:00:00;12287.344;12308.95;12284.087;12302.992;1.44308;GBR.IDXEUR
2026-07-10 10:00:00;12303.379;12316.943;12299.467;12309.817;1.46802;GBR.IDXEUR
2026-07-10 11:00:00;12309.528;12320.802;12294.946;12303.948;1.52865;GBR.IDXEUR
2026-07-10 12:00:00;12303.948;12334.752;12293.207;12325.998;1.88254;GBR.IDXEUR
2026-07-10 13:00:00;12326.143;12339.669;12312.257;12329.104;2.22009;GBR.IDXEUR
2026-07-10 14:00:00;12328.815;12346.886;12310.072;12325.206;2.43982;GBR.IDXEUR
2026-07-10 15:00:00;12325.206;12344.314;12306.995;12344.169;2.04981;GBR.IDXEUR
2026-07-10 16:00:00;12344.314;12356.121;12337.14;12355.976;0.75492;GBR.IDXEUR
2026-07-10 17:00:00;12356.266;12375.003;12354.716;12371.553;0.59131;GBR.IDXEUR
2026-07-10 18:00:00;12372.132;12380.669;12370.321;12378.066;0.53447;GBR.IDXEUR
2026-07-10 19:00:00;12377.992;12380.837;12357.078;12357.078;0.49677;GBR.IDXEUR
2026-07-12 22:00:00;12346.557;12346.702;12327.484;12336.866;0.084672;GBR.IDXEUR
2026-07-12 23:00:00;12337.156;12337.432;12330.588;12335.455;0.061056;GBR.IDXEUR
2026-07-13 00:00:00;12336.672;12349.533;12319.673;12322.503;0.662964;GBR.IDXEUR
2026-07-13 01:00:00;12322.793;12326.375;12306.821;12313.956;0.7401;GBR.IDXEUR
2026-07-13 02:00:00;12313.956;12321.391;12303.118;12303.129;0.4803;GBR.IDXEUR
2026-07-13 03:00:00;12303.129;12304.13;12288.107;12292.031;0.3942;GBR.IDXEUR
2026-07-13 04:00:00;12292.031;12298.542;12280.381;12281.973;0.2913;GBR.IDXEUR
2026-07-13 05:00:00;12282.117;12298.642;12266.376;12295.372;0.5949;GBR.IDXEUR
2026-07-13 06:00:00;12295.73;12325.247;12288.246;12318.747;0.5802;GBR.IDXEUR
2026-07-13 07:00:00;12318.168;12362.333;12279.891;12294.191;2.68892;GBR.IDXEUR
2026-07-13 08:00:00;12294.479;12317.847;12278.292;12317.457;2.15387;GBR.IDXEUR
2026-07-13 09:00:00;12317.457;12321.043;12287.723;12296.493;1.53123;GBR.IDXEUR
2026-07-13 10:00:00;12296.493;12297.531;12260.245;12279.637;1.50672;GBR.IDXEUR
2026-07-13 11:00:00;12279.493;12304.529;12275.175;12278.263;1.57982;GBR.IDXEUR
2026-07-13 12:00:00;12277.975;12299.019;12264.612;12297.692;1.86104;GBR.IDXEUR
2026-07-13 13:00:00;12297.98;12338.404;12279.099;12332.053;2.30437;GBR.IDXEUR
2026-07-13 14:00:00;12331.908;12333.569;12269.918;12322.277;2.881;GBR.IDXEUR
2026-07-13 15:00:00;12322.133;12326.026;12303.66;12315.161;2.23127;GBR.IDXEUR
2026-07-13 16:00:00;12315.306;12327.623;12287.811;12306.833;1.43464;GBR.IDXEUR
2026-07-13 17:00:00;12306.833;12326.883;12306.399;12315.448;1.00514;GBR.IDXEUR
2026-07-13 18:00:00;12315.811;12320.685;12301.903;12315.302;0.90538;GBR.IDXEUR
2026-07-13 19:00:00;12315.446;12318.712;12303.54;12317.627;0.86188;GBR.IDXEUR
2026-07-13 20:00:00;12316.699;12317.888;12313.299;12316.005;0.053044;GBR.IDXEUR
2026-07-13 22:00:00;12302.477;12313.441;12302.477;12306.181;0.059592;GBR.IDXEUR
2026-07-13 23:00:00;12306.181;12306.309;12290.134;12299.249;0.074448;GBR.IDXEUR
2026-07-14 00:00:00;12309.613;12316.229;12226.679;12247.866;1.074972;GBR.IDXEUR
2026-07-14 01:00:00;12247.866;12277.726;12231.458;12238.395;0.7857;GBR.IDXEUR
2026-07-14 02:00:00;12238.647;12266.559;12237.702;12253.171;0.62325;GBR.IDXEUR
2026-07-14 03:00:00;12253.509;12265.75;12235.187;12264.121;0.60165;GBR.IDXEUR
2026-07-14 04:00:00;12263.977;12292.986;12255.538;12288.865;0.4923;GBR.IDXEUR
2026-07-14 05:00:00;12289.354;12318.953;12286.457;12307.208;0.4887;GBR.IDXEUR
2026-07-14 06:00:00;12307.064;12325.854;12276.168;12279.6;0.55455;GBR.IDXEUR
2026-07-14 07:00:00;12279.814;12308.06;12225.524;12245.825;2.94581;GBR.IDXEUR
2026-07-14 08:00:00;12245.681;12264.614;12221.828;12232.526;2.46992;GBR.IDXEUR
2026-07-14 09:00:00;12232.614;12277.771;12228.893;12271.042;2.02358;GBR.IDXEUR
2026-07-14 10:00:00;12270.61;12284.221;12266.376;12278.309;1.69033;GBR.IDXEUR
2026-07-14 11:00:00;12277.722;12306.664;12264.769;12291.918;2.11517;GBR.IDXEUR
2026-07-14 12:00:00;12292.062;12327.302;12264.335;12296.407;3.58147;GBR.IDXEUR
2026-07-14 13:00:00;12296.407;12352.354;12283.458;12343.072;3.73283;GBR.IDXEUR
2026-07-14 14:00:00;12343.217;12362.623;12314.828;12322.736;3.36604;GBR.IDXEUR
2026-07-14 15:00:00;12323.025;12334.253;12294.764;12298.988;2.80102;GBR.IDXEUR
2026-07-14 16:00:00;12299.329;12311.563;12289.423;12303.412;1.127;GBR.IDXEUR
2026-07-14 17:00:00;12303.997;12309.14;12286.219;12293.737;0.83404;GBR.IDXEUR
2026-07-14 18:00:00;12294.186;12300.548;12285.039;12290.174;0.85492;GBR.IDXEUR
2026-07-14 19:00:00;12290.318;12301.931;12280.028;12287.838;0.96483;GBR.IDXEUR
2026-07-14 20:00:00;12287.838;12290.206;12284.345;12287.11;0.04817;GBR.IDXEUR
2026-07-14 22:00:00;12286.815;12297.471;12286.653;12292.124;0.044904;GBR.IDXEUR
2026-07-14 23:00:00;12292.035;12310.825;12291.343;12308.938;0.05088;GBR.IDXEUR
2026-07-15 00:00:00;12307.46;12313.179;12285.22;12297.838;0.435732;GBR.IDXEUR
2026-07-15 01:00:00;12298.428;12301.284;12284.947;12299.183;0.55665;GBR.IDXEUR
2026-07-15 02:00:00;12299.327;12303.361;12292.687;12296.299;0.3339;GBR.IDXEUR
2026-07-15 03:00:00;12296.443;12303.529;12293.587;12300.124;0.2874;GBR.IDXEUR
2026-07-15 04:00:00;12300.268;12302.167;12289.354;12293.289;0.2163;GBR.IDXEUR
2026-07-15 05:00:00;12293.433;12299.661;12279.438;12293.676;0.47565;GBR.IDXEUR
2026-07-15 06:00:00;12294.453;12298.872;12281.74;12288.997;0.6171;GBR.IDXEUR
2026-07-15 07:00:00;12289.211;12301.401;12252.555;12279.847;2.71479;GBR.IDXEUR
2026-07-15 08:00:00;12280.377;12329.562;12278.76;12316.685;1.85846;GBR.IDXEUR
2026-07-15 09:00:00;12315.788;12336.189;12309.944;12318.732;1.61723;GBR.IDXEUR
2026-07-15 10:00:00;12318.732;12337.198;12311.82;12320.464;1.51274;GBR.IDXEUR
2026-07-15 11:00:00;12320.799;12354.787;12313.721;12351.533;1.74279;GBR.IDXEUR
2026-07-15 12:00:00;12351.388;12372.018;12345.629;12360.557;2.12033;GBR.IDXEUR
2026-07-15 13:00:00;12360.557;12400.558;12352.181;12391.471;2.59376;GBR.IDXEUR
2026-07-15 14:00:00;12391.326;12408.088;12366.425;12401.222;2.94722;GBR.IDXEUR
2026-07-15 15:00:00;12401.076;12405.971;12381.403;12382.511;2.54947;GBR.IDXEUR
2026-07-15 16:00:00;12382.321;12384.749;12356.47;12374.299;1.44636;GBR.IDXEUR
2026-07-15 17:00:00;12374.445;12384.726;12372.358;12378.685;1.11447;GBR.IDXEUR
2026-07-15 18:00:00;12378.685;12389.797;12376.331;12382.374;0.9541;GBR.IDXEUR
2026-07-15 19:00:00;12382.52;12389.083;12371.754;12377.488;1.02747;GBR.IDXEUR
2026-07-15 20:00:00;12377.225;12379.829;12371.876;12377.205;0.03656;GBR.IDXEUR
2026-07-15 22:00:00;12379.102;12390.665;12379.102;12385.595;0.040896;GBR.IDXEUR
2026-07-15 23:00:00;12385.641;12390.515;12383.424;12383.424;0.044376;GBR.IDXEUR
2026-07-16 00:00:00;12380.068;12388.973;12352.568;12353.969;0.501528;GBR.IDXEUR
2026-07-16 01:00:00;12354.115;12356.19;12341.627;12342.532;0.53025;GBR.IDXEUR
2026-07-16 02:00:00;12343.227;12360.599;12335.321;12359.588;0.3861;GBR.IDXEUR
2026-07-16 03:00:00;12359.588;12382.298;12358.388;12382.134;0.294;GBR.IDXEUR
2026-07-16 04:00:00;12381.988;12382.72;12360.396;12360.687;0.2118;GBR.IDXEUR
2026-07-16 05:00:00;12361.642;12379.587;12355.247;12357.014;0.4257;GBR.IDXEUR
2026-07-16 06:00:00;12356.549;12365.205;12321.852;12357.578;0.5367;GBR.IDXEUR
2026-07-16 07:00:00;12357.724;12368.52;12329.685;12348.254;2.47749;GBR.IDXEUR
2026-07-16 08:00:00;12348.254;12369.376;12327.653;12357.364;2.07131;GBR.IDXEUR
2026-07-16 09:00:00;12357.636;12366.473;12339.916;12355.555;1.68345;GBR.IDXEUR
2026-07-16 10:00:00;12355.451;12368.811;12345.108;12356.678;1.56348;GBR.IDXEUR
2026-07-16 11:00:00;12356.824;12363.383;12314.814;12348.238;1.89759;GBR.IDXEUR
2026-07-16 12:00:00;12348.675;12367.828;12327.002;12330.552;2.46261;GBR.IDXEUR
2026-07-16 13:00:00;12331.18;12377.504;12322.265;12377.504;2.66385;GBR.IDXEUR
2026-07-16 14:00:00;12376.92;12420.551;12376.413;12409.103;2.4553;GBR.IDXEUR
2026-07-16 15:00:00;12408.681;12475.483;12407.325;12452.138;2.16849;GBR.IDXEUR
2026-07-16 16:00:00;12452.138;12462.897;12432.047;12461.8;1.02979;GBR.IDXEUR
2026-07-16 17:00:00;12461.946;12472.185;12455.311;12458.982;0.67628;GBR.IDXEUR
2026-07-16 18:00:00;12458.835;12464.979;12441.988;12450.456;0.69658;GBR.IDXEUR
2026-07-16 19:00:00;12450.456;12459.154;12433.097;12454.331;0.812;GBR.IDXEUR
2026-07-16 20:00:00;12454.185;12456.802;12447.993;12448.497;0.048904;GBR.IDXEUR
2026-07-16 22:00:00;12447.151;12449.996;12439.992;12441.944;0.045816;GBR.IDXEUR
2026-07-16 23:00:00;12442.237;12442.79;12432.103;12433.334;0.061392;GBR.IDXEUR
2026-07-17 00:00:00;12438.798;12442.381;12411.298;12424.789;0.56412;GBR.IDXEUR
2026-07-17 01:00:00;12425.081;12436.1;12399.462;12400.383;0.71055;GBR.IDXEUR
2026-07-17 02:00:00;12400.019;12406.889;12386.102;12395.484;0.4731;GBR.IDXEUR
2026-07-17 03:00:00;12395.484;12415.625;12383.899;12384.52;0.4368;GBR.IDXEUR
2026-07-17 04:00:00;12384.374;12385.697;12358.484;12370.964;0.45075;GBR.IDXEUR
2026-07-17 05:00:00;12370.819;12383.755;12362.695;12382.328;0.55425;GBR.IDXEUR
2026-07-17 06:00:00;12382.474;12417.352;12380.561;12414.11;0.6066;GBR.IDXEUR
2026-07-17 07:00:00;12414.11;12486.431;12409.569;12476.673;2.4589;GBR.IDXEUR
2026-07-17 08:00:00;12476.82;12495.0;12407.187;12408.497;2.83112;GBR.IDXEUR
2026-07-17 09:00:00;12408.788;12439.036;12387.658;12405.596;2.43939;GBR.IDXEUR
2026-07-17 10:00:00;12405.482;12435.266;12401.841;12409.255;2.03304;GBR.IDXEUR
2026-07-17 11:00:00;12409.039;12434.182;12391.135;12431.264;1.88039;GBR.IDXEUR
2026-07-17 12:00:00;12431.127;12437.447;12403.791;12421.211;1.91952;GBR.IDXEUR
2026-07-17 13:00:00;12421.503;12463.682;12375.095;12463.192;3.10503;GBR.IDXEUR
2026-07-17 14:00:00;12463.046;12466.366;12420.718;12433.449;2.88272;GBR.IDXEUR
2026-07-17 15:00:00;12433.449;12464.508;12416.338;12463.359;2.25234;GBR.IDXEUR
2026-07-17 16:00:00;12463.213;12463.694;12416.943;12424.035;1.24984;GBR.IDXEUR
2026-07-17 17:00:00;12424.181;12434.16;12409.248;12411.965;0.79141;GBR.IDXEUR
2026-07-17 18:00:00;12412.258;12414.693;12399.649;12411.222;0.75951;GBR.IDXEUR
2026-07-17 19:00:00;12411.075;12455.201;12389.8;12439.279;1.0382;GBR.IDXEUR
2026-07-17 20:00:00;12438.912;12438.912;12438.841;12438.841;0.00058;GBR.IDXEUR
2026-07-19 22:00:00;12432.045;12446.945;12422.086;12440.048;0.107664;GBR.IDXEUR
2026-07-19 23:00:00;12439.909;12449.36;12435.281;12449.36;0.0942;GBR.IDXEUR
2026-07-20 00:00:00;12418.855;12452.125;12413.076;12429.907;0.493386;GBR.IDXEUR
2026-07-20 01:00:00;12429.907;12448.967;12415.515;12423.868;0.7224;GBR.IDXEUR
2026-07-20 02:00:00;12423.868;12437.834;12411.393;12427.679;0.6255;GBR.IDXEUR
2026-07-20 03:00:00;12426.538;12434.888;12418.004;12427.348;0.4311;GBR.IDXEUR
2026-07-20 04:00:00;12428.086;12454.243;12419.444;12445.145;0.3405;GBR.IDXEUR
2026-07-20 05:00:00;12446.051;12450.063;12410.229;12414.929;0.4398;GBR.IDXEUR
2026-07-20 06:00:00;12415.075;12421.293;12404.537;12414.128;0.52845;GBR.IDXEUR
2026-07-20 07:00:00;12412.969;12450.669;12385.909;12441.339;2.57151;GBR.IDXEUR
2026-07-20 08:00:00;12441.485;12454.931;12423.811;12445.731;1.88598;GBR.IDXEUR
2026-07-20 09:00:00;12445.584;12453.701;12422.651;12437.934;1.62798;GBR.IDXEUR
2026-07-20 10:00:00;12438.081;12439.823;12412.935;12429.855;1.58713;GBR.IDXEUR
2026-07-20 11:00:00;12429.966;12484.712;12427.349;12466.797;1.88469;GBR.IDXEUR
2026-07-20 12:00:00;12466.651;12468.077;12415.835;12425.727;2.10829;GBR.IDXEUR
2026-07-20 13:00:00;12425.727;12446.569;12392.215;12407.158;2.40757;GBR.IDXEUR
2026-07-20 14:00:00;12406.797;12420.246;12388.893;12407.122;2.57914;GBR.IDXEUR
2026-07-20 15:00:00;12406.976;12407.198;12352.671;12374.902;2.61526;GBR.IDXEUR
2026-07-20 16:00:00;12374.902;12377.426;12338.44;12345.535;1.07269;GBR.IDXEUR
2026-07-20 17:00:00;12345.39;12353.224;12333.538;12339.636;0.78735;GBR.IDXEUR
2026-07-20 18:00:00;12339.636;12349.344;12315.24;12320.493;0.93902;GBR.IDXEUR
2026-07-20 19:00:00;12320.638;12329.202;12300.683;12311.806;1.02805;GBR.IDXEUR
2026-07-20 20:00:00;12311.661;12318.666;12306.513;12307.071;0.110936;GBR.IDXEUR
2026-07-20 22:00:00;12307.779;12308.517;12299.285;12301.498;0.050352;GBR.IDXEUR
2026-07-20 23:00:00;12301.812;12319.82;12300.72;12314.25;0.056832;GBR.IDXEUR
2026-07-21 00:00:00;12317.111;12322.6;12285.426;12311.924;0.439386;GBR.IDXEUR
2026-07-21 01:00:00;12311.567;12336.112;12304.664;12319.011;0.45675;GBR.IDXEUR
2026-07-21 02:00:00;12319.603;12331.681;12313.193;12331.58;0.33885;GBR.IDXEUR
2026-07-21 03:00:00;12331.989;12344.156;12331.699;12339.896;0.2238;GBR.IDXEUR
2026-07-21 04:00:00;12340.242;12342.659;12330.801;12331.88;0.19905;GBR.IDXEUR
2026-07-21 05:00:00;12332.025;12350.046;12320.473;12337.216;0.3159;GBR.IDXEUR
2026-07-21 06:00:00;12337.216;12352.979;12333.751;12350.211;0.4452;GBR.IDXEUR
2026-07-21 07:00:00;12349.71;12396.782;12331.779;12364.15;2.42333;GBR.IDXEUR
2026-07-21 08:00:00;12364.295;12392.389;12362.429;12383.705;1.83309;GBR.IDXEUR
2026-07-21 09:00:00;12383.996;12412.101;12381.187;12395.328;1.45125;GBR.IDXEUR
2026-07-21 10:00:00;12395.62;12416.606;12388.503;12390.777;1.4921;GBR.IDXEUR
2026-07-21 11:00:00;12391.068;12392.412;12363.655;12374.876;1.44136;GBR.IDXEUR
2026-07-21 12:00:00;12375.021;12380.919;12343.721;12365.468;1.98832;GBR.IDXEUR
2026-07-21 13:00:00;12365.758;12372.885;12308.659;12344.714;2.72792;GBR.IDXEUR
2026-07-21 14:00:00;12344.714;12407.112;12342.052;12386.56;2.56882;GBR.IDXEUR
2026-07-21 15:00:00;12386.85;12431.007;12376.582;12425.653;1.93629;GBR.IDXEUR
2026-07-21 16:00:00;12425.507;12442.954;12420.391;12441.285;0.63323;GBR.IDXEUR
2026-07-21 17:00:00;12441.431;12442.258;12429.895;12440.557;0.43674;GBR.IDXEUR
2026-07-21 18:00:00;12440.322;12454.719;12433.379;12451.536;0.50953;GBR.IDXEUR
2026-07-21 19:00:00;12451.682;12452.432;12435.634;12443.948;0.6032;GBR.IDXEUR
2026-07-21 20:00:00;12443.823;12445.47;12439.127;12442.442;0.071314;GBR.IDXEUR
2026-07-21 22:00:00;12436.067;12439.519;12431.904;12433.298;0.038376;GBR.IDXEUR
2026-07-21 23:00:00;12433.152;12436.598;12432.16;12436.047;0.04152;GBR.IDXEUR
2026-07-22 00:00:00;12433.16;12460.451;12430.102;12459.565;0.393198;GBR.IDXEUR
2026-07-22 01:00:00;12459.273;12468.957;12451.944;12464.472;0.42765;GBR.IDXEUR
2026-07-22 02:00:00;12464.276;12464.775;12451.728;12456.797;0.34095;GBR.IDXEUR
2026-07-22 03:00:00;12456.505;12458.37;12439.016;12444.486;0.27945;GBR.IDXEUR
2026-07-22 04:00:00;12444.119;12447.508;12433.99;12437.016;0.2328;GBR.IDXEUR
2026-07-22 05:00:00;12437.161;12446.204;12432.089;12439.29;0.3996;GBR.IDXEUR
2026-07-22 06:00:00;12439.29;12454.484;12413.637;12423.607;0.5718;GBR.IDXEUR
2026-07-22 07:00:00;12424.008;12443.92;12389.169;12441.425;2.51186;GBR.IDXEUR
2026-07-22 08:00:00;12440.828;12547.145;12438.009;12543.724;2.49486;GBR.IDXEUR
2026-07-22 09:00:00;12543.577;12579.779;12507.746;12521.491;2.22654;GBR.IDXEUR
2026-07-22 10:00:00;12521.637;12563.376;12516.744;12558.51;2.01412;GBR.IDXEUR
2026-07-22 11:00:00;12558.215;12574.333;12527.324;12563.776;2.11474;GBR.IDXEUR
2026-07-22 12:00:00;12563.776;12590.877;12559.545;12573.383;2.02573;GBR.IDXEUR
2026-07-22 13:00:00;12573.383;12616.461;12571.704;12605.004;2.58989;GBR.IDXEUR
2026-07-22 14:00:00;12605.152;12619.885;12580.705;12593.089;2.56839;GBR.IDXEUR
2026-07-22 15:00:00;12593.43;12595.348;12558.998;12573.72;1.99004;GBR.IDXEUR
2026-07-22 16:00:00;12573.868;12587.035;12562.817;12585.712;0.76489;GBR.IDXEUR
2026-07-22 17:00:00;12585.761;12592.586;12577.748;12588.309;0.6177;GBR.IDXEUR
2026-07-22 18:00:00;12588.755;12589.085;12570.562;12575.166;0.60523;GBR.IDXEUR
2026-07-22 19:00:00;12575.756;12576.773;12541.556;12552.286;0.61422;GBR.IDXEUR
2026-07-22 20:00:00;12552.433;12566.431;12547.217;12566.431;0.206228;GBR.IDXEUR
2026-07-22 22:00:00;12549.726;12552.237;12534.848;12540.408;0.06192;GBR.IDXEUR
2026-07-22 23:00:00;12540.5;12551.383;12535.786;12551.087;0.04932;GBR.IDXEUR
2026-07-23 00:00:00;12544.647;12575.772;12544.51;12571.42;0.363408;GBR.IDXEUR
2026-07-23 01:00:00;12571.42;12574.248;12548.426;12567.261;0.5307;GBR.IDXEUR
2026-07-23 02:00:00;12567.408;12572.174;12552.516;12559.825;0.3945;GBR.IDXEUR
2026-07-23 03:00:00;12559.825;12560.338;12540.976;12553.863;0.38895;GBR.IDXEUR
2026-07-23 04:00:00;12553.863;12553.863;12539.286;12543.259;0.34065;GBR.IDXEUR
2026-07-23 05:00:00;12543.168;12558.033;12534.214;12534.551;0.41175;GBR.IDXEUR
2026-07-23 06:00:00;12534.551;12541.964;12520.274;12541.243;0.44205;GBR.IDXEUR
2026-07-23 07:00:00;12541.975;12546.705;12466.948;12543.041;3.09013;GBR.IDXEUR
2026-07-23 08:00:00;12542.42;12555.342;12516.399;12538.577;2.21794;GBR.IDXEUR
2026-07-23 09:00:00;12538.724;12563.283;12524.753;12531.167;1.91522;GBR.IDXEUR
2026-07-23 10:00:00;12530.874;12560.172;12520.971;12552.429;1.77375;GBR.IDXEUR
2026-07-23 11:00:00;12552.576;12557.806;12506.733;12543.632;2.10657;GBR.IDXEUR
2026-07-23 12:00:00;12544.232;12545.141;12462.927;12468.227;2.64794;GBR.IDXEUR
2026-07-23 13:00:00;12468.52;12486.968;12433.063;12471.117;3.45806;GBR.IDXEUR
2026-07-23 14:00:00;12471.466;12496.906;12450.093;12474.549;3.2422;GBR.IDXEUR
2026-07-23 15:00:00;12474.695;12480.356;12426.161;12446.701;2.84316;GBR.IDXEUR
2026-07-23 16:00:00;12446.701;12463.012;12434.891;12441.412;1.12835;GBR.IDXEUR
2026-07-23 17:00:00;12441.12;12441.581;12413.547;12417.919;1.09649;GBR.IDXEUR
2026-07-23 18:00:00;12417.358;12420.911;12403.959;12406.444;0.74066;GBR.IDXEUR
2026-07-23 19:00:00;12406.444;12417.988;12398.004;12416.69;0.8149;GBR.IDXEUR
2026-07-23 20:00:00;12416.98;12425.669;12416.647;12422.692;0.183968;GBR.IDXEUR
2026-07-23 22:00:00;12423.359;12424.189;12415.185;12423.972;0.056064;GBR.IDXEUR
2026-07-23 23:00:00;12424.082;12424.213;12416.359;12421.741;0.06048;GBR.IDXEUR
2026-07-24 00:00:00;12419.096;12435.016;12402.56;12422.965;0.68307;GBR.IDXEUR
2026-07-24 01:00:00;12422.819;12427.64;12408.796;12412.228;0.59775;GBR.IDXEUR
2026-07-24 02:00:00;12412.373;12413.967;12386.206;12386.906;0.3861;GBR.IDXEUR
2026-07-24 03:00:00;12386.761;12404.033;12385.448;12392.968;0.40545;GBR.IDXEUR
2026-07-24 04:00:00;12392.968;12407.642;12388.722;12406.766;0.34425;GBR.IDXEUR
2026-07-24 05:00:00;12406.621;12424.1;12404.054;12408.879;0.4341;GBR.IDXEUR
2026-07-24 06:00:00;12408.734;12414.413;12376.586;12397.444;0.55395;GBR.IDXEUR
2026-07-24 07:00:00;12398.029;12496.482;12396.17;12488.884;2.45105;GBR.IDXEUR
2026-07-24 08:00:00;12488.591;12527.79;12481.446;12502.177;2.01842;GBR.IDXEUR
2026-07-24 09:00:00;12502.546;12510.535;12486.108;12491.065;1.70495;GBR.IDXEUR
2026-07-24 10:00:00;12490.845;12498.656;12480.454;12490.651;1.51532;GBR.IDXEUR
2026-07-24 11:00:00;12489.878;12502.769;12457.793;12498.808;1.67786;GBR.IDXEUR
2026-07-24 12:00:00;12498.662;12511.973;12485.812;12488.004;1.86405;GBR.IDXEUR
2026-07-24 13:00:00;12488.15;12555.967;12486.98;12538.683;2.38865;GBR.IDXEUR
2026-07-24 14:00:00;12539.064;12561.736;12531.679;12546.983;2.74598;GBR.IDXEUR
2026-07-24 15:00:00;12546.983;12595.424;12542.879;12574.987;2.48196;GBR.IDXEUR
2026-07-24 16:00:00;12575.135;12588.298;12561.332;12580.829;0.89868;GBR.IDXEUR
2026-07-24 17:00:00;12580.829;12593.868;12566.307;12585.101;0.85985;GBR.IDXEUR
2026-07-24 18:00:00;12584.953;12592.153;12562.823;12571.011;0.86884;GBR.IDXEUR
2026-07-24 19:00:00;12571.306;12573.534;12556.636;12564.002;1.03878;GBR.IDXEUR
2026-07-26 22:00:00;12628.89;12633.965;12619.058;12619.795;0.082032;GBR.IDXEUR
2026-07-26 23:00:00;12620.174;12638.741;12618.213;12637.573;0.060528;GBR.IDXEUR
2026-07-27 00:00:00;12609.637;12612.47;12557.329;12559.693;0.775794;GBR.IDXEUR
2026-07-27 01:00:00;12559.546;12575.099;12550.213;12573.329;0.8001;GBR.IDXEUR
2026-07-27 02:00:00;12573.476;12581.798;12568.502;12580.985;0.5178;GBR.IDXEUR
2026-07-27 03:00:00;12580.838;12592.696;12573.346;12578.328;0.3963;GBR.IDXEUR
2026-07-27 04:00:00;12578.934;12595.221;12575.551;12593.06;0.36165;GBR.IDXEUR
2026-07-27 05:00:00;12593.207;12612.875;12592.349;12605.911;0.33405;GBR.IDXEUR
2026-07-27 06:00:00;12606.059;12681.079;12606.059;12653.438;0.5265;GBR.IDXEUR
2026-07-27 07:00:00;12652.856;12665.291;12601.956;12606.262;2.8696;GBR.IDXEUR
2026-07-27 08:00:00;12606.262;12621.166;12583.006;12618.44;2.16677;GBR.IDXEUR
2026-07-27 09:00:00;12618.44;12624.832;12602.227;12606.68;1.66367;GBR.IDXEUR
2026-07-27 10:00:00;12606.532;12630.733;12602.663;12624.819;1.64131;GBR.IDXEUR
2026-07-27 11:00:00;12624.819;12637.799;12617.483;12626.783;1.63787;GBR.IDXEUR
2026-07-27 12:00:00;12626.429;12635.098;12599.285;12606.744;1.81718;GBR.IDXEUR
2026-07-27 13:00:00;12606.892;12660.472;12602.576;12636.92;2.74856;GBR.IDXEUR
2026-07-27 14:00:00;12636.481;12665.457;12632.131;12657.207;2.97044;GBR.IDXEUR
2026-07-27 15:00:00;12657.228;12657.376;12598.53;12605.512;2.51851;GBR.IDXEUR
2026-07-27 16:00:00;12605.659;12618.687;12585.793;12587.519;1.39148;GBR.IDXEUR
2026-07-27 17:00:00;12587.777;12590.816;12572.437;12587.917;0.96628;GBR.IDXEUR
2026-07-27 18:00:00;12588.064;12608.722;12576.779;12607.088;0.84477;GBR.IDXEUR
2026-07-27 19:00:00;12607.382;12622.289;12602.278;12615.973;0.7337;GBR.IDXEUR
2026-07-27 20:00:00;12615.912;12618.804;12608.112;12611.448;0.040928;GBR.IDXEUR
2026-07-27 22:00:00;12622.101;12622.101;12610.8;12611.408;0.04608;GBR.IDXEUR
2026-07-27 23:00:00;12611.483;12617.146;12606.869;12615.311;0.061872;GBR.IDXEUR
2026-07-28 00:00:00;12611.516;12614.981;12581.341;12586.005;0.415728;GBR.IDXEUR
2026-07-28 01:00:00;12585.858;12594.204;12572.639;12576.421;0.38895;GBR.IDXEUR
2026-07-28 02:00:00;12576.715;12592.301;12574.461;12582.811;0.3606;GBR.IDXEUR
2026-07-28 03:00:00;12583.399;12618.542;12578.146;12616.911;0.45255;GBR.IDXEUR
2026-07-28 04:00:00;12615.401;12616.6;12597.288;12600.551;0.3369;GBR.IDXEUR
2026-07-28 05:00:00;12600.846;12608.202;12580.062;12591.659;0.3711;GBR.IDXEUR
2026-07-28 06:00:00;12591.886;12668.584;12591.886;12635.775;0.50655;GBR.IDXEUR
2026-07-28 07:00:00;12635.022;12658.879;12594.593;12626.105;2.53683;GBR.IDXEUR
2026-07-28 08:00:00;12626.548;12680.043;12613.362;12667.431;2.12033;GBR.IDXEUR
2026-07-28 09:00:00;12667.579;12692.053;12665.687;12686.477;1.49898;GBR.IDXEUR
2026-07-28 10:00:00;12686.098;12695.561;12657.67;12667.253;1.66969;GBR.IDXEUR
2026-07-28 11:00:00;12667.472;12680.864;12645.739;12651.831;2.02186;GBR.IDXEUR
2026-07-28 12:00:00;12651.978;12676.076;12644.633;12646.72;1.7587;GBR.IDXEUR
2026-07-28 13:00:00;12645.515;12701.86;12635.659;12698.385;2.41015;GBR.IDXEUR
2026-07-28 14:00:00;12698.534;12723.779;12679.046;12680.276;2.68793;GBR.IDXEUR
2026-07-28 15:00:00;12680.868;12729.78;12669.846;12727.527;2.46476;GBR.IDXEUR
2026-07-28 16:00:00;12727.583;12738.086;12708.815;12736.32;0.87195;GBR.IDXEUR
2026-07-28 17:00:00;12736.022;12741.477;12704.905;12711.238;0.71804;GBR.IDXEUR
2026-07-28 18:00:00;12711.386;12725.016;12708.017;12720.386;0.65917;GBR.IDXEUR
2026-07-28 19:00:00;12720.535;12733.893;12712.838;12713.647;0.67802;GBR.IDXEUR
2026-07-28 20:00:00;12713.997;12716.698;12707.091;12715.424;0.055968;GBR.IDXEUR
2026-07-28 22:00:00;12712.872;12721.417;12700.581;12701.86;0.100608;GBR.IDXEUR
2026-07-28 23:00:00;12702.008;12746.005;12698.569;12744.083;0.118872;GBR.IDXEUR
2026-07-29 00:00:00;12729.249;12731.191;12704.319;12705.62;0.537858;GBR.IDXEUR
2026-07-29 01:00:00;12705.768;12708.949;12666.379;12666.379;0.7314;GBR.IDXEUR
2026-07-29 02:00:00;12666.231;12687.533;12662.182;12676.736;0.65745;GBR.IDXEUR
2026-07-29 03:00:00;12676.496;12679.555;12643.236;12648.996;0.4599;GBR.IDXEUR
2026-07-29 04:00:00;12648.996;12655.008;12626.988;12653.091;0.54855;GBR.IDXEUR
2026-07-29 05:00:00;12653.091;12686.792;12647.348;12686.792;0.4887;GBR.IDXEUR
2026-07-29 06:00:00;12686.94;12736.317;12679.225;12724.294;0.4857;GBR.IDXEUR
2026-07-29 07:00:00;12724.647;12780.256;12724.647;12747.873;2.55798;GBR.IDXEUR
2026-07-29 08:00:00;12747.463;12751.892;12696.404;12705.244;2.25277;GBR.IDXEUR
2026-07-29 09:00:00;12705.392;12709.769;12680.609;12694.08;1.79998;GBR.IDXEUR
2026-07-29 10:00:00;12695.024;12728.411;12687.643;12712.634;1.73333;GBR.IDXEUR
2026-07-29 11:00:00;12712.782;12738.416;12708.824;12732.57;1.59229;GBR.IDXEUR
2026-07-29 12:00:00;12732.354;12740.83;12692.354;12732.073;2.25277;GBR.IDXEUR
2026-07-29 13:00:00;12732.073;12734.708;12707.476;12720.139;2.59591;GBR.IDXEUR
2026-07-29 14:00:00;12720.288;12731.655;12691.555;12700.893;2.84144;GBR.IDXEUR
2026-07-29 15:00:00;12700.745;12742.716;12696.581;12719.006;2.37059;GBR.IDXEUR
2026-07-29 16:00:00;12719.303;12724.859;12690.24;12700.588;1.02459;GBR.IDXEUR
2026-07-29 17:00:00;12700.822;12716.887;12695.087;12700.125;1.03298;GBR.IDXEUR
2026-07-29 18:00:00;12705.103;12750.467;12692.122;12741.557;2.85853;GBR.IDXEUR
2026-07-29 19:00:00;12741.854;12744.46;12615.116;12626.682;2.85128;GBR.IDXEUR
2026-07-29 20:00:00;12626.919;12631.143;12604.109;12612.543;0.12112;GBR.IDXEUR
2026-07-29 22:00:00;12615.866;12654.005;12615.866;12646.871;0.134184;GBR.IDXEUR
2026-07-29 23:00:00;12647.087;12660.853;12646.801;12658.007;0.12;GBR.IDXEUR
2026-07-30 00:00:00;12646.304;12662.2;12619.095;12626.636;0.697542;GBR.IDXEUR
2026-07-30 01:00:00;12626.931;12660.895;12626.931;12648.853;0.6048;GBR.IDXEUR
2026-07-30 02:00:00;12649.203;12656.366;12618.281;12618.881;0.4203;GBR.IDXEUR
2026-07-30 03:00:00;12618.881;12623.109;12594.275;12606.052;0.5484;GBR.IDXEUR
2026-07-30 04:00:00;12606.199;12607.036;12585.645;12586.374;0.4827;GBR.IDXEUR
2026-07-30 05:00:00;12586.227;12622.007;12576.118;12610.116;0.5793;GBR.IDXEUR
2026-07-30 06:00:00;12610.263;12687.441;12603.904;12679.391;0.6501;GBR.IDXEUR
2026-07-30 07:00:00;12680.019;12780.972;12644.566;12764.085;3.22234;GBR.IDXEUR
2026-07-30 08:00:00;12764.085;12808.81;12750.883;12770.882;2.69008;GBR.IDXEUR
2026-07-30 09:00:00;12771.031;12813.229;12758.792;12758.853;2.19816;GBR.IDXEUR
2026-07-30 10:00:00;12758.965;12767.267;12727.999;12738.578;2.7133;GBR.IDXEUR
2026-07-30 11:00:00;12737.725;12787.404;12730.208;12770.07;2.25492;GBR.IDXEUR
2026-07-30 12:00:00;12770.219;12793.221;12755.511;12767.632;2.63203;GBR.IDXEUR
2026-07-30 13:00:00;12768.385;12799.318;12745.548;12756.931;4.03813;GBR.IDXEUR
2026-07-30 14:00:00;12757.234;12763.157;12738.459;12755.798;4.56488;GBR.IDXEUR
2026-07-30 15:00:00;12755.239;12760.893;12703.759;12756.424;3.01989;GBR.IDXEUR
2026-07-30 16:00:00;12756.623;12768.49;12748.019;12757.738;1.17475;GBR.IDXEUR
2026-07-30 17:00:00;12759.406;12774.536;12753.691;12753.691;1.22641;GBR.IDXEUR
2026-07-30 18:00:00;12753.84;12763.696;12745.266;12762.696;0.72355;GBR.IDXEUR
2026-07-30 19:00:00;12762.696;12787.962;12762.398;12777.473;0.79344;GBR.IDXEUR
2026-07-30 20:00:00;12777.175;12798.166;12777.175;12788.378;0.088214;GBR.IDXEUR
2026-07-30 22:00:00;12773.239;12787.121;12771.317;12785.988;0.08556;GBR.IDXEUR
2026-07-30 23:00:00;12786.137;12792.514;12782.396;12789.77;0.0798;GBR.IDXEUR
2026-07-31 00:00:00;12787.108;12788.329;12750.799;12761.084;0.505206;GBR.IDXEUR
2026-07-31 01:00:00;12761.383;12768.179;12744.467;12756.767;0.4854;GBR.IDXEUR
2026-07-31 02:00:00;12756.767;12775.636;12750.812;12774.969;0.3825;GBR.IDXEUR
2026-07-31 03:00:00;12773.797;12782.476;12760.015;12772.665;0.39915;GBR.IDXEUR
2026-07-31 04:00:00;12772.814;12791.988;12767.915;12790.062;0.2991;GBR.IDXEUR
2026-07-31 05:00:00;12790.309;12791.281;12775.526;12789.439;0.33645;GBR.IDXEUR
2026-07-31 06:00:00;12789.888;12792.108;12725.466;12726.581;0.58425;GBR.IDXEUR
2026-07-31 07:00:00;12725.787;12840.176;12706.177;12833.111;2.81068;GBR.IDXEUR
2026-07-31 08:00:00;12833.261;12840.237;12803.767;12833.859;2.47336;GBR.IDXEUR
2026-07-31 09:00:00;12834.609;12837.019;12798.366;12799.988;2.45573;GBR.IDXEUR
2026-07-31 10:00:00;12800.137;12813.328;12777.916;12778.559;1.85975;GBR.IDXEUR
2026-07-31 11:00:00;12778.216;12783.609;12746.174;12754.685;2.13968;GBR.IDXEUR
2026-07-31 12:00:00;12754.437;12765.458;12738.335;12740.264;2.13237;GBR.IDXEUR
2026-07-31 13:00:00;12740.561;12751.635;12701.392;12701.836;3.60254;GBR.IDXEUR
2026-07-31 14:00:00;12701.836;12736.229;12661.498;12736.176;4.03039;GBR.IDXEUR
2026-07-31 15:00:00;12736.027;12748.329;12704.05;12723.401;3.15792;GBR.IDXEUR
2026-07-31 16:00:00;12724.198;12729.032;12708.067;12717.159;1.14253;GBR.IDXEUR
2026-07-31 17:00:00;12717.01;12731.646;12711.1;12713.989;1.27861;GBR.IDXEUR
2026-07-31 18:00:00;12713.84;12727.097;12709.193;12711.615;0.89349;GBR.IDXEUR
2026-07-31 19:00:00;12711.318;12734.503;12699.821;12704.759;0.98223;GBR.IDXEUR
2026-07-31 20:00:00;12704.759;12705.124;12704.759;12705.124;0.00058;GBR.IDXEUR
2026-08-02 22:00:00;12743.411;12747.33;12735.502;12736.918;0.10368;GBR.IDXEUR
2026-08-02 23:00:00;12736.918;12746.639;12735.147;12741.771;0.09696;GBR.IDXEUR
2026-08-03 00:00:00;12717.132;12751.222;12706.415;12748.862;0.75525;GBR.IDXEUR
2026-08-03 01:00:00;12749.017;12751.383;12726.338;12750.587;0.5454;GBR.IDXEUR
2026-08-03 02:00:00;12750.587;12751.961;12731.594;12736.211;0.35115;GBR.IDXEUR
2026-08-03 03:00:00;12736.6;12756.064;12735.909;12745.196;0.2805;GBR.IDXEUR
2026-08-03 04:00:00;12745.048;12753.945;12743.327;12744.973;0.2103;GBR.IDXEUR
2026-08-03 05:00:00;12746.714;12751.318;12733.403;12734.15;0.2412;GBR.IDXEUR
2026-08-03 06:00:00;12734.15;12739.08;12686.613;12691.302;0.4707;GBR.IDXEUR
2026-08-03 07:00:00;12690.962;12709.084;12659.43;12707.102;2.81119;GBR.IDXEUR
2026-08-03 08:00:00;12707.343;12713.184;12669.712;12683.622;2.19988;GBR.IDXEUR
2026-08-03 09:00:00;12683.326;12692.021;12670.327;12674.452;1.6856;GBR.IDXEUR
2026-08-03 10:00:00;12674.088;12696.636;12668.037;12693.055;1.62841;GBR.IDXEUR
2026-08-03 11:00:00;12692.907;12732.621;12688.661;12721.953;1.60132;GBR.IDXEUR
2026-08-03 12:00:00;12722.102;12722.347;12676.359;12694.498;1.78579;GBR.IDXEUR
2026-08-03 13:00:00;12694.646;12700.953;12652.944;12659.771;2.77608;GBR.IDXEUR
2026-08-03 14:00:00;12659.033;12690.966;12644.816;12652.506;3.02075;GBR.IDXEUR
2026-08-03 15:00:00;12652.358;12695.978;12645.832;12678.15;2.34909;GBR.IDXEUR
2026-08-03 16:00:00;12678.446;12679.775;12646.24;12655.166;0.75671;GBR.IDXEUR
2026-08-03 17:00:00;12655.461;12666.568;12651.09;12664.136;0.51301;GBR.IDXEUR
2026-08-03 18:00:00;12664.743;12684.041;12661.221;12667.662;0.64873;GBR.IDXEUR
2026-08-03 19:00:00;12667.958;12689.015;12667.958;12682.888;0.50605;GBR.IDXEUR
2026-08-03 20:00:00;12682.888;12689.921;12682.188;12689.297;0.105654;GBR.IDXEUR
2026-08-03 22:00:00;12687.386;12693.402;12687.196;12692.087;0.045024;GBR.IDXEUR
2026-08-03 23:00:00;12691.939;12692.465;12687.935;12690.615;0.041328;GBR.IDXEUR
2026-08-04 00:00:00;12694.123;12697.271;12675.746;12679.774;0.432384;GBR.IDXEUR
2026-08-04 01:00:00;12680.708;12701.836;12675.823;12699.183;0.4515;GBR.IDXEUR
2026-08-04 02:00:00;12698.886;12701.671;12686.347;12697.198;0.4092;GBR.IDXEUR
2026-08-04 03:00:00;12697.346;12702.169;12692.086;12696.091;0.34485;GBR.IDXEUR
2026-08-04 04:00:00;12695.942;12705.957;12689.701;12690.737;0.243;GBR.IDXEUR
2026-08-04 05:00:00;12690.737;12699.364;12682.779;12696.892;0.3321;GBR.IDXEUR
2026-08-04 06:00:00;12696.892;12716.725;12688.711;12702.025;0.39435;GBR.IDXEUR
2026-08-04 07:00:00;12700.737;12757.431;12683.845;12732.613;2.61537;GBR.IDXEUR
2026-08-04 08:00:00;12731.421;12733.268;12707.873;12718.458;2.04121;GBR.IDXEUR
2026-08-04 09:00:00;12718.937;12726.78;12705.3;12716.278;1.52994;GBR.IDXEUR
2026-08-04 10:00:00;12716.427;12732.077;12698.695;12719.283;1.81417;GBR.IDXEUR
2026-08-04 11:00:00;12719.534;12751.461;12715.355;12742.005;2.08335;GBR.IDXEUR
2026-08-04 12:00:00;12742.49;12744.464;12714.823;12715.587;2.01885;GBR.IDXEUR
2026-08-04 13:00:00;12715.735;12746.593;12694.617;12709.266;2.8337;GBR.IDXEUR
2026-08-04 14:00:00;12708.822;12729.522;12693.262;12724.358;2.60279;GBR.IDXEUR
2026-08-04 15:00:00;12724.358;12725.337;12699.934;12713.285;2.06658;GBR.IDXEUR
2026-08-04 16:00:00;12712.989;12742.976;12712.143;12737.525;0.73535;GBR.IDXEUR
2026-08-04 17:00:00;12737.673;12737.673;12716.398;12720.782;0.62118;GBR.IDXEUR
2026-08-04 18:00:00;12720.411;12732.715;12719.149;12724.543;0.63655;GBR.IDXEUR
2026-08-04 19:00:00;12724.84;12733.257;12707.65;12708.226;0.68962;GBR.IDXEUR
2026-08-04 20:00:00;12708.078;12723.445;12706.905;12717.215;0.074148;GBR.IDXEUR
2026-08-04 22:00:00;12718.445;12729.4;12714.778;12726.205;0.060792;GBR.IDXEUR
2026-08-04 23:00:00;12726.056;12731.514;12724.441;12728.262;0.049968;GBR.IDXEUR
2026-08-05 00:00:00;12723.236;12736.682;12718.757;12723.388;0.30042;GBR.IDXEUR
2026-08-05 01:00:00;12723.024;12740.184;12711.871;12739.817;0.2886;GBR.IDXEUR
2026-08-05 02:00:00;12740.184;12748.274;12733.373;12734.471;0.38625;GBR.IDXEUR
2026-08-05 03:00:00;12734.323;12748.54;12733.397;12747.074;0.2247;GBR.IDXEUR
2026-08-05 04:00:00;12746.926;12751.436;12737.204;12738.024;0.21315;GBR.IDXEUR
2026-08-05 05:00:00;12737.801;12741.153;12727.65;12736.742;0.24825;GBR.IDXEUR
2026-08-05 06:00:00;12736.547;12748.547;12724.519;12726.463;0.42195;GBR.IDXEUR
2026-08-05 07:00:00;12726.908;12765.993;12722.304;12732.171;2.53846;GBR.IDXEUR
2026-08-05 08:00:00;12732.617;12734.194;12698.387;12705.95;2.09195;GBR.IDXEUR
2026-08-05 09:00:00;12705.801;12718.208;12700.201;12703.681;1.64131;GBR.IDXEUR
2026-08-05 10:00:00;12703.829;12721.061;12651.447;12663.715;1.85846;GBR.IDXEUR
2026-08-05 11:00:00;12664.041;12684.819;12649.834;12677.551;1.97972;GBR.IDXEUR
2026-08-05 12:00:00;12677.255;12780.32;12677.255;12766.624;2.3951;GBR.IDXEUR
2026-08-05 13:00:00;12766.773;12771.301;12710.416;12731.323;2.84101;GBR.IDXEUR
2026-08-05 14:00:00;12730.538;12749.407;12717.093;12725.311;2.83929;GBR.IDXEUR
2026-08-05 15:00:00;12724.942;12738.169;12695.452;12696.028;2.30523;GBR.IDXEUR
2026-08-05 16:00:00;12696.324;12718.314;12693.97;12707.82;1.00043;GBR.IDXEUR
2026-08-05 17:00:00;12707.82;12717.412;12702.394;12713.175;0.61509;GBR.IDXEUR
2026-08-05 18:00:00;12713.175;12716.52;12700.068;12700.798;0.57594;GBR.IDXEUR
2026-08-05 19:00:00;12700.501;12706.799;12684.772;12690.58;0.59711;GBR.IDXEUR
2026-08-05 20:00:00;12690.58;12700.526;12688.951;12699.931;0.205232;GBR.IDXEUR
2026-08-05 22:00:00;12674.276;12689.669;12672.839;12683.962;0.066912;GBR.IDXEUR
2026-08-05 23:00:00;12684.068;12687.678;12680.629;12680.886;0.054744;GBR.IDXEUR
2026-08-06 00:00:00;12682.158;12698.938;12680.205;12685.352;0.302634;GBR.IDXEUR
2026-08-06 01:00:00;12684.995;12691.429;12671.917;12675.203;0.3195;GBR.IDXEUR
2026-08-06 02:00:00;12675.203;12689.835;12673.728;12689.411;0.2172;GBR.IDXEUR
2026-08-06 03:00:00;12689.411;12697.06;12689.25;12692.674;0.2139;GBR.IDXEUR
2026-08-06 04:00:00;12693.497;12696.695;12679.345;12687.706;0.1578;GBR.IDXEUR
2026-08-06 05:00:00;12688.001;12693.378;12676.008;12693.11;0.2136;GBR.IDXEUR
2026-08-06 06:00:00;12693.11;12724.07;12685.99;12703.976;0.39165;GBR.IDXEUR
2026-08-06 07:00:00;12704.609;12744.925;12703.086;12730.443;2.36179;GBR.IDXEUR
2026-08-06 08:00:00;12730.443;12757.26;12703.159;12755.135;1.83524;GBR.IDXEUR
2026-08-06 09:00:00;12755.061;12767.473;12726.401;12740.475;1.60648;GBR.IDXEUR
2026-08-06 10:00:00;12740.475;12754.478;12717.391;12721.675;1.45254;GBR.IDXEUR
2026-08-06 11:00:00;12721.824;12726.076;12704.02;12719.013;1.58971;GBR.IDXEUR
2026-08-06 12:00:00;12719.161;12735.667;12710.92;12734.99;1.55015;GBR.IDXEUR
2026-08-06 13:00:00;12734.693;12741.92;12684.353;12690.011;2.23901;GBR.IDXEUR
2026-08-06 14:00:00;12690.376;12718.133;12686.545;12703.355;2.31512;GBR.IDXEUR
2026-08-06 15:00:00;12702.757;12711.525;12689.071;12691.528;2.04637;GBR.IDXEUR
2026-08-06 16:00:00;12691.616;12694.394;12673.973;12687.476;0.79471;GBR.IDXEUR
2026-08-06 17:00:00;12687.959;12689.957;12673.887;12677.622;0.55013;GBR.IDXEUR
2026-08-06 18:00:00;12678.192;12687.87;12674.312;12685.926;0.38454;GBR.IDXEUR
2026-08-06 19:00:00;12686.223;12690.687;12670.912;12678.728;0.63742;GBR.IDXEUR
2026-08-06 20:00:00;12679.518;12685.381;12678.385;12682.488;0.12136;GBR.IDXEUR
2026-08-06 22:00:00;12678.688;12685.012;12671.791;12681.73;0.040536;GBR.IDXEUR
2026-08-06 23:00:00;12681.656;12685.649;12680.742;12683.907;0.044208;GBR.IDXEUR
2026-08-07 00:00:00;12679.278;12681.418;12660.105;12674.255;0.426954;GBR.IDXEUR
2026-08-07 01:00:00;12674.616;12680.961;12659.683;12663.994;0.5199;GBR.IDXEUR
2026-08-07 02:00:00;12664.193;12673.68;12657.248;12669.738;0.33315;GBR.IDXEUR
2026-08-07 03:00:00;12669.886;12673.452;12666.599;12672.941;0.25515;GBR.IDXEUR
2026-08-07 04:00:00;12673.237;12677.745;12666.225;12671.355;0.2757;GBR.IDXEUR
2026-08-07 05:00:00;12671.355;12680.927;12669.92;12679.7;0.27735;GBR.IDXEUR
2026-08-07 06:00:00;12680.12;12711.106;12677.734;12699.008;0.3732;GBR.IDXEUR
2026-08-07 07:00:00;12699.008;12724.186;12691.957;12703.679;2.12086;GBR.IDXEUR
2026-08-07 08:00:00;12703.679;12709.77;12692.059;12704.008;1.57896;GBR.IDXEUR
2026-08-07 09:00:00;12703.86;12746.029;12690.281;12744.725;1.55445;GBR.IDXEUR
2026-08-07 10:00:00;12744.46;12769.662;12734.036;12767.404;1.28312;GBR.IDXEUR
2026-08-07 11:00:00;12767.994;12779.062;12759.609;12770.019;1.15154;GBR.IDXEUR
2026-08-07 12:00:00;12770.019;12776.443;12755.558;12758.568;3.00398;GBR.IDXEUR
2026-08-07 13:00:00;12758.717;12762.388;12729.378;12742.409;2.73781;GBR.IDXEUR
2026-08-07 14:00:00;12742.609;12759.312;12729.167;12751.681;2.67417;GBR.IDXEUR
2026-08-07 15:00:00;12751.681;12752.391;12712.374;12715.311;1.98445;GBR.IDXEUR
2026-08-07 16:00:00;12715.551;12726.711;12707.267;12716.436;0.96551;GBR.IDXEUR
2026-08-07 17:00:00;12716.287;12719.215;12711.447;12714.1;0.4698;GBR.IDXEUR
2026-08-07 18:00:00;12714.327;12714.762;12697.17;12703.846;0.42572;GBR.IDXEUR
2026-08-07 19:00:00;12703.642;12726.874;12703.408;12718.387;0.88653;GBR.IDXEUR
2026-08-07 20:00:00;12718.09;12718.09;12718.09;12718.09;0.00029;GBR.IDXEUR
2026-08-09 22:00:00;12709.936;12711.411;12699.122;12706.893;0.062976;GBR.IDXEUR
2026-08-09 23:00:00;12706.745;12711.524;12705.45;12708.007;0.052728;GBR.IDXEUR
2026-08-10 00:00:00;12711.167;12711.212;12679.367;12680.476;0.398082;GBR.IDXEUR
2026-08-10 01:00:00;12680.267;12690.375;12673.55;12679.235;0.3951;GBR.IDXEUR
2026-08-10 02:00:00;12679.235;12682.579;12667.562;12669.73;0.20115;GBR.IDXEUR
2026-08-10 03:00:00;12668.913;12683.049;12668.913;12681.723;0.1821;GBR.IDXEUR
2026-08-10 04:00:00;12681.279;12688.347;12678.703;12686.643;0.1611;GBR.IDXEUR
2026-08-10 05:00:00;12686.495;12701.177;12685.606;12695.499;0.21405;GBR.IDXEUR
2026-08-10 06:00:00;12695.351;12714.032;12672.004;12712.889;0.3171;GBR.IDXEUR
2026-08-10 07:00:00;12713.186;12729.962;12698.08;12705.112;1.73323;GBR.IDXEUR
2026-08-10 08:00:00;12705.112;12714.052;12695.014;12700.323;1.25474;GBR.IDXEUR
2026-08-10 09:00:00;12700.694;12705.569;12682.229;12702.374;1.05952;GBR.IDXEUR
2026-08-10 10:00:00;12702.374;12707.384;12690.644;12696.052;0.99459;GBR.IDXEUR
2026-08-10 11:00:00;12696.201;12722.813;12692.561;12715.723;1.03673;GBR.IDXEUR
2026-08-10 12:00:00;12715.872;12716.895;12684.449;12691.018;1.25646;GBR.IDXEUR
2026-08-10 13:00:00;12691.166;12701.729;12665.468;12676.845;2.15516;GBR.IDXEUR
2026-08-10 14:00:00;12676.845;12717.018;12671.263;12714.862;2.07174;GBR.IDXEUR
2026-08-10 15:00:00;12714.713;12728.731;12698.288;12701.279;1.64303;GBR.IDXEUR
2026-08-10 16:00:00;12701.428;12708.83;12695.274;12702.666;0.69675;GBR.IDXEUR
2026-08-10 17:00:00;12702.666;12703.765;12692.21;12699.113;0.46313;GBR.IDXEUR
2026-08-10 18:00:00;12699.267;12710.234;12699.267;12707.868;0.39788;GBR.IDXEUR
2026-08-10 19:00:00;12707.868;12716.211;12702.397;12709.166;0.406;GBR.IDXEUR
2026-08-10 20:00:00;12709.375;12710.027;12706.121;12706.121;0.029976;GBR.IDXEUR
2026-08-10 22:00:00;12708.164;12709.869;12702.227;12704.775;0.028488;GBR.IDXEUR
2026-08-10 23:00:00;12704.885;12705.246;12698.096;12700.524;0.03048;GBR.IDXEUR
2026-08-11 00:00:00;12697.94;12721.79;12695.138;12703.525;0.262548;GBR.IDXEUR
2026-08-11 01:00:00;12703.376;12722.662;12695.148;12716.344;0.34635;GBR.IDXEUR
2026-08-11 02:00:00;12716.922;12724.911;12711.535;12713.194;0.2523;GBR.IDXEUR
2026-08-11 03:00:00;12713.342;12721.568;12710.549;12710.871;0.1956;GBR.IDXEUR
2026-08-11 04:00:00;12710.871;12722.718;12709.805;12713.963;0.22755;GBR.IDXEUR
2026-08-11 05:00:00;12713.963;12722.025;12703.394;12712.286;0.26085;GBR.IDXEUR
2026-08-11 06:00:00;12712.434;12717.571;12686.641;12710.493;0.41325;GBR.IDXEUR
2026-08-11 07:00:00;12712.97;12731.369;12676.772;12681.032;1.99982;GBR.IDXEUR
2026-08-11 08:00:00;12681.301;12696.108;12669.37;12678.464;1.5308;GBR.IDXEUR
2026-08-11 09:00:00;12678.316;12704.945;12674.081;12701.971;1.18852;GBR.IDXEUR
2026-08-11 10:00:00;12702.585;12723.151;12691.54;12720.911;1.32182;GBR.IDXEUR
2026-08-11 11:00:00;12719.174;12729.038;12698.036;12713.863;1.72387;GBR.IDXEUR
2026-08-11 12:00:00;12714.161;12732.415;12707.169;12725.014;1.41642;GBR.IDXEUR
2026-08-11 13:00:00;12725.393;12745.255;12708.034;12722.36;1.97241;GBR.IDXEUR
2026-08-11 14:00:00;12723.877;12727.098;12698.948;12702.415;1.92468;GBR.IDXEUR
2026-08-11 15:00:00;12702.563;12711.477;12688.498;12696.408;1.83997;GBR.IDXEUR
2026-08-11 16:00:00;12696.408;12702.715;12681.593;12682.623;0.69757;GBR.IDXEUR
2026-08-11 17:00:00;12682.623;12685.108;12662.732;12665.351;0.57217;GBR.IDXEUR
2026-08-11 18:00:00;12664.997;12666.363;12647.329;12659.003;0.57739;GBR.IDXEUR
2026-08-11 19:00:00;12659.151;12673.65;12658.765;12666.25;0.51736;GBR.IDXEUR
2026-08-11 20:00:00;12665.679;12667.094;12662.36;12666.495;0.033342;GBR.IDXEUR
2026-08-11 22:00:00;12671.228;12676.112;12666.987;12672.836;0.033288;GBR.IDXEUR
2026-08-11 23:00:00;12672.946;12675.09;12671.365;12671.602;0.030888;GBR.IDXEUR
2026-08-12 00:00:00;12658.288;12675.861;12657.48;12672.122;0.23466;GBR.IDXEUR
2026-08-12 01:00:00;12671.547;12676.174;12662.212;12664.568;0.26595;GBR.IDXEUR
2026-08-12 02:00:00;12664.716;12666.008;12660.645;12665.348;0.1986;GBR.IDXEUR
2026-08-12 03:00:00;12665.348;12670.859;12664.108;12670.859;0.14955;GBR.IDXEUR
2026-08-12 04:00:00;12670.563;12678.887;12669.981;12677.122;0.12105;GBR.IDXEUR
2026-08-12 05:00:00;12677.484;12677.484;12669.071;12669.564;0.1701;GBR.IDXEUR
2026-08-12 06:00:00;12670.497;12691.585;12667.339;12691.06;0.3372;GBR.IDXEUR
2026-08-12 07:00:00;12691.506;12704.271;12668.628;12672.916;1.49811;GBR.IDXEUR
2026-08-12 08:00:00;12672.916;12693.842;12669.863;12693.019;1.29731;GBR.IDXEUR
2026-08-12 09:00:00;12693.105;12723.375;12689.366;12716.641;1.65249;GBR.IDXEUR
2026-08-12 10:00:00;12714.742;12725.411;12707.795;12723.409;1.23238;GBR.IDXEUR
2026-08-12 11:00:00;12723.675;12727.343;12699.568;12702.643;1.18293;GBR.IDXEUR
2026-08-12 12:00:00;12702.494;12728.621;12684.096;12686.832;2.50088;GBR.IDXEUR
2026-08-12 13:00:00;12686.683;12693.259;12658.489;12679.335;2.76662;GBR.IDXEUR
2026-08-12 14:00:00;12679.335;12691.468;12661.579;12664.606;2.38005;GBR.IDXEUR
2026-08-12 15:00:00;12664.754;12687.924;12650.595;12681.099;1.82535;GBR.IDXEUR
2026-08-12 16:00:00;12681.099;12689.351;12675.042;12680.656;0.65761;GBR.IDXEUR
2026-08-12 17:00:00;12680.805;12700.688;12679.305;12699.649;0.59827;GBR.IDXEUR
2026-08-12 18:00:00;12700.136;12703.64;12696.138;12696.694;0.42079;GBR.IDXEUR
2026-08-12 19:00:00;12696.442;12707.064;12694.409;12707.064;0.46197;GBR.IDXEUR
2026-08-12 20:00:00;12706.677;12710.553;12704.005;12705.385;0.032208;GBR.IDXEUR
2026-08-12 22:00:00;12663.219;12665.934;12661.924;12665.025;0.028968;GBR.IDXEUR
2026-08-12 23:00:00;12664.89;12668.777;12663.902;12665.236;0.026616;GBR.IDXEUR
2026-08-13 00:00:00;12664.946;12670.041;12658.823;12669.701;0.270456;GBR.IDXEUR
2026-08-13 01:00:00;12669.928;12670.793;12653.074;12660.592;0.29205;GBR.IDXEUR
2026-08-13 02:00:00;12661.325;12668.043;12659.836;12664.689;0.16875;GBR.IDXEUR
2026-08-13 03:00:00;12664.355;12669.392;12660.528;12667.187;0.1707;GBR.IDXEUR
2026-08-13 04:00:00;12667.432;12668.376;12661.178;12665.525;0.17805;GBR.IDXEUR
2026-08-13 05:00:00;12665.525;12677.822;12664.657;12665.112;0.17595;GBR.IDXEUR
2026-08-13 06:00:00;12664.964;12686.341;12656.796;12674.399;0.37245;GBR.IDXEUR
2026-08-13 07:00:00;12674.399;12683.938;12611.637;12618.359;1.7149;GBR.IDXEUR
2026-08-13 08:00:00;12617.922;12641.668;12611.884;12638.802;1.17433;GBR.IDXEUR
2026-08-13 09:00:00;12639.039;12642.597;12626.284;12641.674;0.92622;GBR.IDXEUR
2026-08-13 10:00:00;12641.861;12649.766;12632.267;12643.616;0.88193;GBR.IDXEUR
2026-08-13 11:00:00;12643.764;12649.081;12632.667;12640.939;0.95804;GBR.IDXEUR
2026-08-13 12:00:00;12640.643;12640.791;12618.927;12623.16;1.46931;GBR.IDXEUR
2026-08-13 13:00:00;12623.456;12645.01;12617.31;12619.933;2.12549;GBR.IDXEUR
2026-08-13 14:00:00;12620.081;12635.386;12604.74;12605.52;2.08593;GBR.IDXEUR
2026-08-13 15:00:00;12605.373;12624.328;12583.243;12615.587;1.78708;GBR.IDXEUR
2026-08-13 16:00:00;12615.439;12631.167;12610.141;12629.093;0.57429;GBR.IDXEUR
2026-08-13 17:00:00;12630.001;12631.821;12620.883;12626.058;0.45153;GBR.IDXEUR
2026-08-13 18:00:00;12626.403;12632.792;12624.118;12627.034;0.36337;GBR.IDXEUR
2026-08-13 19:00:00;12627.181;12631.133;12623.683;12627.001;0.40078;GBR.IDXEUR
2026-08-13 20:00:00;12627.001;12630.213;12625.064;12629.112;0.027784;GBR.IDXEUR
2026-08-13 22:00:00;12628.56;12632.897;12627.543;12631.115;0.021744;GBR.IDXEUR
2026-08-13 23:00:00;12631.411;12633.841;12629.762;12631.725;0.029136;GBR.IDXEUR
2026-08-14 00:00:00;12628.863;12635.075;12622.943;12624.174;0.256218;GBR.IDXEUR
2026-08-14 01:00:00;12624.174;12629.868;12620.69;12626.484;0.2343;GBR.IDXEUR
2026-08-14 02:00:00;12626.041;12631.2;12621.345;12622.706;0.14565;GBR.IDXEUR
2026-08-14 03:00:00;12623.001;12630.613;12622.404;12626.106;0.1557;GBR.IDXEUR
2026-08-14 04:00:00;12626.106;12627.688;12622.407;12623.69;0.11955;GBR.IDXEUR
2026-08-14 05:00:00;12624.065;12625.632;12618.86;12622.238;0.1452;GBR.IDXEUR
2026-08-14 06:00:00;12622.238;12623.472;12608.824;12615.557;0.2421;GBR.IDXEUR
2026-08-14 07:00:00;12616.842;12623.021;12565.08;12565.434;1.67683;GBR.IDXEUR
2026-08-14 08:00:00;12565.776;12579.996;12541.415;12572.908;1.32354;GBR.IDXEUR
2026-08-14 09:00:00;12572.761;12604.404;12570.701;12596.488;0.96449;GBR.IDXEUR
2026-08-14 10:00:00;12596.73;12609.387;12595.958;12600.539;0.774;GBR.IDXEUR
2026-08-14 11:00:00;12600.883;12615.681;12584.848;12603.352;1.09607;GBR.IDXEUR
2026-08-14 12:00:00;12603.205;12617.476;12595.683;12605.688;1.51317;GBR.IDXEUR
2026-08-14 13:00:00;12605.688;12615.665;12586.686;12603.441;2.04207;GBR.IDXEUR
2026-08-14 14:00:00;12603.641;12607.594;12573.129;12584.714;1.91307;GBR.IDXEUR
2026-08-14 15:00:00;12584.567;12593.917;12558.05;12565.535;1.54155;GBR.IDXEUR
2026-08-14 16:00:00;12565.388;12577.998;12563.086;12571.708;0.54759;GBR.IDXEUR
2026-08-14 17:00:00;12571.956;12583.155;12571.361;12580.284;0.41818;GBR.IDXEUR
2026-08-14 18:00:00;12580.646;12598.895;12578.809;12596.122;0.35177;GBR.IDXEUR
2026-08-14 19:00:00;12595.827;12596.851;12574.921;12584.883;0.47995;GBR.IDXEUR
2026-08-14 20:00:00;12584.736;12584.736;12584.588;12584.588;0.00087;GBR.IDXEUR
2026-08-16 22:00:00;12585.226;12591.432;12584.588;12589.817;0.02484;GBR.IDXEUR
2026-08-16 23:00:00;12589.817;12599.58;12589.289;12599.285;0.020352;GBR.IDXEUR
2026-08-17 00:00:00;12594.615;12594.763;12581.547;12590.601;0.250716;GBR.IDXEUR
2026-08-17 01:00:00;12590.453;12604.38;12588.413;12598.522;0.22185;GBR.IDXEUR
2026-08-17 02:00:00;12598.522;12599.136;12589.536;12594.056;0.1611;GBR.IDXEUR
2026-08-17 03:00:00;12594.203;12607.076;12594.203;12606.505;0.14595;GBR.IDXEUR
2026-08-17 04:00:00;12606.691;12608.656;12597.692;12598.481;0.11265;GBR.IDXEUR
2026-08-17 05:00:00;12597.9;12609.179;12596.159;12608.653;0.16905;GBR.IDXEUR
2026-08-17 06:00:00;12609.095;12620.349;12600.515;12615.278;0.29145;GBR.IDXEUR
2026-08-17 07:00:00;12615.573;12621.069;12589.107;12600.409;1.91409;GBR.IDXEUR
2026-08-17 08:00:00;12600.527;12601.287;12570.317;12574.091;1.32698;GBR.IDXEUR
2026-08-17 09:00:00;12574.238;12583.498;12565.529;12572.547;1.10768;GBR.IDXEUR
2026-08-17 10:00:00;12572.694;12598.43;12565.395;12588.687;1.17476;GBR.IDXEUR
2026-08-17 11:00:00;12589.128;12603.748;12581.321;12584.441;0.92966;GBR.IDXEUR
2026-08-17 12:00:00;12584.294;12585.397;12552.397;12556.055;1.1911;GBR.IDXEUR
2026-08-17 13:00:00;12555.908;12566.166;12542.841;12564.133;1.64647;GBR.IDXEUR
2026-08-17 14:00:00;12563.986;12569.929;12543.131;12547.475;1.72602;GBR.IDXEUR
2026-08-17 15:00:00;12547.622;12555.161;12531.883;12539.688;1.45039;GBR.IDXEUR
2026-08-17 16:00:00;12539.688;12554.993;12539.688;12549.268;0.37687;GBR.IDXEUR
2026-08-17 17:00:00;12549.331;12551.797;12538.46;12541.648;0.50344;GBR.IDXEUR
2026-08-17 18:00:00;12541.648;12549.782;12536.55;12543.107;0.48981;GBR.IDXEUR
2026-08-17 19:00:00;12543.547;12554.874;12539.09;12551.394;0.43935;GBR.IDXEUR
2026-08-17 20:00:00;12551.688;12553.173;12548.948;12550.062;0.03105;GBR.IDXEUR
2026-08-17 22:00:00;12550.665;12552.725;12548.044;12550.726;0.025584;GBR.IDXEUR
2026-08-17 23:00:00;12550.58;12555.187;12549.174;12554.526;0.023256;GBR.IDXEUR
2026-08-18 00:00:00;12551.123;12563.655;12549.879;12561.176;0.243954;GBR.IDXEUR
2026-08-18 01:00:00;12561.513;12571.457;12554.63;12563.709;0.3543;GBR.IDXEUR
2026-08-18 02:00:00;12563.947;12564.28;12550.296;12556.944;0.3357;GBR.IDXEUR
2026-08-18 03:00:00;12557.199;12560.03;12546.965;12552.65;0.2502;GBR.IDXEUR
2026-08-18 04:00:00;12553.015;12553.848;12544.082;12551.028;0.2556;GBR.IDXEUR
2026-08-18 05:00:00;12551.028;12559.325;12544.403;12552.964;0.28425;GBR.IDXEUR
2026-08-18 06:00:00;12552.692;12571.393;12538.049;12566.983;0.43335;GBR.IDXEUR
2026-08-18 07:00:00;12566.643;12566.643;12526.297;12533.056;2.23902;GBR.IDXEUR
2026-08-18 08:00:00;12533.42;12534.411;12511.106;12526.158;1.81288;GBR.IDXEUR
2026-08-18 09:00:00;12525.068;12525.868;12510.02;12521.998;1.3631;GBR.IDXEUR
2026-08-18 10:00:00;12522.589;12537.754;12521.921;12535.434;1.14509;GBR.IDXEUR
2026-08-18 11:00:00;12533.891;12547.374;12527.406;12541.929;1.3158;GBR.IDXEUR
2026-08-18 12:00:00;12542.222;12578.071;12536.889;12578.071;1.39492;GBR.IDXEUR
2026-08-18 13:00:00;12578.512;12604.568;12563.614;12587.138;2.29233;GBR.IDXEUR
2026-08-18 14:00:00;12587.138;12593.327;12545.36;12548.925;2.32501;GBR.IDXEUR
2026-08-18 15:00:00;12548.553;12561.29;12528.773;12551.582;2.04121;GBR.IDXEUR
2026-08-18 16:00:00;12551.435;12553.651;12536.419;12551.213;0.5974;GBR.IDXEUR
2026-08-18 17:00:00;12550.858;12556.189;12547.556;12548.094;0.43529;GBR.IDXEUR
2026-08-18 18:00:00;12547.842;12555.862;12544.766;12545.275;0.41122;GBR.IDXEUR
2026-08-18 19:00:00;12545.644;12555.606;12535.252;12536.995;0.4756;GBR.IDXEUR
2026-08-18 20:00:00;12536.995;12539.882;12536.62;12538.377;0.033892;GBR.IDXEUR
2026-08-18 22:00:00;12540.077;12546.087;12535.034;12535.428;0.04116;GBR.IDXEUR
2026-08-18 23:00:00;12535.644;12543.006;12534.584;12540.955;0.036456;GBR.IDXEUR
2026-08-19 00:00:00;12543.472;12548.546;12533.24;12534.075;0.35163;GBR.IDXEUR
2026-08-19 01:00:00;12534.221;12543.412;12517.549;12522.74;0.3015;GBR.IDXEUR
2026-08-19 02:00:00;12522.138;12538.1;12519.682;12536.032;0.28725;GBR.IDXEUR
2026-08-19 03:00:00;12535.885;12539.782;12527.922;12535.598;0.198;GBR.IDXEUR
2026-08-19 04:00:00;12535.451;12535.709;12526.225;12529.682;0.1584;GBR.IDXEUR
2026-08-19 05:00:00;12530.029;12535.866;12519.165;12522.809;0.19245;GBR.IDXEUR
2026-08-19 06:00:00;12522.37;12555.155;12507.52;12554.064;0.4074;GBR.IDXEUR
2026-08-19 07:00:00;12554.996;12560.854;12526.81;12536.32;1.97575;GBR.IDXEUR
2026-08-19 08:00:00;12536.027;12547.109;12514.182;12514.797;1.51919;GBR.IDXEUR
2026-08-19 09:00:00;12514.314;12520.993;12500.756;12512.062;1.11843;GBR.IDXEUR
2026-08-19 10:00:00;12511.708;12516.521;12498.41;12515.513;1.04963;GBR.IDXEUR
2026-08-19 11:00:00;12515.659;12534.108;12512.94;12531.123;1.10811;GBR.IDXEUR
2026-08-19 12:00:00;12531.123;12567.786;12518.195;12541.68;2.38091;GBR.IDXEUR
2026-08-19 13:00:00;12542.089;12563.755;12522.262;12551.755;3.13771;GBR.IDXEUR
2026-08-19 14:00:00;12552.195;12563.845;12535.804;12545.869;2.80747;GBR.IDXEUR
2026-08-19 15:00:00;12545.722;12547.774;12523.882;12526.263;2.11216;GBR.IDXEUR
2026-08-19 16:00:00;12526.117;12534.108;12518.997;12528.056;0.7781;GBR.IDXEUR
2026-08-19 17:00:00;12528.056;12535.208;12517.976;12522.198;0.66642;GBR.IDXEUR
2026-08-19 18:00:00;12522.782;12530.914;12519.27;12528.916;0.83346;GBR.IDXEUR
2026-08-19 19:00:00;12529.062;12533.988;12519.302;12523.988;0.72384;GBR.IDXEUR
2026-08-19 20:00:00;12523.967;12524.528;12519.008;12519.574;0.040614;GBR.IDXEUR
2026-08-19 22:00:00;12520.772;12532.167;12519.265;12530.825;0.044304;GBR.IDXEUR
2026-08-19 23:00:00;12530.589;12534.474;12526.072;12526.575;0.039936;GBR.IDXEUR
2026-08-20 00:00:00;12525.133;12528.753;12518.791;12520.825;0.362682;GBR.IDXEUR
2026-08-20 01:00:00;12520.679;12533.282;12516.893;12521.406;0.44745;GBR.IDXEUR
2026-08-20 02:00:00;12521.26;12527.051;12512.445;12519.372;0.3267;GBR.IDXEUR
2026-08-20 03:00:00;12520.031;12528.661;12518.479;12527.489;0.23415;GBR.IDXEUR
2026-08-20 04:00:00;12527.218;12529.526;12522.14;12525.496;0.1731;GBR.IDXEUR
2026-08-20 05:00:00;12525.496;12531.998;12518.153;12518.153;0.27075;GBR.IDXEUR
2026-08-20 06:00:00;12517.862;12541.265;12517.316;12523.129;0.3846;GBR.IDXEUR
2026-08-20 07:00:00;12523.508;12523.8;12479.114;12483.767;2.17046;GBR.IDXEUR
2026-08-20 08:00:00;12484.116;12500.671;12477.825;12488.93;1.83653;GBR.IDXEUR
2026-08-20 09:00:00;12489.174;12509.484;12486.858;12503.942;1.67313;GBR.IDXEUR
2026-08-20 10:00:00;12503.942;12517.03;12486.228;12494.178;1.53553;GBR.IDXEUR
2026-08-20 11:00:00;12493.936;12512.596;12487.18;12487.767;1.78192;GBR.IDXEUR
2026-08-20 12:00:00;12487.476;12506.68;12462.891;12504.163;2.26954;GBR.IDXEUR
2026-08-20 13:00:00;12504.309;12549.999;12495.54;12533.558;2.52754;GBR.IDXEUR
2026-08-20 14:00:00;12533.204;12553.056;12511.51;12551.728;2.40929;GBR.IDXEUR
2026-08-20 15:00:00;12552.043;12567.97;12529.222;12542.407;2.68664;GBR.IDXEUR
2026-08-20 16:00:00;12542.26;12556.302;12533.21;12554.287;0.80268;GBR.IDXEUR
2026-08-20 17:00:00;12553.909;12554.516;12535.65;12547.692;0.5568;GBR.IDXEUR
2026-08-20 18:00:00;12548.386;12548.386;12529.725;12530.889;0.57159;GBR.IDXEUR
2026-08-20 19:00:00;12530.532;12538.579;12525.084;12528.235;0.60175;GBR.IDXEUR
2026-08-20 20:00:00;12528.71;12532.347;12527.011;12527.516;0.03448;GBR.IDXEUR
2026-08-20 22:00:00;12535.196;12540.041;12533.541;12539.814;0.034272;GBR.IDXEUR
2026-08-20 23:00:00;12539.801;12539.955;12536.279;12539.523;0.036864;GBR.IDXEUR
2026-08-21 00:00:00;12520.066;12542.577;12519.547;12539.403;0.303804;GBR.IDXEUR
2026-08-21 01:00:00;12539.257;12551.162;12535.807;12548.71;0.3849;GBR.IDXEUR
2026-08-21 02:00:00;12548.133;12553.489;12544.273;12551.261;0.24645;GBR.IDXEUR
2026-08-21 03:00:00;12551.66;12553.947;12547.989;12549.834;0.18525;GBR.IDXEUR
2026-08-21 04:00:00;12550.393;12555.877;12547.403;12555.23;0.15945;GBR.IDXEUR
2026-08-21 05:00:00;12555.559;12557.051;12547.314;12554.129;0.2241;GBR.IDXEUR
2026-08-21 06:00:00;12554.422;12569.404;12549.969;12559.635;0.34755;GBR.IDXEUR
2026-08-21 07:00:00;12559.489;12593.323;12541.552;12582.544;1.95456;GBR.IDXEUR
2026-08-21 08:00:00;12582.104;12582.858;12560.097;12574.557;1.68173;GBR.IDXEUR
2026-08-21 09:00:00;12574.557;12578.783;12529.987;12531.046;1.79482;GBR.IDXEUR
2026-08-21 10:00:00;12531.046;12558.755;12530.504;12548.697;1.32311;GBR.IDXEUR
2026-08-21 11:00:00;12548.973;12581.308;12544.406;12562.128;1.63056;GBR.IDXEUR
2026-08-21 12:00:00;12562.398;12587.087;12559.967;12576.807;1.5007;GBR.IDXEUR
2026-08-21 13:00:00;12576.954;12644.545;12576.441;12642.015;2.0382;GBR.IDXEUR
2026-08-21 14:00:00;12641.323;12654.336;12625.976;12630.941;2.06357;GBR.IDXEUR
2026-08-21 15:00:00;12630.718;12641.211;12614.879;12625.659;1.54155;GBR.IDXEUR
2026-08-21 16:00:00;12625.659;12631.415;12620.611;12626.494;0.64056;GBR.IDXEUR
2026-08-21 17:00:00;12626.199;12633.873;12624.194;12630.2;0.44399;GBR.IDXEUR
2026-08-21 18:00:00;12630.348;12638.28;12627.038;12636.113;0.31813;GBR.IDXEUR
2026-08-21 19:00:00;12636.113;12643.286;12628.96;12633.682;0.41673;GBR.IDXEUR
2026-08-21 20:00:00;12633.336;12633.336;12632.225;12632.225;0.00116;GBR.IDXEUR
2026-08-23 22:00:00;12626.083;12631.904;12622.244;12630.286;0.049824;GBR.IDXEUR
2026-08-23 23:00:00;12630.138;12646.93;12629.791;12645.696;0.03912;GBR.IDXEUR
2026-08-24 00:00:00;12655.249;12655.39;12622.168;12640.109;0.339954;GBR.IDXEUR
2026-08-24 01:00:00;12640.109;12650.656;12629.011;12634.298;0.36;GBR.IDXEUR
2026-08-24 02:00:00;12633.975;12646.308;12631.798;12638.734;0.23955;GBR.IDXEUR
2026-08-24 03:00:00;12638.16;12638.603;12627.725;12629.477;0.16635;GBR.IDXEUR
2026-08-24 04:00:00;12629.728;12642.044;12629.728;12635.183;0.2787;GBR.IDXEUR
2026-08-24 05:00:00;12635.183;12635.681;12621.548;12627.602;0.2706;GBR.IDXEUR
2026-08-24 06:00:00;12627.75;12660.998;12623.759;12623.759;0.3573;GBR.IDXEUR
2026-08-24 07:00:00;12627.587;12648.762;12623.658;12626.323;2.04773;GBR.IDXEUR
2026-08-24 08:00:00;12626.176;12665.724;12624.834;12650.056;1.72086;GBR.IDXEUR
2026-08-24 09:00:00;12649.909;12674.243;12646.144;12662.174;1.30591;GBR.IDXEUR
2026-08-24 10:00:00;12662.026;12675.629;12655.355;12656.221;0.98384;GBR.IDXEUR
2026-08-24 11:00:00;12656.369;12667.012;12640.292;12647.978;1.58111;GBR.IDXEUR
2026-08-24 12:00:00;12648.126;12651.19;12632.603;12636.271;1.46329;GBR.IDXEUR
2026-08-24 13:00:00;12636.123;12693.438;12623.375;12683.87;2.22052;GBR.IDXEUR
2026-08-24 14:00:00;12683.48;12700.222;12674.625;12694.135;2.12162;GBR.IDXEUR
2026-08-24 15:00:00;12693.839;12697.799;12672.588;12675.338;1.65077;GBR.IDXEUR
2026-08-24 16:00:00;12675.486;12687.279;12673.152;12678.487;0.68644;GBR.IDXEUR
2026-08-24 17:00:00;12678.635;12696.925;12676.823;12680.252;0.62727;GBR.IDXEUR
2026-08-24 18:00:00;12680.4;12693.877;12673.345;12688.938;0.45994;GBR.IDXEUR
2026-08-24 19:00:00;12688.938;12692.281;12676.238;12683.411;0.4582;GBR.IDXEUR
2026-08-24 20:00:00;12683.747;12687.658;12682.847;12685.21;0.027252;GBR.IDXEUR
2026-08-24 22:00:00;12690.906;12691.456;12688.672;12690.369;0.025296;GBR.IDXEUR
2026-08-24 23:00:00;12690.517;12691.88;12685.031;12686.69;0.031656;GBR.IDXEUR
2026-08-25 00:00:00;12685.645;12704.621;12685.478;12696.806;0.449034;GBR.IDXEUR
2026-08-25 01:00:00;12696.806;12710.64;12693.726;12694.685;0.41715;GBR.IDXEUR
2026-08-25 02:00:00;12694.104;12695.033;12686.259;12690.4;0.35625;GBR.IDXEUR
2026-08-25 03:00:00;12690.634;12704.533;12690.42;12693.472;0.28335;GBR.IDXEUR
2026-08-25 04:00:00;12693.472;12700.276;12692.618;12698.116;0.2418;GBR.IDXEUR
2026-08-25 05:00:00;12698.116;12714.912;12696.88;12714.885;0.23745;GBR.IDXEUR
2026-08-25 06:00:00;12715.182;12726.678;12708.959;12725.373;0.33645;GBR.IDXEUR
2026-08-25 07:00:00;12725.975;12736.926;12705.401;12712.408;2.11468;GBR.IDXEUR
2026-08-25 08:00:00;12712.557;12731.978;12693.664;12713.763;2.04809;GBR.IDXEUR
2026-08-25 09:00:00;12713.763;12716.602;12697.193;12705.906;1.78923;GBR.IDXEUR
2026-08-25 10:00:00;12706.055;12725.717;12699.383;12720.549;1.34891;GBR.IDXEUR
2026-08-25 11:00:00;12720.251;12723.312;12703.694;12709.798;1.36224;GBR.IDXEUR
2026-08-25 12:00:00;12709.798;12715.923;12680.066;12680.403;1.48178;GBR.IDXEUR
2026-08-25 13:00:00;12680.699;12685.155;12652.214;12667.623;2.52281;GBR.IDXEUR
2026-08-25 14:00:00;12667.771;12722.262;12667.681;12711.075;2.24675;GBR.IDXEUR
2026-08-25 15:00:00;12711.433;12733.66;12704.96;12733.019;1.79224;GBR.IDXEUR
2026-08-25 16:00:00;12732.396;12735.197;12724.113;12730.494;0.62228;GBR.IDXEUR
2026-08-25 17:00:00;12730.494;12741.07;12725.091;12740.348;0.46371;GBR.IDXEUR
2026-08-25 18:00:00;12740.497;12747.554;12737.886;12743.134;0.4263;GBR.IDXEUR
2026-08-25 19:00:00;12743.746;12753.831;12735.953;12745.442;0.58145;GBR.IDXEUR
2026-08-25 20:00:00;12745.293;12748.379;12743.69;12745.379;0.035558;GBR.IDXEUR
2026-08-25 22:00:00;12745.072;12746.275;12742.043;12744.212;0.028368;GBR.IDXEUR
2026-08-25 23:00:00;12744.432;12744.669;12729.39;12731.052;0.017952;GBR.IDXEUR
2026-08-26 00:00:00;12729.206;12745.838;12726.419;12743.982;0.23493;GBR.IDXEUR
2026-08-26 01:00:00;12743.833;12758.532;12743.833;12758.178;0.26565;GBR.IDXEUR
2026-08-26 02:00:00;12758.721;12774.565;12752.705;12768.937;0.22485;GBR.IDXEUR
2026-08-26 03:00:00;12768.693;12770.533;12759.493;12761.385;0.156;GBR.IDXEUR
2026-08-26 04:00:00;12761.984;12764.938;12743.21;12745.002;0.1566;GBR.IDXEUR
2026-08-26 05:00:00;12744.641;12749.5;12733.591;12749.475;0.1863;GBR.IDXEUR
2026-08-26 06:00:00;12749.326;12762.01;12743.575;12743.575;0.34785;GBR.IDXEUR
2026-08-26 07:00:00;12741.86;12746.687;12684.487;12698.952;1.98725;GBR.IDXEUR
2026-08-26 08:00:00;12699.565;12716.056;12695.942;12701.921;1.36525;GBR.IDXEUR
2026-08-26 09:00:00;12704.02;12718.284;12697.337;12699.107;1.08704;GBR.IDXEUR
2026-08-26 10:00:00;12698.958;12704.874;12686.085;12687.42;1.00147;GBR.IDXEUR
2026-08-26 11:00:00;12687.427;12713.274;12683.978;12712.375;1.15025;GBR.IDXEUR
2026-08-26 12:00:00;12712.032;12724.497;12702.034;12711.979;1.75999;GBR.IDXEUR
2026-08-26 13:00:00;12712.127;12742.983;12709.743;12728.323;2.17709;GBR.IDXEUR
2026-08-26 14:00:00;12727.993;12743.677;12708.086;12708.705;2.15344;GBR.IDXEUR
2026-08-26 15:00:00;12708.705;12717.721;12685.434;12693.321;1.7802;GBR.IDXEUR
2026-08-26 16:00:00;12693.173;12693.34;12670.646;12677.245;0.59963;GBR.IDXEUR
2026-08-26 17:00:00;12676.899;12685.433;12661.005;12662.529;0.41963;GBR.IDXEUR
2026-08-26 18:00:00;12662.676;12664.455;12648.101;12652.094;0.35409;GBR.IDXEUR
2026-08-26 19:00:00;12652.465;12658.991;12647.513;12650.22;0.42311;GBR.IDXEUR
2026-08-26 20:00:00;12650.835;12661.199;12649.078;12660.209;0.049396;GBR.IDXEUR
2026-08-26 22:00:00;12676.897;12688.252;12675.181;12683.307;0.070584;GBR.IDXEUR
2026-08-26 23:00:00;12683.201;12687.848;12673.458;12676.962;0.031296;GBR.IDXEUR
2026-08-27 00:00:00;12675.066;12675.754;12650.954;12653.866;0.311124;GBR.IDXEUR
2026-08-27 01:00:00;12653.664;12656.856;12643.851;12647.977;0.3486;GBR.IDXEUR
2026-08-27 02:00:00;12647.606;12651.99;12641.817;12644.904;0.20985;GBR.IDXEUR
2026-08-27 03:00:00;12644.756;12654.124;12641.653;12642.239;0.22125;GBR.IDXEUR
2026-08-27 04:00:00;12641.882;12647.874;12635.636;12636.644;0.17535;GBR.IDXEUR
2026-08-27 05:00:00;12637.004;12650.392;12629.649;12642.551;0.24135;GBR.IDXEUR
2026-08-27 06:00:00;12642.846;12657.92;12634.494;12646.934;0.31665;GBR.IDXEUR
2026-08-27 07:00:00;12649.891;12654.086;12606.803;12629.706;2.06268;GBR.IDXEUR
2026-08-27 08:00:00;12630.084;12640.368;12571.429;12574.634;1.77805;GBR.IDXEUR
2026-08-27 09:00:00;12574.037;12617.216;12572.959;12616.787;1.60992;GBR.IDXEUR
2026-08-27 10:00:00;12617.23;12629.014;12614.219;12622.308;1.43319;GBR.IDXEUR
2026-08-27 11:00:00;12622.536;12649.233;12615.195;12645.445;1.3975;GBR.IDXEUR
2026-08-27 12:00:00;12645.654;12651.629;12622.766;12633.002;1.51274;GBR.IDXEUR
2026-08-27 13:00:00;12633.567;12641.218;12596.081;12599.623;2.48755;GBR.IDXEUR
2026-08-27 14:00:00;12599.77;12601.644;12563.623;12584.992;2.40585;GBR.IDXEUR
2026-08-27 15:00:00;12585.03;12596.032;12576.104;12594.463;1.79568;GBR.IDXEUR
2026-08-27 16:00:00;12594.652;12599.387;12590.121;12595.213;0.59307;GBR.IDXEUR
2026-08-27 17:00:00;12595.213;12601.612;12588.939;12599.137;0.52258;GBR.IDXEUR
2026-08-27 18:00:00;12599.137;12605.774;12593.742;12604.24;0.51997;GBR.IDXEUR
2026-08-27 19:00:00;12604.048;12608.707;12594.273;12607.769;0.50025;GBR.IDXEUR
2026-08-27 20:00:00;12607.622;12609.327;12602.935;12603.874;0.035012;GBR.IDXEUR
2026-08-27 22:00:00;12601.39;12603.298;12594.975;12602.207;0.036288;GBR.IDXEUR
2026-08-27 23:00:00;12602.434;12602.578;12597.945;12599.049;0.022032;GBR.IDXEUR
2026-08-28 00:00:00;12601.771;12622.194;12596.82;12617.421;0.323688;GBR.IDXEUR
2026-08-28 01:00:00;12617.647;12625.742;12610.193;12622.281;0.29115;GBR.IDXEUR
2026-08-28 02:00:00;12622.646;12634.169;12620.729;12623.271;0.24435;GBR.IDXEUR
2026-08-28 03:00:00;12623.837;12631.154;12622.376;12629.214;0.18075;GBR.IDXEUR
2026-08-28 04:00:00;12629.361;12629.92;12622.017;12624.138;0.14025;GBR.IDXEUR
2026-08-28 05:00:00;12623.99;12626.987;12616.383;12616.865;0.2025;GBR.IDXEUR
2026-08-28 06:00:00;12616.865;12645.949;12614.599;12645.568;0.384;GBR.IDXEUR
2026-08-28 07:00:00;12645.715;12661.036;12612.151;12612.151;1.77168;GBR.IDXEUR
2026-08-28 08:00:00;12611.904;12625.19;12608.821;12623.243;1.28441;GBR.IDXEUR
2026-08-28 09:00:00;12622.948;12629.842;12616.387;12622.423;1.13305;GBR.IDXEUR
2026-08-28 10:00:00;12622.212;12626.527;12604.922;12606.215;0.99459;GBR.IDXEUR
2026-08-28 11:00:00;12606.534;12619.8;12602.309;12609.453;1.12617;GBR.IDXEUR
2026-08-28 12:00:00;12609.306;12617.415;12599.569;12605.699;1.31279;GBR.IDXEUR
2026-08-28 13:00:00;12605.699;12627.476;12595.414;12615.083;1.94446;GBR.IDXEUR
2026-08-28 14:00:00;12615.083;12649.549;12609.826;12643.02;3.76207;GBR.IDXEUR
2026-08-28 15:00:00;12642.669;12654.541;12629.38;12635.834;2.57269;GBR.IDXEUR
2026-08-28 16:00:00;12635.982;12643.421;12614.148;12626.593;1.18592;GBR.IDXEUR
2026-08-28 17:00:00;12626.446;12631.67;12620.523;12627.181;0.80156;GBR.IDXEUR
2026-08-28 18:00:00;12627.329;12631.428;12620.403;12630.662;0.59363;GBR.IDXEUR
2026-08-28 19:00:00;12630.532;12647.814;12629.316;12640.595;0.71978;GBR.IDXEUR
2026-08-28 20:00:00;12640.448;12640.448;12640.448;12640.448;0.00029;GBR.IDXEUR
2026-08-30 22:00:00;12631.431;12631.577;12619.827;12624.217;0.028488;GBR.IDXEUR
2026-08-30 23:00:00;12624.051;12624.446;12601.661;12601.661;0.038196;GBR.IDXEUR
2026-08-31 00:00:00;12601.434;12615.863;12595.307;12609.583;0.037608;GBR.IDXEUR
2026-08-31 01:00:00;12609.435;12613.056;12601.933;12611.452;0.027816;GBR.IDXEUR
2026-08-31 02:00:00;12610.751;12613.703;12601.903;12612.836;0.015636;GBR.IDXEUR
2026-08-31 03:00:00;12613.52;12619.341;12613.52;12616.212;0.007596;GBR.IDXEUR
2026-08-31 04:00:00;12615.504;12631.769;12615.062;12631.769;0.006192;GBR.IDXEUR
2026-08-31 05:00:00;12630.253;12646.848;12628.57;12638.483;0.009192;GBR.IDXEUR
2026-08-31 06:00:00;12638.335;12651.895;12633.213;12645.854;0.016344;GBR.IDXEUR
2026-08-31 07:00:00;12645.854;12645.854;12611.24;12615.55;0.027612;GBR.IDXEUR
2026-08-31 08:00:00;12615.845;12629.751;12613.302;12627.608;0.02472;GBR.IDXEUR
2026-08-31 09:00:00;12627.903;12628.051;12609.518;12611.358;0.017112;GBR.IDXEUR
2026-08-31 10:00:00;12611.21;12612.489;12598.307;12611.028;0.014304;GBR.IDXEUR
2026-08-31 11:00:00;12611.028;12624.453;12610.099;12621.2;0.018156;GBR.IDXEUR
2026-08-31 12:00:00;12621.2;12629.89;12604.08;12607.471;0.024108;GBR.IDXEUR
2026-08-31 13:00:00;12607.324;12618.548;12582.278;12593.05;0.026004;GBR.IDXEUR
2026-08-31 14:00:00;12593.05;12598.115;12559.472;12559.912;0.038316;GBR.IDXEUR
2026-08-31 15:00:00;12560.205;12568.796;12536.73;12538.846;0.028632;GBR.IDXEUR
2026-08-31 16:00:00;12538.846;12542.244;12531.694;12533.052;0.013284;GBR.IDXEUR
2026-08-31 17:00:00;12531.506;12545.407;12526.445;12542.172;0.009204;GBR.IDXEUR
2026-08-31 18:00:00;12542.172;12547.231;12535.851;12541.221;0.008448;GBR.IDXEUR
2026-08-31 19:00:00;12541.074;12559.558;12537.453;12550.044;0.010392;GBR.IDXEUR
2026-08-31 20:00:00;12550.706;12560.296;12549.683;12558.623;0.007932;GBR.IDXEUR
2026-08-31 22:00:00;12560.966;12563.725;12559.409;12561.258;0.007584;GBR.IDXEUR
2026-08-31 23:00:00;12561.059;12565.57;12556.042;12565.57;0.010596;GBR.IDXEUR
2026-09-01 00:00:00;12558.778;12598.36;12558.778;12590.287;0.307434;GBR.IDXEUR
2026-09-01 01:00:00;12589.821;12589.968;12560.887;12573.962;0.2766;GBR.IDXEUR
2026-09-01 02:00:00;12574.337;12578.682;12556.525;12563.189;0.20295;GBR.IDXEUR
2026-09-01 03:00:00;12563.542;12580.534;12556.92;12570.539;0.19845;GBR.IDXEUR
2026-09-01 04:00:00;12570.393;12574.444;12567.105;12568.445;0.15825;GBR.IDXEUR
2026-09-01 05:00:00;12568.556;12576.818;12542.538;12571.918;0.23685;GBR.IDXEUR
2026-09-01 06:00:00;12571.331;12576.33;12542.445;12542.445;0.4323;GBR.IDXEUR
2026-09-01 07:00:00;12540.931;12611.003;12531.63;12590.715;2.73503;GBR.IDXEUR
2026-09-01 08:00:00;12591.278;12598.602;12483.204;12499.531;3.02935;GBR.IDXEUR
2026-09-01 09:00:00;12499.093;12515.048;12487.422;12503.755;2.30824;GBR.IDXEUR
2026-09-01 10:00:00;12503.956;12555.113;12500.526;12528.23;1.77117;GBR.IDXEUR
2026-09-01 11:00:00;12527.938;12577.469;12527.054;12562.885;1.78493;GBR.IDXEUR
2026-09-01 12:00:00;12563.118;12583.131;12554.362;12568.641;2.02401;GBR.IDXEUR
2026-09-01 13:00:00;12568.641;12612.892;12550.986;12593.54;2.54646;GBR.IDXEUR
2026-09-01 14:00:00;12594.365;12620.998;12568.553;12573.214;2.61784;GBR.IDXEUR
2026-09-01 15:00:00;12573.361;12601.303;12568.642;12596.747;1.87738;GBR.IDXEUR
2026-09-01 16:00:00;12596.6;12602.038;12553.685;12560.396;1.11469;GBR.IDXEUR
2026-09-01 17:00:00;12560.542;12564.225;12547.859;12552.888;0.85579;GBR.IDXEUR
2026-09-01 18:00:00;12553.034;12554.676;12519.38;12528.595;0.73428;GBR.IDXEUR
2026-09-01 19:00:00;12528.448;12539.851;12526.107;12533.663;0.74791;GBR.IDXEUR
2026-09-01 20:00:00;12533.884;12536.11;12530.921;12534.954;0.094312;GBR.IDXEUR
2026-09-01 22:00:00;12536.129;12537.196;12531.604;12535.625;0.035688;GBR.IDXEUR
2026-09-01 23:00:00;12535.478;12538.271;12534.147;12536.931;0.020448;GBR.IDXEUR
2026-09-02 00:00:00;12534.194;12542.888;12524.569;12524.569;0.309246;GBR.IDXEUR
2026-09-02 01:00:00;12524.423;12544.64;12522.31;12544.087;0.33045;GBR.IDXEUR
2026-09-02 02:00:00;12543.941;12544.189;12522.626;12525.76;0.24255;GBR.IDXEUR
2026-09-02 03:00:00;12525.951;12530.344;12519.871;12523.487;0.17985;GBR.IDXEUR
2026-09-02 04:00:00;12523.836;12525.728;12518.715;12523.932;0.1761;GBR.IDXEUR
2026-09-02 05:00:00;12524.078;12542.519;12524.078;12536.48;0.2229;GBR.IDXEUR
2026-09-02 06:00:00;12536.188;12573.865;12526.077;12569.919;0.46125;GBR.IDXEUR
2026-09-02 07:00:00;12569.633;12601.105;12537.023;12541.658;2.21379;GBR.IDXEUR
2026-09-02 08:00:00;12542.001;12567.986;12512.896;12518.313;1.64346;GBR.IDXEUR
2026-09-02 09:00:00;12518.097;12538.77;12498.783;12521.286;1.59444;GBR.IDXEUR
2026-09-02 10:00:00;12521.14;12522.939;12482.044;12489.754;1.4878;GBR.IDXEUR
2026-09-02 11:00:00;12489.899;12540.744;12481.19;12540.273;1.80901;GBR.IDXEUR
2026-09-02 12:00:00;12540.047;12541.148;12504.421;12506.952;1.73677;GBR.IDXEUR
2026-09-02 13:00:00;12507.047;12556.443;12504.289;12541.167;2.71373;GBR.IDXEUR
2026-09-02 14:00:00;12541.167;12551.096;12526.582;12540.854;2.51722;GBR.IDXEUR
2026-09-02 15:00:00;12541.0;12551.906;12511.809;12514.303;1.82406;GBR.IDXEUR
2026-09-02 16:00:00;12514.594;12528.009;12512.639;12526.099;0.60803;GBR.IDXEUR
2026-09-02 17:00:00;12526.245;12534.025;12518.308;12532.514;0.60813;GBR.IDXEUR
2026-09-02 18:00:00;12533.089;12540.911;12519.54;12521.279;0.43326;GBR.IDXEUR
2026-09-02 19:00:00;12521.716;12536.713;12515.247;12534.079;0.4321;GBR.IDXEUR
2026-09-02 20:00:00;12534.435;12536.682;12532.931;12534.92;0.028056;GBR.IDXEUR
2026-09-02 22:00:00;12522.853;12531.289;12521.372;12528.893;0.026568;GBR.IDXEUR
2026-09-02 23:00:00;12529.136;12534.555;12527.543;12534.177;0.023112;GBR.IDXEUR
2026-09-03 00:00:00;12512.931;12525.307;12512.785;12517.216;0.296496;GBR.IDXEUR
2026-09-03 01:00:00;12516.645;12527.685;12507.666;12522.564;0.2745;GBR.IDXEUR
2026-09-03 02:00:00;12522.814;12533.644;12522.602;12527.967;0.306;GBR.IDXEUR
2026-09-03 03:00:00;12527.597;12529.067;12521.346;12523.888;0.2409;GBR.IDXEUR
2026-09-03 04:00:00;12523.888;12526.828;12519.8;12525.18;0.17475;GBR.IDXEUR
2026-09-03 05:00:00;12524.121;12524.602;12494.194;12517.467;0.33765;GBR.IDXEUR
2026-09-03 06:00:00;12517.322;12533.152;12499.274;12522.733;0.4803;GBR.IDXEUR
2026-09-03 07:00:00;12522.144;12522.844;12495.224;12505.285;2.35253;GBR.IDXEUR
2026-09-03 08:00:00;12504.915;12533.05;12502.922;12521.27;2.02788;GBR.IDXEUR
2026-09-03 09:00:00;12521.393;12537.377;12516.878;12519.047;1.45942;GBR.IDXEUR
2026-09-03 10:00:00;12518.901;12542.17;12505.511;12538.425;0.94772;GBR.IDXEUR
2026-09-03 11:00:00;12538.279;12570.517;12535.432;12557.833;1.68388;GBR.IDXEUR
2026-09-03 12:00:00;12557.541;12612.396;12554.469;12606.404;2.17451;GBR.IDXEUR
2026-09-03 13:00:00;12606.697;12633.309;12565.699;12607.964;2.71287;GBR.IDXEUR
2026-09-03 14:00:00;12609.477;12623.448;12559.882;12593.418;2.89261;GBR.IDXEUR
2026-09-03 15:00:00;12593.565;12626.617;12589.771;12617.543;2.20375;GBR.IDXEUR
2026-09-03 16:00:00;12617.543;12621.855;12606.365;12611.712;0.74074;GBR.IDXEUR
2026-09-03 17:00:00;12611.418;12623.027;12609.664;12616.834;0.49967;GBR.IDXEUR
2026-09-03 18:00:00;12616.834;12621.905;12600.745;12601.467;0.46139;GBR.IDXEUR
2026-09-03 19:00:00;12601.467;12611.363;12598.71;12606.052;0.62408;GBR.IDXEUR
2026-09-03 20:00:00;12605.905;12606.658;12601.875;12605.195;0.027004;GBR.IDXEUR
2026-09-03 22:00:00;12602.983;12608.496;12601.465;12607.935;0.01572;GBR.IDXEUR
2026-09-03 23:00:00;12607.734;12609.341;12606.373;12607.16;0.018648;GBR.IDXEUR
2026-09-04 00:00:00;12606.449;12607.713;12593.91;12595.077;0.273198;GBR.IDXEUR
2026-09-04 01:00:00;12595.224;12602.041;12590.065;12601.493;0.294;GBR.IDXEUR
2026-09-04 02:00:00;12601.286;12603.632;12593.754;12598.574;0.21075;GBR.IDXEUR
2026-09-04 03:00:00;12599.267;12601.952;12594.894;12601.809;0.1779;GBR.IDXEUR
2026-09-04 04:00:00;12601.487;12609.042;12596.561;12607.111;0.16905;GBR.IDXEUR
2026-09-04 05:00:00;12606.882;12618.111;12606.534;12614.289;0.1683;GBR.IDXEUR
2026-09-04 06:00:00;12613.996;12616.753;12589.301;12595.04;0.4566;GBR.IDXEUR
2026-09-04 07:00:00;12595.773;12631.193;12565.468;12612.516;2.13262;GBR.IDXEUR
2026-09-04 08:00:00;12612.37;12613.377;12571.172;12610.102;1.85502;GBR.IDXEUR
2026-09-04 09:00:00;12610.102;12617.474;12595.262;12606.605;1.51532;GBR.IDXEUR
2026-09-04 10:00:00;12606.27;12618.714;12600.146;12614.23;1.30806;GBR.IDXEUR
2026-09-04 11:00:00;12613.63;12621.85;12602.815;12618.444;1.26764;GBR.IDXEUR
2026-09-04 12:00:00;12618.444;12621.235;12576.751;12580.572;3.12266;GBR.IDXEUR
2026-09-04 13:00:00;12580.718;12606.162;12563.246;12576.037;2.91239;GBR.IDXEUR
2026-09-04 14:00:00;12575.89;12605.636;12574.82;12598.73;2.47766;GBR.IDXEUR
2026-09-04 15:00:00;12598.583;12624.015;12593.837;12623.09;1.87222;GBR.IDXEUR
2026-09-04 16:00:00;12623.69;12637.663;12620.889;12624.158;0.70519;GBR.IDXEUR
2026-09-04 17:00:00;12624.011;12624.995;12600.843;12602.268;0.52374;GBR.IDXEUR
2026-09-04 18:00:00;12602.121;12608.558;12596.473;12601.776;0.4959;GBR.IDXEUR
2026-09-04 19:00:00;12601.776;12608.081;12593.121;12606.895;0.47937;GBR.IDXEUR
2026-09-04 20:00:00;12606.895;12606.895;12606.895;12606.895;0.00029;GBR.IDXEUR
2026-09-06 22:00:00;12605.7;12607.058;12603.744;12604.599;0.017304;GBR.IDXEUR
2026-09-06 23:00:00;12604.892;12605.993;12602.547;12603.258;0.024048;GBR.IDXEUR
2026-09-07 00:00:00;12608.631;12608.631;12588.833;12598.461;0.264612;GBR.IDXEUR
2026-09-07 01:00:00;12598.461;12599.996;12585.502;12585.502;0.2076;GBR.IDXEUR
2026-09-07 02:00:00;12585.502;12590.099;12584.742;12586.501;0.15825;GBR.IDXEUR
2026-09-07 03:00:00;12586.648;12594.143;12585.289;12590.857;0.1605;GBR.IDXEUR
2026-09-07 04:00:00;12590.85;12596.223;12588.934;12596.095;0.1194;GBR.IDXEUR
2026-09-07 05:00:00;12595.409;12603.219;12589.816;12591.769;0.1665;GBR.IDXEUR
2026-09-07 06:00:00;12591.988;12593.335;12572.846;12587.893;0.34815;GBR.IDXEUR
2026-09-07 07:00:00;12582.07;12613.043;12566.632;12586.99;1.9896;GBR.IDXEUR
2026-09-07 08:00:00;12586.623;12603.508;12571.238;12603.361;1.74881;GBR.IDXEUR
2026-09-07 09:00:00;12604.501;12629.118;12598.75;12624.889;1.07543;GBR.IDXEUR
2026-09-07 10:00:00;12625.472;12641.791;12624.478;12632.124;1.06253;GBR.IDXEUR
2026-09-07 11:00:00;12632.124;12646.186;12623.851;12634.279;1.08919;GBR.IDXEUR
2026-09-07 12:00:00;12634.132;12650.823;12621.996;12644.827;1.01136;GBR.IDXEUR
2026-09-07 13:00:00;12644.216;12656.27;12625.564;12633.776;1.10338;GBR.IDXEUR
2026-09-07 14:00:00;12634.006;12635.886;12599.564;12600.283;1.21475;GBR.IDXEUR
2026-09-07 15:00:00;12600.283;12608.225;12589.291;12593.635;1.19239;GBR.IDXEUR
2026-09-07 16:00:00;12593.781;12599.053;12591.496;12597.957;0.2681;GBR.IDXEUR
2026-09-07 17:00:00;12597.957;12599.849;12595.7;12596.279;0.1131;GBR.IDXEUR
2026-09-07 18:00:00;12596.132;12597.079;12593.426;12595.119;0.07482;GBR.IDXEUR
2026-09-07 19:00:00;12595.119;12603.021;12595.119;12601.423;0.08468;GBR.IDXEUR
2026-09-07 22:00:00;12598.546;12603.561;12596.068;12598.972;0.027168;GBR.IDXEUR
2026-09-07 23:00:00;12598.619;12607.645;12594.673;12605.487;0.034584;GBR.IDXEUR
2026-09-08 00:00:00;12597.658;12606.949;12593.605;12599.679;0.313896;GBR.IDXEUR
2026-09-08 01:00:00;12599.679;12612.424;12589.352;12611.889;0.3159;GBR.IDXEUR
2026-09-08 02:00:00;12612.183;12612.902;12595.649;12597.885;0.2727;GBR.IDXEUR
2026-09-08 03:00:00;12598.196;12607.237;12595.428;12605.945;0.1737;GBR.IDXEUR
2026-09-08 04:00:00;12605.798;12606.821;12597.359;12599.206;0.15345;GBR.IDXEUR
2026-09-08 05:00:00;12599.549;12599.903;12568.218;12568.296;0.3273;GBR.IDXEUR
2026-09-08 06:00:00;12568.296;12583.858;12541.72;12583.254;0.52665;GBR.IDXEUR
2026-09-08 07:00:00;12583.254;12619.747;12572.197;12579.76;2.59137;GBR.IDXEUR
2026-09-08 08:00:00;12579.865;12586.757;12551.869;12575.25;2.38693;GBR.IDXEUR
2026-09-08 09:00:00;12575.103;12613.171;12568.833;12610.173;1.68259;GBR.IDXEUR
2026-09-08 10:00:00;12610.026;12620.424;12596.018;12599.836;1.36224;GBR.IDXEUR
2026-09-08 11:00:00;12599.543;12646.302;12593.239;12637.454;1.6641;GBR.IDXEUR
2026-09-08 12:00:00;12637.307;12638.773;12612.947;12631.048;1.87738;GBR.IDXEUR
2026-09-08 13:00:00;12630.719;12653.01;12625.348;12645.098;2.34436;GBR.IDXEUR
2026-09-08 14:00:00;12644.868;12649.21;12597.651;12613.722;2.11001;GBR.IDXEUR
2026-09-08 15:00:00;12614.182;12617.597;12562.038;12562.641;1.68431;GBR.IDXEUR
2026-09-08 16:00:00;12562.956;12568.897;12546.754;12554.39;0.67516;GBR.IDXEUR
2026-09-08 17:00:00;12554.682;12564.559;12546.765;12563.362;0.47908;GBR.IDXEUR
2026-09-08 18:00:00;12563.115;12571.812;12549.454;12553.253;0.68266;GBR.IDXEUR
2026-09-08 19:00:00;12553.815;12554.66;12534.12;12535.494;0.71456;GBR.IDXEUR
2026-09-08 20:00:00;12535.64;12537.13;12529.343;12532.425;0.029966;GBR.IDXEUR
2026-09-08 22:00:00;12531.25;12538.943;12530.149;12538.637;0.023352;GBR.IDXEUR
2026-09-08 23:00:00;12538.637;12539.009;12530.911;12531.264;0.020328;GBR.IDXEUR
2026-09-09 00:00:00;12544.047;12559.156;12527.472;12548.984;0.266682;GBR.IDXEUR
2026-09-09 01:00:00;12549.49;12549.525;12534.315;12536.017;0.2592;GBR.IDXEUR
2026-09-09 02:00:00;12536.017;12538.215;12527.994;12535.697;0.18345;GBR.IDXEUR
2026-09-09 03:00:00;12536.192;12540.24;12532.499;12532.947;0.18105;GBR.IDXEUR
2026-09-09 04:00:00;12532.801;12540.757;12525.992;12539.931;0.1776;GBR.IDXEUR
2026-09-09 05:00:00;12540.419;12551.43;12530.393;12542.446;0.2322;GBR.IDXEUR
2026-09-09 06:00:00;12542.738;12543.353;12514.792;12529.383;0.4365;GBR.IDXEUR
2026-09-09 07:00:00;12529.958;12596.344;12523.845;12558.403;2.32952;GBR.IDXEUR
2026-09-09 08:00:00;12559.335;12571.512;12520.456;12529.773;1.81116;GBR.IDXEUR
2026-09-09 09:00:00;12531.665;12543.029;12519.608;12520.918;1.77633;GBR.IDXEUR
2026-09-09 10:00:00;12520.773;12526.285;12461.433;12466.565;2.03175;GBR.IDXEUR
2026-09-09 11:00:00;12466.381;12476.555;12438.934;12445.646;2.30265;GBR.IDXEUR
2026-09-09 12:00:00;12445.186;12468.829;12420.833;12468.829;2.07346;GBR.IDXEUR
2026-09-09 13:00:00;12468.684;12481.615;12434.358;12445.229;2.56065;GBR.IDXEUR
2026-09-09 14:00:00;12445.669;12456.039;12400.492;12414.66;2.78253;GBR.IDXEUR
2026-09-09 15:00:00;12413.944;12436.508;12402.85;12413.107;2.90852;GBR.IDXEUR
2026-09-09 16:00:00;12412.963;12419.84;12394.876;12401.67;0.94147;GBR.IDXEUR
2026-09-09 17:00:00;12401.67;12412.124;12396.76;12408.85;0.57739;GBR.IDXEUR
2026-09-09 18:00:00;12408.834;12414.834;12400.117;12406.817;0.48604;GBR.IDXEUR
2026-09-09 19:00:00;12406.817;12412.659;12390.285;12396.733;0.58377;GBR.IDXEUR
2026-09-09 20:00:00;12397.001;12400.688;12396.979;12399.584;0.026004;GBR.IDXEUR
2026-09-09 22:00:00;12398.272;12406.303;12398.092;12403.983;0.01956;GBR.IDXEUR
2026-09-09 23:00:00;12404.128;12410.968;12403.031;12409.634;0.019944;GBR.IDXEUR
2026-09-10 00:00:00;12408.067;12410.905;12381.941;12387.32;0.303738;GBR.IDXEUR
2026-09-10 01:00:00;12387.101;12394.306;12374.217;12394.027;0.3576;GBR.IDXEUR
2026-09-10 02:00:00;12394.366;12403.933;12391.718;12401.116;0.2466;GBR.IDXEUR
2026-09-10 03:00:00;12401.469;12406.395;12399.876;12403.381;0.19545;GBR.IDXEUR
2026-09-10 04:00:00;12403.381;12410.925;12401.345;12408.872;0.14565;GBR.IDXEUR
2026-09-10 05:00:00;12409.373;12417.537;12402.08;12407.409;0.21525;GBR.IDXEUR
2026-09-10 06:00:00;12407.698;12425.503;12403.009;12423.576;0.402;GBR.IDXEUR
2026-09-10 07:00:00;12423.181;12447.833;12410.989;12411.42;2.17091;GBR.IDXEUR
2026-09-10 08:00:00;12411.79;12416.967;12382.288;12388.98;1.74709;GBR.IDXEUR
2026-09-10 09:00:00;12389.124;12394.944;12363.325;12384.613;1.85072;GBR.IDXEUR
2026-09-10 10:00:00;12384.757;12392.956;12369.063;12369.063;1.93844;GBR.IDXEUR
2026-09-10 11:00:00;12368.919;12399.248;12364.741;12373.577;1.79396;GBR.IDXEUR
2026-09-10 12:00:00;12373.433;12379.2;12329.008;12368.226;3.50837;GBR.IDXEUR
2026-09-10 13:00:00;12368.723;12390.134;12350.555;12352.983;3.36776;GBR.IDXEUR
2026-09-10 14:00:00;12352.726;12376.599;12328.214;12345.737;3.0315;GBR.IDXEUR
2026-09-10 15:00:00;12345.45;12356.07;12331.96;12335.16;2.31426;GBR.IDXEUR
2026-09-10 16:00:00;12335.016;12345.629;12320.207;12345.058;1.05268;GBR.IDXEUR
2026-09-10 17:00:00;12344.914;12349.155;12324.914;12330.643;0.7888;GBR.IDXEUR
2026-09-10 18:00:00;12330.787;12335.308;12313.532;12325.959;0.93003;GBR.IDXEUR
2026-09-10 19:00:00;12326.102;12335.699;12314.542;12335.26;0.85347;GBR.IDXEUR
2026-09-10 20:00:00;12335.288;12341.309;12332.779;12341.065;0.041432;GBR.IDXEUR
2026-09-10 22:00:00;12340.796;12345.982;12338.256;12339.144;0.035352;GBR.IDXEUR
2026-09-10 23:00:00;12339.338;12340.379;12332.89;12333.363;0.032736;GBR.IDXEUR
2026-09-11 00:00:00;12332.343;12352.514;12314.414;12351.381;0.35412;GBR.IDXEUR
2026-09-11 01:00:00;12351.145;12360.941;12330.892;12334.095;0.4182;GBR.IDXEUR
2026-09-11 02:00:00;12335.043;12339.362;12327.52;12333.2;0.36585;GBR.IDXEUR
2026-09-11 03:00:00;12332.4;12343.859;12329.65;12342.058;0.32205;GBR.IDXEUR
2026-09-11 04:00:00;12341.939;12363.507;12339.355;12354.399;0.3594;GBR.IDXEUR
2026-09-11 05:00:00;12354.177;12379.748;12353.831;12375.097;0.4014;GBR.IDXEUR
2026-09-11 06:00:00;12376.628;12390.809;12368.495;12381.554;0.5838;GBR.IDXEUR
2026-09-11 07:00:00;12381.745;12391.133;12348.3;12370.964;2.3196;GBR.IDXEUR
2026-09-11 08:00:00;12370.964;12405.463;12362.656;12405.463;1.84857;GBR.IDXEUR
2026-09-11 09:00:00;12405.463;12419.195;12399.254;12417.777;1.52478;GBR.IDXEUR
2026-09-11 10:00:00;12418.379;12442.393;12411.808;12433.356;1.43362;GBR.IDXEUR
2026-09-11 11:00:00;12433.713;12442.903;12428.745;12435.912;1.4534;GBR.IDXEUR
2026-09-11 12:00:00;12435.622;12483.081;12413.567;12482.458;3.00097;GBR.IDXEUR
2026-09-11 13:00:00;12482.871;12491.372;12429.221;12448.204;3.79475;GBR.IDXEUR
2026-09-11 14:00:00;12448.204;12448.204;12398.177;12402.521;3.12223;GBR.IDXEUR
2026-09-11 15:00:00;12402.521;12430.695;12392.511;12424.999;2.33275;GBR.IDXEUR
2026-09-11 16:00:00;12425.143;12442.045;12423.269;12439.23;1.00562;GBR.IDXEUR
2026-09-11 17:00:00;12439.23;12446.484;12428.306;12432.922;0.72732;GBR.IDXEUR
2026-09-11 18:00:00;12433.317;12441.282;12425.657;12427.125;0.60726;GBR.IDXEUR
2026-09-11 19:00:00;12427.27;12444.514;12425.604;12440.809;0.5481;GBR.IDXEUR
2026-09-11 20:00:00;12440.395;12440.619;12440.123;12440.257;0.00319;GBR.IDXEUR
2026-09-13 22:00:00;12391.401;12398.42;12376.824;12396.706;0.111552;GBR.IDXEUR
2026-09-13 23:00:00;12396.572;12406.896;12395.152;12406.739;0.055344;GBR.IDXEUR
2026-09-14 00:00:00;12422.656;12442.559;12406.092;12438.611;0.409626;GBR.IDXEUR
2026-09-14 01:00:00;12438.611;12442.454;12429.029;12439.478;0.3651;GBR.IDXEUR
2026-09-14 02:00:00;12439.141;12448.132;12435.574;12444.612;0.24675;GBR.IDXEUR
2026-09-14 03:00:00;12444.368;12450.54;12440.368;12444.925;0.3156;GBR.IDXEUR
2026-09-14 04:00:00;12444.582;12454.989;12444.203;12450.468;0.24375;GBR.IDXEUR
2026-09-14 05:00:00;12450.323;12455.069;12446.159;12449.674;0.2916;GBR.IDXEUR
2026-09-14 06:00:00;12449.674;12474.676;12441.6;12447.586;0.5766;GBR.IDXEUR
2026-09-14 07:00:00;12447.82;12531.258;12443.97;12503.058;2.81067;GBR.IDXEUR
2026-09-14 08:00:00;12503.278;12522.948;12491.758;12520.751;2.61956;GBR.IDXEUR
2026-09-14 09:00:00;12520.372;12534.131;12486.257;12534.131;2.3779;GBR.IDXEUR
2026-09-14 10:00:00;12533.545;12545.254;12519.955;12533.552;1.85502;GBR.IDXEUR
2026-09-14 11:00:00;12533.552;12536.615;12505.474;12510.137;1.70151;GBR.IDXEUR
2026-09-14 12:00:00;12510.283;12530.894;12496.846;12527.984;2.51722;GBR.IDXEUR
2026-09-14 13:00:00;12527.838;12541.101;12502.987;12516.055;2.8724;GBR.IDXEUR
2026-09-14 14:00:00;12516.055;12523.674;12465.753;12472.483;2.99925;GBR.IDXEUR
2026-09-14 15:00:00;12472.504;12532.599;12466.639;12528.41;2.95711;GBR.IDXEUR
2026-09-14 16:00:00;12528.703;12550.744;12522.687;12545.7;1.39704;GBR.IDXEUR
2026-09-14 17:00:00;12546.036;12546.906;12517.582;12518.554;0.86913;GBR.IDXEUR
2026-09-14 18:00:00;12519.023;12529.94;12511.089;12525.499;0.66497;GBR.IDXEUR
2026-09-14 19:00:00;12525.018;12527.097;12493.861;12496.438;0.79141;GBR.IDXEUR
2026-09-14 20:00:00;12496.098;12496.812;12492.663;12493.995;0.036842;GBR.IDXEUR
2026-09-14 22:00:00;12496.086;12503.554;12495.545;12502.473;0.033864;GBR.IDXEUR
2026-09-14 23:00:00;12502.912;12503.142;12500.057;12502.386;0.024072;GBR.IDXEUR
2026-09-15 00:00:00;12500.425;12511.586;12496.113;12507.523;0.292146;GBR.IDXEUR
2026-09-15 01:00:00;12507.133;12512.325;12485.712;12487.014;0.32235;GBR.IDXEUR
2026-09-15 02:00:00;12487.014;12495.394;12484.54;12490.973;0.246;GBR.IDXEUR
2026-09-15 03:00:00;12491.119;12492.154;12485.543;12486.252;0.17685;GBR.IDXEUR
2026-09-15 04:00:00;12486.106;12486.906;12459.228;12459.593;0.21765;GBR.IDXEUR
2026-09-15 05:00:00;12459.739;12486.343;12456.211;12476.789;0.3093;GBR.IDXEUR
2026-09-15 06:00:00;12477.994;12482.016;12443.116;12453.767;0.54465;GBR.IDXEUR
2026-09-15 07:00:00;12454.138;12458.806;12368.128;12390.097;3.00186;GBR.IDXEUR
2026-09-15 08:00:00;12390.097;12410.267;12357.14;12402.09;2.6918;GBR.IDXEUR
2026-09-15 09:00:00;12401.746;12448.092;12379.289;12447.661;2.24288;GBR.IDXEUR
2026-09-15 10:00:00;12447.328;12478.868;12439.363;12477.254;1.74795;GBR.IDXEUR
2026-09-15 11:00:00;12477.254;12485.14;12450.691;12470.332;1.65894;GBR.IDXEUR
2026-09-15 12:00:00;12469.978;12478.059;12450.749;12473.175;2.08679;GBR.IDXEUR
2026-09-15 13:00:00;12472.622;12475.938;12436.386;12461.945;2.86724;GBR.IDXEUR
2026-09-15 14:00:00;12462.001;12474.528;12446.066;12448.126;3.07751;GBR.IDXEUR
2026-09-15 15:00:00;12448.349;12461.894;12435.299;12440.754;2.33361;GBR.IDXEUR
2026-09-15 16:00:00;12440.173;12464.427;12437.379;12464.129;0.82792;GBR.IDXEUR
2026-09-15 17:00:00;12464.275;12470.775;12455.419;12470.35;0.67715;GBR.IDXEUR
2026-09-15 18:00:00;12470.204;12482.6;12464.254;12476.369;0.71833;GBR.IDXEUR
2026-09-15 19:00:00;12476.515;12479.123;12467.035;12468.456;0.65482;GBR.IDXEUR
2026-09-15 20:00:00;12468.602;12474.359;12468.025;12473.885;0.025188;GBR.IDXEUR
2026-09-15 22:00:00;12476.11;12481.648;12472.946;12480.73;0.027792;GBR.IDXEUR
2026-09-15 23:00:00;12480.613;12481.209;12476.586;12478.779;0.0276;GBR.IDXEUR
2026-09-16 00:00:00;12475.56;12491.269;12474.023;12477.04;0.28848;GBR.IDXEUR
2026-09-16 01:00:00;12476.694;12485.021;12460.448;12461.106;0.294;GBR.IDXEUR
2026-09-16 02:00:00;12460.53;12481.24;12460.165;12475.505;0.36525;GBR.IDXEUR
2026-09-16 03:00:00;12475.275;12485.045;12470.539;12481.244;0.28755;GBR.IDXEUR
2026-09-16 04:00:00;12481.098;12482.959;12469.207;12473.178;0.2196;GBR.IDXEUR
2026-09-16 05:00:00;12472.887;12479.995;12467.005;12475.777;0.3303;GBR.IDXEUR
2026-09-16 06:00:00;12475.339;12490.14;12471.009;12487.834;0.49575;GBR.IDXEUR
2026-09-16 07:00:00;12487.257;12503.505;12473.218;12477.926;2.23701;GBR.IDXEUR
2026-09-16 08:00:00;12477.484;12489.195;12458.524;12478.044;1.99563;GBR.IDXEUR
2026-09-16 09:00:00;12477.898;12493.067;12462.711;12487.701;1.72645;GBR.IDXEUR
2026-09-16 10:00:00;12487.41;12522.195;12485.329;12517.301;1.40782;GBR.IDXEUR
2026-09-16 11:00:00;12517.301;12529.258;12507.076;12521.531;1.77633;GBR.IDXEUR
2026-09-16 12:00:00;12521.531;12522.842;12497.345;12513.417;1.67313;GBR.IDXEUR
2026-09-16 13:00:00;12513.417;12520.719;12478.338;12479.729;2.56538;GBR.IDXEUR
2026-09-16 14:00:00;12479.438;12487.693;12451.313;12471.053;2.33963;GBR.IDXEUR
2026-09-16 15:00:00;12471.053;12487.445;12454.245;12470.003;2.50905;GBR.IDXEUR
2026-09-16 16:00:00;12469.858;12476.755;12466.457;12470.598;0.74271;GBR.IDXEUR
2026-09-16 17:00:00;12470.598;12489.495;12461.228;12488.551;0.72065;GBR.IDXEUR
2026-09-16 18:00:00;12488.063;12504.447;12440.53;12442.446;3.18884;GBR.IDXEUR
2026-09-16 19:00:00;12442.086;12462.424;12400.138;12457.484;2.68569;GBR.IDXEUR
2026-09-16 20:00:00;12457.338;12460.191;12454.828;12455.956;0.156494;GBR.IDXEUR
2026-09-16 22:00:00;12460.707;12474.654;12456.489;12474.327;0.045912;GBR.IDXEUR
2026-09-16 23:00:00;12474.182;12491.204;12472.597;12483.172;0.056064;GBR.IDXEUR
2026-09-17 00:00:00;12508.84;12515.823;12496.508;12507.018;0.450852;GBR.IDXEUR
2026-09-17 01:00:00;12507.018;12516.512;12490.586;12491.878;0.46155;GBR.IDXEUR
2026-09-17 02:00:00;12492.024;12509.652;12489.951;12504.433;0.3534;GBR.IDXEUR
2026-09-17 03:00:00;12504.1;12514.67;12501.325;12514.316;0.2583;GBR.IDXEUR
2026-09-17 04:00:00;12514.652;12517.968;12505.268;12509.064;0.23445;GBR.IDXEUR
2026-09-17 05:00:00;12509.428;12511.979;12499.564;12499.564;0.2787;GBR.IDXEUR
2026-09-17 06:00:00;12499.418;12528.237;12496.934;12524.583;0.4998;GBR.IDXEUR
2026-09-17 07:00:00;12524.729;12588.879;12518.04;12539.624;2.34745;GBR.IDXEUR
2026-09-17 08:00:00;12539.009;12546.169;12516.135;12533.715;1.97413;GBR.IDXEUR
2026-09-17 09:00:00;12533.715;12549.276;12524.814;12529.613;1.55918;GBR.IDXEUR
2026-09-17 10:00:00;12529.995;12530.084;12494.451;12513.292;1.54499;GBR.IDXEUR
2026-09-17 11:00:00;12512.999;12537.703;12511.362;12534.178;2.79715;GBR.IDXEUR
2026-09-17 12:00:00;12534.032;12567.397;12510.158;12548.729;2.44971;GBR.IDXEUR
2026-09-17 13:00:00;12548.875;12573.693;12526.787;12570.64;2.85993;GBR.IDXEUR
2026-09-17 14:00:00;12570.64;12579.921;12552.208;12563.566;2.88401;GBR.IDXEUR
2026-09-17 15:00:00;12563.566;12595.2;12561.41;12590.743;2.37188;GBR.IDXEUR
2026-09-17 16:00:00;12590.89;12596.395;12568.627;12575.935;0.86066;GBR.IDXEUR
2026-09-17 17:00:00;12576.227;12581.588;12568.246;12572.138;0.64525;GBR.IDXEUR
2026-09-17 18:00:00;12572.138;12580.935;12565.208;12570.169;0.53534;GBR.IDXEUR
2026-09-17 19:00:00;12569.83;12584.875;12562.187;12577.881;0.63539;GBR.IDXEUR
2026-09-17 20:00:00;12578.028;12580.841;12576.39;12576.739;0.040216;GBR.IDXEUR
2026-09-17 22:00:00;12575.786;12577.467;12570.834;12572.632;0.025416;GBR.IDXEUR
2026-09-17 23:00:00;12572.778;12577.171;12572.339;12574.307;0.028128;GBR.IDXEUR
2026-09-18 00:00:00;12573.041;12575.171;12549.898;12553.78;0.315126;GBR.IDXEUR
2026-09-18 01:00:00;12553.634;12566.8;12549.642;12566.439;0.39585;GBR.IDXEUR
2026-09-18 02:00:00;12566.585;12574.083;12565.206;12568.267;0.32985;GBR.IDXEUR
2026-09-18 03:00:00;12568.413;12582.166;12567.528;12578.599;0.39;GBR.IDXEUR
2026-09-18 04:00:00;12578.572;12580.091;12570.707;12577.843;0.28455;GBR.IDXEUR
2026-09-18 05:00:00;12577.285;12594.148;12574.794;12587.08;0.3477;GBR.IDXEUR
2026-09-18 06:00:00;12587.08;12595.397;12566.462;12569.51;0.55755;GBR.IDXEUR
2026-09-18 07:00:00;12568.948;12579.257;12529.318;12541.115;2.82091;GBR.IDXEUR
2026-09-18 08:00:00;12540.969;12541.294;12491.527;12527.647;2.23127;GBR.IDXEUR
2026-09-18 09:00:00;12527.501;12529.246;12488.877;12503.362;2.44197;GBR.IDXEUR
2026-09-18 10:00:00;12503.653;12513.507;12493.117;12497.395;1.91565;GBR.IDXEUR
2026-09-18 11:00:00;12497.614;12506.062;12464.28;12471.758;2.55033;GBR.IDXEUR
2026-09-18 12:00:00;12472.193;12473.043;12429.771;12447.284;2.43509;GBR.IDXEUR
2026-09-18 13:00:00;12447.139;12461.574;12414.425;12417.614;3.00527;GBR.IDXEUR
2026-09-18 14:00:00;12417.837;12446.2;12410.319;12432.474;3.35744;GBR.IDXEUR
2026-09-18 15:00:00;12431.94;12435.437;12397.805;12403.227;3.01086;GBR.IDXEUR
2026-09-18 16:00:00;12403.082;12403.888;12380.375;12395.602;1.09498;GBR.IDXEUR
2026-09-18 17:00:00;12395.033;12395.177;12381.067;12392.116;0.79924;GBR.IDXEUR
2026-09-18 18:00:00;12392.116;12396.071;12384.905;12390.083;0.61016;GBR.IDXEUR
2026-09-18 19:00:00;12390.372;12407.914;12386.424;12389.86;0.83433;GBR.IDXEUR
2026-09-18 20:00:00;12390.004;12390.004;12389.479;12389.857;0.00261;GBR.IDXEUR
2026-09-20 22:00:00;12395.21;12414.991;12390.782;12414.486;0.045264;GBR.IDXEUR
2026-09-20 23:00:00;12414.146;12418.227;12412.196;12416.802;0.029352;GBR.IDXEUR
2026-09-21 00:00:00;12415.788;12443.784;12408.058;12434.303;0.321684;GBR.IDXEUR
2026-09-21 01:00:00;12434.158;12449.174;12433.557;12447.121;0.31635;GBR.IDXEUR
2026-09-21 02:00:00;12447.266;12452.957;12443.833;12447.995;0.2004;GBR.IDXEUR
2026-09-21 03:00:00;12448.14;12455.871;12447.995;12455.335;0.20055;GBR.IDXEUR
2026-09-21 04:00:00;12454.985;12460.212;12450.486;12455.012;0.23745;GBR.IDXEUR
2026-09-21 05:00:00;12454.866;12458.565;12446.557;12457.928;0.2376;GBR.IDXEUR
2026-09-21 06:00:00;12458.074;12472.126;12452.532;12463.671;0.37155;GBR.IDXEUR
2026-09-21 07:00:00;12463.671;12489.727;12442.467;12482.797;2.12069;GBR.IDXEUR
2026-09-21 08:00:00;12482.204;12518.041;12481.271;12497.527;1.66367;GBR.IDXEUR
2026-09-21 09:00:00;12498.485;12535.865;12492.482;12532.797;1.53123;GBR.IDXEUR
2026-09-21 10:00:00;12533.009;12546.023;12530.873;12534.11;1.27753;GBR.IDXEUR
2026-09-21 11:00:00;12534.11;12565.009;12532.257;12559.527;1.36654;GBR.IDXEUR
2026-09-21 12:00:00;12559.751;12562.689;12541.238;12549.215;1.5781;GBR.IDXEUR
2026-09-21 13:00:00;12549.069;12564.261;12504.1;12507.672;2.5069;GBR.IDXEUR
2026-09-21 14:00:00;12507.425;12524.62;12497.492;12510.197;2.67288;GBR.IDXEUR
2026-09-21 15:00:00;12510.197;12534.151;12509.448;12523.644;1.89157;GBR.IDXEUR
2026-09-21 16:00:00;12523.936;12536.926;12522.02;12534.527;0.8235;GBR.IDXEUR
