timestamp;open;high;low;close;volume;ticker
2021-01-04 08:00:00;1.92;1.927;1.875;1.885;5.7775;ISP.ITEUR
2021-01-04 09:00:00;1.885;1.901;1.885;1.889;3.73;ISP.ITEUR
2021-01-04 10:00:00;1.889;1.899;1.889;1.893;3.3775;ISP.ITEUR
2021-01-04 11:00:00;1.893;1.905;1.893;1.899;2.6825;ISP.ITEUR
2021-01-04 12:00:00;1.9;1.907;1.894;1.905;2.1175;ISP.ITEUR
2021-01-04 13:00:00;1.906;1.909;1.898;1.901;2.52;ISP.ITEUR
2021-01-04 14:00:00;1.902;1.906;1.88;1.898;1.99;ISP.ITEUR
2021-01-04 15:00:00;1.899;1.9;1.886;1.887;2.62;ISP.ITEUR
2021-01-04 16:00:00;1.888;1.9;1.886;1.895;1.66;ISP.ITEUR
2021-01-05 08:00:00;1.883;1.895;1.874;1.881;8.7375;ISP.ITEUR
2021-01-05 09:00:00;1.881;1.895;1.877;1.891;6.3175;ISP.ITEUR
2021-01-05 10:00:00;1.891;1.896;1.882;1.883;4.585;ISP.ITEUR
2021-01-05 11:00:00;1.884;1.891;1.879;1.884;3.3875;ISP.ITEUR
2021-01-05 12:00:00;1.885;1.885;1.873;1.88;4.4075;ISP.ITEUR
2021-01-05 13:00:00;1.88;1.882;1.871;1.872;3.4275;ISP.ITEUR
2021-01-05 14:00:00;1.873;1.887;1.868;1.884;4.79;ISP.ITEUR
2021-01-05 15:00:00;1.885;1.889;1.869;1.872;5.41;ISP.ITEUR
2021-01-05 16:00:00;1.872;1.877;1.87;1.877;2.4025;ISP.ITEUR
2021-01-06 08:00:00;1.909;1.915;1.902;1.907;10.3675;ISP.ITEUR
2021-01-06 09:00:00;1.907;1.93;1.904;1.924;9.31;ISP.ITEUR
2021-01-06 10:00:00;1.923;1.932;1.916;1.932;8.2575;ISP.ITEUR
2021-01-06 11:00:00;1.933;1.943;1.931;1.94;5.625;ISP.ITEUR
2021-01-06 12:00:00;1.94;1.946;1.938;1.941;5.7675;ISP.ITEUR
2021-01-06 13:00:00;1.942;1.955;1.941;1.954;5.3675;ISP.ITEUR
2021-01-06 14:00:00;1.954;1.961;1.942;1.956;8.675;ISP.ITEUR
2021-01-06 15:00:00;1.957;1.974;1.957;1.958;9.0875;ISP.ITEUR
2021-01-06 16:00:00;1.958;1.958;1.95;1.955;1.72;ISP.ITEUR
2021-01-07 08:00:00;1.975;1.975;1.94;1.961;9.4575;ISP.ITEUR
2021-01-07 09:00:00;1.961;1.97;1.956;1.964;6.2025;ISP.ITEUR
2021-01-07 10:00:00;1.962;1.967;1.949;1.95;4.3825;ISP.ITEUR
2021-01-07 11:00:00;1.948;1.952;1.942;1.949;4.6625;ISP.ITEUR
2021-01-07 12:00:00;1.949;1.96;1.948;1.959;3.1925;ISP.ITEUR
2021-01-07 13:00:00;1.958;1.96;1.952;1.956;3.55;ISP.ITEUR
2021-01-07 14:00:00;1.957;1.975;1.956;1.973;4.785;ISP.ITEUR
2021-01-07 15:00:00;1.975;1.978;1.969;1.976;4.8525;ISP.ITEUR
2021-01-07 16:00:00;1.976;1.979;1.974;1.975;2.7225;ISP.ITEUR
2021-01-08 08:00:00;1.974;1.987;1.963;1.984;8.4125;ISP.ITEUR
2021-01-08 09:00:00;1.983;1.986;1.965;1.971;7.305;ISP.ITEUR
2021-01-08 10:00:00;1.972;1.977;1.96;1.965;5.0275;ISP.ITEUR
2021-01-08 11:00:00;1.964;1.969;1.962;1.963;3.7175;ISP.ITEUR
2021-01-08 12:00:00;1.963;1.968;1.958;1.963;4.3475;ISP.ITEUR
2021-01-08 13:00:00;1.963;1.965;1.953;1.954;4.295;ISP.ITEUR
2021-01-08 14:00:00;1.954;1.96;1.946;1.953;5.6875;ISP.ITEUR
2021-01-08 15:00:00;1.954;1.956;1.942;1.949;6.235;ISP.ITEUR
2021-01-08 16:00:00;1.948;1.95;1.944;1.947;2.6325;ISP.ITEUR
2021-01-11 08:00:00;1.943;1.964;1.941;1.947;10.49;ISP.ITEUR
2021-01-11 09:00:00;1.947;1.951;1.937;1.939;6.135;ISP.ITEUR
2021-01-11 10:00:00;1.938;1.943;1.936;1.94;3.31;ISP.ITEUR
2021-01-11 11:00:00;1.94;1.94;1.928;1.93;2.9675;ISP.ITEUR
2021-01-11 12:00:00;1.93;1.938;1.93;1.934;2.0975;ISP.ITEUR
2021-01-11 13:00:00;1.933;1.937;1.921;1.922;4.0775;ISP.ITEUR
2021-01-11 14:00:00;1.921;1.931;1.915;1.928;6.9825;ISP.ITEUR
2021-01-11 15:00:00;1.929;1.935;1.923;1.934;5.14;ISP.ITEUR
2021-01-11 16:00:00;1.935;1.936;1.927;1.934;2.63;ISP.ITEUR
2021-01-12 08:00:00;1.944;1.95;1.925;1.932;9.7925;ISP.ITEUR
2021-01-12 09:00:00;1.932;1.939;1.93;1.933;6.0025;ISP.ITEUR
2021-01-12 10:00:00;1.933;1.936;1.929;1.932;3.8375;ISP.ITEUR
2021-01-12 11:00:00;1.932;1.941;1.925;1.939;4.6525;ISP.ITEUR
2021-01-12 12:00:00;1.939;1.943;1.935;1.935;3.5825;ISP.ITEUR
2021-01-12 13:00:00;1.935;1.936;1.931;1.934;4.245;ISP.ITEUR
2021-01-12 14:00:00;1.934;1.939;1.926;1.93;5.815;ISP.ITEUR
2021-01-12 15:00:00;1.929;1.939;1.927;1.937;5.34;ISP.ITEUR
2021-01-12 16:00:00;1.938;1.939;1.935;1.936;2.5125;ISP.ITEUR
2021-01-13 08:00:00;1.921;1.928;1.912;1.915;6.93;ISP.ITEUR
2021-01-13 09:00:00;1.914;1.92;1.914;1.917;3.75;ISP.ITEUR
2021-01-13 10:00:00;1.917;1.918;1.902;1.913;3.695;ISP.ITEUR
2021-01-13 11:00:00;1.913;1.919;1.908;1.912;3.2825;ISP.ITEUR
2021-01-13 12:00:00;1.912;1.913;1.906;1.908;3.0375;ISP.ITEUR
2021-01-13 13:00:00;1.907;1.919;1.907;1.917;2.38;ISP.ITEUR
2021-01-13 14:00:00;1.916;1.926;1.916;1.921;3.345;ISP.ITEUR
2021-01-13 15:00:00;1.921;1.933;1.915;1.929;4.6675;ISP.ITEUR
2021-01-13 16:00:00;1.927;1.93;1.926;1.928;2.4025;ISP.ITEUR
2021-01-14 08:00:00;1.916;1.934;1.915;1.926;5.745;ISP.ITEUR
2021-01-14 09:00:00;1.926;1.936;1.923;1.933;4.755;ISP.ITEUR
2021-01-14 10:00:00;1.932;1.933;1.914;1.918;3.68;ISP.ITEUR
2021-01-14 11:00:00;1.918;1.92;1.903;1.904;4.4725;ISP.ITEUR
2021-01-14 12:00:00;1.905;1.906;1.897;1.906;3.7675;ISP.ITEUR
2021-01-14 13:00:00;1.906;1.912;1.9;1.912;3.5125;ISP.ITEUR
2021-01-14 14:00:00;1.913;1.922;1.91;1.917;3.945;ISP.ITEUR
2021-01-14 15:00:00;1.918;1.923;1.907;1.908;5.025;ISP.ITEUR
2021-01-14 16:00:00;1.908;1.915;1.904;1.912;2.185;ISP.ITEUR
2021-01-15 08:00:00;1.912;1.918;1.908;1.917;7.0525;ISP.ITEUR
2021-01-15 09:00:00;1.918;1.933;1.916;1.933;4.63;ISP.ITEUR
2021-01-15 10:00:00;1.932;1.944;1.929;1.931;5.7075;ISP.ITEUR
2021-01-15 11:00:00;1.932;1.936;1.927;1.929;4.4;ISP.ITEUR
2021-01-15 12:00:00;1.928;1.93;1.92;1.924;4.365;ISP.ITEUR
2021-01-15 13:00:00;1.924;1.931;1.918;1.918;4.23;ISP.ITEUR
2021-01-15 14:00:00;1.918;1.921;1.908;1.912;5.7325;ISP.ITEUR
2021-01-15 15:00:00;1.912;1.912;1.884;1.899;9.18;ISP.ITEUR
2021-01-15 16:00:00;1.898;1.901;1.894;1.899;3.615;ISP.ITEUR
2021-01-18 08:00:00;1.891;1.91;1.886;1.906;7.685;ISP.ITEUR
2021-01-18 09:00:00;1.906;1.91;1.898;1.901;4.4775;ISP.ITEUR
2021-01-18 10:00:00;1.901;1.907;1.896;1.901;3.335;ISP.ITEUR
2021-01-18 11:00:00;1.902;1.91;1.899;1.903;3.4375;ISP.ITEUR
2021-01-18 12:00:00;1.904;1.908;1.901;1.904;1.8875;ISP.ITEUR
2021-01-18 13:00:00;1.903;1.913;1.902;1.91;2.0475;ISP.ITEUR
2021-01-18 14:00:00;1.909;1.921;1.908;1.919;3.345;ISP.ITEUR
2021-01-18 15:00:00;1.918;1.926;1.915;1.921;3.3025;ISP.ITEUR
2021-01-18 16:00:00;1.921;1.922;1.914;1.917;1.74;ISP.ITEUR
2021-01-19 08:00:00;1.921;1.927;1.916;1.924;7.9125;ISP.ITEUR
2021-01-19 09:00:00;1.924;1.927;1.905;1.914;5.4725;ISP.ITEUR
2021-01-19 10:00:00;1.914;1.915;1.908;1.91;3.3025;ISP.ITEUR
2021-01-19 11:00:00;1.911;1.921;1.91;1.919;2.8;ISP.ITEUR
2021-01-19 12:00:00;1.919;1.928;1.915;1.926;2.9925;ISP.ITEUR
2021-01-19 13:00:00;1.927;1.927;1.92;1.923;2.86;ISP.ITEUR
2021-01-19 14:00:00;1.922;1.928;1.909;1.913;4.1225;ISP.ITEUR
2021-01-19 15:00:00;1.914;1.914;1.902;1.908;5.765;ISP.ITEUR
2021-01-19 16:00:00;1.908;1.91;1.902;1.907;3.39;ISP.ITEUR
2021-01-20 08:00:00;1.918;1.928;1.911;1.927;8.8075;ISP.ITEUR
2021-01-20 09:00:00;1.926;1.932;1.921;1.924;6.16;ISP.ITEUR
2021-01-20 10:00:00;1.924;1.932;1.924;1.931;4.0425;ISP.ITEUR
2021-01-20 11:00:00;1.931;1.932;1.922;1.924;4.6875;ISP.ITEUR
2021-01-20 12:00:00;1.924;1.926;1.918;1.921;3.52;ISP.ITEUR
2021-01-20 13:00:00;1.922;1.924;1.915;1.92;2.94;ISP.ITEUR
2021-01-20 14:00:00;1.921;1.926;1.917;1.922;4.265;ISP.ITEUR
2021-01-20 15:00:00;1.922;1.925;1.918;1.924;4.535;ISP.ITEUR
2021-01-20 16:00:00;1.923;1.925;1.92;1.925;2.0475;ISP.ITEUR
2021-01-21 08:00:00;1.932;1.937;1.92;1.923;7.3575;ISP.ITEUR
2021-01-21 09:00:00;1.922;1.926;1.918;1.922;3.92;ISP.ITEUR
2021-01-21 10:00:00;1.921;1.925;1.917;1.922;3.39;ISP.ITEUR
2021-01-21 11:00:00;1.921;1.928;1.92;1.928;2.19;ISP.ITEUR
2021-01-21 12:00:00;1.927;1.929;1.919;1.921;2.3875;ISP.ITEUR
2021-01-21 13:00:00;1.921;1.925;1.909;1.925;4.79;ISP.ITEUR
2021-01-21 14:00:00;1.925;1.93;1.909;1.911;6.1725;ISP.ITEUR
2021-01-21 15:00:00;1.911;1.916;1.904;1.914;6.0425;ISP.ITEUR
2021-01-21 16:00:00;1.915;1.92;1.909;1.917;2.9175;ISP.ITEUR
2021-01-22 08:00:00;1.895;1.895;1.873;1.886;10.2325;ISP.ITEUR
2021-01-22 09:00:00;1.887;1.888;1.853;1.856;6.78;ISP.ITEUR
2021-01-22 10:00:00;1.855;1.869;1.854;1.859;5.4275;ISP.ITEUR
2021-01-22 11:00:00;1.86;1.872;1.857;1.869;3.445;ISP.ITEUR
2021-01-22 12:00:00;1.869;1.877;1.866;1.874;3.62;ISP.ITEUR
2021-01-22 13:00:00;1.873;1.875;1.872;1.873;2.225;ISP.ITEUR
2021-01-22 14:00:00;1.873;1.883;1.872;1.878;3.8475;ISP.ITEUR
2021-01-22 15:00:00;1.878;1.882;1.872;1.877;5.5375;ISP.ITEUR
2021-01-22 16:00:00;1.879;1.881;1.874;1.88;3.0825;ISP.ITEUR
2021-01-25 08:00:00;1.891;1.894;1.869;1.878;6.7925;ISP.ITEUR
2021-01-25 09:00:00;1.879;1.879;1.863;1.867;4.93;ISP.ITEUR
2021-01-25 10:00:00;1.867;1.871;1.859;1.871;3.4725;ISP.ITEUR
2021-01-25 11:00:00;1.87;1.872;1.857;1.861;4.015;ISP.ITEUR
2021-01-25 12:00:00;1.86;1.861;1.832;1.836;7.03;ISP.ITEUR
2021-01-25 13:00:00;1.834;1.836;1.817;1.832;8.3025;ISP.ITEUR
2021-01-25 14:00:00;1.832;1.834;1.818;1.824;7.7075;ISP.ITEUR
2021-01-25 15:00:00;1.824;1.84;1.824;1.826;7.685;ISP.ITEUR
2021-01-25 16:00:00;1.825;1.827;1.815;1.82;5.485;ISP.ITEUR
2021-01-26 08:00:00;1.809;1.827;1.803;1.814;13.605;ISP.ITEUR
2021-01-26 09:00:00;1.814;1.841;1.814;1.836;8.5575;ISP.ITEUR
2021-01-26 10:00:00;1.835;1.836;1.823;1.828;4.915;ISP.ITEUR
2021-01-26 11:00:00;1.829;1.846;1.827;1.839;5.5925;ISP.ITEUR
2021-01-26 12:00:00;1.84;1.848;1.837;1.845;4.8075;ISP.ITEUR
2021-01-26 13:00:00;1.845;1.845;1.83;1.836;3.745;ISP.ITEUR
2021-01-26 14:00:00;1.836;1.838;1.822;1.822;5.8025;ISP.ITEUR
2021-01-26 15:00:00;1.823;1.846;1.822;1.842;6.395;ISP.ITEUR
2021-01-26 16:00:00;1.842;1.843;1.835;1.842;3.8275;ISP.ITEUR
2021-01-27 08:00:00;1.833;1.841;1.816;1.817;8.7225;ISP.ITEUR
2021-01-27 09:00:00;1.818;1.832;1.818;1.83;6.1725;ISP.ITEUR
2021-01-27 10:00:00;1.83;1.83;1.813;1.813;5.435;ISP.ITEUR
2021-01-27 11:00:00;1.813;1.816;1.802;1.808;6.585;ISP.ITEUR
2021-01-27 12:00:00;1.808;1.814;1.802;1.805;6.4425;ISP.ITEUR
2021-01-27 13:00:00;1.805;1.817;1.803;1.805;6.015;ISP.ITEUR
2021-01-27 14:00:00;1.805;1.815;1.78;1.791;10.75;ISP.ITEUR
2021-01-27 15:00:00;1.793;1.802;1.789;1.799;11.8075;ISP.ITEUR
2021-01-27 16:00:00;1.799;1.801;1.789;1.796;4.185;ISP.ITEUR
2021-01-28 08:00:00;1.785;1.814;1.783;1.789;15.7425;ISP.ITEUR
2021-01-28 09:00:00;1.788;1.797;1.782;1.787;11.595;ISP.ITEUR
2021-01-28 10:00:00;1.787;1.797;1.784;1.784;6.61;ISP.ITEUR
2021-01-28 11:00:00;1.784;1.795;1.783;1.789;6.2875;ISP.ITEUR
2021-01-28 12:00:00;1.789;1.795;1.78;1.782;6.4075;ISP.ITEUR
2021-01-28 13:00:00;1.782;1.813;1.781;1.813;7.695;ISP.ITEUR
2021-01-28 14:00:00;1.812;1.825;1.806;1.815;10.8075;ISP.ITEUR
2021-01-28 15:00:00;1.815;1.832;1.812;1.829;10.005;ISP.ITEUR
2021-01-28 16:00:00;1.829;1.84;1.827;1.827;4.775;ISP.ITEUR
2021-01-29 08:00:00;1.802;1.815;1.792;1.807;10.975;ISP.ITEUR
2021-01-29 09:00:00;1.807;1.812;1.794;1.8;6.8075;ISP.ITEUR
2021-01-29 10:00:00;1.799;1.804;1.791;1.797;5.0325;ISP.ITEUR
2021-01-29 11:00:00;1.796;1.816;1.794;1.811;4.59;ISP.ITEUR
2021-01-29 12:00:00;1.811;1.813;1.799;1.8;4.215;ISP.ITEUR
2021-01-29 13:00:00;1.8;1.81;1.785;1.805;9.8;ISP.ITEUR
2021-01-29 14:00:00;1.806;1.814;1.797;1.804;7.7325;ISP.ITEUR
2021-01-29 15:00:00;1.803;1.823;1.801;1.818;8.2725;ISP.ITEUR
2021-01-29 16:00:00;1.818;1.82;1.802;1.804;3.835;ISP.ITEUR
2021-02-01 08:00:00;1.819;1.83;1.808;1.825;11.035;ISP.ITEUR
2021-02-01 09:00:00;1.825;1.83;1.81;1.811;7.0125;ISP.ITEUR
2021-02-01 10:00:00;1.811;1.828;1.811;1.82;4.8325;ISP.ITEUR
2021-02-01 11:00:00;1.82;1.837;1.82;1.831;5.545;ISP.ITEUR
2021-02-01 12:00:00;1.832;1.84;1.83;1.835;4.2075;ISP.ITEUR
2021-02-01 13:00:00;1.835;1.837;1.83;1.831;3.45;ISP.ITEUR
2021-02-01 14:00:00;1.831;1.832;1.819;1.822;5.69;ISP.ITEUR
2021-02-01 15:00:00;1.821;1.829;1.818;1.822;7.8225;ISP.ITEUR
2021-02-01 16:00:00;1.821;1.827;1.82;1.825;3.14;ISP.ITEUR
2021-02-02 08:00:00;1.827;1.851;1.827;1.849;9.675;ISP.ITEUR
2021-02-02 09:00:00;1.849;1.868;1.849;1.861;7.345;ISP.ITEUR
2021-02-02 10:00:00;1.861;1.865;1.855;1.86;4.3825;ISP.ITEUR
2021-02-02 11:00:00;1.859;1.864;1.85;1.85;4.2575;ISP.ITEUR
2021-02-02 12:00:00;1.849;1.858;1.849;1.853;3.6575;ISP.ITEUR
2021-02-02 13:00:00;1.854;1.856;1.847;1.854;3.7075;ISP.ITEUR
2021-02-02 14:00:00;1.854;1.876;1.852;1.87;7.4725;ISP.ITEUR
2021-02-02 15:00:00;1.868;1.884;1.868;1.881;6.89;ISP.ITEUR
2021-02-02 16:00:00;1.882;1.883;1.87;1.871;3.2525;ISP.ITEUR
2021-02-03 08:00:00;1.989;2.009;1.93;1.966;9.08;ISP.ITEUR
2021-02-03 09:00:00;1.967;1.974;1.956;1.969;8.5;ISP.ITEUR
2021-02-03 10:00:00;1.969;1.989;1.967;1.984;6.7175;ISP.ITEUR
2021-02-03 11:00:00;1.984;1.986;1.967;1.976;4.67;ISP.ITEUR
2021-02-03 12:00:00;1.976;1.977;1.962;1.967;4.5475;ISP.ITEUR
2021-02-03 13:00:00;1.968;1.968;1.947;1.947;5.9675;ISP.ITEUR
2021-02-03 14:00:00;1.948;1.949;1.935;1.948;6.565;ISP.ITEUR
2021-02-03 15:00:00;1.949;1.956;1.942;1.95;6.795;ISP.ITEUR
2021-02-03 16:00:00;1.949;1.957;1.945;1.951;3.32;ISP.ITEUR
2021-02-04 08:00:00;1.959;1.959;1.938;1.946;5.92;ISP.ITEUR
2021-02-04 09:00:00;1.947;1.958;1.943;1.952;5.01;ISP.ITEUR
2021-02-04 10:00:00;1.952;1.967;1.945;1.967;5.6625;ISP.ITEUR
2021-02-04 11:00:00;1.966;1.972;1.954;1.955;5.4675;ISP.ITEUR
2021-02-04 12:00:00;1.955;1.963;1.955;1.961;4.3075;ISP.ITEUR
2021-02-04 13:00:00;1.962;1.986;1.959;1.981;7.0075;ISP.ITEUR
2021-02-04 14:00:00;1.982;1.998;1.981;1.997;7.3425;ISP.ITEUR
2021-02-04 15:00:00;1.997;2.035;1.994;2.015;12.575;ISP.ITEUR
2021-02-04 16:00:00;2.014;2.022;2.008;2.011;4.795;ISP.ITEUR
2021-02-05 08:00:00;2.031;2.06;2.02;2.058;13.715;ISP.ITEUR
2021-02-05 09:00:00;2.058;2.086;2.056;2.071;12.075;ISP.ITEUR
2021-02-05 10:00:00;2.071;2.083;2.07;2.077;8.2725;ISP.ITEUR
2021-02-05 11:00:00;2.078;2.082;2.068;2.08;7.465;ISP.ITEUR
2021-02-05 12:00:00;2.08;2.092;2.074;2.08;11.925;ISP.ITEUR
2021-02-05 13:00:00;2.08;2.083;2.061;2.069;10.085;ISP.ITEUR
2021-02-05 14:00:00;2.068;2.072;2.035;2.036;10.8375;ISP.ITEUR
2021-02-05 15:00:00;2.035;2.069;2.028;2.065;12.595;ISP.ITEUR
2021-02-05 16:00:00;2.067;2.069;2.051;2.059;4.2875;ISP.ITEUR
2021-02-08 08:00:00;2.092;2.133;2.09;2.113;18.0825;ISP.ITEUR
2021-02-08 09:00:00;2.112;2.125;2.109;2.123;8.425;ISP.ITEUR
2021-02-08 10:00:00;2.122;2.124;2.112;2.118;5.54;ISP.ITEUR
2021-02-08 11:00:00;2.118;2.124;2.118;2.123;3.42;ISP.ITEUR
2021-02-08 12:00:00;2.124;2.125;2.094;2.098;5.155;ISP.ITEUR
2021-02-08 13:00:00;2.098;2.11;2.098;2.103;4.5175;ISP.ITEUR
2021-02-08 14:00:00;2.104;2.115;2.099;2.111;6.9025;ISP.ITEUR
2021-02-08 15:00:00;2.11;2.115;2.095;2.102;4.9;ISP.ITEUR
2021-02-08 16:00:00;2.101;2.103;2.096;2.098;2.4975;ISP.ITEUR
2021-02-09 08:00:00;2.093;2.096;2.065;2.086;11.5275;ISP.ITEUR
2021-02-09 09:00:00;2.087;2.091;2.074;2.087;5.7525;ISP.ITEUR
2021-02-09 10:00:00;2.086;2.095;2.083;2.092;3.3175;ISP.ITEUR
2021-02-09 11:00:00;2.092;2.098;2.084;2.097;2.7375;ISP.ITEUR
2021-02-09 12:00:00;2.096;2.1;2.09;2.093;2.1625;ISP.ITEUR
2021-02-09 13:00:00;2.092;2.095;2.085;2.092;2.4275;ISP.ITEUR
2021-02-09 14:00:00;2.091;2.092;2.075;2.081;3.035;ISP.ITEUR
2021-02-09 15:00:00;2.081;2.09;2.076;2.086;2.6975;ISP.ITEUR
2021-02-09 16:00:00;2.088;2.088;2.079;2.08;1.94;ISP.ITEUR
2021-02-10 08:00:00;2.093;2.097;2.073;2.079;5.555;ISP.ITEUR
2021-02-10 09:00:00;2.079;2.091;2.074;2.086;2.9725;ISP.ITEUR
2021-02-10 10:00:00;2.088;2.088;2.081;2.086;2.0375;ISP.ITEUR
2021-02-10 11:00:00;2.086;2.09;2.079;2.082;1.735;ISP.ITEUR
2021-02-10 12:00:00;2.082;2.094;2.081;2.089;2.31;ISP.ITEUR
2021-02-10 13:00:00;2.09;2.098;2.088;2.093;2.555;ISP.ITEUR
2021-02-10 14:00:00;2.093;2.098;2.09;2.094;3.005;ISP.ITEUR
2021-02-10 15:00:00;2.094;2.103;2.073;2.086;5.5425;ISP.ITEUR
2021-02-10 16:00:00;2.086;2.088;2.08;2.08;2.4175;ISP.ITEUR
2021-02-11 08:00:00;2.079;2.09;2.069;2.081;9.1425;ISP.ITEUR
2021-02-11 09:00:00;2.08;2.083;2.069;2.071;4.59;ISP.ITEUR
2021-02-11 10:00:00;2.072;2.077;2.069;2.072;3.48;ISP.ITEUR
2021-02-11 11:00:00;2.073;2.084;2.072;2.081;2.5975;ISP.ITEUR
2021-02-11 12:00:00;2.08;2.085;2.078;2.08;2.39;ISP.ITEUR
2021-02-11 13:00:00;2.081;2.092;2.08;2.087;3.695;ISP.ITEUR
2021-02-11 14:00:00;2.087;2.095;2.084;2.086;4.6075;ISP.ITEUR
2021-02-11 15:00:00;2.087;2.094;2.085;2.086;4.6825;ISP.ITEUR
2021-02-11 16:00:00;2.087;2.088;2.08;2.084;2.7925;ISP.ITEUR
2021-02-12 08:00:00;2.084;2.084;2.059;2.064;7.29;ISP.ITEUR
2021-02-12 09:00:00;2.065;2.072;2.062;2.07;3.6575;ISP.ITEUR
2021-02-12 10:00:00;2.071;2.073;2.062;2.065;2.9875;ISP.ITEUR
2021-02-12 11:00:00;2.065;2.074;2.062;2.073;2.19;ISP.ITEUR
2021-02-12 12:00:00;2.072;2.078;2.072;2.074;1.8375;ISP.ITEUR
2021-02-12 13:00:00;2.074;2.083;2.074;2.074;2.03;ISP.ITEUR
2021-02-12 14:00:00;2.074;2.084;2.069;2.082;2.8325;ISP.ITEUR
2021-02-12 15:00:00;2.083;2.093;2.081;2.091;3.235;ISP.ITEUR
2021-02-12 16:00:00;2.092;2.093;2.087;2.093;1.0;ISP.ITEUR
2021-02-15 08:00:00;2.124;2.129;2.108;2.117;6.5375;ISP.ITEUR
2021-02-15 09:00:00;2.118;2.129;2.118;2.127;3.31;ISP.ITEUR
2021-02-15 10:00:00;2.128;2.133;2.122;2.129;2.4425;ISP.ITEUR
2021-02-15 11:00:00;2.128;2.131;2.12;2.127;1.9;ISP.ITEUR
2021-02-15 12:00:00;2.13;2.131;2.125;2.131;1.195;ISP.ITEUR
2021-02-15 13:00:00;2.127;2.131;2.122;2.128;1.3575;ISP.ITEUR
2021-02-15 14:00:00;2.127;2.131;2.124;2.131;1.3525;ISP.ITEUR
2021-02-15 15:00:00;2.13;2.133;2.122;2.127;1.6325;ISP.ITEUR
2021-02-15 16:00:00;2.127;2.128;2.117;2.12;1.5225;ISP.ITEUR
2021-02-16 08:00:00;2.113;2.118;2.103;2.111;19.4625;ISP.ITEUR
2021-02-16 09:00:00;2.111;2.115;2.102;2.113;11.2125;ISP.ITEUR
2021-02-16 10:00:00;2.114;2.124;2.113;2.118;10.3875;ISP.ITEUR
2021-02-16 11:00:00;2.119;2.121;2.107;2.12;12.0;ISP.ITEUR
2021-02-16 12:00:00;2.12;2.12;2.106;2.11;11.35;ISP.ITEUR
2021-02-16 13:00:00;2.111;2.113;2.105;2.107;6.6;ISP.ITEUR
2021-02-16 14:00:00;2.106;2.107;2.084;2.098;21.85;ISP.ITEUR
2021-02-16 15:00:00;2.099;2.104;2.089;2.103;14.9375;ISP.ITEUR
2021-02-16 16:00:00;2.104;2.111;2.098;2.104;8.1625;ISP.ITEUR
2021-02-17 08:00:00;2.101;2.114;2.093;2.11;44.175;ISP.ITEUR
2021-02-17 09:00:00;2.111;2.111;2.093;2.102;17.3875;ISP.ITEUR
2021-02-17 10:00:00;2.103;2.112;2.099;2.108;13.2625;ISP.ITEUR
2021-02-17 11:00:00;2.109;2.114;2.101;2.108;11.025;ISP.ITEUR
2021-02-17 12:00:00;2.107;2.108;2.096;2.098;11.6625;ISP.ITEUR
2021-02-17 13:00:00;2.098;2.104;2.087;2.091;19.5875;ISP.ITEUR
2021-02-17 14:00:00;2.091;2.1;2.08;2.095;31.5;ISP.ITEUR
2021-02-17 15:00:00;2.096;2.1;2.084;2.092;28.9375;ISP.ITEUR
2021-02-17 16:00:00;2.093;2.093;2.085;2.088;11.6875;ISP.ITEUR
2021-02-18 08:00:00;2.085;2.102;2.085;2.101;28.2;ISP.ITEUR
2021-02-18 09:00:00;2.101;2.101;2.082;2.085;17.525;ISP.ITEUR
2021-02-18 10:00:00;2.086;2.088;2.064;2.066;16.25;ISP.ITEUR
2021-02-18 11:00:00;2.066;2.075;2.06;2.075;17.65;ISP.ITEUR
2021-02-18 12:00:00;2.074;2.082;2.07;2.079;15.3125;ISP.ITEUR
2021-02-18 13:00:00;2.08;2.083;2.069;2.077;14.1875;ISP.ITEUR
2021-02-18 14:00:00;2.077;2.091;2.075;2.088;25.95;ISP.ITEUR
2021-02-18 15:00:00;2.089;2.091;2.069;2.072;23.75;ISP.ITEUR
2021-02-18 16:00:00;2.072;2.084;2.072;2.079;11.0375;ISP.ITEUR
2021-02-19 08:00:00;2.079;2.096;2.076;2.093;31.2875;ISP.ITEUR
2021-02-19 09:00:00;2.094;2.099;2.088;2.091;15.8625;ISP.ITEUR
2021-02-19 10:00:00;2.091;2.1;2.083;2.095;14.8125;ISP.ITEUR
2021-02-19 11:00:00;2.094;2.102;2.088;2.09;17.3875;ISP.ITEUR
2021-02-19 12:00:00;2.091;2.098;2.09;2.097;14.3625;ISP.ITEUR
2021-02-19 13:00:00;2.098;2.106;2.093;2.105;13.7875;ISP.ITEUR
2021-02-19 14:00:00;2.104;2.118;2.099;2.116;21.025;ISP.ITEUR
2021-02-19 15:00:00;2.112;2.12;2.112;2.115;14.9;ISP.ITEUR
2021-02-19 16:00:00;2.115;2.119;2.107;2.109;7.3375;ISP.ITEUR
2021-02-22 08:00:00;2.098;2.107;2.078;2.086;40.25;ISP.ITEUR
2021-02-22 09:00:00;2.086;2.095;2.08;2.084;24.675;ISP.ITEUR
2021-02-22 10:00:00;2.088;2.089;2.079;2.085;12.9;ISP.ITEUR
2021-02-22 11:00:00;2.085;2.089;2.08;2.089;13.125;ISP.ITEUR
2021-02-22 12:00:00;2.088;2.091;2.079;2.085;12.775;ISP.ITEUR
2021-02-22 13:00:00;2.085;2.089;2.082;2.086;9.7875;ISP.ITEUR
2021-02-22 14:00:00;2.087;2.09;2.079;2.087;18.7125;ISP.ITEUR
2021-02-22 15:00:00;2.086;2.098;2.081;2.095;14.325;ISP.ITEUR
2021-02-22 16:00:00;2.095;2.106;2.091;2.102;11.275;ISP.ITEUR
2021-02-23 08:00:00;2.1;2.117;2.1;2.113;36.625;ISP.ITEUR
2021-02-23 09:00:00;2.11;2.117;2.093;2.098;29.55;ISP.ITEUR
2021-02-23 10:00:00;2.099;2.104;2.071;2.085;32.675;ISP.ITEUR
2021-02-23 11:00:00;2.085;2.101;2.078;2.097;24.0;ISP.ITEUR
2021-02-23 12:00:00;2.096;2.107;2.092;2.105;17.45;ISP.ITEUR
2021-02-23 13:00:00;2.106;2.109;2.098;2.109;9.8;ISP.ITEUR
2021-02-23 14:00:00;2.109;2.111;2.08;2.094;20.8375;ISP.ITEUR
2021-02-23 15:00:00;2.094;2.11;2.093;2.103;26.0125;ISP.ITEUR
2021-02-23 16:00:00;2.103;2.107;2.097;2.105;7.8625;ISP.ITEUR
2021-02-24 08:00:00;2.105;2.114;2.097;2.104;33.7;ISP.ITEUR
2021-02-24 09:00:00;2.104;2.116;2.097;2.112;15.2;ISP.ITEUR
2021-02-24 10:00:00;2.113;2.119;2.106;2.115;16.4875;ISP.ITEUR
2021-02-24 11:00:00;2.116;2.119;2.108;2.117;15.95;ISP.ITEUR
2021-02-24 12:00:00;2.116;2.132;2.113;2.127;16.25;ISP.ITEUR
2021-02-24 13:00:00;2.127;2.128;2.111;2.117;19.1625;ISP.ITEUR
2021-02-24 14:00:00;2.117;2.132;2.113;2.126;25.9625;ISP.ITEUR
2021-02-24 15:00:00;2.125;2.133;2.121;2.13;22.0625;ISP.ITEUR
2021-02-24 16:00:00;2.13;2.138;2.127;2.13;9.275;ISP.ITEUR
2021-02-25 08:00:00;2.142;2.173;2.137;2.158;41.5375;ISP.ITEUR
2021-02-25 09:00:00;2.162;2.168;2.154;2.168;22.6875;ISP.ITEUR
2021-02-25 10:00:00;2.167;2.167;2.158;2.165;13.9625;ISP.ITEUR
2021-02-25 11:00:00;2.166;2.167;2.154;2.159;17.475;ISP.ITEUR
2021-02-25 12:00:00;2.159;2.172;2.156;2.172;12.525;ISP.ITEUR
2021-02-25 13:00:00;2.172;2.173;2.167;2.171;13.7;ISP.ITEUR
2021-02-25 14:00:00;2.172;2.178;2.164;2.177;14.6;ISP.ITEUR
2021-02-25 15:00:00;2.173;2.181;2.157;2.162;26.925;ISP.ITEUR
2021-02-25 16:00:00;2.161;2.165;2.153;2.156;9.725;ISP.ITEUR
2021-02-26 08:00:00;2.104;2.137;2.104;2.134;56.475;ISP.ITEUR
2021-02-26 09:00:00;2.133;2.144;2.126;2.134;23.3375;ISP.ITEUR
2021-02-26 10:00:00;2.134;2.14;2.131;2.134;20.85;ISP.ITEUR
2021-02-26 11:00:00;2.134;2.136;2.115;2.118;20.575;ISP.ITEUR
2021-02-26 12:00:00;2.118;2.125;2.111;2.113;21.55;ISP.ITEUR
2021-02-26 13:00:00;2.114;2.132;2.109;2.132;25.0;ISP.ITEUR
2021-02-26 14:00:00;2.131;2.141;2.126;2.131;25.4;ISP.ITEUR
2021-02-26 15:00:00;2.131;2.134;2.116;2.121;44.4625;ISP.ITEUR
2021-02-26 16:00:00;2.122;2.135;2.118;2.125;20.4125;ISP.ITEUR
2021-03-01 08:00:00;2.15;2.165;2.147;2.162;29.2625;ISP.ITEUR
2021-03-01 09:00:00;2.163;2.164;2.152;2.156;15.1875;ISP.ITEUR
2021-03-01 10:00:00;2.155;2.158;2.15;2.152;11.9875;ISP.ITEUR
2021-03-01 11:00:00;2.153;2.156;2.147;2.151;10.475;ISP.ITEUR
2021-03-01 12:00:00;2.151;2.157;2.145;2.155;10.4;ISP.ITEUR
2021-03-01 13:00:00;2.154;2.158;2.15;2.153;8.7625;ISP.ITEUR
2021-03-01 14:00:00;2.153;2.153;2.142;2.15;13.6125;ISP.ITEUR
2021-03-01 15:00:00;2.15;2.167;2.147;2.167;18.3;ISP.ITEUR
2021-03-01 16:00:00;2.166;2.167;2.155;2.16;10.1375;ISP.ITEUR
2021-03-02 08:00:00;2.146;2.17;2.146;2.158;24.425;ISP.ITEUR
2021-03-02 09:00:00;2.159;2.161;2.151;2.159;11.0125;ISP.ITEUR
2021-03-02 10:00:00;2.16;2.164;2.154;2.161;10.625;ISP.ITEUR
2021-03-02 11:00:00;2.16;2.166;2.158;2.162;10.6625;ISP.ITEUR
2021-03-02 12:00:00;2.162;2.169;2.158;2.166;12.1;ISP.ITEUR
2021-03-02 13:00:00;2.162;2.166;2.156;2.159;11.1625;ISP.ITEUR
2021-03-02 14:00:00;2.159;2.164;2.152;2.16;19.95;ISP.ITEUR
2021-03-02 15:00:00;2.159;2.162;2.15;2.159;22.9625;ISP.ITEUR
2021-03-02 16:00:00;2.159;2.16;2.149;2.152;11.8;ISP.ITEUR
2021-03-03 08:00:00;2.161;2.199;2.155;2.197;35.8;ISP.ITEUR
2021-03-03 09:00:00;2.198;2.204;2.193;2.198;14.3375;ISP.ITEUR
2021-03-03 10:00:00;2.198;2.2;2.192;2.196;10.15;ISP.ITEUR
2021-03-03 11:00:00;2.196;2.199;2.191;2.198;10.7;ISP.ITEUR
2021-03-03 12:00:00;2.198;2.201;2.191;2.198;10.675;ISP.ITEUR
2021-03-03 13:00:00;2.198;2.199;2.179;2.188;22.925;ISP.ITEUR
2021-03-03 14:00:00;2.187;2.192;2.176;2.185;24.25;ISP.ITEUR
2021-03-03 15:00:00;2.186;2.198;2.179;2.195;27.2125;ISP.ITEUR
2021-03-03 16:00:00;2.194;2.201;2.193;2.2;11.8625;ISP.ITEUR
2021-03-04 08:00:00;2.19;2.2;2.18;2.194;29.275;ISP.ITEUR
2021-03-04 09:00:00;2.193;2.194;2.178;2.185;15.5;ISP.ITEUR
2021-03-04 10:00:00;2.184;2.186;2.167;2.178;21.3875;ISP.ITEUR
2021-03-04 11:00:00;2.179;2.182;2.169;2.179;16.3625;ISP.ITEUR
2021-03-04 12:00:00;2.179;2.184;2.177;2.183;9.9875;ISP.ITEUR
2021-03-04 13:00:00;2.183;2.19;2.177;2.187;13.85;ISP.ITEUR
2021-03-04 14:00:00;2.187;2.198;2.18;2.188;21.0875;ISP.ITEUR
2021-03-04 15:00:00;2.187;2.192;2.176;2.19;21.5;ISP.ITEUR
2021-03-04 16:00:00;2.191;2.196;2.185;2.195;11.075;ISP.ITEUR
2021-03-05 08:00:00;2.181;2.181;2.155;2.17;34.8;ISP.ITEUR
2021-03-05 09:00:00;2.169;2.19;2.164;2.188;22.3;ISP.ITEUR
2021-03-05 10:00:00;2.189;2.191;2.181;2.185;13.8875;ISP.ITEUR
2021-03-05 11:00:00;2.184;2.19;2.178;2.187;13.3625;ISP.ITEUR
2021-03-05 12:00:00;2.188;2.195;2.183;2.191;10.1;ISP.ITEUR
2021-03-05 13:00:00;2.192;2.234;2.185;2.218;32.625;ISP.ITEUR
2021-03-05 14:00:00;2.219;2.236;2.215;2.228;36.675;ISP.ITEUR
2021-03-05 15:00:00;2.229;2.231;2.197;2.198;40.125;ISP.ITEUR
2021-03-05 16:00:00;2.199;2.202;2.185;2.192;23.9625;ISP.ITEUR
2021-03-08 08:00:00;2.178;2.238;2.178;2.232;30.4125;ISP.ITEUR
2021-03-08 09:00:00;2.231;2.245;2.22;2.239;24.025;ISP.ITEUR
2021-03-08 10:00:00;2.238;2.247;2.233;2.246;16.9;ISP.ITEUR
2021-03-08 11:00:00;2.246;2.252;2.238;2.252;14.05;ISP.ITEUR
2021-03-08 12:00:00;2.251;2.255;2.247;2.252;13.9875;ISP.ITEUR
2021-03-08 13:00:00;2.248;2.258;2.246;2.257;16.85;ISP.ITEUR
2021-03-08 14:00:00;2.256;2.262;2.242;2.257;26.9;ISP.ITEUR
2021-03-08 15:00:00;2.257;2.28;2.252;2.273;30.8125;ISP.ITEUR
2021-03-08 16:00:00;2.274;2.276;2.264;2.272;11.95;ISP.ITEUR
2021-03-09 08:00:00;2.246;2.286;2.246;2.271;42.7375;ISP.ITEUR
2021-03-09 09:00:00;2.271;2.276;2.248;2.251;19.2;ISP.ITEUR
2021-03-09 10:00:00;2.251;2.257;2.247;2.249;14.6875;ISP.ITEUR
2021-03-09 11:00:00;2.248;2.25;2.245;2.245;15.8375;ISP.ITEUR
2021-03-09 12:00:00;2.245;2.254;2.242;2.25;14.6875;ISP.ITEUR
2021-03-09 13:00:00;2.251;2.259;2.248;2.255;14.825;ISP.ITEUR
2021-03-09 14:00:00;2.255;2.257;2.245;2.254;22.0125;ISP.ITEUR
2021-03-09 15:00:00;2.253;2.271;2.244;2.268;24.4125;ISP.ITEUR
2021-03-09 16:00:00;2.268;2.276;2.265;2.269;9.5375;ISP.ITEUR
2021-03-10 08:00:00;2.262;2.275;2.254;2.274;23.2875;ISP.ITEUR
2021-03-10 09:00:00;2.273;2.281;2.263;2.266;17.2;ISP.ITEUR
2021-03-10 10:00:00;2.266;2.271;2.259;2.269;14.3875;ISP.ITEUR
2021-03-10 11:00:00;2.268;2.271;2.254;2.267;13.3125;ISP.ITEUR
2021-03-10 12:00:00;2.267;2.273;2.264;2.27;9.5875;ISP.ITEUR
2021-03-10 13:00:00;2.269;2.278;2.267;2.27;14.9375;ISP.ITEUR
2021-03-10 14:00:00;2.269;2.281;2.265;2.271;20.15;ISP.ITEUR
2021-03-10 15:00:00;2.272;2.278;2.26;2.273;19.4375;ISP.ITEUR
2021-03-10 16:00:00;2.272;2.273;2.264;2.267;11.075;ISP.ITEUR
2021-03-11 08:00:00;2.272;2.291;2.269;2.29;26.7125;ISP.ITEUR
2021-03-11 09:00:00;2.29;2.294;2.271;2.275;18.6125;ISP.ITEUR
2021-03-11 10:00:00;2.275;2.28;2.268;2.274;14.8625;ISP.ITEUR
2021-03-11 11:00:00;2.273;2.279;2.269;2.276;11.7;ISP.ITEUR
2021-03-11 12:00:00;2.276;2.279;2.259;2.266;18.75;ISP.ITEUR
2021-03-11 13:00:00;2.266;2.272;2.254;2.264;21.5;ISP.ITEUR
2021-03-11 14:00:00;2.263;2.266;2.239;2.261;28.1875;ISP.ITEUR
2021-03-11 15:00:00;2.262;2.275;2.254;2.272;18.925;ISP.ITEUR
2021-03-11 16:00:00;2.271;2.272;2.26;2.262;5.6875;ISP.ITEUR
2021-03-12 08:00:00;2.272;2.283;2.262;2.272;28.525;ISP.ITEUR
2021-03-12 09:00:00;2.271;2.274;2.263;2.269;15.4125;ISP.ITEUR
2021-03-12 10:00:00;2.27;2.28;2.264;2.275;16.85;ISP.ITEUR
2021-03-12 11:00:00;2.274;2.278;2.266;2.276;12.05;ISP.ITEUR
2021-03-12 12:00:00;2.276;2.279;2.271;2.279;6.9375;ISP.ITEUR
2021-03-12 13:00:00;2.278;2.282;2.27;2.274;10.1;ISP.ITEUR
2021-03-12 14:00:00;2.274;2.28;2.267;2.28;16.6625;ISP.ITEUR
2021-03-12 15:00:00;2.279;2.282;2.272;2.282;12.7875;ISP.ITEUR
2021-03-12 16:00:00;2.278;2.283;2.275;2.279;5.9;ISP.ITEUR
2021-03-15 08:00:00;2.279;2.302;2.276;2.299;21.5125;ISP.ITEUR
2021-03-15 09:00:00;2.298;2.301;2.293;2.3;8.2875;ISP.ITEUR
2021-03-15 10:00:00;2.3;2.3;2.292;2.296;12.3125;ISP.ITEUR
2021-03-15 11:00:00;2.295;2.297;2.287;2.291;6.25;ISP.ITEUR
2021-03-15 12:00:00;2.292;2.292;2.281;2.285;7.15;ISP.ITEUR
2021-03-15 13:00:00;2.284;2.288;2.274;2.283;10.775;ISP.ITEUR
2021-03-15 14:00:00;2.283;2.285;2.273;2.28;13.025;ISP.ITEUR
2021-03-15 15:00:00;2.279;2.283;2.248;2.263;21.35;ISP.ITEUR
2021-03-15 16:00:00;2.262;2.27;2.259;2.268;7.9;ISP.ITEUR
2021-03-16 08:00:00;2.267;2.295;2.267;2.29;24.7875;ISP.ITEUR
2021-03-16 09:00:00;2.29;2.295;2.277;2.284;16.425;ISP.ITEUR
2021-03-16 10:00:00;2.285;2.293;2.282;2.291;11.6875;ISP.ITEUR
2021-03-16 11:00:00;2.29;2.293;2.287;2.29;7.95;ISP.ITEUR
2021-03-16 12:00:00;2.29;2.293;2.286;2.289;7.775;ISP.ITEUR
2021-03-16 13:00:00;2.289;2.296;2.279;2.284;11.7375;ISP.ITEUR
2021-03-16 14:00:00;2.284;2.287;2.279;2.284;15.1625;ISP.ITEUR
2021-03-16 15:00:00;2.284;2.298;2.281;2.298;17.1625;ISP.ITEUR
2021-03-16 16:00:00;2.298;2.298;2.287;2.29;6.75;ISP.ITEUR
2021-03-17 08:00:00;2.296;2.315;2.296;2.309;25.6;ISP.ITEUR
2021-03-17 09:00:00;2.308;2.322;2.306;2.32;12.125;ISP.ITEUR
2021-03-17 10:00:00;2.32;2.328;2.314;2.326;13.7125;ISP.ITEUR
2021-03-17 11:00:00;2.325;2.331;2.316;2.318;14.3;ISP.ITEUR
2021-03-17 12:00:00;2.318;2.328;2.316;2.328;9.35;ISP.ITEUR
2021-03-17 13:00:00;2.328;2.331;2.32;2.327;14.9375;ISP.ITEUR
2021-03-17 14:00:00;2.327;2.327;2.3;2.307;20.0125;ISP.ITEUR
2021-03-17 15:00:00;2.308;2.323;2.307;2.318;14.4375;ISP.ITEUR
2021-03-17 16:00:00;2.319;2.321;2.311;2.318;8.275;ISP.ITEUR
2021-03-18 08:00:00;2.341;2.349;2.328;2.345;30.675;ISP.ITEUR
2021-03-18 09:00:00;2.345;2.353;2.342;2.348;18.225;ISP.ITEUR
2021-03-18 10:00:00;2.351;2.353;2.346;2.35;12.925;ISP.ITEUR
2021-03-18 11:00:00;2.351;2.353;2.346;2.35;10.1625;ISP.ITEUR
2021-03-18 12:00:00;2.349;2.353;2.345;2.346;9.225;ISP.ITEUR
2021-03-18 13:00:00;2.345;2.346;2.332;2.344;16.45;ISP.ITEUR
2021-03-18 14:00:00;2.345;2.347;2.334;2.34;16.1;ISP.ITEUR
2021-03-18 15:00:00;2.344;2.352;2.339;2.349;9.975;ISP.ITEUR
2021-03-18 16:00:00;2.349;2.349;2.342;2.345;6.9625;ISP.ITEUR
2021-03-19 08:00:00;2.299;2.332;2.296;2.315;45.6125;ISP.ITEUR
2021-03-19 09:00:00;2.319;2.326;2.313;2.325;18.4;ISP.ITEUR
2021-03-19 10:00:00;2.326;2.351;2.323;2.344;22.3375;ISP.ITEUR
2021-03-19 11:00:00;2.343;2.344;2.328;2.334;16.4875;ISP.ITEUR
2021-03-19 12:00:00;2.333;2.338;2.326;2.334;13.0375;ISP.ITEUR
2021-03-19 13:00:00;2.334;2.34;2.308;2.321;35.4;ISP.ITEUR
2021-03-19 14:00:00;2.32;2.321;2.302;2.316;28.95;ISP.ITEUR
2021-03-19 15:00:00;2.316;2.323;2.306;2.321;18.5125;ISP.ITEUR
2021-03-19 16:00:00;2.321;2.325;2.318;2.321;9.5;ISP.ITEUR
2021-03-22 08:00:00;2.281;2.324;2.267;2.321;39.8125;ISP.ITEUR
2021-03-22 09:00:00;2.321;2.322;2.31;2.316;15.9625;ISP.ITEUR
2021-03-22 10:00:00;2.317;2.327;2.311;2.314;14.8375;ISP.ITEUR
2021-03-22 11:00:00;2.311;2.317;2.308;2.31;7.55;ISP.ITEUR
2021-03-22 12:00:00;2.312;2.316;2.306;2.312;7.7375;ISP.ITEUR
2021-03-22 13:00:00;2.311;2.312;2.297;2.3;13.975;ISP.ITEUR
2021-03-22 14:00:00;2.3;2.3;2.29;2.292;17.325;ISP.ITEUR
2021-03-22 15:00:00;2.292;2.297;2.283;2.285;11.8875;ISP.ITEUR
2021-03-22 16:00:00;2.286;2.3;2.284;2.299;7.5;ISP.ITEUR
2021-03-23 08:00:00;2.286;2.289;2.274;2.284;33.5;ISP.ITEUR
2021-03-23 09:00:00;2.283;2.284;2.264;2.274;21.15;ISP.ITEUR
2021-03-23 10:00:00;2.274;2.277;2.265;2.273;24.3875;ISP.ITEUR
2021-03-23 11:00:00;2.274;2.279;2.266;2.274;18.05;ISP.ITEUR
2021-03-23 12:00:00;2.274;2.276;2.264;2.271;12.7625;ISP.ITEUR
2021-03-23 13:00:00;2.27;2.279;2.267;2.278;12.35;ISP.ITEUR
2021-03-23 14:00:00;2.277;2.285;2.275;2.281;16.525;ISP.ITEUR
2021-03-23 15:00:00;2.281;2.289;2.275;2.287;15.4125;ISP.ITEUR
2021-03-23 16:00:00;2.287;2.292;2.285;2.286;6.025;ISP.ITEUR
2021-03-24 08:00:00;2.267;2.271;2.25;2.267;35.025;ISP.ITEUR
2021-03-24 09:00:00;2.267;2.279;2.263;2.274;19.175;ISP.ITEUR
2021-03-24 10:00:00;2.273;2.287;2.271;2.287;18.15;ISP.ITEUR
2021-03-24 11:00:00;2.288;2.297;2.285;2.289;14.0875;ISP.ITEUR
2021-03-24 12:00:00;2.287;2.299;2.286;2.288;9.9125;ISP.ITEUR
2021-03-24 13:00:00;2.289;2.299;2.283;2.29;14.6;ISP.ITEUR
2021-03-24 14:00:00;2.291;2.302;2.288;2.3;15.6125;ISP.ITEUR
2021-03-24 15:00:00;2.3;2.3;2.29;2.292;12.2875;ISP.ITEUR
2021-03-24 16:00:00;2.29;2.296;2.286;2.293;4.0;ISP.ITEUR
2021-03-25 08:00:00;2.291;2.299;2.279;2.29;26.325;ISP.ITEUR
2021-03-25 09:00:00;2.289;2.299;2.287;2.295;14.9625;ISP.ITEUR
2021-03-25 10:00:00;2.295;2.297;2.287;2.291;10.9125;ISP.ITEUR
2021-03-25 11:00:00;2.29;2.292;2.272;2.273;16.7375;ISP.ITEUR
2021-03-25 12:00:00;2.272;2.28;2.267;2.272;18.65;ISP.ITEUR
2021-03-25 13:00:00;2.273;2.283;2.269;2.28;23.7375;ISP.ITEUR
2021-03-25 14:00:00;2.28;2.29;2.276;2.283;22.1875;ISP.ITEUR
2021-03-25 15:00:00;2.283;2.299;2.277;2.295;19.3625;ISP.ITEUR
2021-03-25 16:00:00;2.294;2.297;2.291;2.292;10.5;ISP.ITEUR
2021-03-26 09:00:00;2.295;2.301;2.291;2.297;3.0875;ISP.ITEUR
2021-03-26 10:00:00;2.296;2.3;2.285;2.299;11.925;ISP.ITEUR
2021-03-26 11:00:00;2.299;2.302;2.291;2.3;8.2375;ISP.ITEUR
2021-03-26 12:00:00;2.299;2.302;2.291;2.297;9.35;ISP.ITEUR
2021-03-26 13:00:00;2.297;2.305;2.295;2.303;12.075;ISP.ITEUR
2021-03-26 14:00:00;2.302;2.308;2.294;2.299;15.3125;ISP.ITEUR
2021-03-26 15:00:00;2.298;2.299;2.286;2.294;12.3125;ISP.ITEUR
2021-03-26 16:00:00;2.292;2.297;2.289;2.295;6.9125;ISP.ITEUR
2021-03-29 07:00:00;2.285;2.292;2.279;2.285;17.7;ISP.ITEUR
2021-03-29 08:00:00;2.283;2.287;2.275;2.284;9.3875;ISP.ITEUR
2021-03-29 09:00:00;2.284;2.285;2.274;2.283;9.475;ISP.ITEUR
2021-03-29 10:00:00;2.282;2.293;2.28;2.29;9.1625;ISP.ITEUR
2021-03-29 11:00:00;2.29;2.298;2.288;2.296;5.15;ISP.ITEUR
2021-03-29 12:00:00;2.297;2.3;2.292;2.293;7.675;ISP.ITEUR
2021-03-29 13:00:00;2.294;2.302;2.289;2.299;9.925;ISP.ITEUR
2021-03-29 14:00:00;2.298;2.304;2.283;2.286;13.0125;ISP.ITEUR
2021-03-29 15:00:00;2.285;2.29;2.283;2.284;6.45;ISP.ITEUR
2021-03-30 07:00:00;2.295;2.323;2.29;2.314;24.025;ISP.ITEUR
2021-03-30 08:00:00;2.313;2.321;2.308;2.308;8.25;ISP.ITEUR
2021-03-30 09:00:00;2.308;2.316;2.304;2.305;7.75;ISP.ITEUR
2021-03-30 10:00:00;2.305;2.313;2.302;2.308;8.0125;ISP.ITEUR
2021-03-30 11:00:00;2.307;2.308;2.299;2.305;5.5125;ISP.ITEUR
2021-03-30 12:00:00;2.305;2.312;2.303;2.308;10.8625;ISP.ITEUR
2021-03-30 13:00:00;2.309;2.332;2.306;2.331;11.925;ISP.ITEUR
2021-03-30 14:00:00;2.33;2.342;2.325;2.329;13.2;ISP.ITEUR
2021-03-30 15:00:00;2.33;2.33;2.32;2.326;7.75;ISP.ITEUR
2021-03-31 07:00:00;2.311;2.333;2.311;2.321;20.0125;ISP.ITEUR
2021-03-31 08:00:00;2.322;2.326;2.318;2.32;7.1375;ISP.ITEUR
2021-03-31 09:00:00;2.321;2.325;2.318;2.321;5.975;ISP.ITEUR
2021-03-31 10:00:00;2.32;2.321;2.311;2.318;4.4125;ISP.ITEUR
2021-03-31 11:00:00;2.319;2.319;2.313;2.316;5.275;ISP.ITEUR
2021-03-31 12:00:00;2.315;2.319;2.313;2.318;4.275;ISP.ITEUR
2021-03-31 13:00:00;2.317;2.321;2.311;2.317;7.9;ISP.ITEUR
2021-03-31 14:00:00;2.316;2.317;2.3;2.308;10.35;ISP.ITEUR
2021-03-31 15:00:00;2.309;2.313;2.304;2.309;7.825;ISP.ITEUR
2021-04-01 07:00:00;2.314;2.321;2.306;2.309;18.55;ISP.ITEUR
2021-04-01 08:00:00;2.312;2.317;2.306;2.314;8.7125;ISP.ITEUR
2021-04-01 09:00:00;2.313;2.316;2.306;2.315;9.1625;ISP.ITEUR
2021-04-01 10:00:00;2.314;2.315;2.306;2.313;3.5;ISP.ITEUR
2021-04-01 11:00:00;2.313;2.319;2.311;2.318;7.425;ISP.ITEUR
2021-04-01 12:00:00;2.317;2.32;2.311;2.32;5.1;ISP.ITEUR
2021-04-01 13:00:00;2.319;2.32;2.308;2.314;5.925;ISP.ITEUR
2021-04-01 14:00:00;2.315;2.318;2.31;2.314;9.5125;ISP.ITEUR
2021-04-01 15:00:00;2.314;2.318;2.311;2.318;6.5625;ISP.ITEUR
2021-04-06 07:00:00;2.321;2.325;2.308;2.312;22.7875;ISP.ITEUR
2021-04-06 08:00:00;2.312;2.321;2.306;2.32;12.5375;ISP.ITEUR
2021-04-06 09:00:00;2.319;2.326;2.313;2.324;8.2625;ISP.ITEUR
2021-04-06 10:00:00;2.323;2.325;2.318;2.323;7.1;ISP.ITEUR
2021-04-06 11:00:00;2.322;2.323;2.315;2.318;7.025;ISP.ITEUR
2021-04-06 12:00:00;2.318;2.318;2.303;2.303;9.325;ISP.ITEUR
2021-04-06 13:00:00;2.307;2.313;2.302;2.31;11.1625;ISP.ITEUR
2021-04-06 14:00:00;2.31;2.312;2.297;2.304;15.2125;ISP.ITEUR
2021-04-06 15:00:00;2.304;2.304;2.293;2.3;5.675;ISP.ITEUR
2021-04-07 07:00:00;2.292;2.309;2.289;2.308;18.5125;ISP.ITEUR
2021-04-07 08:00:00;2.309;2.31;2.294;2.301;7.9125;ISP.ITEUR
2021-04-07 09:00:00;2.301;2.304;2.295;2.295;7.125;ISP.ITEUR
2021-04-07 10:00:00;2.295;2.297;2.29;2.295;5.65;ISP.ITEUR
2021-04-07 11:00:00;2.295;2.295;2.288;2.29;6.8;ISP.ITEUR
2021-04-07 12:00:00;2.29;2.296;2.274;2.287;12.9;ISP.ITEUR
2021-04-07 13:00:00;2.287;2.3;2.284;2.297;11.0125;ISP.ITEUR
2021-04-07 14:00:00;2.296;2.308;2.292;2.306;10.3625;ISP.ITEUR
2021-04-07 15:00:00;2.305;2.306;2.296;2.303;5.65;ISP.ITEUR
2021-04-08 07:00:00;2.307;2.324;2.302;2.31;21.85;ISP.ITEUR
2021-04-08 08:00:00;2.31;2.311;2.303;2.306;9.925;ISP.ITEUR
2021-04-08 09:00:00;2.306;2.31;2.295;2.297;9.7875;ISP.ITEUR
2021-04-08 10:00:00;2.297;2.3;2.28;2.282;8.7125;ISP.ITEUR
2021-04-08 11:00:00;2.282;2.283;2.261;2.262;14.5125;ISP.ITEUR
2021-04-08 12:00:00;2.262;2.269;2.255;2.263;12.8625;ISP.ITEUR
2021-04-08 13:00:00;2.264;2.271;2.253;2.262;13.7625;ISP.ITEUR
2021-04-08 14:00:00;2.263;2.271;2.258;2.264;11.9375;ISP.ITEUR
2021-04-08 15:00:00;2.263;2.27;2.259;2.269;6.275;ISP.ITEUR
2021-04-09 07:00:00;2.265;2.275;2.252;2.258;18.825;ISP.ITEUR
2021-04-09 08:00:00;2.257;2.258;2.243;2.246;12.1375;ISP.ITEUR
2021-04-09 09:00:00;2.245;2.247;2.238;2.243;11.375;ISP.ITEUR
2021-04-09 10:00:00;2.243;2.247;2.241;2.247;9.2375;ISP.ITEUR
2021-04-09 11:00:00;2.247;2.262;2.245;2.26;7.4375;ISP.ITEUR
2021-04-09 12:00:00;2.26;2.264;2.255;2.263;7.75;ISP.ITEUR
2021-04-09 13:00:00;2.258;2.266;2.253;2.255;10.125;ISP.ITEUR
2021-04-09 14:00:00;2.256;2.259;2.249;2.256;11.325;ISP.ITEUR
2021-04-09 15:00:00;2.256;2.26;2.253;2.253;5.0875;ISP.ITEUR
2021-04-12 07:00:00;2.247;2.252;2.229;2.248;29.425;ISP.ITEUR
2021-04-12 08:00:00;2.247;2.254;2.243;2.254;11.0375;ISP.ITEUR
2021-04-12 09:00:00;2.253;2.261;2.248;2.257;13.3875;ISP.ITEUR
2021-04-12 10:00:00;2.257;2.263;2.255;2.26;11.3375;ISP.ITEUR
2021-04-12 11:00:00;2.26;2.265;2.258;2.261;6.6;ISP.ITEUR
2021-04-12 12:00:00;2.262;2.264;2.259;2.264;7.25;ISP.ITEUR
2021-04-12 13:00:00;2.265;2.269;2.262;2.263;10.725;ISP.ITEUR
2021-04-12 14:00:00;2.262;2.264;2.256;2.261;9.5;ISP.ITEUR
2021-04-12 15:00:00;2.261;2.262;2.255;2.257;5.575;ISP.ITEUR
2021-04-13 07:00:00;2.265;2.267;2.256;2.264;14.925;ISP.ITEUR
2021-04-13 08:00:00;2.265;2.287;2.264;2.286;10.525;ISP.ITEUR
2021-04-13 09:00:00;2.286;2.296;2.278;2.294;9.925;ISP.ITEUR
2021-04-13 10:00:00;2.296;2.296;2.284;2.286;10.0;ISP.ITEUR
2021-04-13 11:00:00;2.286;2.286;2.27;2.277;18.1125;ISP.ITEUR
2021-04-13 12:00:00;2.276;2.28;2.275;2.277;9.4;ISP.ITEUR
2021-04-13 13:00:00;2.276;2.278;2.257;2.264;13.2125;ISP.ITEUR
2021-04-13 14:00:00;2.265;2.277;2.263;2.272;11.8375;ISP.ITEUR
2021-04-13 15:00:00;2.273;2.274;2.267;2.274;6.0;ISP.ITEUR
2021-04-14 07:00:00;2.27;2.281;2.263;2.277;22.4375;ISP.ITEUR
2021-04-14 08:00:00;2.277;2.286;2.274;2.283;10.925;ISP.ITEUR
2021-04-14 09:00:00;2.282;2.285;2.276;2.28;6.725;ISP.ITEUR
2021-04-14 10:00:00;2.28;2.288;2.278;2.283;8.7125;ISP.ITEUR
2021-04-14 11:00:00;2.283;2.289;2.281;2.285;7.6375;ISP.ITEUR
2021-04-14 12:00:00;2.285;2.286;2.265;2.266;8.9125;ISP.ITEUR
2021-04-14 13:00:00;2.266;2.272;2.26;2.27;14.0875;ISP.ITEUR
2021-04-14 14:00:00;2.27;2.28;2.269;2.277;10.9;ISP.ITEUR
2021-04-14 15:00:00;2.276;2.279;2.273;2.278;5.7375;ISP.ITEUR
2021-04-15 07:00:00;2.277;2.288;2.274;2.283;23.3625;ISP.ITEUR
2021-04-15 08:00:00;2.287;2.292;2.282;2.288;11.9625;ISP.ITEUR
2021-04-15 09:00:00;2.287;2.291;2.285;2.29;6.4375;ISP.ITEUR
2021-04-15 10:00:00;2.288;2.29;2.285;2.289;6.3;ISP.ITEUR
2021-04-15 11:00:00;2.29;2.291;2.28;2.285;6.775;ISP.ITEUR
2021-04-15 12:00:00;2.284;2.289;2.28;2.288;6.825;ISP.ITEUR
2021-04-15 13:00:00;2.288;2.295;2.274;2.277;11.45;ISP.ITEUR
2021-04-15 14:00:00;2.278;2.284;2.27;2.283;12.2625;ISP.ITEUR
2021-04-15 15:00:00;2.283;2.284;2.275;2.277;4.5125;ISP.ITEUR
2021-04-16 07:00:00;2.278;2.292;2.273;2.289;17.0375;ISP.ITEUR
2021-04-16 08:00:00;2.29;2.291;2.281;2.287;8.2;ISP.ITEUR
2021-04-16 09:00:00;2.286;2.297;2.282;2.291;13.6125;ISP.ITEUR
2021-04-16 10:00:00;2.29;2.291;2.278;2.281;8.225;ISP.ITEUR
2021-04-16 11:00:00;2.28;2.282;2.275;2.279;6.6375;ISP.ITEUR
2021-04-16 12:00:00;2.28;2.287;2.277;2.286;7.575;ISP.ITEUR
2021-04-16 13:00:00;2.286;2.291;2.284;2.288;11.075;ISP.ITEUR
2021-04-16 14:00:00;2.288;2.298;2.287;2.292;11.25;ISP.ITEUR
2021-04-16 15:00:00;2.293;2.296;2.292;2.294;3.9625;ISP.ITEUR
2021-04-19 07:00:00;2.287;2.294;2.285;2.291;10.35;ISP.ITEUR
2021-04-19 08:00:00;2.29;2.296;2.289;2.293;8.6375;ISP.ITEUR
2021-04-19 09:00:00;2.292;2.293;2.284;2.292;6.4625;ISP.ITEUR
2021-04-19 10:00:00;2.292;2.298;2.292;2.295;8.7875;ISP.ITEUR
2021-04-19 11:00:00;2.295;2.305;2.294;2.304;10.0875;ISP.ITEUR
2021-04-19 12:00:00;2.305;2.313;2.304;2.309;10.025;ISP.ITEUR
2021-04-19 13:00:00;2.309;2.312;2.305;2.307;10.6125;ISP.ITEUR
2021-04-19 14:00:00;2.306;2.308;2.298;2.301;12.375;ISP.ITEUR
2021-04-19 15:00:00;2.302;2.308;2.301;2.304;6.05;ISP.ITEUR
2021-04-20 07:00:00;2.305;2.308;2.282;2.282;20.0875;ISP.ITEUR
2021-04-20 08:00:00;2.283;2.284;2.272;2.278;11.35;ISP.ITEUR
2021-04-20 09:00:00;2.277;2.278;2.263;2.269;14.3125;ISP.ITEUR
2021-04-20 10:00:00;2.269;2.274;2.264;2.272;13.9625;ISP.ITEUR
2021-04-20 11:00:00;2.272;2.273;2.257;2.265;11.5625;ISP.ITEUR
2021-04-20 12:00:00;2.265;2.269;2.258;2.268;9.4875;ISP.ITEUR
2021-04-20 13:00:00;2.268;2.276;2.26;2.262;15.3125;ISP.ITEUR
2021-04-20 14:00:00;2.262;2.263;2.231;2.239;20.725;ISP.ITEUR
2021-04-20 15:00:00;2.238;2.246;2.234;2.235;10.025;ISP.ITEUR
2021-04-21 07:00:00;2.245;2.26;2.245;2.255;25.05;ISP.ITEUR
2021-04-21 08:00:00;2.254;2.262;2.248;2.254;14.325;ISP.ITEUR
2021-04-21 09:00:00;2.254;2.255;2.235;2.236;15.95;ISP.ITEUR
2021-04-21 10:00:00;2.235;2.242;2.226;2.242;19.0375;ISP.ITEUR
2021-04-21 11:00:00;2.242;2.243;2.231;2.234;9.3625;ISP.ITEUR
2021-04-21 12:00:00;2.235;2.235;2.204;2.209;14.625;ISP.ITEUR
2021-04-21 13:00:00;2.209;2.214;2.195;2.214;24.3875;ISP.ITEUR
2021-04-21 14:00:00;2.215;2.222;2.21;2.217;26.375;ISP.ITEUR
2021-04-21 15:00:00;2.216;2.221;2.209;2.214;15.9125;ISP.ITEUR
2021-04-22 07:00:00;2.221;2.224;2.207;2.213;50.8375;ISP.ITEUR
2021-04-22 08:00:00;2.212;2.226;2.211;2.221;24.2875;ISP.ITEUR
2021-04-22 09:00:00;2.22;2.231;2.216;2.229;21.2625;ISP.ITEUR
2021-04-22 10:00:00;2.227;2.23;2.219;2.222;17.275;ISP.ITEUR
2021-04-22 11:00:00;2.223;2.23;2.22;2.222;15.875;ISP.ITEUR
2021-04-22 12:00:00;2.22;2.228;2.215;2.219;22.4375;ISP.ITEUR
2021-04-22 13:00:00;2.22;2.22;2.203;2.213;31.8375;ISP.ITEUR
2021-04-22 14:00:00;2.212;2.222;2.206;2.217;28.5875;ISP.ITEUR
2021-04-22 15:00:00;2.218;2.221;2.214;2.219;10.875;ISP.ITEUR
2021-04-23 07:00:00;2.214;2.229;2.208;2.219;44.275;ISP.ITEUR
2021-04-23 08:00:00;2.218;2.226;2.216;2.223;15.725;ISP.ITEUR
2021-04-23 09:00:00;2.224;2.224;2.212;2.22;14.5;ISP.ITEUR
2021-04-23 10:00:00;2.221;2.222;2.215;2.218;18.4875;ISP.ITEUR
2021-04-23 11:00:00;2.218;2.221;2.211;2.211;13.025;ISP.ITEUR
2021-04-23 12:00:00;2.213;2.217;2.201;2.202;17.65;ISP.ITEUR
2021-04-23 13:00:00;2.204;2.212;2.198;2.209;29.9375;ISP.ITEUR
2021-04-23 14:00:00;2.211;2.22;2.209;2.218;25.65;ISP.ITEUR
2021-04-23 15:00:00;2.217;2.219;2.213;2.216;10.25;ISP.ITEUR
2021-04-26 07:00:00;2.224;2.242;2.214;2.24;44.2125;ISP.ITEUR
2021-04-26 08:00:00;2.24;2.25;2.238;2.246;40.1875;ISP.ITEUR
2021-04-26 09:00:00;2.244;2.265;2.242;2.259;30.825;ISP.ITEUR
2021-04-26 10:00:00;2.261;2.272;2.256;2.268;27.3125;ISP.ITEUR
2021-04-26 11:00:00;2.268;2.282;2.267;2.274;27.2375;ISP.ITEUR
2021-04-26 12:00:00;2.273;2.277;2.265;2.266;20.0125;ISP.ITEUR
2021-04-26 13:00:00;2.267;2.279;2.263;2.275;26.6375;ISP.ITEUR
2021-04-26 14:00:00;2.276;2.279;2.267;2.272;24.05;ISP.ITEUR
2021-04-26 15:00:00;2.271;2.277;2.269;2.271;13.95;ISP.ITEUR
2021-04-27 07:00:00;2.269;2.272;2.259;2.263;37.6625;ISP.ITEUR
2021-04-27 08:00:00;2.264;2.268;2.258;2.264;21.1875;ISP.ITEUR
2021-04-27 09:00:00;2.265;2.268;2.257;2.26;23.8625;ISP.ITEUR
2021-04-27 10:00:00;2.261;2.273;2.257;2.272;19.775;ISP.ITEUR
2021-04-27 11:00:00;2.273;2.283;2.271;2.275;17.1;ISP.ITEUR
2021-04-27 12:00:00;2.276;2.287;2.274;2.279;19.025;ISP.ITEUR
2021-04-27 13:00:00;2.281;2.285;2.274;2.279;24.2;ISP.ITEUR
2021-04-27 14:00:00;2.281;2.283;2.275;2.279;18.5375;ISP.ITEUR
2021-04-27 15:00:00;2.279;2.282;2.275;2.277;12.8875;ISP.ITEUR
2021-04-28 07:00:00;2.291;2.304;2.28;2.281;52.4125;ISP.ITEUR
2021-04-28 08:00:00;2.279;2.281;2.272;2.281;25.6;ISP.ITEUR
2021-04-28 09:00:00;2.28;2.291;2.278;2.284;20.9625;ISP.ITEUR
2021-04-28 10:00:00;2.285;2.292;2.283;2.292;15.1125;ISP.ITEUR
2021-04-28 11:00:00;2.291;2.3;2.288;2.297;24.55;ISP.ITEUR
2021-04-28 12:00:00;2.299;2.299;2.285;2.288;22.425;ISP.ITEUR
2021-04-28 13:00:00;2.29;2.293;2.284;2.287;24.1625;ISP.ITEUR
2021-04-28 14:00:00;2.287;2.3;2.285;2.296;21.5;ISP.ITEUR
2021-04-28 15:00:00;2.298;2.299;2.294;2.297;15.3875;ISP.ITEUR
2021-04-29 07:00:00;2.302;2.323;2.296;2.316;46.1625;ISP.ITEUR
2021-04-29 08:00:00;2.315;2.318;2.305;2.308;26.55;ISP.ITEUR
2021-04-29 09:00:00;2.306;2.321;2.305;2.317;22.7;ISP.ITEUR
2021-04-29 10:00:00;2.317;2.322;2.314;2.317;13.5125;ISP.ITEUR
2021-04-29 11:00:00;2.317;2.317;2.311;2.314;10.65;ISP.ITEUR
2021-04-29 12:00:00;2.315;2.323;2.313;2.319;16.85;ISP.ITEUR
2021-04-29 13:00:00;2.32;2.336;2.316;2.327;29.025;ISP.ITEUR
2021-04-29 14:00:00;2.325;2.327;2.306;2.312;37.2625;ISP.ITEUR
2021-04-29 15:00:00;2.31;2.318;2.31;2.312;12.6875;ISP.ITEUR
2021-04-30 07:00:00;2.312;2.335;2.309;2.324;43.1625;ISP.ITEUR
2021-04-30 08:00:00;2.325;2.327;2.313;2.315;20.7375;ISP.ITEUR
2021-04-30 09:00:00;2.315;2.326;2.314;2.32;25.175;ISP.ITEUR
2021-04-30 10:00:00;2.319;2.322;2.312;2.315;20.7375;ISP.ITEUR
2021-04-30 11:00:00;2.316;2.318;2.308;2.317;14.4125;ISP.ITEUR
2021-04-30 12:00:00;2.317;2.325;2.314;2.319;22.05;ISP.ITEUR
2021-04-30 13:00:00;2.32;2.325;2.312;2.324;17.2875;ISP.ITEUR
2021-04-30 14:00:00;2.323;2.326;2.315;2.324;21.8875;ISP.ITEUR
2021-04-30 15:00:00;2.322;2.325;2.317;2.319;10.7375;ISP.ITEUR
2021-05-03 07:00:00;2.319;2.335;2.316;2.332;34.8375;ISP.ITEUR
2021-05-03 08:00:00;2.333;2.334;2.325;2.329;25.1125;ISP.ITEUR
2021-05-03 09:00:00;2.33;2.331;2.318;2.324;23.8375;ISP.ITEUR
2021-05-03 10:00:00;2.325;2.332;2.321;2.329;19.025;ISP.ITEUR
2021-05-03 11:00:00;2.328;2.337;2.327;2.332;15.4875;ISP.ITEUR
2021-05-03 12:00:00;2.334;2.338;2.325;2.328;15.725;ISP.ITEUR
2021-05-03 13:00:00;2.329;2.338;2.327;2.336;15.8875;ISP.ITEUR
2021-05-03 14:00:00;2.335;2.335;2.324;2.333;21.825;ISP.ITEUR
2021-05-03 15:00:00;2.332;2.335;2.328;2.331;5.65;ISP.ITEUR
2021-05-04 07:00:00;2.334;2.347;2.334;2.341;35.1125;ISP.ITEUR
2021-05-04 08:00:00;2.341;2.353;2.337;2.349;12.275;ISP.ITEUR
2021-05-04 09:00:00;2.35;2.35;2.338;2.346;20.7375;ISP.ITEUR
2021-05-04 10:00:00;2.346;2.351;2.344;2.35;13.3875;ISP.ITEUR
2021-05-04 11:00:00;2.351;2.357;2.332;2.333;34.9875;ISP.ITEUR
2021-05-04 12:00:00;2.333;2.335;2.313;2.315;31.175;ISP.ITEUR
2021-05-04 13:00:00;2.316;2.335;2.308;2.312;42.525;ISP.ITEUR
2021-05-04 14:00:00;2.312;2.312;2.299;2.3;36.1;ISP.ITEUR
2021-05-04 15:00:00;2.299;2.302;2.295;2.299;20.8;ISP.ITEUR
2021-05-05 07:00:00;2.317;2.341;2.311;2.332;38.2375;ISP.ITEUR
2021-05-05 08:00:00;2.333;2.337;2.325;2.334;20.375;ISP.ITEUR
2021-05-05 09:00:00;2.333;2.339;2.33;2.338;12.9875;ISP.ITEUR
2021-05-05 10:00:00;2.338;2.358;2.33;2.345;21.5125;ISP.ITEUR
2021-05-05 11:00:00;2.344;2.353;2.332;2.339;28.55;ISP.ITEUR
2021-05-05 12:00:00;2.339;2.347;2.339;2.344;17.0875;ISP.ITEUR
2021-05-05 13:00:00;2.345;2.348;2.336;2.34;29.1125;ISP.ITEUR
2021-05-05 14:00:00;2.34;2.341;2.332;2.336;24.4;ISP.ITEUR
2021-05-05 15:00:00;2.335;2.342;2.334;2.336;8.875;ISP.ITEUR
2021-05-06 07:00:00;2.351;2.391;2.351;2.37;67.9875;ISP.ITEUR
2021-05-06 08:00:00;2.372;2.374;2.356;2.36;38.275;ISP.ITEUR
2021-05-06 09:00:00;2.36;2.367;2.349;2.351;39.1625;ISP.ITEUR
2021-05-06 10:00:00;2.351;2.362;2.349;2.357;28.5375;ISP.ITEUR
2021-05-06 11:00:00;2.356;2.367;2.353;2.358;21.0625;ISP.ITEUR
2021-05-06 12:00:00;2.359;2.367;2.356;2.364;15.875;ISP.ITEUR
2021-05-06 13:00:00;2.365;2.372;2.36;2.362;28.0875;ISP.ITEUR
2021-05-06 14:00:00;2.362;2.363;2.353;2.359;36.125;ISP.ITEUR
2021-05-06 15:00:00;2.359;2.362;2.354;2.362;14.8875;ISP.ITEUR
2021-05-07 07:00:00;2.375;2.376;2.356;2.36;42.05;ISP.ITEUR
2021-05-07 08:00:00;2.359;2.363;2.353;2.362;23.1625;ISP.ITEUR
2021-05-07 09:00:00;2.361;2.362;2.353;2.36;16.85;ISP.ITEUR
2021-05-07 10:00:00;2.361;2.365;2.356;2.365;11.0;ISP.ITEUR
2021-05-07 11:00:00;2.365;2.366;2.362;2.364;5.3125;ISP.ITEUR
2021-05-07 12:00:00;2.363;2.367;2.34;2.346;36.7;ISP.ITEUR
2021-05-07 13:00:00;2.346;2.362;2.342;2.36;30.6875;ISP.ITEUR
2021-05-07 14:00:00;2.36;2.362;2.353;2.359;15.375;ISP.ITEUR
2021-05-07 15:00:00;2.358;2.359;2.352;2.353;13.2625;ISP.ITEUR
2021-05-10 07:00:00;2.375;2.381;2.368;2.375;48.525;ISP.ITEUR
2021-05-10 08:00:00;2.375;2.381;2.372;2.379;28.4375;ISP.ITEUR
2021-05-10 09:00:00;2.38;2.382;2.374;2.376;24.2125;ISP.ITEUR
2021-05-10 10:00:00;2.375;2.381;2.374;2.379;22.0;ISP.ITEUR
2021-05-10 11:00:00;2.379;2.386;2.377;2.385;22.1375;ISP.ITEUR
2021-05-10 12:00:00;2.384;2.386;2.38;2.382;16.875;ISP.ITEUR
2021-05-10 13:00:00;2.382;2.39;2.378;2.389;24.2875;ISP.ITEUR
2021-05-10 14:00:00;2.388;2.391;2.38;2.382;24.9125;ISP.ITEUR
2021-05-10 15:00:00;2.382;2.387;2.379;2.386;12.0125;ISP.ITEUR
2021-05-11 07:00:00;2.37;2.375;2.36;2.374;45.4;ISP.ITEUR
2021-05-11 08:00:00;2.375;2.377;2.365;2.367;30.7125;ISP.ITEUR
2021-05-11 09:00:00;2.367;2.386;2.366;2.377;32.85;ISP.ITEUR
2021-05-11 10:00:00;2.377;2.377;2.365;2.368;24.6625;ISP.ITEUR
2021-05-11 11:00:00;2.368;2.372;2.366;2.37;21.1125;ISP.ITEUR
2021-05-11 12:00:00;2.37;2.372;2.364;2.365;21.1375;ISP.ITEUR
2021-05-11 13:00:00;2.365;2.382;2.362;2.379;37.05;ISP.ITEUR
2021-05-11 14:00:00;2.38;2.386;2.368;2.371;44.5;ISP.ITEUR
2021-05-11 15:00:00;2.37;2.375;2.369;2.372;14.575;ISP.ITEUR
2021-05-12 07:00:00;2.376;2.38;2.366;2.375;46.0375;ISP.ITEUR
2021-05-12 08:00:00;2.376;2.377;2.363;2.366;32.125;ISP.ITEUR
2021-05-12 09:00:00;2.367;2.369;2.356;2.361;24.5625;ISP.ITEUR
2021-05-12 10:00:00;2.363;2.367;2.358;2.36;27.45;ISP.ITEUR
2021-05-12 11:00:00;2.36;2.362;2.357;2.361;11.2625;ISP.ITEUR
2021-05-12 12:00:00;2.362;2.377;2.352;2.377;44.475;ISP.ITEUR
2021-05-12 13:00:00;2.375;2.382;2.368;2.378;37.9625;ISP.ITEUR
2021-05-12 14:00:00;2.378;2.39;2.376;2.385;41.725;ISP.ITEUR
2021-05-12 15:00:00;2.385;2.39;2.383;2.385;17.425;ISP.ITEUR
2021-05-13 07:00:00;2.362;2.365;2.322;2.334;82.75;ISP.ITEUR
2021-05-13 08:00:00;2.334;2.334;2.308;2.323;59.8;ISP.ITEUR
2021-05-13 09:00:00;2.322;2.328;2.317;2.325;42.725;ISP.ITEUR
2021-05-13 10:00:00;2.325;2.332;2.318;2.331;39.35;ISP.ITEUR
2021-05-13 11:00:00;2.331;2.342;2.329;2.341;38.7;ISP.ITEUR
2021-05-13 12:00:00;2.342;2.351;2.339;2.347;37.1375;ISP.ITEUR
2021-05-13 13:00:00;2.348;2.361;2.346;2.359;47.9125;ISP.ITEUR
2021-05-13 14:00:00;2.359;2.376;2.358;2.374;41.2;ISP.ITEUR
2021-05-13 15:00:00;2.375;2.376;2.367;2.368;21.75;ISP.ITEUR
2021-05-14 07:00:00;2.381;2.386;2.366;2.369;52.3;ISP.ITEUR
2021-05-14 08:00:00;2.368;2.384;2.367;2.379;36.875;ISP.ITEUR
2021-05-14 09:00:00;2.38;2.384;2.378;2.379;27.6375;ISP.ITEUR
2021-05-14 10:00:00;2.38;2.381;2.375;2.379;21.6625;ISP.ITEUR
2021-05-14 11:00:00;2.379;2.384;2.379;2.383;10.9;ISP.ITEUR
2021-05-14 12:00:00;2.384;2.385;2.378;2.385;14.6;ISP.ITEUR
2021-05-14 13:00:00;2.384;2.39;2.38;2.389;22.65;ISP.ITEUR
2021-05-14 14:00:00;2.389;2.39;2.378;2.381;35.4125;ISP.ITEUR
2021-05-14 15:00:00;2.381;2.387;2.378;2.385;13.4;ISP.ITEUR
2021-05-17 07:00:00;2.386;2.404;2.385;2.394;43.3875;ISP.ITEUR
2021-05-17 08:00:00;2.395;2.4;2.39;2.399;23.775;ISP.ITEUR
2021-05-17 09:00:00;2.4;2.4;2.393;2.396;9.2375;ISP.ITEUR
2021-05-17 10:00:00;2.395;2.396;2.389;2.391;9.5625;ISP.ITEUR
2021-05-17 11:00:00;2.392;2.393;2.377;2.384;16.5375;ISP.ITEUR
2021-05-17 12:00:00;2.384;2.396;2.382;2.393;14.6125;ISP.ITEUR
2021-05-17 13:00:00;2.392;2.399;2.39;2.395;17.9625;ISP.ITEUR
2021-05-17 14:00:00;2.393;2.403;2.392;2.403;23.0375;ISP.ITEUR
2021-05-17 15:00:00;2.402;2.405;2.398;2.402;12.9875;ISP.ITEUR
2021-05-18 07:00:00;2.419;2.434;2.417;2.429;42.15;ISP.ITEUR
2021-05-18 08:00:00;2.43;2.432;2.425;2.427;17.2625;ISP.ITEUR
2021-05-18 09:00:00;2.428;2.428;2.419;2.421;18.45;ISP.ITEUR
2021-05-18 10:00:00;2.423;2.425;2.416;2.42;16.45;ISP.ITEUR
2021-05-18 11:00:00;2.419;2.421;2.399;2.401;20.3125;ISP.ITEUR
2021-05-18 12:00:00;2.404;2.406;2.395;2.404;20.85;ISP.ITEUR
2021-05-18 13:00:00;2.402;2.409;2.397;2.398;46.075;ISP.ITEUR
2021-05-18 14:00:00;2.398;2.404;2.392;2.402;40.0625;ISP.ITEUR
2021-05-18 15:00:00;2.4;2.406;2.395;2.405;16.9;ISP.ITEUR
2021-05-19 07:00:00;2.379;2.399;2.375;2.395;58.325;ISP.ITEUR
2021-05-19 08:00:00;2.396;2.403;2.392;2.396;31.5375;ISP.ITEUR
2021-05-19 09:00:00;2.398;2.41;2.396;2.4;25.125;ISP.ITEUR
2021-05-19 10:00:00;2.401;2.402;2.388;2.392;17.8125;ISP.ITEUR
2021-05-19 11:00:00;2.39;2.392;2.359;2.361;27.075;ISP.ITEUR
2021-05-19 12:00:00;2.36;2.363;2.338;2.34;30.05;ISP.ITEUR
2021-05-19 13:00:00;2.338;2.353;2.337;2.347;55.625;ISP.ITEUR
2021-05-19 14:00:00;2.346;2.354;2.33;2.353;68.9875;ISP.ITEUR
2021-05-19 15:00:00;2.352;2.361;2.348;2.35;22.1125;ISP.ITEUR
2021-05-20 07:00:00;2.359;2.361;2.339;2.34;48.625;ISP.ITEUR
2021-05-20 08:00:00;2.339;2.342;2.325;2.33;38.125;ISP.ITEUR
2021-05-20 09:00:00;2.328;2.336;2.325;2.334;25.725;ISP.ITEUR
2021-05-20 10:00:00;2.332;2.336;2.327;2.334;24.2875;ISP.ITEUR
2021-05-20 11:00:00;2.332;2.338;2.329;2.337;25.5625;ISP.ITEUR
2021-05-20 12:00:00;2.338;2.344;2.335;2.341;22.4125;ISP.ITEUR
2021-05-20 13:00:00;2.342;2.344;2.328;2.34;38.7625;ISP.ITEUR
2021-05-20 14:00:00;2.341;2.341;2.332;2.34;37.775;ISP.ITEUR
2021-05-20 15:00:00;2.34;2.344;2.336;2.342;16.35;ISP.ITEUR
2021-05-21 07:00:00;2.353;2.357;2.332;2.333;50.9625;ISP.ITEUR
2021-05-21 08:00:00;2.332;2.343;2.33;2.338;32.675;ISP.ITEUR
2021-05-21 09:00:00;2.336;2.352;2.333;2.348;36.9;ISP.ITEUR
2021-05-21 10:00:00;2.348;2.358;2.346;2.35;23.75;ISP.ITEUR
2021-05-21 11:00:00;2.351;2.361;2.349;2.358;23.3125;ISP.ITEUR
2021-05-21 12:00:00;2.359;2.363;2.352;2.356;19.35;ISP.ITEUR
2021-05-21 13:00:00;2.354;2.358;2.348;2.353;40.7375;ISP.ITEUR
2021-05-21 14:00:00;2.353;2.366;2.35;2.366;26.5;ISP.ITEUR
2021-05-21 15:00:00;2.366;2.367;2.359;2.365;15.075;ISP.ITEUR
2021-05-24 07:00:00;2.322;2.371;2.322;2.371;31.9125;ISP.ITEUR
2021-05-24 08:00:00;2.372;2.375;2.363;2.363;19.7625;ISP.ITEUR
2021-05-24 09:00:00;2.365;2.372;2.363;2.37;18.325;ISP.ITEUR
2021-05-24 10:00:00;2.369;2.37;2.365;2.368;8.75;ISP.ITEUR
2021-05-24 11:00:00;2.369;2.369;2.356;2.362;11.825;ISP.ITEUR
2021-05-24 12:00:00;2.362;2.363;2.354;2.36;9.9;ISP.ITEUR
2021-05-24 13:00:00;2.36;2.362;2.351;2.361;17.0625;ISP.ITEUR
2021-05-24 14:00:00;2.36;2.364;2.359;2.362;12.3125;ISP.ITEUR
2021-05-24 15:00:00;2.363;2.367;2.358;2.367;9.9125;ISP.ITEUR
2021-05-25 07:00:00;2.369;2.375;2.361;2.367;25.875;ISP.ITEUR
2021-05-25 08:00:00;2.368;2.37;2.359;2.367;12.3;ISP.ITEUR
2021-05-25 09:00:00;2.368;2.371;2.365;2.371;10.025;ISP.ITEUR
2021-05-25 10:00:00;2.371;2.374;2.365;2.372;8.6;ISP.ITEUR
2021-05-25 11:00:00;2.373;2.376;2.368;2.374;4.35;ISP.ITEUR
2021-05-25 12:00:00;2.374;2.375;2.366;2.369;10.8;ISP.ITEUR
2021-05-25 13:00:00;2.367;2.371;2.36;2.366;22.6625;ISP.ITEUR
2021-05-25 14:00:00;2.364;2.366;2.355;2.364;21.3;ISP.ITEUR
2021-05-25 15:00:00;2.363;2.364;2.354;2.357;12.6625;ISP.ITEUR
2021-05-26 07:00:00;2.356;2.374;2.35;2.356;41.9625;ISP.ITEUR
2021-05-26 08:00:00;2.357;2.362;2.345;2.35;28.5625;ISP.ITEUR
2021-05-26 09:00:00;2.351;2.359;2.339;2.339;30.2375;ISP.ITEUR
2021-05-26 10:00:00;2.341;2.345;2.327;2.33;22.0125;ISP.ITEUR
2021-05-26 11:00:00;2.33;2.334;2.315;2.318;29.425;ISP.ITEUR
2021-05-26 12:00:00;2.319;2.33;2.317;2.329;23.65;ISP.ITEUR
2021-05-26 13:00:00;2.328;2.335;2.322;2.332;30.375;ISP.ITEUR
2021-05-26 14:00:00;2.331;2.342;2.327;2.338;28.6;ISP.ITEUR
2021-05-26 15:00:00;2.34;2.349;2.339;2.348;15.4;ISP.ITEUR
2021-05-27 07:00:00;2.336;2.362;2.332;2.361;36.7625;ISP.ITEUR
2021-05-27 08:00:00;2.362;2.372;2.36;2.367;31.525;ISP.ITEUR
2021-05-27 09:00:00;2.368;2.377;2.366;2.374;23.225;ISP.ITEUR
2021-05-27 10:00:00;2.375;2.38;2.374;2.378;16.1;ISP.ITEUR
2021-05-27 11:00:00;2.376;2.385;2.376;2.383;15.9375;ISP.ITEUR
2021-05-27 12:00:00;2.385;2.392;2.382;2.389;23.45;ISP.ITEUR
2021-05-27 13:00:00;2.39;2.394;2.386;2.394;26.125;ISP.ITEUR
2021-05-27 14:00:00;2.394;2.395;2.386;2.392;26.45;ISP.ITEUR
2021-05-27 15:00:00;2.392;2.393;2.385;2.386;12.7375;ISP.ITEUR
2021-05-28 07:00:00;2.387;2.408;2.387;2.4;44.2375;ISP.ITEUR
2021-05-28 08:00:00;2.402;2.405;2.395;2.403;23.3625;ISP.ITEUR
2021-05-28 09:00:00;2.403;2.405;2.395;2.399;25.875;ISP.ITEUR
2021-05-28 10:00:00;2.397;2.406;2.395;2.406;13.7125;ISP.ITEUR
2021-05-28 11:00:00;2.404;2.407;2.401;2.403;11.7125;ISP.ITEUR
2021-05-28 12:00:00;2.404;2.408;2.403;2.406;9.875;ISP.ITEUR
2021-05-28 13:00:00;2.405;2.409;2.399;2.407;23.1875;ISP.ITEUR
2021-05-28 14:00:00;2.407;2.407;2.399;2.405;15.8125;ISP.ITEUR
2021-05-28 15:00:00;2.403;2.409;2.402;2.406;9.7875;ISP.ITEUR
2021-05-31 07:00:00;2.406;2.419;2.406;2.418;30.7125;ISP.ITEUR
2021-05-31 08:00:00;2.417;2.43;2.414;2.429;19.5375;ISP.ITEUR
2021-05-31 09:00:00;2.428;2.429;2.419;2.425;20.4875;ISP.ITEUR
2021-05-31 10:00:00;2.424;2.428;2.422;2.426;10.5;ISP.ITEUR
2021-05-31 11:00:00;2.426;2.428;2.422;2.424;10.5;ISP.ITEUR
2021-05-31 12:00:00;2.423;2.427;2.422;2.427;7.7;ISP.ITEUR
2021-05-31 13:00:00;2.426;2.427;2.42;2.421;15.125;ISP.ITEUR
2021-05-31 14:00:00;2.423;2.425;2.419;2.424;15.8875;ISP.ITEUR
2021-05-31 15:00:00;2.423;2.424;2.415;2.415;15.85;ISP.ITEUR
2021-06-01 07:00:00;2.425;2.45;2.422;2.448;29.8125;ISP.ITEUR
2021-06-01 08:00:00;2.45;2.452;2.441;2.451;21.525;ISP.ITEUR
2021-06-01 09:00:00;2.449;2.454;2.446;2.453;17.2;ISP.ITEUR
2021-06-01 10:00:00;2.452;2.456;2.449;2.453;13.7625;ISP.ITEUR
2021-06-01 11:00:00;2.453;2.464;2.449;2.463;14.675;ISP.ITEUR
2021-06-01 12:00:00;2.462;2.464;2.453;2.455;13.8625;ISP.ITEUR
2021-06-01 13:00:00;2.454;2.456;2.443;2.446;26.025;ISP.ITEUR
2021-06-01 14:00:00;2.446;2.449;2.441;2.448;26.1;ISP.ITEUR
2021-06-01 15:00:00;2.448;2.449;2.441;2.443;9.1;ISP.ITEUR
2021-06-02 07:00:00;2.439;2.453;2.433;2.443;41.9125;ISP.ITEUR
2021-06-02 08:00:00;2.444;2.467;2.442;2.462;25.7375;ISP.ITEUR
2021-06-02 09:00:00;2.463;2.472;2.461;2.469;18.5;ISP.ITEUR
2021-06-02 10:00:00;2.47;2.48;2.468;2.479;15.75;ISP.ITEUR
2021-06-02 11:00:00;2.479;2.481;2.468;2.476;14.45;ISP.ITEUR
2021-06-02 12:00:00;2.477;2.479;2.471;2.475;13.875;ISP.ITEUR
2021-06-02 13:00:00;2.475;2.48;2.466;2.474;20.8625;ISP.ITEUR
2021-06-02 14:00:00;2.474;2.474;2.463;2.469;16.9125;ISP.ITEUR
2021-06-02 15:00:00;2.469;2.472;2.466;2.471;8.575;ISP.ITEUR
2021-06-03 07:00:00;2.464;2.476;2.46;2.466;45.7;ISP.ITEUR
2021-06-03 08:00:00;2.466;2.471;2.464;2.468;18.5375;ISP.ITEUR
2021-06-03 09:00:00;2.466;2.476;2.466;2.469;13.9625;ISP.ITEUR
2021-06-03 10:00:00;2.47;2.471;2.454;2.46;27.575;ISP.ITEUR
2021-06-03 11:00:00;2.461;2.463;2.456;2.462;20.2375;ISP.ITEUR
2021-06-03 12:00:00;2.461;2.47;2.454;2.467;25.0875;ISP.ITEUR
2021-06-03 13:00:00;2.468;2.479;2.465;2.476;29.1625;ISP.ITEUR
2021-06-03 14:00:00;2.474;2.481;2.473;2.478;26.325;ISP.ITEUR
2021-06-03 15:00:00;2.477;2.478;2.473;2.476;17.2125;ISP.ITEUR
2021-06-04 07:00:00;2.47;2.482;2.468;2.479;33.3125;ISP.ITEUR
2021-06-04 08:00:00;2.48;2.484;2.473;2.477;15.4125;ISP.ITEUR
2021-06-04 09:00:00;2.478;2.484;2.477;2.479;15.2625;ISP.ITEUR
2021-06-04 10:00:00;2.478;2.481;2.474;2.481;14.375;ISP.ITEUR
2021-06-04 11:00:00;2.481;2.486;2.479;2.484;8.35;ISP.ITEUR
2021-06-04 12:00:00;2.483;2.486;2.473;2.481;21.0625;ISP.ITEUR
2021-06-04 13:00:00;2.481;2.484;2.473;2.477;13.5875;ISP.ITEUR
2021-06-04 14:00:00;2.476;2.481;2.473;2.477;19.0625;ISP.ITEUR
2021-06-04 15:00:00;2.479;2.48;2.473;2.475;11.3125;ISP.ITEUR
2021-06-07 07:00:00;2.476;2.483;2.454;2.481;48.8;ISP.ITEUR
2021-06-07 08:00:00;2.479;2.485;2.475;2.479;19.6375;ISP.ITEUR
2021-06-07 09:00:00;2.478;2.479;2.466;2.471;18.575;ISP.ITEUR
2021-06-07 10:00:00;2.471;2.476;2.469;2.472;16.6875;ISP.ITEUR
2021-06-07 11:00:00;2.475;2.478;2.472;2.477;9.3875;ISP.ITEUR
2021-06-07 12:00:00;2.477;2.477;2.471;2.474;8.9375;ISP.ITEUR
2021-06-07 13:00:00;2.476;2.478;2.47;2.476;17.2625;ISP.ITEUR
2021-06-07 14:00:00;2.477;2.485;2.474;2.481;15.3375;ISP.ITEUR
2021-06-07 15:00:00;2.482;2.483;2.477;2.482;8.975;ISP.ITEUR
2021-06-08 07:00:00;2.48;2.484;2.472;2.476;30.2875;ISP.ITEUR
2021-06-08 08:00:00;2.475;2.477;2.462;2.468;20.15;ISP.ITEUR
2021-06-08 09:00:00;2.469;2.475;2.465;2.47;14.375;ISP.ITEUR
2021-06-08 10:00:00;2.469;2.47;2.452;2.463;21.625;ISP.ITEUR
2021-06-08 11:00:00;2.462;2.463;2.456;2.459;12.25;ISP.ITEUR
2021-06-08 12:00:00;2.46;2.46;2.445;2.453;13.8;ISP.ITEUR
2021-06-08 13:00:00;2.454;2.457;2.447;2.451;17.9;ISP.ITEUR
2021-06-08 14:00:00;2.452;2.459;2.446;2.456;16.9625;ISP.ITEUR
2021-06-08 15:00:00;2.457;2.458;2.45;2.455;8.8;ISP.ITEUR
2021-06-09 07:00:00;2.455;2.466;2.445;2.445;26.7125;ISP.ITEUR
2021-06-09 08:00:00;2.446;2.447;2.439;2.442;16.3375;ISP.ITEUR
2021-06-09 09:00:00;2.441;2.441;2.432;2.436;12.55;ISP.ITEUR
2021-06-09 10:00:00;2.439;2.443;2.438;2.442;7.0625;ISP.ITEUR
2021-06-09 11:00:00;2.442;2.443;2.436;2.443;7.4375;ISP.ITEUR
2021-06-09 12:00:00;2.443;2.451;2.441;2.448;8.4;ISP.ITEUR
2021-06-09 13:00:00;2.447;2.451;2.443;2.447;9.8375;ISP.ITEUR
2021-06-09 14:00:00;2.448;2.457;2.447;2.456;9.1375;ISP.ITEUR
2021-06-09 15:00:00;2.456;2.459;2.452;2.455;7.625;ISP.ITEUR
2021-06-10 07:00:00;2.445;2.447;2.426;2.435;30.825;ISP.ITEUR
2021-06-10 08:00:00;2.436;2.439;2.429;2.437;15.2875;ISP.ITEUR
2021-06-10 09:00:00;2.437;2.444;2.432;2.443;9.75;ISP.ITEUR
2021-06-10 10:00:00;2.443;2.449;2.441;2.443;13.35;ISP.ITEUR
2021-06-10 11:00:00;2.445;2.445;2.429;2.433;16.2375;ISP.ITEUR
2021-06-10 12:00:00;2.433;2.458;2.433;2.45;30.0625;ISP.ITEUR
2021-06-10 13:00:00;2.449;2.45;2.433;2.438;33.275;ISP.ITEUR
2021-06-10 14:00:00;2.438;2.439;2.428;2.432;22.7875;ISP.ITEUR
2021-06-10 15:00:00;2.433;2.437;2.432;2.437;7.025;ISP.ITEUR
2021-06-11 07:00:00;2.433;2.433;2.417;2.42;44.95;ISP.ITEUR
2021-06-11 08:00:00;2.421;2.424;2.412;2.412;15.7;ISP.ITEUR
2021-06-11 09:00:00;2.413;2.417;2.41;2.411;13.0875;ISP.ITEUR
2021-06-11 10:00:00;2.412;2.422;2.405;2.421;16.45;ISP.ITEUR
2021-06-11 11:00:00;2.42;2.421;2.415;2.419;11.225;ISP.ITEUR
2021-06-11 12:00:00;2.42;2.421;2.414;2.418;12.7875;ISP.ITEUR
2021-06-11 13:00:00;2.418;2.425;2.417;2.423;11.7375;ISP.ITEUR
2021-06-11 14:00:00;2.423;2.43;2.419;2.429;11.1125;ISP.ITEUR
2021-06-11 15:00:00;2.428;2.43;2.421;2.422;5.325;ISP.ITEUR
2021-06-14 07:00:00;2.417;2.436;2.417;2.432;28.75;ISP.ITEUR
2021-06-14 08:00:00;2.432;2.432;2.424;2.426;13.1125;ISP.ITEUR
2021-06-14 09:00:00;2.427;2.43;2.424;2.43;8.8125;ISP.ITEUR
2021-06-14 10:00:00;2.429;2.435;2.427;2.432;9.4375;ISP.ITEUR
2021-06-14 11:00:00;2.433;2.435;2.424;2.428;6.1125;ISP.ITEUR
2021-06-14 12:00:00;2.428;2.437;2.426;2.436;4.5875;ISP.ITEUR
2021-06-14 13:00:00;2.436;2.441;2.431;2.438;12.0625;ISP.ITEUR
2021-06-14 14:00:00;2.439;2.45;2.438;2.448;13.6;ISP.ITEUR
2021-06-14 15:00:00;2.447;2.448;2.441;2.443;7.0375;ISP.ITEUR
2021-06-15 07:00:00;2.45;2.455;2.431;2.431;34.1;ISP.ITEUR
2021-06-15 08:00:00;2.431;2.436;2.425;2.433;14.425;ISP.ITEUR
2021-06-15 09:00:00;2.433;2.433;2.422;2.425;9.15;ISP.ITEUR
2021-06-15 10:00:00;2.426;2.442;2.426;2.441;11.5375;ISP.ITEUR
2021-06-15 11:00:00;2.44;2.443;2.435;2.437;13.7625;ISP.ITEUR
2021-06-15 12:00:00;2.438;2.449;2.434;2.442;8.075;ISP.ITEUR
2021-06-15 13:00:00;2.442;2.445;2.433;2.438;15.2625;ISP.ITEUR
2021-06-15 14:00:00;2.438;2.444;2.436;2.44;10.8375;ISP.ITEUR
2021-06-15 15:00:00;2.439;2.449;2.438;2.449;5.45;ISP.ITEUR
2021-06-16 07:00:00;2.449;2.454;2.436;2.436;24.35;ISP.ITEUR
2021-06-16 08:00:00;2.437;2.438;2.428;2.432;11.0875;ISP.ITEUR
2021-06-16 09:00:00;2.433;2.435;2.424;2.427;10.2;ISP.ITEUR
2021-06-16 10:00:00;2.428;2.433;2.424;2.424;9.9875;ISP.ITEUR
2021-06-16 11:00:00;2.426;2.432;2.422;2.428;6.275;ISP.ITEUR
2021-06-16 12:00:00;2.427;2.428;2.416;2.416;7.9625;ISP.ITEUR
2021-06-16 13:00:00;2.416;2.417;2.408;2.412;13.5875;ISP.ITEUR
2021-06-16 14:00:00;2.412;2.416;2.41;2.415;11.8;ISP.ITEUR
2021-06-16 15:00:00;2.414;2.415;2.41;2.412;7.85;ISP.ITEUR
2021-06-17 07:00:00;2.414;2.453;2.414;2.447;43.5625;ISP.ITEUR
2021-06-17 08:00:00;2.448;2.45;2.436;2.442;22.375;ISP.ITEUR
2021-06-17 09:00:00;2.442;2.45;2.438;2.438;19.0625;ISP.ITEUR
2021-06-17 10:00:00;2.44;2.445;2.436;2.438;15.2;ISP.ITEUR
2021-06-17 11:00:00;2.438;2.442;2.434;2.439;9.55;ISP.ITEUR
2021-06-17 12:00:00;2.44;2.444;2.436;2.442;13.825;ISP.ITEUR
2021-06-17 13:00:00;2.441;2.444;2.434;2.438;15.075;ISP.ITEUR
2021-06-17 14:00:00;2.44;2.44;2.424;2.426;24.2375;ISP.ITEUR
2021-06-17 15:00:00;2.426;2.427;2.415;2.418;10.0875;ISP.ITEUR
2021-06-18 07:00:00;2.404;2.422;2.388;2.396;46.5625;ISP.ITEUR
2021-06-18 08:00:00;2.395;2.396;2.381;2.391;22.425;ISP.ITEUR
2021-06-18 09:00:00;2.391;2.409;2.389;2.402;37.725;ISP.ITEUR
2021-06-18 10:00:00;2.401;2.402;2.37;2.376;25.7625;ISP.ITEUR
2021-06-18 11:00:00;2.377;2.379;2.37;2.374;26.25;ISP.ITEUR
2021-06-18 12:00:00;2.37;2.381;2.361;2.365;42.4125;ISP.ITEUR
2021-06-18 13:00:00;2.366;2.377;2.361;2.369;46.575;ISP.ITEUR
2021-06-18 14:00:00;2.37;2.374;2.358;2.363;38.7125;ISP.ITEUR
2021-06-18 15:00:00;2.363;2.365;2.347;2.35;21.05;ISP.ITEUR
2021-06-21 07:00:00;2.314;2.347;2.309;2.338;72.65;ISP.ITEUR
2021-06-21 08:00:00;2.339;2.343;2.329;2.34;47.9625;ISP.ITEUR
2021-06-21 09:00:00;2.34;2.35;2.336;2.347;34.65;ISP.ITEUR
2021-06-21 10:00:00;2.348;2.353;2.344;2.345;32.15;ISP.ITEUR
2021-06-21 11:00:00;2.344;2.35;2.337;2.34;28.8875;ISP.ITEUR
2021-06-21 12:00:00;2.34;2.349;2.336;2.347;34.3875;ISP.ITEUR
2021-06-21 13:00:00;2.347;2.36;2.342;2.351;44.75;ISP.ITEUR
2021-06-21 14:00:00;2.351;2.363;2.351;2.362;32.4125;ISP.ITEUR
2021-06-21 15:00:00;2.361;2.362;2.356;2.36;9.8125;ISP.ITEUR
2021-06-22 07:00:00;2.367;2.368;2.35;2.359;29.7125;ISP.ITEUR
2021-06-22 08:00:00;2.359;2.359;2.346;2.346;22.075;ISP.ITEUR
2021-06-22 09:00:00;2.347;2.348;2.339;2.343;24.5875;ISP.ITEUR
2021-06-22 10:00:00;2.342;2.349;2.336;2.341;30.025;ISP.ITEUR
2021-06-22 11:00:00;2.342;2.351;2.34;2.349;26.525;ISP.ITEUR
2021-06-22 12:00:00;2.35;2.354;2.345;2.348;22.075;ISP.ITEUR
2021-06-22 13:00:00;2.347;2.349;2.336;2.34;32.15;ISP.ITEUR
2021-06-22 14:00:00;2.341;2.346;2.335;2.344;23.4;ISP.ITEUR
2021-06-22 15:00:00;2.343;2.351;2.34;2.35;11.875;ISP.ITEUR
2021-06-23 07:00:00;2.342;2.352;2.33;2.35;42.275;ISP.ITEUR
2021-06-23 08:00:00;2.35;2.35;2.341;2.345;21.95;ISP.ITEUR
2021-06-23 09:00:00;2.345;2.346;2.33;2.334;23.2875;ISP.ITEUR
2021-06-23 10:00:00;2.334;2.335;2.327;2.329;19.6125;ISP.ITEUR
2021-06-23 11:00:00;2.329;2.329;2.315;2.323;24.9875;ISP.ITEUR
2021-06-23 12:00:00;2.324;2.341;2.323;2.339;21.175;ISP.ITEUR
2021-06-23 13:00:00;2.338;2.339;2.329;2.331;25.275;ISP.ITEUR
2021-06-23 14:00:00;2.33;2.335;2.329;2.33;18.275;ISP.ITEUR
2021-06-23 15:00:00;2.331;2.331;2.32;2.322;14.475;ISP.ITEUR
2021-06-24 07:00:00;2.325;2.333;2.319;2.321;35.6375;ISP.ITEUR
2021-06-24 08:00:00;2.321;2.342;2.321;2.341;18.0375;ISP.ITEUR
2021-06-24 09:00:00;2.34;2.348;2.339;2.342;23.575;ISP.ITEUR
2021-06-24 10:00:00;2.342;2.342;2.331;2.331;14.9875;ISP.ITEUR
2021-06-24 11:00:00;2.332;2.334;2.324;2.328;17.7;ISP.ITEUR
2021-06-24 12:00:00;2.328;2.335;2.323;2.335;16.425;ISP.ITEUR
2021-06-24 13:00:00;2.335;2.345;2.332;2.341;22.9;ISP.ITEUR
2021-06-24 14:00:00;2.341;2.355;2.34;2.354;22.0875;ISP.ITEUR
2021-06-24 15:00:00;2.354;2.359;2.351;2.359;10.3625;ISP.ITEUR
2021-06-25 07:00:00;2.368;2.386;2.368;2.377;51.1125;ISP.ITEUR
2021-06-25 08:00:00;2.376;2.382;2.375;2.377;22.575;ISP.ITEUR
2021-06-25 09:00:00;2.377;2.381;2.375;2.378;20.1125;ISP.ITEUR
2021-06-25 10:00:00;2.378;2.383;2.376;2.379;14.2875;ISP.ITEUR
2021-06-25 11:00:00;2.379;2.388;2.377;2.383;13.5625;ISP.ITEUR
2021-06-25 12:00:00;2.382;2.382;2.374;2.374;5.7375;ISP.ITEUR
2021-06-25 13:00:00;2.374;2.376;2.367;2.372;10.15;ISP.ITEUR
2021-06-25 14:00:00;2.372;2.378;2.37;2.378;8.5375;ISP.ITEUR
2021-06-25 15:00:00;2.377;2.384;2.377;2.383;7.4625;ISP.ITEUR
2021-06-28 07:00:00;2.386;2.386;2.367;2.368;24.575;ISP.ITEUR
2021-06-28 08:00:00;2.368;2.369;2.353;2.364;16.775;ISP.ITEUR
2021-06-28 09:00:00;2.363;2.364;2.357;2.362;15.0;ISP.ITEUR
2021-06-28 10:00:00;2.361;2.366;2.353;2.36;17.75;ISP.ITEUR
2021-06-28 11:00:00;2.36;2.366;2.356;2.365;14.1375;ISP.ITEUR
2021-06-28 12:00:00;2.365;2.366;2.36;2.365;6.15;ISP.ITEUR
2021-06-28 13:00:00;2.366;2.368;2.351;2.354;16.8375;ISP.ITEUR
2021-06-28 14:00:00;2.353;2.353;2.341;2.345;15.85;ISP.ITEUR
2021-06-28 15:00:00;2.345;2.346;2.336;2.337;7.7875;ISP.ITEUR
2021-06-29 07:00:00;2.332;2.352;2.329;2.348;39.3625;ISP.ITEUR
2021-06-29 08:00:00;2.348;2.362;2.339;2.34;24.7125;ISP.ITEUR
2021-06-29 09:00:00;2.34;2.348;2.337;2.34;19.675;ISP.ITEUR
2021-06-29 10:00:00;2.341;2.341;2.337;2.339;7.1;ISP.ITEUR
2021-06-29 11:00:00;2.339;2.347;2.339;2.346;7.6625;ISP.ITEUR
2021-06-29 12:00:00;2.346;2.364;2.345;2.363;15.6625;ISP.ITEUR
2021-06-29 13:00:00;2.363;2.371;2.358;2.362;13.8125;ISP.ITEUR
2021-06-29 14:00:00;2.363;2.364;2.351;2.352;18.5625;ISP.ITEUR
2021-06-29 15:00:00;2.351;2.352;2.348;2.352;8.6625;ISP.ITEUR
2021-06-30 07:00:00;2.348;2.357;2.334;2.334;31.8375;ISP.ITEUR
2021-06-30 08:00:00;2.334;2.336;2.306;2.308;29.225;ISP.ITEUR
2021-06-30 09:00:00;2.308;2.325;2.303;2.32;33.85;ISP.ITEUR
2021-06-30 10:00:00;2.321;2.33;2.32;2.326;17.1625;ISP.ITEUR
2021-06-30 11:00:00;2.326;2.342;2.326;2.339;16.0875;ISP.ITEUR
2021-06-30 12:00:00;2.34;2.341;2.332;2.333;13.25;ISP.ITEUR
2021-06-30 13:00:00;2.332;2.343;2.324;2.341;22.25;ISP.ITEUR
2021-06-30 14:00:00;2.342;2.343;2.325;2.325;23.55;ISP.ITEUR
2021-06-30 15:00:00;2.325;2.325;2.317;2.325;15.6375;ISP.ITEUR
2021-07-01 07:00:00;2.334;2.367;2.334;2.36;47.075;ISP.ITEUR
2021-07-01 08:00:00;2.36;2.364;2.355;2.357;24.7125;ISP.ITEUR
2021-07-01 09:00:00;2.357;2.359;2.351;2.351;15.4625;ISP.ITEUR
2021-07-01 10:00:00;2.351;2.352;2.333;2.335;26.725;ISP.ITEUR
2021-07-01 11:00:00;2.334;2.348;2.324;2.347;35.65;ISP.ITEUR
2021-07-01 12:00:00;2.348;2.35;2.338;2.343;16.9625;ISP.ITEUR
2021-07-01 13:00:00;2.344;2.348;2.337;2.341;21.05;ISP.ITEUR
2021-07-01 14:00:00;2.341;2.354;2.341;2.349;29.2125;ISP.ITEUR
2021-07-01 15:00:00;2.349;2.355;2.348;2.355;13.1;ISP.ITEUR
2021-07-02 07:00:00;2.356;2.358;2.342;2.35;37.95;ISP.ITEUR
2021-07-02 08:00:00;2.351;2.353;2.343;2.343;15.425;ISP.ITEUR
2021-07-02 09:00:00;2.343;2.356;2.341;2.353;11.8;ISP.ITEUR
2021-07-02 10:00:00;2.354;2.36;2.351;2.353;17.8625;ISP.ITEUR
2021-07-02 11:00:00;2.353;2.355;2.351;2.352;10.2375;ISP.ITEUR
2021-07-02 12:00:00;2.353;2.364;2.353;2.362;29.475;ISP.ITEUR
2021-07-02 13:00:00;2.362;2.362;2.341;2.344;27.125;ISP.ITEUR
2021-07-02 14:00:00;2.344;2.345;2.337;2.339;16.0;ISP.ITEUR
2021-07-02 15:00:00;2.338;2.341;2.334;2.337;9.55;ISP.ITEUR
2021-07-05 07:00:00;2.336;2.348;2.325;2.328;49.6625;ISP.ITEUR
2021-07-05 08:00:00;2.327;2.346;2.327;2.335;24.5375;ISP.ITEUR
2021-07-05 09:00:00;2.335;2.348;2.333;2.347;18.3;ISP.ITEUR
2021-07-05 10:00:00;2.348;2.354;2.34;2.354;14.45;ISP.ITEUR
2021-07-05 11:00:00;2.355;2.36;2.353;2.357;12.875;ISP.ITEUR
2021-07-05 12:00:00;2.358;2.372;2.358;2.365;13.8625;ISP.ITEUR
2021-07-05 13:00:00;2.366;2.376;2.365;2.374;10.275;ISP.ITEUR
2021-07-05 14:00:00;2.375;2.378;2.37;2.372;11.5125;ISP.ITEUR
2021-07-05 15:00:00;2.372;2.373;2.37;2.371;3.9125;ISP.ITEUR
2021-07-06 07:00:00;2.371;2.371;2.345;2.35;37.55;ISP.ITEUR
2021-07-06 08:00:00;2.349;2.354;2.346;2.353;23.2375;ISP.ITEUR
2021-07-06 09:00:00;2.353;2.353;2.344;2.347;15.8625;ISP.ITEUR
2021-07-06 10:00:00;2.347;2.347;2.336;2.338;19.3125;ISP.ITEUR
2021-07-06 11:00:00;2.337;2.341;2.335;2.339;10.4125;ISP.ITEUR
2021-07-06 12:00:00;2.339;2.342;2.337;2.338;12.0125;ISP.ITEUR
2021-07-06 13:00:00;2.338;2.338;2.328;2.331;14.475;ISP.ITEUR
2021-07-06 14:00:00;2.33;2.33;2.309;2.311;32.725;ISP.ITEUR
2021-07-06 15:00:00;2.31;2.319;2.309;2.313;12.675;ISP.ITEUR
2021-07-07 07:00:00;2.325;2.334;2.308;2.311;36.4125;ISP.ITEUR
2021-07-07 08:00:00;2.312;2.315;2.305;2.308;33.225;ISP.ITEUR
2021-07-07 09:00:00;2.309;2.321;2.306;2.314;15.5;ISP.ITEUR
2021-07-07 10:00:00;2.314;2.314;2.305;2.311;28.3375;ISP.ITEUR
2021-07-07 11:00:00;2.311;2.313;2.308;2.31;19.45;ISP.ITEUR
2021-07-07 12:00:00;2.31;2.311;2.291;2.292;16.6;ISP.ITEUR
2021-07-07 13:00:00;2.292;2.306;2.292;2.296;35.9625;ISP.ITEUR
2021-07-07 14:00:00;2.296;2.297;2.282;2.285;31.15;ISP.ITEUR
2021-07-07 15:00:00;2.285;2.3;2.284;2.299;15.4375;ISP.ITEUR
2021-07-08 07:00:00;2.28;2.289;2.242;2.25;88.275;ISP.ITEUR
2021-07-08 08:00:00;2.25;2.255;2.228;2.241;51.9125;ISP.ITEUR
2021-07-08 09:00:00;2.241;2.248;2.237;2.237;32.525;ISP.ITEUR
2021-07-08 10:00:00;2.237;2.24;2.226;2.24;40.425;ISP.ITEUR
2021-07-08 11:00:00;2.241;2.242;2.232;2.237;38.2625;ISP.ITEUR
2021-07-08 12:00:00;2.237;2.248;2.23;2.245;35.5625;ISP.ITEUR
2021-07-08 13:00:00;2.244;2.247;2.222;2.229;44.15;ISP.ITEUR
2021-07-08 14:00:00;2.228;2.229;2.213;2.214;51.9125;ISP.ITEUR
2021-07-08 15:00:00;2.215;2.232;2.215;2.228;19.6125;ISP.ITEUR
2021-07-09 07:00:00;2.246;2.258;2.236;2.251;48.1;ISP.ITEUR
2021-07-09 08:00:00;2.251;2.273;2.251;2.271;28.775;ISP.ITEUR
2021-07-09 09:00:00;2.271;2.285;2.271;2.272;35.4375;ISP.ITEUR
2021-07-09 10:00:00;2.272;2.284;2.272;2.282;24.3125;ISP.ITEUR
2021-07-09 11:00:00;2.284;2.288;2.28;2.285;15.925;ISP.ITEUR
2021-07-09 12:00:00;2.285;2.286;2.277;2.279;16.425;ISP.ITEUR
2021-07-09 13:00:00;2.278;2.285;2.273;2.284;20.55;ISP.ITEUR
2021-07-09 14:00:00;2.284;2.292;2.28;2.289;28.4625;ISP.ITEUR
2021-07-09 15:00:00;2.289;2.291;2.282;2.285;9.45;ISP.ITEUR
2021-07-12 07:00:00;2.291;2.291;2.259;2.262;48.7;ISP.ITEUR
2021-07-12 08:00:00;2.261;2.273;2.261;2.266;28.4375;ISP.ITEUR
2021-07-12 09:00:00;2.266;2.267;2.258;2.259;19.05;ISP.ITEUR
2021-07-12 10:00:00;2.259;2.26;2.252;2.255;16.0125;ISP.ITEUR
2021-07-12 11:00:00;2.256;2.27;2.256;2.27;20.4125;ISP.ITEUR
2021-07-12 12:00:00;2.27;2.279;2.265;2.278;19.0;ISP.ITEUR
2021-07-12 13:00:00;2.278;2.3;2.275;2.298;39.85;ISP.ITEUR
2021-07-12 14:00:00;2.297;2.306;2.296;2.301;25.4;ISP.ITEUR
2021-07-12 15:00:00;2.3;2.306;2.3;2.306;9.4625;ISP.ITEUR
2021-07-13 07:00:00;2.311;2.315;2.287;2.289;42.3625;ISP.ITEUR
2021-07-13 08:00:00;2.29;2.299;2.285;2.287;20.6875;ISP.ITEUR
2021-07-13 09:00:00;2.286;2.287;2.275;2.278;18.3625;ISP.ITEUR
2021-07-13 10:00:00;2.279;2.288;2.275;2.275;15.8875;ISP.ITEUR
2021-07-13 11:00:00;2.275;2.277;2.269;2.275;12.7;ISP.ITEUR
2021-07-13 12:00:00;2.276;2.292;2.271;2.287;34.05;ISP.ITEUR
2021-07-13 13:00:00;2.287;2.292;2.284;2.285;31.325;ISP.ITEUR
2021-07-13 14:00:00;2.285;2.285;2.259;2.261;23.4625;ISP.ITEUR
2021-07-13 15:00:00;2.261;2.265;2.259;2.264;8.0;ISP.ITEUR
2021-07-14 07:00:00;2.262;2.289;2.256;2.287;45.1375;ISP.ITEUR
2021-07-14 08:00:00;2.287;2.287;2.275;2.279;29.9625;ISP.ITEUR
2021-07-14 09:00:00;2.28;2.286;2.275;2.277;20.375;ISP.ITEUR
2021-07-14 10:00:00;2.276;2.284;2.275;2.28;18.05;ISP.ITEUR
2021-07-14 11:00:00;2.281;2.284;2.273;2.275;16.05;ISP.ITEUR
2021-07-14 12:00:00;2.274;2.285;2.272;2.282;23.5625;ISP.ITEUR
2021-07-14 13:00:00;2.282;2.302;2.282;2.29;28.775;ISP.ITEUR
2021-07-14 14:00:00;2.291;2.294;2.28;2.285;29.4875;ISP.ITEUR
2021-07-14 15:00:00;2.283;2.285;2.28;2.284;9.2;ISP.ITEUR
2021-07-15 07:00:00;2.273;2.273;2.242;2.249;49.575;ISP.ITEUR
2021-07-15 08:00:00;2.249;2.27;2.247;2.261;30.7;ISP.ITEUR
2021-07-15 09:00:00;2.261;2.262;2.252;2.258;22.875;ISP.ITEUR
2021-07-15 10:00:00;2.258;2.266;2.247;2.25;34.7625;ISP.ITEUR
2021-07-15 11:00:00;2.251;2.266;2.25;2.258;29.425;ISP.ITEUR
2021-07-15 12:00:00;2.257;2.26;2.252;2.252;23.1125;ISP.ITEUR
2021-07-15 13:00:00;2.253;2.258;2.247;2.255;31.25;ISP.ITEUR
2021-07-15 14:00:00;2.254;2.258;2.248;2.254;25.4125;ISP.ITEUR
2021-07-15 15:00:00;2.253;2.254;2.247;2.25;14.375;ISP.ITEUR
2021-07-16 07:00:00;2.256;2.27;2.246;2.249;51.425;ISP.ITEUR
2021-07-16 08:00:00;2.249;2.264;2.249;2.263;23.3;ISP.ITEUR
2021-07-16 09:00:00;2.263;2.265;2.256;2.259;22.8625;ISP.ITEUR
2021-07-16 10:00:00;2.26;2.262;2.244;2.251;25.5;ISP.ITEUR
2021-07-16 11:00:00;2.25;2.254;2.249;2.252;17.4625;ISP.ITEUR
2021-07-16 12:00:00;2.253;2.26;2.251;2.254;20.9875;ISP.ITEUR
2021-07-16 13:00:00;2.256;2.26;2.235;2.24;30.775;ISP.ITEUR
2021-07-16 14:00:00;2.241;2.241;2.22;2.232;48.4;ISP.ITEUR
2021-07-16 15:00:00;2.231;2.239;2.23;2.234;14.6;ISP.ITEUR
2021-07-19 07:00:00;2.201;2.213;2.184;2.191;62.85;ISP.ITEUR
2021-07-19 08:00:00;2.192;2.196;2.174;2.18;49.125;ISP.ITEUR
2021-07-19 09:00:00;2.179;2.179;2.169;2.174;41.3;ISP.ITEUR
2021-07-19 10:00:00;2.175;2.175;2.164;2.171;33.3625;ISP.ITEUR
2021-07-19 11:00:00;2.171;2.171;2.149;2.16;40.0125;ISP.ITEUR
2021-07-19 12:00:00;2.161;2.162;2.145;2.155;49.0875;ISP.ITEUR
2021-07-19 13:00:00;2.155;2.164;2.14;2.146;55.3;ISP.ITEUR
2021-07-19 14:00:00;2.145;2.148;2.13;2.141;58.875;ISP.ITEUR
2021-07-19 15:00:00;2.141;2.148;2.132;2.135;27.875;ISP.ITEUR
2021-07-20 07:00:00;2.156;2.173;2.153;2.157;83.15;ISP.ITEUR
2021-07-20 08:00:00;2.158;2.167;2.152;2.153;35.325;ISP.ITEUR
2021-07-20 09:00:00;2.154;2.158;2.136;2.141;35.4375;ISP.ITEUR
2021-07-20 10:00:00;2.14;2.148;2.134;2.138;34.9625;ISP.ITEUR
2021-07-20 11:00:00;2.137;2.159;2.133;2.156;29.5375;ISP.ITEUR
2021-07-20 12:00:00;2.156;2.16;2.138;2.141;26.525;ISP.ITEUR
2021-07-20 13:00:00;2.141;2.154;2.125;2.153;47.725;ISP.ITEUR
2021-07-20 14:00:00;2.154;2.181;2.15;2.181;38.575;ISP.ITEUR
2021-07-20 15:00:00;2.18;2.181;2.172;2.172;12.9625;ISP.ITEUR
2021-07-21 07:00:00;2.188;2.209;2.176;2.207;80.075;ISP.ITEUR
2021-07-21 08:00:00;2.207;2.219;2.2;2.216;37.6125;ISP.ITEUR
2021-07-21 09:00:00;2.217;2.218;2.21;2.214;27.725;ISP.ITEUR
2021-07-21 10:00:00;2.213;2.213;2.202;2.209;17.4375;ISP.ITEUR
2021-07-21 11:00:00;2.208;2.214;2.202;2.207;23.1;ISP.ITEUR
2021-07-21 12:00:00;2.207;2.215;2.207;2.214;24.6375;ISP.ITEUR
2021-07-21 13:00:00;2.214;2.232;2.212;2.227;31.4875;ISP.ITEUR
2021-07-21 14:00:00;2.226;2.235;2.224;2.232;31.4125;ISP.ITEUR
2021-07-21 15:00:00;2.233;2.24;2.232;2.239;9.275;ISP.ITEUR
2021-07-22 07:00:00;2.249;2.264;2.248;2.261;56.675;ISP.ITEUR
2021-07-22 08:00:00;2.26;2.27;2.256;2.268;33.25;ISP.ITEUR
2021-07-22 09:00:00;2.268;2.273;2.261;2.27;25.675;ISP.ITEUR
2021-07-22 10:00:00;2.269;2.27;2.262;2.265;24.0;ISP.ITEUR
2021-07-22 11:00:00;2.265;2.265;2.253;2.262;32.2625;ISP.ITEUR
2021-07-22 12:00:00;2.263;2.264;2.244;2.252;31.0875;ISP.ITEUR
2021-07-22 13:00:00;2.252;2.261;2.237;2.239;58.9875;ISP.ITEUR
2021-07-22 14:00:00;2.24;2.251;2.233;2.248;48.625;ISP.ITEUR
2021-07-22 15:00:00;2.248;2.248;2.24;2.245;20.8375;ISP.ITEUR
2021-07-23 07:00:00;2.26;2.27;2.254;2.26;45.35;ISP.ITEUR
2021-07-23 08:00:00;2.261;2.269;2.26;2.266;19.125;ISP.ITEUR
2021-07-23 09:00:00;2.265;2.272;2.265;2.267;23.5625;ISP.ITEUR
2021-07-23 10:00:00;2.268;2.28;2.266;2.278;23.375;ISP.ITEUR
2021-07-23 11:00:00;2.277;2.282;2.275;2.28;18.1;ISP.ITEUR
2021-07-23 12:00:00;2.279;2.293;2.279;2.291;21.025;ISP.ITEUR
2021-07-23 13:00:00;2.292;2.3;2.282;2.283;29.875;ISP.ITEUR
2021-07-23 14:00:00;2.282;2.291;2.279;2.281;26.325;ISP.ITEUR
2021-07-23 15:00:00;2.282;2.29;2.28;2.29;13.7375;ISP.ITEUR
2021-07-26 07:00:00;2.28;2.307;2.267;2.276;86.8125;ISP.ITEUR
2021-07-26 08:00:00;2.275;2.276;2.257;2.263;46.3625;ISP.ITEUR
2021-07-26 09:00:00;2.263;2.286;2.261;2.284;22.225;ISP.ITEUR
2021-07-26 10:00:00;2.283;2.294;2.283;2.289;20.3875;ISP.ITEUR
2021-07-26 11:00:00;2.289;2.295;2.281;2.295;22.95;ISP.ITEUR
2021-07-26 12:00:00;2.294;2.31;2.294;2.299;26.2375;ISP.ITEUR
2021-07-26 13:00:00;2.298;2.32;2.298;2.318;34.375;ISP.ITEUR
2021-07-26 14:00:00;2.318;2.33;2.318;2.327;30.3125;ISP.ITEUR
2021-07-26 15:00:00;2.327;2.333;2.327;2.331;15.575;ISP.ITEUR
2021-07-27 07:00:00;2.332;2.334;2.3;2.305;65.4125;ISP.ITEUR
2021-07-27 08:00:00;2.303;2.316;2.3;2.312;44.8625;ISP.ITEUR
2021-07-27 09:00:00;2.313;2.315;2.304;2.311;32.225;ISP.ITEUR
2021-07-27 10:00:00;2.312;2.319;2.307;2.318;35.5;ISP.ITEUR
2021-07-27 11:00:00;2.318;2.321;2.307;2.309;28.5625;ISP.ITEUR
2021-07-27 12:00:00;2.309;2.309;2.296;2.305;26.2875;ISP.ITEUR
2021-07-27 13:00:00;2.305;2.306;2.289;2.299;49.8;ISP.ITEUR
2021-07-27 14:00:00;2.299;2.315;2.296;2.314;52.975;ISP.ITEUR
2021-07-27 15:00:00;2.313;2.319;2.31;2.311;18.575;ISP.ITEUR
2021-07-28 07:00:00;2.314;2.324;2.311;2.324;63.325;ISP.ITEUR
2021-07-28 08:00:00;2.324;2.33;2.32;2.323;37.0125;ISP.ITEUR
2021-07-28 09:00:00;2.323;2.337;2.321;2.337;25.025;ISP.ITEUR
2021-07-28 10:00:00;2.338;2.343;2.329;2.329;25.6625;ISP.ITEUR
2021-07-28 11:00:00;2.33;2.331;2.322;2.329;29.4625;ISP.ITEUR
2021-07-28 12:00:00;2.33;2.33;2.324;2.327;17.9375;ISP.ITEUR
2021-07-28 13:00:00;2.327;2.335;2.325;2.331;34.3;ISP.ITEUR
2021-07-28 14:00:00;2.331;2.331;2.316;2.321;33.1875;ISP.ITEUR
2021-07-28 15:00:00;2.321;2.323;2.318;2.321;11.7625;ISP.ITEUR
2021-07-29 07:00:00;2.33;2.332;2.318;2.323;46.175;ISP.ITEUR
2021-07-29 08:00:00;2.324;2.335;2.324;2.327;25.875;ISP.ITEUR
2021-07-29 09:00:00;2.328;2.338;2.326;2.337;22.5625;ISP.ITEUR
2021-07-29 10:00:00;2.338;2.357;2.338;2.354;23.3;ISP.ITEUR
2021-07-29 11:00:00;2.354;2.356;2.345;2.351;16.2375;ISP.ITEUR
2021-07-29 12:00:00;2.351;2.351;2.342;2.347;21.3;ISP.ITEUR
2021-07-29 13:00:00;2.347;2.355;2.342;2.346;32.2625;ISP.ITEUR
2021-07-29 14:00:00;2.346;2.354;2.345;2.348;22.55;ISP.ITEUR
2021-07-29 15:00:00;2.349;2.35;2.344;2.349;11.0875;ISP.ITEUR
2021-07-30 07:00:00;2.327;2.348;2.325;2.33;67.7;ISP.ITEUR
2021-07-30 08:00:00;2.329;2.348;2.327;2.341;46.0625;ISP.ITEUR
2021-07-30 09:00:00;2.342;2.342;2.325;2.327;35.9375;ISP.ITEUR
2021-07-30 10:00:00;2.327;2.342;2.326;2.334;26.05;ISP.ITEUR
2021-07-30 11:00:00;2.335;2.337;2.328;2.331;22.675;ISP.ITEUR
2021-07-30 12:00:00;2.33;2.339;2.327;2.338;19.05;ISP.ITEUR
2021-07-30 13:00:00;2.338;2.343;2.33;2.342;26.4;ISP.ITEUR
2021-07-30 14:00:00;2.341;2.343;2.329;2.329;34.7875;ISP.ITEUR
2021-07-30 15:00:00;2.33;2.336;2.328;2.331;17.525;ISP.ITEUR
2021-08-02 07:00:00;2.342;2.37;2.334;2.354;50.7;ISP.ITEUR
2021-08-02 08:00:00;2.352;2.358;2.344;2.352;31.85;ISP.ITEUR
2021-08-02 09:00:00;2.351;2.354;2.345;2.346;27.6375;ISP.ITEUR
2021-08-02 10:00:00;2.345;2.345;2.329;2.331;35.575;ISP.ITEUR
2021-08-02 11:00:00;2.332;2.339;2.328;2.33;35.075;ISP.ITEUR
2021-08-02 12:00:00;2.329;2.334;2.325;2.329;18.9125;ISP.ITEUR
2021-08-02 13:00:00;2.33;2.343;2.327;2.337;37.8125;ISP.ITEUR
2021-08-02 14:00:00;2.337;2.338;2.315;2.319;49.7375;ISP.ITEUR
2021-08-02 15:00:00;2.319;2.324;2.315;2.317;14.5125;ISP.ITEUR
2021-08-03 07:00:00;2.314;2.331;2.314;2.323;63.1;ISP.ITEUR
2021-08-03 08:00:00;2.324;2.327;2.315;2.319;25.3;ISP.ITEUR
2021-08-03 09:00:00;2.32;2.331;2.316;2.33;21.2625;ISP.ITEUR
2021-08-03 10:00:00;2.328;2.336;2.325;2.335;17.4625;ISP.ITEUR
2021-08-03 11:00:00;2.335;2.346;2.332;2.342;20.9875;ISP.ITEUR
2021-08-03 12:00:00;2.342;2.343;2.325;2.329;25.4;ISP.ITEUR
2021-08-03 13:00:00;2.328;2.331;2.311;2.317;33.8125;ISP.ITEUR
2021-08-03 14:00:00;2.318;2.326;2.311;2.322;46.0;ISP.ITEUR
2021-08-03 15:00:00;2.323;2.326;2.321;2.325;11.475;ISP.ITEUR
2021-08-04 07:00:00;2.341;2.346;2.325;2.326;34.6625;ISP.ITEUR
2021-08-04 08:00:00;2.325;2.331;2.318;2.319;25.2875;ISP.ITEUR
2021-08-04 09:00:00;2.319;2.336;2.315;2.333;20.4625;ISP.ITEUR
2021-08-04 10:00:00;2.331;2.366;2.329;2.342;35.9375;ISP.ITEUR
2021-08-04 11:00:00;2.342;2.347;2.321;2.334;43.9375;ISP.ITEUR
2021-08-04 12:00:00;2.333;2.333;2.29;2.296;56.9125;ISP.ITEUR
2021-08-04 13:00:00;2.297;2.312;2.295;2.307;54.975;ISP.ITEUR
2021-08-04 14:00:00;2.305;2.342;2.305;2.34;55.4625;ISP.ITEUR
2021-08-04 15:00:00;2.341;2.342;2.334;2.336;17.0125;ISP.ITEUR
2021-08-05 07:00:00;2.345;2.346;2.322;2.331;55.4;ISP.ITEUR
2021-08-05 08:00:00;2.331;2.335;2.324;2.332;30.0125;ISP.ITEUR
2021-08-05 09:00:00;2.332;2.334;2.314;2.316;27.025;ISP.ITEUR
2021-08-05 10:00:00;2.315;2.321;2.309;2.312;25.3125;ISP.ITEUR
2021-08-05 11:00:00;2.312;2.323;2.309;2.32;26.0625;ISP.ITEUR
2021-08-05 12:00:00;2.32;2.333;2.32;2.328;23.1875;ISP.ITEUR
2021-08-05 13:00:00;2.326;2.341;2.321;2.339;36.6875;ISP.ITEUR
2021-08-05 14:00:00;2.34;2.347;2.337;2.342;26.45;ISP.ITEUR
2021-08-05 15:00:00;2.341;2.344;2.339;2.343;8.1125;ISP.ITEUR
2021-08-06 07:00:00;2.348;2.361;2.342;2.357;41.75;ISP.ITEUR
2021-08-06 08:00:00;2.357;2.368;2.356;2.363;22.2625;ISP.ITEUR
2021-08-06 09:00:00;2.362;2.369;2.361;2.367;25.125;ISP.ITEUR
2021-08-06 10:00:00;2.366;2.372;2.365;2.369;14.8875;ISP.ITEUR
2021-08-06 11:00:00;2.369;2.372;2.367;2.368;10.625;ISP.ITEUR
2021-08-06 12:00:00;2.368;2.388;2.363;2.388;31.775;ISP.ITEUR
2021-08-06 13:00:00;2.389;2.393;2.383;2.387;43.4125;ISP.ITEUR
2021-08-06 14:00:00;2.388;2.397;2.385;2.394;29.3375;ISP.ITEUR
2021-08-06 15:00:00;2.393;2.396;2.392;2.396;10.9;ISP.ITEUR
2021-08-09 07:00:00;2.393;2.416;2.39;2.404;51.25;ISP.ITEUR
2021-08-09 08:00:00;2.405;2.407;2.392;2.405;34.15;ISP.ITEUR
2021-08-09 09:00:00;2.404;2.41;2.403;2.409;25.9375;ISP.ITEUR
2021-08-09 10:00:00;2.408;2.413;2.396;2.396;28.5375;ISP.ITEUR
2021-08-09 11:00:00;2.396;2.407;2.395;2.404;29.1125;ISP.ITEUR
2021-08-09 12:00:00;2.404;2.408;2.395;2.405;23.475;ISP.ITEUR
2021-08-09 13:00:00;2.406;2.406;2.391;2.404;38.0625;ISP.ITEUR
2021-08-09 14:00:00;2.404;2.408;2.399;2.407;24.0375;ISP.ITEUR
2021-08-09 15:00:00;2.406;2.408;2.406;2.407;9.325;ISP.ITEUR
2021-08-10 07:00:00;2.399;2.407;2.391;2.396;31.925;ISP.ITEUR
2021-08-10 08:00:00;2.397;2.401;2.394;2.397;17.8;ISP.ITEUR
2021-08-10 09:00:00;2.398;2.398;2.39;2.39;11.9625;ISP.ITEUR
2021-08-10 10:00:00;2.391;2.396;2.39;2.392;13.5625;ISP.ITEUR
2021-08-10 11:00:00;2.392;2.398;2.392;2.393;10.2875;ISP.ITEUR
2021-08-10 12:00:00;2.394;2.395;2.391;2.395;9.0875;ISP.ITEUR
2021-08-10 13:00:00;2.395;2.407;2.395;2.403;25.925;ISP.ITEUR
2021-08-10 14:00:00;2.403;2.412;2.403;2.409;20.65;ISP.ITEUR
2021-08-10 15:00:00;2.409;2.409;2.405;2.407;11.125;ISP.ITEUR
2021-08-11 07:00:00;2.414;2.423;2.404;2.411;40.175;ISP.ITEUR
2021-08-11 08:00:00;2.411;2.42;2.411;2.42;21.475;ISP.ITEUR
2021-08-11 09:00:00;2.42;2.423;2.416;2.42;17.5125;ISP.ITEUR
2021-08-11 10:00:00;2.42;2.424;2.419;2.421;12.8625;ISP.ITEUR
2021-08-11 11:00:00;2.422;2.427;2.419;2.425;11.375;ISP.ITEUR
2021-08-11 12:00:00;2.425;2.43;2.418;2.43;27.925;ISP.ITEUR
2021-08-11 13:00:00;2.43;2.446;2.426;2.444;41.2;ISP.ITEUR
2021-08-11 14:00:00;2.443;2.453;2.434;2.449;27.625;ISP.ITEUR
2021-08-11 15:00:00;2.449;2.456;2.446;2.448;12.2;ISP.ITEUR
2021-08-12 07:00:00;2.448;2.448;2.43;2.437;48.5125;ISP.ITEUR
2021-08-12 08:00:00;2.438;2.449;2.435;2.445;18.075;ISP.ITEUR
2021-08-12 09:00:00;2.447;2.451;2.444;2.448;21.35;ISP.ITEUR
2021-08-12 10:00:00;2.448;2.451;2.444;2.447;15.925;ISP.ITEUR
2021-08-12 11:00:00;2.446;2.45;2.443;2.445;13.1875;ISP.ITEUR
2021-08-12 12:00:00;2.445;2.447;2.439;2.443;14.8375;ISP.ITEUR
2021-08-12 13:00:00;2.446;2.448;2.438;2.44;23.7875;ISP.ITEUR
2021-08-12 14:00:00;2.44;2.441;2.43;2.433;28.2375;ISP.ITEUR
2021-08-12 15:00:00;2.433;2.441;2.43;2.439;13.1125;ISP.ITEUR
2021-08-13 07:00:00;2.432;2.435;2.426;2.433;34.25;ISP.ITEUR
2021-08-13 08:00:00;2.433;2.443;2.431;2.44;21.4;ISP.ITEUR
2021-08-13 09:00:00;2.44;2.446;2.439;2.446;21.7625;ISP.ITEUR
2021-08-13 10:00:00;2.445;2.446;2.441;2.444;15.0;ISP.ITEUR
2021-08-13 11:00:00;2.443;2.449;2.442;2.449;11.6625;ISP.ITEUR
2021-08-13 12:00:00;2.45;2.456;2.449;2.453;19.95;ISP.ITEUR
2021-08-13 13:00:00;2.454;2.454;2.442;2.447;23.475;ISP.ITEUR
2021-08-13 14:00:00;2.446;2.447;2.439;2.445;21.2;ISP.ITEUR
2021-08-13 15:00:00;2.444;2.448;2.444;2.447;7.2;ISP.ITEUR
2021-08-16 07:00:00;2.434;2.439;2.42;2.437;52.4125;ISP.ITEUR
2021-08-16 08:00:00;2.437;2.441;2.427;2.431;24.8875;ISP.ITEUR
2021-08-16 09:00:00;2.432;2.438;2.429;2.431;22.125;ISP.ITEUR
2021-08-16 10:00:00;2.433;2.437;2.426;2.435;25.2375;ISP.ITEUR
2021-08-16 11:00:00;2.435;2.44;2.433;2.438;19.2;ISP.ITEUR
2021-08-16 12:00:00;2.436;2.44;2.43;2.437;20.7375;ISP.ITEUR
2021-08-16 13:00:00;2.437;2.437;2.415;2.419;32.0125;ISP.ITEUR
2021-08-16 14:00:00;2.418;2.429;2.415;2.419;42.8;ISP.ITEUR
2021-08-16 15:00:00;2.42;2.422;2.415;2.42;13.0875;ISP.ITEUR
2021-08-17 07:00:00;2.397;2.404;2.39;2.393;44.25;ISP.ITEUR
2021-08-17 08:00:00;2.394;2.397;2.383;2.388;24.4125;ISP.ITEUR
2021-08-17 09:00:00;2.389;2.393;2.378;2.381;23.15;ISP.ITEUR
2021-08-17 10:00:00;2.379;2.381;2.374;2.378;24.2625;ISP.ITEUR
2021-08-17 11:00:00;2.377;2.382;2.375;2.382;20.9375;ISP.ITEUR
2021-08-17 12:00:00;2.381;2.385;2.376;2.382;26.5625;ISP.ITEUR
2021-08-17 13:00:00;2.38;2.387;2.376;2.381;38.25;ISP.ITEUR
2021-08-17 14:00:00;2.382;2.389;2.38;2.38;23.2125;ISP.ITEUR
2021-08-17 15:00:00;2.381;2.386;2.379;2.383;9.35;ISP.ITEUR
2021-08-18 07:00:00;2.389;2.4;2.38;2.386;40.35;ISP.ITEUR
2021-08-18 08:00:00;2.384;2.394;2.38;2.385;26.175;ISP.ITEUR
2021-08-18 09:00:00;2.384;2.389;2.38;2.382;21.6375;ISP.ITEUR
2021-08-18 10:00:00;2.384;2.391;2.381;2.391;15.3625;ISP.ITEUR
2021-08-18 11:00:00;2.392;2.395;2.386;2.394;12.25;ISP.ITEUR
2021-08-18 12:00:00;2.393;2.396;2.389;2.392;10.8625;ISP.ITEUR
2021-08-18 13:00:00;2.393;2.399;2.389;2.399;24.725;ISP.ITEUR
2021-08-18 14:00:00;2.398;2.407;2.396;2.407;24.8;ISP.ITEUR
2021-08-18 15:00:00;2.406;2.41;2.403;2.403;15.7875;ISP.ITEUR
2021-08-19 07:00:00;2.365;2.377;2.354;2.373;65.2625;ISP.ITEUR
2021-08-19 08:00:00;2.373;2.373;2.355;2.361;35.75;ISP.ITEUR
2021-08-19 09:00:00;2.361;2.371;2.349;2.368;34.375;ISP.ITEUR
2021-08-19 10:00:00;2.367;2.374;2.36;2.363;34.325;ISP.ITEUR
2021-08-19 11:00:00;2.363;2.368;2.36;2.367;22.8125;ISP.ITEUR
2021-08-19 12:00:00;2.367;2.374;2.362;2.365;17.95;ISP.ITEUR
2021-08-19 13:00:00;2.364;2.377;2.362;2.375;36.85;ISP.ITEUR
2021-08-19 14:00:00;2.375;2.378;2.354;2.367;38.65;ISP.ITEUR
2021-08-19 15:00:00;2.367;2.367;2.355;2.359;17.6;ISP.ITEUR
2021-08-20 07:00:00;2.348;2.366;2.348;2.357;58.2;ISP.ITEUR
2021-08-20 08:00:00;2.358;2.361;2.345;2.35;26.7125;ISP.ITEUR
2021-08-20 09:00:00;2.349;2.352;2.336;2.34;40.7625;ISP.ITEUR
2021-08-20 10:00:00;2.338;2.349;2.335;2.343;28.65;ISP.ITEUR
2021-08-20 11:00:00;2.342;2.345;2.334;2.339;18.2;ISP.ITEUR
2021-08-20 12:00:00;2.337;2.351;2.337;2.351;22.3875;ISP.ITEUR
2021-08-20 13:00:00;2.35;2.36;2.345;2.359;49.7875;ISP.ITEUR
2021-08-20 14:00:00;2.359;2.366;2.355;2.361;38.6875;ISP.ITEUR
2021-08-20 15:00:00;2.36;2.367;2.359;2.365;15.175;ISP.ITEUR
2021-08-23 07:00:00;2.385;2.394;2.377;2.385;57.8875;ISP.ITEUR
2021-08-23 08:00:00;2.385;2.386;2.369;2.376;32.1375;ISP.ITEUR
2021-08-23 09:00:00;2.377;2.388;2.373;2.384;20.7;ISP.ITEUR
2021-08-23 10:00:00;2.386;2.393;2.385;2.389;15.5375;ISP.ITEUR
2021-08-23 11:00:00;2.39;2.392;2.385;2.39;18.425;ISP.ITEUR
2021-08-23 12:00:00;2.39;2.391;2.384;2.387;17.85;ISP.ITEUR
2021-08-23 13:00:00;2.386;2.387;2.372;2.383;36.575;ISP.ITEUR
2021-08-23 14:00:00;2.383;2.387;2.378;2.385;33.175;ISP.ITEUR
2021-08-23 15:00:00;2.383;2.387;2.383;2.387;7.8875;ISP.ITEUR
2021-08-24 07:00:00;2.395;2.398;2.369;2.37;51.825;ISP.ITEUR
2021-08-24 08:00:00;2.369;2.377;2.366;2.372;25.0875;ISP.ITEUR
2021-08-24 09:00:00;2.371;2.378;2.367;2.372;21.4125;ISP.ITEUR
2021-08-24 10:00:00;2.372;2.378;2.37;2.373;16.075;ISP.ITEUR
2021-08-24 11:00:00;2.373;2.374;2.368;2.369;12.7375;ISP.ITEUR
2021-08-24 12:00:00;2.371;2.371;2.362;2.366;20.55;ISP.ITEUR
2021-08-24 13:00:00;2.367;2.38;2.362;2.377;26.475;ISP.ITEUR
2021-08-24 14:00:00;2.375;2.381;2.368;2.377;23.2625;ISP.ITEUR
2021-08-24 15:00:00;2.379;2.379;2.373;2.376;8.875;ISP.ITEUR
2021-08-25 07:00:00;2.379;2.379;2.367;2.37;45.1625;ISP.ITEUR
2021-08-25 08:00:00;2.37;2.386;2.37;2.375;18.325;ISP.ITEUR
2021-08-25 09:00:00;2.374;2.382;2.374;2.378;14.4875;ISP.ITEUR
2021-08-25 10:00:00;2.379;2.384;2.376;2.384;12.9;ISP.ITEUR
2021-08-25 11:00:00;2.384;2.386;2.377;2.381;17.4625;ISP.ITEUR
2021-08-25 12:00:00;2.382;2.383;2.377;2.377;11.75;ISP.ITEUR
2021-08-25 13:00:00;2.379;2.386;2.372;2.382;27.45;ISP.ITEUR
2021-08-25 14:00:00;2.384;2.388;2.374;2.385;35.0625;ISP.ITEUR
2021-08-25 15:00:00;2.385;2.385;2.382;2.383;11.2875;ISP.ITEUR
2021-08-26 07:00:00;2.372;2.377;2.362;2.368;61.6625;ISP.ITEUR
2021-08-26 08:00:00;2.369;2.384;2.369;2.37;42.2;ISP.ITEUR
2021-08-26 09:00:00;2.369;2.373;2.362;2.367;42.225;ISP.ITEUR
2021-08-26 10:00:00;2.366;2.37;2.362;2.366;32.95;ISP.ITEUR
2021-08-26 11:00:00;2.367;2.378;2.363;2.376;20.6375;ISP.ITEUR
2021-08-26 12:00:00;2.374;2.384;2.37;2.378;27.925;ISP.ITEUR
2021-08-26 13:00:00;2.379;2.384;2.369;2.371;28.7625;ISP.ITEUR
2021-08-26 14:00:00;2.371;2.374;2.357;2.36;40.275;ISP.ITEUR
2021-08-26 15:00:00;2.359;2.367;2.356;2.363;17.1125;ISP.ITEUR
2021-08-27 07:00:00;2.358;2.37;2.351;2.361;34.175;ISP.ITEUR
2021-08-27 08:00:00;2.363;2.367;2.357;2.359;13.4;ISP.ITEUR
2021-08-27 09:00:00;2.36;2.372;2.356;2.363;14.9625;ISP.ITEUR
2021-08-27 10:00:00;2.365;2.367;2.362;2.364;8.5625;ISP.ITEUR
2021-08-27 11:00:00;2.365;2.367;2.358;2.362;9.975;ISP.ITEUR
2021-08-27 12:00:00;2.362;2.363;2.357;2.359;12.45;ISP.ITEUR
2021-08-27 13:00:00;2.359;2.376;2.356;2.371;34.3375;ISP.ITEUR
2021-08-27 14:00:00;2.372;2.376;2.361;2.375;27.0125;ISP.ITEUR
2021-08-27 15:00:00;2.373;2.378;2.373;2.374;8.025;ISP.ITEUR
2021-08-30 07:00:00;2.373;2.382;2.372;2.374;24.9625;ISP.ITEUR
2021-08-30 08:00:00;2.375;2.376;2.368;2.371;11.7125;ISP.ITEUR
2021-08-30 09:00:00;2.37;2.379;2.369;2.378;11.0375;ISP.ITEUR
2021-08-30 10:00:00;2.378;2.379;2.365;2.367;8.0375;ISP.ITEUR
2021-08-30 11:00:00;2.368;2.372;2.368;2.368;10.0625;ISP.ITEUR
2021-08-30 12:00:00;2.37;2.372;2.364;2.37;6.725;ISP.ITEUR
2021-08-30 13:00:00;2.368;2.374;2.363;2.365;16.3125;ISP.ITEUR
2021-08-30 14:00:00;2.365;2.37;2.36;2.367;18.675;ISP.ITEUR
2021-08-30 15:00:00;2.366;2.371;2.363;2.368;5.7125;ISP.ITEUR
2021-08-31 07:00:00;2.365;2.37;2.359;2.368;37.4125;ISP.ITEUR
2021-08-31 08:00:00;2.369;2.386;2.366;2.385;26.75;ISP.ITEUR
2021-08-31 09:00:00;2.385;2.4;2.384;2.391;27.65;ISP.ITEUR
2021-08-31 10:00:00;2.392;2.396;2.381;2.391;35.2;ISP.ITEUR
2021-08-31 11:00:00;2.389;2.391;2.381;2.385;31.025;ISP.ITEUR
2021-08-31 12:00:00;2.385;2.388;2.378;2.383;30.6625;ISP.ITEUR
2021-08-31 13:00:00;2.384;2.393;2.38;2.384;25.2125;ISP.ITEUR
2021-08-31 14:00:00;2.385;2.394;2.382;2.389;33.7625;ISP.ITEUR
2021-08-31 15:00:00;2.389;2.394;2.386;2.392;14.45;ISP.ITEUR
2021-09-01 07:00:00;2.409;2.427;2.399;2.425;67.175;ISP.ITEUR
2021-09-01 08:00:00;2.425;2.436;2.423;2.425;33.3875;ISP.ITEUR
2021-09-01 09:00:00;2.427;2.428;2.411;2.417;29.225;ISP.ITEUR
2021-09-01 10:00:00;2.416;2.417;2.407;2.412;20.7375;ISP.ITEUR
2021-09-01 11:00:00;2.413;2.426;2.409;2.424;22.65;ISP.ITEUR
2021-09-01 12:00:00;2.422;2.427;2.411;2.411;25.1875;ISP.ITEUR
2021-09-01 13:00:00;2.413;2.415;2.402;2.415;44.825;ISP.ITEUR
2021-09-01 14:00:00;2.414;2.426;2.414;2.422;32.325;ISP.ITEUR
2021-09-01 15:00:00;2.42;2.424;2.414;2.417;14.5;ISP.ITEUR
2021-09-02 07:00:00;2.424;2.425;2.406;2.415;40.625;ISP.ITEUR
2021-09-02 08:00:00;2.416;2.417;2.406;2.407;19.4;ISP.ITEUR
2021-09-02 09:00:00;2.408;2.411;2.401;2.403;13.5;ISP.ITEUR
2021-09-02 10:00:00;2.404;2.406;2.401;2.406;8.4625;ISP.ITEUR
2021-09-02 11:00:00;2.406;2.406;2.4;2.403;6.5375;ISP.ITEUR
2021-09-02 12:00:00;2.404;2.41;2.401;2.404;14.0625;ISP.ITEUR
2021-09-02 13:00:00;2.405;2.406;2.4;2.404;11.2;ISP.ITEUR
2021-09-02 14:00:00;2.404;2.408;2.402;2.407;15.825;ISP.ITEUR
2021-09-02 15:00:00;2.406;2.409;2.402;2.406;5.4875;ISP.ITEUR
2021-09-03 07:00:00;2.403;2.406;2.396;2.405;39.0625;ISP.ITEUR
2021-09-03 08:00:00;2.405;2.411;2.401;2.41;17.4;ISP.ITEUR
2021-09-03 09:00:00;2.408;2.41;2.404;2.408;14.475;ISP.ITEUR
2021-09-03 10:00:00;2.408;2.413;2.405;2.409;11.8375;ISP.ITEUR
2021-09-03 11:00:00;2.408;2.408;2.402;2.404;6.225;ISP.ITEUR
2021-09-03 12:00:00;2.403;2.409;2.376;2.409;38.9125;ISP.ITEUR
2021-09-03 13:00:00;2.409;2.412;2.382;2.387;59.1875;ISP.ITEUR
2021-09-03 14:00:00;2.387;2.398;2.382;2.388;45.6375;ISP.ITEUR
2021-09-03 15:00:00;2.389;2.391;2.383;2.386;17.6875;ISP.ITEUR
2021-09-06 07:00:00;2.392;2.403;2.385;2.397;25.525;ISP.ITEUR
2021-09-06 08:00:00;2.396;2.4;2.384;2.389;17.15;ISP.ITEUR
2021-09-06 09:00:00;2.391;2.397;2.39;2.392;14.0125;ISP.ITEUR
2021-09-06 10:00:00;2.393;2.401;2.393;2.397;11.875;ISP.ITEUR
2021-09-06 11:00:00;2.398;2.399;2.392;2.397;10.8875;ISP.ITEUR
2021-09-06 12:00:00;2.397;2.399;2.395;2.397;6.2625;ISP.ITEUR
2021-09-06 13:00:00;2.397;2.405;2.395;2.402;6.2;ISP.ITEUR
2021-09-06 14:00:00;2.403;2.406;2.396;2.399;10.675;ISP.ITEUR
2021-09-06 15:00:00;2.399;2.404;2.397;2.402;10.725;ISP.ITEUR
2021-09-07 07:00:00;2.401;2.407;2.393;2.404;30.0875;ISP.ITEUR
2021-09-07 08:00:00;2.404;2.408;2.395;2.401;21.0875;ISP.ITEUR
2021-09-07 09:00:00;2.4;2.402;2.391;2.392;18.7875;ISP.ITEUR
2021-09-07 10:00:00;2.391;2.393;2.382;2.385;19.5875;ISP.ITEUR
2021-09-07 11:00:00;2.384;2.387;2.379;2.382;18.4;ISP.ITEUR
2021-09-07 12:00:00;2.383;2.388;2.38;2.385;13.125;ISP.ITEUR
2021-09-07 13:00:00;2.386;2.388;2.377;2.383;26.25;ISP.ITEUR
2021-09-07 14:00:00;2.381;2.385;2.375;2.382;31.5375;ISP.ITEUR
2021-09-07 15:00:00;2.381;2.382;2.374;2.379;9.6125;ISP.ITEUR
2021-09-08 07:00:00;2.366;2.367;2.346;2.351;60.525;ISP.ITEUR
2021-09-08 08:00:00;2.35;2.351;2.336;2.346;33.55;ISP.ITEUR
2021-09-08 09:00:00;2.344;2.369;2.344;2.368;26.7125;ISP.ITEUR
2021-09-08 10:00:00;2.369;2.376;2.363;2.373;25.725;ISP.ITEUR
2021-09-08 11:00:00;2.372;2.376;2.367;2.371;19.2875;ISP.ITEUR
2021-09-08 12:00:00;2.372;2.375;2.357;2.362;36.6;ISP.ITEUR
2021-09-08 13:00:00;2.363;2.373;2.36;2.366;26.1875;ISP.ITEUR
2021-09-08 14:00:00;2.366;2.372;2.353;2.359;47.3;ISP.ITEUR
2021-09-08 15:00:00;2.358;2.366;2.358;2.365;19.55;ISP.ITEUR
2021-09-09 07:00:00;2.345;2.35;2.331;2.338;78.15;ISP.ITEUR
2021-09-09 08:00:00;2.339;2.348;2.334;2.335;29.8375;ISP.ITEUR
2021-09-09 09:00:00;2.335;2.34;2.329;2.339;28.8;ISP.ITEUR
2021-09-09 10:00:00;2.339;2.348;2.337;2.342;17.225;ISP.ITEUR
2021-09-09 11:00:00;2.343;2.364;2.342;2.362;33.6875;ISP.ITEUR
2021-09-09 12:00:00;2.362;2.369;2.354;2.362;42.0625;ISP.ITEUR
2021-09-09 13:00:00;2.362;2.369;2.35;2.367;40.7625;ISP.ITEUR
2021-09-09 14:00:00;2.367;2.375;2.367;2.375;30.025;ISP.ITEUR
2021-09-09 15:00:00;2.374;2.376;2.365;2.365;15.9;ISP.ITEUR
2021-09-10 07:00:00;2.375;2.38;2.364;2.371;47.5125;ISP.ITEUR
2021-09-10 08:00:00;2.371;2.384;2.37;2.382;25.2125;ISP.ITEUR
2021-09-10 09:00:00;2.383;2.385;2.366;2.37;22.95;ISP.ITEUR
2021-09-10 10:00:00;2.369;2.378;2.368;2.378;18.7875;ISP.ITEUR
2021-09-10 11:00:00;2.378;2.378;2.364;2.367;13.975;ISP.ITEUR
2021-09-10 12:00:00;2.368;2.37;2.364;2.365;15.45;ISP.ITEUR
2021-09-10 13:00:00;2.365;2.367;2.347;2.347;35.575;ISP.ITEUR
2021-09-10 14:00:00;2.344;2.352;2.336;2.341;43.85;ISP.ITEUR
2021-09-10 15:00:00;2.342;2.347;2.341;2.344;23.6125;ISP.ITEUR
2021-09-13 07:00:00;2.349;2.37;2.349;2.365;47.675;ISP.ITEUR
2021-09-13 08:00:00;2.365;2.366;2.357;2.362;26.6875;ISP.ITEUR
2021-09-13 09:00:00;2.362;2.374;2.359;2.372;22.7375;ISP.ITEUR
2021-09-13 10:00:00;2.372;2.388;2.372;2.386;33.7375;ISP.ITEUR
2021-09-13 11:00:00;2.386;2.388;2.378;2.386;23.85;ISP.ITEUR
2021-09-13 12:00:00;2.385;2.391;2.384;2.39;25.6;ISP.ITEUR
2021-09-13 13:00:00;2.391;2.394;2.385;2.386;44.975;ISP.ITEUR
2021-09-13 14:00:00;2.387;2.397;2.379;2.394;61.125;ISP.ITEUR
2021-09-13 15:00:00;2.395;2.397;2.389;2.391;25.3125;ISP.ITEUR
2021-09-14 07:00:00;2.388;2.399;2.385;2.395;47.675;ISP.ITEUR
2021-09-14 08:00:00;2.396;2.403;2.393;2.402;34.0375;ISP.ITEUR
2021-09-14 09:00:00;2.403;2.407;2.399;2.399;23.4;ISP.ITEUR
2021-09-14 10:00:00;2.399;2.406;2.399;2.404;17.0125;ISP.ITEUR
2021-09-14 11:00:00;2.403;2.404;2.396;2.398;24.2625;ISP.ITEUR
2021-09-14 12:00:00;2.398;2.407;2.395;2.402;27.7375;ISP.ITEUR
2021-09-14 13:00:00;2.403;2.407;2.395;2.397;33.2;ISP.ITEUR
2021-09-14 14:00:00;2.396;2.396;2.368;2.375;49.6375;ISP.ITEUR
2021-09-14 15:00:00;2.374;2.385;2.371;2.384;18.825;ISP.ITEUR
2021-09-15 07:00:00;2.38;2.386;2.371;2.379;45.6875;ISP.ITEUR
2021-09-15 08:00:00;2.379;2.386;2.376;2.385;20.4125;ISP.ITEUR
2021-09-15 09:00:00;2.385;2.392;2.384;2.39;20.8125;ISP.ITEUR
2021-09-15 10:00:00;2.389;2.392;2.375;2.375;15.5125;ISP.ITEUR
2021-09-15 11:00:00;2.374;2.377;2.369;2.375;21.05;ISP.ITEUR
2021-09-15 12:00:00;2.376;2.38;2.365;2.377;27.575;ISP.ITEUR
2021-09-15 13:00:00;2.377;2.383;2.373;2.377;36.4375;ISP.ITEUR
2021-09-15 14:00:00;2.377;2.38;2.364;2.37;40.3;ISP.ITEUR
2021-09-15 15:00:00;2.371;2.377;2.369;2.376;12.875;ISP.ITEUR
2021-09-16 07:00:00;2.381;2.387;2.378;2.383;30.175;ISP.ITEUR
2021-09-16 08:00:00;2.382;2.393;2.381;2.393;19.175;ISP.ITEUR
2021-09-16 09:00:00;2.394;2.403;2.392;2.394;22.0125;ISP.ITEUR
2021-09-16 10:00:00;2.393;2.398;2.392;2.396;14.375;ISP.ITEUR
2021-09-16 11:00:00;2.396;2.401;2.396;2.398;8.65;ISP.ITEUR
2021-09-16 12:00:00;2.397;2.412;2.395;2.41;24.85;ISP.ITEUR
2021-09-16 13:00:00;2.41;2.415;2.404;2.407;39.1125;ISP.ITEUR
2021-09-16 14:00:00;2.406;2.41;2.397;2.404;44.3375;ISP.ITEUR
2021-09-16 15:00:00;2.403;2.411;2.401;2.409;17.275;ISP.ITEUR
2021-09-17 07:00:00;2.416;2.425;2.411;2.42;50.5;ISP.ITEUR
2021-09-17 08:00:00;2.419;2.427;2.417;2.421;27.4125;ISP.ITEUR
2021-09-17 09:00:00;2.42;2.421;2.393;2.397;44.35;ISP.ITEUR
2021-09-17 10:00:00;2.397;2.407;2.392;2.398;49.9125;ISP.ITEUR
2021-09-17 11:00:00;2.399;2.399;2.391;2.395;39.325;ISP.ITEUR
2021-09-17 12:00:00;2.396;2.406;2.393;2.405;25.1125;ISP.ITEUR
2021-09-17 13:00:00;2.404;2.413;2.397;2.402;39.4375;ISP.ITEUR
2021-09-17 14:00:00;2.403;2.403;2.377;2.382;51.9375;ISP.ITEUR
2021-09-17 15:00:00;2.381;2.389;2.378;2.381;35.325;ISP.ITEUR
2021-09-20 07:00:00;2.333;2.339;2.309;2.311;84.2375;ISP.ITEUR
2021-09-20 08:00:00;2.311;2.319;2.302;2.314;52.3625;ISP.ITEUR
2021-09-20 09:00:00;2.314;2.316;2.299;2.305;53.25;ISP.ITEUR
2021-09-20 10:00:00;2.305;2.31;2.284;2.286;49.3375;ISP.ITEUR
2021-09-20 11:00:00;2.286;2.289;2.272;2.28;40.75;ISP.ITEUR
2021-09-20 12:00:00;2.28;2.291;2.275;2.288;56.475;ISP.ITEUR
2021-09-20 13:00:00;2.288;2.306;2.283;2.3;60.75;ISP.ITEUR
2021-09-20 14:00:00;2.301;2.301;2.288;2.294;70.3;ISP.ITEUR
2021-09-20 15:00:00;2.293;2.306;2.292;2.299;23.6125;ISP.ITEUR
2021-09-21 07:00:00;2.313;2.325;2.306;2.325;66.775;ISP.ITEUR
2021-09-21 08:00:00;2.325;2.333;2.321;2.323;39.7375;ISP.ITEUR
2021-09-21 09:00:00;2.324;2.329;2.314;2.327;33.2125;ISP.ITEUR
2021-09-21 10:00:00;2.328;2.33;2.321;2.325;21.925;ISP.ITEUR
2021-09-21 11:00:00;2.326;2.337;2.325;2.336;21.7375;ISP.ITEUR
2021-09-21 12:00:00;2.336;2.337;2.327;2.332;35.0125;ISP.ITEUR
2021-09-21 13:00:00;2.333;2.343;2.327;2.341;49.3;ISP.ITEUR
2021-09-21 14:00:00;2.343;2.346;2.318;2.32;59.875;ISP.ITEUR
2021-09-21 15:00:00;2.32;2.326;2.315;2.317;26.575;ISP.ITEUR
2021-09-22 07:00:00;2.339;2.356;2.338;2.35;51.5125;ISP.ITEUR
2021-09-22 08:00:00;2.35;2.35;2.339;2.348;31.1375;ISP.ITEUR
2021-09-22 09:00:00;2.349;2.356;2.346;2.351;32.8;ISP.ITEUR
2021-09-22 10:00:00;2.351;2.356;2.349;2.35;24.4625;ISP.ITEUR
2021-09-22 11:00:00;2.348;2.358;2.347;2.355;23.95;ISP.ITEUR
2021-09-22 12:00:00;2.355;2.359;2.349;2.35;22.875;ISP.ITEUR
2021-09-22 13:00:00;2.351;2.363;2.344;2.36;36.8875;ISP.ITEUR
2021-09-22 14:00:00;2.361;2.363;2.351;2.362;51.225;ISP.ITEUR
2021-09-22 15:00:00;2.363;2.366;2.359;2.365;17.9625;ISP.ITEUR
2021-09-23 07:00:00;2.381;2.402;2.381;2.397;48.675;ISP.ITEUR
2021-09-23 08:00:00;2.398;2.4;2.389;2.396;27.8125;ISP.ITEUR
2021-09-23 09:00:00;2.397;2.408;2.396;2.405;28.825;ISP.ITEUR
2021-09-23 10:00:00;2.405;2.411;2.394;2.4;56.225;ISP.ITEUR
2021-09-23 11:00:00;2.4;2.409;2.397;2.401;40.225;ISP.ITEUR
2021-09-23 12:00:00;2.401;2.408;2.397;2.407;29.175;ISP.ITEUR
2021-09-23 13:00:00;2.407;2.416;2.401;2.412;35.75;ISP.ITEUR
2021-09-23 14:00:00;2.412;2.418;2.411;2.416;23.1875;ISP.ITEUR
2021-09-23 15:00:00;2.416;2.43;2.416;2.427;15.8125;ISP.ITEUR
2021-09-24 07:00:00;2.409;2.422;2.407;2.416;63.15;ISP.ITEUR
2021-09-24 08:00:00;2.417;2.433;2.408;2.43;44.2375;ISP.ITEUR
2021-09-24 09:00:00;2.43;2.432;2.421;2.422;36.85;ISP.ITEUR
2021-09-24 10:00:00;2.423;2.43;2.421;2.425;28.925;ISP.ITEUR
2021-09-24 11:00:00;2.425;2.433;2.422;2.428;30.025;ISP.ITEUR
2021-09-24 12:00:00;2.428;2.432;2.422;2.429;34.4375;ISP.ITEUR
2021-09-24 13:00:00;2.43;2.438;2.422;2.436;36.1625;ISP.ITEUR
2021-09-24 14:00:00;2.437;2.439;2.426;2.427;44.725;ISP.ITEUR
2021-09-24 15:00:00;2.427;2.428;2.421;2.422;19.6375;ISP.ITEUR
2021-09-27 07:00:00;2.434;2.452;2.434;2.449;42.8875;ISP.ITEUR
2021-09-27 08:00:00;2.449;2.457;2.442;2.455;33.95;ISP.ITEUR
2021-09-27 09:00:00;2.455;2.473;2.454;2.471;37.4375;ISP.ITEUR
2021-09-27 10:00:00;2.47;2.477;2.464;2.466;33.2125;ISP.ITEUR
2021-09-27 11:00:00;2.465;2.473;2.464;2.469;20.3875;ISP.ITEUR
2021-09-27 12:00:00;2.469;2.472;2.465;2.467;26.3375;ISP.ITEUR
2021-09-27 13:00:00;2.467;2.475;2.466;2.471;27.2375;ISP.ITEUR
2021-09-27 14:00:00;2.47;2.478;2.468;2.475;22.8;ISP.ITEUR
2021-09-27 15:00:00;2.477;2.482;2.473;2.478;17.0625;ISP.ITEUR
2021-09-28 07:00:00;2.48;2.499;2.467;2.477;81.95;ISP.ITEUR
2021-09-28 08:00:00;2.478;2.479;2.461;2.466;59.625;ISP.ITEUR
2021-09-28 09:00:00;2.467;2.475;2.462;2.464;36.8;ISP.ITEUR
2021-09-28 10:00:00;2.463;2.467;2.454;2.454;33.3875;ISP.ITEUR
2021-09-28 11:00:00;2.455;2.463;2.449;2.462;33.875;ISP.ITEUR
2021-09-28 12:00:00;2.461;2.469;2.455;2.459;32.0875;ISP.ITEUR
2021-09-28 13:00:00;2.458;2.465;2.445;2.452;54.4125;ISP.ITEUR
2021-09-28 14:00:00;2.452;2.453;2.426;2.439;76.3125;ISP.ITEUR
2021-09-28 15:00:00;2.438;2.439;2.43;2.432;16.7375;ISP.ITEUR
2021-09-29 07:00:00;2.445;2.454;2.437;2.445;77.0375;ISP.ITEUR
2021-09-29 08:00:00;2.444;2.445;2.435;2.444;35.575;ISP.ITEUR
2021-09-29 09:00:00;2.443;2.445;2.437;2.439;29.8625;ISP.ITEUR
2021-09-29 10:00:00;2.44;2.443;2.432;2.433;32.325;ISP.ITEUR
2021-09-29 11:00:00;2.434;2.438;2.43;2.437;28.825;ISP.ITEUR
2021-09-29 12:00:00;2.438;2.447;2.437;2.441;18.8375;ISP.ITEUR
2021-09-29 13:00:00;2.442;2.447;2.428;2.437;50.95;ISP.ITEUR
2021-09-29 14:00:00;2.437;2.453;2.435;2.451;47.675;ISP.ITEUR
2021-09-29 15:00:00;2.451;2.46;2.449;2.454;16.575;ISP.ITEUR
2021-09-30 07:00:00;2.467;2.475;2.456;2.459;70.125;ISP.ITEUR
2021-09-30 08:00:00;2.458;2.461;2.452;2.459;42.8;ISP.ITEUR
2021-09-30 09:00:00;2.459;2.47;2.453;2.459;41.2125;ISP.ITEUR
2021-09-30 10:00:00;2.459;2.462;2.448;2.456;36.675;ISP.ITEUR
2021-09-30 11:00:00;2.456;2.459;2.446;2.45;34.1875;ISP.ITEUR
2021-09-30 12:00:00;2.451;2.458;2.451;2.455;29.6375;ISP.ITEUR
2021-09-30 13:00:00;2.454;2.457;2.44;2.449;58.8625;ISP.ITEUR
2021-09-30 14:00:00;2.449;2.454;2.442;2.449;68.3625;ISP.ITEUR
2021-09-30 15:00:00;2.449;2.462;2.447;2.459;30.1875;ISP.ITEUR
2021-10-01 07:00:00;2.416;2.428;2.405;2.419;75.8125;ISP.ITEUR
2021-10-01 08:00:00;2.42;2.431;2.4;2.431;47.675;ISP.ITEUR
2021-10-01 09:00:00;2.431;2.432;2.413;2.418;35.5375;ISP.ITEUR
2021-10-01 10:00:00;2.419;2.427;2.414;2.426;33.7875;ISP.ITEUR
2021-10-01 11:00:00;2.426;2.45;2.426;2.446;38.6875;ISP.ITEUR
2021-10-01 12:00:00;2.446;2.454;2.439;2.442;40.3875;ISP.ITEUR
2021-10-01 13:00:00;2.443;2.451;2.432;2.436;51.2625;ISP.ITEUR
2021-10-01 14:00:00;2.435;2.452;2.427;2.434;55.85;ISP.ITEUR
2021-10-01 15:00:00;2.435;2.448;2.431;2.442;30.5625;ISP.ITEUR
2021-10-04 07:00:00;2.441;2.446;2.419;2.43;54.975;ISP.ITEUR
2021-10-04 08:00:00;2.429;2.434;2.418;2.423;40.2375;ISP.ITEUR
2021-10-04 09:00:00;2.422;2.438;2.421;2.434;37.95;ISP.ITEUR
2021-10-04 10:00:00;2.434;2.442;2.432;2.441;27.675;ISP.ITEUR
2021-10-04 11:00:00;2.441;2.441;2.427;2.431;28.475;ISP.ITEUR
2021-10-04 12:00:00;2.431;2.442;2.429;2.438;18.85;ISP.ITEUR
2021-10-04 13:00:00;2.438;2.455;2.435;2.454;34.0625;ISP.ITEUR
2021-10-04 14:00:00;2.453;2.456;2.418;2.424;55.4625;ISP.ITEUR
2021-10-04 15:00:00;2.425;2.426;2.418;2.423;22.2;ISP.ITEUR
2021-10-05 07:00:00;2.426;2.451;2.421;2.446;60.525;ISP.ITEUR
2021-10-05 08:00:00;2.445;2.471;2.444;2.47;40.8375;ISP.ITEUR
2021-10-05 09:00:00;2.471;2.48;2.467;2.476;34.575;ISP.ITEUR
2021-10-05 10:00:00;2.477;2.491;2.47;2.488;29.7875;ISP.ITEUR
2021-10-05 11:00:00;2.487;2.497;2.485;2.492;35.15;ISP.ITEUR
2021-10-05 12:00:00;2.492;2.497;2.487;2.496;21.725;ISP.ITEUR
2021-10-05 13:00:00;2.495;2.498;2.483;2.488;39.475;ISP.ITEUR
2021-10-05 14:00:00;2.489;2.504;2.489;2.496;37.5875;ISP.ITEUR
2021-10-05 15:00:00;2.497;2.503;2.494;2.5;17.8875;ISP.ITEUR
2021-10-06 07:00:00;2.49;2.497;2.472;2.477;74.4625;ISP.ITEUR
2021-10-06 08:00:00;2.476;2.48;2.464;2.471;62.0;ISP.ITEUR
2021-10-06 09:00:00;2.471;2.471;2.453;2.458;60.9875;ISP.ITEUR
2021-10-06 10:00:00;2.458;2.464;2.449;2.453;48.15;ISP.ITEUR
2021-10-06 11:00:00;2.454;2.462;2.448;2.462;39.4;ISP.ITEUR
2021-10-06 12:00:00;2.46;2.484;2.46;2.472;47.725;ISP.ITEUR
2021-10-06 13:00:00;2.473;2.483;2.468;2.471;56.425;ISP.ITEUR
2021-10-06 14:00:00;2.47;2.479;2.462;2.479;59.225;ISP.ITEUR
2021-10-06 15:00:00;2.478;2.482;2.472;2.473;20.8;ISP.ITEUR
2021-10-07 07:00:00;2.492;2.508;2.481;2.484;69.6875;ISP.ITEUR
2021-10-07 08:00:00;2.483;2.489;2.479;2.485;52.2375;ISP.ITEUR
2021-10-07 09:00:00;2.484;2.498;2.483;2.498;37.9375;ISP.ITEUR
2021-10-07 10:00:00;2.498;2.508;2.496;2.508;25.5375;ISP.ITEUR
2021-10-07 11:00:00;2.507;2.516;2.507;2.514;23.525;ISP.ITEUR
2021-10-07 12:00:00;2.513;2.522;2.512;2.52;20.45;ISP.ITEUR
2021-10-07 13:00:00;2.52;2.526;2.513;2.52;42.7625;ISP.ITEUR
2021-10-07 14:00:00;2.52;2.525;2.516;2.516;27.9375;ISP.ITEUR
2021-10-07 15:00:00;2.516;2.518;2.509;2.511;15.6125;ISP.ITEUR
2021-10-08 07:00:00;2.506;2.518;2.506;2.507;51.9375;ISP.ITEUR
2021-10-08 08:00:00;2.507;2.516;2.506;2.509;40.2625;ISP.ITEUR
2021-10-08 09:00:00;2.51;2.514;2.507;2.511;23.75;ISP.ITEUR
2021-10-08 10:00:00;2.511;2.523;2.51;2.517;28.8625;ISP.ITEUR
2021-10-08 11:00:00;2.518;2.523;2.518;2.522;17.7875;ISP.ITEUR
2021-10-08 12:00:00;2.521;2.525;2.509;2.517;51.5875;ISP.ITEUR
2021-10-08 13:00:00;2.516;2.522;2.514;2.521;47.7;ISP.ITEUR
2021-10-08 14:00:00;2.522;2.524;2.513;2.514;30.3625;ISP.ITEUR
2021-10-08 15:00:00;2.514;2.518;2.514;2.518;8.5625;ISP.ITEUR
2021-10-11 07:00:00;2.52;2.53;2.511;2.511;48.175;ISP.ITEUR
2021-10-11 08:00:00;2.512;2.519;2.504;2.514;42.775;ISP.ITEUR
2021-10-11 09:00:00;2.513;2.519;2.509;2.517;22.25;ISP.ITEUR
2021-10-11 10:00:00;2.518;2.518;2.502;2.505;23.1125;ISP.ITEUR
2021-10-11 11:00:00;2.505;2.51;2.501;2.501;23.6625;ISP.ITEUR
2021-10-11 12:00:00;2.5;2.502;2.495;2.5;26.2;ISP.ITEUR
2021-10-11 13:00:00;2.499;2.502;2.489;2.5;28.7375;ISP.ITEUR
2021-10-11 14:00:00;2.498;2.5;2.492;2.494;27.875;ISP.ITEUR
2021-10-11 15:00:00;2.494;2.496;2.49;2.495;11.475;ISP.ITEUR
2021-10-12 07:00:00;2.472;2.493;2.461;2.49;62.9125;ISP.ITEUR
2021-10-12 08:00:00;2.49;2.5;2.482;2.499;39.275;ISP.ITEUR
2021-10-12 09:00:00;2.499;2.503;2.493;2.502;25.8125;ISP.ITEUR
2021-10-12 10:00:00;2.501;2.515;2.498;2.513;25.5625;ISP.ITEUR
2021-10-12 11:00:00;2.514;2.514;2.504;2.506;18.825;ISP.ITEUR
2021-10-12 12:00:00;2.507;2.512;2.503;2.508;23.2625;ISP.ITEUR
2021-10-12 13:00:00;2.508;2.512;2.5;2.506;36.6875;ISP.ITEUR
2021-10-12 14:00:00;2.507;2.511;2.499;2.503;46.1875;ISP.ITEUR
2021-10-12 15:00:00;2.503;2.511;2.503;2.51;15.475;ISP.ITEUR
2021-10-13 07:00:00;2.509;2.521;2.502;2.518;49.8375;ISP.ITEUR
2021-10-13 08:00:00;2.518;2.518;2.503;2.505;32.0625;ISP.ITEUR
2021-10-13 09:00:00;2.505;2.51;2.5;2.509;23.2;ISP.ITEUR
2021-10-13 10:00:00;2.508;2.511;2.5;2.5;17.275;ISP.ITEUR
2021-10-13 11:00:00;2.501;2.503;2.497;2.502;16.9;ISP.ITEUR
2021-10-13 12:00:00;2.502;2.512;2.498;2.5;35.1625;ISP.ITEUR
2021-10-13 13:00:00;2.5;2.504;2.494;2.496;41.675;ISP.ITEUR
2021-10-13 14:00:00;2.495;2.498;2.484;2.49;33.8125;ISP.ITEUR
2021-10-13 15:00:00;2.49;2.499;2.489;2.498;11.3;ISP.ITEUR
2021-10-14 07:00:00;2.501;2.513;2.494;2.495;51.3;ISP.ITEUR
2021-10-14 08:00:00;2.496;2.517;2.494;2.514;29.2125;ISP.ITEUR
2021-10-14 09:00:00;2.514;2.519;2.512;2.516;15.5;ISP.ITEUR
2021-10-14 10:00:00;2.515;2.518;2.51;2.514;17.7375;ISP.ITEUR
2021-10-14 11:00:00;2.513;2.516;2.512;2.515;13.5625;ISP.ITEUR
2021-10-14 12:00:00;2.515;2.524;2.515;2.522;18.9625;ISP.ITEUR
2021-10-14 13:00:00;2.523;2.524;2.513;2.516;28.5125;ISP.ITEUR
2021-10-14 14:00:00;2.516;2.523;2.513;2.522;29.325;ISP.ITEUR
2021-10-14 15:00:00;2.521;2.523;2.518;2.521;11.5;ISP.ITEUR
2021-10-15 07:00:00;2.535;2.564;2.53;2.561;63.9125;ISP.ITEUR
2021-10-15 08:00:00;2.561;2.562;2.547;2.554;30.1125;ISP.ITEUR
2021-10-15 09:00:00;2.553;2.567;2.553;2.565;29.025;ISP.ITEUR
2021-10-15 10:00:00;2.564;2.565;2.553;2.554;17.5625;ISP.ITEUR
2021-10-15 11:00:00;2.555;2.563;2.554;2.563;16.5125;ISP.ITEUR
2021-10-15 12:00:00;2.562;2.579;2.561;2.579;20.5875;ISP.ITEUR
2021-10-15 13:00:00;2.578;2.591;2.578;2.589;34.1375;ISP.ITEUR
2021-10-15 14:00:00;2.588;2.589;2.57;2.575;39.475;ISP.ITEUR
2021-10-15 15:00:00;2.576;2.58;2.569;2.571;15.475;ISP.ITEUR
2021-10-18 07:00:00;2.513;2.522;2.489;2.49;72.4875;ISP.ITEUR
2021-10-18 08:00:00;2.49;2.508;2.49;2.505;37.95;ISP.ITEUR
2021-10-18 09:00:00;2.504;2.505;2.491;2.497;28.3375;ISP.ITEUR
2021-10-18 10:00:00;2.496;2.502;2.491;2.493;30.025;ISP.ITEUR
2021-10-18 11:00:00;2.495;2.5;2.491;2.492;21.1375;ISP.ITEUR
2021-10-18 12:00:00;2.491;2.491;2.482;2.485;36.925;ISP.ITEUR
2021-10-18 13:00:00;2.484;2.487;2.476;2.484;35.05;ISP.ITEUR
2021-10-18 14:00:00;2.484;2.488;2.477;2.488;32.975;ISP.ITEUR
2021-10-18 15:00:00;2.487;2.489;2.484;2.488;15.65;ISP.ITEUR
2021-10-19 07:00:00;2.488;2.489;2.459;2.464;61.0;ISP.ITEUR
2021-10-19 08:00:00;2.463;2.47;2.458;2.47;33.8;ISP.ITEUR
2021-10-19 09:00:00;2.469;2.472;2.465;2.466;18.2625;ISP.ITEUR
2021-10-19 10:00:00;2.465;2.471;2.464;2.469;14.8;ISP.ITEUR
2021-10-19 11:00:00;2.47;2.474;2.461;2.461;18.6125;ISP.ITEUR
2021-10-19 12:00:00;2.463;2.466;2.455;2.457;17.9;ISP.ITEUR
2021-10-19 13:00:00;2.456;2.458;2.45;2.452;24.0125;ISP.ITEUR
2021-10-19 14:00:00;2.452;2.46;2.452;2.457;18.7625;ISP.ITEUR
2021-10-19 15:00:00;2.458;2.458;2.453;2.455;8.725;ISP.ITEUR
2021-10-20 07:00:00;2.449;2.476;2.442;2.462;47.4625;ISP.ITEUR
2021-10-20 08:00:00;2.463;2.468;2.454;2.46;30.05;ISP.ITEUR
2021-10-20 09:00:00;2.461;2.463;2.452;2.459;23.3375;ISP.ITEUR
2021-10-20 10:00:00;2.46;2.462;2.453;2.458;14.9;ISP.ITEUR
2021-10-20 11:00:00;2.459;2.464;2.452;2.455;13.05;ISP.ITEUR
2021-10-20 12:00:00;2.455;2.458;2.445;2.447;14.2125;ISP.ITEUR
2021-10-20 13:00:00;2.446;2.455;2.443;2.452;26.9625;ISP.ITEUR
2021-10-20 14:00:00;2.451;2.474;2.451;2.471;33.575;ISP.ITEUR
2021-10-20 15:00:00;2.471;2.472;2.461;2.463;9.825;ISP.ITEUR
2021-10-21 07:00:00;2.453;2.453;2.44;2.452;45.55;ISP.ITEUR
2021-10-21 08:00:00;2.452;2.453;2.443;2.447;20.425;ISP.ITEUR
2021-10-21 09:00:00;2.447;2.448;2.441;2.443;18.025;ISP.ITEUR
2021-10-21 10:00:00;2.444;2.446;2.44;2.445;15.9375;ISP.ITEUR
2021-10-21 11:00:00;2.445;2.458;2.444;2.457;15.575;ISP.ITEUR
2021-10-21 12:00:00;2.456;2.457;2.447;2.45;18.25;ISP.ITEUR
2021-10-21 13:00:00;2.449;2.459;2.447;2.457;26.225;ISP.ITEUR
2021-10-21 14:00:00;2.458;2.46;2.449;2.45;21.075;ISP.ITEUR
2021-10-21 15:00:00;2.451;2.453;2.442;2.443;16.2125;ISP.ITEUR
2021-10-22 07:00:00;2.446;2.453;2.44;2.448;49.0375;ISP.ITEUR
2021-10-22 08:00:00;2.447;2.457;2.442;2.455;19.8;ISP.ITEUR
2021-10-22 09:00:00;2.456;2.457;2.45;2.454;16.3;ISP.ITEUR
2021-10-22 10:00:00;2.453;2.458;2.449;2.453;19.7125;ISP.ITEUR
2021-10-22 11:00:00;2.455;2.459;2.451;2.458;14.6625;ISP.ITEUR
2021-10-22 12:00:00;2.457;2.458;2.447;2.449;17.0375;ISP.ITEUR
2021-10-22 13:00:00;2.449;2.454;2.445;2.453;21.9375;ISP.ITEUR
2021-10-22 14:00:00;2.453;2.457;2.444;2.446;17.8;ISP.ITEUR
2021-10-22 15:00:00;2.445;2.451;2.445;2.45;12.8375;ISP.ITEUR
2021-10-25 07:00:00;2.459;2.477;2.457;2.459;50.8625;ISP.ITEUR
2021-10-25 08:00:00;2.459;2.476;2.455;2.474;28.325;ISP.ITEUR
2021-10-25 09:00:00;2.474;2.474;2.464;2.469;19.5375;ISP.ITEUR
2021-10-25 10:00:00;2.469;2.481;2.468;2.477;19.4;ISP.ITEUR
2021-10-25 11:00:00;2.477;2.479;2.474;2.475;13.2;ISP.ITEUR
2021-10-25 12:00:00;2.476;2.476;2.466;2.468;16.4625;ISP.ITEUR
2021-10-25 13:00:00;2.468;2.469;2.457;2.464;31.175;ISP.ITEUR
2021-10-25 14:00:00;2.465;2.466;2.453;2.461;37.2375;ISP.ITEUR
2021-10-25 15:00:00;2.461;2.469;2.459;2.468;13.05;ISP.ITEUR
2021-10-26 07:00:00;2.469;2.474;2.46;2.471;51.025;ISP.ITEUR
2021-10-26 08:00:00;2.471;2.483;2.466;2.467;26.8625;ISP.ITEUR
2021-10-26 09:00:00;2.466;2.47;2.462;2.468;25.5;ISP.ITEUR
2021-10-26 10:00:00;2.468;2.479;2.466;2.476;22.0;ISP.ITEUR
2021-10-26 11:00:00;2.477;2.477;2.468;2.472;14.225;ISP.ITEUR
2021-10-26 12:00:00;2.471;2.477;2.467;2.471;21.9375;ISP.ITEUR
2021-10-26 13:00:00;2.471;2.474;2.467;2.468;29.825;ISP.ITEUR
2021-10-26 14:00:00;2.469;2.48;2.469;2.48;15.9;ISP.ITEUR
2021-10-26 15:00:00;2.479;2.48;2.476;2.479;8.7125;ISP.ITEUR
2021-10-27 07:00:00;2.469;2.478;2.466;2.47;27.85;ISP.ITEUR
2021-10-27 08:00:00;2.471;2.474;2.455;2.458;19.125;ISP.ITEUR
2021-10-27 09:00:00;2.458;2.466;2.454;2.464;24.65;ISP.ITEUR
2021-10-27 10:00:00;2.464;2.467;2.452;2.457;18.875;ISP.ITEUR
2021-10-27 11:00:00;2.458;2.462;2.455;2.457;16.5625;ISP.ITEUR
2021-10-27 12:00:00;2.457;2.46;2.452;2.458;19.85;ISP.ITEUR
2021-10-27 13:00:00;2.458;2.459;2.449;2.457;26.85;ISP.ITEUR
2021-10-27 14:00:00;2.458;2.464;2.449;2.452;33.475;ISP.ITEUR
2021-10-27 15:00:00;2.453;2.457;2.452;2.453;11.15;ISP.ITEUR
2021-10-28 07:00:00;2.447;2.453;2.433;2.441;41.9125;ISP.ITEUR
2021-10-28 08:00:00;2.44;2.44;2.424;2.428;30.425;ISP.ITEUR
2021-10-28 09:00:00;2.429;2.443;2.426;2.441;23.8125;ISP.ITEUR
2021-10-28 10:00:00;2.442;2.442;2.433;2.437;18.85;ISP.ITEUR
2021-10-28 11:00:00;2.437;2.444;2.433;2.437;23.6875;ISP.ITEUR
2021-10-28 12:00:00;2.435;2.449;2.431;2.449;32.2625;ISP.ITEUR
2021-10-28 13:00:00;2.448;2.449;2.429;2.431;37.6125;ISP.ITEUR
2021-10-28 14:00:00;2.434;2.441;2.432;2.438;27.0875;ISP.ITEUR
2021-10-28 15:00:00;2.438;2.439;2.433;2.439;11.3625;ISP.ITEUR
2021-10-29 07:00:00;2.427;2.434;2.413;2.433;56.125;ISP.ITEUR
2021-10-29 08:00:00;2.434;2.447;2.432;2.444;34.8625;ISP.ITEUR
2021-10-29 09:00:00;2.442;2.447;2.432;2.436;28.475;ISP.ITEUR
2021-10-29 10:00:00;2.436;2.438;2.424;2.435;39.7875;ISP.ITEUR
2021-10-29 11:00:00;2.436;2.448;2.434;2.444;24.6125;ISP.ITEUR
2021-10-29 12:00:00;2.442;2.449;2.437;2.44;25.3375;ISP.ITEUR
2021-10-29 13:00:00;2.439;2.446;2.431;2.442;38.0625;ISP.ITEUR
2021-10-29 14:00:00;2.441;2.449;2.438;2.445;28.625;ISP.ITEUR
2021-10-29 15:00:00;2.444;2.452;2.444;2.451;11.95;ISP.ITEUR
2021-11-01 08:00:00;2.46;2.509;2.456;2.5;52.7;ISP.ITEUR
2021-11-01 09:00:00;2.499;2.516;2.494;2.51;37.0625;ISP.ITEUR
2021-11-01 10:00:00;2.51;2.515;2.498;2.502;26.7875;ISP.ITEUR
2021-11-01 11:00:00;2.5;2.508;2.497;2.501;19.4875;ISP.ITEUR
2021-11-01 12:00:00;2.502;2.504;2.496;2.497;21.075;ISP.ITEUR
2021-11-01 13:00:00;2.498;2.5;2.489;2.497;34.4375;ISP.ITEUR
2021-11-01 14:00:00;2.497;2.499;2.492;2.497;40.2125;ISP.ITEUR
2021-11-01 15:00:00;2.498;2.501;2.489;2.494;19.1875;ISP.ITEUR
2021-11-01 16:00:00;2.493;2.497;2.492;2.496;10.2625;ISP.ITEUR
2021-11-02 08:00:00;2.493;2.51;2.49;2.49;54.2375;ISP.ITEUR
2021-11-02 09:00:00;2.488;2.5;2.488;2.499;30.625;ISP.ITEUR
2021-11-02 10:00:00;2.498;2.506;2.494;2.506;19.9;ISP.ITEUR
2021-11-02 11:00:00;2.507;2.507;2.497;2.5;15.4;ISP.ITEUR
2021-11-02 12:00:00;2.5;2.509;2.5;2.504;16.9125;ISP.ITEUR
2021-11-02 13:00:00;2.505;2.511;2.504;2.51;22.525;ISP.ITEUR
2021-11-02 14:00:00;2.509;2.512;2.505;2.512;14.6;ISP.ITEUR
2021-11-02 15:00:00;2.513;2.514;2.505;2.508;17.275;ISP.ITEUR
2021-11-02 16:00:00;2.509;2.511;2.508;2.511;8.7125;ISP.ITEUR
2021-11-03 08:00:00;2.511;2.517;2.505;2.509;41.9375;ISP.ITEUR
2021-11-03 09:00:00;2.508;2.512;2.499;2.505;21.625;ISP.ITEUR
2021-11-03 10:00:00;2.505;2.514;2.501;2.514;18.2375;ISP.ITEUR
2021-11-03 11:00:00;2.514;2.516;2.508;2.516;14.125;ISP.ITEUR
2021-11-03 12:00:00;2.515;2.516;2.493;2.502;28.3625;ISP.ITEUR
2021-11-03 13:00:00;2.501;2.502;2.49;2.496;29.0875;ISP.ITEUR
2021-11-03 14:00:00;2.497;2.504;2.495;2.504;20.3;ISP.ITEUR
2021-11-03 15:00:00;2.503;2.503;2.481;2.49;24.3625;ISP.ITEUR
2021-11-03 16:00:00;2.491;2.497;2.488;2.495;11.875;ISP.ITEUR
2021-11-04 08:00:00;2.515;2.515;2.469;2.476;67.375;ISP.ITEUR
2021-11-04 09:00:00;2.476;2.477;2.46;2.462;30.6;ISP.ITEUR
2021-11-04 10:00:00;2.463;2.467;2.459;2.46;25.4;ISP.ITEUR
2021-11-04 11:00:00;2.461;2.466;2.457;2.464;21.425;ISP.ITEUR
2021-11-04 12:00:00;2.465;2.469;2.449;2.449;30.825;ISP.ITEUR
2021-11-04 13:00:00;2.449;2.46;2.439;2.447;33.8625;ISP.ITEUR
2021-11-04 14:00:00;2.446;2.454;2.445;2.449;31.5875;ISP.ITEUR
2021-11-04 15:00:00;2.45;2.451;2.44;2.448;28.4125;ISP.ITEUR
2021-11-04 16:00:00;2.446;2.45;2.441;2.449;13.275;ISP.ITEUR
2021-11-05 08:00:00;2.458;2.47;2.449;2.467;50.475;ISP.ITEUR
2021-11-05 09:00:00;2.468;2.476;2.465;2.47;29.2875;ISP.ITEUR
2021-11-05 10:00:00;2.471;2.474;2.459;2.474;25.0;ISP.ITEUR
2021-11-05 11:00:00;2.473;2.484;2.472;2.484;49.825;ISP.ITEUR
2021-11-05 12:00:00;2.484;2.496;2.482;2.493;26.0375;ISP.ITEUR
2021-11-05 13:00:00;2.494;2.497;2.486;2.491;24.975;ISP.ITEUR
2021-11-05 14:00:00;2.489;2.494;2.474;2.483;23.55;ISP.ITEUR
2021-11-05 15:00:00;2.483;2.488;2.478;2.482;23.4875;ISP.ITEUR
2021-11-05 16:00:00;2.482;2.483;2.477;2.48;10.75;ISP.ITEUR
2021-11-08 08:00:00;2.482;2.487;2.475;2.486;23.9;ISP.ITEUR
2021-11-08 09:00:00;2.484;2.492;2.484;2.489;19.9;ISP.ITEUR
2021-11-08 10:00:00;2.489;2.5;2.485;2.498;13.9375;ISP.ITEUR
2021-11-08 11:00:00;2.498;2.501;2.493;2.495;13.5125;ISP.ITEUR
2021-11-08 12:00:00;2.494;2.502;2.492;2.498;10.4875;ISP.ITEUR
2021-11-08 13:00:00;2.498;2.505;2.495;2.504;15.825;ISP.ITEUR
2021-11-08 14:00:00;2.503;2.511;2.498;2.507;26.125;ISP.ITEUR
2021-11-08 15:00:00;2.505;2.507;2.496;2.497;20.125;ISP.ITEUR
2021-11-08 16:00:00;2.498;2.5;2.49;2.494;15.35;ISP.ITEUR
2021-11-09 08:00:00;2.48;2.487;2.477;2.483;44.375;ISP.ITEUR
2021-11-09 09:00:00;2.483;2.491;2.481;2.486;24.8375;ISP.ITEUR
2021-11-09 10:00:00;2.487;2.487;2.477;2.48;19.475;ISP.ITEUR
2021-11-09 11:00:00;2.481;2.484;2.476;2.479;15.475;ISP.ITEUR
2021-11-09 12:00:00;2.48;2.483;2.478;2.479;11.0125;ISP.ITEUR
2021-11-09 13:00:00;2.479;2.482;2.473;2.477;13.2125;ISP.ITEUR
2021-11-09 14:00:00;2.477;2.482;2.471;2.474;18.3875;ISP.ITEUR
2021-11-09 15:00:00;2.473;2.476;2.468;2.472;29.9375;ISP.ITEUR
2021-11-09 16:00:00;2.473;2.474;2.468;2.471;10.2125;ISP.ITEUR
2021-11-10 08:00:00;2.479;2.491;2.479;2.485;44.725;ISP.ITEUR
2021-11-10 09:00:00;2.486;2.487;2.466;2.474;38.6125;ISP.ITEUR
2021-11-10 10:00:00;2.475;2.483;2.471;2.483;24.1625;ISP.ITEUR
2021-11-10 11:00:00;2.482;2.486;2.478;2.479;21.45;ISP.ITEUR
2021-11-10 12:00:00;2.48;2.48;2.469;2.471;14.65;ISP.ITEUR
2021-11-10 13:00:00;2.471;2.475;2.462;2.471;25.725;ISP.ITEUR
2021-11-10 14:00:00;2.471;2.474;2.466;2.473;31.2;ISP.ITEUR
2021-11-10 15:00:00;2.475;2.479;2.471;2.474;16.4125;ISP.ITEUR
2021-11-10 16:00:00;2.475;2.476;2.47;2.473;12.125;ISP.ITEUR
2021-11-11 08:00:00;2.475;2.488;2.473;2.475;28.65;ISP.ITEUR
2021-11-11 09:00:00;2.476;2.48;2.471;2.474;17.1625;ISP.ITEUR
2021-11-11 10:00:00;2.473;2.476;2.463;2.469;14.4625;ISP.ITEUR
2021-11-11 11:00:00;2.47;2.473;2.461;2.462;15.65;ISP.ITEUR
2021-11-11 12:00:00;2.461;2.466;2.46;2.466;7.0;ISP.ITEUR
2021-11-11 13:00:00;2.465;2.468;2.461;2.468;9.975;ISP.ITEUR
2021-11-11 14:00:00;2.467;2.47;2.461;2.464;16.9875;ISP.ITEUR
2021-11-11 15:00:00;2.464;2.472;2.463;2.472;15.3625;ISP.ITEUR
2021-11-11 16:00:00;2.472;2.475;2.469;2.47;8.8375;ISP.ITEUR
2021-11-12 08:00:00;2.469;2.471;2.455;2.459;34.9125;ISP.ITEUR
2021-11-12 09:00:00;2.459;2.462;2.452;2.46;15.175;ISP.ITEUR
2021-11-12 10:00:00;2.459;2.468;2.458;2.467;16.5125;ISP.ITEUR
2021-11-12 11:00:00;2.467;2.469;2.46;2.464;9.65;ISP.ITEUR
2021-11-12 12:00:00;2.463;2.464;2.458;2.459;10.3;ISP.ITEUR
2021-11-12 13:00:00;2.457;2.463;2.457;2.46;8.8875;ISP.ITEUR
2021-11-12 14:00:00;2.462;2.467;2.458;2.466;13.5125;ISP.ITEUR
2021-11-12 15:00:00;2.465;2.469;2.46;2.463;18.1125;ISP.ITEUR
2021-11-12 16:00:00;2.463;2.471;2.463;2.47;7.0375;ISP.ITEUR
2021-11-15 08:00:00;2.462;2.471;2.456;2.471;30.725;ISP.ITEUR
2021-11-15 09:00:00;2.471;2.478;2.469;2.473;18.975;ISP.ITEUR
2021-11-15 10:00:00;2.473;2.475;2.469;2.473;12.7125;ISP.ITEUR
2021-11-15 11:00:00;2.474;2.483;2.47;2.474;24.525;ISP.ITEUR
2021-11-15 12:00:00;2.475;2.478;2.472;2.476;8.9375;ISP.ITEUR
2021-11-15 13:00:00;2.476;2.484;2.474;2.482;11.95;ISP.ITEUR
2021-11-15 14:00:00;2.482;2.486;2.479;2.483;19.0625;ISP.ITEUR
2021-11-15 15:00:00;2.485;2.485;2.478;2.482;11.525;ISP.ITEUR
2021-11-15 16:00:00;2.481;2.484;2.479;2.482;5.3875;ISP.ITEUR
2021-11-16 08:00:00;2.487;2.493;2.481;2.484;24.025;ISP.ITEUR
2021-11-16 09:00:00;2.485;2.486;2.474;2.482;16.425;ISP.ITEUR
2021-11-16 10:00:00;2.483;2.483;2.471;2.473;15.0625;ISP.ITEUR
2021-11-16 11:00:00;2.474;2.479;2.472;2.476;14.2125;ISP.ITEUR
2021-11-16 12:00:00;2.476;2.478;2.471;2.472;12.05;ISP.ITEUR
2021-11-16 13:00:00;2.473;2.486;2.472;2.484;19.1375;ISP.ITEUR
2021-11-16 14:00:00;2.483;2.486;2.478;2.482;20.2875;ISP.ITEUR
2021-11-16 15:00:00;2.483;2.484;2.478;2.481;15.0625;ISP.ITEUR
2021-11-16 16:00:00;2.481;2.485;2.48;2.484;5.8;ISP.ITEUR
2021-11-17 08:00:00;2.479;2.487;2.472;2.485;24.1875;ISP.ITEUR
2021-11-17 09:00:00;2.485;2.486;2.478;2.479;11.45;ISP.ITEUR
2021-11-17 10:00:00;2.479;2.486;2.477;2.483;12.05;ISP.ITEUR
2021-11-17 11:00:00;2.483;2.485;2.48;2.481;7.65;ISP.ITEUR
2021-11-17 12:00:00;2.481;2.484;2.48;2.483;6.375;ISP.ITEUR
2021-11-17 13:00:00;2.483;2.485;2.482;2.482;5.575;ISP.ITEUR
2021-11-17 14:00:00;2.483;2.485;2.48;2.483;15.675;ISP.ITEUR
2021-11-17 15:00:00;2.482;2.485;2.48;2.481;15.9125;ISP.ITEUR
2021-11-17 16:00:00;2.48;2.48;2.475;2.477;7.2375;ISP.ITEUR
2021-11-18 08:00:00;2.479;2.487;2.472;2.482;29.275;ISP.ITEUR
2021-11-18 09:00:00;2.483;2.494;2.481;2.491;18.8625;ISP.ITEUR
2021-11-18 10:00:00;2.49;2.491;2.481;2.485;17.5125;ISP.ITEUR
2021-11-18 11:00:00;2.484;2.484;2.476;2.477;12.6;ISP.ITEUR
2021-11-18 12:00:00;2.478;2.484;2.475;2.48;12.125;ISP.ITEUR
2021-11-18 13:00:00;2.479;2.48;2.469;2.472;17.55;ISP.ITEUR
2021-11-18 14:00:00;2.472;2.474;2.466;2.468;22.4;ISP.ITEUR
2021-11-18 15:00:00;2.467;2.471;2.459;2.465;20.6875;ISP.ITEUR
2021-11-18 16:00:00;2.466;2.466;2.461;2.465;12.225;ISP.ITEUR
2021-11-19 08:00:00;2.472;2.479;2.455;2.457;32.4375;ISP.ITEUR
2021-11-19 09:00:00;2.456;2.459;2.401;2.403;54.6625;ISP.ITEUR
2021-11-19 10:00:00;2.405;2.405;2.376;2.396;91.2;ISP.ITEUR
2021-11-19 11:00:00;2.396;2.402;2.371;2.373;55.35;ISP.ITEUR
2021-11-19 12:00:00;2.374;2.378;2.362;2.366;58.225;ISP.ITEUR
2021-11-19 13:00:00;2.367;2.372;2.357;2.365;49.1125;ISP.ITEUR
2021-11-19 14:00:00;2.365;2.394;2.361;2.378;82.45;ISP.ITEUR
2021-11-19 15:00:00;2.378;2.383;2.37;2.379;42.6625;ISP.ITEUR
2021-11-19 16:00:00;2.38;2.386;2.376;2.384;21.3875;ISP.ITEUR
2021-11-22 08:00:00;2.328;2.338;2.308;2.318;77.8375;ISP.ITEUR
2021-11-22 09:00:00;2.317;2.322;2.309;2.318;38.0125;ISP.ITEUR
2021-11-22 10:00:00;2.317;2.325;2.312;2.324;29.3375;ISP.ITEUR
2021-11-22 11:00:00;2.324;2.333;2.312;2.317;33.9375;ISP.ITEUR
2021-11-22 12:00:00;2.316;2.323;2.314;2.316;32.4875;ISP.ITEUR
2021-11-22 13:00:00;2.315;2.317;2.303;2.313;23.4;ISP.ITEUR
2021-11-22 14:00:00;2.313;2.331;2.313;2.32;41.65;ISP.ITEUR
2021-11-22 15:00:00;2.32;2.331;2.32;2.328;30.975;ISP.ITEUR
2021-11-22 16:00:00;2.327;2.332;2.322;2.326;11.825;ISP.ITEUR
2021-11-23 08:00:00;2.316;2.324;2.295;2.309;80.375;ISP.ITEUR
2021-11-23 09:00:00;2.309;2.319;2.296;2.311;44.35;ISP.ITEUR
2021-11-23 10:00:00;2.31;2.314;2.304;2.308;34.3;ISP.ITEUR
2021-11-23 11:00:00;2.309;2.314;2.297;2.313;28.1375;ISP.ITEUR
2021-11-23 12:00:00;2.313;2.328;2.311;2.326;28.45;ISP.ITEUR
2021-11-23 13:00:00;2.326;2.333;2.324;2.327;32.425;ISP.ITEUR
2021-11-23 14:00:00;2.328;2.336;2.326;2.327;33.175;ISP.ITEUR
2021-11-23 15:00:00;2.328;2.329;2.304;2.304;48.85;ISP.ITEUR
2021-11-23 16:00:00;2.305;2.305;2.299;2.299;12.1125;ISP.ITEUR
2021-11-24 08:00:00;2.301;2.32;2.293;2.317;47.55;ISP.ITEUR
2021-11-24 09:00:00;2.316;2.319;2.295;2.304;44.6625;ISP.ITEUR
2021-11-24 10:00:00;2.303;2.306;2.291;2.292;44.2625;ISP.ITEUR
2021-11-24 11:00:00;2.292;2.301;2.289;2.299;42.0875;ISP.ITEUR
2021-11-24 12:00:00;2.299;2.302;2.294;2.296;40.675;ISP.ITEUR
2021-11-24 13:00:00;2.296;2.299;2.289;2.293;32.7875;ISP.ITEUR
2021-11-24 14:00:00;2.292;2.303;2.285;2.302;58.175;ISP.ITEUR
2021-11-24 15:00:00;2.304;2.312;2.3;2.31;37.3375;ISP.ITEUR
2021-11-24 16:00:00;2.309;2.311;2.303;2.304;13.7875;ISP.ITEUR
2021-11-25 08:00:00;2.309;2.309;2.29;2.295;39.1875;ISP.ITEUR
2021-11-25 09:00:00;2.296;2.304;2.293;2.301;24.0125;ISP.ITEUR
2021-11-25 10:00:00;2.301;2.304;2.294;2.304;20.0125;ISP.ITEUR
2021-11-25 11:00:00;2.304;2.306;2.301;2.303;14.875;ISP.ITEUR
2021-11-25 12:00:00;2.303;2.303;2.292;2.292;14.5875;ISP.ITEUR
2021-11-25 13:00:00;2.293;2.293;2.285;2.288;16.225;ISP.ITEUR
2021-11-25 14:00:00;2.287;2.293;2.282;2.291;15.125;ISP.ITEUR
2021-11-25 15:00:00;2.29;2.291;2.284;2.284;17.975;ISP.ITEUR
2021-11-25 16:00:00;2.283;2.287;2.283;2.285;8.3375;ISP.ITEUR
2021-11-26 08:00:00;2.197;2.209;2.161;2.203;138.7875;ISP.ITEUR
2021-11-26 09:00:00;2.204;2.204;2.18;2.192;91.775;ISP.ITEUR
2021-11-26 10:00:00;2.191;2.207;2.183;2.189;72.4375;ISP.ITEUR
2021-11-26 11:00:00;2.19;2.2;2.181;2.187;71.075;ISP.ITEUR
2021-11-26 12:00:00;2.188;2.193;2.183;2.184;47.2375;ISP.ITEUR
2021-11-26 13:00:00;2.185;2.192;2.181;2.185;38.6625;ISP.ITEUR
2021-11-26 14:00:00;2.184;2.184;2.171;2.174;49.7;ISP.ITEUR
2021-11-26 15:00:00;2.174;2.177;2.166;2.168;51.7875;ISP.ITEUR
2021-11-26 16:00:00;2.168;2.17;2.161;2.162;25.85;ISP.ITEUR
2021-11-29 08:00:00;2.189;2.2;2.146;2.152;96.7375;ISP.ITEUR
2021-11-29 09:00:00;2.151;2.162;2.144;2.145;62.2875;ISP.ITEUR
2021-11-29 10:00:00;2.145;2.164;2.145;2.157;52.05;ISP.ITEUR
2021-11-29 11:00:00;2.158;2.171;2.157;2.158;35.85;ISP.ITEUR
2021-11-29 12:00:00;2.159;2.17;2.15;2.169;39.4;ISP.ITEUR
2021-11-29 13:00:00;2.168;2.185;2.167;2.182;29.325;ISP.ITEUR
2021-11-29 14:00:00;2.182;2.189;2.159;2.163;52.35;ISP.ITEUR
2021-11-29 15:00:00;2.163;2.164;2.131;2.138;54.05;ISP.ITEUR
2021-11-29 16:00:00;2.136;2.149;2.136;2.144;17.65;ISP.ITEUR
2021-11-30 08:00:00;2.104;2.123;2.079;2.111;105.225;ISP.ITEUR
2021-11-30 09:00:00;2.111;2.114;2.095;2.108;74.475;ISP.ITEUR
2021-11-30 10:00:00;2.109;2.116;2.097;2.109;63.8;ISP.ITEUR
2021-11-30 11:00:00;2.11;2.118;2.106;2.116;51.675;ISP.ITEUR
2021-11-30 12:00:00;2.115;2.133;2.115;2.126;50.4375;ISP.ITEUR
2021-11-30 13:00:00;2.127;2.149;2.119;2.148;49.575;ISP.ITEUR
2021-11-30 14:00:00;2.147;2.148;2.122;2.127;62.85;ISP.ITEUR
2021-11-30 15:00:00;2.126;2.145;2.119;2.12;71.9;ISP.ITEUR
2021-11-30 16:00:00;2.119;2.127;2.111;2.115;31.2;ISP.ITEUR
2021-12-01 08:00:00;2.13;2.153;2.13;2.153;69.6;ISP.ITEUR
2021-12-01 09:00:00;2.152;2.17;2.145;2.166;49.2625;ISP.ITEUR
2021-12-01 10:00:00;2.166;2.169;2.161;2.162;39.025;ISP.ITEUR
2021-12-01 11:00:00;2.162;2.163;2.154;2.162;27.8375;ISP.ITEUR
2021-12-01 12:00:00;2.162;2.169;2.16;2.167;30.0;ISP.ITEUR
2021-12-01 13:00:00;2.168;2.178;2.165;2.176;29.925;ISP.ITEUR
2021-12-01 14:00:00;2.176;2.177;2.158;2.161;38.1375;ISP.ITEUR
2021-12-01 15:00:00;2.161;2.169;2.15;2.159;40.4625;ISP.ITEUR
2021-12-01 16:00:00;2.159;2.17;2.158;2.166;18.975;ISP.ITEUR
2021-12-02 08:00:00;2.143;2.145;2.125;2.142;66.8625;ISP.ITEUR
2021-12-02 09:00:00;2.142;2.16;2.139;2.159;42.475;ISP.ITEUR
2021-12-02 10:00:00;2.159;2.159;2.137;2.155;60.425;ISP.ITEUR
2021-12-02 11:00:00;2.155;2.156;2.139;2.141;30.1625;ISP.ITEUR
2021-12-02 12:00:00;2.142;2.146;2.124;2.133;51.6125;ISP.ITEUR
2021-12-02 13:00:00;2.133;2.138;2.127;2.13;48.6125;ISP.ITEUR
2021-12-02 14:00:00;2.129;2.146;2.125;2.145;69.9125;ISP.ITEUR
2021-12-02 15:00:00;2.144;2.154;2.138;2.153;66.95;ISP.ITEUR
2021-12-02 16:00:00;2.153;2.155;2.144;2.147;23.175;ISP.ITEUR
2021-12-03 08:00:00;2.161;2.173;2.152;2.154;55.7125;ISP.ITEUR
2021-12-03 09:00:00;2.154;2.158;2.141;2.141;44.0625;ISP.ITEUR
2021-12-03 10:00:00;2.141;2.142;2.123;2.132;42.8875;ISP.ITEUR
2021-12-03 11:00:00;2.133;2.154;2.132;2.153;41.1;ISP.ITEUR
2021-12-03 12:00:00;2.153;2.161;2.146;2.148;35.075;ISP.ITEUR
2021-12-03 13:00:00;2.148;2.161;2.138;2.158;54.0;ISP.ITEUR
2021-12-03 14:00:00;2.158;2.165;2.142;2.145;63.95;ISP.ITEUR
2021-12-03 15:00:00;2.145;2.151;2.139;2.139;84.8875;ISP.ITEUR
2021-12-03 16:00:00;2.14;2.143;2.132;2.14;33.075;ISP.ITEUR
2021-12-06 08:00:00;2.161;2.171;2.157;2.164;58.9;ISP.ITEUR
2021-12-06 09:00:00;2.163;2.177;2.163;2.166;41.9;ISP.ITEUR
2021-12-06 10:00:00;2.166;2.169;2.159;2.169;40.3375;ISP.ITEUR
2021-12-06 11:00:00;2.169;2.178;2.168;2.176;24.4;ISP.ITEUR
2021-12-06 12:00:00;2.177;2.177;2.174;2.176;15.475;ISP.ITEUR
2021-12-06 13:00:00;2.176;2.184;2.175;2.183;20.05;ISP.ITEUR
2021-12-06 14:00:00;2.183;2.19;2.182;2.188;45.1125;ISP.ITEUR
2021-12-06 15:00:00;2.189;2.211;2.188;2.209;51.7125;ISP.ITEUR
2021-12-06 16:00:00;2.209;2.214;2.207;2.213;18.8875;ISP.ITEUR
2021-12-07 08:00:00;2.228;2.24;2.221;2.239;62.275;ISP.ITEUR
2021-12-07 09:00:00;2.239;2.246;2.223;2.233;37.6875;ISP.ITEUR
2021-12-07 10:00:00;2.234;2.245;2.232;2.245;25.8375;ISP.ITEUR
2021-12-07 11:00:00;2.244;2.251;2.241;2.25;24.125;ISP.ITEUR
2021-12-07 12:00:00;2.249;2.25;2.24;2.244;18.2;ISP.ITEUR
2021-12-07 13:00:00;2.244;2.252;2.242;2.245;19.175;ISP.ITEUR
2021-12-07 14:00:00;2.245;2.259;2.243;2.258;29.9375;ISP.ITEUR
2021-12-07 15:00:00;2.259;2.267;2.258;2.265;25.65;ISP.ITEUR
2021-12-07 16:00:00;2.265;2.266;2.256;2.257;16.95;ISP.ITEUR
2021-12-08 08:00:00;2.244;2.258;2.244;2.252;44.0;ISP.ITEUR
2021-12-08 09:00:00;2.253;2.257;2.249;2.251;17.4625;ISP.ITEUR
2021-12-08 10:00:00;2.251;2.251;2.225;2.226;23.2;ISP.ITEUR
2021-12-08 11:00:00;2.226;2.265;2.224;2.252;55.75;ISP.ITEUR
2021-12-08 12:00:00;2.251;2.262;2.239;2.245;37.7375;ISP.ITEUR
2021-12-08 13:00:00;2.244;2.256;2.242;2.25;22.3875;ISP.ITEUR
2021-12-08 14:00:00;2.249;2.257;2.244;2.253;40.8375;ISP.ITEUR
2021-12-08 15:00:00;2.254;2.256;2.237;2.238;34.2375;ISP.ITEUR
2021-12-08 16:00:00;2.239;2.241;2.233;2.234;15.9375;ISP.ITEUR
2021-12-09 08:00:00;2.235;2.236;2.213;2.215;56.3625;ISP.ITEUR
2021-12-09 09:00:00;2.215;2.253;2.215;2.25;48.3125;ISP.ITEUR
2021-12-09 10:00:00;2.25;2.25;2.235;2.244;50.075;ISP.ITEUR
2021-12-09 11:00:00;2.243;2.247;2.236;2.243;53.525;ISP.ITEUR
2021-12-09 12:00:00;2.242;2.248;2.23;2.234;37.875;ISP.ITEUR
2021-12-09 13:00:00;2.233;2.233;2.22;2.229;38.65;ISP.ITEUR
2021-12-09 14:00:00;2.23;2.233;2.223;2.228;43.125;ISP.ITEUR
2021-12-09 15:00:00;2.227;2.238;2.226;2.232;31.825;ISP.ITEUR
2021-12-09 16:00:00;2.233;2.233;2.222;2.224;11.8625;ISP.ITEUR
2021-12-10 08:00:00;2.217;2.235;2.188;2.235;45.7125;ISP.ITEUR
2021-12-10 09:00:00;2.236;2.236;2.224;2.231;21.825;ISP.ITEUR
2021-12-10 10:00:00;2.231;2.232;2.223;2.225;16.0125;ISP.ITEUR
2021-12-10 11:00:00;2.226;2.229;2.223;2.228;15.75;ISP.ITEUR
2021-12-10 12:00:00;2.227;2.228;2.215;2.219;16.95;ISP.ITEUR
2021-12-10 13:00:00;2.219;2.223;2.216;2.217;23.6625;ISP.ITEUR
2021-12-10 14:00:00;2.218;2.22;2.209;2.21;21.1625;ISP.ITEUR
2021-12-10 15:00:00;2.21;2.213;2.204;2.206;27.15;ISP.ITEUR
2021-12-10 16:00:00;2.205;2.21;2.203;2.21;11.0625;ISP.ITEUR
2021-12-13 08:00:00;2.228;2.243;2.228;2.239;14.86;ISP.ITEUR
2021-12-13 09:00:00;2.24;2.246;2.236;2.237;13.4731;ISP.ITEUR
2021-12-13 10:00:00;2.236;2.242;2.23;2.232;9.6168;ISP.ITEUR
2021-12-13 11:00:00;2.233;2.24;2.232;2.24;8.9464;ISP.ITEUR
2021-12-13 12:00:00;2.239;2.239;2.227;2.231;7.5325;ISP.ITEUR
2021-12-13 13:00:00;2.232;2.233;2.222;2.226;6.8885;ISP.ITEUR
2021-12-13 14:00:00;2.225;2.225;2.206;2.211;19.5652;ISP.ITEUR
2021-12-13 15:00:00;2.21;2.214;2.197;2.205;18.3905;ISP.ITEUR
2021-12-13 16:00:00;2.204;2.207;2.199;2.204;8.5017;ISP.ITEUR
2021-12-14 08:00:00;2.225;2.228;2.214;2.223;13.6255;ISP.ITEUR
2021-12-14 09:00:00;2.224;2.227;2.214;2.215;11.3624;ISP.ITEUR
2021-12-14 10:00:00;2.216;2.224;2.213;2.22;14.3422;ISP.ITEUR
2021-12-14 11:00:00;2.221;2.233;2.221;2.229;11.369;ISP.ITEUR
2021-12-14 12:00:00;2.228;2.232;2.228;2.231;5.0237;ISP.ITEUR
2021-12-14 13:00:00;2.23;2.233;2.219;2.222;11.1626;ISP.ITEUR
2021-12-14 14:00:00;2.221;2.233;2.214;2.231;18.3576;ISP.ITEUR
2021-12-14 15:00:00;2.231;2.237;2.224;2.226;19.7248;ISP.ITEUR
2021-12-14 16:00:00;2.226;2.228;2.223;2.225;10.2873;ISP.ITEUR
2021-12-15 08:00:00;2.23;2.237;2.223;2.225;13.5989;ISP.ITEUR
2021-12-15 09:00:00;2.226;2.229;2.216;2.221;11.8933;ISP.ITEUR
2021-12-15 10:00:00;2.221;2.228;2.217;2.228;6.922;ISP.ITEUR
2021-12-15 11:00:00;2.227;2.228;2.216;2.221;7.0545;ISP.ITEUR
2021-12-15 12:00:00;2.221;2.223;2.211;2.22;7.9972;ISP.ITEUR
2021-12-15 13:00:00;2.221;2.224;2.218;2.22;7.3599;ISP.ITEUR
2021-12-15 14:00:00;2.221;2.224;2.204;2.208;14.2225;ISP.ITEUR
2021-12-15 15:00:00;2.206;2.212;2.201;2.208;13.4261;ISP.ITEUR
2021-12-15 16:00:00;2.21;2.211;2.204;2.209;5.0107;ISP.ITEUR
2021-12-16 08:00:00;2.23;2.245;2.226;2.236;17.5945;ISP.ITEUR
2021-12-16 09:00:00;2.238;2.241;2.233;2.235;11.8536;ISP.ITEUR
2021-12-16 10:00:00;2.238;2.241;2.23;2.24;9.6966;ISP.ITEUR
2021-12-16 11:00:00;2.24;2.248;2.234;2.247;8.0968;ISP.ITEUR
2021-12-16 12:00:00;2.252;2.26;2.241;2.253;20.8661;ISP.ITEUR
2021-12-16 13:00:00;2.253;2.253;2.234;2.235;11.1366;ISP.ITEUR
2021-12-16 14:00:00;2.234;2.237;2.224;2.226;20.5211;ISP.ITEUR
2021-12-16 15:00:00;2.226;2.242;2.22;2.241;14.7603;ISP.ITEUR
2021-12-16 16:00:00;2.239;2.243;2.234;2.241;10.5128;ISP.ITEUR
2021-12-17 08:00:00;2.225;2.236;2.222;2.228;15.8688;ISP.ITEUR
2021-12-17 09:00:00;2.226;2.228;2.217;2.226;18.975;ISP.ITEUR
2021-12-17 10:00:00;2.227;2.228;2.208;2.212;26.05;ISP.ITEUR
2021-12-17 11:00:00;2.21;2.222;2.21;2.215;20.2362;ISP.ITEUR
2021-12-17 12:00:00;2.216;2.216;2.194;2.197;15.8689;ISP.ITEUR
2021-12-17 13:00:00;2.195;2.2;2.191;2.198;14.9597;ISP.ITEUR
2021-12-17 14:00:00;2.198;2.199;2.183;2.191;19.0547;ISP.ITEUR
2021-12-17 15:00:00;2.191;2.203;2.18;2.198;24.4504;ISP.ITEUR
2021-12-17 16:00:00;2.199;2.207;2.193;2.204;8.0835;ISP.ITEUR
2021-12-20 08:00:00;2.16;2.163;2.13;2.132;27.9615;ISP.ITEUR
2021-12-20 09:00:00;2.131;2.155;2.125;2.155;26.9725;ISP.ITEUR
2021-12-20 10:00:00;2.156;2.17;2.156;2.168;25.0811;ISP.ITEUR
2021-12-20 11:00:00;2.168;2.171;2.156;2.171;14.4751;ISP.ITEUR
2021-12-20 12:00:00;2.171;2.177;2.165;2.172;13.8914;ISP.ITEUR
2021-12-20 13:00:00;2.172;2.18;2.17;2.177;12.9751;ISP.ITEUR
2021-12-20 14:00:00;2.177;2.182;2.169;2.18;21.4903;ISP.ITEUR
2021-12-20 15:00:00;2.179;2.191;2.175;2.178;22.871;ISP.ITEUR
2021-12-20 16:00:00;2.177;2.184;2.176;2.183;7.5392;ISP.ITEUR
2021-12-21 08:00:00;2.187;2.195;2.181;2.193;20.0632;ISP.ITEUR
2021-12-21 09:00:00;2.192;2.198;2.179;2.181;19.2806;ISP.ITEUR
2021-12-21 10:00:00;2.182;2.203;2.181;2.2;16.3536;ISP.ITEUR
2021-12-21 11:00:00;2.2;2.207;2.198;2.206;11.6811;ISP.ITEUR
2021-12-21 12:00:00;2.206;2.217;2.206;2.212;8.3685;ISP.ITEUR
2021-12-21 13:00:00;2.211;2.221;2.209;2.22;10.6121;ISP.ITEUR
2021-12-21 14:00:00;2.221;2.223;2.215;2.221;15.0128;ISP.ITEUR
2021-12-21 15:00:00;2.221;2.229;2.217;2.227;12.0658;ISP.ITEUR
2021-12-21 16:00:00;2.226;2.228;2.222;2.225;5.9998;ISP.ITEUR
2021-12-22 08:00:00;2.219;2.227;2.216;2.225;11.4154;ISP.ITEUR
2021-12-22 09:00:00;2.225;2.239;2.22;2.23;16.9042;ISP.ITEUR
2021-12-22 10:00:00;2.231;2.237;2.227;2.234;11.7339;ISP.ITEUR
2021-12-22 11:00:00;2.235;2.235;2.227;2.234;6.0856;ISP.ITEUR
2021-12-22 12:00:00;2.234;2.234;2.219;2.221;10.1145;ISP.ITEUR
2021-12-22 13:00:00;2.22;2.221;2.214;2.216;9.3773;ISP.ITEUR
2021-12-22 14:00:00;2.216;2.228;2.215;2.224;14.3822;ISP.ITEUR
2021-12-22 15:00:00;2.224;2.23;2.224;2.227;11.6942;ISP.ITEUR
2021-12-22 16:00:00;2.227;2.232;2.225;2.231;6.6104;ISP.ITEUR
2021-12-23 08:00:00;2.239;2.244;2.229;2.243;14.4418;ISP.ITEUR
2021-12-23 09:00:00;2.242;2.247;2.239;2.244;12.5305;ISP.ITEUR
2021-12-23 10:00:00;2.245;2.251;2.243;2.25;7.5527;ISP.ITEUR
2021-12-23 11:00:00;2.25;2.254;2.247;2.25;5.986;ISP.ITEUR
2021-12-23 12:00:00;2.249;2.25;2.241;2.241;5.3954;ISP.ITEUR
2021-12-23 13:00:00;2.242;2.243;2.237;2.241;5.455;ISP.ITEUR
2021-12-23 14:00:00;2.24;2.251;2.24;2.25;8.4153;ISP.ITEUR
2021-12-23 15:00:00;2.251;2.251;2.243;2.248;10.2803;ISP.ITEUR
2021-12-23 16:00:00;2.248;2.249;2.245;2.247;3.6766;ISP.ITEUR
2021-12-27 08:00:00;2.253;2.255;2.243;2.254;11.7142;ISP.ITEUR
2021-12-27 09:00:00;2.253;2.261;2.252;2.255;8.3952;ISP.ITEUR
2021-12-27 10:00:00;2.253;2.256;2.251;2.254;10.3402;ISP.ITEUR
2021-12-27 11:00:00;2.253;2.255;2.252;2.254;6.1785;ISP.ITEUR
2021-12-27 12:00:00;2.255;2.258;2.254;2.257;3.7097;ISP.ITEUR
2021-12-27 13:00:00;2.257;2.263;2.255;2.256;4.6918;ISP.ITEUR
2021-12-27 14:00:00;2.257;2.265;2.256;2.259;8.1233;ISP.ITEUR
2021-12-27 15:00:00;2.26;2.267;2.258;2.266;7.0747;ISP.ITEUR
2021-12-27 16:00:00;2.265;2.266;2.26;2.262;4.0417;ISP.ITEUR
2021-12-28 08:00:00;2.278;2.287;2.271;2.287;14.8403;ISP.ITEUR
2021-12-28 09:00:00;2.287;2.29;2.284;2.286;10.8183;ISP.ITEUR
2021-12-28 10:00:00;2.285;2.288;2.28;2.284;8.7673;ISP.ITEUR
2021-12-28 11:00:00;2.283;2.284;2.277;2.28;5.9529;ISP.ITEUR
2021-12-28 12:00:00;2.281;2.283;2.28;2.282;5.1231;ISP.ITEUR
2021-12-28 13:00:00;2.281;2.284;2.28;2.28;4.2003;ISP.ITEUR
2021-12-28 14:00:00;2.281;2.286;2.275;2.282;10.373;ISP.ITEUR
2021-12-28 15:00:00;2.283;2.285;2.28;2.282;6.6496;ISP.ITEUR
2021-12-28 16:00:00;2.282;2.287;2.281;2.285;6.1391;ISP.ITEUR
2021-12-29 08:00:00;2.285;2.288;2.278;2.283;14.203;ISP.ITEUR
2021-12-29 09:00:00;2.282;2.284;2.277;2.277;10.4528;ISP.ITEUR
2021-12-29 10:00:00;2.276;2.278;2.269;2.27;9.0058;ISP.ITEUR
2021-12-29 11:00:00;2.268;2.271;2.263;2.265;5.8996;ISP.ITEUR
2021-12-29 12:00:00;2.265;2.265;2.26;2.264;3.8024;ISP.ITEUR
2021-12-29 13:00:00;2.264;2.271;2.264;2.268;8.4751;ISP.ITEUR
2021-12-29 14:00:00;2.268;2.27;2.263;2.266;8.6872;ISP.ITEUR
2021-12-29 15:00:00;2.266;2.272;2.263;2.272;12.7164;ISP.ITEUR
2021-12-29 16:00:00;2.271;2.276;2.269;2.272;5.867;ISP.ITEUR
2021-12-30 08:00:00;2.273;2.281;2.273;2.276;11.1566;ISP.ITEUR
2021-12-30 09:00:00;2.275;2.281;2.274;2.28;6.8092;ISP.ITEUR
2021-12-30 10:00:00;2.281;2.281;2.274;2.275;6.5768;ISP.ITEUR
2021-12-30 11:00:00;2.275;2.277;2.271;2.276;7.287;ISP.ITEUR
2021-12-30 12:00:00;2.276;2.276;2.272;2.273;5.8667;ISP.ITEUR
2021-12-30 13:00:00;2.273;2.275;2.271;2.275;2.9724;ISP.ITEUR
2021-12-30 14:00:00;2.274;2.277;2.271;2.275;4.7317;ISP.ITEUR
2021-12-30 15:00:00;2.275;2.275;2.27;2.275;5.3819;ISP.ITEUR
2021-12-30 16:00:00;2.274;2.275;2.272;2.273;3.597;ISP.ITEUR
2022-01-03 08:00:00;2.297;2.32;2.297;2.316;23.3687;ISP.ITEUR
2022-01-03 09:00:00;2.316;2.332;2.312;2.32;18.2515;ISP.ITEUR
2022-01-03 10:00:00;2.321;2.338;2.318;2.334;12.8027;ISP.ITEUR
2022-01-03 11:00:00;2.335;2.337;2.328;2.335;10.1809;ISP.ITEUR
2022-01-03 12:00:00;2.333;2.34;2.331;2.337;7.4595;ISP.ITEUR
2022-01-03 13:00:00;2.335;2.341;2.332;2.336;6.756;ISP.ITEUR
2022-01-03 14:00:00;2.337;2.338;2.33;2.331;14.3359;ISP.ITEUR
2022-01-03 15:00:00;2.332;2.343;2.329;2.342;18.3049;ISP.ITEUR
2022-01-03 16:00:00;2.341;2.345;2.334;2.343;8.9999;ISP.ITEUR
2022-01-04 08:00:00;2.343;2.368;2.339;2.364;25.9172;ISP.ITEUR
2022-01-04 09:00:00;2.364;2.369;2.347;2.352;21.6696;ISP.ITEUR
2022-01-04 10:00:00;2.353;2.367;2.352;2.362;14.9333;ISP.ITEUR
2022-01-04 11:00:00;2.362;2.38;2.361;2.375;11.5084;ISP.ITEUR
2022-01-04 12:00:00;2.377;2.387;2.375;2.385;11.0371;ISP.ITEUR
2022-01-04 13:00:00;2.383;2.389;2.381;2.387;9.7762;ISP.ITEUR
2022-01-04 14:00:00;2.389;2.402;2.387;2.39;18.0323;ISP.ITEUR
2022-01-04 15:00:00;2.391;2.398;2.387;2.39;16.5524;ISP.ITEUR
2022-01-04 16:00:00;2.391;2.393;2.384;2.385;10.6193;ISP.ITEUR
2022-01-05 08:00:00;2.391;2.412;2.39;2.412;17.1297;ISP.ITEUR
2022-01-05 09:00:00;2.411;2.42;2.406;2.41;15.8622;ISP.ITEUR
2022-01-05 10:00:00;2.41;2.417;2.407;2.416;9.0524;ISP.ITEUR
2022-01-05 11:00:00;2.415;2.418;2.407;2.411;7.639;ISP.ITEUR
2022-01-05 12:00:00;2.409;2.42;2.408;2.42;7.0679;ISP.ITEUR
2022-01-05 13:00:00;2.418;2.423;2.414;2.415;12.0062;ISP.ITEUR
2022-01-05 14:00:00;2.415;2.419;2.408;2.419;15.7295;ISP.ITEUR
2022-01-05 15:00:00;2.42;2.423;2.415;2.42;12.8622;ISP.ITEUR
2022-01-05 16:00:00;2.419;2.42;2.411;2.417;5.2299;ISP.ITEUR
2022-01-06 08:00:00;2.403;2.403;2.391;2.402;26.2088;ISP.ITEUR
2022-01-06 09:00:00;2.402;2.416;2.398;2.416;16.4062;ISP.ITEUR
2022-01-06 10:00:00;2.416;2.436;2.414;2.433;15.3445;ISP.ITEUR
2022-01-06 11:00:00;2.436;2.437;2.427;2.433;12.1985;ISP.ITEUR
2022-01-06 12:00:00;2.432;2.444;2.432;2.439;14.6543;ISP.ITEUR
2022-01-06 13:00:00;2.439;2.441;2.432;2.437;9.9753;ISP.ITEUR
2022-01-06 14:00:00;2.438;2.442;2.42;2.423;18.3641;ISP.ITEUR
2022-01-06 15:00:00;2.422;2.426;2.41;2.422;26.5677;ISP.ITEUR
2022-01-06 16:00:00;2.423;2.428;2.418;2.424;11.2828;ISP.ITEUR
2022-01-07 08:00:00;2.444;2.458;2.441;2.454;23.6142;ISP.ITEUR
2022-01-07 09:00:00;2.452;2.458;2.439;2.439;20.581;ISP.ITEUR
2022-01-07 10:00:00;2.438;2.445;2.431;2.441;16.4595;ISP.ITEUR
2022-01-07 11:00:00;2.44;2.445;2.437;2.437;10.4462;ISP.ITEUR
2022-01-07 12:00:00;2.438;2.441;2.428;2.435;13.9045;ISP.ITEUR
2022-01-07 13:00:00;2.437;2.441;2.43;2.439;16.9903;ISP.ITEUR
2022-01-07 14:00:00;2.439;2.447;2.432;2.441;20.0166;ISP.ITEUR
2022-01-07 15:00:00;2.439;2.446;2.434;2.444;21.4575;ISP.ITEUR
2022-01-07 16:00:00;2.444;2.451;2.442;2.449;8.9931;ISP.ITEUR
2022-01-10 08:00:00;2.474;2.476;2.459;2.468;27.7488;ISP.ITEUR
2022-01-10 09:00:00;2.467;2.474;2.457;2.461;19.1805;ISP.ITEUR
2022-01-10 10:00:00;2.459;2.472;2.458;2.463;13.9046;ISP.ITEUR
2022-01-10 11:00:00;2.465;2.478;2.463;2.477;12.9688;ISP.ITEUR
2022-01-10 12:00:00;2.477;2.48;2.467;2.47;9.245;ISP.ITEUR
2022-01-10 13:00:00;2.469;2.477;2.463;2.474;11.8999;ISP.ITEUR
2022-01-10 14:00:00;2.475;2.478;2.464;2.467;14.8268;ISP.ITEUR
2022-01-10 15:00:00;2.465;2.468;2.457;2.463;20.0568;ISP.ITEUR
2022-01-10 16:00:00;2.462;2.474;2.46;2.471;8.3293;ISP.ITEUR
2022-01-11 08:00:00;2.464;2.477;2.452;2.477;22.9236;ISP.ITEUR
2022-01-11 09:00:00;2.478;2.483;2.469;2.471;18.8355;ISP.ITEUR
2022-01-11 10:00:00;2.472;2.475;2.467;2.472;13.924;ISP.ITEUR
2022-01-11 11:00:00;2.473;2.478;2.471;2.475;6.6234;ISP.ITEUR
2022-01-11 12:00:00;2.473;2.478;2.47;2.47;5.6942;ISP.ITEUR
2022-01-11 13:00:00;2.471;2.473;2.465;2.47;9.1985;ISP.ITEUR
2022-01-11 14:00:00;2.469;2.476;2.463;2.469;16.174;ISP.ITEUR
2022-01-11 15:00:00;2.467;2.475;2.466;2.472;16.0281;ISP.ITEUR
2022-01-11 16:00:00;2.474;2.478;2.472;2.476;5.9666;ISP.ITEUR
2022-01-12 08:00:00;2.498;2.508;2.486;2.492;18.9153;ISP.ITEUR
2022-01-12 09:00:00;2.493;2.51;2.491;2.504;18.6229;ISP.ITEUR
2022-01-12 10:00:00;2.504;2.505;2.496;2.503;15.1588;ISP.ITEUR
2022-01-12 11:00:00;2.504;2.508;2.501;2.504;9.3049;ISP.ITEUR
2022-01-12 12:00:00;2.503;2.513;2.503;2.511;7.4664;ISP.ITEUR
2022-01-12 13:00:00;2.513;2.518;2.506;2.515;12.9748;ISP.ITEUR
2022-01-12 14:00:00;2.513;2.524;2.51;2.523;17.1033;ISP.ITEUR
2022-01-12 15:00:00;2.523;2.542;2.519;2.534;24.2978;ISP.ITEUR
2022-01-12 16:00:00;2.533;2.537;2.529;2.535;10.5795;ISP.ITEUR
2022-01-13 08:00:00;2.528;2.536;2.521;2.524;19.8709;ISP.ITEUR
2022-01-13 09:00:00;2.523;2.529;2.518;2.526;17.2557;ISP.ITEUR
2022-01-13 10:00:00;2.527;2.532;2.518;2.524;15.4372;ISP.ITEUR
2022-01-13 11:00:00;2.524;2.534;2.524;2.531;10.2936;ISP.ITEUR
2022-01-13 12:00:00;2.532;2.535;2.528;2.533;7.1207;ISP.ITEUR
2022-01-13 13:00:00;2.534;2.551;2.532;2.548;9.5371;ISP.ITEUR
2022-01-13 14:00:00;2.549;2.551;2.536;2.548;17.6407;ISP.ITEUR
2022-01-13 15:00:00;2.548;2.553;2.537;2.546;19.5983;ISP.ITEUR
2022-01-13 16:00:00;2.544;2.556;2.544;2.555;8.8801;ISP.ITEUR
2022-01-14 08:00:00;2.542;2.556;2.532;2.534;18.7884;ISP.ITEUR
2022-01-14 09:00:00;2.535;2.535;2.518;2.529;15.7093;ISP.ITEUR
2022-01-14 10:00:00;2.529;2.534;2.522;2.528;15.796;ISP.ITEUR
2022-01-14 11:00:00;2.53;2.542;2.528;2.537;10.9241;ISP.ITEUR
2022-01-14 12:00:00;2.536;2.539;2.53;2.53;13.0546;ISP.ITEUR
2022-01-14 13:00:00;2.532;2.535;2.525;2.527;18.0059;ISP.ITEUR
2022-01-14 14:00:00;2.528;2.557;2.526;2.556;28.3327;ISP.ITEUR
2022-01-14 15:00:00;2.557;2.571;2.553;2.563;21.6163;ISP.ITEUR
2022-01-14 16:00:00;2.562;2.567;2.558;2.565;7.2541;ISP.ITEUR
2022-01-17 08:00:00;2.587;2.587;2.563;2.57;19.5058;ISP.ITEUR
2022-01-17 09:00:00;2.569;2.576;2.564;2.572;16.6851;ISP.ITEUR
2022-01-17 10:00:00;2.573;2.574;2.562;2.567;16.6457;ISP.ITEUR
2022-01-17 11:00:00;2.566;2.581;2.564;2.58;9.6698;ISP.ITEUR
2022-01-17 12:00:00;2.579;2.58;2.568;2.574;11.0967;ISP.ITEUR
2022-01-17 13:00:00;2.575;2.575;2.567;2.568;8.6675;ISP.ITEUR
2022-01-17 14:00:00;2.566;2.576;2.565;2.576;13.0349;ISP.ITEUR
2022-01-17 15:00:00;2.576;2.576;2.567;2.571;10.9179;ISP.ITEUR
2022-01-17 16:00:00;2.574;2.578;2.57;2.576;5.5815;ISP.ITEUR
2022-01-18 08:00:00;2.558;2.56;2.535;2.544;24.9279;ISP.ITEUR
2022-01-18 09:00:00;2.545;2.555;2.53;2.554;20.1693;ISP.ITEUR
2022-01-18 10:00:00;2.553;2.576;2.551;2.572;21.0786;ISP.ITEUR
2022-01-18 11:00:00;2.571;2.573;2.559;2.569;16.2999;ISP.ITEUR
2022-01-18 12:00:00;2.567;2.581;2.567;2.577;13.4662;ISP.ITEUR
2022-01-18 13:00:00;2.579;2.582;2.574;2.58;12.6097;ISP.ITEUR
2022-01-18 14:00:00;2.579;2.58;2.563;2.569;18.1715;ISP.ITEUR
2022-01-18 15:00:00;2.568;2.577;2.567;2.573;26.1624;ISP.ITEUR
2022-01-18 16:00:00;2.574;2.583;2.571;2.576;10.2141;ISP.ITEUR
2022-01-19 08:00:00;2.558;2.562;2.539;2.546;20.3016;ISP.ITEUR
2022-01-19 09:00:00;2.545;2.557;2.541;2.555;9.8424;ISP.ITEUR
2022-01-19 10:00:00;2.556;2.562;2.551;2.559;15.1849;ISP.ITEUR
2022-01-19 11:00:00;2.559;2.562;2.552;2.557;10.9639;ISP.ITEUR
2022-01-19 12:00:00;2.558;2.558;2.548;2.556;6.2911;ISP.ITEUR
2022-01-19 13:00:00;2.555;2.561;2.552;2.559;10.0414;ISP.ITEUR
2022-01-19 14:00:00;2.558;2.558;2.538;2.543;20.3819;ISP.ITEUR
2022-01-19 15:00:00;2.541;2.543;2.522;2.532;20.6802;ISP.ITEUR
2022-01-19 16:00:00;2.533;2.534;2.524;2.529;8.6345;ISP.ITEUR
2022-01-20 08:00:00;2.537;2.543;2.525;2.526;18.2515;ISP.ITEUR
2022-01-20 09:00:00;2.525;2.531;2.517;2.521;22.8842;ISP.ITEUR
2022-01-20 10:00:00;2.521;2.53;2.52;2.53;15.7629;ISP.ITEUR
2022-01-20 11:00:00;2.529;2.532;2.524;2.527;17.6876;ISP.ITEUR
2022-01-20 12:00:00;2.528;2.533;2.521;2.525;13.2604;ISP.ITEUR
2022-01-20 13:00:00;2.524;2.529;2.518;2.528;11.8003;ISP.ITEUR
2022-01-20 14:00:00;2.528;2.534;2.522;2.534;17.4086;ISP.ITEUR
2022-01-20 15:00:00;2.535;2.548;2.529;2.546;24.0652;ISP.ITEUR
2022-01-20 16:00:00;2.546;2.548;2.542;2.548;5.8537;ISP.ITEUR
2022-01-21 08:00:00;2.541;2.548;2.534;2.546;22.8904;ISP.ITEUR
2022-01-21 09:00:00;2.545;2.576;2.54;2.572;23.5875;ISP.ITEUR
2022-01-21 10:00:00;2.572;2.586;2.562;2.583;19.9501;ISP.ITEUR
2022-01-21 11:00:00;2.583;2.585;2.566;2.574;20.7534;ISP.ITEUR
2022-01-21 12:00:00;2.576;2.578;2.557;2.56;19.9703;ISP.ITEUR
2022-01-21 13:00:00;2.561;2.564;2.551;2.557;17.3686;ISP.ITEUR
2022-01-21 14:00:00;2.556;2.556;2.533;2.543;28.0337;ISP.ITEUR
2022-01-21 15:00:00;2.544;2.546;2.52;2.539;35.3212;ISP.ITEUR
2022-01-21 16:00:00;2.538;2.553;2.533;2.547;12.3114;ISP.ITEUR
2022-01-24 08:00:00;2.539;2.557;2.523;2.524;29.5431;ISP.ITEUR
2022-01-24 09:00:00;2.525;2.527;2.509;2.523;27.0903;ISP.ITEUR
2022-01-24 10:00:00;2.521;2.526;2.5;2.513;34.6872;ISP.ITEUR
2022-01-24 11:00:00;2.512;2.527;2.507;2.519;31.136;ISP.ITEUR
2022-01-24 12:00:00;2.52;2.521;2.5;2.51;30.6181;ISP.ITEUR
2022-01-24 13:00:00;2.509;2.513;2.5;2.502;26.9151;ISP.ITEUR
2022-01-24 14:00:00;2.502;2.506;2.469;2.477;51.7526;ISP.ITEUR
2022-01-24 15:00:00;2.477;2.477;2.443;2.459;49.0054;ISP.ITEUR
2022-01-24 16:00:00;2.46;2.467;2.456;2.464;20.0911;ISP.ITEUR
2022-01-25 08:00:00;2.476;2.49;2.463;2.48;49.3555;ISP.ITEUR
2022-01-25 09:00:00;2.479;2.498;2.468;2.496;42.8097;ISP.ITEUR
2022-01-25 10:00:00;2.497;2.498;2.47;2.47;36.7181;ISP.ITEUR
2022-01-25 11:00:00;2.471;2.481;2.463;2.47;43.6053;ISP.ITEUR
2022-01-25 12:00:00;2.471;2.476;2.462;2.473;35.2843;ISP.ITEUR
2022-01-25 13:00:00;2.473;2.479;2.463;2.476;33.6597;ISP.ITEUR
2022-01-25 14:00:00;2.477;2.48;2.452;2.455;48.0972;ISP.ITEUR
2022-01-25 15:00:00;2.454;2.495;2.444;2.483;59.3887;ISP.ITEUR
2022-01-25 16:00:00;2.483;2.495;2.477;2.487;22.6869;ISP.ITEUR
2022-01-26 08:00:00;2.513;2.546;2.513;2.544;35.6428;ISP.ITEUR
2022-01-26 09:00:00;2.546;2.56;2.544;2.56;35.818;ISP.ITEUR
2022-01-26 10:00:00;2.56;2.563;2.546;2.553;31.5738;ISP.ITEUR
2022-01-26 11:00:00;2.553;2.56;2.544;2.557;24.2714;ISP.ITEUR
2022-01-26 12:00:00;2.558;2.559;2.547;2.553;24.1282;ISP.ITEUR
2022-01-26 13:00:00;2.554;2.563;2.549;2.563;25.1074;ISP.ITEUR
2022-01-26 14:00:00;2.563;2.571;2.556;2.564;40.4124;ISP.ITEUR
2022-01-26 15:00:00;2.564;2.566;2.552;2.562;41.8066;ISP.ITEUR
2022-01-26 16:00:00;2.562;2.569;2.558;2.559;16.4039;ISP.ITEUR
2022-01-27 08:00:00;2.555;2.58;2.551;2.576;39.4258;ISP.ITEUR
2022-01-27 09:00:00;2.576;2.59;2.569;2.587;45.8996;ISP.ITEUR
2022-01-27 10:00:00;2.588;2.602;2.58;2.585;38.0474;ISP.ITEUR
2022-01-27 11:00:00;2.586;2.599;2.583;2.598;32.9592;ISP.ITEUR
2022-01-27 12:00:00;2.598;2.599;2.584;2.595;33.6519;ISP.ITEUR
2022-01-27 13:00:00;2.596;2.608;2.593;2.608;24.7889;ISP.ITEUR
2022-01-27 14:00:00;2.607;2.634;2.604;2.622;41.5274;ISP.ITEUR
2022-01-27 15:00:00;2.622;2.622;2.599;2.62;46.2099;ISP.ITEUR
2022-01-27 16:00:00;2.621;2.623;2.6;2.603;17.7736;ISP.ITEUR
2022-01-28 08:00:00;2.602;2.606;2.579;2.586;38.7326;ISP.ITEUR
2022-01-28 09:00:00;2.585;2.592;2.572;2.575;30.6101;ISP.ITEUR
2022-01-28 10:00:00;2.576;2.577;2.555;2.564;34.7269;ISP.ITEUR
2022-01-28 11:00:00;2.563;2.566;2.551;2.566;30.1643;ISP.ITEUR
2022-01-28 12:00:00;2.566;2.568;2.552;2.558;30.3233;ISP.ITEUR
2022-01-28 13:00:00;2.558;2.586;2.558;2.583;33.6044;ISP.ITEUR
2022-01-28 14:00:00;2.583;2.595;2.578;2.585;35.5155;ISP.ITEUR
2022-01-28 15:00:00;2.583;2.595;2.577;2.591;39.386;ISP.ITEUR
2022-01-28 16:00:00;2.59;2.598;2.584;2.597;14.2062;ISP.ITEUR
2022-01-31 08:00:00;2.653;2.654;2.629;2.642;43.6295;ISP.ITEUR
2022-01-31 09:00:00;2.643;2.644;2.616;2.623;27.417;ISP.ITEUR
2022-01-31 10:00:00;2.624;2.628;2.607;2.612;34.3048;ISP.ITEUR
2022-01-31 11:00:00;2.613;2.615;2.591;2.594;31.1036;ISP.ITEUR
2022-01-31 12:00:00;2.594;2.617;2.592;2.617;27.1782;ISP.ITEUR
2022-01-31 13:00:00;2.618;2.628;2.608;2.617;23.6024;ISP.ITEUR
2022-01-31 14:00:00;2.616;2.617;2.6;2.617;35.8899;ISP.ITEUR
2022-01-31 15:00:00;2.615;2.629;2.613;2.622;32.5056;ISP.ITEUR
2022-01-31 16:00:00;2.622;2.625;2.604;2.608;16.1491;ISP.ITEUR
2022-02-01 08:00:00;2.647;2.661;2.645;2.657;29.8617;ISP.ITEUR
2022-02-01 09:00:00;2.656;2.657;2.629;2.634;39.1223;ISP.ITEUR
2022-02-01 10:00:00;2.634;2.646;2.632;2.643;28.4283;ISP.ITEUR
2022-02-01 11:00:00;2.643;2.654;2.639;2.65;22.2088;ISP.ITEUR
2022-02-01 12:00:00;2.65;2.658;2.645;2.658;14.2377;ISP.ITEUR
2022-02-01 13:00:00;2.658;2.665;2.653;2.658;16.4674;ISP.ITEUR
2022-02-01 14:00:00;2.657;2.668;2.654;2.662;23.9925;ISP.ITEUR
2022-02-01 15:00:00;2.663;2.666;2.654;2.666;34.0897;ISP.ITEUR
2022-02-01 16:00:00;2.667;2.668;2.66;2.662;9.2851;ISP.ITEUR
2022-02-02 08:00:00;2.693;2.704;2.685;2.702;27.369;ISP.ITEUR
2022-02-02 09:00:00;2.703;2.732;2.701;2.731;26.7;ISP.ITEUR
2022-02-02 10:00:00;2.732;2.74;2.722;2.731;32.6085;ISP.ITEUR
2022-02-02 11:00:00;2.733;2.733;2.72;2.73;26.047;ISP.ITEUR
2022-02-02 12:00:00;2.731;2.732;2.726;2.73;16.4028;ISP.ITEUR
2022-02-02 13:00:00;2.73;2.736;2.725;2.726;15.6712;ISP.ITEUR
2022-02-02 14:00:00;2.727;2.729;2.718;2.722;26.6282;ISP.ITEUR
2022-02-02 15:00:00;2.723;2.725;2.709;2.711;23.2283;ISP.ITEUR
2022-02-02 16:00:00;2.711;2.716;2.707;2.708;9.6593;ISP.ITEUR
2022-02-03 08:00:00;2.698;2.704;2.684;2.701;35.778;ISP.ITEUR
2022-02-03 09:00:00;2.702;2.716;2.7;2.706;27.2335;ISP.ITEUR
2022-02-03 10:00:00;2.706;2.706;2.693;2.695;22.5754;ISP.ITEUR
2022-02-03 11:00:00;2.695;2.701;2.686;2.686;19.6606;ISP.ITEUR
2022-02-03 12:00:00;2.687;2.707;2.686;2.69;39.0985;ISP.ITEUR
2022-02-03 13:00:00;2.688;2.692;2.669;2.67;38.8277;ISP.ITEUR
2022-02-03 14:00:00;2.668;2.712;2.665;2.697;69.6306;ISP.ITEUR
2022-02-03 15:00:00;2.698;2.716;2.689;2.716;41.368;ISP.ITEUR
2022-02-03 16:00:00;2.715;2.721;2.705;2.718;16.6428;ISP.ITEUR
2022-02-04 08:00:00;2.752;2.755;2.68;2.7;70.9845;ISP.ITEUR
2022-02-04 09:00:00;2.7;2.705;2.674;2.694;59.23;ISP.ITEUR
2022-02-04 10:00:00;2.695;2.701;2.679;2.684;45.1755;ISP.ITEUR
2022-02-04 11:00:00;2.683;2.685;2.665;2.67;45.3426;ISP.ITEUR
2022-02-04 12:00:00;2.671;2.687;2.67;2.685;32.944;ISP.ITEUR
2022-02-04 13:00:00;2.684;2.686;2.659;2.662;49.6588;ISP.ITEUR
2022-02-04 14:00:00;2.661;2.67;2.644;2.67;45.2309;ISP.ITEUR
2022-02-04 15:00:00;2.668;2.675;2.661;2.666;42.1012;ISP.ITEUR
2022-02-04 16:00:00;2.665;2.667;2.66;2.665;13.0754;ISP.ITEUR
2022-02-07 08:00:00;2.694;2.695;2.664;2.681;39.8633;ISP.ITEUR
2022-02-07 09:00:00;2.681;2.686;2.638;2.648;47.3013;ISP.ITEUR
2022-02-07 10:00:00;2.649;2.651;2.63;2.642;39.1464;ISP.ITEUR
2022-02-07 11:00:00;2.641;2.665;2.636;2.663;29.5509;ISP.ITEUR
2022-02-07 12:00:00;2.664;2.691;2.664;2.681;25.4818;ISP.ITEUR
2022-02-07 13:00:00;2.682;2.691;2.672;2.673;27.1062;ISP.ITEUR
2022-02-07 14:00:00;2.673;2.684;2.668;2.681;29.6151;ISP.ITEUR
2022-02-07 15:00:00;2.682;2.694;2.676;2.693;23.9694;ISP.ITEUR
2022-02-07 16:00:00;2.694;2.719;2.69;2.712;12.9087;ISP.ITEUR
2022-02-08 08:00:00;2.729;2.757;2.723;2.748;49.2679;ISP.ITEUR
2022-02-08 09:00:00;2.749;2.763;2.747;2.752;34.3921;ISP.ITEUR
2022-02-08 10:00:00;2.753;2.758;2.738;2.752;27.4968;ISP.ITEUR
2022-02-08 11:00:00;2.751;2.757;2.745;2.752;22.3525;ISP.ITEUR
2022-02-08 12:00:00;2.75;2.757;2.747;2.751;21.6517;ISP.ITEUR
2022-02-08 13:00:00;2.749;2.753;2.743;2.746;17.6781;ISP.ITEUR
2022-02-08 14:00:00;2.745;2.758;2.745;2.755;27.7197;ISP.ITEUR
2022-02-08 15:00:00;2.754;2.769;2.749;2.766;23.9448;ISP.ITEUR
2022-02-08 16:00:00;2.765;2.769;2.764;2.766;9.4282;ISP.ITEUR
2022-02-09 08:00:00;2.776;2.784;2.757;2.781;50.773;ISP.ITEUR
2022-02-09 09:00:00;2.781;2.798;2.775;2.795;31.813;ISP.ITEUR
2022-02-09 10:00:00;2.793;2.8;2.79;2.797;23.2361;ISP.ITEUR
2022-02-09 11:00:00;2.796;2.806;2.794;2.806;15.8065;ISP.ITEUR
2022-02-09 12:00:00;2.807;2.813;2.805;2.811;13.8237;ISP.ITEUR
2022-02-09 13:00:00;2.812;2.816;2.811;2.816;15.7906;ISP.ITEUR
2022-02-09 14:00:00;2.817;2.831;2.812;2.827;26.1985;ISP.ITEUR
2022-02-09 15:00:00;2.826;2.845;2.813;2.843;25.6413;ISP.ITEUR
2022-02-09 16:00:00;2.843;2.844;2.833;2.835;9.9778;ISP.ITEUR
2022-02-10 08:00:00;2.871;2.892;2.842;2.86;55.6551;ISP.ITEUR
2022-02-10 09:00:00;2.862;2.88;2.86;2.877;43.5181;ISP.ITEUR
2022-02-10 10:00:00;2.878;2.889;2.87;2.884;36.503;ISP.ITEUR
2022-02-10 11:00:00;2.885;2.894;2.873;2.878;32.3543;ISP.ITEUR
2022-02-10 12:00:00;2.876;2.892;2.876;2.891;27.5762;ISP.ITEUR
2022-02-10 13:00:00;2.892;2.907;2.889;2.9;40.1585;ISP.ITEUR
2022-02-10 14:00:00;2.898;2.908;2.88;2.895;51.5614;ISP.ITEUR
2022-02-10 15:00:00;2.898;2.908;2.89;2.901;34.5281;ISP.ITEUR
2022-02-10 16:00:00;2.901;2.913;2.896;2.913;17.7338;ISP.ITEUR
2022-02-11 08:00:00;2.873;2.89;2.855;2.869;49.5554;ISP.ITEUR
2022-02-11 09:00:00;2.868;2.874;2.843;2.852;42.9692;ISP.ITEUR
2022-02-11 10:00:00;2.853;2.855;2.837;2.853;32.2584;ISP.ITEUR
2022-02-11 11:00:00;2.854;2.855;2.824;2.824;29.2086;ISP.ITEUR
2022-02-11 12:00:00;2.826;2.851;2.818;2.85;24.6698;ISP.ITEUR
2022-02-11 13:00:00;2.851;2.86;2.845;2.849;18.3952;ISP.ITEUR
2022-02-11 14:00:00;2.848;2.857;2.837;2.844;34.7435;ISP.ITEUR
2022-02-11 15:00:00;2.846;2.85;2.83;2.841;40.7715;ISP.ITEUR
2022-02-11 16:00:00;2.84;2.846;2.835;2.845;19.661;ISP.ITEUR
2022-02-14 08:00:00;2.731;2.732;2.674;2.674;85.272;ISP.ITEUR
2022-02-14 09:00:00;2.674;2.711;2.673;2.699;63.7366;ISP.ITEUR
2022-02-14 10:00:00;2.698;2.725;2.691;2.715;45.5329;ISP.ITEUR
2022-02-14 11:00:00;2.716;2.721;2.707;2.718;34.9722;ISP.ITEUR
2022-02-14 12:00:00;2.718;2.77;2.709;2.757;55.0477;ISP.ITEUR
2022-02-14 13:00:00;2.757;2.767;2.744;2.746;48.6807;ISP.ITEUR
2022-02-14 14:00:00;2.746;2.756;2.741;2.752;55.6248;ISP.ITEUR
2022-02-14 15:00:00;2.751;2.762;2.745;2.75;69.3817;ISP.ITEUR
2022-02-14 16:00:00;2.751;2.763;2.748;2.758;25.7673;ISP.ITEUR
2022-02-15 08:00:00;2.792;2.819;2.784;2.799;68.2475;ISP.ITEUR
2022-02-15 09:00:00;2.798;2.816;2.791;2.814;54.7152;ISP.ITEUR
2022-02-15 10:00:00;2.813;2.82;2.798;2.819;46.961;ISP.ITEUR
2022-02-15 11:00:00;2.818;2.844;2.816;2.841;25.956;ISP.ITEUR
2022-02-15 12:00:00;2.842;2.844;2.83;2.836;32.5429;ISP.ITEUR
2022-02-15 13:00:00;2.834;2.84;2.825;2.839;27.0064;ISP.ITEUR
2022-02-15 14:00:00;2.838;2.842;2.823;2.838;37.6441;ISP.ITEUR
2022-02-15 15:00:00;2.839;2.852;2.831;2.852;24.7018;ISP.ITEUR
2022-02-15 16:00:00;2.852;2.853;2.832;2.834;11.8915;ISP.ITEUR
2022-02-16 08:00:00;2.858;2.865;2.838;2.839;49.3463;ISP.ITEUR
2022-02-16 09:00:00;2.84;2.84;2.809;2.812;43.6043;ISP.ITEUR
2022-02-16 10:00:00;2.81;2.816;2.799;2.799;29.6232;ISP.ITEUR
2022-02-16 11:00:00;2.8;2.801;2.786;2.797;24.3833;ISP.ITEUR
2022-02-16 12:00:00;2.798;2.8;2.776;2.779;25.5199;ISP.ITEUR
2022-02-16 13:00:00;2.779;2.791;2.769;2.773;34.6801;ISP.ITEUR
2022-02-16 14:00:00;2.772;2.793;2.767;2.773;42.5256;ISP.ITEUR
2022-02-16 15:00:00;2.771;2.785;2.767;2.784;29.7332;ISP.ITEUR
2022-02-16 16:00:00;2.783;2.79;2.781;2.786;8.4722;ISP.ITEUR
2022-02-17 08:00:00;2.763;2.768;2.739;2.76;47.1722;ISP.ITEUR
2022-02-17 09:00:00;2.76;2.779;2.759;2.768;36.3927;ISP.ITEUR
2022-02-17 10:00:00;2.766;2.775;2.76;2.764;26.551;ISP.ITEUR
2022-02-17 11:00:00;2.764;2.771;2.759;2.762;21.7464;ISP.ITEUR
2022-02-17 12:00:00;2.764;2.772;2.759;2.772;20.0448;ISP.ITEUR
2022-02-17 13:00:00;2.772;2.775;2.739;2.742;40.9465;ISP.ITEUR
2022-02-17 14:00:00;2.743;2.759;2.716;2.719;55.5809;ISP.ITEUR
2022-02-17 15:00:00;2.72;2.732;2.717;2.723;46.4483;ISP.ITEUR
2022-02-17 16:00:00;2.723;2.73;2.72;2.727;15.0196;ISP.ITEUR
2022-02-18 08:00:00;2.742;2.758;2.74;2.752;33.9847;ISP.ITEUR
2022-02-18 09:00:00;2.75;2.757;2.738;2.748;34.5102;ISP.ITEUR
2022-02-18 10:00:00;2.748;2.759;2.741;2.746;32.1834;ISP.ITEUR
2022-02-18 11:00:00;2.745;2.765;2.738;2.758;24.7183;ISP.ITEUR
2022-02-18 12:00:00;2.759;2.775;2.754;2.773;17.2029;ISP.ITEUR
2022-02-18 13:00:00;2.771;2.773;2.724;2.746;51.1549;ISP.ITEUR
2022-02-18 14:00:00;2.746;2.746;2.724;2.737;47.853;ISP.ITEUR
2022-02-18 15:00:00;2.737;2.745;2.725;2.727;44.7878;ISP.ITEUR
2022-02-18 16:00:00;2.728;2.728;2.711;2.722;24.2815;ISP.ITEUR
2022-02-21 08:00:00;2.726;2.727;2.722;2.722;0.1911;ISP.ITEUR
2022-02-21 09:00:00;2.716;2.718;2.708;2.713;6.1049;ISP.ITEUR
2022-02-21 10:00:00;2.713;2.715;2.693;2.695;30.1023;ISP.ITEUR
2022-02-21 11:00:00;2.696;2.703;2.683;2.694;30.4522;ISP.ITEUR
2022-02-21 12:00:00;2.693;2.693;2.666;2.678;35.7886;ISP.ITEUR
2022-02-21 13:00:00;2.677;2.678;2.644;2.661;50.0406;ISP.ITEUR
2022-02-21 14:00:00;2.662;2.683;2.658;2.666;54.5384;ISP.ITEUR
2022-02-21 15:00:00;2.665;2.689;2.664;2.678;40.5777;ISP.ITEUR
2022-02-21 16:00:00;2.678;2.678;2.663;2.666;18.0162;ISP.ITEUR
2022-02-22 08:00:00;2.598;2.652;2.595;2.647;72.0235;ISP.ITEUR
2022-02-22 09:00:00;2.649;2.671;2.631;2.635;60.6748;ISP.ITEUR
2022-02-22 10:00:00;2.636;2.672;2.632;2.66;53.1758;ISP.ITEUR
2022-02-22 11:00:00;2.661;2.679;2.658;2.668;49.4876;ISP.ITEUR
2022-02-22 12:00:00;2.67;2.677;2.657;2.662;31.3515;ISP.ITEUR
2022-02-22 13:00:00;2.663;2.668;2.655;2.668;32.6742;ISP.ITEUR
2022-02-22 14:00:00;2.667;2.689;2.653;2.689;38.2115;ISP.ITEUR
2022-02-22 15:00:00;2.69;2.702;2.671;2.672;58.8408;ISP.ITEUR
2022-02-22 16:00:00;2.673;2.678;2.657;2.658;30.9661;ISP.ITEUR
2022-02-23 08:00:00;2.678;2.699;2.676;2.698;47.4941;ISP.ITEUR
2022-02-23 09:00:00;2.698;2.703;2.666;2.67;33.2113;ISP.ITEUR
2022-02-23 10:00:00;2.669;2.681;2.66;2.673;41.046;ISP.ITEUR
2022-02-23 11:00:00;2.671;2.68;2.653;2.654;38.1254;ISP.ITEUR
2022-02-23 12:00:00;2.655;2.67;2.653;2.663;24.1244;ISP.ITEUR
2022-02-23 13:00:00;2.664;2.673;2.651;2.664;27.7757;ISP.ITEUR
2022-02-23 14:00:00;2.665;2.666;2.64;2.641;36.7408;ISP.ITEUR
2022-02-23 15:00:00;2.641;2.643;2.607;2.614;59.1403;ISP.ITEUR
2022-02-23 16:00:00;2.613;2.621;2.604;2.616;23.3824;ISP.ITEUR
2022-02-24 08:00:00;2.489;2.525;2.46;2.487;95.6648;ISP.ITEUR
2022-02-24 09:00:00;2.486;2.494;2.435;2.435;88.4886;ISP.ITEUR
2022-02-24 10:00:00;2.437;2.448;2.359;2.411;48.9346;ISP.ITEUR
2022-02-24 11:00:00;2.411;2.415;2.362;2.411;85.4004;ISP.ITEUR
2022-02-24 12:00:00;2.41;2.41;2.386;2.409;61.1699;ISP.ITEUR
2022-02-24 13:00:00;2.41;2.416;2.384;2.391;66.8289;ISP.ITEUR
2022-02-24 14:00:00;2.392;2.4;2.339;2.398;57.456;ISP.ITEUR
2022-02-24 15:00:00;2.398;2.42;2.384;2.402;84.1074;ISP.ITEUR
2022-02-24 16:00:00;2.401;2.427;2.398;2.416;29.0136;ISP.ITEUR
2022-02-25 08:00:00;2.404;2.404;2.338;2.358;89.304;ISP.ITEUR
2022-02-25 09:00:00;2.359;2.376;2.337;2.374;73.529;ISP.ITEUR
2022-02-25 10:00:00;2.373;2.393;2.362;2.386;62.2499;ISP.ITEUR
2022-02-25 11:00:00;2.386;2.427;2.377;2.421;59.7615;ISP.ITEUR
2022-02-25 12:00:00;2.422;2.48;2.418;2.462;68.2768;ISP.ITEUR
2022-02-25 13:00:00;2.461;2.494;2.45;2.492;63.3744;ISP.ITEUR
2022-02-25 14:00:00;2.491;2.496;2.455;2.457;64.7574;ISP.ITEUR
2022-02-25 15:00:00;2.456;2.485;2.454;2.473;55.665;ISP.ITEUR
2022-02-25 16:00:00;2.472;2.477;2.463;2.47;22.3728;ISP.ITEUR
2022-02-28 08:00:00;2.353;2.362;2.309;2.312;78.9441;ISP.ITEUR
2022-02-28 09:00:00;2.314;2.341;2.309;2.324;67.8785;ISP.ITEUR
2022-02-28 10:00:00;2.324;2.334;2.308;2.333;54.5371;ISP.ITEUR
2022-02-28 11:00:00;2.332;2.336;2.3;2.303;50.4666;ISP.ITEUR
2022-02-28 12:00:00;2.304;2.323;2.302;2.308;51.1929;ISP.ITEUR
2022-02-28 13:00:00;2.307;2.316;2.282;2.282;44.3484;ISP.ITEUR
2022-02-28 14:00:00;2.284;2.293;2.27;2.279;64.0736;ISP.ITEUR
2022-02-28 15:00:00;2.278;2.304;2.253;2.291;72.2758;ISP.ITEUR
2022-02-28 16:00:00;2.29;2.314;2.288;2.306;27.0021;ISP.ITEUR
2022-03-01 08:00:00;2.295;2.335;2.276;2.279;77.4703;ISP.ITEUR
2022-03-01 09:00:00;2.28;2.286;2.216;2.225;64.7446;ISP.ITEUR
2022-03-01 10:00:00;2.224;2.225;2.186;2.207;58.6845;ISP.ITEUR
2022-03-01 11:00:00;2.206;2.212;2.158;2.158;44.3789;ISP.ITEUR
2022-03-01 12:00:00;2.16;2.177;2.152;2.171;45.3355;ISP.ITEUR
2022-03-01 13:00:00;2.17;2.187;2.159;2.18;47.935;ISP.ITEUR
2022-03-01 14:00:00;2.178;2.189;2.155;2.161;51.2503;ISP.ITEUR
2022-03-01 15:00:00;2.161;2.166;2.124;2.13;59.5923;ISP.ITEUR
2022-03-01 16:00:00;2.129;2.134;2.122;2.122;23.4989;ISP.ITEUR
2022-03-02 08:00:00;2.054;2.109;2.019;2.058;97.3025;ISP.ITEUR
2022-03-02 09:00:00;2.058;2.135;2.036;2.109;88.5319;ISP.ITEUR
2022-03-02 10:00:00;2.108;2.132;2.097;2.114;59.5088;ISP.ITEUR
2022-03-02 11:00:00;2.115;2.118;2.082;2.11;50.0945;ISP.ITEUR
2022-03-02 12:00:00;2.11;2.119;2.088;2.106;47.1309;ISP.ITEUR
2022-03-02 13:00:00;2.105;2.11;2.083;2.108;48.3727;ISP.ITEUR
2022-03-02 14:00:00;2.11;2.137;2.108;2.124;52.9019;ISP.ITEUR
2022-03-02 15:00:00;2.123;2.137;2.111;2.131;68.5945;ISP.ITEUR
2022-03-02 16:00:00;2.13;2.158;2.127;2.144;31.073;ISP.ITEUR
2022-03-03 08:00:00;2.147;2.172;2.124;2.163;73.8047;ISP.ITEUR
2022-03-03 09:00:00;2.164;2.166;2.129;2.137;60.2182;ISP.ITEUR
2022-03-03 10:00:00;2.136;2.147;2.104;2.111;44.1302;ISP.ITEUR
2022-03-03 11:00:00;2.11;2.12;2.094;2.118;40.1021;ISP.ITEUR
2022-03-03 12:00:00;2.116;2.128;2.108;2.124;32.7817;ISP.ITEUR
2022-03-03 13:00:00;2.124;2.136;2.115;2.131;38.745;ISP.ITEUR
2022-03-03 14:00:00;2.132;2.151;2.122;2.133;63.2251;ISP.ITEUR
2022-03-03 15:00:00;2.132;2.133;2.091;2.094;57.3456;ISP.ITEUR
2022-03-03 16:00:00;2.093;2.102;2.074;2.091;25.1325;ISP.ITEUR
2022-03-04 08:00:00;2.036;2.045;1.996;2.026;72.7584;ISP.ITEUR
2022-03-04 09:00:00;2.025;2.028;1.971;1.978;71.5125;ISP.ITEUR
2022-03-04 10:00:00;1.977;1.99;1.959;1.959;70.6352;ISP.ITEUR
2022-03-04 11:00:00;1.961;1.972;1.937;1.969;50.8331;ISP.ITEUR
2022-03-04 12:00:00;1.967;1.969;1.94;1.955;51.8182;ISP.ITEUR
2022-03-04 13:00:00;1.956;1.968;1.935;1.955;58.5192;ISP.ITEUR
2022-03-04 14:00:00;1.954;1.96;1.917;1.934;58.1764;ISP.ITEUR
2022-03-04 15:00:00;1.934;1.937;1.915;1.92;68.8148;ISP.ITEUR
2022-03-04 16:00:00;1.919;1.92;1.899;1.901;24.5521;ISP.ITEUR
2022-03-07 08:00:00;1.784;1.784;1.681;1.74;38.1827;ISP.ITEUR
2022-03-07 09:00:00;1.75;1.803;1.747;1.798;85.2455;ISP.ITEUR
2022-03-07 10:00:00;1.799;1.852;1.795;1.826;97.2488;ISP.ITEUR
2022-03-07 11:00:00;1.826;1.863;1.822;1.855;78.9742;ISP.ITEUR
2022-03-07 12:00:00;1.856;1.904;1.85;1.861;76.6241;ISP.ITEUR
2022-03-07 13:00:00;1.862;1.904;1.855;1.877;74.2886;ISP.ITEUR
2022-03-07 14:00:00;1.877;1.907;1.859;1.865;80.5379;ISP.ITEUR
2022-03-07 15:00:00;1.864;1.878;1.828;1.832;72.2697;ISP.ITEUR
2022-03-07 16:00:00;1.831;1.857;1.828;1.839;39.2246;ISP.ITEUR
2022-03-08 08:00:00;1.839;1.942;1.837;1.914;91.3863;ISP.ITEUR
2022-03-08 09:00:00;1.915;1.936;1.901;1.921;70.9153;ISP.ITEUR
2022-03-08 10:00:00;1.922;1.926;1.884;1.917;69.5308;ISP.ITEUR
2022-03-08 11:00:00;1.917;1.952;1.913;1.952;54.0914;ISP.ITEUR
2022-03-08 12:00:00;1.953;1.964;1.916;1.923;60.0405;ISP.ITEUR
2022-03-08 13:00:00;1.923;1.944;1.895;1.94;64.4694;ISP.ITEUR
2022-03-08 14:00:00;1.939;1.944;1.897;1.904;77.0768;ISP.ITEUR
2022-03-08 15:00:00;1.903;1.904;1.849;1.887;74.2055;ISP.ITEUR
2022-03-08 16:00:00;1.888;1.889;1.864;1.877;47.8407;ISP.ITEUR
2022-03-09 08:00:00;1.969;1.996;1.939;1.961;84.511;ISP.ITEUR
2022-03-09 09:00:00;1.96;2.01;1.958;2.004;80.1859;ISP.ITEUR
2022-03-09 10:00:00;2.006;2.015;1.995;1.998;62.8172;ISP.ITEUR
2022-03-09 11:00:00;1.998;2.008;1.985;2.0;57.2171;ISP.ITEUR
2022-03-09 12:00:00;2.0;2.023;1.988;2.022;45.9608;ISP.ITEUR
2022-03-09 13:00:00;2.021;2.031;2.011;2.012;52.6851;ISP.ITEUR
2022-03-09 14:00:00;2.01;2.056;2.002;2.034;85.3054;ISP.ITEUR
2022-03-09 15:00:00;2.035;2.067;2.035;2.065;66.9555;ISP.ITEUR
2022-03-09 16:00:00;2.065;2.068;2.046;2.056;31.2838;ISP.ITEUR
2022-03-10 08:00:00;2.068;2.069;1.979;1.979;81.5027;ISP.ITEUR
2022-03-10 09:00:00;1.98;2.018;1.961;1.969;83.8321;ISP.ITEUR
2022-03-10 10:00:00;1.969;1.977;1.926;1.926;55.6775;ISP.ITEUR
2022-03-10 11:00:00;1.927;1.94;1.911;1.934;57.0503;ISP.ITEUR
2022-03-10 12:00:00;1.934;1.959;1.916;1.918;58.4867;ISP.ITEUR
2022-03-10 13:00:00;1.919;1.965;1.917;1.957;71.9043;ISP.ITEUR
2022-03-10 14:00:00;1.956;1.966;1.92;1.963;70.6018;ISP.ITEUR
2022-03-10 15:00:00;1.964;1.964;1.914;1.92;66.3791;ISP.ITEUR
2022-03-10 16:00:00;1.92;1.92;1.907;1.915;27.5586;ISP.ITEUR
2022-03-11 08:00:00;1.937;1.937;1.849;1.881;80.5614;ISP.ITEUR
2022-03-11 09:00:00;1.881;1.909;1.875;1.891;62.0578;ISP.ITEUR
2022-03-11 10:00:00;1.891;1.919;1.881;1.884;53.2437;ISP.ITEUR
2022-03-11 11:00:00;1.884;2.011;1.884;1.972;77.482;ISP.ITEUR
2022-03-11 12:00:00;1.972;1.997;1.929;1.933;75.8097;ISP.ITEUR
2022-03-11 13:00:00;1.934;1.978;1.934;1.966;61.0566;ISP.ITEUR
2022-03-11 14:00:00;1.967;1.971;1.922;1.933;61.0552;ISP.ITEUR
2022-03-11 15:00:00;1.933;1.938;1.921;1.932;64.953;ISP.ITEUR
2022-03-11 16:00:00;1.932;1.933;1.918;1.92;24.1917;ISP.ITEUR
2022-03-14 08:00:00;1.944;1.974;1.937;1.973;67.7003;ISP.ITEUR
2022-03-14 09:00:00;1.974;2.005;1.97;1.996;71.5024;ISP.ITEUR
2022-03-14 10:00:00;1.997;2.016;1.985;2.003;59.4307;ISP.ITEUR
2022-03-14 11:00:00;2.002;2.017;1.978;1.981;46.8985;ISP.ITEUR
2022-03-14 12:00:00;1.981;1.99;1.971;1.979;50.2305;ISP.ITEUR
2022-03-14 13:00:00;1.979;1.99;1.964;1.983;54.1075;ISP.ITEUR
2022-03-14 14:00:00;1.983;2.01;1.979;2.007;41.4372;ISP.ITEUR
2022-03-14 15:00:00;2.008;2.014;1.977;1.986;47.0487;ISP.ITEUR
2022-03-14 16:00:00;1.986;1.993;1.981;1.99;19.1847;ISP.ITEUR
2022-03-15 08:00:00;1.952;1.987;1.944;1.948;50.6228;ISP.ITEUR
2022-03-15 09:00:00;1.948;1.965;1.932;1.944;49.9778;ISP.ITEUR
2022-03-15 10:00:00;1.944;1.978;1.939;1.965;43.9814;ISP.ITEUR
2022-03-15 11:00:00;1.966;1.984;1.965;1.97;35.3639;ISP.ITEUR
2022-03-15 12:00:00;1.969;2.0;1.969;1.999;36.7477;ISP.ITEUR
2022-03-15 13:00:00;1.999;2.013;1.991;1.998;45.368;ISP.ITEUR
2022-03-15 14:00:00;1.999;2.02;1.984;2.012;43.0669;ISP.ITEUR
2022-03-15 15:00:00;2.014;2.036;1.985;2.003;57.9367;ISP.ITEUR
2022-03-15 16:00:00;2.003;2.01;1.994;2.009;27.8968;ISP.ITEUR
2022-03-16 08:00:00;2.068;2.102;2.068;2.09;64.6771;ISP.ITEUR
2022-03-16 09:00:00;2.09;2.103;2.075;2.087;47.1248;ISP.ITEUR
2022-03-16 10:00:00;2.086;2.14;2.084;2.138;59.1055;ISP.ITEUR
2022-03-16 11:00:00;2.14;2.144;2.119;2.139;46.3192;ISP.ITEUR
2022-03-16 12:00:00;2.139;2.14;2.121;2.124;35.4271;ISP.ITEUR
2022-03-16 13:00:00;2.124;2.13;2.105;2.121;44.668;ISP.ITEUR
2022-03-16 14:00:00;2.121;2.164;2.11;2.156;81.8184;ISP.ITEUR
2022-03-16 15:00:00;2.154;2.161;2.113;2.139;62.0874;ISP.ITEUR
2022-03-16 16:00:00;2.14;2.147;2.136;2.146;19.3877;ISP.ITEUR
2022-03-17 08:00:00;2.138;2.139;2.105;2.107;60.9204;ISP.ITEUR
2022-03-17 09:00:00;2.108;2.115;2.061;2.076;61.1618;ISP.ITEUR
2022-03-17 10:00:00;2.075;2.077;1.994;2.076;54.9397;ISP.ITEUR
2022-03-17 11:00:00;2.077;2.082;2.059;2.059;40.5781;ISP.ITEUR
2022-03-17 12:00:00;2.059;2.066;2.042;2.047;43.5021;ISP.ITEUR
2022-03-17 13:00:00;2.046;2.05;2.017;2.044;58.427;ISP.ITEUR
2022-03-17 14:00:00;2.045;2.058;2.03;2.041;50.7834;ISP.ITEUR
2022-03-17 15:00:00;2.04;2.058;2.035;2.048;47.4872;ISP.ITEUR
2022-03-17 16:00:00;2.049;2.069;2.047;2.068;23.1025;ISP.ITEUR
2022-03-18 08:00:00;2.082;2.093;2.061;2.066;57.1425;ISP.ITEUR
2022-03-18 09:00:00;2.066;2.073;2.056;2.066;48.9089;ISP.ITEUR
2022-03-18 10:00:00;2.067;2.072;2.047;2.053;56.6111;ISP.ITEUR
2022-03-18 11:00:00;2.052;2.057;2.031;2.031;49.6228;ISP.ITEUR
2022-03-18 12:00:00;2.031;2.051;2.03;2.04;46.2239;ISP.ITEUR
2022-03-18 13:00:00;2.039;2.042;2.025;2.037;34.9052;ISP.ITEUR
2022-03-18 14:00:00;2.036;2.066;2.034;2.062;35.1283;ISP.ITEUR
2022-03-18 15:00:00;2.064;2.071;2.049;2.061;43.1442;ISP.ITEUR
2022-03-18 16:00:00;2.06;2.066;2.058;2.066;10.3439;ISP.ITEUR
2022-03-21 08:00:00;2.066;2.118;2.066;2.107;14.8673;ISP.ITEUR
2022-03-21 09:00:00;2.108;2.109;2.084;2.09;12.2679;ISP.ITEUR
2022-03-21 10:00:00;2.09;2.093;2.07;2.081;27.4068;ISP.ITEUR
2022-03-21 11:00:00;2.081;2.092;2.075;2.078;24.9232;ISP.ITEUR
2022-03-21 12:00:00;2.078;2.081;2.066;2.079;18.8658;ISP.ITEUR
2022-03-21 13:00:00;2.08;2.089;2.068;2.074;25.4303;ISP.ITEUR
2022-03-21 14:00:00;2.073;2.078;2.064;2.077;29.2813;ISP.ITEUR
2022-03-21 15:00:00;2.077;2.08;2.066;2.068;31.2837;ISP.ITEUR
2022-03-21 16:00:00;2.069;2.071;2.064;2.07;16.3401;ISP.ITEUR
2022-03-22 08:00:00;2.077;2.106;2.076;2.093;43.354;ISP.ITEUR
2022-03-22 09:00:00;2.093;2.115;2.093;2.115;31.4559;ISP.ITEUR
2022-03-22 10:00:00;2.115;2.115;2.104;2.113;23.8413;ISP.ITEUR
2022-03-22 11:00:00;2.114;2.117;2.107;2.11;16.0289;ISP.ITEUR
2022-03-22 12:00:00;2.111;2.115;2.104;2.107;18.6471;ISP.ITEUR
2022-03-22 13:00:00;2.107;2.116;2.106;2.11;24.6365;ISP.ITEUR
2022-03-22 14:00:00;2.111;2.115;2.103;2.109;27.7028;ISP.ITEUR
2022-03-22 15:00:00;2.108;2.108;2.096;2.107;26.0357;ISP.ITEUR
2022-03-22 16:00:00;2.107;2.107;2.096;2.1;12.7222;ISP.ITEUR
2022-03-23 08:00:00;2.098;2.109;2.085;2.091;46.6131;ISP.ITEUR
2022-03-23 09:00:00;2.091;2.094;2.064;2.073;38.3643;ISP.ITEUR
2022-03-23 10:00:00;2.074;2.081;2.068;2.081;26.3422;ISP.ITEUR
2022-03-23 11:00:00;2.082;2.084;2.063;2.069;24.1455;ISP.ITEUR
2022-03-23 12:00:00;2.068;2.069;2.054;2.059;24.9592;ISP.ITEUR
2022-03-23 13:00:00;2.059;2.059;2.043;2.049;37.8597;ISP.ITEUR
2022-03-23 14:00:00;2.048;2.065;2.047;2.047;40.4658;ISP.ITEUR
2022-03-23 15:00:00;2.047;2.054;2.035;2.048;36.0268;ISP.ITEUR
2022-03-23 16:00:00;2.047;2.052;2.043;2.046;16.756;ISP.ITEUR
2022-03-24 08:00:00;2.049;2.051;2.033;2.039;38.1723;ISP.ITEUR
2022-03-24 09:00:00;2.038;2.047;2.027;2.032;27.5998;ISP.ITEUR
2022-03-24 10:00:00;2.031;2.037;2.021;2.035;27.0412;ISP.ITEUR
2022-03-24 11:00:00;2.035;2.047;2.023;2.033;31.6965;ISP.ITEUR
2022-03-24 12:00:00;2.033;2.034;2.026;2.029;21.8483;ISP.ITEUR
2022-03-24 13:00:00;2.028;2.039;2.025;2.03;29.2162;ISP.ITEUR
2022-03-24 14:00:00;2.031;2.036;2.022;2.032;34.1093;ISP.ITEUR
2022-03-24 15:00:00;2.033;2.051;2.031;2.033;30.0284;ISP.ITEUR
2022-03-24 16:00:00;2.032;2.033;2.026;2.03;8.68;ISP.ITEUR
2022-03-25 08:00:00;2.013;2.027;2.007;2.021;34.4774;ISP.ITEUR
2022-03-25 09:00:00;2.02;2.025;1.999;2.012;26.7912;ISP.ITEUR
2022-03-25 10:00:00;2.013;2.03;2.005;2.026;24.6274;ISP.ITEUR
2022-03-25 11:00:00;2.026;2.031;2.02;2.027;23.4209;ISP.ITEUR
2022-03-25 12:00:00;2.026;2.029;2.017;2.018;13.1299;ISP.ITEUR
2022-03-25 13:00:00;2.018;2.031;2.016;2.026;29.5291;ISP.ITEUR
2022-03-25 14:00:00;2.027;2.043;2.025;2.039;25.716;ISP.ITEUR
2022-03-25 15:00:00;2.04;2.04;2.019;2.027;38.1379;ISP.ITEUR
2022-03-25 16:00:00;2.028;2.036;2.026;2.035;12.3338;ISP.ITEUR
2022-03-28 07:00:00;2.047;2.067;2.047;2.065;44.6495;ISP.ITEUR
2022-03-28 08:00:00;2.063;2.096;2.059;2.091;35.4199;ISP.ITEUR
2022-03-28 09:00:00;2.092;2.113;2.086;2.109;30.1563;ISP.ITEUR
2022-03-28 10:00:00;2.109;2.11;2.093;2.107;28.7788;ISP.ITEUR
2022-03-28 11:00:00;2.108;2.113;2.102;2.106;23.9687;ISP.ITEUR
2022-03-28 12:00:00;2.105;2.106;2.085;2.097;22.8778;ISP.ITEUR
2022-03-28 13:00:00;2.098;2.099;2.072;2.074;27.1147;ISP.ITEUR
2022-03-28 14:00:00;2.075;2.075;2.06;2.065;26.3263;ISP.ITEUR
2022-03-28 15:00:00;2.066;2.067;2.045;2.058;19.4861;ISP.ITEUR
2022-03-29 07:00:00;2.081;2.095;2.075;2.083;48.5665;ISP.ITEUR
2022-03-29 08:00:00;2.083;2.099;2.079;2.091;27.9189;ISP.ITEUR
2022-03-29 09:00:00;2.092;2.13;2.09;2.117;48.9577;ISP.ITEUR
2022-03-29 10:00:00;2.116;2.125;2.111;2.118;30.6182;ISP.ITEUR
2022-03-29 11:00:00;2.119;2.136;2.099;2.134;45.0319;ISP.ITEUR
2022-03-29 12:00:00;2.133;2.186;2.131;2.179;46.3142;ISP.ITEUR
2022-03-29 13:00:00;2.178;2.181;2.144;2.154;59.3581;ISP.ITEUR
2022-03-29 14:00:00;2.154;2.161;2.139;2.159;59.2308;ISP.ITEUR
2022-03-29 15:00:00;2.16;2.162;2.148;2.161;20.2343;ISP.ITEUR
2022-03-30 07:00:00;2.134;2.152;2.125;2.131;49.8096;ISP.ITEUR
2022-03-30 08:00:00;2.13;2.13;2.109;2.122;34.0742;ISP.ITEUR
2022-03-30 09:00:00;2.122;2.142;2.117;2.139;27.911;ISP.ITEUR
2022-03-30 10:00:00;2.14;2.14;2.125;2.132;34.6403;ISP.ITEUR
2022-03-30 11:00:00;2.132;2.137;2.125;2.129;25.8002;ISP.ITEUR
2022-03-30 12:00:00;2.13;2.136;2.12;2.132;29.0734;ISP.ITEUR
2022-03-30 13:00:00;2.132;2.145;2.123;2.126;40.5728;ISP.ITEUR
2022-03-30 14:00:00;2.126;2.126;2.11;2.122;33.8352;ISP.ITEUR
2022-03-30 15:00:00;2.122;2.124;2.117;2.12;14.4849;ISP.ITEUR
2022-03-31 07:00:00;2.133;2.143;2.124;2.125;38.7727;ISP.ITEUR
2022-03-31 08:00:00;2.126;2.134;2.118;2.13;29.6867;ISP.ITEUR
2022-03-31 09:00:00;2.131;2.132;2.122;2.127;21.3651;ISP.ITEUR
2022-03-31 10:00:00;2.127;2.132;2.12;2.123;19.6688;ISP.ITEUR
2022-03-31 11:00:00;2.123;2.123;2.116;2.116;11.3871;ISP.ITEUR
2022-03-31 12:00:00;2.117;2.128;2.116;2.123;10.4235;ISP.ITEUR
2022-03-31 13:00:00;2.122;2.126;2.099;2.105;37.5863;ISP.ITEUR
2022-03-31 14:00:00;2.105;2.107;2.077;2.094;40.0789;ISP.ITEUR
2022-03-31 15:00:00;2.093;2.094;2.083;2.087;19.1594;ISP.ITEUR
2022-04-01 07:00:00;2.073;2.097;2.071;2.089;45.7247;ISP.ITEUR
2022-04-01 08:00:00;2.088;2.106;2.087;2.101;33.5411;ISP.ITEUR
2022-04-01 09:00:00;2.1;2.112;2.094;2.112;40.1189;ISP.ITEUR
2022-04-01 10:00:00;2.111;2.117;2.108;2.113;24.4861;ISP.ITEUR
2022-04-01 11:00:00;2.113;2.115;2.106;2.111;15.4797;ISP.ITEUR
2022-04-01 12:00:00;2.11;2.112;2.098;2.098;20.7752;ISP.ITEUR
2022-04-01 13:00:00;2.099;2.109;2.099;2.105;25.5931;ISP.ITEUR
2022-04-01 14:00:00;2.105;2.106;2.091;2.101;37.0281;ISP.ITEUR
2022-04-01 15:00:00;2.102;2.107;2.1;2.101;13.9672;ISP.ITEUR
2022-04-04 07:00:00;2.083;2.086;2.059;2.067;42.9375;ISP.ITEUR
2022-04-04 08:00:00;2.068;2.091;2.062;2.086;36.8217;ISP.ITEUR
2022-04-04 09:00:00;2.086;2.102;2.085;2.096;25.3867;ISP.ITEUR
2022-04-04 10:00:00;2.095;2.097;2.079;2.084;21.1182;ISP.ITEUR
2022-04-04 11:00:00;2.085;2.086;2.074;2.08;14.1267;ISP.ITEUR
2022-04-04 12:00:00;2.081;2.082;2.068;2.069;19.3022;ISP.ITEUR
2022-04-04 13:00:00;2.069;2.09;2.068;2.088;26.5573;ISP.ITEUR
2022-04-04 14:00:00;2.088;2.099;2.086;2.089;31.2792;ISP.ITEUR
2022-04-04 15:00:00;2.09;2.1;2.09;2.098;9.3886;ISP.ITEUR
2022-04-05 07:00:00;2.077;2.091;2.073;2.08;41.6155;ISP.ITEUR
2022-04-05 08:00:00;2.079;2.084;2.074;2.077;21.8348;ISP.ITEUR
2022-04-05 09:00:00;2.078;2.081;2.057;2.06;22.7746;ISP.ITEUR
2022-04-05 10:00:00;2.059;2.067;2.05;2.062;34.1703;ISP.ITEUR
2022-04-05 11:00:00;2.061;2.067;2.055;2.062;20.0509;ISP.ITEUR
2022-04-05 12:00:00;2.063;2.064;2.043;2.044;19.8281;ISP.ITEUR
2022-04-05 13:00:00;2.045;2.049;2.041;2.047;29.2485;ISP.ITEUR
2022-04-05 14:00:00;2.047;2.049;2.034;2.044;40.4686;ISP.ITEUR
2022-04-05 15:00:00;2.045;2.045;2.036;2.039;13.426;ISP.ITEUR
2022-04-06 07:00:00;2.029;2.055;2.022;2.027;48.615;ISP.ITEUR
2022-04-06 08:00:00;2.027;2.034;1.999;2.008;38.0876;ISP.ITEUR
2022-04-06 09:00:00;2.009;2.011;2.0;2.01;35.6589;ISP.ITEUR
2022-04-06 10:00:00;2.01;2.011;1.988;1.99;36.4473;ISP.ITEUR
2022-04-06 11:00:00;1.991;1.991;1.974;1.974;28.3086;ISP.ITEUR
2022-04-06 12:00:00;1.974;1.985;1.967;1.974;32.4018;ISP.ITEUR
2022-04-06 13:00:00;1.973;1.979;1.957;1.958;45.0712;ISP.ITEUR
2022-04-06 14:00:00;1.957;1.977;1.951;1.974;48.1692;ISP.ITEUR
2022-04-06 15:00:00;1.973;1.98;1.973;1.98;16.9931;ISP.ITEUR
2022-04-07 07:00:00;1.993;2.003;1.969;1.971;42.1172;ISP.ITEUR
2022-04-07 08:00:00;1.972;1.989;1.964;1.989;38.4778;ISP.ITEUR
2022-04-07 09:00:00;1.99;2.0;1.987;1.999;28.6989;ISP.ITEUR
2022-04-07 10:00:00;1.999;2.002;1.994;2.0;20.1699;ISP.ITEUR
2022-04-07 11:00:00;2.0;2.03;1.99;1.997;37.9841;ISP.ITEUR
2022-04-07 12:00:00;1.998;2.004;1.99;1.996;32.0347;ISP.ITEUR
2022-04-07 13:00:00;1.997;2.003;1.988;1.989;45.9223;ISP.ITEUR
2022-04-07 14:00:00;1.99;1.99;1.964;1.966;50.5171;ISP.ITEUR
2022-04-07 15:00:00;1.966;1.973;1.956;1.96;21.3006;ISP.ITEUR
2022-04-08 07:00:00;1.98;2.003;1.973;2.003;40.9374;ISP.ITEUR
2022-04-08 08:00:00;2.002;2.017;1.992;1.993;32.2816;ISP.ITEUR
2022-04-08 09:00:00;1.992;1.997;1.984;1.997;28.9053;ISP.ITEUR
2022-04-08 10:00:00;1.996;1.999;1.984;1.992;27.4162;ISP.ITEUR
2022-04-08 11:00:00;1.993;2.001;1.99;1.997;14.8349;ISP.ITEUR
2022-04-08 12:00:00;1.996;1.999;1.981;1.983;20.4566;ISP.ITEUR
2022-04-08 13:00:00;1.983;1.983;1.969;1.97;35.451;ISP.ITEUR
2022-04-08 14:00:00;1.969;1.981;1.965;1.98;36.8605;ISP.ITEUR
2022-04-08 15:00:00;1.978;1.987;1.976;1.981;19.8675;ISP.ITEUR
2022-04-11 07:00:00;1.989;1.995;1.954;1.986;44.4345;ISP.ITEUR
2022-04-11 08:00:00;1.985;1.99;1.962;1.978;39.7997;ISP.ITEUR
2022-04-11 09:00:00;1.977;1.99;1.969;1.982;30.2918;ISP.ITEUR
2022-04-11 10:00:00;1.982;1.992;1.981;1.991;22.5033;ISP.ITEUR
2022-04-11 11:00:00;1.992;1.995;1.976;1.977;19.8676;ISP.ITEUR
2022-04-11 12:00:00;1.977;1.979;1.966;1.966;21.6196;ISP.ITEUR
2022-04-11 13:00:00;1.967;1.987;1.966;1.987;43.6537;ISP.ITEUR
2022-04-11 14:00:00;1.987;1.99;1.974;1.98;40.5715;ISP.ITEUR
2022-04-11 15:00:00;1.979;1.979;1.973;1.976;13.5846;ISP.ITEUR
2022-04-12 07:00:00;1.924;1.939;1.914;1.932;56.746;ISP.ITEUR
2022-04-12 08:00:00;1.932;1.957;1.922;1.949;42.0932;ISP.ITEUR
2022-04-12 09:00:00;1.948;1.957;1.944;1.944;36.7732;ISP.ITEUR
2022-04-12 10:00:00;1.944;1.966;1.943;1.96;28.7625;ISP.ITEUR
2022-04-12 11:00:00;1.961;1.963;1.947;1.955;24.1358;ISP.ITEUR
2022-04-12 12:00:00;1.954;1.964;1.945;1.956;39.8316;ISP.ITEUR
2022-04-12 13:00:00;1.955;1.957;1.934;1.947;45.0872;ISP.ITEUR
2022-04-12 14:00:00;1.946;1.95;1.932;1.933;33.1898;ISP.ITEUR
2022-04-12 15:00:00;1.933;1.938;1.932;1.935;12.2153;ISP.ITEUR
2022-04-13 07:00:00;1.933;1.943;1.922;1.941;42.5393;ISP.ITEUR
2022-04-13 08:00:00;1.941;1.951;1.93;1.946;38.422;ISP.ITEUR
2022-04-13 09:00:00;1.946;1.953;1.934;1.936;27.2574;ISP.ITEUR
2022-04-13 10:00:00;1.935;1.942;1.932;1.941;28.5953;ISP.ITEUR
2022-04-13 11:00:00;1.941;1.944;1.937;1.939;21.9619;ISP.ITEUR
2022-04-13 12:00:00;1.939;1.94;1.932;1.933;27.1696;ISP.ITEUR
2022-04-13 13:00:00;1.933;1.938;1.923;1.937;33.7633;ISP.ITEUR
2022-04-13 14:00:00;1.937;1.941;1.926;1.931;32.7199;ISP.ITEUR
2022-04-13 15:00:00;1.93;1.941;1.929;1.939;12.685;ISP.ITEUR
2022-04-14 07:00:00;1.968;1.976;1.959;1.964;35.3881;ISP.ITEUR
2022-04-14 08:00:00;1.965;1.969;1.955;1.96;25.3703;ISP.ITEUR
2022-04-14 09:00:00;1.959;1.967;1.952;1.96;32.8875;ISP.ITEUR
2022-04-14 10:00:00;1.959;1.972;1.959;1.967;20.6403;ISP.ITEUR
2022-04-14 11:00:00;1.968;1.972;1.954;1.956;28.6674;ISP.ITEUR
2022-04-14 12:00:00;1.956;1.969;1.956;1.968;24.7091;ISP.ITEUR
2022-04-14 13:00:00;1.969;1.976;1.962;1.962;27.2812;ISP.ITEUR
2022-04-14 14:00:00;1.968;1.982;1.965;1.969;31.5816;ISP.ITEUR
2022-04-14 15:00:00;1.969;1.972;1.963;1.971;13.9194;ISP.ITEUR
2022-04-19 07:00:00;1.958;1.973;1.941;1.97;53.44;ISP.ITEUR
2022-04-19 08:00:00;1.969;1.975;1.956;1.958;38.199;ISP.ITEUR
2022-04-19 09:00:00;1.959;1.959;1.947;1.949;30.0762;ISP.ITEUR
2022-04-19 10:00:00;1.95;1.958;1.948;1.954;21.6832;ISP.ITEUR
2022-04-19 11:00:00;1.955;1.956;1.948;1.95;20.1623;ISP.ITEUR
2022-04-19 12:00:00;1.95;1.951;1.944;1.946;17.1203;ISP.ITEUR
2022-04-19 13:00:00;1.946;1.966;1.943;1.966;26.6045;ISP.ITEUR
2022-04-19 14:00:00;1.967;1.979;1.963;1.971;25.3938;ISP.ITEUR
2022-04-19 15:00:00;1.971;1.973;1.964;1.967;11.849;ISP.ITEUR
2022-04-20 07:00:00;1.983;2.002;1.983;1.999;38.2149;ISP.ITEUR
2022-04-20 08:00:00;1.998;2.011;1.993;2.01;29.3442;ISP.ITEUR
2022-04-20 09:00:00;2.01;2.037;2.01;2.031;38.5411;ISP.ITEUR
2022-04-20 10:00:00;2.031;2.038;2.028;2.034;22.2885;ISP.ITEUR
2022-04-20 11:00:00;2.034;2.035;2.023;2.032;26.1506;ISP.ITEUR
2022-04-20 12:00:00;2.032;2.04;2.029;2.04;19.2707;ISP.ITEUR
2022-04-20 13:00:00;2.04;2.045;2.019;2.022;31.7804;ISP.ITEUR
2022-04-20 14:00:00;2.022;2.033;2.015;2.029;28.6273;ISP.ITEUR
2022-04-20 15:00:00;2.03;2.03;2.02;2.024;7.9232;ISP.ITEUR
2022-04-21 07:00:00;2.015;2.029;2.011;2.028;40.7393;ISP.ITEUR
2022-04-21 08:00:00;2.029;2.037;2.025;2.034;34.9098;ISP.ITEUR
2022-04-21 09:00:00;2.035;2.042;2.027;2.034;28.5873;ISP.ITEUR
2022-04-21 10:00:00;2.034;2.039;2.031;2.038;19.9075;ISP.ITEUR
2022-04-21 11:00:00;2.037;2.038;2.029;2.031;17.2237;ISP.ITEUR
2022-04-21 12:00:00;2.031;2.04;2.03;2.04;12.9557;ISP.ITEUR
2022-04-21 13:00:00;2.039;2.043;2.029;2.032;23.1485;ISP.ITEUR
2022-04-21 14:00:00;2.033;2.037;2.025;2.027;22.0339;ISP.ITEUR
2022-04-21 15:00:00;2.027;2.028;2.022;2.025;9.715;ISP.ITEUR
2022-04-22 07:00:00;1.996;2.006;1.988;2.005;41.5751;ISP.ITEUR
2022-04-22 08:00:00;2.005;2.012;1.994;1.996;30.9286;ISP.ITEUR
2022-04-22 09:00:00;1.995;1.998;1.975;1.976;29.4072;ISP.ITEUR
2022-04-22 10:00:00;1.975;1.983;1.973;1.977;26.1025;ISP.ITEUR
2022-04-22 11:00:00;1.978;1.983;1.971;1.976;21.7153;ISP.ITEUR
2022-04-22 12:00:00;1.976;1.985;1.972;1.979;21.1336;ISP.ITEUR
2022-04-22 13:00:00;1.98;1.982;1.965;1.972;40.038;ISP.ITEUR
2022-04-22 14:00:00;1.971;1.984;1.97;1.974;43.5263;ISP.ITEUR
2022-04-22 15:00:00;1.975;1.981;1.975;1.979;16.9212;ISP.ITEUR
2022-04-25 07:00:00;1.939;1.969;1.937;1.946;50.3193;ISP.ITEUR
2022-04-25 08:00:00;1.947;1.953;1.929;1.932;44.4659;ISP.ITEUR
2022-04-25 09:00:00;1.93;1.949;1.928;1.944;38.8115;ISP.ITEUR
2022-04-25 10:00:00;1.943;1.949;1.939;1.947;26.3176;ISP.ITEUR
2022-04-25 11:00:00;1.947;1.963;1.946;1.959;34.8227;ISP.ITEUR
2022-04-25 12:00:00;1.959;1.973;1.955;1.969;29.3755;ISP.ITEUR
2022-04-25 13:00:00;1.968;1.975;1.949;1.951;37.6576;ISP.ITEUR
2022-04-25 14:00:00;1.952;1.957;1.939;1.939;46.3687;ISP.ITEUR
2022-04-25 15:00:00;1.938;1.954;1.938;1.945;24.9164;ISP.ITEUR
2022-04-26 07:00:00;1.959;1.966;1.943;1.959;46.7912;ISP.ITEUR
2022-04-26 08:00:00;1.958;1.961;1.942;1.949;31.5098;ISP.ITEUR
2022-04-26 09:00:00;1.95;1.95;1.935;1.939;28.4677;ISP.ITEUR
2022-04-26 10:00:00;1.939;1.941;1.933;1.934;26.222;ISP.ITEUR
2022-04-26 11:00:00;1.934;1.939;1.93;1.931;19.557;ISP.ITEUR
2022-04-26 12:00:00;1.932;1.941;1.926;1.929;22.1212;ISP.ITEUR
2022-04-26 13:00:00;1.93;1.933;1.92;1.932;30.0847;ISP.ITEUR
2022-04-26 14:00:00;1.932;1.94;1.916;1.916;42.2202;ISP.ITEUR
2022-04-26 15:00:00;1.915;1.919;1.908;1.915;25.8243;ISP.ITEUR
2022-04-27 07:00:00;1.916;1.916;1.876;1.903;13.356;ISP.ITEUR
2022-04-27 08:00:00;1.905;1.919;1.895;1.908;15.582;ISP.ITEUR
2022-04-27 09:00:00;1.906;1.922;1.903;1.919;15.264;ISP.ITEUR
2022-04-27 10:00:00;1.92;1.926;1.903;1.912;12.9744;ISP.ITEUR
2022-04-27 11:00:00;1.912;1.913;1.895;1.898;30.7573;ISP.ITEUR
2022-04-27 12:00:00;1.897;1.906;1.889;1.893;29.7577;ISP.ITEUR
2022-04-27 13:00:00;1.892;1.905;1.886;1.896;45.0546;ISP.ITEUR
2022-04-27 14:00:00;1.896;1.902;1.883;1.9;46.5673;ISP.ITEUR
2022-04-27 15:00:00;1.901;1.912;1.898;1.912;29.654;ISP.ITEUR
2022-04-28 07:00:00;1.93;1.951;1.923;1.945;47.659;ISP.ITEUR
2022-04-28 08:00:00;1.944;1.962;1.941;1.962;28.5634;ISP.ITEUR
2022-04-28 09:00:00;1.962;1.963;1.951;1.955;30.6894;ISP.ITEUR
2022-04-28 10:00:00;1.954;1.956;1.939;1.945;26.5485;ISP.ITEUR
2022-04-28 11:00:00;1.945;1.956;1.945;1.95;20.409;ISP.ITEUR
2022-04-28 12:00:00;1.95;1.955;1.942;1.945;29.0091;ISP.ITEUR
2022-04-28 13:00:00;1.945;1.946;1.914;1.915;38.6051;ISP.ITEUR
2022-04-28 14:00:00;1.914;1.921;1.902;1.92;44.3781;ISP.ITEUR
2022-04-28 15:00:00;1.919;1.925;1.916;1.924;17.1443;ISP.ITEUR
2022-04-29 07:00:00;1.937;1.952;1.93;1.947;45.5325;ISP.ITEUR
2022-04-29 08:00:00;1.947;1.952;1.94;1.944;28.8024;ISP.ITEUR
2022-04-29 09:00:00;1.943;1.945;1.931;1.935;30.6418;ISP.ITEUR
2022-04-29 10:00:00;1.936;1.937;1.918;1.921;25.9275;ISP.ITEUR
2022-04-29 11:00:00;1.921;1.925;1.917;1.923;22.6387;ISP.ITEUR
2022-04-29 12:00:00;1.924;1.944;1.923;1.94;28.3324;ISP.ITEUR
2022-04-29 13:00:00;1.939;1.959;1.934;1.958;35.085;ISP.ITEUR
2022-04-29 14:00:00;1.958;1.961;1.937;1.95;46.4002;ISP.ITEUR
2022-04-29 15:00:00;1.949;1.953;1.941;1.943;20.5763;ISP.ITEUR
2022-05-02 07:00:00;1.945;1.945;1.892;1.898;41.0256;ISP.ITEUR
2022-05-02 08:00:00;1.899;1.933;1.899;1.921;53.329;ISP.ITEUR
2022-05-02 09:00:00;1.922;1.936;1.921;1.929;28.9936;ISP.ITEUR
2022-05-02 10:00:00;1.93;1.935;1.925;1.931;20.5528;ISP.ITEUR
2022-05-02 11:00:00;1.931;1.935;1.916;1.919;20.8711;ISP.ITEUR
2022-05-02 12:00:00;1.919;1.929;1.916;1.929;25.6171;ISP.ITEUR
2022-05-02 13:00:00;1.929;1.939;1.916;1.932;42.2846;ISP.ITEUR
2022-05-02 14:00:00;1.931;1.935;1.912;1.919;57.5339;ISP.ITEUR
2022-05-02 15:00:00;1.919;1.929;1.914;1.916;26.7397;ISP.ITEUR
2022-05-03 07:00:00;1.938;1.963;1.937;1.957;44.0121;ISP.ITEUR
2022-05-03 08:00:00;1.957;1.973;1.943;1.949;39.632;ISP.ITEUR
2022-05-03 09:00:00;1.948;1.953;1.942;1.949;31.7644;ISP.ITEUR
2022-05-03 10:00:00;1.95;1.952;1.933;1.939;28.2846;ISP.ITEUR
2022-05-03 11:00:00;1.939;1.948;1.938;1.944;23.5385;ISP.ITEUR
2022-05-03 12:00:00;1.945;1.957;1.945;1.95;19.5332;ISP.ITEUR
2022-05-03 13:00:00;1.95;1.954;1.941;1.949;38.9312;ISP.ITEUR
2022-05-03 14:00:00;1.95;1.962;1.948;1.958;37.6969;ISP.ITEUR
2022-05-03 15:00:00;1.959;1.964;1.956;1.963;14.9305;ISP.ITEUR
2022-05-04 07:00:00;1.965;1.97;1.951;1.956;30.2519;ISP.ITEUR
2022-05-04 08:00:00;1.956;1.957;1.944;1.949;25.2507;ISP.ITEUR
2022-05-04 09:00:00;1.948;1.955;1.942;1.953;23.7298;ISP.ITEUR
2022-05-04 10:00:00;1.953;1.958;1.951;1.954;17.9486;ISP.ITEUR
2022-05-04 11:00:00;1.953;1.956;1.946;1.947;21.3567;ISP.ITEUR
2022-05-04 12:00:00;1.948;1.949;1.937;1.938;20.3692;ISP.ITEUR
2022-05-04 13:00:00;1.938;1.947;1.937;1.94;35.2756;ISP.ITEUR
2022-05-04 14:00:00;1.938;1.942;1.927;1.928;36.582;ISP.ITEUR
2022-05-04 15:00:00;1.927;1.927;1.922;1.925;17.3671;ISP.ITEUR
2022-05-05 07:00:00;1.98;1.992;1.965;1.976;54.0617;ISP.ITEUR
2022-05-05 08:00:00;1.975;1.978;1.959;1.969;38.43;ISP.ITEUR
2022-05-05 09:00:00;1.969;1.98;1.966;1.975;31.5895;ISP.ITEUR
2022-05-05 10:00:00;1.975;1.978;1.97;1.975;20.9508;ISP.ITEUR
2022-05-05 11:00:00;1.974;1.976;1.961;1.964;28.6197;ISP.ITEUR
2022-05-05 12:00:00;1.964;1.974;1.961;1.963;25.0517;ISP.ITEUR
2022-05-05 13:00:00;1.964;1.964;1.943;1.947;36.0486;ISP.ITEUR
2022-05-05 14:00:00;1.947;1.951;1.93;1.937;49.5143;ISP.ITEUR
2022-05-05 15:00:00;1.937;1.938;1.916;1.921;24.5342;ISP.ITEUR
2022-05-06 07:00:00;1.911;1.924;1.894;1.917;39.5126;ISP.ITEUR
2022-05-06 08:00:00;1.917;1.929;1.91;1.921;49.0287;ISP.ITEUR
2022-05-06 09:00:00;1.922;1.931;1.91;1.929;35.4516;ISP.ITEUR
2022-05-06 10:00:00;1.93;1.936;1.911;1.915;40.8428;ISP.ITEUR
2022-05-06 11:00:00;1.916;1.917;1.887;1.889;42.6184;ISP.ITEUR
2022-05-06 12:00:00;1.888;1.892;1.852;1.854;51.1784;ISP.ITEUR
2022-05-06 13:00:00;1.854;1.868;1.845;1.852;55.2953;ISP.ITEUR
2022-05-06 14:00:00;1.852;1.876;1.851;1.873;70.5934;ISP.ITEUR
2022-05-06 15:00:00;1.873;1.877;1.868;1.872;26.8513;ISP.ITEUR
2022-05-09 07:00:00;1.864;1.877;1.847;1.849;48.0095;ISP.ITEUR
2022-05-09 08:00:00;1.848;1.859;1.833;1.859;41.1297;ISP.ITEUR
2022-05-09 09:00:00;1.86;1.865;1.846;1.86;38.2311;ISP.ITEUR
2022-05-09 10:00:00;1.86;1.869;1.847;1.849;31.4542;ISP.ITEUR
2022-05-09 11:00:00;1.85;1.864;1.847;1.863;32.2821;ISP.ITEUR
2022-05-09 12:00:00;1.862;1.867;1.844;1.851;37.6016;ISP.ITEUR
2022-05-09 13:00:00;1.85;1.859;1.843;1.855;46.7908;ISP.ITEUR
2022-05-09 14:00:00;1.854;1.855;1.836;1.839;54.252;ISP.ITEUR
2022-05-09 15:00:00;1.838;1.844;1.831;1.831;23.6899;ISP.ITEUR
2022-05-10 07:00:00;1.857;1.868;1.848;1.851;60.616;ISP.ITEUR
2022-05-10 08:00:00;1.851;1.882;1.849;1.872;48.543;ISP.ITEUR
2022-05-10 09:00:00;1.872;1.884;1.869;1.875;45.3893;ISP.ITEUR
2022-05-10 10:00:00;1.875;1.891;1.873;1.886;38.3817;ISP.ITEUR
2022-05-10 11:00:00;1.886;1.891;1.876;1.881;33.9225;ISP.ITEUR
2022-05-10 12:00:00;1.882;1.891;1.879;1.889;26.6205;ISP.ITEUR
2022-05-10 13:00:00;1.889;1.898;1.885;1.898;43.1117;ISP.ITEUR
2022-05-10 14:00:00;1.897;1.899;1.868;1.871;48.1284;ISP.ITEUR
2022-05-10 15:00:00;1.871;1.877;1.862;1.864;30.2912;ISP.ITEUR
2022-05-11 07:00:00;1.874;1.876;1.855;1.874;46.8077;ISP.ITEUR
2022-05-11 08:00:00;1.874;1.914;1.866;1.912;49.3557;ISP.ITEUR
2022-05-11 09:00:00;1.911;1.92;1.905;1.915;30.6815;ISP.ITEUR
2022-05-11 10:00:00;1.916;1.924;1.907;1.923;25.6251;ISP.ITEUR
2022-05-11 11:00:00;1.924;1.932;1.919;1.929;26.7555;ISP.ITEUR
2022-05-11 12:00:00;1.929;1.931;1.895;1.899;53.8705;ISP.ITEUR
2022-05-11 13:00:00;1.899;1.937;1.894;1.935;65.154;ISP.ITEUR
2022-05-11 14:00:00;1.935;1.953;1.926;1.948;64.6203;ISP.ITEUR
2022-05-11 15:00:00;1.947;1.953;1.944;1.944;26.5325;ISP.ITEUR
2022-05-12 07:00:00;1.895;1.925;1.888;1.923;68.1327;ISP.ITEUR
2022-05-12 08:00:00;1.924;1.926;1.911;1.918;48.2326;ISP.ITEUR
2022-05-12 09:00:00;1.919;1.919;1.901;1.901;45.2063;ISP.ITEUR
2022-05-12 10:00:00;1.904;1.911;1.902;1.91;39.4807;ISP.ITEUR
2022-05-12 11:00:00;1.91;1.922;1.906;1.907;40.1577;ISP.ITEUR
2022-05-12 12:00:00;1.906;1.927;1.905;1.925;45.2788;ISP.ITEUR
2022-05-12 13:00:00;1.926;1.936;1.917;1.931;57.7009;ISP.ITEUR
2022-05-12 14:00:00;1.93;1.971;1.928;1.966;64.3099;ISP.ITEUR
2022-05-12 15:00:00;1.966;1.98;1.965;1.973;27.9263;ISP.ITEUR
2022-05-13 07:00:00;1.965;1.975;1.961;1.967;44.7684;ISP.ITEUR
2022-05-13 08:00:00;1.967;1.979;1.967;1.971;31.1675;ISP.ITEUR
2022-05-13 09:00:00;1.971;1.975;1.966;1.972;26.3019;ISP.ITEUR
2022-05-13 10:00:00;1.972;1.977;1.968;1.976;19.7166;ISP.ITEUR
2022-05-13 11:00:00;1.976;1.979;1.964;1.967;17.5267;ISP.ITEUR
2022-05-13 12:00:00;1.968;1.973;1.964;1.968;20.8471;ISP.ITEUR
2022-05-13 13:00:00;1.967;1.972;1.961;1.966;39.7591;ISP.ITEUR
2022-05-13 14:00:00;1.969;1.979;1.963;1.964;35.977;ISP.ITEUR
2022-05-13 15:00:00;1.965;1.97;1.963;1.968;18.1715;ISP.ITEUR
2022-05-16 07:00:00;1.956;1.959;1.939;1.957;36.2174;ISP.ITEUR
2022-05-16 08:00:00;1.958;1.97;1.956;1.969;27.5234;ISP.ITEUR
2022-05-16 09:00:00;1.97;1.976;1.956;1.959;23.7592;ISP.ITEUR
2022-05-16 10:00:00;1.959;1.962;1.955;1.957;23.9879;ISP.ITEUR
2022-05-16 11:00:00;1.957;1.964;1.954;1.958;22.1221;ISP.ITEUR
2022-05-16 12:00:00;1.958;1.965;1.955;1.962;18.0682;ISP.ITEUR
2022-05-16 13:00:00;1.961;1.962;1.942;1.943;35.3021;ISP.ITEUR
2022-05-16 14:00:00;1.944;1.952;1.937;1.942;40.2354;ISP.ITEUR
2022-05-16 15:00:00;1.942;1.949;1.937;1.946;15.6781;ISP.ITEUR
2022-05-17 07:00:00;1.967;1.977;1.957;1.976;32.6298;ISP.ITEUR
2022-05-17 08:00:00;1.977;2.016;1.976;2.007;38.4015;ISP.ITEUR
2022-05-17 09:00:00;2.006;2.016;2.003;2.013;24.1036;ISP.ITEUR
2022-05-17 10:00:00;2.014;2.015;2.002;2.005;21.7307;ISP.ITEUR
2022-05-17 11:00:00;2.006;2.012;2.003;2.007;16.254;ISP.ITEUR
2022-05-17 12:00:00;2.008;2.014;2.006;2.009;21.1533;ISP.ITEUR
2022-05-17 13:00:00;2.009;2.019;2.003;2.006;29.661;ISP.ITEUR
2022-05-17 14:00:00;2.006;2.007;1.985;1.992;32.5479;ISP.ITEUR
2022-05-17 15:00:00;1.992;1.998;1.987;1.993;15.114;ISP.ITEUR
2022-05-18 07:00:00;1.992;2.0;1.98;1.994;40.8998;ISP.ITEUR
2022-05-18 08:00:00;1.997;1.997;1.972;1.983;28.3175;ISP.ITEUR
2022-05-18 09:00:00;1.984;1.99;1.979;1.99;21.2085;ISP.ITEUR
2022-05-18 10:00:00;1.989;2.0;1.987;1.998;23.0967;ISP.ITEUR
2022-05-18 11:00:00;1.999;2.002;1.994;1.999;16.2745;ISP.ITEUR
2022-05-18 12:00:00;1.998;2.002;1.987;1.99;17.0194;ISP.ITEUR
2022-05-18 13:00:00;1.989;1.996;1.985;1.993;32.3685;ISP.ITEUR
2022-05-18 14:00:00;1.992;1.996;1.986;1.995;30.109;ISP.ITEUR
2022-05-18 15:00:00;1.994;1.995;1.982;1.983;15.3966;ISP.ITEUR
2022-05-19 07:00:00;1.973;1.973;1.95;1.956;42.303;ISP.ITEUR
2022-05-19 08:00:00;1.955;1.958;1.947;1.951;36.7921;ISP.ITEUR
2022-05-19 09:00:00;1.95;1.959;1.946;1.95;35.7562;ISP.ITEUR
2022-05-19 10:00:00;1.948;1.963;1.946;1.963;23.9113;ISP.ITEUR
2022-05-19 11:00:00;1.962;1.972;1.95;1.968;28.9255;ISP.ITEUR
2022-05-19 12:00:00;1.969;1.97;1.956;1.959;23.2533;ISP.ITEUR
2022-05-19 13:00:00;1.961;1.986;1.96;1.969;41.0571;ISP.ITEUR
2022-05-19 14:00:00;1.97;1.985;1.967;1.982;53.3395;ISP.ITEUR
2022-05-19 15:00:00;1.98;1.985;1.973;1.983;22.634;ISP.ITEUR
2022-05-20 07:00:00;2.001;2.014;1.999;2.004;26.7816;ISP.ITEUR
2022-05-20 08:00:00;2.005;2.016;1.996;2.011;27.5276;ISP.ITEUR
2022-05-20 09:00:00;2.01;2.021;2.009;2.015;23.4737;ISP.ITEUR
2022-05-20 10:00:00;2.013;2.02;2.005;2.015;25.1449;ISP.ITEUR
2022-05-20 11:00:00;2.017;2.018;2.002;2.009;23.0484;ISP.ITEUR
2022-05-20 12:00:00;2.007;2.012;1.996;1.998;22.6345;ISP.ITEUR
2022-05-20 13:00:00;1.999;2.003;1.994;2.0;29.0836;ISP.ITEUR
2022-05-20 14:00:00;1.999;2.001;1.973;1.973;41.9431;ISP.ITEUR
2022-05-20 15:00:00;1.974;1.976;1.969;1.973;20.3009;ISP.ITEUR
2022-05-23 07:00:00;1.939;1.946;1.927;1.937;38.8895;ISP.ITEUR
2022-05-23 08:00:00;1.938;1.941;1.925;1.929;37.3006;ISP.ITEUR
2022-05-23 09:00:00;1.93;1.935;1.923;1.928;29.4602;ISP.ITEUR
2022-05-23 10:00:00;1.929;1.941;1.925;1.94;22.4799;ISP.ITEUR
2022-05-23 11:00:00;1.939;1.941;1.933;1.939;18.2953;ISP.ITEUR
2022-05-23 12:00:00;1.94;1.946;1.937;1.944;22.6303;ISP.ITEUR
2022-05-23 13:00:00;1.944;1.958;1.941;1.953;36.8924;ISP.ITEUR
2022-05-23 14:00:00;1.952;1.967;1.946;1.963;43.4657;ISP.ITEUR
2022-05-23 15:00:00;1.963;1.973;1.961;1.971;13.8564;ISP.ITEUR
2022-05-24 07:00:00;1.947;1.968;1.944;1.96;45.1054;ISP.ITEUR
2022-05-24 08:00:00;1.959;1.967;1.957;1.962;30.4465;ISP.ITEUR
2022-05-24 09:00:00;1.961;1.98;1.953;1.978;26.3445;ISP.ITEUR
2022-05-24 10:00:00;1.979;2.0;1.976;1.995;22.934;ISP.ITEUR
2022-05-24 11:00:00;1.995;2.0;1.989;1.991;22.2262;ISP.ITEUR
2022-05-24 12:00:00;1.993;1.994;1.983;1.994;26.346;ISP.ITEUR
2022-05-24 13:00:00;1.993;2.004;1.99;2.001;32.7315;ISP.ITEUR
2022-05-24 14:00:00;1.999;2.0;1.974;1.982;47.5886;ISP.ITEUR
2022-05-24 15:00:00;1.981;1.988;1.976;1.979;17.2108;ISP.ITEUR
2022-05-25 07:00:00;1.998;2.018;1.996;2.0;28.3027;ISP.ITEUR
2022-05-25 08:00:00;2.001;2.002;1.981;1.994;26.168;ISP.ITEUR
2022-05-25 09:00:00;1.993;1.997;1.984;1.997;23.9371;ISP.ITEUR
2022-05-25 10:00:00;1.996;2.003;1.989;1.989;15.1264;ISP.ITEUR
2022-05-25 11:00:00;1.991;1.996;1.976;1.986;20.5803;ISP.ITEUR
2022-05-25 12:00:00;1.985;1.999;1.982;1.996;18.8788;ISP.ITEUR
2022-05-25 13:00:00;1.998;2.01;1.996;2.007;28.8325;ISP.ITEUR
2022-05-25 14:00:00;2.005;2.033;2.004;2.025;32.8187;ISP.ITEUR
2022-05-25 15:00:00;2.026;2.031;2.02;2.029;13.637;ISP.ITEUR
2022-05-26 07:00:00;2.029;2.036;2.017;2.035;22.8072;ISP.ITEUR
2022-05-26 08:00:00;2.036;2.036;2.021;2.027;15.9352;ISP.ITEUR
2022-05-26 09:00:00;2.027;2.043;2.024;2.041;14.7643;ISP.ITEUR
2022-05-26 10:00:00;2.039;2.047;2.03;2.036;15.9326;ISP.ITEUR
2022-05-26 11:00:00;2.036;2.044;2.034;2.038;18.5257;ISP.ITEUR
2022-05-26 12:00:00;2.037;2.041;2.028;2.039;14.8245;ISP.ITEUR
2022-05-26 13:00:00;2.04;2.05;2.035;2.044;22.8391;ISP.ITEUR
2022-05-26 14:00:00;2.045;2.053;2.041;2.046;20.5004;ISP.ITEUR
2022-05-26 15:00:00;2.047;2.057;2.047;2.056;8.6379;ISP.ITEUR
2022-05-27 07:00:00;2.05;2.05;2.022;2.03;33.8706;ISP.ITEUR
2022-05-27 08:00:00;2.031;2.043;2.024;2.04;25.2832;ISP.ITEUR
2022-05-27 09:00:00;2.038;2.051;2.033;2.049;19.728;ISP.ITEUR
2022-05-27 10:00:00;2.05;2.057;2.045;2.053;20.4096;ISP.ITEUR
2022-05-27 11:00:00;2.052;2.053;2.043;2.048;18.1236;ISP.ITEUR
2022-05-27 12:00:00;2.047;2.055;2.04;2.051;16.0595;ISP.ITEUR
2022-05-27 13:00:00;2.054;2.059;2.052;2.055;19.2467;ISP.ITEUR
2022-05-27 14:00:00;2.056;2.057;2.046;2.046;18.6209;ISP.ITEUR
2022-05-27 15:00:00;2.048;2.05;2.045;2.05;6.0032;ISP.ITEUR
2022-05-30 07:00:00;2.061;2.079;2.061;2.066;29.9376;ISP.ITEUR
2022-05-30 08:00:00;2.068;2.078;2.06;2.06;21.3521;ISP.ITEUR
2022-05-30 09:00:00;2.062;2.064;2.05;2.058;18.9464;ISP.ITEUR
2022-05-30 10:00:00;2.058;2.062;2.052;2.058;14.9206;ISP.ITEUR
2022-05-30 11:00:00;2.056;2.059;2.053;2.057;8.6347;ISP.ITEUR
2022-05-30 12:00:00;2.058;2.058;2.046;2.05;12.4826;ISP.ITEUR
2022-05-30 13:00:00;2.05;2.051;2.045;2.045;13.5147;ISP.ITEUR
2022-05-30 14:00:00;2.043;2.062;2.043;2.059;14.9598;ISP.ITEUR
2022-05-30 15:00:00;2.058;2.06;2.05;2.058;7.5902;ISP.ITEUR
2022-05-31 07:00:00;2.046;2.051;2.035;2.037;33.476;ISP.ITEUR
2022-05-31 08:00:00;2.04;2.055;2.038;2.047;26.0915;ISP.ITEUR
2022-05-31 09:00:00;2.046;2.047;2.031;2.035;27.0517;ISP.ITEUR
2022-05-31 10:00:00;2.036;2.037;2.028;2.03;14.4949;ISP.ITEUR
2022-05-31 11:00:00;2.031;2.038;2.024;2.029;15.1929;ISP.ITEUR
2022-05-31 12:00:00;2.028;2.028;2.011;2.014;23.3064;ISP.ITEUR
2022-05-31 13:00:00;2.013;2.029;2.01;2.02;33.3161;ISP.ITEUR
2022-05-31 14:00:00;2.022;2.032;2.015;2.024;37.0426;ISP.ITEUR
2022-05-31 15:00:00;2.025;2.032;2.022;2.027;15.6988;ISP.ITEUR
2022-06-01 07:00:00;2.048;2.052;2.04;2.044;22.3769;ISP.ITEUR
2022-06-01 08:00:00;2.046;2.052;2.039;2.048;17.1265;ISP.ITEUR
2022-06-01 09:00:00;2.05;2.053;2.04;2.042;13.4253;ISP.ITEUR
2022-06-01 10:00:00;2.04;2.044;2.03;2.035;14.6518;ISP.ITEUR
2022-06-01 11:00:00;2.035;2.038;2.029;2.036;13.6619;ISP.ITEUR
2022-06-01 12:00:00;2.037;2.038;2.031;2.031;13.0924;ISP.ITEUR
2022-06-01 13:00:00;2.034;2.038;2.029;2.031;28.8614;ISP.ITEUR
2022-06-01 14:00:00;2.029;2.032;1.999;2.007;39.0052;ISP.ITEUR
2022-06-01 15:00:00;2.006;2.008;1.995;1.998;17.2741;ISP.ITEUR
2022-06-02 07:00:00;2.013;2.014;1.985;1.991;23.2711;ISP.ITEUR
2022-06-02 08:00:00;1.99;2.002;1.987;1.999;22.9163;ISP.ITEUR
2022-06-02 09:00:00;2.0;2.003;1.995;1.997;14.0251;ISP.ITEUR
2022-06-02 10:00:00;1.996;2.007;1.992;2.005;13.8955;ISP.ITEUR
2022-06-02 11:00:00;2.003;2.005;1.998;2.001;12.7959;ISP.ITEUR
2022-06-02 12:00:00;2.0;2.002;1.991;1.999;19.3225;ISP.ITEUR
2022-06-02 13:00:00;1.999;1.999;1.985;1.988;33.3129;ISP.ITEUR
2022-06-02 14:00:00;1.987;1.99;1.978;1.983;27.5008;ISP.ITEUR
2022-06-02 15:00:00;1.981;1.995;1.981;1.991;10.3834;ISP.ITEUR
2022-06-03 07:00:00;2.0;2.001;1.983;1.984;21.7815;ISP.ITEUR
2022-06-03 08:00:00;1.983;1.986;1.977;1.981;14.5991;ISP.ITEUR
2022-06-03 09:00:00;1.982;1.998;1.98;1.995;20.3554;ISP.ITEUR
2022-06-03 10:00:00;1.995;1.995;1.978;1.98;14.6176;ISP.ITEUR
2022-06-03 11:00:00;1.981;1.985;1.977;1.984;14.7169;ISP.ITEUR
2022-06-03 12:00:00;1.983;1.993;1.98;1.983;20.1645;ISP.ITEUR
2022-06-03 13:00:00;1.984;1.987;1.964;1.968;24.1384;ISP.ITEUR
2022-06-03 14:00:00;1.968;1.971;1.961;1.963;26.7036;ISP.ITEUR
2022-06-03 15:00:00;1.964;1.97;1.955;1.969;12.3904;ISP.ITEUR
2022-06-06 07:00:00;1.994;2.004;1.988;2.002;23.2501;ISP.ITEUR
2022-06-06 08:00:00;2.005;2.024;2.004;2.017;17.5754;ISP.ITEUR
2022-06-06 09:00:00;2.018;2.02;2.01;2.014;14.4561;ISP.ITEUR
2022-06-06 10:00:00;2.016;2.02;2.007;2.011;9.6722;ISP.ITEUR
2022-06-06 11:00:00;2.012;2.019;2.009;2.017;8.4042;ISP.ITEUR
2022-06-06 12:00:00;2.018;2.028;2.016;2.026;11.5514;ISP.ITEUR
2022-06-06 13:00:00;2.024;2.03;2.018;2.03;12.4344;ISP.ITEUR
2022-06-06 14:00:00;2.031;2.04;2.03;2.036;16.1092;ISP.ITEUR
2022-06-06 15:00:00;2.037;2.039;2.028;2.034;9.4974;ISP.ITEUR
2022-06-07 07:00:00;2.02;2.024;2.006;2.008;25.792;ISP.ITEUR
2022-06-07 08:00:00;2.01;2.013;2.003;2.007;17.2681;ISP.ITEUR
2022-06-07 09:00:00;2.006;2.006;1.997;1.999;11.2925;ISP.ITEUR
2022-06-07 10:00:00;1.998;2.0;1.988;1.994;16.0511;ISP.ITEUR
2022-06-07 11:00:00;1.995;2.004;1.99;1.997;20.1537;ISP.ITEUR
2022-06-07 12:00:00;1.998;2.002;1.991;1.994;16.13;ISP.ITEUR
2022-06-07 13:00:00;1.993;1.996;1.987;1.989;26.2703;ISP.ITEUR
2022-06-07 14:00:00;1.988;2.004;1.986;2.002;24.6924;ISP.ITEUR
2022-06-07 15:00:00;2.003;2.005;1.999;1.999;5.3874;ISP.ITEUR
2022-06-08 07:00:00;1.996;1.996;1.976;1.98;33.6999;ISP.ITEUR
2022-06-08 08:00:00;1.981;1.998;1.978;1.998;22.7992;ISP.ITEUR
2022-06-08 09:00:00;1.998;2.002;1.988;1.994;23.0725;ISP.ITEUR
2022-06-08 10:00:00;1.995;1.996;1.978;1.985;17.9566;ISP.ITEUR
2022-06-08 11:00:00;1.986;1.993;1.98;1.988;16.3363;ISP.ITEUR
2022-06-08 12:00:00;1.988;1.994;1.982;1.986;16.1578;ISP.ITEUR
2022-06-08 13:00:00;1.987;1.997;1.979;1.994;30.6682;ISP.ITEUR
2022-06-08 14:00:00;1.995;1.995;1.978;1.98;26.8134;ISP.ITEUR
2022-06-08 15:00:00;1.982;1.991;1.98;1.989;9.4048;ISP.ITEUR
2022-06-09 07:00:00;1.987;1.995;1.979;1.994;26.0167;ISP.ITEUR
2022-06-09 08:00:00;1.992;2.007;1.985;2.007;20.8451;ISP.ITEUR
2022-06-09 09:00:00;2.006;2.01;1.997;2.001;18.556;ISP.ITEUR
2022-06-09 10:00:00;2.001;2.012;1.999;2.004;14.541;ISP.ITEUR
2022-06-09 11:00:00;2.003;2.016;1.998;2.002;32.9249;ISP.ITEUR
2022-06-09 12:00:00;2.002;2.004;1.98;1.982;37.823;ISP.ITEUR
2022-06-09 13:00:00;1.981;1.981;1.957;1.975;56.2331;ISP.ITEUR
2022-06-09 14:00:00;1.974;1.981;1.959;1.974;42.2831;ISP.ITEUR
2022-06-09 15:00:00;1.975;1.975;1.964;1.969;23.878;ISP.ITEUR
2022-06-10 07:00:00;1.95;1.95;1.889;1.89;57.3331;ISP.ITEUR
2022-06-10 08:00:00;1.89;1.902;1.868;1.869;50.0963;ISP.ITEUR
2022-06-10 09:00:00;1.871;1.874;1.85;1.851;37.8535;ISP.ITEUR
2022-06-10 10:00:00;1.838;1.848;1.823;1.828;44.996;ISP.ITEUR
2022-06-10 11:00:00;1.829;1.849;1.828;1.842;46.9185;ISP.ITEUR
2022-06-10 12:00:00;1.843;1.853;1.827;1.83;56.9005;ISP.ITEUR
2022-06-10 13:00:00;1.829;1.841;1.82;1.824;61.0364;ISP.ITEUR
2022-06-10 14:00:00;1.823;1.847;1.802;1.832;60.7664;ISP.ITEUR
2022-06-10 15:00:00;1.833;1.836;1.812;1.814;28.2108;ISP.ITEUR
2022-06-13 07:00:00;1.751;1.758;1.727;1.756;70.102;ISP.ITEUR
2022-06-13 08:00:00;1.754;1.754;1.733;1.735;52.939;ISP.ITEUR
2022-06-13 09:00:00;1.735;1.752;1.728;1.739;52.6952;ISP.ITEUR
2022-06-13 10:00:00;1.739;1.751;1.735;1.742;47.025;ISP.ITEUR
2022-06-13 11:00:00;1.744;1.761;1.738;1.741;40.757;ISP.ITEUR
2022-06-13 12:00:00;1.739;1.755;1.739;1.747;35.7664;ISP.ITEUR
2022-06-13 13:00:00;1.745;1.751;1.738;1.748;49.1267;ISP.ITEUR
2022-06-13 14:00:00;1.747;1.75;1.737;1.74;43.0921;ISP.ITEUR
2022-06-13 15:00:00;1.738;1.756;1.734;1.752;19.6733;ISP.ITEUR
2022-06-14 07:00:00;1.779;1.797;1.762;1.796;47.6672;ISP.ITEUR
2022-06-14 08:00:00;1.795;1.796;1.776;1.778;39.1538;ISP.ITEUR
2022-06-14 09:00:00;1.777;1.781;1.758;1.759;42.0945;ISP.ITEUR
2022-06-14 10:00:00;1.758;1.769;1.741;1.759;35.2322;ISP.ITEUR
2022-06-14 11:00:00;1.761;1.771;1.756;1.768;32.7649;ISP.ITEUR
2022-06-14 12:00:00;1.769;1.794;1.768;1.79;37.2925;ISP.ITEUR
2022-06-14 13:00:00;1.791;1.802;1.779;1.802;43.2218;ISP.ITEUR
2022-06-14 14:00:00;1.801;1.806;1.78;1.79;46.3829;ISP.ITEUR
2022-06-14 15:00:00;1.79;1.795;1.772;1.776;22.3969;ISP.ITEUR
2022-06-15 07:00:00;1.882;1.899;1.819;1.846;42.5143;ISP.ITEUR
2022-06-15 08:00:00;1.846;1.87;1.844;1.855;51.0425;ISP.ITEUR
2022-06-15 09:00:00;1.854;1.866;1.839;1.864;47.0379;ISP.ITEUR
2022-06-15 10:00:00;1.862;1.873;1.857;1.867;34.717;ISP.ITEUR
2022-06-15 11:00:00;1.868;1.879;1.866;1.874;36.9156;ISP.ITEUR
2022-06-15 12:00:00;1.873;1.875;1.829;1.838;57.1505;ISP.ITEUR
2022-06-15 13:00:00;1.839;1.872;1.835;1.867;41.0712;ISP.ITEUR
2022-06-15 14:00:00;1.868;1.873;1.858;1.866;48.0452;ISP.ITEUR
2022-06-15 15:00:00;1.867;1.867;1.845;1.854;19.0229;ISP.ITEUR
2022-06-16 07:00:00;1.836;1.844;1.8;1.805;56.4537;ISP.ITEUR
2022-06-16 08:00:00;1.804;1.815;1.8;1.8;42.0348;ISP.ITEUR
2022-06-16 09:00:00;1.801;1.801;1.779;1.788;42.0091;ISP.ITEUR
2022-06-16 10:00:00;1.787;1.791;1.772;1.774;35.7046;ISP.ITEUR
2022-06-16 11:00:00;1.774;1.801;1.768;1.787;53.3562;ISP.ITEUR
2022-06-16 12:00:00;1.788;1.811;1.786;1.796;34.2716;ISP.ITEUR
2022-06-16 13:00:00;1.798;1.801;1.786;1.786;51.7393;ISP.ITEUR
2022-06-16 14:00:00;1.787;1.799;1.781;1.782;50.5751;ISP.ITEUR
2022-06-16 15:00:00;1.783;1.796;1.777;1.794;23.1601;ISP.ITEUR
2022-06-17 07:00:00;1.812;1.83;1.808;1.816;60.2945;ISP.ITEUR
2022-06-17 08:00:00;1.814;1.842;1.814;1.838;43.0914;ISP.ITEUR
2022-06-17 09:00:00;1.837;1.846;1.823;1.835;46.4356;ISP.ITEUR
2022-06-17 10:00:00;1.833;1.852;1.833;1.851;32.557;ISP.ITEUR
2022-06-17 11:00:00;1.851;1.889;1.846;1.86;48.804;ISP.ITEUR
2022-06-17 12:00:00;1.861;1.867;1.848;1.849;26.4343;ISP.ITEUR
2022-06-17 13:00:00;1.85;1.85;1.834;1.844;20.4729;ISP.ITEUR
2022-06-17 14:00:00;1.847;1.847;1.813;1.82;42.4731;ISP.ITEUR
2022-06-17 15:00:00;1.818;1.822;1.812;1.814;20.9163;ISP.ITEUR
2022-06-20 07:00:00;1.825;1.849;1.808;1.845;46.6744;ISP.ITEUR
2022-06-20 08:00:00;1.846;1.857;1.842;1.85;35.4646;ISP.ITEUR
2022-06-20 09:00:00;1.848;1.851;1.84;1.849;35.0756;ISP.ITEUR
2022-06-20 10:00:00;1.85;1.864;1.844;1.846;24.881;ISP.ITEUR
2022-06-20 11:00:00;1.848;1.853;1.842;1.851;20.9961;ISP.ITEUR
2022-06-20 12:00:00;1.851;1.877;1.849;1.867;23.9167;ISP.ITEUR
2022-06-20 13:00:00;1.866;1.88;1.863;1.878;31.6559;ISP.ITEUR
2022-06-20 14:00:00;1.877;1.88;1.869;1.869;28.3124;ISP.ITEUR
2022-06-20 15:00:00;1.87;1.875;1.867;1.872;14.9187;ISP.ITEUR
2022-06-21 07:00:00;1.896;1.928;1.892;1.924;51.3631;ISP.ITEUR
2022-06-21 08:00:00;1.926;1.932;1.909;1.92;39.7176;ISP.ITEUR
2022-06-21 09:00:00;1.921;1.922;1.903;1.905;32.8824;ISP.ITEUR
2022-06-21 10:00:00;1.906;1.91;1.892;1.897;27.6964;ISP.ITEUR
2022-06-21 11:00:00;1.898;1.901;1.883;1.887;21.8071;ISP.ITEUR
2022-06-21 12:00:00;1.885;1.892;1.878;1.883;23.4361;ISP.ITEUR
2022-06-21 13:00:00;1.883;1.897;1.877;1.89;39.2374;ISP.ITEUR
2022-06-21 14:00:00;1.891;1.896;1.877;1.88;33.1436;ISP.ITEUR
2022-06-21 15:00:00;1.881;1.886;1.872;1.877;13.386;ISP.ITEUR
2022-06-22 07:00:00;1.845;1.881;1.842;1.859;62.4191;ISP.ITEUR
2022-06-22 08:00:00;1.861;1.875;1.857;1.867;47.5772;ISP.ITEUR
2022-06-22 09:00:00;1.866;1.87;1.857;1.866;37.2395;ISP.ITEUR
2022-06-22 10:00:00;1.865;1.889;1.862;1.873;28.9052;ISP.ITEUR
2022-06-22 11:00:00;1.874;1.883;1.872;1.877;22.5693;ISP.ITEUR
2022-06-22 12:00:00;1.876;1.883;1.867;1.881;23.6576;ISP.ITEUR
2022-06-22 13:00:00;1.879;1.886;1.872;1.879;43.7522;ISP.ITEUR
2022-06-22 14:00:00;1.88;1.909;1.873;1.898;43.5555;ISP.ITEUR
2022-06-22 15:00:00;1.899;1.899;1.883;1.886;18.0663;ISP.ITEUR
2022-06-23 07:00:00;1.897;1.899;1.84;1.844;53.6317;ISP.ITEUR
2022-06-23 08:00:00;1.843;1.858;1.84;1.844;46.3077;ISP.ITEUR
2022-06-23 09:00:00;1.846;1.867;1.844;1.853;34.4526;ISP.ITEUR
2022-06-23 10:00:00;1.854;1.884;1.853;1.878;29.4886;ISP.ITEUR
2022-06-23 11:00:00;1.879;1.881;1.862;1.87;29.1313;ISP.ITEUR
2022-06-23 12:00:00;1.871;1.872;1.837;1.839;29.811;ISP.ITEUR
2022-06-23 13:00:00;1.837;1.844;1.829;1.835;45.4059;ISP.ITEUR
2022-06-23 14:00:00;1.836;1.846;1.825;1.842;47.1001;ISP.ITEUR
2022-06-23 15:00:00;1.841;1.842;1.834;1.838;17.1495;ISP.ITEUR
2022-06-24 07:00:00;1.849;1.858;1.832;1.84;36.9833;ISP.ITEUR
2022-06-24 08:00:00;1.843;1.848;1.832;1.84;33.9775;ISP.ITEUR
2022-06-24 09:00:00;1.842;1.847;1.835;1.842;29.0895;ISP.ITEUR
2022-06-24 10:00:00;1.84;1.861;1.838;1.861;26.4093;ISP.ITEUR
2022-06-24 11:00:00;1.859;1.867;1.857;1.862;20.5288;ISP.ITEUR
2022-06-24 12:00:00;1.86;1.869;1.858;1.861;23.7662;ISP.ITEUR
2022-06-24 13:00:00;1.863;1.875;1.859;1.869;29.7486;ISP.ITEUR
2022-06-24 14:00:00;1.869;1.89;1.869;1.885;41.3667;ISP.ITEUR
2022-06-24 15:00:00;1.887;1.889;1.88;1.884;20.3868;ISP.ITEUR
2022-06-27 07:00:00;1.937;1.953;1.934;1.944;48.7342;ISP.ITEUR
2022-06-27 08:00:00;1.944;1.949;1.919;1.922;39.1551;ISP.ITEUR
2022-06-27 09:00:00;1.922;1.938;1.921;1.926;30.25;ISP.ITEUR
2022-06-27 10:00:00;1.927;1.93;1.919;1.928;25.1662;ISP.ITEUR
2022-06-27 11:00:00;1.927;1.93;1.913;1.913;21.6086;ISP.ITEUR
2022-06-27 12:00:00;1.913;1.929;1.913;1.914;24.0423;ISP.ITEUR
2022-06-27 13:00:00;1.914;1.918;1.898;1.899;30.3744;ISP.ITEUR
2022-06-27 14:00:00;1.9;1.909;1.886;1.903;37.2303;ISP.ITEUR
2022-06-27 15:00:00;1.903;1.905;1.891;1.896;14.9551;ISP.ITEUR
2022-06-28 07:00:00;1.907;1.919;1.9;1.91;41.1401;ISP.ITEUR
2022-06-28 08:00:00;1.91;1.919;1.901;1.917;31.774;ISP.ITEUR
2022-06-28 09:00:00;1.918;1.934;1.911;1.912;33.1059;ISP.ITEUR
2022-06-28 10:00:00;1.913;1.92;1.91;1.92;24.8819;ISP.ITEUR
2022-06-28 11:00:00;1.921;1.928;1.916;1.919;20.3749;ISP.ITEUR
2022-06-28 12:00:00;1.92;1.921;1.908;1.909;17.6529;ISP.ITEUR
2022-06-28 13:00:00;1.91;1.919;1.904;1.914;33.7872;ISP.ITEUR
2022-06-28 14:00:00;1.913;1.915;1.899;1.905;35.3011;ISP.ITEUR
2022-06-28 15:00:00;1.904;1.908;1.899;1.9;17.0412;ISP.ITEUR
2022-06-29 07:00:00;1.877;1.896;1.874;1.875;44.7517;ISP.ITEUR
2022-06-29 08:00:00;1.874;1.887;1.87;1.883;31.8717;ISP.ITEUR
2022-06-29 09:00:00;1.883;1.886;1.878;1.879;26.7559;ISP.ITEUR
2022-06-29 10:00:00;1.88;1.896;1.88;1.881;27.7455;ISP.ITEUR
2022-06-29 11:00:00;1.882;1.893;1.875;1.888;22.0484;ISP.ITEUR
2022-06-29 12:00:00;1.888;1.892;1.874;1.88;28.8787;ISP.ITEUR
2022-06-29 13:00:00;1.88;1.883;1.864;1.871;34.6028;ISP.ITEUR
2022-06-29 14:00:00;1.87;1.877;1.867;1.871;49.6949;ISP.ITEUR
2022-06-29 15:00:00;1.872;1.874;1.869;1.87;15.563;ISP.ITEUR
2022-06-30 07:00:00;1.827;1.838;1.804;1.808;53.1326;ISP.ITEUR
2022-06-30 08:00:00;1.807;1.821;1.784;1.802;51.3896;ISP.ITEUR
2022-06-30 09:00:00;1.802;1.808;1.78;1.795;40.3353;ISP.ITEUR
2022-06-30 10:00:00;1.793;1.796;1.784;1.791;31.6572;ISP.ITEUR
2022-06-30 11:00:00;1.792;1.792;1.774;1.777;31.1501;ISP.ITEUR
2022-06-30 12:00:00;1.776;1.794;1.775;1.783;39.7363;ISP.ITEUR
2022-06-30 13:00:00;1.784;1.787;1.757;1.761;45.5266;ISP.ITEUR
2022-06-30 14:00:00;1.76;1.792;1.758;1.79;49.0503;ISP.ITEUR
2022-06-30 15:00:00;1.789;1.792;1.783;1.786;22.4661;ISP.ITEUR
2022-07-01 07:00:00;1.748;1.792;1.746;1.773;48.2106;ISP.ITEUR
2022-07-01 08:00:00;1.774;1.786;1.77;1.778;34.5246;ISP.ITEUR
2022-07-01 09:00:00;1.779;1.784;1.769;1.777;37.8518;ISP.ITEUR
2022-07-01 10:00:00;1.776;1.778;1.749;1.75;23.1701;ISP.ITEUR
2022-07-01 11:00:00;1.75;1.752;1.737;1.741;25.8468;ISP.ITEUR
2022-07-01 12:00:00;1.741;1.753;1.736;1.75;30.1854;ISP.ITEUR
2022-07-01 13:00:00;1.749;1.769;1.743;1.766;40.3384;ISP.ITEUR
2022-07-01 14:00:00;1.766;1.768;1.738;1.746;45.4071;ISP.ITEUR
2022-07-01 15:00:00;1.745;1.761;1.744;1.761;22.8828;ISP.ITEUR
2022-07-04 07:00:00;1.752;1.76;1.738;1.742;46.9443;ISP.ITEUR
2022-07-04 08:00:00;1.742;1.743;1.701;1.711;39.903;ISP.ITEUR
2022-07-04 09:00:00;1.711;1.738;1.709;1.734;35.0887;ISP.ITEUR
2022-07-04 10:00:00;1.735;1.74;1.726;1.733;28.0506;ISP.ITEUR
2022-07-04 11:00:00;1.734;1.741;1.729;1.733;25.6319;ISP.ITEUR
2022-07-04 12:00:00;1.733;1.737;1.729;1.732;23.694;ISP.ITEUR
2022-07-04 13:00:00;1.731;1.735;1.726;1.727;22.2811;ISP.ITEUR
2022-07-04 14:00:00;1.727;1.727;1.707;1.721;31.545;ISP.ITEUR
2022-07-04 15:00:00;1.72;1.729;1.72;1.725;15.5799;ISP.ITEUR
2022-07-05 07:00:00;1.736;1.751;1.73;1.73;47.9757;ISP.ITEUR
2022-07-05 08:00:00;1.731;1.731;1.704;1.71;49.4141;ISP.ITEUR
2022-07-05 09:00:00;1.711;1.72;1.704;1.718;50.594;ISP.ITEUR
2022-07-05 10:00:00;1.717;1.734;1.714;1.729;29.8434;ISP.ITEUR
2022-07-05 11:00:00;1.729;1.73;1.704;1.707;28.688;ISP.ITEUR
2022-07-05 12:00:00;1.707;1.708;1.679;1.68;54.4114;ISP.ITEUR
2022-07-05 13:00:00;1.679;1.683;1.666;1.678;60.3938;ISP.ITEUR
2022-07-05 14:00:00;1.677;1.696;1.672;1.681;61.5939;ISP.ITEUR
2022-07-05 15:00:00;1.682;1.682;1.666;1.669;29.2683;ISP.ITEUR
2022-07-06 07:00:00;1.704;1.708;1.671;1.671;55.4126;ISP.ITEUR
2022-07-06 08:00:00;1.672;1.68;1.657;1.671;47.217;ISP.ITEUR
2022-07-06 09:00:00;1.67;1.688;1.663;1.683;34.9308;ISP.ITEUR
2022-07-06 10:00:00;1.684;1.689;1.671;1.674;36.2183;ISP.ITEUR
2022-07-06 11:00:00;1.673;1.677;1.661;1.663;28.1536;ISP.ITEUR
2022-07-06 12:00:00;1.664;1.673;1.66;1.668;26.7153;ISP.ITEUR
2022-07-06 13:00:00;1.669;1.687;1.668;1.686;38.6858;ISP.ITEUR
2022-07-06 14:00:00;1.686;1.701;1.681;1.689;47.8175;ISP.ITEUR
2022-07-06 15:00:00;1.69;1.69;1.677;1.678;18.9883;ISP.ITEUR
2022-07-07 07:00:00;1.699;1.714;1.684;1.705;59.5395;ISP.ITEUR
2022-07-07 08:00:00;1.705;1.723;1.705;1.713;41.088;ISP.ITEUR
2022-07-07 09:00:00;1.712;1.724;1.707;1.717;43.4787;ISP.ITEUR
2022-07-07 10:00:00;1.716;1.725;1.713;1.719;27.9358;ISP.ITEUR
2022-07-07 11:00:00;1.719;1.729;1.71;1.729;28.0499;ISP.ITEUR
2022-07-07 12:00:00;1.728;1.736;1.724;1.732;22.5175;ISP.ITEUR
2022-07-07 13:00:00;1.731;1.747;1.726;1.745;30.9212;ISP.ITEUR
2022-07-07 14:00:00;1.744;1.748;1.733;1.745;33.0722;ISP.ITEUR
2022-07-07 15:00:00;1.746;1.748;1.744;1.745;12.0973;ISP.ITEUR
2022-07-08 07:00:00;1.745;1.745;1.724;1.732;46.275;ISP.ITEUR
2022-07-08 08:00:00;1.732;1.746;1.721;1.728;36.3312;ISP.ITEUR
2022-07-08 09:00:00;1.728;1.746;1.721;1.742;38.5413;ISP.ITEUR
2022-07-08 10:00:00;1.742;1.775;1.741;1.759;48.4979;ISP.ITEUR
2022-07-08 11:00:00;1.759;1.765;1.754;1.765;40.2568;ISP.ITEUR
2022-07-08 12:00:00;1.765;1.765;1.749;1.759;50.9922;ISP.ITEUR
2022-07-08 13:00:00;1.76;1.767;1.75;1.751;47.9369;ISP.ITEUR
2022-07-08 14:00:00;1.752;1.767;1.747;1.763;41.4496;ISP.ITEUR
2022-07-08 15:00:00;1.763;1.768;1.762;1.765;11.0217;ISP.ITEUR
2022-07-11 07:00:00;1.725;1.737;1.724;1.73;53.9452;ISP.ITEUR
2022-07-11 08:00:00;1.73;1.75;1.726;1.749;41.4846;ISP.ITEUR
2022-07-11 09:00:00;1.748;1.758;1.746;1.756;31.8206;ISP.ITEUR
2022-07-11 10:00:00;1.757;1.763;1.754;1.762;24.4868;ISP.ITEUR
2022-07-11 11:00:00;1.763;1.764;1.756;1.763;23.0939;ISP.ITEUR
2022-07-11 12:00:00;1.763;1.765;1.747;1.749;26.5474;ISP.ITEUR
2022-07-11 13:00:00;1.748;1.749;1.73;1.741;39.5886;ISP.ITEUR
2022-07-11 14:00:00;1.74;1.749;1.73;1.73;39.5575;ISP.ITEUR
2022-07-11 15:00:00;1.729;1.738;1.727;1.735;16.2687;ISP.ITEUR
2022-07-12 07:00:00;1.711;1.718;1.692;1.699;46.7619;ISP.ITEUR
2022-07-12 08:00:00;1.698;1.7;1.686;1.689;38.1376;ISP.ITEUR
2022-07-12 09:00:00;1.69;1.697;1.681;1.689;41.4668;ISP.ITEUR
2022-07-12 10:00:00;1.688;1.703;1.677;1.679;40.329;ISP.ITEUR
2022-07-12 11:00:00;1.678;1.69;1.671;1.674;44.8991;ISP.ITEUR
2022-07-12 12:00:00;1.673;1.682;1.66;1.68;35.378;ISP.ITEUR
2022-07-12 13:00:00;1.681;1.695;1.677;1.687;46.0743;ISP.ITEUR
2022-07-12 14:00:00;1.686;1.707;1.685;1.703;46.5917;ISP.ITEUR
2022-07-12 15:00:00;1.702;1.709;1.7;1.705;16.8157;ISP.ITEUR
2022-07-13 07:00:00;1.699;1.704;1.679;1.689;51.7492;ISP.ITEUR
2022-07-13 08:00:00;1.688;1.696;1.675;1.692;45.3353;ISP.ITEUR
2022-07-13 09:00:00;1.69;1.699;1.688;1.698;30.5864;ISP.ITEUR
2022-07-13 10:00:00;1.698;1.703;1.691;1.699;24.2475;ISP.ITEUR
2022-07-13 11:00:00;1.699;1.7;1.692;1.695;23.8104;ISP.ITEUR
2022-07-13 12:00:00;1.695;1.707;1.677;1.694;51.2641;ISP.ITEUR
2022-07-13 13:00:00;1.694;1.698;1.683;1.689;55.8615;ISP.ITEUR
2022-07-13 14:00:00;1.688;1.7;1.676;1.693;52.5021;ISP.ITEUR
2022-07-13 15:00:00;1.694;1.701;1.69;1.699;18.3177;ISP.ITEUR
2022-07-14 07:00:00;1.651;1.656;1.628;1.634;65.5294;ISP.ITEUR
2022-07-14 08:00:00;1.634;1.649;1.627;1.636;54.9336;ISP.ITEUR
2022-07-14 09:00:00;1.636;1.644;1.629;1.642;51.0243;ISP.ITEUR
2022-07-14 10:00:00;1.642;1.646;1.628;1.633;39.1254;ISP.ITEUR
2022-07-14 11:00:00;1.633;1.639;1.618;1.627;45.5767;ISP.ITEUR
2022-07-14 12:00:00;1.627;1.628;1.612;1.617;53.4294;ISP.ITEUR
2022-07-14 13:00:00;1.616;1.631;1.609;1.617;64.0081;ISP.ITEUR
2022-07-14 14:00:00;1.616;1.62;1.604;1.617;56.957;ISP.ITEUR
2022-07-14 15:00:00;1.618;1.622;1.612;1.615;26.1865;ISP.ITEUR
2022-07-15 07:00:00;1.594;1.64;1.587;1.638;60.5078;ISP.ITEUR
2022-07-15 08:00:00;1.638;1.661;1.637;1.654;51.2407;ISP.ITEUR
2022-07-15 09:00:00;1.654;1.661;1.631;1.637;47.8988;ISP.ITEUR
2022-07-15 10:00:00;1.638;1.638;1.625;1.637;41.4568;ISP.ITEUR
2022-07-15 11:00:00;1.636;1.639;1.624;1.625;32.3501;ISP.ITEUR
2022-07-15 12:00:00;1.626;1.633;1.618;1.622;47.8203;ISP.ITEUR
2022-07-15 13:00:00;1.622;1.634;1.616;1.628;49.897;ISP.ITEUR
2022-07-15 14:00:00;1.629;1.641;1.628;1.637;48.2492;ISP.ITEUR
2022-07-15 15:00:00;1.638;1.641;1.635;1.635;9.4712;ISP.ITEUR
2022-07-18 07:00:00;1.642;1.679;1.641;1.672;67.1052;ISP.ITEUR
2022-07-18 08:00:00;1.672;1.688;1.669;1.681;51.0938;ISP.ITEUR
2022-07-18 09:00:00;1.681;1.692;1.679;1.69;33.3673;ISP.ITEUR
2022-07-18 10:00:00;1.691;1.701;1.69;1.695;28.8672;ISP.ITEUR
2022-07-18 11:00:00;1.694;1.703;1.691;1.699;21.0676;ISP.ITEUR
2022-07-18 12:00:00;1.7;1.7;1.68;1.685;31.4851;ISP.ITEUR
2022-07-18 13:00:00;1.685;1.689;1.678;1.683;33.3741;ISP.ITEUR
2022-07-18 14:00:00;1.684;1.686;1.675;1.685;35.2269;ISP.ITEUR
2022-07-18 15:00:00;1.685;1.685;1.671;1.675;17.6943;ISP.ITEUR
2022-07-19 07:00:00;1.683;1.7;1.672;1.677;58.3344;ISP.ITEUR
2022-07-19 08:00:00;1.676;1.685;1.674;1.681;35.1914;ISP.ITEUR
2022-07-19 09:00:00;1.682;1.708;1.681;1.706;35.894;ISP.ITEUR
2022-07-19 10:00:00;1.706;1.72;1.706;1.714;29.9147;ISP.ITEUR
2022-07-19 11:00:00;1.714;1.718;1.706;1.713;19.8532;ISP.ITEUR
2022-07-19 12:00:00;1.713;1.735;1.712;1.734;23.1106;ISP.ITEUR
2022-07-19 13:00:00;1.734;1.747;1.731;1.747;40.0401;ISP.ITEUR
2022-07-19 14:00:00;1.746;1.773;1.743;1.769;40.5203;ISP.ITEUR
2022-07-19 15:00:00;1.768;1.775;1.768;1.772;15.9197;ISP.ITEUR
2022-07-20 07:00:00;1.791;1.795;1.733;1.754;63.2931;ISP.ITEUR
2022-07-20 08:00:00;1.754;1.811;1.75;1.771;62.007;ISP.ITEUR
2022-07-20 09:00:00;1.77;1.786;1.769;1.776;50.7966;ISP.ITEUR
2022-07-20 10:00:00;1.775;1.779;1.738;1.75;54.1399;ISP.ITEUR
2022-07-20 11:00:00;1.751;1.755;1.724;1.734;41.7142;ISP.ITEUR
2022-07-20 12:00:00;1.732;1.74;1.704;1.718;57.6407;ISP.ITEUR
2022-07-20 13:00:00;1.719;1.727;1.712;1.718;51.857;ISP.ITEUR
2022-07-20 14:00:00;1.718;1.735;1.71;1.719;49.1485;ISP.ITEUR
2022-07-20 15:00:00;1.719;1.72;1.699;1.703;27.5721;ISP.ITEUR
2022-07-21 07:00:00;1.627;1.655;1.619;1.622;81.3932;ISP.ITEUR
2022-07-21 08:00:00;1.622;1.622;1.583;1.616;73.2243;ISP.ITEUR
2022-07-21 09:00:00;1.615;1.638;1.607;1.632;47.2655;ISP.ITEUR
2022-07-21 10:00:00;1.632;1.648;1.627;1.636;45.4267;ISP.ITEUR
2022-07-21 11:00:00;1.635;1.647;1.634;1.642;33.2939;ISP.ITEUR
2022-07-21 12:00:00;1.643;1.697;1.623;1.673;84.845;ISP.ITEUR
2022-07-21 13:00:00;1.673;1.675;1.63;1.66;91.6958;ISP.ITEUR
2022-07-21 14:00:00;1.66;1.677;1.642;1.676;71.6982;ISP.ITEUR
2022-07-21 15:00:00;1.675;1.677;1.657;1.661;22.3592;ISP.ITEUR
2022-07-22 07:00:00;1.666;1.676;1.645;1.657;67.4427;ISP.ITEUR
2022-07-22 08:00:00;1.658;1.66;1.641;1.65;52.2951;ISP.ITEUR
2022-07-22 09:00:00;1.65;1.687;1.65;1.666;52.2946;ISP.ITEUR
2022-07-22 10:00:00;1.665;1.675;1.657;1.665;36.8418;ISP.ITEUR
2022-07-22 11:00:00;1.664;1.687;1.659;1.686;25.6538;ISP.ITEUR
2022-07-22 12:00:00;1.685;1.688;1.672;1.674;32.7915;ISP.ITEUR
2022-07-22 13:00:00;1.671;1.683;1.663;1.664;49.4858;ISP.ITEUR
2022-07-22 14:00:00;1.664;1.67;1.655;1.658;41.0714;ISP.ITEUR
2022-07-22 15:00:00;1.659;1.662;1.655;1.658;14.3189;ISP.ITEUR
2022-07-25 07:00:00;1.669;1.688;1.664;1.683;54.6434;ISP.ITEUR
2022-07-25 08:00:00;1.683;1.694;1.678;1.685;37.6733;ISP.ITEUR
2022-07-25 09:00:00;1.684;1.699;1.683;1.69;37.0009;ISP.ITEUR
2022-07-25 10:00:00;1.69;1.695;1.686;1.692;25.4521;ISP.ITEUR
2022-07-25 11:00:00;1.692;1.698;1.688;1.692;26.3286;ISP.ITEUR
2022-07-25 12:00:00;1.693;1.696;1.686;1.688;20.1088;ISP.ITEUR
2022-07-25 13:00:00;1.688;1.694;1.679;1.692;35.9358;ISP.ITEUR
2022-07-25 14:00:00;1.691;1.697;1.673;1.677;48.8576;ISP.ITEUR
2022-07-25 15:00:00;1.677;1.685;1.676;1.683;13.2629;ISP.ITEUR
2022-07-26 07:00:00;1.669;1.672;1.653;1.654;45.2489;ISP.ITEUR
2022-07-26 08:00:00;1.654;1.665;1.649;1.661;34.6747;ISP.ITEUR
2022-07-26 09:00:00;1.662;1.675;1.659;1.67;28.5345;ISP.ITEUR
2022-07-26 10:00:00;1.669;1.677;1.651;1.66;32.4896;ISP.ITEUR
2022-07-26 11:00:00;1.66;1.66;1.654;1.655;25.4575;ISP.ITEUR
2022-07-26 12:00:00;1.655;1.664;1.654;1.662;16.2097;ISP.ITEUR
2022-07-26 13:00:00;1.663;1.672;1.652;1.667;38.5651;ISP.ITEUR
2022-07-26 14:00:00;1.664;1.671;1.658;1.663;30.0062;ISP.ITEUR
2022-07-26 15:00:00;1.664;1.665;1.658;1.659;8.5075;ISP.ITEUR
2022-07-27 07:00:00;1.674;1.679;1.663;1.666;41.8727;ISP.ITEUR
2022-07-27 08:00:00;1.665;1.669;1.646;1.649;33.3747;ISP.ITEUR
2022-07-27 09:00:00;1.649;1.66;1.645;1.657;27.0854;ISP.ITEUR
2022-07-27 10:00:00;1.658;1.66;1.653;1.659;19.7653;ISP.ITEUR
2022-07-27 11:00:00;1.658;1.663;1.656;1.661;15.8671;ISP.ITEUR
2022-07-27 12:00:00;1.66;1.668;1.66;1.667;16.621;ISP.ITEUR
2022-07-27 13:00:00;1.667;1.673;1.659;1.67;33.0945;ISP.ITEUR
2022-07-27 14:00:00;1.67;1.677;1.666;1.674;26.4282;ISP.ITEUR
2022-07-27 15:00:00;1.673;1.677;1.67;1.674;14.2657;ISP.ITEUR
2022-07-28 07:00:00;1.693;1.729;1.691;1.715;57.0542;ISP.ITEUR
2022-07-28 08:00:00;1.714;1.714;1.704;1.711;40.5081;ISP.ITEUR
2022-07-28 09:00:00;1.712;1.718;1.706;1.714;30.6413;ISP.ITEUR
2022-07-28 10:00:00;1.714;1.715;1.707;1.709;27.094;ISP.ITEUR
2022-07-28 11:00:00;1.71;1.713;1.706;1.709;22.2625;ISP.ITEUR
2022-07-28 12:00:00;1.709;1.71;1.695;1.7;38.49;ISP.ITEUR
2022-07-28 13:00:00;1.701;1.71;1.695;1.702;51.1416;ISP.ITEUR
2022-07-28 14:00:00;1.703;1.716;1.699;1.715;41.3921;ISP.ITEUR
2022-07-28 15:00:00;1.715;1.716;1.708;1.712;15.2317;ISP.ITEUR
2022-07-29 07:00:00;1.735;1.751;1.714;1.743;54.4158;ISP.ITEUR
2022-07-29 08:00:00;1.743;1.744;1.73;1.744;35.9524;ISP.ITEUR
2022-07-29 09:00:00;1.744;1.744;1.737;1.742;28.5848;ISP.ITEUR
2022-07-29 10:00:00;1.741;1.75;1.738;1.748;26.2147;ISP.ITEUR
2022-07-29 11:00:00;1.749;1.754;1.739;1.748;31.3693;ISP.ITEUR
2022-07-29 12:00:00;1.747;1.753;1.745;1.747;25.2309;ISP.ITEUR
2022-07-29 13:00:00;1.747;1.747;1.717;1.723;41.3565;ISP.ITEUR
2022-07-29 14:00:00;1.722;1.733;1.717;1.72;37.5523;ISP.ITEUR
2022-07-29 15:00:00;1.72;1.726;1.717;1.717;12.0111;ISP.ITEUR
2022-08-01 07:00:00;1.745;1.765;1.741;1.762;50.9473;ISP.ITEUR
2022-08-01 08:00:00;1.761;1.766;1.758;1.761;38.4292;ISP.ITEUR
2022-08-01 09:00:00;1.762;1.773;1.76;1.768;33.0623;ISP.ITEUR
2022-08-01 10:00:00;1.767;1.77;1.764;1.768;25.0514;ISP.ITEUR
2022-08-01 11:00:00;1.767;1.775;1.765;1.765;21.5476;ISP.ITEUR
2022-08-01 12:00:00;1.764;1.773;1.759;1.76;27.44;ISP.ITEUR
2022-08-01 13:00:00;1.759;1.76;1.737;1.754;42.3395;ISP.ITEUR
2022-08-01 14:00:00;1.752;1.77;1.745;1.757;45.405;ISP.ITEUR
2022-08-01 15:00:00;1.757;1.758;1.745;1.751;17.4708;ISP.ITEUR
2022-08-02 07:00:00;1.761;1.762;1.739;1.741;49.4272;ISP.ITEUR
2022-08-02 08:00:00;1.742;1.75;1.735;1.741;30.4507;ISP.ITEUR
2022-08-02 09:00:00;1.742;1.748;1.74;1.74;24.2552;ISP.ITEUR
2022-08-02 10:00:00;1.74;1.743;1.731;1.733;24.9875;ISP.ITEUR
2022-08-02 11:00:00;1.732;1.748;1.731;1.747;25.1628;ISP.ITEUR
2022-08-02 12:00:00;1.747;1.749;1.742;1.749;19.7321;ISP.ITEUR
2022-08-02 13:00:00;1.75;1.757;1.746;1.748;38.2937;ISP.ITEUR
2022-08-02 14:00:00;1.747;1.762;1.743;1.757;40.6513;ISP.ITEUR
2022-08-02 15:00:00;1.757;1.758;1.751;1.753;11.4588;ISP.ITEUR
2022-08-03 07:00:00;1.754;1.774;1.749;1.771;43.0409;ISP.ITEUR
2022-08-03 08:00:00;1.77;1.772;1.764;1.766;21.309;ISP.ITEUR
2022-08-03 09:00:00;1.767;1.774;1.765;1.768;21.1176;ISP.ITEUR
2022-08-03 10:00:00;1.767;1.771;1.766;1.769;13.8318;ISP.ITEUR
2022-08-03 11:00:00;1.768;1.772;1.766;1.767;12.263;ISP.ITEUR
2022-08-03 12:00:00;1.768;1.77;1.763;1.77;12.5101;ISP.ITEUR
2022-08-03 13:00:00;1.77;1.772;1.764;1.769;19.9234;ISP.ITEUR
2022-08-03 14:00:00;1.768;1.772;1.763;1.767;25.9278;ISP.ITEUR
2022-08-03 15:00:00;1.767;1.773;1.764;1.77;9.8741;ISP.ITEUR
2022-08-04 07:00:00;1.783;1.792;1.78;1.786;43.2393;ISP.ITEUR
2022-08-04 08:00:00;1.785;1.786;1.775;1.782;24.3189;ISP.ITEUR
2022-08-04 09:00:00;1.781;1.784;1.776;1.784;16.7781;ISP.ITEUR
2022-08-04 10:00:00;1.783;1.789;1.783;1.787;16.9215;ISP.ITEUR
2022-08-04 11:00:00;1.787;1.787;1.764;1.764;25.9753;ISP.ITEUR
2022-08-04 12:00:00;1.764;1.771;1.763;1.769;26.3894;ISP.ITEUR
2022-08-04 13:00:00;1.77;1.771;1.762;1.767;31.3744;ISP.ITEUR
2022-08-04 14:00:00;1.767;1.774;1.762;1.772;24.8685;ISP.ITEUR
2022-08-04 15:00:00;1.772;1.779;1.77;1.779;13.5928;ISP.ITEUR
2022-08-05 07:00:00;1.787;1.798;1.782;1.797;29.4954;ISP.ITEUR
2022-08-05 08:00:00;1.797;1.8;1.788;1.793;16.6903;ISP.ITEUR
2022-08-05 09:00:00;1.794;1.798;1.788;1.795;16.5392;ISP.ITEUR
2022-08-05 10:00:00;1.796;1.798;1.794;1.794;10.2163;ISP.ITEUR
2022-08-05 11:00:00;1.795;1.8;1.793;1.798;8.8628;ISP.ITEUR
2022-08-05 12:00:00;1.798;1.803;1.79;1.798;27.4967;ISP.ITEUR
2022-08-05 13:00:00;1.799;1.814;1.796;1.812;26.7639;ISP.ITEUR
2022-08-05 14:00:00;1.811;1.823;1.807;1.818;23.6819;ISP.ITEUR
2022-08-05 15:00:00;1.817;1.818;1.811;1.812;11.0449;ISP.ITEUR
2022-08-08 07:00:00;1.826;1.83;1.798;1.804;38.8603;ISP.ITEUR
2022-08-08 08:00:00;1.805;1.805;1.79;1.802;28.3883;ISP.ITEUR
2022-08-08 09:00:00;1.802;1.808;1.798;1.808;19.6768;ISP.ITEUR
2022-08-08 10:00:00;1.807;1.819;1.805;1.819;15.7112;ISP.ITEUR
2022-08-08 11:00:00;1.819;1.824;1.818;1.821;10.2961;ISP.ITEUR
2022-08-08 12:00:00;1.822;1.827;1.819;1.827;17.5426;ISP.ITEUR
2022-08-08 13:00:00;1.826;1.831;1.822;1.824;22.8458;ISP.ITEUR
2022-08-08 14:00:00;1.824;1.826;1.816;1.819;18.0762;ISP.ITEUR
2022-08-08 15:00:00;1.819;1.822;1.816;1.817;8.417;ISP.ITEUR
2022-08-09 07:00:00;1.815;1.829;1.805;1.826;31.351;ISP.ITEUR
2022-08-09 08:00:00;1.825;1.831;1.824;1.83;15.3527;ISP.ITEUR
2022-08-09 09:00:00;1.829;1.831;1.821;1.825;15.3049;ISP.ITEUR
2022-08-09 10:00:00;1.824;1.827;1.817;1.822;19.6766;ISP.ITEUR
2022-08-09 11:00:00;1.822;1.824;1.809;1.811;17.3672;ISP.ITEUR
2022-08-09 12:00:00;1.811;1.817;1.811;1.815;14.1024;ISP.ITEUR
2022-08-09 13:00:00;1.815;1.824;1.813;1.816;27.2414;ISP.ITEUR
2022-08-09 14:00:00;1.816;1.819;1.812;1.815;19.6369;ISP.ITEUR
2022-08-09 15:00:00;1.814;1.819;1.81;1.812;11.3472;ISP.ITEUR
2022-08-10 07:00:00;1.815;1.827;1.807;1.818;38.8039;ISP.ITEUR
2022-08-10 08:00:00;1.817;1.825;1.816;1.822;22.3041;ISP.ITEUR
2022-08-10 09:00:00;1.822;1.824;1.813;1.816;14.596;ISP.ITEUR
2022-08-10 10:00:00;1.817;1.817;1.811;1.815;8.7832;ISP.ITEUR
2022-08-10 11:00:00;1.814;1.818;1.81;1.814;12.3666;ISP.ITEUR
2022-08-10 12:00:00;1.814;1.83;1.813;1.823;40.5238;ISP.ITEUR
2022-08-10 13:00:00;1.824;1.831;1.818;1.828;32.0829;ISP.ITEUR
2022-08-10 14:00:00;1.828;1.831;1.823;1.829;24.0879;ISP.ITEUR
2022-08-10 15:00:00;1.83;1.834;1.828;1.833;7.3817;ISP.ITEUR
2022-08-11 07:00:00;1.844;1.85;1.838;1.842;30.841;ISP.ITEUR
2022-08-11 08:00:00;1.841;1.844;1.836;1.843;18.0363;ISP.ITEUR
2022-08-11 09:00:00;1.842;1.842;1.832;1.833;14.9784;ISP.ITEUR
2022-08-11 10:00:00;1.834;1.836;1.827;1.828;13.9351;ISP.ITEUR
2022-08-11 11:00:00;1.829;1.833;1.827;1.832;8.0106;ISP.ITEUR
2022-08-11 12:00:00;1.833;1.843;1.83;1.842;16.1491;ISP.ITEUR
2022-08-11 13:00:00;1.841;1.844;1.835;1.842;23.0689;ISP.ITEUR
2022-08-11 14:00:00;1.841;1.844;1.838;1.841;15.3128;ISP.ITEUR
2022-08-11 15:00:00;1.842;1.842;1.835;1.838;10.1528;ISP.ITEUR
2022-08-12 07:00:00;1.847;1.853;1.839;1.846;28.3806;ISP.ITEUR
2022-08-12 08:00:00;1.845;1.851;1.842;1.848;17.3674;ISP.ITEUR
2022-08-12 09:00:00;1.848;1.857;1.846;1.856;14.9146;ISP.ITEUR
2022-08-12 10:00:00;1.856;1.857;1.842;1.845;24.7968;ISP.ITEUR
2022-08-12 11:00:00;1.844;1.853;1.843;1.852;11.8968;ISP.ITEUR
2022-08-12 12:00:00;1.851;1.857;1.848;1.855;14.4688;ISP.ITEUR
2022-08-12 13:00:00;1.855;1.856;1.847;1.852;21.2849;ISP.ITEUR
2022-08-12 14:00:00;1.849;1.855;1.845;1.846;26.5565;ISP.ITEUR
2022-08-12 15:00:00;1.846;1.853;1.844;1.852;12.255;ISP.ITEUR
2022-08-16 07:00:00;1.839;1.857;1.828;1.856;31.7968;ISP.ITEUR
2022-08-16 08:00:00;1.857;1.863;1.852;1.857;22.0897;ISP.ITEUR
2022-08-16 09:00:00;1.856;1.859;1.85;1.855;16.1809;ISP.ITEUR
2022-08-16 10:00:00;1.854;1.855;1.845;1.846;10.3118;ISP.ITEUR
2022-08-16 11:00:00;1.845;1.848;1.839;1.841;13.3381;ISP.ITEUR
2022-08-16 12:00:00;1.841;1.845;1.839;1.841;16.1649;ISP.ITEUR
2022-08-16 13:00:00;1.842;1.85;1.839;1.849;24.9405;ISP.ITEUR
2022-08-16 14:00:00;1.848;1.853;1.846;1.849;22.6465;ISP.ITEUR
2022-08-16 15:00:00;1.85;1.852;1.845;1.849;9.9778;ISP.ITEUR
2022-08-17 07:00:00;1.865;1.866;1.858;1.861;20.7916;ISP.ITEUR
2022-08-17 08:00:00;1.86;1.864;1.85;1.859;22.4478;ISP.ITEUR
2022-08-17 09:00:00;1.859;1.863;1.856;1.86;13.7441;ISP.ITEUR
2022-08-17 10:00:00;1.859;1.861;1.838;1.841;22.9415;ISP.ITEUR
2022-08-17 11:00:00;1.842;1.843;1.832;1.834;17.9883;ISP.ITEUR
2022-08-17 12:00:00;1.834;1.839;1.829;1.829;24.4786;ISP.ITEUR
2022-08-17 13:00:00;1.83;1.831;1.821;1.828;35.7141;ISP.ITEUR
2022-08-17 14:00:00;1.828;1.83;1.82;1.821;28.1173;ISP.ITEUR
2022-08-17 15:00:00;1.821;1.825;1.82;1.825;14.0468;ISP.ITEUR
2022-08-18 07:00:00;1.837;1.839;1.822;1.827;31.5418;ISP.ITEUR
2022-08-18 08:00:00;1.828;1.833;1.823;1.829;23.5305;ISP.ITEUR
2022-08-18 09:00:00;1.829;1.833;1.827;1.832;17.2717;ISP.ITEUR
2022-08-18 10:00:00;1.833;1.839;1.832;1.835;18.5776;ISP.ITEUR
2022-08-18 11:00:00;1.834;1.836;1.831;1.836;16.1727;ISP.ITEUR
2022-08-18 12:00:00;1.835;1.841;1.832;1.84;19.0235;ISP.ITEUR
2022-08-18 13:00:00;1.839;1.84;1.827;1.836;22.6626;ISP.ITEUR
2022-08-18 14:00:00;1.836;1.837;1.829;1.835;19.8676;ISP.ITEUR
2022-08-18 15:00:00;1.834;1.834;1.826;1.83;9.4282;ISP.ITEUR
2022-08-19 07:00:00;1.817;1.818;1.799;1.802;27.3773;ISP.ITEUR
2022-08-19 08:00:00;1.8;1.805;1.78;1.786;32.7044;ISP.ITEUR
2022-08-19 09:00:00;1.787;1.787;1.765;1.772;42.029;ISP.ITEUR
2022-08-19 10:00:00;1.771;1.788;1.77;1.779;31.6214;ISP.ITEUR
2022-08-19 11:00:00;1.78;1.788;1.778;1.788;21.0464;ISP.ITEUR
2022-08-19 12:00:00;1.787;1.791;1.775;1.776;23.5784;ISP.ITEUR
2022-08-19 13:00:00;1.776;1.778;1.765;1.77;32.4413;ISP.ITEUR
2022-08-19 14:00:00;1.769;1.78;1.766;1.77;28.9537;ISP.ITEUR
2022-08-19 15:00:00;1.769;1.774;1.768;1.769;12.8841;ISP.ITEUR
2022-08-22 07:00:00;1.747;1.754;1.722;1.724;45.4851;ISP.ITEUR
2022-08-22 08:00:00;1.725;1.728;1.713;1.725;34.9022;ISP.ITEUR
2022-08-22 09:00:00;1.725;1.726;1.708;1.714;23.1326;ISP.ITEUR
2022-08-22 10:00:00;1.713;1.727;1.711;1.723;25.3781;ISP.ITEUR
2022-08-22 11:00:00;1.723;1.725;1.72;1.723;19.2544;ISP.ITEUR
2022-08-22 12:00:00;1.724;1.724;1.715;1.717;19.7641;ISP.ITEUR
2022-08-22 13:00:00;1.716;1.72;1.709;1.714;29.8056;ISP.ITEUR
2022-08-22 14:00:00;1.714;1.716;1.699;1.71;32.0275;ISP.ITEUR
2022-08-22 15:00:00;1.71;1.714;1.706;1.708;13.4656;ISP.ITEUR
2022-08-23 07:00:00;1.719;1.743;1.709;1.742;53.9421;ISP.ITEUR
2022-08-23 08:00:00;1.742;1.745;1.731;1.745;37.7049;ISP.ITEUR
2022-08-23 09:00:00;1.744;1.758;1.739;1.754;31.0558;ISP.ITEUR
2022-08-23 10:00:00;1.753;1.756;1.738;1.741;25.8399;ISP.ITEUR
2022-08-23 11:00:00;1.74;1.746;1.736;1.746;20.051;ISP.ITEUR
2022-08-23 12:00:00;1.746;1.758;1.743;1.756;21.2054;ISP.ITEUR
2022-08-23 13:00:00;1.756;1.759;1.748;1.754;32.3538;ISP.ITEUR
2022-08-23 14:00:00;1.753;1.762;1.746;1.754;26.525;ISP.ITEUR
2022-08-23 15:00:00;1.754;1.754;1.748;1.748;9.8263;ISP.ITEUR
2022-08-24 07:00:00;1.748;1.757;1.726;1.729;44.1074;ISP.ITEUR
2022-08-24 08:00:00;1.729;1.747;1.729;1.744;24.1199;ISP.ITEUR
2022-08-24 09:00:00;1.744;1.747;1.729;1.735;18.1875;ISP.ITEUR
2022-08-24 10:00:00;1.736;1.747;1.732;1.742;17.2719;ISP.ITEUR
2022-08-24 11:00:00;1.742;1.753;1.741;1.75;14.3016;ISP.ITEUR
2022-08-24 12:00:00;1.751;1.753;1.744;1.748;16.1253;ISP.ITEUR
2022-08-24 13:00:00;1.747;1.754;1.744;1.752;23.8492;ISP.ITEUR
2022-08-24 14:00:00;1.751;1.76;1.747;1.757;19.4933;ISP.ITEUR
2022-08-24 15:00:00;1.758;1.763;1.756;1.762;8.2577;ISP.ITEUR
2022-08-25 07:00:00;1.77;1.777;1.755;1.765;35.9453;ISP.ITEUR
2022-08-25 08:00:00;1.765;1.768;1.759;1.767;27.0663;ISP.ITEUR
2022-08-25 09:00:00;1.767;1.767;1.736;1.737;31.4458;ISP.ITEUR
2022-08-25 10:00:00;1.736;1.75;1.735;1.749;23.0689;ISP.ITEUR
2022-08-25 11:00:00;1.75;1.758;1.741;1.746;24.0962;ISP.ITEUR
2022-08-25 12:00:00;1.746;1.751;1.737;1.737;26.8353;ISP.ITEUR
2022-08-25 13:00:00;1.736;1.739;1.727;1.737;28.1974;ISP.ITEUR
2022-08-25 14:00:00;1.738;1.75;1.736;1.749;25.02;ISP.ITEUR
2022-08-25 15:00:00;1.749;1.749;1.738;1.74;13.33;ISP.ITEUR
2022-08-26 07:00:00;1.735;1.752;1.731;1.752;32.8559;ISP.ITEUR
2022-08-26 08:00:00;1.752;1.753;1.728;1.732;28.3326;ISP.ITEUR
2022-08-26 09:00:00;1.732;1.738;1.724;1.728;26.3818;ISP.ITEUR
2022-08-26 10:00:00;1.727;1.731;1.724;1.729;19.0396;ISP.ITEUR
2022-08-26 11:00:00;1.73;1.731;1.715;1.723;20.6482;ISP.ITEUR
2022-08-26 12:00:00;1.723;1.733;1.722;1.733;21.2537;ISP.ITEUR
2022-08-26 13:00:00;1.732;1.738;1.706;1.717;35.7461;ISP.ITEUR
2022-08-26 14:00:00;1.716;1.72;1.682;1.691;62.0876;ISP.ITEUR
2022-08-26 15:00:00;1.691;1.692;1.683;1.686;21.7149;ISP.ITEUR
2022-08-29 07:00:00;1.673;1.681;1.658;1.674;47.9619;ISP.ITEUR
2022-08-29 08:00:00;1.674;1.682;1.663;1.663;31.1196;ISP.ITEUR
2022-08-29 09:00:00;1.664;1.681;1.662;1.679;28.8661;ISP.ITEUR
2022-08-29 10:00:00;1.678;1.681;1.673;1.674;21.7071;ISP.ITEUR
2022-08-29 11:00:00;1.674;1.681;1.668;1.68;18.1635;ISP.ITEUR
2022-08-29 12:00:00;1.68;1.687;1.674;1.681;18.1477;ISP.ITEUR
2022-08-29 13:00:00;1.681;1.695;1.681;1.69;25.5054;ISP.ITEUR
2022-08-29 14:00:00;1.69;1.703;1.685;1.688;28.9697;ISP.ITEUR
2022-08-29 15:00:00;1.687;1.697;1.685;1.695;13.6964;ISP.ITEUR
2022-08-30 07:00:00;1.71;1.737;1.706;1.731;39.2501;ISP.ITEUR
2022-08-30 08:00:00;1.731;1.739;1.724;1.734;31.1915;ISP.ITEUR
2022-08-30 09:00:00;1.734;1.753;1.731;1.752;31.8043;ISP.ITEUR
2022-08-30 10:00:00;1.752;1.757;1.747;1.752;28.6426;ISP.ITEUR
2022-08-30 11:00:00;1.753;1.756;1.748;1.753;23.2915;ISP.ITEUR
2022-08-30 12:00:00;1.752;1.76;1.736;1.736;29.1445;ISP.ITEUR
2022-08-30 13:00:00;1.736;1.741;1.731;1.734;38.7161;ISP.ITEUR
2022-08-30 14:00:00;1.734;1.735;1.718;1.726;42.8093;ISP.ITEUR
2022-08-30 15:00:00;1.726;1.733;1.723;1.726;23.8013;ISP.ITEUR
2022-08-31 07:00:00;1.744;1.753;1.735;1.738;39.6403;ISP.ITEUR
2022-08-31 08:00:00;1.736;1.744;1.733;1.734;34.8781;ISP.ITEUR
2022-08-31 09:00:00;1.734;1.734;1.717;1.721;40.834;ISP.ITEUR
2022-08-31 10:00:00;1.721;1.725;1.715;1.72;33.1262;ISP.ITEUR
2022-08-31 11:00:00;1.721;1.725;1.716;1.717;26.907;ISP.ITEUR
2022-08-31 12:00:00;1.716;1.724;1.711;1.724;29.2163;ISP.ITEUR
2022-08-31 13:00:00;1.723;1.742;1.723;1.732;41.2244;ISP.ITEUR
2022-08-31 14:00:00;1.732;1.733;1.723;1.723;46.9818;ISP.ITEUR
2022-08-31 15:00:00;1.721;1.725;1.716;1.722;16.9054;ISP.ITEUR
2022-09-01 07:00:00;1.711;1.712;1.696;1.701;41.8538;ISP.ITEUR
2022-09-01 08:00:00;1.702;1.712;1.695;1.699;39.3776;ISP.ITEUR
2022-09-01 09:00:00;1.7;1.707;1.698;1.701;28.3405;ISP.ITEUR
2022-09-01 10:00:00;1.701;1.704;1.693;1.694;25.0119;ISP.ITEUR
2022-09-01 11:00:00;1.695;1.704;1.693;1.696;22.6788;ISP.ITEUR
2022-09-01 12:00:00;1.695;1.704;1.695;1.699;28.2053;ISP.ITEUR
2022-09-01 13:00:00;1.699;1.704;1.693;1.7;35.0135;ISP.ITEUR
2022-09-01 14:00:00;1.697;1.701;1.682;1.692;39.9585;ISP.ITEUR
2022-09-01 15:00:00;1.691;1.7;1.69;1.694;18.6256;ISP.ITEUR
2022-09-02 07:00:00;1.711;1.717;1.702;1.707;39.2814;ISP.ITEUR
2022-09-02 08:00:00;1.708;1.719;1.7;1.716;24.2952;ISP.ITEUR
2022-09-02 09:00:00;1.716;1.716;1.707;1.713;23.0447;ISP.ITEUR
2022-09-02 10:00:00;1.714;1.718;1.711;1.716;22.3041;ISP.ITEUR
2022-09-02 11:00:00;1.715;1.719;1.706;1.716;26.6758;ISP.ITEUR
2022-09-02 12:00:00;1.717;1.731;1.713;1.724;36.4472;ISP.ITEUR
2022-09-02 13:00:00;1.723;1.731;1.714;1.716;35.5791;ISP.ITEUR
2022-09-02 14:00:00;1.721;1.738;1.718;1.737;35.2842;ISP.ITEUR
2022-09-02 15:00:00;1.737;1.741;1.735;1.737;14.5325;ISP.ITEUR
2022-09-05 07:00:00;1.681;1.685;1.67;1.678;57.9794;ISP.ITEUR
2022-09-05 08:00:00;1.679;1.693;1.675;1.691;32.537;ISP.ITEUR
2022-09-05 09:00:00;1.689;1.693;1.682;1.688;31.0473;ISP.ITEUR
2022-09-05 10:00:00;1.689;1.695;1.685;1.687;22.535;ISP.ITEUR
2022-09-05 11:00:00;1.686;1.692;1.683;1.687;21.253;ISP.ITEUR
2022-09-05 12:00:00;1.688;1.691;1.682;1.691;21.0381;ISP.ITEUR
2022-09-05 13:00:00;1.69;1.698;1.688;1.692;18.4025;ISP.ITEUR
2022-09-05 14:00:00;1.692;1.696;1.683;1.693;17.5027;ISP.ITEUR
2022-09-05 15:00:00;1.695;1.701;1.692;1.696;6.6094;ISP.ITEUR
2022-09-06 07:00:00;1.703;1.719;1.7;1.707;40.261;ISP.ITEUR
2022-09-06 08:00:00;1.707;1.708;1.695;1.698;33.8666;ISP.ITEUR
2022-09-06 09:00:00;1.699;1.704;1.685;1.703;31.3264;ISP.ITEUR
2022-09-06 10:00:00;1.703;1.706;1.698;1.703;24.3907;ISP.ITEUR
2022-09-06 11:00:00;1.702;1.71;1.7;1.707;21.6114;ISP.ITEUR
2022-09-06 12:00:00;1.706;1.713;1.703;1.711;14.9942;ISP.ITEUR
2022-09-06 13:00:00;1.711;1.717;1.693;1.7;34.1614;ISP.ITEUR
2022-09-06 14:00:00;1.699;1.716;1.689;1.713;42.8889;ISP.ITEUR
2022-09-06 15:00:00;1.714;1.715;1.701;1.702;16.1569;ISP.ITEUR
2022-09-07 07:00:00;1.687;1.695;1.684;1.692;40.4367;ISP.ITEUR
2022-09-07 08:00:00;1.69;1.703;1.689;1.698;33.9145;ISP.ITEUR
2022-09-07 09:00:00;1.697;1.698;1.685;1.686;24.7492;ISP.ITEUR
2022-09-07 10:00:00;1.688;1.697;1.681;1.697;23.5706;ISP.ITEUR
2022-09-07 11:00:00;1.697;1.697;1.684;1.69;20.839;ISP.ITEUR
2022-09-07 12:00:00;1.69;1.694;1.68;1.689;23.7216;ISP.ITEUR
2022-09-07 13:00:00;1.687;1.694;1.679;1.687;29.7258;ISP.ITEUR
2022-09-07 14:00:00;1.688;1.7;1.683;1.695;36.9086;ISP.ITEUR
2022-09-07 15:00:00;1.697;1.704;1.693;1.7;13.6724;ISP.ITEUR
2022-09-08 07:00:00;1.718;1.719;1.704;1.707;25.522;ISP.ITEUR
2022-09-08 08:00:00;1.705;1.708;1.7;1.705;14.2538;ISP.ITEUR
2022-09-08 09:00:00;1.704;1.705;1.691;1.697;15.0503;ISP.ITEUR
2022-09-08 10:00:00;1.697;1.699;1.687;1.699;14.5326;ISP.ITEUR
2022-09-08 11:00:00;1.698;1.7;1.687;1.692;19.5652;ISP.ITEUR
2022-09-08 12:00:00;1.693;1.72;1.69;1.697;57.1359;ISP.ITEUR
2022-09-08 13:00:00;1.695;1.722;1.687;1.713;61.8339;ISP.ITEUR
2022-09-08 14:00:00;1.713;1.75;1.709;1.749;47.6272;ISP.ITEUR
2022-09-08 15:00:00;1.749;1.751;1.734;1.736;15.066;ISP.ITEUR
2022-09-09 07:00:00;1.768;1.798;1.765;1.796;49.7052;ISP.ITEUR
2022-09-09 08:00:00;1.795;1.816;1.791;1.813;44.7763;ISP.ITEUR
2022-09-09 09:00:00;1.811;1.82;1.805;1.813;35.324;ISP.ITEUR
2022-09-09 10:00:00;1.812;1.825;1.807;1.821;26.7475;ISP.ITEUR
2022-09-09 11:00:00;1.822;1.825;1.813;1.818;21.4442;ISP.ITEUR
2022-09-09 12:00:00;1.819;1.829;1.813;1.822;25.9116;ISP.ITEUR
2022-09-09 13:00:00;1.823;1.837;1.813;1.816;49.4104;ISP.ITEUR
2022-09-09 14:00:00;1.814;1.829;1.814;1.826;30.4904;ISP.ITEUR
2022-09-09 15:00:00;1.826;1.83;1.82;1.828;13.1629;ISP.ITEUR
2022-09-12 07:00:00;1.865;1.872;1.858;1.871;16.1544;ISP.ITEUR
2022-09-12 08:00:00;1.872;1.887;1.871;1.885;34.4567;ISP.ITEUR
2022-09-12 09:00:00;1.885;1.891;1.874;1.875;36.4071;ISP.ITEUR
2022-09-12 10:00:00;1.874;1.877;1.869;1.87;25.4258;ISP.ITEUR
2022-09-12 11:00:00;1.87;1.874;1.867;1.871;18.4342;ISP.ITEUR
2022-09-12 12:00:00;1.87;1.883;1.867;1.882;23.1723;ISP.ITEUR
2022-09-12 13:00:00;1.881;1.902;1.879;1.9;28.0058;ISP.ITEUR
2022-09-12 14:00:00;1.9;1.905;1.892;1.894;32.1067;ISP.ITEUR
2022-09-12 15:00:00;1.893;1.897;1.889;1.896;16.0376;ISP.ITEUR
2022-09-13 07:00:00;1.914;1.914;1.879;1.9;54.4279;ISP.ITEUR
2022-09-13 08:00:00;1.9;1.912;1.897;1.909;40.6433;ISP.ITEUR
2022-09-13 09:00:00;1.908;1.912;1.898;1.905;31.9156;ISP.ITEUR
2022-09-13 10:00:00;1.906;1.918;1.902;1.917;22.8617;ISP.ITEUR
2022-09-13 11:00:00;1.918;1.922;1.913;1.92;28.0458;ISP.ITEUR
2022-09-13 12:00:00;1.918;1.924;1.884;1.884;59.8663;ISP.ITEUR
2022-09-13 13:00:00;1.884;1.898;1.872;1.896;62.1041;ISP.ITEUR
2022-09-13 14:00:00;1.895;1.896;1.878;1.878;42.7452;ISP.ITEUR
2022-09-13 15:00:00;1.878;1.885;1.877;1.881;19.1032;ISP.ITEUR
2022-09-14 07:00:00;1.884;1.901;1.881;1.899;52.3737;ISP.ITEUR
2022-09-14 08:00:00;1.9;1.907;1.893;1.907;36.7017;ISP.ITEUR
2022-09-14 09:00:00;1.907;1.913;1.903;1.905;28.7304;ISP.ITEUR
2022-09-14 10:00:00;1.903;1.913;1.9;1.901;22.6308;ISP.ITEUR
2022-09-14 11:00:00;1.901;1.901;1.879;1.879;27.9181;ISP.ITEUR
2022-09-14 12:00:00;1.88;1.893;1.874;1.889;40.4921;ISP.ITEUR
2022-09-14 13:00:00;1.887;1.897;1.877;1.893;45.9867;ISP.ITEUR
2022-09-14 14:00:00;1.893;1.898;1.874;1.895;48.192;ISP.ITEUR
2022-09-14 15:00:00;1.895;1.899;1.892;1.896;17.5744;ISP.ITEUR
2022-09-15 07:00:00;1.914;1.936;1.913;1.929;47.0136;ISP.ITEUR
2022-09-15 08:00:00;1.929;1.935;1.924;1.93;34.2891;ISP.ITEUR
2022-09-15 09:00:00;1.929;1.935;1.922;1.922;25.2268;ISP.ITEUR
2022-09-15 10:00:00;1.921;1.926;1.915;1.92;26.6522;ISP.ITEUR
2022-09-15 11:00:00;1.921;1.924;1.917;1.921;19.3181;ISP.ITEUR
2022-09-15 12:00:00;1.92;1.927;1.905;1.906;35.674;ISP.ITEUR
2022-09-15 13:00:00;1.906;1.91;1.894;1.907;47.4434;ISP.ITEUR
2022-09-15 14:00:00;1.907;1.92;1.906;1.909;51.5921;ISP.ITEUR
2022-09-15 15:00:00;1.908;1.919;1.905;1.919;20.9347;ISP.ITEUR
2022-09-16 07:00:00;1.896;1.9;1.865;1.881;47.0614;ISP.ITEUR
2022-09-16 08:00:00;1.88;1.896;1.876;1.889;41.0175;ISP.ITEUR
2022-09-16 09:00:00;1.889;1.911;1.889;1.905;38.5729;ISP.ITEUR
2022-09-16 10:00:00;1.904;1.921;1.904;1.92;33.6357;ISP.ITEUR
2022-09-16 11:00:00;1.919;1.923;1.911;1.92;27.4005;ISP.ITEUR
2022-09-16 12:00:00;1.92;1.921;1.909;1.91;24.3507;ISP.ITEUR
2022-09-16 13:00:00;1.91;1.916;1.897;1.901;44.5289;ISP.ITEUR
2022-09-16 14:00:00;1.902;1.921;1.898;1.917;44.633;ISP.ITEUR
2022-09-16 15:00:00;1.918;1.918;1.912;1.916;13.2372;ISP.ITEUR
2022-09-19 07:00:00;1.88;1.893;1.873;1.892;37.1477;ISP.ITEUR
2022-09-19 08:00:00;1.892;1.908;1.885;1.896;25.4663;ISP.ITEUR
2022-09-19 09:00:00;1.896;1.9;1.883;1.885;21.3886;ISP.ITEUR
2022-09-19 10:00:00;1.885;1.894;1.884;1.892;15.3525;ISP.ITEUR
2022-09-19 11:00:00;1.893;1.902;1.892;1.898;14.6919;ISP.ITEUR
2022-09-19 12:00:00;1.898;1.904;1.898;1.902;16.5629;ISP.ITEUR
2022-09-19 13:00:00;1.902;1.911;1.894;1.907;26.0707;ISP.ITEUR
2022-09-19 14:00:00;1.907;1.922;1.904;1.919;32.5132;ISP.ITEUR
2022-09-19 15:00:00;1.92;1.923;1.912;1.913;11.8331;ISP.ITEUR
2022-09-20 07:00:00;1.931;1.937;1.908;1.917;46.608;ISP.ITEUR
2022-09-20 08:00:00;1.916;1.916;1.896;1.898;34.8221;ISP.ITEUR
2022-09-20 09:00:00;1.898;1.899;1.874;1.878;30.2996;ISP.ITEUR
2022-09-20 10:00:00;1.878;1.888;1.872;1.885;28.7943;ISP.ITEUR
2022-09-20 11:00:00;1.885;1.889;1.882;1.883;22.8221;ISP.ITEUR
2022-09-20 12:00:00;1.884;1.886;1.861;1.861;30.2832;ISP.ITEUR
2022-09-20 13:00:00;1.862;1.868;1.854;1.858;34.4005;ISP.ITEUR
2022-09-20 14:00:00;1.857;1.861;1.853;1.86;35.6106;ISP.ITEUR
2022-09-20 15:00:00;1.859;1.86;1.845;1.847;16.4275;ISP.ITEUR
2022-09-21 07:00:00;1.82;1.844;1.816;1.837;45.31;ISP.ITEUR
2022-09-21 08:00:00;1.838;1.85;1.832;1.847;31.7568;ISP.ITEUR
2022-09-21 09:00:00;1.846;1.851;1.838;1.849;22.639;ISP.ITEUR
2022-09-21 10:00:00;1.85;1.851;1.84;1.845;23.8254;ISP.ITEUR
2022-09-21 11:00:00;1.845;1.846;1.832;1.832;19.4138;ISP.ITEUR
2022-09-21 12:00:00;1.833;1.837;1.819;1.821;28.9618;ISP.ITEUR
2022-09-21 13:00:00;1.822;1.827;1.812;1.813;33.7234;ISP.ITEUR
2022-09-21 14:00:00;1.812;1.833;1.81;1.831;31.1832;ISP.ITEUR
2022-09-21 15:00:00;1.832;1.835;1.828;1.831;13.0195;ISP.ITEUR
2022-09-22 07:00:00;1.803;1.858;1.798;1.851;52.7479;ISP.ITEUR
2022-09-22 08:00:00;1.852;1.889;1.85;1.876;56.4587;ISP.ITEUR
2022-09-22 09:00:00;1.877;1.879;1.863;1.878;40.1734;ISP.ITEUR
2022-09-22 10:00:00;1.877;1.886;1.871;1.883;31.2707;ISP.ITEUR
2022-09-22 11:00:00;1.884;1.885;1.865;1.868;44.2589;ISP.ITEUR
2022-09-22 12:00:00;1.868;1.875;1.86;1.87;32.3856;ISP.ITEUR
2022-09-22 13:00:00;1.869;1.872;1.852;1.855;36.5341;ISP.ITEUR
2022-09-22 14:00:00;1.854;1.865;1.851;1.853;42.7377;ISP.ITEUR
2022-09-22 15:00:00;1.852;1.855;1.847;1.851;19.8677;ISP.ITEUR
2022-09-23 07:00:00;1.836;1.844;1.825;1.837;45.6128;ISP.ITEUR
2022-09-23 08:00:00;1.837;1.84;1.824;1.833;32.6725;ISP.ITEUR
2022-09-23 09:00:00;1.833;1.844;1.818;1.826;43.2308;ISP.ITEUR
2022-09-23 10:00:00;1.826;1.826;1.773;1.775;50.7642;ISP.ITEUR
2022-09-23 11:00:00;1.773;1.786;1.766;1.777;51.2588;ISP.ITEUR
2022-09-23 12:00:00;1.777;1.793;1.773;1.792;44.6566;ISP.ITEUR
2022-09-23 13:00:00;1.791;1.801;1.773;1.774;51.1861;ISP.ITEUR
2022-09-23 14:00:00;1.774;1.783;1.766;1.766;49.8962;ISP.ITEUR
2022-09-23 15:00:00;1.766;1.773;1.763;1.766;20.3537;ISP.ITEUR
2022-09-26 07:00:00;1.776;1.813;1.774;1.797;86.0254;ISP.ITEUR
2022-09-26 08:00:00;1.797;1.799;1.781;1.795;59.0144;ISP.ITEUR
2022-09-26 09:00:00;1.794;1.799;1.767;1.774;53.3123;ISP.ITEUR
2022-09-26 10:00:00;1.775;1.788;1.758;1.78;46.5917;ISP.ITEUR
2022-09-26 11:00:00;1.781;1.789;1.775;1.782;41.6702;ISP.ITEUR
2022-09-26 12:00:00;1.782;1.789;1.777;1.783;41.5351;ISP.ITEUR
2022-09-26 13:00:00;1.782;1.787;1.775;1.784;48.0169;ISP.ITEUR
2022-09-26 14:00:00;1.783;1.789;1.768;1.782;53.0257;ISP.ITEUR
2022-09-26 15:00:00;1.781;1.784;1.77;1.77;25.2746;ISP.ITEUR
2022-09-27 07:00:00;1.786;1.792;1.767;1.777;55.0405;ISP.ITEUR
2022-09-27 08:00:00;1.778;1.781;1.737;1.747;60.9252;ISP.ITEUR
2022-09-27 09:00:00;1.748;1.751;1.729;1.738;48.8213;ISP.ITEUR
2022-09-27 10:00:00;1.738;1.763;1.738;1.759;42.5465;ISP.ITEUR
2022-09-27 11:00:00;1.759;1.762;1.745;1.754;38.5411;ISP.ITEUR
2022-09-27 12:00:00;1.753;1.77;1.75;1.758;38.6207;ISP.ITEUR
2022-09-27 13:00:00;1.759;1.762;1.741;1.744;54.9525;ISP.ITEUR
2022-09-27 14:00:00;1.745;1.762;1.727;1.756;66.0615;ISP.ITEUR
2022-09-27 15:00:00;1.756;1.759;1.733;1.734;30.3951;ISP.ITEUR
2022-09-28 07:00:00;1.711;1.714;1.682;1.709;80.2362;ISP.ITEUR
2022-09-28 08:00:00;1.708;1.713;1.688;1.698;66.1658;ISP.ITEUR
2022-09-28 09:00:00;1.699;1.702;1.68;1.689;60.1523;ISP.ITEUR
2022-09-28 10:00:00;1.689;1.724;1.686;1.706;86.9009;ISP.ITEUR
2022-09-28 11:00:00;1.705;1.708;1.688;1.69;57.4931;ISP.ITEUR
2022-09-28 12:00:00;1.689;1.71;1.687;1.699;55.6933;ISP.ITEUR
2022-09-28 13:00:00;1.699;1.706;1.689;1.701;70.9984;ISP.ITEUR
2022-09-28 14:00:00;1.702;1.705;1.69;1.696;61.53;ISP.ITEUR
2022-09-28 15:00:00;1.697;1.706;1.695;1.704;25.0198;ISP.ITEUR
2022-09-29 07:00:00;1.69;1.698;1.669;1.679;75.9835;ISP.ITEUR
2022-09-29 08:00:00;1.68;1.681;1.667;1.67;55.0803;ISP.ITEUR
2022-09-29 09:00:00;1.671;1.679;1.669;1.675;48.8925;ISP.ITEUR
2022-09-29 10:00:00;1.676;1.677;1.663;1.673;35.682;ISP.ITEUR
2022-09-29 11:00:00;1.673;1.678;1.661;1.664;27.4324;ISP.ITEUR
2022-09-29 12:00:00;1.665;1.665;1.647;1.654;44.0592;ISP.ITEUR
2022-09-29 13:00:00;1.655;1.662;1.641;1.644;48.0249;ISP.ITEUR
2022-09-29 14:00:00;1.644;1.654;1.632;1.651;54.6978;ISP.ITEUR
2022-09-29 15:00:00;1.651;1.659;1.647;1.65;26.6602;ISP.ITEUR
2022-09-30 07:00:00;1.673;1.69;1.669;1.685;66.4439;ISP.ITEUR
2022-09-30 08:00:00;1.685;1.695;1.682;1.689;47.6667;ISP.ITEUR
2022-09-30 09:00:00;1.689;1.696;1.683;1.696;41.8616;ISP.ITEUR
2022-09-30 10:00:00;1.695;1.702;1.688;1.688;35.9048;ISP.ITEUR
2022-09-30 11:00:00;1.689;1.692;1.674;1.682;39.8546;ISP.ITEUR
2022-09-30 12:00:00;1.681;1.7;1.68;1.691;55.75;ISP.ITEUR
2022-09-30 13:00:00;1.692;1.702;1.682;1.7;55.0412;ISP.ITEUR
2022-09-30 14:00:00;1.701;1.703;1.687;1.701;49.0205;ISP.ITEUR
2022-09-30 15:00:00;1.701;1.701;1.694;1.696;18.6098;ISP.ITEUR
2022-10-03 07:00:00;1.684;1.691;1.666;1.682;56.6021;ISP.ITEUR
2022-10-03 08:00:00;1.682;1.685;1.667;1.685;49.9202;ISP.ITEUR
2022-10-03 09:00:00;1.685;1.695;1.676;1.692;44.8479;ISP.ITEUR
2022-10-03 10:00:00;1.693;1.71;1.69;1.71;33.3886;ISP.ITEUR
2022-10-03 11:00:00;1.709;1.717;1.705;1.714;29.6703;ISP.ITEUR
2022-10-03 12:00:00;1.715;1.726;1.711;1.722;33.1738;ISP.ITEUR
2022-10-03 13:00:00;1.722;1.729;1.71;1.713;40.2452;ISP.ITEUR
2022-10-03 14:00:00;1.713;1.733;1.71;1.728;46.0103;ISP.ITEUR
2022-10-03 15:00:00;1.726;1.732;1.724;1.728;15.9419;ISP.ITEUR
2022-10-04 07:00:00;1.756;1.77;1.754;1.766;41.775;ISP.ITEUR
2022-10-04 08:00:00;1.766;1.771;1.757;1.761;28.9377;ISP.ITEUR
2022-10-04 09:00:00;1.763;1.769;1.753;1.765;34.5515;ISP.ITEUR
2022-10-04 10:00:00;1.767;1.778;1.762;1.773;25.7524;ISP.ITEUR
2022-10-04 11:00:00;1.774;1.777;1.768;1.777;26.7318;ISP.ITEUR
2022-10-04 12:00:00;1.776;1.778;1.765;1.769;22.7662;ISP.ITEUR
2022-10-04 13:00:00;1.769;1.782;1.766;1.782;29.5029;ISP.ITEUR
2022-10-04 14:00:00;1.783;1.787;1.776;1.783;34.0342;ISP.ITEUR
2022-10-04 15:00:00;1.783;1.791;1.78;1.784;14.891;ISP.ITEUR
2022-10-05 07:00:00;1.78;1.781;1.751;1.753;46.5839;ISP.ITEUR
2022-10-05 08:00:00;1.754;1.757;1.733;1.743;46.2579;ISP.ITEUR
2022-10-05 09:00:00;1.746;1.747;1.733;1.735;31.5813;ISP.ITEUR
2022-10-05 10:00:00;1.733;1.745;1.73;1.742;25.9835;ISP.ITEUR
2022-10-05 11:00:00;1.743;1.746;1.735;1.743;27.1775;ISP.ITEUR
2022-10-05 12:00:00;1.744;1.749;1.737;1.743;28.3482;ISP.ITEUR
2022-10-05 13:00:00;1.742;1.748;1.731;1.736;37.8404;ISP.ITEUR
2022-10-05 14:00:00;1.735;1.736;1.713;1.724;46.8464;ISP.ITEUR
2022-10-05 15:00:00;1.725;1.739;1.723;1.736;16.3959;ISP.ITEUR
2022-10-06 07:00:00;1.749;1.75;1.709;1.711;43.717;ISP.ITEUR
2022-10-06 08:00:00;1.712;1.726;1.707;1.721;37.1875;ISP.ITEUR
2022-10-06 09:00:00;1.721;1.726;1.713;1.714;26.8593;ISP.ITEUR
2022-10-06 10:00:00;1.717;1.717;1.703;1.715;24.8924;ISP.ITEUR
2022-10-06 11:00:00;1.715;1.72;1.712;1.713;27.5201;ISP.ITEUR
2022-10-06 12:00:00;1.714;1.727;1.711;1.717;29.0091;ISP.ITEUR
2022-10-06 13:00:00;1.719;1.726;1.707;1.712;40.691;ISP.ITEUR
2022-10-06 14:00:00;1.713;1.718;1.704;1.718;42.1164;ISP.ITEUR
2022-10-06 15:00:00;1.717;1.718;1.707;1.717;14.2856;ISP.ITEUR
2022-10-07 07:00:00;1.713;1.731;1.712;1.719;52.0142;ISP.ITEUR
2022-10-07 08:00:00;1.719;1.722;1.701;1.718;43.239;ISP.ITEUR
2022-10-07 09:00:00;1.717;1.727;1.709;1.727;31.3343;ISP.ITEUR
2022-10-07 10:00:00;1.726;1.728;1.718;1.723;22.3602;ISP.ITEUR
2022-10-07 11:00:00;1.721;1.728;1.721;1.727;17.1045;ISP.ITEUR
2022-10-07 12:00:00;1.727;1.734;1.712;1.717;51.7683;ISP.ITEUR
2022-10-07 13:00:00;1.716;1.727;1.699;1.701;50.1909;ISP.ITEUR
2022-10-07 14:00:00;1.703;1.718;1.698;1.713;43.8444;ISP.ITEUR
2022-10-07 15:00:00;1.712;1.716;1.707;1.711;17.6621;ISP.ITEUR
2022-10-10 07:00:00;1.698;1.708;1.696;1.701;41.7663;ISP.ITEUR
2022-10-10 08:00:00;1.701;1.707;1.698;1.7;26.1346;ISP.ITEUR
2022-10-10 09:00:00;1.701;1.712;1.701;1.711;16.5392;ISP.ITEUR
2022-10-10 10:00:00;1.711;1.711;1.701;1.704;15.719;ISP.ITEUR
2022-10-10 11:00:00;1.704;1.71;1.702;1.706;15.3925;ISP.ITEUR
2022-10-10 12:00:00;1.705;1.714;1.703;1.712;17.3034;ISP.ITEUR
2022-10-10 13:00:00;1.712;1.713;1.695;1.695;30.8966;ISP.ITEUR
2022-10-10 14:00:00;1.695;1.723;1.695;1.711;51.5842;ISP.ITEUR
2022-10-10 15:00:00;1.71;1.711;1.704;1.706;20.4251;ISP.ITEUR
2022-10-11 07:00:00;1.68;1.682;1.657;1.66;51.1309;ISP.ITEUR
2022-10-11 08:00:00;1.659;1.675;1.658;1.674;40.2533;ISP.ITEUR
2022-10-11 09:00:00;1.674;1.687;1.671;1.678;35.9768;ISP.ITEUR
2022-10-11 10:00:00;1.677;1.687;1.674;1.687;33.8828;ISP.ITEUR
2022-10-11 11:00:00;1.688;1.693;1.683;1.691;30.4663;ISP.ITEUR
2022-10-11 12:00:00;1.691;1.705;1.689;1.699;30.3229;ISP.ITEUR
2022-10-11 13:00:00;1.698;1.699;1.68;1.685;45.461;ISP.ITEUR
2022-10-11 14:00:00;1.684;1.694;1.679;1.688;45.4528;ISP.ITEUR
2022-10-11 15:00:00;1.687;1.697;1.686;1.695;18.5458;ISP.ITEUR
2022-10-12 07:00:00;1.692;1.694;1.652;1.655;57.159;ISP.ITEUR
2022-10-12 08:00:00;1.655;1.671;1.654;1.668;39.3535;ISP.ITEUR
2022-10-12 09:00:00;1.668;1.682;1.667;1.674;32.3379;ISP.ITEUR
2022-10-12 10:00:00;1.674;1.681;1.67;1.676;27.3927;ISP.ITEUR
2022-10-12 11:00:00;1.675;1.678;1.669;1.669;25.9274;ISP.ITEUR
2022-10-12 12:00:00;1.669;1.674;1.66;1.667;37.0124;ISP.ITEUR
2022-10-12 13:00:00;1.666;1.673;1.659;1.672;46.6556;ISP.ITEUR
2022-10-12 14:00:00;1.672;1.679;1.667;1.674;48.797;ISP.ITEUR
2022-10-12 15:00:00;1.673;1.68;1.673;1.677;17.3594;ISP.ITEUR
2022-10-13 07:00:00;1.657;1.678;1.655;1.675;42.4351;ISP.ITEUR
2022-10-13 08:00:00;1.676;1.697;1.669;1.693;32.3538;ISP.ITEUR
2022-10-13 09:00:00;1.693;1.701;1.692;1.695;32.4411;ISP.ITEUR
2022-10-13 10:00:00;1.694;1.695;1.686;1.689;20.3133;ISP.ITEUR
2022-10-13 11:00:00;1.69;1.717;1.687;1.706;41.4711;ISP.ITEUR
2022-10-13 12:00:00;1.707;1.713;1.663;1.672;60.1755;ISP.ITEUR
2022-10-13 13:00:00;1.672;1.69;1.659;1.685;67.7654;ISP.ITEUR
2022-10-13 14:00:00;1.686;1.701;1.682;1.695;60.5504;ISP.ITEUR
2022-10-13 15:00:00;1.695;1.713;1.69;1.704;29.2399;ISP.ITEUR
2022-10-14 07:00:00;1.738;1.746;1.726;1.735;50.6767;ISP.ITEUR
2022-10-14 08:00:00;1.734;1.75;1.732;1.742;36.5816;ISP.ITEUR
2022-10-14 09:00:00;1.741;1.743;1.726;1.736;39.1299;ISP.ITEUR
2022-10-14 10:00:00;1.736;1.747;1.734;1.747;41.1766;ISP.ITEUR
2022-10-14 11:00:00;1.746;1.749;1.728;1.728;29.6302;ISP.ITEUR
2022-10-14 12:00:00;1.728;1.741;1.725;1.736;35.7699;ISP.ITEUR
2022-10-14 13:00:00;1.737;1.741;1.73;1.735;46.0976;ISP.ITEUR
2022-10-14 14:00:00;1.731;1.734;1.716;1.719;64.4129;ISP.ITEUR
2022-10-14 15:00:00;1.719;1.721;1.711;1.718;20.5602;ISP.ITEUR
2022-10-17 07:00:00;1.722;1.723;1.714;1.72;38.3502;ISP.ITEUR
2022-10-17 08:00:00;1.72;1.723;1.708;1.718;32.4969;ISP.ITEUR
2022-10-17 09:00:00;1.719;1.724;1.715;1.719;20.7912;ISP.ITEUR
2022-10-17 10:00:00;1.719;1.724;1.717;1.721;20.2974;ISP.ITEUR
2022-10-17 11:00:00;1.72;1.726;1.719;1.724;14.8427;ISP.ITEUR
2022-10-17 12:00:00;1.723;1.726;1.721;1.723;15.8704;ISP.ITEUR
2022-10-17 13:00:00;1.724;1.732;1.724;1.73;24.8762;ISP.ITEUR
2022-10-17 14:00:00;1.73;1.741;1.729;1.738;30.9441;ISP.ITEUR
2022-10-17 15:00:00;1.738;1.74;1.734;1.74;10.1608;ISP.ITEUR
2022-10-18 07:00:00;1.765;1.796;1.762;1.792;44.8317;ISP.ITEUR
2022-10-18 08:00:00;1.792;1.802;1.791;1.794;41.814;ISP.ITEUR
2022-10-18 09:00:00;1.794;1.801;1.788;1.796;33.1822;ISP.ITEUR
2022-10-18 10:00:00;1.795;1.799;1.791;1.796;24.3906;ISP.ITEUR
2022-10-18 11:00:00;1.796;1.803;1.794;1.802;18.0283;ISP.ITEUR
2022-10-18 12:00:00;1.803;1.819;1.802;1.817;25.0199;ISP.ITEUR
2022-10-18 13:00:00;1.816;1.822;1.808;1.813;35.3558;ISP.ITEUR
2022-10-18 14:00:00;1.814;1.82;1.805;1.809;32.5292;ISP.ITEUR
2022-10-18 15:00:00;1.808;1.812;1.793;1.797;17.2637;ISP.ITEUR
2022-10-19 07:00:00;1.812;1.826;1.81;1.813;44.2268;ISP.ITEUR
2022-10-19 08:00:00;1.814;1.815;1.791;1.799;33.8111;ISP.ITEUR
2022-10-19 09:00:00;1.798;1.813;1.797;1.812;28.165;ISP.ITEUR
2022-10-19 10:00:00;1.812;1.815;1.806;1.811;20.6719;ISP.ITEUR
2022-10-19 11:00:00;1.811;1.812;1.8;1.804;25.9992;ISP.ITEUR
2022-10-19 12:00:00;1.803;1.806;1.796;1.802;27.2015;ISP.ITEUR
2022-10-19 13:00:00;1.802;1.807;1.792;1.795;31.6131;ISP.ITEUR
2022-10-19 14:00:00;1.794;1.799;1.792;1.794;25.6487;ISP.ITEUR
2022-10-19 15:00:00;1.794;1.799;1.791;1.794;8.7833;ISP.ITEUR
2022-10-20 07:00:00;1.778;1.798;1.772;1.795;52.7714;ISP.ITEUR
2022-10-20 08:00:00;1.794;1.799;1.787;1.789;30.9761;ISP.ITEUR
2022-10-20 09:00:00;1.79;1.795;1.787;1.788;19.6686;ISP.ITEUR
2022-10-20 10:00:00;1.789;1.79;1.783;1.788;22.3202;ISP.ITEUR
2022-10-20 11:00:00;1.788;1.805;1.787;1.802;21.2451;ISP.ITEUR
2022-10-20 12:00:00;1.801;1.813;1.8;1.801;35.9529;ISP.ITEUR
2022-10-20 13:00:00;1.802;1.821;1.801;1.819;42.8327;ISP.ITEUR
2022-10-20 14:00:00;1.82;1.833;1.819;1.826;33.9702;ISP.ITEUR
2022-10-20 15:00:00;1.825;1.828;1.821;1.823;7.6365;ISP.ITEUR
2022-10-21 07:00:00;1.809;1.823;1.805;1.807;42.5466;ISP.ITEUR
2022-10-21 08:00:00;1.806;1.808;1.798;1.803;31.4062;ISP.ITEUR
2022-10-21 09:00:00;1.804;1.809;1.793;1.803;30.7452;ISP.ITEUR
2022-10-21 10:00:00;1.802;1.807;1.795;1.8;24.1916;ISP.ITEUR
2022-10-21 11:00:00;1.799;1.804;1.797;1.8;19.3658;ISP.ITEUR
2022-10-21 12:00:00;1.801;1.801;1.791;1.799;26.8114;ISP.ITEUR
2022-10-21 13:00:00;1.8;1.826;1.799;1.825;55.0564;ISP.ITEUR
2022-10-21 14:00:00;1.826;1.832;1.815;1.824;50.3348;ISP.ITEUR
2022-10-21 15:00:00;1.824;1.829;1.82;1.826;18.8642;ISP.ITEUR
2022-10-24 07:00:00;1.867;1.867;1.84;1.841;44.5699;ISP.ITEUR
2022-10-24 08:00:00;1.841;1.843;1.821;1.827;38.8514;ISP.ITEUR
2022-10-24 09:00:00;1.826;1.838;1.825;1.838;23.1642;ISP.ITEUR
2022-10-24 10:00:00;1.838;1.85;1.838;1.848;30.4903;ISP.ITEUR
2022-10-24 11:00:00;1.848;1.852;1.841;1.849;30.6574;ISP.ITEUR
2022-10-24 12:00:00;1.848;1.859;1.846;1.859;26.5087;ISP.ITEUR
2022-10-24 13:00:00;1.86;1.868;1.853;1.867;32.1232;ISP.ITEUR
2022-10-24 14:00:00;1.865;1.866;1.852;1.862;44.5452;ISP.ITEUR
2022-10-24 15:00:00;1.863;1.864;1.851;1.853;14.1982;ISP.ITEUR
2022-10-25 07:00:00;1.866;1.87;1.855;1.862;32.7125;ISP.ITEUR
2022-10-25 08:00:00;1.861;1.866;1.854;1.861;23.7857;ISP.ITEUR
2022-10-25 09:00:00;1.86;1.861;1.841;1.844;19.374;ISP.ITEUR
2022-10-25 10:00:00;1.843;1.846;1.833;1.834;20.027;ISP.ITEUR
2022-10-25 11:00:00;1.835;1.841;1.83;1.835;15.8942;ISP.ITEUR
2022-10-25 12:00:00;1.834;1.835;1.822;1.827;15.6394;ISP.ITEUR
2022-10-25 13:00:00;1.827;1.846;1.827;1.842;26.7796;ISP.ITEUR
2022-10-25 14:00:00;1.843;1.848;1.837;1.843;25.9914;ISP.ITEUR
2022-10-25 15:00:00;1.844;1.858;1.843;1.857;9.2053;ISP.ITEUR
2022-10-26 07:00:00;1.855;1.873;1.85;1.867;35.1887;ISP.ITEUR
2022-10-26 08:00:00;1.865;1.877;1.865;1.877;31.1596;ISP.ITEUR
2022-10-26 09:00:00;1.876;1.878;1.861;1.863;23.3478;ISP.ITEUR
2022-10-26 10:00:00;1.864;1.874;1.863;1.869;20.1702;ISP.ITEUR
2022-10-26 11:00:00;1.87;1.873;1.861;1.865;19.8916;ISP.ITEUR
2022-10-26 12:00:00;1.864;1.864;1.854;1.863;20.0668;ISP.ITEUR
2022-10-26 13:00:00;1.863;1.865;1.857;1.857;30.5142;ISP.ITEUR
2022-10-26 14:00:00;1.857;1.87;1.857;1.864;31.6294;ISP.ITEUR
2022-10-26 15:00:00;1.864;1.871;1.862;1.87;10.9889;ISP.ITEUR
2022-10-27 07:00:00;1.862;1.875;1.86;1.868;35.9612;ISP.ITEUR
2022-10-27 08:00:00;1.867;1.87;1.852;1.856;30.6896;ISP.ITEUR
2022-10-27 09:00:00;1.856;1.865;1.846;1.858;29.2559;ISP.ITEUR
2022-10-27 10:00:00;1.859;1.864;1.85;1.853;20.1782;ISP.ITEUR
2022-10-27 11:00:00;1.853;1.856;1.843;1.845;19.0474;ISP.ITEUR
2022-10-27 12:00:00;1.846;1.881;1.836;1.879;57.2551;ISP.ITEUR
2022-10-27 13:00:00;1.879;1.895;1.879;1.886;54.977;ISP.ITEUR
2022-10-27 14:00:00;1.886;1.897;1.885;1.895;29.8296;ISP.ITEUR
2022-10-27 15:00:00;1.895;1.904;1.894;1.902;16.8895;ISP.ITEUR
2022-10-28 07:00:00;1.889;1.896;1.868;1.873;38.2869;ISP.ITEUR
2022-10-28 08:00:00;1.872;1.878;1.867;1.872;29.7023;ISP.ITEUR
2022-10-28 09:00:00;1.871;1.883;1.866;1.882;29.7972;ISP.ITEUR
2022-10-28 10:00:00;1.881;1.887;1.875;1.883;21.4363;ISP.ITEUR
2022-10-28 11:00:00;1.884;1.891;1.882;1.889;20.513;ISP.ITEUR
2022-10-28 12:00:00;1.89;1.901;1.884;1.898;35.5312;ISP.ITEUR
2022-10-28 13:00:00;1.898;1.906;1.896;1.901;34.1931;ISP.ITEUR
2022-10-28 14:00:00;1.902;1.906;1.896;1.902;36.7016;ISP.ITEUR
2022-10-28 15:00:00;1.902;1.903;1.898;1.901;10.3758;ISP.ITEUR
2022-10-31 08:00:00;1.917;1.925;1.904;1.907;25.5773;ISP.ITEUR
2022-10-31 09:00:00;1.908;1.927;1.908;1.925;16.1092;ISP.ITEUR
2022-10-31 10:00:00;1.924;1.933;1.921;1.93;20.0031;ISP.ITEUR
2022-10-31 11:00:00;1.931;1.933;1.92;1.923;13.5692;ISP.ITEUR
2022-10-31 12:00:00;1.922;1.923;1.915;1.921;14.8272;ISP.ITEUR
2022-10-31 13:00:00;1.92;1.925;1.918;1.92;21.2931;ISP.ITEUR
2022-10-31 14:00:00;1.921;1.932;1.92;1.929;20.2661;ISP.ITEUR
2022-10-31 15:00:00;1.929;1.933;1.925;1.926;14.9148;ISP.ITEUR
2022-10-31 16:00:00;1.925;1.932;1.925;1.93;8.8867;ISP.ITEUR
2022-11-01 08:00:00;1.947;1.959;1.944;1.956;36.5898;ISP.ITEUR
2022-11-01 09:00:00;1.956;1.964;1.955;1.962;22.0894;ISP.ITEUR
2022-11-01 10:00:00;1.962;1.962;1.955;1.961;23.2756;ISP.ITEUR
2022-11-01 11:00:00;1.96;1.968;1.959;1.961;19.0317;ISP.ITEUR
2022-11-01 12:00:00;1.961;1.962;1.955;1.955;17.2241;ISP.ITEUR
2022-11-01 13:00:00;1.956;1.963;1.954;1.956;20.9828;ISP.ITEUR
2022-11-01 14:00:00;1.957;1.957;1.94;1.943;42.8175;ISP.ITEUR
2022-11-01 15:00:00;1.942;1.944;1.935;1.938;23.5306;ISP.ITEUR
2022-11-01 16:00:00;1.939;1.943;1.935;1.938;13.9431;ISP.ITEUR
2022-11-02 08:00:00;1.956;1.959;1.945;1.947;31.0162;ISP.ITEUR
2022-11-02 09:00:00;1.947;1.948;1.931;1.935;25.4975;ISP.ITEUR
2022-11-02 10:00:00;1.936;1.94;1.929;1.94;20.6634;ISP.ITEUR
2022-11-02 11:00:00;1.938;1.949;1.938;1.942;17.6539;ISP.ITEUR
2022-11-02 12:00:00;1.943;1.943;1.934;1.939;23.2998;ISP.ITEUR
2022-11-02 13:00:00;1.938;1.948;1.934;1.947;25.0039;ISP.ITEUR
2022-11-02 14:00:00;1.947;1.951;1.939;1.942;16.4515;ISP.ITEUR
2022-11-02 15:00:00;1.943;1.947;1.936;1.945;16.4195;ISP.ITEUR
2022-11-02 16:00:00;1.946;1.95;1.942;1.949;8.6398;ISP.ITEUR
2022-11-03 08:00:00;1.939;1.957;1.936;1.953;51.6007;ISP.ITEUR
2022-11-03 09:00:00;1.953;1.96;1.952;1.954;30.5223;ISP.ITEUR
2022-11-03 10:00:00;1.955;1.957;1.944;1.949;23.6902;ISP.ITEUR
2022-11-03 11:00:00;1.95;1.952;1.941;1.941;21.54;ISP.ITEUR
2022-11-03 12:00:00;1.941;1.947;1.937;1.941;26.5091;ISP.ITEUR
2022-11-03 13:00:00;1.94;1.948;1.938;1.941;32.3299;ISP.ITEUR
2022-11-03 14:00:00;1.942;1.955;1.939;1.953;39.2102;ISP.ITEUR
2022-11-03 15:00:00;1.952;1.961;1.952;1.956;19.0953;ISP.ITEUR
2022-11-03 16:00:00;1.957;1.968;1.955;1.967;12.0401;ISP.ITEUR
2022-11-04 08:00:00;1.979;1.987;1.96;1.972;30.2202;ISP.ITEUR
2022-11-04 09:00:00;1.973;1.988;1.971;1.986;26.8435;ISP.ITEUR
2022-11-04 10:00:00;1.985;1.996;1.98;1.995;21.5161;ISP.ITEUR
2022-11-04 11:00:00;1.995;2.003;1.98;2.0;28.8186;ISP.ITEUR
2022-11-04 12:00:00;2.001;2.005;1.979;1.998;45.0953;ISP.ITEUR
2022-11-04 13:00:00;1.999;2.006;1.995;2.003;29.0731;ISP.ITEUR
2022-11-04 14:00:00;2.003;2.071;2.0;2.049;48.8303;ISP.ITEUR
2022-11-04 15:00:00;2.05;2.055;2.04;2.043;38.1278;ISP.ITEUR
2022-11-04 16:00:00;2.044;2.057;2.038;2.053;17.8213;ISP.ITEUR
2022-11-07 08:00:00;2.071;2.113;2.068;2.098;60.337;ISP.ITEUR
2022-11-07 09:00:00;2.099;2.118;2.097;2.101;37.8324;ISP.ITEUR
2022-11-07 10:00:00;2.1;2.111;2.091;2.097;32.5848;ISP.ITEUR
2022-11-07 11:00:00;2.097;2.105;2.09;2.099;20.8154;ISP.ITEUR
2022-11-07 12:00:00;2.099;2.104;2.093;2.103;12.9876;ISP.ITEUR
2022-11-07 13:00:00;2.103;2.114;2.1;2.112;21.8347;ISP.ITEUR
2022-11-07 14:00:00;2.113;2.118;2.109;2.118;27.6715;ISP.ITEUR
2022-11-07 15:00:00;2.117;2.129;2.117;2.127;26.413;ISP.ITEUR
2022-11-07 16:00:00;2.126;2.129;2.123;2.127;7.8675;ISP.ITEUR
2022-11-08 08:00:00;2.132;2.136;2.121;2.127;34.6874;ISP.ITEUR
2022-11-08 09:00:00;2.127;2.14;2.125;2.134;17.4469;ISP.ITEUR
2022-11-08 10:00:00;2.133;2.145;2.131;2.137;16.9532;ISP.ITEUR
2022-11-08 11:00:00;2.136;2.14;2.133;2.138;12.2869;ISP.ITEUR
2022-11-08 12:00:00;2.138;2.139;2.133;2.137;10.6387;ISP.ITEUR
2022-11-08 13:00:00;2.136;2.138;2.13;2.135;9.3723;ISP.ITEUR
2022-11-08 14:00:00;2.138;2.14;2.133;2.137;10.1369;ISP.ITEUR
2022-11-08 15:00:00;2.137;2.153;2.135;2.153;11.2039;ISP.ITEUR
2022-11-08 16:00:00;2.152;2.155;2.149;2.15;7.8515;ISP.ITEUR
2022-11-09 08:00:00;2.172;2.178;2.163;2.169;36.4388;ISP.ITEUR
2022-11-09 09:00:00;2.169;2.171;2.145;2.147;27.52;ISP.ITEUR
2022-11-09 10:00:00;2.146;2.148;2.132;2.145;26.7158;ISP.ITEUR
2022-11-09 11:00:00;2.145;2.157;2.14;2.149;17.4469;ISP.ITEUR
2022-11-09 12:00:00;2.148;2.149;2.138;2.143;15.1217;ISP.ITEUR
2022-11-09 13:00:00;2.141;2.146;2.131;2.144;17.5586;ISP.ITEUR
2022-11-09 14:00:00;2.143;2.147;2.137;2.142;24.9403;ISP.ITEUR
2022-11-09 15:00:00;2.143;2.161;2.143;2.153;30.7693;ISP.ITEUR
2022-11-09 16:00:00;2.153;2.156;2.149;2.155;13.1707;ISP.ITEUR
2022-11-10 08:00:00;2.149;2.176;2.149;2.173;35.8579;ISP.ITEUR
2022-11-10 09:00:00;2.174;2.184;2.171;2.177;26.5807;ISP.ITEUR
2022-11-10 10:00:00;2.177;2.179;2.168;2.175;18.1716;ISP.ITEUR
2022-11-10 11:00:00;2.175;2.179;2.167;2.177;23.0608;ISP.ITEUR
2022-11-10 12:00:00;2.177;2.178;2.17;2.177;13.7678;ISP.ITEUR
2022-11-10 13:00:00;2.176;2.203;2.17;2.187;24.0792;ISP.ITEUR
2022-11-10 14:00:00;2.187;2.188;2.171;2.182;48.7814;ISP.ITEUR
2022-11-10 15:00:00;2.183;2.194;2.17;2.173;35.6189;ISP.ITEUR
2022-11-10 16:00:00;2.173;2.181;2.169;2.171;10.8139;ISP.ITEUR
2022-11-11 08:00:00;2.161;2.179;2.16;2.174;45.971;ISP.ITEUR
2022-11-11 09:00:00;2.173;2.182;2.162;2.168;35.2365;ISP.ITEUR
2022-11-11 10:00:00;2.169;2.178;2.165;2.177;33.2457;ISP.ITEUR
2022-11-11 11:00:00;2.177;2.186;2.172;2.181;22.7983;ISP.ITEUR
2022-11-11 12:00:00;2.18;2.185;2.176;2.184;16.9852;ISP.ITEUR
2022-11-11 13:00:00;2.183;2.184;2.176;2.182;17.4232;ISP.ITEUR
2022-11-11 14:00:00;2.181;2.183;2.164;2.171;27.3771;ISP.ITEUR
2022-11-11 15:00:00;2.163;2.174;2.161;2.161;28.0697;ISP.ITEUR
2022-11-11 16:00:00;2.161;2.165;2.158;2.162;8.9029;ISP.ITEUR
2022-11-14 08:00:00;2.178;2.191;2.169;2.171;31.2393;ISP.ITEUR
2022-11-14 09:00:00;2.172;2.173;2.159;2.171;17.67;ISP.ITEUR
2022-11-14 10:00:00;2.171;2.172;2.166;2.169;12.1673;ISP.ITEUR
2022-11-14 11:00:00;2.167;2.174;2.166;2.173;7.7;ISP.ITEUR
2022-11-14 12:00:00;2.173;2.179;2.173;2.176;9.81;ISP.ITEUR
2022-11-14 13:00:00;2.176;2.182;2.176;2.179;5.5336;ISP.ITEUR
2022-11-14 14:00:00;2.178;2.184;2.177;2.183;11.9761;ISP.ITEUR
2022-11-14 15:00:00;2.184;2.193;2.18;2.187;16.3878;ISP.ITEUR
2022-11-14 16:00:00;2.187;2.189;2.184;2.187;6.6571;ISP.ITEUR
2022-11-15 08:00:00;2.201;2.202;2.169;2.171;27.8711;ISP.ITEUR
2022-11-15 09:00:00;2.171;2.173;2.159;2.16;23.8893;ISP.ITEUR
2022-11-15 10:00:00;2.159;2.168;2.158;2.167;15.4562;ISP.ITEUR
2022-11-15 11:00:00;2.166;2.167;2.157;2.16;10.4076;ISP.ITEUR
2022-11-15 12:00:00;2.159;2.17;2.157;2.165;9.3168;ISP.ITEUR
2022-11-15 13:00:00;2.166;2.184;2.164;2.182;26.1747;ISP.ITEUR
2022-11-15 14:00:00;2.181;2.186;2.174;2.179;24.5659;ISP.ITEUR
2022-11-15 15:00:00;2.178;2.18;2.17;2.172;16.2288;ISP.ITEUR
2022-11-15 16:00:00;2.172;2.186;2.171;2.183;10.7182;ISP.ITEUR
2022-11-16 08:00:00;2.184;2.196;2.178;2.193;25.7132;ISP.ITEUR
2022-11-16 09:00:00;2.194;2.194;2.183;2.185;21.1021;ISP.ITEUR
2022-11-16 10:00:00;2.186;2.194;2.182;2.189;16.7381;ISP.ITEUR
2022-11-16 11:00:00;2.19;2.19;2.187;2.189;14.9945;ISP.ITEUR
2022-11-16 12:00:00;2.189;2.19;2.184;2.188;10.0249;ISP.ITEUR
2022-11-16 13:00:00;2.187;2.194;2.179;2.192;21.9224;ISP.ITEUR
2022-11-16 14:00:00;2.192;2.196;2.185;2.194;24.1361;ISP.ITEUR
2022-11-16 15:00:00;2.194;2.196;2.185;2.186;17.0887;ISP.ITEUR
2022-11-16 16:00:00;2.187;2.191;2.184;2.19;7.0155;ISP.ITEUR
2022-11-17 08:00:00;2.198;2.203;2.171;2.171;27.0827;ISP.ITEUR
2022-11-17 09:00:00;2.172;2.176;2.161;2.167;23.4594;ISP.ITEUR
2022-11-17 10:00:00;2.168;2.173;2.159;2.164;19.9715;ISP.ITEUR
2022-11-17 11:00:00;2.163;2.168;2.16;2.166;17.7896;ISP.ITEUR
2022-11-17 12:00:00;2.167;2.17;2.149;2.152;16.8977;ISP.ITEUR
2022-11-17 13:00:00;2.153;2.162;2.145;2.156;23.4274;ISP.ITEUR
2022-11-17 14:00:00;2.156;2.17;2.156;2.169;22.241;ISP.ITEUR
2022-11-17 15:00:00;2.168;2.174;2.168;2.171;14.7318;ISP.ITEUR
2022-11-17 16:00:00;2.171;2.172;2.167;2.169;7.9073;ISP.ITEUR
2022-11-18 08:00:00;2.182;2.197;2.176;2.197;26.5252;ISP.ITEUR
2022-11-18 09:00:00;2.196;2.2;2.192;2.192;19.4536;ISP.ITEUR
2022-11-18 10:00:00;2.193;2.2;2.188;2.199;25.1952;ISP.ITEUR
2022-11-18 11:00:00;2.2;2.204;2.196;2.198;13.9031;ISP.ITEUR
2022-11-18 12:00:00;2.198;2.202;2.198;2.2;8.6714;ISP.ITEUR
2022-11-18 13:00:00;2.199;2.208;2.198;2.207;9.6112;ISP.ITEUR
2022-11-18 14:00:00;2.207;2.215;2.204;2.204;15.1617;ISP.ITEUR
2022-11-18 15:00:00;2.205;2.206;2.199;2.204;20.2739;ISP.ITEUR
2022-11-18 16:00:00;2.204;2.21;2.202;2.209;7.9948;ISP.ITEUR
2022-11-21 08:00:00;2.163;2.174;2.154;2.154;37.9366;ISP.ITEUR
2022-11-21 09:00:00;2.155;2.167;2.147;2.162;20.704;ISP.ITEUR
2022-11-21 10:00:00;2.162;2.172;2.155;2.156;16.3324;ISP.ITEUR
2022-11-21 11:00:00;2.158;2.16;2.144;2.147;12.6375;ISP.ITEUR
2022-11-21 12:00:00;2.148;2.153;2.144;2.148;9.4839;ISP.ITEUR
2022-11-21 13:00:00;2.15;2.152;2.145;2.149;9.1733;ISP.ITEUR
2022-11-21 14:00:00;2.148;2.153;2.146;2.151;14.5008;ISP.ITEUR
2022-11-21 15:00:00;2.152;2.153;2.138;2.143;13.8241;ISP.ITEUR
2022-11-21 16:00:00;2.144;2.146;2.133;2.14;7.3259;ISP.ITEUR
2022-11-22 08:00:00;2.151;2.154;2.135;2.152;30.6344;ISP.ITEUR
2022-11-22 09:00:00;2.153;2.164;2.149;2.158;20.2106;ISP.ITEUR
2022-11-22 10:00:00;2.159;2.163;2.153;2.16;10.527;ISP.ITEUR
2022-11-22 11:00:00;2.16;2.166;2.156;2.157;14.1501;ISP.ITEUR
2022-11-22 12:00:00;2.158;2.164;2.156;2.16;6.6409;ISP.ITEUR
2022-11-22 13:00:00;2.158;2.166;2.158;2.166;6.4656;ISP.ITEUR
2022-11-22 14:00:00;2.166;2.168;2.157;2.159;13.9989;ISP.ITEUR
2022-11-22 15:00:00;2.16;2.172;2.16;2.165;9.3726;ISP.ITEUR
2022-11-22 16:00:00;2.166;2.166;2.159;2.162;3.9892;ISP.ITEUR
2022-11-23 08:00:00;2.154;2.154;2.126;2.149;31.0646;ISP.ITEUR
2022-11-23 09:00:00;2.147;2.152;2.143;2.151;18.5224;ISP.ITEUR
2022-11-23 10:00:00;2.15;2.165;2.148;2.162;14.7078;ISP.ITEUR
2022-11-23 11:00:00;2.163;2.165;2.158;2.161;9.46;ISP.ITEUR
2022-11-23 12:00:00;2.162;2.163;2.154;2.162;9.0934;ISP.ITEUR
2022-11-23 13:00:00;2.161;2.163;2.149;2.15;11.1005;ISP.ITEUR
2022-11-23 14:00:00;2.153;2.156;2.15;2.154;11.7693;ISP.ITEUR
2022-11-23 15:00:00;2.154;2.155;2.14;2.152;19.8835;ISP.ITEUR
2022-11-23 16:00:00;2.153;2.154;2.144;2.147;7.4693;ISP.ITEUR
2022-11-24 08:00:00;2.154;2.16;2.15;2.154;22.3127;ISP.ITEUR
2022-11-24 09:00:00;2.152;2.157;2.142;2.145;15.4007;ISP.ITEUR
2022-11-24 10:00:00;2.147;2.149;2.144;2.146;8.552;ISP.ITEUR
2022-11-24 11:00:00;2.148;2.154;2.145;2.153;6.155;ISP.ITEUR
2022-11-24 12:00:00;2.152;2.154;2.143;2.146;7.9386;ISP.ITEUR
2022-11-24 13:00:00;2.144;2.15;2.142;2.15;6.6091;ISP.ITEUR
2022-11-24 14:00:00;2.15;2.155;2.147;2.154;7.708;ISP.ITEUR
2022-11-24 15:00:00;2.155;2.159;2.151;2.155;5.3109;ISP.ITEUR
2022-11-24 16:00:00;2.157;2.161;2.155;2.157;4.1088;ISP.ITEUR
2022-11-25 08:00:00;2.165;2.166;2.153;2.157;20.1947;ISP.ITEUR
2022-11-25 09:00:00;2.156;2.157;2.148;2.152;13.6007;ISP.ITEUR
2022-11-25 10:00:00;2.151;2.168;2.149;2.166;15.0579;ISP.ITEUR
2022-11-25 11:00:00;2.166;2.166;2.153;2.157;7.8113;ISP.ITEUR
2022-11-25 12:00:00;2.157;2.159;2.153;2.154;5.3028;ISP.ITEUR
2022-11-25 13:00:00;2.156;2.157;2.144;2.151;8.3926;ISP.ITEUR
2022-11-25 14:00:00;2.15;2.154;2.146;2.149;9.1892;ISP.ITEUR
2022-11-25 15:00:00;2.15;2.152;2.147;2.15;9.3165;ISP.ITEUR
2022-11-25 16:00:00;2.15;2.153;2.148;2.151;5.7891;ISP.ITEUR
2022-11-28 08:00:00;2.136;2.145;2.132;2.136;25.9441;ISP.ITEUR
2022-11-28 09:00:00;2.135;2.142;2.128;2.131;25.0598;ISP.ITEUR
2022-11-28 10:00:00;2.131;2.137;2.127;2.135;13.8156;ISP.ITEUR
2022-11-28 11:00:00;2.134;2.14;2.132;2.135;8.1617;ISP.ITEUR
2022-11-28 12:00:00;2.135;2.137;2.13;2.131;7.4662;ISP.ITEUR
2022-11-28 13:00:00;2.131;2.131;2.122;2.126;7.5089;ISP.ITEUR
2022-11-28 14:00:00;2.127;2.137;2.123;2.126;13.2424;ISP.ITEUR
2022-11-28 15:00:00;2.128;2.13;2.113;2.113;14.8828;ISP.ITEUR
2022-11-28 16:00:00;2.115;2.122;2.113;2.12;6.9439;ISP.ITEUR
2022-11-29 08:00:00;2.11;2.118;2.103;2.107;26.4851;ISP.ITEUR
2022-11-29 09:00:00;2.106;2.108;2.087;2.098;20.5924;ISP.ITEUR
2022-11-29 10:00:00;2.099;2.108;2.096;2.101;14.9626;ISP.ITEUR
2022-11-29 11:00:00;2.101;2.118;2.099;2.117;11.5143;ISP.ITEUR
2022-11-29 12:00:00;2.117;2.124;2.116;2.124;9.5631;ISP.ITEUR
2022-11-29 13:00:00;2.123;2.126;2.117;2.124;11.61;ISP.ITEUR
2022-11-29 14:00:00;2.124;2.137;2.122;2.134;15.1374;ISP.ITEUR
2022-11-29 15:00:00;2.135;2.14;2.132;2.135;13.7918;ISP.ITEUR
2022-11-29 16:00:00;2.137;2.137;2.129;2.133;7.3021;ISP.ITEUR
2022-11-30 08:00:00;2.147;2.156;2.134;2.144;21.3809;ISP.ITEUR
2022-11-30 09:00:00;2.144;2.154;2.136;2.138;16.1491;ISP.ITEUR
2022-11-30 10:00:00;2.14;2.149;2.136;2.136;16.1729;ISP.ITEUR
2022-11-30 11:00:00;2.139;2.14;2.131;2.132;8.7432;ISP.ITEUR
2022-11-30 12:00:00;2.13;2.138;2.126;2.136;7.9626;ISP.ITEUR
2022-11-30 13:00:00;2.137;2.137;2.127;2.135;11.0449;ISP.ITEUR
2022-11-30 14:00:00;2.134;2.138;2.121;2.126;12.5816;ISP.ITEUR
2022-11-30 15:00:00;2.128;2.128;2.115;2.119;16.4836;ISP.ITEUR
2022-11-30 16:00:00;2.12;2.131;2.119;2.127;5.7254;ISP.ITEUR
2022-12-01 08:00:00;2.132;2.135;2.094;2.117;41.0104;ISP.ITEUR
2022-12-01 09:00:00;2.118;2.121;2.109;2.116;18.6732;ISP.ITEUR
2022-12-01 10:00:00;2.114;2.117;2.098;2.098;14.6439;ISP.ITEUR
2022-12-01 11:00:00;2.1;2.108;2.093;2.097;10.7259;ISP.ITEUR
2022-12-01 12:00:00;2.097;2.101;2.087;2.1;10.2006;ISP.ITEUR
2022-12-01 13:00:00;2.1;2.108;2.097;2.097;9.1015;ISP.ITEUR
2022-12-01 14:00:00;2.099;2.105;2.09;2.091;13.0911;ISP.ITEUR
2022-12-01 15:00:00;2.093;2.093;2.074;2.088;26.1111;ISP.ITEUR
2022-12-01 16:00:00;2.088;2.09;2.08;2.086;8.5445;ISP.ITEUR
2022-12-02 08:00:00;2.081;2.094;2.076;2.092;25.7608;ISP.ITEUR
2022-12-02 09:00:00;2.091;2.095;2.085;2.089;19.7722;ISP.ITEUR
2022-12-02 10:00:00;2.09;2.093;2.08;2.09;18.0283;ISP.ITEUR
2022-12-02 11:00:00;2.088;2.091;2.081;2.086;9.7067;ISP.ITEUR
2022-12-02 12:00:00;2.085;2.09;2.082;2.088;9.3564;ISP.ITEUR
2022-12-02 13:00:00;2.089;2.089;2.066;2.086;37.0204;ISP.ITEUR
2022-12-02 14:00:00;2.085;2.093;2.081;2.093;16.5152;ISP.ITEUR
2022-12-02 15:00:00;2.094;2.098;2.09;2.09;14.7155;ISP.ITEUR
2022-12-02 16:00:00;2.09;2.092;2.085;2.088;8.2657;ISP.ITEUR
2022-12-05 08:00:00;2.084;2.102;2.082;2.101;26.0158;ISP.ITEUR
2022-12-05 09:00:00;2.102;2.105;2.089;2.097;22.0419;ISP.ITEUR
2022-12-05 10:00:00;2.096;2.098;2.087;2.09;14.5406;ISP.ITEUR
2022-12-05 11:00:00;2.089;2.092;2.086;2.091;6.4417;ISP.ITEUR
2022-12-05 12:00:00;2.092;2.093;2.085;2.088;6.4734;ISP.ITEUR
2022-12-05 13:00:00;2.087;2.09;2.084;2.088;7.5805;ISP.ITEUR
2022-12-05 14:00:00;2.087;2.093;2.081;2.081;11.1881;ISP.ITEUR
2022-12-05 15:00:00;2.079;2.084;2.073;2.075;18.4263;ISP.ITEUR
2022-12-05 16:00:00;2.076;2.083;2.074;2.082;5.383;ISP.ITEUR
2022-12-06 08:00:00;2.077;2.08;2.058;2.078;25.9761;ISP.ITEUR
2022-12-06 09:00:00;2.079;2.079;2.065;2.068;15.3291;ISP.ITEUR
2022-12-06 10:00:00;2.069;2.073;2.06;2.07;12.5498;ISP.ITEUR
2022-12-06 11:00:00;2.072;2.075;2.065;2.072;12.4301;ISP.ITEUR
2022-12-06 12:00:00;2.07;2.078;2.07;2.077;6.5851;ISP.ITEUR
2022-12-06 13:00:00;2.076;2.079;2.07;2.077;7.0786;ISP.ITEUR
2022-12-06 14:00:00;2.076;2.081;2.064;2.069;17.6781;ISP.ITEUR
2022-12-06 15:00:00;2.069;2.075;2.06;2.074;27.2182;ISP.ITEUR
2022-12-06 16:00:00;2.075;2.078;2.069;2.072;11.7853;ISP.ITEUR
2022-12-07 08:00:00;2.068;2.079;2.061;2.072;26.2384;ISP.ITEUR
2022-12-07 09:00:00;2.073;2.083;2.063;2.068;18.2038;ISP.ITEUR
2022-12-07 10:00:00;2.069;2.07;2.057;2.067;12.0479;ISP.ITEUR
2022-12-07 11:00:00;2.066;2.074;2.06;2.062;9.9932;ISP.ITEUR
2022-12-07 12:00:00;2.063;2.065;2.057;2.062;10.2161;ISP.ITEUR
2022-12-07 13:00:00;2.061;2.07;2.059;2.064;10.6941;ISP.ITEUR
2022-12-07 14:00:00;2.065;2.067;2.054;2.061;21.1418;ISP.ITEUR
2022-12-07 15:00:00;2.06;2.066;2.041;2.065;35.3564;ISP.ITEUR
2022-12-07 16:00:00;2.066;2.068;2.057;2.059;8.3453;ISP.ITEUR
2022-12-08 08:00:00;2.07;2.073;2.055;2.063;23.5306;ISP.ITEUR
2022-12-08 09:00:00;2.063;2.066;2.056;2.059;12.9397;ISP.ITEUR
2022-12-08 10:00:00;2.058;2.059;2.045;2.05;10.4554;ISP.ITEUR
2022-12-08 11:00:00;2.049;2.054;2.044;2.051;11.1718;ISP.ITEUR
2022-12-08 12:00:00;2.051;2.061;2.047;2.058;11.3708;ISP.ITEUR
2022-12-08 13:00:00;2.057;2.068;2.056;2.065;11.2672;ISP.ITEUR
2022-12-08 14:00:00;2.066;2.067;2.052;2.056;19.8199;ISP.ITEUR
2022-12-08 15:00:00;2.059;2.064;2.051;2.053;15.066;ISP.ITEUR
2022-12-08 16:00:00;2.052;2.056;2.05;2.053;8.1859;ISP.ITEUR
2022-12-09 08:00:00;2.075;2.078;2.056;2.067;33.3649;ISP.ITEUR
2022-12-09 09:00:00;2.066;2.07;2.061;2.062;20.9584;ISP.ITEUR
2022-12-09 10:00:00;2.063;2.069;2.061;2.069;12.3341;ISP.ITEUR
2022-12-09 11:00:00;2.069;2.077;2.04;2.044;26.0551;ISP.ITEUR
2022-12-09 12:00:00;2.043;2.052;2.029;2.05;21.3725;ISP.ITEUR
2022-12-09 13:00:00;2.049;2.051;2.029;2.047;32.8477;ISP.ITEUR
2022-12-09 14:00:00;2.047;2.056;2.044;2.053;17.9008;ISP.ITEUR
2022-12-09 15:00:00;2.054;2.06;2.047;2.052;19.0314;ISP.ITEUR
2022-12-09 16:00:00;2.053;2.06;2.051;2.057;7.5807;ISP.ITEUR
2022-12-12 08:00:00;2.061;2.068;2.05;2.068;22.7427;ISP.ITEUR
2022-12-12 09:00:00;2.067;2.08;2.061;2.073;21.8348;ISP.ITEUR
2022-12-12 10:00:00;2.074;2.076;2.069;2.073;14.9626;ISP.ITEUR
2022-12-12 11:00:00;2.071;2.073;2.065;2.071;9.794;ISP.ITEUR
2022-12-12 12:00:00;2.07;2.071;2.061;2.063;7.5886;ISP.ITEUR
2022-12-12 13:00:00;2.061;2.069;2.061;2.066;9.5474;ISP.ITEUR
2022-12-12 14:00:00;2.065;2.068;2.056;2.063;12.4303;ISP.ITEUR
2022-12-12 15:00:00;2.062;2.066;2.058;2.062;11.5622;ISP.ITEUR
2022-12-12 16:00:00;2.063;2.067;2.059;2.066;8.0108;ISP.ITEUR
2022-12-13 08:00:00;2.075;2.084;2.07;2.075;26.6924;ISP.ITEUR
2022-12-13 09:00:00;2.075;2.076;2.067;2.073;22.7504;ISP.ITEUR
2022-12-13 10:00:00;2.073;2.09;2.069;2.088;17.965;ISP.ITEUR
2022-12-13 11:00:00;2.089;2.091;2.085;2.088;13.4972;ISP.ITEUR
2022-12-13 12:00:00;2.088;2.09;2.08;2.089;10.933;ISP.ITEUR
2022-12-13 13:00:00;2.088;2.106;2.079;2.105;47.3327;ISP.ITEUR
2022-12-13 14:00:00;2.106;2.113;2.103;2.11;28.1969;ISP.ITEUR
2022-12-13 15:00:00;2.11;2.11;2.085;2.087;29.3358;ISP.ITEUR
2022-12-13 16:00:00;2.088;2.098;2.085;2.096;15.2492;ISP.ITEUR
2022-12-14 08:00:00;2.098;2.099;2.081;2.087;19.5496;ISP.ITEUR
2022-12-14 09:00:00;2.085;2.089;2.074;2.076;14.3172;ISP.ITEUR
2022-12-14 10:00:00;2.077;2.083;2.072;2.081;17.3194;ISP.ITEUR
2022-12-14 11:00:00;2.082;2.091;2.077;2.09;13.131;ISP.ITEUR
2022-12-14 12:00:00;2.091;2.094;2.081;2.085;12.8043;ISP.ITEUR
2022-12-14 13:00:00;2.086;2.092;2.084;2.09;13.2347;ISP.ITEUR
2022-12-14 14:00:00;2.092;2.092;2.079;2.081;14.9866;ISP.ITEUR
2022-12-14 15:00:00;2.084;2.086;2.08;2.085;10.4556;ISP.ITEUR
2022-12-14 16:00:00;2.084;2.088;2.08;2.085;4.706;ISP.ITEUR
2022-12-15 08:00:00;2.077;2.082;2.064;2.067;27.1863;ISP.ITEUR
2022-12-15 09:00:00;2.069;2.069;2.056;2.059;15.6551;ISP.ITEUR
2022-12-15 10:00:00;2.057;2.07;2.055;2.06;17.2638;ISP.ITEUR
2022-12-15 11:00:00;2.061;2.069;2.057;2.059;17.2878;ISP.ITEUR
2022-12-15 12:00:00;2.057;2.061;2.052;2.057;15.9897;ISP.ITEUR
2022-12-15 13:00:00;2.058;2.063;2.023;2.03;38.223;ISP.ITEUR
2022-12-15 14:00:00;2.029;2.03;2.003;2.006;57.8435;ISP.ITEUR
2022-12-15 15:00:00;2.007;2.02;2.001;2.011;34.1935;ISP.ITEUR
2022-12-15 16:00:00;2.014;2.015;1.994;1.999;17.7176;ISP.ITEUR
2022-12-16 08:00:00;1.999;2.007;1.994;1.997;38.8601;ISP.ITEUR
2022-12-16 09:00:00;2.0;2.02;1.996;2.019;20.6315;ISP.ITEUR
2022-12-16 10:00:00;2.019;2.028;2.006;2.009;29.609;ISP.ITEUR
2022-12-16 11:00:00;2.008;2.008;1.997;2.005;23.029;ISP.ITEUR
2022-12-16 12:00:00;2.005;2.017;2.004;2.008;27.7991;ISP.ITEUR
2022-12-16 13:00:00;2.006;2.02;2.004;2.019;19.9714;ISP.ITEUR
2022-12-16 14:00:00;2.017;2.039;2.014;2.036;26.4295;ISP.ITEUR
2022-12-16 15:00:00;2.037;2.04;2.025;2.038;25.8163;ISP.ITEUR
2022-12-16 16:00:00;2.037;2.043;2.03;2.041;10.671;ISP.ITEUR
2022-12-19 08:00:00;2.046;2.063;2.046;2.051;25.8884;ISP.ITEUR
2022-12-19 09:00:00;2.051;2.062;2.041;2.048;19.5892;ISP.ITEUR
2022-12-19 10:00:00;2.049;2.059;2.044;2.045;15.5678;ISP.ITEUR
2022-12-19 11:00:00;2.047;2.049;2.032;2.043;15.6155;ISP.ITEUR
2022-12-19 12:00:00;2.043;2.05;2.04;2.046;6.6011;ISP.ITEUR
2022-12-19 13:00:00;2.047;2.055;2.04;2.042;7.8673;ISP.ITEUR
2022-12-19 14:00:00;2.044;2.051;2.042;2.043;16.7301;ISP.ITEUR
2022-12-19 15:00:00;2.044;2.047;2.031;2.032;11.3712;ISP.ITEUR
2022-12-19 16:00:00;2.033;2.038;2.03;2.034;5.6698;ISP.ITEUR
2022-12-20 08:00:00;2.01;2.022;2.003;2.021;39.9753;ISP.ITEUR
2022-12-20 09:00:00;2.02;2.042;2.015;2.041;24.6141;ISP.ITEUR
2022-12-20 10:00:00;2.042;2.056;2.037;2.052;20.0747;ISP.ITEUR
2022-12-20 11:00:00;2.049;2.061;2.047;2.054;20.9745;ISP.ITEUR
2022-12-20 12:00:00;2.055;2.063;2.051;2.055;13.999;ISP.ITEUR
2022-12-20 13:00:00;2.056;2.064;2.054;2.062;13.0272;ISP.ITEUR
2022-12-20 14:00:00;2.06;2.068;2.059;2.068;23.1566;ISP.ITEUR
2022-12-20 15:00:00;2.067;2.075;2.063;2.074;13.9515;ISP.ITEUR
2022-12-20 16:00:00;2.073;2.079;2.07;2.077;9.8902;ISP.ITEUR
2022-12-21 08:00:00;2.077;2.078;2.058;2.075;29.0414;ISP.ITEUR
2022-12-21 09:00:00;2.076;2.088;2.074;2.086;24.6134;ISP.ITEUR
2022-12-21 10:00:00;2.088;2.09;2.082;2.083;15.0021;ISP.ITEUR
2022-12-21 11:00:00;2.085;2.095;2.083;2.095;14.0859;ISP.ITEUR
2022-12-21 12:00:00;2.094;2.101;2.089;2.097;8.2178;ISP.ITEUR
2022-12-21 13:00:00;2.099;2.102;2.096;2.097;9.6986;ISP.ITEUR
2022-12-21 14:00:00;2.099;2.099;2.089;2.091;14.4926;ISP.ITEUR
2022-12-21 15:00:00;2.092;2.104;2.09;2.102;14.0389;ISP.ITEUR
2022-12-21 16:00:00;2.102;2.105;2.099;2.102;3.9975;ISP.ITEUR
2022-12-22 08:00:00;2.109;2.111;2.095;2.101;28.2608;ISP.ITEUR
2022-12-22 09:00:00;2.101;2.109;2.092;2.092;18.2989;ISP.ITEUR
2022-12-22 10:00:00;2.093;2.101;2.09;2.097;13.1708;ISP.ITEUR
2022-12-22 11:00:00;2.097;2.099;2.092;2.096;10.2004;ISP.ITEUR
2022-12-22 12:00:00;2.095;2.097;2.09;2.095;8.4404;ISP.ITEUR
2022-12-22 13:00:00;2.096;2.099;2.09;2.094;13.2663;ISP.ITEUR
2022-12-22 14:00:00;2.093;2.097;2.083;2.088;17.5027;ISP.ITEUR
2022-12-22 15:00:00;2.087;2.088;2.073;2.084;26.2861;ISP.ITEUR
2022-12-22 16:00:00;2.083;2.084;2.078;2.081;9.9379;ISP.ITEUR
2022-12-23 08:00:00;2.091;2.094;2.081;2.092;23.5629;ISP.ITEUR
2022-12-23 09:00:00;2.093;2.093;2.081;2.087;17.3434;ISP.ITEUR
2022-12-23 10:00:00;2.087;2.1;2.084;2.097;12.3188;ISP.ITEUR
2022-12-23 11:00:00;2.098;2.098;2.083;2.085;12.4142;ISP.ITEUR
2022-12-23 12:00:00;2.084;2.091;2.08;2.087;10.4312;ISP.ITEUR
2022-12-23 13:00:00;2.09;2.098;2.082;2.086;23.4589;ISP.ITEUR
2022-12-23 14:00:00;2.084;2.092;2.079;2.083;22.7822;ISP.ITEUR
2022-12-23 15:00:00;2.084;2.094;2.079;2.086;22.8061;ISP.ITEUR
2022-12-23 16:00:00;2.088;2.092;2.086;2.089;5.1999;ISP.ITEUR
2022-12-27 08:00:00;2.106;2.108;2.093;2.095;17.4869;ISP.ITEUR
2022-12-27 09:00:00;2.094;2.094;2.087;2.091;10.527;ISP.ITEUR
2022-12-27 10:00:00;2.09;2.092;2.089;2.09;7.2064;ISP.ITEUR
2022-12-27 11:00:00;2.09;2.09;2.085;2.085;3.8137;ISP.ITEUR
2022-12-27 12:00:00;2.084;2.086;2.082;2.085;7.3488;ISP.ITEUR
2022-12-27 13:00:00;2.084;2.086;2.08;2.081;5.1278;ISP.ITEUR
2022-12-27 14:00:00;2.081;2.084;2.077;2.078;14.3969;ISP.ITEUR
2022-12-27 15:00:00;2.077;2.082;2.077;2.079;11.1407;ISP.ITEUR
2022-12-27 16:00:00;2.079;2.084;2.077;2.082;6.5376;ISP.ITEUR
2022-12-28 08:00:00;2.081;2.081;2.073;2.075;27.7273;ISP.ITEUR
2022-12-28 09:00:00;2.075;2.084;2.075;2.081;16.2369;ISP.ITEUR
2022-12-28 10:00:00;2.081;2.085;2.076;2.084;10.7741;ISP.ITEUR
2022-12-28 11:00:00;2.083;2.087;2.08;2.086;8.9501;ISP.ITEUR
2022-12-28 12:00:00;2.086;2.091;2.085;2.088;6.6247;ISP.ITEUR
2022-12-28 13:00:00;2.089;2.09;2.085;2.086;5.4224;ISP.ITEUR
2022-12-28 14:00:00;2.087;2.09;2.08;2.081;13.8235;ISP.ITEUR
2022-12-28 15:00:00;2.08;2.081;2.073;2.076;10.2327;ISP.ITEUR
2022-12-28 16:00:00;2.077;2.081;2.076;2.079;5.853;ISP.ITEUR
2022-12-29 08:00:00;2.073;2.086;2.071;2.086;17.3198;ISP.ITEUR
2022-12-29 09:00:00;2.085;2.091;2.084;2.087;10.6306;ISP.ITEUR
2022-12-29 10:00:00;2.087;2.091;2.085;2.089;7.9231;ISP.ITEUR
2022-12-29 11:00:00;2.089;2.092;2.087;2.09;5.04;ISP.ITEUR
2022-12-29 12:00:00;2.09;2.098;2.09;2.095;5.2392;ISP.ITEUR
2022-12-29 13:00:00;2.094;2.1;2.092;2.1;6.4338;ISP.ITEUR
2022-12-29 14:00:00;2.1;2.101;2.095;2.098;10.2167;ISP.ITEUR
2022-12-29 15:00:00;2.098;2.107;2.093;2.098;17.049;ISP.ITEUR
2022-12-29 16:00:00;2.098;2.105;2.095;2.105;8.648;ISP.ITEUR
2022-12-30 08:00:00;2.094;2.097;2.086;2.087;21.444;ISP.ITEUR
2022-12-30 09:00:00;2.089;2.093;2.084;2.091;17.136;ISP.ITEUR
2022-12-30 10:00:00;2.091;2.092;2.086;2.087;15.0177;ISP.ITEUR
2022-12-30 11:00:00;2.088;2.09;2.084;2.086;12.5969;ISP.ITEUR
2022-12-30 12:00:00;2.087;2.089;2.084;2.086;12.9554;ISP.ITEUR
2022-12-30 13:00:00;2.085;2.09;2.083;2.089;9.8179;ISP.ITEUR
2022-12-30 14:00:00;2.089;2.093;2.085;2.088;13.1784;ISP.ITEUR
2022-12-30 15:00:00;2.089;2.09;2.082;2.082;9.1809;ISP.ITEUR
2022-12-30 16:00:00;2.084;2.086;2.077;2.08;7.2541;ISP.ITEUR
2023-01-02 08:00:00;2.099;2.107;2.092;2.106;17.6617;ISP.ITEUR
2023-01-02 09:00:00;2.106;2.118;2.106;2.118;16.4353;ISP.ITEUR
2023-01-02 10:00:00;2.118;2.134;2.118;2.129;14.8027;ISP.ITEUR
2023-01-02 11:00:00;2.13;2.135;2.127;2.131;11.5859;ISP.ITEUR
2023-01-02 12:00:00;2.13;2.136;2.129;2.131;8.353;ISP.ITEUR
2023-01-02 13:00:00;2.129;2.133;2.127;2.128;9.2525;ISP.ITEUR
2023-01-02 14:00:00;2.13;2.132;2.123;2.124;7.5328;ISP.ITEUR
2023-01-02 15:00:00;2.123;2.123;2.114;2.117;8.5917;ISP.ITEUR
2023-01-02 16:00:00;2.117;2.119;2.116;2.119;6.41;ISP.ITEUR
2023-01-03 08:00:00;2.114;2.147;2.113;2.144;27.9263;ISP.ITEUR
2023-01-03 09:00:00;2.144;2.16;2.142;2.152;30.2429;ISP.ITEUR
2023-01-03 10:00:00;2.153;2.166;2.152;2.166;22.1605;ISP.ITEUR
2023-01-03 11:00:00;2.165;2.167;2.154;2.158;21.1653;ISP.ITEUR
2023-01-03 12:00:00;2.159;2.159;2.148;2.156;15.4479;ISP.ITEUR
2023-01-03 13:00:00;2.156;2.168;2.15;2.164;15.5595;ISP.ITEUR
2023-01-03 14:00:00;2.166;2.173;2.162;2.164;20.6957;ISP.ITEUR
2023-01-03 15:00:00;2.165;2.174;2.154;2.173;23.1959;ISP.ITEUR
2023-01-03 16:00:00;2.173;2.174;2.168;2.169;10.9171;ISP.ITEUR
2023-01-04 08:00:00;2.188;2.2;2.181;2.197;41.3032;ISP.ITEUR
2023-01-04 09:00:00;2.197;2.203;2.194;2.202;34.2164;ISP.ITEUR
2023-01-04 10:00:00;2.201;2.215;2.201;2.212;26.4367;ISP.ITEUR
2023-01-04 11:00:00;2.213;2.219;2.208;2.216;13.9986;ISP.ITEUR
2023-01-04 12:00:00;2.214;2.221;2.214;2.218;17.0164;ISP.ITEUR
2023-01-04 13:00:00;2.217;2.232;2.215;2.227;18.3465;ISP.ITEUR
2023-01-04 14:00:00;2.227;2.232;2.22;2.224;27.233;ISP.ITEUR
2023-01-04 15:00:00;2.221;2.226;2.214;2.222;33.7071;ISP.ITEUR
2023-01-04 16:00:00;2.221;2.227;2.22;2.224;10.0571;ISP.ITEUR
2023-01-05 08:00:00;2.211;2.228;2.211;2.222;39.1218;ISP.ITEUR
2023-01-05 09:00:00;2.222;2.226;2.217;2.22;22.1846;ISP.ITEUR
2023-01-05 10:00:00;2.219;2.224;2.215;2.218;15.9733;ISP.ITEUR
2023-01-05 11:00:00;2.218;2.219;2.213;2.216;12.4221;ISP.ITEUR
2023-01-05 12:00:00;2.215;2.221;2.215;2.216;8.5917;ISP.ITEUR
2023-01-05 13:00:00;2.218;2.222;2.212;2.215;31.4058;ISP.ITEUR
2023-01-05 14:00:00;2.215;2.223;2.211;2.22;22.8138;ISP.ITEUR
2023-01-05 15:00:00;2.219;2.23;2.214;2.214;18.4264;ISP.ITEUR
2023-01-05 16:00:00;2.213;2.214;2.203;2.205;7.1666;ISP.ITEUR
2023-01-06 08:00:00;2.224;2.232;2.217;2.221;31.8039;ISP.ITEUR
2023-01-06 09:00:00;2.221;2.224;2.215;2.219;13.521;ISP.ITEUR
2023-01-06 10:00:00;2.219;2.232;2.217;2.232;12.0955;ISP.ITEUR
2023-01-06 11:00:00;2.231;2.237;2.226;2.228;13.6641;ISP.ITEUR
2023-01-06 12:00:00;2.229;2.231;2.224;2.229;8.3368;ISP.ITEUR
2023-01-06 13:00:00;2.229;2.237;2.22;2.236;29.5904;ISP.ITEUR
2023-01-06 14:00:00;2.235;2.236;2.223;2.226;20.8549;ISP.ITEUR
2023-01-06 15:00:00;2.227;2.235;2.224;2.232;20.0908;ISP.ITEUR
2023-01-06 16:00:00;2.231;2.233;2.228;2.231;7.3338;ISP.ITEUR
2023-01-09 08:00:00;2.243;2.243;2.231;2.236;26.9305;ISP.ITEUR
2023-01-09 09:00:00;2.237;2.239;2.22;2.224;19.079;ISP.ITEUR
2023-01-09 10:00:00;2.222;2.238;2.22;2.237;22.5505;ISP.ITEUR
2023-01-09 11:00:00;2.237;2.241;2.232;2.237;12.2865;ISP.ITEUR
2023-01-09 12:00:00;2.236;2.24;2.233;2.236;9.0775;ISP.ITEUR
2023-01-09 13:00:00;2.236;2.238;2.23;2.235;7.7398;ISP.ITEUR
2023-01-09 14:00:00;2.234;2.243;2.231;2.237;13.2903;ISP.ITEUR
2023-01-09 15:00:00;2.238;2.241;2.23;2.231;13.6565;ISP.ITEUR
2023-01-09 16:00:00;2.23;2.233;2.226;2.232;3.5275;ISP.ITEUR
2023-01-10 08:00:00;2.221;2.24;2.219;2.227;30.1076;ISP.ITEUR
2023-01-10 09:00:00;2.226;2.236;2.218;2.233;24.8284;ISP.ITEUR
2023-01-10 10:00:00;2.232;2.241;2.229;2.233;17.6377;ISP.ITEUR
2023-01-10 11:00:00;2.233;2.239;2.228;2.237;10.9091;ISP.ITEUR
2023-01-10 12:00:00;2.237;2.237;2.229;2.232;11.5779;ISP.ITEUR
2023-01-10 13:00:00;2.232;2.235;2.224;2.229;12.7245;ISP.ITEUR
2023-01-10 14:00:00;2.232;2.246;2.23;2.239;19.7804;ISP.ITEUR
2023-01-10 15:00:00;2.24;2.245;2.235;2.244;11.8174;ISP.ITEUR
2023-01-10 16:00:00;2.244;2.247;2.241;2.244;3.7825;ISP.ITEUR
2023-01-11 08:00:00;2.261;2.264;2.233;2.244;32.3219;ISP.ITEUR
2023-01-11 09:00:00;2.246;2.251;2.237;2.248;27.2256;ISP.ITEUR
2023-01-11 10:00:00;2.248;2.257;2.245;2.256;24.0722;ISP.ITEUR
2023-01-11 11:00:00;2.257;2.259;2.252;2.257;16.2206;ISP.ITEUR
2023-01-11 12:00:00;2.256;2.257;2.246;2.251;9.2688;ISP.ITEUR
2023-01-11 13:00:00;2.25;2.252;2.244;2.249;9.0939;ISP.ITEUR
2023-01-11 14:00:00;2.249;2.256;2.245;2.256;9.5558;ISP.ITEUR
2023-01-11 15:00:00;2.256;2.262;2.254;2.257;14.2699;ISP.ITEUR
2023-01-11 16:00:00;2.258;2.259;2.246;2.253;6.9757;ISP.ITEUR
2023-01-12 08:00:00;2.263;2.272;2.259;2.27;20.338;ISP.ITEUR
2023-01-12 09:00:00;2.271;2.285;2.265;2.285;17.1604;ISP.ITEUR
2023-01-12 10:00:00;2.283;2.285;2.273;2.275;12.7172;ISP.ITEUR
2023-01-12 11:00:00;2.274;2.283;2.272;2.278;10.1212;ISP.ITEUR
2023-01-12 12:00:00;2.276;2.284;2.276;2.277;9.5557;ISP.ITEUR
2023-01-12 13:00:00;2.279;2.287;2.262;2.283;33.7555;ISP.ITEUR
2023-01-12 14:00:00;2.284;2.284;2.264;2.273;26.7562;ISP.ITEUR
2023-01-12 15:00:00;2.274;2.288;2.271;2.286;15.4408;ISP.ITEUR
2023-01-12 16:00:00;2.285;2.288;2.278;2.282;7.8438;ISP.ITEUR
2023-01-13 08:00:00;2.287;2.297;2.284;2.296;25.0358;ISP.ITEUR
2023-01-13 09:00:00;2.297;2.302;2.288;2.294;22.9018;ISP.ITEUR
2023-01-13 10:00:00;2.292;2.295;2.286;2.289;21.1736;ISP.ITEUR
2023-01-13 11:00:00;2.29;2.295;2.287;2.287;18.5613;ISP.ITEUR
2023-01-13 12:00:00;2.289;2.291;2.259;2.266;22.9734;ISP.ITEUR
2023-01-13 13:00:00;2.266;2.28;2.265;2.274;16.2049;ISP.ITEUR
2023-01-13 14:00:00;2.275;2.282;2.265;2.279;17.8694;ISP.ITEUR
2023-01-13 15:00:00;2.281;2.282;2.273;2.282;13.9752;ISP.ITEUR
2023-01-13 16:00:00;2.281;2.285;2.279;2.282;5.8211;ISP.ITEUR
2023-01-16 08:00:00;2.3;2.308;2.28;2.28;34.6549;ISP.ITEUR
2023-01-16 09:00:00;2.281;2.284;2.275;2.28;19.192;ISP.ITEUR
2023-01-16 10:00:00;2.279;2.286;2.27;2.283;17.4213;ISP.ITEUR
2023-01-16 11:00:00;2.284;2.289;2.283;2.287;12.9718;ISP.ITEUR
2023-01-16 12:00:00;2.287;2.288;2.28;2.283;12.2063;ISP.ITEUR
2023-01-16 13:00:00;2.282;2.285;2.277;2.282;10.0259;ISP.ITEUR
2023-01-16 14:00:00;2.282;2.286;2.28;2.284;9.7791;ISP.ITEUR
2023-01-16 15:00:00;2.283;2.284;2.278;2.282;8.5888;ISP.ITEUR
2023-01-16 16:00:00;2.282;2.282;2.277;2.278;3.2037;ISP.ITEUR
2023-01-17 08:00:00;2.288;2.294;2.252;2.252;33.6298;ISP.ITEUR
2023-01-17 09:00:00;2.253;2.253;2.231;2.236;37.3437;ISP.ITEUR
2023-01-17 10:00:00;2.234;2.245;2.23;2.242;16.3169;ISP.ITEUR
2023-01-17 11:00:00;2.243;2.253;2.239;2.251;14.2956;ISP.ITEUR
2023-01-17 12:00:00;2.249;2.264;2.249;2.262;10.7976;ISP.ITEUR
2023-01-17 13:00:00;2.261;2.269;2.26;2.264;9.6667;ISP.ITEUR
2023-01-17 14:00:00;2.265;2.267;2.257;2.262;12.316;ISP.ITEUR
2023-01-17 15:00:00;2.263;2.273;2.244;2.249;26.4609;ISP.ITEUR
2023-01-17 16:00:00;2.249;2.251;2.244;2.25;6.4787;ISP.ITEUR
2023-01-18 08:00:00;2.269;2.278;2.24;2.252;32.6835;ISP.ITEUR
2023-01-18 09:00:00;2.252;2.255;2.247;2.251;14.3084;ISP.ITEUR
2023-01-18 10:00:00;2.25;2.26;2.247;2.257;13.6193;ISP.ITEUR
2023-01-18 11:00:00;2.256;2.257;2.249;2.249;9.2187;ISP.ITEUR
2023-01-18 12:00:00;2.25;2.259;2.248;2.248;11.9837;ISP.ITEUR
2023-01-18 13:00:00;2.249;2.258;2.247;2.251;16.4067;ISP.ITEUR
2023-01-18 14:00:00;2.251;2.256;2.247;2.249;14.581;ISP.ITEUR
2023-01-18 15:00:00;2.25;2.252;2.24;2.244;11.9917;ISP.ITEUR
2023-01-18 16:00:00;2.244;2.245;2.238;2.242;7.2317;ISP.ITEUR
2023-01-19 08:00:00;2.233;2.245;2.226;2.228;26.1521;ISP.ITEUR
2023-01-19 09:00:00;2.229;2.238;2.229;2.233;14.2736;ISP.ITEUR
2023-01-19 10:00:00;2.233;2.241;2.222;2.226;25.0167;ISP.ITEUR
2023-01-19 11:00:00;2.227;2.227;2.217;2.218;15.2535;ISP.ITEUR
2023-01-19 12:00:00;2.218;2.219;2.203;2.216;24.4636;ISP.ITEUR
2023-01-19 13:00:00;2.216;2.217;2.202;2.212;20.6696;ISP.ITEUR
2023-01-19 14:00:00;2.212;2.216;2.209;2.215;19.2171;ISP.ITEUR
2023-01-19 15:00:00;2.214;2.222;2.21;2.214;21.7484;ISP.ITEUR
2023-01-19 16:00:00;2.213;2.22;2.212;2.22;8.2014;ISP.ITEUR
2023-01-20 08:00:00;2.241;2.241;2.227;2.228;29.8512;ISP.ITEUR
2023-01-20 09:00:00;2.228;2.23;2.22;2.228;20.0452;ISP.ITEUR
2023-01-20 10:00:00;2.227;2.233;2.224;2.23;12.6931;ISP.ITEUR
2023-01-20 11:00:00;2.228;2.234;2.226;2.227;9.7929;ISP.ITEUR
2023-01-20 12:00:00;2.226;2.232;2.224;2.23;9.4149;ISP.ITEUR
2023-01-20 13:00:00;2.23;2.233;2.228;2.232;8.0337;ISP.ITEUR
2023-01-20 14:00:00;2.231;2.252;2.151;2.184;33.6137;ISP.ITEUR
2023-01-20 15:00:00;2.184;2.197;2.154;2.169;51.885;ISP.ITEUR
2023-01-20 16:00:00;2.168;2.178;2.167;2.173;10.4302;ISP.ITEUR
2023-01-23 08:00:00;2.24;2.253;2.229;2.24;45.5224;ISP.ITEUR
2023-01-23 09:00:00;2.24;2.242;2.222;2.227;20.0576;ISP.ITEUR
2023-01-23 10:00:00;2.226;2.229;2.222;2.223;11.7597;ISP.ITEUR
2023-01-23 11:00:00;2.222;2.224;2.218;2.222;11.6075;ISP.ITEUR
2023-01-23 12:00:00;2.223;2.23;2.223;2.226;8.7057;ISP.ITEUR
2023-01-23 13:00:00;2.226;2.238;2.226;2.238;11.3969;ISP.ITEUR
2023-01-23 14:00:00;2.239;2.245;2.232;2.232;17.4345;ISP.ITEUR
2023-01-23 15:00:00;2.233;2.24;2.231;2.237;9.0252;ISP.ITEUR
2023-01-23 16:00:00;2.237;2.239;2.237;2.238;5.0016;ISP.ITEUR
2023-01-24 08:00:00;2.248;2.25;2.234;2.243;22.2943;ISP.ITEUR
2023-01-24 09:00:00;2.243;2.245;2.234;2.238;12.6503;ISP.ITEUR
2023-01-24 10:00:00;2.238;2.241;2.234;2.24;8.6893;ISP.ITEUR
2023-01-24 11:00:00;2.239;2.244;2.235;2.241;10.9715;ISP.ITEUR
2023-01-24 12:00:00;2.241;2.248;2.24;2.248;10.9708;ISP.ITEUR
2023-01-24 13:00:00;2.248;2.258;2.248;2.256;8.7063;ISP.ITEUR
2023-01-24 14:00:00;2.256;2.266;2.253;2.26;12.1956;ISP.ITEUR
2023-01-24 15:00:00;2.259;2.288;2.259;2.288;16.6977;ISP.ITEUR
2023-01-24 16:00:00;2.287;2.287;2.283;2.283;4.8908;ISP.ITEUR
2023-01-25 08:00:00;2.285;2.286;2.273;2.278;21.6212;ISP.ITEUR
2023-01-25 09:00:00;2.277;2.295;2.277;2.289;25.3144;ISP.ITEUR
2023-01-25 10:00:00;2.29;2.291;2.278;2.288;18.1392;ISP.ITEUR
2023-01-25 11:00:00;2.289;2.291;2.286;2.29;9.3032;ISP.ITEUR
2023-01-25 12:00:00;2.29;2.291;2.284;2.285;8.7464;ISP.ITEUR
2023-01-25 13:00:00;2.285;2.292;2.285;2.289;9.9841;ISP.ITEUR
2023-01-25 14:00:00;2.29;2.3;2.288;2.296;16.1833;ISP.ITEUR
2023-01-25 15:00:00;2.296;2.298;2.286;2.295;14.8903;ISP.ITEUR
2023-01-25 16:00:00;2.294;2.299;2.294;2.297;4.4168;ISP.ITEUR
2023-01-26 08:00:00;2.31;2.313;2.302;2.313;26.4478;ISP.ITEUR
2023-01-26 09:00:00;2.312;2.329;2.312;2.318;19.2531;ISP.ITEUR
2023-01-26 10:00:00;2.318;2.333;2.318;2.332;10.93;ISP.ITEUR
2023-01-26 11:00:00;2.332;2.34;2.332;2.335;11.5677;ISP.ITEUR
2023-01-26 12:00:00;2.335;2.338;2.333;2.337;5.889;ISP.ITEUR
2023-01-26 13:00:00;2.338;2.34;2.331;2.338;11.3994;ISP.ITEUR
2023-01-26 14:00:00;2.337;2.346;2.335;2.339;18.3299;ISP.ITEUR
2023-01-26 15:00:00;2.339;2.346;2.334;2.342;17.932;ISP.ITEUR
2023-01-26 16:00:00;2.343;2.344;2.336;2.343;7.2459;ISP.ITEUR
2023-01-27 08:00:00;2.342;2.343;2.329;2.34;24.7249;ISP.ITEUR
2023-01-27 09:00:00;2.341;2.342;2.333;2.339;18.2075;ISP.ITEUR
2023-01-27 10:00:00;2.339;2.347;2.338;2.346;15.0671;ISP.ITEUR
2023-01-27 11:00:00;2.347;2.355;2.345;2.354;15.901;ISP.ITEUR
2023-01-27 12:00:00;2.354;2.357;2.347;2.351;10.5887;ISP.ITEUR
2023-01-27 13:00:00;2.35;2.351;2.337;2.341;16.7816;ISP.ITEUR
2023-01-27 14:00:00;2.342;2.348;2.34;2.345;13.9673;ISP.ITEUR
2023-01-27 15:00:00;2.345;2.353;2.342;2.344;14.071;ISP.ITEUR
2023-01-27 16:00:00;2.343;2.353;2.343;2.351;4.6513;ISP.ITEUR
2023-01-30 08:00:00;2.352;2.354;2.332;2.348;36.299;ISP.ITEUR
2023-01-30 09:00:00;2.349;2.35;2.337;2.344;23.7979;ISP.ITEUR
2023-01-30 10:00:00;2.345;2.345;2.338;2.339;14.2068;ISP.ITEUR
2023-01-30 11:00:00;2.338;2.339;2.331;2.335;13.3712;ISP.ITEUR
2023-01-30 12:00:00;2.335;2.337;2.332;2.333;10.2672;ISP.ITEUR
2023-01-30 13:00:00;2.332;2.335;2.327;2.334;13.7999;ISP.ITEUR
2023-01-30 14:00:00;2.334;2.341;2.327;2.336;17.0672;ISP.ITEUR
2023-01-30 15:00:00;2.335;2.34;2.327;2.332;15.3085;ISP.ITEUR
2023-01-30 16:00:00;2.331;2.341;2.331;2.339;5.7572;ISP.ITEUR
2023-01-31 08:00:00;2.388;2.389;2.357;2.366;60.3181;ISP.ITEUR
2023-01-31 09:00:00;2.367;2.376;2.363;2.37;31.8248;ISP.ITEUR
2023-01-31 10:00:00;2.369;2.378;2.365;2.374;20.3466;ISP.ITEUR
2023-01-31 11:00:00;2.373;2.392;2.371;2.391;20.4215;ISP.ITEUR
2023-01-31 12:00:00;2.392;2.398;2.382;2.397;23.8082;ISP.ITEUR
2023-01-31 13:00:00;2.398;2.416;2.398;2.405;28.5485;ISP.ITEUR
2023-01-31 14:00:00;2.405;2.412;2.399;2.406;25.5356;ISP.ITEUR
2023-01-31 15:00:00;2.405;2.421;2.402;2.417;20.9981;ISP.ITEUR
2023-01-31 16:00:00;2.416;2.418;2.41;2.414;8.0025;ISP.ITEUR
2023-02-01 08:00:00;2.451;2.466;2.435;2.442;44.3974;ISP.ITEUR
2023-02-01 09:00:00;2.441;2.443;2.43;2.434;28.3386;ISP.ITEUR
2023-02-01 10:00:00;2.436;2.456;2.432;2.451;24.1554;ISP.ITEUR
2023-02-01 11:00:00;2.451;2.458;2.449;2.451;14.2665;ISP.ITEUR
2023-02-01 12:00:00;2.451;2.463;2.448;2.45;12.42;ISP.ITEUR
2023-02-01 13:00:00;2.45;2.459;2.449;2.451;13.8485;ISP.ITEUR
2023-02-01 14:00:00;2.451;2.468;2.448;2.467;18.3638;ISP.ITEUR
2023-02-01 15:00:00;2.467;2.467;2.445;2.445;26.5201;ISP.ITEUR
2023-02-01 16:00:00;2.445;2.457;2.445;2.455;7.671;ISP.ITEUR
2023-02-02 08:00:00;2.472;2.476;2.44;2.464;60.6605;ISP.ITEUR
2023-02-02 09:00:00;2.463;2.472;2.454;2.472;32.2127;ISP.ITEUR
2023-02-02 10:00:00;2.471;2.473;2.462;2.463;17.45;ISP.ITEUR
2023-02-02 11:00:00;2.464;2.475;2.46;2.47;19.0349;ISP.ITEUR
2023-02-02 12:00:00;2.47;2.47;2.454;2.458;26.5848;ISP.ITEUR
2023-02-02 13:00:00;2.457;2.471;2.452;2.47;33.0402;ISP.ITEUR
2023-02-02 14:00:00;2.469;2.473;2.403;2.436;73.6081;ISP.ITEUR
2023-02-02 15:00:00;2.437;2.449;2.424;2.445;37.2483;ISP.ITEUR
2023-02-02 16:00:00;2.446;2.457;2.442;2.456;14.0988;ISP.ITEUR
2023-02-03 08:00:00;2.451;2.483;2.451;2.478;43.4387;ISP.ITEUR
2023-02-03 09:00:00;2.477;2.483;2.465;2.467;28.6814;ISP.ITEUR
2023-02-03 10:00:00;2.466;2.475;2.458;2.465;22.4817;ISP.ITEUR
2023-02-03 11:00:00;2.466;2.468;2.351;2.386;85.7551;ISP.ITEUR
2023-02-03 12:00:00;2.387;2.388;2.354;2.358;36.6021;ISP.ITEUR
2023-02-03 13:00:00;2.358;2.373;2.349;2.358;51.7515;ISP.ITEUR
2023-02-03 14:00:00;2.358;2.383;2.352;2.38;37.9;ISP.ITEUR
2023-02-03 15:00:00;2.38;2.388;2.376;2.388;15.9877;ISP.ITEUR
2023-02-03 16:00:00;2.389;2.39;2.378;2.379;8.3288;ISP.ITEUR
2023-02-06 08:00:00;2.381;2.429;2.381;2.418;54.1635;ISP.ITEUR
2023-02-06 09:00:00;2.417;2.426;2.411;2.419;22.5184;ISP.ITEUR
2023-02-06 10:00:00;2.42;2.43;2.412;2.428;16.6775;ISP.ITEUR
2023-02-06 11:00:00;2.428;2.438;2.416;2.437;16.75;ISP.ITEUR
2023-02-06 12:00:00;2.438;2.453;2.433;2.452;12.1893;ISP.ITEUR
2023-02-06 13:00:00;2.452;2.458;2.438;2.442;14.3743;ISP.ITEUR
2023-02-06 14:00:00;2.442;2.451;2.441;2.447;13.8797;ISP.ITEUR
2023-02-06 15:00:00;2.446;2.447;2.436;2.438;13.5584;ISP.ITEUR
2023-02-06 16:00:00;2.435;2.44;2.43;2.438;7.8993;ISP.ITEUR
2023-02-07 08:00:00;2.449;2.464;2.436;2.462;41.7822;ISP.ITEUR
2023-02-07 09:00:00;2.461;2.496;2.459;2.496;28.3697;ISP.ITEUR
2023-02-07 10:00:00;2.497;2.498;2.487;2.494;21.0691;ISP.ITEUR
2023-02-07 11:00:00;2.494;2.498;2.49;2.491;13.5498;ISP.ITEUR
2023-02-07 12:00:00;2.49;2.498;2.49;2.497;9.7656;ISP.ITEUR
2023-02-07 13:00:00;2.497;2.497;2.492;2.495;7.9028;ISP.ITEUR
2023-02-07 14:00:00;2.495;2.497;2.484;2.491;17.2186;ISP.ITEUR
2023-02-07 15:00:00;2.49;2.494;2.454;2.457;16.5429;ISP.ITEUR
2023-02-07 16:00:00;2.454;2.473;2.454;2.465;12.3645;ISP.ITEUR
2023-02-08 08:00:00;2.474;2.48;2.461;2.478;44.9464;ISP.ITEUR
2023-02-08 09:00:00;2.479;2.493;2.478;2.492;24.7331;ISP.ITEUR
2023-02-08 10:00:00;2.491;2.495;2.487;2.487;17.8968;ISP.ITEUR
2023-02-08 11:00:00;2.487;2.492;2.485;2.488;17.9677;ISP.ITEUR
2023-02-08 12:00:00;2.487;2.491;2.485;2.487;10.1153;ISP.ITEUR
2023-02-08 13:00:00;2.487;2.489;2.477;2.48;9.2283;ISP.ITEUR
2023-02-08 14:00:00;2.479;2.491;2.474;2.488;16.0773;ISP.ITEUR
2023-02-08 15:00:00;2.487;2.491;2.474;2.478;17.2035;ISP.ITEUR
2023-02-08 16:00:00;2.477;2.481;2.474;2.474;7.0478;ISP.ITEUR
2023-02-09 08:00:00;2.487;2.505;2.48;2.499;43.7335;ISP.ITEUR
2023-02-09 09:00:00;2.499;2.507;2.49;2.506;20.6725;ISP.ITEUR
2023-02-09 10:00:00;2.506;2.508;2.503;2.505;13.7575;ISP.ITEUR
2023-02-09 11:00:00;2.504;2.512;2.503;2.508;10.4433;ISP.ITEUR
2023-02-09 12:00:00;2.508;2.513;2.507;2.509;8.0816;ISP.ITEUR
2023-02-09 13:00:00;2.509;2.52;2.508;2.518;12.0258;ISP.ITEUR
2023-02-09 14:00:00;2.518;2.519;2.507;2.508;17.2194;ISP.ITEUR
2023-02-09 15:00:00;2.508;2.508;2.501;2.503;11.7229;ISP.ITEUR
2023-02-09 16:00:00;2.503;2.505;2.501;2.502;3.6367;ISP.ITEUR
2023-02-10 08:00:00;2.492;2.502;2.49;2.494;29.4114;ISP.ITEUR
2023-02-10 09:00:00;2.493;2.501;2.483;2.484;26.8939;ISP.ITEUR
2023-02-10 10:00:00;2.485;2.488;2.469;2.475;36.2656;ISP.ITEUR
2023-02-10 11:00:00;2.474;2.476;2.456;2.458;30.4245;ISP.ITEUR
2023-02-10 12:00:00;2.459;2.463;2.45;2.451;21.3028;ISP.ITEUR
2023-02-10 13:00:00;2.451;2.473;2.451;2.471;17.8946;ISP.ITEUR
2023-02-10 14:00:00;2.471;2.474;2.462;2.466;23.6424;ISP.ITEUR
2023-02-10 15:00:00;2.465;2.467;2.453;2.455;22.5754;ISP.ITEUR
2023-02-10 16:00:00;2.454;2.471;2.454;2.47;8.8576;ISP.ITEUR
2023-02-13 08:00:00;2.476;2.489;2.463;2.485;31.5091;ISP.ITEUR
2023-02-13 09:00:00;2.485;2.487;2.473;2.484;24.1248;ISP.ITEUR
2023-02-13 10:00:00;2.484;2.487;2.477;2.482;17.9589;ISP.ITEUR
2023-02-13 11:00:00;2.482;2.495;2.481;2.491;13.7769;ISP.ITEUR
2023-02-13 12:00:00;2.492;2.502;2.492;2.497;10.8551;ISP.ITEUR
2023-02-13 13:00:00;2.497;2.5;2.495;2.495;8.8249;ISP.ITEUR
2023-02-13 14:00:00;2.496;2.503;2.494;2.499;9.3692;ISP.ITEUR
2023-02-13 15:00:00;2.498;2.505;2.496;2.503;7.6072;ISP.ITEUR
2023-02-13 16:00:00;2.502;2.504;2.501;2.504;2.5104;ISP.ITEUR
2023-02-14 08:00:00;2.505;2.514;2.495;2.51;25.6498;ISP.ITEUR
2023-02-14 09:00:00;2.511;2.518;2.509;2.509;13.8324;ISP.ITEUR
2023-02-14 10:00:00;2.509;2.51;2.504;2.505;11.1938;ISP.ITEUR
2023-02-14 11:00:00;2.506;2.507;2.498;2.505;10.7278;ISP.ITEUR
2023-02-14 12:00:00;2.505;2.51;2.501;2.508;7.7388;ISP.ITEUR
2023-02-14 13:00:00;2.509;2.517;2.501;2.507;32.5976;ISP.ITEUR
2023-02-14 14:00:00;2.506;2.519;2.5;2.517;25.242;ISP.ITEUR
2023-02-14 15:00:00;2.518;2.52;2.505;2.507;18.9855;ISP.ITEUR
2023-02-14 16:00:00;2.508;2.513;2.507;2.51;4.4366;ISP.ITEUR
2023-02-15 08:00:00;2.499;2.505;2.491;2.504;28.1889;ISP.ITEUR
2023-02-15 09:00:00;2.503;2.511;2.499;2.5;17.8554;ISP.ITEUR
2023-02-15 10:00:00;2.499;2.499;2.48;2.483;21.85;ISP.ITEUR
2023-02-15 11:00:00;2.482;2.485;2.469;2.476;17.7081;ISP.ITEUR
2023-02-15 12:00:00;2.477;2.492;2.475;2.491;13.3461;ISP.ITEUR
2023-02-15 13:00:00;2.491;2.494;2.48;2.486;14.7595;ISP.ITEUR
2023-02-15 14:00:00;2.487;2.491;2.483;2.487;11.8064;ISP.ITEUR
2023-02-15 15:00:00;2.488;2.496;2.488;2.489;9.8241;ISP.ITEUR
2023-02-15 16:00:00;2.489;2.49;2.486;2.489;3.4813;ISP.ITEUR
2023-02-16 08:00:00;2.509;2.52;2.506;2.514;30.0775;ISP.ITEUR
2023-02-16 09:00:00;2.513;2.522;2.512;2.522;17.4176;ISP.ITEUR
2023-02-16 10:00:00;2.521;2.529;2.52;2.521;14.0999;ISP.ITEUR
2023-02-16 11:00:00;2.522;2.533;2.519;2.531;13.0003;ISP.ITEUR
2023-02-16 12:00:00;2.53;2.531;2.525;2.529;7.9823;ISP.ITEUR
2023-02-16 13:00:00;2.529;2.529;2.514;2.519;21.3623;ISP.ITEUR
2023-02-16 14:00:00;2.519;2.538;2.515;2.538;22.8918;ISP.ITEUR
2023-02-16 15:00:00;2.539;2.552;2.535;2.547;14.6563;ISP.ITEUR
2023-02-16 16:00:00;2.549;2.552;2.547;2.551;5.2798;ISP.ITEUR
2023-02-17 08:00:00;2.548;2.548;2.522;2.545;50.5903;ISP.ITEUR
2023-02-17 09:00:00;2.545;2.576;2.543;2.568;41.0396;ISP.ITEUR
2023-02-17 10:00:00;2.568;2.569;2.557;2.565;25.5799;ISP.ITEUR
2023-02-17 11:00:00;2.564;2.567;2.55;2.554;26.5859;ISP.ITEUR
2023-02-17 12:00:00;2.553;2.562;2.552;2.558;16.6338;ISP.ITEUR
2023-02-17 13:00:00;2.558;2.561;2.552;2.56;13.7403;ISP.ITEUR
2023-02-17 14:00:00;2.56;2.57;2.56;2.57;17.6954;ISP.ITEUR
2023-02-17 15:00:00;2.57;2.578;2.565;2.565;20.1004;ISP.ITEUR
2023-02-17 16:00:00;2.565;2.569;2.561;2.563;6.5863;ISP.ITEUR
2023-02-20 08:00:00;2.572;2.576;2.565;2.569;28.3365;ISP.ITEUR
2023-02-20 09:00:00;2.57;2.571;2.555;2.562;22.4754;ISP.ITEUR
2023-02-20 10:00:00;2.563;2.573;2.56;2.565;19.8446;ISP.ITEUR
2023-02-20 11:00:00;2.566;2.567;2.553;2.557;21.3166;ISP.ITEUR
2023-02-20 12:00:00;2.556;2.56;2.552;2.557;11.5155;ISP.ITEUR
2023-02-20 13:00:00;2.556;2.566;2.556;2.563;10.5134;ISP.ITEUR
2023-02-20 14:00:00;2.563;2.566;2.551;2.555;13.0441;ISP.ITEUR
2023-02-20 15:00:00;2.556;2.558;2.551;2.556;9.7887;ISP.ITEUR
2023-02-20 16:00:00;2.557;2.559;2.553;2.555;3.4098;ISP.ITEUR
2023-02-21 08:00:00;2.538;2.551;2.509;2.511;45.447;ISP.ITEUR
2023-02-21 09:00:00;2.509;2.532;2.499;2.522;49.4253;ISP.ITEUR
2023-02-21 10:00:00;2.519;2.523;2.507;2.513;28.6708;ISP.ITEUR
2023-02-21 11:00:00;2.512;2.521;2.509;2.515;17.3972;ISP.ITEUR
2023-02-21 12:00:00;2.514;2.527;2.512;2.526;10.7635;ISP.ITEUR
2023-02-21 13:00:00;2.525;2.537;2.523;2.536;15.9693;ISP.ITEUR
2023-02-21 14:00:00;2.537;2.559;2.535;2.549;26.7249;ISP.ITEUR
2023-02-21 15:00:00;2.548;2.564;2.546;2.558;26.6574;ISP.ITEUR
2023-02-21 16:00:00;2.559;2.565;2.554;2.558;6.9754;ISP.ITEUR
2023-02-22 08:00:00;2.539;2.549;2.51;2.519;50.4942;ISP.ITEUR
2023-02-22 09:00:00;2.52;2.526;2.507;2.513;29.2008;ISP.ITEUR
2023-02-22 10:00:00;2.513;2.518;2.502;2.502;24.211;ISP.ITEUR
2023-02-22 11:00:00;2.502;2.504;2.469;2.477;42.6596;ISP.ITEUR
2023-02-22 12:00:00;2.476;2.487;2.476;2.479;24.528;ISP.ITEUR
2023-02-22 13:00:00;2.48;2.492;2.475;2.485;17.5963;ISP.ITEUR
2023-02-22 14:00:00;2.485;2.486;2.469;2.469;22.7016;ISP.ITEUR
2023-02-22 15:00:00;2.467;2.482;2.461;2.478;23.7561;ISP.ITEUR
2023-02-22 16:00:00;2.479;2.485;2.472;2.485;6.8747;ISP.ITEUR
2023-02-23 08:00:00;2.477;2.493;2.469;2.486;41.5607;ISP.ITEUR
2023-02-23 09:00:00;2.487;2.499;2.482;2.494;20.4773;ISP.ITEUR
2023-02-23 10:00:00;2.495;2.503;2.493;2.497;10.9706;ISP.ITEUR
2023-02-23 11:00:00;2.496;2.505;2.494;2.503;12.1799;ISP.ITEUR
2023-02-23 12:00:00;2.502;2.513;2.5;2.505;13.6215;ISP.ITEUR
2023-02-23 13:00:00;2.505;2.513;2.503;2.508;15.7773;ISP.ITEUR
2023-02-23 14:00:00;2.506;2.518;2.505;2.515;23.4217;ISP.ITEUR
2023-02-23 15:00:00;2.516;2.519;2.506;2.518;18.7545;ISP.ITEUR
2023-02-23 16:00:00;2.519;2.523;2.512;2.518;6.3071;ISP.ITEUR
2023-02-24 08:00:00;2.524;2.533;2.507;2.524;35.2354;ISP.ITEUR
2023-02-24 09:00:00;2.524;2.528;2.517;2.52;23.3574;ISP.ITEUR
2023-02-24 10:00:00;2.519;2.519;2.508;2.509;15.9093;ISP.ITEUR
2023-02-24 11:00:00;2.509;2.51;2.488;2.5;19.3011;ISP.ITEUR
2023-02-24 12:00:00;2.501;2.507;2.494;2.506;14.1907;ISP.ITEUR
2023-02-24 13:00:00;2.505;2.512;2.492;2.502;27.8904;ISP.ITEUR
2023-02-24 14:00:00;2.501;2.512;2.499;2.504;26.6341;ISP.ITEUR
2023-02-24 15:00:00;2.505;2.513;2.496;2.499;20.7565;ISP.ITEUR
2023-02-24 16:00:00;2.499;2.508;2.495;2.504;7.4254;ISP.ITEUR
2023-02-27 08:00:00;2.504;2.543;2.499;2.541;29.5251;ISP.ITEUR
2023-02-27 09:00:00;2.541;2.551;2.54;2.546;18.4806;ISP.ITEUR
2023-02-27 10:00:00;2.546;2.553;2.543;2.548;11.8464;ISP.ITEUR
2023-02-27 11:00:00;2.548;2.556;2.547;2.554;9.1086;ISP.ITEUR
2023-02-27 12:00:00;2.554;2.555;2.547;2.55;10.2553;ISP.ITEUR
2023-02-27 13:00:00;2.55;2.551;2.543;2.545;9.1601;ISP.ITEUR
2023-02-27 14:00:00;2.545;2.546;2.536;2.54;12.884;ISP.ITEUR
2023-02-27 15:00:00;2.54;2.542;2.527;2.53;11.8582;ISP.ITEUR
2023-02-27 16:00:00;2.532;2.536;2.525;2.534;6.5616;ISP.ITEUR
2023-02-28 08:00:00;2.515;2.549;2.512;2.549;32.3581;ISP.ITEUR
2023-02-28 09:00:00;2.55;2.565;2.542;2.561;28.3835;ISP.ITEUR
2023-02-28 10:00:00;2.561;2.572;2.561;2.572;20.9825;ISP.ITEUR
2023-02-28 11:00:00;2.573;2.59;2.572;2.583;20.5019;ISP.ITEUR
2023-02-28 12:00:00;2.582;2.595;2.582;2.592;19.1226;ISP.ITEUR
2023-02-28 13:00:00;2.591;2.597;2.587;2.591;13.5381;ISP.ITEUR
2023-02-28 14:00:00;2.59;2.591;2.572;2.573;20.6579;ISP.ITEUR
2023-02-28 15:00:00;2.573;2.578;2.565;2.57;24.119;ISP.ITEUR
2023-02-28 16:00:00;2.571;2.579;2.571;2.574;7.266;ISP.ITEUR
2023-03-01 08:00:00;2.573;2.578;2.548;2.561;43.0358;ISP.ITEUR
2023-03-01 09:00:00;2.562;2.563;2.541;2.551;30.0485;ISP.ITEUR
2023-03-01 10:00:00;2.55;2.566;2.542;2.562;24.6175;ISP.ITEUR
2023-03-01 11:00:00;2.561;2.575;2.56;2.567;15.291;ISP.ITEUR
2023-03-01 12:00:00;2.566;2.57;2.557;2.561;12.2478;ISP.ITEUR
2023-03-01 13:00:00;2.56;2.565;2.553;2.557;14.8672;ISP.ITEUR
2023-03-01 14:00:00;2.556;2.564;2.553;2.558;16.3758;ISP.ITEUR
2023-03-01 15:00:00;2.559;2.562;2.547;2.547;21.6803;ISP.ITEUR
2023-03-01 16:00:00;2.547;2.548;2.527;2.534;13.7858;ISP.ITEUR
2023-03-02 08:00:00;2.522;2.525;2.502;2.518;45.3358;ISP.ITEUR
2023-03-02 09:00:00;2.517;2.523;2.513;2.518;26.0651;ISP.ITEUR
2023-03-02 10:00:00;2.517;2.54;2.514;2.535;30.5657;ISP.ITEUR
2023-03-02 11:00:00;2.535;2.54;2.528;2.532;19.4184;ISP.ITEUR
2023-03-02 12:00:00;2.532;2.549;2.531;2.549;16.2299;ISP.ITEUR
2023-03-02 13:00:00;2.55;2.554;2.541;2.548;20.4229;ISP.ITEUR
2023-03-02 14:00:00;2.549;2.553;2.543;2.547;22.7614;ISP.ITEUR
2023-03-02 15:00:00;2.548;2.554;2.532;2.543;22.2167;ISP.ITEUR
2023-03-02 16:00:00;2.542;2.546;2.54;2.546;5.0259;ISP.ITEUR
2023-03-03 08:00:00;2.562;2.567;2.548;2.566;32.1862;ISP.ITEUR
2023-03-03 09:00:00;2.565;2.57;2.562;2.567;19.935;ISP.ITEUR
2023-03-03 10:00:00;2.566;2.573;2.564;2.573;12.3824;ISP.ITEUR
2023-03-03 11:00:00;2.573;2.575;2.565;2.572;7.0104;ISP.ITEUR
2023-03-03 12:00:00;2.572;2.576;2.568;2.569;7.281;ISP.ITEUR
2023-03-03 13:00:00;2.57;2.571;2.566;2.568;9.7085;ISP.ITEUR
2023-03-03 14:00:00;2.568;2.57;2.555;2.565;14.0823;ISP.ITEUR
2023-03-03 15:00:00;2.565;2.574;2.559;2.572;10.8668;ISP.ITEUR
2023-03-03 16:00:00;2.572;2.574;2.568;2.573;3.6525;ISP.ITEUR
2023-03-06 08:00:00;2.585;2.595;2.585;2.594;29.1028;ISP.ITEUR
2023-03-06 09:00:00;2.594;2.601;2.591;2.594;21.9662;ISP.ITEUR
2023-03-06 10:00:00;2.594;2.598;2.589;2.592;18.7957;ISP.ITEUR
2023-03-06 11:00:00;2.593;2.594;2.577;2.578;12.3998;ISP.ITEUR
2023-03-06 12:00:00;2.577;2.582;2.572;2.577;11.5245;ISP.ITEUR
2023-03-06 13:00:00;2.578;2.583;2.576;2.582;8.7462;ISP.ITEUR
2023-03-06 14:00:00;2.583;2.588;2.58;2.586;12.0607;ISP.ITEUR
2023-03-06 15:00:00;2.585;2.595;2.584;2.59;13.132;ISP.ITEUR
2023-03-06 16:00:00;2.591;2.594;2.589;2.591;4.0385;ISP.ITEUR
2023-03-07 08:00:00;2.586;2.6;2.585;2.589;26.5592;ISP.ITEUR
2023-03-07 09:00:00;2.588;2.59;2.577;2.578;23.7582;ISP.ITEUR
2023-03-07 10:00:00;2.579;2.585;2.577;2.579;12.4587;ISP.ITEUR
2023-03-07 11:00:00;2.58;2.581;2.576;2.579;6.7277;ISP.ITEUR
2023-03-07 12:00:00;2.578;2.579;2.572;2.575;8.8083;ISP.ITEUR
2023-03-07 13:00:00;2.576;2.585;2.575;2.58;10.3504;ISP.ITEUR
2023-03-07 14:00:00;2.579;2.581;2.572;2.575;11.221;ISP.ITEUR
2023-03-07 15:00:00;2.574;2.575;2.562;2.565;30.9183;ISP.ITEUR
2023-03-07 16:00:00;2.566;2.57;2.565;2.569;5.5422;ISP.ITEUR
2023-03-08 08:00:00;2.559;2.578;2.555;2.574;31.6736;ISP.ITEUR
2023-03-08 09:00:00;2.575;2.587;2.566;2.587;28.0554;ISP.ITEUR
2023-03-08 10:00:00;2.586;2.59;2.575;2.58;15.4637;ISP.ITEUR
2023-03-08 11:00:00;2.581;2.584;2.575;2.575;8.7779;ISP.ITEUR
2023-03-08 12:00:00;2.574;2.576;2.567;2.574;12.18;ISP.ITEUR
2023-03-08 13:00:00;2.574;2.585;2.574;2.581;11.3369;ISP.ITEUR
2023-03-08 14:00:00;2.58;2.583;2.575;2.58;16.4589;ISP.ITEUR
2023-03-08 15:00:00;2.58;2.583;2.572;2.578;25.1017;ISP.ITEUR
2023-03-08 16:00:00;2.577;2.579;2.574;2.574;4.7269;ISP.ITEUR
2023-03-09 08:00:00;2.568;2.57;2.553;2.559;33.6227;ISP.ITEUR
2023-03-09 09:00:00;2.558;2.559;2.535;2.539;23.2125;ISP.ITEUR
2023-03-09 10:00:00;2.54;2.547;2.538;2.54;23.6296;ISP.ITEUR
2023-03-09 11:00:00;2.54;2.548;2.536;2.546;19.1504;ISP.ITEUR
2023-03-09 12:00:00;2.545;2.547;2.529;2.53;18.4603;ISP.ITEUR
2023-03-09 13:00:00;2.529;2.539;2.519;2.527;28.2523;ISP.ITEUR
2023-03-09 14:00:00;2.528;2.535;2.519;2.534;27.7396;ISP.ITEUR
2023-03-09 15:00:00;2.535;2.543;2.529;2.533;20.4236;ISP.ITEUR
2023-03-09 16:00:00;2.533;2.539;2.529;2.538;9.3442;ISP.ITEUR
2023-03-10 08:00:00;2.421;2.464;2.416;2.451;80.5473;ISP.ITEUR
2023-03-10 09:00:00;2.45;2.47;2.443;2.456;57.9865;ISP.ITEUR
2023-03-10 10:00:00;2.455;2.469;2.448;2.448;33.0432;ISP.ITEUR
2023-03-10 11:00:00;2.449;2.478;2.449;2.475;37.0455;ISP.ITEUR
2023-03-10 12:00:00;2.474;2.476;2.459;2.462;24.813;ISP.ITEUR
2023-03-10 13:00:00;2.462;2.467;2.432;2.46;49.779;ISP.ITEUR
2023-03-10 14:00:00;2.459;2.465;2.435;2.454;58.9858;ISP.ITEUR
2023-03-10 15:00:00;2.454;2.469;2.448;2.466;57.9622;ISP.ITEUR
2023-03-10 16:00:00;2.466;2.478;2.465;2.473;14.6485;ISP.ITEUR
2023-03-13 08:00:00;2.432;2.44;2.352;2.353;83.6622;ISP.ITEUR
2023-03-13 09:00:00;2.353;2.357;2.237;2.3;85.2783;ISP.ITEUR
2023-03-13 10:00:00;2.299;2.337;2.289;2.337;100.2262;ISP.ITEUR
2023-03-13 11:00:00;2.338;2.347;2.302;2.32;78.9253;ISP.ITEUR
2023-03-13 12:00:00;2.319;2.325;2.288;2.315;63.8247;ISP.ITEUR
2023-03-13 13:00:00;2.314;2.339;2.292;2.332;74.614;ISP.ITEUR
2023-03-13 14:00:00;2.333;2.337;2.315;2.335;72.0598;ISP.ITEUR
2023-03-13 15:00:00;2.334;2.356;2.329;2.341;59.5702;ISP.ITEUR
2023-03-13 16:00:00;2.342;2.356;2.333;2.335;27.0714;ISP.ITEUR
2023-03-14 08:00:00;2.321;2.346;2.312;2.338;84.9132;ISP.ITEUR
2023-03-14 09:00:00;2.338;2.338;2.309;2.316;72.8958;ISP.ITEUR
2023-03-14 10:00:00;2.315;2.33;2.31;2.319;46.875;ISP.ITEUR
2023-03-14 11:00:00;2.32;2.342;2.318;2.335;35.5385;ISP.ITEUR
2023-03-14 12:00:00;2.336;2.376;2.324;2.372;82.6602;ISP.ITEUR
2023-03-14 13:00:00;2.373;2.408;2.366;2.395;77.7494;ISP.ITEUR
2023-03-14 14:00:00;2.396;2.413;2.386;2.387;67.4118;ISP.ITEUR
2023-03-14 15:00:00;2.388;2.42;2.382;2.407;46.5258;ISP.ITEUR
2023-03-14 16:00:00;2.408;2.413;2.398;2.4;16.8165;ISP.ITEUR
2023-03-15 08:00:00;2.395;2.421;2.347;2.351;68.6645;ISP.ITEUR
2023-03-15 09:00:00;2.35;2.357;2.296;2.302;83.7739;ISP.ITEUR
2023-03-15 10:00:00;2.301;2.308;2.247;2.257;91.2341;ISP.ITEUR
2023-03-15 11:00:00;2.258;2.282;2.231;2.252;97.2099;ISP.ITEUR
2023-03-15 12:00:00;2.251;2.257;2.232;2.245;74.7696;ISP.ITEUR
2023-03-15 13:00:00;2.245;2.261;2.232;2.249;73.3596;ISP.ITEUR
2023-03-15 14:00:00;2.249;2.269;2.24;2.255;85.4406;ISP.ITEUR
2023-03-15 15:00:00;2.254;2.263;2.238;2.238;72.6353;ISP.ITEUR
2023-03-15 16:00:00;2.239;2.242;2.213;2.225;23.152;ISP.ITEUR
2023-03-16 08:00:00;2.315;2.32;2.26;2.288;110.3948;ISP.ITEUR
2023-03-16 09:00:00;2.288;2.292;2.261;2.273;70.2433;ISP.ITEUR
2023-03-16 10:00:00;2.273;2.274;2.243;2.253;46.5942;ISP.ITEUR
2023-03-16 11:00:00;2.254;2.256;2.222;2.232;60.8313;ISP.ITEUR
2023-03-16 12:00:00;2.233;2.25;2.214;2.227;74.1838;ISP.ITEUR
2023-03-16 13:00:00;2.227;2.267;2.2;2.266;104.0678;ISP.ITEUR
2023-03-16 14:00:00;2.265;2.267;2.215;2.255;97.8464;ISP.ITEUR
2023-03-16 15:00:00;2.257;2.261;2.233;2.256;83.6161;ISP.ITEUR
2023-03-16 16:00:00;2.255;2.261;2.244;2.256;24.3363;ISP.ITEUR
2023-03-17 08:00:00;2.276;2.302;2.265;2.285;62.533;ISP.ITEUR
2023-03-17 09:00:00;2.284;2.296;2.261;2.265;54.168;ISP.ITEUR
2023-03-17 10:00:00;2.265;2.277;2.252;2.274;62.0312;ISP.ITEUR
2023-03-17 11:00:00;2.274;2.281;2.24;2.246;63.7451;ISP.ITEUR
2023-03-17 12:00:00;2.245;2.256;2.22;2.222;54.8351;ISP.ITEUR
2023-03-17 13:00:00;2.223;2.232;2.202;2.212;79.2293;ISP.ITEUR
2023-03-17 14:00:00;2.213;2.223;2.175;2.18;90.6861;ISP.ITEUR
2023-03-17 15:00:00;2.179;2.199;2.17;2.197;65.6783;ISP.ITEUR
2023-03-17 16:00:00;2.197;2.213;2.193;2.207;26.2292;ISP.ITEUR
2023-03-20 08:00:00;2.143;2.178;2.081;2.178;114.0474;ISP.ITEUR
2023-03-20 09:00:00;2.178;2.209;2.135;2.177;115.2438;ISP.ITEUR
2023-03-20 10:00:00;2.178;2.203;2.166;2.196;96.8258;ISP.ITEUR
2023-03-20 11:00:00;2.195;2.211;2.182;2.206;68.3975;ISP.ITEUR
2023-03-20 12:00:00;2.206;2.235;2.201;2.227;58.1942;ISP.ITEUR
2023-03-20 13:00:00;2.226;2.258;2.225;2.255;75.836;ISP.ITEUR
2023-03-20 14:00:00;2.255;2.282;2.239;2.279;73.2944;ISP.ITEUR
2023-03-20 15:00:00;2.28;2.299;2.28;2.288;64.6403;ISP.ITEUR
2023-03-20 16:00:00;2.288;2.289;2.264;2.276;31.2594;ISP.ITEUR
2023-03-21 08:00:00;2.324;2.361;2.304;2.353;82.1129;ISP.ITEUR
2023-03-21 09:00:00;2.354;2.355;2.338;2.347;50.0431;ISP.ITEUR
2023-03-21 10:00:00;2.347;2.37;2.341;2.358;52.587;ISP.ITEUR
2023-03-21 11:00:00;2.359;2.362;2.337;2.355;50.2405;ISP.ITEUR
2023-03-21 12:00:00;2.355;2.366;2.353;2.355;37.4954;ISP.ITEUR
2023-03-21 13:00:00;2.354;2.369;2.352;2.368;44.6515;ISP.ITEUR
2023-03-21 14:00:00;2.368;2.37;2.345;2.354;68.0759;ISP.ITEUR
2023-03-21 15:00:00;2.354;2.367;2.353;2.361;48.8142;ISP.ITEUR
2023-03-21 16:00:00;2.362;2.366;2.354;2.356;14.9915;ISP.ITEUR
2023-03-22 08:00:00;2.34;2.364;2.334;2.363;63.2091;ISP.ITEUR
2023-03-22 09:00:00;2.364;2.389;2.348;2.38;59.9699;ISP.ITEUR
2023-03-22 10:00:00;2.379;2.383;2.368;2.381;39.2373;ISP.ITEUR
2023-03-22 11:00:00;2.381;2.392;2.372;2.385;38.9714;ISP.ITEUR
2023-03-22 12:00:00;2.386;2.393;2.377;2.38;31.4598;ISP.ITEUR
2023-03-22 13:00:00;2.379;2.379;2.358;2.373;50.7553;ISP.ITEUR
2023-03-22 14:00:00;2.373;2.374;2.354;2.355;29.0069;ISP.ITEUR
2023-03-22 15:00:00;2.356;2.362;2.337;2.341;32.5825;ISP.ITEUR
2023-03-22 16:00:00;2.342;2.35;2.34;2.347;8.3763;ISP.ITEUR
2023-03-23 08:00:00;2.337;2.363;2.333;2.35;63.9059;ISP.ITEUR
2023-03-23 09:00:00;2.35;2.35;2.313;2.317;55.8497;ISP.ITEUR
2023-03-23 10:00:00;2.317;2.325;2.304;2.316;44.3009;ISP.ITEUR
2023-03-23 11:00:00;2.315;2.328;2.313;2.324;31.8654;ISP.ITEUR
2023-03-23 12:00:00;2.323;2.341;2.318;2.336;30.5388;ISP.ITEUR
2023-03-23 13:00:00;2.335;2.343;2.327;2.333;47.7717;ISP.ITEUR
2023-03-23 14:00:00;2.332;2.342;2.329;2.337;38.4131;ISP.ITEUR
2023-03-23 15:00:00;2.338;2.34;2.32;2.327;38.4335;ISP.ITEUR
2023-03-23 16:00:00;2.326;2.331;2.315;2.321;12.8415;ISP.ITEUR
2023-03-24 08:00:00;2.282;2.293;2.251;2.262;85.5248;ISP.ITEUR
2023-03-24 09:00:00;2.262;2.269;2.216;2.224;85.02;ISP.ITEUR
2023-03-24 10:00:00;2.225;2.233;2.199;2.219;99.4874;ISP.ITEUR
2023-03-24 11:00:00;2.219;2.234;2.209;2.231;78.1143;ISP.ITEUR
2023-03-24 12:00:00;2.23;2.262;2.221;2.251;80.7222;ISP.ITEUR
2023-03-24 13:00:00;2.25;2.271;2.239;2.27;93.025;ISP.ITEUR
2023-03-24 14:00:00;2.271;2.274;2.251;2.273;82.2466;ISP.ITEUR
2023-03-24 15:00:00;2.272;2.289;2.257;2.286;56.7667;ISP.ITEUR
2023-03-24 16:00:00;2.286;2.289;2.264;2.269;32.2493;ISP.ITEUR
2023-03-27 07:00:00;2.308;2.308;2.26;2.28;66.0274;ISP.ITEUR
2023-03-27 08:00:00;2.278;2.29;2.263;2.265;58.5374;ISP.ITEUR
2023-03-27 09:00:00;2.267;2.279;2.262;2.273;56.576;ISP.ITEUR
2023-03-27 10:00:00;2.273;2.29;2.273;2.285;34.272;ISP.ITEUR
2023-03-27 11:00:00;2.286;2.291;2.275;2.279;28.2598;ISP.ITEUR
2023-03-27 12:00:00;2.278;2.281;2.271;2.278;24.8855;ISP.ITEUR
2023-03-27 13:00:00;2.278;2.288;2.27;2.277;41.6754;ISP.ITEUR
2023-03-27 14:00:00;2.278;2.283;2.267;2.271;34.7405;ISP.ITEUR
2023-03-27 15:00:00;2.27;2.274;2.264;2.271;14.7859;ISP.ITEUR
2023-03-28 07:00:00;2.297;2.307;2.284;2.296;38.2795;ISP.ITEUR
2023-03-28 08:00:00;2.297;2.304;2.288;2.292;41.4428;ISP.ITEUR
2023-03-28 09:00:00;2.29;2.3;2.268;2.271;47.6974;ISP.ITEUR
2023-03-28 10:00:00;2.269;2.287;2.269;2.286;33.0967;ISP.ITEUR
2023-03-28 11:00:00;2.285;2.301;2.281;2.287;28.8005;ISP.ITEUR
2023-03-28 12:00:00;2.288;2.294;2.272;2.279;29.4848;ISP.ITEUR
2023-03-28 13:00:00;2.278;2.29;2.273;2.282;34.257;ISP.ITEUR
2023-03-28 14:00:00;2.282;2.305;2.275;2.294;45.8866;ISP.ITEUR
2023-03-28 15:00:00;2.293;2.298;2.289;2.297;8.9575;ISP.ITEUR
2023-03-29 07:00:00;2.306;2.309;2.287;2.299;49.9781;ISP.ITEUR
2023-03-29 08:00:00;2.3;2.302;2.287;2.294;37.1257;ISP.ITEUR
2023-03-29 09:00:00;2.294;2.306;2.292;2.303;36.7112;ISP.ITEUR
2023-03-29 10:00:00;2.302;2.311;2.296;2.308;16.0314;ISP.ITEUR
2023-03-29 11:00:00;2.31;2.319;2.308;2.312;20.3521;ISP.ITEUR
2023-03-29 12:00:00;2.312;2.322;2.309;2.318;18.0731;ISP.ITEUR
2023-03-29 13:00:00;2.319;2.329;2.316;2.326;27.3867;ISP.ITEUR
2023-03-29 14:00:00;2.327;2.328;2.318;2.324;27.4128;ISP.ITEUR
2023-03-29 15:00:00;2.324;2.331;2.321;2.331;11.7983;ISP.ITEUR
2023-03-30 07:00:00;2.342;2.367;2.335;2.363;60.1435;ISP.ITEUR
2023-03-30 08:00:00;2.362;2.378;2.357;2.372;42.1707;ISP.ITEUR
2023-03-30 09:00:00;2.374;2.374;2.361;2.368;29.4434;ISP.ITEUR
2023-03-30 10:00:00;2.368;2.375;2.365;2.371;19.1514;ISP.ITEUR
2023-03-30 11:00:00;2.372;2.376;2.368;2.371;18.4937;ISP.ITEUR
2023-03-30 12:00:00;2.369;2.375;2.368;2.373;26.327;ISP.ITEUR
2023-03-30 13:00:00;2.372;2.376;2.362;2.365;29.2663;ISP.ITEUR
2023-03-30 14:00:00;2.365;2.37;2.356;2.364;30.4328;ISP.ITEUR
2023-03-30 15:00:00;2.366;2.367;2.356;2.364;11.966;ISP.ITEUR
2023-03-31 07:00:00;2.367;2.374;2.339;2.343;51.1924;ISP.ITEUR
2023-03-31 08:00:00;2.343;2.359;2.339;2.351;41.7176;ISP.ITEUR
2023-03-31 09:00:00;2.351;2.367;2.344;2.362;28.488;ISP.ITEUR
2023-03-31 10:00:00;2.364;2.37;2.357;2.36;21.8923;ISP.ITEUR
2023-03-31 11:00:00;2.359;2.36;2.349;2.353;16.7452;ISP.ITEUR
2023-03-31 12:00:00;2.352;2.357;2.345;2.35;27.2321;ISP.ITEUR
2023-03-31 13:00:00;2.35;2.362;2.347;2.358;31.6507;ISP.ITEUR
2023-03-31 14:00:00;2.359;2.37;2.356;2.37;29.8919;ISP.ITEUR
2023-03-31 15:00:00;2.369;2.373;2.362;2.371;9.579;ISP.ITEUR
2023-04-03 07:00:00;2.365;2.388;2.361;2.386;74.0881;ISP.ITEUR
2023-04-03 08:00:00;2.386;2.388;2.373;2.383;51.9847;ISP.ITEUR
2023-04-03 09:00:00;2.384;2.392;2.381;2.39;34.4414;ISP.ITEUR
2023-04-03 10:00:00;2.389;2.395;2.382;2.384;35.8882;ISP.ITEUR
2023-04-03 11:00:00;2.384;2.384;2.372;2.376;25.4799;ISP.ITEUR
2023-04-03 12:00:00;2.376;2.377;2.371;2.372;15.3001;ISP.ITEUR
2023-04-03 13:00:00;2.372;2.382;2.371;2.377;28.1078;ISP.ITEUR
2023-04-03 14:00:00;2.377;2.382;2.37;2.37;37.6023;ISP.ITEUR
2023-04-03 15:00:00;2.371;2.372;2.363;2.364;12.3306;ISP.ITEUR
2023-04-04 07:00:00;2.358;2.371;2.342;2.356;49.1766;ISP.ITEUR
2023-04-04 08:00:00;2.355;2.372;2.353;2.36;30.6182;ISP.ITEUR
2023-04-04 09:00:00;2.361;2.366;2.357;2.363;18.9591;ISP.ITEUR
2023-04-04 10:00:00;2.362;2.372;2.36;2.363;24.8027;ISP.ITEUR
2023-04-04 11:00:00;2.364;2.364;2.354;2.356;11.9413;ISP.ITEUR
2023-04-04 12:00:00;2.357;2.359;2.353;2.356;7.5762;ISP.ITEUR
2023-04-04 13:00:00;2.355;2.357;2.344;2.347;20.4796;ISP.ITEUR
2023-04-04 14:00:00;2.347;2.349;2.325;2.329;39.4236;ISP.ITEUR
2023-04-04 15:00:00;2.328;2.329;2.322;2.326;15.1958;ISP.ITEUR
2023-04-05 07:00:00;2.322;2.333;2.3;2.306;43.6782;ISP.ITEUR
2023-04-05 08:00:00;2.305;2.308;2.291;2.296;32.5114;ISP.ITEUR
2023-04-05 09:00:00;2.295;2.302;2.289;2.294;27.254;ISP.ITEUR
2023-04-05 10:00:00;2.294;2.308;2.292;2.307;18.1593;ISP.ITEUR
2023-04-05 11:00:00;2.306;2.308;2.295;2.297;15.4207;ISP.ITEUR
2023-04-05 12:00:00;2.297;2.299;2.284;2.289;22.1063;ISP.ITEUR
2023-04-05 13:00:00;2.289;2.303;2.288;2.3;25.4069;ISP.ITEUR
2023-04-05 14:00:00;2.299;2.299;2.283;2.287;37.5908;ISP.ITEUR
2023-04-05 15:00:00;2.287;2.297;2.283;2.297;11.6256;ISP.ITEUR
2023-04-06 07:00:00;2.312;2.324;2.305;2.316;32.9914;ISP.ITEUR
2023-04-06 08:00:00;2.316;2.326;2.314;2.322;20.5336;ISP.ITEUR
2023-04-06 09:00:00;2.321;2.334;2.317;2.33;16.011;ISP.ITEUR
2023-04-06 10:00:00;2.329;2.334;2.325;2.332;19.336;ISP.ITEUR
2023-04-06 11:00:00;2.331;2.336;2.327;2.336;12.3392;ISP.ITEUR
2023-04-06 12:00:00;2.335;2.34;2.331;2.339;16.523;ISP.ITEUR
2023-04-06 13:00:00;2.339;2.344;2.333;2.342;18.3032;ISP.ITEUR
2023-04-06 14:00:00;2.341;2.348;2.34;2.348;19.5419;ISP.ITEUR
2023-04-06 15:00:00;2.349;2.355;2.348;2.351;11.5699;ISP.ITEUR
2023-04-11 07:00:00;2.373;2.381;2.362;2.367;43.3944;ISP.ITEUR
2023-04-11 08:00:00;2.368;2.377;2.361;2.367;22.2867;ISP.ITEUR
2023-04-11 09:00:00;2.365;2.371;2.365;2.369;15.3998;ISP.ITEUR
2023-04-11 10:00:00;2.369;2.372;2.365;2.369;11.8547;ISP.ITEUR
2023-04-11 11:00:00;2.37;2.373;2.363;2.368;12.0967;ISP.ITEUR
2023-04-11 12:00:00;2.367;2.372;2.365;2.37;9.6274;ISP.ITEUR
2023-04-11 13:00:00;2.37;2.374;2.368;2.37;16.9976;ISP.ITEUR
2023-04-11 14:00:00;2.369;2.378;2.366;2.37;13.8512;ISP.ITEUR
2023-04-11 15:00:00;2.37;2.373;2.368;2.37;6.0775;ISP.ITEUR
2023-04-12 07:00:00;2.386;2.393;2.378;2.391;35.1621;ISP.ITEUR
2023-04-12 08:00:00;2.392;2.401;2.389;2.399;17.5155;ISP.ITEUR
2023-04-12 09:00:00;2.399;2.405;2.397;2.4;16.7993;ISP.ITEUR
2023-04-12 10:00:00;2.402;2.405;2.393;2.396;11.8596;ISP.ITEUR
2023-04-12 11:00:00;2.394;2.398;2.391;2.393;11.1388;ISP.ITEUR
2023-04-12 12:00:00;2.392;2.412;2.389;2.401;36.3644;ISP.ITEUR
2023-04-12 13:00:00;2.403;2.415;2.401;2.404;28.7072;ISP.ITEUR
2023-04-12 14:00:00;2.405;2.41;2.39;2.394;32.7389;ISP.ITEUR
2023-04-12 15:00:00;2.395;2.396;2.385;2.391;15.2195;ISP.ITEUR
2023-04-13 07:00:00;2.397;2.405;2.388;2.397;42.4257;ISP.ITEUR
2023-04-13 08:00:00;2.398;2.407;2.389;2.392;24.2159;ISP.ITEUR
2023-04-13 09:00:00;2.393;2.393;2.379;2.383;16.1924;ISP.ITEUR
2023-04-13 10:00:00;2.383;2.389;2.378;2.389;14.583;ISP.ITEUR
2023-04-13 11:00:00;2.387;2.397;2.384;2.395;13.9481;ISP.ITEUR
2023-04-13 12:00:00;2.394;2.401;2.389;2.39;27.744;ISP.ITEUR
2023-04-13 13:00:00;2.39;2.392;2.377;2.385;25.778;ISP.ITEUR
2023-04-13 14:00:00;2.384;2.39;2.377;2.38;22.3301;ISP.ITEUR
2023-04-13 15:00:00;2.381;2.387;2.379;2.386;7.2296;ISP.ITEUR
2023-04-14 07:00:00;2.392;2.409;2.389;2.4;39.7363;ISP.ITEUR
2023-04-14 08:00:00;2.402;2.407;2.397;2.398;20.431;ISP.ITEUR
2023-04-14 09:00:00;2.4;2.418;2.397;2.418;18.2136;ISP.ITEUR
2023-04-14 10:00:00;2.416;2.426;2.408;2.426;18.7034;ISP.ITEUR
2023-04-14 11:00:00;2.425;2.445;2.421;2.435;37.5239;ISP.ITEUR
2023-04-14 12:00:00;2.438;2.463;2.438;2.457;31.7261;ISP.ITEUR
2023-04-14 13:00:00;2.456;2.464;2.449;2.459;32.46;ISP.ITEUR
2023-04-14 14:00:00;2.46;2.467;2.451;2.467;37.3016;ISP.ITEUR
2023-04-14 15:00:00;2.466;2.475;2.464;2.469;15.7147;ISP.ITEUR
2023-04-17 07:00:00;2.488;2.495;2.475;2.477;39.4262;ISP.ITEUR
2023-04-17 08:00:00;2.476;2.479;2.469;2.475;22.6722;ISP.ITEUR
2023-04-17 09:00:00;2.474;2.478;2.469;2.471;14.4528;ISP.ITEUR
2023-04-17 10:00:00;2.469;2.469;2.458;2.462;14.8001;ISP.ITEUR
2023-04-17 11:00:00;2.463;2.465;2.453;2.455;16.8467;ISP.ITEUR
2023-04-17 12:00:00;2.457;2.458;2.437;2.439;18.6467;ISP.ITEUR
2023-04-17 13:00:00;2.44;2.446;2.434;2.44;26.0819;ISP.ITEUR
2023-04-17 14:00:00;2.439;2.443;2.432;2.439;19.6097;ISP.ITEUR
2023-04-17 15:00:00;2.44;2.44;2.434;2.439;7.8453;ISP.ITEUR
2023-04-18 07:00:00;2.453;2.466;2.451;2.459;24.9206;ISP.ITEUR
2023-04-18 08:00:00;2.46;2.469;2.457;2.464;14.3772;ISP.ITEUR
2023-04-18 09:00:00;2.462;2.482;2.461;2.479;19.9571;ISP.ITEUR
2023-04-18 10:00:00;2.478;2.487;2.471;2.485;19.0404;ISP.ITEUR
2023-04-18 11:00:00;2.484;2.486;2.478;2.481;17.982;ISP.ITEUR
2023-04-18 12:00:00;2.483;2.497;2.481;2.495;14.7859;ISP.ITEUR
2023-04-18 13:00:00;2.495;2.495;2.485;2.489;20.1859;ISP.ITEUR
2023-04-18 14:00:00;2.492;2.492;2.474;2.475;24.2336;ISP.ITEUR
2023-04-18 15:00:00;2.477;2.486;2.476;2.483;5.6267;ISP.ITEUR
2023-04-19 07:00:00;2.488;2.489;2.474;2.479;34.3296;ISP.ITEUR
2023-04-19 08:00:00;2.477;2.485;2.467;2.473;28.9129;ISP.ITEUR
2023-04-19 09:00:00;2.474;2.478;2.466;2.473;20.9195;ISP.ITEUR
2023-04-19 10:00:00;2.474;2.48;2.47;2.48;13.4342;ISP.ITEUR
2023-04-19 11:00:00;2.48;2.489;2.478;2.488;12.3525;ISP.ITEUR
2023-04-19 12:00:00;2.487;2.494;2.485;2.487;9.8293;ISP.ITEUR
2023-04-19 13:00:00;2.49;2.493;2.483;2.493;13.9627;ISP.ITEUR
2023-04-19 14:00:00;2.492;2.508;2.49;2.503;15.2924;ISP.ITEUR
2023-04-19 15:00:00;2.505;2.507;2.5;2.504;9.5082;ISP.ITEUR
2023-04-20 07:00:00;2.517;2.522;2.496;2.509;39.4268;ISP.ITEUR
2023-04-20 08:00:00;2.508;2.52;2.501;2.519;22.143;ISP.ITEUR
2023-04-20 09:00:00;2.518;2.521;2.506;2.508;15.2463;ISP.ITEUR
2023-04-20 10:00:00;2.506;2.509;2.483;2.494;22.8699;ISP.ITEUR
2023-04-20 11:00:00;2.494;2.499;2.487;2.489;12.283;ISP.ITEUR
2023-04-20 12:00:00;2.487;2.491;2.48;2.487;19.4669;ISP.ITEUR
2023-04-20 13:00:00;2.489;2.495;2.482;2.49;23.7159;ISP.ITEUR
2023-04-20 14:00:00;2.491;2.497;2.487;2.489;16.7962;ISP.ITEUR
2023-04-20 15:00:00;2.49;2.491;2.485;2.489;7.9213;ISP.ITEUR
2023-04-21 07:00:00;2.479;2.484;2.456;2.466;34.768;ISP.ITEUR
2023-04-21 08:00:00;2.464;2.481;2.464;2.472;21.326;ISP.ITEUR
2023-04-21 09:00:00;2.471;2.489;2.466;2.47;26.0345;ISP.ITEUR
2023-04-21 10:00:00;2.469;2.471;2.461;2.469;18.27;ISP.ITEUR
2023-04-21 11:00:00;2.468;2.473;2.46;2.465;11.2805;ISP.ITEUR
2023-04-21 12:00:00;2.465;2.475;2.464;2.475;8.8093;ISP.ITEUR
2023-04-21 13:00:00;2.475;2.479;2.468;2.474;21.2756;ISP.ITEUR
2023-04-21 14:00:00;2.473;2.482;2.47;2.472;20.5261;ISP.ITEUR
2023-04-21 15:00:00;2.474;2.479;2.472;2.475;8.6535;ISP.ITEUR
2023-04-24 07:00:00;2.475;2.51;2.471;2.506;46.223;ISP.ITEUR
2023-04-24 08:00:00;2.506;2.511;2.498;2.499;32.0678;ISP.ITEUR
2023-04-24 09:00:00;2.5;2.508;2.498;2.5;17.4381;ISP.ITEUR
2023-04-24 10:00:00;2.499;2.504;2.495;2.504;11.8265;ISP.ITEUR
2023-04-24 11:00:00;2.503;2.51;2.499;2.505;12.9772;ISP.ITEUR
2023-04-24 12:00:00;2.503;2.508;2.499;2.503;9.3321;ISP.ITEUR
2023-04-24 13:00:00;2.504;2.516;2.5;2.511;20.0663;ISP.ITEUR
2023-04-24 14:00:00;2.512;2.514;2.505;2.51;16.7004;ISP.ITEUR
2023-04-24 15:00:00;2.511;2.511;2.505;2.508;6.539;ISP.ITEUR
2023-04-25 07:00:00;2.468;2.473;2.44;2.457;53.9308;ISP.ITEUR
2023-04-25 08:00:00;2.458;2.463;2.446;2.46;31.6593;ISP.ITEUR
2023-04-25 09:00:00;2.462;2.47;2.458;2.467;18.6631;ISP.ITEUR
2023-04-25 10:00:00;2.469;2.474;2.456;2.46;19.6642;ISP.ITEUR
2023-04-25 11:00:00;2.458;2.463;2.454;2.459;15.0424;ISP.ITEUR
2023-04-25 12:00:00;2.459;2.463;2.456;2.459;13.6606;ISP.ITEUR
2023-04-25 13:00:00;2.46;2.467;2.455;2.458;19.1426;ISP.ITEUR
2023-04-25 14:00:00;2.459;2.466;2.454;2.461;20.4034;ISP.ITEUR
2023-04-25 15:00:00;2.46;2.462;2.456;2.456;5.3692;ISP.ITEUR
2023-04-26 07:00:00;2.441;2.446;2.395;2.396;53.3467;ISP.ITEUR
2023-04-26 08:00:00;2.395;2.424;2.391;2.414;53.3719;ISP.ITEUR
2023-04-26 09:00:00;2.415;2.43;2.408;2.419;36.4711;ISP.ITEUR
2023-04-26 10:00:00;2.42;2.44;2.42;2.43;31.0167;ISP.ITEUR
2023-04-26 11:00:00;2.431;2.441;2.414;2.432;45.826;ISP.ITEUR
2023-04-26 12:00:00;2.433;2.435;2.424;2.424;26.7671;ISP.ITEUR
2023-04-26 13:00:00;2.425;2.43;2.416;2.425;35.7442;ISP.ITEUR
2023-04-26 14:00:00;2.425;2.428;2.412;2.421;29.9703;ISP.ITEUR
2023-04-26 15:00:00;2.422;2.43;2.416;2.427;10.413;ISP.ITEUR
2023-04-27 07:00:00;2.43;2.471;2.43;2.469;55.0072;ISP.ITEUR
2023-04-27 08:00:00;2.47;2.47;2.451;2.468;44.687;ISP.ITEUR
2023-04-27 09:00:00;2.469;2.469;2.449;2.455;41.7299;ISP.ITEUR
2023-04-27 10:00:00;2.453;2.458;2.444;2.456;25.1685;ISP.ITEUR
2023-04-27 11:00:00;2.457;2.465;2.455;2.464;17.0092;ISP.ITEUR
2023-04-27 12:00:00;2.465;2.469;2.463;2.468;21.9545;ISP.ITEUR
2023-04-27 13:00:00;2.469;2.469;2.445;2.459;33.4889;ISP.ITEUR
2023-04-27 14:00:00;2.46;2.466;2.447;2.447;24.652;ISP.ITEUR
2023-04-27 15:00:00;2.448;2.459;2.448;2.458;11.272;ISP.ITEUR
2023-04-28 07:00:00;2.441;2.443;2.393;2.395;46.5361;ISP.ITEUR
2023-04-28 08:00:00;2.395;2.396;2.357;2.362;53.1369;ISP.ITEUR
2023-04-28 09:00:00;2.363;2.385;2.355;2.375;37.7203;ISP.ITEUR
2023-04-28 10:00:00;2.378;2.383;2.355;2.356;26.6004;ISP.ITEUR
2023-04-28 11:00:00;2.357;2.364;2.348;2.357;17.8263;ISP.ITEUR
2023-04-28 12:00:00;2.358;2.366;2.354;2.359;19.0633;ISP.ITEUR
2023-04-28 13:00:00;2.359;2.372;2.354;2.369;18.6166;ISP.ITEUR
2023-04-28 14:00:00;2.369;2.389;2.367;2.373;26.4622;ISP.ITEUR
2023-04-28 15:00:00;2.375;2.381;2.365;2.381;14.4193;ISP.ITEUR
2023-05-02 07:00:00;2.41;2.424;2.392;2.392;69.1386;ISP.ITEUR
2023-05-02 08:00:00;2.393;2.4;2.382;2.395;48.9065;ISP.ITEUR
2023-05-02 09:00:00;2.394;2.4;2.388;2.393;37.1085;ISP.ITEUR
2023-05-02 10:00:00;2.395;2.396;2.385;2.394;26.2587;ISP.ITEUR
2023-05-02 11:00:00;2.395;2.399;2.39;2.399;18.618;ISP.ITEUR
2023-05-02 12:00:00;2.399;2.401;2.393;2.395;21.5114;ISP.ITEUR
2023-05-02 13:00:00;2.396;2.401;2.382;2.384;38.5089;ISP.ITEUR
2023-05-02 14:00:00;2.383;2.383;2.321;2.323;80.3285;ISP.ITEUR
2023-05-02 15:00:00;2.322;2.329;2.315;2.321;31.8248;ISP.ITEUR
2023-05-03 07:00:00;2.366;2.384;2.351;2.375;61.4248;ISP.ITEUR
2023-05-03 08:00:00;2.376;2.379;2.359;2.364;53.5349;ISP.ITEUR
2023-05-03 09:00:00;2.366;2.38;2.36;2.38;45.4593;ISP.ITEUR
2023-05-03 10:00:00;2.38;2.388;2.374;2.384;32.5035;ISP.ITEUR
2023-05-03 11:00:00;2.383;2.39;2.378;2.382;30.0938;ISP.ITEUR
2023-05-03 12:00:00;2.382;2.388;2.364;2.368;36.7193;ISP.ITEUR
2023-05-03 13:00:00;2.368;2.385;2.364;2.374;51.0424;ISP.ITEUR
2023-05-03 14:00:00;2.374;2.38;2.361;2.363;45.2107;ISP.ITEUR
2023-05-03 15:00:00;2.364;2.365;2.355;2.359;17.8473;ISP.ITEUR
2023-05-04 07:00:00;2.355;2.374;2.345;2.366;71.9436;ISP.ITEUR
2023-05-04 08:00:00;2.367;2.369;2.354;2.356;45.7431;ISP.ITEUR
2023-05-04 09:00:00;2.355;2.36;2.346;2.35;50.9461;ISP.ITEUR
2023-05-04 10:00:00;2.349;2.351;2.336;2.339;45.8966;ISP.ITEUR
2023-05-04 11:00:00;2.338;2.35;2.333;2.349;32.309;ISP.ITEUR
2023-05-04 12:00:00;2.348;2.363;2.342;2.359;56.0564;ISP.ITEUR
2023-05-04 13:00:00;2.36;2.373;2.349;2.368;78.7931;ISP.ITEUR
2023-05-04 14:00:00;2.369;2.369;2.341;2.347;100.0943;ISP.ITEUR
2023-05-04 15:00:00;2.345;2.356;2.343;2.351;35.0332;ISP.ITEUR
2023-05-05 07:00:00;2.385;2.399;2.377;2.38;42.3635;ISP.ITEUR
2023-05-05 08:00:00;2.38;2.39;2.358;2.387;35.9743;ISP.ITEUR
2023-05-05 09:00:00;2.39;2.393;2.38;2.393;42.0291;ISP.ITEUR
2023-05-05 10:00:00;2.393;2.425;2.386;2.407;44.7132;ISP.ITEUR
2023-05-05 11:00:00;2.405;2.415;2.402;2.403;14.0503;ISP.ITEUR
2023-05-05 12:00:00;2.404;2.427;2.398;2.421;24.1225;ISP.ITEUR
2023-05-05 13:00:00;2.422;2.44;2.418;2.427;24.9776;ISP.ITEUR
2023-05-05 14:00:00;2.428;2.434;2.418;2.428;25.4168;ISP.ITEUR
2023-05-05 15:00:00;2.427;2.433;2.425;2.428;10.454;ISP.ITEUR
2023-05-08 07:00:00;2.42;2.444;2.417;2.444;34.2312;ISP.ITEUR
2023-05-08 08:00:00;2.443;2.463;2.443;2.451;29.4221;ISP.ITEUR
2023-05-08 09:00:00;2.451;2.454;2.447;2.451;19.8594;ISP.ITEUR
2023-05-08 10:00:00;2.45;2.458;2.447;2.457;10.5419;ISP.ITEUR
2023-05-08 11:00:00;2.456;2.465;2.454;2.462;13.6771;ISP.ITEUR
2023-05-08 12:00:00;2.461;2.464;2.458;2.458;13.6189;ISP.ITEUR
2023-05-08 13:00:00;2.46;2.463;2.444;2.445;22.9642;ISP.ITEUR
2023-05-08 14:00:00;2.445;2.456;2.445;2.454;24.9039;ISP.ITEUR
2023-05-08 15:00:00;2.453;2.457;2.451;2.451;8.1224;ISP.ITEUR
2023-05-09 07:00:00;2.46;2.477;2.458;2.46;46.3018;ISP.ITEUR
2023-05-09 08:00:00;2.46;2.465;2.45;2.459;34.5163;ISP.ITEUR
2023-05-09 09:00:00;2.46;2.467;2.456;2.46;25.1768;ISP.ITEUR
2023-05-09 10:00:00;2.461;2.461;2.452;2.452;11.7802;ISP.ITEUR
2023-05-09 11:00:00;2.453;2.455;2.445;2.448;17.3812;ISP.ITEUR
2023-05-09 12:00:00;2.448;2.452;2.439;2.447;19.4817;ISP.ITEUR
2023-05-09 13:00:00;2.446;2.451;2.442;2.448;23.9422;ISP.ITEUR
2023-05-09 14:00:00;2.449;2.458;2.446;2.454;19.9604;ISP.ITEUR
2023-05-09 15:00:00;2.453;2.458;2.448;2.455;9.9262;ISP.ITEUR
2023-05-10 07:00:00;2.471;2.473;2.455;2.457;51.5492;ISP.ITEUR
2023-05-10 08:00:00;2.457;2.458;2.444;2.447;46.2631;ISP.ITEUR
2023-05-10 09:00:00;2.446;2.45;2.44;2.441;23.4749;ISP.ITEUR
2023-05-10 10:00:00;2.441;2.441;2.428;2.434;24.2229;ISP.ITEUR
2023-05-10 11:00:00;2.434;2.435;2.425;2.425;17.4943;ISP.ITEUR
2023-05-10 12:00:00;2.425;2.438;2.418;2.434;38.5798;ISP.ITEUR
2023-05-10 13:00:00;2.435;2.446;2.411;2.417;50.5905;ISP.ITEUR
2023-05-10 14:00:00;2.417;2.423;2.404;2.411;43.0008;ISP.ITEUR
2023-05-10 15:00:00;2.41;2.413;2.407;2.411;9.179;ISP.ITEUR
2023-05-11 07:00:00;2.423;2.423;2.394;2.42;40.4396;ISP.ITEUR
2023-05-11 08:00:00;2.42;2.424;2.404;2.407;26.4328;ISP.ITEUR
2023-05-11 09:00:00;2.406;2.419;2.406;2.417;25.017;ISP.ITEUR
2023-05-11 10:00:00;2.418;2.42;2.407;2.42;21.5274;ISP.ITEUR
2023-05-11 11:00:00;2.419;2.42;2.39;2.392;32.3176;ISP.ITEUR
2023-05-11 12:00:00;2.391;2.402;2.373;2.375;48.2867;ISP.ITEUR
2023-05-11 13:00:00;2.375;2.38;2.361;2.377;49.6292;ISP.ITEUR
2023-05-11 14:00:00;2.376;2.387;2.366;2.387;40.8577;ISP.ITEUR
2023-05-11 15:00:00;2.387;2.392;2.387;2.388;12.4189;ISP.ITEUR
2023-05-12 07:00:00;2.416;2.426;2.411;2.425;39.8206;ISP.ITEUR
2023-05-12 08:00:00;2.424;2.441;2.423;2.439;27.2711;ISP.ITEUR
2023-05-12 09:00:00;2.44;2.441;2.429;2.432;18.2556;ISP.ITEUR
2023-05-12 10:00:00;2.432;2.436;2.428;2.433;11.8104;ISP.ITEUR
2023-05-12 11:00:00;2.433;2.435;2.43;2.433;7.7187;ISP.ITEUR
2023-05-12 12:00:00;2.434;2.434;2.423;2.424;8.3726;ISP.ITEUR
2023-05-12 13:00:00;2.424;2.43;2.42;2.422;18.9375;ISP.ITEUR
2023-05-12 14:00:00;2.421;2.435;2.42;2.428;26.0444;ISP.ITEUR
2023-05-12 15:00:00;2.427;2.433;2.426;2.426;10.4625;ISP.ITEUR
2023-05-15 07:00:00;2.437;2.446;2.429;2.433;44.1631;ISP.ITEUR
2023-05-15 08:00:00;2.433;2.434;2.411;2.413;29.2949;ISP.ITEUR
2023-05-15 09:00:00;2.412;2.422;2.412;2.419;22.1379;ISP.ITEUR
2023-05-15 10:00:00;2.418;2.423;2.417;2.419;13.6447;ISP.ITEUR
2023-05-15 11:00:00;2.418;2.418;2.407;2.409;14.945;ISP.ITEUR
2023-05-15 12:00:00;2.412;2.413;2.399;2.401;23.0666;ISP.ITEUR
2023-05-15 13:00:00;2.4;2.403;2.393;2.401;25.5294;ISP.ITEUR
2023-05-15 14:00:00;2.402;2.41;2.392;2.409;22.1864;ISP.ITEUR
2023-05-15 15:00:00;2.409;2.414;2.406;2.412;7.2058;ISP.ITEUR
2023-05-16 07:00:00;2.399;2.427;2.396;2.419;54.1725;ISP.ITEUR
2023-05-16 08:00:00;2.42;2.422;2.408;2.41;43.2116;ISP.ITEUR
2023-05-16 09:00:00;2.411;2.416;2.403;2.411;25.8146;ISP.ITEUR
2023-05-16 10:00:00;2.411;2.417;2.406;2.413;19.7196;ISP.ITEUR
2023-05-16 11:00:00;2.416;2.418;2.41;2.413;14.1821;ISP.ITEUR
2023-05-16 12:00:00;2.413;2.422;2.409;2.415;18.1928;ISP.ITEUR
2023-05-16 13:00:00;2.414;2.417;2.399;2.403;27.1619;ISP.ITEUR
2023-05-16 14:00:00;2.402;2.409;2.396;2.407;28.3819;ISP.ITEUR
2023-05-16 15:00:00;2.407;2.409;2.403;2.407;8.7526;ISP.ITEUR
2023-05-17 07:00:00;2.392;2.399;2.367;2.381;53.7017;ISP.ITEUR
2023-05-17 08:00:00;2.381;2.398;2.38;2.391;34.0881;ISP.ITEUR
2023-05-17 09:00:00;2.391;2.396;2.387;2.395;25.2797;ISP.ITEUR
2023-05-17 10:00:00;2.396;2.397;2.387;2.392;17.4042;ISP.ITEUR
2023-05-17 11:00:00;2.393;2.398;2.385;2.388;13.8975;ISP.ITEUR
2023-05-17 12:00:00;2.388;2.394;2.386;2.392;15.6565;ISP.ITEUR
2023-05-17 13:00:00;2.391;2.405;2.39;2.398;21.3063;ISP.ITEUR
2023-05-17 14:00:00;2.398;2.398;2.386;2.39;14.6343;ISP.ITEUR
2023-05-17 15:00:00;2.391;2.394;2.387;2.393;10.7014;ISP.ITEUR
2023-05-18 07:00:00;2.423;2.427;2.415;2.427;35.4022;ISP.ITEUR
2023-05-18 08:00:00;2.427;2.446;2.427;2.436;34.0425;ISP.ITEUR
2023-05-18 09:00:00;2.437;2.44;2.434;2.437;18.2292;ISP.ITEUR
2023-05-18 10:00:00;2.436;2.439;2.432;2.435;14.976;ISP.ITEUR
2023-05-18 11:00:00;2.436;2.438;2.431;2.432;11.6797;ISP.ITEUR
2023-05-18 12:00:00;2.432;2.432;2.421;2.421;12.3345;ISP.ITEUR
2023-05-18 13:00:00;2.421;2.423;2.41;2.41;21.3286;ISP.ITEUR
2023-05-18 14:00:00;2.41;2.41;2.397;2.399;18.3354;ISP.ITEUR
2023-05-18 15:00:00;2.398;2.401;2.393;2.396;9.0928;ISP.ITEUR
2023-05-19 07:00:00;2.392;2.393;2.376;2.389;46.8773;ISP.ITEUR
2023-05-19 08:00:00;2.39;2.402;2.386;2.4;31.1158;ISP.ITEUR
2023-05-19 09:00:00;2.399;2.413;2.396;2.409;21.0358;ISP.ITEUR
2023-05-19 10:00:00;2.408;2.419;2.406;2.415;19.6981;ISP.ITEUR
2023-05-19 11:00:00;2.415;2.422;2.414;2.419;14.7901;ISP.ITEUR
2023-05-19 12:00:00;2.42;2.423;2.416;2.421;21.1778;ISP.ITEUR
2023-05-19 13:00:00;2.42;2.425;2.417;2.421;19.4487;ISP.ITEUR
2023-05-19 14:00:00;2.42;2.422;2.413;2.416;21.8553;ISP.ITEUR
2023-05-19 15:00:00;2.417;2.418;2.402;2.402;20.7652;ISP.ITEUR
2023-05-22 07:00:00;2.338;2.357;2.338;2.355;54.1684;ISP.ITEUR
2023-05-22 08:00:00;2.354;2.372;2.349;2.371;35.7131;ISP.ITEUR
2023-05-22 09:00:00;2.372;2.372;2.359;2.36;24.4108;ISP.ITEUR
2023-05-22 10:00:00;2.361;2.362;2.347;2.352;22.7414;ISP.ITEUR
2023-05-22 11:00:00;2.351;2.359;2.345;2.35;17.6432;ISP.ITEUR
2023-05-22 12:00:00;2.349;2.351;2.336;2.34;20.0491;ISP.ITEUR
2023-05-22 13:00:00;2.341;2.343;2.33;2.336;21.3231;ISP.ITEUR
2023-05-22 14:00:00;2.335;2.341;2.328;2.337;35.4339;ISP.ITEUR
2023-05-22 15:00:00;2.337;2.341;2.334;2.339;5.5175;ISP.ITEUR
2023-05-23 07:00:00;2.329;2.347;2.323;2.338;44.4537;ISP.ITEUR
2023-05-23 08:00:00;2.338;2.346;2.335;2.342;37.8653;ISP.ITEUR
2023-05-23 09:00:00;2.343;2.347;2.337;2.339;19.647;ISP.ITEUR
2023-05-23 10:00:00;2.337;2.342;2.334;2.339;18.7026;ISP.ITEUR
2023-05-23 11:00:00;2.341;2.343;2.333;2.336;16.6415;ISP.ITEUR
2023-05-23 12:00:00;2.336;2.338;2.333;2.336;12.8907;ISP.ITEUR
2023-05-23 13:00:00;2.336;2.339;2.328;2.337;28.5237;ISP.ITEUR
2023-05-23 14:00:00;2.338;2.34;2.331;2.334;22.7728;ISP.ITEUR
2023-05-23 15:00:00;2.333;2.335;2.33;2.334;7.5516;ISP.ITEUR
2023-05-24 07:00:00;2.323;2.323;2.281;2.283;57.1823;ISP.ITEUR
2023-05-24 08:00:00;2.283;2.287;2.269;2.28;56.4727;ISP.ITEUR
2023-05-24 09:00:00;2.281;2.282;2.257;2.259;40.7658;ISP.ITEUR
2023-05-24 10:00:00;2.259;2.261;2.25;2.26;33.6669;ISP.ITEUR
2023-05-24 11:00:00;2.261;2.269;2.26;2.263;20.8184;ISP.ITEUR
2023-05-24 12:00:00;2.264;2.272;2.261;2.267;22.5881;ISP.ITEUR
2023-05-24 13:00:00;2.266;2.27;2.254;2.256;30.8342;ISP.ITEUR
2023-05-24 14:00:00;2.256;2.267;2.254;2.264;26.4589;ISP.ITEUR
2023-05-24 15:00:00;2.263;2.264;2.258;2.26;10.0763;ISP.ITEUR
2023-05-25 07:00:00;2.24;2.26;2.223;2.227;73.3982;ISP.ITEUR
2023-05-25 08:00:00;2.229;2.251;2.226;2.249;48.1609;ISP.ITEUR
2023-05-25 09:00:00;2.251;2.264;2.246;2.259;24.1923;ISP.ITEUR
2023-05-25 10:00:00;2.259;2.268;2.257;2.26;22.6149;ISP.ITEUR
2023-05-25 11:00:00;2.261;2.263;2.249;2.257;22.3114;ISP.ITEUR
2023-05-25 12:00:00;2.258;2.268;2.244;2.263;37.1327;ISP.ITEUR
2023-05-25 13:00:00;2.261;2.266;2.25;2.257;49.5958;ISP.ITEUR
2023-05-25 14:00:00;2.258;2.262;2.249;2.259;38.8714;ISP.ITEUR
2023-05-25 15:00:00;2.258;2.26;2.253;2.253;8.3817;ISP.ITEUR
2023-05-26 07:00:00;2.253;2.257;2.212;2.212;49.8558;ISP.ITEUR
2023-05-26 08:00:00;2.213;2.22;2.207;2.208;40.6549;ISP.ITEUR
2023-05-26 09:00:00;2.209;2.211;2.197;2.199;25.9332;ISP.ITEUR
2023-05-26 10:00:00;2.201;2.208;2.193;2.207;25.0309;ISP.ITEUR
2023-05-26 11:00:00;2.207;2.221;2.205;2.219;20.2801;ISP.ITEUR
2023-05-26 12:00:00;2.22;2.228;2.214;2.221;26.4864;ISP.ITEUR
2023-05-26 13:00:00;2.223;2.231;2.219;2.222;31.7908;ISP.ITEUR
2023-05-26 14:00:00;2.224;2.251;2.222;2.25;31.031;ISP.ITEUR
2023-05-26 15:00:00;2.251;2.252;2.243;2.246;8.824;ISP.ITEUR
2023-05-29 07:00:00;2.259;2.26;2.238;2.242;24.3631;ISP.ITEUR
2023-05-29 08:00:00;2.242;2.246;2.229;2.229;21.4173;ISP.ITEUR
2023-05-29 09:00:00;2.229;2.234;2.217;2.217;20.656;ISP.ITEUR
2023-05-29 10:00:00;2.218;2.218;2.212;2.214;9.8195;ISP.ITEUR
2023-05-29 11:00:00;2.214;2.217;2.208;2.215;10.1344;ISP.ITEUR
2023-05-29 12:00:00;2.214;2.215;2.204;2.208;14.8934;ISP.ITEUR
2023-05-29 13:00:00;2.207;2.211;2.205;2.208;10.0404;ISP.ITEUR
2023-05-29 14:00:00;2.209;2.219;2.209;2.216;9.815;ISP.ITEUR
2023-05-29 15:00:00;2.217;2.222;2.216;2.222;2.3345;ISP.ITEUR
2023-05-30 07:00:00;2.209;2.23;2.207;2.223;56.6797;ISP.ITEUR
2023-05-30 08:00:00;2.224;2.23;2.218;2.226;45.4756;ISP.ITEUR
2023-05-30 09:00:00;2.226;2.229;2.219;2.221;30.0243;ISP.ITEUR
2023-05-30 10:00:00;2.22;2.222;2.206;2.209;16.7235;ISP.ITEUR
2023-05-30 11:00:00;2.209;2.224;2.204;2.216;27.0112;ISP.ITEUR
2023-05-30 12:00:00;2.215;2.218;2.211;2.215;17.1726;ISP.ITEUR
2023-05-30 13:00:00;2.215;2.217;2.207;2.21;22.2434;ISP.ITEUR
2023-05-30 14:00:00;2.21;2.219;2.206;2.208;22.8436;ISP.ITEUR
2023-05-30 15:00:00;2.209;2.209;2.198;2.203;8.3201;ISP.ITEUR
2023-05-31 07:00:00;2.186;2.211;2.186;2.207;49.7015;ISP.ITEUR
2023-05-31 08:00:00;2.209;2.224;2.205;2.221;34.9733;ISP.ITEUR
2023-05-31 09:00:00;2.22;2.224;2.21;2.215;17.3725;ISP.ITEUR
2023-05-31 10:00:00;2.216;2.222;2.212;2.218;15.4645;ISP.ITEUR
2023-05-31 11:00:00;2.219;2.219;2.202;2.205;9.4348;ISP.ITEUR
2023-05-31 12:00:00;2.205;2.205;2.182;2.185;15.9483;ISP.ITEUR
2023-05-31 13:00:00;2.184;2.186;2.163;2.168;20.6841;ISP.ITEUR
2023-05-31 14:00:00;2.167;2.169;2.141;2.145;17.0895;ISP.ITEUR
2023-05-31 15:00:00;2.144;2.145;2.131;2.134;4.0056;ISP.ITEUR
2023-06-01 07:00:00;2.186;2.196;2.177;2.192;37.7522;ISP.ITEUR
2023-06-01 08:00:00;2.193;2.21;2.189;2.204;25.7544;ISP.ITEUR
2023-06-01 09:00:00;2.206;2.211;2.202;2.205;18.321;ISP.ITEUR
2023-06-01 10:00:00;2.207;2.208;2.203;2.205;5.8839;ISP.ITEUR
2023-06-01 11:00:00;2.206;2.209;2.204;2.207;6.3486;ISP.ITEUR
2023-06-01 12:00:00;2.206;2.213;2.202;2.205;21.0399;ISP.ITEUR
2023-06-01 13:00:00;2.204;2.22;2.202;2.206;27.2968;ISP.ITEUR
2023-06-01 14:00:00;2.206;2.234;2.203;2.233;27.6277;ISP.ITEUR
2023-06-01 15:00:00;2.234;2.235;2.225;2.225;7.6009;ISP.ITEUR
2023-06-02 07:00:00;2.233;2.235;2.223;2.235;42.7998;ISP.ITEUR
2023-06-02 08:00:00;2.235;2.244;2.232;2.239;24.9953;ISP.ITEUR
2023-06-02 09:00:00;2.238;2.252;2.233;2.242;22.5509;ISP.ITEUR
2023-06-02 10:00:00;2.243;2.25;2.24;2.247;14.9126;ISP.ITEUR
2023-06-02 11:00:00;2.245;2.248;2.243;2.243;10.0283;ISP.ITEUR
2023-06-02 12:00:00;2.243;2.256;2.232;2.256;21.3059;ISP.ITEUR
2023-06-02 13:00:00;2.255;2.263;2.252;2.26;27.1953;ISP.ITEUR
2023-06-02 14:00:00;2.26;2.271;2.256;2.269;17.303;ISP.ITEUR
2023-06-02 15:00:00;2.269;2.276;2.268;2.275;3.4969;ISP.ITEUR
2023-06-05 07:00:00;2.266;2.284;2.266;2.28;45.9633;ISP.ITEUR
2023-06-05 08:00:00;2.281;2.283;2.271;2.277;22.9297;ISP.ITEUR
2023-06-05 09:00:00;2.276;2.278;2.268;2.275;15.1365;ISP.ITEUR
2023-06-05 10:00:00;2.274;2.278;2.273;2.274;11.7033;ISP.ITEUR
2023-06-05 11:00:00;2.273;2.277;2.267;2.268;10.2611;ISP.ITEUR
2023-06-05 12:00:00;2.267;2.27;2.263;2.269;10.7944;ISP.ITEUR
2023-06-05 13:00:00;2.268;2.276;2.259;2.259;17.9028;ISP.ITEUR
2023-06-05 14:00:00;2.259;2.262;2.235;2.248;38.4945;ISP.ITEUR
2023-06-05 15:00:00;2.248;2.252;2.245;2.25;9.4401;ISP.ITEUR
2023-06-06 07:00:00;2.241;2.257;2.238;2.256;39.9683;ISP.ITEUR
2023-06-06 08:00:00;2.255;2.26;2.24;2.24;30.0316;ISP.ITEUR
2023-06-06 09:00:00;2.24;2.251;2.237;2.249;20.5013;ISP.ITEUR
2023-06-06 10:00:00;2.249;2.251;2.245;2.247;14.387;ISP.ITEUR
2023-06-06 11:00:00;2.246;2.248;2.244;2.246;10.4738;ISP.ITEUR
2023-06-06 12:00:00;2.247;2.257;2.246;2.253;8.9954;ISP.ITEUR
2023-06-06 13:00:00;2.254;2.264;2.249;2.26;22.2562;ISP.ITEUR
2023-06-06 14:00:00;2.261;2.277;2.259;2.274;20.8908;ISP.ITEUR
2023-06-06 15:00:00;2.276;2.289;2.274;2.287;9.981;ISP.ITEUR
2023-06-07 07:00:00;2.283;2.283;2.261;2.265;40.3966;ISP.ITEUR
2023-06-07 08:00:00;2.263;2.267;2.256;2.264;27.6772;ISP.ITEUR
2023-06-07 09:00:00;2.263;2.267;2.259;2.26;14.1706;ISP.ITEUR
2023-06-07 10:00:00;2.259;2.27;2.257;2.27;12.4206;ISP.ITEUR
2023-06-07 11:00:00;2.271;2.276;2.267;2.273;11.565;ISP.ITEUR
2023-06-07 12:00:00;2.271;2.278;2.267;2.278;14.1023;ISP.ITEUR
2023-06-07 13:00:00;2.277;2.284;2.272;2.283;25.1753;ISP.ITEUR
2023-06-07 14:00:00;2.282;2.287;2.277;2.285;26.2669;ISP.ITEUR
2023-06-07 15:00:00;2.284;2.292;2.281;2.292;6.5832;ISP.ITEUR
2023-06-08 07:00:00;2.3;2.317;2.295;2.315;37.5506;ISP.ITEUR
2023-06-08 08:00:00;2.315;2.338;2.313;2.332;28.1776;ISP.ITEUR
2023-06-08 09:00:00;2.333;2.334;2.323;2.327;19.1494;ISP.ITEUR
2023-06-08 10:00:00;2.328;2.347;2.324;2.337;23.5551;ISP.ITEUR
2023-06-08 11:00:00;2.337;2.342;2.33;2.342;16.1737;ISP.ITEUR
2023-06-08 12:00:00;2.343;2.348;2.338;2.348;17.0248;ISP.ITEUR
2023-06-08 13:00:00;2.347;2.348;2.321;2.326;26.7873;ISP.ITEUR
2023-06-08 14:00:00;2.327;2.328;2.319;2.327;22.1765;ISP.ITEUR
2023-06-08 15:00:00;2.327;2.334;2.325;2.329;9.3404;ISP.ITEUR
2023-06-09 07:00:00;2.322;2.329;2.313;2.328;36.4722;ISP.ITEUR
2023-06-09 08:00:00;2.327;2.328;2.317;2.328;27.6933;ISP.ITEUR
2023-06-09 09:00:00;2.327;2.334;2.323;2.33;21.3775;ISP.ITEUR
2023-06-09 10:00:00;2.329;2.332;2.316;2.318;22.4771;ISP.ITEUR
2023-06-09 11:00:00;2.319;2.321;2.309;2.313;16.7001;ISP.ITEUR
2023-06-09 12:00:00;2.312;2.314;2.29;2.307;19.3482;ISP.ITEUR
2023-06-09 13:00:00;2.308;2.312;2.301;2.308;24.7015;ISP.ITEUR
2023-06-09 14:00:00;2.307;2.314;2.305;2.309;16.5331;ISP.ITEUR
2023-06-09 15:00:00;2.31;2.31;2.302;2.305;5.3746;ISP.ITEUR
2023-06-12 07:00:00;2.314;2.325;2.303;2.324;30.7746;ISP.ITEUR
2023-06-12 08:00:00;2.325;2.327;2.31;2.312;21.6433;ISP.ITEUR
2023-06-12 09:00:00;2.311;2.319;2.303;2.306;17.2769;ISP.ITEUR
2023-06-12 10:00:00;2.305;2.307;2.295;2.3;19.3678;ISP.ITEUR
2023-06-12 11:00:00;2.3;2.301;2.296;2.297;10.6731;ISP.ITEUR
2023-06-12 12:00:00;2.296;2.299;2.283;2.293;12.5027;ISP.ITEUR
2023-06-12 13:00:00;2.293;2.303;2.291;2.301;19.7157;ISP.ITEUR
2023-06-12 14:00:00;2.301;2.307;2.299;2.306;26.8588;ISP.ITEUR
2023-06-12 15:00:00;2.306;2.309;2.303;2.303;6.0861;ISP.ITEUR
2023-06-13 07:00:00;2.302;2.303;2.289;2.294;33.3352;ISP.ITEUR
2023-06-13 08:00:00;2.293;2.296;2.289;2.294;17.4269;ISP.ITEUR
2023-06-13 09:00:00;2.293;2.297;2.286;2.286;15.5759;ISP.ITEUR
2023-06-13 10:00:00;2.287;2.292;2.285;2.286;15.2607;ISP.ITEUR
2023-06-13 11:00:00;2.285;2.289;2.281;2.289;13.0999;ISP.ITEUR
2023-06-13 12:00:00;2.289;2.298;2.282;2.298;30.4534;ISP.ITEUR
2023-06-13 13:00:00;2.298;2.305;2.294;2.299;28.4064;ISP.ITEUR
2023-06-13 14:00:00;2.3;2.307;2.298;2.302;21.3339;ISP.ITEUR
2023-06-13 15:00:00;2.304;2.308;2.303;2.307;4.5365;ISP.ITEUR
2023-06-14 07:00:00;2.306;2.328;2.305;2.327;25.0583;ISP.ITEUR
2023-06-14 08:00:00;2.327;2.355;2.326;2.351;30.9279;ISP.ITEUR
2023-06-14 09:00:00;2.351;2.356;2.348;2.35;17.1409;ISP.ITEUR
2023-06-14 10:00:00;2.349;2.364;2.346;2.361;16.9493;ISP.ITEUR
2023-06-14 11:00:00;2.361;2.368;2.352;2.355;19.0556;ISP.ITEUR
2023-06-14 12:00:00;2.354;2.357;2.348;2.35;16.9636;ISP.ITEUR
2023-06-14 13:00:00;2.35;2.358;2.348;2.354;24.2764;ISP.ITEUR
2023-06-14 14:00:00;2.353;2.361;2.35;2.354;21.4538;ISP.ITEUR
2023-06-14 15:00:00;2.353;2.354;2.349;2.35;5.7224;ISP.ITEUR
2023-06-15 07:00:00;2.345;2.356;2.337;2.355;31.1317;ISP.ITEUR
2023-06-15 08:00:00;2.356;2.362;2.346;2.349;29.3096;ISP.ITEUR
2023-06-15 09:00:00;2.347;2.357;2.346;2.355;18.9782;ISP.ITEUR
2023-06-15 10:00:00;2.354;2.358;2.346;2.35;14.52;ISP.ITEUR
2023-06-15 11:00:00;2.351;2.352;2.344;2.349;12.9317;ISP.ITEUR
2023-06-15 12:00:00;2.35;2.357;2.339;2.348;29.6791;ISP.ITEUR
2023-06-15 13:00:00;2.347;2.355;2.344;2.352;31.3946;ISP.ITEUR
2023-06-15 14:00:00;2.352;2.358;2.349;2.358;17.1737;ISP.ITEUR
2023-06-15 15:00:00;2.359;2.361;2.356;2.36;9.4952;ISP.ITEUR
2023-06-16 07:00:00;2.353;2.379;2.352;2.367;24.1105;ISP.ITEUR
2023-06-16 08:00:00;2.366;2.376;2.358;2.374;23.7901;ISP.ITEUR
2023-06-16 09:00:00;2.375;2.377;2.359;2.363;30.044;ISP.ITEUR
2023-06-16 10:00:00;2.361;2.368;2.348;2.352;19.2695;ISP.ITEUR
2023-06-16 11:00:00;2.352;2.357;2.35;2.352;12.9666;ISP.ITEUR
2023-06-16 12:00:00;2.353;2.366;2.348;2.363;14.3582;ISP.ITEUR
2023-06-16 13:00:00;2.364;2.368;2.36;2.363;18.4301;ISP.ITEUR
2023-06-16 14:00:00;2.361;2.373;2.359;2.368;21.8198;ISP.ITEUR
2023-06-16 15:00:00;2.367;2.369;2.36;2.36;9.728;ISP.ITEUR
2023-06-19 07:00:00;2.369;2.41;2.369;2.393;41.015;ISP.ITEUR
2023-06-19 08:00:00;2.392;2.397;2.386;2.397;29.819;ISP.ITEUR
2023-06-19 09:00:00;2.396;2.407;2.395;2.403;18.262;ISP.ITEUR
2023-06-19 10:00:00;2.403;2.404;2.394;2.398;14.1079;ISP.ITEUR
2023-06-19 11:00:00;2.397;2.407;2.396;2.402;9.4862;ISP.ITEUR
2023-06-19 12:00:00;2.401;2.406;2.399;2.4;9.3796;ISP.ITEUR
2023-06-19 13:00:00;2.4;2.4;2.391;2.393;11.1109;ISP.ITEUR
2023-06-19 14:00:00;2.392;2.393;2.384;2.385;8.2448;ISP.ITEUR
2023-06-19 15:00:00;2.386;2.392;2.385;2.389;5.0803;ISP.ITEUR
2023-06-20 07:00:00;2.392;2.42;2.39;2.417;36.9087;ISP.ITEUR
2023-06-20 08:00:00;2.418;2.418;2.393;2.398;29.393;ISP.ITEUR
2023-06-20 09:00:00;2.397;2.398;2.383;2.395;22.3187;ISP.ITEUR
2023-06-20 10:00:00;2.396;2.402;2.391;2.401;20.4317;ISP.ITEUR
2023-06-20 11:00:00;2.402;2.41;2.4;2.406;15.0672;ISP.ITEUR
2023-06-20 12:00:00;2.407;2.413;2.404;2.413;16.0013;ISP.ITEUR
2023-06-20 13:00:00;2.414;2.417;2.395;2.397;31.2288;ISP.ITEUR
2023-06-20 14:00:00;2.396;2.399;2.385;2.39;28.5184;ISP.ITEUR
2023-06-20 15:00:00;2.39;2.392;2.387;2.388;6.1754;ISP.ITEUR
2023-06-21 07:00:00;2.392;2.406;2.392;2.406;27.2383;ISP.ITEUR
2023-06-21 08:00:00;2.407;2.421;2.405;2.417;20.7048;ISP.ITEUR
2023-06-21 09:00:00;2.417;2.421;2.415;2.418;11.4726;ISP.ITEUR
2023-06-21 10:00:00;2.418;2.425;2.418;2.421;12.1385;ISP.ITEUR
2023-06-21 11:00:00;2.42;2.422;2.414;2.414;15.3854;ISP.ITEUR
2023-06-21 12:00:00;2.412;2.415;2.408;2.409;16.1178;ISP.ITEUR
2023-06-21 13:00:00;2.41;2.411;2.398;2.4;23.3575;ISP.ITEUR
2023-06-21 14:00:00;2.401;2.41;2.398;2.41;16.148;ISP.ITEUR
2023-06-21 15:00:00;2.41;2.41;2.405;2.409;8.9933;ISP.ITEUR
2023-06-22 07:00:00;2.373;2.375;2.343;2.358;61.5063;ISP.ITEUR
2023-06-22 08:00:00;2.359;2.371;2.357;2.368;28.138;ISP.ITEUR
2023-06-22 09:00:00;2.369;2.379;2.364;2.37;18.3919;ISP.ITEUR
2023-06-22 10:00:00;2.371;2.379;2.362;2.363;16.6925;ISP.ITEUR
2023-06-22 11:00:00;2.362;2.378;2.36;2.377;27.5891;ISP.ITEUR
2023-06-22 12:00:00;2.378;2.381;2.375;2.378;17.1043;ISP.ITEUR
2023-06-22 13:00:00;2.378;2.384;2.374;2.378;28.7123;ISP.ITEUR
2023-06-22 14:00:00;2.378;2.386;2.373;2.377;19.4392;ISP.ITEUR
2023-06-22 15:00:00;2.377;2.377;2.37;2.37;7.7002;ISP.ITEUR
2023-06-23 07:00:00;2.356;2.359;2.326;2.329;48.8358;ISP.ITEUR
2023-06-23 08:00:00;2.33;2.338;2.322;2.337;32.8033;ISP.ITEUR
2023-06-23 09:00:00;2.338;2.344;2.335;2.337;21.2709;ISP.ITEUR
2023-06-23 10:00:00;2.337;2.345;2.333;2.341;14.5529;ISP.ITEUR
2023-06-23 11:00:00;2.341;2.347;2.34;2.344;8.5837;ISP.ITEUR
2023-06-23 12:00:00;2.345;2.345;2.329;2.329;14.6122;ISP.ITEUR
2023-06-23 13:00:00;2.329;2.334;2.328;2.332;29.5522;ISP.ITEUR
2023-06-23 14:00:00;2.332;2.334;2.329;2.33;16.1797;ISP.ITEUR
2023-06-23 15:00:00;2.33;2.331;2.325;2.327;7.8626;ISP.ITEUR
2023-06-26 07:00:00;2.313;2.316;2.283;2.296;49.495;ISP.ITEUR
2023-06-26 08:00:00;2.297;2.303;2.286;2.297;56.6788;ISP.ITEUR
2023-06-26 09:00:00;2.296;2.313;2.289;2.311;32.7139;ISP.ITEUR
2023-06-26 10:00:00;2.31;2.316;2.308;2.31;20.3065;ISP.ITEUR
2023-06-26 11:00:00;2.31;2.321;2.31;2.318;13.2816;ISP.ITEUR
2023-06-26 12:00:00;2.319;2.323;2.312;2.313;20.2685;ISP.ITEUR
2023-06-26 13:00:00;2.313;2.335;2.312;2.328;29.985;ISP.ITEUR
2023-06-26 14:00:00;2.328;2.331;2.32;2.325;30.3035;ISP.ITEUR
2023-06-26 15:00:00;2.324;2.327;2.322;2.327;8.1052;ISP.ITEUR
2023-06-27 07:00:00;2.353;2.358;2.333;2.34;50.2338;ISP.ITEUR
2023-06-27 08:00:00;2.34;2.357;2.339;2.341;31.6969;ISP.ITEUR
2023-06-27 09:00:00;2.341;2.349;2.338;2.345;20.9686;ISP.ITEUR
2023-06-27 10:00:00;2.344;2.353;2.344;2.346;19.2792;ISP.ITEUR
2023-06-27 11:00:00;2.347;2.347;2.328;2.332;18.6153;ISP.ITEUR
2023-06-27 12:00:00;2.331;2.341;2.328;2.34;25.7324;ISP.ITEUR
2023-06-27 13:00:00;2.339;2.342;2.332;2.336;26.6171;ISP.ITEUR
2023-06-27 14:00:00;2.336;2.36;2.336;2.357;24.9128;ISP.ITEUR
2023-06-27 15:00:00;2.358;2.363;2.354;2.36;7.5733;ISP.ITEUR
2023-06-28 07:00:00;2.369;2.37;2.346;2.348;45.192;ISP.ITEUR
2023-06-28 08:00:00;2.349;2.362;2.345;2.349;35.4683;ISP.ITEUR
2023-06-28 09:00:00;2.349;2.353;2.345;2.349;19.6055;ISP.ITEUR
2023-06-28 10:00:00;2.35;2.36;2.348;2.354;13.1378;ISP.ITEUR
2023-06-28 11:00:00;2.353;2.359;2.351;2.353;11.7024;ISP.ITEUR
2023-06-28 12:00:00;2.354;2.358;2.352;2.357;9.7784;ISP.ITEUR
2023-06-28 13:00:00;2.357;2.362;2.351;2.361;25.1001;ISP.ITEUR
2023-06-28 14:00:00;2.36;2.362;2.356;2.358;15.0662;ISP.ITEUR
2023-06-28 15:00:00;2.359;2.362;2.358;2.361;4.9739;ISP.ITEUR
2023-06-29 07:00:00;2.36;2.38;2.359;2.374;36.1858;ISP.ITEUR
2023-06-29 08:00:00;2.374;2.382;2.372;2.381;21.1834;ISP.ITEUR
2023-06-29 09:00:00;2.38;2.383;2.374;2.381;17.1186;ISP.ITEUR
2023-06-29 10:00:00;2.38;2.384;2.378;2.382;14.251;ISP.ITEUR
2023-06-29 11:00:00;2.382;2.384;2.38;2.382;9.7524;ISP.ITEUR
2023-06-29 12:00:00;2.382;2.388;2.382;2.383;11.5204;ISP.ITEUR
2023-06-29 13:00:00;2.382;2.399;2.374;2.387;27.8037;ISP.ITEUR
2023-06-29 14:00:00;2.386;2.39;2.381;2.387;20.0466;ISP.ITEUR
2023-06-29 15:00:00;2.387;2.391;2.385;2.388;6.6251;ISP.ITEUR
2023-06-30 07:00:00;2.412;2.413;2.396;2.397;30.6578;ISP.ITEUR
2023-06-30 08:00:00;2.397;2.412;2.397;2.41;26.9702;ISP.ITEUR
2023-06-30 09:00:00;2.41;2.42;2.407;2.415;18.1971;ISP.ITEUR
2023-06-30 10:00:00;2.416;2.42;2.412;2.413;12.7255;ISP.ITEUR
2023-06-30 11:00:00;2.412;2.416;2.406;2.414;12.5017;ISP.ITEUR
2023-06-30 12:00:00;2.412;2.42;2.412;2.419;9.4905;ISP.ITEUR
2023-06-30 13:00:00;2.418;2.422;2.407;2.414;18.8179;ISP.ITEUR
2023-06-30 14:00:00;2.415;2.418;2.41;2.413;13.4581;ISP.ITEUR
2023-06-30 15:00:00;2.412;2.413;2.405;2.408;9.9044;ISP.ITEUR
2023-07-03 07:00:00;2.408;2.43;2.405;2.425;40.7564;ISP.ITEUR
2023-07-03 08:00:00;2.428;2.436;2.425;2.434;27.2975;ISP.ITEUR
2023-07-03 09:00:00;2.434;2.438;2.429;2.437;13.6583;ISP.ITEUR
2023-07-03 10:00:00;2.436;2.442;2.433;2.436;15.3427;ISP.ITEUR
2023-07-03 11:00:00;2.436;2.438;2.428;2.433;12.3234;ISP.ITEUR
2023-07-03 12:00:00;2.432;2.439;2.429;2.432;11.8835;ISP.ITEUR
2023-07-03 13:00:00;2.431;2.434;2.423;2.43;17.9712;ISP.ITEUR
2023-07-03 14:00:00;2.43;2.436;2.425;2.434;15.5432;ISP.ITEUR
2023-07-03 15:00:00;2.435;2.435;2.43;2.431;7.0951;ISP.ITEUR
2023-07-04 07:00:00;2.443;2.449;2.426;2.429;33.9066;ISP.ITEUR
2023-07-04 08:00:00;2.429;2.43;2.417;2.422;28.5369;ISP.ITEUR
2023-07-04 09:00:00;2.423;2.429;2.42;2.427;17.4705;ISP.ITEUR
2023-07-04 10:00:00;2.426;2.427;2.418;2.424;15.2414;ISP.ITEUR
2023-07-04 11:00:00;2.424;2.427;2.419;2.419;8.1343;ISP.ITEUR
2023-07-04 12:00:00;2.422;2.422;2.416;2.421;11.7845;ISP.ITEUR
2023-07-04 13:00:00;2.421;2.422;2.413;2.42;13.1392;ISP.ITEUR
2023-07-04 14:00:00;2.419;2.42;2.408;2.412;10.1243;ISP.ITEUR
2023-07-04 15:00:00;2.412;2.416;2.412;2.414;3.5933;ISP.ITEUR
2023-07-05 07:00:00;2.395;2.422;2.394;2.417;40.7258;ISP.ITEUR
2023-07-05 08:00:00;2.415;2.417;2.404;2.405;24.0747;ISP.ITEUR
2023-07-05 09:00:00;2.406;2.407;2.392;2.4;16.1448;ISP.ITEUR
2023-07-05 10:00:00;2.402;2.414;2.399;2.409;14.6797;ISP.ITEUR
2023-07-05 11:00:00;2.409;2.411;2.401;2.403;8.6951;ISP.ITEUR
2023-07-05 12:00:00;2.404;2.41;2.401;2.403;6.8555;ISP.ITEUR
2023-07-05 13:00:00;2.402;2.407;2.394;2.396;20.7459;ISP.ITEUR
2023-07-05 14:00:00;2.394;2.402;2.392;2.399;15.174;ISP.ITEUR
2023-07-05 15:00:00;2.4;2.408;2.398;2.405;5.6508;ISP.ITEUR
2023-07-06 07:00:00;2.382;2.388;2.373;2.375;50.0018;ISP.ITEUR
2023-07-06 08:00:00;2.375;2.379;2.367;2.371;33.8108;ISP.ITEUR
2023-07-06 09:00:00;2.37;2.373;2.364;2.368;20.6332;ISP.ITEUR
2023-07-06 10:00:00;2.367;2.368;2.36;2.366;13.862;ISP.ITEUR
2023-07-06 11:00:00;2.367;2.373;2.361;2.366;12.9937;ISP.ITEUR
2023-07-06 12:00:00;2.367;2.371;2.352;2.354;25.4001;ISP.ITEUR
2023-07-06 13:00:00;2.352;2.353;2.335;2.342;31.726;ISP.ITEUR
2023-07-06 14:00:00;2.341;2.343;2.32;2.325;38.3012;ISP.ITEUR
2023-07-06 15:00:00;2.326;2.326;2.315;2.324;11.9032;ISP.ITEUR
2023-07-07 07:00:00;2.335;2.348;2.325;2.344;57.3639;ISP.ITEUR
2023-07-07 08:00:00;2.345;2.35;2.337;2.348;27.9366;ISP.ITEUR
2023-07-07 09:00:00;2.349;2.365;2.348;2.352;30.5024;ISP.ITEUR
2023-07-07 10:00:00;2.353;2.355;2.345;2.352;14.8806;ISP.ITEUR
2023-07-07 11:00:00;2.352;2.356;2.346;2.347;12.0557;ISP.ITEUR
2023-07-07 12:00:00;2.346;2.357;2.344;2.351;29.5457;ISP.ITEUR
2023-07-07 13:00:00;2.352;2.357;2.345;2.357;28.4569;ISP.ITEUR
2023-07-07 14:00:00;2.358;2.36;2.348;2.353;14.044;ISP.ITEUR
2023-07-07 15:00:00;2.352;2.354;2.347;2.348;6.6414;ISP.ITEUR
2023-07-10 07:00:00;2.341;2.354;2.335;2.352;41.0861;ISP.ITEUR
2023-07-10 08:00:00;2.353;2.365;2.349;2.36;23.7678;ISP.ITEUR
2023-07-10 09:00:00;2.362;2.374;2.36;2.37;13.1884;ISP.ITEUR
2023-07-10 10:00:00;2.371;2.372;2.364;2.372;14.6417;ISP.ITEUR
2023-07-10 11:00:00;2.371;2.372;2.364;2.367;12.4673;ISP.ITEUR
2023-07-10 12:00:00;2.368;2.371;2.363;2.365;10.7406;ISP.ITEUR
2023-07-10 13:00:00;2.363;2.37;2.362;2.369;16.024;ISP.ITEUR
2023-07-10 14:00:00;2.368;2.371;2.355;2.36;17.4248;ISP.ITEUR
2023-07-10 15:00:00;2.362;2.363;2.354;2.357;8.8906;ISP.ITEUR
2023-07-11 07:00:00;2.366;2.371;2.355;2.356;36.4055;ISP.ITEUR
2023-07-11 08:00:00;2.359;2.359;2.352;2.357;18.1387;ISP.ITEUR
2023-07-11 09:00:00;2.358;2.372;2.355;2.372;15.6601;ISP.ITEUR
2023-07-11 10:00:00;2.372;2.373;2.362;2.366;9.3472;ISP.ITEUR
2023-07-11 11:00:00;2.367;2.372;2.365;2.367;10.9997;ISP.ITEUR
2023-07-11 12:00:00;2.369;2.386;2.367;2.384;11.6166;ISP.ITEUR
2023-07-11 13:00:00;2.384;2.384;2.376;2.381;19.9658;ISP.ITEUR
2023-07-11 14:00:00;2.381;2.383;2.376;2.382;8.8847;ISP.ITEUR
2023-07-11 15:00:00;2.383;2.388;2.379;2.383;4.791;ISP.ITEUR
2023-07-12 07:00:00;2.387;2.396;2.382;2.39;43.3654;ISP.ITEUR
2023-07-12 08:00:00;2.392;2.393;2.383;2.387;19.8952;ISP.ITEUR
2023-07-12 09:00:00;2.387;2.393;2.385;2.391;16.1464;ISP.ITEUR
2023-07-12 10:00:00;2.39;2.393;2.386;2.391;6.3187;ISP.ITEUR
2023-07-12 11:00:00;2.392;2.398;2.391;2.394;6.7734;ISP.ITEUR
2023-07-12 13:00:00;2.398;2.405;2.393;2.402;27.5114;ISP.ITEUR
2023-07-12 14:00:00;2.401;2.415;2.398;2.411;23.051;ISP.ITEUR
2023-07-12 15:00:00;2.411;2.414;2.407;2.41;10.1483;ISP.ITEUR
2023-07-13 07:00:00;2.411;2.428;2.409;2.425;28.8911;ISP.ITEUR
2023-07-13 08:00:00;2.424;2.435;2.418;2.434;22.4184;ISP.ITEUR
2023-07-13 09:00:00;2.434;2.443;2.431;2.438;19.9669;ISP.ITEUR
2023-07-13 10:00:00;2.438;2.439;2.431;2.434;13.7538;ISP.ITEUR
2023-07-13 11:00:00;2.434;2.444;2.432;2.443;11.3974;ISP.ITEUR
2023-07-13 12:00:00;2.444;2.448;2.436;2.442;14.3221;ISP.ITEUR
2023-07-13 13:00:00;2.443;2.449;2.441;2.448;11.9756;ISP.ITEUR
2023-07-13 14:00:00;2.448;2.449;2.441;2.443;10.1878;ISP.ITEUR
2023-07-13 15:00:00;2.443;2.445;2.439;2.441;4.4729;ISP.ITEUR
2023-07-14 07:00:00;2.443;2.448;2.435;2.435;26.6573;ISP.ITEUR
2023-07-14 08:00:00;2.433;2.444;2.433;2.439;25.3017;ISP.ITEUR
2023-07-14 09:00:00;2.439;2.44;2.435;2.439;14.8852;ISP.ITEUR
2023-07-14 10:00:00;2.439;2.448;2.436;2.443;23.654;ISP.ITEUR
2023-07-14 11:00:00;2.445;2.449;2.441;2.448;14.5074;ISP.ITEUR
2023-07-14 12:00:00;2.448;2.455;2.447;2.455;15.3888;ISP.ITEUR
2023-07-14 13:00:00;2.453;2.454;2.434;2.441;21.3854;ISP.ITEUR
2023-07-14 14:00:00;2.439;2.448;2.419;2.426;27.0086;ISP.ITEUR
2023-07-14 15:00:00;2.427;2.429;2.422;2.428;7.5883;ISP.ITEUR
2023-07-17 07:00:00;2.425;2.444;2.419;2.434;36.712;ISP.ITEUR
2023-07-17 08:00:00;2.436;2.44;2.429;2.433;20.5299;ISP.ITEUR
2023-07-17 09:00:00;2.432;2.438;2.427;2.427;20.2882;ISP.ITEUR
2023-07-17 10:00:00;2.43;2.436;2.426;2.43;16.7661;ISP.ITEUR
2023-07-17 11:00:00;2.432;2.434;2.422;2.422;9.9738;ISP.ITEUR
2023-07-17 12:00:00;2.423;2.432;2.421;2.429;14.8534;ISP.ITEUR
2023-07-17 13:00:00;2.43;2.443;2.428;2.443;30.6601;ISP.ITEUR
2023-07-17 14:00:00;2.442;2.445;2.437;2.444;12.0144;ISP.ITEUR
2023-07-17 15:00:00;2.443;2.444;2.433;2.433;5.4291;ISP.ITEUR
2023-07-18 07:00:00;2.437;2.438;2.424;2.432;39.6957;ISP.ITEUR
2023-07-18 08:00:00;2.432;2.441;2.43;2.438;19.2985;ISP.ITEUR
2023-07-18 09:00:00;2.438;2.444;2.436;2.444;16.6649;ISP.ITEUR
2023-07-18 10:00:00;2.443;2.444;2.437;2.442;9.9932;ISP.ITEUR
2023-07-18 11:00:00;2.443;2.443;2.434;2.438;16.0191;ISP.ITEUR
2023-07-18 12:00:00;2.437;2.439;2.432;2.434;12.1894;ISP.ITEUR
2023-07-18 13:00:00;2.436;2.462;2.434;2.46;22.5163;ISP.ITEUR
2023-07-18 14:00:00;2.46;2.465;2.456;2.461;16.4756;ISP.ITEUR
2023-07-18 15:00:00;2.463;2.467;2.459;2.462;5.5278;ISP.ITEUR
2023-07-19 07:00:00;2.483;2.488;2.466;2.472;47.7807;ISP.ITEUR
2023-07-19 08:00:00;2.475;2.496;2.472;2.493;25.8935;ISP.ITEUR
2023-07-19 09:00:00;2.492;2.498;2.488;2.491;16.8238;ISP.ITEUR
2023-07-19 10:00:00;2.491;2.495;2.487;2.492;13.5074;ISP.ITEUR
2023-07-19 11:00:00;2.493;2.493;2.484;2.486;9.8136;ISP.ITEUR
2023-07-19 12:00:00;2.487;2.489;2.48;2.482;12.1446;ISP.ITEUR
2023-07-19 13:00:00;2.483;2.494;2.477;2.492;21.1399;ISP.ITEUR
2023-07-19 14:00:00;2.493;2.498;2.489;2.492;15.1995;ISP.ITEUR
2023-07-19 15:00:00;2.493;2.494;2.487;2.49;7.6176;ISP.ITEUR
2023-07-20 07:00:00;2.51;2.529;2.505;2.521;36.5995;ISP.ITEUR
2023-07-20 08:00:00;2.52;2.526;2.509;2.523;27.0615;ISP.ITEUR
2023-07-20 09:00:00;2.521;2.523;2.51;2.514;17.9566;ISP.ITEUR
2023-07-20 10:00:00;2.513;2.516;2.506;2.506;11.493;ISP.ITEUR
2023-07-20 11:00:00;2.507;2.512;2.503;2.51;14.0742;ISP.ITEUR
2023-07-20 12:00:00;2.509;2.509;2.5;2.508;14.4866;ISP.ITEUR
2023-07-20 13:00:00;2.507;2.515;2.504;2.515;17.1523;ISP.ITEUR
2023-07-20 14:00:00;2.515;2.518;2.508;2.517;18.9169;ISP.ITEUR
2023-07-20 15:00:00;2.517;2.52;2.515;2.517;7.9675;ISP.ITEUR
2023-07-21 07:00:00;2.53;2.546;2.522;2.525;48.4215;ISP.ITEUR
2023-07-21 08:00:00;2.524;2.531;2.522;2.53;18.9061;ISP.ITEUR
2023-07-21 09:00:00;2.53;2.534;2.526;2.532;14.396;ISP.ITEUR
2023-07-21 10:00:00;2.533;2.534;2.525;2.528;14.1825;ISP.ITEUR
2023-07-21 11:00:00;2.527;2.528;2.522;2.523;11.9304;ISP.ITEUR
2023-07-21 12:00:00;2.524;2.53;2.523;2.529;9.1143;ISP.ITEUR
2023-07-21 13:00:00;2.528;2.529;2.518;2.525;13.4225;ISP.ITEUR
2023-07-21 14:00:00;2.525;2.533;2.524;2.529;15.3921;ISP.ITEUR
2023-07-21 15:00:00;2.53;2.533;2.528;2.531;6.5259;ISP.ITEUR
2023-07-24 07:00:00;2.521;2.535;2.521;2.526;49.9961;ISP.ITEUR
2023-07-24 08:00:00;2.526;2.533;2.523;2.533;26.0248;ISP.ITEUR
2023-07-24 09:00:00;2.532;2.532;2.525;2.527;14.8201;ISP.ITEUR
2023-07-24 10:00:00;2.526;2.529;2.521;2.522;10.9314;ISP.ITEUR
2023-07-24 11:00:00;2.521;2.524;2.517;2.518;11.3959;ISP.ITEUR
2023-07-24 12:00:00;2.517;2.524;2.517;2.523;10.7568;ISP.ITEUR
2023-07-24 13:00:00;2.523;2.53;2.521;2.527;19.9536;ISP.ITEUR
2023-07-24 14:00:00;2.526;2.532;2.52;2.532;15.6557;ISP.ITEUR
2023-07-24 15:00:00;2.531;2.534;2.529;2.533;6.6575;ISP.ITEUR
2023-07-25 07:00:00;2.54;2.553;2.538;2.546;27.1249;ISP.ITEUR
2023-07-25 08:00:00;2.545;2.552;2.538;2.544;23.6686;ISP.ITEUR
2023-07-25 09:00:00;2.546;2.547;2.538;2.546;12.2919;ISP.ITEUR
2023-07-25 10:00:00;2.546;2.548;2.54;2.547;6.8545;ISP.ITEUR
2023-07-25 11:00:00;2.548;2.549;2.541;2.544;10.3229;ISP.ITEUR
2023-07-25 12:00:00;2.547;2.548;2.542;2.545;6.7008;ISP.ITEUR
2023-07-25 13:00:00;2.545;2.546;2.535;2.54;16.5428;ISP.ITEUR
2023-07-25 14:00:00;2.538;2.541;2.534;2.537;9.2952;ISP.ITEUR
2023-07-25 15:00:00;2.536;2.537;2.532;2.536;1.9525;ISP.ITEUR
2023-07-26 07:00:00;2.575;2.578;2.556;2.559;46.7787;ISP.ITEUR
2023-07-26 08:00:00;2.56;2.57;2.547;2.555;31.6371;ISP.ITEUR
2023-07-26 09:00:00;2.554;2.556;2.545;2.548;23.0158;ISP.ITEUR
2023-07-26 10:00:00;2.547;2.55;2.539;2.548;25.1643;ISP.ITEUR
2023-07-26 11:00:00;2.548;2.549;2.537;2.544;18.3078;ISP.ITEUR
2023-07-26 12:00:00;2.545;2.547;2.525;2.531;21.4131;ISP.ITEUR
2023-07-26 13:00:00;2.53;2.544;2.526;2.542;34.0583;ISP.ITEUR
2023-07-26 14:00:00;2.54;2.543;2.529;2.533;22.8622;ISP.ITEUR
2023-07-26 15:00:00;2.532;2.54;2.53;2.539;8.8462;ISP.ITEUR
2023-07-27 07:00:00;2.555;2.568;2.551;2.562;40.2609;ISP.ITEUR
2023-07-27 08:00:00;2.563;2.572;2.558;2.567;28.57;ISP.ITEUR
2023-07-27 09:00:00;2.565;2.572;2.564;2.567;20.0747;ISP.ITEUR
2023-07-27 10:00:00;2.568;2.569;2.563;2.565;14.0683;ISP.ITEUR
2023-07-27 11:00:00;2.567;2.571;2.562;2.566;16.367;ISP.ITEUR
2023-07-27 12:00:00;2.568;2.573;2.552;2.559;39.381;ISP.ITEUR
2023-07-27 13:00:00;2.56;2.566;2.555;2.563;41.333;ISP.ITEUR
2023-07-27 14:00:00;2.562;2.573;2.556;2.57;22.8591;ISP.ITEUR
2023-07-27 15:00:00;2.57;2.572;2.567;2.571;8.0655;ISP.ITEUR
2023-07-28 07:00:00;2.59;2.596;2.582;2.585;40.3048;ISP.ITEUR
2023-07-28 08:00:00;2.585;2.592;2.569;2.586;30.6754;ISP.ITEUR
2023-07-28 09:00:00;2.587;2.591;2.579;2.586;29.9154;ISP.ITEUR
2023-07-28 10:00:00;2.584;2.603;2.579;2.6;34.8645;ISP.ITEUR
2023-07-28 11:00:00;2.601;2.619;2.595;2.611;28.3239;ISP.ITEUR
2023-07-28 12:00:00;2.613;2.62;2.602;2.611;23.5125;ISP.ITEUR
2023-07-28 13:00:00;2.612;2.618;2.595;2.599;31.4382;ISP.ITEUR
2023-07-28 14:00:00;2.6;2.615;2.598;2.609;26.5818;ISP.ITEUR
2023-07-28 15:00:00;2.608;2.613;2.606;2.612;9.1218;ISP.ITEUR
2023-07-31 07:00:00;2.619;2.64;2.618;2.62;40.1383;ISP.ITEUR
2023-07-31 08:00:00;2.621;2.637;2.621;2.633;29.9797;ISP.ITEUR
2023-07-31 09:00:00;2.633;2.637;2.631;2.633;20.4783;ISP.ITEUR
2023-07-31 10:00:00;2.634;2.637;2.63;2.631;11.3856;ISP.ITEUR
2023-07-31 11:00:00;2.63;2.633;2.623;2.629;15.6957;ISP.ITEUR
2023-07-31 12:00:00;2.629;2.635;2.628;2.63;20.3786;ISP.ITEUR
2023-07-31 13:00:00;2.629;2.637;2.626;2.632;21.4499;ISP.ITEUR
2023-07-31 14:00:00;2.632;2.635;2.628;2.634;11.8303;ISP.ITEUR
2023-07-31 15:00:00;2.633;2.636;2.631;2.632;6.6302;ISP.ITEUR
2023-08-01 07:00:00;2.636;2.642;2.631;2.632;26.5858;ISP.ITEUR
2023-08-01 08:00:00;2.632;2.633;2.616;2.622;32.7363;ISP.ITEUR
2023-08-01 09:00:00;2.621;2.621;2.585;2.59;39.2336;ISP.ITEUR
2023-08-01 10:00:00;2.591;2.6;2.59;2.596;25.4235;ISP.ITEUR
2023-08-01 11:00:00;2.597;2.598;2.584;2.594;13.6211;ISP.ITEUR
2023-08-01 12:00:00;2.593;2.61;2.592;2.609;15.4127;ISP.ITEUR
2023-08-01 13:00:00;2.608;2.622;2.605;2.619;21.3607;ISP.ITEUR
2023-08-01 14:00:00;2.619;2.621;2.606;2.607;16.7055;ISP.ITEUR
2023-08-01 15:00:00;2.608;2.609;2.599;2.604;9.8301;ISP.ITEUR
2023-08-02 07:00:00;2.554;2.581;2.554;2.56;61.9958;ISP.ITEUR
2023-08-02 08:00:00;2.561;2.562;2.537;2.554;52.0406;ISP.ITEUR
2023-08-02 09:00:00;2.554;2.559;2.549;2.555;32.2152;ISP.ITEUR
2023-08-02 10:00:00;2.554;2.57;2.553;2.569;25.0147;ISP.ITEUR
2023-08-02 11:00:00;2.569;2.572;2.563;2.567;20.5469;ISP.ITEUR
2023-08-02 12:00:00;2.566;2.567;2.551;2.559;23.4306;ISP.ITEUR
2023-08-02 13:00:00;2.56;2.561;2.553;2.56;27.8931;ISP.ITEUR
2023-08-02 14:00:00;2.56;2.56;2.547;2.549;23.0409;ISP.ITEUR
2023-08-02 15:00:00;2.549;2.555;2.548;2.553;11.656;ISP.ITEUR
2023-08-03 07:00:00;2.552;2.559;2.52;2.524;72.8818;ISP.ITEUR
2023-08-03 08:00:00;2.524;2.534;2.513;2.518;66.3468;ISP.ITEUR
2023-08-03 09:00:00;2.518;2.54;2.517;2.539;41.4547;ISP.ITEUR
2023-08-03 10:00:00;2.539;2.545;2.533;2.541;36.4702;ISP.ITEUR
2023-08-03 11:00:00;2.541;2.55;2.54;2.544;29.6479;ISP.ITEUR
2023-08-03 12:00:00;2.543;2.548;2.537;2.542;24.4554;ISP.ITEUR
2023-08-03 13:00:00;2.542;2.544;2.533;2.543;39.8188;ISP.ITEUR
2023-08-03 14:00:00;2.542;2.544;2.535;2.538;29.405;ISP.ITEUR
2023-08-03 15:00:00;2.537;2.54;2.536;2.537;10.9352;ISP.ITEUR
2023-08-04 07:00:00;2.546;2.551;2.527;2.548;41.7294;ISP.ITEUR
2023-08-04 08:00:00;2.549;2.565;2.549;2.559;37.8983;ISP.ITEUR
2023-08-04 09:00:00;2.558;2.56;2.549;2.555;26.8137;ISP.ITEUR
2023-08-04 10:00:00;2.554;2.562;2.549;2.551;17.8149;ISP.ITEUR
2023-08-04 11:00:00;2.55;2.552;2.539;2.549;26.615;ISP.ITEUR
2023-08-04 12:00:00;2.548;2.554;2.542;2.55;30.6097;ISP.ITEUR
2023-08-04 13:00:00;2.548;2.56;2.548;2.554;34.0122;ISP.ITEUR
2023-08-04 14:00:00;2.553;2.56;2.546;2.557;32.2068;ISP.ITEUR
2023-08-04 15:00:00;2.558;2.558;2.544;2.546;10.9557;ISP.ITEUR
2023-08-07 07:00:00;2.534;2.566;2.534;2.566;27.1466;ISP.ITEUR
2023-08-07 08:00:00;2.565;2.566;2.535;2.538;33.648;ISP.ITEUR
2023-08-07 09:00:00;2.539;2.546;2.536;2.543;21.5323;ISP.ITEUR
2023-08-07 10:00:00;2.542;2.544;2.529;2.535;17.2601;ISP.ITEUR
2023-08-07 11:00:00;2.536;2.553;2.535;2.551;19.1585;ISP.ITEUR
2023-08-07 12:00:00;2.551;2.558;2.544;2.557;12.9172;ISP.ITEUR
2023-08-07 13:00:00;2.557;2.564;2.554;2.554;20.4194;ISP.ITEUR
2023-08-07 14:00:00;2.554;2.559;2.552;2.555;10.2146;ISP.ITEUR
2023-08-07 15:00:00;2.554;2.558;2.552;2.556;7.6045;ISP.ITEUR
2023-08-08 07:00:00;2.319;2.412;2.319;2.389;127.0179;ISP.ITEUR
2023-08-08 08:00:00;2.389;2.39;2.362;2.376;62.2701;ISP.ITEUR
2023-08-08 09:00:00;2.377;2.377;2.348;2.352;44.6763;ISP.ITEUR
2023-08-08 10:00:00;2.353;2.36;2.333;2.333;32.525;ISP.ITEUR
2023-08-08 11:00:00;2.335;2.354;2.327;2.351;42.365;ISP.ITEUR
2023-08-08 12:00:00;2.352;2.354;2.335;2.353;37.0672;ISP.ITEUR
2023-08-08 13:00:00;2.352;2.354;2.34;2.347;30.2868;ISP.ITEUR
2023-08-08 14:00:00;2.347;2.348;2.328;2.329;24.3421;ISP.ITEUR
2023-08-08 15:00:00;2.327;2.34;2.327;2.338;13.9667;ISP.ITEUR
2023-08-09 07:00:00;2.396;2.407;2.369;2.391;80.0784;ISP.ITEUR
2023-08-09 08:00:00;2.391;2.416;2.39;2.412;43.0869;ISP.ITEUR
2023-08-09 09:00:00;2.413;2.416;2.402;2.407;30.1771;ISP.ITEUR
2023-08-09 10:00:00;2.407;2.416;2.406;2.407;28.6851;ISP.ITEUR
2023-08-09 11:00:00;2.407;2.408;2.396;2.398;16.077;ISP.ITEUR
2023-08-09 12:00:00;2.399;2.41;2.397;2.398;15.6591;ISP.ITEUR
2023-08-09 13:00:00;2.397;2.406;2.395;2.402;25.5534;ISP.ITEUR
2023-08-09 14:00:00;2.402;2.412;2.398;2.404;18.158;ISP.ITEUR
2023-08-09 15:00:00;2.403;2.405;2.39;2.39;8.6577;ISP.ITEUR
2023-08-10 07:00:00;2.408;2.43;2.407;2.412;37.577;ISP.ITEUR
2023-08-10 08:00:00;2.413;2.424;2.405;2.415;32.2171;ISP.ITEUR
2023-08-10 09:00:00;2.417;2.421;2.414;2.42;24.2524;ISP.ITEUR
2023-08-10 10:00:00;2.421;2.427;2.416;2.425;15.233;ISP.ITEUR
2023-08-10 11:00:00;2.427;2.43;2.42;2.42;12.9529;ISP.ITEUR
2023-08-10 12:00:00;2.42;2.432;2.419;2.428;29.3451;ISP.ITEUR
2023-08-10 13:00:00;2.429;2.445;2.426;2.444;33.9143;ISP.ITEUR
2023-08-10 14:00:00;2.445;2.45;2.43;2.439;27.2099;ISP.ITEUR
2023-08-10 15:00:00;2.439;2.446;2.435;2.44;14.6057;ISP.ITEUR
2023-08-11 07:00:00;2.425;2.428;2.416;2.427;29.0621;ISP.ITEUR
2023-08-11 08:00:00;2.426;2.427;2.413;2.424;32.2416;ISP.ITEUR
2023-08-11 09:00:00;2.424;2.442;2.424;2.436;22.3287;ISP.ITEUR
2023-08-11 10:00:00;2.437;2.444;2.43;2.432;17.9571;ISP.ITEUR
2023-08-11 11:00:00;2.431;2.435;2.428;2.432;16.0788;ISP.ITEUR
2023-08-11 12:00:00;2.431;2.434;2.416;2.419;26.907;ISP.ITEUR
2023-08-11 13:00:00;2.418;2.428;2.415;2.42;24.3926;ISP.ITEUR
2023-08-11 14:00:00;2.42;2.428;2.42;2.424;24.3315;ISP.ITEUR
2023-08-11 15:00:00;2.425;2.431;2.424;2.43;4.9659;ISP.ITEUR
2023-08-14 07:00:00;2.426;2.452;2.426;2.449;46.9333;ISP.ITEUR
2023-08-14 08:00:00;2.448;2.454;2.442;2.448;33.9872;ISP.ITEUR
2023-08-14 09:00:00;2.448;2.45;2.446;2.448;16.3138;ISP.ITEUR
2023-08-14 10:00:00;2.447;2.453;2.446;2.451;11.2488;ISP.ITEUR
2023-08-14 11:00:00;2.45;2.452;2.449;2.45;13.6418;ISP.ITEUR
2023-08-14 12:00:00;2.45;2.451;2.446;2.449;13.729;ISP.ITEUR
2023-08-14 13:00:00;2.448;2.45;2.435;2.441;20.2243;ISP.ITEUR
2023-08-14 14:00:00;2.44;2.449;2.44;2.448;24.5789;ISP.ITEUR
2023-08-14 15:00:00;2.447;2.448;2.445;2.445;3.2546;ISP.ITEUR
2023-08-16 07:00:00;2.407;2.434;2.402;2.427;48.2012;ISP.ITEUR
2023-08-16 08:00:00;2.428;2.431;2.421;2.428;22.337;ISP.ITEUR
2023-08-16 09:00:00;2.429;2.432;2.417;2.42;17.3468;ISP.ITEUR
2023-08-16 10:00:00;2.42;2.426;2.414;2.424;17.5821;ISP.ITEUR
2023-08-16 11:00:00;2.424;2.435;2.424;2.429;10.258;ISP.ITEUR
2023-08-16 12:00:00;2.428;2.432;2.423;2.424;12.211;ISP.ITEUR
2023-08-16 13:00:00;2.424;2.431;2.418;2.425;19.627;ISP.ITEUR
2023-08-16 14:00:00;2.425;2.427;2.419;2.424;18.8774;ISP.ITEUR
2023-08-16 15:00:00;2.424;2.426;2.42;2.422;6.0931;ISP.ITEUR
2023-08-17 07:00:00;2.419;2.421;2.396;2.417;55.5147;ISP.ITEUR
2023-08-17 08:00:00;2.416;2.424;2.415;2.419;30.619;ISP.ITEUR
2023-08-17 09:00:00;2.42;2.422;2.411;2.419;21.8502;ISP.ITEUR
2023-08-17 10:00:00;2.418;2.43;2.418;2.426;19.6904;ISP.ITEUR
2023-08-17 11:00:00;2.425;2.433;2.423;2.423;13.538;ISP.ITEUR
2023-08-17 12:00:00;2.424;2.43;2.417;2.424;22.0031;ISP.ITEUR
2023-08-17 13:00:00;2.425;2.425;2.402;2.407;24.1367;ISP.ITEUR
2023-08-17 14:00:00;2.407;2.417;2.405;2.416;29.4002;ISP.ITEUR
2023-08-17 15:00:00;2.415;2.416;2.41;2.412;6.0085;ISP.ITEUR
2023-08-18 07:00:00;2.398;2.408;2.383;2.392;54.6934;ISP.ITEUR
2023-08-18 08:00:00;2.392;2.398;2.384;2.395;38.812;ISP.ITEUR
2023-08-18 09:00:00;2.394;2.396;2.382;2.392;46.3883;ISP.ITEUR
2023-08-18 10:00:00;2.391;2.4;2.39;2.392;32.1011;ISP.ITEUR
2023-08-18 11:00:00;2.392;2.393;2.385;2.388;22.5069;ISP.ITEUR
2023-08-18 12:00:00;2.389;2.394;2.383;2.392;30.3275;ISP.ITEUR
2023-08-18 13:00:00;2.391;2.396;2.385;2.388;33.9178;ISP.ITEUR
2023-08-18 14:00:00;2.388;2.402;2.385;2.402;35.2708;ISP.ITEUR
2023-08-18 15:00:00;2.403;2.408;2.402;2.404;10.43;ISP.ITEUR
2023-08-21 07:00:00;2.425;2.448;2.424;2.443;70.1941;ISP.ITEUR
2023-08-21 08:00:00;2.443;2.444;2.435;2.444;37.6831;ISP.ITEUR
2023-08-21 09:00:00;2.443;2.455;2.44;2.449;31.1527;ISP.ITEUR
2023-08-21 10:00:00;2.45;2.452;2.448;2.45;23.6226;ISP.ITEUR
2023-08-21 11:00:00;2.45;2.458;2.449;2.455;15.501;ISP.ITEUR
2023-08-21 12:00:00;2.455;2.457;2.447;2.448;18.8151;ISP.ITEUR
2023-08-21 13:00:00;2.448;2.45;2.439;2.439;37.0436;ISP.ITEUR
2023-08-21 14:00:00;2.44;2.441;2.434;2.438;23.3359;ISP.ITEUR
2023-08-21 15:00:00;2.439;2.443;2.437;2.438;6.1001;ISP.ITEUR
2023-08-22 07:00:00;2.455;2.462;2.439;2.459;50.4574;ISP.ITEUR
2023-08-22 08:00:00;2.46;2.462;2.453;2.461;32.6875;ISP.ITEUR
2023-08-22 09:00:00;2.462;2.47;2.457;2.466;17.1263;ISP.ITEUR
2023-08-22 10:00:00;2.467;2.469;2.464;2.466;15.4606;ISP.ITEUR
2023-08-22 11:00:00;2.465;2.468;2.465;2.468;7.9855;ISP.ITEUR
2023-08-22 12:00:00;2.468;2.47;2.462;2.463;11.9972;ISP.ITEUR
2023-08-22 13:00:00;2.463;2.464;2.455;2.459;21.4892;ISP.ITEUR
2023-08-22 14:00:00;2.459;2.464;2.456;2.457;25.5073;ISP.ITEUR
2023-08-22 15:00:00;2.457;2.458;2.453;2.454;8.3765;ISP.ITEUR
2023-08-23 07:00:00;2.467;2.48;2.46;2.46;61.6288;ISP.ITEUR
2023-08-23 08:00:00;2.459;2.47;2.459;2.468;35.7829;ISP.ITEUR
2023-08-23 09:00:00;2.467;2.474;2.464;2.469;35.5519;ISP.ITEUR
2023-08-23 10:00:00;2.469;2.47;2.45;2.453;36.7643;ISP.ITEUR
2023-08-23 11:00:00;2.452;2.457;2.445;2.457;29.7376;ISP.ITEUR
2023-08-23 12:00:00;2.457;2.46;2.45;2.452;32.0696;ISP.ITEUR
2023-08-23 13:00:00;2.451;2.454;2.446;2.449;28.9722;ISP.ITEUR
2023-08-23 14:00:00;2.448;2.453;2.445;2.453;23.2471;ISP.ITEUR
2023-08-23 15:00:00;2.452;2.455;2.45;2.455;4.0501;ISP.ITEUR
2023-08-24 07:00:00;2.473;2.477;2.459;2.467;58.8864;ISP.ITEUR
2023-08-24 08:00:00;2.466;2.471;2.463;2.465;41.7466;ISP.ITEUR
2023-08-24 09:00:00;2.464;2.47;2.454;2.456;39.8079;ISP.ITEUR
2023-08-24 10:00:00;2.456;2.46;2.442;2.45;38.0779;ISP.ITEUR
2023-08-24 11:00:00;2.45;2.46;2.448;2.458;20.8781;ISP.ITEUR
2023-08-24 12:00:00;2.457;2.457;2.447;2.45;28.6232;ISP.ITEUR
2023-08-24 13:00:00;2.449;2.455;2.444;2.455;35.0826;ISP.ITEUR
2023-08-24 14:00:00;2.456;2.456;2.442;2.446;40.9851;ISP.ITEUR
2023-08-24 15:00:00;2.445;2.447;2.441;2.447;12.1366;ISP.ITEUR
2023-08-25 07:00:00;2.443;2.452;2.44;2.442;46.6779;ISP.ITEUR
2023-08-25 08:00:00;2.442;2.455;2.441;2.453;31.8977;ISP.ITEUR
2023-08-25 09:00:00;2.453;2.459;2.448;2.453;26.4866;ISP.ITEUR
2023-08-25 10:00:00;2.454;2.464;2.454;2.463;21.1935;ISP.ITEUR
2023-08-25 11:00:00;2.463;2.467;2.463;2.464;15.0377;ISP.ITEUR
2023-08-25 12:00:00;2.463;2.469;2.463;2.464;13.4508;ISP.ITEUR
2023-08-25 13:00:00;2.464;2.465;2.452;2.456;15.547;ISP.ITEUR
2023-08-25 14:00:00;2.454;2.462;2.444;2.446;59.7146;ISP.ITEUR
2023-08-25 15:00:00;2.447;2.452;2.444;2.452;15.5424;ISP.ITEUR
2023-08-28 07:00:00;2.464;2.471;2.462;2.466;31.1189;ISP.ITEUR
2023-08-28 08:00:00;2.467;2.468;2.461;2.465;20.0171;ISP.ITEUR
2023-08-28 09:00:00;2.464;2.466;2.459;2.462;13.6894;ISP.ITEUR
2023-08-28 10:00:00;2.463;2.466;2.461;2.461;12.1477;ISP.ITEUR
2023-08-28 11:00:00;2.463;2.467;2.462;2.466;13.9261;ISP.ITEUR
2023-08-28 12:00:00;2.465;2.471;2.464;2.467;11.3437;ISP.ITEUR
2023-08-28 13:00:00;2.467;2.486;2.464;2.478;28.891;ISP.ITEUR
2023-08-28 14:00:00;2.478;2.479;2.47;2.475;19.3715;ISP.ITEUR
2023-08-28 15:00:00;2.475;2.48;2.473;2.478;6.1842;ISP.ITEUR
2023-08-29 07:00:00;2.476;2.486;2.471;2.473;35.1182;ISP.ITEUR
2023-08-29 08:00:00;2.474;2.477;2.469;2.47;29.6034;ISP.ITEUR
2023-08-29 09:00:00;2.471;2.484;2.471;2.482;27.9604;ISP.ITEUR
2023-08-29 10:00:00;2.481;2.484;2.479;2.48;19.3152;ISP.ITEUR
2023-08-29 11:00:00;2.479;2.485;2.479;2.483;16.136;ISP.ITEUR
2023-08-29 12:00:00;2.482;2.485;2.479;2.485;16.1735;ISP.ITEUR
2023-08-29 13:00:00;2.486;2.495;2.483;2.493;29.6818;ISP.ITEUR
2023-08-29 14:00:00;2.494;2.496;2.489;2.493;31.6806;ISP.ITEUR
2023-08-29 15:00:00;2.493;2.494;2.491;2.492;8.6158;ISP.ITEUR
2023-08-30 07:00:00;2.511;2.534;2.505;2.526;55.217;ISP.ITEUR
2023-08-30 08:00:00;2.525;2.528;2.517;2.518;42.4565;ISP.ITEUR
2023-08-30 09:00:00;2.517;2.52;2.508;2.511;31.1364;ISP.ITEUR
2023-08-30 10:00:00;2.511;2.517;2.508;2.515;28.6316;ISP.ITEUR
2023-08-30 11:00:00;2.514;2.514;2.507;2.507;18.7336;ISP.ITEUR
2023-08-30 12:00:00;2.507;2.514;2.506;2.511;23.4102;ISP.ITEUR
2023-08-30 13:00:00;2.511;2.514;2.508;2.513;22.2652;ISP.ITEUR
2023-08-30 14:00:00;2.512;2.515;2.502;2.505;23.5262;ISP.ITEUR
2023-08-30 15:00:00;2.504;2.506;2.501;2.503;8.9607;ISP.ITEUR
2023-08-31 07:00:00;2.496;2.511;2.495;2.511;40.591;ISP.ITEUR
2023-08-31 08:00:00;2.511;2.511;2.5;2.501;28.9118;ISP.ITEUR
2023-08-31 09:00:00;2.5;2.501;2.484;2.487;40.1408;ISP.ITEUR
2023-08-31 10:00:00;2.487;2.492;2.484;2.49;18.9852;ISP.ITEUR
2023-08-31 11:00:00;2.491;2.498;2.485;2.497;20.6742;ISP.ITEUR
2023-08-31 12:00:00;2.496;2.499;2.486;2.492;27.4948;ISP.ITEUR
2023-08-31 13:00:00;2.492;2.494;2.484;2.49;24.8642;ISP.ITEUR
2023-08-31 14:00:00;2.489;2.489;2.476;2.477;26.5851;ISP.ITEUR
2023-08-31 15:00:00;2.476;2.478;2.469;2.474;21.2375;ISP.ITEUR
2023-09-01 07:00:00;2.469;2.488;2.465;2.487;45.8356;ISP.ITEUR
2023-09-01 08:00:00;2.488;2.488;2.475;2.477;38.0494;ISP.ITEUR
2023-09-01 09:00:00;2.476;2.48;2.469;2.471;28.6211;ISP.ITEUR
2023-09-01 10:00:00;2.47;2.476;2.467;2.472;24.1421;ISP.ITEUR
2023-09-01 11:00:00;2.471;2.475;2.464;2.464;22.5869;ISP.ITEUR
2023-09-01 12:00:00;2.464;2.468;2.452;2.453;44.6667;ISP.ITEUR
2023-09-01 13:00:00;2.452;2.463;2.439;2.445;59.5471;ISP.ITEUR
2023-09-01 14:00:00;2.446;2.453;2.442;2.448;48.855;ISP.ITEUR
2023-09-01 15:00:00;2.447;2.458;2.447;2.455;17.554;ISP.ITEUR
2023-09-04 07:00:00;2.468;2.483;2.467;2.477;45.3916;ISP.ITEUR
2023-09-04 08:00:00;2.476;2.481;2.472;2.475;22.3703;ISP.ITEUR
2023-09-04 09:00:00;2.474;2.478;2.465;2.469;15.177;ISP.ITEUR
2023-09-04 10:00:00;2.469;2.471;2.46;2.464;14.4284;ISP.ITEUR
2023-09-04 11:00:00;2.466;2.467;2.458;2.465;17.3463;ISP.ITEUR
2023-09-04 12:00:00;2.464;2.466;2.454;2.462;20.4865;ISP.ITEUR
2023-09-04 13:00:00;2.461;2.462;2.451;2.454;21.2413;ISP.ITEUR
2023-09-04 14:00:00;2.455;2.455;2.44;2.443;24.1099;ISP.ITEUR
2023-09-04 15:00:00;2.443;2.451;2.442;2.45;6.3617;ISP.ITEUR
2023-09-05 07:00:00;2.433;2.437;2.422;2.432;71.7265;ISP.ITEUR
2023-09-05 08:00:00;2.431;2.438;2.426;2.434;50.6789;ISP.ITEUR
2023-09-05 09:00:00;2.434;2.444;2.432;2.441;30.5214;ISP.ITEUR
2023-09-05 10:00:00;2.44;2.454;2.439;2.448;31.1104;ISP.ITEUR
2023-09-05 11:00:00;2.45;2.454;2.444;2.453;15.6099;ISP.ITEUR
2023-09-05 12:00:00;2.452;2.453;2.44;2.447;31.021;ISP.ITEUR
2023-09-05 13:00:00;2.449;2.455;2.442;2.453;45.644;ISP.ITEUR
2023-09-05 14:00:00;2.454;2.456;2.438;2.439;33.2279;ISP.ITEUR
2023-09-05 15:00:00;2.441;2.443;2.437;2.442;9.8976;ISP.ITEUR
2023-09-06 07:00:00;2.428;2.437;2.421;2.428;57.9943;ISP.ITEUR
2023-09-06 08:00:00;2.426;2.432;2.422;2.424;38.6376;ISP.ITEUR
2023-09-06 09:00:00;2.425;2.429;2.414;2.418;29.5037;ISP.ITEUR
2023-09-06 10:00:00;2.416;2.419;2.399;2.402;34.2879;ISP.ITEUR
2023-09-06 11:00:00;2.402;2.404;2.386;2.387;35.1153;ISP.ITEUR
2023-09-06 12:00:00;2.388;2.401;2.38;2.398;34.682;ISP.ITEUR
2023-09-06 13:00:00;2.398;2.399;2.387;2.395;37.3602;ISP.ITEUR
2023-09-06 14:00:00;2.394;2.401;2.382;2.389;42.1654;ISP.ITEUR
2023-09-06 15:00:00;2.388;2.398;2.385;2.397;11.7829;ISP.ITEUR
2023-09-07 07:00:00;2.389;2.392;2.363;2.389;64.3846;ISP.ITEUR
2023-09-07 08:00:00;2.389;2.398;2.382;2.395;43.0706;ISP.ITEUR
2023-09-07 09:00:00;2.395;2.401;2.387;2.391;38.7913;ISP.ITEUR
2023-09-07 10:00:00;2.392;2.397;2.389;2.39;28.6964;ISP.ITEUR
2023-09-07 11:00:00;2.393;2.393;2.377;2.377;24.49;ISP.ITEUR
2023-09-07 12:00:00;2.379;2.386;2.376;2.378;24.6328;ISP.ITEUR
2023-09-07 13:00:00;2.379;2.393;2.377;2.386;31.1555;ISP.ITEUR
2023-09-07 14:00:00;2.387;2.387;2.374;2.379;33.5188;ISP.ITEUR
2023-09-07 15:00:00;2.378;2.381;2.374;2.378;8.8684;ISP.ITEUR
2023-09-08 07:00:00;2.405;2.416;2.397;2.406;34.1495;ISP.ITEUR
2023-09-08 08:00:00;2.406;2.407;2.379;2.382;55.9399;ISP.ITEUR
2023-09-08 09:00:00;2.382;2.392;2.375;2.377;38.9437;ISP.ITEUR
2023-09-08 10:00:00;2.378;2.394;2.375;2.392;36.0867;ISP.ITEUR
2023-09-08 11:00:00;2.392;2.396;2.387;2.393;24.8159;ISP.ITEUR
2023-09-08 12:00:00;2.393;2.409;2.391;2.402;25.7253;ISP.ITEUR
2023-09-08 13:00:00;2.401;2.405;2.396;2.405;25.463;ISP.ITEUR
2023-09-08 14:00:00;2.405;2.416;2.405;2.412;21.3161;ISP.ITEUR
2023-09-08 15:00:00;2.412;2.415;2.41;2.412;9.0972;ISP.ITEUR
2023-09-11 07:00:00;2.46;2.472;2.457;2.465;54.8095;ISP.ITEUR
2023-09-11 08:00:00;2.466;2.471;2.456;2.457;50.5039;ISP.ITEUR
2023-09-11 09:00:00;2.459;2.473;2.457;2.469;32.2543;ISP.ITEUR
2023-09-11 10:00:00;2.471;2.484;2.465;2.481;36.5204;ISP.ITEUR
2023-09-11 11:00:00;2.482;2.483;2.463;2.464;31.1912;ISP.ITEUR
2023-09-11 12:00:00;2.466;2.476;2.459;2.474;24.304;ISP.ITEUR
2023-09-11 13:00:00;2.473;2.482;2.468;2.471;23.933;ISP.ITEUR
2023-09-11 14:00:00;2.471;2.483;2.469;2.479;20.8728;ISP.ITEUR
2023-09-11 15:00:00;2.48;2.481;2.465;2.472;12.4601;ISP.ITEUR
2023-09-12 07:00:00;2.475;2.477;2.461;2.472;46.5558;ISP.ITEUR
2023-09-12 08:00:00;2.471;2.478;2.464;2.468;31.4371;ISP.ITEUR
2023-09-12 09:00:00;2.469;2.474;2.463;2.467;23.1394;ISP.ITEUR
2023-09-12 10:00:00;2.467;2.471;2.464;2.468;8.3462;ISP.ITEUR
2023-09-12 11:00:00;2.467;2.469;2.457;2.462;29.1661;ISP.ITEUR
2023-09-12 12:00:00;2.461;2.469;2.457;2.466;30.482;ISP.ITEUR
2023-09-12 13:00:00;2.465;2.469;2.459;2.469;31.1303;ISP.ITEUR
2023-09-12 14:00:00;2.468;2.47;2.463;2.469;28.4495;ISP.ITEUR
2023-09-12 15:00:00;2.469;2.475;2.469;2.474;7.4014;ISP.ITEUR
2023-09-13 07:00:00;2.48;2.486;2.475;2.477;53.8856;ISP.ITEUR
2023-09-13 08:00:00;2.477;2.481;2.459;2.462;59.0647;ISP.ITEUR
2023-09-13 09:00:00;2.461;2.469;2.459;2.466;26.8222;ISP.ITEUR
2023-09-13 10:00:00;2.467;2.468;2.451;2.456;28.6436;ISP.ITEUR
2023-09-13 11:00:00;2.455;2.459;2.449;2.456;22.8946;ISP.ITEUR
2023-09-13 12:00:00;2.457;2.467;2.449;2.465;46.4912;ISP.ITEUR
2023-09-13 13:00:00;2.464;2.468;2.459;2.467;37.9709;ISP.ITEUR
2023-09-13 14:00:00;2.465;2.469;2.458;2.465;30.6456;ISP.ITEUR
2023-09-13 15:00:00;2.468;2.468;2.46;2.464;9.1826;ISP.ITEUR
2023-09-14 07:00:00;2.414;2.415;2.394;2.407;61.3775;ISP.ITEUR
2023-09-14 08:00:00;2.405;2.421;2.401;2.419;42.6654;ISP.ITEUR
2023-09-14 09:00:00;2.419;2.423;2.412;2.413;36.8202;ISP.ITEUR
2023-09-14 10:00:00;2.415;2.425;2.413;2.422;30.9236;ISP.ITEUR
2023-09-14 11:00:00;2.425;2.426;2.41;2.414;20.3438;ISP.ITEUR
2023-09-14 12:00:00;2.415;2.46;2.414;2.459;71.0837;ISP.ITEUR
2023-09-14 13:00:00;2.457;2.468;2.455;2.468;52.516;ISP.ITEUR
2023-09-14 14:00:00;2.469;2.473;2.463;2.473;27.4965;ISP.ITEUR
2023-09-14 15:00:00;2.474;2.478;2.47;2.472;11.0981;ISP.ITEUR
2023-09-15 07:00:00;2.505;2.518;2.496;2.515;75.7175;ISP.ITEUR
2023-09-15 08:00:00;2.518;2.518;2.503;2.504;49.1776;ISP.ITEUR
2023-09-15 09:00:00;2.505;2.507;2.495;2.507;47.0778;ISP.ITEUR
2023-09-15 10:00:00;2.506;2.509;2.495;2.496;29.094;ISP.ITEUR
2023-09-15 11:00:00;2.494;2.497;2.485;2.488;30.369;ISP.ITEUR
2023-09-15 12:00:00;2.487;2.49;2.467;2.469;35.9494;ISP.ITEUR
2023-09-15 13:00:00;2.468;2.474;2.46;2.467;47.9625;ISP.ITEUR
2023-09-15 14:00:00;2.468;2.471;2.458;2.46;23.3889;ISP.ITEUR
2023-09-15 15:00:00;2.46;2.465;2.458;2.462;7.0753;ISP.ITEUR
2023-09-18 07:00:00;2.473;2.473;2.454;2.47;50.6307;ISP.ITEUR
2023-09-18 08:00:00;2.47;2.472;2.458;2.46;39.9804;ISP.ITEUR
2023-09-18 09:00:00;2.46;2.461;2.445;2.448;48.7343;ISP.ITEUR
2023-09-18 10:00:00;2.447;2.451;2.44;2.447;40.2463;ISP.ITEUR
2023-09-18 11:00:00;2.446;2.447;2.429;2.43;41.2621;ISP.ITEUR
2023-09-18 12:00:00;2.431;2.44;2.429;2.439;36.9392;ISP.ITEUR
2023-09-18 13:00:00;2.438;2.446;2.423;2.426;55.251;ISP.ITEUR
2023-09-18 14:00:00;2.426;2.436;2.416;2.424;52.6036;ISP.ITEUR
2023-09-18 15:00:00;2.423;2.426;2.417;2.425;10.3726;ISP.ITEUR
2023-09-19 07:00:00;2.424;2.436;2.418;2.427;55.1704;ISP.ITEUR
2023-09-19 08:00:00;2.429;2.439;2.427;2.435;37.5213;ISP.ITEUR
2023-09-19 09:00:00;2.436;2.443;2.432;2.44;34.1524;ISP.ITEUR
2023-09-19 10:00:00;2.441;2.443;2.435;2.439;25.9697;ISP.ITEUR
2023-09-19 11:00:00;2.438;2.44;2.431;2.432;17.0829;ISP.ITEUR
2023-09-19 12:00:00;2.433;2.438;2.427;2.427;22.6963;ISP.ITEUR
2023-09-19 13:00:00;2.43;2.439;2.423;2.436;48.6044;ISP.ITEUR
2023-09-19 14:00:00;2.435;2.441;2.429;2.439;27.6592;ISP.ITEUR
2023-09-19 15:00:00;2.44;2.44;2.435;2.438;8.9665;ISP.ITEUR
2023-09-20 07:00:00;2.454;2.47;2.445;2.468;57.0367;ISP.ITEUR
2023-09-20 08:00:00;2.468;2.485;2.464;2.481;38.8649;ISP.ITEUR
2023-09-20 09:00:00;2.481;2.502;2.479;2.497;38.1476;ISP.ITEUR
2023-09-20 10:00:00;2.499;2.503;2.493;2.495;26.8037;ISP.ITEUR
2023-09-20 11:00:00;2.496;2.51;2.495;2.505;13.6454;ISP.ITEUR
2023-09-20 12:00:00;2.507;2.511;2.5;2.508;17.0132;ISP.ITEUR
2023-09-20 13:00:00;2.509;2.52;2.506;2.517;21.6734;ISP.ITEUR
2023-09-20 14:00:00;2.516;2.519;2.511;2.517;25.8157;ISP.ITEUR
2023-09-20 15:00:00;2.517;2.517;2.505;2.508;5.5272;ISP.ITEUR
2023-09-21 07:00:00;2.501;2.508;2.494;2.496;56.3733;ISP.ITEUR
2023-09-21 08:00:00;2.498;2.499;2.481;2.485;44.4363;ISP.ITEUR
2023-09-21 09:00:00;2.487;2.504;2.485;2.496;42.6917;ISP.ITEUR
2023-09-21 10:00:00;2.495;2.499;2.483;2.486;38.5693;ISP.ITEUR
2023-09-21 11:00:00;2.488;2.493;2.482;2.488;44.2119;ISP.ITEUR
2023-09-21 12:00:00;2.489;2.489;2.469;2.479;41.7419;ISP.ITEUR
2023-09-21 13:00:00;2.479;2.489;2.473;2.487;53.3726;ISP.ITEUR
2023-09-21 14:00:00;2.486;2.495;2.483;2.487;35.9673;ISP.ITEUR
2023-09-21 15:00:00;2.487;2.488;2.481;2.486;12.105;ISP.ITEUR
2023-09-22 07:00:00;2.476;2.485;2.463;2.468;76.7552;ISP.ITEUR
2023-09-22 08:00:00;2.468;2.469;2.446;2.461;78.4117;ISP.ITEUR
2023-09-22 09:00:00;2.462;2.474;2.455;2.472;38.3282;ISP.ITEUR
2023-09-22 10:00:00;2.472;2.474;2.467;2.471;32.9018;ISP.ITEUR
2023-09-22 11:00:00;2.471;2.474;2.467;2.471;24.9747;ISP.ITEUR
2023-09-22 12:00:00;2.474;2.477;2.465;2.465;23.8474;ISP.ITEUR
2023-09-22 13:00:00;2.466;2.472;2.455;2.46;36.5236;ISP.ITEUR
2023-09-22 14:00:00;2.463;2.469;2.457;2.459;34.1356;ISP.ITEUR
2023-09-22 15:00:00;2.459;2.461;2.451;2.46;15.6612;ISP.ITEUR
2023-09-25 07:00:00;2.464;2.491;2.46;2.48;68.7064;ISP.ITEUR
2023-09-25 08:00:00;2.479;2.483;2.456;2.464;67.9799;ISP.ITEUR
2023-09-25 09:00:00;2.464;2.476;2.459;2.474;46.1029;ISP.ITEUR
2023-09-25 10:00:00;2.472;2.476;2.466;2.47;35.0667;ISP.ITEUR
2023-09-25 11:00:00;2.472;2.475;2.461;2.463;34.3315;ISP.ITEUR
2023-09-25 12:00:00;2.463;2.465;2.456;2.459;33.7962;ISP.ITEUR
2023-09-25 13:00:00;2.46;2.461;2.436;2.445;50.7336;ISP.ITEUR
2023-09-25 14:00:00;2.444;2.447;2.435;2.436;34.3352;ISP.ITEUR
2023-09-25 15:00:00;2.437;2.45;2.436;2.449;9.8278;ISP.ITEUR
2023-09-26 07:00:00;2.445;2.446;2.411;2.423;68.113;ISP.ITEUR
2023-09-26 08:00:00;2.423;2.448;2.416;2.447;67.9672;ISP.ITEUR
2023-09-26 09:00:00;2.447;2.451;2.432;2.432;59.3264;ISP.ITEUR
2023-09-26 10:00:00;2.434;2.443;2.431;2.438;45.6026;ISP.ITEUR
2023-09-26 11:00:00;2.439;2.442;2.429;2.432;33.1082;ISP.ITEUR
2023-09-26 12:00:00;2.43;2.436;2.423;2.427;35.669;ISP.ITEUR
2023-09-26 13:00:00;2.429;2.432;2.414;2.424;51.0079;ISP.ITEUR
2023-09-26 14:00:00;2.425;2.43;2.409;2.427;38.9549;ISP.ITEUR
2023-09-26 15:00:00;2.427;2.429;2.421;2.423;15.9065;ISP.ITEUR
2023-09-27 07:00:00;2.42;2.432;2.412;2.431;58.0904;ISP.ITEUR
2023-09-27 08:00:00;2.432;2.439;2.423;2.427;54.3418;ISP.ITEUR
2023-09-27 09:00:00;2.427;2.43;2.42;2.426;30.2339;ISP.ITEUR
2023-09-27 10:00:00;2.426;2.427;2.406;2.41;41.52;ISP.ITEUR
2023-09-27 11:00:00;2.41;2.418;2.408;2.415;36.7053;ISP.ITEUR
2023-09-27 12:00:00;2.416;2.423;2.41;2.422;37.309;ISP.ITEUR
2023-09-27 13:00:00;2.422;2.428;2.416;2.425;34.9693;ISP.ITEUR
2023-09-27 14:00:00;2.425;2.427;2.406;2.409;35.7603;ISP.ITEUR
2023-09-27 15:00:00;2.408;2.421;2.406;2.418;11.1871;ISP.ITEUR
2023-09-28 07:00:00;2.424;2.44;2.415;2.427;55.7567;ISP.ITEUR
2023-09-28 08:00:00;2.429;2.438;2.417;2.43;72.3738;ISP.ITEUR
2023-09-28 09:00:00;2.429;2.436;2.413;2.433;66.439;ISP.ITEUR
2023-09-28 10:00:00;2.435;2.439;2.427;2.439;38.1848;ISP.ITEUR
2023-09-28 11:00:00;2.438;2.445;2.435;2.438;35.6589;ISP.ITEUR
2023-09-28 12:00:00;2.439;2.451;2.436;2.442;36.6107;ISP.ITEUR
2023-09-28 13:00:00;2.441;2.446;2.432;2.437;40.4792;ISP.ITEUR
2023-09-28 14:00:00;2.438;2.452;2.436;2.451;36.0979;ISP.ITEUR
2023-09-28 15:00:00;2.451;2.453;2.446;2.45;12.6715;ISP.ITEUR
2023-09-29 07:00:00;2.45;2.457;2.441;2.451;61.8138;ISP.ITEUR
2023-09-29 08:00:00;2.451;2.454;2.442;2.447;48.5925;ISP.ITEUR
2023-09-29 09:00:00;2.448;2.459;2.446;2.458;35.8404;ISP.ITEUR
2023-09-29 10:00:00;2.457;2.47;2.455;2.465;31.5652;ISP.ITEUR
2023-09-29 11:00:00;2.467;2.47;2.457;2.46;24.1222;ISP.ITEUR
2023-09-29 12:00:00;2.459;2.466;2.457;2.464;24.5607;ISP.ITEUR
2023-09-29 13:00:00;2.465;2.466;2.453;2.454;25.0015;ISP.ITEUR
2023-09-29 14:00:00;2.455;2.456;2.442;2.444;32.264;ISP.ITEUR
2023-09-29 15:00:00;2.446;2.453;2.441;2.447;17.61;ISP.ITEUR
2023-10-02 07:00:00;2.452;2.46;2.446;2.453;64.1581;ISP.ITEUR
2023-10-02 08:00:00;2.452;2.463;2.449;2.455;46.2852;ISP.ITEUR
2023-10-02 09:00:00;2.455;2.455;2.434;2.438;44.0458;ISP.ITEUR
2023-10-02 10:00:00;2.437;2.448;2.435;2.443;41.6457;ISP.ITEUR
2023-10-02 11:00:00;2.442;2.447;2.437;2.44;29.702;ISP.ITEUR
2023-10-02 12:00:00;2.439;2.441;2.432;2.432;34.6819;ISP.ITEUR
2023-10-02 13:00:00;2.433;2.436;2.416;2.418;40.9832;ISP.ITEUR
2023-10-02 14:00:00;2.419;2.425;2.401;2.404;74.5971;ISP.ITEUR
2023-10-02 15:00:00;2.403;2.411;2.402;2.409;25.2667;ISP.ITEUR
2023-10-03 07:00:00;2.402;2.422;2.397;2.419;73.1595;ISP.ITEUR
2023-10-03 08:00:00;2.419;2.433;2.419;2.425;53.3666;ISP.ITEUR
2023-10-03 09:00:00;2.425;2.426;2.406;2.408;41.9529;ISP.ITEUR
2023-10-03 10:00:00;2.409;2.413;2.4;2.401;35.7418;ISP.ITEUR
2023-10-03 11:00:00;2.4;2.402;2.387;2.388;39.5246;ISP.ITEUR
2023-10-03 12:00:00;2.388;2.389;2.372;2.376;47.8491;ISP.ITEUR
2023-10-03 13:00:00;2.375;2.388;2.374;2.386;58.5347;ISP.ITEUR
2023-10-03 14:00:00;2.387;2.388;2.378;2.385;59.7028;ISP.ITEUR
2023-10-03 15:00:00;2.384;2.386;2.379;2.386;18.1301;ISP.ITEUR
2023-10-04 07:00:00;2.363;2.372;2.346;2.368;82.7367;ISP.ITEUR
2023-10-04 08:00:00;2.367;2.377;2.361;2.365;71.8057;ISP.ITEUR
2023-10-04 09:00:00;2.365;2.375;2.364;2.375;52.9489;ISP.ITEUR
2023-10-04 10:00:00;2.375;2.379;2.37;2.373;36.2664;ISP.ITEUR
2023-10-04 11:00:00;2.374;2.377;2.367;2.37;33.5695;ISP.ITEUR
2023-10-04 12:00:00;2.369;2.374;2.367;2.368;44.0647;ISP.ITEUR
2023-10-04 13:00:00;2.368;2.369;2.353;2.354;42.1042;ISP.ITEUR
2023-10-04 14:00:00;2.352;2.363;2.35;2.358;48.0393;ISP.ITEUR
2023-10-04 15:00:00;2.357;2.368;2.357;2.366;9.2473;ISP.ITEUR
2023-10-05 07:00:00;2.383;2.385;2.36;2.368;74.5388;ISP.ITEUR
2023-10-05 08:00:00;2.369;2.375;2.354;2.355;41.3427;ISP.ITEUR
2023-10-05 09:00:00;2.354;2.355;2.344;2.352;47.3605;ISP.ITEUR
2023-10-05 10:00:00;2.352;2.362;2.351;2.361;35.8598;ISP.ITEUR
2023-10-05 11:00:00;2.362;2.366;2.359;2.365;30.9465;ISP.ITEUR
2023-10-05 12:00:00;2.364;2.368;2.358;2.359;33.9876;ISP.ITEUR
2023-10-05 13:00:00;2.359;2.366;2.351;2.366;44.4649;ISP.ITEUR
2023-10-05 14:00:00;2.367;2.374;2.36;2.37;36.9207;ISP.ITEUR
2023-10-05 15:00:00;2.369;2.369;2.363;2.366;11.8161;ISP.ITEUR
2023-10-06 07:00:00;2.366;2.395;2.366;2.394;58.3062;ISP.ITEUR
2023-10-06 08:00:00;2.394;2.398;2.388;2.393;44.4578;ISP.ITEUR
2023-10-06 09:00:00;2.392;2.399;2.388;2.397;31.032;ISP.ITEUR
2023-10-06 10:00:00;2.396;2.402;2.396;2.398;26.1933;ISP.ITEUR
2023-10-06 11:00:00;2.397;2.403;2.397;2.402;22.4827;ISP.ITEUR
2023-10-06 12:00:00;2.401;2.404;2.376;2.379;63.3866;ISP.ITEUR
2023-10-06 13:00:00;2.379;2.394;2.375;2.381;70.6507;ISP.ITEUR
2023-10-06 14:00:00;2.38;2.387;2.364;2.385;55.498;ISP.ITEUR
2023-10-06 15:00:00;2.385;2.4;2.384;2.399;18.5769;ISP.ITEUR
2023-10-09 07:00:00;2.373;2.375;2.342;2.367;88.8225;ISP.ITEUR
2023-10-09 08:00:00;2.366;2.38;2.364;2.379;64.7312;ISP.ITEUR
2023-10-09 09:00:00;2.381;2.387;2.373;2.378;30.9165;ISP.ITEUR
2023-10-09 10:00:00;2.379;2.382;2.376;2.376;17.1153;ISP.ITEUR
2023-10-09 11:00:00;2.376;2.378;2.363;2.366;14.1938;ISP.ITEUR
2023-10-09 12:00:00;2.365;2.372;2.305;2.358;13.0405;ISP.ITEUR
2023-10-09 13:00:00;2.357;2.371;2.356;2.371;30.9355;ISP.ITEUR
2023-10-09 14:00:00;2.371;2.373;2.363;2.363;23.1054;ISP.ITEUR
2023-10-09 15:00:00;2.364;2.372;2.364;2.369;6.3032;ISP.ITEUR
2023-10-10 07:00:00;2.402;2.415;2.399;2.406;63.5368;ISP.ITEUR
2023-10-10 08:00:00;2.408;2.418;2.403;2.415;45.8756;ISP.ITEUR
2023-10-10 09:00:00;2.414;2.416;2.402;2.406;36.0673;ISP.ITEUR
2023-10-10 10:00:00;2.406;2.414;2.404;2.409;21.7734;ISP.ITEUR
2023-10-10 11:00:00;2.411;2.417;2.409;2.414;22.9588;ISP.ITEUR
2023-10-10 12:00:00;2.414;2.417;2.408;2.414;21.7318;ISP.ITEUR
2023-10-10 13:00:00;2.415;2.427;2.413;2.424;29.0821;ISP.ITEUR
2023-10-10 14:00:00;2.424;2.433;2.422;2.426;28.0651;ISP.ITEUR
2023-10-10 15:00:00;2.425;2.429;2.422;2.427;5.8211;ISP.ITEUR
2023-10-11 07:00:00;2.425;2.427;2.413;2.417;56.502;ISP.ITEUR
2023-10-11 08:00:00;2.418;2.421;2.405;2.416;40.2103;ISP.ITEUR
2023-10-11 09:00:00;2.417;2.424;2.411;2.419;31.2687;ISP.ITEUR
2023-10-11 10:00:00;2.42;2.426;2.419;2.425;17.9176;ISP.ITEUR
2023-10-11 11:00:00;2.424;2.436;2.422;2.432;15.9871;ISP.ITEUR
2023-10-11 12:00:00;2.433;2.446;2.431;2.443;30.644;ISP.ITEUR
2023-10-11 13:00:00;2.446;2.451;2.441;2.445;28.6159;ISP.ITEUR
2023-10-11 14:00:00;2.448;2.449;2.439;2.449;21.949;ISP.ITEUR
2023-10-11 15:00:00;2.45;2.451;2.441;2.445;12.6463;ISP.ITEUR
2023-10-12 07:00:00;2.459;2.465;2.453;2.455;46.3103;ISP.ITEUR
2023-10-12 08:00:00;2.456;2.462;2.453;2.458;32.3561;ISP.ITEUR
2023-10-12 09:00:00;2.457;2.469;2.455;2.466;41.8064;ISP.ITEUR
2023-10-12 10:00:00;2.467;2.473;2.464;2.47;15.5088;ISP.ITEUR
2023-10-12 11:00:00;2.47;2.471;2.46;2.463;17.8641;ISP.ITEUR
2023-10-12 12:00:00;2.463;2.47;2.457;2.458;32.2026;ISP.ITEUR
2023-10-12 13:00:00;2.457;2.459;2.445;2.446;32.4136;ISP.ITEUR
2023-10-12 14:00:00;2.446;2.453;2.442;2.448;29.1324;ISP.ITEUR
2023-10-12 15:00:00;2.449;2.449;2.443;2.448;7.2152;ISP.ITEUR
2023-10-13 07:00:00;2.44;2.449;2.437;2.438;54.1001;ISP.ITEUR
2023-10-13 08:00:00;2.439;2.441;2.423;2.426;34.4603;ISP.ITEUR
2023-10-13 09:00:00;2.425;2.426;2.396;2.4;47.0466;ISP.ITEUR
2023-10-13 10:00:00;2.399;2.411;2.398;2.411;59.1767;ISP.ITEUR
2023-10-13 11:00:00;2.41;2.417;2.406;2.408;38.0358;ISP.ITEUR
2023-10-13 12:00:00;2.408;2.414;2.4;2.413;35.198;ISP.ITEUR
2023-10-13 13:00:00;2.412;2.421;2.407;2.411;43.5797;ISP.ITEUR
2023-10-13 14:00:00;2.411;2.411;2.4;2.405;45.5281;ISP.ITEUR
2023-10-13 15:00:00;2.404;2.406;2.4;2.402;16.0414;ISP.ITEUR
2023-10-16 07:00:00;2.418;2.419;2.396;2.399;48.7532;ISP.ITEUR
2023-10-16 08:00:00;2.397;2.418;2.393;2.411;45.6988;ISP.ITEUR
2023-10-16 09:00:00;2.411;2.422;2.41;2.418;41.7232;ISP.ITEUR
2023-10-16 10:00:00;2.417;2.426;2.412;2.426;28.6221;ISP.ITEUR
2023-10-16 11:00:00;2.425;2.427;2.421;2.421;25.0586;ISP.ITEUR
2023-10-16 12:00:00;2.422;2.426;2.416;2.424;25.6695;ISP.ITEUR
2023-10-16 13:00:00;2.424;2.426;2.421;2.422;24.8901;ISP.ITEUR
2023-10-16 14:00:00;2.422;2.427;2.419;2.426;39.006;ISP.ITEUR
2023-10-16 15:00:00;2.425;2.426;2.415;2.416;10.0797;ISP.ITEUR
2023-10-17 07:00:00;2.422;2.438;2.422;2.434;45.4556;ISP.ITEUR
2023-10-17 08:00:00;2.435;2.436;2.417;2.42;46.9693;ISP.ITEUR
2023-10-17 09:00:00;2.421;2.43;2.42;2.424;30.3277;ISP.ITEUR
2023-10-17 10:00:00;2.425;2.428;2.415;2.427;33.4742;ISP.ITEUR
2023-10-17 11:00:00;2.427;2.428;2.416;2.419;31.3833;ISP.ITEUR
2023-10-17 12:00:00;2.419;2.421;2.413;2.415;28.225;ISP.ITEUR
2023-10-17 13:00:00;2.416;2.422;2.412;2.417;40.2437;ISP.ITEUR
2023-10-17 14:00:00;2.416;2.422;2.412;2.42;33.8798;ISP.ITEUR
2023-10-17 15:00:00;2.422;2.428;2.419;2.426;8.5599;ISP.ITEUR
2023-10-18 07:00:00;2.425;2.429;2.416;2.426;52.4354;ISP.ITEUR
2023-10-18 08:00:00;2.426;2.431;2.417;2.429;41.9155;ISP.ITEUR
2023-10-18 09:00:00;2.429;2.431;2.42;2.421;28.6941;ISP.ITEUR
2023-10-18 10:00:00;2.423;2.425;2.407;2.41;32.478;ISP.ITEUR
2023-10-18 11:00:00;2.408;2.412;2.404;2.41;28.9075;ISP.ITEUR
2023-10-18 12:00:00;2.411;2.417;2.405;2.408;26.6624;ISP.ITEUR
2023-10-18 13:00:00;2.408;2.408;2.395;2.396;36.1804;ISP.ITEUR
2023-10-18 14:00:00;2.397;2.405;2.391;2.401;40.4604;ISP.ITEUR
2023-10-18 15:00:00;2.399;2.404;2.394;2.401;15.8155;ISP.ITEUR
2023-10-19 07:00:00;2.39;2.392;2.367;2.373;79.886;ISP.ITEUR
2023-10-19 08:00:00;2.373;2.38;2.365;2.369;59.0218;ISP.ITEUR
2023-10-19 09:00:00;2.368;2.384;2.366;2.382;34.6816;ISP.ITEUR
2023-10-19 10:00:00;2.382;2.39;2.378;2.388;29.9461;ISP.ITEUR
2023-10-19 11:00:00;2.388;2.389;2.377;2.379;27.4929;ISP.ITEUR
2023-10-19 12:00:00;2.379;2.381;2.369;2.373;23.2973;ISP.ITEUR
2023-10-19 13:00:00;2.373;2.377;2.367;2.37;37.2885;ISP.ITEUR
2023-10-19 14:00:00;2.37;2.371;2.363;2.368;30.7142;ISP.ITEUR
2023-10-19 15:00:00;2.367;2.374;2.367;2.371;13.3716;ISP.ITEUR
2023-10-20 07:00:00;2.342;2.346;2.33;2.342;81.5492;ISP.ITEUR
2023-10-20 08:00:00;2.341;2.353;2.339;2.342;44.1507;ISP.ITEUR
2023-10-20 09:00:00;2.342;2.356;2.339;2.352;45.693;ISP.ITEUR
2023-10-20 10:00:00;2.352;2.353;2.34;2.345;39.7185;ISP.ITEUR
2023-10-20 11:00:00;2.346;2.35;2.341;2.344;39.99;ISP.ITEUR
2023-10-20 12:00:00;2.344;2.346;2.337;2.342;33.4237;ISP.ITEUR
2023-10-20 13:00:00;2.343;2.354;2.34;2.348;40.0384;ISP.ITEUR
2023-10-20 14:00:00;2.348;2.349;2.335;2.343;39.3591;ISP.ITEUR
2023-10-20 15:00:00;2.343;2.346;2.339;2.343;13.9053;ISP.ITEUR
2023-10-23 07:00:00;2.358;2.364;2.335;2.335;73.7482;ISP.ITEUR
2023-10-23 08:00:00;2.335;2.348;2.332;2.347;67.9921;ISP.ITEUR
2023-10-23 09:00:00;2.348;2.354;2.334;2.334;50.4697;ISP.ITEUR
2023-10-23 10:00:00;2.334;2.346;2.334;2.345;40.6863;ISP.ITEUR
2023-10-23 11:00:00;2.345;2.352;2.342;2.346;33.5791;ISP.ITEUR
2023-10-23 12:00:00;2.345;2.349;2.341;2.341;35.2652;ISP.ITEUR
2023-10-23 13:00:00;2.342;2.348;2.339;2.347;45.2141;ISP.ITEUR
2023-10-23 14:00:00;2.346;2.364;2.346;2.364;35.0974;ISP.ITEUR
2023-10-23 15:00:00;2.363;2.373;2.361;2.37;13.1884;ISP.ITEUR
2023-10-24 07:00:00;2.371;2.375;2.354;2.364;69.2775;ISP.ITEUR
2023-10-24 08:00:00;2.365;2.367;2.345;2.362;47.191;ISP.ITEUR
2023-10-24 09:00:00;2.361;2.375;2.358;2.373;34.5204;ISP.ITEUR
2023-10-24 10:00:00;2.373;2.376;2.366;2.369;23.8644;ISP.ITEUR
2023-10-24 11:00:00;2.37;2.373;2.365;2.369;18.4804;ISP.ITEUR
2023-10-24 12:00:00;2.368;2.373;2.365;2.369;15.1919;ISP.ITEUR
2023-10-24 13:00:00;2.369;2.373;2.355;2.362;37.1419;ISP.ITEUR
2023-10-24 14:00:00;2.363;2.368;2.359;2.365;34.0585;ISP.ITEUR
2023-10-24 15:00:00;2.364;2.365;2.356;2.358;11.8509;ISP.ITEUR
2023-10-25 07:00:00;2.345;2.352;2.337;2.348;58.1288;ISP.ITEUR
2023-10-25 08:00:00;2.348;2.352;2.334;2.344;42.3371;ISP.ITEUR
2023-10-25 09:00:00;2.342;2.348;2.335;2.339;35.4524;ISP.ITEUR
2023-10-25 10:00:00;2.34;2.351;2.334;2.348;22.3361;ISP.ITEUR
2023-10-25 11:00:00;2.349;2.353;2.343;2.343;22.2835;ISP.ITEUR
2023-10-25 12:00:00;2.345;2.354;2.345;2.348;19.9003;ISP.ITEUR
2023-10-25 13:00:00;2.347;2.354;2.341;2.345;26.8503;ISP.ITEUR
2023-10-25 14:00:00;2.344;2.35;2.335;2.349;32.3522;ISP.ITEUR
2023-10-25 15:00:00;2.349;2.358;2.348;2.353;17.053;ISP.ITEUR
2023-10-26 07:00:00;2.327;2.335;2.319;2.332;66.7735;ISP.ITEUR
2023-10-26 08:00:00;2.332;2.332;2.312;2.315;48.8057;ISP.ITEUR
2023-10-26 09:00:00;2.314;2.334;2.312;2.327;38.1074;ISP.ITEUR
2023-10-26 10:00:00;2.326;2.331;2.321;2.326;39.4992;ISP.ITEUR
2023-10-26 11:00:00;2.325;2.327;2.319;2.326;21.5723;ISP.ITEUR
2023-10-26 12:00:00;2.325;2.356;2.325;2.353;44.2832;ISP.ITEUR
2023-10-26 13:00:00;2.354;2.365;2.348;2.36;52.775;ISP.ITEUR
2023-10-26 14:00:00;2.36;2.369;2.351;2.369;38.1128;ISP.ITEUR
2023-10-26 15:00:00;2.368;2.37;2.362;2.366;12.7073;ISP.ITEUR
2023-10-27 07:00:00;2.384;2.384;2.364;2.382;53.2362;ISP.ITEUR
2023-10-27 08:00:00;2.381;2.401;2.38;2.399;43.1356;ISP.ITEUR
2023-10-27 09:00:00;2.4;2.401;2.387;2.391;24.2017;ISP.ITEUR
2023-10-27 10:00:00;2.392;2.396;2.386;2.387;30.6339;ISP.ITEUR
2023-10-27 11:00:00;2.388;2.389;2.376;2.377;39.4152;ISP.ITEUR
2023-10-27 12:00:00;2.378;2.394;2.373;2.39;34.0265;ISP.ITEUR
2023-10-27 13:00:00;2.391;2.398;2.379;2.384;36.5043;ISP.ITEUR
2023-10-27 14:00:00;2.386;2.39;2.368;2.375;52.7568;ISP.ITEUR
2023-10-27 15:00:00;2.376;2.38;2.371;2.377;14.8244;ISP.ITEUR
2023-10-30 08:00:00;2.387;2.396;2.373;2.39;63.5257;ISP.ITEUR
2023-10-30 09:00:00;2.39;2.4;2.388;2.392;34.7928;ISP.ITEUR
2023-10-30 10:00:00;2.392;2.4;2.387;2.398;33.0628;ISP.ITEUR
2023-10-30 11:00:00;2.399;2.406;2.395;2.403;25.6704;ISP.ITEUR
2023-10-30 12:00:00;2.404;2.407;2.398;2.4;23.2767;ISP.ITEUR
2023-10-30 13:00:00;2.4;2.41;2.397;2.408;35.6237;ISP.ITEUR
2023-10-30 14:00:00;2.409;2.409;2.397;2.404;34.5562;ISP.ITEUR
2023-10-30 15:00:00;2.405;2.409;2.399;2.402;33.1051;ISP.ITEUR
2023-10-30 16:00:00;2.402;2.406;2.4;2.404;12.4315;ISP.ITEUR
2023-10-31 08:00:00;2.411;2.441;2.41;2.44;64.1792;ISP.ITEUR
2023-10-31 09:00:00;2.439;2.448;2.436;2.445;53.3085;ISP.ITEUR
2023-10-31 10:00:00;2.444;2.455;2.442;2.453;41.4789;ISP.ITEUR
2023-10-31 11:00:00;2.453;2.463;2.453;2.458;35.6736;ISP.ITEUR
2023-10-31 12:00:00;2.457;2.461;2.452;2.454;37.7836;ISP.ITEUR
2023-10-31 13:00:00;2.455;2.457;2.445;2.449;42.4318;ISP.ITEUR
2023-10-31 14:00:00;2.449;2.458;2.445;2.45;37.949;ISP.ITEUR
2023-10-31 15:00:00;2.45;2.452;2.443;2.447;22.3524;ISP.ITEUR
2023-10-31 16:00:00;2.445;2.454;2.445;2.453;14.9013;ISP.ITEUR
2023-11-01 08:00:00;2.477;2.49;2.472;2.476;55.6408;ISP.ITEUR
2023-11-01 09:00:00;2.477;2.481;2.472;2.473;31.0327;ISP.ITEUR
2023-11-01 10:00:00;2.474;2.477;2.464;2.476;38.803;ISP.ITEUR
2023-11-01 11:00:00;2.476;2.478;2.466;2.469;22.4881;ISP.ITEUR
2023-11-01 12:00:00;2.468;2.479;2.468;2.478;28.5684;ISP.ITEUR
2023-11-01 13:00:00;2.477;2.498;2.476;2.496;27.815;ISP.ITEUR
2023-11-01 14:00:00;2.497;2.505;2.491;2.504;41.5649;ISP.ITEUR
2023-11-01 15:00:00;2.503;2.505;2.488;2.497;31.4943;ISP.ITEUR
2023-11-01 16:00:00;2.497;2.499;2.489;2.494;11.7995;ISP.ITEUR
2023-11-02 08:00:00;2.505;2.528;2.505;2.526;73.0434;ISP.ITEUR
2023-11-02 09:00:00;2.526;2.536;2.525;2.536;53.1785;ISP.ITEUR
2023-11-02 10:00:00;2.535;2.536;2.524;2.53;40.4922;ISP.ITEUR
2023-11-02 11:00:00;2.529;2.533;2.514;2.518;40.0717;ISP.ITEUR
2023-11-02 12:00:00;2.517;2.523;2.514;2.518;25.8209;ISP.ITEUR
2023-11-02 13:00:00;2.517;2.526;2.513;2.525;31.2813;ISP.ITEUR
2023-11-02 14:00:00;2.525;2.532;2.521;2.53;28.4049;ISP.ITEUR
2023-11-02 15:00:00;2.529;2.533;2.524;2.526;17.8713;ISP.ITEUR
2023-11-02 16:00:00;2.527;2.528;2.522;2.523;9.2677;ISP.ITEUR
2023-11-03 08:00:00;2.544;2.546;2.535;2.538;52.9274;ISP.ITEUR
2023-11-03 09:00:00;2.537;2.539;2.53;2.537;36.9813;ISP.ITEUR
2023-11-03 10:00:00;2.537;2.541;2.524;2.534;38.2331;ISP.ITEUR
2023-11-03 11:00:00;2.533;2.585;2.528;2.579;53.201;ISP.ITEUR
2023-11-03 12:00:00;2.579;2.583;2.555;2.556;57.1672;ISP.ITEUR
2023-11-03 13:00:00;2.557;2.592;2.552;2.58;45.1732;ISP.ITEUR
2023-11-03 14:00:00;2.581;2.583;2.564;2.571;44.8564;ISP.ITEUR
2023-11-03 15:00:00;2.571;2.573;2.555;2.558;27.5526;ISP.ITEUR
2023-11-03 16:00:00;2.558;2.563;2.556;2.559;15.2387;ISP.ITEUR
2023-11-06 08:00:00;2.592;2.597;2.582;2.593;64.1636;ISP.ITEUR
2023-11-06 09:00:00;2.593;2.608;2.591;2.6;38.895;ISP.ITEUR
2023-11-06 10:00:00;2.6;2.608;2.593;2.595;36.1347;ISP.ITEUR
2023-11-06 11:00:00;2.596;2.6;2.589;2.593;19.6086;ISP.ITEUR
2023-11-06 12:00:00;2.592;2.598;2.589;2.595;24.8187;ISP.ITEUR
2023-11-06 13:00:00;2.595;2.595;2.586;2.593;22.7927;ISP.ITEUR
2023-11-06 14:00:00;2.593;2.595;2.581;2.582;25.862;ISP.ITEUR
2023-11-06 15:00:00;2.581;2.581;2.567;2.574;29.9423;ISP.ITEUR
2023-11-06 16:00:00;2.574;2.576;2.57;2.571;10.0589;ISP.ITEUR
2023-11-07 08:00:00;2.567;2.58;2.56;2.574;53.2822;ISP.ITEUR
2023-11-07 09:00:00;2.574;2.578;2.564;2.57;36.4272;ISP.ITEUR
2023-11-07 10:00:00;2.57;2.575;2.567;2.568;26.5982;ISP.ITEUR
2023-11-07 11:00:00;2.567;2.568;2.558;2.563;24.0486;ISP.ITEUR
2023-11-07 12:00:00;2.563;2.564;2.555;2.559;19.4213;ISP.ITEUR
2023-11-07 13:00:00;2.559;2.562;2.55;2.558;25.0292;ISP.ITEUR
2023-11-07 14:00:00;2.558;2.561;2.554;2.558;27.8349;ISP.ITEUR
2023-11-07 15:00:00;2.559;2.569;2.557;2.567;19.8162;ISP.ITEUR
2023-11-07 16:00:00;2.566;2.566;2.557;2.56;15.4178;ISP.ITEUR
2023-11-08 08:00:00;2.551;2.555;2.541;2.546;68.5567;ISP.ITEUR
2023-11-08 09:00:00;2.546;2.547;2.537;2.542;37.6667;ISP.ITEUR
2023-11-08 10:00:00;2.542;2.564;2.542;2.561;39.0639;ISP.ITEUR
2023-11-08 11:00:00;2.56;2.573;2.558;2.57;33.774;ISP.ITEUR
2023-11-08 12:00:00;2.569;2.579;2.569;2.575;27.1113;ISP.ITEUR
2023-11-08 13:00:00;2.574;2.578;2.567;2.576;28.4169;ISP.ITEUR
2023-11-08 14:00:00;2.576;2.589;2.576;2.583;31.2915;ISP.ITEUR
2023-11-08 15:00:00;2.583;2.585;2.572;2.574;27.8438;ISP.ITEUR
2023-11-08 16:00:00;2.575;2.576;2.569;2.57;7.0508;ISP.ITEUR
2023-11-09 08:00:00;2.577;2.583;2.564;2.566;65.2522;ISP.ITEUR
2023-11-09 09:00:00;2.566;2.58;2.565;2.578;32.9223;ISP.ITEUR
2023-11-09 10:00:00;2.578;2.584;2.576;2.579;26.6856;ISP.ITEUR
2023-11-09 11:00:00;2.58;2.58;2.57;2.575;26.8899;ISP.ITEUR
2023-11-09 12:00:00;2.576;2.578;2.566;2.57;14.9309;ISP.ITEUR
2023-11-09 13:00:00;2.571;2.576;2.57;2.572;20.1419;ISP.ITEUR
2023-11-09 14:00:00;2.572;2.58;2.57;2.579;26.032;ISP.ITEUR
2023-11-09 15:00:00;2.58;2.58;2.57;2.576;27.6721;ISP.ITEUR
2023-11-09 16:00:00;2.576;2.58;2.575;2.576;12.1762;ISP.ITEUR
2023-11-10 08:00:00;2.57;2.584;2.567;2.577;55.6919;ISP.ITEUR
2023-11-10 09:00:00;2.576;2.58;2.57;2.577;28.9654;ISP.ITEUR
2023-11-10 10:00:00;2.577;2.577;2.566;2.572;28.9557;ISP.ITEUR
2023-11-10 11:00:00;2.571;2.574;2.562;2.573;25.9956;ISP.ITEUR
2023-11-10 12:00:00;2.572;2.576;2.568;2.57;36.8076;ISP.ITEUR
2023-11-10 13:00:00;2.571;2.575;2.564;2.568;21.9435;ISP.ITEUR
2023-11-10 14:00:00;2.567;2.569;2.558;2.56;23.8694;ISP.ITEUR
2023-11-10 15:00:00;2.561;2.563;2.553;2.562;26.0222;ISP.ITEUR
2023-11-10 16:00:00;2.561;2.569;2.559;2.566;11.3632;ISP.ITEUR
2023-11-13 08:00:00;2.587;2.593;2.584;2.591;45.3667;ISP.ITEUR
2023-11-13 09:00:00;2.591;2.598;2.59;2.594;30.7492;ISP.ITEUR
2023-11-13 10:00:00;2.593;2.598;2.587;2.595;21.2892;ISP.ITEUR
2023-11-13 11:00:00;2.596;2.596;2.589;2.594;19.8937;ISP.ITEUR
2023-11-13 12:00:00;2.595;2.598;2.594;2.594;11.7889;ISP.ITEUR
2023-11-13 13:00:00;2.593;2.597;2.592;2.596;14.4949;ISP.ITEUR
2023-11-13 14:00:00;2.597;2.598;2.587;2.595;20.4697;ISP.ITEUR
2023-11-13 15:00:00;2.595;2.601;2.595;2.6;13.1426;ISP.ITEUR
2023-11-13 16:00:00;2.6;2.6;2.597;2.599;7.2225;ISP.ITEUR
2023-11-14 08:00:00;2.621;2.628;2.611;2.626;45.0169;ISP.ITEUR
2023-11-14 09:00:00;2.626;2.629;2.619;2.621;32.5491;ISP.ITEUR
2023-11-14 10:00:00;2.621;2.629;2.615;2.618;28.0425;ISP.ITEUR
2023-11-14 11:00:00;2.618;2.62;2.612;2.62;20.5689;ISP.ITEUR
2023-11-14 12:00:00;2.621;2.623;2.616;2.623;21.9743;ISP.ITEUR
2023-11-14 13:00:00;2.624;2.633;2.597;2.599;54.308;ISP.ITEUR
2023-11-14 14:00:00;2.6;2.622;2.594;2.62;48.0562;ISP.ITEUR
2023-11-14 15:00:00;2.619;2.628;2.618;2.626;32.0348;ISP.ITEUR
2023-11-14 16:00:00;2.625;2.628;2.624;2.628;9.4027;ISP.ITEUR
2023-11-15 08:00:00;2.649;2.663;2.645;2.652;61.8249;ISP.ITEUR
2023-11-15 09:00:00;2.653;2.654;2.642;2.646;40.169;ISP.ITEUR
2023-11-15 10:00:00;2.645;2.652;2.643;2.65;29.3249;ISP.ITEUR
2023-11-15 11:00:00;2.649;2.655;2.647;2.652;20.2334;ISP.ITEUR
2023-11-15 12:00:00;2.652;2.657;2.649;2.651;24.2087;ISP.ITEUR
2023-11-15 13:00:00;2.651;2.654;2.647;2.651;31.11;ISP.ITEUR
2023-11-15 14:00:00;2.652;2.654;2.646;2.649;29.3512;ISP.ITEUR
2023-11-15 15:00:00;2.649;2.653;2.647;2.649;23.567;ISP.ITEUR
2023-11-15 16:00:00;2.65;2.651;2.647;2.65;4.3418;ISP.ITEUR
2023-11-16 08:00:00;2.652;2.655;2.643;2.651;53.2898;ISP.ITEUR
2023-11-16 09:00:00;2.651;2.652;2.645;2.65;34.4842;ISP.ITEUR
2023-11-16 10:00:00;2.651;2.654;2.647;2.649;29.338;ISP.ITEUR
2023-11-16 11:00:00;2.649;2.653;2.647;2.65;22.2814;ISP.ITEUR
2023-11-16 12:00:00;2.65;2.656;2.647;2.653;19.85;ISP.ITEUR
2023-11-16 13:00:00;2.654;2.656;2.651;2.655;22.9446;ISP.ITEUR
2023-11-16 14:00:00;2.655;2.656;2.644;2.646;30.0936;ISP.ITEUR
2023-11-16 15:00:00;2.646;2.647;2.641;2.644;18.5842;ISP.ITEUR
2023-11-16 16:00:00;2.643;2.645;2.64;2.643;8.9174;ISP.ITEUR
2023-11-17 08:00:00;2.653;2.661;2.649;2.655;31.9336;ISP.ITEUR
2023-11-17 09:00:00;2.656;2.663;2.655;2.659;30.6441;ISP.ITEUR
2023-11-17 10:00:00;2.659;2.666;2.658;2.665;31.953;ISP.ITEUR
2023-11-17 11:00:00;2.664;2.665;2.659;2.664;20.9359;ISP.ITEUR
2023-11-17 12:00:00;2.663;2.664;2.658;2.661;18.2147;ISP.ITEUR
2023-11-17 13:00:00;2.66;2.664;2.658;2.663;17.9623;ISP.ITEUR
2023-11-17 14:00:00;2.664;2.671;2.663;2.665;22.1317;ISP.ITEUR
2023-11-17 15:00:00;2.667;2.671;2.665;2.67;16.2611;ISP.ITEUR
2023-11-17 16:00:00;2.67;2.673;2.667;2.673;5.9692;ISP.ITEUR
2023-11-20 08:00:00;2.599;2.603;2.564;2.564;65.9587;ISP.ITEUR
2023-11-20 09:00:00;2.566;2.576;2.561;2.567;46.3709;ISP.ITEUR
2023-11-20 10:00:00;2.568;2.574;2.565;2.569;28.0665;ISP.ITEUR
2023-11-20 11:00:00;2.571;2.581;2.567;2.579;19.3585;ISP.ITEUR
2023-11-20 12:00:00;2.58;2.582;2.57;2.572;15.5961;ISP.ITEUR
2023-11-20 13:00:00;2.573;2.574;2.564;2.574;20.5668;ISP.ITEUR
2023-11-20 14:00:00;2.573;2.578;2.565;2.566;19.7112;ISP.ITEUR
2023-11-20 15:00:00;2.567;2.572;2.565;2.568;13.9137;ISP.ITEUR
2023-11-20 16:00:00;2.569;2.569;2.564;2.567;5.4429;ISP.ITEUR
2023-11-21 08:00:00;2.553;2.555;2.539;2.548;44.465;ISP.ITEUR
2023-11-21 09:00:00;2.547;2.548;2.537;2.537;24.5084;ISP.ITEUR
2023-11-21 10:00:00;2.537;2.537;2.518;2.52;34.35;ISP.ITEUR
2023-11-21 11:00:00;2.521;2.525;2.515;2.525;21.9483;ISP.ITEUR
2023-11-21 12:00:00;2.525;2.526;2.517;2.518;21.1114;ISP.ITEUR
2023-11-21 13:00:00;2.517;2.525;2.517;2.524;15.605;ISP.ITEUR
2023-11-21 14:00:00;2.524;2.529;2.521;2.523;13.5634;ISP.ITEUR
2023-11-21 15:00:00;2.523;2.527;2.52;2.526;11.8996;ISP.ITEUR
2023-11-21 16:00:00;2.527;2.527;2.522;2.525;5.5116;ISP.ITEUR
2023-11-22 08:00:00;2.534;2.557;2.534;2.557;47.1159;ISP.ITEUR
2023-11-22 09:00:00;2.556;2.561;2.549;2.551;25.7438;ISP.ITEUR
2023-11-22 10:00:00;2.55;2.563;2.55;2.563;18.244;ISP.ITEUR
2023-11-22 11:00:00;2.562;2.564;2.544;2.546;27.391;ISP.ITEUR
2023-11-22 12:00:00;2.548;2.554;2.545;2.549;14.3801;ISP.ITEUR
2023-11-22 13:00:00;2.548;2.553;2.544;2.547;20.8515;ISP.ITEUR
2023-11-22 14:00:00;2.55;2.55;2.537;2.539;17.4202;ISP.ITEUR
2023-11-22 15:00:00;2.54;2.547;2.538;2.543;16.8126;ISP.ITEUR
2023-11-22 16:00:00;2.542;2.542;2.536;2.536;7.931;ISP.ITEUR
2023-11-23 08:00:00;2.535;2.554;2.532;2.543;42.69;ISP.ITEUR
2023-11-23 09:00:00;2.543;2.548;2.538;2.54;26.022;ISP.ITEUR
2023-11-23 10:00:00;2.538;2.543;2.536;2.541;19.3126;ISP.ITEUR
2023-11-23 11:00:00;2.54;2.542;2.534;2.538;16.9871;ISP.ITEUR
2023-11-23 12:00:00;2.537;2.548;2.535;2.548;11.6522;ISP.ITEUR
2023-11-23 13:00:00;2.547;2.554;2.545;2.553;11.5732;ISP.ITEUR
2023-11-23 14:00:00;2.553;2.562;2.549;2.562;12.7352;ISP.ITEUR
2023-11-23 15:00:00;2.561;2.564;2.559;2.562;11.2063;ISP.ITEUR
2023-11-23 16:00:00;2.561;2.562;2.554;2.558;8.1972;ISP.ITEUR
2023-11-24 08:00:00;2.561;2.578;2.559;2.575;32.4911;ISP.ITEUR
2023-11-24 09:00:00;2.576;2.586;2.572;2.581;25.7483;ISP.ITEUR
2023-11-24 10:00:00;2.581;2.596;2.58;2.594;18.9039;ISP.ITEUR
2023-11-24 11:00:00;2.593;2.595;2.588;2.588;10.9868;ISP.ITEUR
2023-11-24 12:00:00;2.59;2.594;2.588;2.59;12.8098;ISP.ITEUR
2023-11-24 13:00:00;2.591;2.597;2.588;2.596;10.7552;ISP.ITEUR
2023-11-24 14:00:00;2.597;2.601;2.593;2.599;15.4861;ISP.ITEUR
2023-11-24 15:00:00;2.599;2.603;2.595;2.601;12.1491;ISP.ITEUR
2023-11-24 16:00:00;2.6;2.601;2.593;2.598;5.2841;ISP.ITEUR
2023-11-27 08:00:00;2.595;2.599;2.585;2.589;33.6927;ISP.ITEUR
2023-11-27 09:00:00;2.59;2.591;2.586;2.589;19.5835;ISP.ITEUR
2023-11-27 10:00:00;2.59;2.599;2.589;2.598;15.5505;ISP.ITEUR
2023-11-27 11:00:00;2.597;2.599;2.595;2.595;12.5327;ISP.ITEUR
2023-11-27 12:00:00;2.596;2.6;2.594;2.6;8.7148;ISP.ITEUR
2023-11-27 13:00:00;2.599;2.601;2.595;2.597;9.5865;ISP.ITEUR
2023-11-27 14:00:00;2.597;2.609;2.597;2.607;19.0262;ISP.ITEUR
2023-11-27 15:00:00;2.606;2.608;2.597;2.597;13.1099;ISP.ITEUR
2023-11-27 16:00:00;2.596;2.599;2.594;2.598;8.3247;ISP.ITEUR
2023-11-28 08:00:00;2.608;2.617;2.603;2.606;45.7558;ISP.ITEUR
2023-11-28 09:00:00;2.607;2.613;2.604;2.606;32.196;ISP.ITEUR
2023-11-28 10:00:00;2.606;2.614;2.606;2.61;24.3173;ISP.ITEUR
2023-11-28 11:00:00;2.609;2.612;2.607;2.609;13.1022;ISP.ITEUR
2023-11-28 12:00:00;2.608;2.61;2.606;2.609;8.0699;ISP.ITEUR
2023-11-28 13:00:00;2.608;2.611;2.606;2.609;7.6634;ISP.ITEUR
2023-11-28 14:00:00;2.61;2.612;2.607;2.61;9.1724;ISP.ITEUR
2023-11-28 15:00:00;2.609;2.615;2.609;2.614;10.1597;ISP.ITEUR
2023-11-28 16:00:00;2.613;2.616;2.611;2.615;4.439;ISP.ITEUR
2023-11-29 08:00:00;2.642;2.656;2.639;2.652;48.9769;ISP.ITEUR
2023-11-29 09:00:00;2.652;2.656;2.644;2.65;29.6681;ISP.ITEUR
2023-11-29 10:00:00;2.65;2.653;2.646;2.648;22.8046;ISP.ITEUR
2023-11-29 11:00:00;2.647;2.648;2.636;2.64;17.6687;ISP.ITEUR
2023-11-29 12:00:00;2.641;2.646;2.638;2.645;7.7714;ISP.ITEUR
2023-11-29 14:00:00;2.644;2.646;2.641;2.646;7.3255;ISP.ITEUR
2023-11-29 15:00:00;2.645;2.65;2.644;2.649;25.054;ISP.ITEUR
2023-11-29 16:00:00;2.648;2.649;2.641;2.642;12.9549;ISP.ITEUR
2023-11-30 08:00:00;2.655;2.657;2.626;2.635;51.6484;ISP.ITEUR
2023-11-30 09:00:00;2.634;2.643;2.634;2.639;27.4746;ISP.ITEUR
2023-11-30 10:00:00;2.639;2.648;2.638;2.645;19.5758;ISP.ITEUR
2023-11-30 11:00:00;2.644;2.649;2.642;2.644;13.9342;ISP.ITEUR
2023-11-30 12:00:00;2.644;2.648;2.644;2.647;9.0771;ISP.ITEUR
2023-11-30 13:00:00;2.648;2.648;2.644;2.645;17.0754;ISP.ITEUR
2023-11-30 14:00:00;2.644;2.644;2.637;2.644;22.1039;ISP.ITEUR
2023-11-30 15:00:00;2.644;2.645;2.638;2.641;11.9994;ISP.ITEUR
2023-11-30 16:00:00;2.641;2.643;2.64;2.641;4.6498;ISP.ITEUR
2023-12-01 08:00:00;2.65;2.664;2.644;2.661;36.1417;ISP.ITEUR
2023-12-01 09:00:00;2.661;2.665;2.659;2.661;30.1539;ISP.ITEUR
2023-12-01 10:00:00;2.66;2.666;2.66;2.66;18.3057;ISP.ITEUR
2023-12-01 11:00:00;2.659;2.663;2.659;2.662;7.3255;ISP.ITEUR
2023-12-01 12:00:00;2.661;2.664;2.661;2.663;7.8351;ISP.ITEUR
2023-12-01 13:00:00;2.662;2.665;2.662;2.664;6.8358;ISP.ITEUR
2023-12-01 14:00:00;2.665;2.669;2.662;2.668;12.2304;ISP.ITEUR
2023-12-01 15:00:00;2.667;2.668;2.664;2.665;16.0523;ISP.ITEUR
2023-12-01 16:00:00;2.664;2.665;2.661;2.662;7.4368;ISP.ITEUR
2023-12-04 08:00:00;2.672;2.681;2.67;2.68;37.1609;ISP.ITEUR
2023-12-04 09:00:00;2.681;2.681;2.677;2.677;26.1807;ISP.ITEUR
2023-12-04 10:00:00;2.678;2.683;2.676;2.683;21.5943;ISP.ITEUR
2023-12-04 11:00:00;2.682;2.686;2.682;2.686;15.6901;ISP.ITEUR
2023-12-04 12:00:00;2.685;2.687;2.682;2.686;12.5727;ISP.ITEUR
2023-12-04 13:00:00;2.685;2.687;2.683;2.685;17.9872;ISP.ITEUR
2023-12-04 14:00:00;2.684;2.693;2.684;2.689;21.7455;ISP.ITEUR
2023-12-04 15:00:00;2.688;2.693;2.686;2.688;26.061;ISP.ITEUR
2023-12-04 16:00:00;2.687;2.69;2.686;2.69;8.0262;ISP.ITEUR
2023-12-05 08:00:00;2.698;2.714;2.697;2.705;49.8134;ISP.ITEUR
2023-12-05 09:00:00;2.705;2.706;2.699;2.702;29.4294;ISP.ITEUR
2023-12-05 10:00:00;2.701;2.702;2.688;2.688;27.9006;ISP.ITEUR
2023-12-05 11:00:00;2.688;2.689;2.669;2.673;35.1463;ISP.ITEUR
2023-12-05 12:00:00;2.672;2.681;2.671;2.68;22.6135;ISP.ITEUR
2023-12-05 13:00:00;2.681;2.684;2.678;2.682;15.8214;ISP.ITEUR
2023-12-05 14:00:00;2.682;2.684;2.676;2.681;26.4432;ISP.ITEUR
2023-12-05 15:00:00;2.682;2.685;2.677;2.684;29.5568;ISP.ITEUR
2023-12-05 16:00:00;2.684;2.688;2.684;2.684;10.6855;ISP.ITEUR
2023-12-06 08:00:00;2.693;2.697;2.688;2.695;28.0756;ISP.ITEUR
2023-12-06 09:00:00;2.694;2.702;2.692;2.702;17.4737;ISP.ITEUR
2023-12-06 10:00:00;2.701;2.705;2.701;2.703;10.9881;ISP.ITEUR
2023-12-06 11:00:00;2.702;2.705;2.7;2.703;10.2158;ISP.ITEUR
2023-12-06 12:00:00;2.703;2.705;2.701;2.703;12.0631;ISP.ITEUR
2023-12-06 13:00:00;2.703;2.71;2.703;2.708;22.4024;ISP.ITEUR
2023-12-06 14:00:00;2.707;2.71;2.703;2.71;17.0954;ISP.ITEUR
2023-12-06 15:00:00;2.71;2.711;2.703;2.705;27.6097;ISP.ITEUR
2023-12-06 16:00:00;2.704;2.705;2.699;2.7;18.0271;ISP.ITEUR
2023-12-07 08:00:00;2.691;2.703;2.686;2.693;40.8992;ISP.ITEUR
2023-12-07 09:00:00;2.694;2.701;2.691;2.697;30.0027;ISP.ITEUR
2023-12-07 10:00:00;2.697;2.701;2.685;2.687;33.2115;ISP.ITEUR
2023-12-07 11:00:00;2.686;2.69;2.676;2.676;24.0985;ISP.ITEUR
2023-12-07 12:00:00;2.676;2.677;2.666;2.666;30.0902;ISP.ITEUR
2023-12-07 13:00:00;2.665;2.671;2.657;2.659;43.6898;ISP.ITEUR
2023-12-07 14:00:00;2.659;2.669;2.657;2.666;35.6719;ISP.ITEUR
2023-12-07 15:00:00;2.666;2.674;2.663;2.674;30.6036;ISP.ITEUR
2023-12-07 16:00:00;2.674;2.686;2.674;2.68;15.4791;ISP.ITEUR
2023-12-08 08:00:00;2.672;2.681;2.662;2.669;40.0872;ISP.ITEUR
2023-12-08 09:00:00;2.668;2.681;2.668;2.673;31.3404;ISP.ITEUR
2023-12-08 10:00:00;2.672;2.682;2.665;2.665;22.0839;ISP.ITEUR
2023-12-08 11:00:00;2.666;2.667;2.659;2.661;17.5812;ISP.ITEUR
2023-12-08 12:00:00;2.66;2.665;2.659;2.659;10.0247;ISP.ITEUR
2023-12-08 13:00:00;2.66;2.683;2.658;2.678;35.9506;ISP.ITEUR
2023-12-08 14:00:00;2.677;2.687;2.675;2.684;26.6903;ISP.ITEUR
2023-12-08 15:00:00;2.684;2.689;2.679;2.686;24.5283;ISP.ITEUR
2023-12-08 16:00:00;2.687;2.688;2.682;2.686;11.04;ISP.ITEUR
2023-12-11 08:00:00;2.691;2.697;2.682;2.683;36.1179;ISP.ITEUR
2023-12-11 09:00:00;2.684;2.693;2.682;2.687;25.0778;ISP.ITEUR
2023-12-11 10:00:00;2.687;2.694;2.687;2.691;17.6924;ISP.ITEUR
2023-12-11 11:00:00;2.69;2.692;2.688;2.69;11.2749;ISP.ITEUR
2023-12-11 12:00:00;2.691;2.693;2.689;2.69;7.5005;ISP.ITEUR
2023-12-11 13:00:00;2.691;2.692;2.683;2.683;8.5358;ISP.ITEUR
2023-12-11 14:00:00;2.683;2.688;2.682;2.687;30.8546;ISP.ITEUR
2023-12-11 15:00:00;2.686;2.693;2.683;2.691;13.7592;ISP.ITEUR
2023-12-11 16:00:00;2.691;2.696;2.69;2.694;6.1789;ISP.ITEUR
2023-12-12 08:00:00;2.697;2.706;2.696;2.7;36.8102;ISP.ITEUR
2023-12-12 09:00:00;2.7;2.704;2.697;2.701;19.4722;ISP.ITEUR
2023-12-12 10:00:00;2.7;2.701;2.688;2.692;24.1024;ISP.ITEUR
2023-12-12 11:00:00;2.692;2.696;2.69;2.69;20.0056;ISP.ITEUR
2023-12-12 12:00:00;2.69;2.691;2.684;2.687;16.7968;ISP.ITEUR
2023-12-12 13:00:00;2.686;2.694;2.686;2.69;29.2022;ISP.ITEUR
2023-12-12 14:00:00;2.689;2.69;2.684;2.689;22.1991;ISP.ITEUR
2023-12-12 15:00:00;2.688;2.691;2.679;2.684;18.2298;ISP.ITEUR
2023-12-12 16:00:00;2.683;2.685;2.68;2.682;6.2226;ISP.ITEUR
2023-12-13 08:00:00;2.69;2.693;2.683;2.692;38.3313;ISP.ITEUR
2023-12-13 09:00:00;2.691;2.692;2.679;2.683;21.2359;ISP.ITEUR
2023-12-13 10:00:00;2.682;2.687;2.679;2.684;21.2121;ISP.ITEUR
2023-12-13 11:00:00;2.684;2.69;2.682;2.687;13.2734;ISP.ITEUR
2023-12-13 12:00:00;2.688;2.69;2.678;2.684;18.7715;ISP.ITEUR
2023-12-13 13:00:00;2.684;2.691;2.684;2.689;22.3426;ISP.ITEUR
2023-12-13 14:00:00;2.688;2.691;2.686;2.688;16.5259;ISP.ITEUR
2023-12-13 15:00:00;2.689;2.691;2.684;2.685;14.014;ISP.ITEUR
2023-12-13 16:00:00;2.684;2.686;2.682;2.683;8.1536;ISP.ITEUR
2023-12-14 08:00:00;2.698;2.699;2.641;2.647;95.3663;ISP.ITEUR
2023-12-14 09:00:00;2.646;2.663;2.639;2.663;52.0177;ISP.ITEUR
2023-12-14 10:00:00;2.664;2.668;2.648;2.651;41.0858;ISP.ITEUR
2023-12-14 11:00:00;2.65;2.659;2.648;2.654;21.3633;ISP.ITEUR
2023-12-14 12:00:00;2.654;2.657;2.637;2.642;35.0548;ISP.ITEUR
2023-12-14 13:00:00;2.643;2.653;2.637;2.641;46.6837;ISP.ITEUR
2023-12-14 14:00:00;2.642;2.643;2.615;2.619;47.9892;ISP.ITEUR
2023-12-14 15:00:00;2.618;2.618;2.59;2.615;61.175;ISP.ITEUR
2023-12-14 16:00:00;2.614;2.627;2.614;2.621;17.3701;ISP.ITEUR
2023-12-15 08:00:00;2.623;2.648;2.618;2.644;75.8107;ISP.ITEUR
2023-12-15 09:00:00;2.645;2.645;2.627;2.639;44.4104;ISP.ITEUR
2023-12-15 10:00:00;2.638;2.647;2.627;2.628;38.2791;ISP.ITEUR
2023-12-15 11:00:00;2.627;2.637;2.624;2.63;25.3204;ISP.ITEUR
2023-12-15 12:00:00;2.631;2.631;2.618;2.619;32.7418;ISP.ITEUR
2023-12-15 13:00:00;2.618;2.624;2.614;2.619;27.0564;ISP.ITEUR
2023-12-15 14:00:00;2.62;2.625;2.614;2.622;38.5539;ISP.ITEUR
2023-12-15 15:00:00;2.622;2.629;2.622;2.629;24.6795;ISP.ITEUR
2023-12-15 16:00:00;2.63;2.63;2.624;2.627;9.1727;ISP.ITEUR
2023-12-18 08:00:00;2.621;2.639;2.616;2.637;55.6017;ISP.ITEUR
2023-12-18 09:00:00;2.638;2.64;2.632;2.636;29.9827;ISP.ITEUR
2023-12-18 10:00:00;2.635;2.636;2.627;2.627;15.3079;ISP.ITEUR
2023-12-18 11:00:00;2.628;2.628;2.622;2.624;17.0355;ISP.ITEUR
2023-12-18 12:00:00;2.623;2.63;2.618;2.619;23.5368;ISP.ITEUR
2023-12-18 13:00:00;2.618;2.619;2.611;2.619;22.6649;ISP.ITEUR
2023-12-18 14:00:00;2.619;2.623;2.614;2.617;32.9206;ISP.ITEUR
2023-12-18 15:00:00;2.618;2.622;2.615;2.619;20.5988;ISP.ITEUR
2023-12-18 16:00:00;2.619;2.623;2.619;2.621;10.8051;ISP.ITEUR
2023-12-19 08:00:00;2.621;2.625;2.612;2.613;29.477;ISP.ITEUR
2023-12-19 09:00:00;2.612;2.624;2.611;2.622;29.2222;ISP.ITEUR
2023-12-19 10:00:00;2.623;2.631;2.623;2.626;20.4477;ISP.ITEUR
2023-12-19 11:00:00;2.625;2.637;2.623;2.635;17.2228;ISP.ITEUR
2023-12-19 12:00:00;2.636;2.643;2.635;2.641;18.1982;ISP.ITEUR
2023-12-19 13:00:00;2.642;2.65;2.641;2.646;19.09;ISP.ITEUR
2023-12-19 14:00:00;2.645;2.647;2.641;2.645;18.6518;ISP.ITEUR
2023-12-19 15:00:00;2.646;2.649;2.644;2.644;17.6526;ISP.ITEUR
2023-12-19 16:00:00;2.644;2.651;2.644;2.648;8.8144;ISP.ITEUR
2023-12-20 08:00:00;2.655;2.655;2.639;2.639;40.7918;ISP.ITEUR
2023-12-20 09:00:00;2.638;2.64;2.629;2.637;44.2232;ISP.ITEUR
2023-12-20 10:00:00;2.636;2.637;2.621;2.621;32.8769;ISP.ITEUR
2023-12-20 11:00:00;2.622;2.625;2.62;2.621;22.1676;ISP.ITEUR
2023-12-20 12:00:00;2.622;2.628;2.621;2.627;15.057;ISP.ITEUR
2023-12-20 13:00:00;2.627;2.636;2.627;2.631;23.107;ISP.ITEUR
2023-12-20 14:00:00;2.631;2.632;2.626;2.629;23.1707;ISP.ITEUR
2023-12-20 15:00:00;2.629;2.634;2.628;2.633;20.77;ISP.ITEUR
2023-12-20 16:00:00;2.632;2.638;2.632;2.638;2.5081;ISP.ITEUR
2023-12-21 08:00:00;2.634;2.636;2.623;2.626;44.976;ISP.ITEUR
2023-12-21 09:00:00;2.627;2.63;2.623;2.623;23.9589;ISP.ITEUR
2023-12-21 10:00:00;2.624;2.625;2.619;2.621;12.9948;ISP.ITEUR
2023-12-21 11:00:00;2.622;2.624;2.618;2.619;15.1844;ISP.ITEUR
2023-12-21 12:00:00;2.619;2.622;2.618;2.619;15.7416;ISP.ITEUR
2023-12-21 13:00:00;2.619;2.624;2.619;2.623;12.509;ISP.ITEUR
2023-12-21 15:00:00;2.621;2.623;2.618;2.622;18.1107;ISP.ITEUR
2023-12-21 16:00:00;2.623;2.626;2.622;2.624;8.9418;ISP.ITEUR
2023-12-22 08:00:00;2.628;2.631;2.616;2.617;38.3789;ISP.ITEUR
2023-12-22 09:00:00;2.617;2.623;2.617;2.62;22.9796;ISP.ITEUR
2023-12-22 10:00:00;2.621;2.636;2.618;2.635;21.2597;ISP.ITEUR
2023-12-22 11:00:00;2.636;2.637;2.632;2.634;16.0961;ISP.ITEUR
2023-12-22 12:00:00;2.634;2.637;2.632;2.635;13.6794;ISP.ITEUR
2023-12-22 13:00:00;2.635;2.638;2.634;2.638;6.6248;ISP.ITEUR
2023-12-22 14:00:00;2.637;2.642;2.636;2.638;5.9479;ISP.ITEUR
2023-12-22 15:00:00;2.638;2.64;2.635;2.636;10.0646;ISP.ITEUR
2023-12-22 16:00:00;2.635;2.639;2.634;2.638;4.4789;ISP.ITEUR
2023-12-27 08:00:00;2.642;2.65;2.631;2.65;43.5302;ISP.ITEUR
2023-12-27 09:00:00;2.65;2.651;2.642;2.645;21.602;ISP.ITEUR
2023-12-27 10:00:00;2.644;2.648;2.642;2.648;17.3978;ISP.ITEUR
2023-12-27 11:00:00;2.647;2.652;2.644;2.65;16.3709;ISP.ITEUR
2023-12-27 12:00:00;2.65;2.656;2.648;2.655;14.2926;ISP.ITEUR
2023-12-27 13:00:00;2.654;2.657;2.652;2.654;15.8175;ISP.ITEUR
2023-12-27 14:00:00;2.653;2.654;2.647;2.648;21.0325;ISP.ITEUR
2023-12-27 15:00:00;2.648;2.654;2.647;2.651;15.6065;ISP.ITEUR
2023-12-27 16:00:00;2.65;2.653;2.65;2.653;5.3109;ISP.ITEUR
2023-12-28 08:00:00;2.66;2.661;2.653;2.653;25.6074;ISP.ITEUR
2023-12-28 09:00:00;2.652;2.656;2.651;2.651;23.744;ISP.ITEUR
2023-12-28 10:00:00;2.651;2.655;2.647;2.648;22.2551;ISP.ITEUR
2023-12-28 11:00:00;2.649;2.649;2.636;2.643;28.8561;ISP.ITEUR
2023-12-28 12:00:00;2.643;2.645;2.636;2.638;14.9296;ISP.ITEUR
2023-12-28 13:00:00;2.639;2.641;2.634;2.635;14.7623;ISP.ITEUR
2023-12-28 14:00:00;2.636;2.637;2.631;2.634;27.8845;ISP.ITEUR
2023-12-28 15:00:00;2.635;2.64;2.632;2.636;19.4285;ISP.ITEUR
2023-12-28 16:00:00;2.635;2.639;2.634;2.639;8.4084;ISP.ITEUR
2023-12-29 08:00:00;2.644;2.648;2.638;2.647;22.8683;ISP.ITEUR
2023-12-29 09:00:00;2.646;2.649;2.642;2.644;21.5306;ISP.ITEUR
2023-12-29 10:00:00;2.645;2.647;2.642;2.646;19.902;ISP.ITEUR
2023-12-29 11:00:00;2.645;2.649;2.644;2.647;13.2496;ISP.ITEUR
2023-12-29 12:00:00;2.646;2.647;2.644;2.645;10.9244;ISP.ITEUR
2023-12-29 13:00:00;2.645;2.649;2.645;2.646;6.7522;ISP.ITEUR
2023-12-29 14:00:00;2.645;2.649;2.645;2.648;7.612;ISP.ITEUR
2023-12-29 15:00:00;2.649;2.65;2.646;2.646;9.093;ISP.ITEUR
2023-12-29 16:00:00;2.645;2.646;2.636;2.64;4.8412;ISP.ITEUR
2024-01-02 08:00:00;2.66;2.693;2.656;2.689;62.6885;ISP.ITEUR
2024-01-02 09:00:00;2.689;2.694;2.682;2.685;48.6108;ISP.ITEUR
2024-01-02 10:00:00;2.684;2.696;2.682;2.695;27.3749;ISP.ITEUR
2024-01-02 11:00:00;2.694;2.695;2.677;2.679;30.4325;ISP.ITEUR
2024-01-02 12:00:00;2.679;2.68;2.668;2.673;28.609;ISP.ITEUR
2024-01-02 13:00:00;2.673;2.679;2.67;2.676;32.2521;ISP.ITEUR
2024-01-02 14:00:00;2.677;2.687;2.676;2.687;24.5245;ISP.ITEUR
2024-01-02 16:00:00;2.692;2.697;2.691;2.696;10.1759;ISP.ITEUR
2024-01-03 08:00:00;2.704;2.715;2.703;2.712;50.3429;ISP.ITEUR
2024-01-03 09:00:00;2.713;2.714;2.686;2.686;54.32;ISP.ITEUR
2024-01-03 10:00:00;2.686;2.694;2.683;2.688;40.0274;ISP.ITEUR
2024-01-03 11:00:00;2.689;2.698;2.689;2.694;27.4547;ISP.ITEUR
2024-01-03 12:00:00;2.693;2.695;2.689;2.691;24.2298;ISP.ITEUR
2024-01-03 13:00:00;2.69;2.7;2.69;2.691;19.4523;ISP.ITEUR
2024-01-03 14:00:00;2.692;2.693;2.685;2.69;38.0527;ISP.ITEUR
2024-01-03 15:00:00;2.689;2.696;2.687;2.692;38.2116;ISP.ITEUR
2024-01-03 16:00:00;2.691;2.696;2.691;2.694;11.7407;ISP.ITEUR
2024-01-04 08:00:00;2.698;2.71;2.695;2.701;61.9839;ISP.ITEUR
2024-01-04 09:00:00;2.702;2.707;2.697;2.705;36.2491;ISP.ITEUR
2024-01-04 10:00:00;2.706;2.706;2.696;2.698;19.3249;ISP.ITEUR
2024-01-04 11:00:00;2.697;2.705;2.697;2.702;23.2582;ISP.ITEUR
2024-01-04 12:00:00;2.702;2.71;2.7;2.71;25.3326;ISP.ITEUR
2024-01-04 13:00:00;2.709;2.715;2.708;2.712;18.9506;ISP.ITEUR
2024-01-04 14:00:00;2.712;2.723;2.707;2.723;24.0226;ISP.ITEUR
2024-01-04 15:00:00;2.724;2.746;2.722;2.746;32.4984;ISP.ITEUR
2024-01-04 16:00:00;2.745;2.749;2.743;2.744;10.4467;ISP.ITEUR
2024-01-05 08:00:00;2.733;2.773;2.732;2.768;76.9489;ISP.ITEUR
2024-01-05 09:00:00;2.767;2.769;2.752;2.753;49.3675;ISP.ITEUR
2024-01-05 10:00:00;2.752;2.759;2.75;2.759;38.0527;ISP.ITEUR
2024-01-05 11:00:00;2.759;2.766;2.759;2.766;25.6949;ISP.ITEUR
2024-01-05 12:00:00;2.765;2.773;2.763;2.768;31.4755;ISP.ITEUR
2024-01-05 13:00:00;2.769;2.788;2.759;2.788;49.4826;ISP.ITEUR
2024-01-05 14:00:00;2.789;2.799;2.788;2.797;32.6382;ISP.ITEUR
2024-01-05 15:00:00;2.797;2.803;2.781;2.789;40.4971;ISP.ITEUR
2024-01-05 16:00:00;2.79;2.791;2.783;2.784;12.103;ISP.ITEUR
2024-01-08 08:00:00;2.801;2.805;2.789;2.789;67.657;ISP.ITEUR
2024-01-08 09:00:00;2.788;2.792;2.767;2.775;55.0046;ISP.ITEUR
2024-01-08 10:00:00;2.775;2.786;2.774;2.784;46.3253;ISP.ITEUR
2024-01-08 11:00:00;2.784;2.789;2.78;2.788;23.5291;ISP.ITEUR
2024-01-08 12:00:00;2.787;2.791;2.786;2.79;13.4246;ISP.ITEUR
2024-01-08 13:00:00;2.79;2.798;2.79;2.793;14.3962;ISP.ITEUR
2024-01-08 14:00:00;2.793;2.798;2.792;2.796;21.2758;ISP.ITEUR
2024-01-08 15:00:00;2.796;2.798;2.789;2.79;11.7801;ISP.ITEUR
2024-01-08 16:00:00;2.789;2.793;2.788;2.793;8.9817;ISP.ITEUR
2024-01-09 08:00:00;2.794;2.801;2.777;2.79;67.8006;ISP.ITEUR
2024-01-09 09:00:00;2.791;2.791;2.774;2.784;42.3283;ISP.ITEUR
2024-01-09 10:00:00;2.784;2.784;2.77;2.774;33.761;ISP.ITEUR
2024-01-09 11:00:00;2.775;2.776;2.757;2.761;28.7042;ISP.ITEUR
2024-01-09 12:00:00;2.761;2.767;2.757;2.764;25.9497;ISP.ITEUR
2024-01-09 13:00:00;2.764;2.764;2.752;2.761;22.7647;ISP.ITEUR
2024-01-09 14:00:00;2.76;2.762;2.753;2.756;34.3021;ISP.ITEUR
2024-01-09 15:00:00;2.757;2.764;2.754;2.759;24.0702;ISP.ITEUR
2024-01-09 16:00:00;2.759;2.761;2.756;2.758;8.6831;ISP.ITEUR
2024-01-10 08:00:00;2.754;2.762;2.746;2.753;66.7891;ISP.ITEUR
2024-01-10 09:00:00;2.751;2.764;2.751;2.762;47.93;ISP.ITEUR
2024-01-10 10:00:00;2.763;2.764;2.752;2.753;29.3335;ISP.ITEUR
2024-01-10 11:00:00;2.753;2.754;2.743;2.744;28.8953;ISP.ITEUR
2024-01-10 12:00:00;2.743;2.753;2.743;2.745;15.7339;ISP.ITEUR
2024-01-10 13:00:00;2.744;2.752;2.744;2.744;13.8705;ISP.ITEUR
2024-01-10 14:00:00;2.745;2.753;2.744;2.751;19.0939;ISP.ITEUR
2024-01-10 15:00:00;2.75;2.753;2.745;2.748;11.8681;ISP.ITEUR
2024-01-10 16:00:00;2.748;2.749;2.745;2.746;5.7568;ISP.ITEUR
2024-01-11 08:00:00;2.762;2.772;2.756;2.766;70.3394;ISP.ITEUR
2024-01-11 09:00:00;2.765;2.766;2.742;2.747;43.6698;ISP.ITEUR
2024-01-11 10:00:00;2.746;2.75;2.737;2.741;29.6719;ISP.ITEUR
2024-01-11 11:00:00;2.741;2.742;2.737;2.737;20.981;ISP.ITEUR
2024-01-11 12:00:00;2.738;2.742;2.736;2.738;26.8968;ISP.ITEUR
2024-01-11 13:00:00;2.737;2.748;2.736;2.74;42.567;ISP.ITEUR
2024-01-11 15:00:00;2.738;2.738;2.717;2.717;36.7863;ISP.ITEUR
2024-01-11 16:00:00;2.717;2.726;2.717;2.725;21.717;ISP.ITEUR
2024-01-12 08:00:00;2.736;2.744;2.73;2.739;49.9401;ISP.ITEUR
2024-01-12 09:00:00;2.738;2.746;2.735;2.736;45.4412;ISP.ITEUR
2024-01-12 10:00:00;2.737;2.743;2.735;2.739;34.8708;ISP.ITEUR
2024-01-12 11:00:00;2.739;2.742;2.717;2.728;39.2308;ISP.ITEUR
2024-01-12 12:00:00;2.729;2.731;2.721;2.723;44.2946;ISP.ITEUR
2024-01-12 13:00:00;2.722;2.735;2.722;2.735;40.3175;ISP.ITEUR
2024-01-12 14:00:00;2.734;2.744;2.731;2.732;36.0297;ISP.ITEUR
2024-01-12 15:00:00;2.733;2.739;2.728;2.731;29.5644;ISP.ITEUR
2024-01-12 16:00:00;2.73;2.731;2.721;2.724;14.2089;ISP.ITEUR
2024-01-15 08:00:00;2.723;2.729;2.709;2.71;70.0371;ISP.ITEUR
2024-01-15 09:00:00;2.709;2.725;2.706;2.722;52.9339;ISP.ITEUR
2024-01-15 10:00:00;2.722;2.735;2.721;2.734;36.9376;ISP.ITEUR
2024-01-15 11:00:00;2.734;2.734;2.724;2.727;26.2122;ISP.ITEUR
2024-01-15 12:00:00;2.727;2.733;2.726;2.728;28.5453;ISP.ITEUR
2024-01-15 13:00:00;2.727;2.727;2.72;2.722;17.4377;ISP.ITEUR
2024-01-15 14:00:00;2.721;2.724;2.715;2.721;19.5636;ISP.ITEUR
2024-01-15 15:00:00;2.72;2.726;2.719;2.723;11.4499;ISP.ITEUR
2024-01-15 16:00:00;2.722;2.724;2.721;2.724;5.3188;ISP.ITEUR
2024-01-16 08:00:00;2.688;2.698;2.674;2.695;70.6457;ISP.ITEUR
2024-01-16 09:00:00;2.695;2.701;2.687;2.691;29.7395;ISP.ITEUR
2024-01-16 10:00:00;2.692;2.693;2.684;2.692;31.4517;ISP.ITEUR
2024-01-16 11:00:00;2.691;2.697;2.689;2.695;25.9175;ISP.ITEUR
2024-01-16 12:00:00;2.695;2.707;2.695;2.705;25.5713;ISP.ITEUR
2024-01-16 13:00:00;2.705;2.714;2.705;2.706;34.4295;ISP.ITEUR
2024-01-16 14:00:00;2.707;2.708;2.697;2.708;39.3022;ISP.ITEUR
2024-01-16 15:00:00;2.708;2.715;2.706;2.714;25.2052;ISP.ITEUR
2024-01-16 16:00:00;2.715;2.715;2.708;2.712;20.733;ISP.ITEUR
2024-01-17 08:00:00;2.695;2.714;2.689;2.709;81.2438;ISP.ITEUR
2024-01-17 09:00:00;2.708;2.714;2.697;2.711;56.1435;ISP.ITEUR
2024-01-17 10:00:00;2.711;2.716;2.703;2.708;37.2722;ISP.ITEUR
2024-01-17 11:00:00;2.707;2.711;2.705;2.708;25.7187;ISP.ITEUR
2024-01-17 12:00:00;2.709;2.713;2.705;2.708;18.5367;ISP.ITEUR
2024-01-17 13:00:00;2.707;2.714;2.707;2.714;16.1875;ISP.ITEUR
2024-01-17 14:00:00;2.714;2.724;2.714;2.717;31.8538;ISP.ITEUR
2024-01-17 15:00:00;2.716;2.727;2.716;2.726;37.2722;ISP.ITEUR
2024-01-17 16:00:00;2.725;2.735;2.725;2.733;8.5158;ISP.ITEUR
2024-01-18 08:00:00;2.725;2.741;2.721;2.739;57.5526;ISP.ITEUR
2024-01-18 09:00:00;2.739;2.743;2.731;2.738;40.3459;ISP.ITEUR
2024-01-18 10:00:00;2.737;2.746;2.734;2.746;26.0134;ISP.ITEUR
2024-01-18 11:00:00;2.746;2.758;2.746;2.752;25.0579;ISP.ITEUR
2024-01-18 12:00:00;2.753;2.759;2.751;2.758;18.3057;ISP.ITEUR
2024-01-18 13:00:00;2.757;2.758;2.749;2.749;25.0418;ISP.ITEUR
2024-01-18 14:00:00;2.75;2.758;2.749;2.757;41.1778;ISP.ITEUR
2024-01-18 15:00:00;2.758;2.761;2.751;2.752;32.9805;ISP.ITEUR
2024-01-18 16:00:00;2.751;2.755;2.749;2.751;10.9364;ISP.ITEUR
2024-01-19 08:00:00;2.769;2.777;2.764;2.771;56.0476;ISP.ITEUR
2024-01-19 09:00:00;2.77;2.775;2.763;2.775;38.9406;ISP.ITEUR
2024-01-19 10:00:00;2.775;2.782;2.771;2.78;38.2914;ISP.ITEUR
2024-01-19 11:00:00;2.781;2.783;2.773;2.773;21.021;ISP.ITEUR
2024-01-19 12:00:00;2.772;2.776;2.763;2.768;19.8744;ISP.ITEUR
2024-01-19 13:00:00;2.768;2.77;2.752;2.752;27.5859;ISP.ITEUR
2024-01-19 14:00:00;2.752;2.758;2.746;2.752;33.0841;ISP.ITEUR
2024-01-19 15:00:00;2.752;2.754;2.746;2.75;41.2852;ISP.ITEUR
2024-01-19 16:00:00;2.75;2.753;2.748;2.753;11.6809;ISP.ITEUR
2024-01-22 08:00:00;2.784;2.797;2.782;2.788;74.2143;ISP.ITEUR
2024-01-22 09:00:00;2.787;2.791;2.768;2.77;43.8011;ISP.ITEUR
2024-01-22 10:00:00;2.769;2.773;2.764;2.771;33.1317;ISP.ITEUR
2024-01-22 11:00:00;2.772;2.776;2.767;2.768;33.6014;ISP.ITEUR
2024-01-22 12:00:00;2.769;2.77;2.761;2.765;21.602;ISP.ITEUR
2024-01-22 13:00:00;2.766;2.767;2.76;2.767;24.8423;ISP.ITEUR
2024-01-22 14:00:00;2.768;2.777;2.767;2.773;28.3779;ISP.ITEUR
2024-01-22 15:00:00;2.774;2.775;2.768;2.768;21.5781;ISP.ITEUR
2024-01-22 16:00:00;2.767;2.767;2.762;2.763;8.7507;ISP.ITEUR
2024-01-23 08:00:00;2.77;2.772;2.757;2.762;48.6384;ISP.ITEUR
2024-01-23 09:00:00;2.763;2.772;2.762;2.768;34.5247;ISP.ITEUR
2024-01-23 10:00:00;2.767;2.775;2.765;2.775;23.7954;ISP.ITEUR
2024-01-23 11:00:00;2.775;2.778;2.772;2.776;13.5919;ISP.ITEUR
2024-01-23 12:00:00;2.775;2.783;2.77;2.773;15.5666;ISP.ITEUR
2024-01-23 13:00:00;2.773;2.775;2.765;2.765;16.968;ISP.ITEUR
2024-01-23 14:00:00;2.764;2.77;2.762;2.769;26.2083;ISP.ITEUR
2024-01-23 15:00:00;2.769;2.773;2.76;2.761;18.0148;ISP.ITEUR
2024-01-23 16:00:00;2.761;2.768;2.76;2.767;9.4713;ISP.ITEUR
2024-01-24 08:00:00;2.787;2.797;2.785;2.793;63.3654;ISP.ITEUR
2024-01-24 09:00:00;2.794;2.795;2.788;2.793;29.8354;ISP.ITEUR
2024-01-24 10:00:00;2.793;2.798;2.789;2.797;23.338;ISP.ITEUR
2024-01-24 11:00:00;2.798;2.807;2.797;2.803;19.4922;ISP.ITEUR
2024-01-24 12:00:00;2.804;2.809;2.798;2.801;23.2505;ISP.ITEUR
2024-01-24 13:00:00;2.8;2.808;2.799;2.807;23.3219;ISP.ITEUR
2024-01-24 14:00:00;2.808;2.826;2.807;2.82;39.7089;ISP.ITEUR
2024-01-24 15:00:00;2.819;2.828;2.814;2.825;38.3113;ISP.ITEUR
2024-01-24 16:00:00;2.826;2.832;2.823;2.832;13.7353;ISP.ITEUR
2024-01-25 08:00:00;2.814;2.842;2.813;2.842;76.1369;ISP.ITEUR
2024-01-25 09:00:00;2.841;2.844;2.831;2.834;55.6454;ISP.ITEUR
2024-01-25 10:00:00;2.833;2.834;2.821;2.821;36.8662;ISP.ITEUR
2024-01-25 11:00:00;2.822;2.824;2.809;2.815;34.342;ISP.ITEUR
2024-01-25 12:00:00;2.816;2.818;2.812;2.814;19.8345;ISP.ITEUR
2024-01-25 13:00:00;2.814;2.827;2.813;2.823;37.0734;ISP.ITEUR
2024-01-25 14:00:00;2.822;2.83;2.819;2.819;42.217;ISP.ITEUR
2024-01-25 15:00:00;2.82;2.82;2.8;2.801;35.6321;ISP.ITEUR
2024-01-25 16:00:00;2.801;2.808;2.801;2.808;8.6471;ISP.ITEUR
2024-01-26 08:00:00;2.802;2.818;2.802;2.813;53.6193;ISP.ITEUR
2024-01-26 09:00:00;2.814;2.818;2.81;2.814;34.3542;ISP.ITEUR
2024-01-26 10:00:00;2.814;2.821;2.811;2.817;22.701;ISP.ITEUR
2024-01-26 11:00:00;2.818;2.824;2.816;2.824;19.0463;ISP.ITEUR
2024-01-26 12:00:00;2.825;2.83;2.824;2.825;14.0777;ISP.ITEUR
2024-01-26 13:00:00;2.826;2.829;2.821;2.825;26.0533;ISP.ITEUR
2024-01-26 14:00:00;2.824;2.825;2.813;2.818;32.1048;ISP.ITEUR
2024-01-26 16:00:00;2.813;2.813;2.81;2.811;6.8397;ISP.ITEUR
2024-01-29 08:00:00;2.815;2.827;2.8;2.8;59.7184;ISP.ITEUR
2024-01-29 09:00:00;2.799;2.8;2.786;2.787;38.1401;ISP.ITEUR
2024-01-29 10:00:00;2.786;2.794;2.783;2.794;33.5576;ISP.ITEUR
2024-01-29 11:00:00;2.794;2.794;2.786;2.787;20.9373;ISP.ITEUR
2024-01-29 12:00:00;2.787;2.791;2.779;2.78;22.7647;ISP.ITEUR
2024-01-29 13:00:00;2.779;2.783;2.777;2.78;17.8199;ISP.ITEUR
2024-01-29 14:00:00;2.779;2.782;2.774;2.779;26.7218;ISP.ITEUR
2024-01-29 15:00:00;2.779;2.782;2.777;2.78;17.3901;ISP.ITEUR
2024-01-29 16:00:00;2.78;2.784;2.778;2.78;7.182;ISP.ITEUR
2024-01-30 08:00:00;2.801;2.81;2.796;2.809;53.1496;ISP.ITEUR
2024-01-30 09:00:00;2.808;2.818;2.804;2.811;35.8708;ISP.ITEUR
2024-01-30 10:00:00;2.812;2.822;2.809;2.819;26.754;ISP.ITEUR
2024-01-30 11:00:00;2.819;2.83;2.812;2.829;35.6321;ISP.ITEUR
2024-01-30 12:00:00;2.829;2.836;2.821;2.835;27.2636;ISP.ITEUR
2024-01-30 13:00:00;2.836;2.866;2.834;2.847;42.1932;ISP.ITEUR
2024-01-30 14:00:00;2.847;2.865;2.845;2.865;27.2076;ISP.ITEUR
2024-01-30 15:00:00;2.865;2.892;2.864;2.874;43.4273;ISP.ITEUR
2024-01-30 16:00:00;2.873;2.878;2.873;2.877;12.8275;ISP.ITEUR
2024-01-31 08:00:00;2.884;2.885;2.867;2.868;57.1466;ISP.ITEUR
2024-01-31 09:00:00;2.868;2.895;2.867;2.886;52.6953;ISP.ITEUR
2024-01-31 10:00:00;2.885;2.892;2.881;2.888;25.5713;ISP.ITEUR
2024-01-31 11:00:00;2.887;2.898;2.886;2.894;14.4676;ISP.ITEUR
2024-01-31 12:00:00;2.895;2.896;2.879;2.885;20.3203;ISP.ITEUR
2024-01-31 13:00:00;2.886;2.89;2.884;2.885;23.338;ISP.ITEUR
2024-01-31 14:00:00;2.884;2.884;2.858;2.864;38.0288;ISP.ITEUR
2024-01-31 15:00:00;2.863;2.869;2.857;2.86;36.8623;ISP.ITEUR
2024-01-31 16:00:00;2.859;2.865;2.859;2.862;12.4852;ISP.ITEUR
2024-02-01 08:00:00;2.844;2.885;2.84;2.869;93.2606;ISP.ITEUR
2024-02-01 09:00:00;2.87;2.872;2.847;2.854;60.9049;ISP.ITEUR
2024-02-01 10:00:00;2.855;2.858;2.837;2.841;61.1758;ISP.ITEUR
2024-02-01 11:00:00;2.841;2.85;2.839;2.843;47.1933;ISP.ITEUR
2024-02-01 12:00:00;2.843;2.852;2.843;2.852;37.6306;ISP.ITEUR
2024-02-01 13:00:00;2.851;2.852;2.834;2.835;34.1747;ISP.ITEUR
2024-02-01 14:00:00;2.836;2.837;2.815;2.816;49.5976;ISP.ITEUR
2024-02-01 15:00:00;2.815;2.823;2.795;2.796;49.3353;ISP.ITEUR
2024-02-01 16:00:00;2.795;2.801;2.791;2.8;33.3151;ISP.ITEUR
2024-02-02 08:00:00;2.796;2.799;2.767;2.791;81.7785;ISP.ITEUR
2024-02-02 09:00:00;2.791;2.799;2.782;2.796;63.0307;ISP.ITEUR
2024-02-02 10:00:00;2.796;2.797;2.784;2.792;37.6145;ISP.ITEUR
2024-02-02 11:00:00;2.791;2.791;2.778;2.783;40.4134;ISP.ITEUR
2024-02-02 12:00:00;2.783;2.792;2.777;2.79;34.8078;ISP.ITEUR
2024-02-02 13:00:00;2.789;2.801;2.777;2.789;61.271;ISP.ITEUR
2024-02-02 14:00:00;2.79;2.808;2.789;2.798;65.9126;ISP.ITEUR
2024-02-02 15:00:00;2.797;2.81;2.792;2.798;44.5777;ISP.ITEUR
2024-02-02 16:00:00;2.797;2.803;2.794;2.801;17.2865;ISP.ITEUR
2024-02-05 08:00:00;2.859;2.88;2.854;2.857;88.6481;ISP.ITEUR
2024-02-05 09:00:00;2.857;2.873;2.844;2.871;79.1906;ISP.ITEUR
2024-02-05 10:00:00;2.872;2.893;2.871;2.886;52.0905;ISP.ITEUR
2024-02-05 11:00:00;2.887;2.899;2.886;2.892;39.3305;ISP.ITEUR
2024-02-05 12:00:00;2.892;2.893;2.886;2.888;30.6911;ISP.ITEUR
2024-02-05 13:00:00;2.887;2.888;2.869;2.869;29.051;ISP.ITEUR
2024-02-05 14:00:00;2.868;2.874;2.854;2.873;55.0207;ISP.ITEUR
2024-02-05 15:00:00;2.872;2.879;2.867;2.868;41.5362;ISP.ITEUR
2024-02-05 16:00:00;2.869;2.875;2.866;2.873;11.4023;ISP.ITEUR
2024-02-06 08:00:00;2.893;2.895;2.872;2.873;69.624;ISP.ITEUR
2024-02-06 09:00:00;2.873;2.877;2.865;2.872;48.4036;ISP.ITEUR
2024-02-06 10:00:00;2.871;2.893;2.867;2.892;34.2146;ISP.ITEUR
2024-02-06 11:00:00;2.891;2.956;2.886;2.907;53.9017;ISP.ITEUR
2024-02-06 12:00:00;2.905;2.909;2.865;2.899;93.6221;ISP.ITEUR
2024-02-06 13:00:00;2.9;2.911;2.896;2.907;36.3926;ISP.ITEUR
2024-02-06 14:00:00;2.907;2.917;2.901;2.912;35.4724;ISP.ITEUR
2024-02-06 15:00:00;2.912;2.913;2.879;2.887;47.8142;ISP.ITEUR
2024-02-06 16:00:00;2.886;2.895;2.884;2.893;22.4339;ISP.ITEUR
2024-02-07 08:00:00;2.901;2.904;2.855;2.86;88.9052;ISP.ITEUR
2024-02-07 09:00:00;2.86;2.862;2.846;2.848;64.9302;ISP.ITEUR
2024-02-07 10:00:00;2.847;2.847;2.819;2.823;60.9885;ISP.ITEUR
2024-02-07 11:00:00;2.822;2.827;2.805;2.823;87.6312;ISP.ITEUR
2024-02-07 12:00:00;2.823;2.845;2.814;2.845;51.5172;ISP.ITEUR
2024-02-07 13:00:00;2.845;2.852;2.841;2.847;42.5754;ISP.ITEUR
2024-02-07 14:00:00;2.846;2.847;2.817;2.824;64.4483;ISP.ITEUR
2024-02-07 15:00:00;2.823;2.844;2.821;2.83;48.937;ISP.ITEUR
2024-02-07 16:00:00;2.829;2.846;2.822;2.837;26.3557;ISP.ITEUR
2024-02-08 08:00:00;2.844;2.854;2.824;2.829;79.3733;ISP.ITEUR
2024-02-08 09:00:00;2.829;2.831;2.809;2.815;59.5434;ISP.ITEUR
2024-02-08 10:00:00;2.814;2.823;2.81;2.818;39.0082;ISP.ITEUR
2024-02-08 11:00:00;2.819;2.833;2.815;2.833;24.6519;ISP.ITEUR
2024-02-08 12:00:00;2.833;2.846;2.832;2.842;30.6235;ISP.ITEUR
2024-02-08 13:00:00;2.843;2.845;2.824;2.824;30.2176;ISP.ITEUR
2024-02-08 14:00:00;2.825;2.834;2.822;2.831;34.7004;ISP.ITEUR
2024-02-08 15:00:00;2.831;2.833;2.818;2.821;31.4079;ISP.ITEUR
2024-02-08 16:00:00;2.822;2.824;2.818;2.819;5.1159;ISP.ITEUR
2024-02-09 08:00:00;2.797;2.799;2.782;2.783;61.422;ISP.ITEUR
2024-02-09 09:00:00;2.782;2.782;2.766;2.772;61.2664;ISP.ITEUR
2024-02-09 10:00:00;2.772;2.783;2.768;2.779;38.8202;ISP.ITEUR
2024-02-09 11:00:00;2.778;2.787;2.773;2.786;24.4281;ISP.ITEUR
2024-02-09 12:00:00;2.787;2.794;2.782;2.794;25.0257;ISP.ITEUR
2024-02-09 13:00:00;2.793;2.798;2.791;2.793;23.8352;ISP.ITEUR
2024-02-09 14:00:00;2.793;2.799;2.786;2.79;22.4262;ISP.ITEUR
2024-02-09 15:00:00;2.789;2.791;2.779;2.785;31.0256;ISP.ITEUR
2024-02-09 16:00:00;2.785;2.792;2.78;2.78;13.763;ISP.ITEUR
2024-02-12 08:00:00;2.805;2.824;2.793;2.816;60.5734;ISP.ITEUR
2024-02-12 09:00:00;2.816;2.822;2.815;2.82;22.3863;ISP.ITEUR
2024-02-12 10:00:00;2.821;2.826;2.815;2.817;14.4;ISP.ITEUR
2024-02-12 11:00:00;2.818;2.818;2.806;2.806;12.3179;ISP.ITEUR
2024-02-12 12:00:00;2.807;2.811;2.806;2.808;9.9449;ISP.ITEUR
2024-02-12 13:00:00;2.807;2.815;2.806;2.814;10.0564;ISP.ITEUR
2024-02-12 14:00:00;2.814;2.819;2.81;2.818;21.7852;ISP.ITEUR
2024-02-12 15:00:00;2.817;2.824;2.816;2.821;11.7684;ISP.ITEUR
2024-02-12 16:00:00;2.822;2.823;2.817;2.821;5.8604;ISP.ITEUR
2024-02-13 08:00:00;2.826;2.829;2.817;2.822;51.7881;ISP.ITEUR
2024-02-13 09:00:00;2.822;2.825;2.817;2.822;29.5169;ISP.ITEUR
2024-02-13 10:00:00;2.823;2.829;2.818;2.828;21.9842;ISP.ITEUR
2024-02-13 11:00:00;2.827;2.829;2.824;2.826;13.6118;ISP.ITEUR
2024-02-13 12:00:00;2.825;2.828;2.821;2.822;14.3325;ISP.ITEUR
2024-02-13 13:00:00;2.823;2.829;2.805;2.817;42.7903;ISP.ITEUR
2024-02-13 14:00:00;2.816;2.823;2.805;2.805;47.7427;ISP.ITEUR
2024-02-13 15:00:00;2.806;2.808;2.794;2.797;28.3941;ISP.ITEUR
2024-02-13 16:00:00;2.798;2.801;2.797;2.8;12.3578;ISP.ITEUR
2024-02-14 08:00:00;2.789;2.803;2.78;2.802;52.4366;ISP.ITEUR
2024-02-14 09:00:00;2.802;2.817;2.802;2.815;30.6236;ISP.ITEUR
2024-02-14 10:00:00;2.814;2.826;2.814;2.823;21.5306;ISP.ITEUR
2024-02-14 11:00:00;2.824;2.826;2.819;2.819;17.6687;ISP.ITEUR
2024-02-14 12:00:00;2.819;2.827;2.819;2.824;11.2749;ISP.ITEUR
2024-02-14 13:00:00;2.825;2.827;2.817;2.817;18.1982;ISP.ITEUR
2024-02-14 14:00:00;2.817;2.821;2.813;2.816;25.5675;ISP.ITEUR
2024-02-14 15:00:00;2.817;2.818;2.809;2.811;14.4637;ISP.ITEUR
2024-02-14 16:00:00;2.81;2.816;2.809;2.813;9.8098;ISP.ITEUR
2024-02-15 08:00:00;2.816;2.82;2.805;2.805;50.904;ISP.ITEUR
2024-02-15 09:00:00;2.805;2.814;2.795;2.811;43.2124;ISP.ITEUR
2024-02-15 10:00:00;2.81;2.813;2.801;2.803;23.5291;ISP.ITEUR
2024-02-15 11:00:00;2.804;2.807;2.799;2.806;13.3371;ISP.ITEUR
2024-02-15 12:00:00;2.806;2.812;2.805;2.806;12.4929;ISP.ITEUR
2024-02-15 13:00:00;2.807;2.808;2.802;2.806;19.6749;ISP.ITEUR
2024-02-15 14:00:00;2.805;2.823;2.802;2.82;27.0564;ISP.ITEUR
2024-02-15 15:00:00;2.821;2.825;2.815;2.823;22.5973;ISP.ITEUR
2024-02-15 16:00:00;2.822;2.823;2.819;2.821;7.0945;ISP.ITEUR
2024-02-16 08:00:00;2.848;2.858;2.84;2.851;60.0008;ISP.ITEUR
2024-02-16 09:00:00;2.852;2.854;2.835;2.837;29.7677;ISP.ITEUR
2024-02-16 10:00:00;2.837;2.842;2.83;2.834;24.823;ISP.ITEUR
2024-02-16 11:00:00;2.833;2.833;2.818;2.827;22.4899;ISP.ITEUR
2024-02-16 12:00:00;2.827;2.835;2.821;2.826;23.7916;ISP.ITEUR
2024-02-16 13:00:00;2.827;2.838;2.826;2.835;26.5905;ISP.ITEUR
2024-02-16 14:00:00;2.834;2.842;2.827;2.836;28.0991;ISP.ITEUR
2024-02-16 15:00:00;2.836;2.843;2.83;2.832;21.8966;ISP.ITEUR
2024-02-16 16:00:00;2.831;2.834;2.83;2.832;6.5611;ISP.ITEUR
2024-02-19 08:00:00;2.827;2.839;2.825;2.833;43.065;ISP.ITEUR
2024-02-19 09:00:00;2.832;2.84;2.829;2.838;35.5047;ISP.ITEUR
2024-02-19 10:00:00;2.839;2.843;2.832;2.837;21.0248;ISP.ITEUR
2024-02-19 11:00:00;2.837;2.838;2.831;2.834;16.0524;ISP.ITEUR
2024-02-19 12:00:00;2.834;2.846;2.834;2.846;13.321;ISP.ITEUR
2024-02-19 13:00:00;2.845;2.847;2.838;2.84;17.6687;ISP.ITEUR
2024-02-19 14:00:00;2.841;2.842;2.833;2.835;13.377;ISP.ITEUR
2024-02-19 15:00:00;2.836;2.836;2.829;2.83;9.6824;ISP.ITEUR
2024-02-19 16:00:00;2.83;2.831;2.828;2.829;5.0323;ISP.ITEUR
2024-02-20 08:00:00;2.828;2.843;2.828;2.838;36.484;ISP.ITEUR
2024-02-20 09:00:00;2.838;2.842;2.826;2.828;33.279;ISP.ITEUR
2024-02-20 10:00:00;2.828;2.833;2.826;2.831;16.2036;ISP.ITEUR
2024-02-20 11:00:00;2.831;2.832;2.827;2.831;11.7126;ISP.ITEUR
2024-02-20 12:00:00;2.832;2.838;2.832;2.834;10.8167;ISP.ITEUR
2024-02-20 13:00:00;2.833;2.84;2.828;2.831;21.1921;ISP.ITEUR
2024-02-20 14:00:00;2.832;2.841;2.828;2.839;29.9588;ISP.ITEUR
2024-02-20 15:00:00;2.84;2.847;2.838;2.845;20.332;ISP.ITEUR
2024-02-20 16:00:00;2.844;2.847;2.838;2.84;7.413;ISP.ITEUR
2024-02-21 08:00:00;2.866;2.879;2.86;2.87;55.9999;ISP.ITEUR
2024-02-21 09:00:00;2.871;2.893;2.869;2.889;47.8464;ISP.ITEUR
2024-02-21 10:00:00;2.889;2.896;2.886;2.891;33.2353;ISP.ITEUR
2024-02-21 11:00:00;2.891;2.893;2.883;2.887;23.7839;ISP.ITEUR
2024-02-21 12:00:00;2.886;2.897;2.886;2.891;22.932;ISP.ITEUR
2024-02-21 13:00:00;2.891;2.894;2.882;2.882;21.0287;ISP.ITEUR
2024-02-21 14:00:00;2.882;2.887;2.879;2.885;33.6451;ISP.ITEUR
2024-02-21 15:00:00;2.884;2.893;2.882;2.891;16.1399;ISP.ITEUR
2024-02-21 16:00:00;2.892;2.892;2.884;2.886;8.3447;ISP.ITEUR
2024-02-22 08:00:00;2.903;2.909;2.898;2.901;51.2347;ISP.ITEUR
2024-02-22 09:00:00;2.901;2.902;2.887;2.899;45.9116;ISP.ITEUR
2024-02-22 10:00:00;2.9;2.903;2.898;2.903;24.6519;ISP.ITEUR
2024-02-22 11:00:00;2.902;2.907;2.901;2.904;23.569;ISP.ITEUR
2024-02-22 12:00:00;2.904;2.908;2.9;2.902;18.011;ISP.ITEUR
2024-02-22 13:00:00;2.903;2.905;2.897;2.897;20.7662;ISP.ITEUR
2024-02-22 14:00:00;2.896;2.905;2.893;2.903;26.0372;ISP.ITEUR
2024-02-22 15:00:00;2.904;2.905;2.894;2.9;24.5083;ISP.ITEUR
2024-02-22 16:00:00;2.899;2.902;2.899;2.9;5.6693;ISP.ITEUR
2024-02-23 08:00:00;2.904;2.926;2.897;2.925;52.445;ISP.ITEUR
2024-02-23 09:00:00;2.925;2.929;2.915;2.922;35.9343;ISP.ITEUR
2024-02-23 10:00:00;2.921;2.922;2.91;2.913;28.6926;ISP.ITEUR
2024-02-23 11:00:00;2.912;2.918;2.911;2.915;16.3985;ISP.ITEUR
2024-02-23 12:00:00;2.916;2.921;2.914;2.918;15.5704;ISP.ITEUR
2024-02-23 13:00:00;2.919;2.921;2.914;2.918;12.9748;ISP.ITEUR
2024-02-23 14:00:00;2.918;2.928;2.916;2.928;22.912;ISP.ITEUR
2024-02-23 15:00:00;2.927;2.929;2.924;2.927;14.543;ISP.ITEUR
2024-02-23 16:00:00;2.927;2.932;2.925;2.931;6.8397;ISP.ITEUR
2024-02-26 08:00:00;2.947;2.948;2.928;2.948;60.2479;ISP.ITEUR
2024-02-26 09:00:00;2.947;2.96;2.93;2.932;42.5116;ISP.ITEUR
2024-02-26 10:00:00;2.932;2.937;2.931;2.933;26.4991;ISP.ITEUR
2024-02-26 11:00:00;2.933;2.945;2.931;2.944;15.8413;ISP.ITEUR
2024-02-26 12:00:00;2.944;2.959;2.94;2.955;24.9942;ISP.ITEUR
2024-02-26 13:00:00;2.954;2.957;2.944;2.949;22.7685;ISP.ITEUR
2024-02-26 14:00:00;2.948;2.956;2.948;2.954;21.7094;ISP.ITEUR
2024-02-26 15:00:00;2.953;2.954;2.943;2.946;10.8489;ISP.ITEUR
2024-02-26 16:00:00;2.947;2.954;2.945;2.954;5.0323;ISP.ITEUR
2024-02-27 08:00:00;2.95;2.953;2.939;2.941;42.6069;ISP.ITEUR
2024-02-27 09:00:00;2.94;2.954;2.94;2.951;28.5614;ISP.ITEUR
2024-02-27 10:00:00;2.951;2.956;2.949;2.949;14.9296;ISP.ITEUR
2024-02-27 11:00:00;2.948;2.95;2.946;2.946;12.0232;ISP.ITEUR
2024-02-27 12:00:00;2.947;2.95;2.946;2.949;12.6763;ISP.ITEUR
2024-02-27 13:00:00;2.95;2.951;2.933;2.937;25.2966;ISP.ITEUR
2024-02-27 14:00:00;2.936;2.947;2.936;2.946;17.6449;ISP.ITEUR
2024-02-27 15:00:00;2.946;2.951;2.944;2.947;14.3125;ISP.ITEUR
2024-02-27 16:00:00;2.946;2.949;2.946;2.948;4.5227;ISP.ITEUR
2024-02-28 08:00:00;2.948;2.952;2.938;2.947;36.7549;ISP.ITEUR
2024-02-28 09:00:00;2.947;2.951;2.939;2.946;33.2192;ISP.ITEUR
2024-02-28 10:00:00;2.947;2.956;2.943;2.946;28.1792;ISP.ITEUR
2024-02-28 11:00:00;2.946;2.949;2.944;2.946;20.7501;ISP.ITEUR
2024-02-28 12:00:00;2.945;2.946;2.941;2.944;13.2734;ISP.ITEUR
2024-02-28 13:00:00;2.944;2.948;2.942;2.943;15.0531;ISP.ITEUR
2024-02-28 14:00:00;2.943;2.951;2.943;2.949;25.4639;ISP.ITEUR
2024-02-28 15:00:00;2.949;2.95;2.944;2.948;19.3648;ISP.ITEUR
2024-02-28 16:00:00;2.948;2.949;2.945;2.949;5.9241;ISP.ITEUR
2024-02-29 08:00:00;2.939;2.957;2.938;2.954;37.6544;ISP.ITEUR
2024-02-29 09:00:00;2.953;2.954;2.943;2.946;26.3035;ISP.ITEUR
2024-02-29 10:00:00;2.947;2.95;2.944;2.944;12.6801;ISP.ITEUR
2024-02-29 11:00:00;2.944;2.947;2.944;2.946;10.2795;ISP.ITEUR
2024-02-29 12:00:00;2.947;2.947;2.939;2.94;8.5833;ISP.ITEUR
2024-02-29 13:00:00;2.939;2.943;2.936;2.938;16.4622;ISP.ITEUR
2024-02-29 14:00:00;2.939;2.946;2.938;2.945;19.7508;ISP.ITEUR
2024-02-29 15:00:00;2.944;2.946;2.937;2.937;12.5764;ISP.ITEUR
2024-02-29 16:00:00;2.938;2.945;2.937;2.944;6.7998;ISP.ITEUR
2024-03-01 08:00:00;2.942;2.974;2.941;2.973;59.3117;ISP.ITEUR
2024-03-01 09:00:00;2.973;3.008;2.973;2.989;67.3662;ISP.ITEUR
2024-03-01 10:00:00;2.989;3.001;2.989;2.995;49.4781;ISP.ITEUR
2024-03-01 11:00:00;2.996;3.011;2.993;3.009;34.4295;ISP.ITEUR
2024-03-01 12:00:00;3.009;3.013;2.992;2.998;33.3865;ISP.ITEUR
2024-03-01 13:00:00;2.997;3.007;2.996;3.005;21.1323;ISP.ITEUR
2024-03-01 14:00:00;3.005;3.021;3.0;3.004;42.7825;ISP.ITEUR
2024-03-01 15:00:00;3.004;3.012;2.996;3.004;41.8264;ISP.ITEUR
2024-03-01 16:00:00;3.003;3.004;2.993;2.994;11.7922;ISP.ITEUR
2024-03-04 08:00:00;2.995;3.001;2.991;2.999;51.115;ISP.ITEUR
2024-03-04 09:00:00;3.0;3.0;2.995;2.998;25.8499;ISP.ITEUR
2024-03-04 10:00:00;2.998;3.009;2.997;3.004;24.5122;ISP.ITEUR
2024-03-04 11:00:00;3.003;3.004;3.0;3.003;15.2957;ISP.ITEUR
2024-03-04 12:00:00;3.002;3.003;2.995;2.996;9.3956;ISP.ITEUR
2024-03-04 13:00:00;2.995;2.999;2.994;2.996;14.5113;ISP.ITEUR
2024-03-04 14:00:00;2.995;2.998;2.994;2.996;8.5995;ISP.ITEUR
2024-03-04 15:00:00;2.996;3.0;2.991;2.998;10.8051;ISP.ITEUR
2024-03-04 16:00:00;2.997;3.003;2.995;3.001;5.733;ISP.ITEUR
2024-03-05 08:00:00;3.027;3.06;3.019;3.045;81.7747;ISP.ITEUR
2024-03-05 09:00:00;3.044;3.063;3.043;3.052;50.685;ISP.ITEUR
2024-03-05 10:00:00;3.052;3.058;3.051;3.053;23.4055;ISP.ITEUR
2024-03-05 11:00:00;3.052;3.059;3.047;3.049;30.3765;ISP.ITEUR
2024-03-05 12:00:00;3.05;3.05;3.041;3.046;21.9443;ISP.ITEUR
2024-03-05 13:00:00;3.047;3.05;3.039;3.043;24.4685;ISP.ITEUR
2024-03-05 14:00:00;3.043;3.057;3.039;3.057;17.1591;ISP.ITEUR
2024-03-05 15:00:00;3.056;3.062;3.047;3.048;37.2085;ISP.ITEUR
2024-03-05 16:00:00;3.048;3.051;3.046;3.049;13.5758;ISP.ITEUR
2024-03-06 08:00:00;3.067;3.103;3.066;3.09;63.4522;ISP.ITEUR
2024-03-06 09:00:00;3.089;3.106;3.089;3.095;46.6675;ISP.ITEUR
2024-03-06 10:00:00;3.095;3.099;3.091;3.097;25.249;ISP.ITEUR
2024-03-06 11:00:00;3.098;3.104;3.095;3.097;23.2941;ISP.ITEUR
2024-03-06 12:00:00;3.096;3.098;3.092;3.096;15.4471;ISP.ITEUR
2024-03-06 13:00:00;3.096;3.102;3.094;3.101;21.8053;ISP.ITEUR
2024-03-06 14:00:00;3.102;3.104;3.094;3.101;20.7861;ISP.ITEUR
2024-03-06 15:00:00;3.1;3.104;3.095;3.097;20.3755;ISP.ITEUR
2024-03-06 16:00:00;3.096;3.101;3.096;3.101;7.2617;ISP.ITEUR
2024-03-07 08:00:00;3.086;3.1;3.068;3.097;79.9948;ISP.ITEUR
2024-03-07 09:00:00;3.097;3.097;3.086;3.089;36.3205;ISP.ITEUR
2024-03-07 10:00:00;3.09;3.094;3.086;3.09;30.751;ISP.ITEUR
2024-03-07 11:00:00;3.089;3.092;3.085;3.091;18.453;ISP.ITEUR
2024-03-07 12:00:00;3.091;3.099;3.091;3.095;15.0331;ISP.ITEUR
2024-03-07 13:00:00;3.094;3.102;3.065;3.075;66.4744;ISP.ITEUR
2024-03-07 14:00:00;3.076;3.084;3.07;3.082;62.2741;ISP.ITEUR
2024-03-07 15:00:00;3.082;3.083;3.071;3.074;28.4178;ISP.ITEUR
2024-03-07 16:00:00;3.075;3.084;3.074;3.082;12.509;ISP.ITEUR
2024-03-08 08:00:00;3.095;3.104;3.089;3.093;71.9326;ISP.ITEUR
2024-03-08 09:00:00;3.092;3.099;3.086;3.089;37.7579;ISP.ITEUR
2024-03-08 10:00:00;3.09;3.098;3.086;3.098;30.7149;ISP.ITEUR
2024-03-08 11:00:00;3.097;3.098;3.089;3.09;18.5167;ISP.ITEUR
2024-03-08 12:00:00;3.089;3.091;3.084;3.088;17.7086;ISP.ITEUR
2024-03-08 13:00:00;3.087;3.092;3.084;3.092;38.8247;ISP.ITEUR
2024-03-08 14:00:00;3.091;3.094;3.087;3.09;21.9565;ISP.ITEUR
2024-03-08 15:00:00;3.09;3.098;3.085;3.094;18.5045;ISP.ITEUR
2024-03-08 16:00:00;3.093;3.096;3.091;3.094;4.8251;ISP.ITEUR
2024-03-11 08:00:00;3.06;3.063;3.022;3.026;78.8436;ISP.ITEUR
2024-03-11 09:00:00;3.027;3.047;3.026;3.047;51.5962;ISP.ITEUR
2024-03-11 10:00:00;3.047;3.058;3.038;3.053;29.7195;ISP.ITEUR
2024-03-11 11:00:00;3.053;3.065;3.053;3.059;24.612;ISP.ITEUR
2024-03-11 12:00:00;3.059;3.06;3.046;3.052;32.662;ISP.ITEUR
2024-03-11 13:00:00;3.051;3.058;3.047;3.048;30.2375;ISP.ITEUR
2024-03-11 14:00:00;3.048;3.052;3.041;3.05;38.6813;ISP.ITEUR
2024-03-11 15:00:00;3.049;3.06;3.048;3.06;28.1193;ISP.ITEUR
2024-03-11 16:00:00;3.059;3.068;3.058;3.066;13.6955;ISP.ITEUR
2024-03-12 08:00:00;3.097;3.098;3.08;3.092;40.6084;ISP.ITEUR
2024-03-12 09:00:00;3.093;3.1;3.088;3.096;34.9114;ISP.ITEUR
2024-03-12 10:00:00;3.095;3.11;3.095;3.105;43.1564;ISP.ITEUR
2024-03-12 11:00:00;3.105;3.117;3.105;3.115;23.1783;ISP.ITEUR
2024-03-12 12:00:00;3.115;3.12;3.104;3.114;53.1733;ISP.ITEUR
2024-03-12 13:00:00;3.114;3.134;3.111;3.132;48.244;ISP.ITEUR
2024-03-12 14:00:00;3.132;3.136;3.125;3.131;39.5493;ISP.ITEUR
2024-03-12 15:00:00;3.13;3.136;3.124;3.136;31.6427;ISP.ITEUR
2024-03-12 16:00:00;3.135;3.135;3.13;3.134;17.4139;ISP.ITEUR
2024-03-13 08:00:00;3.161;3.165;3.146;3.153;75.8766;ISP.ITEUR
2024-03-13 09:00:00;3.154;3.18;3.154;3.174;47.5316;ISP.ITEUR
2024-03-13 10:00:00;3.174;3.177;3.167;3.173;35.058;ISP.ITEUR
2024-03-13 11:00:00;3.174;3.181;3.173;3.174;17.3978;ISP.ITEUR
2024-03-13 12:00:00;3.173;3.184;3.172;3.184;25.9097;ISP.ITEUR
2024-03-13 13:00:00;3.183;3.192;3.182;3.19;32.7333;ISP.ITEUR
2024-03-13 14:00:00;3.189;3.198;3.182;3.183;28.605;ISP.ITEUR
2024-03-13 15:00:00;3.184;3.193;3.182;3.183;21.9441;ISP.ITEUR
2024-03-13 16:00:00;3.184;3.186;3.18;3.181;7.9863;ISP.ITEUR
2024-03-14 08:00:00;3.173;3.183;3.162;3.182;65.3677;ISP.ITEUR
2024-03-14 09:00:00;3.182;3.186;3.178;3.184;31.7541;ISP.ITEUR
2024-03-14 10:00:00;3.184;3.186;3.182;3.185;20.7577;ISP.ITEUR
2024-03-14 11:00:00;3.185;3.186;3.181;3.183;9.2603;ISP.ITEUR
2024-03-14 12:00:00;3.183;3.196;3.181;3.192;27.685;ISP.ITEUR
2024-03-14 13:00:00;3.192;3.196;3.18;3.18;39.6291;ISP.ITEUR
2024-03-14 14:00:00;3.18;3.188;3.167;3.17;27.3986;ISP.ITEUR
2024-03-14 15:00:00;3.17;3.178;3.167;3.172;32.0288;ISP.ITEUR
2024-03-14 16:00:00;3.171;3.174;3.169;3.172;7.0308;ISP.ITEUR
2024-03-15 08:00:00;3.161;3.18;3.154;3.178;48.0651;ISP.ITEUR
2024-03-15 09:00:00;3.179;3.194;3.176;3.191;40.6245;ISP.ITEUR
2024-03-15 10:00:00;3.19;3.209;3.189;3.201;54.8135;ISP.ITEUR
2024-03-15 11:00:00;3.2;3.206;3.199;3.203;34.517;ISP.ITEUR
2024-03-15 12:00:00;3.202;3.213;3.202;3.212;27.2314;ISP.ITEUR
2024-03-15 13:00:00;3.211;3.212;3.201;3.205;42.4081;ISP.ITEUR
2024-03-15 14:00:00;3.206;3.213;3.204;3.208;48.3675;ISP.ITEUR
2024-03-15 15:00:00;3.208;3.226;3.2;3.225;33.454;ISP.ITEUR
2024-03-15 16:00:00;3.226;3.227;3.221;3.223;14.6747;ISP.ITEUR
2024-03-18 08:00:00;3.231;3.247;3.213;3.244;64.3523;ISP.ITEUR
2024-03-18 09:00:00;3.244;3.244;3.228;3.237;44.1917;ISP.ITEUR
2024-03-18 10:00:00;3.237;3.238;3.22;3.224;31.0849;ISP.ITEUR
2024-03-18 11:00:00;3.224;3.231;3.218;3.226;26.9129;ISP.ITEUR
2024-03-18 12:00:00;3.227;3.235;3.227;3.232;21.1876;ISP.ITEUR
2024-03-18 13:00:00;3.231;3.234;3.219;3.221;22.2467;ISP.ITEUR
2024-03-18 14:00:00;3.222;3.231;3.22;3.231;25.9973;ISP.ITEUR
2024-03-18 15:00:00;3.231;3.235;3.225;3.225;26.9129;ISP.ITEUR
2024-03-18 16:00:00;3.226;3.23;3.225;3.229;7.3454;ISP.ITEUR
2024-03-19 08:00:00;3.235;3.253;3.23;3.25;50.4182;ISP.ITEUR
2024-03-19 09:00:00;3.25;3.251;3.236;3.247;33.0442;ISP.ITEUR
2024-03-19 10:00:00;3.247;3.253;3.246;3.249;35.6198;ISP.ITEUR
2024-03-19 11:00:00;3.249;3.257;3.248;3.256;26.3994;ISP.ITEUR
2024-03-19 12:00:00;3.255;3.267;3.255;3.265;35.5722;ISP.ITEUR
2024-03-19 13:00:00;3.266;3.268;3.254;3.259;47.8464;ISP.ITEUR
2024-03-19 14:00:00;3.259;3.267;3.255;3.263;42.8302;ISP.ITEUR
2024-03-19 15:00:00;3.263;3.278;3.263;3.27;29.4532;ISP.ITEUR
2024-03-19 16:00:00;3.269;3.276;3.268;3.275;13.1222;ISP.ITEUR
2024-03-20 08:00:00;3.283;3.284;3.262;3.278;57.393;ISP.ITEUR
2024-03-20 09:00:00;3.279;3.28;3.261;3.267;38.1955;ISP.ITEUR
2024-03-20 10:00:00;3.266;3.267;3.254;3.257;29.2498;ISP.ITEUR
2024-03-20 11:00:00;3.258;3.258;3.246;3.252;32.6735;ISP.ITEUR
2024-03-20 12:00:00;3.252;3.261;3.247;3.255;28.5767;ISP.ITEUR
2024-03-20 13:00:00;3.255;3.258;3.249;3.256;25.4675;ISP.ITEUR
2024-03-20 14:00:00;3.257;3.265;3.257;3.262;11.6448;ISP.ITEUR
2024-03-20 15:00:00;3.262;3.268;3.261;3.266;12.4729;ISP.ITEUR
2024-03-20 16:00:00;3.267;3.268;3.265;3.267;2.9302;ISP.ITEUR
2024-03-21 08:00:00;3.293;3.296;3.286;3.287;56.8595;ISP.ITEUR
2024-03-21 09:00:00;3.287;3.288;3.279;3.285;40.7557;ISP.ITEUR
2024-03-21 10:00:00;3.286;3.287;3.276;3.28;31.8139;ISP.ITEUR
2024-03-21 11:00:00;3.279;3.288;3.278;3.287;27.4624;ISP.ITEUR
2024-03-21 12:00:00;3.287;3.291;3.283;3.289;23.0433;ISP.ITEUR
2024-03-21 13:00:00;3.288;3.295;3.286;3.289;21.1522;ISP.ITEUR
2024-03-21 14:00:00;3.29;3.293;3.284;3.29;31.0695;ISP.ITEUR
2024-03-21 15:00:00;3.291;3.295;3.289;3.293;16.7132;ISP.ITEUR
2024-03-21 16:00:00;3.292;3.294;3.29;3.293;7.4966;ISP.ITEUR
2024-03-22 08:00:00;3.28;3.29;3.279;3.286;31.7142;ISP.ITEUR
2024-03-22 09:00:00;3.286;3.308;3.285;3.299;36.0258;ISP.ITEUR
2024-03-22 10:00:00;3.3;3.308;3.298;3.305;19.3249;ISP.ITEUR
2024-03-22 11:00:00;3.304;3.312;3.295;3.295;18.2857;ISP.ITEUR
2024-03-22 12:00:00;3.296;3.301;3.291;3.299;13.9701;ISP.ITEUR
2024-03-22 13:00:00;3.3;3.301;3.292;3.293;23.1863;ISP.ITEUR
2024-03-22 14:00:00;3.294;3.301;3.29;3.3;26.4194;ISP.ITEUR
2024-03-22 15:00:00;3.299;3.303;3.298;3.303;14.2527;ISP.ITEUR
2024-03-22 16:00:00;3.304;3.305;3.298;3.298;7.3255;ISP.ITEUR
2024-03-25 08:00:00;3.291;3.312;3.291;3.309;34.1908;ISP.ITEUR
2024-03-25 09:00:00;3.308;3.318;3.304;3.311;28.3902;ISP.ITEUR
2024-03-25 10:00:00;3.31;3.315;3.306;3.311;29.899;ISP.ITEUR
2024-03-25 11:00:00;3.311;3.315;3.31;3.31;15.6065;ISP.ITEUR
2024-03-25 12:00:00;3.311;3.315;3.31;3.312;15.4791;ISP.ITEUR
2024-03-25 13:00:00;3.313;3.315;3.31;3.313;13.3133;ISP.ITEUR
2024-03-25 14:00:00;3.313;3.325;3.313;3.323;24.5;ISP.ITEUR
2024-03-25 15:00:00;3.324;3.324;3.315;3.318;14.8897;ISP.ITEUR
2024-03-25 16:00:00;3.317;3.322;3.316;3.32;10.5304;ISP.ITEUR
2024-03-26 08:00:00;3.321;3.332;3.32;3.328;34.784;ISP.ITEUR
2024-03-26 09:00:00;3.329;3.332;3.323;3.331;21.8252;ISP.ITEUR
2024-03-26 10:00:00;3.332;3.332;3.328;3.33;15.9925;ISP.ITEUR
2024-03-26 11:00:00;3.329;3.336;3.328;3.336;11.6969;ISP.ITEUR
2024-03-26 12:00:00;3.335;3.344;3.335;3.34;21.2358;ISP.ITEUR
2024-03-26 13:00:00;3.34;3.346;3.337;3.345;11.1475;ISP.ITEUR
2024-03-26 14:00:00;3.346;3.358;3.346;3.356;21.8967;ISP.ITEUR
2024-03-26 15:00:00;3.356;3.357;3.347;3.35;16.6694;ISP.ITEUR
2024-03-26 16:00:00;3.349;3.35;3.346;3.347;9.129;ISP.ITEUR
2024-03-27 08:00:00;3.349;3.359;3.339;3.358;29.2061;ISP.ITEUR
2024-03-27 09:00:00;3.358;3.363;3.355;3.358;25.886;ISP.ITEUR
2024-03-27 10:00:00;3.357;3.36;3.353;3.359;12.8912;ISP.ITEUR
2024-03-27 11:00:00;3.358;3.359;3.352;3.356;8.3447;ISP.ITEUR
2024-03-27 12:00:00;3.356;3.359;3.354;3.359;7.3892;ISP.ITEUR
2024-03-27 13:00:00;3.359;3.363;3.357;3.36;8.281;ISP.ITEUR
2024-03-27 14:00:00;3.359;3.364;3.358;3.361;13.6236;ISP.ITEUR
2024-03-27 15:00:00;3.361;3.364;3.36;3.362;12.3578;ISP.ITEUR
2024-03-27 16:00:00;3.362;3.362;3.346;3.348;14.3801;ISP.ITEUR
2024-03-28 08:00:00;3.364;3.366;3.359;3.36;19.2052;ISP.ITEUR
2024-03-28 09:00:00;3.361;3.378;3.36;3.376;29.1347;ISP.ITEUR
2024-03-28 10:00:00;3.376;3.378;3.368;3.369;22.2152;ISP.ITEUR
2024-03-28 11:00:00;3.37;3.376;3.365;3.37;19.7032;ISP.ITEUR
2024-03-28 12:00:00;3.369;3.372;3.349;3.357;47.5202;ISP.ITEUR
2024-03-28 13:00:00;3.358;3.36;3.348;3.36;25.1615;ISP.ITEUR
2024-03-28 14:00:00;3.36;3.367;3.358;3.364;29.1109;ISP.ITEUR
2024-03-28 15:00:00;3.364;3.366;3.36;3.36;15.6303;ISP.ITEUR
2024-03-28 16:00:00;3.359;3.359;3.353;3.354;13.1859;ISP.ITEUR
2024-04-02 07:00:00;3.373;3.395;3.367;3.39;48.9454;ISP.ITEUR
2024-04-02 08:00:00;3.391;3.398;3.372;3.38;51.6845;ISP.ITEUR
2024-04-02 09:00:00;3.38;3.388;3.376;3.387;47.7228;ISP.ITEUR
2024-04-02 10:00:00;3.386;3.388;3.379;3.385;37.738;ISP.ITEUR
2024-04-02 11:00:00;3.386;3.388;3.379;3.386;26.7141;ISP.ITEUR
2024-04-02 12:00:00;3.385;3.386;3.383;3.383;20.79;ISP.ITEUR
2024-04-02 13:00:00;3.383;3.384;3.354;3.355;59.2448;ISP.ITEUR
2024-04-02 14:00:00;3.356;3.365;3.35;3.353;54.1687;ISP.ITEUR
2024-04-02 15:00:00;3.354;3.36;3.346;3.346;20.2044;ISP.ITEUR
2024-04-03 07:00:00;3.36;3.382;3.359;3.365;68.7876;ISP.ITEUR
2024-04-03 08:00:00;3.366;3.39;3.366;3.382;47.9024;ISP.ITEUR
2024-04-03 09:00:00;3.382;3.387;3.376;3.382;33.124;ISP.ITEUR
2024-04-03 10:00:00;3.382;3.39;3.381;3.385;27.4109;ISP.ITEUR
2024-04-03 11:00:00;3.385;3.388;3.381;3.387;20.1929;ISP.ITEUR
2024-04-03 12:00:00;3.387;3.39;3.382;3.385;23.2106;ISP.ITEUR
2024-04-03 13:00:00;3.386;3.397;3.386;3.395;29.7556;ISP.ITEUR
2024-04-03 14:00:00;3.395;3.406;3.394;3.404;42.3759;ISP.ITEUR
2024-04-03 15:00:00;3.404;3.404;3.397;3.4;9.6187;ISP.ITEUR
2024-04-04 07:00:00;3.41;3.412;3.4;3.4;46.4411;ISP.ITEUR
2024-04-04 08:00:00;3.4;3.411;3.398;3.401;35.9268;ISP.ITEUR
2024-04-04 09:00:00;3.401;3.402;3.389;3.39;20.5352;ISP.ITEUR
2024-04-04 10:00:00;3.389;3.395;3.383;3.394;19.1975;ISP.ITEUR
2024-04-04 11:00:00;3.393;3.394;3.389;3.392;19.0463;ISP.ITEUR
2024-04-04 12:00:00;3.392;3.398;3.391;3.395;21.2198;ISP.ITEUR
2024-04-04 13:00:00;3.394;3.395;3.384;3.386;27.391;ISP.ITEUR
2024-04-04 14:00:00;3.385;3.392;3.384;3.387;20.9811;ISP.ITEUR
2024-04-04 15:00:00;3.387;3.389;3.382;3.385;9.555;ISP.ITEUR
2024-04-05 07:00:00;3.31;3.322;3.269;3.27;107.0237;ISP.ITEUR
2024-04-05 08:00:00;3.269;3.293;3.268;3.279;61.7092;ISP.ITEUR
2024-04-05 09:00:00;3.279;3.285;3.274;3.278;55.2594;ISP.ITEUR
2024-04-05 10:00:00;3.278;3.281;3.27;3.271;40.306;ISP.ITEUR
2024-04-05 11:00:00;3.271;3.278;3.264;3.277;44.0643;ISP.ITEUR
2024-04-05 12:00:00;3.276;3.304;3.274;3.3;57.6117;ISP.ITEUR
2024-04-05 13:00:00;3.3;3.316;3.296;3.305;65.2365;ISP.ITEUR
2024-04-05 14:00:00;3.304;3.322;3.299;3.322;67.3309;ISP.ITEUR
2024-04-05 15:00:00;3.322;3.326;3.317;3.321;22.3265;ISP.ITEUR
2024-04-08 07:00:00;3.336;3.339;3.317;3.317;44.7719;ISP.ITEUR
2024-04-08 08:00:00;3.317;3.35;3.317;3.345;36.813;ISP.ITEUR
2024-04-08 09:00:00;3.344;3.355;3.343;3.349;31.6781;ISP.ITEUR
2024-04-08 10:00:00;3.348;3.349;3.339;3.342;16.451;ISP.ITEUR
2024-04-08 11:00:00;3.342;3.348;3.339;3.346;10.6323;ISP.ITEUR
2024-04-08 12:00:00;3.347;3.355;3.341;3.353;15.9382;ISP.ITEUR
2024-04-08 13:00:00;3.352;3.358;3.35;3.353;21.0629;ISP.ITEUR
2024-04-08 14:00:00;3.354;3.357;3.345;3.355;23.7705;ISP.ITEUR
2024-04-08 15:00:00;3.354;3.357;3.353;3.356;7.0665;ISP.ITEUR
2024-04-09 07:00:00;3.356;3.357;3.338;3.343;33.0627;ISP.ITEUR
2024-04-09 08:00:00;3.342;3.347;3.321;3.325;31.8012;ISP.ITEUR
2024-04-09 09:00:00;3.324;3.327;3.303;3.305;33.8251;ISP.ITEUR
2024-04-09 10:00:00;3.305;3.307;3.29;3.297;36.9498;ISP.ITEUR
2024-04-09 11:00:00;3.298;3.322;3.298;3.322;23.6304;ISP.ITEUR
2024-04-09 12:00:00;3.321;3.338;3.321;3.336;24.5603;ISP.ITEUR
2024-04-09 13:00:00;3.336;3.342;3.316;3.319;29.326;ISP.ITEUR
2024-04-09 14:00:00;3.319;3.325;3.301;3.305;39.025;ISP.ITEUR
2024-04-09 15:00:00;3.305;3.315;3.303;3.314;19.2817;ISP.ITEUR
2024-04-10 07:00:00;3.346;3.352;3.325;3.329;43.3771;ISP.ITEUR
2024-04-10 08:00:00;3.329;3.337;3.325;3.337;25.8662;ISP.ITEUR
2024-04-10 09:00:00;3.337;3.341;3.333;3.337;20.2014;ISP.ITEUR
2024-04-10 10:00:00;3.338;3.347;3.338;3.346;20.1022;ISP.ITEUR
2024-04-10 11:00:00;3.345;3.35;3.343;3.343;13.4733;ISP.ITEUR
2024-04-10 12:00:00;3.342;3.346;3.308;3.313;68.4023;ISP.ITEUR
2024-04-10 13:00:00;3.312;3.32;3.286;3.317;89.2292;ISP.ITEUR
2024-04-10 14:00:00;3.317;3.363;3.315;3.357;67.2706;ISP.ITEUR
2024-04-10 15:00:00;3.358;3.359;3.35;3.351;10.3725;ISP.ITEUR
2024-04-11 07:00:00;3.345;3.346;3.33;3.341;49.6504;ISP.ITEUR
2024-04-11 08:00:00;3.341;3.345;3.311;3.312;48.8231;ISP.ITEUR
2024-04-11 09:00:00;3.311;3.316;3.301;3.306;51.3769;ISP.ITEUR
2024-04-11 10:00:00;3.306;3.309;3.29;3.294;46.6693;ISP.ITEUR
2024-04-11 11:00:00;3.294;3.301;3.289;3.292;45.0864;ISP.ITEUR
2024-04-11 12:00:00;3.292;3.304;3.287;3.294;64.2724;ISP.ITEUR
2024-04-11 13:00:00;3.294;3.296;3.28;3.291;64.8604;ISP.ITEUR
2024-04-11 14:00:00;3.291;3.292;3.243;3.264;76.467;ISP.ITEUR
2024-04-11 15:00:00;3.265;3.283;3.264;3.28;23.2851;ISP.ITEUR
2024-04-12 07:00:00;3.318;3.323;3.302;3.311;37.1413;ISP.ITEUR
2024-04-12 08:00:00;3.312;3.33;3.312;3.329;33.2849;ISP.ITEUR
2024-04-12 09:00:00;3.329;3.332;3.322;3.33;28.8816;ISP.ITEUR
2024-04-12 10:00:00;3.33;3.341;3.32;3.327;33.661;ISP.ITEUR
2024-04-12 11:00:00;3.327;3.337;3.325;3.331;30.0713;ISP.ITEUR
2024-04-12 12:00:00;3.331;3.338;3.307;3.307;40.9395;ISP.ITEUR
2024-04-12 13:00:00;3.307;3.315;3.292;3.302;71.2672;ISP.ITEUR
2024-04-12 14:00:00;3.301;3.312;3.286;3.286;74.9902;ISP.ITEUR
2024-04-12 15:00:00;3.285;3.295;3.28;3.288;26.5021;ISP.ITEUR
2024-04-15 07:00:00;3.333;3.35;3.324;3.348;61.1511;ISP.ITEUR
2024-04-15 08:00:00;3.349;3.35;3.341;3.346;32.3687;ISP.ITEUR
2024-04-15 09:00:00;3.346;3.349;3.331;3.335;43.6779;ISP.ITEUR
2024-04-15 10:00:00;3.336;3.343;3.336;3.338;28.0816;ISP.ITEUR
2024-04-15 11:00:00;3.339;3.361;3.338;3.361;29.4354;ISP.ITEUR
2024-04-15 12:00:00;3.361;3.37;3.357;3.36;35.7464;ISP.ITEUR
2024-04-15 13:00:00;3.361;3.366;3.353;3.356;46.8437;ISP.ITEUR
2024-04-15 14:00:00;3.355;3.356;3.325;3.329;74.7714;ISP.ITEUR
2024-04-15 15:00:00;3.329;3.33;3.325;3.328;16.157;ISP.ITEUR
2024-04-16 07:00:00;3.26;3.273;3.251;3.259;78.9389;ISP.ITEUR
2024-04-16 08:00:00;3.259;3.263;3.251;3.26;60.6999;ISP.ITEUR
2024-04-16 09:00:00;3.261;3.271;3.258;3.265;45.5309;ISP.ITEUR
2024-04-16 10:00:00;3.265;3.267;3.258;3.264;25.709;ISP.ITEUR
2024-04-16 11:00:00;3.264;3.285;3.262;3.284;27.791;ISP.ITEUR
2024-04-16 12:00:00;3.284;3.285;3.273;3.275;36.5498;ISP.ITEUR
2024-04-16 13:00:00;3.276;3.276;3.251;3.258;50.9769;ISP.ITEUR
2024-04-16 14:00:00;3.258;3.266;3.243;3.247;43.4659;ISP.ITEUR
2024-04-16 15:00:00;3.248;3.252;3.246;3.248;12.0237;ISP.ITEUR
2024-04-17 07:00:00;3.263;3.288;3.256;3.286;68.8432;ISP.ITEUR
2024-04-17 08:00:00;3.285;3.305;3.281;3.296;41.2061;ISP.ITEUR
2024-04-17 09:00:00;3.296;3.314;3.294;3.3;34.9977;ISP.ITEUR
2024-04-17 10:00:00;3.299;3.313;3.299;3.308;31.3704;ISP.ITEUR
2024-04-17 11:00:00;3.307;3.31;3.304;3.305;23.5791;ISP.ITEUR
2024-04-17 12:00:00;3.304;3.309;3.299;3.304;36.2113;ISP.ITEUR
2024-04-17 13:00:00;3.303;3.314;3.298;3.298;47.6778;ISP.ITEUR
2024-04-17 15:00:00;3.298;3.31;3.297;3.304;27.2474;ISP.ITEUR
2024-04-18 07:00:00;3.323;3.333;3.32;3.326;43.1719;ISP.ITEUR
2024-04-18 08:00:00;3.325;3.326;3.311;3.312;34.7994;ISP.ITEUR
2024-04-18 09:00:00;3.313;3.314;3.302;3.306;25.9825;ISP.ITEUR
2024-04-18 10:00:00;3.305;3.312;3.303;3.311;21.0116;ISP.ITEUR
2024-04-18 11:00:00;3.311;3.315;3.302;3.312;26.8235;ISP.ITEUR
2024-04-18 12:00:00;3.312;3.313;3.302;3.307;30.8029;ISP.ITEUR
2024-04-18 13:00:00;3.307;3.32;3.305;3.319;50.2385;ISP.ITEUR
2024-04-18 14:00:00;3.32;3.336;3.318;3.333;44.6215;ISP.ITEUR
2024-04-18 15:00:00;3.334;3.347;3.333;3.343;13.5656;ISP.ITEUR
2024-04-19 07:00:00;3.323;3.331;3.305;3.312;81.2636;ISP.ITEUR
2024-04-19 08:00:00;3.312;3.327;3.309;3.312;62.5289;ISP.ITEUR
2024-04-19 09:00:00;3.311;3.346;3.311;3.342;74.8398;ISP.ITEUR
2024-04-19 10:00:00;3.341;3.352;3.332;3.337;58.2213;ISP.ITEUR
2024-04-19 11:00:00;3.335;3.351;3.332;3.35;45.6232;ISP.ITEUR
2024-04-19 12:00:00;3.349;3.356;3.342;3.354;36.3242;ISP.ITEUR
2024-04-19 13:00:00;3.354;3.366;3.35;3.365;46.9838;ISP.ITEUR
2024-04-19 14:00:00;3.364;3.373;3.361;3.369;41.319;ISP.ITEUR
2024-04-19 15:00:00;3.368;3.375;3.366;3.375;14.7929;ISP.ITEUR
2024-04-22 07:00:00;3.432;3.435;3.402;3.408;74.5371;ISP.ITEUR
2024-04-22 08:00:00;3.408;3.426;3.404;3.422;54.7195;ISP.ITEUR
2024-04-22 09:00:00;3.421;3.43;3.42;3.425;35.7978;ISP.ITEUR
2024-04-22 10:00:00;3.425;3.429;3.417;3.42;24.7913;ISP.ITEUR
2024-04-22 11:00:00;3.419;3.43;3.418;3.424;23.1989;ISP.ITEUR
2024-04-22 12:00:00;3.425;3.426;3.415;3.422;25.0578;ISP.ITEUR
2024-04-22 13:00:00;3.423;3.426;3.417;3.417;24.7413;ISP.ITEUR
2024-04-22 14:00:00;3.418;3.429;3.415;3.426;27.5829;ISP.ITEUR
2024-04-22 15:00:00;3.425;3.426;3.421;3.425;9.0977;ISP.ITEUR
2024-04-23 07:00:00;3.447;3.457;3.438;3.453;53.9164;ISP.ITEUR
2024-04-23 08:00:00;3.454;3.466;3.454;3.459;38.7059;ISP.ITEUR
2024-04-23 09:00:00;3.459;3.475;3.459;3.471;38.8692;ISP.ITEUR
2024-04-23 10:00:00;3.471;3.48;3.469;3.473;25.4308;ISP.ITEUR
2024-04-23 11:00:00;3.474;3.492;3.473;3.49;29.8048;ISP.ITEUR
2024-04-23 12:00:00;3.491;3.491;3.478;3.486;29.3051;ISP.ITEUR
2024-04-23 13:00:00;3.486;3.495;3.48;3.494;36.8237;ISP.ITEUR
2024-04-23 14:00:00;3.494;3.512;3.494;3.512;41.1943;ISP.ITEUR
2024-04-23 15:00:00;3.512;3.526;3.507;3.523;29.7814;ISP.ITEUR
2024-04-24 07:00:00;3.551;3.561;3.531;3.547;85.78;ISP.ITEUR
2024-04-24 08:00:00;3.546;3.556;3.534;3.539;66.4188;ISP.ITEUR
2024-04-24 09:00:00;3.54;3.558;3.53;3.545;50.0255;ISP.ITEUR
2024-04-24 10:00:00;3.545;3.554;3.542;3.552;31.3271;ISP.ITEUR
2024-04-24 11:00:00;3.552;3.555;3.536;3.539;30.4477;ISP.ITEUR
2024-04-24 12:00:00;3.539;3.541;3.523;3.523;45.1719;ISP.ITEUR
2024-04-24 13:00:00;3.522;3.527;3.514;3.514;50.7517;ISP.ITEUR
2024-04-24 14:00:00;3.513;3.522;3.505;3.507;45.7782;ISP.ITEUR
2024-04-24 15:00:00;3.507;3.516;3.503;3.516;16.1866;ISP.ITEUR
2024-04-25 07:00:00;3.537;3.543;3.52;3.536;76.9022;ISP.ITEUR
2024-04-25 08:00:00;3.535;3.545;3.529;3.529;49.5624;ISP.ITEUR
2024-04-25 09:00:00;3.529;3.529;3.516;3.523;33.0328;ISP.ITEUR
2024-04-25 10:00:00;3.523;3.525;3.516;3.519;23.5753;ISP.ITEUR
2024-04-25 11:00:00;3.518;3.527;3.513;3.525;25.9238;ISP.ITEUR
2024-04-25 12:00:00;3.524;3.536;3.5;3.5;60.6723;ISP.ITEUR
2024-04-25 13:00:00;3.5;3.502;3.481;3.486;77.2254;ISP.ITEUR
2024-04-25 14:00:00;3.486;3.507;3.48;3.506;61.8716;ISP.ITEUR
2024-04-25 15:00:00;3.507;3.508;3.5;3.502;17.4725;ISP.ITEUR
2024-04-26 07:00:00;3.515;3.528;3.505;3.526;43.4329;ISP.ITEUR
2024-04-26 08:00:00;3.526;3.543;3.52;3.537;37.37;ISP.ITEUR
2024-04-26 09:00:00;3.537;3.54;3.53;3.54;30.7775;ISP.ITEUR
2024-04-26 10:00:00;3.54;3.546;3.537;3.542;36.0809;ISP.ITEUR
2024-04-26 11:00:00;3.543;3.548;3.543;3.548;26.4568;ISP.ITEUR
2024-04-26 12:00:00;3.547;3.557;3.537;3.543;47.9635;ISP.ITEUR
2024-04-26 13:00:00;3.544;3.546;3.534;3.543;44.7488;ISP.ITEUR
2024-04-26 14:00:00;3.543;3.554;3.543;3.546;51.0015;ISP.ITEUR
2024-04-26 15:00:00;3.546;3.547;3.541;3.547;20.4339;ISP.ITEUR
2024-04-29 07:00:00;3.562;3.574;3.548;3.556;45.8707;ISP.ITEUR
2024-04-29 08:00:00;3.555;3.569;3.542;3.544;36.3265;ISP.ITEUR
2024-04-29 09:00:00;3.544;3.551;3.532;3.54;33.2275;ISP.ITEUR
2024-04-29 10:00:00;3.539;3.541;3.526;3.532;31.6621;ISP.ITEUR
2024-04-29 11:00:00;3.532;3.534;3.52;3.524;22.0418;ISP.ITEUR
2024-04-29 12:00:00;3.523;3.53;3.522;3.528;23.8162;ISP.ITEUR
2024-04-29 13:00:00;3.528;3.537;3.524;3.527;29.9509;ISP.ITEUR
2024-04-29 14:00:00;3.528;3.537;3.525;3.536;28.9718;ISP.ITEUR
2024-04-29 15:00:00;3.535;3.545;3.535;3.543;14.9818;ISP.ITEUR
2024-04-30 07:00:00;3.562;3.573;3.553;3.559;43.209;ISP.ITEUR
2024-04-30 08:00:00;3.56;3.57;3.547;3.547;38.3925;ISP.ITEUR
2024-04-30 09:00:00;3.547;3.548;3.539;3.546;32.0043;ISP.ITEUR
2024-04-30 10:00:00;3.547;3.553;3.543;3.549;28.9844;ISP.ITEUR
2024-04-30 11:00:00;3.549;3.553;3.542;3.546;32.4162;ISP.ITEUR
2024-04-30 12:00:00;3.547;3.557;3.537;3.541;46.1716;ISP.ITEUR
2024-04-30 13:00:00;3.541;3.551;3.539;3.544;39.4382;ISP.ITEUR
2024-04-30 14:00:00;3.545;3.551;3.533;3.539;44.8345;ISP.ITEUR
2024-04-30 15:00:00;3.538;3.538;3.528;3.533;22.3206;ISP.ITEUR
2024-05-02 07:00:00;3.558;3.566;3.543;3.559;60.4818;ISP.ITEUR
2024-05-02 08:00:00;3.56;3.571;3.539;3.541;34.7104;ISP.ITEUR
2024-05-02 09:00:00;3.542;3.549;3.532;3.545;31.0917;ISP.ITEUR
2024-05-02 10:00:00;3.545;3.561;3.544;3.556;25.9837;ISP.ITEUR
2024-05-02 11:00:00;3.556;3.56;3.549;3.549;16.1384;ISP.ITEUR
2024-05-02 12:00:00;3.55;3.571;3.548;3.567;20.863;ISP.ITEUR
2024-05-02 13:00:00;3.567;3.582;3.561;3.561;33.7217;ISP.ITEUR
2024-05-02 14:00:00;3.562;3.574;3.555;3.573;39.0801;ISP.ITEUR
2024-05-02 15:00:00;3.574;3.591;3.571;3.585;20.4288;ISP.ITEUR
2024-05-03 07:00:00;3.568;3.591;3.56;3.573;66.1972;ISP.ITEUR
2024-05-03 08:00:00;3.574;3.584;3.571;3.581;36.8049;ISP.ITEUR
2024-05-03 09:00:00;3.581;3.595;3.58;3.592;33.8929;ISP.ITEUR
2024-05-03 10:00:00;3.592;3.593;3.492;3.529;76.9414;ISP.ITEUR
2024-05-03 11:00:00;3.528;3.569;3.52;3.531;65.0364;ISP.ITEUR
2024-05-03 12:00:00;3.532;3.547;3.492;3.498;86.8204;ISP.ITEUR
2024-05-03 13:00:00;3.5;3.501;3.435;3.458;92.6868;ISP.ITEUR
2024-05-03 14:00:00;3.458;3.47;3.436;3.457;89.4418;ISP.ITEUR
2024-05-03 15:00:00;3.456;3.461;3.444;3.461;35.5057;ISP.ITEUR
2024-05-06 07:00:00;3.49;3.547;3.489;3.52;62.3382;ISP.ITEUR
2024-05-06 08:00:00;3.52;3.549;3.514;3.546;40.742;ISP.ITEUR
2024-05-06 09:00:00;3.547;3.559;3.543;3.553;23.491;ISP.ITEUR
2024-05-06 10:00:00;3.553;3.567;3.553;3.566;18.096;ISP.ITEUR
2024-05-06 11:00:00;3.566;3.567;3.552;3.554;18.2552;ISP.ITEUR
2024-05-06 12:00:00;3.555;3.562;3.55;3.551;19.7665;ISP.ITEUR
2024-05-06 13:00:00;3.552;3.552;3.536;3.549;26.4615;ISP.ITEUR
2024-05-06 15:00:00;3.556;3.556;3.551;3.555;10.9915;ISP.ITEUR
2024-05-07 07:00:00;3.575;3.585;3.558;3.574;53.3715;ISP.ITEUR
2024-05-07 08:00:00;3.574;3.585;3.571;3.581;25.0965;ISP.ITEUR
2024-05-07 09:00:00;3.58;3.591;3.58;3.588;20.7902;ISP.ITEUR
2024-05-07 10:00:00;3.588;3.598;3.586;3.594;26.3639;ISP.ITEUR
2024-05-07 11:00:00;3.595;3.596;3.587;3.591;20.215;ISP.ITEUR
2024-05-07 12:00:00;3.591;3.594;3.582;3.591;23.8355;ISP.ITEUR
2024-05-07 13:00:00;3.592;3.596;3.585;3.59;25.376;ISP.ITEUR
2024-05-07 14:00:00;3.589;3.593;3.583;3.59;23.582;ISP.ITEUR
2024-05-07 15:00:00;3.589;3.598;3.588;3.597;8.632;ISP.ITEUR
2024-05-08 07:00:00;3.616;3.624;3.599;3.606;55.4645;ISP.ITEUR
2024-05-08 08:00:00;3.606;3.607;3.584;3.595;53.482;ISP.ITEUR
2024-05-08 09:00:00;3.595;3.609;3.593;3.607;30.1275;ISP.ITEUR
2024-05-08 10:00:00;3.608;3.608;3.601;3.602;18.7395;ISP.ITEUR
2024-05-08 11:00:00;3.602;3.607;3.599;3.601;17.6962;ISP.ITEUR
2024-05-08 12:00:00;3.601;3.602;3.559;3.578;44.473;ISP.ITEUR
2024-05-08 13:00:00;3.577;3.583;3.572;3.581;28.7462;ISP.ITEUR
2024-05-08 14:00:00;3.58;3.599;3.578;3.59;29.3475;ISP.ITEUR
2024-05-08 15:00:00;3.591;3.594;3.589;3.594;9.4477;ISP.ITEUR
2024-05-09 07:00:00;3.606;3.608;3.58;3.587;40.9435;ISP.ITEUR
2024-05-09 08:00:00;3.587;3.592;3.585;3.589;21.5995;ISP.ITEUR
2024-05-09 09:00:00;3.589;3.59;3.578;3.586;20.4555;ISP.ITEUR
2024-05-09 10:00:00;3.586;3.594;3.585;3.591;12.9675;ISP.ITEUR
2024-05-09 11:00:00;3.592;3.592;3.575;3.575;19.5552;ISP.ITEUR
2024-05-09 12:00:00;3.576;3.576;3.534;3.542;65.4387;ISP.ITEUR
2024-05-09 13:00:00;3.542;3.568;3.54;3.565;27.69;ISP.ITEUR
2024-05-09 14:00:00;3.565;3.581;3.561;3.579;26.0975;ISP.ITEUR
2024-05-09 15:00:00;3.578;3.579;3.574;3.577;12.1875;ISP.ITEUR
2024-05-10 07:00:00;3.583;3.587;3.572;3.581;33.4945;ISP.ITEUR
2024-05-10 08:00:00;3.582;3.6;3.582;3.598;16.9585;ISP.ITEUR
2024-05-10 09:00:00;3.598;3.602;3.596;3.599;13.2599;ISP.ITEUR
2024-05-10 10:00:00;3.599;3.601;3.595;3.595;11.7195;ISP.ITEUR
2024-05-10 11:00:00;3.594;3.603;3.594;3.598;15.132;ISP.ITEUR
2024-05-10 12:00:00;3.597;3.599;3.592;3.597;11.375;ISP.ITEUR
2024-05-10 13:00:00;3.596;3.6;3.593;3.596;15.7235;ISP.ITEUR
2024-05-10 14:00:00;3.596;3.608;3.594;3.599;17.1827;ISP.ITEUR
2024-05-10 15:00:00;3.6;3.6;3.596;3.597;5.5315;ISP.ITEUR
2024-05-13 07:00:00;3.603;3.62;3.599;3.618;29.6061;ISP.ITEUR
2024-05-13 08:00:00;3.617;3.64;3.614;3.624;40.6935;ISP.ITEUR
2024-05-13 09:00:00;3.625;3.627;3.619;3.621;21.0374;ISP.ITEUR
2024-05-13 10:00:00;3.62;3.628;3.615;3.628;13.9874;ISP.ITEUR
2024-05-13 11:00:00;3.63;3.632;3.624;3.626;15.0687;ISP.ITEUR
2024-05-13 12:00:00;3.626;3.627;3.617;3.62;19.503;ISP.ITEUR
2024-05-13 13:00:00;3.621;3.623;3.614;3.623;24.5122;ISP.ITEUR
2024-05-13 14:00:00;3.623;3.629;3.618;3.628;22.2374;ISP.ITEUR
2024-05-13 15:00:00;3.627;3.63;3.624;3.628;8.0;ISP.ITEUR
2024-05-14 07:00:00;3.63;3.647;3.625;3.645;38.8248;ISP.ITEUR
2024-05-14 08:00:00;3.644;3.645;3.632;3.638;29.056;ISP.ITEUR
2024-05-14 09:00:00;3.637;3.661;3.637;3.659;33.7904;ISP.ITEUR
2024-05-14 10:00:00;3.659;3.675;3.659;3.675;26.0717;ISP.ITEUR
2024-05-14 11:00:00;3.675;3.683;3.671;3.676;25.8374;ISP.ITEUR
2024-05-14 12:00:00;3.675;3.691;3.669;3.685;42.6591;ISP.ITEUR
2024-05-14 13:00:00;3.685;3.686;3.678;3.681;21.8374;ISP.ITEUR
2024-05-14 14:00:00;3.681;3.732;3.678;3.717;45.1019;ISP.ITEUR
2024-05-14 15:00:00;3.718;3.718;3.698;3.708;19.553;ISP.ITEUR
2024-05-15 07:00:00;3.737;3.738;3.713;3.723;40.7748;ISP.ITEUR
2024-05-15 08:00:00;3.724;3.725;3.715;3.72;21.6248;ISP.ITEUR
2024-05-15 09:00:00;3.72;3.724;3.719;3.721;19.9187;ISP.ITEUR
2024-05-15 10:00:00;3.72;3.721;3.711;3.713;20.9687;ISP.ITEUR
2024-05-15 11:00:00;3.714;3.714;3.699;3.708;21.6187;ISP.ITEUR
2024-05-15 12:00:00;3.707;3.715;3.682;3.697;53.3322;ISP.ITEUR
2024-05-15 13:00:00;3.698;3.724;3.697;3.723;39.5561;ISP.ITEUR
2024-05-15 14:00:00;3.723;3.725;3.709;3.72;25.4748;ISP.ITEUR
2024-05-15 15:00:00;3.721;3.724;3.719;3.723;5.45;ISP.ITEUR
2024-05-16 07:00:00;3.732;3.734;3.706;3.72;41.4748;ISP.ITEUR
2024-05-16 08:00:00;3.721;3.724;3.706;3.716;34.3248;ISP.ITEUR
2024-05-16 09:00:00;3.717;3.725;3.716;3.72;22.1374;ISP.ITEUR
2024-05-16 10:00:00;3.719;3.731;3.719;3.725;22.1561;ISP.ITEUR
2024-05-16 11:00:00;3.725;3.726;3.721;3.721;17.8343;ISP.ITEUR
2024-05-16 12:00:00;3.722;3.722;3.712;3.719;21.25;ISP.ITEUR
2024-05-16 13:00:00;3.717;3.729;3.713;3.723;23.3187;ISP.ITEUR
2024-05-16 14:00:00;3.723;3.726;3.715;3.724;29.4874;ISP.ITEUR
2024-05-16 15:00:00;3.724;3.725;3.72;3.725;11.0374;ISP.ITEUR
2024-05-17 07:00:00;3.738;3.752;3.729;3.75;29.0874;ISP.ITEUR
2024-05-17 08:00:00;3.749;3.755;3.727;3.74;36.1561;ISP.ITEUR
2024-05-17 09:00:00;3.741;3.745;3.734;3.741;32.1809;ISP.ITEUR
2024-05-17 10:00:00;3.741;3.741;3.734;3.738;14.0187;ISP.ITEUR
2024-05-17 11:00:00;3.738;3.745;3.737;3.744;16.5374;ISP.ITEUR
2024-05-17 12:00:00;3.744;3.745;3.74;3.74;10.9187;ISP.ITEUR
2024-05-17 13:00:00;3.739;3.743;3.733;3.741;17.85;ISP.ITEUR
2024-05-17 14:00:00;3.742;3.748;3.735;3.747;17.8656;ISP.ITEUR
2024-05-17 15:00:00;3.746;3.755;3.746;3.748;11.203;ISP.ITEUR
2024-05-20 07:00:00;3.645;3.656;3.594;3.619;70.9211;ISP.ITEUR
2024-05-20 08:00:00;3.619;3.621;3.601;3.608;32.5161;ISP.ITEUR
2024-05-20 09:00:00;3.609;3.611;3.589;3.597;24.4891;ISP.ITEUR
2024-05-20 10:00:00;3.598;3.598;3.583;3.586;19.9196;ISP.ITEUR
2024-05-20 11:00:00;3.587;3.591;3.577;3.583;18.0887;ISP.ITEUR
2024-05-20 12:00:00;3.583;3.597;3.583;3.592;17.4153;ISP.ITEUR
2024-05-20 13:00:00;3.591;3.595;3.562;3.565;22.2103;ISP.ITEUR
2024-05-20 14:00:00;3.564;3.572;3.545;3.563;35.309;ISP.ITEUR
2024-05-20 15:00:00;3.562;3.564;3.557;3.559;9.2052;ISP.ITEUR
2024-05-21 07:00:00;3.546;3.579;3.543;3.576;52.0323;ISP.ITEUR
2024-05-21 08:00:00;3.576;3.582;3.542;3.551;42.8752;ISP.ITEUR
2024-05-21 09:00:00;3.55;3.561;3.529;3.532;24.5972;ISP.ITEUR
2024-05-21 10:00:00;3.532;3.537;3.529;3.531;21.6212;ISP.ITEUR
2024-05-21 11:00:00;3.53;3.561;3.53;3.56;23.7314;ISP.ITEUR
2024-05-21 12:00:00;3.561;3.562;3.543;3.543;19.706;ISP.ITEUR
2024-05-21 13:00:00;3.542;3.551;3.535;3.537;29.8825;ISP.ITEUR
2024-05-21 14:00:00;3.536;3.552;3.535;3.551;13.5523;ISP.ITEUR
2024-05-22 07:00:00;3.559;3.56;3.538;3.543;33.3757;ISP.ITEUR
2024-05-22 08:00:00;3.543;3.554;3.529;3.537;32.4075;ISP.ITEUR
2024-05-22 09:00:00;3.537;3.564;3.527;3.562;35.9969;ISP.ITEUR
2024-05-22 10:00:00;3.561;3.568;3.557;3.567;33.1109;ISP.ITEUR
2024-05-22 11:00:00;3.567;3.57;3.546;3.547;13.5792;ISP.ITEUR
2024-05-22 12:00:00;3.547;3.562;3.544;3.557;15.302;ISP.ITEUR
2024-05-22 13:00:00;3.557;3.564;3.553;3.558;18.6147;ISP.ITEUR
2024-05-22 14:00:00;3.557;3.558;3.541;3.545;24.1462;ISP.ITEUR
2024-05-22 15:00:00;3.545;3.548;3.539;3.54;8.6249;ISP.ITEUR
2024-05-23 07:00:00;3.553;3.557;3.542;3.548;38.3419;ISP.ITEUR
2024-05-23 08:00:00;3.547;3.548;3.505;3.522;36.5441;ISP.ITEUR
2024-05-23 09:00:00;3.522;3.541;3.521;3.531;29.4434;ISP.ITEUR
2024-05-23 10:00:00;3.53;3.539;3.526;3.538;25.0782;ISP.ITEUR
2024-05-23 11:00:00;3.538;3.551;3.536;3.548;16.7869;ISP.ITEUR
2024-05-23 12:00:00;3.547;3.551;3.54;3.548;21.2783;ISP.ITEUR
2024-05-23 13:00:00;3.547;3.55;3.528;3.534;38.6274;ISP.ITEUR
2024-05-23 14:00:00;3.533;3.555;3.532;3.537;40.9274;ISP.ITEUR
2024-05-23 15:00:00;3.536;3.545;3.536;3.542;12.387;ISP.ITEUR
2024-05-24 07:00:00;3.399;3.513;3.399;3.495;48.0091;ISP.ITEUR
2024-05-24 08:00:00;3.496;3.522;3.496;3.519;22.7544;ISP.ITEUR
2024-05-24 09:00:00;3.519;3.525;3.511;3.512;18.3323;ISP.ITEUR
2024-05-24 10:00:00;3.513;3.52;3.51;3.513;14.0333;ISP.ITEUR
2024-05-24 11:00:00;3.513;3.517;3.509;3.516;8.8023;ISP.ITEUR
2024-05-24 12:00:00;3.516;3.519;3.51;3.511;14.3219;ISP.ITEUR
2024-05-24 13:00:00;3.51;3.521;3.509;3.513;19.2824;ISP.ITEUR
2024-05-24 14:00:00;3.512;3.545;3.512;3.542;22.7425;ISP.ITEUR
2024-05-24 15:00:00;3.541;3.551;3.54;3.55;7.6841;ISP.ITEUR
2024-05-27 07:00:00;3.553;3.553;3.519;3.524;33.8485;ISP.ITEUR
2024-05-27 08:00:00;3.525;3.536;3.524;3.536;24.5324;ISP.ITEUR
2024-05-27 09:00:00;3.536;3.538;3.525;3.536;19.5448;ISP.ITEUR
2024-05-27 10:00:00;3.535;3.537;3.529;3.531;11.2744;ISP.ITEUR
2024-05-27 11:00:00;3.532;3.535;3.526;3.532;7.9092;ISP.ITEUR
2024-05-27 12:00:00;3.531;3.541;3.531;3.539;12.206;ISP.ITEUR
2024-05-27 13:00:00;3.54;3.546;3.539;3.544;11.0716;ISP.ITEUR
2024-05-27 14:00:00;3.544;3.552;3.541;3.552;14.1263;ISP.ITEUR
2024-05-27 15:00:00;3.55;3.558;3.549;3.558;9.652;ISP.ITEUR
2024-05-28 07:00:00;3.59;3.61;3.588;3.604;43.2154;ISP.ITEUR
2024-05-28 08:00:00;3.604;3.627;3.594;3.626;35.1414;ISP.ITEUR
2024-05-28 09:00:00;3.626;3.637;3.622;3.63;27.3019;ISP.ITEUR
2024-05-28 10:00:00;3.629;3.629;3.609;3.611;23.2713;ISP.ITEUR
2024-05-28 11:00:00;3.612;3.618;3.607;3.615;14.1643;ISP.ITEUR
2024-05-28 12:00:00;3.614;3.615;3.598;3.602;17.5929;ISP.ITEUR
2024-05-28 13:00:00;3.603;3.607;3.597;3.6;22.6185;ISP.ITEUR
2024-05-28 14:00:00;3.599;3.605;3.592;3.599;24.6782;ISP.ITEUR
2024-05-28 15:00:00;3.599;3.607;3.597;3.606;9.4999;ISP.ITEUR
2024-05-29 07:00:00;3.612;3.612;3.581;3.583;49.1789;ISP.ITEUR
2024-05-29 08:00:00;3.584;3.59;3.577;3.579;37.6193;ISP.ITEUR
2024-05-29 09:00:00;3.579;3.58;3.553;3.559;32.0867;ISP.ITEUR
2024-05-29 10:00:00;3.558;3.561;3.538;3.538;27.7899;ISP.ITEUR
2024-05-29 11:00:00;3.538;3.542;3.523;3.534;44.7554;ISP.ITEUR
2024-05-29 12:00:00;3.534;3.535;3.512;3.515;48.805;ISP.ITEUR
2024-05-29 13:00:00;3.514;3.523;3.504;3.513;51.3654;ISP.ITEUR
2024-05-29 14:00:00;3.513;3.529;3.51;3.529;35.8195;ISP.ITEUR
2024-05-29 15:00:00;3.53;3.532;3.523;3.53;16.3254;ISP.ITEUR
2024-05-30 07:00:00;3.526;3.57;3.525;3.57;48.8241;ISP.ITEUR
2024-05-30 08:00:00;3.57;3.581;3.568;3.573;40.9212;ISP.ITEUR
2024-05-30 09:00:00;3.573;3.586;3.567;3.576;32.8979;ISP.ITEUR
2024-05-30 10:00:00;3.575;3.597;3.575;3.591;33.3162;ISP.ITEUR
2024-05-30 11:00:00;3.59;3.594;3.583;3.589;26.3513;ISP.ITEUR
2024-05-30 12:00:00;3.589;3.593;3.583;3.587;23.7276;ISP.ITEUR
2024-05-30 13:00:00;3.587;3.602;3.587;3.591;27.9737;ISP.ITEUR
2024-05-30 14:00:00;3.592;3.607;3.591;3.607;28.7849;ISP.ITEUR
2024-05-30 15:00:00;3.607;3.614;3.606;3.61;8.6697;ISP.ITEUR
2024-05-31 07:00:00;3.631;3.646;3.619;3.645;40.7374;ISP.ITEUR
2024-05-31 08:00:00;3.646;3.65;3.619;3.622;26.1992;ISP.ITEUR
2024-05-31 09:00:00;3.621;3.639;3.616;3.638;25.7429;ISP.ITEUR
2024-05-31 10:00:00;3.637;3.637;3.627;3.633;21.1229;ISP.ITEUR
2024-05-31 11:00:00;3.632;3.634;3.626;3.628;15.3684;ISP.ITEUR
2024-05-31 12:00:00;3.629;3.634;3.625;3.628;25.8633;ISP.ITEUR
2024-05-31 13:00:00;3.628;3.629;3.612;3.613;26.3133;ISP.ITEUR
2024-05-31 14:00:00;3.613;3.618;3.6;3.613;31.0474;ISP.ITEUR
2024-05-31 15:00:00;3.613;3.615;3.607;3.609;10.6153;ISP.ITEUR
2024-06-03 07:00:00;3.639;3.645;3.618;3.637;43.519;ISP.ITEUR
2024-06-03 08:00:00;3.637;3.65;3.636;3.643;41.1113;ISP.ITEUR
2024-06-03 09:00:00;3.643;3.647;3.636;3.645;29.1852;ISP.ITEUR
2024-06-03 10:00:00;3.646;3.653;3.642;3.644;19.4485;ISP.ITEUR
2024-06-03 11:00:00;3.644;3.647;3.633;3.639;21.1077;ISP.ITEUR
2024-06-03 12:00:00;3.639;3.646;3.636;3.644;16.8662;ISP.ITEUR
2024-06-03 13:00:00;3.645;3.646;3.623;3.628;34.7803;ISP.ITEUR
2024-06-03 14:00:00;3.628;3.635;3.623;3.631;49.8875;ISP.ITEUR
2024-06-03 15:00:00;3.631;3.643;3.626;3.643;14.209;ISP.ITEUR
2024-06-04 07:00:00;3.615;3.615;3.584;3.587;49.7191;ISP.ITEUR
2024-06-04 08:00:00;3.586;3.586;3.562;3.571;65.8492;ISP.ITEUR
2024-06-04 09:00:00;3.572;3.575;3.545;3.553;62.2939;ISP.ITEUR
2024-06-04 10:00:00;3.553;3.556;3.543;3.549;42.521;ISP.ITEUR
2024-06-04 11:00:00;3.549;3.575;3.549;3.571;29.5969;ISP.ITEUR
2024-06-04 12:00:00;3.57;3.572;3.559;3.562;23.9208;ISP.ITEUR
2024-06-04 13:00:00;3.563;3.573;3.551;3.561;41.8224;ISP.ITEUR
2024-06-04 14:00:00;3.56;3.571;3.547;3.553;54.2849;ISP.ITEUR
2024-06-04 15:00:00;3.554;3.556;3.543;3.552;23.7898;ISP.ITEUR
2024-06-05 07:00:00;3.561;3.563;3.533;3.534;34.5245;ISP.ITEUR
2024-06-05 08:00:00;3.533;3.561;3.532;3.549;39.7141;ISP.ITEUR
2024-06-05 09:00:00;3.55;3.565;3.544;3.565;29.3162;ISP.ITEUR
2024-06-05 10:00:00;3.565;3.578;3.56;3.574;20.9704;ISP.ITEUR
2024-06-05 11:00:00;3.574;3.582;3.57;3.578;23.3469;ISP.ITEUR
2024-06-05 12:00:00;3.578;3.586;3.574;3.582;28.1623;ISP.ITEUR
2024-06-05 13:00:00;3.583;3.586;3.553;3.556;46.6253;ISP.ITEUR
2024-06-05 14:00:00;3.557;3.559;3.54;3.54;66.7973;ISP.ITEUR
2024-06-05 15:00:00;3.541;3.544;3.536;3.542;15.7559;ISP.ITEUR
2024-06-06 07:00:00;3.552;3.554;3.508;3.526;46.1762;ISP.ITEUR
2024-06-06 08:00:00;3.525;3.542;3.524;3.531;40.9242;ISP.ITEUR
2024-06-06 09:00:00;3.531;3.551;3.531;3.55;35.6473;ISP.ITEUR
2024-06-06 10:00:00;3.549;3.558;3.548;3.558;13.71;ISP.ITEUR
2024-06-06 11:00:00;3.557;3.557;3.546;3.551;18.3694;ISP.ITEUR
2024-06-06 12:00:00;3.55;3.589;3.538;3.589;59.3123;ISP.ITEUR
2024-06-06 13:00:00;3.589;3.596;3.567;3.594;55.4263;ISP.ITEUR
2024-06-06 14:00:00;3.595;3.614;3.594;3.601;38.3294;ISP.ITEUR
2024-06-06 15:00:00;3.601;3.61;3.6;3.61;12.3939;ISP.ITEUR
2024-06-07 07:00:00;3.607;3.608;3.572;3.586;40.4252;ISP.ITEUR
2024-06-07 08:00:00;3.585;3.59;3.559;3.562;30.2706;ISP.ITEUR
2024-06-07 09:00:00;3.561;3.578;3.557;3.576;32.7531;ISP.ITEUR
2024-06-07 10:00:00;3.577;3.577;3.561;3.564;18.4817;ISP.ITEUR
2024-06-07 11:00:00;3.564;3.564;3.552;3.561;22.8417;ISP.ITEUR
2024-06-07 12:00:00;3.561;3.598;3.551;3.592;61.3832;ISP.ITEUR
2024-06-07 13:00:00;3.592;3.61;3.586;3.597;58.7011;ISP.ITEUR
2024-06-07 14:00:00;3.597;3.601;3.586;3.587;32.0171;ISP.ITEUR
2024-06-07 15:00:00;3.588;3.589;3.578;3.588;14.2402;ISP.ITEUR
2024-06-10 07:00:00;3.547;3.557;3.532;3.537;64.9365;ISP.ITEUR
2024-06-10 08:00:00;3.536;3.546;3.524;3.536;44.5591;ISP.ITEUR
2024-06-10 09:00:00;3.535;3.54;3.527;3.53;30.8337;ISP.ITEUR
2024-06-10 10:00:00;3.53;3.546;3.524;3.539;26.4512;ISP.ITEUR
2024-06-10 11:00:00;3.539;3.561;3.538;3.555;22.8484;ISP.ITEUR
2024-06-10 12:00:00;3.556;3.561;3.548;3.552;26.7657;ISP.ITEUR
2024-06-10 13:00:00;3.551;3.552;3.535;3.541;46.125;ISP.ITEUR
2024-06-10 14:00:00;3.542;3.558;3.534;3.555;29.5449;ISP.ITEUR
2024-06-10 15:00:00;3.554;3.567;3.55;3.567;15.4985;ISP.ITEUR
2024-06-11 07:00:00;3.565;3.571;3.543;3.558;55.2166;ISP.ITEUR
2024-06-11 08:00:00;3.559;3.574;3.533;3.537;53.167;ISP.ITEUR
2024-06-11 09:00:00;3.537;3.545;3.517;3.517;71.287;ISP.ITEUR
2024-06-11 10:00:00;3.516;3.519;3.5;3.505;65.4591;ISP.ITEUR
2024-06-11 11:00:00;3.504;3.505;3.46;3.472;63.4156;ISP.ITEUR
2024-06-11 12:00:00;3.472;3.475;3.455;3.465;67.7602;ISP.ITEUR
2024-06-11 13:00:00;3.466;3.483;3.446;3.471;77.8705;ISP.ITEUR
2024-06-11 14:00:00;3.47;3.487;3.464;3.484;60.5607;ISP.ITEUR
2024-06-11 15:00:00;3.483;3.486;3.473;3.482;26.6651;ISP.ITEUR
2024-06-12 07:00:00;3.504;3.534;3.501;3.532;44.182;ISP.ITEUR
2024-06-12 08:00:00;3.531;3.532;3.514;3.515;36.5237;ISP.ITEUR
2024-06-12 09:00:00;3.514;3.526;3.509;3.521;29.3812;ISP.ITEUR
2024-06-12 10:00:00;3.521;3.54;3.518;3.535;25.2506;ISP.ITEUR
2024-06-12 11:00:00;3.535;3.542;3.531;3.54;25.7533;ISP.ITEUR
2024-06-12 12:00:00;3.541;3.542;3.521;3.533;71.1797;ISP.ITEUR
2024-06-12 13:00:00;3.531;3.541;3.524;3.527;56.3039;ISP.ITEUR
2024-06-12 14:00:00;3.528;3.542;3.52;3.536;36.3099;ISP.ITEUR
2024-06-12 15:00:00;3.536;3.542;3.536;3.541;11.6884;ISP.ITEUR
2024-06-13 07:00:00;3.524;3.539;3.508;3.524;55.9772;ISP.ITEUR
2024-06-13 08:00:00;3.524;3.526;3.499;3.511;54.0598;ISP.ITEUR
2024-06-13 09:00:00;3.511;3.518;3.497;3.508;37.4104;ISP.ITEUR
2024-06-13 10:00:00;3.509;3.511;3.498;3.504;37.4232;ISP.ITEUR
2024-06-13 11:00:00;3.505;3.518;3.502;3.513;29.2807;ISP.ITEUR
2024-06-13 12:00:00;3.514;3.519;3.492;3.495;52.3496;ISP.ITEUR
2024-06-13 13:00:00;3.495;3.497;3.448;3.451;58.3098;ISP.ITEUR
2024-06-13 14:00:00;3.451;3.456;3.414;3.418;70.3879;ISP.ITEUR
2024-06-13 15:00:00;3.418;3.427;3.404;3.418;35.1094;ISP.ITEUR
2024-06-14 07:00:00;3.388;3.401;3.319;3.32;105.2336;ISP.ITEUR
2024-06-14 08:00:00;3.318;3.333;3.295;3.316;105.6233;ISP.ITEUR
2024-06-14 09:00:00;3.315;3.334;3.299;3.311;91.4322;ISP.ITEUR
2024-06-14 10:00:00;3.31;3.313;3.267;3.287;92.2562;ISP.ITEUR
2024-06-14 11:00:00;3.287;3.301;3.264;3.279;91.1998;ISP.ITEUR
2024-06-14 12:00:00;3.278;3.288;3.256;3.281;77.2287;ISP.ITEUR
2024-06-14 13:00:00;3.28;3.31;3.276;3.297;84.0386;ISP.ITEUR
2024-06-14 14:00:00;3.293;3.303;3.275;3.303;81.1209;ISP.ITEUR
2024-06-14 15:00:00;3.302;3.318;3.3;3.318;24.804;ISP.ITEUR
2024-06-17 07:00:00;3.365;3.383;3.345;3.352;78.2448;ISP.ITEUR
2024-06-17 08:00:00;3.351;3.368;3.346;3.35;71.6922;ISP.ITEUR
2024-06-17 09:00:00;3.349;3.362;3.347;3.349;53.7331;ISP.ITEUR
2024-06-17 10:00:00;3.348;3.363;3.331;3.361;54.8306;ISP.ITEUR
2024-06-17 11:00:00;3.36;3.374;3.355;3.371;37.916;ISP.ITEUR
2024-06-17 12:00:00;3.371;3.376;3.362;3.376;39.7675;ISP.ITEUR
2024-06-17 13:00:00;3.375;3.394;3.369;3.369;45.4674;ISP.ITEUR
2024-06-17 14:00:00;3.37;3.375;3.361;3.366;42.4916;ISP.ITEUR
2024-06-17 15:00:00;3.366;3.372;3.365;3.371;15.3608;ISP.ITEUR
2024-06-18 07:00:00;3.432;3.432;3.403;3.414;57.1251;ISP.ITEUR
2024-06-18 08:00:00;3.414;3.42;3.396;3.414;58.6593;ISP.ITEUR
2024-06-18 09:00:00;3.414;3.434;3.414;3.43;51.3325;ISP.ITEUR
2024-06-18 10:00:00;3.429;3.446;3.427;3.444;39.1722;ISP.ITEUR
2024-06-18 11:00:00;3.444;3.446;3.429;3.434;32.6986;ISP.ITEUR
2024-06-18 12:00:00;3.433;3.437;3.411;3.421;36.8051;ISP.ITEUR
2024-06-18 13:00:00;3.42;3.429;3.407;3.424;57.0128;ISP.ITEUR
2024-06-18 14:00:00;3.424;3.431;3.419;3.425;37.6976;ISP.ITEUR
2024-06-18 15:00:00;3.425;3.427;3.421;3.426;14.3028;ISP.ITEUR
2024-06-19 07:00:00;3.412;3.438;3.404;3.437;58.9832;ISP.ITEUR
2024-06-19 08:00:00;3.438;3.448;3.427;3.429;46.8363;ISP.ITEUR
2024-06-19 09:00:00;3.429;3.439;3.416;3.437;44.4623;ISP.ITEUR
2024-06-19 10:00:00;3.436;3.444;3.431;3.443;27.8055;ISP.ITEUR
2024-06-19 11:00:00;3.443;3.48;3.443;3.476;29.895;ISP.ITEUR
2024-06-19 12:00:00;3.475;3.475;3.464;3.472;28.8568;ISP.ITEUR
2024-06-19 13:00:00;3.472;3.479;3.461;3.467;33.5253;ISP.ITEUR
2024-06-19 14:00:00;3.466;3.478;3.458;3.467;29.2073;ISP.ITEUR
2024-06-19 15:00:00;3.466;3.469;3.461;3.463;16.8617;ISP.ITEUR
2024-06-20 07:00:00;3.472;3.492;3.469;3.473;56.8077;ISP.ITEUR
2024-06-20 08:00:00;3.473;3.5;3.471;3.496;50.3607;ISP.ITEUR
2024-06-20 09:00:00;3.497;3.507;3.492;3.498;64.5707;ISP.ITEUR
2024-06-20 10:00:00;3.498;3.507;3.494;3.495;42.062;ISP.ITEUR
2024-06-20 11:00:00;3.496;3.499;3.489;3.494;36.0842;ISP.ITEUR
2024-06-20 12:00:00;3.494;3.501;3.493;3.501;34.4379;ISP.ITEUR
2024-06-20 13:00:00;3.501;3.501;3.485;3.496;38.7424;ISP.ITEUR
2024-06-20 14:00:00;3.496;3.51;3.493;3.499;42.7298;ISP.ITEUR
2024-06-20 15:00:00;3.5;3.501;3.494;3.495;17.2321;ISP.ITEUR
2024-06-21 07:00:00;3.467;3.477;3.441;3.445;56.5763;ISP.ITEUR
2024-06-21 08:00:00;3.444;3.446;3.425;3.442;59.8031;ISP.ITEUR
2024-06-21 09:00:00;3.442;3.454;3.417;3.426;61.549;ISP.ITEUR
2024-06-21 10:00:00;3.426;3.447;3.426;3.441;45.884;ISP.ITEUR
2024-06-21 11:00:00;3.443;3.453;3.44;3.444;32.097;ISP.ITEUR
2024-06-21 12:00:00;3.445;3.448;3.433;3.44;27.8452;ISP.ITEUR
2024-06-21 13:00:00;3.44;3.442;3.415;3.43;47.6891;ISP.ITEUR
2024-06-21 14:00:00;3.432;3.458;3.43;3.454;53.3626;ISP.ITEUR
2024-06-21 15:00:00;3.454;3.457;3.445;3.454;25.5108;ISP.ITEUR
2024-06-24 07:00:00;3.479;3.489;3.469;3.487;47.769;ISP.ITEUR
2024-06-24 08:00:00;3.488;3.519;3.482;3.511;63.933;ISP.ITEUR
2024-06-24 09:00:00;3.51;3.524;3.505;3.512;51.1098;ISP.ITEUR
2024-06-24 10:00:00;3.511;3.516;3.506;3.514;43.3015;ISP.ITEUR
2024-06-24 11:00:00;3.513;3.517;3.503;3.508;37.2189;ISP.ITEUR
2024-06-24 12:00:00;3.507;3.515;3.496;3.499;32.1652;ISP.ITEUR
2024-06-24 13:00:00;3.5;3.521;3.496;3.516;57.6616;ISP.ITEUR
2024-06-24 14:00:00;3.516;3.525;3.51;3.524;52.1974;ISP.ITEUR
2024-06-24 15:00:00;3.525;3.534;3.522;3.532;17.7334;ISP.ITEUR
2024-06-25 07:00:00;3.542;3.548;3.512;3.524;60.8459;ISP.ITEUR
2024-06-25 08:00:00;3.523;3.541;3.52;3.533;51.429;ISP.ITEUR
2024-06-25 09:00:00;3.533;3.535;3.518;3.521;39.0879;ISP.ITEUR
2024-06-25 10:00:00;3.521;3.522;3.507;3.513;31.2273;ISP.ITEUR
2024-06-25 11:00:00;3.513;3.516;3.499;3.507;25.3401;ISP.ITEUR
2024-06-25 12:00:00;3.506;3.524;3.505;3.52;24.767;ISP.ITEUR
2024-06-25 13:00:00;3.52;3.527;3.499;3.499;46.0171;ISP.ITEUR
2024-06-25 14:00:00;3.502;3.516;3.499;3.505;41.2827;ISP.ITEUR
2024-06-25 15:00:00;3.506;3.514;3.505;3.512;12.1914;ISP.ITEUR
2024-06-26 07:00:00;3.546;3.548;3.527;3.533;57.9089;ISP.ITEUR
2024-06-26 08:00:00;3.534;3.537;3.523;3.529;32.2498;ISP.ITEUR
2024-06-26 09:00:00;3.528;3.534;3.526;3.526;28.8113;ISP.ITEUR
2024-06-26 10:00:00;3.526;3.528;3.519;3.522;38.2934;ISP.ITEUR
2024-06-26 11:00:00;3.521;3.526;3.51;3.525;32.8099;ISP.ITEUR
2024-06-26 12:00:00;3.525;3.528;3.489;3.491;49.052;ISP.ITEUR
2024-06-26 13:00:00;3.49;3.519;3.488;3.517;61.5167;ISP.ITEUR
2024-06-26 14:00:00;3.517;3.529;3.514;3.527;45.138;ISP.ITEUR
2024-06-26 15:00:00;3.526;3.527;3.518;3.522;18.7364;ISP.ITEUR
2024-06-27 07:00:00;3.508;3.527;3.502;3.521;40.1886;ISP.ITEUR
2024-06-27 08:00:00;3.521;3.524;3.501;3.509;45.7111;ISP.ITEUR
2024-06-27 09:00:00;3.509;3.512;3.492;3.493;35.9879;ISP.ITEUR
2024-06-27 10:00:00;3.493;3.498;3.479;3.483;37.1732;ISP.ITEUR
2024-06-27 11:00:00;3.483;3.496;3.475;3.492;32.139;ISP.ITEUR
2024-06-27 12:00:00;3.492;3.499;3.478;3.483;36.4959;ISP.ITEUR
2024-06-27 13:00:00;3.482;3.497;3.48;3.487;39.6282;ISP.ITEUR
2024-06-27 14:00:00;3.488;3.496;3.452;3.457;53.2135;ISP.ITEUR
2024-06-27 15:00:00;3.458;3.463;3.45;3.462;27.1115;ISP.ITEUR
2024-06-28 07:00:00;3.483;3.492;3.468;3.474;58.4105;ISP.ITEUR
2024-06-28 08:00:00;3.475;3.499;3.461;3.495;67.1112;ISP.ITEUR
2024-06-28 09:00:00;3.496;3.511;3.491;3.507;60.7681;ISP.ITEUR
2024-06-28 10:00:00;3.507;3.518;3.503;3.515;42.4027;ISP.ITEUR
2024-06-28 11:00:00;3.513;3.513;3.466;3.478;53.7537;ISP.ITEUR
2024-06-28 12:00:00;3.477;3.484;3.454;3.462;56.5088;ISP.ITEUR
2024-06-28 13:00:00;3.462;3.487;3.461;3.469;67.3196;ISP.ITEUR
2024-06-28 14:00:00;3.47;3.484;3.46;3.464;58.9836;ISP.ITEUR
2024-06-28 15:00:00;3.463;3.466;3.455;3.466;20.5469;ISP.ITEUR
2024-07-01 07:00:00;3.543;3.575;3.537;3.543;92.8489;ISP.ITEUR
2024-07-01 08:00:00;3.543;3.558;3.543;3.545;58.8544;ISP.ITEUR
2024-07-01 09:00:00;3.546;3.554;3.539;3.552;37.8089;ISP.ITEUR
2024-07-01 10:00:00;3.552;3.566;3.551;3.564;28.9276;ISP.ITEUR
2024-07-01 11:00:00;3.563;3.567;3.557;3.567;20.7793;ISP.ITEUR
2024-07-01 12:00:00;3.567;3.575;3.567;3.574;18.1582;ISP.ITEUR
2024-07-01 13:00:00;3.575;3.584;3.569;3.579;21.7199;ISP.ITEUR
2024-07-01 14:00:00;3.579;3.583;3.563;3.572;45.159;ISP.ITEUR
2024-07-01 15:00:00;3.572;3.582;3.572;3.581;14.4345;ISP.ITEUR
2024-07-02 07:00:00;3.551;3.566;3.544;3.564;29.174;ISP.ITEUR
2024-07-02 08:00:00;3.564;3.567;3.546;3.554;68.1573;ISP.ITEUR
2024-07-02 09:00:00;3.554;3.562;3.53;3.53;65.0887;ISP.ITEUR
2024-07-02 10:00:00;3.529;3.537;3.521;3.524;39.6903;ISP.ITEUR
2024-07-02 11:00:00;3.525;3.527;3.514;3.524;45.2437;ISP.ITEUR
2024-07-02 12:00:00;3.524;3.539;3.52;3.539;43.5047;ISP.ITEUR
2024-07-02 13:00:00;3.539;3.549;3.535;3.547;78.4722;ISP.ITEUR
2024-07-02 14:00:00;3.546;3.554;3.536;3.537;57.2582;ISP.ITEUR
2024-07-02 15:00:00;3.537;3.539;3.529;3.536;16.8999;ISP.ITEUR
2024-07-03 07:00:00;3.537;3.578;3.535;3.567;58.5625;ISP.ITEUR
2024-07-03 08:00:00;3.566;3.573;3.552;3.568;54.9814;ISP.ITEUR
2024-07-03 09:00:00;3.569;3.582;3.567;3.572;43.9137;ISP.ITEUR
2024-07-03 10:00:00;3.573;3.579;3.571;3.578;21.0907;ISP.ITEUR
2024-07-03 11:00:00;3.578;3.583;3.575;3.579;17.9249;ISP.ITEUR
2024-07-03 12:00:00;3.579;3.581;3.571;3.578;23.6858;ISP.ITEUR
2024-07-03 13:00:00;3.578;3.581;3.57;3.572;33.1703;ISP.ITEUR
2024-07-03 14:00:00;3.575;3.575;3.555;3.565;54.3128;ISP.ITEUR
2024-07-03 15:00:00;3.566;3.575;3.559;3.571;20.3123;ISP.ITEUR
2024-07-04 07:00:00;3.589;3.592;3.571;3.579;37.9908;ISP.ITEUR
2024-07-04 08:00:00;3.579;3.59;3.579;3.584;25.4698;ISP.ITEUR
2024-07-04 09:00:00;3.585;3.59;3.581;3.582;18.405;ISP.ITEUR
2024-07-04 10:00:00;3.581;3.583;3.571;3.574;15.9527;ISP.ITEUR
2024-07-04 11:00:00;3.575;3.586;3.571;3.577;15.6801;ISP.ITEUR
2024-07-04 12:00:00;3.576;3.581;3.571;3.581;15.8683;ISP.ITEUR
2024-07-04 13:00:00;3.58;3.582;3.576;3.581;12.4235;ISP.ITEUR
2024-07-04 14:00:00;3.581;3.584;3.571;3.581;15.8164;ISP.ITEUR
2024-07-04 15:00:00;3.581;3.586;3.58;3.582;12.326;ISP.ITEUR
2024-07-05 07:00:00;3.576;3.583;3.567;3.578;53.3075;ISP.ITEUR
2024-07-05 08:00:00;3.578;3.588;3.577;3.587;35.986;ISP.ITEUR
2024-07-05 09:00:00;3.587;3.592;3.578;3.583;23.0499;ISP.ITEUR
2024-07-05 10:00:00;3.583;3.584;3.57;3.57;19.5012;ISP.ITEUR
2024-07-05 11:00:00;3.57;3.572;3.56;3.562;20.9088;ISP.ITEUR
2024-07-05 12:00:00;3.563;3.569;3.551;3.553;44.0887;ISP.ITEUR
2024-07-05 13:00:00;3.554;3.556;3.535;3.536;48.7334;ISP.ITEUR
2024-07-05 14:00:00;3.536;3.549;3.521;3.548;58.6334;ISP.ITEUR
2024-07-05 15:00:00;3.549;3.552;3.543;3.552;17.8924;ISP.ITEUR
2024-07-08 07:00:00;3.553;3.589;3.542;3.588;52.2907;ISP.ITEUR
2024-07-08 08:00:00;3.588;3.622;3.588;3.611;33.5317;ISP.ITEUR
2024-07-08 09:00:00;3.611;3.612;3.593;3.598;36.8462;ISP.ITEUR
2024-07-08 10:00:00;3.597;3.599;3.58;3.581;21.294;ISP.ITEUR
2024-07-08 11:00:00;3.58;3.596;3.579;3.591;12.1173;ISP.ITEUR
2024-07-08 12:00:00;3.59;3.593;3.583;3.586;15.6663;ISP.ITEUR
2024-07-08 13:00:00;3.585;3.586;3.567;3.57;24.6909;ISP.ITEUR
2024-07-08 14:00:00;3.57;3.571;3.556;3.559;29.1905;ISP.ITEUR
2024-07-08 15:00:00;3.558;3.574;3.558;3.573;10.8498;ISP.ITEUR
2024-07-09 07:00:00;3.554;3.565;3.531;3.561;55.2313;ISP.ITEUR
2024-07-09 08:00:00;3.562;3.569;3.552;3.568;48.4882;ISP.ITEUR
2024-07-09 09:00:00;3.568;3.574;3.56;3.562;34.6978;ISP.ITEUR
2024-07-09 10:00:00;3.563;3.573;3.561;3.569;21.5158;ISP.ITEUR
2024-07-09 11:00:00;3.568;3.572;3.558;3.569;18.4041;ISP.ITEUR
2024-07-09 12:00:00;3.568;3.569;3.543;3.551;30.0144;ISP.ITEUR
2024-07-09 13:00:00;3.55;3.557;3.543;3.544;32.4353;ISP.ITEUR
2024-07-09 14:00:00;3.544;3.553;3.54;3.546;48.5516;ISP.ITEUR
2024-07-09 15:00:00;3.546;3.549;3.543;3.549;16.731;ISP.ITEUR
2024-07-10 07:00:00;3.555;3.556;3.536;3.552;59.0718;ISP.ITEUR
2024-07-10 08:00:00;3.552;3.564;3.547;3.551;46.5806;ISP.ITEUR
2024-07-10 09:00:00;3.551;3.579;3.548;3.578;41.067;ISP.ITEUR
2024-07-10 10:00:00;3.579;3.592;3.575;3.584;32.7015;ISP.ITEUR
2024-07-10 11:00:00;3.585;3.588;3.572;3.579;24.9444;ISP.ITEUR
2024-07-10 12:00:00;3.579;3.582;3.575;3.579;21.2623;ISP.ITEUR
2024-07-10 13:00:00;3.58;3.591;3.58;3.581;25.1979;ISP.ITEUR
2024-07-10 14:00:00;3.582;3.586;3.567;3.572;27.1498;ISP.ITEUR
2024-07-10 15:00:00;3.573;3.58;3.571;3.579;13.1503;ISP.ITEUR
2024-07-11 07:00:00;3.579;3.58;3.56;3.564;49.1156;ISP.ITEUR
2024-07-11 08:00:00;3.564;3.58;3.562;3.575;40.4269;ISP.ITEUR
2024-07-11 09:00:00;3.574;3.592;3.571;3.588;31.3516;ISP.ITEUR
2024-07-11 10:00:00;3.588;3.59;3.579;3.587;23.5311;ISP.ITEUR
2024-07-11 11:00:00;3.586;3.588;3.577;3.577;23.7973;ISP.ITEUR
2024-07-11 12:00:00;3.576;3.579;3.547;3.547;52.4555;ISP.ITEUR
2024-07-11 13:00:00;3.547;3.58;3.539;3.576;73.9459;ISP.ITEUR
2024-07-11 14:00:00;3.575;3.594;3.575;3.591;53.4568;ISP.ITEUR
2024-07-11 15:00:00;3.591;3.594;3.587;3.592;16.4965;ISP.ITEUR
2024-07-12 07:00:00;3.596;3.613;3.593;3.61;37.068;ISP.ITEUR
2024-07-12 08:00:00;3.61;3.621;3.596;3.598;28.1385;ISP.ITEUR
2024-07-12 09:00:00;3.599;3.601;3.589;3.6;19.5195;ISP.ITEUR
2024-07-12 10:00:00;3.601;3.615;3.601;3.612;20.4828;ISP.ITEUR
2024-07-12 11:00:00;3.612;3.612;3.604;3.608;16.8007;ISP.ITEUR
2024-07-12 12:00:00;3.607;3.615;3.582;3.614;34.2225;ISP.ITEUR
2024-07-12 13:00:00;3.614;3.614;3.605;3.607;35.2555;ISP.ITEUR
2024-07-12 14:00:00;3.608;3.619;3.605;3.618;27.3653;ISP.ITEUR
2024-07-12 15:00:00;3.618;3.622;3.615;3.621;12.694;ISP.ITEUR
2024-07-15 07:00:00;3.601;3.605;3.581;3.605;55.4713;ISP.ITEUR
2024-07-15 08:00:00;3.605;3.628;3.605;3.62;43.9348;ISP.ITEUR
2024-07-15 09:00:00;3.62;3.62;3.612;3.615;30.2362;ISP.ITEUR
2024-07-15 10:00:00;3.616;3.619;3.612;3.616;24.5518;ISP.ITEUR
2024-07-15 11:00:00;3.617;3.632;3.61;3.624;27.1051;ISP.ITEUR
2024-07-15 12:00:00;3.624;3.628;3.612;3.613;21.5201;ISP.ITEUR
2024-07-15 13:00:00;3.612;3.617;3.605;3.608;40.1388;ISP.ITEUR
2024-07-15 14:00:00;3.607;3.608;3.599;3.601;33.3176;ISP.ITEUR
2024-07-15 15:00:00;3.602;3.613;3.601;3.606;11.8472;ISP.ITEUR
2024-07-16 07:00:00;3.585;3.609;3.578;3.581;53.9803;ISP.ITEUR
2024-07-16 08:00:00;3.58;3.61;3.577;3.609;32.3482;ISP.ITEUR
2024-07-16 09:00:00;3.609;3.619;3.602;3.617;28.6955;ISP.ITEUR
2024-07-16 10:00:00;3.617;3.623;3.616;3.618;18.507;ISP.ITEUR
2024-07-16 11:00:00;3.618;3.621;3.614;3.617;15.4567;ISP.ITEUR
2024-07-16 12:00:00;3.617;3.638;3.616;3.637;25.347;ISP.ITEUR
2024-07-16 13:00:00;3.636;3.643;3.628;3.634;37.6104;ISP.ITEUR
2024-07-16 14:00:00;3.634;3.651;3.634;3.641;24.6076;ISP.ITEUR
2024-07-16 15:00:00;3.64;3.642;3.63;3.632;10.8843;ISP.ITEUR
2024-07-17 07:00:00;3.621;3.646;3.62;3.635;67.5794;ISP.ITEUR
2024-07-17 08:00:00;3.635;3.645;3.62;3.644;61.7149;ISP.ITEUR
2024-07-17 09:00:00;3.645;3.653;3.642;3.65;40.0643;ISP.ITEUR
2024-07-17 10:00:00;3.649;3.655;3.647;3.649;21.7375;ISP.ITEUR
2024-07-17 11:00:00;3.648;3.648;3.628;3.634;44.4565;ISP.ITEUR
2024-07-17 12:00:00;3.635;3.645;3.629;3.642;28.6084;ISP.ITEUR
2024-07-17 13:00:00;3.643;3.655;3.638;3.653;37.6042;ISP.ITEUR
2024-07-17 14:00:00;3.654;3.656;3.645;3.648;37.2625;ISP.ITEUR
2024-07-17 15:00:00;3.647;3.648;3.643;3.646;11.4682;ISP.ITEUR
2024-07-18 07:00:00;3.661;3.676;3.652;3.666;57.4779;ISP.ITEUR
2024-07-18 08:00:00;3.666;3.683;3.662;3.682;44.6864;ISP.ITEUR
2024-07-18 09:00:00;3.682;3.683;3.676;3.68;29.5154;ISP.ITEUR
2024-07-18 10:00:00;3.681;3.682;3.674;3.682;28.9812;ISP.ITEUR
2024-07-18 11:00:00;3.682;3.686;3.679;3.684;19.8489;ISP.ITEUR
2024-07-18 12:00:00;3.684;3.685;3.679;3.682;23.1105;ISP.ITEUR
2024-07-18 13:00:00;3.681;3.691;3.679;3.688;23.9926;ISP.ITEUR
2024-07-18 14:00:00;3.688;3.69;3.663;3.667;30.1926;ISP.ITEUR
2024-07-18 15:00:00;3.666;3.674;3.665;3.67;14.3011;ISP.ITEUR
2024-07-22 07:00:00;3.668;3.682;3.667;3.669;40.7711;ISP.ITEUR
2024-07-22 08:00:00;3.669;3.693;3.667;3.691;35.1879;ISP.ITEUR
2024-07-22 09:00:00;3.692;3.693;3.682;3.689;28.8898;ISP.ITEUR
2024-07-22 10:00:00;3.69;3.69;3.682;3.689;18.5676;ISP.ITEUR
2024-07-22 11:00:00;3.69;3.691;3.682;3.688;16.0225;ISP.ITEUR
2024-07-22 12:00:00;3.689;3.699;3.687;3.698;11.7334;ISP.ITEUR
2024-07-22 13:00:00;3.698;3.713;3.698;3.698;21.1004;ISP.ITEUR
2024-07-22 14:00:00;3.698;3.722;3.693;3.72;26.1475;ISP.ITEUR
2024-07-22 15:00:00;3.72;3.722;3.713;3.714;13.311;ISP.ITEUR
2024-07-23 07:00:00;3.73;3.738;3.716;3.727;72.884;ISP.ITEUR
2024-07-23 08:00:00;3.728;3.742;3.723;3.735;46.7056;ISP.ITEUR
2024-07-23 09:00:00;3.736;3.748;3.732;3.747;28.1318;ISP.ITEUR
2024-07-23 10:00:00;3.747;3.756;3.745;3.754;19.4427;ISP.ITEUR
2024-07-23 11:00:00;3.753;3.756;3.745;3.746;18.7525;ISP.ITEUR
2024-07-23 12:00:00;3.745;3.749;3.729;3.73;27.8792;ISP.ITEUR
2024-07-23 13:00:00;3.729;3.731;3.722;3.725;32.9324;ISP.ITEUR
2024-07-23 14:00:00;3.726;3.734;3.723;3.728;30.3996;ISP.ITEUR
2024-07-23 15:00:00;3.728;3.737;3.726;3.737;16.9777;ISP.ITEUR
2024-07-24 07:00:00;3.735;3.738;3.697;3.703;77.4566;ISP.ITEUR
2024-07-24 08:00:00;3.702;3.715;3.688;3.713;56.8368;ISP.ITEUR
2024-07-24 09:00:00;3.712;3.724;3.704;3.721;34.3067;ISP.ITEUR
2024-07-24 10:00:00;3.72;3.73;3.719;3.73;19.8186;ISP.ITEUR
2024-07-24 11:00:00;3.73;3.745;3.727;3.733;24.5884;ISP.ITEUR
2024-07-24 12:00:00;3.732;3.734;3.719;3.719;25.1615;ISP.ITEUR
2024-07-24 13:00:00;3.72;3.732;3.716;3.721;37.3078;ISP.ITEUR
2024-07-24 14:00:00;3.721;3.734;3.719;3.725;31.1699;ISP.ITEUR
2024-07-24 15:00:00;3.726;3.727;3.717;3.724;15.6158;ISP.ITEUR
2024-07-25 07:00:00;3.689;3.707;3.677;3.681;79.9215;ISP.ITEUR
2024-07-25 08:00:00;3.681;3.698;3.658;3.69;64.2996;ISP.ITEUR
2024-07-25 09:00:00;3.69;3.692;3.648;3.657;52.6031;ISP.ITEUR
2024-07-25 10:00:00;3.657;3.668;3.651;3.662;45.0602;ISP.ITEUR
2024-07-25 11:00:00;3.663;3.676;3.656;3.667;42.663;ISP.ITEUR
2024-07-25 12:00:00;3.667;3.692;3.647;3.69;41.8927;ISP.ITEUR
2024-07-25 13:00:00;3.689;3.697;3.681;3.682;58.8827;ISP.ITEUR
2024-07-25 14:00:00;3.681;3.694;3.663;3.694;57.2558;ISP.ITEUR
2024-07-25 15:00:00;3.694;3.701;3.693;3.696;17.7788;ISP.ITEUR
2024-07-26 07:00:00;3.691;3.699;3.674;3.678;87.1501;ISP.ITEUR
2024-07-26 08:00:00;3.678;3.702;3.671;3.701;54.304;ISP.ITEUR
2024-07-26 09:00:00;3.7;3.7;3.672;3.686;47.2849;ISP.ITEUR
2024-07-26 10:00:00;3.686;3.696;3.684;3.69;29.124;ISP.ITEUR
2024-07-26 11:00:00;3.689;3.702;3.685;3.701;25.9811;ISP.ITEUR
2024-07-26 12:00:00;3.701;3.702;3.69;3.695;28.4769;ISP.ITEUR
2024-07-26 13:00:00;3.694;3.696;3.681;3.693;44.2406;ISP.ITEUR
2024-07-26 14:00:00;3.693;3.71;3.693;3.708;46.5331;ISP.ITEUR
2024-07-26 15:00:00;3.707;3.71;3.703;3.707;12.4236;ISP.ITEUR
2024-07-29 07:00:00;3.723;3.731;3.714;3.719;47.9665;ISP.ITEUR
2024-07-29 08:00:00;3.717;3.723;3.694;3.698;32.2707;ISP.ITEUR
2024-07-29 09:00:00;3.697;3.715;3.692;3.712;20.5155;ISP.ITEUR
2024-07-29 10:00:00;3.713;3.724;3.71;3.719;13.8407;ISP.ITEUR
2024-07-29 11:00:00;3.719;3.719;3.698;3.703;12.9495;ISP.ITEUR
2024-07-29 12:00:00;3.702;3.706;3.691;3.698;15.2169;ISP.ITEUR
2024-07-29 13:00:00;3.697;3.699;3.675;3.678;22.1524;ISP.ITEUR
2024-07-29 14:00:00;3.677;3.678;3.655;3.662;34.144;ISP.ITEUR
2024-07-29 15:00:00;3.662;3.676;3.657;3.676;13.4527;ISP.ITEUR
2024-07-30 07:00:00;3.695;3.695;3.668;3.669;44.3472;ISP.ITEUR
2024-07-30 08:00:00;3.669;3.685;3.665;3.677;38.7758;ISP.ITEUR
2024-07-30 09:00:00;3.676;3.707;3.669;3.704;22.7829;ISP.ITEUR
2024-07-30 10:00:00;3.705;3.751;3.704;3.734;40.6127;ISP.ITEUR
2024-07-30 11:00:00;3.735;3.751;3.729;3.75;23.2497;ISP.ITEUR
2024-07-30 12:00:00;3.751;3.788;3.75;3.781;30.5914;ISP.ITEUR
2024-07-30 13:00:00;3.781;3.821;3.778;3.795;37.2844;ISP.ITEUR
2024-07-30 14:00:00;3.796;3.799;3.768;3.794;49.567;ISP.ITEUR
2024-07-30 15:00:00;3.794;3.798;3.791;3.795;17.9632;ISP.ITEUR
2024-07-31 07:00:00;3.804;3.81;3.767;3.77;78.5276;ISP.ITEUR
2024-07-31 08:00:00;3.769;3.783;3.751;3.778;62.0558;ISP.ITEUR
2024-07-31 09:00:00;3.779;3.781;3.768;3.773;51.2706;ISP.ITEUR
2024-07-31 10:00:00;3.773;3.791;3.771;3.789;29.7669;ISP.ITEUR
2024-07-31 11:00:00;3.789;3.789;3.768;3.768;30.8642;ISP.ITEUR
2024-07-31 12:00:00;3.768;3.778;3.764;3.766;31.6766;ISP.ITEUR
2024-07-31 13:00:00;3.767;3.769;3.742;3.748;36.8297;ISP.ITEUR
2024-07-31 14:00:00;3.749;3.758;3.73;3.734;40.9886;ISP.ITEUR
2024-07-31 15:00:00;3.733;3.75;3.732;3.749;18.721;ISP.ITEUR
2024-08-01 07:00:00;3.711;3.714;3.677;3.7;90.6405;ISP.ITEUR
2024-08-01 08:00:00;3.701;3.707;3.651;3.663;74.6233;ISP.ITEUR
2024-08-01 09:00:00;3.663;3.681;3.658;3.673;66.7845;ISP.ITEUR
2024-08-01 10:00:00;3.674;3.697;3.671;3.689;49.0578;ISP.ITEUR
2024-08-01 11:00:00;3.683;3.692;3.672;3.673;58.7881;ISP.ITEUR
2024-08-01 12:00:00;3.674;3.676;3.655;3.658;48.0453;ISP.ITEUR
2024-08-01 13:00:00;3.657;3.669;3.648;3.651;45.8325;ISP.ITEUR
2024-08-01 14:00:00;3.65;3.651;3.58;3.595;83.0139;ISP.ITEUR
2024-08-01 15:00:00;3.595;3.604;3.593;3.598;38.0847;ISP.ITEUR
2024-08-02 07:00:00;3.517;3.528;3.49;3.521;108.44;ISP.ITEUR
2024-08-02 08:00:00;3.521;3.548;3.519;3.543;101.0013;ISP.ITEUR
2024-08-02 09:00:00;3.543;3.545;3.485;3.489;81.9408;ISP.ITEUR
2024-08-02 10:00:00;3.49;3.511;3.49;3.507;75.1508;ISP.ITEUR
2024-08-02 11:00:00;3.506;3.51;3.49;3.495;50.3976;ISP.ITEUR
2024-08-02 12:00:00;3.496;3.506;3.452;3.468;86.3543;ISP.ITEUR
2024-08-02 13:00:00;3.468;3.486;3.457;3.467;104.4933;ISP.ITEUR
2024-08-02 14:00:00;3.468;3.471;3.428;3.434;98.4732;ISP.ITEUR
2024-08-02 15:00:00;3.435;3.45;3.429;3.448;40.5703;ISP.ITEUR
2024-08-05 07:00:00;3.187;3.35;3.149;3.335;190.6028;ISP.ITEUR
2024-08-05 08:00:00;3.335;3.356;3.326;3.337;166.9812;ISP.ITEUR
2024-08-05 09:00:00;3.337;3.364;3.329;3.353;129.3782;ISP.ITEUR
2024-08-05 10:00:00;3.353;3.358;3.325;3.35;93.1616;ISP.ITEUR
2024-08-05 11:00:00;3.35;3.355;3.316;3.32;86.304;ISP.ITEUR
2024-08-05 12:00:00;3.319;3.338;3.3;3.332;133.8455;ISP.ITEUR
2024-08-05 13:00:00;3.33;3.386;3.327;3.369;142.8984;ISP.ITEUR
2024-08-05 14:00:00;3.371;3.431;3.371;3.378;170.2122;ISP.ITEUR
2024-08-05 15:00:00;3.379;3.411;3.37;3.399;68.1536;ISP.ITEUR
2024-08-06 07:00:00;3.417;3.436;3.402;3.408;146.5583;ISP.ITEUR
2024-08-06 08:00:00;3.408;3.41;3.371;3.382;119.8958;ISP.ITEUR
2024-08-06 09:00:00;3.382;3.382;3.342;3.359;101.7189;ISP.ITEUR
2024-08-06 10:00:00;3.358;3.385;3.351;3.38;94.7964;ISP.ITEUR
2024-08-06 11:00:00;3.381;3.395;3.359;3.373;78.1371;ISP.ITEUR
2024-08-06 12:00:00;3.374;3.376;3.338;3.34;99.4853;ISP.ITEUR
2024-08-06 13:00:00;3.34;3.363;3.339;3.356;118.3457;ISP.ITEUR
2024-08-06 14:00:00;3.356;3.378;3.349;3.374;122.7029;ISP.ITEUR
2024-08-06 15:00:00;3.373;3.378;3.353;3.353;47.6328;ISP.ITEUR
2024-08-07 07:00:00;3.386;3.411;3.376;3.409;127.2877;ISP.ITEUR
2024-08-07 08:00:00;3.409;3.441;3.403;3.441;94.9987;ISP.ITEUR
2024-08-07 09:00:00;3.44;3.454;3.437;3.444;83.1518;ISP.ITEUR
2024-08-07 10:00:00;3.445;3.465;3.443;3.461;56.7635;ISP.ITEUR
2024-08-07 11:00:00;3.461;3.493;3.451;3.461;61.5436;ISP.ITEUR
2024-08-07 12:00:00;3.46;3.464;3.449;3.464;55.2004;ISP.ITEUR
2024-08-07 13:00:00;3.464;3.485;3.459;3.478;72.1002;ISP.ITEUR
2024-08-07 14:00:00;3.479;3.489;3.466;3.476;71.0325;ISP.ITEUR
2024-08-07 15:00:00;3.477;3.477;3.464;3.47;28.3947;ISP.ITEUR
2024-08-08 07:00:00;3.399;3.404;3.386;3.4;116.6065;ISP.ITEUR
2024-08-08 08:00:00;3.399;3.423;3.389;3.418;85.5093;ISP.ITEUR
2024-08-08 09:00:00;3.419;3.419;3.401;3.407;62.5527;ISP.ITEUR
2024-08-08 10:00:00;3.409;3.429;3.408;3.413;50.6608;ISP.ITEUR
2024-08-08 11:00:00;3.412;3.425;3.408;3.421;47.3785;ISP.ITEUR
2024-08-08 12:00:00;3.422;3.447;3.411;3.435;85.275;ISP.ITEUR
2024-08-08 13:00:00;3.436;3.456;3.429;3.441;100.8729;ISP.ITEUR
2024-08-08 14:00:00;3.44;3.453;3.439;3.453;51.7683;ISP.ITEUR
2024-08-08 15:00:00;3.452;3.453;3.44;3.442;23.8881;ISP.ITEUR
2024-08-09 07:00:00;3.443;3.472;3.438;3.472;83.6144;ISP.ITEUR
2024-08-09 08:00:00;3.473;3.486;3.466;3.485;50.8563;ISP.ITEUR
2024-08-09 09:00:00;3.486;3.488;3.475;3.484;42.1881;ISP.ITEUR
2024-08-09 10:00:00;3.484;3.485;3.462;3.464;43.7838;ISP.ITEUR
2024-08-09 11:00:00;3.464;3.47;3.446;3.452;45.848;ISP.ITEUR
2024-08-09 12:00:00;3.451;3.452;3.434;3.441;40.4492;ISP.ITEUR
2024-08-09 13:00:00;3.44;3.447;3.433;3.445;51.7225;ISP.ITEUR
2024-08-09 14:00:00;3.447;3.466;3.445;3.457;65.1905;ISP.ITEUR
2024-08-09 15:00:00;3.457;3.467;3.457;3.461;26.6753;ISP.ITEUR
2024-08-12 07:00:00;3.469;3.489;3.466;3.486;60.6775;ISP.ITEUR
2024-08-12 08:00:00;3.486;3.496;3.471;3.472;41.2295;ISP.ITEUR
2024-08-12 09:00:00;3.471;3.479;3.466;3.479;33.241;ISP.ITEUR
2024-08-12 10:00:00;3.478;3.479;3.466;3.479;25.103;ISP.ITEUR
2024-08-12 11:00:00;3.478;3.491;3.477;3.485;22.1065;ISP.ITEUR
2024-08-12 12:00:00;3.484;3.498;3.483;3.49;26.156;ISP.ITEUR
2024-08-12 13:00:00;3.491;3.498;3.468;3.471;44.9995;ISP.ITEUR
2024-08-12 14:00:00;3.472;3.486;3.47;3.483;51.09;ISP.ITEUR
2024-08-12 15:00:00;3.482;3.483;3.466;3.468;22.1585;ISP.ITEUR
2024-08-13 07:00:00;3.485;3.486;3.462;3.473;62.764;ISP.ITEUR
2024-08-13 08:00:00;3.473;3.49;3.466;3.487;42.7895;ISP.ITEUR
2024-08-13 09:00:00;3.47;3.491;3.47;3.483;35.061;ISP.ITEUR
2024-08-13 10:00:00;3.483;3.484;3.459;3.461;41.1775;ISP.ITEUR
2024-08-13 11:00:00;3.46;3.465;3.453;3.457;33.787;ISP.ITEUR
2024-08-13 12:00:00;3.458;3.469;3.447;3.462;42.562;ISP.ITEUR
2024-08-13 13:00:00;3.461;3.468;3.448;3.46;48.178;ISP.ITEUR
2024-08-13 14:00:00;3.461;3.474;3.455;3.473;48.3275;ISP.ITEUR
2024-08-13 15:00:00;3.472;3.475;3.471;3.472;16.7245;ISP.ITEUR
2024-08-14 07:00:00;3.479;3.487;3.472;3.483;53.7875;ISP.ITEUR
2024-08-14 08:00:00;3.483;3.496;3.479;3.493;39.6435;ISP.ITEUR
2024-08-14 09:00:00;3.493;3.496;3.487;3.488;26.2015;ISP.ITEUR
2024-08-14 10:00:00;3.487;3.489;3.48;3.484;22.2235;ISP.ITEUR
2024-08-14 11:00:00;3.484;3.491;3.48;3.49;17.212;ISP.ITEUR
2024-08-14 12:00:00;3.489;3.494;3.469;3.494;49.8615;ISP.ITEUR
2024-08-14 13:00:00;3.493;3.497;3.48;3.485;42.991;ISP.ITEUR
2024-08-14 14:00:00;3.486;3.492;3.481;3.485;41.7755;ISP.ITEUR
2024-08-14 15:00:00;3.486;3.491;3.483;3.487;12.09;ISP.ITEUR
2024-08-16 07:00:00;3.569;3.58;3.559;3.578;51.012;ISP.ITEUR
2024-08-16 08:00:00;3.578;3.592;3.575;3.585;46.8585;ISP.ITEUR
2024-08-16 09:00:00;3.585;3.595;3.578;3.591;39.5395;ISP.ITEUR
2024-08-16 10:00:00;3.592;3.592;3.575;3.584;26.6825;ISP.ITEUR
2024-08-16 11:00:00;3.583;3.583;3.57;3.574;17.94;ISP.ITEUR
2024-08-16 12:00:00;3.574;3.58;3.562;3.572;28.977;ISP.ITEUR
2024-08-16 13:00:00;3.573;3.585;3.57;3.583;40.8135;ISP.ITEUR
2024-08-16 14:00:00;3.583;3.595;3.579;3.587;43.4915;ISP.ITEUR
2024-08-16 15:00:00;3.587;3.588;3.581;3.584;13.507;ISP.ITEUR
2024-08-19 07:00:00;3.616;3.624;3.609;3.618;56.7318;ISP.ITEUR
2024-08-19 08:00:00;3.617;3.63;3.61;3.63;42.9623;ISP.ITEUR
2024-08-19 09:00:00;3.63;3.637;3.629;3.632;32.1793;ISP.ITEUR
2024-08-19 10:00:00;3.631;3.637;3.624;3.627;28.4194;ISP.ITEUR
2024-08-19 11:00:00;3.628;3.631;3.625;3.629;18.7932;ISP.ITEUR
2024-08-19 12:00:00;3.628;3.633;3.624;3.625;16.2972;ISP.ITEUR
2024-08-19 13:00:00;3.626;3.636;3.624;3.627;33.5625;ISP.ITEUR
2024-08-19 14:00:00;3.626;3.629;3.613;3.615;31.9592;ISP.ITEUR
2024-08-19 15:00:00;3.614;3.618;3.612;3.616;16.6681;ISP.ITEUR
2024-08-20 07:00:00;3.633;3.641;3.626;3.635;42.2581;ISP.ITEUR
2024-08-20 08:00:00;3.635;3.637;3.61;3.619;36.6309;ISP.ITEUR
2024-08-20 09:00:00;3.62;3.628;3.606;3.609;33.0028;ISP.ITEUR
2024-08-20 10:00:00;3.608;3.61;3.602;3.607;26.005;ISP.ITEUR
2024-08-20 11:00:00;3.607;3.609;3.598;3.599;11.8708;ISP.ITEUR
2024-08-20 12:00:00;3.598;3.599;3.583;3.592;18.1268;ISP.ITEUR
2024-08-20 13:00:00;3.593;3.594;3.578;3.589;31.123;ISP.ITEUR
2024-08-20 14:00:00;3.588;3.594;3.581;3.591;33.8893;ISP.ITEUR
2024-08-20 15:00:00;3.592;3.594;3.586;3.586;14.4549;ISP.ITEUR
2024-08-21 07:00:00;3.595;3.609;3.591;3.604;34.7572;ISP.ITEUR
2024-08-21 08:00:00;3.603;3.606;3.593;3.6;31.5381;ISP.ITEUR
2024-08-21 09:00:00;3.599;3.61;3.599;3.603;23.0374;ISP.ITEUR
2024-08-21 10:00:00;3.604;3.626;3.603;3.626;26.4766;ISP.ITEUR
2024-08-21 11:00:00;3.625;3.631;3.622;3.628;25.8729;ISP.ITEUR
2024-08-21 12:00:00;3.629;3.629;3.62;3.624;25.9359;ISP.ITEUR
2024-08-21 13:00:00;3.624;3.626;3.607;3.615;27.231;ISP.ITEUR
2024-08-21 14:00:00;3.615;3.626;3.604;3.609;67.043;ISP.ITEUR
2024-08-21 15:00:00;3.608;3.618;3.608;3.616;19.2649;ISP.ITEUR
2024-08-22 07:00:00;3.616;3.623;3.596;3.603;54.5806;ISP.ITEUR
2024-08-22 08:00:00;3.603;3.624;3.603;3.618;40.3401;ISP.ITEUR
2024-08-22 09:00:00;3.617;3.624;3.603;3.605;32.632;ISP.ITEUR
2024-08-22 10:00:00;3.606;3.61;3.602;3.605;29.4879;ISP.ITEUR
2024-08-22 11:00:00;3.606;3.611;3.6;3.61;17.6487;ISP.ITEUR
2024-08-22 12:00:00;3.609;3.61;3.599;3.609;24.7537;ISP.ITEUR
2024-08-22 13:00:00;3.608;3.618;3.604;3.617;28.8214;ISP.ITEUR
2024-08-22 14:00:00;3.617;3.625;3.615;3.621;37.3282;ISP.ITEUR
2024-08-22 15:00:00;3.621;3.627;3.619;3.622;12.3235;ISP.ITEUR
2024-08-23 07:00:00;3.653;3.665;3.649;3.656;40.9502;ISP.ITEUR
2024-08-23 08:00:00;3.656;3.672;3.655;3.67;31.0412;ISP.ITEUR
2024-08-23 09:00:00;3.671;3.68;3.665;3.68;28.5704;ISP.ITEUR
2024-08-23 10:00:00;3.677;3.682;3.671;3.672;21.126;ISP.ITEUR
2024-08-23 11:00:00;3.671;3.672;3.661;3.664;21.2957;ISP.ITEUR
2024-08-23 12:00:00;3.664;3.67;3.662;3.666;24.8167;ISP.ITEUR
2024-08-23 13:00:00;3.667;3.673;3.661;3.668;29.5637;ISP.ITEUR
2024-08-23 14:00:00;3.67;3.675;3.662;3.666;84.7239;ISP.ITEUR
2024-08-23 15:00:00;3.665;3.672;3.66;3.672;21.8805;ISP.ITEUR
2024-08-26 07:00:00;3.67;3.67;3.656;3.664;36.2045;ISP.ITEUR
2024-08-26 08:00:00;3.664;3.671;3.662;3.669;23.8143;ISP.ITEUR
2024-08-26 09:00:00;3.668;3.671;3.662;3.664;18.4537;ISP.ITEUR
2024-08-26 10:00:00;3.664;3.669;3.663;3.665;12.6835;ISP.ITEUR
2024-08-26 11:00:00;3.665;3.675;3.664;3.672;13.1052;ISP.ITEUR
2024-08-26 12:00:00;3.671;3.675;3.669;3.671;14.5233;ISP.ITEUR
2024-08-26 13:00:00;3.672;3.672;3.648;3.665;30.8439;ISP.ITEUR
2024-08-26 14:00:00;3.665;3.666;3.657;3.662;36.5163;ISP.ITEUR
2024-08-26 15:00:00;3.661;3.662;3.658;3.66;8.313;ISP.ITEUR
2024-08-27 07:00:00;3.662;3.671;3.652;3.661;43.9555;ISP.ITEUR
2024-08-27 08:00:00;3.661;3.678;3.66;3.676;33.5031;ISP.ITEUR
2024-08-27 09:00:00;3.677;3.683;3.674;3.676;15.208;ISP.ITEUR
2024-08-27 10:00:00;3.677;3.681;3.671;3.68;19.6396;ISP.ITEUR
2024-08-27 11:00:00;3.679;3.691;3.679;3.688;19.9088;ISP.ITEUR
2024-08-27 12:00:00;3.687;3.691;3.681;3.685;11.461;ISP.ITEUR
2024-08-27 13:00:00;3.686;3.692;3.68;3.691;28.3926;ISP.ITEUR
2024-08-27 14:00:00;3.691;3.695;3.688;3.692;21.565;ISP.ITEUR
2024-08-27 15:00:00;3.693;3.695;3.691;3.695;8.6737;ISP.ITEUR
2024-08-28 07:00:00;3.701;3.709;3.695;3.704;42.531;ISP.ITEUR
2024-08-28 08:00:00;3.705;3.709;3.696;3.698;34.1692;ISP.ITEUR
2024-08-28 09:00:00;3.698;3.7;3.689;3.695;22.9341;ISP.ITEUR
2024-08-28 10:00:00;3.694;3.697;3.677;3.681;32.8855;ISP.ITEUR
2024-08-28 11:00:00;3.681;3.691;3.681;3.686;26.4733;ISP.ITEUR
2024-08-28 12:00:00;3.686;3.693;3.685;3.69;27.9892;ISP.ITEUR
2024-08-28 13:00:00;3.689;3.706;3.687;3.705;40.4098;ISP.ITEUR
2024-08-28 14:00:00;3.705;3.708;3.697;3.704;36.6324;ISP.ITEUR
2024-08-28 15:00:00;3.705;3.708;3.7;3.701;15.9903;ISP.ITEUR
2024-08-29 07:00:00;3.711;3.732;3.708;3.723;47.9588;ISP.ITEUR
2024-08-29 08:00:00;3.722;3.729;3.716;3.727;42.8853;ISP.ITEUR
2024-08-29 09:00:00;3.728;3.74;3.728;3.734;32.7388;ISP.ITEUR
2024-08-29 10:00:00;3.733;3.736;3.729;3.733;28.8511;ISP.ITEUR
2024-08-29 11:00:00;3.733;3.738;3.73;3.737;18.2397;ISP.ITEUR
2024-08-29 12:00:00;3.736;3.736;3.726;3.732;25.7766;ISP.ITEUR
2024-08-29 13:00:00;3.731;3.733;3.717;3.719;37.641;ISP.ITEUR
2024-08-29 14:00:00;3.719;3.726;3.717;3.722;32.4697;ISP.ITEUR
2024-08-29 15:00:00;3.722;3.723;3.716;3.72;12.8302;ISP.ITEUR
2024-08-30 07:00:00;3.752;3.764;3.743;3.76;46.2595;ISP.ITEUR
2024-08-30 08:00:00;3.76;3.764;3.755;3.762;31.8828;ISP.ITEUR
2024-08-30 09:00:00;3.762;3.767;3.757;3.765;30.1224;ISP.ITEUR
2024-08-30 10:00:00;3.766;3.779;3.763;3.778;21.4671;ISP.ITEUR
2024-08-30 11:00:00;3.779;3.78;3.769;3.769;26.9623;ISP.ITEUR
2024-08-30 12:00:00;3.77;3.772;3.765;3.769;35.8438;ISP.ITEUR
2024-08-30 13:00:00;3.77;3.771;3.762;3.767;35.636;ISP.ITEUR
2024-08-30 14:00:00;3.767;3.769;3.761;3.763;32.6163;ISP.ITEUR
2024-08-30 15:00:00;3.763;3.767;3.763;3.766;13.203;ISP.ITEUR
2024-09-02 07:00:00;3.778;3.778;3.755;3.774;57.401;ISP.ITEUR
2024-09-02 08:00:00;3.774;3.785;3.763;3.779;35.5127;ISP.ITEUR
2024-09-02 09:00:00;3.778;3.791;3.778;3.788;25.1379;ISP.ITEUR
2024-09-02 10:00:00;3.787;3.787;3.78;3.782;17.4582;ISP.ITEUR
2024-09-02 11:00:00;3.782;3.788;3.782;3.784;12.6107;ISP.ITEUR
2024-09-02 12:00:00;3.785;3.793;3.784;3.789;17.3986;ISP.ITEUR
2024-09-02 13:00:00;3.788;3.79;3.773;3.774;28.0953;ISP.ITEUR
2024-09-02 14:00:00;3.773;3.776;3.768;3.772;30.1166;ISP.ITEUR
2024-09-02 15:00:00;3.772;3.779;3.772;3.775;12.2112;ISP.ITEUR
2024-09-03 07:00:00;3.785;3.785;3.755;3.759;55.3499;ISP.ITEUR
2024-09-03 08:00:00;3.76;3.761;3.71;3.727;69.8507;ISP.ITEUR
2024-09-03 09:00:00;3.725;3.739;3.718;3.719;58.5637;ISP.ITEUR
2024-09-03 10:00:00;3.719;3.722;3.698;3.71;61.5449;ISP.ITEUR
2024-09-03 11:00:00;3.71;3.735;3.708;3.733;46.8772;ISP.ITEUR
2024-09-03 12:00:00;3.733;3.737;3.714;3.718;45.1421;ISP.ITEUR
2024-09-03 13:00:00;3.718;3.72;3.704;3.71;63.5961;ISP.ITEUR
2024-09-03 14:00:00;3.7;3.709;3.689;3.697;83.7553;ISP.ITEUR
2024-09-03 15:00:00;3.697;3.712;3.697;3.708;27.827;ISP.ITEUR
2024-09-04 07:00:00;3.679;3.714;3.673;3.707;79.8677;ISP.ITEUR
2024-09-04 08:00:00;3.707;3.723;3.698;3.707;60.1497;ISP.ITEUR
2024-09-04 09:00:00;3.707;3.721;3.704;3.72;39.752;ISP.ITEUR
2024-09-04 10:00:00;3.721;3.733;3.715;3.727;28.5902;ISP.ITEUR
2024-09-04 11:00:00;3.728;3.735;3.724;3.725;27.8151;ISP.ITEUR
2024-09-04 12:00:00;3.724;3.738;3.723;3.736;27.4454;ISP.ITEUR
2024-09-04 13:00:00;3.735;3.737;3.726;3.728;49.8644;ISP.ITEUR
2024-09-04 14:00:00;3.727;3.727;3.7;3.725;87.9827;ISP.ITEUR
2024-09-04 15:00:00;3.725;3.727;3.708;3.71;24.965;ISP.ITEUR
2024-09-05 07:00:00;3.697;3.727;3.696;3.726;74.6982;ISP.ITEUR
2024-09-05 08:00:00;3.726;3.738;3.726;3.734;47.6285;ISP.ITEUR
2024-09-05 09:00:00;3.735;3.743;3.726;3.743;43.1328;ISP.ITEUR
2024-09-05 10:00:00;3.744;3.748;3.739;3.745;30.5698;ISP.ITEUR
2024-09-05 11:00:00;3.745;3.761;3.744;3.75;47.0263;ISP.ITEUR
2024-09-05 12:00:00;3.75;3.756;3.729;3.746;65.6829;ISP.ITEUR
2024-09-05 13:00:00;3.747;3.753;3.736;3.741;62.8746;ISP.ITEUR
2024-09-05 14:00:00;3.744;3.758;3.74;3.755;59.7562;ISP.ITEUR
2024-09-05 15:00:00;3.756;3.762;3.752;3.756;18.4778;ISP.ITEUR
2024-09-06 07:00:00;3.728;3.729;3.711;3.725;76.7136;ISP.ITEUR
2024-09-06 08:00:00;3.724;3.728;3.686;3.691;55.5944;ISP.ITEUR
2024-09-06 09:00:00;3.69;3.72;3.688;3.719;56.0416;ISP.ITEUR
2024-09-06 10:00:00;3.719;3.721;3.694;3.694;41.7793;ISP.ITEUR
2024-09-06 11:00:00;3.695;3.71;3.694;3.709;44.4326;ISP.ITEUR
2024-09-06 12:00:00;3.709;3.739;3.693;3.717;99.2281;ISP.ITEUR
2024-09-06 13:00:00;3.716;3.746;3.713;3.724;92.717;ISP.ITEUR
2024-09-06 14:00:00;3.723;3.724;3.684;3.686;95.3644;ISP.ITEUR
2024-09-06 15:00:00;3.685;3.702;3.663;3.665;52.8815;ISP.ITEUR
2024-09-09 07:00:00;3.694;3.718;3.693;3.706;80.0575;ISP.ITEUR
2024-09-09 08:00:00;3.705;3.717;3.697;3.713;57.8152;ISP.ITEUR
2024-09-09 09:00:00;3.712;3.731;3.71;3.721;35.3581;ISP.ITEUR
2024-09-09 10:00:00;3.722;3.725;3.714;3.72;28.9383;ISP.ITEUR
2024-09-09 11:00:00;3.721;3.735;3.72;3.732;27.6924;ISP.ITEUR
2024-09-09 12:00:00;3.731;3.732;3.713;3.724;38.6969;ISP.ITEUR
2024-09-09 13:00:00;3.725;3.725;3.711;3.714;55.1577;ISP.ITEUR
2024-09-09 14:00:00;3.715;3.734;3.713;3.721;59.5583;ISP.ITEUR
2024-09-09 15:00:00;3.722;3.723;3.712;3.718;23.1261;ISP.ITEUR
2024-09-10 07:00:00;3.726;3.751;3.725;3.748;59.7424;ISP.ITEUR
2024-09-10 08:00:00;3.749;3.751;3.72;3.727;56.9989;ISP.ITEUR
2024-09-10 09:00:00;3.726;3.733;3.709;3.728;60.1659;ISP.ITEUR
2024-09-10 10:00:00;3.728;3.732;3.713;3.72;51.69;ISP.ITEUR
2024-09-10 11:00:00;3.72;3.725;3.706;3.716;55.5996;ISP.ITEUR
2024-09-10 12:00:00;3.715;3.731;3.713;3.721;46.8598;ISP.ITEUR
2024-09-10 13:00:00;3.72;3.722;3.699;3.704;64.4683;ISP.ITEUR
2024-09-10 14:00:00;3.702;3.704;3.685;3.686;72.5513;ISP.ITEUR
2024-09-10 15:00:00;3.687;3.697;3.684;3.694;32.9952;ISP.ITEUR
2024-09-11 07:00:00;3.698;3.719;3.694;3.702;82.7212;ISP.ITEUR
2024-09-11 08:00:00;3.701;3.715;3.684;3.69;63.2653;ISP.ITEUR
2024-09-11 09:00:00;3.689;3.692;3.673;3.687;74.3926;ISP.ITEUR
2024-09-11 10:00:00;3.686;3.712;3.686;3.704;49.1552;ISP.ITEUR
2024-09-11 11:00:00;3.705;3.711;3.696;3.701;47.1237;ISP.ITEUR
2024-09-11 12:00:00;3.701;3.728;3.695;3.726;80.5485;ISP.ITEUR
2024-09-11 13:00:00;3.727;3.738;3.714;3.715;76.5223;ISP.ITEUR
2024-09-11 14:00:00;3.714;3.714;3.674;3.69;93.7441;ISP.ITEUR
2024-09-11 15:00:00;3.69;3.701;3.685;3.696;26.1948;ISP.ITEUR
2024-09-12 07:00:00;3.728;3.743;3.722;3.735;78.9712;ISP.ITEUR
2024-09-12 08:00:00;3.734;3.738;3.722;3.726;66.9048;ISP.ITEUR
2024-09-12 09:00:00;3.727;3.743;3.722;3.733;52.85;ISP.ITEUR
2024-09-12 10:00:00;3.733;3.738;3.726;3.732;32.7067;ISP.ITEUR
2024-09-12 11:00:00;3.732;3.733;3.723;3.727;32.4305;ISP.ITEUR
2024-09-12 12:00:00;3.727;3.731;3.694;3.698;62.8173;ISP.ITEUR
2024-09-12 13:00:00;3.699;3.714;3.679;3.699;95.2477;ISP.ITEUR
2024-09-12 14:00:00;3.7;3.734;3.697;3.725;63.6028;ISP.ITEUR
2024-09-12 15:00:00;3.724;3.732;3.723;3.728;21.6469;ISP.ITEUR
2024-09-13 07:00:00;3.729;3.746;3.728;3.735;66.1806;ISP.ITEUR
2024-09-13 08:00:00;3.734;3.744;3.724;3.727;45.5648;ISP.ITEUR
2024-09-13 09:00:00;3.728;3.74;3.725;3.734;42.8643;ISP.ITEUR
2024-09-13 10:00:00;3.733;3.743;3.732;3.742;27.2996;ISP.ITEUR
2024-09-13 11:00:00;3.742;3.744;3.73;3.733;37.8561;ISP.ITEUR
2024-09-13 12:00:00;3.733;3.74;3.731;3.732;29.6134;ISP.ITEUR
2024-09-13 13:00:00;3.733;3.741;3.727;3.74;40.2988;ISP.ITEUR
2024-09-13 14:00:00;3.741;3.757;3.74;3.748;55.6671;ISP.ITEUR
2024-09-13 15:00:00;3.748;3.753;3.742;3.745;22.1809;ISP.ITEUR
2024-09-16 07:00:00;3.735;3.745;3.729;3.744;64.116;ISP.ITEUR
2024-09-16 08:00:00;3.743;3.76;3.733;3.736;47.112;ISP.ITEUR
2024-09-16 09:00:00;3.735;3.747;3.725;3.728;42.06;ISP.ITEUR
2024-09-16 10:00:00;3.727;3.733;3.721;3.73;34.434;ISP.ITEUR
2024-09-16 11:00:00;3.73;3.732;3.723;3.729;28.272;ISP.ITEUR
2024-09-16 12:00:00;3.728;3.732;3.716;3.719;35.268;ISP.ITEUR
2024-09-16 13:00:00;3.718;3.725;3.711;3.725;48.36;ISP.ITEUR
2024-09-16 14:00:00;3.724;3.735;3.721;3.734;49.59;ISP.ITEUR
2024-09-16 15:00:00;3.734;3.737;3.732;3.734;12.576;ISP.ITEUR
2024-09-17 07:00:00;3.751;3.753;3.732;3.739;54.162;ISP.ITEUR
2024-09-17 08:00:00;3.738;3.756;3.738;3.752;37.38;ISP.ITEUR
2024-09-17 09:00:00;3.754;3.768;3.752;3.762;36.75;ISP.ITEUR
2024-09-17 10:00:00;3.762;3.777;3.762;3.771;30.816;ISP.ITEUR
2024-09-17 11:00:00;3.77;3.774;3.758;3.771;37.152;ISP.ITEUR
2024-09-17 12:00:00;3.772;3.78;3.765;3.778;48.768;ISP.ITEUR
2024-09-17 13:00:00;3.778;3.78;3.754;3.758;49.956;ISP.ITEUR
2024-09-17 14:00:00;3.758;3.771;3.752;3.754;37.284;ISP.ITEUR
2024-09-17 15:00:00;3.754;3.757;3.75;3.75;15.954;ISP.ITEUR
2024-09-18 07:00:00;3.775;3.787;3.772;3.779;62.49;ISP.ITEUR
2024-09-18 08:00:00;3.779;3.787;3.774;3.775;50.196;ISP.ITEUR
2024-09-18 09:00:00;3.774;3.785;3.768;3.784;34.206;ISP.ITEUR
2024-09-18 10:00:00;3.783;3.791;3.779;3.782;22.26;ISP.ITEUR
2024-09-18 11:00:00;3.782;3.789;3.779;3.784;35.172;ISP.ITEUR
2024-09-18 12:00:00;3.783;3.785;3.772;3.772;26.61;ISP.ITEUR
2024-09-18 13:00:00;3.772;3.781;3.766;3.767;39.576;ISP.ITEUR
2024-09-18 14:00:00;3.767;3.776;3.761;3.773;45.06;ISP.ITEUR
2024-09-18 15:00:00;3.773;3.775;3.767;3.77;18.738;ISP.ITEUR
2024-09-19 07:00:00;3.797;3.797;3.755;3.777;76.476;ISP.ITEUR
2024-09-19 08:00:00;3.777;3.784;3.77;3.778;66.084;ISP.ITEUR
2024-09-19 09:00:00;3.778;3.794;3.778;3.788;45.282;ISP.ITEUR
2024-09-19 10:00:00;3.788;3.79;3.769;3.775;41.616;ISP.ITEUR
2024-09-19 11:00:00;3.775;3.784;3.773;3.781;38.304;ISP.ITEUR
2024-09-19 12:00:00;3.781;3.79;3.775;3.779;31.662;ISP.ITEUR
2024-09-19 13:00:00;3.78;3.785;3.761;3.771;62.448;ISP.ITEUR
2024-09-19 14:00:00;3.771;3.787;3.768;3.782;59.046;ISP.ITEUR
2024-09-19 15:00:00;3.783;3.791;3.78;3.79;25.236;ISP.ITEUR
2024-09-20 07:00:00;3.819;3.823;3.806;3.821;61.302;ISP.ITEUR
2024-09-20 08:00:00;3.822;3.825;3.808;3.82;60.708;ISP.ITEUR
2024-09-20 09:00:00;3.82;3.831;3.807;3.828;47.448;ISP.ITEUR
2024-09-20 10:00:00;3.828;3.848;3.827;3.847;51.828;ISP.ITEUR
2024-09-20 11:00:00;3.847;3.858;3.846;3.857;41.874;ISP.ITEUR
2024-09-20 12:00:00;3.856;3.858;3.84;3.842;31.77;ISP.ITEUR
2024-09-20 13:00:00;3.842;3.843;3.82;3.821;59.934;ISP.ITEUR
2024-09-20 14:00:00;3.82;3.829;3.813;3.823;58.398;ISP.ITEUR
2024-09-20 15:00:00;3.822;3.829;3.822;3.825;19.734;ISP.ITEUR
2024-09-23 07:00:00;3.818;3.818;3.769;3.799;94.6114;ISP.ITEUR
2024-09-23 08:00:00;3.8;3.803;3.767;3.778;74.035;ISP.ITEUR
2024-09-23 09:00:00;3.778;3.781;3.761;3.771;62.9194;ISP.ITEUR
2024-09-23 10:00:00;3.77;3.777;3.762;3.772;52.0512;ISP.ITEUR
2024-09-23 11:00:00;3.773;3.787;3.77;3.785;34.0057;ISP.ITEUR
2024-09-23 12:00:00;3.785;3.793;3.773;3.778;35.2955;ISP.ITEUR
2024-09-23 13:00:00;3.778;3.78;3.755;3.766;51.4741;ISP.ITEUR
2024-09-23 14:00:00;3.765;3.768;3.74;3.748;51.6092;ISP.ITEUR
2024-09-23 15:00:00;3.748;3.754;3.744;3.753;14.8717;ISP.ITEUR
2024-09-24 07:00:00;3.775;3.785;3.762;3.778;61.2179;ISP.ITEUR
2024-09-24 08:00:00;3.779;3.793;3.777;3.791;50.3028;ISP.ITEUR
2024-09-24 09:00:00;3.791;3.805;3.786;3.805;43.7439;ISP.ITEUR
2024-09-24 10:00:00;3.804;3.808;3.793;3.795;35.9372;ISP.ITEUR
2024-09-24 11:00:00;3.794;3.794;3.785;3.788;27.8713;ISP.ITEUR
2024-09-24 12:00:00;3.787;3.792;3.781;3.788;39.8523;ISP.ITEUR
2024-09-24 13:00:00;3.788;3.788;3.766;3.771;40.8238;ISP.ITEUR
2024-09-24 14:00:00;3.772;3.773;3.758;3.766;57.2615;ISP.ITEUR
2024-09-24 15:00:00;3.765;3.777;3.765;3.775;18.9813;ISP.ITEUR
2024-09-25 07:00:00;3.757;3.782;3.743;3.781;65.3157;ISP.ITEUR
2024-09-25 08:00:00;3.781;3.788;3.777;3.787;54.1588;ISP.ITEUR
2024-09-25 09:00:00;3.786;3.801;3.782;3.796;44.0146;ISP.ITEUR
2024-09-25 10:00:00;3.796;3.797;3.784;3.796;31.4742;ISP.ITEUR
2024-09-25 11:00:00;3.796;3.802;3.794;3.8;30.1145;ISP.ITEUR
2024-09-25 12:00:00;3.8;3.808;3.795;3.801;27.2885;ISP.ITEUR
2024-09-25 14:00:00;3.774;3.778;3.765;3.772;48.236;ISP.ITEUR
2024-09-25 15:00:00;3.771;3.778;3.769;3.777;14.4773;ISP.ITEUR
2024-09-26 07:00:00;3.801;3.817;3.796;3.816;61.1239;ISP.ITEUR
2024-09-26 08:00:00;3.816;3.84;3.814;3.839;56.7084;ISP.ITEUR
2024-09-26 09:00:00;3.838;3.839;3.821;3.829;51.7805;ISP.ITEUR
2024-09-26 10:00:00;3.829;3.838;3.819;3.838;33.1465;ISP.ITEUR
2024-09-26 11:00:00;3.837;3.84;3.827;3.839;37.6681;ISP.ITEUR
2024-09-26 12:00:00;3.839;3.848;3.834;3.848;38.3627;ISP.ITEUR
2024-09-26 13:00:00;3.847;3.867;3.847;3.864;54.9771;ISP.ITEUR
2024-09-26 14:00:00;3.865;3.869;3.847;3.851;58.4563;ISP.ITEUR
2024-09-26 15:00:00;3.85;3.871;3.85;3.871;19.2344;ISP.ITEUR
2024-09-27 07:00:00;3.86;3.876;3.846;3.848;64.1735;ISP.ITEUR
2024-09-27 08:00:00;3.847;3.857;3.842;3.848;55.0241;ISP.ITEUR
2024-09-27 09:00:00;3.848;3.87;3.848;3.863;48.766;ISP.ITEUR
2024-09-27 10:00:00;3.862;3.875;3.858;3.865;41.86;ISP.ITEUR
2024-09-27 11:00:00;3.864;3.875;3.864;3.873;31.6745;ISP.ITEUR
2024-09-27 12:00:00;3.873;3.876;3.862;3.863;40.5883;ISP.ITEUR
2024-09-27 13:00:00;3.863;3.87;3.855;3.859;43.1964;ISP.ITEUR
2024-09-27 14:00:00;3.858;3.873;3.856;3.872;41.2477;ISP.ITEUR
2024-09-27 15:00:00;3.871;3.872;3.864;3.866;13.4705;ISP.ITEUR
2024-09-30 07:00:00;3.854;3.859;3.833;3.849;64.7341;ISP.ITEUR
2024-09-30 08:00:00;3.85;3.865;3.843;3.851;62.345;ISP.ITEUR
2024-09-30 09:00:00;3.851;3.864;3.846;3.854;41.6235;ISP.ITEUR
2024-09-30 10:00:00;3.854;3.854;3.825;3.831;48.6217;ISP.ITEUR
2024-09-30 11:00:00;3.831;3.836;3.825;3.828;39.6006;ISP.ITEUR
2024-09-30 12:00:00;3.827;3.836;3.823;3.83;36.927;ISP.ITEUR
2024-09-30 13:00:00;3.829;3.836;3.825;3.832;53.5565;ISP.ITEUR
2024-09-30 14:00:00;3.833;3.838;3.827;3.836;40.4725;ISP.ITEUR
2024-09-30 15:00:00;3.837;3.84;3.83;3.834;20.553;ISP.ITEUR
2024-10-01 07:00:00;3.85;3.85;3.82;3.833;75.8361;ISP.ITEUR
2024-10-01 08:00:00;3.834;3.834;3.808;3.815;63.4147;ISP.ITEUR
2024-10-01 09:00:00;3.815;3.82;3.802;3.816;49.5226;ISP.ITEUR
2024-10-01 10:00:00;3.816;3.822;3.8;3.806;41.6816;ISP.ITEUR
2024-10-01 11:00:00;3.806;3.813;3.805;3.811;33.5556;ISP.ITEUR
2024-10-01 12:00:00;3.81;3.814;3.788;3.8;39.6471;ISP.ITEUR
2024-10-01 13:00:00;3.799;3.808;3.749;3.77;72.9126;ISP.ITEUR
2024-10-01 14:00:00;3.772;3.78;3.73;3.745;98.343;ISP.ITEUR
2024-10-01 15:00:00;3.746;3.746;3.726;3.741;35.0321;ISP.ITEUR
2024-10-02 07:00:00;3.718;3.755;3.717;3.75;70.2911;ISP.ITEUR
2024-10-02 08:00:00;3.751;3.759;3.74;3.742;59.5147;ISP.ITEUR
2024-10-02 09:00:00;3.741;3.742;3.719;3.729;53.2195;ISP.ITEUR
2024-10-02 10:00:00;3.728;3.728;3.693;3.698;47.1046;ISP.ITEUR
2024-10-02 11:00:00;3.698;3.701;3.672;3.677;53.045;ISP.ITEUR
2024-10-02 12:00:00;3.676;3.701;3.674;3.693;53.086;ISP.ITEUR
2024-10-02 13:00:00;3.693;3.704;3.679;3.699;63.8041;ISP.ITEUR
2024-10-02 14:00:00;3.697;3.717;3.691;3.712;64.2812;ISP.ITEUR
2024-10-02 15:00:00;3.711;3.717;3.71;3.714;17.4263;ISP.ITEUR
2024-10-03 07:00:00;3.72;3.72;3.661;3.663;71.151;ISP.ITEUR
2024-10-03 08:00:00;3.664;3.694;3.656;3.691;69.0061;ISP.ITEUR
2024-10-03 09:00:00;3.691;3.709;3.685;3.708;42.4895;ISP.ITEUR
2024-10-03 10:00:00;3.709;3.72;3.705;3.719;37.2815;ISP.ITEUR
2024-10-03 11:00:00;3.72;3.727;3.712;3.715;37.8395;ISP.ITEUR
2024-10-03 12:00:00;3.716;3.716;3.67;3.686;73.8598;ISP.ITEUR
2024-10-03 13:00:00;3.686;3.689;3.674;3.678;58.0381;ISP.ITEUR
2024-10-03 14:00:00;3.679;3.703;3.673;3.681;86.2063;ISP.ITEUR
2024-10-03 15:00:00;3.68;3.692;3.671;3.691;23.343;ISP.ITEUR
2024-10-04 07:00:00;3.713;3.719;3.702;3.715;65.019;ISP.ITEUR
2024-10-04 08:00:00;3.716;3.721;3.707;3.711;55.649;ISP.ITEUR
2024-10-04 09:00:00;3.711;3.719;3.705;3.714;41.3445;ISP.ITEUR
2024-10-04 10:00:00;3.714;3.717;3.705;3.706;24.3486;ISP.ITEUR
2024-10-04 11:00:00;3.707;3.718;3.704;3.706;29.981;ISP.ITEUR
2024-10-04 12:00:00;3.707;3.78;3.703;3.778;74.5226;ISP.ITEUR
2024-10-04 13:00:00;3.778;3.778;3.746;3.765;78.661;ISP.ITEUR
2024-10-04 14:00:00;3.764;3.772;3.763;3.767;59.7875;ISP.ITEUR
2024-10-04 15:00:00;3.767;3.772;3.756;3.756;19.065;ISP.ITEUR
2024-10-07 07:00:00;3.78;3.781;3.747;3.763;72.5447;ISP.ITEUR
2024-10-07 08:00:00;3.763;3.779;3.762;3.774;48.2714;ISP.ITEUR
2024-10-07 09:00:00;3.774;3.788;3.767;3.78;53.6961;ISP.ITEUR
2024-10-07 10:00:00;3.78;3.804;3.778;3.798;42.0083;ISP.ITEUR
2024-10-07 11:00:00;3.798;3.801;3.792;3.796;32.2367;ISP.ITEUR
2024-10-07 12:00:00;3.797;3.803;3.791;3.801;25.0218;ISP.ITEUR
2024-10-07 13:00:00;3.802;3.811;3.793;3.794;48.1157;ISP.ITEUR
2024-10-07 14:00:00;3.794;3.808;3.794;3.798;44.3017;ISP.ITEUR
2024-10-07 15:00:00;3.797;3.799;3.792;3.792;17.274;ISP.ITEUR
2024-10-08 07:00:00;3.792;3.804;3.768;3.779;76.4185;ISP.ITEUR
2024-10-08 08:00:00;3.779;3.796;3.776;3.786;63.4258;ISP.ITEUR
2024-10-08 09:00:00;3.786;3.798;3.786;3.79;43.8346;ISP.ITEUR
2024-10-08 10:00:00;3.79;3.795;3.783;3.787;28.297;ISP.ITEUR
2024-10-08 11:00:00;3.787;3.787;3.778;3.787;36.6735;ISP.ITEUR
2024-10-08 12:00:00;3.787;3.804;3.784;3.803;35.5181;ISP.ITEUR
2024-10-08 13:00:00;3.804;3.807;3.796;3.798;43.7208;ISP.ITEUR
2024-10-08 14:00:00;3.799;3.799;3.781;3.789;43.8647;ISP.ITEUR
2024-10-08 15:00:00;3.79;3.794;3.786;3.787;12.9152;ISP.ITEUR
2024-10-09 07:00:00;3.778;3.781;3.751;3.76;70.3234;ISP.ITEUR
2024-10-09 08:00:00;3.761;3.772;3.753;3.771;52.8759;ISP.ITEUR
2024-10-09 09:00:00;3.771;3.784;3.769;3.779;33.2966;ISP.ITEUR
2024-10-09 10:00:00;3.778;3.783;3.772;3.781;28.758;ISP.ITEUR
2024-10-09 11:00:00;3.782;3.784;3.776;3.777;22.9441;ISP.ITEUR
2024-10-09 12:00:00;3.777;3.781;3.761;3.774;29.7639;ISP.ITEUR
2024-10-09 13:00:00;3.773;3.794;3.771;3.792;42.9246;ISP.ITEUR
2024-10-09 14:00:00;3.793;3.802;3.789;3.799;35.4882;ISP.ITEUR
2024-10-09 15:00:00;3.8;3.809;3.8;3.805;9.9632;ISP.ITEUR
2024-10-10 07:00:00;3.83;3.846;3.823;3.827;60.8272;ISP.ITEUR
2024-10-10 08:00:00;3.827;3.844;3.827;3.832;40.2421;ISP.ITEUR
2024-10-10 09:00:00;3.831;3.832;3.822;3.826;26.6326;ISP.ITEUR
2024-10-10 10:00:00;3.827;3.835;3.826;3.831;20.0703;ISP.ITEUR
2024-10-10 11:00:00;3.83;3.843;3.826;3.843;16.0166;ISP.ITEUR
2024-10-10 12:00:00;3.842;3.846;3.829;3.838;54.9776;ISP.ITEUR
2024-10-10 13:00:00;3.838;3.849;3.831;3.837;49.6069;ISP.ITEUR
2024-10-10 14:00:00;3.837;3.842;3.836;3.837;45.2597;ISP.ITEUR
2024-10-10 15:00:00;3.839;3.846;3.836;3.843;14.0228;ISP.ITEUR
2024-10-11 07:00:00;3.871;3.883;3.858;3.876;48.8104;ISP.ITEUR
2024-10-11 08:00:00;3.877;3.882;3.854;3.861;45.3914;ISP.ITEUR
2024-10-11 09:00:00;3.861;3.873;3.861;3.867;36.404;ISP.ITEUR
2024-10-11 10:00:00;3.868;3.875;3.862;3.874;27.4946;ISP.ITEUR
2024-10-11 11:00:00;3.874;3.879;3.87;3.873;23.4292;ISP.ITEUR
2024-10-11 12:00:00;3.872;3.873;3.862;3.866;30.8177;ISP.ITEUR
2024-10-11 13:00:00;3.867;3.878;3.857;3.878;49.5466;ISP.ITEUR
2024-10-11 14:00:00;3.877;3.89;3.876;3.887;30.71;ISP.ITEUR
2024-10-11 15:00:00;3.888;3.889;3.882;3.887;6.6102;ISP.ITEUR
2024-10-14 07:00:00;3.905;3.91;3.889;3.895;58.3615;ISP.ITEUR
2024-10-14 08:00:00;3.894;3.902;3.876;3.886;51.4685;ISP.ITEUR
2024-10-14 09:00:00;3.886;3.896;3.886;3.892;43.5684;ISP.ITEUR
2024-10-14 10:00:00;3.891;3.9;3.89;3.898;24.5275;ISP.ITEUR
2024-10-14 11:00:00;3.899;3.903;3.897;3.899;17.2236;ISP.ITEUR
2024-10-14 12:00:00;3.9;3.908;3.898;3.904;20.3257;ISP.ITEUR
2024-10-14 13:00:00;3.904;3.914;3.898;3.912;39.9628;ISP.ITEUR
2024-10-14 14:00:00;3.913;3.922;3.91;3.92;41.213;ISP.ITEUR
2024-10-14 15:00:00;3.92;3.924;3.915;3.92;15.389;ISP.ITEUR
2024-10-15 07:00:00;3.918;3.933;3.917;3.924;68.2233;ISP.ITEUR
2024-10-15 08:00:00;3.925;3.927;3.888;3.896;63.8884;ISP.ITEUR
2024-10-15 09:00:00;3.896;3.9;3.888;3.897;37.5552;ISP.ITEUR
2024-10-15 10:00:00;3.896;3.911;3.896;3.901;36.9359;ISP.ITEUR
2024-10-15 11:00:00;3.902;3.912;3.899;3.908;28.0233;ISP.ITEUR
2024-10-15 12:00:00;3.908;3.912;3.901;3.901;22.0736;ISP.ITEUR
2024-10-15 13:00:00;3.902;3.91;3.893;3.9;39.8644;ISP.ITEUR
2024-10-15 14:00:00;3.899;3.927;3.899;3.925;64.1549;ISP.ITEUR
2024-10-15 15:00:00;3.926;3.935;3.924;3.93;17.8603;ISP.ITEUR
2024-10-16 07:00:00;3.937;3.96;3.93;3.959;57.2738;ISP.ITEUR
2024-10-16 08:00:00;3.96;3.96;3.924;3.925;55.5315;ISP.ITEUR
2024-10-16 09:00:00;3.924;3.926;3.883;3.89;50.4207;ISP.ITEUR
2024-10-16 10:00:00;3.891;3.898;3.878;3.898;47.776;ISP.ITEUR
2024-10-16 11:00:00;3.897;3.905;3.891;3.904;43.9275;ISP.ITEUR
2024-10-16 12:00:00;3.904;3.92;3.904;3.913;36.6585;ISP.ITEUR
2024-10-16 13:00:00;3.913;3.923;3.906;3.921;50.9769;ISP.ITEUR
2024-10-16 14:00:00;3.922;3.935;3.92;3.927;46.0167;ISP.ITEUR
2024-10-16 15:00:00;3.927;3.927;3.92;3.922;14.926;ISP.ITEUR
2024-10-17 07:00:00;3.937;3.965;3.929;3.963;66.5857;ISP.ITEUR
2024-10-17 08:00:00;3.964;3.966;3.954;3.96;42.5037;ISP.ITEUR
2024-10-17 09:00:00;3.96;3.966;3.958;3.965;33.4634;ISP.ITEUR
2024-10-17 10:00:00;3.966;3.97;3.963;3.966;32.0281;ISP.ITEUR
2024-10-17 11:00:00;3.965;3.966;3.956;3.958;25.7779;ISP.ITEUR
2024-10-17 12:00:00;3.957;3.978;3.956;3.97;45.924;ISP.ITEUR
2024-10-17 13:00:00;3.971;3.979;3.968;3.975;59.1661;ISP.ITEUR
2024-10-17 14:00:00;3.975;3.978;3.967;3.969;41.566;ISP.ITEUR
2024-10-17 15:00:00;3.968;3.971;3.964;3.97;14.5846;ISP.ITEUR
2024-10-18 07:00:00;3.954;3.965;3.94;3.964;52.6781;ISP.ITEUR
2024-10-18 08:00:00;3.964;3.965;3.952;3.959;52.0242;ISP.ITEUR
2024-10-18 09:00:00;3.96;3.998;3.958;3.991;42.5556;ISP.ITEUR
2024-10-18 10:00:00;3.991;3.993;3.969;3.977;41.67;ISP.ITEUR
2024-10-18 11:00:00;3.976;3.98;3.973;3.977;20.3084;ISP.ITEUR
2024-10-18 12:00:00;3.978;3.982;3.972;3.974;28.955;ISP.ITEUR
2024-10-18 13:00:00;3.975;3.988;3.975;3.982;34.6385;ISP.ITEUR
2024-10-18 14:00:00;3.982;3.988;3.977;3.987;36.907;ISP.ITEUR
2024-10-18 15:00:00;3.988;3.991;3.986;3.99;5.9264;ISP.ITEUR
2024-10-21 07:00:00;3.981;3.997;3.979;3.98;52.9699;ISP.ITEUR
2024-10-21 08:00:00;3.98;3.99;3.979;3.983;47.3098;ISP.ITEUR
2024-10-21 09:00:00;3.983;3.99;3.974;3.98;41.0691;ISP.ITEUR
2024-10-21 10:00:00;3.981;3.985;3.963;3.965;37.4724;ISP.ITEUR
2024-10-21 11:00:00;3.966;3.977;3.965;3.97;41.3285;ISP.ITEUR
2024-10-21 12:00:00;3.97;3.987;3.969;3.982;27.7985;ISP.ITEUR
2024-10-21 13:00:00;3.983;3.988;3.973;3.981;38.9945;ISP.ITEUR
2024-10-21 14:00:00;3.982;3.985;3.964;3.964;37.9911;ISP.ITEUR
2024-10-21 15:00:00;3.963;3.968;3.959;3.968;14.4207;ISP.ITEUR
2024-10-22 07:00:00;3.936;3.951;3.93;3.942;61.4149;ISP.ITEUR
2024-10-22 08:00:00;3.943;3.952;3.933;3.946;49.3901;ISP.ITEUR
2024-10-22 09:00:00;3.945;3.949;3.92;3.921;50.2019;ISP.ITEUR
2024-10-22 10:00:00;3.921;3.923;3.902;3.906;42.7999;ISP.ITEUR
2024-10-22 11:00:00;3.907;3.921;3.905;3.908;32.0604;ISP.ITEUR
2024-10-22 12:00:00;3.907;3.917;3.904;3.908;25.4364;ISP.ITEUR
2024-10-22 13:00:00;3.908;3.927;3.907;3.926;36.142;ISP.ITEUR
2024-10-22 14:00:00;3.925;3.928;3.915;3.924;36.018;ISP.ITEUR
2024-10-22 15:00:00;3.924;3.933;3.922;3.933;13.1692;ISP.ITEUR
2024-10-23 07:00:00;3.928;3.935;3.903;3.903;67.0524;ISP.ITEUR
2024-10-23 08:00:00;3.902;3.912;3.898;3.899;43.5553;ISP.ITEUR
2024-10-23 09:00:00;3.898;3.914;3.897;3.91;35.5444;ISP.ITEUR
2024-10-23 10:00:00;3.91;3.91;3.896;3.898;35.3922;ISP.ITEUR
2024-10-23 11:00:00;3.897;3.907;3.896;3.905;29.3488;ISP.ITEUR
2024-10-23 12:00:00;3.904;3.909;3.899;3.902;27.0769;ISP.ITEUR
2024-10-23 13:00:00;3.901;3.904;3.896;3.898;33.498;ISP.ITEUR
2024-10-23 14:00:00;3.897;3.903;3.887;3.898;29.6814;ISP.ITEUR
2024-10-23 15:00:00;3.898;3.9;3.886;3.887;12.4194;ISP.ITEUR
2024-10-24 07:00:00;3.885;3.906;3.884;3.898;65.7219;ISP.ITEUR
2024-10-24 08:00:00;3.897;3.915;3.896;3.91;41.6273;ISP.ITEUR
2024-10-24 09:00:00;3.909;3.913;3.894;3.897;32.6862;ISP.ITEUR
2024-10-24 10:00:00;3.898;3.9;3.88;3.882;30.2508;ISP.ITEUR
2024-10-24 11:00:00;3.883;3.896;3.882;3.893;20.6445;ISP.ITEUR
2024-10-24 12:00:00;3.894;3.898;3.885;3.898;34.9074;ISP.ITEUR
2024-10-24 13:00:00;3.899;3.903;3.891;3.899;46.4191;ISP.ITEUR
2024-10-24 14:00:00;3.898;3.901;3.886;3.886;35.7474;ISP.ITEUR
2024-10-24 15:00:00;3.886;3.889;3.883;3.886;11.0495;ISP.ITEUR
2024-10-25 07:00:00;3.886;3.888;3.866;3.878;59.2106;ISP.ITEUR
2024-10-25 08:00:00;3.879;3.892;3.874;3.891;47.0054;ISP.ITEUR
2024-10-25 09:00:00;3.89;3.902;3.888;3.889;30.2846;ISP.ITEUR
2024-10-25 10:00:00;3.888;3.891;3.866;3.868;27.2911;ISP.ITEUR
2024-10-25 11:00:00;3.867;3.875;3.863;3.873;25.1432;ISP.ITEUR
2024-10-25 12:00:00;3.873;3.883;3.872;3.883;24.9346;ISP.ITEUR
2024-10-25 13:00:00;3.884;3.886;3.87;3.872;40.2742;ISP.ITEUR
2024-10-25 14:00:00;3.872;3.88;3.867;3.879;44.2486;ISP.ITEUR
2024-10-25 15:00:00;3.879;3.881;3.872;3.875;9.7134;ISP.ITEUR
2024-10-28 08:00:00;3.917;3.926;3.911;3.914;53.9168;ISP.ITEUR
2024-10-28 09:00:00;3.913;3.915;3.884;3.897;48.5054;ISP.ITEUR
2024-10-28 10:00:00;3.896;3.903;3.884;3.887;36.9808;ISP.ITEUR
2024-10-28 11:00:00;3.886;3.888;3.875;3.877;41.6962;ISP.ITEUR
2024-10-28 12:00:00;3.876;3.887;3.867;3.885;35.2234;ISP.ITEUR
2024-10-28 13:00:00;3.886;3.891;3.882;3.883;48.3372;ISP.ITEUR
2024-10-28 14:00:00;3.884;3.913;3.878;3.912;29.5104;ISP.ITEUR
2024-10-28 15:00:00;3.913;3.923;3.909;3.921;25.5664;ISP.ITEUR
2024-10-28 16:00:00;3.922;3.932;3.92;3.929;10.3472;ISP.ITEUR
2024-10-29 08:00:00;3.955;3.968;3.948;3.966;68.9794;ISP.ITEUR
2024-10-29 09:00:00;3.966;3.982;3.965;3.981;43.1694;ISP.ITEUR
2024-10-29 10:00:00;3.98;3.982;3.965;3.972;40.4608;ISP.ITEUR
2024-10-29 11:00:00;3.972;3.976;3.968;3.97;35.4496;ISP.ITEUR
2024-10-29 12:00:00;3.97;3.976;3.967;3.968;25.5838;ISP.ITEUR
2024-10-29 13:00:00;3.967;3.977;3.962;3.973;39.4748;ISP.ITEUR
2024-10-29 14:00:00;3.973;3.978;3.961;3.969;45.6518;ISP.ITEUR
2024-10-29 15:00:00;3.97;3.971;3.955;3.96;25.0908;ISP.ITEUR
2024-10-29 16:00:00;3.96;3.968;3.96;3.968;10.5676;ISP.ITEUR
2024-10-30 08:00:00;3.952;3.959;3.941;3.95;67.3264;ISP.ITEUR
2024-10-30 09:00:00;3.95;3.96;3.941;3.95;54.5084;ISP.ITEUR
2024-10-30 10:00:00;3.951;3.952;3.928;3.93;32.4684;ISP.ITEUR
2024-10-30 11:00:00;3.929;3.929;3.905;3.908;37.6594;ISP.ITEUR
2024-10-30 12:00:00;3.907;3.916;3.901;3.906;44.254;ISP.ITEUR
2024-10-30 13:00:00;3.906;3.933;3.9;3.93;53.8066;ISP.ITEUR
2024-10-30 14:00:00;3.93;3.933;3.925;3.93;39.3588;ISP.ITEUR
2024-10-30 15:00:00;3.93;3.947;3.929;3.945;36.5748;ISP.ITEUR
2024-10-30 16:00:00;3.945;3.948;3.943;3.946;17.9104;ISP.ITEUR
2024-10-31 08:00:00;3.912;3.948;3.908;3.943;76.4672;ISP.ITEUR
2024-10-31 09:00:00;3.943;3.958;3.941;3.954;55.1116;ISP.ITEUR
2024-10-31 10:00:00;3.955;3.965;3.954;3.957;49.271;ISP.ITEUR
2024-10-31 11:00:00;3.958;3.982;3.919;3.957;51.4228;ISP.ITEUR
2024-10-31 12:00:00;3.956;3.985;3.955;3.966;57.8492;ISP.ITEUR
2024-10-31 13:00:00;3.966;3.987;3.965;3.968;55.709;ISP.ITEUR
2024-10-31 14:00:00;3.967;3.969;3.914;3.915;63.3882;ISP.ITEUR
2024-10-31 15:00:00;3.915;3.937;3.911;3.933;49.4566;ISP.ITEUR
2024-10-31 16:00:00;3.934;3.947;3.931;3.932;22.1502;ISP.ITEUR
2024-11-01 08:00:00;3.947;3.99;3.947;3.984;72.0012;ISP.ITEUR
2024-11-01 09:00:00;3.984;4.035;3.983;4.018;62.0078;ISP.ITEUR
2024-11-01 10:00:00;4.019;4.02;4.002;4.016;60.0648;ISP.ITEUR
2024-11-01 11:00:00;4.016;4.028;4.015;4.021;31.1576;ISP.ITEUR
2024-11-01 12:00:00;4.021;4.024;4.003;4.013;40.9886;ISP.ITEUR
2024-11-01 13:00:00;4.012;4.027;4.012;4.026;37.9378;ISP.ITEUR
2024-11-01 14:00:00;4.027;4.043;4.025;4.034;44.6484;ISP.ITEUR
2024-11-01 15:00:00;4.035;4.046;4.03;4.04;39.1036;ISP.ITEUR
2024-11-01 16:00:00;4.04;4.042;4.034;4.035;17.7306;ISP.ITEUR
2024-11-04 08:00:00;4.052;4.052;4.02;4.038;62.5392;ISP.ITEUR
2024-11-04 09:00:00;4.037;4.056;4.035;4.051;52.2764;ISP.ITEUR
2024-11-04 10:00:00;4.051;4.067;4.051;4.058;44.7281;ISP.ITEUR
2024-11-04 11:00:00;4.058;4.063;4.053;4.061;34.443;ISP.ITEUR
2024-11-04 12:00:00;4.06;4.068;4.059;4.06;24.653;ISP.ITEUR
2024-11-04 13:00:00;4.059;4.078;4.059;4.069;32.841;ISP.ITEUR
2024-11-04 14:00:00;4.069;4.07;4.057;4.062;37.1742;ISP.ITEUR
2024-11-04 15:00:00;4.062;4.085;4.058;4.077;41.741;ISP.ITEUR
2024-11-04 16:00:00;4.076;4.076;4.065;4.075;12.7715;ISP.ITEUR
2024-11-05 08:00:00;4.073;4.074;4.055;4.072;65.4818;ISP.ITEUR
2024-11-05 09:00:00;4.071;4.086;4.071;4.084;32.218;ISP.ITEUR
2024-11-05 10:00:00;4.083;4.083;4.062;4.08;33.7366;ISP.ITEUR
2024-11-05 11:00:00;4.081;4.093;4.079;4.087;27.9905;ISP.ITEUR
2024-11-05 12:00:00;4.086;4.091;4.082;4.091;27.768;ISP.ITEUR
2024-11-05 13:00:00;4.09;4.096;4.09;4.092;24.1858;ISP.ITEUR
2024-11-05 14:00:00;4.091;4.095;4.077;4.078;30.2155;ISP.ITEUR
2024-11-05 15:00:00;4.078;4.104;4.078;4.099;32.3404;ISP.ITEUR
2024-11-05 16:00:00;4.098;4.099;4.091;4.092;6.9865;ISP.ITEUR
2024-11-06 08:00:00;4.127;4.133;4.092;4.124;89.5786;ISP.ITEUR
2024-11-06 09:00:00;4.125;4.134;4.073;4.089;103.0399;ISP.ITEUR
2024-11-06 10:00:00;4.089;4.099;4.078;4.08;77.9196;ISP.ITEUR
2024-11-06 11:00:00;4.081;4.083;4.011;4.029;75.9783;ISP.ITEUR
2024-11-06 12:00:00;4.029;4.066;4.024;4.061;74.7768;ISP.ITEUR
2024-11-06 13:00:00;4.06;4.063;4.029;4.035;64.6363;ISP.ITEUR
2024-11-06 14:00:00;4.035;4.036;3.982;3.992;100.9762;ISP.ITEUR
2024-11-06 15:00:00;3.991;3.993;3.969;3.975;96.6708;ISP.ITEUR
2024-11-06 16:00:00;3.976;3.976;3.959;3.969;30.566;ISP.ITEUR
2024-11-07 08:00:00;4.007;4.014;3.984;3.997;85.429;ISP.ITEUR
2024-11-07 09:00:00;3.996;3.998;3.945;3.947;77.1297;ISP.ITEUR
2024-11-07 10:00:00;3.947;3.95;3.895;3.919;76.6457;ISP.ITEUR
2024-11-07 11:00:00;3.918;3.933;3.916;3.922;43.9439;ISP.ITEUR
2024-11-07 12:00:00;3.923;3.937;3.9;3.9;48.4439;ISP.ITEUR
2024-11-07 13:00:00;3.901;3.922;3.897;3.912;44.4834;ISP.ITEUR
2024-11-07 14:00:00;3.911;3.922;3.903;3.918;51.2808;ISP.ITEUR
2024-11-07 15:00:00;3.919;3.923;3.875;3.876;38.615;ISP.ITEUR
2024-11-07 16:00:00;3.877;3.877;3.846;3.851;21.1431;ISP.ITEUR
2024-11-08 08:00:00;3.814;3.841;3.801;3.816;85.2732;ISP.ITEUR
2024-11-08 09:00:00;3.817;3.826;3.799;3.806;60.4367;ISP.ITEUR
2024-11-08 10:00:00;3.806;3.817;3.795;3.816;69.5313;ISP.ITEUR
2024-11-08 11:00:00;3.817;3.839;3.813;3.835;49.929;ISP.ITEUR
2024-11-08 12:00:00;3.836;3.851;3.835;3.847;34.977;ISP.ITEUR
2024-11-08 13:00:00;3.846;3.857;3.843;3.847;41.5964;ISP.ITEUR
2024-11-08 14:00:00;3.848;3.851;3.818;3.82;57.5163;ISP.ITEUR
2024-11-08 15:00:00;3.819;3.838;3.815;3.835;41.908;ISP.ITEUR
2024-11-08 16:00:00;3.834;3.84;3.83;3.838;9.5675;ISP.ITEUR
2024-11-11 08:00:00;3.863;3.877;3.849;3.861;58.9299;ISP.ITEUR
2024-11-11 09:00:00;3.861;3.864;3.848;3.861;44.942;ISP.ITEUR
2024-11-11 10:00:00;3.86;3.887;3.858;3.875;29.8961;ISP.ITEUR
2024-11-11 11:00:00;3.874;3.886;3.873;3.886;24.8746;ISP.ITEUR
2024-11-11 12:00:00;3.886;3.893;3.885;3.889;15.137;ISP.ITEUR
2024-11-11 13:00:00;3.89;3.902;3.889;3.897;22.5589;ISP.ITEUR
2024-11-11 14:00:00;3.898;3.921;3.883;3.919;46.4193;ISP.ITEUR
2024-11-11 15:00:00;3.92;3.921;3.908;3.908;41.3893;ISP.ITEUR
2024-11-11 16:00:00;3.909;3.913;3.901;3.901;12.7568;ISP.ITEUR
2024-11-12 08:00:00;3.857;3.876;3.847;3.876;66.1818;ISP.ITEUR
2024-11-12 09:00:00;3.877;3.881;3.855;3.859;60.0672;ISP.ITEUR
2024-11-12 10:00:00;3.856;3.861;3.839;3.84;48.0315;ISP.ITEUR
2024-11-12 11:00:00;3.841;3.864;3.839;3.859;49.8606;ISP.ITEUR
2024-11-12 12:00:00;3.86;3.864;3.847;3.853;44.5492;ISP.ITEUR
2024-11-12 13:00:00;3.853;3.859;3.844;3.85;44.5609;ISP.ITEUR
2024-11-12 14:00:00;3.85;3.856;3.84;3.843;45.4227;ISP.ITEUR
2024-11-12 15:00:00;3.844;3.844;3.802;3.808;77.942;ISP.ITEUR
2024-11-12 16:00:00;3.809;3.809;3.797;3.805;24.5287;ISP.ITEUR
2024-11-13 08:00:00;3.818;3.837;3.811;3.835;74.1901;ISP.ITEUR
2024-11-13 09:00:00;3.834;3.861;3.834;3.848;43.2302;ISP.ITEUR
2024-11-13 10:00:00;3.848;3.868;3.844;3.866;42.978;ISP.ITEUR
2024-11-13 11:00:00;3.866;3.876;3.859;3.862;35.943;ISP.ITEUR
2024-11-13 12:00:00;3.862;3.871;3.855;3.858;39.4781;ISP.ITEUR
2024-11-13 13:00:00;3.858;3.869;3.851;3.858;57.0247;ISP.ITEUR
2024-11-13 14:00:00;3.858;3.86;3.824;3.839;73.0351;ISP.ITEUR
2024-11-13 15:00:00;3.838;3.842;3.805;3.824;82.6204;ISP.ITEUR
2024-11-13 16:00:00;3.823;3.833;3.823;3.828;21.6854;ISP.ITEUR
2024-11-14 08:00:00;3.851;3.851;3.826;3.835;73.1934;ISP.ITEUR
2024-11-14 09:00:00;3.836;3.864;3.834;3.855;53.7181;ISP.ITEUR
2024-11-14 10:00:00;3.855;3.866;3.84;3.842;43.9043;ISP.ITEUR
2024-11-14 11:00:00;3.843;3.868;3.839;3.865;35.2571;ISP.ITEUR
2024-11-14 12:00:00;3.866;3.871;3.86;3.863;30.9833;ISP.ITEUR
2024-11-14 13:00:00;3.863;3.878;3.862;3.877;42.0869;ISP.ITEUR
2024-11-14 14:00:00;3.876;3.907;3.871;3.905;57.1888;ISP.ITEUR
2024-11-14 15:00:00;3.907;3.91;3.894;3.902;55.1896;ISP.ITEUR
2024-11-14 16:00:00;3.903;3.91;3.899;3.904;19.5104;ISP.ITEUR
2024-11-15 08:00:00;3.887;3.911;3.881;3.91;52.0709;ISP.ITEUR
2024-11-15 09:00:00;3.911;3.918;3.901;3.91;40.8089;ISP.ITEUR
2024-11-15 10:00:00;3.911;3.925;3.891;3.923;52.5104;ISP.ITEUR
2024-11-15 11:00:00;3.922;3.924;3.896;3.896;34.9581;ISP.ITEUR
2024-11-15 12:00:00;3.897;3.908;3.893;3.903;40.5978;ISP.ITEUR
2024-11-15 13:00:00;3.904;3.906;3.882;3.891;44.1505;ISP.ITEUR
2024-11-15 14:00:00;3.892;3.903;3.887;3.89;50.2944;ISP.ITEUR
2024-11-15 15:00:00;3.89;3.896;3.882;3.886;57.0363;ISP.ITEUR
2024-11-15 16:00:00;3.885;3.897;3.882;3.896;19.5632;ISP.ITEUR
2024-11-18 08:00:00;3.746;3.754;3.729;3.74;87.0829;ISP.ITEUR
2024-11-18 09:00:00;3.741;3.749;3.724;3.741;71.9852;ISP.ITEUR
2024-11-18 10:00:00;3.741;3.763;3.736;3.756;49.2522;ISP.ITEUR
2024-11-18 11:00:00;3.757;3.76;3.734;3.744;39.8996;ISP.ITEUR
2024-11-18 12:00:00;3.744;3.753;3.74;3.741;29.5962;ISP.ITEUR
2024-11-18 13:00:00;3.741;3.742;3.723;3.734;40.1877;ISP.ITEUR
2024-11-18 14:00:00;3.733;3.743;3.719;3.738;52.773;ISP.ITEUR
2024-11-18 15:00:00;3.737;3.757;3.724;3.756;42.3083;ISP.ITEUR
2024-11-18 16:00:00;3.757;3.757;3.753;3.754;12.8331;ISP.ITEUR
2024-11-19 08:00:00;3.759;3.759;3.702;3.71;77.5633;ISP.ITEUR
2024-11-19 09:00:00;3.711;3.714;3.623;3.645;106.7619;ISP.ITEUR
2024-11-19 10:00:00;3.644;3.66;3.633;3.658;83.5505;ISP.ITEUR
2024-11-19 11:00:00;3.658;3.671;3.65;3.665;53.4184;ISP.ITEUR
2024-11-19 12:00:00;3.666;3.683;3.666;3.682;46.3132;ISP.ITEUR
2024-11-19 13:00:00;3.682;3.682;3.629;3.633;64.88;ISP.ITEUR
2024-11-19 14:00:00;3.632;3.666;3.629;3.647;92.978;ISP.ITEUR
2024-11-19 15:00:00;3.648;3.694;3.647;3.691;76.0362;ISP.ITEUR
2024-11-19 16:00:00;3.692;3.709;3.691;3.706;20.3993;ISP.ITEUR
2024-11-20 08:00:00;3.74;3.74;3.714;3.729;67.3868;ISP.ITEUR
2024-11-20 09:00:00;3.729;3.739;3.715;3.719;55.735;ISP.ITEUR
2024-11-20 10:00:00;3.719;3.73;3.716;3.717;46.8261;ISP.ITEUR
2024-11-20 11:00:00;3.717;3.721;3.709;3.717;37.7041;ISP.ITEUR
2024-11-20 12:00:00;3.717;3.73;3.709;3.728;38.1363;ISP.ITEUR
2024-11-20 13:00:00;3.729;3.732;3.718;3.725;35.134;ISP.ITEUR
2024-11-20 14:00:00;3.724;3.726;3.682;3.684;79.3267;ISP.ITEUR
2024-11-20 15:00:00;3.685;3.713;3.673;3.711;72.913;ISP.ITEUR
2024-11-20 16:00:00;3.71;3.711;3.691;3.696;28.7895;ISP.ITEUR
2024-11-21 08:00:00;3.687;3.695;3.651;3.674;95.646;ISP.ITEUR
2024-11-21 09:00:00;3.673;3.674;3.638;3.669;91.111;ISP.ITEUR
2024-11-21 10:00:00;3.667;3.677;3.654;3.675;66.5109;ISP.ITEUR
2024-11-21 11:00:00;3.674;3.688;3.672;3.68;66.1651;ISP.ITEUR
2024-11-21 12:00:00;3.679;3.689;3.669;3.672;50.4219;ISP.ITEUR
2024-11-21 13:00:00;3.673;3.684;3.656;3.657;51.39;ISP.ITEUR
2024-11-21 14:00:00;3.657;3.67;3.642;3.66;75.921;ISP.ITEUR
2024-11-21 15:00:00;3.66;3.668;3.643;3.663;69.3287;ISP.ITEUR
2024-11-21 16:00:00;3.664;3.665;3.65;3.658;17.6448;ISP.ITEUR
2024-11-22 08:00:00;3.707;3.708;3.661;3.664;78.1511;ISP.ITEUR
2024-11-22 09:00:00;3.664;3.664;3.575;3.59;104.1689;ISP.ITEUR
2024-11-22 10:00:00;3.59;3.591;3.55;3.581;81.9832;ISP.ITEUR
2024-11-22 11:00:00;3.58;3.585;3.563;3.58;56.2075;ISP.ITEUR
2024-11-22 12:00:00;3.58;3.603;3.577;3.583;52.2371;ISP.ITEUR
2024-11-22 13:00:00;3.582;3.603;3.572;3.587;52.0354;ISP.ITEUR
2024-11-22 14:00:00;3.586;3.622;3.585;3.618;55.0319;ISP.ITEUR
2024-11-22 15:00:00;3.619;3.625;3.609;3.624;51.3036;ISP.ITEUR
2024-11-22 16:00:00;3.624;3.629;3.62;3.628;14.4927;ISP.ITEUR
2024-11-25 08:00:00;3.648;3.648;3.586;3.592;93.4774;ISP.ITEUR
2024-11-25 09:00:00;3.593;3.626;3.588;3.611;68.1194;ISP.ITEUR
2024-11-25 10:00:00;3.611;3.619;3.581;3.582;58.931;ISP.ITEUR
2024-11-25 11:00:00;3.581;3.591;3.572;3.577;53.7044;ISP.ITEUR
2024-11-25 12:00:00;3.578;3.597;3.578;3.595;39.2026;ISP.ITEUR
2024-11-25 13:00:00;3.597;3.605;3.594;3.604;37.6154;ISP.ITEUR
2024-11-25 14:00:00;3.605;3.617;3.603;3.612;58.9496;ISP.ITEUR
2024-11-25 15:00:00;3.613;3.614;3.598;3.607;50.84;ISP.ITEUR
2024-11-25 16:00:00;3.606;3.612;3.604;3.609;23.529;ISP.ITEUR
2024-11-26 08:00:00;3.574;3.579;3.538;3.566;92.5164;ISP.ITEUR
2024-11-26 09:00:00;3.565;3.585;3.562;3.573;73.9908;ISP.ITEUR
2024-11-26 10:00:00;3.572;3.58;3.56;3.577;54.9754;ISP.ITEUR
2024-11-26 11:00:00;3.578;3.583;3.572;3.574;39.3204;ISP.ITEUR
2024-11-26 12:00:00;3.573;3.592;3.565;3.59;44.6586;ISP.ITEUR
2024-11-26 13:00:00;3.589;3.591;3.574;3.584;45.4026;ISP.ITEUR
2024-11-26 14:00:00;3.584;3.604;3.582;3.602;41.7198;ISP.ITEUR
2024-11-26 15:00:00;3.601;3.602;3.573;3.573;58.4102;ISP.ITEUR
2024-11-26 16:00:00;3.574;3.584;3.57;3.581;20.9002;ISP.ITEUR
2024-11-27 08:00:00;3.552;3.582;3.549;3.558;110.4282;ISP.ITEUR
2024-11-27 09:00:00;3.559;3.566;3.538;3.547;83.3652;ISP.ITEUR
2024-11-27 10:00:00;3.548;3.551;3.533;3.538;56.4014;ISP.ITEUR
2024-11-27 11:00:00;3.537;3.546;3.514;3.546;55.8496;ISP.ITEUR
2024-11-27 12:00:00;3.545;3.555;3.544;3.545;39.68;ISP.ITEUR
2024-11-27 13:00:00;3.545;3.561;3.543;3.555;40.5232;ISP.ITEUR
2024-11-27 14:00:00;3.554;3.56;3.545;3.56;41.7632;ISP.ITEUR
2024-11-27 15:00:00;3.56;3.569;3.555;3.566;52.4892;ISP.ITEUR
2024-11-27 16:00:00;3.567;3.574;3.564;3.574;14.136;ISP.ITEUR
2024-11-28 08:00:00;3.577;3.611;3.571;3.61;66.433;ISP.ITEUR
2024-11-28 09:00:00;3.61;3.618;3.596;3.598;53.2208;ISP.ITEUR
2024-11-28 10:00:00;3.598;3.601;3.586;3.594;42.8544;ISP.ITEUR
2024-11-28 11:00:00;3.594;3.604;3.59;3.6;32.1408;ISP.ITEUR
2024-11-28 12:00:00;3.601;3.602;3.593;3.594;27.1312;ISP.ITEUR
2024-11-28 13:00:00;3.593;3.598;3.587;3.593;31.3286;ISP.ITEUR
2024-11-28 14:00:00;3.594;3.614;3.593;3.608;44.609;ISP.ITEUR
2024-11-28 15:00:00;3.607;3.612;3.602;3.604;35.5136;ISP.ITEUR
2024-11-28 16:00:00;3.604;3.61;3.604;3.608;10.8128;ISP.ITEUR
2024-11-29 08:00:00;3.597;3.602;3.585;3.592;69.378;ISP.ITEUR
2024-11-29 09:00:00;3.591;3.604;3.588;3.598;49.786;ISP.ITEUR
2024-11-29 10:00:00;3.598;3.606;3.591;3.601;52.4644;ISP.ITEUR
2024-11-29 11:00:00;3.6;3.615;3.593;3.611;45.353;ISP.ITEUR
2024-11-29 12:00:00;3.611;3.618;3.605;3.605;40.5914;ISP.ITEUR
2024-11-29 13:00:00;3.603;3.612;3.586;3.59;37.0698;ISP.ITEUR
2024-11-29 14:00:00;3.591;3.602;3.588;3.588;47.2068;ISP.ITEUR
2024-11-29 15:00:00;3.59;3.616;3.588;3.613;54.0888;ISP.ITEUR
2024-11-29 16:00:00;3.613;3.631;3.612;3.622;23.6592;ISP.ITEUR
2024-12-02 08:00:00;3.595;3.603;3.582;3.593;65.2746;ISP.ITEUR
2024-12-02 09:00:00;3.592;3.614;3.591;3.61;52.3216;ISP.ITEUR
2024-12-02 10:00:00;3.609;3.62;3.608;3.613;43.4377;ISP.ITEUR
2024-12-02 11:00:00;3.614;3.638;3.614;3.635;38.4553;ISP.ITEUR
2024-12-02 12:00:00;3.635;3.655;3.633;3.638;60.5035;ISP.ITEUR
2024-12-02 13:00:00;3.639;3.656;3.636;3.644;64.3801;ISP.ITEUR
2024-12-02 14:00:00;3.643;3.645;3.614;3.614;75.6681;ISP.ITEUR
2024-12-02 15:00:00;3.614;3.625;3.608;3.622;70.5365;ISP.ITEUR
2024-12-02 16:00:00;3.621;3.632;3.618;3.629;27.0491;ISP.ITEUR
2024-12-03 08:00:00;3.653;3.703;3.652;3.698;75.0344;ISP.ITEUR
2024-12-03 09:00:00;3.698;3.704;3.685;3.697;70.6112;ISP.ITEUR
2024-12-03 10:00:00;3.697;3.701;3.688;3.688;46.1899;ISP.ITEUR
2024-12-03 11:00:00;3.689;3.689;3.677;3.686;33.2554;ISP.ITEUR
2024-12-03 12:00:00;3.687;3.695;3.684;3.694;33.8889;ISP.ITEUR
2024-12-03 13:00:00;3.694;3.699;3.685;3.686;40.2381;ISP.ITEUR
2024-12-03 14:00:00;3.687;3.692;3.679;3.687;52.4145;ISP.ITEUR
2024-12-03 15:00:00;3.688;3.693;3.676;3.686;42.7915;ISP.ITEUR
2024-12-03 16:00:00;3.686;3.691;3.68;3.691;18.8049;ISP.ITEUR
2024-12-04 08:00:00;3.701;3.718;3.695;3.711;48.7307;ISP.ITEUR
2024-12-04 09:00:00;3.712;3.721;3.705;3.718;42.1145;ISP.ITEUR
2024-12-04 10:00:00;3.719;3.73;3.714;3.721;36.9704;ISP.ITEUR
2024-12-04 11:00:00;3.722;3.742;3.721;3.741;30.2051;ISP.ITEUR
2024-12-04 12:00:00;3.74;3.751;3.74;3.742;36.2498;ISP.ITEUR
2024-12-04 13:00:00;3.741;3.746;3.736;3.739;27.2914;ISP.ITEUR
2024-12-04 14:00:00;3.739;3.747;3.735;3.742;37.7284;ISP.ITEUR
2024-12-04 15:00:00;3.741;3.744;3.726;3.729;46.7239;ISP.ITEUR
2024-12-04 16:00:00;3.729;3.738;3.726;3.737;11.8783;ISP.ITEUR
2024-12-05 08:00:00;3.761;3.795;3.751;3.794;70.9527;ISP.ITEUR
2024-12-05 09:00:00;3.793;3.793;3.779;3.782;49.4265;ISP.ITEUR
2024-12-05 10:00:00;3.782;3.793;3.775;3.776;33.5785;ISP.ITEUR
2024-12-05 11:00:00;3.776;3.786;3.772;3.782;29.7453;ISP.ITEUR
2024-12-05 12:00:00;3.781;3.785;3.778;3.78;32.6093;ISP.ITEUR
2024-12-05 14:00:00;3.792;3.814;3.787;3.814;57.13;ISP.ITEUR
2024-12-05 15:00:00;3.814;3.825;3.81;3.822;48.2834;ISP.ITEUR
2024-12-05 16:00:00;3.823;3.824;3.814;3.824;20.2651;ISP.ITEUR
2024-12-06 08:00:00;3.829;3.836;3.817;3.83;68.2256;ISP.ITEUR
2024-12-06 09:00:00;3.83;3.839;3.828;3.833;49.439;ISP.ITEUR
2024-12-06 10:00:00;3.833;3.844;3.832;3.842;42.7231;ISP.ITEUR
2024-12-06 11:00:00;3.843;3.843;3.834;3.841;25.2848;ISP.ITEUR
2024-12-06 12:00:00;3.842;3.848;3.839;3.841;27.484;ISP.ITEUR
2024-12-06 13:00:00;3.841;3.849;3.832;3.843;34.063;ISP.ITEUR
2024-12-06 14:00:00;3.843;3.844;3.828;3.831;52.4892;ISP.ITEUR
2024-12-06 15:00:00;3.829;3.836;3.821;3.83;53.3653;ISP.ITEUR
2024-12-06 16:00:00;3.829;3.837;3.828;3.835;21.1783;ISP.ITEUR
2024-12-09 08:00:00;3.856;3.859;3.841;3.856;69.9924;ISP.ITEUR
2024-12-09 09:00:00;3.854;3.857;3.836;3.839;59.5865;ISP.ITEUR
2024-12-09 10:00:00;3.84;3.841;3.826;3.837;41.5124;ISP.ITEUR
2024-12-09 11:00:00;3.836;3.841;3.828;3.837;33.1115;ISP.ITEUR
2024-12-09 12:00:00;3.838;3.838;3.831;3.831;28.9315;ISP.ITEUR
2024-12-09 13:00:00;3.83;3.841;3.83;3.84;23.9484;ISP.ITEUR
2024-12-09 14:00:00;3.84;3.846;3.836;3.845;27.677;ISP.ITEUR
2024-12-09 15:00:00;3.844;3.85;3.832;3.833;29.9985;ISP.ITEUR
2024-12-09 16:00:00;3.834;3.84;3.827;3.838;21.404;ISP.ITEUR
2024-12-10 08:00:00;3.839;3.84;3.819;3.827;60.3955;ISP.ITEUR
2024-12-10 09:00:00;3.828;3.846;3.825;3.846;45.2468;ISP.ITEUR
2024-12-10 10:00:00;3.845;3.857;3.831;3.836;42.6849;ISP.ITEUR
2024-12-10 11:00:00;3.836;3.853;3.836;3.848;31.0537;ISP.ITEUR
2024-12-10 12:00:00;3.849;3.85;3.843;3.845;23.2859;ISP.ITEUR
2024-12-10 13:00:00;3.845;3.852;3.838;3.842;29.9574;ISP.ITEUR
2024-12-10 14:00:00;3.841;3.844;3.817;3.821;37.2035;ISP.ITEUR
2024-12-10 15:00:00;3.822;3.829;3.817;3.827;27.9642;ISP.ITEUR
2024-12-10 16:00:00;3.826;3.832;3.821;3.827;11.9302;ISP.ITEUR
2024-12-11 08:00:00;3.841;3.846;3.828;3.843;60.0203;ISP.ITEUR
2024-12-11 09:00:00;3.841;3.853;3.838;3.847;53.8471;ISP.ITEUR
2024-12-11 10:00:00;3.848;3.852;3.833;3.837;33.2052;ISP.ITEUR
2024-12-11 11:00:00;3.836;3.839;3.827;3.835;25.6719;ISP.ITEUR
2024-12-11 12:00:00;3.834;3.839;3.831;3.835;22.342;ISP.ITEUR
2024-12-11 13:00:00;3.836;3.846;3.835;3.843;26.2523;ISP.ITEUR
2024-12-11 14:00:00;3.844;3.844;3.821;3.824;49.7023;ISP.ITEUR
2024-12-11 15:00:00;3.825;3.83;3.817;3.825;43.4001;ISP.ITEUR
2024-12-11 16:00:00;3.826;3.842;3.823;3.841;14.8087;ISP.ITEUR
2024-12-12 08:00:00;3.887;3.887;3.851;3.868;72.9237;ISP.ITEUR
2024-12-12 09:00:00;3.869;3.871;3.856;3.87;48.7174;ISP.ITEUR
2024-12-12 10:00:00;3.87;3.875;3.867;3.872;38.3525;ISP.ITEUR
2024-12-12 11:00:00;3.871;3.878;3.869;3.875;33.0704;ISP.ITEUR
2024-12-12 12:00:00;3.876;3.885;3.871;3.885;31.3644;ISP.ITEUR
2024-12-12 13:00:00;3.885;3.888;3.868;3.873;43.9043;ISP.ITEUR
2024-12-12 14:00:00;3.874;3.885;3.87;3.884;44.7485;ISP.ITEUR
2024-12-12 15:00:00;3.885;3.889;3.876;3.885;40.2461;ISP.ITEUR
2024-12-12 16:00:00;3.886;3.894;3.884;3.894;18.6838;ISP.ITEUR
2024-12-13 08:00:00;3.907;3.911;3.899;3.906;58.033;ISP.ITEUR
2024-12-13 09:00:00;3.907;3.924;3.907;3.917;38.3409;ISP.ITEUR
2024-12-13 10:00:00;3.916;3.926;3.914;3.921;36.3417;ISP.ITEUR
2024-12-13 11:00:00;3.922;3.926;3.915;3.917;30.2564;ISP.ITEUR
2024-12-13 12:00:00;3.916;3.925;3.916;3.922;23.6611;ISP.ITEUR
2024-12-13 13:00:00;3.923;3.924;3.917;3.92;22.4827;ISP.ITEUR
2024-12-13 14:00:00;3.92;3.924;3.917;3.918;26.1468;ISP.ITEUR
2024-12-13 15:00:00;3.918;3.922;3.912;3.921;38.8567;ISP.ITEUR
2024-12-13 16:00:00;3.92;3.921;3.915;3.921;14.6563;ISP.ITEUR
2024-12-16 08:00:00;3.947;3.986;3.946;3.974;65.5394;ISP.ITEUR
2024-12-16 09:00:00;3.975;3.989;3.974;3.979;40.5469;ISP.ITEUR
2024-12-16 10:00:00;3.979;3.98;3.96;3.96;42.1993;ISP.ITEUR
2024-12-16 11:00:00;3.961;3.961;3.942;3.943;39.319;ISP.ITEUR
2024-12-16 12:00:00;3.942;3.95;3.934;3.936;30.4489;ISP.ITEUR
2024-12-16 13:00:00;3.935;3.947;3.934;3.94;29.2784;ISP.ITEUR
2024-12-16 14:00:00;3.94;3.948;3.93;3.935;42.6927;ISP.ITEUR
2024-12-16 15:00:00;3.935;3.946;3.934;3.941;36.261;ISP.ITEUR
2024-12-16 16:00:00;3.942;3.948;3.937;3.948;15.1183;ISP.ITEUR
2024-12-17 08:00:00;3.908;3.932;3.906;3.924;53.9611;ISP.ITEUR
2024-12-17 09:00:00;3.924;3.928;3.898;3.9;42.423;ISP.ITEUR
2024-12-17 10:00:00;3.901;3.907;3.892;3.898;52.2685;ISP.ITEUR
2024-12-17 11:00:00;3.898;3.905;3.887;3.889;29.6915;ISP.ITEUR
2024-12-17 12:00:00;3.888;3.892;3.875;3.878;31.0972;ISP.ITEUR
2024-12-17 13:00:00;3.877;3.885;3.868;3.885;34.161;ISP.ITEUR
2024-12-17 14:00:00;3.884;3.885;3.854;3.864;45.3434;ISP.ITEUR
2024-12-18 08:00:00;3.86;3.879;3.847;3.868;53.4734;ISP.ITEUR
2024-12-18 09:00:00;3.869;3.89;3.867;3.885;40.0936;ISP.ITEUR
2024-12-18 10:00:00;3.886;3.896;3.878;3.896;27.3162;ISP.ITEUR
2024-12-18 11:00:00;3.895;3.904;3.889;3.89;24.327;ISP.ITEUR
2024-12-18 12:00:00;3.889;3.891;3.876;3.878;18.1362;ISP.ITEUR
2024-12-18 13:00:00;3.878;3.887;3.876;3.883;33.3004;ISP.ITEUR
2024-12-18 14:00:00;3.882;3.901;3.881;3.9;32.675;ISP.ITEUR
2024-12-18 15:00:00;3.901;3.915;3.899;3.909;27.6432;ISP.ITEUR
2024-12-18 16:00:00;3.909;3.91;3.895;3.9;13.5118;ISP.ITEUR
2024-12-19 08:00:00;3.848;3.891;3.846;3.889;56.9044;ISP.ITEUR
2024-12-19 09:00:00;3.888;3.889;3.871;3.882;46.5597;ISP.ITEUR
2024-12-19 10:00:00;3.881;3.881;3.863;3.864;39.3362;ISP.ITEUR
2024-12-19 11:00:00;3.865;3.878;3.863;3.876;30.5464;ISP.ITEUR
2024-12-19 12:00:00;3.876;3.889;3.87;3.871;31.5045;ISP.ITEUR
2024-12-19 13:00:00;3.871;3.887;3.87;3.875;32.1184;ISP.ITEUR
2024-12-19 14:00:00;3.874;3.876;3.856;3.858;39.6919;ISP.ITEUR
2024-12-19 15:00:00;3.858;3.86;3.833;3.86;66.8418;ISP.ITEUR
2024-12-19 16:00:00;3.86;3.862;3.847;3.854;20.6091;ISP.ITEUR
2024-12-20 08:00:00;3.795;3.808;3.777;3.781;85.1043;ISP.ITEUR
2024-12-20 09:00:00;3.782;3.8;3.767;3.799;83.3257;ISP.ITEUR
2024-12-20 10:00:00;3.799;3.807;3.783;3.8;91.295;ISP.ITEUR
2024-12-20 11:00:00;3.799;3.814;3.781;3.788;58.6143;ISP.ITEUR
2024-12-20 12:00:00;3.787;3.794;3.774;3.789;58.5741;ISP.ITEUR
2024-12-20 13:00:00;3.789;3.796;3.775;3.778;62.4297;ISP.ITEUR
2024-12-20 14:00:00;3.778;3.824;3.774;3.821;65.5624;ISP.ITEUR
2024-12-20 15:00:00;3.823;3.844;3.821;3.83;68.477;ISP.ITEUR
2024-12-20 16:00:00;3.831;3.844;3.83;3.839;27.1269;ISP.ITEUR
2024-12-23 08:00:00;3.834;3.835;3.795;3.823;70.2797;ISP.ITEUR
2024-12-23 09:00:00;3.824;3.833;3.817;3.819;68.7906;ISP.ITEUR
2024-12-23 10:00:00;3.82;3.829;3.815;3.815;44.3088;ISP.ITEUR
2024-12-23 11:00:00;3.816;3.82;3.809;3.812;39.1498;ISP.ITEUR
2024-12-23 12:00:00;3.813;3.829;3.813;3.828;35.2102;ISP.ITEUR
2024-12-23 13:00:00;3.827;3.831;3.804;3.806;38.4111;ISP.ITEUR
2024-12-23 14:00:00;3.806;3.82;3.801;3.816;54.7382;ISP.ITEUR
2024-12-23 15:00:00;3.817;3.818;3.805;3.805;62.166;ISP.ITEUR
2024-12-23 16:00:00;3.805;3.817;3.804;3.815;20.8588;ISP.ITEUR
2024-12-27 08:00:00;3.807;3.841;3.807;3.84;59.862;ISP.ITEUR
2024-12-27 09:00:00;3.84;3.845;3.832;3.842;44.3264;ISP.ITEUR
2024-12-27 10:00:00;3.842;3.854;3.838;3.852;45.0533;ISP.ITEUR
2024-12-27 11:00:00;3.853;3.854;3.847;3.852;26.1468;ISP.ITEUR
2024-12-27 12:00:00;3.852;3.863;3.852;3.858;31.4934;ISP.ITEUR
2024-12-27 13:00:00;3.858;3.86;3.854;3.855;33.5042;ISP.ITEUR
2024-12-27 14:00:00;3.855;3.868;3.854;3.862;42.7846;ISP.ITEUR
2024-12-27 15:00:00;3.863;3.864;3.846;3.862;68.9606;ISP.ITEUR
2024-12-27 16:00:00;3.862;3.864;3.855;3.862;25.5195;ISP.ITEUR
2024-12-30 08:00:00;3.856;3.862;3.842;3.862;48.4766;ISP.ITEUR
2024-12-30 09:00:00;3.862;3.878;3.86;3.874;41.7865;ISP.ITEUR
2024-12-30 10:00:00;3.874;3.888;3.87;3.879;26.9296;ISP.ITEUR
2024-12-30 11:00:00;3.88;3.881;3.875;3.879;19.2105;ISP.ITEUR
2024-12-30 12:00:00;3.879;3.885;3.868;3.87;36.8981;ISP.ITEUR
2024-12-30 13:00:00;3.87;3.872;3.854;3.858;38.7001;ISP.ITEUR
2024-12-30 14:00:00;3.857;3.867;3.857;3.862;44.7685;ISP.ITEUR
2024-12-30 15:00:00;3.861;3.863;3.851;3.855;50.4586;ISP.ITEUR
2024-12-30 16:00:00;3.855;3.859;3.855;3.855;14.1361;ISP.ITEUR
2025-01-02 08:00:00;3.879;3.886;3.836;3.844;69.5532;ISP.ITEUR
2025-01-02 09:00:00;3.843;3.844;3.796;3.797;69.5241;ISP.ITEUR
2025-01-02 10:00:00;3.798;3.798;3.741;3.751;77.9053;ISP.ITEUR
2025-01-02 11:00:00;3.751;3.799;3.748;3.797;74.1627;ISP.ITEUR
2025-01-02 12:00:00;3.798;3.8;3.783;3.791;53.958;ISP.ITEUR
2025-01-02 13:00:00;3.791;3.813;3.791;3.812;43.8205;ISP.ITEUR
2025-01-02 14:00:00;3.812;3.816;3.801;3.813;65.0305;ISP.ITEUR
2025-01-02 15:00:00;3.815;3.845;3.812;3.843;78.5856;ISP.ITEUR
2025-01-02 16:00:00;3.843;3.854;3.834;3.852;30.0567;ISP.ITEUR
2025-01-03 08:00:00;3.838;3.858;3.833;3.84;78.0155;ISP.ITEUR
2025-01-03 09:00:00;3.839;3.86;3.838;3.858;60.671;ISP.ITEUR
2025-01-03 10:00:00;3.857;3.857;3.836;3.84;42.629;ISP.ITEUR
2025-01-03 11:00:00;3.84;3.856;3.838;3.853;35.6655;ISP.ITEUR
2025-01-03 12:00:00;3.853;3.858;3.848;3.858;32.3175;ISP.ITEUR
2025-01-03 13:00:00;3.858;3.879;3.858;3.864;40.8855;ISP.ITEUR
2025-01-03 14:00:00;3.865;3.872;3.854;3.855;47.9011;ISP.ITEUR
2025-01-03 15:00:00;3.855;3.856;3.835;3.84;58.8286;ISP.ITEUR
2025-01-03 16:00:00;3.84;3.847;3.83;3.847;21.855;ISP.ITEUR
2025-01-06 08:00:00;3.873;3.878;3.833;3.858;64.3087;ISP.ITEUR
2025-01-06 09:00:00;3.858;3.862;3.836;3.847;52.3223;ISP.ITEUR
2025-01-06 10:00:00;3.848;3.86;3.839;3.852;43.3835;ISP.ITEUR
2025-01-06 11:00:00;3.851;3.895;3.849;3.894;58.4121;ISP.ITEUR
2025-01-06 12:00:00;3.895;3.903;3.888;3.893;40.4116;ISP.ITEUR
2025-01-06 13:00:00;3.892;3.898;3.883;3.898;30.8001;ISP.ITEUR
2025-01-06 14:00:00;3.897;3.904;3.866;3.903;70.299;ISP.ITEUR
2025-01-06 15:00:00;3.902;3.921;3.901;3.919;52.5151;ISP.ITEUR
2025-01-06 16:00:00;3.92;3.93;3.917;3.927;16.9122;ISP.ITEUR
2025-01-07 08:00:00;3.881;3.883;3.839;3.872;80.4075;ISP.ITEUR
2025-01-07 09:00:00;3.872;3.901;3.872;3.893;62.9048;ISP.ITEUR
2025-01-07 10:00:00;3.893;3.915;3.893;3.911;40.6924;ISP.ITEUR
2025-01-07 11:00:00;3.912;3.916;3.901;3.905;35.2579;ISP.ITEUR
2025-01-07 12:00:00;3.906;3.918;3.905;3.912;26.1844;ISP.ITEUR
2025-01-07 13:00:00;3.913;3.918;3.909;3.916;18.8542;ISP.ITEUR
2025-01-07 14:00:00;3.917;3.924;3.901;3.906;45.7867;ISP.ITEUR
2025-01-07 15:00:00;3.914;3.914;3.899;3.911;72.9669;ISP.ITEUR
2025-01-07 16:00:00;3.91;3.918;3.909;3.917;23.9148;ISP.ITEUR
2025-01-08 08:00:00;3.928;3.942;3.915;3.928;73.0137;ISP.ITEUR
2025-01-08 09:00:00;3.927;3.953;3.926;3.943;59.0439;ISP.ITEUR
2025-01-08 10:00:00;3.942;3.969;3.935;3.968;47.8996;ISP.ITEUR
2025-01-08 11:00:00;3.967;3.98;3.93;3.957;90.9148;ISP.ITEUR
2025-01-08 12:00:00;3.957;3.967;3.935;3.937;87.428;ISP.ITEUR
2025-01-08 13:00:00;3.938;3.947;3.924;3.944;64.3382;ISP.ITEUR
2025-01-08 14:00:00;3.943;3.949;3.927;3.933;57.5869;ISP.ITEUR
2025-01-08 15:00:00;3.932;3.953;3.931;3.953;57.4409;ISP.ITEUR
2025-01-08 16:00:00;3.952;3.961;3.951;3.961;18.3631;ISP.ITEUR
2025-01-09 08:00:00;3.935;3.958;3.922;3.954;67.4152;ISP.ITEUR
2025-01-09 09:00:00;3.955;3.965;3.95;3.961;57.7744;ISP.ITEUR
2025-01-09 10:00:00;3.962;3.965;3.955;3.958;40.5463;ISP.ITEUR
2025-01-09 11:00:00;3.957;3.967;3.955;3.966;25.7282;ISP.ITEUR
2025-01-09 12:00:00;3.966;3.976;3.965;3.975;28.8345;ISP.ITEUR
2025-01-09 13:00:00;3.974;3.99;3.974;3.977;28.9924;ISP.ITEUR
2025-01-09 14:00:00;3.977;3.984;3.972;3.982;23.9673;ISP.ITEUR
2025-01-09 15:00:00;3.983;3.987;3.981;3.986;26.5063;ISP.ITEUR
2025-01-09 16:00:00;3.985;3.989;3.984;3.986;6.9264;ISP.ITEUR
2025-01-10 08:00:00;3.996;4.014;3.982;4.01;70.0596;ISP.ITEUR
2025-01-10 09:00:00;4.011;4.024;4.001;4.013;56.16;ISP.ITEUR
2025-01-10 10:00:00;4.014;4.014;3.993;3.999;47.3614;ISP.ITEUR
2025-01-10 11:00:00;3.999;4.008;3.998;4.004;40.8621;ISP.ITEUR
2025-01-10 12:00:00;4.004;4.01;3.996;4.008;37.3346;ISP.ITEUR
2025-01-10 13:00:00;4.008;4.018;3.998;4.011;60.6877;ISP.ITEUR
2025-01-10 14:00:00;4.012;4.037;4.01;4.03;76.8337;ISP.ITEUR
2025-01-10 15:00:00;4.029;4.032;4.007;4.024;87.5915;ISP.ITEUR
2025-01-10 16:00:00;4.023;4.025;4.011;4.016;28.0213;ISP.ITEUR
2025-01-13 08:00:00;4.007;4.017;3.996;4.0;70.252;ISP.ITEUR
2025-01-13 09:00:00;4.001;4.003;3.982;3.99;66.9368;ISP.ITEUR
2025-01-13 10:00:00;3.991;3.994;3.973;3.978;55.272;ISP.ITEUR
2025-01-13 11:00:00;3.977;3.98;3.96;3.963;62.9944;ISP.ITEUR
2025-01-13 12:00:00;3.962;3.983;3.961;3.975;60.9;ISP.ITEUR
2025-01-13 13:00:00;3.975;3.976;3.953;3.954;41.3112;ISP.ITEUR
2025-01-13 14:00:00;3.953;3.971;3.951;3.963;59.5784;ISP.ITEUR
2025-01-13 15:00:00;3.963;3.974;3.958;3.968;46.368;ISP.ITEUR
2025-01-13 16:00:00;3.968;3.968;3.959;3.962;19.404;ISP.ITEUR
2025-01-14 08:00:00;3.997;4.054;3.997;4.04;53.7656;ISP.ITEUR
2025-01-14 09:00:00;4.04;4.054;4.037;4.045;47.628;ISP.ITEUR
2025-01-14 10:00:00;4.045;4.051;4.038;4.049;28.56;ISP.ITEUR
2025-01-14 11:00:00;4.048;4.055;4.045;4.05;27.748;ISP.ITEUR
2025-01-14 12:00:00;4.049;4.051;4.033;4.042;23.6712;ISP.ITEUR
2025-01-14 13:00:00;4.041;4.067;4.038;4.049;42.6608;ISP.ITEUR
2025-01-14 14:00:00;4.05;4.06;4.043;4.048;43.9544;ISP.ITEUR
2025-01-14 15:00:00;4.049;4.063;4.047;4.061;43.3104;ISP.ITEUR
2025-01-14 16:00:00;4.06;4.069;4.053;4.068;15.3664;ISP.ITEUR
2025-01-15 08:00:00;4.061;4.075;4.052;4.062;53.0768;ISP.ITEUR
2025-01-15 09:00:00;4.062;4.073;4.056;4.07;45.528;ISP.ITEUR
2025-01-15 10:00:00;4.069;4.07;4.057;4.066;33.1128;ISP.ITEUR
2025-01-15 11:00:00;4.066;4.075;4.061;4.071;30.6432;ISP.ITEUR
2025-01-15 12:00:00;4.071;4.076;4.065;4.066;30.7776;ISP.ITEUR
2025-01-15 13:00:00;4.066;4.07;4.041;4.065;53.6816;ISP.ITEUR
2025-01-15 14:00:00;4.066;4.074;4.063;4.069;46.228;ISP.ITEUR
2025-01-15 15:00:00;4.068;4.087;4.067;4.081;47.9584;ISP.ITEUR
2025-01-15 16:00:00;4.08;4.09;4.079;4.089;15.932;ISP.ITEUR
2025-01-16 08:00:00;4.103;4.118;4.09;4.096;56.6608;ISP.ITEUR
2025-01-16 09:00:00;4.097;4.107;4.09;4.105;38.4832;ISP.ITEUR
2025-01-16 10:00:00;4.105;4.116;4.104;4.11;18.8888;ISP.ITEUR
2025-01-16 11:00:00;4.109;4.126;4.104;4.12;22.512;ISP.ITEUR
2025-01-16 12:00:00;4.12;4.12;4.109;4.114;21.1344;ISP.ITEUR
2025-01-16 13:00:00;4.115;4.123;4.111;4.122;24.0184;ISP.ITEUR
2025-01-16 14:00:00;4.122;4.133;4.116;4.117;33.0176;ISP.ITEUR
2025-01-16 15:00:00;4.117;4.122;4.1;4.101;38.696;ISP.ITEUR
2025-01-16 16:00:00;4.1;4.1;4.085;4.097;25.172;ISP.ITEUR
2025-01-17 08:00:00;4.117;4.147;4.104;4.141;43.764;ISP.ITEUR
2025-01-17 09:00:00;4.141;4.147;4.119;4.126;48.6584;ISP.ITEUR
2025-01-17 10:00:00;4.127;4.137;4.115;4.131;41.1376;ISP.ITEUR
2025-01-17 11:00:00;4.132;4.136;4.123;4.124;22.2208;ISP.ITEUR
2025-01-17 12:00:00;4.123;4.134;4.121;4.132;23.6768;ISP.ITEUR
2025-01-17 13:00:00;4.133;4.136;4.127;4.135;24.6288;ISP.ITEUR
2025-01-17 14:00:00;4.134;4.144;4.129;4.143;34.9384;ISP.ITEUR
2025-01-17 15:00:00;4.142;4.144;4.131;4.14;27.9104;ISP.ITEUR
2025-01-17 16:00:00;4.139;4.143;4.137;4.142;13.7088;ISP.ITEUR
2025-01-20 08:00:00;4.17;4.172;4.143;4.165;55.2014;ISP.ITEUR
2025-01-20 09:00:00;4.166;4.176;4.163;4.175;41.885;ISP.ITEUR
2025-01-20 10:00:00;4.175;4.182;4.17;4.174;46.1643;ISP.ITEUR
2025-01-20 11:00:00;4.174;4.176;4.165;4.166;30.6348;ISP.ITEUR
2025-01-20 12:00:00;4.165;4.169;4.165;4.168;10.5541;ISP.ITEUR
2025-01-20 14:00:00;4.194;4.194;4.188;4.19;13.311;ISP.ITEUR
2025-01-20 15:00:00;4.19;4.191;4.171;4.172;45.5173;ISP.ITEUR
2025-01-20 16:00:00;4.173;4.176;4.167;4.175;15.0836;ISP.ITEUR
2025-01-21 08:00:00;4.17;4.175;4.159;4.162;67.7512;ISP.ITEUR
2025-01-21 09:00:00;4.161;4.165;4.142;4.155;61.9494;ISP.ITEUR
2025-01-21 10:00:00;4.156;4.167;4.154;4.159;42.4451;ISP.ITEUR
2025-01-21 11:00:00;4.159;4.162;4.152;4.156;41.1727;ISP.ITEUR
2025-01-21 12:00:00;4.157;4.157;4.146;4.15;32.2226;ISP.ITEUR
2025-01-21 13:00:00;4.149;4.157;4.145;4.151;30.6457;ISP.ITEUR
2025-01-21 14:00:00;4.152;4.162;4.151;4.16;41.3032;ISP.ITEUR
2025-01-21 15:00:00;4.161;4.164;4.149;4.152;36.54;ISP.ITEUR
2025-01-21 16:00:00;4.151;4.164;4.151;4.163;9.8908;ISP.ITEUR
2025-01-22 08:00:00;4.158;4.165;4.144;4.152;63.8199;ISP.ITEUR
2025-01-22 09:00:00;4.153;4.164;4.149;4.15;52.9177;ISP.ITEUR
2025-01-22 10:00:00;4.149;4.158;4.148;4.153;32.0323;ISP.ITEUR
2025-01-22 11:00:00;4.153;4.155;4.141;4.142;29.0743;ISP.ITEUR
2025-01-22 12:00:00;4.143;4.147;4.121;4.125;33.321;ISP.ITEUR
2025-01-22 13:00:00;4.125;4.131;4.116;4.117;35.67;ISP.ITEUR
2025-01-22 14:00:00;4.118;4.118;4.091;4.097;56.2074;ISP.ITEUR
2025-01-22 15:00:00;4.096;4.106;4.087;4.104;46.9419;ISP.ITEUR
2025-01-22 16:00:00;4.105;4.106;4.091;4.095;19.3738;ISP.ITEUR
2025-01-23 08:00:00;4.116;4.131;4.108;4.116;68.2243;ISP.ITEUR
2025-01-23 09:00:00;4.115;4.135;4.106;4.133;46.7625;ISP.ITEUR
2025-01-23 10:00:00;4.134;4.138;4.127;4.132;35.5558;ISP.ITEUR
2025-01-23 11:00:00;4.131;4.134;4.127;4.127;34.7293;ISP.ITEUR
2025-01-23 12:00:00;4.127;4.14;4.123;4.136;39.5741;ISP.ITEUR
2025-01-23 13:00:00;4.136;4.149;4.134;4.146;38.9325;ISP.ITEUR
2025-01-23 14:00:00;4.147;4.156;4.146;4.153;34.7891;ISP.ITEUR
2025-01-23 15:00:00;4.152;4.17;4.151;4.165;31.4124;ISP.ITEUR
2025-01-23 16:00:00;4.165;4.173;4.161;4.171;26.5839;ISP.ITEUR
2025-01-24 08:00:00;4.194;4.202;4.168;4.196;63.6241;ISP.ITEUR
2025-01-24 09:00:00;4.195;4.228;4.186;4.212;59.0295;ISP.ITEUR
2025-01-24 10:00:00;4.212;4.216;4.204;4.21;47.7521;ISP.ITEUR
2025-01-24 11:00:00;4.209;4.21;4.175;4.18;36.0778;ISP.ITEUR
2025-01-24 12:00:00;4.18;4.183;4.173;4.18;29.4658;ISP.ITEUR
2025-01-24 13:00:00;4.179;4.192;4.179;4.184;22.2285;ISP.ITEUR
2025-01-24 14:00:00;4.182;4.187;4.176;4.18;40.1342;ISP.ITEUR
2025-01-24 15:00:00;4.18;4.191;4.175;4.18;34.539;ISP.ITEUR
2025-01-24 16:00:00;4.179;4.189;4.179;4.188;18.1395;ISP.ITEUR
2025-01-27 08:00:00;4.166;4.17;4.145;4.158;89.4144;ISP.ITEUR
2025-01-27 09:00:00;4.158;4.179;4.143;4.171;79.7297;ISP.ITEUR
2025-01-27 10:00:00;4.171;4.178;4.146;4.15;63.8835;ISP.ITEUR
2025-01-27 11:00:00;4.149;4.167;4.149;4.163;53.1746;ISP.ITEUR
2025-01-27 12:00:00;4.163;4.176;4.161;4.175;35.3657;ISP.ITEUR
2025-01-27 13:00:00;4.174;4.183;4.17;4.176;39.8756;ISP.ITEUR
2025-01-27 14:00:00;4.177;4.197;4.174;4.196;51.3889;ISP.ITEUR
2025-01-27 15:00:00;4.196;4.2;4.177;4.177;51.3729;ISP.ITEUR
2025-01-27 16:00:00;4.178;4.181;4.171;4.177;23.225;ISP.ITEUR
2025-01-28 08:00:00;4.178;4.181;4.157;4.165;55.947;ISP.ITEUR
2025-01-28 09:00:00;4.165;4.176;4.159;4.16;41.2001;ISP.ITEUR
2025-01-28 10:00:00;4.161;4.174;4.159;4.173;28.3891;ISP.ITEUR
2025-01-28 11:00:00;4.174;4.191;4.171;4.187;28.0566;ISP.ITEUR
2025-01-28 12:00:00;4.188;4.202;4.185;4.198;31.7889;ISP.ITEUR
2025-01-28 13:00:00;4.197;4.213;4.196;4.211;29.7297;ISP.ITEUR
2025-01-28 14:00:00;4.211;4.214;4.195;4.206;49.6353;ISP.ITEUR
2025-01-28 15:00:00;4.207;4.212;4.2;4.205;36.2612;ISP.ITEUR
2025-01-28 16:00:00;4.206;4.21;4.192;4.196;21.0478;ISP.ITEUR
2025-01-29 08:00:00;4.218;4.226;4.201;4.203;48.4931;ISP.ITEUR
2025-01-29 09:00:00;4.202;4.205;4.185;4.202;52.456;ISP.ITEUR
2025-01-29 10:00:00;4.203;4.217;4.202;4.216;32.4217;ISP.ITEUR
2025-01-29 11:00:00;4.216;4.227;4.214;4.224;24.8391;ISP.ITEUR
2025-01-29 12:00:00;4.225;4.235;4.224;4.229;22.1525;ISP.ITEUR
2025-01-29 13:00:00;4.229;4.229;4.212;4.224;25.8258;ISP.ITEUR
2025-01-29 14:00:00;4.224;4.237;4.224;4.236;29.6439;ISP.ITEUR
2025-01-29 15:00:00;4.237;4.246;4.234;4.242;33.3494;ISP.ITEUR
2025-01-29 16:00:00;4.243;4.243;4.233;4.239;12.1407;ISP.ITEUR
2025-01-30 08:00:00;4.249;4.267;4.243;4.254;55.0729;ISP.ITEUR
2025-01-30 09:00:00;4.253;4.253;4.227;4.234;59.5345;ISP.ITEUR
2025-01-30 10:00:00;4.233;4.24;4.227;4.232;46.6752;ISP.ITEUR
2025-01-30 11:00:00;4.232;4.236;4.226;4.227;41.9455;ISP.ITEUR
2025-01-30 12:00:00;4.228;4.231;4.215;4.229;37.5375;ISP.ITEUR
2025-01-30 13:00:00;4.228;4.236;4.211;4.223;33.3762;ISP.ITEUR
2025-01-30 14:00:00;4.224;4.233;4.211;4.214;41.2162;ISP.ITEUR
2025-01-30 15:00:00;4.213;4.224;4.206;4.217;42.0313;ISP.ITEUR
2025-01-30 16:00:00;4.218;4.223;4.213;4.214;12.0549;ISP.ITEUR
2025-01-31 08:00:00;4.222;4.238;4.213;4.226;53.3837;ISP.ITEUR
2025-01-31 09:00:00;4.228;4.229;4.207;4.211;44.3747;ISP.ITEUR
2025-01-31 10:00:00;4.212;4.213;4.199;4.209;36.0789;ISP.ITEUR
2025-01-31 11:00:00;4.209;4.214;4.204;4.207;19.8359;ISP.ITEUR
2025-01-31 12:00:00;4.207;4.211;4.192;4.193;25.3861;ISP.ITEUR
2025-01-31 13:00:00;4.193;4.207;4.191;4.204;23.166;ISP.ITEUR
2025-01-31 14:00:00;4.203;4.204;4.188;4.195;40.7872;ISP.ITEUR
2025-01-31 15:00:00;4.195;4.204;4.187;4.192;27.574;ISP.ITEUR
2025-01-31 16:00:00;4.191;4.194;4.188;4.192;13.787;ISP.ITEUR
2025-02-03 08:00:00;4.127;4.174;4.115;4.173;88.6261;ISP.ITEUR
2025-02-03 09:00:00;4.173;4.178;4.138;4.139;68.329;ISP.ITEUR
2025-02-03 10:00:00;4.14;4.156;4.138;4.156;40.9588;ISP.ITEUR
2025-02-03 11:00:00;4.157;4.167;4.149;4.15;31.864;ISP.ITEUR
2025-02-03 12:00:00;4.151;4.156;4.145;4.146;36.8243;ISP.ITEUR
2025-02-03 13:00:00;4.147;4.169;4.147;4.154;41.849;ISP.ITEUR
2025-02-03 14:00:00;4.155;4.155;4.125;4.125;46.9541;ISP.ITEUR
2025-02-03 15:00:00;4.125;4.182;4.117;4.161;94.6107;ISP.ITEUR
2025-02-03 16:00:00;4.161;4.165;4.143;4.159;33.8642;ISP.ITEUR
2025-02-04 08:00:00;4.179;4.179;4.129;4.154;57.3788;ISP.ITEUR
2025-02-04 09:00:00;4.154;4.166;4.151;4.161;38.669;ISP.ITEUR
2025-02-04 10:00:00;4.162;4.178;4.156;4.164;31.9069;ISP.ITEUR
2025-02-04 11:00:00;4.163;4.169;4.104;4.162;60.843;ISP.ITEUR
2025-02-04 12:00:00;4.161;4.175;4.15;4.17;40.0579;ISP.ITEUR
2025-02-04 13:00:00;4.169;4.203;4.169;4.182;42.101;ISP.ITEUR
2025-02-04 14:00:00;4.182;4.253;4.167;4.241;53.3676;ISP.ITEUR
2025-02-04 15:00:00;4.242;4.263;4.222;4.249;63.5832;ISP.ITEUR
2025-02-04 16:00:00;4.248;4.257;4.245;4.252;17.2619;ISP.ITEUR
2025-02-05 08:00:00;4.228;4.249;4.214;4.227;66.6613;ISP.ITEUR
2025-02-05 09:00:00;4.228;4.245;4.219;4.221;49.8659;ISP.ITEUR
2025-02-05 10:00:00;4.221;4.235;4.214;4.214;39.1463;ISP.ITEUR
2025-02-05 11:00:00;4.215;4.216;4.196;4.202;32.9097;ISP.ITEUR
2025-02-05 12:00:00;4.201;4.216;4.196;4.214;27.7724;ISP.ITEUR
2025-02-05 13:00:00;4.215;4.217;4.198;4.217;24.5603;ISP.ITEUR
2025-02-05 14:00:00;4.218;4.233;4.215;4.221;26.5444;ISP.ITEUR
2025-02-05 15:00:00;4.22;4.222;4.204;4.221;33.7087;ISP.ITEUR
2025-02-05 16:00:00;4.22;4.224;4.211;4.215;13.5993;ISP.ITEUR
2025-02-06 08:00:00;4.249;4.272;4.245;4.258;56.435;ISP.ITEUR
2025-02-06 09:00:00;4.258;4.278;4.256;4.275;44.9056;ISP.ITEUR
2025-02-06 10:00:00;4.274;4.279;4.267;4.267;34.3254;ISP.ITEUR
2025-02-06 11:00:00;4.267;4.27;4.258;4.266;39.2428;ISP.ITEUR
2025-02-06 12:00:00;4.266;4.272;4.262;4.269;34.2771;ISP.ITEUR
2025-02-06 13:00:00;4.27;4.28;4.265;4.279;26.1797;ISP.ITEUR
2025-02-06 14:00:00;4.28;4.338;4.28;4.326;55.0354;ISP.ITEUR
2025-02-06 15:00:00;4.327;4.349;4.315;4.331;67.825;ISP.ITEUR
2025-02-06 16:00:00;4.33;4.349;4.33;4.347;23.2411;ISP.ITEUR
2025-02-07 08:00:00;4.347;4.348;4.322;4.34;67.9375;ISP.ITEUR
2025-02-07 09:00:00;4.341;4.348;4.319;4.323;44.3747;ISP.ITEUR
2025-02-07 10:00:00;4.324;4.332;4.315;4.33;37.6984;ISP.ITEUR
2025-02-07 11:00:00;4.33;4.335;4.321;4.327;39.1838;ISP.ITEUR
2025-02-07 12:00:00;4.327;4.332;4.321;4.33;31.5315;ISP.ITEUR
2025-02-07 13:00:00;4.33;4.347;4.321;4.344;41.9723;ISP.ITEUR
2025-02-07 14:00:00;4.344;4.361;4.337;4.359;37.7091;ISP.ITEUR
2025-02-07 15:00:00;4.36;4.365;4.336;4.352;61.0414;ISP.ITEUR
2025-02-07 16:00:00;4.353;4.357;4.34;4.345;31.3117;ISP.ITEUR
2025-02-10 08:00:00;4.337;4.37;4.334;4.342;66.763;ISP.ITEUR
2025-02-10 09:00:00;4.341;4.35;4.331;4.334;45.8575;ISP.ITEUR
2025-02-10 10:00:00;4.332;4.34;4.329;4.33;32.7175;ISP.ITEUR
2025-02-10 11:00:00;4.33;4.344;4.33;4.332;29.5739;ISP.ITEUR
2025-02-10 12:00:00;4.332;4.335;4.325;4.334;28.22;ISP.ITEUR
2025-02-10 13:00:00;4.334;4.342;4.326;4.327;31.3375;ISP.ITEUR
2025-02-10 14:00:00;4.328;4.329;4.312;4.318;41.8475;ISP.ITEUR
2025-02-10 15:00:00;4.317;4.324;4.313;4.324;27.4625;ISP.ITEUR
2025-02-10 16:00:00;4.323;4.338;4.323;4.336;10.209;ISP.ITEUR
2025-02-11 08:00:00;4.353;4.364;4.333;4.359;66.3065;ISP.ITEUR
2025-02-11 09:00:00;4.359;4.373;4.349;4.363;42.8695;ISP.ITEUR
2025-02-11 10:00:00;4.363;4.369;4.356;4.366;24.4434;ISP.ITEUR
2025-02-11 11:00:00;4.366;4.374;4.356;4.361;29.6515;ISP.ITEUR
2025-02-11 12:00:00;4.362;4.374;4.357;4.373;24.0439;ISP.ITEUR
2025-02-11 13:00:00;4.373;4.394;4.373;4.385;41.1469;ISP.ITEUR
2025-02-11 14:00:00;4.384;4.394;4.38;4.388;44.5653;ISP.ITEUR
2025-02-11 15:00:00;4.39;4.412;4.388;4.41;47.0658;ISP.ITEUR
2025-02-11 16:00:00;4.409;4.423;4.405;4.42;17.0304;ISP.ITEUR
2025-02-12 08:00:00;4.431;4.441;4.402;4.428;71.6072;ISP.ITEUR
2025-02-12 09:00:00;4.429;4.434;4.408;4.416;48.7309;ISP.ITEUR
2025-02-12 10:00:00;4.417;4.437;4.406;4.432;41.6294;ISP.ITEUR
2025-02-12 11:00:00;4.431;4.436;4.422;4.429;33.371;ISP.ITEUR
2025-02-12 12:00:00;4.428;4.44;4.428;4.434;20.8329;ISP.ITEUR
2025-02-12 13:00:00;4.434;4.444;4.421;4.436;51.5631;ISP.ITEUR
2025-02-12 14:00:00;4.435;4.449;4.424;4.446;45.5508;ISP.ITEUR
2025-02-12 15:00:00;4.446;4.447;4.424;4.437;43.3049;ISP.ITEUR
2025-02-12 16:00:00;4.438;4.44;4.426;4.427;21.0038;ISP.ITEUR
2025-02-13 08:00:00;4.432;4.432;4.38;4.401;81.946;ISP.ITEUR
2025-02-13 09:00:00;4.401;4.408;4.389;4.4;55.7133;ISP.ITEUR
2025-02-13 10:00:00;4.4;4.408;4.386;4.389;46.4015;ISP.ITEUR
2025-02-13 11:00:00;4.39;4.399;4.367;4.384;49.7266;ISP.ITEUR
2025-02-13 12:00:00;4.385;4.394;4.375;4.385;46.1629;ISP.ITEUR
2025-02-13 13:00:00;4.385;4.396;4.376;4.379;42.2828;ISP.ITEUR
2025-02-13 14:00:00;4.38;4.399;4.375;4.395;47.6984;ISP.ITEUR
2025-02-13 15:00:00;4.394;4.399;4.372;4.379;47.0968;ISP.ITEUR
2025-02-13 16:00:00;4.38;4.38;4.369;4.377;18.7265;ISP.ITEUR
2025-02-14 08:00:00;4.379;4.398;4.363;4.396;68.3653;ISP.ITEUR
2025-02-14 09:00:00;4.396;4.405;4.388;4.402;49.67;ISP.ITEUR
2025-02-14 10:00:00;4.401;4.409;4.389;4.397;48.814;ISP.ITEUR
2025-02-14 11:00:00;4.397;4.41;4.395;4.41;22.6744;ISP.ITEUR
2025-02-14 12:00:00;4.409;4.422;4.401;4.406;28.9719;ISP.ITEUR
2025-02-14 13:00:00;4.407;4.416;4.4;4.401;22.223;ISP.ITEUR
2025-02-14 14:00:00;4.402;4.419;4.396;4.41;36.5975;ISP.ITEUR
2025-02-14 15:00:00;4.41;4.41;4.389;4.402;32.9039;ISP.ITEUR
2025-02-14 16:00:00;4.403;4.405;4.384;4.388;14.4364;ISP.ITEUR
2025-02-17 08:00:00;4.428;4.454;4.426;4.45;58.3054;ISP.ITEUR
2025-02-17 09:00:00;4.45;4.471;4.45;4.47;45.2408;ISP.ITEUR
2025-02-17 10:00:00;4.47;4.478;4.462;4.465;30.0441;ISP.ITEUR
2025-02-17 11:00:00;4.466;4.47;4.458;4.463;33.5222;ISP.ITEUR
2025-02-17 12:00:00;4.462;4.469;4.458;4.463;19.0395;ISP.ITEUR
2025-02-17 13:00:00;4.463;4.464;4.449;4.449;16.3372;ISP.ITEUR
2025-02-17 14:00:00;4.448;4.459;4.445;4.457;21.0072;ISP.ITEUR
2025-02-17 15:00:00;4.457;4.481;4.453;4.469;31.2154;ISP.ITEUR
2025-02-17 16:00:00;4.468;4.476;4.468;4.473;8.0864;ISP.ITEUR
2025-02-18 08:00:00;4.484;4.499;4.469;4.49;51.3595;ISP.ITEUR
2025-02-18 09:00:00;4.491;4.504;4.487;4.499;38.5415;ISP.ITEUR
2025-02-18 10:00:00;4.502;4.505;4.49;4.5;33.3218;ISP.ITEUR
2025-02-18 11:00:00;4.501;4.519;4.497;4.517;28.2562;ISP.ITEUR
2025-02-18 12:00:00;4.517;4.523;4.51;4.513;31.1538;ISP.ITEUR
2025-02-18 13:00:00;4.512;4.515;4.501;4.515;20.9096;ISP.ITEUR
2025-02-18 14:00:00;4.515;4.524;4.509;4.519;27.0592;ISP.ITEUR
2025-02-18 15:00:00;4.521;4.541;4.52;4.54;25.9392;ISP.ITEUR
2025-02-18 16:00:00;4.539;4.544;4.538;4.543;11.5388;ISP.ITEUR
2025-02-19 08:00:00;4.575;4.579;4.55;4.574;54.442;ISP.ITEUR
2025-02-19 09:00:00;4.575;4.592;4.567;4.571;45.5284;ISP.ITEUR
2025-02-19 10:00:00;4.571;4.572;4.523;4.535;55.8908;ISP.ITEUR
2025-02-19 11:00:00;4.535;4.538;4.499;4.511;66.3455;ISP.ITEUR
2025-02-19 12:00:00;4.51;4.523;4.509;4.514;40.016;ISP.ITEUR
2025-02-19 13:00:00;4.515;4.523;4.507;4.514;34.8322;ISP.ITEUR
2025-02-19 14:00:00;4.513;4.526;4.507;4.508;48.7497;ISP.ITEUR
2025-02-19 15:00:00;4.509;4.519;4.506;4.511;39.6974;ISP.ITEUR
2025-02-19 16:00:00;4.511;4.519;4.508;4.509;13.4448;ISP.ITEUR
2025-02-20 08:00:00;4.532;4.549;4.52;4.542;68.6523;ISP.ITEUR
2025-02-20 09:00:00;4.543;4.544;4.53;4.539;38.2897;ISP.ITEUR
2025-02-20 10:00:00;4.54;4.541;4.532;4.54;27.4907;ISP.ITEUR
2025-02-20 11:00:00;4.539;4.551;4.526;4.527;24.6394;ISP.ITEUR
2025-02-20 12:00:00;4.525;4.532;4.52;4.526;27.6192;ISP.ITEUR
2025-02-20 13:00:00;4.525;4.525;4.515;4.517;22.7848;ISP.ITEUR
2025-02-20 14:00:00;4.518;4.52;4.504;4.504;34.0513;ISP.ITEUR
2025-02-20 15:00:00;4.502;4.507;4.485;4.487;61.8092;ISP.ITEUR
2025-02-20 16:00:00;4.487;4.502;4.483;4.494;25.8416;ISP.ITEUR
2025-02-21 08:00:00;4.486;4.51;4.486;4.498;65.1332;ISP.ITEUR
2025-02-21 09:00:00;4.498;4.504;4.478;4.481;54.4369;ISP.ITEUR
2025-02-21 10:00:00;4.481;4.503;4.476;4.488;54.0516;ISP.ITEUR
2025-02-21 11:00:00;4.487;4.51;4.485;4.501;43.4478;ISP.ITEUR
2025-02-21 12:00:00;4.5;4.512;4.492;4.512;32.6436;ISP.ITEUR
2025-02-21 13:00:00;4.513;4.518;4.5;4.504;34.8322;ISP.ITEUR
2025-02-21 14:00:00;4.505;4.509;4.486;4.491;55.0277;ISP.ITEUR
2025-02-21 15:00:00;4.492;4.506;4.484;4.502;46.4275;ISP.ITEUR
2025-02-21 16:00:00;4.503;4.514;4.502;4.511;16.1112;ISP.ITEUR
2025-02-24 08:00:00;4.517;4.518;4.47;4.499;72.0202;ISP.ITEUR
2025-02-24 09:00:00;4.499;4.532;4.496;4.523;63.3219;ISP.ITEUR
2025-02-24 10:00:00;4.524;4.534;4.519;4.52;30.8328;ISP.ITEUR
2025-02-24 11:00:00;4.521;4.538;4.519;4.529;31.9849;ISP.ITEUR
2025-02-24 12:00:00;4.528;4.534;4.517;4.533;31.8354;ISP.ITEUR
2025-02-24 13:00:00;4.532;4.549;4.532;4.544;24.7132;ISP.ITEUR
2025-02-24 14:00:00;4.545;4.547;4.503;4.505;48.0847;ISP.ITEUR
2025-02-24 15:00:00;4.506;4.536;4.498;4.529;65.2621;ISP.ITEUR
2025-02-24 16:00:00;4.53;4.537;4.522;4.533;21.1771;ISP.ITEUR
2025-02-25 08:00:00;4.553;4.562;4.54;4.553;29.3367;ISP.ITEUR
2025-02-25 09:00:00;4.554;4.577;4.553;4.574;18.5685;ISP.ITEUR
2025-02-25 10:00:00;4.573;4.586;4.573;4.581;17.1224;ISP.ITEUR
2025-02-25 11:00:00;4.582;4.598;4.58;4.594;10.7133;ISP.ITEUR
2025-02-25 12:00:00;4.594;4.595;4.583;4.592;12.3441;ISP.ITEUR
2025-02-25 13:00:00;4.591;4.626;4.589;4.622;14.8531;ISP.ITEUR
2025-02-25 14:00:00;4.621;4.629;4.603;4.623;34.6586;ISP.ITEUR
2025-02-25 15:00:00;4.624;4.63;4.595;4.619;47.422;ISP.ITEUR
2025-02-25 16:00:00;4.62;4.62;4.604;4.604;14.0449;ISP.ITEUR
2025-02-26 08:00:00;4.674;4.708;4.665;4.702;33.1725;ISP.ITEUR
2025-02-26 09:00:00;4.701;4.724;4.699;4.719;34.0801;ISP.ITEUR
2025-02-26 10:00:00;4.72;4.729;4.705;4.72;27.6909;ISP.ITEUR
2025-02-26 11:00:00;4.719;4.741;4.719;4.734;19.8555;ISP.ITEUR
2025-02-26 12:00:00;4.733;4.75;4.732;4.749;17.5761;ISP.ITEUR
2025-02-26 13:00:00;4.748;4.764;4.743;4.754;22.3195;ISP.ITEUR
2025-02-26 14:00:00;4.753;4.775;4.747;4.768;34.1199;ISP.ITEUR
2025-02-26 15:00:00;4.769;4.788;4.755;4.775;27.0027;ISP.ITEUR
2025-02-26 16:00:00;4.776;4.781;4.765;4.768;12.6635;ISP.ITEUR
2025-02-27 08:00:00;4.752;4.788;4.741;4.769;45.317;ISP.ITEUR
2025-02-27 09:00:00;4.77;4.797;4.762;4.794;31.0774;ISP.ITEUR
2025-02-27 10:00:00;4.795;4.796;4.769;4.78;25.5015;ISP.ITEUR
2025-02-27 11:00:00;4.781;4.787;4.779;4.787;15.4615;ISP.ITEUR
2025-02-27 12:00:00;4.786;4.79;4.766;4.766;15.3569;ISP.ITEUR
2025-02-27 13:00:00;4.765;4.769;4.722;4.724;35.2723;ISP.ITEUR
2025-02-27 14:00:00;4.723;4.744;4.722;4.728;36.1202;ISP.ITEUR
2025-02-27 15:00:00;4.727;4.755;4.715;4.754;41.7409;ISP.ITEUR
2025-02-27 16:00:00;4.754;4.76;4.747;4.749;10.454;ISP.ITEUR
2025-02-28 08:00:00;4.723;4.744;4.72;4.729;42.7732;ISP.ITEUR
2025-02-28 09:00:00;4.73;4.751;4.726;4.728;32.494;ISP.ITEUR
2025-02-28 10:00:00;4.729;4.732;4.71;4.716;26.9828;ISP.ITEUR
2025-02-28 11:00:00;4.717;4.741;4.716;4.739;19.7308;ISP.ITEUR
2025-02-28 12:00:00;4.74;4.741;4.708;4.717;19.4366;ISP.ITEUR
2025-02-28 13:00:00;4.716;4.728;4.714;4.717;22.9776;ISP.ITEUR
2025-02-28 14:00:00;4.718;4.733;4.714;4.733;28.8332;ISP.ITEUR
2025-02-28 15:00:00;4.732;4.739;4.719;4.728;22.4192;ISP.ITEUR
2025-02-28 16:00:00;4.729;4.736;4.719;4.73;13.8705;ISP.ITEUR
2025-03-03 08:00:00;4.757;4.76;4.686;4.716;48.8685;ISP.ITEUR
2025-03-03 09:00:00;4.717;4.775;4.716;4.775;30.0535;ISP.ITEUR
2025-03-03 10:00:00;4.776;4.786;4.76;4.784;17.3329;ISP.ITEUR
2025-03-03 11:00:00;4.785;4.795;4.773;4.788;17.6749;ISP.ITEUR
2025-03-03 12:00:00;4.787;4.813;4.785;4.813;34.7799;ISP.ITEUR
2025-03-03 13:00:00;4.814;4.818;4.805;4.81;20.9051;ISP.ITEUR
2025-03-03 14:00:00;4.809;4.848;4.807;4.836;33.2076;ISP.ITEUR
2025-03-03 15:00:00;4.835;4.845;4.815;4.831;39.3115;ISP.ITEUR
2025-03-03 16:00:00;4.832;4.836;4.808;4.809;14.7964;ISP.ITEUR
2025-03-04 08:00:00;4.804;4.813;4.738;4.745;52.1697;ISP.ITEUR
2025-03-04 09:00:00;4.744;4.749;4.692;4.693;46.214;ISP.ITEUR
2025-03-04 10:00:00;4.692;4.696;4.641;4.679;55.723;ISP.ITEUR
2025-03-04 11:00:00;4.678;4.679;4.656;4.658;38.8553;ISP.ITEUR
2025-03-04 12:00:00;4.659;4.661;4.636;4.64;41.7907;ISP.ITEUR
2025-03-04 13:00:00;4.639;4.65;4.624;4.631;39.2115;ISP.ITEUR
2025-03-04 14:00:00;4.63;4.673;4.628;4.642;59.2384;ISP.ITEUR
2025-03-04 15:00:00;4.641;4.66;4.612;4.652;64.5439;ISP.ITEUR
2025-03-04 16:00:00;4.651;4.667;4.644;4.658;21.7648;ISP.ITEUR
2025-03-05 08:00:00;4.756;4.793;4.755;4.766;49.6237;ISP.ITEUR
2025-03-05 09:00:00;4.765;4.817;4.753;4.815;37.2879;ISP.ITEUR
2025-03-05 10:00:00;4.816;4.85;4.812;4.831;35.1692;ISP.ITEUR
2025-03-05 11:00:00;4.832;4.862;4.824;4.854;28.1343;ISP.ITEUR
2025-03-05 12:00:00;4.855;4.888;4.844;4.866;32.8892;ISP.ITEUR
2025-03-05 13:00:00;4.868;4.877;4.835;4.842;43.5675;ISP.ITEUR
2025-03-05 14:00:00;4.84;4.86;4.823;4.849;42.1852;ISP.ITEUR
2025-03-05 15:00:00;4.858;4.88;4.833;4.843;45.9755;ISP.ITEUR
2025-03-05 16:00:00;4.844;4.853;4.828;4.829;18.1548;ISP.ITEUR
2025-03-06 08:00:00;4.901;4.909;4.864;4.871;62.5538;ISP.ITEUR
2025-03-06 09:00:00;4.87;4.876;4.835;4.836;50.7349;ISP.ITEUR
2025-03-06 10:00:00;4.835;4.867;4.807;4.807;47.847;ISP.ITEUR
2025-03-06 11:00:00;4.806;4.845;4.806;4.842;34.8274;ISP.ITEUR
2025-03-06 12:00:00;4.843;4.845;4.818;4.838;26.8615;ISP.ITEUR
2025-03-06 13:00:00;4.836;4.865;4.811;4.856;38.5799;ISP.ITEUR
2025-03-06 14:00:00;4.857;4.877;4.827;4.877;50.2933;ISP.ITEUR
2025-03-06 15:00:00;4.878;4.893;4.852;4.859;36.4093;ISP.ITEUR
2025-03-06 16:00:00;4.86;4.88;4.859;4.863;16.4541;ISP.ITEUR
2025-03-07 08:00:00;4.824;4.843;4.801;4.833;60.5542;ISP.ITEUR
2025-03-07 09:00:00;4.834;4.896;4.829;4.892;38.0005;ISP.ITEUR
2025-03-07 10:00:00;4.891;4.9;4.861;4.868;35.9246;ISP.ITEUR
2025-03-07 11:00:00;4.867;4.896;4.861;4.891;23.9693;ISP.ITEUR
2025-03-07 12:00:00;4.89;4.891;4.864;4.883;26.4295;ISP.ITEUR
2025-03-07 13:00:00;4.884;4.893;4.847;4.847;39.5633;ISP.ITEUR
2025-03-07 14:00:00;4.846;4.876;4.835;4.868;54.8777;ISP.ITEUR
2025-03-07 15:00:00;4.867;4.895;4.857;4.878;43.0173;ISP.ITEUR
2025-03-07 16:00:00;4.879;4.887;4.876;4.883;18.1693;ISP.ITEUR
2025-03-10 08:00:00;4.884;4.897;4.791;4.796;71.4242;ISP.ITEUR
2025-03-10 09:00:00;4.795;4.838;4.79;4.825;75.8862;ISP.ITEUR
2025-03-10 10:00:00;4.827;4.836;4.797;4.812;45.977;ISP.ITEUR
2025-03-10 11:00:00;4.813;4.82;4.782;4.798;60.2554;ISP.ITEUR
2025-03-10 12:00:00;4.799;4.804;4.766;4.783;47.9504;ISP.ITEUR
2025-03-10 13:00:00;4.784;4.821;4.76;4.796;55.039;ISP.ITEUR
2025-03-10 14:00:00;4.795;4.802;4.759;4.764;58.466;ISP.ITEUR
2025-03-10 15:00:00;4.766;4.826;4.763;4.806;44.022;ISP.ITEUR
2025-03-10 16:00:00;4.805;4.812;4.783;4.795;18.6254;ISP.ITEUR
2025-03-11 08:00:00;4.786;4.793;4.721;4.744;66.4838;ISP.ITEUR
2025-03-11 09:00:00;4.745;4.799;4.743;4.786;51.704;ISP.ITEUR
2025-03-11 10:00:00;4.787;4.797;4.771;4.788;39.2748;ISP.ITEUR
2025-03-11 11:00:00;4.787;4.792;4.743;4.752;41.5794;ISP.ITEUR
2025-03-11 12:00:00;4.75;4.753;4.714;4.721;49.1004;ISP.ITEUR
2025-03-11 13:00:00;4.722;4.734;4.707;4.719;64.0182;ISP.ITEUR
2025-03-11 14:00:00;4.718;4.734;4.662;4.68;88.7708;ISP.ITEUR
2025-03-11 15:00:00;4.678;4.713;4.675;4.69;63.1534;ISP.ITEUR
2025-03-11 16:00:00;4.689;4.695;4.674;4.683;26.1188;ISP.ITEUR
2025-03-12 08:00:00;4.761;4.779;4.741;4.775;42.7892;ISP.ITEUR
2025-03-12 09:00:00;4.776;4.803;4.774;4.798;37.467;ISP.ITEUR
2025-03-12 10:00:00;4.799;4.806;4.777;4.794;30.8292;ISP.ITEUR
2025-03-12 11:00:00;4.793;4.818;4.793;4.806;25.9854;ISP.ITEUR
2025-03-12 12:00:00;4.805;4.807;4.763;4.801;36.524;ISP.ITEUR
2025-03-12 13:00:00;4.8;4.804;4.754;4.768;47.219;ISP.ITEUR
2025-03-12 14:00:00;4.766;4.774;4.738;4.747;51.4786;ISP.ITEUR
2025-03-12 15:00:00;4.748;4.758;4.73;4.756;38.7734;ISP.ITEUR
2025-03-12 16:00:00;4.755;4.772;4.754;4.763;13.4458;ISP.ITEUR
2025-03-13 08:00:00;4.725;4.748;4.693;4.741;66.562;ISP.ITEUR
2025-03-13 09:00:00;4.742;4.776;4.725;4.775;44.3256;ISP.ITEUR
2025-03-13 10:00:00;4.776;4.784;4.76;4.772;40.2868;ISP.ITEUR
2025-03-13 11:00:00;4.771;4.772;4.734;4.746;43.9668;ISP.ITEUR
2025-03-13 12:00:00;4.745;4.746;4.716;4.738;55.5036;ISP.ITEUR
2025-03-13 13:00:00;4.739;4.746;4.711;4.714;45.5584;ISP.ITEUR
2025-03-13 14:00:00;4.713;4.73;4.704;4.708;53.0334;ISP.ITEUR
2025-03-13 15:00:00;4.709;4.715;4.684;4.697;44.1416;ISP.ITEUR
2025-03-13 16:00:00;4.698;4.714;4.697;4.709;17.457;ISP.ITEUR
2025-03-14 08:00:00;4.691;4.733;4.682;4.729;46.6762;ISP.ITEUR
2025-03-14 09:00:00;4.73;4.746;4.729;4.746;35.2452;ISP.ITEUR
2025-03-14 10:00:00;4.747;4.795;4.743;4.782;44.597;ISP.ITEUR
2025-03-14 11:00:00;4.783;4.812;4.781;4.801;39.0862;ISP.ITEUR
2025-03-14 12:00:00;4.802;4.809;4.777;4.778;24.8446;ISP.ITEUR
2025-03-14 13:00:00;4.777;4.797;4.769;4.787;37.398;ISP.ITEUR
2025-03-14 14:00:00;4.785;4.805;4.779;4.798;45.793;ISP.ITEUR
2025-03-14 15:00:00;4.799;4.813;4.789;4.794;31.2892;ISP.ITEUR
2025-03-14 16:00:00;4.795;4.796;4.785;4.79;14.2922;ISP.ITEUR
2025-03-17 08:00:00;4.762;4.801;4.762;4.793;51.9914;ISP.ITEUR
2025-03-17 09:00:00;4.792;4.799;4.76;4.791;48.0387;ISP.ITEUR
2025-03-17 10:00:00;4.79;4.792;4.777;4.781;31.2127;ISP.ITEUR
2025-03-17 11:00:00;4.782;4.787;4.774;4.783;21.7375;ISP.ITEUR
2025-03-17 12:00:00;4.782;4.815;4.777;4.806;25.1591;ISP.ITEUR
2025-03-17 13:00:00;4.805;4.828;4.798;4.823;28.3974;ISP.ITEUR
2025-03-17 14:00:00;4.821;4.827;4.806;4.813;34.8834;ISP.ITEUR
2025-03-17 15:00:00;4.814;4.82;4.802;4.811;24.0969;ISP.ITEUR
2025-03-17 16:00:00;4.812;4.822;4.81;4.815;10.1896;ISP.ITEUR
2025-03-18 08:00:00;4.863;4.894;4.856;4.878;35.8234;ISP.ITEUR
2025-03-18 09:00:00;4.879;4.902;4.877;4.877;33.3042;ISP.ITEUR
2025-03-18 10:00:00;4.878;4.886;4.866;4.881;20.9432;ISP.ITEUR
2025-03-18 11:00:00;4.882;4.911;4.879;4.909;18.7107;ISP.ITEUR
2025-03-18 12:00:00;4.91;4.916;4.9;4.91;20.8821;ISP.ITEUR
2025-03-18 13:00:00;4.909;4.917;4.883;4.888;32.1903;ISP.ITEUR
2025-03-18 14:00:00;4.887;4.916;4.886;4.915;34.357;ISP.ITEUR
2025-03-18 15:00:00;4.914;4.927;4.902;4.919;29.6335;ISP.ITEUR
2025-03-18 16:00:00;4.918;4.926;4.915;4.92;11.4304;ISP.ITEUR
2025-03-19 08:00:00;4.916;4.973;4.916;4.962;45.1811;ISP.ITEUR
2025-03-19 09:00:00;4.96;4.966;4.945;4.947;28.764;ISP.ITEUR
2025-03-19 10:00:00;4.946;4.956;4.941;4.947;22.1746;ISP.ITEUR
2025-03-19 11:00:00;4.948;4.953;4.927;4.936;15.8437;ISP.ITEUR
2025-03-19 12:00:00;4.937;4.94;4.924;4.925;22.748;ISP.ITEUR
2025-03-19 13:00:00;4.924;4.938;4.92;4.929;23.5658;ISP.ITEUR
2025-03-19 14:00:00;4.93;4.94;4.917;4.938;21.1641;ISP.ITEUR
2025-03-19 15:00:00;4.939;4.95;4.933;4.944;17.9399;ISP.ITEUR
2025-03-19 16:00:00;4.945;4.953;4.942;4.948;11.3552;ISP.ITEUR
2025-03-20 08:00:00;4.937;4.955;4.891;4.892;46.5347;ISP.ITEUR
2025-03-20 09:00:00;4.891;4.895;4.806;4.824;69.2827;ISP.ITEUR
2025-03-20 10:00:00;4.825;4.834;4.785;4.816;64.7378;ISP.ITEUR
2025-03-20 11:00:00;4.815;4.822;4.778;4.804;41.0921;ISP.ITEUR
2025-03-20 12:00:00;4.805;4.811;4.775;4.787;30.0706;ISP.ITEUR
2025-03-20 13:00:00;4.788;4.79;4.762;4.78;40.2367;ISP.ITEUR
2025-03-20 14:00:00;4.781;4.814;4.78;4.802;40.8289;ISP.ITEUR
2025-03-20 15:00:00;4.804;4.811;4.785;4.801;31.7955;ISP.ITEUR
2025-03-20 16:00:00;4.8;4.814;4.798;4.805;18.1279;ISP.ITEUR
2025-03-21 08:00:00;4.799;4.812;4.755;4.784;59.9109;ISP.ITEUR
2025-03-21 09:00:00;4.786;4.792;4.756;4.777;55.2297;ISP.ITEUR
2025-03-21 10:00:00;4.779;4.833;4.776;4.822;47.4606;ISP.ITEUR
2025-03-21 11:00:00;4.823;4.829;4.785;4.789;40.2696;ISP.ITEUR
2025-03-21 12:00:00;4.788;4.807;4.783;4.785;32.1292;ISP.ITEUR
2025-03-21 13:00:00;4.786;4.812;4.782;4.804;35.9409;ISP.ITEUR
2025-03-21 14:00:00;4.806;4.815;4.788;4.815;29.8591;ISP.ITEUR
2025-03-21 15:00:00;4.816;4.835;4.803;4.803;24.9429;ISP.ITEUR
2025-03-21 16:00:00;4.804;4.826;4.801;4.822;17.202;ISP.ITEUR
2025-03-24 08:00:00;4.858;4.875;4.826;4.851;49.7303;ISP.ITEUR
2025-03-24 09:00:00;4.849;4.866;4.837;4.851;42.5317;ISP.ITEUR
2025-03-24 10:00:00;4.85;4.876;4.847;4.873;23.2286;ISP.ITEUR
2025-03-24 11:00:00;4.874;4.876;4.852;4.852;23.5457;ISP.ITEUR
2025-03-24 12:00:00;4.85;4.852;4.83;4.837;26.1007;ISP.ITEUR
2025-03-24 13:00:00;4.838;4.85;4.819;4.837;34.4792;ISP.ITEUR
2025-03-24 14:00:00;4.838;4.854;4.832;4.846;30.5534;ISP.ITEUR
2025-03-24 15:00:00;4.847;4.853;4.83;4.839;25.6158;ISP.ITEUR
2025-03-24 16:00:00;4.84;4.844;4.834;4.837;12.1505;ISP.ITEUR
2025-03-25 08:00:00;4.874;4.891;4.86;4.889;38.5869;ISP.ITEUR
2025-03-25 09:00:00;4.891;4.906;4.887;4.904;28.39;ISP.ITEUR
2025-03-25 10:00:00;4.903;4.929;4.903;4.912;23.4944;ISP.ITEUR
2025-03-25 11:00:00;4.912;4.927;4.902;4.92;22.8929;ISP.ITEUR
2025-03-25 12:00:00;4.921;4.926;4.908;4.912;18.692;ISP.ITEUR
2025-03-25 13:00:00;4.911;4.927;4.906;4.92;24.0119;ISP.ITEUR
2025-03-25 14:00:00;4.919;4.925;4.913;4.921;19.9602;ISP.ITEUR
2025-03-25 15:00:00;4.922;4.925;4.908;4.92;15.4935;ISP.ITEUR
2025-03-25 16:00:00;4.921;4.943;4.92;4.94;12.5468;ISP.ITEUR
2025-03-26 08:00:00;4.995;4.996;4.922;4.933;52.7422;ISP.ITEUR
2025-03-26 09:00:00;4.932;4.948;4.896;4.904;57.8104;ISP.ITEUR
2025-03-26 10:00:00;4.903;4.935;4.892;4.932;36.4608;ISP.ITEUR
2025-03-26 11:00:00;4.931;4.95;4.927;4.941;22.5432;ISP.ITEUR
2025-03-26 12:00:00;4.939;4.959;4.934;4.943;20.4544;ISP.ITEUR
2025-03-26 13:00:00;4.941;4.95;4.924;4.933;32.2179;ISP.ITEUR
2025-03-26 14:00:00;4.932;4.945;4.928;4.933;31.5139;ISP.ITEUR
2025-03-26 15:00:00;4.934;4.937;4.907;4.917;26.5064;ISP.ITEUR
2025-03-26 16:00:00;4.918;4.918;4.902;4.911;15.7313;ISP.ITEUR
2025-03-27 08:00:00;4.821;4.904;4.805;4.885;64.6876;ISP.ITEUR
2025-03-27 09:00:00;4.886;4.909;4.883;4.902;41.3844;ISP.ITEUR
2025-03-27 10:00:00;4.903;4.912;4.887;4.895;37.7197;ISP.ITEUR
2025-03-27 11:00:00;4.894;4.907;4.869;4.894;30.0359;ISP.ITEUR
2025-03-27 12:00:00;4.896;4.899;4.882;4.89;24.1984;ISP.ITEUR
2025-03-27 13:00:00;4.891;4.903;4.878;4.895;34.5958;ISP.ITEUR
2025-03-27 14:00:00;4.894;4.904;4.886;4.903;24.4548;ISP.ITEUR
2025-03-27 15:00:00;4.904;4.918;4.903;4.908;19.3634;ISP.ITEUR
2025-03-27 16:00:00;4.909;4.917;4.905;4.911;10.8543;ISP.ITEUR
2025-03-28 08:00:00;4.863;4.878;4.839;4.856;56.6774;ISP.ITEUR
2025-03-28 09:00:00;4.857;4.863;4.8;4.814;41.6688;ISP.ITEUR
2025-03-28 10:00:00;4.815;4.854;4.815;4.835;42.7552;ISP.ITEUR
2025-03-28 11:00:00;4.836;4.879;4.835;4.879;23.0421;ISP.ITEUR
2025-03-28 12:00:00;4.88;4.882;4.844;4.847;30.8611;ISP.ITEUR
2025-03-28 13:00:00;4.848;4.87;4.835;4.842;47.786;ISP.ITEUR
2025-03-28 14:00:00;4.843;4.85;4.816;4.83;42.8764;ISP.ITEUR
2025-03-28 15:00:00;4.831;4.848;4.822;4.826;28.8842;ISP.ITEUR
2025-03-28 16:00:00;4.825;4.838;4.822;4.824;11.1154;ISP.ITEUR
2025-03-31 07:00:00;4.779;4.782;4.725;4.779;72.2315;ISP.ITEUR
2025-03-31 08:00:00;4.78;4.786;4.756;4.764;43.7064;ISP.ITEUR
2025-03-31 09:00:00;4.763;4.767;4.736;4.739;31.3087;ISP.ITEUR
2025-03-31 10:00:00;4.74;4.742;4.716;4.719;32.1154;ISP.ITEUR
2025-03-31 11:00:00;4.721;4.738;4.71;4.732;30.5348;ISP.ITEUR
2025-03-31 12:00:00;4.731;4.74;4.712;4.735;33.4629;ISP.ITEUR
2025-03-31 13:00:00;4.734;4.743;4.722;4.733;39.6546;ISP.ITEUR
2025-03-31 14:00:00;4.734;4.748;4.726;4.737;44.7042;ISP.ITEUR
2025-03-31 15:00:00;4.738;4.749;4.734;4.739;18.2864;ISP.ITEUR
2025-04-01 07:00:00;4.787;4.796;4.74;4.745;57.4002;ISP.ITEUR
2025-04-01 08:00:00;4.746;4.784;4.74;4.775;43.0676;ISP.ITEUR
2025-04-01 09:00:00;4.776;4.803;4.776;4.79;31.3041;ISP.ITEUR
2025-04-01 10:00:00;4.791;4.791;4.748;4.771;41.7015;ISP.ITEUR
2025-04-01 11:00:00;4.772;4.783;4.756;4.783;30.5348;ISP.ITEUR
2025-04-01 12:00:00;4.784;4.799;4.773;4.798;27.7839;ISP.ITEUR
2025-04-01 13:00:00;4.8;4.808;4.779;4.79;33.9944;ISP.ITEUR
2025-04-01 14:00:00;4.783;4.806;4.763;4.8;41.944;ISP.ITEUR
2025-04-01 15:00:00;4.799;4.816;4.799;4.804;14.4165;ISP.ITEUR
2025-04-02 07:00:00;4.788;4.797;4.753;4.76;50.1686;ISP.ITEUR
2025-04-02 08:00:00;4.761;4.766;4.726;4.762;39.0625;ISP.ITEUR
2025-04-02 09:00:00;4.761;4.783;4.759;4.766;25.4526;ISP.ITEUR
2025-04-02 10:00:00;4.765;4.768;4.747;4.748;25.7137;ISP.ITEUR
2025-04-02 11:00:00;4.749;4.757;4.73;4.742;18.5148;ISP.ITEUR
2025-04-02 12:00:00;4.743;4.747;4.719;4.732;24.1145;ISP.ITEUR
2025-04-02 13:00:00;4.733;4.753;4.724;4.74;34.4886;ISP.ITEUR
2025-04-02 14:00:00;4.739;4.77;4.735;4.767;37.7057;ISP.ITEUR
2025-04-02 15:00:00;4.769;4.777;4.76;4.774;19.037;ISP.ITEUR
2025-04-03 07:00:00;4.663;4.681;4.629;4.649;83.0345;ISP.ITEUR
2025-04-03 08:00:00;4.648;4.656;4.629;4.654;60.6685;ISP.ITEUR
2025-04-03 09:00:00;4.653;4.653;4.608;4.611;53.2784;ISP.ITEUR
2025-04-03 10:00:00;4.612;4.617;4.575;4.586;55.4651;ISP.ITEUR
2025-04-03 11:00:00;4.587;4.597;4.553;4.569;46.8255;ISP.ITEUR
2025-04-03 12:00:00;4.568;4.583;4.544;4.545;55.8849;ISP.ITEUR
2025-04-03 13:00:00;4.544;4.549;4.505;4.515;63.9229;ISP.ITEUR
2025-04-03 14:00:00;4.514;4.515;4.454;4.459;65.8579;ISP.ITEUR
2025-04-03 15:00:00;4.46;4.476;4.446;4.449;29.5184;ISP.ITEUR
2025-04-04 07:00:00;4.331;4.36;4.192;4.198;102.5565;ISP.ITEUR
2025-04-04 08:00:00;4.197;4.209;4.151;4.178;92.4901;ISP.ITEUR
2025-04-04 09:00:00;4.18;4.187;4.08;4.108;92.5181;ISP.ITEUR
2025-04-04 10:00:00;4.109;4.111;3.975;4.02;119.3976;ISP.ITEUR
2025-04-04 11:00:00;4.021;4.104;3.983;4.102;108.7576;ISP.ITEUR
2025-04-04 12:00:00;4.101;4.158;4.04;4.135;99.1901;ISP.ITEUR
2025-04-04 13:00:00;4.136;4.186;4.094;4.123;113.7373;ISP.ITEUR
2025-04-04 14:00:00;4.124;4.124;4.004;4.078;79.5237;ISP.ITEUR
2025-04-04 15:00:00;4.077;4.154;4.076;4.113;47.8839;ISP.ITEUR
2025-04-07 07:00:00;3.719;3.862;3.675;3.849;124.4851;ISP.ITEUR
2025-04-07 08:00:00;3.851;3.897;3.775;3.783;143.8551;ISP.ITEUR
2025-04-07 09:00:00;3.782;3.862;3.766;3.823;115.5592;ISP.ITEUR
2025-04-07 10:00:00;3.822;3.929;3.82;3.877;120.9016;ISP.ITEUR
2025-04-07 11:00:00;3.876;3.921;3.82;3.843;117.4821;ISP.ITEUR
2025-04-07 12:00:00;3.844;3.924;3.815;3.92;128.407;ISP.ITEUR
2025-04-07 13:00:00;3.921;3.921;3.813;3.871;116.4716;ISP.ITEUR
2025-04-07 14:00:00;3.87;4.095;3.868;3.974;153.8353;ISP.ITEUR
2025-04-07 15:00:00;3.975;3.993;3.852;3.86;79.343;ISP.ITEUR
2025-04-08 07:00:00;3.945;3.968;3.856;3.871;118.7986;ISP.ITEUR
2025-04-08 08:00:00;3.87;3.94;3.83;3.931;99.4066;ISP.ITEUR
2025-04-08 09:00:00;3.932;3.945;3.897;3.907;72.1051;ISP.ITEUR
2025-04-08 10:00:00;3.906;3.963;3.89;3.951;73.2194;ISP.ITEUR
2025-04-08 11:00:00;3.953;4.027;3.951;4.026;85.2807;ISP.ITEUR
2025-04-08 12:00:00;4.024;4.06;3.994;4.05;81.0527;ISP.ITEUR
2025-04-08 13:00:00;4.046;4.055;4.02;4.05;95.7304;ISP.ITEUR
2025-04-08 14:00:00;4.051;4.064;4.002;4.005;73.3451;ISP.ITEUR
2025-04-08 15:00:00;4.006;4.014;3.977;3.98;36.2765;ISP.ITEUR
2025-04-09 07:00:00;3.861;3.933;3.859;3.922;104.1426;ISP.ITEUR
2025-04-09 08:00:00;3.921;3.931;3.855;3.91;97.3309;ISP.ITEUR
2025-04-09 09:00:00;3.911;3.932;3.872;3.873;78.3377;ISP.ITEUR
2025-04-09 10:00:00;3.872;3.9;3.859;3.865;73.2413;ISP.ITEUR
2025-04-09 11:00:00;3.871;3.871;3.802;3.837;126.1402;ISP.ITEUR
2025-04-09 12:00:00;3.836;3.873;3.821;3.86;76.7864;ISP.ITEUR
2025-04-09 13:00:00;3.863;3.913;3.855;3.9;108.7585;ISP.ITEUR
2025-04-09 14:00:00;3.9;3.923;3.877;3.887;95.0203;ISP.ITEUR
2025-04-09 15:00:00;3.886;3.921;3.886;3.91;38.5926;ISP.ITEUR
2025-04-10 07:00:00;4.362;4.39;4.233;4.257;136.1475;ISP.ITEUR
2025-04-10 08:00:00;4.259;4.263;4.177;4.22;102.34;ISP.ITEUR
2025-04-10 09:00:00;4.218;4.235;4.192;4.216;71.5315;ISP.ITEUR
2025-04-10 10:00:00;4.218;4.264;4.207;4.252;60.3989;ISP.ITEUR
2025-04-10 11:00:00;4.253;4.262;4.193;4.212;57.7332;ISP.ITEUR
2025-04-10 12:00:00;4.213;4.214;4.164;4.175;68.2704;ISP.ITEUR
2025-04-10 13:00:00;4.176;4.21;4.159;4.167;87.6622;ISP.ITEUR
2025-04-10 14:00:00;4.168;4.179;4.139;4.153;76.6499;ISP.ITEUR
2025-04-10 15:00:00;4.152;4.177;4.142;4.154;33.802;ISP.ITEUR
2025-04-11 07:00:00;4.158;4.198;4.122;4.122;91.6226;ISP.ITEUR
2025-04-11 08:00:00;4.121;4.137;4.048;4.071;104.252;ISP.ITEUR
2025-04-11 09:00:00;4.069;4.113;4.042;4.111;89.5776;ISP.ITEUR
2025-04-11 10:00:00;4.112;4.16;4.099;4.127;86.0727;ISP.ITEUR
2025-04-11 11:00:00;4.129;4.129;4.07;4.089;67.9614;ISP.ITEUR
2025-04-11 12:00:00;4.091;4.12;4.087;4.089;66.3692;ISP.ITEUR
2025-04-11 13:00:00;4.09;4.121;4.047;4.111;100.0731;ISP.ITEUR
2025-04-11 14:00:00;4.113;4.136;4.07;4.118;105.7049;ISP.ITEUR
2025-04-11 15:00:00;4.117;4.136;4.088;4.105;43.3887;ISP.ITEUR
2025-04-14 07:00:00;4.235;4.248;4.189;4.237;80.2647;ISP.ITEUR
2025-04-14 08:00:00;4.236;4.25;4.214;4.229;62.3374;ISP.ITEUR
2025-04-14 09:00:00;4.23;4.235;4.203;4.214;40.6948;ISP.ITEUR
2025-04-14 10:00:00;4.213;4.227;4.204;4.213;29.2811;ISP.ITEUR
2025-04-14 11:00:00;4.214;4.228;4.206;4.22;29.665;ISP.ITEUR
2025-04-14 12:00:00;4.221;4.237;4.217;4.231;26.5922;ISP.ITEUR
2025-04-14 13:00:00;4.232;4.246;4.217;4.222;54.825;ISP.ITEUR
2025-04-14 14:00:00;4.224;4.267;4.22;4.253;56.1691;ISP.ITEUR
2025-04-14 15:00:00;4.254;4.257;4.233;4.234;29.3907;ISP.ITEUR
2025-04-15 07:00:00;4.277;4.304;4.255;4.304;65.8058;ISP.ITEUR
2025-04-15 08:00:00;4.305;4.331;4.277;4.331;56.5701;ISP.ITEUR
2025-04-15 09:00:00;4.329;4.332;4.308;4.323;39.795;ISP.ITEUR
2025-04-15 10:00:00;4.324;4.34;4.319;4.324;36.6781;ISP.ITEUR
2025-04-15 11:00:00;4.325;4.331;4.308;4.314;32.815;ISP.ITEUR
2025-04-15 12:00:00;4.315;4.353;4.305;4.349;38.4505;ISP.ITEUR
2025-04-15 13:00:00;4.35;4.369;4.345;4.359;48.8986;ISP.ITEUR
2025-04-15 14:00:00;4.36;4.362;4.329;4.36;61.8709;ISP.ITEUR
2025-04-15 15:00:00;4.361;4.369;4.348;4.362;20.6822;ISP.ITEUR
2025-04-16 07:00:00;4.333;4.342;4.293;4.297;60.4605;ISP.ITEUR
2025-04-16 08:00:00;4.296;4.36;4.292;4.33;72.5986;ISP.ITEUR
2025-04-16 09:00:00;4.331;4.34;4.314;4.318;45.0191;ISP.ITEUR
2025-04-16 10:00:00;4.316;4.334;4.312;4.319;33.1058;ISP.ITEUR
2025-04-16 11:00:00;4.318;4.327;4.31;4.327;27.6459;ISP.ITEUR
2025-04-16 12:00:00;4.328;4.335;4.313;4.317;31.4704;ISP.ITEUR
2025-04-16 13:00:00;4.316;4.337;4.308;4.331;41.4797;ISP.ITEUR
2025-04-16 14:00:00;4.332;4.372;4.328;4.37;42.7143;ISP.ITEUR
2025-04-16 15:00:00;4.371;4.395;4.369;4.393;20.3749;ISP.ITEUR
2025-04-17 07:00:00;4.382;4.395;4.356;4.366;57.4427;ISP.ITEUR
2025-04-17 08:00:00;4.365;4.38;4.352;4.368;47.4996;ISP.ITEUR
2025-04-17 09:00:00;4.367;4.389;4.364;4.381;36.393;ISP.ITEUR
2025-04-17 10:00:00;4.382;4.386;4.343;4.363;34.1705;ISP.ITEUR
2025-04-17 11:00:00;4.362;4.366;4.353;4.36;26.9049;ISP.ITEUR
2025-04-17 12:00:00;4.361;4.386;4.36;4.364;35.4214;ISP.ITEUR
2025-04-17 13:00:00;4.363;4.366;4.317;4.34;58.7432;ISP.ITEUR
2025-04-17 14:00:00;4.341;4.353;4.33;4.335;54.9405;ISP.ITEUR
2025-04-17 15:00:00;4.336;4.362;4.335;4.352;19.5572;ISP.ITEUR
2025-04-22 07:00:00;4.366;4.417;4.353;4.397;67.0248;ISP.ITEUR
2025-04-22 08:00:00;4.399;4.451;4.398;4.448;41.0884;ISP.ITEUR
2025-04-22 09:00:00;4.449;4.46;4.431;4.437;29.7619;ISP.ITEUR
2025-04-22 10:00:00;4.436;4.436;4.406;4.407;30.2626;ISP.ITEUR
2025-04-22 11:00:00;4.406;4.407;4.382;4.391;20.0099;ISP.ITEUR
2025-04-22 12:00:00;4.388;4.404;4.385;4.396;22.173;ISP.ITEUR
2025-04-22 13:00:00;4.395;4.417;4.395;4.402;31.61;ISP.ITEUR
2025-04-22 14:00:00;4.4;4.404;4.382;4.402;30.9906;ISP.ITEUR
2025-04-22 15:00:00;4.403;4.412;4.4;4.407;15.7095;ISP.ITEUR
2025-04-23 07:00:00;4.486;4.508;4.452;4.465;65.8013;ISP.ITEUR
2025-04-23 08:00:00;4.468;4.523;4.466;4.518;31.7288;ISP.ITEUR
2025-04-23 09:00:00;4.517;4.521;4.497;4.508;29.5966;ISP.ITEUR
2025-04-23 10:00:00;4.509;4.513;4.494;4.512;27.733;ISP.ITEUR
2025-04-23 11:00:00;4.511;4.52;4.5;4.504;21.8271;ISP.ITEUR
2025-04-23 12:00:00;4.506;4.512;4.493;4.511;23.7166;ISP.ITEUR
2025-04-23 13:00:00;4.51;4.539;4.491;4.529;54.6606;ISP.ITEUR
2025-04-23 14:00:00;4.531;4.55;4.508;4.536;66.4208;ISP.ITEUR
2025-04-23 15:00:00;4.535;4.543;4.517;4.537;28.2699;ISP.ITEUR
2025-04-24 07:00:00;4.548;4.561;4.512;4.519;63.4317;ISP.ITEUR
2025-04-24 08:00:00;4.518;4.532;4.511;4.531;45.7863;ISP.ITEUR
2025-04-24 09:00:00;4.532;4.571;4.526;4.563;31.9559;ISP.ITEUR
2025-04-24 10:00:00;4.564;4.571;4.557;4.562;29.3695;ISP.ITEUR
2025-04-24 11:00:00;4.561;4.579;4.56;4.576;24.0521;ISP.ITEUR
2025-04-24 12:00:00;4.575;4.579;4.559;4.575;20.5416;ISP.ITEUR
2025-04-24 13:00:00;4.576;4.581;4.558;4.562;26.9637;ISP.ITEUR
2025-04-24 14:00:00;4.561;4.563;4.536;4.542;28.9926;ISP.ITEUR
2025-04-24 15:00:00;4.543;4.558;4.542;4.554;9.8862;ISP.ITEUR
2025-04-25 07:00:00;4.593;4.614;4.569;4.608;50.7319;ISP.ITEUR
2025-04-25 08:00:00;4.607;4.618;4.599;4.61;35.7555;ISP.ITEUR
2025-04-25 09:00:00;4.611;4.625;4.601;4.622;26.3753;ISP.ITEUR
2025-04-25 10:00:00;4.619;4.64;4.602;4.605;36.6951;ISP.ITEUR
2025-04-25 11:00:00;4.606;4.616;4.603;4.613;18.3269;ISP.ITEUR
2025-04-25 12:00:00;4.612;4.646;4.612;4.632;23.7527;ISP.ITEUR
2025-04-25 13:00:00;4.633;4.654;4.629;4.648;38.8427;ISP.ITEUR
2025-04-25 14:00:00;4.649;4.658;4.639;4.651;27.2632;ISP.ITEUR
2025-04-25 15:00:00;4.652;4.67;4.651;4.663;13.9749;ISP.ITEUR
2025-04-28 07:00:00;4.704;4.732;4.693;4.707;51.1383;ISP.ITEUR
2025-04-28 08:00:00;4.706;4.713;4.681;4.703;34.3907;ISP.ITEUR
2025-04-28 09:00:00;4.704;4.714;4.695;4.696;26.8395;ISP.ITEUR
2025-04-28 10:00:00;4.697;4.705;4.69;4.694;21.8201;ISP.ITEUR
2025-04-28 11:00:00;4.695;4.698;4.684;4.687;24.4046;ISP.ITEUR
2025-04-28 12:00:00;4.688;4.699;4.685;4.697;18.644;ISP.ITEUR
2025-04-28 13:00:00;4.698;4.702;4.69;4.691;23.6155;ISP.ITEUR
2025-04-28 14:00:00;4.692;4.697;4.681;4.688;30.6031;ISP.ITEUR
2025-04-28 15:00:00;4.689;4.692;4.678;4.683;16.3291;ISP.ITEUR
2025-04-29 07:00:00;4.735;4.764;4.732;4.754;47.2643;ISP.ITEUR
2025-04-29 08:00:00;4.752;4.754;4.722;4.744;36.0171;ISP.ITEUR
2025-04-29 09:00:00;4.745;4.749;4.729;4.741;25.8;ISP.ITEUR
2025-04-29 10:00:00;4.742;4.743;4.71;4.723;28.5723;ISP.ITEUR
2025-04-29 11:00:00;4.721;4.734;4.713;4.731;23.293;ISP.ITEUR
2025-04-29 12:00:00;4.73;4.732;4.713;4.731;25.0975;ISP.ITEUR
2025-04-29 13:00:00;4.732;4.746;4.716;4.742;40.5215;ISP.ITEUR
2025-04-29 14:00:00;4.741;4.761;4.736;4.759;26.5941;ISP.ITEUR
2025-04-29 15:00:00;4.76;4.767;4.755;4.764;10.5635;ISP.ITEUR
2025-04-30 07:00:00;4.782;4.81;4.757;4.757;54.6129;ISP.ITEUR
2025-04-30 08:00:00;4.756;4.76;4.678;4.68;59.5171;ISP.ITEUR
2025-04-30 09:00:00;4.681;4.702;4.67;4.697;45.2136;ISP.ITEUR
2025-04-30 10:00:00;4.698;4.703;4.663;4.666;36.354;ISP.ITEUR
2025-04-30 11:00:00;4.665;4.694;4.66;4.673;33.24;ISP.ITEUR
2025-04-30 12:00:00;4.672;4.685;4.602;4.622;52.6543;ISP.ITEUR
2025-04-30 13:00:00;4.623;4.637;4.592;4.614;56.1865;ISP.ITEUR
2025-04-30 14:00:00;4.614;4.66;4.609;4.64;51.3211;ISP.ITEUR
2025-04-30 15:00:00;4.639;4.67;4.636;4.663;22.2676;ISP.ITEUR
2025-05-02 07:00:00;4.768;4.768;4.735;4.746;56.1914;ISP.ITEUR
2025-05-02 08:00:00;4.745;4.762;4.734;4.735;33.2166;ISP.ITEUR
2025-05-02 09:00:00;4.734;4.762;4.729;4.754;32.8606;ISP.ITEUR
2025-05-02 10:00:00;4.756;4.768;4.738;4.763;22.383;ISP.ITEUR
2025-05-02 11:00:00;4.762;4.765;4.738;4.745;19.5681;ISP.ITEUR
2025-05-02 12:00:00;4.746;4.765;4.722;4.76;25.8387;ISP.ITEUR
2025-05-02 13:00:00;4.761;4.768;4.739;4.753;30.1891;ISP.ITEUR
2025-05-02 14:00:00;4.754;4.763;4.744;4.758;27.5231;ISP.ITEUR
2025-05-02 15:00:00;4.76;4.761;4.748;4.749;11.3865;ISP.ITEUR
2025-05-05 07:00:00;4.763;4.768;4.738;4.757;33.513;ISP.ITEUR
2025-05-05 08:00:00;4.756;4.778;4.755;4.763;19.1584;ISP.ITEUR
2025-05-05 09:00:00;4.764;4.791;4.761;4.786;22.3136;ISP.ITEUR
2025-05-05 10:00:00;4.787;4.787;4.772;4.78;16.8465;ISP.ITEUR
2025-05-05 11:00:00;4.78;4.786;4.769;4.77;15.8043;ISP.ITEUR
2025-05-05 12:00:00;4.772;4.784;4.765;4.781;14.8947;ISP.ITEUR
2025-05-05 13:00:00;4.78;4.786;4.769;4.785;18.5852;ISP.ITEUR
2025-05-05 14:00:00;4.794;4.8;4.79;4.797;20.177;ISP.ITEUR
2025-05-05 15:00:00;4.796;4.801;4.789;4.793;10.6972;ISP.ITEUR
2025-05-06 07:00:00;4.809;4.811;4.789;4.79;39.5343;ISP.ITEUR
2025-05-06 08:00:00;4.791;4.796;4.745;4.751;45.4278;ISP.ITEUR
2025-05-06 09:00:00;4.75;4.753;4.707;4.738;44.1534;ISP.ITEUR
2025-05-06 10:00:00;4.737;4.757;4.674;4.709;52.8799;ISP.ITEUR
2025-05-06 11:00:00;4.708;4.754;4.699;4.742;39.5628;ISP.ITEUR
2025-05-06 12:00:00;4.743;4.751;4.709;4.714;34.0389;ISP.ITEUR
2025-05-06 13:00:00;4.713;4.753;4.706;4.751;41.0077;ISP.ITEUR
2025-05-06 14:00:00;4.752;4.775;4.732;4.741;38.7764;ISP.ITEUR
2025-05-06 15:00:00;4.74;4.761;4.733;4.76;14.2172;ISP.ITEUR
2025-05-07 07:00:00;4.746;4.757;4.724;4.754;44.6272;ISP.ITEUR
2025-05-07 08:00:00;4.755;4.766;4.714;4.725;35.5975;ISP.ITEUR
2025-05-07 09:00:00;4.726;4.736;4.718;4.726;27.4158;ISP.ITEUR
2025-05-07 10:00:00;4.728;4.734;4.719;4.733;18.0593;ISP.ITEUR
2025-05-07 11:00:00;4.734;4.736;4.721;4.731;16.477;ISP.ITEUR
2025-05-07 12:00:00;4.732;4.736;4.715;4.72;18.5994;ISP.ITEUR
2025-05-07 13:00:00;4.721;4.721;4.699;4.711;34.7116;ISP.ITEUR
2025-05-07 14:00:00;4.712;4.721;4.7;4.702;33.8115;ISP.ITEUR
2025-05-07 15:00:00;4.703;4.709;4.684;4.684;18.4289;ISP.ITEUR
2025-05-08 07:00:00;4.722;4.762;4.719;4.732;46.4227;ISP.ITEUR
2025-05-08 08:00:00;4.733;4.753;4.729;4.749;37.393;ISP.ITEUR
2025-05-08 09:00:00;4.75;4.77;4.747;4.77;19.6511;ISP.ITEUR
2025-05-08 10:00:00;4.771;4.786;4.766;4.781;16.0601;ISP.ITEUR
2025-05-08 11:00:00;4.783;4.797;4.773;4.793;24.0664;ISP.ITEUR
2025-05-08 12:00:00;4.792;4.796;4.772;4.782;23.8864;ISP.ITEUR
2025-05-08 13:00:00;4.781;4.794;4.779;4.784;26.582;ISP.ITEUR
2025-05-08 14:00:00;4.783;4.796;4.768;4.788;33.8778;ISP.ITEUR
2025-05-08 15:00:00;4.789;4.811;4.785;4.809;19.8595;ISP.ITEUR
2025-05-09 07:00:00;4.826;4.836;4.806;4.83;34.6547;ISP.ITEUR
2025-05-09 08:00:00;4.831;4.849;4.821;4.832;31.9875;ISP.ITEUR
2025-05-09 09:00:00;4.831;4.848;4.83;4.842;26.3973;ISP.ITEUR
2025-05-09 10:00:00;4.841;4.843;4.829;4.84;20.6128;ISP.ITEUR
2025-05-09 11:00:00;4.839;4.844;4.824;4.839;22.2378;ISP.ITEUR
2025-05-09 12:00:00;4.838;4.856;4.838;4.85;19.7885;ISP.ITEUR
2025-05-09 13:00:00;4.851;4.864;4.847;4.862;23.2989;ISP.ITEUR
2025-05-09 14:00:00;4.863;4.868;4.849;4.855;29.1071;ISP.ITEUR
2025-05-09 15:00:00;4.856;4.858;4.844;4.846;11.4363;ISP.ITEUR
2025-05-12 07:00:00;4.938;4.965;4.925;4.945;62.0636;ISP.ITEUR
2025-05-12 08:00:00;4.946;4.958;4.902;4.953;54.3375;ISP.ITEUR
2025-05-12 09:00:00;4.954;4.962;4.941;4.954;29.4527;ISP.ITEUR
2025-05-12 10:00:00;4.955;4.955;4.929;4.941;27.4261;ISP.ITEUR
2025-05-12 11:00:00;4.942;4.952;4.919;4.928;36.2327;ISP.ITEUR
2025-05-12 12:00:00;4.929;4.934;4.913;4.921;25.9978;ISP.ITEUR
2025-05-12 13:00:00;4.92;4.924;4.874;4.876;47.692;ISP.ITEUR
2025-05-12 14:00:00;4.877;4.887;4.846;4.877;42.9895;ISP.ITEUR
2025-05-12 15:00:00;4.878;4.882;4.865;4.875;17.5251;ISP.ITEUR
2025-05-13 07:00:00;4.873;4.902;4.861;4.883;47.1076;ISP.ITEUR
2025-05-13 08:00:00;4.884;4.905;4.88;4.897;37.6054;ISP.ITEUR
2025-05-13 09:00:00;4.9;4.911;4.887;4.892;24.5787;ISP.ITEUR
2025-05-13 10:00:00;4.893;4.901;4.878;4.88;25.1769;ISP.ITEUR
2025-05-13 11:00:00;4.881;4.885;4.876;4.883;18.2949;ISP.ITEUR
2025-05-13 12:00:00;4.882;4.895;4.877;4.883;21.4252;ISP.ITEUR
2025-05-13 13:00:00;4.884;4.895;4.879;4.891;29.2533;ISP.ITEUR
2025-05-13 14:00:00;4.893;4.895;4.868;4.872;26.2111;ISP.ITEUR
2025-05-13 15:00:00;4.873;4.883;4.87;4.878;11.6679;ISP.ITEUR
2025-05-14 07:00:00;4.913;4.921;4.885;4.921;42.3449;ISP.ITEUR
2025-05-14 08:00:00;4.92;4.922;4.888;4.905;37.6518;ISP.ITEUR
2025-05-14 09:00:00;4.906;4.91;4.87;4.883;32.1981;ISP.ITEUR
2025-05-14 10:00:00;4.884;4.891;4.873;4.887;21.8472;ISP.ITEUR
2025-05-14 11:00:00;4.89;4.902;4.888;4.901;20.7528;ISP.ITEUR
2025-05-14 12:00:00;4.902;4.92;4.902;4.914;19.3476;ISP.ITEUR
2025-05-14 13:00:00;4.913;4.929;4.907;4.929;26.16;ISP.ITEUR
2025-05-14 14:00:00;4.93;4.941;4.927;4.938;25.2835;ISP.ITEUR
2025-05-14 15:00:00;4.939;4.943;4.932;4.943;10.8378;ISP.ITEUR
2025-05-15 07:00:00;4.954;4.955;4.92;4.942;43.2585;ISP.ITEUR
2025-05-15 08:00:00;4.943;4.952;4.934;4.939;27.8156;ISP.ITEUR
2025-05-15 09:00:00;4.94;4.949;4.928;4.939;25.8725;ISP.ITEUR
2025-05-15 10:00:00;4.94;4.943;4.93;4.942;19.2038;ISP.ITEUR
2025-05-15 11:00:00;4.941;4.96;4.94;4.947;17.9563;ISP.ITEUR
2025-05-15 12:00:00;4.948;4.97;4.943;4.967;22.9324;ISP.ITEUR
2025-05-15 13:00:00;4.966;4.978;4.96;4.967;25.0981;ISP.ITEUR
2025-05-15 14:00:00;4.968;4.976;4.958;4.963;26.9577;ISP.ITEUR
2025-05-15 15:00:00;4.964;4.972;4.96;4.962;13.4812;ISP.ITEUR
2025-05-16 07:00:00;4.958;4.968;4.93;4.965;44.3391;ISP.ITEUR
2025-05-16 08:00:00;4.966;4.976;4.962;4.968;34.5122;ISP.ITEUR
2025-05-16 09:00:00;4.967;4.977;4.956;4.965;29.7773;ISP.ITEUR
2025-05-16 10:00:00;4.966;4.975;4.958;4.97;22.6634;ISP.ITEUR
2025-05-16 11:00:00;4.972;4.974;4.963;4.963;20.3261;ISP.ITEUR
2025-05-16 12:00:00;4.964;4.966;4.95;4.952;21.722;ISP.ITEUR
2025-05-16 13:00:00;4.951;4.979;4.948;4.978;27.2684;ISP.ITEUR
2025-05-16 14:00:00;4.977;4.979;4.958;4.966;25.2465;ISP.ITEUR
2025-05-16 15:00:00;4.967;4.972;4.961;4.969;11.8859;ISP.ITEUR
2025-05-19 07:00:00;4.865;4.899;4.848;4.879;41.9264;ISP.ITEUR
2025-05-19 08:00:00;4.878;4.883;4.849;4.849;31.7669;ISP.ITEUR
2025-05-19 09:00:00;4.85;4.85;4.821;4.835;21.2536;ISP.ITEUR
2025-05-19 10:00:00;4.836;4.854;4.826;4.829;24.997;ISP.ITEUR
2025-05-19 11:00:00;4.828;4.839;4.826;4.835;16.1671;ISP.ITEUR
2025-05-19 12:00:00;4.836;4.843;4.829;4.837;20.0739;ISP.ITEUR
2025-05-19 13:00:00;4.838;4.878;4.838;4.873;19.6337;ISP.ITEUR
2025-05-19 14:00:00;4.874;4.879;4.864;4.87;19.1709;ISP.ITEUR
2025-05-19 15:00:00;4.869;4.876;4.862;4.864;9.379;ISP.ITEUR
2025-05-20 07:00:00;4.889;4.894;4.868;4.884;37.7656;ISP.ITEUR
2025-05-20 08:00:00;4.885;4.903;4.874;4.902;18.8668;ISP.ITEUR
2025-05-20 09:00:00;4.901;4.914;4.888;4.906;11.861;ISP.ITEUR
2025-05-20 10:00:00;4.903;4.909;4.896;4.904;11.6931;ISP.ITEUR
2025-05-20 11:00:00;4.905;4.918;4.903;4.909;10.9989;ISP.ITEUR
2025-05-20 12:00:00;4.91;4.923;4.91;4.922;8.2174;ISP.ITEUR
2025-05-20 13:00:00;4.923;4.932;4.917;4.928;13.254;ISP.ITEUR
2025-05-20 14:00:00;4.929;4.93;4.885;4.911;23.2955;ISP.ITEUR
2025-05-20 15:00:00;4.912;4.925;4.909;4.917;6.9106;ISP.ITEUR
2025-05-21 07:00:00;4.932;4.956;4.926;4.932;27.9101;ISP.ITEUR
2025-05-21 08:00:00;4.933;4.936;4.925;4.927;17.5919;ISP.ITEUR
2025-05-21 09:00:00;4.927;4.927;4.905;4.91;19.9376;ISP.ITEUR
2025-05-21 10:00:00;4.911;4.915;4.9;4.912;16.8477;ISP.ITEUR
2025-05-21 11:00:00;4.913;4.924;4.912;4.919;12.283;ISP.ITEUR
2025-05-21 12:00:00;4.92;4.923;4.912;4.92;11.3891;ISP.ITEUR
2025-05-21 13:00:00;4.921;4.932;4.919;4.928;11.7112;ISP.ITEUR
2025-05-21 14:00:00;4.929;4.956;4.924;4.954;19.4023;ISP.ITEUR
2025-05-21 15:00:00;4.955;4.955;4.935;4.937;7.2186;ISP.ITEUR
2025-05-22 07:00:00;4.919;4.925;4.892;4.904;29.1897;ISP.ITEUR
2025-05-22 08:00:00;4.903;4.911;4.892;4.902;26.4308;ISP.ITEUR
2025-05-22 09:00:00;4.901;4.902;4.885;4.894;22.7851;ISP.ITEUR
2025-05-22 10:00:00;4.893;4.903;4.885;4.902;15.9538;ISP.ITEUR
2025-05-22 11:00:00;4.901;4.909;4.894;4.894;15.3549;ISP.ITEUR
2025-05-22 12:00:00;4.895;4.902;4.891;4.899;16.521;ISP.ITEUR
2025-05-22 13:00:00;4.9;4.905;4.885;4.888;20.3234;ISP.ITEUR
2025-05-22 14:00:00;4.889;4.913;4.886;4.909;15.5863;ISP.ITEUR
2025-05-22 15:00:00;4.91;4.916;4.906;4.911;7.9905;ISP.ITEUR
2025-05-23 07:00:00;4.919;4.939;4.913;4.921;28.441;ISP.ITEUR
2025-05-23 08:00:00;4.922;4.935;4.921;4.927;16.7978;ISP.ITEUR
2025-05-23 09:00:00;4.926;4.926;4.894;4.901;23.2274;ISP.ITEUR
2025-05-23 10:00:00;4.902;4.914;4.897;4.912;14.7559;ISP.ITEUR
2025-05-23 11:00:00;4.911;4.915;4.744;4.744;60.3077;ISP.ITEUR
2025-05-23 12:00:00;4.742;4.77;4.696;4.761;107.8926;ISP.ITEUR
2025-05-23 13:00:00;4.759;4.8;4.722;4.787;66.8825;ISP.ITEUR
2025-05-23 14:00:00;4.786;4.804;4.776;4.793;46.8405;ISP.ITEUR
2025-05-23 15:00:00;4.795;4.797;4.76;4.767;20.0875;ISP.ITEUR
2025-05-26 07:00:00;4.847;4.852;4.81;4.827;37.2813;ISP.ITEUR
2025-05-26 08:00:00;4.828;4.839;4.82;4.832;25.6644;ISP.ITEUR
2025-05-26 09:00:00;4.833;4.843;4.831;4.836;17.1913;ISP.ITEUR
2025-05-26 10:00:00;4.837;4.837;4.823;4.83;12.7946;ISP.ITEUR
2025-05-26 11:00:00;4.831;4.839;4.827;4.837;9.3545;ISP.ITEUR
2025-05-26 12:00:00;4.838;4.838;4.816;4.822;11.4658;ISP.ITEUR
2025-05-26 13:00:00;4.823;4.828;4.812;4.818;11.6543;ISP.ITEUR
2025-05-26 14:00:00;4.819;4.832;4.809;4.829;14.0528;ISP.ITEUR
2025-05-26 15:00:00;4.828;4.829;4.817;4.827;8.2328;ISP.ITEUR
2025-05-27 07:00:00;4.837;4.861;4.831;4.851;28.5442;ISP.ITEUR
2025-05-27 08:00:00;4.852;4.853;4.827;4.841;27.9264;ISP.ITEUR
2025-05-27 09:00:00;4.84;4.85;4.822;4.824;22.6959;ISP.ITEUR
2025-05-27 10:00:00;4.825;4.826;4.812;4.818;17.936;ISP.ITEUR
2025-05-27 11:00:00;4.817;4.823;4.813;4.817;14.4015;ISP.ITEUR
2025-05-27 12:00:00;4.816;4.826;4.807;4.817;16.8897;ISP.ITEUR
2025-05-27 13:00:00;4.818;4.824;4.813;4.821;21.4704;ISP.ITEUR
2025-05-27 14:00:00;4.82;4.847;4.82;4.837;21.329;ISP.ITEUR
2025-05-27 15:00:00;4.838;4.844;4.834;4.838;8.7841;ISP.ITEUR
2025-05-28 07:00:00;4.861;4.89;4.852;4.876;25.594;ISP.ITEUR
2025-05-28 08:00:00;4.877;4.886;4.869;4.873;20.3299;ISP.ITEUR
2025-05-28 09:00:00;4.872;4.876;4.861;4.868;19.0811;ISP.ITEUR
2025-05-28 10:00:00;4.869;4.879;4.864;4.874;16.0745;ISP.ITEUR
2025-05-28 11:00:00;4.875;4.876;4.85;4.857;13.497;ISP.ITEUR
2025-05-28 12:00:00;4.856;4.857;4.842;4.846;11.739;ISP.ITEUR
2025-05-28 13:00:00;4.845;4.855;4.841;4.846;17.7475;ISP.ITEUR
2025-05-28 14:00:00;4.847;4.857;4.841;4.844;21.4896;ISP.ITEUR
2025-05-28 15:00:00;4.845;4.854;4.838;4.839;9.7361;ISP.ITEUR
2025-05-29 07:00:00;4.868;4.889;4.851;4.884;24.4815;ISP.ITEUR
2025-05-29 08:00:00;4.885;4.886;4.868;4.883;24.8027;ISP.ITEUR
2025-05-29 09:00:00;4.884;4.908;4.88;4.897;20.316;ISP.ITEUR
2025-05-29 10:00:00;4.898;4.898;4.874;4.879;18.7419;ISP.ITEUR
2025-05-29 11:00:00;4.88;4.887;4.869;4.87;15.2499;ISP.ITEUR
2025-05-29 12:00:00;4.869;4.874;4.85;4.854;20.8817;ISP.ITEUR
2025-05-29 13:00:00;4.853;4.858;4.827;4.84;25.7967;ISP.ITEUR
2025-05-29 14:00:00;4.839;4.847;4.82;4.836;32.0738;ISP.ITEUR
2025-05-29 15:00:00;4.837;4.852;4.833;4.85;14.2415;ISP.ITEUR
2025-05-30 07:00:00;4.869;4.871;4.851;4.859;23.3225;ISP.ITEUR
2025-05-30 08:00:00;4.862;4.9;4.861;4.898;22.0453;ISP.ITEUR
2025-05-30 09:00:00;4.897;4.913;4.893;4.907;17.8891;ISP.ITEUR
2025-05-30 10:00:00;4.904;4.912;4.902;4.909;12.8607;ISP.ITEUR
2025-05-30 11:00:00;4.91;4.91;4.899;4.905;10.7494;ISP.ITEUR
2025-05-30 12:00:00;4.906;4.909;4.869;4.901;30.3633;ISP.ITEUR
2025-05-30 13:00:00;4.9;4.905;4.887;4.899;17.6346;ISP.ITEUR
2025-05-30 14:00:00;4.9;4.908;4.883;4.885;19.3877;ISP.ITEUR
2025-05-30 15:00:00;4.883;4.9;4.882;4.886;13.2142;ISP.ITEUR
2025-06-02 07:00:00;4.9;4.92;4.887;4.896;46.8878;ISP.ITEUR
2025-06-02 08:00:00;4.895;4.924;4.894;4.91;30.9028;ISP.ITEUR
2025-06-02 09:00:00;4.908;4.918;4.888;4.891;29.8356;ISP.ITEUR
2025-06-02 10:00:00;4.892;4.899;4.883;4.898;25.553;ISP.ITEUR
2025-06-02 11:00:00;4.898;4.899;4.879;4.88;26.726;ISP.ITEUR
2025-06-02 12:00:00;4.881;4.888;4.874;4.878;21.0542;ISP.ITEUR
2025-06-02 13:00:00;4.877;4.884;4.849;4.858;43.1342;ISP.ITEUR
2025-06-02 14:00:00;4.86;4.9;4.85;4.895;37.1772;ISP.ITEUR
2025-06-02 15:00:00;4.896;4.913;4.896;4.906;10.4098;ISP.ITEUR
2025-06-03 07:00:00;4.9;4.906;4.82;4.854;53.3324;ISP.ITEUR
2025-06-03 08:00:00;4.853;4.886;4.84;4.88;46.368;ISP.ITEUR
2025-06-03 09:00:00;4.881;4.899;4.877;4.891;32.7382;ISP.ITEUR
2025-06-03 10:00:00;4.892;4.907;4.89;4.896;24.0304;ISP.ITEUR
2025-06-03 11:00:00;4.897;4.897;4.875;4.893;18.975;ISP.ITEUR
2025-06-03 12:00:00;4.894;4.902;4.886;4.898;21.5372;ISP.ITEUR
2025-06-03 13:00:00;4.899;4.902;4.88;4.885;26.082;ISP.ITEUR
2025-06-03 14:00:00;4.886;4.901;4.883;4.896;29.7344;ISP.ITEUR
2025-06-03 15:00:00;4.895;4.905;4.893;4.901;11.201;ISP.ITEUR
2025-06-04 07:00:00;4.922;4.928;4.905;4.921;26.1004;ISP.ITEUR
2025-06-04 08:00:00;4.922;4.925;4.886;4.888;29.946;ISP.ITEUR
2025-06-04 09:00:00;4.889;4.891;4.875;4.876;27.2504;ISP.ITEUR
2025-06-04 10:00:00;4.875;4.876;4.835;4.865;40.043;ISP.ITEUR
2025-06-04 11:00:00;4.866;4.87;4.85;4.861;27.7242;ISP.ITEUR
2025-06-04 12:00:00;4.86;4.864;4.837;4.859;32.5404;ISP.ITEUR
2025-06-04 13:00:00;4.86;4.863;4.829;4.859;33.258;ISP.ITEUR
2025-06-04 14:00:00;4.858;4.886;4.836;4.88;31.3076;ISP.ITEUR
2025-06-04 15:00:00;4.881;4.882;4.868;4.868;9.7704;ISP.ITEUR
2025-06-05 07:00:00;4.86;4.888;4.85;4.888;26.6294;ISP.ITEUR
2025-06-05 08:00:00;4.889;4.894;4.883;4.893;14.352;ISP.ITEUR
2025-06-05 09:00:00;4.892;4.901;4.887;4.887;16.4634;ISP.ITEUR
2025-06-05 10:00:00;4.888;4.891;4.869;4.872;16.7486;ISP.ITEUR
2025-06-05 11:00:00;4.871;4.876;4.865;4.87;16.7992;ISP.ITEUR
2025-06-05 12:00:00;4.869;4.899;4.863;4.884;26.8364;ISP.ITEUR
2025-06-05 13:00:00;4.885;4.91;4.857;4.907;34.5046;ISP.ITEUR
2025-06-05 14:00:00;4.906;4.943;4.906;4.934;33.0924;ISP.ITEUR
2025-06-05 15:00:00;4.933;4.935;4.919;4.934;12.1302;ISP.ITEUR
2025-06-06 07:00:00;4.933;4.946;4.916;4.939;31.4594;ISP.ITEUR
2025-06-06 08:00:00;4.94;4.961;4.939;4.956;20.332;ISP.ITEUR
2025-06-06 09:00:00;4.957;4.961;4.945;4.949;15.1616;ISP.ITEUR
2025-06-06 10:00:00;4.95;4.965;4.945;4.964;9.4162;ISP.ITEUR
2025-06-06 11:00:00;4.964;4.977;4.962;4.971;9.0436;ISP.ITEUR
2025-06-06 12:00:00;4.972;4.995;4.966;4.983;20.1756;ISP.ITEUR
2025-06-06 13:00:00;4.982;5.029;4.974;5.006;23.8924;ISP.ITEUR
2025-06-06 14:00:00;5.007;5.013;4.99;5.01;20.2308;ISP.ITEUR
2025-06-06 15:00:00;5.011;5.02;5.005;5.007;10.074;ISP.ITEUR
2025-06-09 07:00:00;5.034;5.034;4.986;5.002;31.6125;ISP.ITEUR
2025-06-09 08:00:00;5.002;5.019;4.997;5.017;22.545;ISP.ITEUR
2025-06-09 09:00:00;5.018;5.026;5.017;5.02;12.951;ISP.ITEUR
2025-06-09 10:00:00;5.019;5.022;5.011;5.014;10.1655;ISP.ITEUR
2025-06-09 11:00:00;5.015;5.016;4.999;4.999;10.7415;ISP.ITEUR
2025-06-09 12:00:00;4.997;5.003;4.991;4.996;15.417;ISP.ITEUR
2025-06-09 13:00:00;4.997;5.016;4.996;5.01;16.146;ISP.ITEUR
2025-06-09 14:00:00;5.011;5.017;5.004;5.004;19.287;ISP.ITEUR
2025-06-09 15:00:00;5.003;5.007;4.996;5.006;8.775;ISP.ITEUR
2025-06-10 07:00:00;5.002;5.003;4.963;4.984;41.9445;ISP.ITEUR
2025-06-10 08:00:00;4.985;4.987;4.952;4.978;28.6425;ISP.ITEUR
2025-06-10 09:00:00;4.977;4.986;4.967;4.971;21.3075;ISP.ITEUR
2025-06-10 10:00:00;4.972;4.974;4.943;4.95;26.1945;ISP.ITEUR
2025-06-10 11:00:00;4.952;4.953;4.928;4.932;25.542;ISP.ITEUR
2025-06-10 12:00:00;4.933;4.935;4.915;4.918;28.332;ISP.ITEUR
2025-06-10 13:00:00;4.919;4.939;4.918;4.933;28.8135;ISP.ITEUR
2025-06-10 14:00:00;4.931;4.933;4.889;4.89;36.3015;ISP.ITEUR
2025-06-10 15:00:00;4.891;4.917;4.885;4.913;16.407;ISP.ITEUR
2025-06-11 07:00:00;4.889;4.905;4.857;4.881;38.16;ISP.ITEUR
2025-06-11 08:00:00;4.88;4.907;4.88;4.896;27.2835;ISP.ITEUR
2025-06-11 09:00:00;4.897;4.901;4.888;4.896;15.8265;ISP.ITEUR
2025-06-11 10:00:00;4.897;4.903;4.889;4.898;15.471;ISP.ITEUR
2025-06-11 11:00:00;4.899;4.905;4.886;4.902;14.211;ISP.ITEUR
2025-06-11 12:00:00;4.903;4.916;4.886;4.889;30.4875;ISP.ITEUR
2025-06-11 13:00:00;4.89;4.898;4.855;4.889;30.357;ISP.ITEUR
2025-06-11 14:00:00;4.89;4.894;4.88;4.881;20.295;ISP.ITEUR
2025-06-11 15:00:00;4.88;4.896;4.868;4.891;13.122;ISP.ITEUR
2025-06-12 07:00:00;4.86;4.885;4.846;4.848;34.335;ISP.ITEUR
2025-06-12 08:00:00;4.849;4.869;4.832;4.862;35.406;ISP.ITEUR
2025-06-12 09:00:00;4.861;4.869;4.832;4.839;24.939;ISP.ITEUR
2025-06-12 10:00:00;4.84;4.858;4.831;4.849;25.344;ISP.ITEUR
2025-06-12 11:00:00;4.848;4.873;4.847;4.869;17.1585;ISP.ITEUR
2025-06-12 12:00:00;4.868;4.88;4.864;4.878;19.6245;ISP.ITEUR
2025-06-12 13:00:00;4.879;4.889;4.873;4.888;25.839;ISP.ITEUR
2025-06-12 14:00:00;4.889;4.906;4.876;4.878;25.9605;ISP.ITEUR
2025-06-12 15:00:00;4.879;4.887;4.862;4.866;13.9185;ISP.ITEUR
2025-06-13 07:00:00;4.781;4.812;4.771;4.808;49.2705;ISP.ITEUR
2025-06-13 08:00:00;4.807;4.822;4.784;4.785;45.5895;ISP.ITEUR
2025-06-13 09:00:00;4.786;4.825;4.784;4.824;38.988;ISP.ITEUR
2025-06-13 10:00:00;4.825;4.826;4.808;4.82;26.0775;ISP.ITEUR
2025-06-13 11:00:00;4.819;4.844;4.816;4.839;21.861;ISP.ITEUR
2025-06-13 12:00:00;4.84;4.842;4.809;4.81;25.461;ISP.ITEUR
2025-06-13 13:00:00;4.809;4.819;4.797;4.801;31.428;ISP.ITEUR
2025-06-13 14:00:00;4.801;4.817;4.796;4.808;36.855;ISP.ITEUR
2025-06-13 15:00:00;4.809;4.825;4.805;4.82;12.0375;ISP.ITEUR
2025-06-16 07:00:00;4.866;4.876;4.85;4.87;26.4971;ISP.ITEUR
2025-06-16 08:00:00;4.871;4.881;4.864;4.873;14.9993;ISP.ITEUR
2025-06-16 09:00:00;4.873;4.878;4.866;4.873;12.1365;ISP.ITEUR
2025-06-16 10:00:00;4.874;4.893;4.874;4.892;10.4067;ISP.ITEUR
2025-06-16 11:00:00;4.893;4.901;4.883;4.9;11.4698;ISP.ITEUR
2025-06-16 12:00:00;4.901;4.914;4.899;4.904;9.6747;ISP.ITEUR
2025-06-16 13:00:00;4.905;4.913;4.894;4.912;19.2096;ISP.ITEUR
2025-06-16 14:00:00;4.913;4.932;4.906;4.931;19.7132;ISP.ITEUR
2025-06-16 15:00:00;4.93;4.94;4.925;4.927;10.7564;ISP.ITEUR
2025-06-17 07:00:00;4.879;4.884;4.834;4.839;35.589;ISP.ITEUR
2025-06-17 08:00:00;4.838;4.85;4.812;4.83;37.9575;ISP.ITEUR
2025-06-17 09:00:00;4.83;4.832;4.793;4.802;33.3369;ISP.ITEUR
2025-06-17 10:00:00;4.801;4.812;4.795;4.802;27.1312;ISP.ITEUR
2025-06-17 11:00:00;4.803;4.822;4.801;4.822;16.4121;ISP.ITEUR
2025-06-17 12:00:00;4.823;4.836;4.808;4.813;20.0208;ISP.ITEUR
2025-06-17 13:00:00;4.811;4.824;4.806;4.818;26.8328;ISP.ITEUR
2025-06-17 14:00:00;4.816;4.828;4.809;4.818;23.2427;ISP.ITEUR
2025-06-17 15:00:00;4.819;4.825;4.809;4.81;8.7189;ISP.ITEUR
2025-06-18 07:00:00;4.816;4.832;4.802;4.82;20.3239;ISP.ITEUR
2025-06-18 08:00:00;4.821;4.837;4.81;4.824;15.3024;ISP.ITEUR
2025-06-18 09:00:00;4.825;4.832;4.821;4.829;11.3626;ISP.ITEUR
2025-06-18 10:00:00;4.83;4.83;4.796;4.801;16.9016;ISP.ITEUR
2025-06-18 11:00:00;4.8;4.823;4.8;4.821;16.8923;ISP.ITEUR
2025-06-18 12:00:00;4.82;4.83;4.811;4.813;17.3865;ISP.ITEUR
2025-06-18 13:00:00;4.814;4.816;4.792;4.804;25.448;ISP.ITEUR
2025-06-18 14:00:00;4.805;4.84;4.801;4.829;28.5579;ISP.ITEUR
2025-06-18 15:00:00;4.828;4.835;4.822;4.829;8.0801;ISP.ITEUR
2025-06-19 07:00:00;4.784;4.799;4.772;4.789;25.8676;ISP.ITEUR
2025-06-19 08:00:00;4.79;4.821;4.787;4.815;19.2468;ISP.ITEUR
2025-06-19 09:00:00;4.814;4.821;4.802;4.803;14.7755;ISP.ITEUR
2025-06-19 10:00:00;4.803;4.812;4.796;4.803;13.8337;ISP.ITEUR
2025-06-19 11:00:00;4.796;4.804;4.791;4.801;11.7262;ISP.ITEUR
2025-06-19 12:00:00;4.802;4.804;4.781;4.784;13.6239;ISP.ITEUR
2025-06-19 13:00:00;4.785;4.793;4.765;4.77;21.676;ISP.ITEUR
2025-06-19 14:00:00;4.771;4.786;4.771;4.776;17.7082;ISP.ITEUR
2025-06-19 15:00:00;4.777;4.78;4.757;4.76;10.5373;ISP.ITEUR
2025-06-20 07:00:00;4.782;4.84;4.779;4.833;27.7373;ISP.ITEUR
2025-06-20 08:00:00;4.834;4.836;4.807;4.815;21.4802;ISP.ITEUR
2025-06-20 09:00:00;4.814;4.85;4.812;4.842;22.5992;ISP.ITEUR
2025-06-20 10:00:00;4.84;4.842;4.816;4.818;14.8081;ISP.ITEUR
2025-06-20 11:00:00;4.819;4.849;4.811;4.838;23.3359;ISP.ITEUR
2025-06-20 12:00:00;4.839;4.848;4.826;4.834;17.242;ISP.ITEUR
2025-06-20 13:00:00;4.835;4.838;4.805;4.808;20.3239;ISP.ITEUR
2025-06-20 14:00:00;4.809;4.817;4.803;4.805;21.4383;ISP.ITEUR
2025-06-20 15:00:00;4.803;4.81;4.799;4.801;9.3064;ISP.ITEUR
2025-06-23 07:00:00;4.762;4.812;4.748;4.81;34.3131;ISP.ITEUR
2025-06-23 08:00:00;4.808;4.813;4.789;4.799;29.9628;ISP.ITEUR
2025-06-23 09:00:00;4.798;4.798;4.774;4.783;31.0926;ISP.ITEUR
2025-06-23 10:00:00;4.783;4.8;4.769;4.79;29.4424;ISP.ITEUR
2025-06-23 11:00:00;4.788;4.795;4.731;4.765;33.8065;ISP.ITEUR
2025-06-23 12:00:00;4.766;4.782;4.765;4.775;23.1141;ISP.ITEUR
2025-06-23 13:00:00;4.776;4.779;4.76;4.763;32.1473;ISP.ITEUR
2025-06-23 14:00:00;4.764;4.788;4.76;4.763;29.0488;ISP.ITEUR
2025-06-23 15:00:00;4.762;4.771;4.759;4.765;10.4298;ISP.ITEUR
2025-06-24 07:00:00;4.861;4.868;4.828;4.844;48.2585;ISP.ITEUR
2025-06-24 08:00:00;4.845;4.858;4.828;4.854;37.3223;ISP.ITEUR
2025-06-24 09:00:00;4.855;4.872;4.852;4.859;26.6957;ISP.ITEUR
2025-06-24 10:00:00;4.858;4.863;4.834;4.853;23.869;ISP.ITEUR
2025-06-24 11:00:00;4.854;4.864;4.84;4.857;18.2721;ISP.ITEUR
2025-06-24 12:00:00;4.856;4.867;4.849;4.865;17.4799;ISP.ITEUR
2025-06-24 13:00:00;4.866;4.892;4.866;4.878;23.8784;ISP.ITEUR
2025-06-24 14:00:00;4.877;4.878;4.848;4.856;24.319;ISP.ITEUR
2025-06-24 15:00:00;4.855;4.867;4.854;4.867;11.3299;ISP.ITEUR
2025-06-25 07:00:00;4.855;4.864;4.838;4.849;44.5224;ISP.ITEUR
2025-06-25 08:00:00;4.85;4.851;4.831;4.839;32.733;ISP.ITEUR
2025-06-25 09:00:00;4.838;4.855;4.834;4.844;21.033;ISP.ITEUR
2025-06-25 10:00:00;4.843;4.844;4.818;4.819;20.9581;ISP.ITEUR
2025-06-25 11:00:00;4.82;4.83;4.803;4.828;24.4879;ISP.ITEUR
2025-06-25 12:00:00;4.829;4.83;4.81;4.823;16.9785;ISP.ITEUR
2025-06-25 13:00:00;4.824;4.824;4.807;4.812;20.5689;ISP.ITEUR
2025-06-25 14:00:00;4.803;4.825;4.8;4.82;20.5081;ISP.ITEUR
2025-06-25 15:00:00;4.821;4.829;4.815;4.827;6.9048;ISP.ITEUR
2025-06-26 07:00:00;4.839;4.845;4.813;4.82;32.5128;ISP.ITEUR
2025-06-26 08:00:00;4.819;4.833;4.814;4.822;24.6427;ISP.ITEUR
2025-06-26 09:00:00;4.824;4.834;4.818;4.83;19.3455;ISP.ITEUR
2025-06-26 10:00:00;4.831;4.841;4.811;4.812;17.7282;ISP.ITEUR
2025-06-26 11:00:00;4.811;4.825;4.808;4.821;14.6673;ISP.ITEUR
2025-06-26 12:00:00;4.822;4.823;4.791;4.795;25.1957;ISP.ITEUR
2025-06-26 13:00:00;4.794;4.813;4.791;4.791;27.1738;ISP.ITEUR
2025-06-26 14:00:00;4.791;4.816;4.791;4.808;20.9908;ISP.ITEUR
2025-06-26 15:00:00;4.807;4.809;4.801;4.808;9.9095;ISP.ITEUR
2025-06-27 07:00:00;4.836;4.848;4.815;4.831;27.1597;ISP.ITEUR
2025-06-27 08:00:00;4.828;4.835;4.813;4.816;22.4017;ISP.ITEUR
2025-06-27 09:00:00;4.817;4.821;4.804;4.819;22.7907;ISP.ITEUR
2025-06-27 10:00:00;4.82;4.842;4.816;4.841;21.258;ISP.ITEUR
2025-06-27 11:00:00;4.842;4.845;4.832;4.842;15.7266;ISP.ITEUR
2025-06-27 12:00:00;4.841;4.852;4.837;4.85;14.616;ISP.ITEUR
2025-06-27 13:00:00;4.849;4.856;4.844;4.846;17.7705;ISP.ITEUR
2025-06-27 14:00:00;4.847;4.867;4.839;4.853;26.5177;ISP.ITEUR
2025-06-27 15:00:00;4.854;4.865;4.854;4.86;12.5766;ISP.ITEUR
2025-06-30 07:00:00;4.88;4.887;4.853;4.857;28.502;ISP.ITEUR
2025-06-30 08:00:00;4.858;4.862;4.838;4.843;21.5736;ISP.ITEUR
2025-06-30 09:00:00;4.842;4.852;4.829;4.838;17.8682;ISP.ITEUR
2025-06-30 10:00:00;4.839;4.852;4.837;4.847;12.2615;ISP.ITEUR
2025-06-30 11:00:00;4.846;4.868;4.843;4.865;9.3306;ISP.ITEUR
2025-06-30 12:00:00;4.864;4.871;4.856;4.857;11.0651;ISP.ITEUR
2025-06-30 13:00:00;4.858;4.87;4.854;4.861;17.5343;ISP.ITEUR
2025-06-30 14:00:00;4.862;4.89;4.857;4.886;15.7767;ISP.ITEUR
2025-06-30 15:00:00;4.887;4.888;4.871;4.879;9.5393;ISP.ITEUR
2025-07-01 07:00:00;4.881;4.888;4.861;4.881;27.4075;ISP.ITEUR
2025-07-01 08:00:00;4.88;4.881;4.854;4.856;28.9379;ISP.ITEUR
2025-07-01 09:00:00;4.855;4.855;4.836;4.845;23.1411;ISP.ITEUR
2025-07-01 10:00:00;4.846;4.854;4.844;4.848;17.0103;ISP.ITEUR
2025-07-01 11:00:00;4.847;4.853;4.836;4.842;13.6713;ISP.ITEUR
2025-07-01 12:00:00;4.843;4.848;4.832;4.839;18.4664;ISP.ITEUR
2025-07-01 13:00:00;4.838;4.867;4.838;4.858;22.0698;ISP.ITEUR
2025-07-01 14:00:00;4.86;4.864;4.833;4.846;20.6832;ISP.ITEUR
2025-07-01 15:00:00;4.845;4.848;4.834;4.843;10.3926;ISP.ITEUR
2025-07-02 07:00:00;4.872;4.895;4.852;4.856;27.3704;ISP.ITEUR
2025-07-02 08:00:00;4.855;4.867;4.851;4.859;18.9163;ISP.ITEUR
2025-07-02 09:00:00;4.86;4.88;4.857;4.869;17.6456;ISP.ITEUR
2025-07-02 10:00:00;4.868;4.877;4.858;4.866;17.2978;ISP.ITEUR
2025-07-02 11:00:00;4.867;4.879;4.864;4.865;14.8446;ISP.ITEUR
2025-07-02 12:00:00;4.864;4.864;4.823;4.85;40.3925;ISP.ITEUR
2025-07-02 13:00:00;4.849;4.857;4.835;4.843;29.128;ISP.ITEUR
2025-07-02 14:00:00;4.842;4.868;4.836;4.867;32.3836;ISP.ITEUR
2025-07-02 15:00:00;4.868;4.879;4.866;4.878;6.1122;ISP.ITEUR
2025-07-03 07:00:00;4.871;4.873;4.853;4.863;26.7907;ISP.ITEUR
2025-07-03 08:00:00;4.862;4.866;4.847;4.848;20.2797;ISP.ITEUR
2025-07-03 09:00:00;4.847;4.866;4.845;4.856;18.6984;ISP.ITEUR
2025-07-03 10:00:00;4.855;4.876;4.855;4.871;14.891;ISP.ITEUR
2025-07-03 11:00:00;4.872;4.875;4.863;4.874;13.4719;ISP.ITEUR
2025-07-03 12:00:00;4.873;4.903;4.872;4.902;24.2772;ISP.ITEUR
2025-07-03 13:00:00;4.901;4.913;4.889;4.907;23.9387;ISP.ITEUR
2025-07-03 14:00:00;4.908;4.915;4.898;4.906;18.4247;ISP.ITEUR
2025-07-03 15:00:00;4.907;4.914;4.906;4.912;8.9457;ISP.ITEUR
2025-07-04 07:00:00;4.923;4.942;4.891;4.896;32.4718;ISP.ITEUR
2025-07-04 08:00:00;4.895;4.904;4.87;4.872;24.3097;ISP.ITEUR
2025-07-04 09:00:00;4.874;4.895;4.872;4.883;21.569;ISP.ITEUR
2025-07-04 10:00:00;4.885;4.887;4.861;4.863;14.5571;ISP.ITEUR
2025-07-04 11:00:00;4.862;4.869;4.856;4.865;17.0242;ISP.ITEUR
2025-07-04 12:00:00;4.866;4.87;4.852;4.864;21.4206;ISP.ITEUR
2025-07-04 13:00:00;4.865;4.878;4.86;4.875;21.1145;ISP.ITEUR
2025-07-04 14:00:00;4.874;4.882;4.869;4.872;12.3774;ISP.ITEUR
2025-07-04 15:00:00;4.871;4.875;4.864;4.871;6.5296;ISP.ITEUR
2025-07-07 07:00:00;4.893;4.904;4.876;4.888;28.2572;ISP.ITEUR
2025-07-07 08:00:00;4.887;4.897;4.878;4.884;21.7946;ISP.ITEUR
2025-07-07 09:00:00;4.883;4.912;4.883;4.911;16.7206;ISP.ITEUR
2025-07-07 10:00:00;4.912;4.914;4.899;4.907;13.4872;ISP.ITEUR
2025-07-07 11:00:00;4.909;4.91;4.902;4.906;12.477;ISP.ITEUR
2025-07-07 12:00:00;4.908;4.917;4.903;4.904;13.1642;ISP.ITEUR
2025-07-07 13:00:00;4.902;4.924;4.899;4.921;16.5408;ISP.ITEUR
2025-07-07 14:00:00;4.92;4.924;4.91;4.92;15.1569;ISP.ITEUR
2025-07-07 15:00:00;4.921;4.93;4.919;4.928;6.7805;ISP.ITEUR
2025-07-08 07:00:00;4.927;4.932;4.907;4.929;21.2459;ISP.ITEUR
2025-07-08 08:00:00;4.928;4.936;4.909;4.918;22.1867;ISP.ITEUR
2025-07-08 09:00:00;4.917;4.929;4.912;4.915;17.3062;ISP.ITEUR
2025-07-08 10:00:00;4.914;4.948;4.914;4.938;21.8315;ISP.ITEUR
2025-07-08 11:00:00;4.939;4.957;4.939;4.949;15.2862;ISP.ITEUR
2025-07-08 12:00:00;4.948;4.948;4.93;4.934;18.6302;ISP.ITEUR
2025-07-08 13:00:00;4.935;4.955;4.929;4.945;20.6555;ISP.ITEUR
2025-07-08 14:00:00;4.944;4.95;4.928;4.933;23.4412;ISP.ITEUR
2025-07-08 15:00:00;4.932;4.942;4.928;4.934;10.5768;ISP.ITEUR
2025-07-09 07:00:00;4.974;5.057;4.965;5.055;39.9725;ISP.ITEUR
2025-07-09 08:00:00;5.056;5.06;5.03;5.037;31.0475;ISP.ITEUR
2025-07-09 09:00:00;5.038;5.056;5.037;5.047;24.3176;ISP.ITEUR
2025-07-09 10:00:00;5.048;5.058;5.037;5.044;21.5686;ISP.ITEUR
2025-07-09 11:00:00;5.042;5.062;5.042;5.059;17.1495;ISP.ITEUR
2025-07-09 12:00:00;5.06;5.066;5.044;5.062;14.1975;ISP.ITEUR
2025-07-09 13:00:00;5.061;5.07;5.048;5.049;18.9577;ISP.ITEUR
2025-07-09 14:00:00;5.05;5.055;5.038;5.05;21.2135;ISP.ITEUR
2025-07-09 15:00:00;5.051;5.057;5.05;5.055;8.3673;ISP.ITEUR
2025-07-10 07:00:00;5.087;5.09;5.035;5.039;35.9645;ISP.ITEUR
2025-07-10 08:00:00;5.04;5.07;5.034;5.061;22.3156;ISP.ITEUR
2025-07-10 09:00:00;5.06;5.062;5.046;5.053;18.1876;ISP.ITEUR
2025-07-10 10:00:00;5.054;5.066;5.052;5.053;14.0638;ISP.ITEUR
2025-07-10 11:00:00;5.052;5.052;5.036;5.046;15.2767;ISP.ITEUR
2025-07-10 12:00:00;5.045;5.054;5.034;5.046;15.4338;ISP.ITEUR
2025-07-10 13:00:00;5.046;5.047;5.022;5.035;24.359;ISP.ITEUR
2025-07-10 14:00:00;5.036;5.037;5.0;5.002;22.5877;ISP.ITEUR
2025-07-10 15:00:00;5.001;5.003;4.989;4.995;11.7898;ISP.ITEUR
2025-07-11 07:00:00;4.973;4.974;4.919;4.922;39.6454;ISP.ITEUR
2025-07-11 08:00:00;4.923;4.938;4.92;4.924;30.0833;ISP.ITEUR
2025-07-11 09:00:00;4.925;4.926;4.902;4.907;29.7096;ISP.ITEUR
2025-07-11 10:00:00;4.908;4.911;4.895;4.897;23.9208;ISP.ITEUR
2025-07-11 11:00:00;4.899;4.923;4.897;4.921;16.2132;ISP.ITEUR
2025-07-11 12:00:00;4.919;4.921;4.906;4.914;17.7446;ISP.ITEUR
2025-07-11 13:00:00;4.913;4.919;4.887;4.906;27.4172;ISP.ITEUR
2025-07-11 14:00:00;4.907;4.918;4.899;4.915;22.0762;ISP.ITEUR
2025-07-11 15:00:00;4.916;4.921;4.905;4.918;6.9834;ISP.ITEUR
2025-07-14 07:00:00;4.874;4.896;4.863;4.888;34.5382;ISP.ITEUR
2025-07-14 08:00:00;4.889;4.911;4.878;4.899;25.7007;ISP.ITEUR
2025-07-14 09:00:00;4.9;4.909;4.893;4.906;18.6196;ISP.ITEUR
2025-07-14 10:00:00;4.907;4.913;4.901;4.908;16.3338;ISP.ITEUR
2025-07-14 11:00:00;4.909;4.913;4.892;4.91;16.6623;ISP.ITEUR
2025-07-14 12:00:00;4.909;4.911;4.902;4.905;14.2989;ISP.ITEUR
2025-07-14 13:00:00;4.907;4.916;4.899;4.913;20.3625;ISP.ITEUR
2025-07-14 14:00:00;4.914;4.931;4.903;4.93;19.4728;ISP.ITEUR
2025-07-14 15:00:00;4.929;4.945;4.927;4.943;7.8247;ISP.ITEUR
2025-07-15 07:00:00;4.948;4.948;4.927;4.938;25.582;ISP.ITEUR
2025-07-15 08:00:00;4.937;4.951;4.926;4.941;18.6516;ISP.ITEUR
2025-07-15 09:00:00;4.941;4.941;4.921;4.938;16.4935;ISP.ITEUR
2025-07-15 10:00:00;4.939;4.939;4.911;4.922;16.1467;ISP.ITEUR
2025-07-15 11:00:00;4.923;4.924;4.913;4.919;10.4436;ISP.ITEUR
2025-07-15 12:00:00;4.918;4.929;4.905;4.912;12.9894;ISP.ITEUR
2025-07-15 13:00:00;4.915;4.915;4.866;4.873;28.4062;ISP.ITEUR
2025-07-15 14:00:00;4.874;4.895;4.868;4.87;29.2777;ISP.ITEUR
2025-07-15 15:00:00;4.871;4.884;4.87;4.881;11.0504;ISP.ITEUR
2025-07-16 07:00:00;4.877;4.916;4.875;4.915;31.609;ISP.ITEUR
2025-07-16 08:00:00;4.917;4.928;4.902;4.926;20.7868;ISP.ITEUR
2025-07-16 09:00:00;4.927;4.932;4.911;4.917;12.9575;ISP.ITEUR
2025-07-16 10:00:00;4.918;4.919;4.901;4.903;14.1529;ISP.ITEUR
2025-07-16 11:00:00;4.902;4.919;4.9;4.916;9.8687;ISP.ITEUR
2025-07-16 12:00:00;4.915;4.929;4.912;4.916;12.9347;ISP.ITEUR
2025-07-16 13:00:00;4.915;4.922;4.906;4.92;16.5665;ISP.ITEUR
2025-07-16 14:00:00;4.921;4.94;4.907;4.909;21.5396;ISP.ITEUR
2025-07-16 15:00:00;4.91;4.919;4.876;4.89;26.4853;ISP.ITEUR
2025-07-17 07:00:00;4.898;4.901;4.874;4.891;37.2119;ISP.ITEUR
2025-07-17 08:00:00;4.892;4.903;4.879;4.891;20.1161;ISP.ITEUR
2025-07-17 09:00:00;4.892;4.898;4.882;4.895;11.4884;ISP.ITEUR
2025-07-17 10:00:00;4.894;4.899;4.882;4.888;12.5195;ISP.ITEUR
2025-07-17 11:00:00;4.887;4.892;4.882;4.889;13.2495;ISP.ITEUR
2025-07-17 12:00:00;4.89;4.901;4.89;4.895;15.8548;ISP.ITEUR
2025-07-17 13:00:00;4.894;4.905;4.885;4.905;17.114;ISP.ITEUR
2025-07-17 14:00:00;4.906;4.906;4.884;4.9;14.1894;ISP.ITEUR
2025-07-17 15:00:00;4.901;4.92;4.898;4.919;7.8612;ISP.ITEUR
2025-07-18 07:00:00;4.951;4.958;4.93;4.939;25.9698;ISP.ITEUR
2025-07-18 08:00:00;4.938;4.947;4.926;4.93;13.4366;ISP.ITEUR
2025-07-18 09:00:00;4.929;4.946;4.928;4.934;15.2981;ISP.ITEUR
2025-07-18 10:00:00;4.933;4.94;4.921;4.924;15.2114;ISP.ITEUR
2025-07-18 11:00:00;4.925;4.926;4.919;4.922;10.5029;ISP.ITEUR
2025-07-18 12:00:00;4.923;4.925;4.915;4.922;9.928;ISP.ITEUR
2025-07-18 13:00:00;4.921;4.934;4.919;4.922;15.0061;ISP.ITEUR
2025-07-18 14:00:00;4.92;4.933;4.917;4.922;16.6942;ISP.ITEUR
2025-07-18 15:00:00;4.923;4.935;4.923;4.93;7.5966;ISP.ITEUR
2025-07-21 07:00:00;4.904;4.913;4.878;4.884;28.0594;ISP.ITEUR
2025-07-21 08:00:00;4.886;4.901;4.883;4.9;23.2551;ISP.ITEUR
2025-07-21 09:00:00;4.901;4.903;4.883;4.886;16.2882;ISP.ITEUR
2025-07-21 10:00:00;4.885;4.896;4.883;4.895;14.3628;ISP.ITEUR
2025-07-21 11:00:00;4.895;4.911;4.895;4.91;9.1615;ISP.ITEUR
2025-07-21 12:00:00;4.909;4.91;4.896;4.897;8.1304;ISP.ITEUR
2025-07-21 13:00:00;4.896;4.9;4.888;4.897;20.1298;ISP.ITEUR
2025-07-21 14:00:00;4.898;4.911;4.892;4.903;16.8585;ISP.ITEUR
2025-07-21 15:00:00;4.904;4.923;4.903;4.922;8.2764;ISP.ITEUR
2025-07-22 07:00:00;4.919;4.939;4.9;4.902;27.8176;ISP.ITEUR
2025-07-22 08:00:00;4.901;4.923;4.9;4.914;19.5184;ISP.ITEUR
2025-07-22 09:00:00;4.915;4.932;4.908;4.922;14.5133;ISP.ITEUR
2025-07-22 10:00:00;4.923;4.926;4.912;4.919;16.6805;ISP.ITEUR
2025-07-22 11:00:00;4.918;4.919;4.9;4.912;15.1886;ISP.ITEUR
2025-07-22 12:00:00;4.911;4.916;4.895;4.902;15.3848;ISP.ITEUR
2025-07-22 13:00:00;4.901;4.918;4.874;4.882;25.7964;ISP.ITEUR
2025-07-22 14:00:00;4.881;4.919;4.876;4.913;26.4079;ISP.ITEUR
2025-07-22 15:00:00;4.914;4.918;4.907;4.915;6.3145;ISP.ITEUR
2025-07-23 07:00:00;4.979;4.988;4.954;4.978;40.3235;ISP.ITEUR
2025-07-23 08:00:00;4.975;5.02;4.975;5.016;26.458;ISP.ITEUR
2025-07-23 09:00:00;5.017;5.039;5.013;5.028;25.5546;ISP.ITEUR
2025-07-23 10:00:00;5.027;5.03;4.992;4.993;22.9768;ISP.ITEUR
2025-07-23 11:00:00;4.991;4.994;4.963;4.963;18.8979;ISP.ITEUR
2025-07-23 12:00:00;4.964;4.98;4.954;4.974;16.6623;ISP.ITEUR
2025-07-23 13:00:00;4.971;4.988;4.96;4.987;22.1418;ISP.ITEUR
2025-07-23 14:00:00;4.987;5.01;4.973;5.008;16.7809;ISP.ITEUR
2025-07-23 15:00:00;5.009;5.014;5.0;5.013;11.4656;ISP.ITEUR
2025-07-24 07:00:00;5.079;5.108;5.02;5.028;49.0151;ISP.ITEUR
2025-07-24 08:00:00;5.029;5.048;5.012;5.021;31.7733;ISP.ITEUR
2025-07-24 09:00:00;5.02;5.039;5.012;5.025;27.0922;ISP.ITEUR
2025-07-24 10:00:00;5.026;5.038;5.02;5.028;20.4902;ISP.ITEUR
2025-07-24 11:00:00;5.027;5.04;5.013;5.037;20.7229;ISP.ITEUR
2025-07-24 12:00:00;5.036;5.047;5.03;5.046;14.5681;ISP.ITEUR
2025-07-24 13:00:00;5.045;5.061;5.023;5.047;26.864;ISP.ITEUR
2025-07-24 14:00:00;5.048;5.055;5.04;5.053;23.2916;ISP.ITEUR
2025-07-24 15:00:00;5.052;5.069;5.052;5.065;6.0499;ISP.ITEUR
2025-07-25 07:00:00;5.04;5.064;5.038;5.051;33.2789;ISP.ITEUR
2025-07-25 08:00:00;5.052;5.073;5.052;5.054;26.9462;ISP.ITEUR
2025-07-25 09:00:00;5.053;5.066;5.047;5.048;18.0584;ISP.ITEUR
2025-07-25 10:00:00;5.047;5.049;5.035;5.042;15.2023;ISP.ITEUR
2025-07-25 11:00:00;5.041;5.044;5.034;5.044;12.8982;ISP.ITEUR
2025-07-25 12:00:00;5.045;5.059;5.044;5.058;7.2772;ISP.ITEUR
2025-07-25 13:00:00;5.057;5.062;5.042;5.06;19.7967;ISP.ITEUR
2025-07-25 14:00:00;5.061;5.076;5.056;5.07;18.3459;ISP.ITEUR
2025-07-25 15:00:00;5.069;5.072;5.057;5.065;8.5136;ISP.ITEUR
2025-07-28 07:00:00;5.114;5.138;5.095;5.136;30.7873;ISP.ITEUR
2025-07-28 08:00:00;5.137;5.143;5.115;5.115;23.7361;ISP.ITEUR
2025-07-28 09:00:00;5.118;5.125;5.112;5.12;13.7873;ISP.ITEUR
2025-07-28 10:00:00;5.121;5.131;5.114;5.128;10.7165;ISP.ITEUR
2025-07-28 11:00:00;5.127;5.132;5.109;5.111;12.8332;ISP.ITEUR
2025-07-28 12:00:00;5.113;5.118;5.1;5.114;11.746;ISP.ITEUR
2025-07-28 13:00:00;5.115;5.116;5.086;5.086;20.7453;ISP.ITEUR
2025-07-28 14:00:00;5.085;5.087;5.068;5.07;25.0717;ISP.ITEUR
2025-07-28 15:00:00;5.071;5.081;5.068;5.075;8.9415;ISP.ITEUR
2025-07-29 07:00:00;5.131;5.153;5.125;5.147;20.723;ISP.ITEUR
2025-07-29 08:00:00;5.148;5.169;5.138;5.167;12.9087;ISP.ITEUR
2025-07-29 09:00:00;5.166;5.172;5.159;5.171;14.302;ISP.ITEUR
2025-07-29 10:00:00;5.172;5.216;5.172;5.206;16.7471;ISP.ITEUR
2025-07-29 11:00:00;5.204;5.215;5.193;5.201;22.9773;ISP.ITEUR
2025-07-29 12:00:00;5.202;5.218;5.199;5.202;11.2135;ISP.ITEUR
2025-07-29 13:00:00;5.201;5.221;5.201;5.217;13.4767;ISP.ITEUR
2025-07-29 14:00:00;5.218;5.219;5.191;5.195;16.7648;ISP.ITEUR
2025-07-29 15:00:00;5.194;5.201;5.188;5.195;5.68;ISP.ITEUR
2025-07-30 07:00:00;5.174;5.218;5.163;5.211;27.3216;ISP.ITEUR
2025-07-30 08:00:00;5.21;5.246;5.209;5.246;23.3855;ISP.ITEUR
2025-07-30 09:00:00;5.245;5.247;5.218;5.234;19.3386;ISP.ITEUR
2025-07-30 10:00:00;5.235;5.336;5.229;5.309;40.1504;ISP.ITEUR
2025-07-30 11:00:00;5.311;5.447;5.311;5.447;43.159;ISP.ITEUR
2025-07-30 12:00:00;5.436;5.441;5.37;5.381;36.1078;ISP.ITEUR
2025-07-30 13:00:00;5.382;5.415;5.381;5.406;23.572;ISP.ITEUR
2025-07-30 14:00:00;5.405;5.439;5.405;5.426;28.1736;ISP.ITEUR
2025-07-30 15:00:00;5.427;5.436;5.412;5.421;13.7784;ISP.ITEUR
2025-07-31 07:00:00;5.413;5.419;5.371;5.379;54.6255;ISP.ITEUR
2025-07-31 08:00:00;5.382;5.395;5.355;5.367;43.1767;ISP.ITEUR
2025-07-31 09:00:00;5.368;5.373;5.336;5.362;33.716;ISP.ITEUR
2025-07-31 10:00:00;5.361;5.363;5.344;5.35;32.367;ISP.ITEUR
2025-07-31 11:00:00;5.348;5.359;5.333;5.337;24.5437;ISP.ITEUR
2025-07-31 12:00:00;5.338;5.354;5.329;5.332;30.7961;ISP.ITEUR
2025-07-31 13:00:00;5.331;5.342;5.309;5.32;42.1561;ISP.ITEUR
2025-07-31 14:00:00;5.321;5.325;5.285;5.303;40.461;ISP.ITEUR
2025-07-31 15:00:00;5.304;5.326;5.293;5.317;14.728;ISP.ITEUR
2025-08-01 07:00:00;5.227;5.239;5.196;5.205;51.8165;ISP.ITEUR
2025-08-01 08:00:00;5.204;5.215;5.152;5.153;49.0964;ISP.ITEUR
2025-08-01 09:00:00;5.152;5.178;5.144;5.162;42.7241;ISP.ITEUR
2025-08-01 10:00:00;5.163;5.165;5.113;5.117;32.3759;ISP.ITEUR
2025-08-01 11:00:00;5.118;5.133;5.105;5.126;30.5521;ISP.ITEUR
2025-08-01 12:00:00;5.127;5.128;5.07;5.073;46.1144;ISP.ITEUR
2025-08-01 13:00:00;5.072;5.072;4.983;5.01;55.3444;ISP.ITEUR
2025-08-01 14:00:00;5.01;5.038;4.97;5.029;60.1191;ISP.ITEUR
2025-08-01 15:00:00;5.028;5.045;5.017;5.021;19.7602;ISP.ITEUR
2025-08-04 07:00:00;5.069;5.141;5.069;5.127;42.6975;ISP.ITEUR
2025-08-04 08:00:00;5.128;5.138;5.099;5.137;25.1114;ISP.ITEUR
2025-08-04 09:00:00;5.136;5.149;5.131;5.14;19.269;ISP.ITEUR
2025-08-04 10:00:00;5.141;5.16;5.137;5.156;10.1817;ISP.ITEUR
2025-08-04 11:00:00;5.157;5.163;5.142;5.161;10.6173;ISP.ITEUR
2025-08-04 12:00:00;5.162;5.166;5.154;5.155;10.0429;ISP.ITEUR
2025-08-04 13:00:00;5.155;5.174;5.155;5.164;12.4795;ISP.ITEUR
2025-08-04 14:00:00;5.165;5.167;5.147;5.151;13.7496;ISP.ITEUR
2025-08-04 15:00:00;5.152;5.168;5.151;5.154;7.1933;ISP.ITEUR
2025-08-05 07:00:00;5.169;5.181;5.14;5.145;33.3996;ISP.ITEUR
2025-08-05 08:00:00;5.144;5.147;5.12;5.135;27.6963;ISP.ITEUR
2025-08-05 09:00:00;5.136;5.142;5.116;5.141;20.8396;ISP.ITEUR
2025-08-05 10:00:00;5.142;5.158;5.141;5.153;17.2137;ISP.ITEUR
2025-08-05 11:00:00;5.154;5.156;5.14;5.144;15.5982;ISP.ITEUR
2025-08-05 12:00:00;5.145;5.15;5.135;5.144;19.8838;ISP.ITEUR
2025-08-05 13:00:00;5.143;5.156;5.137;5.144;19.6367;ISP.ITEUR
2025-08-05 14:00:00;5.143;5.143;5.099;5.112;35.7736;ISP.ITEUR
2025-08-05 15:00:00;5.113;5.13;5.108;5.129;11.2901;ISP.ITEUR
2025-08-06 07:00:00;5.151;5.174;5.15;5.169;29.7294;ISP.ITEUR
2025-08-06 08:00:00;5.17;5.179;5.154;5.175;21.2077;ISP.ITEUR
2025-08-06 09:00:00;5.174;5.185;5.168;5.175;24.5281;ISP.ITEUR
2025-08-06 10:00:00;5.174;5.193;5.171;5.184;19.96;ISP.ITEUR
2025-08-06 11:00:00;5.183;5.188;5.167;5.168;18.4792;ISP.ITEUR
2025-08-06 12:00:00;5.167;5.179;5.165;5.167;13.4759;ISP.ITEUR
2025-08-06 13:00:00;5.167;5.181;5.167;5.177;25.6278;ISP.ITEUR
2025-08-06 14:00:00;5.178;5.184;5.165;5.166;24.0391;ISP.ITEUR
2025-08-06 15:00:00;5.167;5.174;5.163;5.171;10.1549;ISP.ITEUR
2025-08-07 07:00:00;5.2;5.213;5.188;5.192;32.8436;ISP.ITEUR
2025-08-07 08:00:00;5.193;5.236;5.192;5.224;30.4783;ISP.ITEUR
2025-08-07 09:00:00;5.223;5.236;5.21;5.215;27.2025;ISP.ITEUR
2025-08-07 10:00:00;5.216;5.223;5.21;5.218;19.0312;ISP.ITEUR
2025-08-07 11:00:00;5.219;5.234;5.217;5.226;13.8482;ISP.ITEUR
2025-08-07 12:00:00;5.227;5.238;5.225;5.23;13.8258;ISP.ITEUR
2025-08-07 13:00:00;5.231;5.256;5.225;5.237;19.74;ISP.ITEUR
2025-08-07 14:00:00;5.238;5.242;5.222;5.237;23.1238;ISP.ITEUR
2025-08-07 15:00:00;5.239;5.258;5.235;5.255;11.407;ISP.ITEUR
2025-08-08 07:00:00;5.26;5.295;5.256;5.292;29.7379;ISP.ITEUR
2025-08-08 08:00:00;5.293;5.302;5.286;5.299;22.6702;ISP.ITEUR
2025-08-08 09:00:00;5.3;5.31;5.292;5.309;23.1148;ISP.ITEUR
2025-08-08 10:00:00;5.31;5.318;5.302;5.307;13.3905;ISP.ITEUR
2025-08-08 11:00:00;5.305;5.311;5.299;5.308;13.9335;ISP.ITEUR
2025-08-08 12:00:00;5.307;5.316;5.307;5.313;13.193;ISP.ITEUR
2025-08-08 13:00:00;5.314;5.319;5.307;5.312;20.0497;ISP.ITEUR
2025-08-08 14:00:00;5.313;5.35;5.31;5.327;36.3432;ISP.ITEUR
2025-08-08 15:00:00;5.328;5.337;5.327;5.334;12.1787;ISP.ITEUR
2025-08-11 07:00:00;5.359;5.369;5.323;5.326;32.184;ISP.ITEUR
2025-08-11 08:00:00;5.327;5.328;5.303;5.306;26.539;ISP.ITEUR
2025-08-11 09:00:00;5.304;5.324;5.3;5.32;16.8881;ISP.ITEUR
2025-08-11 10:00:00;5.321;5.324;5.306;5.313;11.0326;ISP.ITEUR
2025-08-11 11:00:00;5.312;5.328;5.311;5.328;10.6829;ISP.ITEUR
2025-08-11 12:00:00;5.327;5.332;5.318;5.326;10.742;ISP.ITEUR
2025-08-11 13:00:00;5.326;5.326;5.305;5.305;15.6918;ISP.ITEUR
2025-08-11 14:00:00;5.305;5.316;5.305;5.316;17.065;ISP.ITEUR
2025-08-11 15:00:00;5.315;5.327;5.312;5.324;7.3129;ISP.ITEUR
2025-08-12 07:00:00;5.342;5.367;5.34;5.357;17.04;ISP.ITEUR
2025-08-12 08:00:00;5.358;5.365;5.353;5.356;16.9218;ISP.ITEUR
2025-08-12 09:00:00;5.357;5.367;5.347;5.349;15.2368;ISP.ITEUR
2025-08-12 10:00:00;5.348;5.357;5.342;5.349;12.0983;ISP.ITEUR
2025-08-12 11:00:00;5.349;5.351;5.342;5.349;10.5144;ISP.ITEUR
2025-08-12 12:00:00;5.348;5.364;5.346;5.363;13.7623;ISP.ITEUR
2025-08-12 13:00:00;5.364;5.369;5.358;5.36;15.7043;ISP.ITEUR
2025-08-12 14:00:00;5.361;5.363;5.35;5.356;13.1137;ISP.ITEUR
2025-08-12 15:00:00;5.355;5.364;5.35;5.361;6.9002;ISP.ITEUR
2025-08-13 07:00:00;5.362;5.376;5.36;5.37;16.412;ISP.ITEUR
2025-08-13 08:00:00;5.369;5.383;5.366;5.381;14.7314;ISP.ITEUR
2025-08-13 09:00:00;5.381;5.403;5.376;5.401;14.7567;ISP.ITEUR
2025-08-13 10:00:00;5.4;5.402;5.389;5.394;10.4008;ISP.ITEUR
2025-08-13 11:00:00;5.395;5.419;5.393;5.413;7.0687;ISP.ITEUR
2025-08-13 12:00:00;5.414;5.427;5.412;5.42;8.2565;ISP.ITEUR
2025-08-13 13:00:00;5.419;5.427;5.412;5.419;14.1458;ISP.ITEUR
2025-08-13 14:00:00;5.418;5.419;5.392;5.4;17.8527;ISP.ITEUR
2025-08-13 15:00:00;5.401;5.42;5.398;5.419;7.292;ISP.ITEUR
2025-08-14 07:00:00;5.447;5.484;5.438;5.476;19.9676;ISP.ITEUR
2025-08-14 08:00:00;5.477;5.491;5.475;5.482;16.2224;ISP.ITEUR
2025-08-14 09:00:00;5.482;5.487;5.474;5.487;11.8205;ISP.ITEUR
2025-08-14 10:00:00;5.486;5.491;5.477;5.481;9.8658;ISP.ITEUR
2025-08-14 11:00:00;5.482;5.493;5.48;5.492;10.089;ISP.ITEUR
2025-08-14 12:00:00;5.491;5.493;5.47;5.478;15.2285;ISP.ITEUR
2025-08-14 13:00:00;5.479;5.505;5.478;5.504;12.806;ISP.ITEUR
2025-08-14 14:00:00;5.505;5.516;5.501;5.503;13.8761;ISP.ITEUR
2025-08-14 15:00:00;5.504;5.508;5.495;5.503;9.0443;ISP.ITEUR
2025-08-18 07:00:00;5.514;5.515;5.475;5.477;44.6075;ISP.ITEUR
2025-08-18 08:00:00;5.48;5.484;5.443;5.472;31.2984;ISP.ITEUR
2025-08-18 09:00:00;5.473;5.482;5.459;5.46;19.6447;ISP.ITEUR
2025-08-18 10:00:00;5.459;5.467;5.449;5.462;13.3541;ISP.ITEUR
2025-08-18 11:00:00;5.463;5.473;5.462;5.473;6.7485;ISP.ITEUR
2025-08-18 12:00:00;5.472;5.482;5.469;5.475;9.1522;ISP.ITEUR
2025-08-18 13:00:00;5.476;5.495;5.475;5.481;9.1071;ISP.ITEUR
2025-08-18 14:00:00;5.48;5.487;5.473;5.477;13.7668;ISP.ITEUR
2025-08-18 15:00:00;5.478;5.49;5.476;5.489;6.9693;ISP.ITEUR
2025-08-19 07:00:00;5.514;5.539;5.51;5.529;23.9815;ISP.ITEUR
2025-08-19 08:00:00;5.53;5.566;5.529;5.555;16.3746;ISP.ITEUR
2025-08-19 09:00:00;5.554;5.587;5.553;5.563;15.2179;ISP.ITEUR
2025-08-19 10:00:00;5.562;5.567;5.554;5.559;12.8144;ISP.ITEUR
2025-08-19 11:00:00;5.56;5.589;5.558;5.589;10.4191;ISP.ITEUR
2025-08-19 12:00:00;5.59;5.596;5.584;5.593;6.8998;ISP.ITEUR
2025-08-19 13:00:00;5.594;5.608;5.59;5.597;14.425;ISP.ITEUR
2025-08-19 14:00:00;5.598;5.615;5.593;5.609;13.734;ISP.ITEUR
2025-08-19 15:00:00;5.608;5.611;5.596;5.601;9.6834;ISP.ITEUR
2025-08-20 07:00:00;5.582;5.616;5.582;5.591;28.7434;ISP.ITEUR
2025-08-20 08:00:00;5.592;5.596;5.56;5.564;15.4182;ISP.ITEUR
2025-08-20 09:00:00;5.565;5.591;5.565;5.583;11.3061;ISP.ITEUR
2025-08-20 10:00:00;5.584;5.591;5.58;5.586;9.0703;ISP.ITEUR
2025-08-20 11:00:00;5.587;5.587;5.579;5.585;6.9366;ISP.ITEUR
2025-08-20 12:00:00;5.586;5.596;5.574;5.575;9.475;ISP.ITEUR
2025-08-20 13:00:00;5.574;5.584;5.555;5.568;20.119;ISP.ITEUR
2025-08-20 14:00:00;5.569;5.575;5.562;5.569;19.3914;ISP.ITEUR
2025-08-20 15:00:00;5.57;5.574;5.562;5.573;7.8399;ISP.ITEUR
2025-08-21 07:00:00;5.466;5.599;5.466;5.594;28.2939;ISP.ITEUR
2025-08-21 08:00:00;5.593;5.597;5.569;5.57;17.3884;ISP.ITEUR
2025-08-21 09:00:00;5.571;5.578;5.559;5.569;12.745;ISP.ITEUR
2025-08-21 10:00:00;5.568;5.569;5.542;5.548;13.0475;ISP.ITEUR
2025-08-21 11:00:00;5.547;5.561;5.545;5.56;13.0065;ISP.ITEUR
2025-08-21 12:00:00;5.559;5.572;5.552;5.563;6.9939;ISP.ITEUR
2025-08-21 13:00:00;5.562;5.586;5.561;5.586;14.188;ISP.ITEUR
2025-08-21 14:00:00;5.587;5.61;5.585;5.597;13.26;ISP.ITEUR
2025-08-21 15:00:00;5.597;5.601;5.59;5.599;6.3562;ISP.ITEUR
2025-08-22 07:00:00;5.485;5.621;5.485;5.62;25.0446;ISP.ITEUR
2025-08-22 08:00:00;5.619;5.643;5.613;5.641;13.2231;ISP.ITEUR
2025-08-22 09:00:00;5.642;5.644;5.63;5.638;10.3659;ISP.ITEUR
2025-08-22 10:00:00;5.637;5.642;5.631;5.639;9.3646;ISP.ITEUR
2025-08-22 11:00:00;5.64;5.651;5.634;5.649;6.9774;ISP.ITEUR
2025-08-22 12:00:00;5.65;5.663;5.648;5.661;5.8902;ISP.ITEUR
2025-08-22 13:00:00;5.66;5.668;5.659;5.661;8.2404;ISP.ITEUR
2025-08-22 14:00:00;5.661;5.679;5.655;5.679;13.4807;ISP.ITEUR
2025-08-22 15:00:00;5.679;5.683;5.658;5.661;6.0046;ISP.ITEUR
2025-08-25 07:00:00;5.628;5.674;5.617;5.671;25.7076;ISP.ITEUR
2025-08-25 08:00:00;5.672;5.677;5.661;5.668;21.0304;ISP.ITEUR
2025-08-25 09:00:00;5.667;5.681;5.663;5.666;11.7831;ISP.ITEUR
2025-08-25 10:00:00;5.665;5.667;5.651;5.665;11.1132;ISP.ITEUR
2025-08-25 11:00:00;5.666;5.672;5.656;5.664;6.5395;ISP.ITEUR
2025-08-25 12:00:00;5.663;5.666;5.649;5.649;8.0069;ISP.ITEUR
2025-08-25 13:00:00;5.65;5.674;5.649;5.673;9.3388;ISP.ITEUR
2025-08-25 14:00:00;5.674;5.675;5.639;5.642;13.2506;ISP.ITEUR
2025-08-25 15:00:00;5.643;5.656;5.632;5.633;14.4507;ISP.ITEUR
2025-08-26 09:00:00;5.52;5.545;5.516;5.54;24.1127;ISP.ITEUR
2025-08-26 10:00:00;5.541;5.557;5.526;5.529;23.8455;ISP.ITEUR
2025-08-26 11:00:00;5.53;5.539;5.52;5.52;21.3851;ISP.ITEUR
2025-08-26 12:00:00;5.519;5.531;5.512;5.523;22.5616;ISP.ITEUR
2025-08-26 13:00:00;5.524;5.534;5.499;5.518;26.5252;ISP.ITEUR
2025-08-26 14:00:00;5.519;5.534;5.51;5.515;25.6559;ISP.ITEUR
2025-08-26 15:00:00;5.513;5.524;5.509;5.512;12.5168;ISP.ITEUR
2025-08-27 07:00:00;5.52;5.527;5.349;5.371;66.9908;ISP.ITEUR
2025-08-27 08:00:00;5.374;5.398;5.362;5.395;49.9241;ISP.ITEUR
2025-08-27 09:00:00;5.396;5.415;5.379;5.395;33.0328;ISP.ITEUR
2025-08-27 10:00:00;5.396;5.399;5.379;5.396;25.3408;ISP.ITEUR
2025-08-27 11:00:00;5.395;5.424;5.394;5.421;19.1402;ISP.ITEUR
2025-08-27 12:00:00;5.422;5.435;5.406;5.413;24.4875;ISP.ITEUR
2025-08-27 13:00:00;5.414;5.414;5.373;5.375;22.5615;ISP.ITEUR
2025-08-27 14:00:00;5.374;5.383;5.359;5.379;29.4481;ISP.ITEUR
2025-08-27 15:00:00;5.38;5.405;5.379;5.4;10.6786;ISP.ITEUR
2025-08-28 07:00:00;5.409;5.432;5.396;5.418;32.3828;ISP.ITEUR
2025-08-28 08:00:00;5.417;5.422;5.371;5.386;25.2809;ISP.ITEUR
2025-08-28 09:00:00;5.385;5.395;5.363;5.383;22.2585;ISP.ITEUR
2025-08-28 10:00:00;5.384;5.384;5.359;5.376;17.0466;ISP.ITEUR
2025-08-28 11:00:00;5.377;5.382;5.37;5.379;17.5093;ISP.ITEUR
2025-08-28 12:00:00;5.378;5.401;5.376;5.385;15.1887;ISP.ITEUR
2025-08-28 13:00:00;5.384;5.391;5.373;5.381;22.5016;ISP.ITEUR
2025-08-28 14:00:00;5.383;5.412;5.381;5.405;17.015;ISP.ITEUR
2025-08-28 15:00:00;5.404;5.41;5.393;5.398;7.7757;ISP.ITEUR
2025-08-29 07:00:00;5.367;5.392;5.357;5.374;31.055;ISP.ITEUR
2025-08-29 08:00:00;5.373;5.38;5.342;5.344;26.5292;ISP.ITEUR
2025-08-29 09:00:00;5.345;5.368;5.34;5.348;22.1747;ISP.ITEUR
2025-08-29 10:00:00;5.349;5.353;5.337;5.345;18.857;ISP.ITEUR
2025-08-29 11:00:00;5.346;5.353;5.339;5.343;12.1978;ISP.ITEUR
2025-08-29 12:00:00;5.342;5.363;5.335;5.363;19.3954;ISP.ITEUR
2025-08-29 13:00:00;5.364;5.372;5.352;5.353;17.9519;ISP.ITEUR
2025-08-29 14:00:00;5.353;5.366;5.347;5.352;27.3267;ISP.ITEUR
2025-08-29 15:00:00;5.35;5.37;5.35;5.366;8.956;ISP.ITEUR
2025-09-01 07:00:00;5.4;5.429;5.392;5.404;21.462;ISP.ITEUR
2025-09-01 08:00:00;5.405;5.412;5.381;5.392;22.8186;ISP.ITEUR
2025-09-01 09:00:00;5.391;5.391;5.372;5.383;14.6076;ISP.ITEUR
2025-09-01 10:00:00;5.384;5.387;5.367;5.374;13.7676;ISP.ITEUR
2025-09-01 11:00:00;5.373;5.379;5.367;5.37;11.3274;ISP.ITEUR
2025-09-01 12:00:00;5.371;5.375;5.364;5.369;8.6352;ISP.ITEUR
2025-09-01 13:00:00;5.37;5.382;5.361;5.378;11.5668;ISP.ITEUR
2025-09-01 14:00:00;5.377;5.387;5.371;5.376;15.3888;ISP.ITEUR
2025-09-01 15:00:00;5.377;5.397;5.373;5.397;8.0766;ISP.ITEUR
2025-09-02 07:00:00;5.395;5.395;5.351;5.353;47.4516;ISP.ITEUR
2025-09-02 08:00:00;5.352;5.363;5.335;5.346;43.386;ISP.ITEUR
2025-09-02 09:00:00;5.345;5.368;5.338;5.354;29.2278;ISP.ITEUR
2025-09-02 10:00:00;5.353;5.359;5.321;5.322;26.5104;ISP.ITEUR
2025-09-02 11:00:00;5.323;5.336;5.31;5.326;25.6704;ISP.ITEUR
2025-09-02 12:00:00;5.327;5.328;5.286;5.292;38.9214;ISP.ITEUR
2025-09-02 13:00:00;5.295;5.315;5.272;5.313;38.5476;ISP.ITEUR
2025-09-02 14:00:00;5.312;5.327;5.308;5.313;28.1736;ISP.ITEUR
2025-09-02 15:00:00;5.314;5.317;5.298;5.305;14.2716;ISP.ITEUR
2025-09-03 07:00:00;5.326;5.34;5.279;5.318;36.5736;ISP.ITEUR
2025-09-03 08:00:00;5.317;5.331;5.306;5.322;20.9118;ISP.ITEUR
2025-09-03 09:00:00;5.323;5.331;5.308;5.32;19.4964;ISP.ITEUR
2025-09-03 10:00:00;5.321;5.327;5.31;5.312;13.6206;ISP.ITEUR
2025-09-03 11:00:00;5.311;5.316;5.276;5.289;19.1646;ISP.ITEUR
2025-09-03 12:00:00;5.29;5.296;5.273;5.284;19.236;ISP.ITEUR
2025-09-03 13:00:00;5.285;5.322;5.283;5.306;23.3982;ISP.ITEUR
2025-09-03 14:00:00;5.308;5.325;5.301;5.312;22.2222;ISP.ITEUR
2025-09-03 15:00:00;5.313;5.328;5.312;5.321;12.1002;ISP.ITEUR
2025-09-04 07:00:00;5.313;5.333;5.302;5.326;36.6954;ISP.ITEUR
2025-09-04 08:00:00;5.327;5.332;5.3;5.308;22.9152;ISP.ITEUR
2025-09-04 09:00:00;5.307;5.338;5.301;5.338;20.0508;ISP.ITEUR
2025-09-04 10:00:00;5.339;5.382;5.331;5.337;27.0186;ISP.ITEUR
2025-09-04 11:00:00;5.338;5.349;5.336;5.347;15.5946;ISP.ITEUR
2025-09-04 12:00:00;5.348;5.354;5.325;5.351;16.9134;ISP.ITEUR
2025-09-04 13:00:00;5.35;5.358;5.338;5.342;19.2234;ISP.ITEUR
2025-09-04 14:00:00;5.341;5.365;5.33;5.363;23.9526;ISP.ITEUR
2025-09-04 15:00:00;5.364;5.368;5.355;5.367;9.6894;ISP.ITEUR
2025-09-05 07:00:00;5.371;5.389;5.34;5.373;35.217;ISP.ITEUR
2025-09-05 08:00:00;5.372;5.384;5.364;5.368;21.9828;ISP.ITEUR
2025-09-05 09:00:00;5.37;5.392;5.362;5.392;21.8442;ISP.ITEUR
2025-09-05 10:00:00;5.393;5.4;5.381;5.382;15.099;ISP.ITEUR
2025-09-05 11:00:00;5.383;5.394;5.374;5.376;10.6176;ISP.ITEUR
2025-09-05 12:00:00;5.375;5.377;5.348;5.356;22.974;ISP.ITEUR
2025-09-05 13:00:00;5.357;5.358;5.317;5.319;29.5344;ISP.ITEUR
2025-09-05 14:00:00;5.317;5.321;5.272;5.272;47.2374;ISP.ITEUR
2025-09-05 15:00:00;5.271;5.297;5.264;5.295;23.9274;ISP.ITEUR
2025-09-08 07:00:00;5.32;5.342;5.311;5.318;26.6471;ISP.ITEUR
2025-09-08 08:00:00;5.321;5.331;5.308;5.313;20.1872;ISP.ITEUR
2025-09-08 09:00:00;5.314;5.331;5.31;5.327;13.1707;ISP.ITEUR
2025-09-08 10:00:00;5.328;5.341;5.322;5.341;9.6347;ISP.ITEUR
2025-09-08 11:00:00;5.342;5.342;5.317;5.324;10.5015;ISP.ITEUR
2025-09-08 12:00:00;5.325;5.326;5.307;5.323;15.3762;ISP.ITEUR
2025-09-08 13:00:00;5.322;5.334;5.318;5.321;18.6444;ISP.ITEUR
2025-09-08 14:00:00;5.322;5.336;5.316;5.327;16.2602;ISP.ITEUR
2025-09-08 15:00:00;5.328;5.349;5.327;5.347;9.0354;ISP.ITEUR
2025-09-09 07:00:00;5.362;5.407;5.356;5.402;31.6707;ISP.ITEUR
2025-09-09 08:00:00;5.403;5.427;5.381;5.386;29.7495;ISP.ITEUR
2025-09-09 09:00:00;5.385;5.4;5.372;5.393;22.2059;ISP.ITEUR
2025-09-09 10:00:00;5.392;5.413;5.389;5.395;13.0727;ISP.ITEUR
2025-09-09 11:00:00;5.396;5.412;5.39;5.395;11.3771;ISP.ITEUR
2025-09-09 12:00:00;5.395;5.409;5.394;5.397;10.642;ISP.ITEUR
2025-09-09 13:00:00;5.398;5.404;5.376;5.396;23.8122;ISP.ITEUR
2025-09-09 14:00:00;5.397;5.423;5.387;5.417;18.045;ISP.ITEUR
2025-09-09 15:00:00;5.418;5.431;5.412;5.43;9.0268;ISP.ITEUR
2025-09-10 07:00:00;5.436;5.449;5.414;5.44;34.7689;ISP.ITEUR
2025-09-10 08:00:00;5.441;5.449;5.404;5.409;35.3297;ISP.ITEUR
2025-09-10 09:00:00;5.408;5.414;5.378;5.41;28.3173;ISP.ITEUR
2025-09-10 10:00:00;5.411;5.431;5.411;5.431;15.8821;ISP.ITEUR
2025-09-10 11:00:00;5.432;5.438;5.419;5.42;12.7159;ISP.ITEUR
2025-09-10 12:00:00;5.419;5.45;5.416;5.434;22.3078;ISP.ITEUR
2025-09-10 13:00:00;5.435;5.445;5.412;5.414;26.3027;ISP.ITEUR
2025-09-10 14:00:00;5.415;5.435;5.414;5.434;20.1871;ISP.ITEUR
2025-09-10 15:00:00;5.435;5.441;5.425;5.432;10.9733;ISP.ITEUR
2025-09-11 07:00:00;5.432;5.461;5.417;5.46;34.5012;ISP.ITEUR
2025-09-11 08:00:00;5.461;5.478;5.451;5.458;25.5676;ISP.ITEUR
2025-09-11 09:00:00;5.457;5.47;5.451;5.456;16.5535;ISP.ITEUR
2025-09-11 10:00:00;5.454;5.469;5.448;5.466;12.852;ISP.ITEUR
2025-09-11 11:00:00;5.467;5.474;5.452;5.457;12.6946;ISP.ITEUR
2025-09-11 12:00:00;5.458;5.472;5.44;5.469;24.3096;ISP.ITEUR
2025-09-11 13:00:00;5.47;5.497;5.465;5.493;24.7218;ISP.ITEUR
2025-09-11 14:00:00;5.494;5.494;5.468;5.474;18.8994;ISP.ITEUR
2025-09-11 15:00:00;5.474;5.475;5.456;5.466;7.8453;ISP.ITEUR
2025-09-12 07:00:00;5.478;5.484;5.446;5.451;23.9188;ISP.ITEUR
2025-09-12 08:00:00;5.45;5.463;5.435;5.449;28.9933;ISP.ITEUR
2025-09-12 09:00:00;5.45;5.475;5.445;5.472;20.6761;ISP.ITEUR
2025-09-12 10:00:00;5.473;5.473;5.447;5.452;11.7001;ISP.ITEUR
2025-09-12 11:00:00;5.451;5.456;5.445;5.454;8.3341;ISP.ITEUR
2025-09-12 12:00:00;5.453;5.453;5.432;5.443;12.1379;ISP.ITEUR
2025-09-12 13:00:00;5.444;5.478;5.442;5.466;13.9821;ISP.ITEUR
2025-09-12 14:00:00;5.465;5.471;5.456;5.46;14.0247;ISP.ITEUR
2025-09-12 15:00:00;5.459;5.469;5.458;5.467;5.6141;ISP.ITEUR
2025-09-15 07:00:00;5.521;5.565;5.513;5.56;26.3444;ISP.ITEUR
2025-09-15 08:00:00;5.561;5.591;5.556;5.573;22.0675;ISP.ITEUR
2025-09-15 09:00:00;5.572;5.588;5.563;5.586;19.8962;ISP.ITEUR
2025-09-15 10:00:00;5.587;5.609;5.587;5.595;15.9726;ISP.ITEUR
2025-09-15 11:00:00;5.594;5.601;5.582;5.591;15.2819;ISP.ITEUR
2025-09-15 12:00:00;5.592;5.609;5.589;5.606;11.737;ISP.ITEUR
2025-09-15 13:00:00;5.605;5.621;5.603;5.608;17.9757;ISP.ITEUR
2025-09-15 14:00:00;5.609;5.625;5.601;5.607;17.7576;ISP.ITEUR
2025-09-15 15:00:00;5.608;5.612;5.602;5.605;9.212;ISP.ITEUR
2025-09-16 07:00:00;5.529;5.557;5.515;5.53;38.0444;ISP.ITEUR
2025-09-16 08:00:00;5.529;5.572;5.529;5.558;21.4136;ISP.ITEUR
2025-09-16 09:00:00;5.558;5.566;5.544;5.545;17.334;ISP.ITEUR
2025-09-16 10:00:00;5.544;5.547;5.53;5.531;14.4307;ISP.ITEUR
2025-09-16 11:00:00;5.532;5.556;5.525;5.543;16.3101;ISP.ITEUR
2025-09-16 12:00:00;5.544;5.551;5.52;5.524;15.3682;ISP.ITEUR
2025-09-16 13:00:00;5.522;5.531;5.488;5.49;23.2681;ISP.ITEUR
2025-09-16 14:00:00;5.489;5.515;5.481;5.497;23.8028;ISP.ITEUR
2025-09-16 15:00:00;5.496;5.496;5.474;5.474;12.9911;ISP.ITEUR
2025-09-17 07:00:00;5.493;5.494;5.434;5.458;44.5748;ISP.ITEUR
2025-09-17 08:00:00;5.459;5.463;5.436;5.451;29.4328;ISP.ITEUR
2025-09-17 09:00:00;5.452;5.452;5.41;5.417;26.7188;ISP.ITEUR
2025-09-17 10:00:00;5.416;5.431;5.396;5.4;20.1923;ISP.ITEUR
2025-09-17 11:00:00;5.399;5.411;5.382;5.399;18.1358;ISP.ITEUR
2025-09-17 12:00:00;5.398;5.403;5.383;5.396;20.8337;ISP.ITEUR
2025-09-17 13:00:00;5.395;5.427;5.392;5.417;20.1799;ISP.ITEUR
2025-09-17 14:00:00;5.418;5.429;5.4;5.402;14.8172;ISP.ITEUR
2025-09-17 15:00:00;5.402;5.415;5.392;5.407;7.7766;ISP.ITEUR
2025-09-18 07:00:00;5.457;5.466;5.411;5.412;33.3727;ISP.ITEUR
2025-09-18 08:00:00;5.413;5.447;5.399;5.44;36.3954;ISP.ITEUR
2025-09-18 09:00:00;5.439;5.452;5.407;5.421;26.9283;ISP.ITEUR
2025-09-18 10:00:00;5.42;5.442;5.42;5.433;20.4635;ISP.ITEUR
2025-09-18 11:00:00;5.432;5.437;5.406;5.409;27.2574;ISP.ITEUR
2025-09-18 12:00:00;5.408;5.42;5.404;5.417;18.7322;ISP.ITEUR
2025-09-18 13:00:00;5.416;5.421;5.384;5.421;30.2841;ISP.ITEUR
2025-09-18 14:00:00;5.422;5.431;5.409;5.42;24.0744;ISP.ITEUR
2025-09-18 15:00:00;5.421;5.435;5.409;5.434;8.3606;ISP.ITEUR
2025-09-19 07:00:00;5.445;5.483;5.445;5.477;31.6084;ISP.ITEUR
2025-09-19 08:00:00;5.478;5.508;5.477;5.492;25.6866;ISP.ITEUR
2025-09-19 09:00:00;5.493;5.505;5.472;5.474;26.0852;ISP.ITEUR
2025-09-19 10:00:00;5.473;5.484;5.463;5.463;15.1749;ISP.ITEUR
2025-09-19 11:00:00;5.463;5.472;5.445;5.458;17.042;ISP.ITEUR
2025-09-19 12:00:00;5.457;5.471;5.451;5.471;11.7452;ISP.ITEUR
2025-09-19 13:00:00;5.472;5.482;5.463;5.482;16.6388;ISP.ITEUR
2025-09-19 14:00:00;5.48;5.488;5.476;5.482;14.3607;ISP.ITEUR
2025-09-19 15:00:00;5.483;5.485;5.47;5.482;7.4599;ISP.ITEUR
2025-09-22 07:00:00;5.432;5.435;5.398;5.433;26.9206;ISP.ITEUR
2025-09-22 08:00:00;5.432;5.457;5.431;5.442;23.4438;ISP.ITEUR
2025-09-22 09:00:00;5.443;5.445;5.408;5.412;25.1781;ISP.ITEUR
2025-09-22 10:00:00;5.411;5.436;5.405;5.427;15.3668;ISP.ITEUR
2025-09-22 11:00:00;5.425;5.433;5.414;5.414;14.7764;ISP.ITEUR
2025-09-22 12:00:00;5.415;5.435;5.414;5.428;10.9552;ISP.ITEUR
2025-09-22 13:00:00;5.429;5.454;5.428;5.447;18.0277;ISP.ITEUR
2025-09-22 14:00:00;5.446;5.452;5.429;5.44;16.0638;ISP.ITEUR
2025-09-22 15:00:00;5.439;5.457;5.439;5.455;9.0774;ISP.ITEUR
2025-09-23 07:00:00;5.457;5.463;5.4;5.407;40.6269;ISP.ITEUR
2025-09-23 08:00:00;5.408;5.445;5.404;5.444;28.6426;ISP.ITEUR
2025-09-23 09:00:00;5.445;5.461;5.436;5.439;21.5742;ISP.ITEUR
2025-09-23 10:00:00;5.438;5.439;5.423;5.432;13.3742;ISP.ITEUR
2025-09-23 11:00:00;5.433;5.449;5.429;5.446;9.9261;ISP.ITEUR
2025-09-23 12:00:00;5.447;5.458;5.438;5.448;12.6567;ISP.ITEUR
2025-09-23 13:00:00;5.449;5.477;5.448;5.461;20.7993;ISP.ITEUR
2025-09-23 14:00:00;5.462;5.475;5.457;5.461;16.4984;ISP.ITEUR
2025-09-23 15:00:00;5.462;5.462;5.437;5.445;10.5739;ISP.ITEUR
2025-09-24 07:00:00;5.408;5.419;5.381;5.418;41.6027;ISP.ITEUR
2025-09-24 08:00:00;5.419;5.426;5.4;5.421;23.083;ISP.ITEUR
2025-09-24 09:00:00;5.42;5.427;5.408;5.415;17.2405;ISP.ITEUR
2025-09-24 10:00:00;5.414;5.431;5.41;5.428;11.4841;ISP.ITEUR
2025-09-24 11:00:00;5.429;5.43;5.419;5.422;15.8465;ISP.ITEUR
2025-09-24 12:00:00;5.421;5.434;5.42;5.428;15.99;ISP.ITEUR
2025-09-24 13:00:00;5.427;5.436;5.419;5.421;24.0998;ISP.ITEUR
2025-09-24 14:00:00;5.42;5.448;5.42;5.441;22.6607;ISP.ITEUR
2025-09-24 15:00:00;5.44;5.441;5.425;5.429;12.0007;ISP.ITEUR
2025-09-25 07:00:00;5.387;5.401;5.36;5.4;30.7992;ISP.ITEUR
2025-09-25 08:00:00;5.401;5.411;5.383;5.387;25.7562;ISP.ITEUR
2025-09-25 09:00:00;5.388;5.416;5.387;5.395;26.9083;ISP.ITEUR
2025-09-25 10:00:00;5.394;5.407;5.386;5.389;19.6144;ISP.ITEUR
2025-09-25 11:00:00;5.39;5.403;5.378;5.402;19.6021;ISP.ITEUR
2025-09-25 12:00:00;5.401;5.405;5.389;5.399;16.6378;ISP.ITEUR
2025-09-25 13:00:00;5.4;5.414;5.397;5.41;24.0383;ISP.ITEUR
2025-09-25 14:00:00;5.412;5.429;5.411;5.428;18.7985;ISP.ITEUR
2025-09-25 15:00:00;5.427;5.43;5.407;5.411;7.1422;ISP.ITEUR
2025-09-26 07:00:00;5.473;5.502;5.471;5.487;34.3006;ISP.ITEUR
2025-09-26 08:00:00;5.486;5.494;5.465;5.47;18.5976;ISP.ITEUR
2025-09-26 09:00:00;5.469;5.479;5.465;5.471;16.5599;ISP.ITEUR
2025-09-26 10:00:00;5.472;5.49;5.471;5.486;11.275;ISP.ITEUR
2025-09-26 11:00:00;5.485;5.505;5.482;5.503;11.1807;ISP.ITEUR
2025-09-26 12:00:00;5.504;5.526;5.5;5.525;17.5603;ISP.ITEUR
2025-09-26 13:00:00;5.524;5.538;5.51;5.537;23.7841;ISP.ITEUR
2025-09-26 14:00:00;5.537;5.547;5.531;5.539;18.2532;ISP.ITEUR
2025-09-26 15:00:00;5.545;5.546;5.534;5.541;9.6801;ISP.ITEUR
2025-09-29 07:00:00;5.557;5.565;5.514;5.524;35.7094;ISP.ITEUR
2025-09-29 08:00:00;5.526;5.559;5.513;5.554;19.8955;ISP.ITEUR
2025-09-29 09:00:00;5.555;5.576;5.548;5.549;16.7226;ISP.ITEUR
2025-09-29 10:00:00;5.548;5.563;5.543;5.548;11.4685;ISP.ITEUR
2025-09-29 11:00:00;5.549;5.556;5.546;5.553;8.385;ISP.ITEUR
2025-09-29 12:00:00;5.554;5.554;5.542;5.548;9.8516;ISP.ITEUR
2025-09-29 13:00:00;5.547;5.552;5.538;5.548;13.0975;ISP.ITEUR
2025-09-29 14:00:00;5.549;5.561;5.544;5.551;15.3563;ISP.ITEUR
2025-09-29 15:00:00;5.55;5.554;5.547;5.55;6.5772;ISP.ITEUR
2025-09-30 07:00:00;5.531;5.547;5.521;5.538;27.5926;ISP.ITEUR
2025-09-30 08:00:00;5.539;5.561;5.534;5.554;23.1482;ISP.ITEUR
2025-09-30 09:00:00;5.555;5.565;5.554;5.56;20.1907;ISP.ITEUR
2025-09-30 10:00:00;5.561;5.568;5.557;5.561;12.5125;ISP.ITEUR
2025-09-30 11:00:00;5.562;5.581;5.559;5.577;12.671;ISP.ITEUR
2025-09-30 12:00:00;5.578;5.584;5.571;5.574;13.7678;ISP.ITEUR
2025-09-30 13:00:00;5.573;5.604;5.571;5.604;17.8222;ISP.ITEUR
2025-09-30 14:00:00;5.605;5.609;5.594;5.605;22.352;ISP.ITEUR
2025-09-30 15:00:00;5.604;5.618;5.604;5.611;11.8544;ISP.ITEUR
2025-10-01 07:00:00;5.585;5.591;5.557;5.59;26.4307;ISP.ITEUR
2025-10-01 08:00:00;5.591;5.621;5.577;5.617;27.1132;ISP.ITEUR
2025-10-01 09:00:00;5.616;5.658;5.616;5.643;23.0791;ISP.ITEUR
2025-10-01 10:00:00;5.644;5.666;5.639;5.66;15.5147;ISP.ITEUR
2025-10-01 11:00:00;5.661;5.684;5.654;5.674;16.6644;ISP.ITEUR
2025-10-01 12:00:00;5.675;5.678;5.654;5.675;18.8094;ISP.ITEUR
2025-10-01 13:00:00;5.674;5.689;5.67;5.675;19.0572;ISP.ITEUR
2025-10-01 14:00:00;5.676;5.697;5.676;5.693;21.0194;ISP.ITEUR
2025-10-01 15:00:00;5.692;5.697;5.687;5.694;10.461;ISP.ITEUR
2025-10-02 07:00:00;5.698;5.706;5.666;5.701;45.8007;ISP.ITEUR
2025-10-02 08:00:00;5.7;5.718;5.697;5.718;30.8669;ISP.ITEUR
2025-10-02 09:00:00;5.719;5.723;5.67;5.695;24.0013;ISP.ITEUR
2025-10-02 10:00:00;5.696;5.7;5.682;5.699;12.5613;ISP.ITEUR
2025-10-02 11:00:00;5.7;5.7;5.675;5.679;13.1666;ISP.ITEUR
2025-10-02 12:00:00;5.68;5.689;5.656;5.656;11.7772;ISP.ITEUR
2025-10-02 13:00:00;5.657;5.67;5.641;5.646;29.2582;ISP.ITEUR
2025-10-02 14:00:00;5.645;5.652;5.6;5.601;30.0179;ISP.ITEUR
2025-10-02 15:00:00;5.599;5.608;5.58;5.593;17.2129;ISP.ITEUR
2025-10-03 07:00:00;5.612;5.637;5.606;5.611;29.2338;ISP.ITEUR
2025-10-03 08:00:00;5.61;5.618;5.598;5.611;18.1756;ISP.ITEUR
2025-10-03 09:00:00;5.61;5.638;5.608;5.638;15.4002;ISP.ITEUR
2025-10-03 10:00:00;5.637;5.641;5.628;5.641;10.5341;ISP.ITEUR
2025-10-03 11:00:00;5.64;5.64;5.609;5.619;18.1147;ISP.ITEUR
2025-10-03 12:00:00;5.618;5.632;5.611;5.631;13.2641;ISP.ITEUR
2025-10-03 13:00:00;5.63;5.64;5.623;5.625;18.0375;ISP.ITEUR
2025-10-03 14:00:00;5.623;5.631;5.599;5.612;21.6288;ISP.ITEUR
2025-10-03 15:00:00;5.611;5.618;5.606;5.614;8.7222;ISP.ITEUR
2025-10-06 07:00:00;5.586;5.609;5.489;5.503;52.176;ISP.ITEUR
2025-10-06 08:00:00;5.504;5.564;5.493;5.56;55.448;ISP.ITEUR
2025-10-06 09:00:00;5.559;5.559;5.535;5.548;31.196;ISP.ITEUR
2025-10-06 10:00:00;5.549;5.57;5.549;5.564;19.228;ISP.ITEUR
2025-10-06 11:00:00;5.563;5.58;5.555;5.563;16.36;ISP.ITEUR
2025-10-06 12:00:00;5.564;5.572;5.553;5.564;17.236;ISP.ITEUR
2025-10-06 13:00:00;5.565;5.586;5.56;5.562;23.36;ISP.ITEUR
2025-10-06 14:00:00;5.561;5.564;5.545;5.548;23.644;ISP.ITEUR
2025-10-06 15:00:00;5.547;5.549;5.531;5.538;11.416;ISP.ITEUR
2025-10-07 07:00:00;5.53;5.55;5.515;5.539;30.924;ISP.ITEUR
2025-10-07 08:00:00;5.54;5.554;5.533;5.548;22.868;ISP.ITEUR
2025-10-07 09:00:00;5.549;5.56;5.54;5.542;13.58;ISP.ITEUR
2025-10-07 10:00:00;5.543;5.574;5.532;5.57;16.952;ISP.ITEUR
2025-10-07 11:00:00;5.57;5.587;5.568;5.571;15.128;ISP.ITEUR
2025-10-07 12:00:00;5.57;5.578;5.557;5.564;10.532;ISP.ITEUR
2025-10-07 13:00:00;5.565;5.568;5.536;5.542;15.36;ISP.ITEUR
2025-10-07 14:00:00;5.541;5.542;5.509;5.522;25.076;ISP.ITEUR
2025-10-07 15:00:00;5.521;5.527;5.512;5.522;13.044;ISP.ITEUR
2025-10-08 07:00:00;5.529;5.547;5.512;5.541;28.272;ISP.ITEUR
2025-10-08 08:00:00;5.542;5.567;5.534;5.538;27.04;ISP.ITEUR
2025-10-08 09:00:00;5.539;5.556;5.526;5.53;22.364;ISP.ITEUR
2025-10-08 10:00:00;5.531;5.543;5.526;5.541;18.86;ISP.ITEUR
2025-10-08 11:00:00;5.54;5.548;5.526;5.541;13.856;ISP.ITEUR
2025-10-08 12:00:00;5.541;5.549;5.535;5.548;14.968;ISP.ITEUR
2025-10-08 13:00:00;5.547;5.549;5.517;5.53;20.796;ISP.ITEUR
2025-10-08 14:00:00;5.531;5.555;5.529;5.54;12.98;ISP.ITEUR
2025-10-08 15:00:00;5.541;5.555;5.539;5.55;5.776;ISP.ITEUR
2025-10-09 07:00:00;5.529;5.533;5.511;5.521;28.592;ISP.ITEUR
2025-10-09 08:00:00;5.523;5.531;5.512;5.527;20.632;ISP.ITEUR
2025-10-09 09:00:00;5.526;5.542;5.518;5.537;21.88;ISP.ITEUR
2025-10-09 10:00:00;5.536;5.561;5.532;5.559;22.776;ISP.ITEUR
2025-10-09 11:00:00;5.558;5.563;5.545;5.549;18.972;ISP.ITEUR
2025-10-09 12:00:00;5.55;5.552;5.531;5.547;13.18;ISP.ITEUR
2025-10-09 13:00:00;5.55;5.554;5.518;5.53;24.624;ISP.ITEUR
2025-10-09 14:00:00;5.529;5.54;5.516;5.522;22.448;ISP.ITEUR
2025-10-09 15:00:00;5.523;5.525;5.514;5.514;9.728;ISP.ITEUR
2025-10-10 07:00:00;5.539;5.561;5.534;5.546;22.904;ISP.ITEUR
2025-10-10 08:00:00;5.544;5.555;5.49;5.508;27.264;ISP.ITEUR
2025-10-10 09:00:00;5.507;5.51;5.482;5.488;24.748;ISP.ITEUR
2025-10-10 10:00:00;5.485;5.513;5.485;5.511;17.164;ISP.ITEUR
2025-10-10 11:00:00;5.51;5.515;5.5;5.514;13.164;ISP.ITEUR
2025-10-10 12:00:00;5.513;5.519;5.503;5.514;13.44;ISP.ITEUR
2025-10-10 13:00:00;5.515;5.529;5.508;5.517;17.704;ISP.ITEUR
2025-10-10 14:00:00;5.519;5.528;5.475;5.489;22.96;ISP.ITEUR
2025-10-10 15:00:00;5.488;5.488;5.43;5.437;43.536;ISP.ITEUR
2025-10-13 07:00:00;5.459;5.501;5.451;5.495;41.4577;ISP.ITEUR
2025-10-13 08:00:00;5.494;5.496;5.449;5.472;31.2547;ISP.ITEUR
2025-10-13 09:00:00;5.473;5.485;5.465;5.477;22.81;ISP.ITEUR
2025-10-13 10:00:00;5.478;5.5;5.475;5.482;18.0064;ISP.ITEUR
2025-10-13 11:00:00;5.483;5.492;5.468;5.477;27.1833;ISP.ITEUR
2025-10-13 12:00:00;5.476;5.484;5.467;5.467;17.1044;ISP.ITEUR
2025-10-13 13:00:00;5.468;5.487;5.467;5.487;22.7521;ISP.ITEUR
2025-10-13 14:00:00;5.488;5.489;5.452;5.464;23.3603;ISP.ITEUR
2025-10-13 15:00:00;5.463;5.469;5.458;5.468;8.908;ISP.ITEUR
2025-10-14 07:00:00;5.363;5.384;5.345;5.382;65.9889;ISP.ITEUR
2025-10-14 08:00:00;5.383;5.418;5.373;5.401;37.2623;ISP.ITEUR
2025-10-14 09:00:00;5.4;5.418;5.393;5.407;25.698;ISP.ITEUR
2025-10-14 10:00:00;5.408;5.414;5.372;5.382;34.1302;ISP.ITEUR
2025-10-14 11:00:00;5.383;5.416;5.38;5.411;25.8345;ISP.ITEUR
2025-10-14 12:00:00;5.41;5.412;5.372;5.38;26.1986;ISP.ITEUR
2025-10-14 13:00:00;5.379;5.44;5.376;5.431;46.22;ISP.ITEUR
2025-10-14 14:00:00;5.43;5.472;5.426;5.454;32.5041;ISP.ITEUR
2025-10-14 15:00:00;5.453;5.465;5.449;5.459;12.0608;ISP.ITEUR
2025-10-15 07:00:00;5.48;5.501;5.471;5.491;39.2193;ISP.ITEUR
2025-10-15 08:00:00;5.492;5.499;5.44;5.446;28.859;ISP.ITEUR
2025-10-15 09:00:00;5.445;5.471;5.444;5.467;21.6805;ISP.ITEUR
2025-10-15 10:00:00;5.466;5.472;5.455;5.468;16.339;ISP.ITEUR
2025-10-15 11:00:00;5.467;5.476;5.462;5.474;13.3269;ISP.ITEUR
2025-10-15 12:00:00;5.473;5.482;5.44;5.441;17.0713;ISP.ITEUR
2025-10-15 13:00:00;5.442;5.446;5.393;5.407;36.621;ISP.ITEUR
2025-10-15 14:00:00;5.409;5.42;5.396;5.403;29.2148;ISP.ITEUR
2025-10-15 15:00:00;5.404;5.406;5.382;5.389;12.458;ISP.ITEUR
2025-10-16 07:00:00;5.416;5.429;5.375;5.416;39.5338;ISP.ITEUR
2025-10-16 08:00:00;5.415;5.421;5.402;5.413;23.4348;ISP.ITEUR
2025-10-16 09:00:00;5.412;5.445;5.412;5.442;19.8517;ISP.ITEUR
2025-10-16 10:00:00;5.441;5.456;5.434;5.445;16.4714;ISP.ITEUR
2025-10-16 11:00:00;5.446;5.463;5.433;5.44;14.3778;ISP.ITEUR
2025-10-16 12:00:00;5.439;5.442;5.414;5.439;18.1967;ISP.ITEUR
2025-10-16 13:00:00;5.438;5.45;5.42;5.424;23.7865;ISP.ITEUR
2025-10-16 14:00:00;5.425;5.456;5.415;5.455;26.4551;ISP.ITEUR
2025-10-16 15:00:00;5.456;5.461;5.453;5.456;10.7368;ISP.ITEUR
2025-10-17 07:00:00;5.322;5.37;5.32;5.355;78.5586;ISP.ITEUR
2025-10-17 08:00:00;5.356;5.362;5.29;5.294;48.0487;ISP.ITEUR
2025-10-17 09:00:00;5.293;5.332;5.293;5.314;43.7167;ISP.ITEUR
2025-10-17 10:00:00;5.313;5.352;5.304;5.344;43.423;ISP.ITEUR
2025-10-17 11:00:00;5.345;5.383;5.342;5.371;43.4148;ISP.ITEUR
2025-10-17 12:00:00;5.372;5.422;5.37;5.403;32.6283;ISP.ITEUR
2025-10-17 13:00:00;5.406;5.416;5.376;5.404;37.3202;ISP.ITEUR
2025-10-17 14:00:00;5.401;5.415;5.37;5.374;40.0634;ISP.ITEUR
2025-10-17 15:00:00;5.373;5.374;5.346;5.352;19.7731;ISP.ITEUR
2025-10-20 07:00:00;5.445;5.483;5.44;5.483;25.6956;ISP.ITEUR
2025-10-20 08:00:00;5.482;5.484;5.438;5.439;27.3294;ISP.ITEUR
2025-10-20 09:00:00;5.438;5.463;5.433;5.445;34.2972;ISP.ITEUR
2025-10-20 10:00:00;5.444;5.471;5.441;5.451;22.5918;ISP.ITEUR
2025-10-20 11:00:00;5.45;5.467;5.448;5.457;13.7886;ISP.ITEUR
2025-10-20 12:00:00;5.458;5.484;5.458;5.483;11.571;ISP.ITEUR
2025-10-20 13:00:00;5.482;5.489;5.476;5.482;17.2872;ISP.ITEUR
2025-10-20 14:00:00;5.483;5.503;5.483;5.488;19.95;ISP.ITEUR
2025-10-20 15:00:00;5.487;5.495;5.477;5.477;9.576;ISP.ITEUR
2025-10-21 07:00:00;5.499;5.516;5.477;5.514;29.0556;ISP.ITEUR
2025-10-21 08:00:00;5.515;5.521;5.505;5.505;23.016;ISP.ITEUR
2025-10-21 09:00:00;5.504;5.519;5.501;5.518;16.7328;ISP.ITEUR
2025-10-21 10:00:00;5.519;5.527;5.511;5.522;13.062;ISP.ITEUR
2025-10-21 11:00:00;5.523;5.534;5.52;5.532;9.9792;ISP.ITEUR
2025-10-21 12:00:00;5.531;5.532;5.519;5.525;10.899;ISP.ITEUR
2025-10-21 13:00:00;5.526;5.528;5.486;5.494;25.9728;ISP.ITEUR
2025-10-21 14:00:00;5.495;5.512;5.485;5.502;22.6002;ISP.ITEUR
2025-10-21 15:00:00;5.503;5.515;5.497;5.5;11.2014;ISP.ITEUR
2025-10-22 07:00:00;5.463;5.467;5.421;5.449;38.3796;ISP.ITEUR
2025-10-22 08:00:00;5.448;5.449;5.415;5.442;23.6082;ISP.ITEUR
2025-10-22 09:00:00;5.443;5.459;5.428;5.45;19.9164;ISP.ITEUR
2025-10-22 10:00:00;5.451;5.466;5.445;5.459;15.6198;ISP.ITEUR
2025-10-22 11:00:00;5.46;5.462;5.447;5.449;14.6874;ISP.ITEUR
2025-10-22 12:00:00;5.45;5.458;5.436;5.453;15.6618;ISP.ITEUR
2025-10-22 13:00:00;5.454;5.46;5.439;5.445;22.3566;ISP.ITEUR
2025-10-22 14:00:00;5.446;5.472;5.444;5.467;20.8488;ISP.ITEUR
2025-10-22 15:00:00;5.466;5.475;5.445;5.452;12.3102;ISP.ITEUR
2025-10-23 07:00:00;5.433;5.452;5.424;5.452;29.4378;ISP.ITEUR
2025-10-23 08:00:00;5.453;5.468;5.445;5.455;17.7282;ISP.ITEUR
2025-10-23 09:00:00;5.456;5.463;5.439;5.447;16.3002;ISP.ITEUR
2025-10-23 10:00:00;5.446;5.468;5.439;5.465;13.4778;ISP.ITEUR
2025-10-23 11:00:00;5.464;5.478;5.453;5.472;14.6958;ISP.ITEUR
2025-10-23 12:00:00;5.471;5.475;5.459;5.475;16.9092;ISP.ITEUR
2025-10-23 13:00:00;5.474;5.483;5.447;5.45;19.1352;ISP.ITEUR
2025-10-23 14:00:00;5.452;5.454;5.436;5.449;18.8412;ISP.ITEUR
2025-10-23 15:00:00;5.448;5.455;5.441;5.453;7.9758;ISP.ITEUR
2025-10-24 07:00:00;5.472;5.474;5.434;5.438;26.7708;ISP.ITEUR
2025-10-24 08:00:00;5.437;5.444;5.417;5.43;23.3604;ISP.ITEUR
2025-10-24 09:00:00;5.429;5.448;5.415;5.439;19.782;ISP.ITEUR
2025-10-24 10:00:00;5.438;5.447;5.434;5.439;10.395;ISP.ITEUR
2025-10-24 11:00:00;5.438;5.442;5.424;5.429;10.4328;ISP.ITEUR
2025-10-24 12:00:00;5.43;5.453;5.429;5.429;16.1868;ISP.ITEUR
2025-10-24 13:00:00;5.43;5.458;5.421;5.458;19.5258;ISP.ITEUR
2025-10-24 14:00:00;5.457;5.466;5.442;5.447;16.2582;ISP.ITEUR
2025-10-24 15:00:00;5.446;5.466;5.444;5.464;8.1438;ISP.ITEUR
2025-10-27 08:00:00;5.494;5.531;5.489;5.524;21.6151;ISP.ITEUR
2025-10-27 09:00:00;5.523;5.543;5.515;5.542;13.4601;ISP.ITEUR
2025-10-27 10:00:00;5.541;5.563;5.533;5.551;11.9427;ISP.ITEUR
2025-10-27 11:00:00;5.55;5.559;5.538;5.541;11.0461;ISP.ITEUR
2025-10-27 12:00:00;5.542;5.556;5.541;5.547;8.4224;ISP.ITEUR
2025-10-27 13:00:00;5.547;5.572;5.547;5.561;14.4388;ISP.ITEUR
2025-10-27 14:00:00;5.562;5.582;5.555;5.582;14.8954;ISP.ITEUR
2025-10-27 15:00:00;5.581;5.581;5.562;5.563;11.6137;ISP.ITEUR
2025-10-27 16:00:00;5.564;5.571;5.563;5.569;6.3497;ISP.ITEUR
2025-10-28 08:00:00;5.567;5.585;5.544;5.573;19.2917;ISP.ITEUR
2025-10-28 09:00:00;5.572;5.583;5.56;5.56;10.5403;ISP.ITEUR
2025-10-28 10:00:00;5.561;5.572;5.559;5.57;9.1914;ISP.ITEUR
2025-10-28 11:00:00;5.569;5.575;5.564;5.573;7.5135;ISP.ITEUR
2025-10-28 12:00:00;5.574;5.58;5.557;5.559;5.4614;ISP.ITEUR
2025-10-28 13:00:00;5.56;5.573;5.558;5.57;7.0735;ISP.ITEUR
2025-10-28 14:00:00;5.571;5.587;5.57;5.586;10.4415;ISP.ITEUR
2025-10-28 15:00:00;5.587;5.604;5.578;5.601;7.2051;ISP.ITEUR
2025-10-28 16:00:00;5.602;5.618;5.602;5.605;3.9809;ISP.ITEUR
2025-10-29 08:00:00;5.63;5.64;5.614;5.638;25.8716;ISP.ITEUR
2025-10-29 09:00:00;5.639;5.667;5.634;5.665;13.8303;ISP.ITEUR
2025-10-29 10:00:00;5.664;5.679;5.66;5.67;11.848;ISP.ITEUR
2025-10-29 11:00:00;5.671;5.674;5.661;5.665;7.5341;ISP.ITEUR
2025-10-29 12:00:00;5.666;5.671;5.651;5.655;7.9289;ISP.ITEUR
2025-10-29 13:00:00;5.656;5.659;5.641;5.649;12.0866;ISP.ITEUR
2025-10-29 14:00:00;5.649;5.665;5.641;5.665;12.9214;ISP.ITEUR
2025-10-29 15:00:00;5.664;5.677;5.662;5.669;7.6986;ISP.ITEUR
2025-10-29 16:00:00;5.669;5.679;5.662;5.677;6.3167;ISP.ITEUR
2025-10-30 08:00:00;5.684;5.707;5.668;5.67;31.4975;ISP.ITEUR
2025-10-30 09:00:00;5.666;5.67;5.625;5.65;39.6278;ISP.ITEUR
2025-10-30 10:00:00;5.649;5.659;5.639;5.64;14.7392;ISP.ITEUR
2025-10-30 11:00:00;5.639;5.663;5.632;5.658;9.9686;ISP.ITEUR
2025-10-30 12:00:00;5.657;5.663;5.644;5.658;11.515;ISP.ITEUR
2025-10-30 13:00:00;5.659;5.701;5.659;5.693;13.3491;ISP.ITEUR
2025-10-30 14:00:00;5.694;5.706;5.68;5.702;14.8418;ISP.ITEUR
2025-10-30 15:00:00;5.703;5.705;5.687;5.698;7.0775;ISP.ITEUR
2025-10-30 16:00:00;5.697;5.707;5.697;5.703;4.1454;ISP.ITEUR
2025-10-31 08:00:00;5.678;5.764;5.677;5.753;23.3178;ISP.ITEUR
2025-10-31 09:00:00;5.753;5.761;5.709;5.739;16.7789;ISP.ITEUR
2025-10-31 10:00:00;5.74;5.763;5.719;5.733;19.0201;ISP.ITEUR
2025-10-31 11:00:00;5.733;5.75;5.445;5.542;63.5007;ISP.ITEUR
2025-10-31 12:00:00;5.541;5.628;5.539;5.622;49.0825;ISP.ITEUR
2025-10-31 13:00:00;5.622;5.627;5.544;5.548;33.9156;ISP.ITEUR
2025-10-31 14:00:00;5.547;5.563;5.53;5.541;31.259;ISP.ITEUR
2025-10-31 15:00:00;5.543;5.559;5.536;5.541;24.0539;ISP.ITEUR
2025-10-31 16:00:00;5.54;5.573;5.535;5.563;9.8945;ISP.ITEUR
2025-11-03 08:00:00;5.546;5.625;5.538;5.62;34.1612;ISP.ITEUR
2025-11-03 09:00:00;5.621;5.632;5.605;5.611;17.998;ISP.ITEUR
2025-11-03 10:00:00;5.612;5.617;5.593;5.603;9.0232;ISP.ITEUR
2025-11-03 11:00:00;5.605;5.608;5.594;5.605;7.8084;ISP.ITEUR
2025-11-03 12:00:00;5.604;5.606;5.584;5.584;5.4877;ISP.ITEUR
2025-11-03 13:00:00;5.584;5.586;5.554;5.561;9.7969;ISP.ITEUR
2025-11-03 14:00:00;5.562;5.572;5.55;5.55;15.568;ISP.ITEUR
2025-11-03 15:00:00;5.551;5.579;5.546;5.563;10.4608;ISP.ITEUR
2025-11-03 16:00:00;5.562;5.57;5.548;5.548;6.7716;ISP.ITEUR
2025-11-04 08:00:00;5.48;5.505;5.474;5.504;39.904;ISP.ITEUR
2025-11-04 09:00:00;5.505;5.514;5.477;5.477;21.343;ISP.ITEUR
2025-11-04 10:00:00;5.475;5.493;5.462;5.483;15.4668;ISP.ITEUR
2025-11-04 11:00:00;5.484;5.513;5.483;5.504;11.7326;ISP.ITEUR
2025-11-04 12:00:00;5.503;5.541;5.499;5.536;10.3395;ISP.ITEUR
2025-11-04 13:00:00;5.537;5.54;5.523;5.537;11.9798;ISP.ITEUR
2025-11-04 14:00:00;5.538;5.571;5.528;5.571;18.1396;ISP.ITEUR
2025-11-04 15:00:00;5.572;5.573;5.543;5.564;15.4908;ISP.ITEUR
2025-11-04 16:00:00;5.565;5.571;5.553;5.56;7.9298;ISP.ITEUR
2025-11-05 08:00:00;5.539;5.576;5.529;5.567;25.0288;ISP.ITEUR
2025-11-05 09:00:00;5.566;5.572;5.536;5.545;20.177;ISP.ITEUR
2025-11-05 10:00:00;5.544;5.56;5.531;5.545;16.7667;ISP.ITEUR
2025-11-05 11:00:00;5.544;5.57;5.538;5.567;12.1742;ISP.ITEUR
2025-11-05 12:00:00;5.568;5.589;5.565;5.586;10.4125;ISP.ITEUR
2025-11-05 13:00:00;5.584;5.59;5.573;5.573;9.4323;ISP.ITEUR
2025-11-05 14:00:00;5.572;5.577;5.559;5.576;14.8836;ISP.ITEUR
2025-11-05 15:00:00;5.576;5.609;5.575;5.602;12.5953;ISP.ITEUR
2025-11-05 16:00:00;5.603;5.61;5.595;5.609;5.8238;ISP.ITEUR
2025-11-06 08:00:00;5.615;5.634;5.595;5.602;25.8711;ISP.ITEUR
2025-11-06 09:00:00;5.601;5.627;5.596;5.616;10.1411;ISP.ITEUR
2025-11-06 10:00:00;5.617;5.627;5.609;5.617;9.971;ISP.ITEUR
2025-11-06 11:00:00;5.616;5.635;5.613;5.625;8.1972;ISP.ITEUR
2025-11-06 12:00:00;5.625;5.627;5.61;5.613;9.5701;ISP.ITEUR
2025-11-06 13:00:00;5.612;5.63;5.611;5.624;10.8782;ISP.ITEUR
2025-11-06 14:00:00;5.625;5.625;5.585;5.589;16.0945;ISP.ITEUR
2025-11-06 15:00:00;5.588;5.599;5.564;5.568;22.8255;ISP.ITEUR
2025-11-06 16:00:00;5.569;5.588;5.566;5.579;12.1984;ISP.ITEUR
2025-11-07 08:00:00;5.588;5.624;5.587;5.618;22.4247;ISP.ITEUR
2025-11-07 09:00:00;5.619;5.621;5.584;5.584;15.5801;ISP.ITEUR
2025-11-07 10:00:00;5.583;5.591;5.571;5.578;11.2873;ISP.ITEUR
2025-11-07 11:00:00;5.577;5.577;5.543;5.568;13.7172;ISP.ITEUR
2025-11-07 12:00:00;5.567;5.569;5.554;5.562;9.2663;ISP.ITEUR
2025-11-07 13:00:00;5.56;5.576;5.552;5.572;8.8978;ISP.ITEUR
2025-11-07 14:00:00;5.573;5.587;5.557;5.586;16.1471;ISP.ITEUR
2025-11-07 15:00:00;5.588;5.612;5.575;5.587;13.8832;ISP.ITEUR
2025-11-07 16:00:00;5.588;5.59;5.572;5.574;6.0385;ISP.ITEUR
2025-11-10 08:00:00;5.676;5.697;5.663;5.687;27.2571;ISP.ITEUR
2025-11-10 09:00:00;5.685;5.735;5.68;5.727;16.2146;ISP.ITEUR
2025-11-10 10:00:00;5.725;5.742;5.724;5.738;11.8339;ISP.ITEUR
2025-11-10 11:00:00;5.737;5.747;5.721;5.741;6.9889;ISP.ITEUR
2025-11-10 12:00:00;5.74;5.753;5.737;5.748;8.0346;ISP.ITEUR
2025-11-10 13:00:00;5.749;5.781;5.747;5.775;8.8219;ISP.ITEUR
2025-11-10 14:00:00;5.773;5.778;5.748;5.755;13.461;ISP.ITEUR
2025-11-10 15:00:00;5.756;5.776;5.754;5.772;10.982;ISP.ITEUR
2025-11-10 16:00:00;5.773;5.776;5.762;5.765;6.6982;ISP.ITEUR
2025-11-11 08:00:00;5.798;5.844;5.793;5.816;23.6556;ISP.ITEUR
2025-11-11 09:00:00;5.815;5.84;5.814;5.838;13.0936;ISP.ITEUR
2025-11-11 10:00:00;5.84;5.863;5.839;5.841;10.2633;ISP.ITEUR
2025-11-11 11:00:00;5.842;5.842;5.822;5.823;5.5879;ISP.ITEUR
2025-11-11 12:00:00;5.824;5.833;5.82;5.826;8.7452;ISP.ITEUR
2025-11-11 13:00:00;5.827;5.829;5.81;5.81;9.8636;ISP.ITEUR
2025-11-11 14:00:00;5.811;5.82;5.802;5.819;9.9887;ISP.ITEUR
2025-11-11 15:00:00;5.82;5.829;5.815;5.821;8.8623;ISP.ITEUR
2025-11-11 16:00:00;5.822;5.843;5.822;5.841;4.4493;ISP.ITEUR
2025-11-12 08:00:00;5.91;5.958;5.91;5.944;30.0793;ISP.ITEUR
2025-11-12 09:00:00;5.943;5.972;5.928;5.955;20.9546;ISP.ITEUR
2025-11-12 10:00:00;5.956;5.977;5.945;5.976;18.2656;ISP.ITEUR
2025-11-12 11:00:00;5.977;5.987;5.97;5.984;13.3156;ISP.ITEUR
2025-11-12 12:00:00;5.983;5.99;5.976;5.979;12.8998;ISP.ITEUR
2025-11-12 13:00:00;5.98;5.986;5.971;5.972;14.7126;ISP.ITEUR
2025-11-12 14:00:00;5.973;5.974;5.946;5.957;20.9142;ISP.ITEUR
2025-11-12 15:00:00;5.956;5.973;5.95;5.955;16.5497;ISP.ITEUR
2025-11-12 16:00:00;5.956;5.96;5.937;5.943;10.2512;ISP.ITEUR
2025-11-13 08:00:00;5.991;6.008;5.972;5.985;31.6055;ISP.ITEUR
2025-11-13 09:00:00;5.986;5.989;5.959;5.973;22.8926;ISP.ITEUR
2025-11-13 10:00:00;5.974;5.992;5.974;5.987;15.1486;ISP.ITEUR
2025-11-13 11:00:00;5.986;5.993;5.977;5.987;11.7612;ISP.ITEUR
2025-11-13 12:00:00;5.986;5.996;5.977;5.994;10.6388;ISP.ITEUR
2025-11-13 13:00:00;5.993;5.998;5.987;5.992;12.4234;ISP.ITEUR
2025-11-13 14:00:00;5.993;5.995;5.978;5.988;21.213;ISP.ITEUR
2025-11-13 15:00:00;5.989;5.991;5.976;5.99;22.4848;ISP.ITEUR
2025-11-13 16:00:00;5.991;6.001;5.98;5.987;10.9981;ISP.ITEUR
2025-11-14 08:00:00;5.897;5.918;5.872;5.902;48.0341;ISP.ITEUR
2025-11-14 09:00:00;5.903;5.908;5.864;5.871;31.0524;ISP.ITEUR
2025-11-14 10:00:00;5.87;5.874;5.843;5.851;27.3823;ISP.ITEUR
2025-11-14 11:00:00;5.852;5.861;5.785;5.794;36.7937;ISP.ITEUR
2025-11-14 12:00:00;5.793;5.808;5.769;5.795;37.6779;ISP.ITEUR
2025-11-14 13:00:00;5.796;5.799;5.766;5.785;32.9056;ISP.ITEUR
2025-11-14 14:00:00;5.786;5.817;5.77;5.811;38.1946;ISP.ITEUR
2025-11-14 15:00:00;5.812;5.812;5.78;5.796;42.9709;ISP.ITEUR
2025-11-14 16:00:00;5.795;5.807;5.788;5.803;16.0167;ISP.ITEUR
2025-11-17 08:00:00;5.82;5.83;5.783;5.79;38.272;ISP.ITEUR
2025-11-17 09:00:00;5.792;5.792;5.756;5.764;40.7325;ISP.ITEUR
2025-11-17 10:00:00;5.763;5.769;5.731;5.733;31.5778;ISP.ITEUR
2025-11-17 11:00:00;5.731;5.745;5.721;5.729;28.0869;ISP.ITEUR
2025-11-17 12:00:00;5.728;5.745;5.72;5.739;21.5987;ISP.ITEUR
2025-11-17 13:00:00;5.74;5.741;5.711;5.729;22.4383;ISP.ITEUR
2025-11-17 14:00:00;5.727;5.742;5.726;5.732;25.7155;ISP.ITEUR
2025-11-17 15:00:00;5.733;5.742;5.715;5.719;26.349;ISP.ITEUR
2025-11-17 16:00:00;5.72;5.723;5.704;5.722;14.4884;ISP.ITEUR
2025-11-18 08:00:00;5.641;5.655;5.596;5.62;53.4209;ISP.ITEUR
2025-11-18 09:00:00;5.621;5.635;5.595;5.623;33.8947;ISP.ITEUR
2025-11-18 10:00:00;5.622;5.626;5.599;5.614;25.8709;ISP.ITEUR
2025-11-18 11:00:00;5.612;5.614;5.583;5.591;20.1795;ISP.ITEUR
2025-11-18 12:00:00;5.59;5.593;5.569;5.571;21.5947;ISP.ITEUR
2025-11-18 13:00:00;5.57;5.583;5.556;5.559;26.6832;ISP.ITEUR
2025-11-18 14:00:00;5.558;5.577;5.535;5.541;38.2638;ISP.ITEUR
2025-11-18 15:00:00;5.54;5.548;5.52;5.539;48.7717;ISP.ITEUR
2025-11-18 16:00:00;5.538;5.55;5.533;5.549;12.1909;ISP.ITEUR
2025-11-19 08:00:00;5.525;5.528;5.475;5.476;41.7741;ISP.ITEUR
2025-11-19 09:00:00;5.475;5.521;5.475;5.519;34.5981;ISP.ITEUR
2025-11-19 10:00:00;5.52;5.547;5.511;5.543;23.8416;ISP.ITEUR
2025-11-19 11:00:00;5.542;5.595;5.541;5.583;25.0663;ISP.ITEUR
2025-11-19 12:00:00;5.582;5.601;5.58;5.589;16.5568;ISP.ITEUR
2025-11-19 13:00:00;5.59;5.607;5.586;5.604;17.6451;ISP.ITEUR
2025-11-19 14:00:00;5.605;5.634;5.592;5.634;18.1348;ISP.ITEUR
2025-11-19 15:00:00;5.633;5.637;5.602;5.61;20.4791;ISP.ITEUR
2025-11-19 16:00:00;5.609;5.615;5.595;5.6;9.9209;ISP.ITEUR
2025-11-20 08:00:00;5.681;5.693;5.661;5.677;35.6478;ISP.ITEUR
2025-11-20 09:00:00;5.676;5.677;5.629;5.644;33.5563;ISP.ITEUR
2025-11-20 10:00:00;5.643;5.657;5.634;5.644;20.4827;ISP.ITEUR
2025-11-20 11:00:00;5.643;5.657;5.621;5.623;19.6277;ISP.ITEUR
2025-11-20 12:00:00;5.622;5.645;5.62;5.645;16.6928;ISP.ITEUR
2025-11-20 13:00:00;5.646;5.669;5.644;5.667;19.0989;ISP.ITEUR
2025-11-20 14:00:00;5.666;5.687;5.656;5.687;21.2022;ISP.ITEUR
2025-11-20 15:00:00;5.688;5.694;5.675;5.675;24.5103;ISP.ITEUR
2025-11-20 16:00:00;5.674;5.676;5.647;5.651;16.475;ISP.ITEUR
2025-11-21 08:00:00;5.573;5.631;5.554;5.628;37.7121;ISP.ITEUR
2025-11-21 09:00:00;5.629;5.637;5.582;5.586;35.0061;ISP.ITEUR
2025-11-21 10:00:00;5.587;5.587;5.55;5.564;36.8644;ISP.ITEUR
2025-11-21 11:00:00;5.563;5.596;5.563;5.575;31.0797;ISP.ITEUR
2025-11-21 12:00:00;5.577;5.604;5.559;5.603;38.8195;ISP.ITEUR
2025-11-21 13:00:00;5.604;5.621;5.591;5.619;20.5919;ISP.ITEUR
2025-11-21 14:00:00;5.617;5.625;5.606;5.614;32.1566;ISP.ITEUR
2025-11-21 15:00:00;5.615;5.631;5.603;5.616;44.3399;ISP.ITEUR
2025-11-21 16:00:00;5.617;5.621;5.602;5.614;21.0466;ISP.ITEUR
2025-11-24 08:00:00;5.515;5.527;5.501;5.507;24.88;ISP.ITEUR
2025-11-24 09:00:00;5.506;5.508;5.441;5.449;42.256;ISP.ITEUR
2025-11-24 10:00:00;5.45;5.462;5.416;5.421;34.964;ISP.ITEUR
2025-11-24 11:00:00;5.422;5.433;5.407;5.426;27.352;ISP.ITEUR
2025-11-24 12:00:00;5.425;5.434;5.416;5.432;23.988;ISP.ITEUR
2025-11-24 13:00:00;5.433;5.456;5.416;5.416;17.68;ISP.ITEUR
2025-11-24 14:00:00;5.417;5.458;5.415;5.458;36.576;ISP.ITEUR
2025-11-24 15:00:00;5.459;5.484;5.458;5.466;23.1;ISP.ITEUR
2025-11-24 16:00:00;5.465;5.469;5.454;5.454;9.74;ISP.ITEUR
2025-11-25 08:00:00;5.449;5.452;5.393;5.401;40.076;ISP.ITEUR
2025-11-25 09:00:00;5.402;5.415;5.374;5.4;37.828;ISP.ITEUR
2025-11-25 10:00:00;5.399;5.416;5.379;5.412;26.996;ISP.ITEUR
2025-11-25 11:00:00;5.413;5.427;5.405;5.423;22.704;ISP.ITEUR
2025-11-25 12:00:00;5.424;5.503;5.42;5.471;35.104;ISP.ITEUR
2025-11-25 13:00:00;5.47;5.502;5.47;5.502;26.296;ISP.ITEUR
2025-11-25 14:00:00;5.501;5.513;5.474;5.501;28.732;ISP.ITEUR
2025-11-25 15:00:00;5.502;5.526;5.493;5.511;30.276;ISP.ITEUR
2025-11-25 16:00:00;5.51;5.515;5.5;5.501;10.04;ISP.ITEUR
2025-11-26 08:00:00;5.532;5.54;5.501;5.506;33.404;ISP.ITEUR
2025-11-26 09:00:00;5.507;5.523;5.492;5.511;26.024;ISP.ITEUR
2025-11-26 10:00:00;5.513;5.54;5.508;5.54;15.984;ISP.ITEUR
2025-11-26 11:00:00;5.541;5.558;5.533;5.553;20.904;ISP.ITEUR
2025-11-26 12:00:00;5.552;5.557;5.52;5.554;28.032;ISP.ITEUR
2025-11-26 13:00:00;5.553;5.587;5.553;5.58;15.42;ISP.ITEUR
2025-11-26 14:00:00;5.579;5.581;5.557;5.56;22.448;ISP.ITEUR
2025-11-26 15:00:00;5.559;5.587;5.554;5.587;23.588;ISP.ITEUR
2025-11-26 16:00:00;5.588;5.589;5.573;5.574;9.572;ISP.ITEUR
2025-11-27 08:00:00;5.557;5.604;5.557;5.586;25.484;ISP.ITEUR
2025-11-27 09:00:00;5.585;5.598;5.562;5.562;21.56;ISP.ITEUR
2025-11-27 10:00:00;5.561;5.575;5.554;5.563;19.524;ISP.ITEUR
2025-11-27 11:00:00;5.562;5.57;5.555;5.56;17.472;ISP.ITEUR
2025-11-27 12:00:00;5.561;5.574;5.558;5.57;12.368;ISP.ITEUR
2025-11-27 13:00:00;5.571;5.58;5.56;5.561;18.004;ISP.ITEUR
2025-11-27 14:00:00;5.562;5.581;5.561;5.577;15.32;ISP.ITEUR
2025-11-27 15:00:00;5.576;5.581;5.567;5.579;12.076;ISP.ITEUR
2025-11-27 16:00:00;5.578;5.58;5.57;5.576;7.04;ISP.ITEUR
2025-11-28 08:00:00;5.562;5.578;5.553;5.572;13.956;ISP.ITEUR
2025-11-28 09:00:00;5.571;5.573;5.547;5.561;11.052;ISP.ITEUR
2025-11-28 10:00:00;5.562;5.575;5.552;5.572;11.244;ISP.ITEUR
2025-11-28 11:00:00;5.571;5.575;5.56;5.572;7.544;ISP.ITEUR
2025-11-28 12:00:00;5.573;5.591;5.572;5.583;9.496;ISP.ITEUR
2025-11-28 13:00:00;5.584;5.586;5.574;5.578;6.916;ISP.ITEUR
2025-11-28 14:00:00;5.578;5.592;5.578;5.584;7.716;ISP.ITEUR
2025-11-28 15:00:00;5.583;5.593;5.575;5.577;8.332;ISP.ITEUR
2025-11-28 16:00:00;5.578;5.586;5.576;5.576;6.2;ISP.ITEUR
2025-12-01 08:00:00;5.577;5.586;5.544;5.553;23.8575;ISP.ITEUR
2025-12-01 09:00:00;5.552;5.565;5.532;5.535;25.1536;ISP.ITEUR
2025-12-01 10:00:00;5.536;5.565;5.531;5.533;18.5805;ISP.ITEUR
2025-12-01 11:00:00;5.531;5.547;5.53;5.541;17.1876;ISP.ITEUR
2025-12-01 12:00:00;5.542;5.542;5.522;5.524;17.3168;ISP.ITEUR
2025-12-01 13:00:00;5.525;5.554;5.521;5.548;14.9185;ISP.ITEUR
2025-12-01 14:00:00;5.547;5.552;5.533;5.551;16.5618;ISP.ITEUR
2025-12-01 15:00:00;5.552;5.569;5.548;5.568;17.777;ISP.ITEUR
2025-12-01 16:00:00;5.567;5.576;5.559;5.574;7.4532;ISP.ITEUR
2025-12-02 08:00:00;5.576;5.602;5.573;5.6;25.1455;ISP.ITEUR
2025-12-02 09:00:00;5.601;5.62;5.588;5.612;20.2965;ISP.ITEUR
2025-12-02 10:00:00;5.613;5.613;5.594;5.603;18.2737;ISP.ITEUR
2025-12-02 11:00:00;5.604;5.612;5.592;5.597;12.3224;ISP.ITEUR
2025-12-02 12:00:00;5.595;5.602;5.582;5.585;16.5941;ISP.ITEUR
2025-12-02 13:00:00;5.584;5.585;5.562;5.568;16.3841;ISP.ITEUR
2025-12-02 14:00:00;5.569;5.575;5.559;5.572;19.9129;ISP.ITEUR
2025-12-02 15:00:00;5.573;5.598;5.571;5.598;21.33;ISP.ITEUR
2025-12-02 16:00:00;5.599;5.609;5.593;5.595;10.0332;ISP.ITEUR
2025-12-03 08:00:00;5.605;5.619;5.572;5.615;28.8398;ISP.ITEUR
2025-12-03 09:00:00;5.613;5.646;5.604;5.635;21.3301;ISP.ITEUR
2025-12-03 10:00:00;5.636;5.644;5.615;5.616;16.7596;ISP.ITEUR
2025-12-03 11:00:00;5.617;5.638;5.614;5.635;10.2189;ISP.ITEUR
2025-12-03 12:00:00;5.634;5.649;5.622;5.646;9.6375;ISP.ITEUR
2025-12-03 13:00:00;5.647;5.648;5.615;5.617;14.4179;ISP.ITEUR
2025-12-03 14:00:00;5.616;5.622;5.594;5.607;31.0564;ISP.ITEUR
2025-12-03 15:00:00;5.609;5.617;5.585;5.596;26.9179;ISP.ITEUR
2025-12-03 16:00:00;5.597;5.597;5.57;5.572;10.1341;ISP.ITEUR
2025-12-04 08:00:00;5.58;5.591;5.559;5.562;27.9838;ISP.ITEUR
2025-12-04 09:00:00;5.563;5.569;5.549;5.565;26.821;ISP.ITEUR
2025-12-04 10:00:00;5.566;5.575;5.561;5.575;15.7866;ISP.ITEUR
2025-12-04 11:00:00;5.574;5.593;5.573;5.586;12.2578;ISP.ITEUR
2025-12-04 12:00:00;5.585;5.592;5.569;5.569;11.3938;ISP.ITEUR
2025-12-04 13:00:00;5.57;5.584;5.563;5.58;12.492;ISP.ITEUR
2025-12-04 14:00:00;5.579;5.598;5.571;5.585;17.3047;ISP.ITEUR
2025-12-04 15:00:00;5.586;5.609;5.582;5.604;14.9831;ISP.ITEUR
2025-12-04 16:00:00;5.603;5.622;5.603;5.618;7.7116;ISP.ITEUR
2025-12-05 09:00:00;5.657;5.659;5.642;5.65;7.8529;ISP.ITEUR
2025-12-05 10:00:00;5.651;5.655;5.639;5.645;12.9644;ISP.ITEUR
2025-12-05 11:00:00;5.646;5.648;5.63;5.637;11.5876;ISP.ITEUR
2025-12-05 12:00:00;5.638;5.643;5.629;5.635;12.4072;ISP.ITEUR
2025-12-05 13:00:00;5.636;5.647;5.635;5.645;13.1259;ISP.ITEUR
2025-12-05 14:00:00;5.644;5.647;5.629;5.641;17.4662;ISP.ITEUR
2025-12-05 15:00:00;5.642;5.653;5.623;5.628;13.9536;ISP.ITEUR
2025-12-05 16:00:00;5.627;5.631;5.616;5.617;9.7949;ISP.ITEUR
2025-12-08 08:00:00;5.607;5.617;5.583;5.588;20.276;ISP.ITEUR
2025-12-08 09:00:00;5.587;5.603;5.583;5.6;21.712;ISP.ITEUR
2025-12-08 10:00:00;5.601;5.607;5.59;5.595;15.612;ISP.ITEUR
2025-12-08 11:00:00;5.596;5.601;5.587;5.591;12.864;ISP.ITEUR
2025-12-08 12:00:00;5.592;5.6;5.586;5.591;10.316;ISP.ITEUR
2025-12-08 13:00:00;5.592;5.601;5.589;5.596;11.152;ISP.ITEUR
2025-12-08 14:00:00;5.597;5.607;5.591;5.604;13.476;ISP.ITEUR
2025-12-08 15:00:00;5.605;5.61;5.591;5.592;18.596;ISP.ITEUR
2025-12-08 16:00:00;5.593;5.606;5.59;5.604;8.448;ISP.ITEUR
2025-12-09 08:00:00;5.66;5.679;5.644;5.668;24.3;ISP.ITEUR
2025-12-09 09:00:00;5.667;5.67;5.638;5.657;21.46;ISP.ITEUR
2025-12-09 10:00:00;5.656;5.657;5.629;5.641;18.304;ISP.ITEUR
2025-12-09 11:00:00;5.64;5.649;5.628;5.642;15.052;ISP.ITEUR
2025-12-09 12:00:00;5.641;5.642;5.626;5.636;10.804;ISP.ITEUR
2025-12-09 13:00:00;5.637;5.642;5.628;5.639;9.58;ISP.ITEUR
2025-12-09 14:00:00;5.64;5.648;5.63;5.648;13.896;ISP.ITEUR
2025-12-09 15:00:00;5.649;5.668;5.646;5.662;12.056;ISP.ITEUR
2025-12-09 16:00:00;5.66;5.678;5.659;5.675;4.844;ISP.ITEUR
2025-12-10 08:00:00;5.64;5.65;5.616;5.622;29.36;ISP.ITEUR
2025-12-10 09:00:00;5.623;5.634;5.603;5.623;24.828;ISP.ITEUR
2025-12-10 10:00:00;5.622;5.632;5.618;5.623;16.488;ISP.ITEUR
2025-12-10 11:00:00;5.622;5.648;5.621;5.646;9.62;ISP.ITEUR
2025-12-10 12:00:00;5.647;5.657;5.645;5.647;8.66;ISP.ITEUR
2025-12-10 13:00:00;5.648;5.652;5.641;5.646;7.872;ISP.ITEUR
2025-12-10 14:00:00;5.647;5.657;5.626;5.627;16.832;ISP.ITEUR
2025-12-10 15:00:00;5.628;5.648;5.626;5.636;11.292;ISP.ITEUR
2025-12-10 16:00:00;5.635;5.644;5.626;5.633;5.972;ISP.ITEUR
2025-12-11 08:00:00;5.638;5.664;5.629;5.664;27.508;ISP.ITEUR
2025-12-11 09:00:00;5.663;5.67;5.646;5.655;21.364;ISP.ITEUR
2025-12-11 10:00:00;5.656;5.684;5.644;5.68;19.704;ISP.ITEUR
2025-12-11 11:00:00;5.681;5.7;5.68;5.696;15.42;ISP.ITEUR
2025-12-11 12:00:00;5.697;5.714;5.696;5.71;9.444;ISP.ITEUR
2025-12-11 13:00:00;5.711;5.734;5.706;5.732;13.24;ISP.ITEUR
2025-12-11 14:00:00;5.733;5.747;5.721;5.724;27.124;ISP.ITEUR
2025-12-11 15:00:00;5.723;5.736;5.721;5.731;19.608;ISP.ITEUR
2025-12-11 16:00:00;5.728;5.733;5.721;5.721;10.636;ISP.ITEUR
2025-12-12 08:00:00;5.776;5.784;5.759;5.76;25.596;ISP.ITEUR
2025-12-12 09:00:00;5.759;5.775;5.748;5.773;22.492;ISP.ITEUR
2025-12-12 10:00:00;5.774;5.779;5.759;5.77;13.868;ISP.ITEUR
2025-12-12 11:00:00;5.769;5.769;5.756;5.761;13.632;ISP.ITEUR
2025-12-12 12:00:00;5.76;5.764;5.756;5.76;11.64;ISP.ITEUR
2025-12-12 13:00:00;5.761;5.762;5.75;5.756;12.6;ISP.ITEUR
2025-12-12 14:00:00;5.755;5.77;5.743;5.743;20.52;ISP.ITEUR
2025-12-12 15:00:00;5.742;5.743;5.667;5.672;36.236;ISP.ITEUR
2025-12-12 16:00:00;5.67;5.677;5.662;5.674;19.356;ISP.ITEUR
2025-12-15 08:00:00;5.719;5.763;5.714;5.743;26.2041;ISP.ITEUR
2025-12-15 09:00:00;5.744;5.756;5.738;5.75;18.8774;ISP.ITEUR
2025-12-15 10:00:00;5.749;5.773;5.745;5.772;14.1422;ISP.ITEUR
2025-12-15 11:00:00;5.77;5.785;5.764;5.783;8.7651;ISP.ITEUR
2025-12-15 12:00:00;5.784;5.792;5.779;5.791;10.2114;ISP.ITEUR
2025-12-15 13:00:00;5.79;5.796;5.785;5.792;9.4981;ISP.ITEUR
2025-12-15 14:00:00;5.791;5.797;5.768;5.772;16.0244;ISP.ITEUR
2025-12-15 15:00:00;5.773;5.786;5.764;5.779;19.8759;ISP.ITEUR
2025-12-15 16:00:00;5.78;5.78;5.76;5.778;11.4913;ISP.ITEUR
2025-12-16 08:00:00;5.789;5.829;5.789;5.82;30.3013;ISP.ITEUR
2025-12-16 09:00:00;5.819;5.835;5.798;5.802;22.1742;ISP.ITEUR
2025-12-16 10:00:00;5.802;5.811;5.793;5.797;19.6738;ISP.ITEUR
2025-12-16 11:00:00;5.796;5.811;5.795;5.807;15.5766;ISP.ITEUR
2025-12-16 12:00:00;5.806;5.826;5.804;5.823;10.3144;ISP.ITEUR
2025-12-16 13:00:00;5.823;5.827;5.812;5.814;12.7672;ISP.ITEUR
2025-12-16 14:00:00;5.813;5.817;5.792;5.794;20.0503;ISP.ITEUR
2025-12-16 15:00:00;5.795;5.802;5.779;5.799;24.6547;ISP.ITEUR
2025-12-16 16:00:00;5.801;5.801;5.781;5.784;10.1321;ISP.ITEUR
2025-12-17 08:00:00;5.823;5.843;5.82;5.832;22.4793;ISP.ITEUR
2025-12-17 09:00:00;5.831;5.844;5.822;5.84;20.0146;ISP.ITEUR
2025-12-17 10:00:00;5.84;5.846;5.837;5.845;12.1728;ISP.ITEUR
2025-12-17 11:00:00;5.846;5.856;5.839;5.848;13.3457;ISP.ITEUR
2025-12-17 12:00:00;5.847;5.853;5.841;5.847;10.3025;ISP.ITEUR
2025-12-17 13:00:00;5.847;5.847;5.824;5.831;13.3259;ISP.ITEUR
2025-12-17 14:00:00;5.832;5.841;5.821;5.839;21.6512;ISP.ITEUR
2025-12-17 15:00:00;5.84;5.845;5.832;5.833;13.9401;ISP.ITEUR
2025-12-17 16:00:00;5.832;5.842;5.827;5.835;12.3551;ISP.ITEUR
2025-12-18 08:00:00;5.82;5.853;5.82;5.826;33.2494;ISP.ITEUR
2025-12-18 09:00:00;5.827;5.852;5.812;5.85;25.154;ISP.ITEUR
2025-12-18 10:00:00;5.851;5.881;5.851;5.872;14.265;ISP.ITEUR
2025-12-18 11:00:00;5.873;5.879;5.867;5.869;10.0608;ISP.ITEUR
2025-12-18 12:00:00;5.87;5.873;5.847;5.853;10.0291;ISP.ITEUR
2025-12-18 13:00:00;5.854;5.876;5.846;5.858;16.8684;ISP.ITEUR
2025-12-18 14:00:00;5.857;5.866;5.83;5.832;19.7174;ISP.ITEUR
2025-12-18 15:00:00;5.833;5.857;5.832;5.856;15.113;ISP.ITEUR
2025-12-18 16:00:00;5.855;5.867;5.852;5.867;7.7784;ISP.ITEUR
2025-12-19 08:00:00;5.882;5.894;5.87;5.877;23.6165;ISP.ITEUR
2025-12-19 09:00:00;5.878;5.893;5.862;5.891;22.3089;ISP.ITEUR
2025-12-19 10:00:00;5.892;5.896;5.877;5.882;16.0838;ISP.ITEUR
2025-12-19 11:00:00;5.881;5.894;5.873;5.886;17.7322;ISP.ITEUR
2025-12-19 12:00:00;5.887;5.892;5.876;5.88;15.216;ISP.ITEUR
2025-12-19 13:00:00;5.881;5.896;5.871;5.895;12.5136;ISP.ITEUR
2025-12-19 14:00:00;5.896;5.902;5.89;5.898;15.957;ISP.ITEUR
2025-12-19 15:00:00;5.899;5.908;5.896;5.905;11.4556;ISP.ITEUR
2025-12-19 16:00:00;5.904;5.911;5.903;5.907;6.0032;ISP.ITEUR
2025-12-22 08:00:00;5.922;5.946;5.92;5.93;16.7998;ISP.ITEUR
2025-12-22 09:00:00;5.931;5.936;5.914;5.919;17.29;ISP.ITEUR
2025-12-22 10:00:00;5.92;5.925;5.917;5.924;11.8066;ISP.ITEUR
2025-12-22 11:00:00;5.925;5.925;5.902;5.911;11.5634;ISP.ITEUR
2025-12-22 12:00:00;5.91;5.919;5.908;5.909;6.2814;ISP.ITEUR
2025-12-22 13:00:00;5.91;5.913;5.903;5.909;7.9344;ISP.ITEUR
2025-12-22 14:00:00;5.91;5.91;5.881;5.888;17.556;ISP.ITEUR
2025-12-22 15:00:00;5.889;5.894;5.876;5.884;14.573;ISP.ITEUR
2025-12-22 16:00:00;5.885;5.894;5.88;5.892;6.7792;ISP.ITEUR
2025-12-23 08:00:00;5.888;5.898;5.846;5.861;19.3116;ISP.ITEUR
2025-12-23 09:00:00;5.86;5.87;5.849;5.859;18.1602;ISP.ITEUR
2025-12-23 10:00:00;5.861;5.872;5.857;5.857;10.4576;ISP.ITEUR
2025-12-23 11:00:00;5.858;5.864;5.847;5.848;4.7234;ISP.ITEUR
2025-12-23 12:00:00;5.846;5.852;5.841;5.842;6.2206;ISP.ITEUR
2025-12-23 13:00:00;5.843;5.863;5.842;5.858;12.4564;ISP.ITEUR
2025-12-23 14:00:00;5.859;5.886;5.855;5.876;10.3512;ISP.ITEUR
2025-12-23 15:00:00;5.877;5.896;5.872;5.88;10.7198;ISP.ITEUR
2025-12-23 16:00:00;5.881;5.89;5.88;5.882;4.3282;ISP.ITEUR
2025-12-29 08:00:00;5.87;5.872;5.839;5.851;26.8062;ISP.ITEUR
2025-12-29 09:00:00;5.852;5.867;5.852;5.863;15.2314;ISP.ITEUR
2025-12-29 10:00:00;5.862;5.872;5.857;5.869;11.2241;ISP.ITEUR
2025-12-29 11:00:00;5.87;5.877;5.865;5.876;6.695;ISP.ITEUR
2025-12-29 12:00:00;5.875;5.875;5.857;5.861;7.5335;ISP.ITEUR
2025-12-29 13:00:00;5.862;5.877;5.86;5.874;8.0636;ISP.ITEUR
2025-12-29 14:00:00;5.873;5.873;5.845;5.852;15.9326;ISP.ITEUR
2025-12-29 15:00:00;5.851;5.853;5.841;5.852;13.8474;ISP.ITEUR
2025-12-29 16:00:00;5.851;5.857;5.85;5.85;6.0125;ISP.ITEUR
2025-12-30 08:00:00;5.873;5.891;5.868;5.89;17.8583;ISP.ITEUR
2025-12-30 09:00:00;5.889;5.913;5.889;5.912;10.8239;ISP.ITEUR
2025-12-30 10:00:00;5.913;5.924;5.91;5.92;10.759;ISP.ITEUR
2025-12-30 11:00:00;5.921;5.934;5.915;5.933;8.2351;ISP.ITEUR
2025-12-30 12:00:00;5.934;5.939;5.926;5.932;9.8631;ISP.ITEUR
2025-12-30 13:00:00;5.933;5.945;5.931;5.945;9.1465;ISP.ITEUR
2025-12-30 14:00:00;5.946;5.947;5.919;5.927;13.443;ISP.ITEUR
2025-12-30 15:00:00;5.926;5.946;5.924;5.942;13.401;ISP.ITEUR
2025-12-30 16:00:00;5.943;5.944;5.936;5.936;7.7165;ISP.ITEUR
2026-01-02 08:00:00;5.917;5.944;5.916;5.939;29.5165;ISP.ITEUR
2026-01-02 09:00:00;5.94;5.949;5.907;5.923;30.3289;ISP.ITEUR
2026-01-02 10:00:00;5.924;5.925;5.879;5.902;21.88;ISP.ITEUR
2026-01-02 11:00:00;5.901;5.919;5.893;5.919;11.2355;ISP.ITEUR
2026-01-02 12:00:00;5.918;5.921;5.906;5.912;20.2217;ISP.ITEUR
2026-01-02 13:00:00;5.91;5.943;5.909;5.938;15.311;ISP.ITEUR
2026-01-02 14:00:00;5.939;5.945;5.927;5.93;25.8986;ISP.ITEUR
2026-01-02 15:00:00;5.931;5.948;5.928;5.944;27.7211;ISP.ITEUR
2026-01-02 16:00:00;5.945;5.948;5.926;5.939;14.48;ISP.ITEUR
2026-01-05 08:00:00;5.992;6.007;5.976;5.993;32.781;ISP.ITEUR
2026-01-05 09:00:00;5.994;6.042;5.989;6.033;24.4599;ISP.ITEUR
2026-01-05 10:00:00;6.034;6.036;6.009;6.02;22.0812;ISP.ITEUR
2026-01-05 11:00:00;6.021;6.036;6.019;6.021;12.798;ISP.ITEUR
2026-01-05 12:00:00;6.022;6.024;5.985;5.993;19.3428;ISP.ITEUR
2026-01-05 13:00:00;5.994;6.023;5.992;6.012;17.6802;ISP.ITEUR
2026-01-05 14:00:00;6.011;6.028;6.008;6.025;19.911;ISP.ITEUR
2026-01-05 15:00:00;6.025;6.052;6.023;6.047;13.9911;ISP.ITEUR
2026-01-05 16:00:00;6.046;6.047;6.033;6.039;5.3329;ISP.ITEUR
2026-01-06 08:00:00;6.079;6.097;6.055;6.055;32.9211;ISP.ITEUR
2026-01-06 09:00:00;6.056;6.063;6.009;6.009;32.1901;ISP.ITEUR
2026-01-06 10:00:00;6.01;6.036;6.008;6.033;17.6271;ISP.ITEUR
2026-01-06 11:00:00;6.032;6.056;6.028;6.03;11.0406;ISP.ITEUR
2026-01-06 12:00:00;6.031;6.04;6.027;6.035;7.9803;ISP.ITEUR
2026-01-06 13:00:00;6.036;6.042;6.018;6.033;12.567;ISP.ITEUR
2026-01-06 14:00:00;6.034;6.038;6.014;6.022;16.919;ISP.ITEUR
2026-01-06 15:00:00;6.021;6.028;6.006;6.008;18.434;ISP.ITEUR
2026-01-06 16:00:00;6.006;6.007;5.981;5.982;9.9915;ISP.ITEUR
2026-01-07 08:00:00;5.971;6.004;5.957;6.0;25.3119;ISP.ITEUR
2026-01-07 09:00:00;5.999;6.001;5.95;5.951;32.2129;ISP.ITEUR
2026-01-07 10:00:00;5.952;5.96;5.928;5.948;26.7438;ISP.ITEUR
2026-01-07 11:00:00;5.949;5.96;5.932;5.952;17.7635;ISP.ITEUR
2026-01-07 12:00:00;5.953;5.958;5.932;5.932;16.8318;ISP.ITEUR
2026-01-07 13:00:00;5.933;5.957;5.921;5.955;15.9606;ISP.ITEUR
2026-01-07 14:00:00;5.956;5.959;5.932;5.936;19.2825;ISP.ITEUR
2026-01-07 15:00:00;5.937;5.941;5.916;5.94;25.6719;ISP.ITEUR
2026-01-07 16:00:00;5.941;5.943;5.907;5.907;8.2152;ISP.ITEUR
2026-01-08 08:00:00;5.894;5.935;5.89;5.912;33.618;ISP.ITEUR
2026-01-08 09:00:00;5.913;5.927;5.901;5.906;25.4938;ISP.ITEUR
2026-01-08 10:00:00;5.905;5.915;5.893;5.906;19.4451;ISP.ITEUR
2026-01-08 11:00:00;5.907;5.925;5.905;5.917;19.1118;ISP.ITEUR
2026-01-08 12:00:00;5.916;5.919;5.892;5.894;15.4001;ISP.ITEUR
2026-01-08 13:00:00;5.893;5.914;5.889;5.911;14.0632;ISP.ITEUR
2026-01-08 14:00:00;5.912;5.93;5.909;5.93;18.4908;ISP.ITEUR
2026-01-08 15:00:00;5.93;5.941;5.922;5.939;12.0898;ISP.ITEUR
2026-01-08 16:00:00;5.938;5.947;5.936;5.939;5.5071;ISP.ITEUR
2026-01-09 08:00:00;5.939;5.95;5.905;5.924;28.3836;ISP.ITEUR
2026-01-09 09:00:00;5.925;5.94;5.918;5.923;24.1041;ISP.ITEUR
2026-01-09 10:00:00;5.922;5.941;5.92;5.938;16.919;ISP.ITEUR
2026-01-09 11:00:00;5.939;5.941;5.926;5.935;9.9234;ISP.ITEUR
2026-01-09 12:00:00;5.936;5.94;5.912;5.921;11.0217;ISP.ITEUR
2026-01-09 13:00:00;5.919;5.946;5.917;5.938;13.779;ISP.ITEUR
2026-01-09 14:00:00;5.939;5.947;5.929;5.939;20.4264;ISP.ITEUR
2026-01-09 15:00:00;5.94;5.941;5.913;5.931;22.7669;ISP.ITEUR
2026-01-09 16:00:00;5.932;5.942;5.931;5.934;5.3745;ISP.ITEUR
2026-01-12 08:00:00;5.903;5.917;5.888;5.913;23.3007;ISP.ITEUR
2026-01-12 09:00:00;5.912;5.933;5.908;5.926;18.1839;ISP.ITEUR
2026-01-12 10:00:00;5.927;5.958;5.922;5.957;16.8469;ISP.ITEUR
2026-01-12 11:00:00;5.956;5.979;5.956;5.974;12.2526;ISP.ITEUR
2026-01-12 12:00:00;5.975;5.989;5.972;5.987;12.8776;ISP.ITEUR
2026-01-12 13:00:00;5.988;5.988;5.965;5.966;13.9912;ISP.ITEUR
2026-01-12 14:00:00;5.967;5.987;5.958;5.985;18.5059;ISP.ITEUR
2026-01-12 15:00:00;5.986;5.987;5.973;5.983;8.1205;ISP.ITEUR
2026-01-12 16:00:00;5.982;5.984;5.97;5.982;5.7912;ISP.ITEUR
2026-01-13 08:00:00;5.997;6.016;5.981;6.0;16.2939;ISP.ITEUR
2026-01-13 09:00:00;5.999;6.003;5.989;5.999;13.0593;ISP.ITEUR
2026-01-13 10:00:00;5.998;6.001;5.989;5.995;12.9912;ISP.ITEUR
2026-01-13 11:00:00;5.994;6.001;5.985;5.991;9.5445;ISP.ITEUR
2026-01-13 12:00:00;5.99;5.994;5.976;5.981;9.4953;ISP.ITEUR
2026-01-13 13:00:00;5.98;5.999;5.977;5.998;13.6012;ISP.ITEUR
2026-01-13 14:00:00;5.997;6.002;5.981;5.991;15.3472;ISP.ITEUR
2026-01-13 15:00:00;5.99;6.005;5.979;6.002;16.0629;ISP.ITEUR
2026-01-13 16:00:00;6.003;6.004;5.994;5.996;6.0033;ISP.ITEUR
2026-01-14 08:00:00;5.976;6.005;5.96;6.002;20.5891;ISP.ITEUR
2026-01-14 09:00:00;6.001;6.01;5.992;6.0;17.3395;ISP.ITEUR
2026-01-14 10:00:00;6.001;6.008;5.964;5.97;20.286;ISP.ITEUR
2026-01-14 11:00:00;5.97;5.981;5.96;5.968;15.5706;ISP.ITEUR
2026-01-14 12:00:00;5.967;5.987;5.964;5.985;12.0558;ISP.ITEUR
2026-01-14 13:00:00;5.986;5.998;5.98;5.986;14.6011;ISP.ITEUR
2026-01-14 14:00:00;5.987;5.99;5.963;5.967;18.5212;ISP.ITEUR
2026-01-14 15:00:00;5.966;5.999;5.964;5.987;21.4453;ISP.ITEUR
2026-01-14 16:00:00;5.988;5.988;5.972;5.983;8.6697;ISP.ITEUR
2026-01-15 08:00:00;5.976;6.017;5.972;6.013;26.7854;ISP.ITEUR
2026-01-15 09:00:00;6.014;6.031;6.009;6.028;16.506;ISP.ITEUR
2026-01-15 10:00:00;6.027;6.03;6.015;6.016;13.6124;ISP.ITEUR
2026-01-15 11:00:00;6.015;6.017;5.995;6.003;16.3242;ISP.ITEUR
2026-01-15 12:00:00;6.004;6.005;5.977;5.978;13.6578;ISP.ITEUR
2026-01-15 13:00:00;5.979;5.989;5.971;5.981;14.0517;ISP.ITEUR
2026-01-15 14:00:00;5.98;6.003;5.957;6.003;20.5133;ISP.ITEUR
2026-01-15 15:00:00;6.002;6.021;5.994;6.021;11.7072;ISP.ITEUR
2026-01-15 16:00:00;6.022;6.025;5.998;5.998;5.5564;ISP.ITEUR
2026-01-16 08:00:00;5.984;5.995;5.965;5.973;22.7669;ISP.ITEUR
2026-01-16 09:00:00;5.974;5.982;5.963;5.973;16.9492;ISP.ITEUR
2026-01-16 10:00:00;5.974;5.984;5.959;5.964;15.4077;ISP.ITEUR
2026-01-16 11:00:00;5.965;5.971;5.948;5.951;13.3548;ISP.ITEUR
2026-01-16 12:00:00;5.952;5.959;5.944;5.956;16.6804;ISP.ITEUR
2026-01-16 13:00:00;5.955;5.956;5.942;5.946;9.9082;ISP.ITEUR
2026-01-16 14:00:00;5.947;5.947;5.92;5.923;16.3699;ISP.ITEUR
2026-01-16 15:00:00;5.924;5.955;5.924;5.936;20.5666;ISP.ITEUR
2026-01-16 16:00:00;5.937;5.944;5.929;5.931;8.1507;ISP.ITEUR
2026-01-19 08:00:00;5.822;5.903;5.822;5.869;51.5622;ISP.ITEUR
2026-01-19 09:00:00;5.87;5.871;5.811;5.821;30.8028;ISP.ITEUR
2026-01-19 10:00:00;5.82;5.834;5.816;5.822;22.8266;ISP.ITEUR
2026-01-19 11:00:00;5.823;5.857;5.822;5.855;16.5452;ISP.ITEUR
2026-01-19 12:00:00;5.854;5.888;5.854;5.888;15.295;ISP.ITEUR
2026-01-19 13:00:00;5.889;5.909;5.886;5.904;16.0436;ISP.ITEUR
2026-01-19 14:00:00;5.904;5.911;5.886;5.909;20.1552;ISP.ITEUR
2026-01-19 15:00:00;5.908;5.909;5.883;5.884;22.4618;ISP.ITEUR
2026-01-19 16:00:00;5.885;5.894;5.882;5.893;11.9472;ISP.ITEUR
2026-01-20 08:00:00;5.836;5.852;5.783;5.788;48.2942;ISP.ITEUR
2026-01-20 09:00:00;5.789;5.798;5.76;5.783;41.5454;ISP.ITEUR
2026-01-20 10:00:00;5.784;5.807;5.775;5.781;23.5258;ISP.ITEUR
2026-01-20 11:00:00;5.78;5.787;5.767;5.773;23.2484;ISP.ITEUR
2026-01-20 12:00:00;5.772;5.8;5.77;5.793;19.4902;ISP.ITEUR
2026-01-20 13:00:00;5.794;5.795;5.757;5.763;22.7544;ISP.ITEUR
2026-01-20 14:00:00;5.762;5.777;5.739;5.754;34.2114;ISP.ITEUR
2026-01-20 15:00:00;5.753;5.791;5.751;5.763;23.693;ISP.ITEUR
2026-01-20 16:00:00;5.762;5.773;5.751;5.756;11.9092;ISP.ITEUR
2026-01-21 08:00:00;5.747;5.769;5.715;5.741;36.7536;ISP.ITEUR
2026-01-21 09:00:00;5.74;5.749;5.716;5.718;26.2998;ISP.ITEUR
2026-01-21 10:00:00;5.719;5.736;5.707;5.721;21.4662;ISP.ITEUR
2026-01-21 11:00:00;5.72;5.733;5.702;5.708;18.5326;ISP.ITEUR
2026-01-21 12:00:00;5.707;5.71;5.683;5.694;19.6574;ISP.ITEUR
2026-01-21 13:00:00;5.695;5.72;5.673;5.716;22.5492;ISP.ITEUR
2026-01-21 14:00:00;5.717;5.761;5.704;5.755;49.8598;ISP.ITEUR
2026-01-21 15:00:00;5.756;5.797;5.74;5.782;25.6424;ISP.ITEUR
2026-01-21 16:00:00;5.783;5.783;5.767;5.777;9.9826;ISP.ITEUR
2026-01-22 08:00:00;5.821;5.826;5.756;5.758;42.4004;ISP.ITEUR
2026-01-22 09:00:00;5.759;5.8;5.756;5.797;27.7818;ISP.ITEUR
2026-01-22 10:00:00;5.796;5.816;5.766;5.769;20.0412;ISP.ITEUR
2026-01-22 11:00:00;5.77;5.792;5.753;5.782;28.0592;ISP.ITEUR
2026-01-22 12:00:00;5.783;5.8;5.775;5.787;13.9004;ISP.ITEUR
2026-01-22 13:00:00;5.788;5.823;5.78;5.819;14.877;ISP.ITEUR
2026-01-22 14:00:00;5.82;5.85;5.797;5.842;20.7556;ISP.ITEUR
2026-01-22 15:00:00;5.841;5.841;5.811;5.826;18.069;ISP.ITEUR
2026-01-22 16:00:00;5.827;5.847;5.827;5.842;7.258;ISP.ITEUR
2026-01-23 08:00:00;5.803;5.819;5.789;5.801;24.0958;ISP.ITEUR
2026-01-23 09:00:00;5.802;5.83;5.8;5.811;16.0094;ISP.ITEUR
2026-01-23 10:00:00;5.81;5.811;5.782;5.788;15.9524;ISP.ITEUR
2026-01-23 11:00:00;5.787;5.799;5.786;5.79;12.9314;ISP.ITEUR
2026-01-23 12:00:00;5.791;5.798;5.766;5.776;14.6946;ISP.ITEUR
2026-01-23 13:00:00;5.777;5.782;5.762;5.764;12.274;ISP.ITEUR
2026-01-23 14:00:00;5.763;5.768;5.752;5.768;18.1754;ISP.ITEUR
2026-01-23 15:00:00;5.769;5.776;5.76;5.769;13.6838;ISP.ITEUR
2026-01-23 16:00:00;5.77;5.777;5.765;5.771;7.448;ISP.ITEUR
2026-01-26 08:00:00;5.796;5.842;5.795;5.839;24.8547;ISP.ITEUR
2026-01-26 09:00:00;5.84;5.848;5.826;5.835;21.0873;ISP.ITEUR
2026-01-26 10:00:00;5.834;5.866;5.826;5.857;20.28;ISP.ITEUR
2026-01-26 11:00:00;5.858;5.861;5.843;5.853;9.4029;ISP.ITEUR
2026-01-26 12:00:00;5.854;5.861;5.849;5.854;7.6557;ISP.ITEUR
2026-01-26 13:00:00;5.853;5.859;5.833;5.839;10.4364;ISP.ITEUR
2026-01-26 14:00:00;5.838;5.864;5.836;5.86;15.9939;ISP.ITEUR
2026-01-26 15:00:00;5.861;5.867;5.84;5.854;9.5589;ISP.ITEUR
2026-01-26 16:00:00;5.855;5.861;5.849;5.858;5.2728;ISP.ITEUR
2026-01-27 08:00:00;5.905;5.926;5.879;5.89;22.4562;ISP.ITEUR
2026-01-27 09:00:00;5.889;5.901;5.878;5.899;16.0056;ISP.ITEUR
2026-01-27 10:00:00;5.898;5.916;5.892;5.905;10.3077;ISP.ITEUR
2026-01-27 11:00:00;5.906;5.908;5.898;5.9;10.7757;ISP.ITEUR
2026-01-27 12:00:00;5.899;5.91;5.898;5.899;9.0168;ISP.ITEUR
2026-01-27 13:00:00;5.9;5.937;5.899;5.936;15.3426;ISP.ITEUR
2026-01-27 14:00:00;5.937;5.946;5.933;5.94;13.5408;ISP.ITEUR
2026-01-27 15:00:00;5.941;5.947;5.925;5.945;11.1111;ISP.ITEUR
2026-01-27 16:00:00;5.946;5.967;5.946;5.955;6.8328;ISP.ITEUR
2026-01-28 08:00:00;5.927;5.928;5.874;5.877;23.7861;ISP.ITEUR
2026-01-28 09:00:00;5.879;5.917;5.878;5.893;17.9985;ISP.ITEUR
2026-01-28 10:00:00;5.892;5.901;5.88;5.881;13.8333;ISP.ITEUR
2026-01-28 11:00:00;5.882;5.894;5.881;5.885;10.1517;ISP.ITEUR
2026-01-28 12:00:00;5.886;5.888;5.851;5.858;26.3718;ISP.ITEUR
2026-01-28 13:00:00;5.859;5.885;5.858;5.879;17.6592;ISP.ITEUR
2026-01-28 14:00:00;5.878;5.905;5.877;5.894;22.7799;ISP.ITEUR
2026-01-28 15:00:00;5.895;5.901;5.881;5.895;23.2011;ISP.ITEUR
2026-01-28 16:00:00;5.896;5.904;5.883;5.885;8.9661;ISP.ITEUR
2026-01-29 08:00:00;5.905;5.918;5.882;5.891;30.9543;ISP.ITEUR
2026-01-29 09:00:00;5.89;5.903;5.889;5.892;22.6824;ISP.ITEUR
2026-01-29 10:00:00;5.891;5.913;5.863;5.863;22.8852;ISP.ITEUR
2026-01-29 11:00:00;5.864;5.896;5.844;5.884;23.3571;ISP.ITEUR
2026-01-29 12:00:00;5.883;5.897;5.86;5.884;21.7035;ISP.ITEUR
2026-01-29 13:00:00;5.885;5.906;5.881;5.904;16.7349;ISP.ITEUR
2026-01-29 14:00:00;5.903;5.911;5.873;5.876;22.8618;ISP.ITEUR
2026-01-29 15:00:00;5.878;5.885;5.852;5.858;42.2643;ISP.ITEUR
2026-01-29 16:00:00;5.859;5.87;5.841;5.847;19.8744;ISP.ITEUR
2026-01-30 08:00:00;5.91;5.932;5.903;5.923;25.1394;ISP.ITEUR
2026-01-30 09:00:00;5.923;5.937;5.895;5.903;18.2949;ISP.ITEUR
2026-01-30 10:00:00;5.902;5.92;5.892;5.91;22.4016;ISP.ITEUR
2026-01-30 11:00:00;5.909;5.944;5.909;5.941;10.7757;ISP.ITEUR
2026-01-30 12:00:00;5.943;5.951;5.939;5.941;9.3093;ISP.ITEUR
2026-01-30 13:00:00;5.94;5.955;5.936;5.945;5.5029;ISP.ITEUR
2026-01-30 14:00:00;5.944;5.96;5.941;5.951;9.3522;ISP.ITEUR
2026-01-30 15:00:00;5.952;5.957;5.941;5.942;11.973;ISP.ITEUR
2026-01-30 16:00:00;5.941;5.959;5.941;5.949;8.2407;ISP.ITEUR
2026-02-02 08:00:00;5.87;5.938;5.825;5.906;45.2148;ISP.ITEUR
2026-02-02 09:00:00;5.905;5.915;5.862;5.906;29.618;ISP.ITEUR
2026-02-02 10:00:00;5.907;5.952;5.907;5.95;21.8689;ISP.ITEUR
2026-02-02 11:00:00;5.951;5.986;5.945;5.986;19.0094;ISP.ITEUR
2026-02-02 12:00:00;5.985;5.997;5.982;5.985;19.3237;ISP.ITEUR
2026-02-02 13:00:00;5.986;6.003;5.973;6.001;20.2593;ISP.ITEUR
2026-02-02 14:00:00;6.002;6.014;5.997;6.003;19.5053;ISP.ITEUR
2026-02-02 15:00:00;6.002;6.015;5.98;5.992;22.0465;ISP.ITEUR
2026-02-02 16:00:00;5.993;6.005;5.968;5.971;9.9759;ISP.ITEUR
2026-02-03 08:00:00;6.043;6.078;6.031;6.037;32.7804;ISP.ITEUR
2026-02-03 09:00:00;6.036;6.055;6.029;6.052;21.5166;ISP.ITEUR
2026-02-03 10:00:00;6.053;6.078;6.051;6.076;16.9906;ISP.ITEUR
2026-02-03 11:00:00;6.075;6.086;6.062;6.083;16.7974;ISP.ITEUR
2026-02-03 12:00:00;6.082;6.113;6.076;6.104;11.4003;ISP.ITEUR
2026-02-03 13:00:00;6.105;6.105;6.057;6.075;15.4944;ISP.ITEUR
2026-02-03 14:00:00;6.074;6.077;6.036;6.037;24.5314;ISP.ITEUR
2026-02-03 15:00:00;6.036;6.059;6.033;6.049;33.2837;ISP.ITEUR
2026-02-03 16:00:00;6.05;6.063;6.048;6.061;10.0899;ISP.ITEUR
2026-02-04 08:00:00;6.114;6.139;6.089;6.133;41.5146;ISP.ITEUR
2026-02-04 09:00:00;6.134;6.139;6.067;6.092;40.17;ISP.ITEUR
2026-02-04 10:00:00;6.093;6.111;6.091;6.108;23.2324;ISP.ITEUR
2026-02-04 11:00:00;6.109;6.121;6.091;6.117;26.3188;ISP.ITEUR
2026-02-04 12:00:00;6.115;6.131;6.108;6.111;21.7477;ISP.ITEUR
2026-02-04 13:00:00;6.11;6.131;6.089;6.127;19.2707;ISP.ITEUR
2026-02-04 14:00:00;6.128;6.151;6.125;6.141;28.6407;ISP.ITEUR
2026-02-04 15:00:00;6.142;6.157;6.12;6.129;33.0032;ISP.ITEUR
2026-02-04 16:00:00;6.13;6.133;6.109;6.125;14.0854;ISP.ITEUR
2026-02-05 08:00:00;6.141;6.145;6.053;6.064;41.969;ISP.ITEUR
2026-02-05 09:00:00;6.063;6.08;6.03;6.037;33.292;ISP.ITEUR
2026-02-05 10:00:00;6.035;6.067;6.011;6.065;29.8527;ISP.ITEUR
2026-02-05 11:00:00;6.064;6.067;6.05;6.055;26.0806;ISP.ITEUR
2026-02-05 12:00:00;6.056;6.065;5.991;5.998;38.4501;ISP.ITEUR
2026-02-05 13:00:00;5.997;6.021;5.988;5.99;35.7083;ISP.ITEUR
2026-02-05 14:00:00;5.991;5.997;5.937;5.939;62.1737;ISP.ITEUR
2026-02-05 15:00:00;5.938;5.942;5.865;5.9;65.397;ISP.ITEUR
2026-02-05 16:00:00;5.899;5.914;5.87;5.907;30.061;ISP.ITEUR
2026-02-06 08:00:00;5.904;5.927;5.872;5.911;78.4528;ISP.ITEUR
2026-02-06 09:00:00;5.912;5.939;5.9;5.91;40.7077;ISP.ITEUR
2026-02-06 10:00:00;5.911;5.932;5.902;5.924;28.0384;ISP.ITEUR
2026-02-06 11:00:00;5.925;5.936;5.919;5.928;19.9029;ISP.ITEUR
2026-02-06 12:00:00;5.927;5.939;5.922;5.925;16.5134;ISP.ITEUR
2026-02-06 13:00:00;5.924;5.946;5.918;5.939;22.1793;ISP.ITEUR
2026-02-06 14:00:00;5.938;5.983;5.932;5.967;22.2585;ISP.ITEUR
2026-02-06 15:00:00;5.968;5.982;5.955;5.966;24.1181;ISP.ITEUR
2026-02-06 16:00:00;5.965;5.972;5.94;5.949;11.8282;ISP.ITEUR
2026-02-09 08:00:00;6.0;6.009;5.985;5.996;29.6137;ISP.ITEUR
2026-02-09 09:00:00;5.997;6.011;5.986;5.997;22.2699;ISP.ITEUR
2026-02-09 10:00:00;5.998;5.998;5.969;5.972;19.5773;ISP.ITEUR
2026-02-09 11:00:00;5.971;5.988;5.965;5.985;11.7071;ISP.ITEUR
2026-02-09 12:00:00;5.984;5.998;5.982;5.994;13.0703;ISP.ITEUR
2026-02-09 13:00:00;5.995;6.009;5.995;6.003;13.3998;ISP.ITEUR
2026-02-09 14:00:00;6.004;6.011;5.982;5.999;27.1783;ISP.ITEUR
2026-02-09 15:00:00;5.997;6.053;5.996;6.051;15.3767;ISP.ITEUR
2026-02-09 16:00:00;6.052;6.056;6.04;6.043;6.4537;ISP.ITEUR
2026-02-10 08:00:00;6.023;6.041;5.993;6.04;27.1517;ISP.ITEUR
2026-02-10 09:00:00;6.041;6.054;6.006;6.011;18.6985;ISP.ITEUR
2026-02-10 10:00:00;6.012;6.033;6.007;6.029;18.922;ISP.ITEUR
2026-02-10 11:00:00;6.028;6.043;6.024;6.038;13.8317;ISP.ITEUR
2026-02-10 12:00:00;6.039;6.046;6.03;6.036;14.0816;ISP.ITEUR
2026-02-10 13:00:00;6.035;6.035;6.017;6.025;10.4724;ISP.ITEUR
2026-02-10 14:00:00;6.024;6.038;6.011;6.036;15.7138;ISP.ITEUR
2026-02-10 15:00:00;6.035;6.046;6.021;6.042;17.6228;ISP.ITEUR
2026-02-10 16:00:00;6.043;6.044;6.004;6.009;10.1427;ISP.ITEUR
2026-02-11 08:00:00;6.019;6.026;5.9;5.904;43.7373;ISP.ITEUR
2026-02-11 09:00:00;5.905;5.942;5.859;5.872;46.4186;ISP.ITEUR
2026-02-11 10:00:00;5.869;5.923;5.861;5.905;37.1013;ISP.ITEUR
2026-02-11 11:00:00;5.904;5.908;5.871;5.872;27.1257;ISP.ITEUR
2026-02-11 12:00:00;5.871;5.896;5.869;5.885;28.1634;ISP.ITEUR
2026-02-11 13:00:00;5.884;5.929;5.871;5.925;34.3183;ISP.ITEUR
2026-02-11 14:00:00;5.926;5.938;5.886;5.896;39.2035;ISP.ITEUR
2026-02-11 15:00:00;5.898;5.902;5.869;5.889;50.3538;ISP.ITEUR
2026-02-11 16:00:00;5.89;5.919;5.887;5.887;11.5366;ISP.ITEUR
2026-02-12 08:00:00;5.931;5.979;5.931;5.966;28.4968;ISP.ITEUR
2026-02-12 09:00:00;5.968;5.977;5.957;5.964;24.6411;ISP.ITEUR
2026-02-12 10:00:00;5.961;5.973;5.952;5.956;17.839;ISP.ITEUR
2026-02-12 11:00:00;5.955;5.977;5.954;5.976;13.2334;ISP.ITEUR
2026-02-12 12:00:00;5.977;5.981;5.949;5.96;14.3961;ISP.ITEUR
2026-02-12 13:00:00;5.961;5.978;5.952;5.963;13.6766;ISP.ITEUR
2026-02-12 14:00:00;5.964;5.974;5.924;5.927;23.1829;ISP.ITEUR
2026-02-12 15:00:00;5.926;5.937;5.886;5.891;35.6929;ISP.ITEUR
2026-02-12 16:00:00;5.892;5.892;5.833;5.835;20.5962;ISP.ITEUR
2026-02-13 08:00:00;5.843;5.88;5.82;5.849;43.8097;ISP.ITEUR
2026-02-13 09:00:00;5.85;5.85;5.788;5.788;37.0868;ISP.ITEUR
2026-02-13 10:00:00;5.786;5.806;5.75;5.763;42.6695;ISP.ITEUR
2026-02-13 11:00:00;5.764;5.774;5.718;5.753;47.5329;ISP.ITEUR
2026-02-13 12:00:00;5.752;5.757;5.696;5.711;47.9304;ISP.ITEUR
2026-02-13 13:00:00;5.71;5.734;5.676;5.707;41.1544;ISP.ITEUR
2026-02-13 14:00:00;5.706;5.73;5.644;5.657;61.4622;ISP.ITEUR
2026-02-13 15:00:00;5.658;5.71;5.644;5.703;54.6975;ISP.ITEUR
2026-02-13 16:00:00;5.704;5.718;5.688;5.691;20.9597;ISP.ITEUR
2026-02-16 08:00:00;5.732;5.756;5.707;5.73;42.7234;ISP.ITEUR
2026-02-16 09:00:00;5.731;5.758;5.728;5.74;26.1135;ISP.ITEUR
2026-02-16 10:00:00;5.739;5.739;5.718;5.724;17.3919;ISP.ITEUR
2026-02-16 11:00:00;5.725;5.731;5.706;5.706;15.654;ISP.ITEUR
2026-02-16 12:00:00;5.705;5.724;5.699;5.704;21.5475;ISP.ITEUR
2026-02-16 13:00:00;5.703;5.705;5.68;5.681;21.0654;ISP.ITEUR
2026-02-16 14:00:00;5.682;5.695;5.676;5.69;23.2302;ISP.ITEUR
2026-02-16 15:00:00;5.691;5.694;5.667;5.672;23.0365;ISP.ITEUR
2026-02-16 16:00:00;5.673;5.673;5.66;5.662;9.6737;ISP.ITEUR
2026-02-17 08:00:00;5.629;5.716;5.629;5.673;49.32;ISP.ITEUR
2026-02-17 09:00:00;5.674;5.718;5.673;5.711;27.9939;ISP.ITEUR
2026-02-17 10:00:00;5.711;5.724;5.706;5.71;19.6237;ISP.ITEUR
2026-02-17 11:00:00;5.709;5.728;5.7;5.724;20.2557;ISP.ITEUR
2026-02-17 12:00:00;5.723;5.726;5.659;5.659;20.6706;ISP.ITEUR
2026-02-17 13:00:00;5.658;5.701;5.642;5.684;27.2552;ISP.ITEUR
2026-02-17 14:00:00;5.683;5.713;5.683;5.689;36.3639;ISP.ITEUR
2026-02-17 15:00:00;5.69;5.719;5.683;5.697;39.1964;ISP.ITEUR
2026-02-17 16:00:00;5.698;5.725;5.692;5.719;13.3077;ISP.ITEUR
2026-02-18 08:00:00;5.756;5.809;5.749;5.807;29.3802;ISP.ITEUR
2026-02-18 09:00:00;5.808;5.811;5.777;5.787;31.6595;ISP.ITEUR
2026-02-18 10:00:00;5.788;5.809;5.786;5.802;18.7824;ISP.ITEUR
2026-02-18 11:00:00;5.801;5.804;5.788;5.789;20.9075;ISP.ITEUR
2026-02-18 12:00:00;5.79;5.801;5.779;5.798;25.6199;ISP.ITEUR
2026-02-18 13:00:00;5.797;5.807;5.79;5.799;20.5679;ISP.ITEUR
2026-02-18 14:00:00;5.8;5.833;5.797;5.816;27.1015;ISP.ITEUR
2026-02-18 15:00:00;5.817;5.824;5.799;5.816;19.4263;ISP.ITEUR
2026-02-18 16:00:00;5.817;5.826;5.815;5.825;7.742;ISP.ITEUR
2026-02-19 08:00:00;5.794;5.836;5.794;5.812;32.4181;ISP.ITEUR
2026-02-19 09:00:00;5.813;5.831;5.806;5.808;23.2893;ISP.ITEUR
2026-02-19 10:00:00;5.807;5.808;5.785;5.791;17.2774;ISP.ITEUR
2026-02-19 11:00:00;5.79;5.792;5.755;5.759;22.839;ISP.ITEUR
2026-02-19 12:00:00;5.76;5.775;5.749;5.771;16.8112;ISP.ITEUR
2026-02-19 13:00:00;5.772;5.784;5.747;5.75;19.2407;ISP.ITEUR
2026-02-19 14:00:00;5.749;5.756;5.723;5.731;33.1766;ISP.ITEUR
2026-02-19 15:00:00;5.732;5.761;5.725;5.73;34.5474;ISP.ITEUR
2026-02-19 16:00:00;5.731;5.733;5.705;5.725;15.2987;ISP.ITEUR
2026-02-20 08:00:00;5.753;5.759;5.733;5.758;24.6798;ISP.ITEUR
2026-02-20 09:00:00;5.759;5.774;5.758;5.77;17.4789;ISP.ITEUR
2026-02-20 10:00:00;5.769;5.794;5.765;5.787;19.2326;ISP.ITEUR
2026-02-20 11:00:00;5.788;5.8;5.779;5.792;14.7256;ISP.ITEUR
2026-02-20 12:00:00;5.793;5.805;5.788;5.799;14.781;ISP.ITEUR
2026-02-20 13:00:00;5.798;5.826;5.797;5.814;10.9139;ISP.ITEUR
2026-02-20 14:00:00;5.815;5.847;5.815;5.84;18.4507;ISP.ITEUR
2026-02-20 15:00:00;5.84;5.883;5.829;5.849;46.9119;ISP.ITEUR
2026-02-20 16:00:00;5.85;5.862;5.844;5.86;12.4822;ISP.ITEUR
2026-02-23 08:00:00;5.867;5.888;5.849;5.866;35.3971;ISP.ITEUR
2026-02-23 09:00:00;5.869;5.881;5.861;5.871;26.5708;ISP.ITEUR
2026-02-23 10:00:00;5.87;5.88;5.843;5.876;24.8247;ISP.ITEUR
2026-02-23 11:00:00;5.877;5.906;5.876;5.891;17.1651;ISP.ITEUR
2026-02-23 12:00:00;5.891;5.894;5.879;5.882;16.5549;ISP.ITEUR
2026-02-23 13:00:00;5.881;5.901;5.875;5.901;14.0145;ISP.ITEUR
2026-02-23 14:00:00;5.902;5.925;5.902;5.907;28.3974;ISP.ITEUR
2026-02-23 15:00:00;5.908;5.916;5.825;5.829;38.8623;ISP.ITEUR
2026-02-23 16:00:00;5.83;5.861;5.825;5.86;19.1759;ISP.ITEUR
2026-02-24 08:00:00;5.764;5.774;5.719;5.736;65.7554;ISP.ITEUR
2026-02-24 09:00:00;5.737;5.755;5.711;5.731;37.8914;ISP.ITEUR
2026-02-24 10:00:00;5.732;5.746;5.701;5.722;35.2474;ISP.ITEUR
2026-02-24 11:00:00;5.723;5.735;5.703;5.715;28.3897;ISP.ITEUR
2026-02-24 12:00:00;5.716;5.722;5.698;5.714;21.7547;ISP.ITEUR
2026-02-24 13:00:00;5.715;5.728;5.701;5.709;20.4884;ISP.ITEUR
2026-02-24 14:00:00;5.708;5.768;5.699;5.748;28.9078;ISP.ITEUR
2026-02-24 15:00:00;5.75;5.767;5.733;5.75;32.4844;ISP.ITEUR
2026-02-24 16:00:00;5.751;5.761;5.743;5.758;9.5592;ISP.ITEUR
2026-02-25 08:00:00;5.823;5.824;5.778;5.811;32.1429;ISP.ITEUR
2026-02-25 09:00:00;5.81;5.817;5.8;5.811;17.7062;ISP.ITEUR
2026-02-25 10:00:00;5.812;5.832;5.806;5.821;15.5649;ISP.ITEUR
2026-02-25 11:00:00;5.822;5.836;5.813;5.829;13.0283;ISP.ITEUR
2026-02-25 12:00:00;5.828;5.83;5.806;5.815;15.5457;ISP.ITEUR
2026-02-25 13:00:00;5.816;5.818;5.801;5.81;12.9784;ISP.ITEUR
2026-02-25 14:00:00;5.811;5.812;5.791;5.795;26.3329;ISP.ITEUR
2026-02-25 15:00:00;5.794;5.817;5.791;5.813;17.8827;ISP.ITEUR
2026-02-25 16:00:00;5.814;5.832;5.808;5.83;7.0725;ISP.ITEUR
2026-02-26 08:00:00;5.832;5.847;5.812;5.84;30.7345;ISP.ITEUR
2026-02-26 09:00:00;5.841;5.843;5.805;5.812;24.2875;ISP.ITEUR
2026-02-26 10:00:00;5.813;5.823;5.805;5.814;18.0516;ISP.ITEUR
2026-02-26 11:00:00;5.815;5.825;5.807;5.821;9.1102;ISP.ITEUR
2026-02-26 12:00:00;5.822;5.833;5.821;5.824;12.5217;ISP.ITEUR
2026-02-26 13:00:00;5.823;5.869;5.823;5.859;17.6448;ISP.ITEUR
2026-02-26 14:00:00;5.86;5.884;5.847;5.847;24.5869;ISP.ITEUR
2026-02-26 15:00:00;5.848;5.862;5.825;5.843;36.1952;ISP.ITEUR
2026-02-26 16:00:00;5.842;5.868;5.838;5.868;9.8777;ISP.ITEUR
2026-02-27 08:00:00;5.861;5.901;5.841;5.898;29.5142;ISP.ITEUR
2026-02-27 09:00:00;5.9;5.914;5.873;5.877;23.8769;ISP.ITEUR
2026-02-27 10:00:00;5.879;5.892;5.864;5.884;24.8478;ISP.ITEUR
2026-02-27 11:00:00;5.885;5.889;5.871;5.878;20.9335;ISP.ITEUR
2026-02-27 12:00:00;5.879;5.882;5.85;5.858;19.648;ISP.ITEUR
2026-02-27 13:00:00;5.859;5.863;5.834;5.862;28.4013;ISP.ITEUR
2026-02-27 14:00:00;5.863;5.866;5.803;5.804;39.8677;ISP.ITEUR
2026-02-27 15:00:00;5.803;5.83;5.8;5.809;42.6307;ISP.ITEUR
2026-02-27 16:00:00;5.81;5.823;5.786;5.817;18.9879;ISP.ITEUR
2026-03-02 08:00:00;5.571;5.618;5.561;5.59;98.4639;ISP.ITEUR
2026-03-02 09:00:00;5.591;5.636;5.573;5.618;67.5296;ISP.ITEUR
2026-03-02 10:00:00;5.616;5.664;5.609;5.657;44.245;ISP.ITEUR
2026-03-02 11:00:00;5.658;5.668;5.625;5.634;32.4914;ISP.ITEUR
2026-03-02 12:00:00;5.637;5.645;5.607;5.617;39.3203;ISP.ITEUR
2026-03-02 13:00:00;5.616;5.622;5.57;5.573;34.7934;ISP.ITEUR
2026-03-02 14:00:00;5.574;5.626;5.565;5.602;48.6985;ISP.ITEUR
2026-03-02 15:00:00;5.604;5.633;5.587;5.593;51.1589;ISP.ITEUR
2026-03-02 16:00:00;5.594;5.636;5.589;5.627;16.4929;ISP.ITEUR
2026-03-03 08:00:00;5.483;5.494;5.358;5.371;111.6148;ISP.ITEUR
2026-03-03 09:00:00;5.371;5.425;5.363;5.375;89.7994;ISP.ITEUR
2026-03-03 10:00:00;5.376;5.383;5.297;5.338;89.4904;ISP.ITEUR
2026-03-03 11:00:00;5.338;5.353;5.312;5.336;77.7213;ISP.ITEUR
2026-03-03 12:00:00;5.338;5.366;5.324;5.348;51.7653;ISP.ITEUR
2026-03-03 13:00:00;5.349;5.351;5.277;5.28;30.9773;ISP.ITEUR
2026-03-03 14:00:00;5.281;5.312;5.258;5.274;57.4278;ISP.ITEUR
2026-03-03 15:00:00;5.279;5.33;5.255;5.326;72.5187;ISP.ITEUR
2026-03-03 16:00:00;5.326;5.338;5.3;5.324;34.2952;ISP.ITEUR
2026-03-04 08:00:00;5.323;5.328;5.228;5.279;93.8318;ISP.ITEUR
2026-03-04 09:00:00;5.278;5.377;5.263;5.372;62.7425;ISP.ITEUR
2026-03-04 10:00:00;5.371;5.419;5.36;5.399;68.0458;ISP.ITEUR
2026-03-04 11:00:00;5.4;5.437;5.399;5.41;44.4999;ISP.ITEUR
2026-03-04 12:00:00;5.409;5.432;5.38;5.411;46.2573;ISP.ITEUR
2026-03-04 13:00:00;5.41;5.441;5.409;5.421;41.0777;ISP.ITEUR
2026-03-04 14:00:00;5.42;5.431;5.385;5.429;51.6842;ISP.ITEUR
2026-03-04 15:00:00;5.432;5.458;5.422;5.454;42.2674;ISP.ITEUR
2026-03-04 16:00:00;5.455;5.462;5.421;5.421;19.9228;ISP.ITEUR
2026-03-05 08:00:00;5.331;5.387;5.313;5.385;69.8997;ISP.ITEUR
2026-03-05 09:00:00;5.385;5.465;5.384;5.422;82.1285;ISP.ITEUR
2026-03-05 10:00:00;5.423;5.448;5.416;5.422;39.7529;ISP.ITEUR
2026-03-05 11:00:00;5.423;5.441;5.414;5.429;36.1762;ISP.ITEUR
2026-03-05 12:00:00;5.43;5.436;5.39;5.393;39.4941;ISP.ITEUR
2026-03-05 13:00:00;5.394;5.409;5.365;5.37;39.3087;ISP.ITEUR
2026-03-05 14:00:00;5.371;5.389;5.345;5.378;53.013;ISP.ITEUR
2026-03-05 15:00:00;5.38;5.387;5.317;5.338;59.3822;ISP.ITEUR
2026-03-05 16:00:00;5.336;5.339;5.29;5.294;30.7185;ISP.ITEUR
2026-03-06 08:00:00;5.319;5.365;5.307;5.349;60.3478;ISP.ITEUR
2026-03-06 09:00:00;5.348;5.352;5.252;5.274;59.0809;ISP.ITEUR
2026-03-06 10:00:00;5.276;5.308;5.269;5.273;52.5378;ISP.ITEUR
2026-03-06 11:00:00;5.279;5.282;5.206;5.214;57.4547;ISP.ITEUR
2026-03-06 12:00:00;5.215;5.252;5.207;5.252;53.3682;ISP.ITEUR
2026-03-06 13:00:00;5.251;5.284;5.201;5.206;48.7603;ISP.ITEUR
2026-03-06 14:00:00;5.205;5.215;5.116;5.143;74.6043;ISP.ITEUR
2026-03-06 15:00:00;5.144;5.199;5.144;5.182;64.921;ISP.ITEUR
2026-03-06 16:00:00;5.183;5.189;5.152;5.182;28.9109;ISP.ITEUR
2026-03-09 08:00:00;5.022;5.044;4.979;4.995;99.0033;ISP.ITEUR
2026-03-09 09:00:00;4.997;5.09;4.967;5.084;86.3985;ISP.ITEUR
2026-03-09 10:00:00;5.083;5.09;5.043;5.077;72.3667;ISP.ITEUR
2026-03-09 11:00:00;5.075;5.121;5.075;5.112;55.1338;ISP.ITEUR
2026-03-09 12:00:00;5.113;5.159;5.11;5.124;41.1802;ISP.ITEUR
2026-03-09 13:00:00;5.125;5.164;5.099;5.132;75.4461;ISP.ITEUR
2026-03-09 14:00:00;5.131;5.174;5.094;5.165;96.7084;ISP.ITEUR
2026-03-09 15:00:00;5.166;5.208;5.163;5.201;44.0602;ISP.ITEUR
2026-03-09 16:00:00;5.202;5.208;5.168;5.187;22.3945;ISP.ITEUR
2026-03-10 08:00:00;5.391;5.415;5.33;5.4;84.8457;ISP.ITEUR
2026-03-10 09:00:00;5.398;5.413;5.381;5.387;37.0856;ISP.ITEUR
2026-03-10 10:00:00;5.386;5.394;5.365;5.378;44.0949;ISP.ITEUR
2026-03-10 11:00:00;5.38;5.389;5.337;5.342;40.638;ISP.ITEUR
2026-03-10 12:00:00;5.341;5.344;5.306;5.338;40.6553;ISP.ITEUR
2026-03-10 13:00:00;5.337;5.36;5.295;5.299;55.42;ISP.ITEUR
2026-03-10 14:00:00;5.298;5.385;5.286;5.384;53.6765;ISP.ITEUR
2026-03-10 15:00:00;5.385;5.388;5.36;5.369;35.0035;ISP.ITEUR
2026-03-10 16:00:00;5.368;5.372;5.355;5.361;20.165;ISP.ITEUR
2026-03-11 08:00:00;5.304;5.319;5.276;5.295;72.9523;ISP.ITEUR
2026-03-11 09:00:00;5.294;5.313;5.266;5.292;51.6205;ISP.ITEUR
2026-03-11 10:00:00;5.293;5.371;5.29;5.364;44.6936;ISP.ITEUR
2026-03-11 11:00:00;5.363;5.369;5.306;5.308;49.3346;ISP.ITEUR
2026-03-11 12:00:00;5.309;5.325;5.287;5.293;47.886;ISP.ITEUR
2026-03-11 13:00:00;5.292;5.324;5.29;5.322;49.4908;ISP.ITEUR
2026-03-11 14:00:00;5.32;5.357;5.289;5.326;69.8249;ISP.ITEUR
2026-03-11 15:00:00;5.325;5.33;5.284;5.292;53.8326;ISP.ITEUR
2026-03-11 16:00:00;5.291;5.303;5.279;5.297;24.5372;ISP.ITEUR
2026-03-12 08:00:00;5.267;5.271;5.236;5.261;64.8629;ISP.ITEUR
2026-03-12 09:00:00;5.26;5.261;5.21;5.254;52.0456;ISP.ITEUR
2026-03-12 10:00:00;5.255;5.266;5.22;5.22;36.0446;ISP.ITEUR
2026-03-12 11:00:00;5.219;5.243;5.209;5.217;35.3116;ISP.ITEUR
2026-03-12 12:00:00;5.219;5.222;5.181;5.203;42.9932;ISP.ITEUR
2026-03-12 13:00:00;5.202;5.217;5.167;5.175;54.9691;ISP.ITEUR
2026-03-12 14:00:00;5.176;5.187;5.126;5.16;62.7113;ISP.ITEUR
2026-03-12 15:00:00;5.159;5.184;5.132;5.171;61.6616;ISP.ITEUR
2026-03-12 16:00:00;5.172;5.22;5.154;5.202;27.0573;ISP.ITEUR
2026-03-13 08:00:00;5.114;5.136;5.077;5.13;72.2106;ISP.ITEUR
2026-03-13 09:00:00;5.131;5.144;5.115;5.139;47.1138;ISP.ITEUR
2026-03-13 10:00:00;5.14;5.167;5.135;5.163;41.7136;ISP.ITEUR
2026-03-13 11:00:00;5.164;5.194;5.157;5.19;49.0397;ISP.ITEUR
2026-03-13 12:00:00;5.191;5.224;5.188;5.211;43.4313;ISP.ITEUR
2026-03-13 13:00:00;5.21;5.229;5.181;5.185;46.8666;ISP.ITEUR
2026-03-13 14:00:00;5.185;5.204;5.162;5.162;54.8606;ISP.ITEUR
2026-03-13 15:00:00;5.163;5.171;5.134;5.135;49.2869;ISP.ITEUR
2026-03-13 16:00:00;5.136;5.149;5.131;5.146;24.7584;ISP.ITEUR
2026-03-16 08:00:00;5.122;5.157;5.079;5.081;94.9805;ISP.ITEUR
2026-03-16 09:00:00;5.082;5.094;5.05;5.059;80.2919;ISP.ITEUR
2026-03-16 10:00:00;5.057;5.12;5.055;5.118;51.8484;ISP.ITEUR
2026-03-16 11:00:00;5.116;5.133;5.114;5.13;34.3678;ISP.ITEUR
2026-03-16 12:00:00;5.131;5.161;5.131;5.143;24.4999;ISP.ITEUR
2026-03-16 13:00:00;5.144;5.17;5.143;5.169;34.0669;ISP.ITEUR
2026-03-16 14:00:00;5.168;5.175;5.122;5.147;42.9315;ISP.ITEUR
2026-03-16 15:00:00;5.148;5.152;5.122;5.122;34.6034;ISP.ITEUR
2026-03-16 16:00:00;5.123;5.131;5.112;5.112;19.4175;ISP.ITEUR
2026-03-17 08:00:00;5.096;5.108;5.076;5.106;41.9542;ISP.ITEUR
2026-03-17 09:00:00;5.107;5.157;5.1;5.151;38.5777;ISP.ITEUR
2026-03-17 10:00:00;5.151;5.153;5.134;5.152;29.1503;ISP.ITEUR
2026-03-17 11:00:00;5.153;5.168;5.149;5.157;19.9367;ISP.ITEUR
2026-03-17 12:00:00;5.158;5.199;5.158;5.19;23.1213;ISP.ITEUR
2026-03-17 13:00:00;5.191;5.217;5.189;5.199;23.972;ISP.ITEUR
2026-03-17 14:00:00;5.196;5.216;5.196;5.207;26.3234;ISP.ITEUR
2026-03-17 15:00:00;5.208;5.208;5.161;5.167;27.0955;ISP.ITEUR
2026-03-17 16:00:00;5.168;5.17;5.152;5.155;14.9067;ISP.ITEUR
2026-03-18 08:00:00;5.23;5.254;5.205;5.251;45.3962;ISP.ITEUR
2026-03-18 09:00:00;5.252;5.273;5.249;5.255;28.6529;ISP.ITEUR
2026-03-18 10:00:00;5.256;5.275;5.255;5.26;24.9841;ISP.ITEUR
2026-03-18 11:00:00;5.261;5.285;5.245;5.268;34.8128;ISP.ITEUR
2026-03-18 12:00:00;5.269;5.271;5.176;5.179;54.9588;ISP.ITEUR
2026-03-18 13:00:00;5.18;5.206;5.165;5.205;64.3165;ISP.ITEUR
2026-03-18 14:00:00;5.204;5.21;5.17;5.194;44.7986;ISP.ITEUR
2026-03-18 15:00:00;5.196;5.215;5.191;5.212;34.77;ISP.ITEUR
2026-03-18 16:00:00;5.211;5.224;5.201;5.222;13.2184;ISP.ITEUR
2026-03-19 08:00:00;5.104;5.129;5.06;5.084;84.5673;ISP.ITEUR
2026-03-19 09:00:00;5.085;5.112;5.051;5.102;93.9118;ISP.ITEUR
2026-03-19 10:00:00;5.101;5.101;5.059;5.072;53.8857;ISP.ITEUR
2026-03-19 11:00:00;5.073;5.078;5.049;5.07;44.5805;ISP.ITEUR
2026-03-19 12:00:00;5.067;5.069;5.014;5.036;53.6633;ISP.ITEUR
2026-03-19 13:00:00;5.037;5.045;4.985;5.043;77.8579;ISP.ITEUR
2026-03-19 14:00:00;5.043;5.05;4.998;5.023;63.9501;ISP.ITEUR
2026-03-19 15:00:00;5.021;5.052;5.017;5.05;48.5242;ISP.ITEUR
2026-03-19 16:00:00;5.049;5.067;5.038;5.063;32.5269;ISP.ITEUR
2026-03-20 08:00:00;5.143;5.191;5.13;5.132;54.1126;ISP.ITEUR
2026-03-20 09:00:00;5.133;5.146;5.086;5.1;75.5193;ISP.ITEUR
2026-03-20 10:00:00;5.099;5.113;5.069;5.092;56.9656;ISP.ITEUR
2026-03-20 11:00:00;5.091;5.132;5.087;5.126;37.4434;ISP.ITEUR
2026-03-20 12:00:00;5.127;5.133;5.108;5.123;38.4162;ISP.ITEUR
2026-03-20 13:00:00;5.124;5.126;5.06;5.063;47.6517;ISP.ITEUR
2026-03-20 14:00:00;5.064;5.067;4.975;4.99;66.7115;ISP.ITEUR
2026-03-20 15:00:00;4.991;5.015;4.975;4.994;69.4687;ISP.ITEUR
2026-03-20 16:00:00;4.993;5.009;4.983;4.99;28.365;ISP.ITEUR
2026-03-23 08:00:00;4.865;4.895;4.849;4.864;100.9575;ISP.ITEUR
2026-03-23 09:00:00;4.865;4.871;4.811;4.84;90.2835;ISP.ITEUR
2026-03-23 10:00:00;4.839;4.849;4.817;4.834;56.6775;ISP.ITEUR
2026-03-23 11:00:00;4.835;5.293;4.834;5.057;159.147;ISP.ITEUR
2026-03-23 12:00:00;5.056;5.136;5.036;5.127;152.9325;ISP.ITEUR
2026-03-23 13:00:00;5.127;5.142;5.077;5.109;123.6915;ISP.ITEUR
2026-03-23 14:00:00;5.11;5.155;5.105;5.143;84.4965;ISP.ITEUR
2026-03-23 15:00:00;5.144;5.186;5.092;5.094;66.888;ISP.ITEUR
2026-03-23 16:00:00;5.095;5.117;5.091;5.095;45.873;ISP.ITEUR
2026-03-24 08:00:00;5.113;5.12;5.036;5.05;119.6865;ISP.ITEUR
2026-03-24 09:00:00;5.052;5.105;5.028;5.096;81.1125;ISP.ITEUR
2026-03-24 10:00:00;5.095;5.103;5.077;5.098;50.0715;ISP.ITEUR
2026-03-24 11:00:00;5.099;5.122;5.076;5.113;53.442;ISP.ITEUR
2026-03-24 12:00:00;5.114;5.117;5.041;5.047;55.9935;ISP.ITEUR
2026-03-24 13:00:00;5.048;5.059;4.999;5.023;77.2425;ISP.ITEUR
2026-03-24 14:00:00;5.022;5.085;5.007;5.065;86.8635;ISP.ITEUR
2026-03-24 15:00:00;5.066;5.102;5.059;5.059;54.279;ISP.ITEUR
2026-03-24 16:00:00;5.061;5.083;5.047;5.081;24.552;ISP.ITEUR
2026-03-25 08:00:00;5.195;5.213;5.176;5.18;54.1845;ISP.ITEUR
2026-03-25 09:00:00;5.179;5.194;5.149;5.173;48.3975;ISP.ITEUR
2026-03-25 10:00:00;5.174;5.193;5.17;5.186;30.3615;ISP.ITEUR
2026-03-25 11:00:00;5.187;5.212;5.18;5.207;31.032;ISP.ITEUR
2026-03-25 12:00:00;5.21;5.22;5.159;5.189;40.3155;ISP.ITEUR
2026-03-25 13:00:00;5.191;5.211;5.164;5.166;36.9405;ISP.ITEUR
2026-03-25 14:00:00;5.165;5.191;5.146;5.178;50.616;ISP.ITEUR
2026-03-25 15:00:00;5.179;5.186;5.128;5.154;49.473;ISP.ITEUR
2026-03-25 16:00:00;5.155;5.158;5.138;5.157;26.028;ISP.ITEUR
2026-03-26 08:00:00;5.123;5.129;5.087;5.104;60.282;ISP.ITEUR
2026-03-26 09:00:00;5.106;5.115;5.07;5.087;53.307;ISP.ITEUR
2026-03-26 10:00:00;5.086;5.106;5.079;5.094;37.1205;ISP.ITEUR
2026-03-26 11:00:00;5.093;5.102;5.071;5.072;39.582;ISP.ITEUR
2026-03-26 12:00:00;5.073;5.087;5.054;5.073;32.5755;ISP.ITEUR
2026-03-26 13:00:00;5.074;5.11;5.065;5.102;45.846;ISP.ITEUR
2026-03-26 14:00:00;5.103;5.124;5.08;5.095;59.9265;ISP.ITEUR
2026-03-26 15:00:00;5.096;5.1;5.06;5.083;45.414;ISP.ITEUR
2026-03-26 16:00:00;5.082;5.092;5.054;5.062;23.328;ISP.ITEUR
2026-03-27 08:00:00;5.103;5.13;5.073;5.082;87.552;ISP.ITEUR
2026-03-27 09:00:00;5.082;5.085;5.047;5.051;69.399;ISP.ITEUR
2026-03-27 10:00:00;5.052;5.088;5.046;5.068;40.9455;ISP.ITEUR
2026-03-27 11:00:00;5.069;5.091;5.049;5.082;32.9445;ISP.ITEUR
2026-03-27 12:00:00;5.081;5.104;5.077;5.101;33.138;ISP.ITEUR
2026-03-27 13:00:00;5.102;5.109;5.083;5.088;42.2955;ISP.ITEUR
2026-03-27 14:00:00;5.087;5.112;5.082;5.095;52.065;ISP.ITEUR
2026-03-27 15:00:00;5.096;5.136;5.09;5.112;46.5525;ISP.ITEUR
2026-03-27 16:00:00;5.113;5.118;5.099;5.113;18.6075;ISP.ITEUR
2026-03-30 07:00:00;5.05;5.124;5.05;5.108;61.5736;ISP.ITEUR
2026-03-30 08:00:00;5.107;5.12;5.094;5.118;50.4504;ISP.ITEUR
2026-03-30 09:00:00;5.117;5.119;5.059;5.071;42.5876;ISP.ITEUR
2026-03-30 10:00:00;5.072;5.095;5.066;5.086;34.0032;ISP.ITEUR
2026-03-30 11:00:00;5.085;5.133;5.071;5.072;44.5588;ISP.ITEUR
2026-03-30 12:00:00;5.073;5.112;5.073;5.1;30.4524;ISP.ITEUR
2026-03-30 13:00:00;5.101;5.111;5.085;5.088;47.4056;ISP.ITEUR
2026-03-30 14:00:00;5.089;5.102;5.067;5.088;53.4908;ISP.ITEUR
2026-03-30 15:00:00;5.089;5.096;5.059;5.086;22.7656;ISP.ITEUR
2026-03-31 07:00:00;5.124;5.16;5.085;5.155;52.7252;ISP.ITEUR
2026-03-31 08:00:00;5.156;5.169;5.132;5.141;44.9988;ISP.ITEUR
2026-03-31 09:00:00;5.14;5.161;5.14;5.15;38.7068;ISP.ITEUR
2026-03-31 10:00:00;5.148;5.158;5.111;5.136;38.0292;ISP.ITEUR
2026-03-31 11:00:00;5.137;5.17;5.128;5.159;56.408;ISP.ITEUR
2026-03-31 12:00:00;5.16;5.187;5.134;5.17;50.4416;ISP.ITEUR
2026-03-31 13:00:00;5.171;5.181;5.145;5.18;42.812;ISP.ITEUR
2026-03-31 14:00:00;5.179;5.18;5.136;5.141;46.3892;ISP.ITEUR
2026-03-31 15:00:00;5.142;5.166;5.134;5.134;20.724;ISP.ITEUR
2026-04-01 07:00:00;5.346;5.388;5.319;5.36;52.8044;ISP.ITEUR
2026-04-01 08:00:00;5.36;5.378;5.345;5.357;41.2632;ISP.ITEUR
2026-04-01 09:00:00;5.358;5.365;5.31;5.336;38.456;ISP.ITEUR
2026-04-01 10:00:00;5.337;5.366;5.322;5.365;31.5172;ISP.ITEUR
2026-04-01 11:00:00;5.366;5.392;5.365;5.385;17.446;ISP.ITEUR
2026-04-01 12:00:00;5.386;5.41;5.352;5.357;34.3332;ISP.ITEUR
2026-04-01 13:00:00;5.355;5.395;5.35;5.395;36.4628;ISP.ITEUR
2026-04-01 14:00:00;5.395;5.41;5.378;5.394;44.7348;ISP.ITEUR
2026-04-01 15:00:00;5.395;5.405;5.383;5.383;19.5052;ISP.ITEUR
2026-04-02 07:00:00;5.257;5.301;5.251;5.298;44.5984;ISP.ITEUR
2026-04-02 08:00:00;5.299;5.3;5.266;5.289;34.7424;ISP.ITEUR
2026-04-02 09:00:00;5.29;5.293;5.253;5.268;33.1804;ISP.ITEUR
2026-04-02 10:00:00;5.269;5.269;5.243;5.255;33.0396;ISP.ITEUR
2026-04-02 11:00:00;5.254;5.266;5.234;5.235;27.566;ISP.ITEUR
2026-04-02 12:00:00;5.236;5.238;5.211;5.224;34.3596;ISP.ITEUR
2026-04-02 13:00:00;5.223;5.244;5.21;5.24;44.0176;ISP.ITEUR
2026-04-02 14:00:00;5.241;5.327;5.228;5.302;63.2676;ISP.ITEUR
2026-04-02 15:00:00;5.301;5.318;5.293;5.304;27.236;ISP.ITEUR
2026-04-07 07:00:00;5.373;5.38;5.35;5.379;44.4301;ISP.ITEUR
2026-04-07 08:00:00;5.378;5.453;5.374;5.441;60.7699;ISP.ITEUR
2026-04-07 09:00:00;5.44;5.465;5.433;5.456;37.7306;ISP.ITEUR
2026-04-07 10:00:00;5.457;5.461;5.378;5.384;65.2065;ISP.ITEUR
2026-04-07 11:00:00;5.387;5.412;5.376;5.388;39.5146;ISP.ITEUR
2026-04-07 12:00:00;5.389;5.401;5.357;5.371;43.6207;ISP.ITEUR
2026-04-07 13:00:00;5.372;5.384;5.344;5.347;45.1377;ISP.ITEUR
2026-04-07 14:00:00;5.348;5.391;5.326;5.347;50.1081;ISP.ITEUR
2026-04-07 15:00:00;5.346;5.367;5.332;5.367;28.4462;ISP.ITEUR
2026-04-08 07:00:00;5.666;5.714;5.66;5.665;93.5384;ISP.ITEUR
2026-04-08 08:00:00;5.664;5.686;5.636;5.685;58.2612;ISP.ITEUR
2026-04-08 09:00:00;5.686;5.701;5.655;5.685;39.2222;ISP.ITEUR
2026-04-08 10:00:00;5.684;5.707;5.681;5.701;22.6282;ISP.ITEUR
2026-04-08 11:00:00;5.697;5.733;5.694;5.724;27.8192;ISP.ITEUR
2026-04-08 12:00:00;5.723;5.745;5.698;5.732;36.8111;ISP.ITEUR
2026-04-08 13:00:00;5.733;5.737;5.701;5.706;49.7862;ISP.ITEUR
2026-04-08 14:00:00;5.707;5.73;5.626;5.637;62.3377;ISP.ITEUR
2026-04-08 15:00:00;5.638;5.64;5.584;5.613;30.7896;ISP.ITEUR
2026-04-09 07:00:00;5.604;5.619;5.586;5.615;64.0752;ISP.ITEUR
2026-04-09 08:00:00;5.616;5.617;5.597;5.598;37.0145;ISP.ITEUR
2026-04-09 09:00:00;5.599;5.603;5.585;5.591;30.5947;ISP.ITEUR
2026-04-09 10:00:00;5.59;5.598;5.578;5.585;33.9296;ISP.ITEUR
2026-04-09 11:00:00;5.583;5.598;5.571;5.594;31.0057;ISP.ITEUR
2026-04-09 12:00:00;5.593;5.602;5.583;5.592;29.7345;ISP.ITEUR
2026-04-09 13:00:00;5.592;5.594;5.565;5.574;36.9425;ISP.ITEUR
2026-04-09 14:00:00;5.572;5.587;5.55;5.587;41.6376;ISP.ITEUR
2026-04-09 15:00:00;5.586;5.612;5.574;5.603;19.7933;ISP.ITEUR
2026-04-10 07:00:00;5.622;5.632;5.604;5.618;33.9042;ISP.ITEUR
2026-04-10 08:00:00;5.619;5.619;5.591;5.596;27.8022;ISP.ITEUR
2026-04-10 09:00:00;5.597;5.682;5.596;5.679;44.9301;ISP.ITEUR
2026-04-10 10:00:00;5.678;5.696;5.668;5.687;32.3108;ISP.ITEUR
2026-04-10 11:00:00;5.688;5.692;5.664;5.668;25.8811;ISP.ITEUR
2026-04-10 12:00:00;5.667;5.675;5.662;5.663;9.8461;ISP.ITEUR
2026-04-10 13:00:00;5.662;5.675;5.652;5.668;28.3192;ISP.ITEUR
2026-04-10 14:00:00;5.667;5.684;5.655;5.66;25.7894;ISP.ITEUR
2026-04-10 15:00:00;5.658;5.684;5.656;5.669;14.8143;ISP.ITEUR
2026-04-13 07:00:00;5.561;5.591;5.56;5.577;47.9304;ISP.ITEUR
2026-04-13 08:00:00;5.578;5.6;5.572;5.581;28.1021;ISP.ITEUR
2026-04-13 09:00:00;5.583;5.604;5.582;5.591;20.6883;ISP.ITEUR
2026-04-13 10:00:00;5.592;5.61;5.585;5.61;14.1382;ISP.ITEUR
2026-04-13 11:00:00;5.612;5.618;5.575;5.581;21.6154;ISP.ITEUR
2026-04-13 12:00:00;5.579;5.6;5.578;5.6;17.1299;ISP.ITEUR
2026-04-13 13:00:00;5.601;5.659;5.599;5.648;28.7837;ISP.ITEUR
2026-04-13 14:00:00;5.647;5.66;5.635;5.658;27.2304;ISP.ITEUR
2026-04-13 15:00:00;5.657;5.667;5.652;5.663;12.6127;ISP.ITEUR
2026-04-14 07:00:00;5.704;5.73;5.69;5.721;40.0649;ISP.ITEUR
2026-04-14 08:00:00;5.72;5.735;5.702;5.724;27.155;ISP.ITEUR
2026-04-14 09:00:00;5.726;5.731;5.703;5.72;17.752;ISP.ITEUR
2026-04-14 10:00:00;5.721;5.726;5.696;5.697;17.8154;ISP.ITEUR
2026-04-14 11:00:00;5.695;5.738;5.695;5.728;14.4473;ISP.ITEUR
2026-04-14 12:00:00;5.729;5.76;5.722;5.743;18.6317;ISP.ITEUR
2026-04-14 13:00:00;5.742;5.767;5.736;5.766;23.3392;ISP.ITEUR
2026-04-14 14:00:00;5.767;5.804;5.764;5.797;22.5744;ISP.ITEUR
2026-04-14 15:00:00;5.796;5.8;5.769;5.796;14.7009;ISP.ITEUR
2026-04-15 07:00:00;5.776;5.777;5.741;5.754;36.3005;ISP.ITEUR
2026-04-15 08:00:00;5.755;5.773;5.752;5.766;22.5229;ISP.ITEUR
2026-04-15 09:00:00;5.767;5.78;5.754;5.777;25.467;ISP.ITEUR
2026-04-15 10:00:00;5.778;5.789;5.754;5.773;28.6251;ISP.ITEUR
2026-04-15 11:00:00;5.774;5.793;5.769;5.787;21.2589;ISP.ITEUR
2026-04-15 12:00:00;5.786;5.79;5.768;5.779;18.7585;ISP.ITEUR
2026-04-15 13:00:00;5.778;5.795;5.769;5.775;26.4696;ISP.ITEUR
2026-04-15 14:00:00;5.776;5.787;5.768;5.777;22.8201;ISP.ITEUR
2026-04-15 15:00:00;5.778;5.796;5.778;5.794;13.6469;ISP.ITEUR
2026-04-16 07:00:00;5.803;5.825;5.796;5.812;25.9425;ISP.ITEUR
2026-04-16 08:00:00;5.811;5.812;5.771;5.778;27.5988;ISP.ITEUR
2026-04-16 09:00:00;5.777;5.797;5.769;5.776;14.3562;ISP.ITEUR
2026-04-16 10:00:00;5.775;5.797;5.775;5.791;11.4437;ISP.ITEUR
2026-04-16 11:00:00;5.792;5.798;5.78;5.787;13.6548;ISP.ITEUR
2026-04-16 12:00:00;5.788;5.796;5.779;5.787;13.7261;ISP.ITEUR
2026-04-16 13:00:00;5.788;5.791;5.742;5.752;27.0282;ISP.ITEUR
2026-04-16 14:00:00;5.753;5.754;5.727;5.734;35.8845;ISP.ITEUR
2026-04-16 15:00:00;5.735;5.751;5.734;5.738;12.5612;ISP.ITEUR
2026-04-17 07:00:00;5.751;5.767;5.744;5.762;21.7502;ISP.ITEUR
2026-04-17 08:00:00;5.761;5.768;5.751;5.766;17.1735;ISP.ITEUR
2026-04-17 09:00:00;5.765;5.8;5.761;5.791;18.6317;ISP.ITEUR
2026-04-17 10:00:00;5.79;5.793;5.779;5.789;15.747;ISP.ITEUR
2026-04-17 11:00:00;5.79;5.792;5.773;5.781;9.2683;ISP.ITEUR
2026-04-17 12:00:00;5.782;5.894;5.779;5.891;42.8785;ISP.ITEUR
2026-04-17 13:00:00;5.89;5.915;5.879;5.899;67.1607;ISP.ITEUR
2026-04-17 14:00:00;5.898;5.932;5.888;5.911;43.3102;ISP.ITEUR
2026-04-17 15:00:00;5.91;5.916;5.901;5.913;18.4732;ISP.ITEUR
2026-04-20 07:00:00;5.828;5.837;5.785;5.795;45.1326;ISP.ITEUR
2026-04-20 08:00:00;5.796;5.807;5.78;5.799;30.3012;ISP.ITEUR
2026-04-20 09:00:00;5.798;5.815;5.795;5.804;19.836;ISP.ITEUR
2026-04-20 10:00:00;5.805;5.816;5.797;5.8;14.231;ISP.ITEUR
2026-04-20 11:00:00;5.799;5.81;5.792;5.806;16.1576;ISP.ITEUR
2026-04-20 12:00:00;5.805;5.811;5.794;5.799;15.1848;ISP.ITEUR
2026-04-20 13:00:00;5.798;5.843;5.795;5.825;27.4474;ISP.ITEUR
2026-04-20 14:00:00;5.824;5.825;5.774;5.789;27.6488;ISP.ITEUR
2026-04-20 15:00:00;5.79;5.811;5.783;5.811;12.6692;ISP.ITEUR
2026-04-21 07:00:00;5.804;5.822;5.801;5.811;37.2932;ISP.ITEUR
2026-04-21 08:00:00;5.812;5.85;5.809;5.834;22.0704;ISP.ITEUR
2026-04-21 09:00:00;5.832;5.835;5.817;5.821;13.9878;ISP.ITEUR
2026-04-21 10:00:00;5.82;5.827;5.815;5.82;13.5812;ISP.ITEUR
2026-04-21 11:00:00;5.822;5.825;5.811;5.816;16.5908;ISP.ITEUR
2026-04-21 12:00:00;5.817;5.83;5.813;5.826;19.646;ISP.ITEUR
2026-04-21 13:00:00;5.827;5.829;5.806;5.818;23.3966;ISP.ITEUR
2026-04-21 14:00:00;5.817;5.817;5.774;5.776;26.8242;ISP.ITEUR
2026-04-21 15:00:00;5.777;5.8;5.766;5.785;18.7492;ISP.ITEUR
2026-04-22 07:00:00;5.789;5.792;5.744;5.748;34.5572;ISP.ITEUR
2026-04-22 08:00:00;5.747;5.753;5.708;5.731;33.2424;ISP.ITEUR
2026-04-22 09:00:00;5.73;5.741;5.716;5.728;27.8996;ISP.ITEUR
2026-04-22 10:00:00;5.729;5.756;5.722;5.741;21.1128;ISP.ITEUR
2026-04-22 11:00:00;5.742;5.746;5.729;5.739;20.5048;ISP.ITEUR
2026-04-22 12:00:00;5.74;5.745;5.716;5.72;21.7398;ISP.ITEUR
2026-04-22 13:00:00;5.721;5.749;5.718;5.743;32.6572;ISP.ITEUR
2026-04-22 14:00:00;5.742;5.75;5.708;5.718;28.6406;ISP.ITEUR
2026-04-22 15:00:00;5.717;5.724;5.712;5.719;15.2342;ISP.ITEUR
2026-04-23 07:00:00;5.666;5.707;5.66;5.68;39.501;ISP.ITEUR
2026-04-23 08:00:00;5.681;5.681;5.63;5.635;36.2178;ISP.ITEUR
2026-04-23 09:00:00;5.636;5.67;5.62;5.657;30.4456;ISP.ITEUR
2026-04-23 10:00:00;5.655;5.667;5.641;5.664;26.2238;ISP.ITEUR
2026-04-23 11:00:00;5.663;5.681;5.654;5.675;26.2694;ISP.ITEUR
2026-04-23 12:00:00;5.674;5.695;5.664;5.684;29.0662;ISP.ITEUR
2026-04-23 13:00:00;5.685;5.69;5.661;5.664;24.5708;ISP.ITEUR
2026-04-23 14:00:00;5.663;5.688;5.654;5.685;29.3474;ISP.ITEUR
2026-04-23 15:00:00;5.683;5.692;5.677;5.688;9.2948;ISP.ITEUR
2026-04-24 07:00:00;5.62;5.628;5.595;5.609;32.0796;ISP.ITEUR
2026-04-24 08:00:00;5.607;5.627;5.576;5.583;40.9868;ISP.ITEUR
2026-04-24 09:00:00;5.584;5.591;5.566;5.574;32.8016;ISP.ITEUR
2026-04-24 10:00:00;5.573;5.59;5.57;5.581;25.7944;ISP.ITEUR
2026-04-24 11:00:00;5.583;5.66;5.579;5.622;50.8478;ISP.ITEUR
2026-04-24 12:00:00;5.624;5.636;5.585;5.596;35.2526;ISP.ITEUR
2026-04-24 13:00:00;5.597;5.638;5.59;5.633;28.4012;ISP.ITEUR
2026-04-24 14:00:00;5.632;5.659;5.626;5.649;32.7218;ISP.ITEUR
2026-04-24 15:00:00;5.648;5.654;5.634;5.643;13.8966;ISP.ITEUR
2026-04-27 07:00:00;5.669;5.687;5.651;5.651;42.0644;ISP.ITEUR
2026-04-27 08:00:00;5.65;5.675;5.642;5.669;31.8845;ISP.ITEUR
2026-04-27 09:00:00;5.67;5.683;5.669;5.68;16.1774;ISP.ITEUR
2026-04-27 10:00:00;5.679;5.693;5.675;5.692;16.2015;ISP.ITEUR
2026-04-27 11:00:00;5.693;5.714;5.691;5.704;14.4308;ISP.ITEUR
2026-04-27 12:00:00;5.705;5.708;5.663;5.669;23.9531;ISP.ITEUR
2026-04-27 13:00:00;5.668;5.691;5.658;5.677;36.0596;ISP.ITEUR
2026-04-27 14:00:00;5.676;5.686;5.664;5.67;34.042;ISP.ITEUR
2026-04-27 15:00:00;5.671;5.674;5.654;5.666;16.6998;ISP.ITEUR
2026-04-28 07:00:00;5.703;5.739;5.69;5.737;29.372;ISP.ITEUR
2026-04-28 08:00:00;5.739;5.743;5.715;5.735;31.2864;ISP.ITEUR
2026-04-28 09:00:00;5.735;5.754;5.726;5.737;28.8857;ISP.ITEUR
2026-04-28 10:00:00;5.738;5.766;5.732;5.754;24.2602;ISP.ITEUR
2026-04-28 11:00:00;5.755;5.762;5.705;5.715;30.7321;ISP.ITEUR
2026-04-28 12:00:00;5.716;5.75;5.705;5.742;37.8701;ISP.ITEUR
2026-04-28 13:00:00;5.741;5.756;5.724;5.745;29.9908;ISP.ITEUR
2026-04-28 14:00:00;5.743;5.76;5.734;5.759;35.8288;ISP.ITEUR
2026-04-28 15:00:00;5.76;5.782;5.757;5.778;17.4697;ISP.ITEUR
2026-04-29 07:00:00;5.759;5.76;5.717;5.732;38.7073;ISP.ITEUR
2026-04-29 08:00:00;5.733;5.739;5.7;5.726;38.6197;ISP.ITEUR
2026-04-29 09:00:00;5.725;5.745;5.705;5.71;30.2615;ISP.ITEUR
2026-04-29 10:00:00;5.709;5.75;5.706;5.735;30.8676;ISP.ITEUR
2026-04-29 11:00:00;5.733;5.741;5.727;5.738;25.9148;ISP.ITEUR
2026-04-29 12:00:00;5.739;5.749;5.723;5.729;24.328;ISP.ITEUR
2026-04-29 13:00:00;5.73;5.737;5.702;5.732;37.2759;ISP.ITEUR
2026-04-29 14:00:00;5.731;5.751;5.719;5.736;33.99;ISP.ITEUR
2026-04-29 15:00:00;5.735;5.741;5.708;5.73;18.3149;ISP.ITEUR
2026-04-30 07:00:00;5.634;5.662;5.629;5.652;46.5109;ISP.ITEUR
2026-04-30 08:00:00;5.653;5.664;5.626;5.627;47.891;ISP.ITEUR
2026-04-30 09:00:00;5.626;5.683;5.617;5.674;41.8059;ISP.ITEUR
2026-04-30 10:00:00;5.673;5.698;5.668;5.691;36.5467;ISP.ITEUR
2026-04-30 11:00:00;5.692;5.727;5.691;5.716;26.3463;ISP.ITEUR
2026-04-30 12:00:00;5.715;5.728;5.698;5.702;30.6369;ISP.ITEUR
2026-04-30 13:00:00;5.703;5.725;5.696;5.724;38.0501;ISP.ITEUR
2026-04-30 14:00:00;5.725;5.771;5.72;5.759;36.0847;ISP.ITEUR
2026-04-30 15:00:00;5.76;5.775;5.758;5.774;14.9661;ISP.ITEUR
2026-05-04 07:00:00;5.77;5.779;5.751;5.755;25.0692;ISP.ITEUR
2026-05-04 08:00:00;5.756;5.756;5.721;5.727;24.4179;ISP.ITEUR
2026-05-04 09:00:00;5.726;5.753;5.725;5.743;11.5752;ISP.ITEUR
2026-05-04 10:00:00;5.744;5.748;5.631;5.686;68.523;ISP.ITEUR
2026-05-04 11:00:00;5.688;5.703;5.676;5.693;27.8382;ISP.ITEUR
2026-05-04 12:00:00;5.694;5.714;5.69;5.702;21.6723;ISP.ITEUR
2026-05-04 13:00:00;5.701;5.705;5.676;5.677;37.8261;ISP.ITEUR
2026-05-04 14:00:00;5.676;5.685;5.649;5.659;31.8084;ISP.ITEUR
2026-05-04 15:00:00;5.66;5.666;5.62;5.63;26.8827;ISP.ITEUR
2026-05-05 07:00:00;5.65;5.734;5.643;5.721;47.2758;ISP.ITEUR
2026-05-05 08:00:00;5.718;5.753;5.713;5.75;26.2782;ISP.ITEUR
2026-05-05 09:00:00;5.75;5.791;5.747;5.786;21.1965;ISP.ITEUR
2026-05-05 10:00:00;5.785;5.806;5.768;5.782;23.9538;ISP.ITEUR
2026-05-05 11:00:00;5.785;5.786;5.758;5.763;26.0949;ISP.ITEUR
2026-05-05 12:00:00;5.762;5.78;5.755;5.764;23.9031;ISP.ITEUR
2026-05-05 13:00:00;5.765;5.782;5.741;5.75;24.1449;ISP.ITEUR
2026-05-05 14:00:00;5.749;5.766;5.725;5.761;31.4847;ISP.ITEUR
2026-05-05 15:00:00;5.762;5.765;5.747;5.755;12.5073;ISP.ITEUR
2026-05-06 07:00:00;5.89;5.902;5.878;5.893;37.0461;ISP.ITEUR
2026-05-06 08:00:00;5.891;6.01;5.887;5.985;44.8461;ISP.ITEUR
2026-05-06 09:00:00;5.985;5.997;5.936;5.965;34.3395;ISP.ITEUR
2026-05-06 10:00:00;5.967;6.012;5.958;6.001;32.9862;ISP.ITEUR
2026-05-06 11:00:00;5.999;6.01;5.972;5.974;35.6655;ISP.ITEUR
2026-05-06 12:00:00;5.973;5.978;5.919;5.947;46.6479;ISP.ITEUR
2026-05-06 13:00:00;5.945;5.96;5.919;5.943;42.1122;ISP.ITEUR
2026-05-06 14:00:00;5.944;5.964;5.936;5.954;44.0973;ISP.ITEUR
2026-05-06 15:00:00;5.953;5.96;5.942;5.953;19.4532;ISP.ITEUR
2026-05-07 07:00:00;5.995;6.01;5.973;5.987;47.0496;ISP.ITEUR
2026-05-07 08:00:00;5.986;6.0;5.977;5.988;21.1419;ISP.ITEUR
2026-05-07 09:00:00;5.987;5.99;5.962;5.965;20.2839;ISP.ITEUR
2026-05-07 10:00:00;5.964;5.982;5.956;5.969;19.8744;ISP.ITEUR
2026-05-07 11:00:00;5.972;5.99;5.961;5.987;16.3605;ISP.ITEUR
2026-05-07 12:00:00;5.986;6.006;5.977;5.993;14.2506;ISP.ITEUR
2026-05-07 13:00:00;5.992;5.992;5.964;5.971;29.9169;ISP.ITEUR
2026-05-07 14:00:00;5.97;5.976;5.953;5.969;25.6971;ISP.ITEUR
2026-05-07 15:00:00;5.97;5.974;5.943;5.949;15.4128;ISP.ITEUR
2026-05-08 07:00:00;5.893;5.893;5.85;5.885;44.9163;ISP.ITEUR
2026-05-08 08:00:00;5.886;5.892;5.873;5.889;28.7157;ISP.ITEUR
2026-05-08 09:00:00;5.888;5.931;5.884;5.916;29.757;ISP.ITEUR
2026-05-08 10:00:00;5.914;5.953;5.769;5.838;48.5082;ISP.ITEUR
2026-05-08 11:00:00;5.837;5.848;5.795;5.832;30.5058;ISP.ITEUR
2026-05-08 12:00:00;5.832;5.836;5.795;5.809;38.5554;ISP.ITEUR
2026-05-08 13:00:00;5.808;5.832;5.779;5.823;43.0365;ISP.ITEUR
2026-05-08 14:00:00;5.822;5.824;5.784;5.788;40.8252;ISP.ITEUR
2026-05-08 15:00:00;5.787;5.794;5.773;5.78;20.2995;ISP.ITEUR
2026-05-11 07:00:00;5.773;5.845;5.764;5.835;24.7236;ISP.ITEUR
2026-05-11 08:00:00;5.836;5.86;5.83;5.855;26.8357;ISP.ITEUR
2026-05-11 09:00:00;5.856;5.864;5.84;5.849;18.4658;ISP.ITEUR
2026-05-11 10:00:00;5.848;5.859;5.842;5.845;16.141;ISP.ITEUR
2026-05-11 11:00:00;5.846;5.849;5.833;5.839;21.3271;ISP.ITEUR
2026-05-11 12:00:00;5.84;5.856;5.822;5.849;22.4312;ISP.ITEUR
2026-05-11 13:00:00;5.85;5.887;5.848;5.873;23.6635;ISP.ITEUR
2026-05-11 14:00:00;5.871;5.871;5.842;5.843;25.5024;ISP.ITEUR
2026-05-11 15:00:00;5.842;5.847;5.83;5.841;14.8079;ISP.ITEUR
2026-05-12 07:00:00;5.739;5.774;5.729;5.744;57.7186;ISP.ITEUR
2026-05-12 08:00:00;5.745;5.78;5.742;5.776;39.7464;ISP.ITEUR
2026-05-12 09:00:00;5.775;5.79;5.761;5.768;36.2629;ISP.ITEUR
2026-05-12 10:00:00;5.769;5.784;5.763;5.769;26.6842;ISP.ITEUR
2026-05-12 11:00:00;5.768;5.78;5.76;5.773;27.683;ISP.ITEUR
2026-05-12 12:00:00;5.772;5.793;5.753;5.777;27.415;ISP.ITEUR
2026-05-12 13:00:00;5.778;5.78;5.748;5.758;34.7976;ISP.ITEUR
2026-05-12 14:00:00;5.76;5.768;5.75;5.768;33.4333;ISP.ITEUR
2026-05-12 15:00:00;5.769;5.77;5.748;5.759;18.5126;ISP.ITEUR
2026-05-13 07:00:00;5.806;5.812;5.783;5.787;28.7794;ISP.ITEUR
2026-05-13 08:00:00;5.786;5.798;5.764;5.767;28.7094;ISP.ITEUR
2026-05-13 09:00:00;5.768;5.768;5.744;5.758;25.4986;ISP.ITEUR
2026-05-13 10:00:00;5.759;5.768;5.719;5.722;24.3555;ISP.ITEUR
2026-05-13 11:00:00;5.724;5.732;5.715;5.727;16.2115;ISP.ITEUR
2026-05-13 12:00:00;5.728;5.73;5.66;5.685;31.4856;ISP.ITEUR
2026-05-13 13:00:00;5.688;5.732;5.679;5.727;31.3222;ISP.ITEUR
2026-05-13 14:00:00;5.726;5.727;5.699;5.71;28.9547;ISP.ITEUR
2026-05-13 15:00:00;5.709;5.718;5.707;5.714;10.9045;ISP.ITEUR
2026-05-14 07:00:00;5.753;5.763;5.731;5.734;25.3235;ISP.ITEUR
2026-05-14 08:00:00;5.731;5.782;5.73;5.782;23.9746;ISP.ITEUR
2026-05-14 09:00:00;5.781;5.79;5.766;5.774;19.286;ISP.ITEUR
2026-05-14 10:00:00;5.773;5.788;5.768;5.783;19.0531;ISP.ITEUR
2026-05-14 11:00:00;5.784;5.795;5.777;5.789;12.0475;ISP.ITEUR
2026-05-14 12:00:00;5.788;5.794;5.78;5.782;12.18;ISP.ITEUR
2026-05-14 13:00:00;5.781;5.796;5.78;5.785;21.1171;ISP.ITEUR
2026-05-14 14:00:00;5.783;5.81;5.781;5.804;21.265;ISP.ITEUR
2026-05-14 15:00:00;5.805;5.811;5.798;5.803;7.0132;ISP.ITEUR
2026-05-15 07:00:00;5.74;5.743;5.699;5.707;34.5331;ISP.ITEUR
2026-05-15 08:00:00;5.708;5.708;5.659;5.672;45.1582;ISP.ITEUR
2026-05-15 09:00:00;5.673;5.68;5.654;5.667;38.1645;ISP.ITEUR
2026-05-15 10:00:00;5.668;5.71;5.663;5.704;41.205;ISP.ITEUR
2026-05-15 11:00:00;5.703;5.708;5.659;5.671;28.7137;ISP.ITEUR
2026-05-15 12:00:00;5.67;5.684;5.65;5.682;21.3428;ISP.ITEUR
2026-05-15 13:00:00;5.682;5.714;5.676;5.697;30.5992;ISP.ITEUR
2026-05-15 14:00:00;5.697;5.703;5.689;5.699;34.2498;ISP.ITEUR
2026-05-15 15:00:00;5.698;5.716;5.698;5.704;12.9808;ISP.ITEUR
2026-05-18 07:00:00;5.494;5.509;5.48;5.49;41.4544;ISP.ITEUR
2026-05-18 08:00:00;5.492;5.509;5.491;5.503;32.1602;ISP.ITEUR
2026-05-18 09:00:00;5.502;5.511;5.493;5.496;24.0512;ISP.ITEUR
2026-05-18 10:00:00;5.494;5.499;5.469;5.482;26.899;ISP.ITEUR
2026-05-18 11:00:00;5.48;5.538;5.469;5.509;40.5224;ISP.ITEUR
2026-05-18 12:00:00;5.508;5.565;5.507;5.564;45.3569;ISP.ITEUR
2026-05-18 13:00:00;5.565;5.587;5.542;5.581;47.6439;ISP.ITEUR
2026-05-18 14:00:00;5.58;5.586;5.559;5.577;44.1723;ISP.ITEUR
2026-05-18 15:00:00;5.578;5.581;5.55;5.556;21.9615;ISP.ITEUR
2026-05-19 07:00:00;5.6;5.645;5.597;5.625;39.6971;ISP.ITEUR
2026-05-19 08:00:00;5.626;5.63;5.596;5.619;31.4257;ISP.ITEUR
2026-05-19 09:00:00;5.618;5.626;5.59;5.603;27.5191;ISP.ITEUR
2026-05-19 10:00:00;5.604;5.622;5.587;5.602;27.0807;ISP.ITEUR
2026-05-19 11:00:00;5.603;5.608;5.584;5.585;23.1704;ISP.ITEUR
2026-05-19 12:00:00;5.584;5.622;5.584;5.62;15.6576;ISP.ITEUR
2026-05-19 13:00:00;5.621;5.625;5.563;5.576;41.5686;ISP.ITEUR
2026-05-19 14:00:00;5.573;5.588;5.549;5.565;50.7481;ISP.ITEUR
2026-05-19 15:00:00;5.566;5.572;5.56;5.56;15.6494;ISP.ITEUR
2026-05-20 07:00:00;5.528;5.542;5.499;5.499;29.3558;ISP.ITEUR
2026-05-20 08:00:00;5.497;5.541;5.493;5.54;35.9205;ISP.ITEUR
2026-05-20 09:00:00;5.539;5.545;5.531;5.54;17.605;ISP.ITEUR
2026-05-20 10:00:00;5.539;5.578;5.539;5.549;18.5609;ISP.ITEUR
2026-05-20 11:00:00;5.548;5.561;5.545;5.553;19.2956;ISP.ITEUR
2026-05-20 12:00:00;5.554;5.57;5.551;5.551;17.4469;ISP.ITEUR
2026-05-20 13:00:00;5.549;5.61;5.547;5.605;23.9168;ISP.ITEUR
2026-05-20 14:00:00;5.606;5.662;5.589;5.653;46.6154;ISP.ITEUR
2026-05-20 15:00:00;5.654;5.713;5.651;5.679;21.028;ISP.ITEUR
2026-05-21 07:00:00;5.651;5.672;5.623;5.649;41.2021;ISP.ITEUR
2026-05-21 08:00:00;5.65;5.682;5.64;5.645;39.7166;ISP.ITEUR
2026-05-21 09:00:00;5.646;5.673;5.646;5.661;26.7846;ISP.ITEUR
2026-05-21 10:00:00;5.66;5.669;5.546;5.574;59.7739;ISP.ITEUR
2026-05-21 11:00:00;5.57;5.601;5.567;5.59;44.6698;ISP.ITEUR
2026-05-21 12:00:00;5.591;5.607;5.58;5.588;35.5253;ISP.ITEUR
2026-05-21 13:00:00;5.586;5.638;5.576;5.636;46.9604;ISP.ITEUR
2026-05-21 14:00:00;5.635;5.643;5.614;5.617;40.8738;ISP.ITEUR
2026-05-21 15:00:00;5.618;5.624;5.602;5.612;18.3908;ISP.ITEUR
2026-05-22 07:00:00;5.613;5.631;5.599;5.615;31.1649;ISP.ITEUR
2026-05-22 08:00:00;5.614;5.636;5.606;5.619;36.8922;ISP.ITEUR
2026-05-22 09:00:00;5.62;5.647;5.602;5.643;21.93;ISP.ITEUR
2026-05-22 10:00:00;5.644;5.646;5.617;5.62;19.177;ISP.ITEUR
2026-05-22 11:00:00;5.621;5.635;5.613;5.63;19.8486;ISP.ITEUR
2026-05-22 12:00:00;5.629;5.67;5.627;5.657;30.493;ISP.ITEUR
2026-05-22 13:00:00;5.659;5.67;5.625;5.625;35.6715;ISP.ITEUR
2026-05-22 14:00:00;5.623;5.633;5.588;5.625;33.57;ISP.ITEUR
2026-05-22 15:00:00;5.624;5.638;5.616;5.638;7.6549;ISP.ITEUR
2026-05-25 07:00:00;5.711;5.722;5.68;5.702;21.2896;ISP.ITEUR
2026-05-25 08:00:00;5.701;5.709;5.695;5.705;14.8974;ISP.ITEUR
2026-05-25 09:00:00;5.706;5.72;5.701;5.714;6.2326;ISP.ITEUR
2026-05-25 10:00:00;5.713;5.721;5.712;5.717;8.4377;ISP.ITEUR
2026-05-25 11:00:00;5.716;5.733;5.711;5.731;11.2089;ISP.ITEUR
2026-05-25 12:00:00;5.73;5.741;5.726;5.732;10.8062;ISP.ITEUR
2026-05-25 13:00:00;5.731;5.742;5.725;5.731;7.8874;ISP.ITEUR
2026-05-25 14:00:00;5.73;5.745;5.727;5.734;12.8797;ISP.ITEUR
2026-05-25 15:00:00;5.735;5.754;5.726;5.74;11.9666;ISP.ITEUR
2026-05-26 07:00:00;5.734;5.748;5.71;5.72;32.5223;ISP.ITEUR
2026-05-26 08:00:00;5.721;5.734;5.714;5.716;23.4946;ISP.ITEUR
2026-05-26 09:00:00;5.717;5.739;5.713;5.734;20.2527;ISP.ITEUR
2026-05-26 10:00:00;5.735;5.757;5.733;5.754;17.4774;ISP.ITEUR
2026-05-26 11:00:00;5.753;5.753;5.731;5.744;15.7748;ISP.ITEUR
2026-05-26 12:00:00;5.745;5.754;5.736;5.743;13.0473;ISP.ITEUR
2026-05-26 13:00:00;5.742;5.753;5.726;5.736;21.4772;ISP.ITEUR
2026-05-26 14:00:00;5.737;5.745;5.727;5.731;25.5084;ISP.ITEUR
2026-05-26 15:00:00;5.732;5.734;5.718;5.72;9.0397;ISP.ITEUR
2026-05-27 07:00:00;5.758;5.783;5.748;5.779;22.0989;ISP.ITEUR
2026-05-27 08:00:00;5.778;5.798;5.77;5.788;17.8202;ISP.ITEUR
2026-05-27 09:00:00;5.79;5.798;5.779;5.782;14.8856;ISP.ITEUR
2026-05-27 10:00:00;5.783;5.793;5.779;5.786;10.8899;ISP.ITEUR
2026-05-27 11:00:00;5.787;5.788;5.77;5.772;13.5935;ISP.ITEUR
2026-05-27 12:00:00;5.771;5.829;5.767;5.794;27.9693;ISP.ITEUR
2026-05-27 13:00:00;5.795;5.811;5.783;5.802;29.4084;ISP.ITEUR
2026-05-27 14:00:00;5.803;5.804;5.766;5.78;32.9616;ISP.ITEUR
2026-05-27 15:00:00;5.779;5.788;5.771;5.783;9.1275;ISP.ITEUR
2026-05-28 07:00:00;5.737;5.745;5.716;5.734;28.4312;ISP.ITEUR
2026-05-28 08:00:00;5.735;5.741;5.721;5.728;25.4087;ISP.ITEUR
2026-05-28 09:00:00;5.727;5.755;5.727;5.743;14.5666;ISP.ITEUR
2026-05-28 10:00:00;5.744;5.747;5.721;5.738;14.487;ISP.ITEUR
2026-05-28 11:00:00;5.739;5.743;5.725;5.735;18.3707;ISP.ITEUR
2026-05-28 12:00:00;5.736;5.748;5.731;5.739;17.2863;ISP.ITEUR
2026-05-28 13:00:00;5.74;5.744;5.712;5.725;27.3706;ISP.ITEUR
2026-05-28 14:00:00;5.726;5.793;5.712;5.746;40.4032;ISP.ITEUR
2026-05-28 15:00:00;5.747;5.756;5.743;5.755;14.6901;ISP.ITEUR
2026-05-29 07:00:00;5.799;5.804;5.772;5.795;24.0767;ISP.ITEUR
2026-05-29 08:00:00;5.796;5.798;5.777;5.779;19.5311;ISP.ITEUR
2026-05-29 09:00:00;5.78;5.814;5.779;5.812;19.9615;ISP.ITEUR
2026-05-29 10:00:00;5.811;5.824;5.798;5.819;13.8966;ISP.ITEUR
2026-05-29 11:00:00;5.82;5.822;5.803;5.817;14.5307;ISP.ITEUR
2026-05-29 12:00:00;5.816;5.827;5.81;5.825;13.0951;ISP.ITEUR
2026-05-29 13:00:00;5.823;5.825;5.803;5.804;15.5435;ISP.ITEUR
2026-05-29 14:00:00;5.805;5.832;5.792;5.821;21.561;ISP.ITEUR
2026-05-29 15:00:00;5.821;5.836;5.815;5.817;9.0796;ISP.ITEUR
2026-06-01 07:00:00;5.783;5.787;5.743;5.77;32.1901;ISP.ITEUR
2026-06-01 08:00:00;5.771;5.781;5.763;5.77;23.5072;ISP.ITEUR
2026-06-01 09:00:00;5.771;5.784;5.758;5.764;17.8641;ISP.ITEUR
2026-06-01 10:00:00;5.765;5.778;5.759;5.769;15.7282;ISP.ITEUR
2026-06-01 11:00:00;5.77;5.773;5.753;5.771;20.985;ISP.ITEUR
2026-06-01 12:00:00;5.772;5.784;5.763;5.772;20.649;ISP.ITEUR
2026-06-01 13:00:00;5.773;5.774;5.673;5.677;66.6901;ISP.ITEUR
2026-06-01 14:00:00;5.675;5.722;5.674;5.688;39.8225;ISP.ITEUR
2026-06-01 15:00:00;5.689;5.709;5.684;5.702;17.2461;ISP.ITEUR
2026-06-02 07:00:00;5.759;5.781;5.751;5.781;16.0101;ISP.ITEUR
2026-06-02 08:00:00;5.782;5.79;5.749;5.76;24.0248;ISP.ITEUR
2026-06-02 09:00:00;5.759;5.76;5.735;5.751;16.8637;ISP.ITEUR
2026-06-02 10:00:00;5.75;5.758;5.743;5.754;15.2028;ISP.ITEUR
2026-06-02 11:00:00;5.755;5.761;5.743;5.746;16.2998;ISP.ITEUR
2026-06-02 12:00:00;5.745;5.75;5.719;5.724;21.5219;ISP.ITEUR
2026-06-02 13:00:00;5.725;5.747;5.712;5.733;30.3284;ISP.ITEUR
2026-06-02 14:00:00;5.734;5.757;5.726;5.754;24.0827;ISP.ITEUR
2026-06-02 15:00:00;5.755;5.758;5.747;5.753;7.8718;ISP.ITEUR
2026-06-03 07:00:00;5.718;5.726;5.683;5.701;30.8383;ISP.ITEUR
2026-06-03 08:00:00;5.702;5.722;5.694;5.712;22.8545;ISP.ITEUR
2026-06-03 09:00:00;5.713;5.718;5.697;5.698;21.7923;ISP.ITEUR
2026-06-03 10:00:00;5.697;5.728;5.692;5.702;22.6845;ISP.ITEUR
2026-06-03 11:00:00;5.703;5.718;5.696;5.711;12.6188;ISP.ITEUR
2026-06-03 12:00:00;5.71;5.712;5.698;5.705;12.7772;ISP.ITEUR
2026-06-03 13:00:00;5.704;5.709;5.669;5.69;24.4342;ISP.ITEUR
2026-06-03 14:00:00;5.692;5.696;5.656;5.669;30.1275;ISP.ITEUR
2026-06-03 15:00:00;5.668;5.672;5.65;5.662;14.5964;ISP.ITEUR
2026-06-04 07:00:00;5.679;5.691;5.66;5.675;24.048;ISP.ITEUR
2026-06-04 08:00:00;5.674;5.686;5.648;5.652;30.8846;ISP.ITEUR
2026-06-04 09:00:00;5.651;5.667;5.635;5.666;25.2647;ISP.ITEUR
2026-06-04 10:00:00;5.665;5.667;5.64;5.647;15.6084;ISP.ITEUR
2026-06-04 11:00:00;5.648;5.688;5.647;5.685;26.5509;ISP.ITEUR
2026-06-04 12:00:00;5.686;5.7;5.669;5.692;23.4803;ISP.ITEUR
2026-06-04 13:00:00;5.691;5.697;5.674;5.69;23.627;ISP.ITEUR
2026-06-04 14:00:00;5.691;5.695;5.658;5.664;21.6764;ISP.ITEUR
2026-06-04 15:00:00;5.665;5.679;5.661;5.673;11.8579;ISP.ITEUR
2026-06-05 07:00:00;5.7;5.706;5.676;5.68;23.3836;ISP.ITEUR
2026-06-05 08:00:00;5.679;5.699;5.674;5.694;16.4311;ISP.ITEUR
2026-06-05 09:00:00;5.695;5.723;5.692;5.711;20.5718;ISP.ITEUR
2026-06-05 10:00:00;5.71;5.712;5.694;5.699;7.4392;ISP.ITEUR
2026-06-05 11:00:00;5.698;5.704;5.681;5.693;8.567;ISP.ITEUR
2026-06-05 12:00:00;5.693;5.695;5.635;5.674;24.6582;ISP.ITEUR
2026-06-05 13:00:00;5.675;5.691;5.654;5.662;34.5618;ISP.ITEUR
2026-06-05 14:00:00;5.663;5.686;5.655;5.683;27.0685;ISP.ITEUR
2026-06-05 15:00:00;5.681;5.694;5.666;5.67;12.1978;ISP.ITEUR
2026-06-08 07:00:00;5.53;5.53;5.417;5.426;115.3169;ISP.ITEUR
2026-06-08 08:00:00;5.428;5.486;5.418;5.42;73.3659;ISP.ITEUR
2026-06-08 09:00:00;5.421;5.488;5.418;5.474;50.6844;ISP.ITEUR
2026-06-08 10:00:00;5.475;5.545;5.467;5.51;44.5862;ISP.ITEUR
2026-06-08 11:00:00;5.509;5.567;5.504;5.541;43.5836;ISP.ITEUR
2026-06-08 12:00:00;5.542;5.571;5.541;5.564;36.1024;ISP.ITEUR
2026-06-08 13:00:00;5.565;5.57;5.517;5.549;48.1841;ISP.ITEUR
2026-06-08 14:00:00;5.55;5.568;5.541;5.553;44.6178;ISP.ITEUR
2026-06-08 15:00:00;5.555;5.588;5.555;5.575;16.3099;ISP.ITEUR
2026-06-09 07:00:00;5.646;5.695;5.644;5.669;32.8136;ISP.ITEUR
2026-06-09 08:00:00;5.701;5.755;5.694;5.747;33.3644;ISP.ITEUR
2026-06-09 09:00:00;5.746;5.768;5.745;5.755;20.185;ISP.ITEUR
2026-06-09 10:00:00;5.756;5.757;5.734;5.754;18.4812;ISP.ITEUR
2026-06-09 11:00:00;5.753;5.758;5.724;5.732;14.8158;ISP.ITEUR
2026-06-09 12:00:00;5.733;5.748;5.731;5.746;17.1656;ISP.ITEUR
2026-06-09 13:00:00;5.747;5.764;5.736;5.74;27.0362;ISP.ITEUR
2026-06-09 14:00:00;5.741;5.752;5.712;5.734;37.3111;ISP.ITEUR
2026-06-09 15:00:00;5.735;5.739;5.639;5.639;23.0777;ISP.ITEUR
2026-06-10 07:00:00;5.685;5.689;5.607;5.682;45.2637;ISP.ITEUR
2026-06-10 08:00:00;5.681;5.694;5.612;5.617;30.7769;ISP.ITEUR
2026-06-10 09:00:00;5.615;5.628;5.584;5.604;31.2999;ISP.ITEUR
2026-06-10 10:00:00;5.605;5.606;5.573;5.583;33.3208;ISP.ITEUR
2026-06-10 11:00:00;5.585;5.59;5.52;5.587;65.3185;ISP.ITEUR
2026-06-10 12:00:00;5.586;5.619;5.582;5.603;39.2725;ISP.ITEUR
2026-06-10 13:00:00;5.604;5.632;5.602;5.626;36.9821;ISP.ITEUR
2026-06-10 14:00:00;5.624;5.634;5.58;5.586;36.0549;ISP.ITEUR
2026-06-10 15:00:00;5.587;5.601;5.572;5.579;17.6689;ISP.ITEUR
2026-06-11 07:00:00;5.627;5.657;5.613;5.628;26.8063;ISP.ITEUR
2026-06-11 08:00:00;5.629;5.649;5.624;5.637;21.0449;ISP.ITEUR
2026-06-11 09:00:00;5.636;5.652;5.628;5.645;13.9282;ISP.ITEUR
2026-06-11 10:00:00;5.644;5.649;5.634;5.637;10.0133;ISP.ITEUR
2026-06-11 11:00:00;5.637;5.665;5.635;5.647;13.4409;ISP.ITEUR
2026-06-11 12:00:00;5.646;5.647;5.572;5.613;41.2974;ISP.ITEUR
2026-06-11 13:00:00;5.614;5.627;5.59;5.62;39.2566;ISP.ITEUR
2026-06-11 14:00:00;5.619;5.623;5.594;5.594;27.3017;ISP.ITEUR
2026-06-11 15:00:00;5.595;5.612;5.594;5.596;12.8544;ISP.ITEUR
2026-06-12 07:00:00;5.759;5.811;5.728;5.799;38.6465;ISP.ITEUR
2026-06-12 08:00:00;5.8;5.834;5.797;5.822;51.2433;ISP.ITEUR
2026-06-12 09:00:00;5.821;5.841;5.809;5.828;35.0127;ISP.ITEUR
2026-06-12 10:00:00;5.827;5.829;5.792;5.812;21.354;ISP.ITEUR
2026-06-12 11:00:00;5.813;5.826;5.802;5.806;15.6202;ISP.ITEUR
2026-06-12 12:00:00;5.805;5.818;5.782;5.786;20.8349;ISP.ITEUR
2026-06-12 13:00:00;5.787;5.822;5.782;5.79;36.3244;ISP.ITEUR
2026-06-12 14:00:00;5.791;5.836;5.79;5.83;31.2446;ISP.ITEUR
2026-06-12 15:00:00;5.831;5.833;5.817;5.824;12.6681;ISP.ITEUR
2026-06-15 07:00:00;5.959;5.983;5.912;5.915;45.2763;ISP.ITEUR
2026-06-15 08:00:00;5.916;5.932;5.903;5.906;32.727;ISP.ITEUR
2026-06-15 09:00:00;5.905;5.914;5.893;5.908;28.2273;ISP.ITEUR
2026-06-15 10:00:00;5.907;5.92;5.901;5.919;19.0151;ISP.ITEUR
2026-06-15 11:00:00;5.92;5.93;5.908;5.93;12.6072;ISP.ITEUR
2026-06-15 12:00:00;5.929;5.931;5.909;5.922;14.7509;ISP.ITEUR
2026-06-15 13:00:00;5.921;5.926;5.88;5.887;23.8626;ISP.ITEUR
2026-06-15 14:00:00;5.886;5.901;5.879;5.894;23.0901;ISP.ITEUR
2026-06-15 15:00:00;5.892;5.909;5.891;5.906;9.4438;ISP.ITEUR
2026-06-16 07:00:00;5.946;5.986;5.944;5.972;20.8112;ISP.ITEUR
2026-06-16 08:00:00;5.973;5.998;5.962;5.997;19.5906;ISP.ITEUR
2026-06-16 09:00:00;5.998;6.002;5.977;5.985;16.3693;ISP.ITEUR
2026-06-16 10:00:00;5.984;6.007;5.983;6.001;9.6099;ISP.ITEUR
2026-06-16 11:00:00;6.0;6.022;5.995;6.018;11.321;ISP.ITEUR
2026-06-16 12:00:00;6.017;6.019;5.99;5.991;12.1785;ISP.ITEUR
2026-06-16 13:00:00;5.992;6.03;5.991;6.024;15.7243;ISP.ITEUR
2026-06-16 14:00:00;6.022;6.04;6.019;6.037;12.1051;ISP.ITEUR
2026-06-16 15:00:00;6.038;6.045;6.028;6.045;4.326;ISP.ITEUR
2026-06-17 07:00:00;6.075;6.079;5.995;6.031;36.1492;ISP.ITEUR
2026-06-17 08:00:00;6.032;6.068;6.026;6.058;19.4902;ISP.ITEUR
2026-06-17 09:00:00;6.056;6.087;6.053;6.075;9.1387;ISP.ITEUR
2026-06-17 10:00:00;6.074;6.074;6.06;6.067;11.0313;ISP.ITEUR
2026-06-17 11:00:00;6.066;6.075;6.05;6.061;10.591;ISP.ITEUR
2026-06-17 12:00:00;6.061;6.086;6.059;6.074;11.518;ISP.ITEUR
2026-06-17 13:00:00;6.073;6.102;6.067;6.1;21.5064;ISP.ITEUR
2026-06-17 14:00:00;6.097;6.107;6.064;6.074;22.8622;ISP.ITEUR
2026-06-17 15:00:00;6.073;6.095;6.062;6.093;11.1704;ISP.ITEUR
2026-06-18 07:00:00;6.119;6.124;6.078;6.094;31.5799;ISP.ITEUR
2026-06-18 08:00:00;6.097;6.102;6.067;6.075;27.4857;ISP.ITEUR
2026-06-18 09:00:00;6.074;6.105;6.069;6.098;22.5725;ISP.ITEUR
2026-06-18 10:00:00;6.097;6.102;5.499;6.084;10.6953;ISP.ITEUR
2026-06-18 11:00:00;6.083;6.107;6.082;6.106;16.2727;ISP.ITEUR
2026-06-18 12:00:00;6.105;6.144;6.104;6.13;14.4072;ISP.ITEUR
2026-06-18 13:00:00;6.131;6.131;6.092;6.127;28.6368;ISP.ITEUR
2026-06-18 14:00:00;6.125;6.165;6.12;6.164;17.7328;ISP.ITEUR
2026-06-18 15:00:00;6.165;6.169;6.147;6.162;9.3048;ISP.ITEUR
2026-06-19 07:00:00;6.15;6.183;6.143;6.182;21.6416;ISP.ITEUR
2026-06-19 08:00:00;6.181;6.201;6.168;6.201;22.2712;ISP.ITEUR
2026-06-19 09:00:00;6.2;6.204;6.179;6.194;22.2133;ISP.ITEUR
2026-06-19 10:00:00;6.195;6.2;6.169;6.18;17.6439;ISP.ITEUR
2026-06-19 11:00:00;6.181;6.188;6.165;6.171;15.7629;ISP.ITEUR
2026-06-19 12:00:00;6.172;6.185;6.152;6.182;19.3164;ISP.ITEUR
2026-06-19 13:00:00;6.183;6.198;6.181;6.191;17.5551;ISP.ITEUR
2026-06-19 14:00:00;6.19;6.196;6.18;6.18;10.9193;ISP.ITEUR
2026-06-19 15:00:00;6.179;6.187;6.175;6.175;7.922;ISP.ITEUR
2026-06-22 07:00:00;6.149;6.171;6.131;6.136;27.4253;ISP.ITEUR
2026-06-22 08:00:00;6.135;6.146;6.117;6.136;20.7791;ISP.ITEUR
2026-06-22 09:00:00;6.135;6.15;6.13;6.139;16.0775;ISP.ITEUR
2026-06-22 10:00:00;6.138;6.163;6.138;6.159;11.625;ISP.ITEUR
2026-06-22 11:00:00;6.16;6.167;6.146;6.164;11.4425;ISP.ITEUR
2026-06-22 12:00:00;6.165;6.166;6.153;6.164;10.07;ISP.ITEUR
2026-06-22 13:00:00;6.166;6.191;6.166;6.189;17.6944;ISP.ITEUR
2026-06-22 14:00:00;6.188;6.208;6.182;6.206;13.7855;ISP.ITEUR
2026-06-22 15:00:00;6.205;6.218;6.204;6.218;5.5588;ISP.ITEUR
2026-06-23 07:00:00;6.192;6.223;6.171;6.177;35.8349;ISP.ITEUR
2026-06-23 08:00:00;6.178;6.18;5.999;6.162;39.3565;ISP.ITEUR
2026-06-23 09:00:00;6.161;6.184;6.16;6.182;16.7824;ISP.ITEUR
2026-06-23 10:00:00;6.181;6.194;5.999;6.167;12.7309;ISP.ITEUR
2026-06-23 11:00:00;6.166;6.176;6.142;6.155;24.2754;ISP.ITEUR
2026-06-23 12:00:00;6.154;6.158;6.13;6.138;25.3557;ISP.ITEUR
2026-06-23 13:00:00;6.137;6.139;5.999;6.113;31.7284;ISP.ITEUR
2026-06-23 14:00:00;6.112;6.133;6.107;6.13;22.9579;ISP.ITEUR
2026-06-23 15:00:00;6.129;6.144;6.128;6.142;8.0007;ISP.ITEUR
2026-06-24 07:00:00;6.117;6.119;6.076;6.082;33.9294;ISP.ITEUR
2026-06-24 08:00:00;6.084;6.117;6.077;6.113;22.2751;ISP.ITEUR
2026-06-24 09:00:00;6.114;6.133;6.108;6.114;15.5374;ISP.ITEUR
2026-06-24 10:00:00;6.113;6.115;6.102;6.104;13.9975;ISP.ITEUR
2026-06-24 11:00:00;6.105;6.126;6.104;6.121;17.2675;ISP.ITEUR
2026-06-24 12:00:00;6.122;6.134;6.107;6.11;11.4059;ISP.ITEUR
2026-06-24 13:00:00;6.111;6.118;6.092;6.104;26.33;ISP.ITEUR
2026-06-24 14:00:00;6.105;6.109;6.082;6.099;23.7752;ISP.ITEUR
2026-06-24 15:00:00;6.098;6.1;6.083;6.099;10.6539;ISP.ITEUR
2026-06-25 07:00:00;6.074;6.108;6.064;6.066;21.9028;ISP.ITEUR
2026-06-25 08:00:00;6.064;6.068;6.039;6.052;22.8702;ISP.ITEUR
2026-06-25 09:00:00;6.053;6.061;6.035;6.043;16.7202;ISP.ITEUR
2026-06-25 10:00:00;6.044;6.059;6.035;6.054;13.5814;ISP.ITEUR
2026-06-25 11:00:00;6.055;6.065;6.035;6.036;10.9095;ISP.ITEUR
2026-06-25 12:00:00;6.037;6.043;6.014;6.019;18.1109;ISP.ITEUR
2026-06-25 13:00:00;6.018;6.03;6.002;6.007;29.6547;ISP.ITEUR
2026-06-25 14:00:00;6.008;6.032;6.006;6.021;26.7709;ISP.ITEUR
2026-06-25 15:00:00;6.022;6.034;6.006;6.032;10.8402;ISP.ITEUR
2026-06-26 07:00:00;5.96;5.98;5.952;5.957;30.0422;ISP.ITEUR
2026-06-26 08:00:00;5.958;5.964;5.93;5.939;35.3417;ISP.ITEUR
2026-06-26 09:00:00;5.938;5.946;5.926;5.932;29.9544;ISP.ITEUR
2026-06-26 10:00:00;5.933;5.947;5.926;5.932;14.5046;ISP.ITEUR
2026-06-26 11:00:00;5.933;5.949;5.921;5.927;19.7168;ISP.ITEUR
2026-06-26 12:00:00;5.928;5.933;5.905;5.915;21.5199;ISP.ITEUR
2026-06-26 13:00:00;5.916;5.927;5.898;5.923;40.8126;ISP.ITEUR
2026-06-26 14:00:00;5.922;5.946;5.919;5.928;21.023;ISP.ITEUR
2026-06-26 15:00:00;5.929;5.952;5.926;5.952;10.4239;ISP.ITEUR
2026-06-29 07:00:00;5.946;5.974;5.941;5.947;32.2685;ISP.ITEUR
2026-06-29 08:00:00;5.948;5.956;5.927;5.927;23.9856;ISP.ITEUR
2026-06-29 09:00:00;5.926;5.937;5.903;5.912;22.0197;ISP.ITEUR
2026-06-29 10:00:00;5.911;5.927;5.906;5.921;14.2821;ISP.ITEUR
2026-06-29 11:00:00;5.922;5.932;5.915;5.931;13.8088;ISP.ITEUR
2026-06-29 12:00:00;5.93;5.934;5.904;5.906;10.8546;ISP.ITEUR
2026-06-29 13:00:00;5.907;5.919;5.898;5.902;20.2626;ISP.ITEUR
2026-06-29 14:00:00;5.903;5.916;5.888;5.897;24.296;ISP.ITEUR
2026-06-29 15:00:00;5.898;5.912;5.89;5.91;7.8929;ISP.ITEUR
2026-06-30 07:00:00;5.919;5.927;5.895;5.895;19.8386;ISP.ITEUR
2026-06-30 08:00:00;5.894;5.916;5.893;5.911;15.8082;ISP.ITEUR
2026-06-30 09:00:00;5.91;5.951;5.908;5.949;12.6458;ISP.ITEUR
2026-06-30 10:00:00;5.948;5.967;5.948;5.967;9.2866;ISP.ITEUR
2026-06-30 11:00:00;5.966;5.97;5.957;5.966;7.1619;ISP.ITEUR
2026-06-30 12:00:00;5.965;5.965;5.947;5.955;8.4459;ISP.ITEUR
2026-06-30 13:00:00;5.955;5.968;5.939;5.967;12.6117;ISP.ITEUR
2026-06-30 14:00:00;5.965;5.97;5.953;5.962;8.3736;ISP.ITEUR
2026-06-30 15:00:00;5.963;5.975;5.961;5.969;6.3514;ISP.ITEUR
2026-07-01 07:00:00;5.925;5.95;5.917;5.95;23.1599;ISP.ITEUR
2026-07-01 08:00:00;5.951;5.99;5.938;5.988;15.9563;ISP.ITEUR
2026-07-01 09:00:00;5.989;5.991;5.969;5.971;12.5324;ISP.ITEUR
2026-07-01 10:00:00;5.972;5.973;5.953;5.963;10.1956;ISP.ITEUR
2026-07-01 11:00:00;5.964;5.967;5.935;5.939;11.6727;ISP.ITEUR
2026-07-01 12:00:00;5.94;5.97;5.934;5.968;12.2787;ISP.ITEUR
2026-07-01 13:00:00;5.966;5.983;5.958;5.979;19.7204;ISP.ITEUR
2026-07-01 14:00:00;5.98;5.99;5.972;5.984;12.3166;ISP.ITEUR
2026-07-01 15:00:00;5.985;6.002;5.979;6.001;4.6091;ISP.ITEUR
2026-07-02 07:00:00;6.016;6.053;6.015;6.042;21.5046;ISP.ITEUR
2026-07-02 08:00:00;6.043;6.06;6.034;6.059;16.6645;ISP.ITEUR
2026-07-02 09:00:00;6.057;6.081;6.046;6.081;10.8284;ISP.ITEUR
2026-07-02 10:00:00;6.081;6.098;6.048;6.098;8.6769;ISP.ITEUR
2026-07-02 11:00:00;6.097;6.118;6.094;6.118;9.9382;ISP.ITEUR
2026-07-02 12:00:00;6.117;6.134;5.804;6.119;17.9864;ISP.ITEUR
2026-07-02 13:00:00;6.12;6.14;5.804;6.135;18.956;ISP.ITEUR
2026-07-02 14:00:00;6.136;6.142;5.771;6.136;20.2623;ISP.ITEUR
2026-07-02 15:00:00;6.137;6.139;6.111;6.112;12.8011;ISP.ITEUR
2026-07-03 07:00:00;6.138;6.149;6.126;6.131;18.6493;ISP.ITEUR
2026-07-03 08:00:00;6.132;6.146;6.117;6.124;19.2395;ISP.ITEUR
2026-07-03 09:00:00;6.125;6.139;6.115;6.127;17.4369;ISP.ITEUR
2026-07-03 10:00:00;6.126;6.141;6.122;6.14;9.8927;ISP.ITEUR
2026-07-03 11:00:00;6.141;6.146;6.13;6.144;5.7642;ISP.ITEUR
2026-07-03 12:00:00;6.144;6.152;6.133;6.152;8.0141;ISP.ITEUR
2026-07-03 13:00:00;6.153;6.165;6.148;6.161;5.7416;ISP.ITEUR
2026-07-03 14:00:00;6.16;6.161;6.145;6.158;6.0826;ISP.ITEUR
2026-07-03 15:00:00;6.157;6.164;6.156;6.156;5.0144;ISP.ITEUR
2026-07-06 07:00:00;6.197;6.241;6.197;6.236;20.9732;ISP.ITEUR
2026-07-06 08:00:00;6.237;6.239;6.219;6.22;16.6991;ISP.ITEUR
2026-07-06 09:00:00;6.219;6.223;6.21;6.22;22.3714;ISP.ITEUR
2026-07-06 10:00:00;6.221;6.222;6.21;6.212;9.9501;ISP.ITEUR
2026-07-06 11:00:00;6.211;6.22;6.21;6.218;9.085;ISP.ITEUR
2026-07-06 12:00:00;6.217;6.224;6.209;6.22;9.9903;ISP.ITEUR
2026-07-06 13:00:00;6.22;6.246;6.216;6.246;10.9904;ISP.ITEUR
2026-07-06 14:00:00;6.245;6.248;6.229;6.244;13.2463;ISP.ITEUR
2026-07-06 15:00:00;6.245;6.246;6.227;6.234;3.9459;ISP.ITEUR
2026-07-07 07:00:00;6.241;6.273;6.233;6.272;23.5688;ISP.ITEUR
2026-07-07 08:00:00;6.271;6.282;6.259;6.276;22.5397;ISP.ITEUR
2026-07-07 09:00:00;6.274;6.285;6.271;6.282;15.2247;ISP.ITEUR
2026-07-07 10:00:00;6.283;6.284;6.255;6.268;13.6004;ISP.ITEUR
2026-07-07 11:00:00;6.267;6.272;6.255;6.257;17.524;ISP.ITEUR
2026-07-07 12:00:00;6.258;6.276;6.244;6.271;18.8566;ISP.ITEUR
2026-07-07 13:00:00;6.272;6.286;6.259;6.273;19.8454;ISP.ITEUR
2026-07-07 14:00:00;6.275;6.275;6.244;6.257;24.0357;ISP.ITEUR
2026-07-07 15:00:00;6.258;6.262;6.248;6.256;8.7164;ISP.ITEUR
2026-07-08 07:00:00;6.143;6.161;6.132;6.153;48.7212;ISP.ITEUR
2026-07-08 08:00:00;6.152;6.156;5.549;6.028;72.2151;ISP.ITEUR
2026-07-08 09:00:00;6.025;6.062;6.023;6.047;63.3112;ISP.ITEUR
2026-07-08 10:00:00;6.046;6.086;5.549;6.08;41.1479;ISP.ITEUR
2026-07-08 11:00:00;6.077;6.12;5.849;6.114;36.1183;ISP.ITEUR
2026-07-08 12:00:00;6.115;6.141;6.106;6.118;27.8469;ISP.ITEUR
2026-07-08 13:00:00;6.119;6.149;6.115;6.148;27.2665;ISP.ITEUR
2026-07-08 14:00:00;6.149;6.15;5.994;6.103;36.0235;ISP.ITEUR
2026-07-08 15:00:00;6.104;6.105;6.075;6.08;19.0205;ISP.ITEUR
2026-07-09 07:00:00;6.146;6.176;6.145;6.161;23.4959;ISP.ITEUR
2026-07-09 08:00:00;6.16;6.185;6.157;6.176;17.1555;ISP.ITEUR
2026-07-09 09:00:00;6.177;6.18;6.158;6.173;15.0639;ISP.ITEUR
2026-07-09 10:00:00;6.172;6.176;6.139;6.159;14.5785;ISP.ITEUR
2026-07-09 11:00:00;6.16;6.167;6.147;6.161;10.4431;ISP.ITEUR
2026-07-09 12:00:00;6.16;6.179;6.16;6.166;10.3408;ISP.ITEUR
2026-07-09 13:00:00;6.167;6.189;6.167;6.186;11.2095;ISP.ITEUR
2026-07-09 14:00:00;6.187;6.194;6.181;6.183;10.9943;ISP.ITEUR
2026-07-09 15:00:00;6.184;6.19;6.18;6.181;4.5552;ISP.ITEUR
2026-07-10 07:00:00;6.232;6.259;6.23;6.256;28.5799;ISP.ITEUR
2026-07-10 08:00:00;6.257;6.271;6.244;6.248;17.0204;ISP.ITEUR
2026-07-10 09:00:00;6.249;6.266;6.245;6.265;17.5606;ISP.ITEUR
2026-07-10 10:00:00;6.266;6.273;6.263;6.264;9.5412;ISP.ITEUR
2026-07-10 11:00:00;6.265;6.267;6.249;6.251;10.0304;ISP.ITEUR
2026-07-10 12:00:00;6.252;6.271;6.245;6.269;13.1041;ISP.ITEUR
2026-07-10 13:00:00;6.27;6.286;6.266;6.266;12.9836;ISP.ITEUR
2026-07-10 14:00:00;6.267;6.273;6.247;6.254;23.7364;ISP.ITEUR
2026-07-10 15:00:00;6.253;6.255;6.239;6.246;10.3335;ISP.ITEUR
2026-07-13 07:00:00;6.25;6.285;6.246;6.28;24.7896;ISP.ITEUR
2026-07-13 08:00:00;6.279;6.32;6.275;6.315;20.1816;ISP.ITEUR
2026-07-13 09:00:00;6.315;6.323;6.31;6.321;9.8532;ISP.ITEUR
2026-07-13 10:00:00;6.322;6.325;6.303;6.319;5.4288;ISP.ITEUR
2026-07-13 11:00:00;6.32;6.334;6.315;6.32;7.2;ISP.ITEUR
2026-07-13 12:00:00;6.319;6.341;6.307;6.339;13.9104;ISP.ITEUR
2026-07-13 13:00:00;6.34;6.351;6.331;6.348;14.2128;ISP.ITEUR
2026-07-13 14:00:00;6.347;6.351;6.281;6.324;22.3488;ISP.ITEUR
2026-07-13 15:00:00;6.323;6.323;6.305;6.31;8.622;ISP.ITEUR
2026-07-14 07:00:00;6.288;6.299;6.261;6.279;36.774;ISP.ITEUR
2026-07-14 08:00:00;6.279;6.29;6.259;6.259;24.6348;ISP.ITEUR
2026-07-14 09:00:00;6.26;6.276;6.252;6.272;23.8788;ISP.ITEUR
2026-07-14 10:00:00;6.273;6.282;6.256;6.262;20.0484;ISP.ITEUR
2026-07-14 11:00:00;6.261;6.284;6.248;6.282;21.366;ISP.ITEUR
2026-07-14 12:00:00;6.281;6.3;6.27;6.284;23.202;ISP.ITEUR
2026-07-14 13:00:00;6.285;6.326;6.284;6.326;24.1092;ISP.ITEUR
2026-07-14 14:00:00;6.325;6.326;5.549;6.304;21.474;ISP.ITEUR
2026-07-14 15:00:00;6.303;6.327;6.297;6.325;13.7088;ISP.ITEUR
2026-07-15 07:00:00;6.306;6.335;6.3;6.313;33.2856;ISP.ITEUR
2026-07-15 08:00:00;6.314;6.34;6.311;6.338;16.2108;ISP.ITEUR
2026-07-15 09:00:00;6.337;6.352;6.333;6.338;12.6468;ISP.ITEUR
2026-07-15 10:00:00;6.339;6.344;6.329;6.332;12.8016;ISP.ITEUR
2026-07-15 11:00:00;6.333;6.356;6.326;6.354;12.8268;ISP.ITEUR
2026-07-15 12:00:00;6.353;6.354;6.321;6.323;13.0608;ISP.ITEUR
2026-07-15 13:00:00;6.324;6.349;6.32;6.344;22.3344;ISP.ITEUR
2026-07-15 14:00:00;6.345;6.351;6.322;6.338;21.7872;ISP.ITEUR
2026-07-15 15:00:00;6.337;6.344;6.329;6.343;10.692;ISP.ITEUR
2026-07-16 07:00:00;6.36;6.37;6.339;6.344;29.52;ISP.ITEUR
2026-07-16 08:00:00;6.345;6.382;6.343;6.382;27.7236;ISP.ITEUR
2026-07-16 09:00:00;6.383;6.389;6.364;6.371;19.3356;ISP.ITEUR
2026-07-16 10:00:00;6.372;6.377;6.353;6.366;25.3188;ISP.ITEUR
2026-07-16 11:00:00;6.365;6.377;5.549;6.368;19.9368;ISP.ITEUR
2026-07-16 12:00:00;6.369;6.373;5.549;6.334;20.3364;ISP.ITEUR
2026-07-16 13:00:00;6.332;6.355;6.329;6.34;28.332;ISP.ITEUR
2026-07-16 14:00:00;6.341;6.351;6.334;6.346;16.9884;ISP.ITEUR
2026-07-16 15:00:00;6.345;6.365;6.342;6.359;8.622;ISP.ITEUR
2026-07-17 07:00:00;6.307;6.367;6.299;6.351;39.834;ISP.ITEUR
2026-07-17 08:00:00;6.352;6.365;6.317;6.334;42.0192;ISP.ITEUR
2026-07-17 09:00:00;6.333;6.337;6.312;6.323;31.2984;ISP.ITEUR
2026-07-17 10:00:00;6.322;6.343;6.321;6.322;28.3716;ISP.ITEUR
2026-07-17 11:00:00;6.323;6.33;6.311;6.327;21.4884;ISP.ITEUR
2026-07-17 12:00:00;6.328;6.328;6.296;6.298;20.6064;ISP.ITEUR
2026-07-17 13:00:00;6.297;6.297;6.223;6.271;38.25;ISP.ITEUR
2026-07-17 14:00:00;6.272;6.288;6.253;6.271;31.068;ISP.ITEUR
2026-07-17 15:00:00;6.272;6.291;6.259;6.291;18.594;ISP.ITEUR
2026-07-20 07:00:00;6.277;6.336;6.275;6.325;34.8164;ISP.ITEUR
2026-07-20 08:00:00;6.326;6.351;6.321;6.351;24.6383;ISP.ITEUR
2026-07-20 09:00:00;6.35;6.366;6.336;6.36;14.2714;ISP.ITEUR
2026-07-20 10:00:00;6.361;6.361;6.318;6.341;16.0598;ISP.ITEUR
2026-07-20 11:00:00;6.342;6.382;6.342;6.37;19.9964;ISP.ITEUR
2026-07-20 12:00:00;6.369;6.37;5.549;6.321;21.9806;ISP.ITEUR
2026-07-20 13:00:00;6.322;6.324;5.599;6.313;25.6537;ISP.ITEUR
2026-07-20 14:00:00;6.314;6.342;6.309;6.327;21.9772;ISP.ITEUR
2026-07-20 15:00:00;6.326;6.337;6.319;6.328;11.6922;ISP.ITEUR
2026-07-21 07:00:00;6.37;6.371;6.339;6.37;24.2678;ISP.ITEUR
2026-07-21 08:00:00;6.371;6.378;6.358;6.363;16.2735;ISP.ITEUR
2026-07-21 09:00:00;6.364;6.377;6.361;6.369;12.0021;ISP.ITEUR
2026-07-21 10:00:00;6.368;6.383;6.362;6.365;11.2718;ISP.ITEUR
2026-07-21 11:00:00;6.366;6.367;6.336;6.339;16.1168;ISP.ITEUR
2026-07-21 12:00:00;6.34;6.355;6.332;6.354;18.9882;ISP.ITEUR
2026-07-21 13:00:00;6.353;6.358;6.327;6.339;24.3284;ISP.ITEUR
2026-07-21 14:00:00;6.338;6.368;6.337;6.364;17.1785;ISP.ITEUR
2026-07-21 15:00:00;6.363;6.372;6.359;6.364;6.3876;ISP.ITEUR
2026-07-22 07:00:00;6.38;6.402;6.371;6.391;25.5646;ISP.ITEUR
2026-07-22 08:00:00;6.392;6.44;6.391;6.44;16.6833;ISP.ITEUR
2026-07-22 09:00:00;6.441;6.45;6.385;6.43;17.7556;ISP.ITEUR
2026-07-22 10:00:00;6.431;6.45;6.423;6.429;12.9106;ISP.ITEUR
2026-07-22 11:00:00;6.428;6.441;6.393;6.435;14.4424;ISP.ITEUR
2026-07-22 12:00:00;6.436;6.444;6.395;6.438;10.1211;ISP.ITEUR
2026-07-22 13:00:00;6.437;6.462;6.437;6.454;13.8831;ISP.ITEUR
2026-07-22 14:00:00;6.455;6.456;6.442;6.446;13.4271;ISP.ITEUR
2026-07-22 15:00:00;6.445;6.449;6.439;6.447;5.7962;ISP.ITEUR
2026-07-23 07:00:00;6.406;6.413;6.385;6.4;49.7506;ISP.ITEUR
2026-07-23 08:00:00;6.401;6.408;6.377;6.388;38.3148;ISP.ITEUR
2026-07-23 09:00:00;6.389;6.395;6.346;6.362;35.1406;ISP.ITEUR
2026-07-23 10:00:00;6.363;6.379;6.352;6.377;34.3283;ISP.ITEUR
2026-07-23 11:00:00;6.376;6.377;6.349;6.365;30.6234;ISP.ITEUR
2026-07-23 12:00:00;6.364;6.364;6.315;6.323;38.3932;ISP.ITEUR
2026-07-23 13:00:00;6.322;6.337;6.297;6.3;49.9751;ISP.ITEUR
2026-07-23 14:00:00;6.302;6.322;6.299;6.318;44.2715;ISP.ITEUR
2026-07-23 15:00:00;6.317;6.319;6.277;6.283;21.2754;ISP.ITEUR
2026-07-24 07:00:00;6.363;6.391;6.363;6.378;17.9301;ISP.ITEUR
2026-07-24 08:00:00;6.377;6.405;6.372;6.381;19.7221;ISP.ITEUR
2026-07-24 09:00:00;6.382;6.405;6.379;6.4;14.7773;ISP.ITEUR
2026-07-24 10:00:00;6.398;6.402;6.389;6.398;14.9839;ISP.ITEUR
2026-07-24 11:00:00;6.399;6.401;6.383;6.398;15.7143;ISP.ITEUR
2026-07-24 12:00:00;6.397;6.404;6.39;6.392;10.2957;ISP.ITEUR
2026-07-24 13:00:00;6.393;6.419;6.393;6.413;10.285;ISP.ITEUR
2026-07-24 14:00:00;6.412;6.416;6.4;6.408;13.8083;ISP.ITEUR
2026-07-24 15:00:00;6.409;6.424;6.402;6.423;9.6615;ISP.ITEUR
2026-07-27 07:00:00;6.484;6.489;6.462;6.467;34.6535;ISP.ITEUR
2026-07-27 08:00:00;6.466;6.501;6.45;6.498;26.74;ISP.ITEUR
2026-07-27 09:00:00;6.497;6.497;6.482;6.486;17.5665;ISP.ITEUR
2026-07-27 10:00:00;6.485;6.499;6.48;6.494;8.365;ISP.ITEUR
2026-07-27 11:00:00;6.492;6.498;6.485;6.493;13.013;ISP.ITEUR
2026-07-27 12:00:00;6.492;6.495;6.481;6.49;11.3085;ISP.ITEUR
2026-07-27 13:00:00;6.491;6.506;6.483;6.496;16.8175;ISP.ITEUR
2026-07-27 14:00:00;6.497;6.513;6.49;6.51;21.56;ISP.ITEUR
2026-07-27 15:00:00;6.509;6.516;6.503;6.513;10.3985;ISP.ITEUR
2026-07-28 07:00:00;6.533;6.55;6.522;6.546;23.898;ISP.ITEUR
2026-07-28 08:00:00;6.545;6.561;6.533;6.552;28.3185;ISP.ITEUR
2026-07-28 09:00:00;6.551;6.558;6.546;6.548;11.4205;ISP.ITEUR
2026-07-28 10:00:00;6.547;6.547;6.519;6.526;14.749;ISP.ITEUR
2026-07-28 11:00:00;6.527;6.53;6.5;6.511;19.5615;ISP.ITEUR
2026-07-28 12:00:00;6.512;6.525;6.504;6.51;17.0485;ISP.ITEUR
2026-07-28 13:00:00;6.51;6.51;6.485;6.509;25.564;ISP.ITEUR
2026-07-28 14:00:00;6.51;6.511;6.467;6.467;25.3715;ISP.ITEUR
2026-07-28 15:00:00;6.468;6.514;6.462;6.507;14.5705;ISP.ITEUR
2026-07-29 07:00:00;6.524;6.538;6.478;6.493;37.6705;ISP.ITEUR
2026-07-29 08:00:00;6.492;6.507;6.46;6.488;32.3085;ISP.ITEUR
2026-07-29 09:00:00;6.489;6.489;6.447;6.478;24.8395;ISP.ITEUR
2026-07-29 10:00:00;6.477;6.548;6.408;6.432;50.8095;ISP.ITEUR
2026-07-29 11:00:00;6.431;6.482;6.425;6.477;24.5525;ISP.ITEUR
2026-07-29 12:00:00;6.479;6.503;6.439;6.48;27.8145;ISP.ITEUR
2026-07-29 13:00:00;6.479;6.497;6.456;6.488;32.9385;ISP.ITEUR
2026-07-29 14:00:00;6.49;6.498;6.459;6.469;24.402;ISP.ITEUR
2026-07-29 15:00:00;6.47;6.489;6.462;6.469;12.978;ISP.ITEUR
2026-07-30 07:00:00;6.473;6.483;6.4;6.45;59.0975;ISP.ITEUR
2026-07-30 08:00:00;6.448;6.464;6.43;6.439;42.8925;ISP.ITEUR
2026-07-30 09:00:00;6.44;6.46;6.435;6.437;24.927;ISP.ITEUR
2026-07-30 10:00:00;6.437;6.468;6.436;6.446;24.6015;ISP.ITEUR
2026-07-30 11:00:00;6.445;6.467;6.433;6.46;22.526;ISP.ITEUR
2026-07-30 12:00:00;6.459;6.475;6.451;6.455;19.5335;ISP.ITEUR
2026-07-30 13:00:00;6.456;6.49;6.454;6.475;30.6215;ISP.ITEUR
2026-07-30 14:00:00;6.474;6.512;6.466;6.497;28.9205;ISP.ITEUR
2026-07-30 15:00:00;6.496;6.505;6.49;6.496;12.257;ISP.ITEUR
2026-07-31 07:00:00;6.555;6.578;6.552;6.571;26.222;ISP.ITEUR
2026-07-31 08:00:00;6.569;6.588;6.564;6.578;25.7565;ISP.ITEUR
2026-07-31 09:00:00;6.576;6.608;6.568;6.595;19.3795;ISP.ITEUR
2026-07-31 10:00:00;6.594;6.602;6.576;6.581;16.709;ISP.ITEUR
2026-07-31 11:00:00;6.582;6.589;6.535;6.552;26.0365;ISP.ITEUR
2026-07-31 12:00:00;6.553;6.554;6.535;6.54;18.8265;ISP.ITEUR
2026-07-31 13:00:00;6.541;6.55;6.523;6.53;30.786;ISP.ITEUR
2026-07-31 14:00:00;6.531;6.568;6.525;6.559;30.898;ISP.ITEUR
2026-07-31 15:00:00;6.56;6.573;6.556;6.558;10.024;ISP.ITEUR
2026-08-03 07:00:00;6.616;6.616;6.582;6.606;51.4901;ISP.ITEUR
2026-08-03 08:00:00;6.607;6.631;6.599;6.631;24.2205;ISP.ITEUR
2026-08-03 09:00:00;6.63;6.646;6.624;6.636;15.8984;ISP.ITEUR
2026-08-03 10:00:00;6.635;6.646;6.626;6.645;10.5703;ISP.ITEUR
2026-08-03 11:00:00;6.646;6.653;6.635;6.642;13.7637;ISP.ITEUR
2026-08-03 12:00:00;6.643;6.645;6.62;6.639;12.6465;ISP.ITEUR
2026-08-03 13:00:00;6.64;6.652;6.622;6.644;15.29;ISP.ITEUR
2026-08-03 14:00:00;6.643;6.666;6.639;6.666;12.8562;ISP.ITEUR
2026-08-03 15:00:00;6.667;6.693;6.661;6.69;8.1709;ISP.ITEUR
2026-08-04 07:00:00;6.725;6.758;6.718;6.755;29.229;ISP.ITEUR
2026-08-04 08:00:00;6.756;6.761;6.739;6.742;17.4384;ISP.ITEUR
2026-08-04 09:00:00;6.743;6.78;6.742;6.772;15.3656;ISP.ITEUR
2026-08-04 10:00:00;6.771;6.775;6.739;6.763;14.104;ISP.ITEUR
2026-08-04 11:00:00;6.764;6.784;6.759;6.775;12.9284;ISP.ITEUR
2026-08-04 12:00:00;6.773;6.78;6.764;6.764;7.48;ISP.ITEUR
2026-08-04 13:00:00;6.764;6.793;6.762;6.784;17.6412;ISP.ITEUR
2026-08-04 14:00:00;6.783;6.808;6.773;6.797;12.9456;ISP.ITEUR
2026-08-04 15:00:00;6.796;6.799;6.78;6.798;7.5453;ISP.ITEUR
2026-08-05 07:00:00;6.807;6.816;6.779;6.796;28.2356;ISP.ITEUR
2026-08-05 08:00:00;6.797;6.8;6.769;6.77;20.3362;ISP.ITEUR
2026-08-05 09:00:00;6.771;6.794;6.769;6.781;11.7459;ISP.ITEUR
2026-08-05 10:00:00;6.78;6.79;6.769;6.777;11.7528;ISP.ITEUR
2026-08-05 11:00:00;6.776;6.787;6.774;6.784;11.6084;ISP.ITEUR
2026-08-05 12:00:00;6.785;6.788;6.778;6.787;8.3703;ISP.ITEUR
2026-08-05 13:00:00;6.787;6.789;6.766;6.77;18.1844;ISP.ITEUR
2026-08-05 14:00:00;6.768;6.772;6.747;6.76;18.8993;ISP.ITEUR
2026-08-05 15:00:00;6.759;6.775;6.749;6.763;12.5125;ISP.ITEUR
2026-08-06 07:00:00;6.815;6.846;6.813;6.819;22.2887;ISP.ITEUR
2026-08-06 08:00:00;6.82;6.863;6.813;6.844;13.5815;ISP.ITEUR
2026-08-06 09:00:00;6.843;6.852;6.816;6.828;8.8378;ISP.ITEUR
2026-08-06 10:00:00;6.827;6.834;6.803;6.828;8.9822;ISP.ITEUR
2026-08-06 11:00:00;6.829;6.834;6.822;6.828;7.7309;ISP.ITEUR
2026-08-06 12:00:00;6.828;6.845;6.827;6.839;9.484;ISP.ITEUR
2026-08-06 13:00:00;6.84;6.846;6.833;6.84;10.6665;ISP.ITEUR
2026-08-06 14:00:00;6.839;6.845;6.822;6.822;6.7375;ISP.ITEUR
2026-08-06 15:00:00;6.824;6.83;6.803;6.805;6.6481;ISP.ITEUR
2026-08-07 07:00:00;6.811;6.849;6.806;6.829;26.754;ISP.ITEUR
2026-08-07 08:00:00;6.828;6.852;6.805;6.828;17.4556;ISP.ITEUR
2026-08-07 09:00:00;6.827;6.834;6.793;6.83;19.1021;ISP.ITEUR
2026-08-07 10:00:00;6.829;6.859;6.829;6.849;8.69;ISP.ITEUR
2026-08-07 11:00:00;6.851;6.861;6.846;6.861;10.6047;ISP.ITEUR
2026-08-07 12:00:00;6.862;6.867;6.841;6.845;14.654;ISP.ITEUR
2026-08-07 13:00:00;6.845;6.849;6.824;6.827;20.7452;ISP.ITEUR
2026-08-07 14:00:00;6.828;6.849;6.826;6.846;15.5959;ISP.ITEUR
2026-08-07 15:00:00;6.845;6.848;6.825;6.829;6.4831;ISP.ITEUR
2026-08-10 07:00:00;6.819;6.831;6.785;6.803;24.46936;ISP.ITEUR
2026-08-10 08:00:00;6.802;6.819;6.799;6.806;16.93224;ISP.ITEUR
2026-08-10 09:00:00;6.805;6.834;6.805;6.833;9.48084;ISP.ITEUR
2026-08-10 10:00:00;6.832;6.843;6.827;6.838;7.1808;ISP.ITEUR
2026-08-10 11:00:00;6.839;6.844;6.834;6.838;9.56328;ISP.ITEUR
2026-08-10 12:00:00;6.839;6.849;6.827;6.838;8.91656;ISP.ITEUR
2026-08-10 13:00:00;6.839;6.851;6.822;6.827;13.73122;ISP.ITEUR
2026-08-10 14:00:00;6.828;6.843;6.826;6.834;13.36162;ISP.ITEUR
2026-08-10 15:00:00;6.833;6.84;6.823;6.835;5.02588;ISP.ITEUR
2026-08-11 07:00:00;6.856;6.868;6.838;6.842;17.43712;ISP.ITEUR
2026-08-11 08:00:00;6.843;6.857;6.84;6.843;15.84322;ISP.ITEUR
2026-08-11 09:00:00;6.842;6.848;6.839;6.842;9.96592;ISP.ITEUR
2026-08-11 10:00:00;6.841;6.845;6.829;6.841;10.34876;ISP.ITEUR
2026-08-11 11:00:00;6.842;6.855;6.807;6.83;17.87924;ISP.ITEUR
2026-08-11 12:00:00;6.831;6.838;6.822;6.834;11.92614;ISP.ITEUR
2026-08-11 13:00:00;6.835;6.846;6.826;6.842;16.2392;ISP.ITEUR
2026-08-11 14:00:00;6.841;6.845;6.825;6.84;15.04132;ISP.ITEUR
2026-08-11 15:00:00;6.841;6.848;6.836;6.836;4.68268;ISP.ITEUR
2026-08-12 07:00:00;6.859;6.859;6.829;6.833;15.39442;ISP.ITEUR
2026-08-12 08:00:00;6.834;6.856;6.834;6.854;12.24956;ISP.ITEUR
2026-08-12 09:00:00;6.853;6.873;6.851;6.86;12.4376;ISP.ITEUR
2026-08-12 10:00:00;6.859;6.868;6.851;6.861;8.19386;ISP.ITEUR
2026-08-12 11:00:00;6.862;6.866;6.851;6.852;6.40854;ISP.ITEUR
2026-08-12 12:00:00;6.851;6.871;6.843;6.857;13.15692;ISP.ITEUR
2026-08-12 13:00:00;6.856;6.866;6.847;6.861;11.7512;ISP.ITEUR
2026-08-12 14:00:00;6.862;6.874;6.852;6.86;14.83336;ISP.ITEUR
2026-08-12 15:00:00;6.859;6.865;6.839;6.849;7.8672;ISP.ITEUR
2026-08-13 07:00:00;6.907;6.913;6.892;6.904;11.6952;ISP.ITEUR
2026-08-13 08:00:00;6.905;6.914;6.896;6.906;10.74804;ISP.ITEUR
2026-08-13 09:00:00;6.905;6.923;6.904;6.922;5.8344;ISP.ITEUR
2026-08-13 10:00:00;6.921;6.923;6.912;6.917;4.58696;ISP.ITEUR
2026-08-13 11:00:00;6.918;6.92;6.909;6.911;7.49758;ISP.ITEUR
2026-08-13 12:00:00;6.911;6.915;6.904;6.905;7.9728;ISP.ITEUR
2026-08-13 13:00:00;6.904;6.916;6.896;6.901;14.03812;ISP.ITEUR
2026-08-13 14:00:00;6.902;6.91;6.895;6.896;15.05444;ISP.ITEUR
2026-08-13 15:00:00;6.897;6.897;6.883;6.886;8.7648;ISP.ITEUR
2026-08-14 07:00:00;6.864;6.895;6.856;6.887;19.68772;ISP.ITEUR
2026-08-14 08:00:00;6.888;6.901;6.878;6.894;11.5533;ISP.ITEUR
2026-08-14 09:00:00;6.895;6.911;6.894;6.909;8.33576;ISP.ITEUR
2026-08-14 10:00:00;6.909;6.914;6.898;6.91;4.41868;ISP.ITEUR
2026-08-14 11:00:00;6.911;6.914;6.905;6.913;5.74856;ISP.ITEUR
2026-08-14 12:00:00;6.912;6.918;6.907;6.917;5.99604;ISP.ITEUR
2026-08-14 13:00:00;6.918;6.92;6.905;6.918;8.9528;ISP.ITEUR
2026-08-14 14:00:00;6.917;6.921;6.907;6.917;8.45782;ISP.ITEUR
2026-08-14 15:00:00;6.917;6.924;6.913;6.924;3.44188;ISP.ITEUR
2026-08-17 07:00:00;6.923;6.935;6.911;6.93;14.1895;ISP.ITEUR
2026-08-17 08:00:00;6.931;6.931;6.91;6.917;9.5289;ISP.ITEUR
2026-08-17 09:00:00;6.918;6.926;6.909;6.91;8.43375;ISP.ITEUR
2026-08-17 10:00:00;6.909;6.92;6.902;6.911;11.1539;ISP.ITEUR
2026-08-17 11:00:00;6.91;6.917;6.906;6.917;5.499;ISP.ITEUR
2026-08-17 12:00:00;6.916;6.917;6.898;6.902;9.8767;ISP.ITEUR
2026-08-17 13:00:00;6.903;6.921;6.899;6.915;15.77545;ISP.ITEUR
2026-08-17 14:00:00;6.915;6.916;6.891;6.897;12.714;ISP.ITEUR
2026-08-17 15:00:00;6.898;6.903;6.894;6.899;6.15875;ISP.ITEUR
2026-08-18 07:00:00;6.901;6.905;6.884;6.885;21.86925;ISP.ITEUR
2026-08-18 08:00:00;6.886;6.892;6.867;6.892;18.52155;ISP.ITEUR
2026-08-18 09:00:00;6.891;6.895;6.882;6.892;10.74775;ISP.ITEUR
2026-08-18 10:00:00;6.893;6.904;6.891;6.904;5.46;ISP.ITEUR
2026-08-18 11:00:00;6.902;6.916;6.901;6.913;5.3397;ISP.ITEUR
2026-08-18 12:00:00;6.914;6.924;6.912;6.918;4.37775;ISP.ITEUR
2026-08-18 13:00:00;6.917;6.917;6.897;6.907;14.30965;ISP.ITEUR
2026-08-18 14:00:00;6.906;6.909;6.863;6.877;17.20225;ISP.ITEUR
2026-08-18 15:00:00;6.876;6.89;6.866;6.878;11.9015;ISP.ITEUR
2026-08-19 07:00:00;6.894;6.897;6.852;6.878;26.39915;ISP.ITEUR
2026-08-19 08:00:00;6.877;6.883;6.861;6.861;18.41445;ISP.ITEUR
2026-08-19 09:00:00;6.86;6.875;6.855;6.872;14.24475;ISP.ITEUR
2026-08-19 10:00:00;6.873;6.878;6.862;6.866;11.13775;ISP.ITEUR
2026-08-19 11:00:00;6.867;6.882;6.864;6.867;7.54975;ISP.ITEUR
2026-08-19 12:00:00;6.866;6.899;6.864;6.88;11.895;ISP.ITEUR
2026-08-19 13:00:00;6.879;6.88;6.823;6.825;19.65255;ISP.ITEUR
2026-08-19 14:00:00;6.826;6.84;6.806;6.819;23.6956;ISP.ITEUR
2026-08-19 15:00:00;6.818;6.822;6.809;6.818;11.90785;ISP.ITEUR
2026-08-20 07:00:00;6.825;6.853;6.825;6.841;20.67965;ISP.ITEUR
2026-08-20 08:00:00;6.842;6.848;6.815;6.833;17.51095;ISP.ITEUR
2026-08-20 09:00:00;6.833;6.838;6.826;6.828;9.43795;ISP.ITEUR
2026-08-20 10:00:00;6.829;6.834;6.809;6.832;11.5375;ISP.ITEUR
2026-08-20 11:00:00;6.831;6.846;6.828;6.828;9.89615;ISP.ITEUR
2026-08-20 12:00:00;6.829;6.838;6.813;6.836;15.4179;ISP.ITEUR
2026-08-20 13:00:00;6.838;6.855;6.836;6.852;17.8326;ISP.ITEUR
2026-08-20 14:00:00;6.853;6.853;6.811;6.819;23.8972;ISP.ITEUR
2026-08-20 15:00:00;6.82;6.834;6.812;6.822;11.32935;ISP.ITEUR
2026-08-21 07:00:00;6.833;6.856;6.829;6.846;22.16825;ISP.ITEUR
2026-08-21 08:00:00;6.845;6.855;6.831;6.845;20.96245;ISP.ITEUR
2026-08-21 09:00:00;6.846;6.846;6.791;6.793;21.09895;ISP.ITEUR
2026-08-21 10:00:00;6.792;6.804;6.776;6.778;16.47745;ISP.ITEUR
2026-08-21 11:00:00;6.779;6.783;6.763;6.766;18.7492;ISP.ITEUR
2026-08-21 12:00:00;6.764;6.778;6.751;6.752;12.35645;ISP.ITEUR
2026-08-21 13:00:00;6.751;6.784;6.745;6.784;24.1962;ISP.ITEUR
2026-08-21 14:00:00;6.785;6.785;6.756;6.764;19.1425;ISP.ITEUR
2026-08-21 15:00:00;6.765;6.766;6.753;6.758;6.45775;ISP.ITEUR
2026-08-24 07:00:00;6.749;6.781;6.744;6.764;27.80782;ISP.ITEUR
2026-08-24 08:00:00;6.763;6.79;6.759;6.782;18.96988;ISP.ITEUR
2026-08-24 09:00:00;6.783;6.798;6.777;6.785;11.77794;ISP.ITEUR
2026-08-24 10:00:00;6.786;6.795;6.779;6.788;7.11218;ISP.ITEUR
2026-08-24 11:00:00;6.787;6.795;6.776;6.777;9.39154;ISP.ITEUR
2026-08-24 12:00:00;6.776;6.783;6.766;6.778;12.15818;ISP.ITEUR
2026-08-24 13:00:00;6.779;6.795;6.77;6.792;22.78108;ISP.ITEUR
2026-08-24 14:00:00;6.791;6.817;6.786;6.811;17.97222;ISP.ITEUR
2026-08-24 15:00:00;6.812;6.833;6.803;6.829;8.32006;ISP.ITEUR
2026-08-25 07:00:00;6.875;6.896;6.863;6.879;16.15328;ISP.ITEUR
2026-08-25 08:00:00;6.877;6.908;6.869;6.882;20.12446;ISP.ITEUR
2026-08-25 09:00:00;6.881;6.907;6.873;6.875;16.4467;ISP.ITEUR
2026-08-25 10:00:00;6.874;6.887;6.866;6.887;6.96196;ISP.ITEUR
2026-08-25 11:00:00;6.886;6.888;6.858;6.86;10.16584;ISP.ITEUR
2026-08-25 12:00:00;6.861;6.876;6.846;6.846;10.8432;ISP.ITEUR
2026-08-25 13:00:00;6.845;6.85;6.816;6.84;16.84386;ISP.ITEUR
2026-08-25 14:00:00;6.839;6.857;6.829;6.836;13.32966;ISP.ITEUR
2026-08-25 15:00:00;6.837;6.853;6.831;6.85;6.72166;ISP.ITEUR
2026-08-26 07:00:00;6.888;6.888;6.851;6.868;17.6451;ISP.ITEUR
2026-08-26 08:00:00;6.867;6.869;6.835;6.863;16.46716;ISP.ITEUR
2026-08-26 09:00:00;6.864;6.867;6.85;6.85;11.08374;ISP.ITEUR
2026-08-26 10:00:00;6.849;6.857;6.84;6.854;9.00776;ISP.ITEUR
2026-08-26 11:00:00;6.855;6.87;6.853;6.868;6.76508;ISP.ITEUR
2026-08-26 12:00:00;6.869;6.891;6.868;6.888;13.6633;ISP.ITEUR
2026-08-26 13:00:00;6.887;6.899;6.873;6.891;21.3192;ISP.ITEUR
2026-08-26 14:00:00;6.892;6.895;6.865;6.87;13.48662;ISP.ITEUR
2026-08-26 15:00:00;6.871;6.877;6.864;6.865;5.56682;ISP.ITEUR
2026-08-27 07:00:00;6.854;6.867;6.832;6.834;19.80454;ISP.ITEUR
2026-08-27 08:00:00;6.835;6.841;6.766;6.767;26.2023;ISP.ITEUR
2026-08-27 09:00:00;6.766;6.806;6.765;6.794;23.13854;ISP.ITEUR
2026-08-27 10:00:00;6.795;6.797;6.776;6.794;13.73702;ISP.ITEUR
2026-08-27 11:00:00;6.793;6.808;6.789;6.807;8.30346;ISP.ITEUR
2026-08-27 12:00:00;6.808;6.81;6.768;6.779;17.1646;ISP.ITEUR
2026-08-27 13:00:00;6.778;6.791;6.77;6.777;18.79992;ISP.ITEUR
2026-08-27 14:00:00;6.778;6.778;6.74;6.743;19.38382;ISP.ITEUR
2026-08-27 15:00:00;6.744;6.753;6.728;6.751;9.41162;ISP.ITEUR
2026-08-28 07:00:00;6.833;6.837;6.808;6.81;16.24658;ISP.ITEUR
2026-08-28 08:00:00;6.811;6.813;6.789;6.807;16.77084;ISP.ITEUR
2026-08-28 09:00:00;6.808;6.809;6.794;6.809;11.44732;ISP.ITEUR
2026-08-28 10:00:00;6.808;6.811;6.792;6.792;8.51056;ISP.ITEUR
2026-08-28 11:00:00;6.793;6.797;6.783;6.795;10.44956;ISP.ITEUR
2026-08-28 12:00:00;6.796;6.808;6.791;6.792;11.53428;ISP.ITEUR
2026-08-28 13:00:00;6.793;6.803;6.774;6.779;15.4558;ISP.ITEUR
2026-08-28 14:00:00;6.78;6.8;6.778;6.792;23.89552;ISP.ITEUR
2026-08-28 15:00:00;6.793;6.797;6.782;6.786;9.93552;ISP.ITEUR
2026-08-31 07:00:00;6.78;6.798;6.776;6.794;14.71085;ISP.ITEUR
2026-08-31 08:00:00;6.795;6.806;6.781;6.806;12.4386;ISP.ITEUR
2026-08-31 09:00:00;6.804;6.804;6.785;6.79;9.5964;ISP.ITEUR
2026-08-31 10:00:00;6.791;6.793;6.779;6.793;6.7244;ISP.ITEUR
2026-08-31 11:00:00;6.794;6.818;6.793;6.818;7.8639;ISP.ITEUR
2026-08-31 12:00:00;6.82;6.836;6.812;6.815;11.79925;ISP.ITEUR
2026-08-31 13:00:00;6.816;6.82;6.8;6.809;11.12345;ISP.ITEUR
2026-08-31 14:00:00;6.81;6.815;6.793;6.8;11.3454;ISP.ITEUR
2026-08-31 15:00:00;6.801;6.806;6.79;6.792;6.3004;ISP.ITEUR
2026-09-01 07:00:00;6.748;6.772;6.697;6.723;26.8614;ISP.ITEUR
2026-09-01 08:00:00;6.724;6.738;6.672;6.677;37.0141;ISP.ITEUR
2026-09-01 09:00:00;6.676;6.691;6.658;6.671;27.45075;ISP.ITEUR
2026-09-01 10:00:00;6.672;6.697;6.662;6.684;22.4323;ISP.ITEUR
2026-09-01 11:00:00;6.683;6.724;6.678;6.717;21.6042;ISP.ITEUR
2026-09-01 12:00:00;6.718;6.731;6.71;6.724;22.67425;ISP.ITEUR
2026-09-01 13:00:00;6.725;6.746;6.709;6.745;27.2422;ISP.ITEUR
2026-09-01 14:00:00;6.744;6.744;6.645;6.648;33.4334;ISP.ITEUR
2026-09-01 15:00:00;6.647;6.674;6.638;6.67;21.72355;ISP.ITEUR
2026-09-02 07:00:00;6.69;6.699;6.67;6.681;21.1173;ISP.ITEUR
2026-09-02 08:00:00;6.682;6.692;6.638;6.638;25.6356;ISP.ITEUR
2026-09-02 09:00:00;6.639;6.664;6.628;6.66;21.20345;ISP.ITEUR
2026-09-02 10:00:00;6.661;6.665;6.632;6.639;14.1974;ISP.ITEUR
2026-09-02 11:00:00;6.638;6.67;6.633;6.667;15.0653;ISP.ITEUR
2026-09-02 12:00:00;6.665;6.671;6.634;6.635;16.65875;ISP.ITEUR
2026-09-02 13:00:00;6.636;6.673;6.636;6.673;17.9407;ISP.ITEUR
2026-09-02 14:00:00;6.672;6.68;6.654;6.677;15.5225;ISP.ITEUR
2026-09-02 15:00:00;6.678;6.68;6.653;6.665;9.52685;ISP.ITEUR
2026-09-03 07:00:00;6.648;6.672;6.642;6.66;26.38085;ISP.ITEUR
2026-09-03 08:00:00;6.661;6.711;6.657;6.699;17.44385;ISP.ITEUR
2026-09-03 09:00:00;6.7;6.704;6.666;6.668;11.83565;ISP.ITEUR
2026-09-03 10:00:00;6.667;6.684;6.665;6.679;8.8312;ISP.ITEUR
2026-09-03 11:00:00;6.68;6.689;6.67;6.681;13.0116;ISP.ITEUR
2026-09-03 12:00:00;6.68;6.699;6.675;6.694;14.2803;ISP.ITEUR
2026-09-03 13:00:00;6.693;6.715;6.687;6.715;23.7906;ISP.ITEUR
2026-09-03 14:00:00;6.714;6.723;6.7;6.719;18.2918;ISP.ITEUR
2026-09-03 15:00:00;6.72;6.732;6.715;6.731;9.82495;ISP.ITEUR
2026-09-04 07:00:00;6.681;6.704;6.675;6.691;21.47505;ISP.ITEUR
2026-09-04 08:00:00;6.692;6.698;6.677;6.693;19.9811;ISP.ITEUR
2026-09-04 09:00:00;6.692;6.698;6.679;6.689;20.0738;ISP.ITEUR
2026-09-04 10:00:00;6.688;6.714;6.687;6.712;13.94575;ISP.ITEUR
2026-09-04 11:00:00;6.711;6.732;6.709;6.731;7.64205;ISP.ITEUR
2026-09-04 12:00:00;6.732;6.75;6.714;6.732;18.98765;ISP.ITEUR
2026-09-04 13:00:00;6.731;6.744;6.721;6.736;22.50545;ISP.ITEUR
2026-09-04 14:00:00;6.737;6.74;6.72;6.73;18.65625;ISP.ITEUR
2026-09-04 15:00:00;6.728;6.739;6.722;6.735;8.82455;ISP.ITEUR
2026-09-07 07:00:00;6.739;6.759;6.715;6.735;27.5744;ISP.ITEUR
2026-09-07 08:00:00;6.734;6.741;6.717;6.731;16.0934;ISP.ITEUR
2026-09-07 09:00:00;6.732;6.74;6.723;6.735;11.3541;ISP.ITEUR
2026-09-07 10:00:00;6.736;6.74;6.718;6.721;11.1706;ISP.ITEUR
2026-09-07 11:00:00;6.722;6.723;6.706;6.712;13.2999;ISP.ITEUR
2026-09-07 12:00:00;6.713;6.742;6.709;6.737;10.3963;ISP.ITEUR
2026-09-07 13:00:00;6.736;6.753;6.736;6.749;12.8293;ISP.ITEUR
2026-09-07 14:00:00;6.748;6.761;6.742;6.749;12.2152;ISP.ITEUR
2026-09-07 15:00:00;6.748;6.752;6.74;6.74;6.3913;ISP.ITEUR
2026-09-08 07:00:00;6.724;6.729;6.659;6.674;27.6411;ISP.ITEUR
2026-09-08 08:00:00;6.675;6.675;6.646;6.67;31.3657;ISP.ITEUR
2026-09-08 09:00:00;6.668;6.706;6.662;6.704;19.4342;ISP.ITEUR
2026-09-08 10:00:00;6.703;6.717;6.66;6.662;13.9307;ISP.ITEUR
2026-09-08 11:00:00;6.66;6.682;6.659;6.662;9.7121;ISP.ITEUR
2026-09-08 12:00:00;6.661;6.689;6.643;6.678;13.8172;ISP.ITEUR
2026-09-08 13:00:00;6.679;6.691;6.67;6.682;18.196;ISP.ITEUR
2026-09-08 14:00:00;6.681;6.681;6.644;6.673;16.5773;ISP.ITEUR
2026-09-08 15:00:00;6.673;6.691;6.666;6.686;8.564;ISP.ITEUR
2026-09-09 07:00:00;6.633;6.647;6.615;6.619;29.113;ISP.ITEUR
2026-09-09 08:00:00;6.62;6.634;6.608;6.626;24.5072;ISP.ITEUR
2026-09-09 09:00:00;6.627;6.63;6.574;6.576;23.0454;ISP.ITEUR
2026-09-09 10:00:00;6.577;6.577;6.521;6.534;34.2627;ISP.ITEUR
2026-09-09 11:00:00;6.533;6.575;6.533;6.556;32.2702;ISP.ITEUR
2026-09-09 12:00:00;6.557;6.615;6.535;6.615;24.4305;ISP.ITEUR
2026-09-09 13:00:00;6.612;6.626;6.608;6.619;25.7487;ISP.ITEUR
2026-09-09 14:00:00;6.62;6.641;6.612;6.64;24.9778;ISP.ITEUR
2026-09-09 15:00:00;6.641;6.644;6.619;6.637;11.6245;ISP.ITEUR
2026-09-10 07:00:00;6.675;6.723;6.675;6.714;21.0529;ISP.ITEUR
2026-09-10 08:00:00;6.715;6.715;6.666;6.669;14.982;ISP.ITEUR
2026-09-10 09:00:00;6.668;6.674;6.654;6.673;15.9899;ISP.ITEUR
2026-09-10 10:00:00;6.672;6.689;6.669;6.685;9.1514;ISP.ITEUR
2026-09-10 11:00:00;6.684;6.684;6.65;6.65;13.9941;ISP.ITEUR
2026-09-10 12:00:00;6.649;6.66;6.615;6.632;34.5097;ISP.ITEUR
2026-09-10 13:00:00;6.633;6.664;6.63;6.654;24.8543;ISP.ITEUR
2026-09-10 14:00:00;6.653;6.677;6.644;6.662;18.3061;ISP.ITEUR
2026-09-10 15:00:00;6.661;6.684;6.66;6.677;7.6462;ISP.ITEUR
2026-09-11 07:00:00;6.72;6.764;6.72;6.757;24.7542;ISP.ITEUR
2026-09-11 08:00:00;6.758;6.765;6.734;6.764;16.1865;ISP.ITEUR
2026-09-11 09:00:00;6.763;6.776;6.756;6.773;8.2703;ISP.ITEUR
2026-09-11 10:00:00;6.774;6.784;6.761;6.773;6.2044;ISP.ITEUR
2026-09-11 11:00:00;6.772;6.776;6.758;6.768;7.5227;ISP.ITEUR
2026-09-11 12:00:00;6.768;6.804;6.761;6.804;15.0121;ISP.ITEUR
2026-09-11 13:00:00;6.803;6.826;6.796;6.824;20.2652;ISP.ITEUR
2026-09-11 14:00:00;6.824;6.824;6.782;6.796;17.2448;ISP.ITEUR
2026-09-11 15:00:00;6.797;6.824;6.794;6.823;7.0855;ISP.ITEUR
2026-09-14 07:00:00;6.795;6.822;6.779;6.784;25.40007;ISP.ITEUR
2026-09-14 08:00:00;6.785;6.794;6.744;6.768;26.68043;ISP.ITEUR
2026-09-14 09:00:00;6.767;6.769;6.727;6.748;26.09635;ISP.ITEUR
2026-09-14 10:00:00;6.749;6.749;6.717;6.729;18.06414;ISP.ITEUR
2026-09-14 11:00:00;6.728;6.728;6.706;6.717;17.05767;ISP.ITEUR
2026-09-14 12:00:00;6.716;6.729;6.681;6.696;27.25464;ISP.ITEUR
2026-09-14 13:00:00;6.695;6.742;6.684;6.727;25.2119;ISP.ITEUR
2026-09-14 14:00:00;6.726;6.734;6.665;6.671;24.94135;ISP.ITEUR
2026-09-14 15:00:00;6.67;6.699;6.657;6.699;16.29207;ISP.ITEUR
2026-09-15 07:00:00;6.643;6.664;6.56;6.597;66.10544;ISP.ITEUR
2026-09-15 08:00:00;6.598;6.654;6.583;6.64;41.45779;ISP.ITEUR
2026-09-15 09:00:00;6.639;6.689;6.625;6.685;25.1591;ISP.ITEUR
2026-09-15 10:00:00;6.686;6.714;6.683;6.713;15.12385;ISP.ITEUR
2026-09-15 11:00:00;6.714;6.727;6.704;6.726;17.80349;ISP.ITEUR
2026-09-15 12:00:00;6.725;6.746;6.712;6.746;16.99497;ISP.ITEUR
2026-09-15 13:00:00;6.747;6.759;6.71;6.73;24.54536;ISP.ITEUR
2026-09-15 14:00:00;6.731;6.734;6.678;6.691;26.79914;ISP.ITEUR
2026-09-15 15:00:00;6.692;6.704;6.678;6.702;15.93235;ISP.ITEUR
2026-09-16 07:00:00;6.722;6.759;6.721;6.756;22.70065;ISP.ITEUR
2026-09-16 08:00:00;6.755;6.755;6.714;6.729;19.1201;ISP.ITEUR
2026-09-16 09:00:00;6.728;6.73;6.702;6.713;16.14355;ISP.ITEUR
2026-09-16 10:00:00;6.714;6.736;6.7;6.736;12.51679;ISP.ITEUR
2026-09-16 11:00:00;6.738;6.75;6.73;6.743;11.84697;ISP.ITEUR
2026-09-16 12:00:00;6.744;6.754;6.733;6.737;8.84065;ISP.ITEUR
2026-09-16 13:00:00;6.736;6.738;6.712;6.726;17.55926;ISP.ITEUR
2026-09-16 14:00:00;6.727;6.748;6.712;6.748;19.49963;ISP.ITEUR
2026-09-16 15:00:00;6.747;6.763;6.746;6.747;12.79076;ISP.ITEUR
2026-09-17 07:00:00;6.778;6.797;6.756;6.762;29.33357;ISP.ITEUR
2026-09-17 08:00:00;6.762;6.779;6.75;6.764;17.52951;ISP.ITEUR
2026-09-17 09:00:00;6.762;6.782;6.761;6.771;11.8074;ISP.ITEUR
2026-09-17 10:00:00;6.772;6.777;6.764;6.774;8.27308;ISP.ITEUR
2026-09-17 11:00:00;6.775;6.798;6.765;6.797;10.42137;ISP.ITEUR
2026-09-17 12:00:00;6.796;6.826;6.792;6.803;15.09744;ISP.ITEUR
2026-09-17 13:00:00;6.804;6.81;6.782;6.802;15.45715;ISP.ITEUR
2026-09-17 14:00:00;6.801;6.811;6.797;6.804;12.51023;ISP.ITEUR
2026-09-17 15:00:00;6.805;6.825;6.803;6.816;6.26669;ISP.ITEUR
2026-09-18 07:00:00;6.794;6.8;6.77;6.794;22.45642;ISP.ITEUR
2026-09-18 08:00:00;6.793;6.794;6.758;6.772;18.93203;ISP.ITEUR
2026-09-18 09:00:00;6.77;6.772;6.698;6.706;25.51225;ISP.ITEUR
2026-09-18 10:00:00;6.705;6.718;6.697;6.701;19.31153;ISP.ITEUR
2026-09-18 11:00:00;6.7;6.712;6.666;6.669;30.51176;ISP.ITEUR
2026-09-18 12:00:00;6.67;6.698;6.67;6.688;25.29445;ISP.ITEUR
2026-09-18 13:00:00;6.687;6.694;6.661;6.666;25.05351;ISP.ITEUR
2026-09-18 14:00:00;6.667;6.699;6.656;6.664;28.42935;ISP.ITEUR
2026-09-18 15:00:00;6.665;6.677;6.65;6.67;13.68835;ISP.ITEUR
2026-09-21 07:00:00;6.729;6.783;6.717;6.757;31.1032;ISP.ITEUR
2026-09-21 08:00:00;6.755;6.791;6.752;6.787;14.3848;ISP.ITEUR
2026-09-21 09:00:00;6.788;6.798;6.767;6.768;13.023;ISP.ITEUR
2026-09-21 10:00:00;6.767;6.786;6.759;6.78;7.4513;ISP.ITEUR
2026-09-21 11:00:00;6.779;6.787;6.77;6.78;7.9557;ISP.ITEUR
2026-09-21 12:00:00;6.779;6.783;6.767;6.77;8.8199;ISP.ITEUR
2026-09-21 13:00:00;6.768;6.782;6.762;6.77;12.8717;ISP.ITEUR
2026-09-21 14:00:00;6.769;6.787;6.763;6.769;14.4689;ISP.ITEUR
2026-09-21 15:00:00;6.77;6.783;6.768;6.771;5.0236;ISP.ITEUR
2026-09-22 07:00:00;6.749;6.787;6.717;6.745;30.6829;ISP.ITEUR
2026-09-22 08:00:00;6.746;6.782;6.736;6.771;30.7636;ISP.ITEUR
2026-09-22 09:00:00;6.772;6.813;6.762;6.804;28.087;ISP.ITEUR
2026-09-22 10:00:00;6.803;6.809;6.789;6.796;17.5254;ISP.ITEUR
2026-09-22 11:00:00;6.795;6.796;6.769;6.775;19.6976;ISP.ITEUR
2026-09-22 12:00:00;6.774;6.791;6.77;6.773;13.6619;ISP.ITEUR
2026-09-22 13:00:00;6.774;6.797;6.765;6.767;22.0951;ISP.ITEUR
2026-09-22 14:00:00;6.768;6.781;6.715;6.734;36.2579;ISP.ITEUR
2026-09-22 15:00:00;6.733;6.74;6.719;6.723;12.2732;ISP.ITEUR
2026-09-23 07:00:00;6.771;6.804;6.748;6.797;31.2747;ISP.ITEUR
2026-09-23 08:00:00;6.796;6.798;6.754;6.77;21.9;ISP.ITEUR
2026-09-23 09:00:00;6.769;6.772;6.737;6.74;16.6578;ISP.ITEUR
2026-09-23 10:00:00;6.741;6.745;6.72;6.72;13.5812;ISP.ITEUR
2026-09-23 11:00:00;6.719;6.723;6.686;6.71;19.6068;ISP.ITEUR
2026-09-23 12:00:00;6.709;6.726;6.692;6.726;18.2719;ISP.ITEUR
2026-09-23 13:00:00;6.725;6.745;6.714;6.738;24.0453;ISP.ITEUR
2026-09-23 14:00:00;6.739;6.752;6.723;6.733;27.9795;ISP.ITEUR
2026-09-23 15:00:00;6.732;6.734;6.713;6.713;13.1407;ISP.ITEUR
2026-09-24 07:00:00;6.683;6.764;6.679;6.744;35.73;ISP.ITEUR
2026-09-24 08:00:00;6.744;6.759;6.707;6.712;42.1289;ISP.ITEUR
2026-09-24 09:00:00;6.713;6.731;6.7;6.72;26.1838;ISP.ITEUR
2026-09-24 10:00:00;6.719;6.752;6.717;6.739;18.8468;ISP.ITEUR
2026-09-24 11:00:00;6.74;6.745;6.721;6.741;15.4272;ISP.ITEUR
2026-09-24 12:00:00;6.742;6.758;6.733;6.754;16.0156;ISP.ITEUR
2026-09-24 13:00:00;6.755;6.769;6.735;6.749;18.8435;ISP.ITEUR
2026-09-24 14:00:00;6.75;6.75;6.728;6.734;17.1085;ISP.ITEUR
2026-09-24 15:00:00;6.733;6.738;6.717;6.729;12.3404;ISP.ITEUR
2026-09-25 07:00:00;6.779;6.825;6.779;6.787;28.2787;ISP.ITEUR
2026-09-25 08:00:00;6.788;6.792;6.765;6.786;19.9228;ISP.ITEUR
2026-09-25 09:00:00;6.785;6.789;6.764;6.769;17.2026;ISP.ITEUR
2026-09-25 10:00:00;6.768;6.775;6.75;6.758;11.7217;ISP.ITEUR
2026-09-25 11:00:00;6.759;6.772;6.754;6.763;12.1958;ISP.ITEUR
2026-09-25 12:00:00;6.762;6.776;6.751;6.763;14.6168;ISP.ITEUR
2026-09-25 13:00:00;6.764;6.769;6.741;6.744;17.5422;ISP.ITEUR
2026-09-25 14:00:00;6.743;6.745;6.725;6.742;19.3849;ISP.ITEUR
2026-09-25 15:00:00;6.743;6.759;6.738;6.757;8.9779;ISP.ITEUR
2026-09-28 07:00:00;6.785;6.793;6.725;6.787;43.23701;ISP.ITEUR
2026-09-28 08:00:00;6.788;6.792;6.757;6.768;24.4135;ISP.ITEUR
2026-09-28 09:00:00;6.767;6.774;6.742;6.762;24.58031;ISP.ITEUR
2026-09-28 10:00:00;6.763;6.766;6.747;6.759;13.89388;ISP.ITEUR
2026-09-28 11:00:00;6.76;6.769;6.749;6.759;15.20207;ISP.ITEUR
2026-09-28 12:00:00;6.758;6.792;6.754;6.789;19.32063;ISP.ITEUR
2026-09-28 13:00:00;6.788;6.808;6.778;6.808;20.57226;ISP.ITEUR
2026-09-28 14:00:00;6.807;6.811;6.761;6.771;20.18498;ISP.ITEUR
2026-09-28 15:00:00;6.77;6.779;6.767;6.773;11.08006;ISP.ITEUR
