timestamp;open;high;low;close;volume;ticker
2021-01-04 14:00:00;54.338;54.478;53.397;53.458;31290.23325;KO.USUSD
2021-01-04 15:00:00;53.467;53.618;52.497;52.527;42085.27825;KO.USUSD
2021-01-04 16:00:00;52.517;52.648;52.207;52.367;48260.222;KO.USUSD
2021-01-04 17:00:00;52.367;52.378;52.017;52.138;39172.66;KO.USUSD
2021-01-04 18:00:00;52.138;52.618;52.068;52.508;17095.08475;KO.USUSD
2021-01-04 19:00:00;52.507;52.638;52.407;52.597;24490.11025;KO.USUSD
2021-01-04 20:00:00;52.598;52.848;52.477;52.747;21610.09825;KO.USUSD
2021-01-05 14:00:00;52.328;52.607;52.217;52.338;26665.1485;KO.USUSD
2021-01-05 15:00:00;52.348;52.577;52.027;52.208;28077.63425;KO.USUSD
2021-01-05 16:00:00;52.207;52.398;52.177;52.267;20960.108;KO.USUSD
2021-01-05 17:00:00;52.277;52.418;52.127;52.208;14125.0645;KO.USUSD
2021-01-05 18:00:00;52.218;52.227;52.057;52.118;7647.53375;KO.USUSD
2021-01-05 19:00:00;52.118;52.308;52.087;52.147;9147.536;KO.USUSD
2021-01-05 20:00:00;52.147;52.348;52.077;52.138;16432.569;KO.USUSD
2021-01-06 14:00:00;51.898;51.955;50.897;51.157;39277.7445;KO.USUSD
2021-01-06 15:00:00;51.157;51.198;50.177;50.688;53140.34125;KO.USUSD
2021-01-06 16:00:00;50.698;50.938;50.488;50.748;30420.168;KO.USUSD
2021-01-06 17:00:00;50.758;50.888;50.637;50.847;12502.5555;KO.USUSD
2021-01-06 18:00:00;50.847;50.888;50.417;50.468;10227.54725;KO.USUSD
2021-01-06 19:00:00;50.468;50.658;50.297;50.438;34022.61625;KO.USUSD
2021-01-06 20:00:00;50.428;50.578;50.218;50.498;33945.12525;KO.USUSD
2021-01-07 14:00:00;49.998;50.107;49.517;49.727;30475.23025;KO.USUSD
2021-01-07 15:00:00;49.717;50.248;49.577;50.068;25020.16425;KO.USUSD
2021-01-07 16:00:00;50.057;50.067;49.877;49.917;10605.06075;KO.USUSD
2021-01-07 17:00:00;49.898;49.917;49.538;49.727;471.8405;KO.USUSD
2021-01-07 18:00:00;49.737;49.838;49.627;49.798;93.5435;KO.USUSD
2021-01-07 19:00:00;49.797;49.998;49.797;49.988;62.177;KO.USUSD
2021-01-07 20:00:00;49.987;50.138;49.837;49.937;104.39575;KO.USUSD
2021-01-08 14:00:00;49.897;50.228;49.867;49.968;180.4055;KO.USUSD
2021-01-08 15:00:00;49.987;50.268;49.827;50.187;171.715;KO.USUSD
2021-01-08 16:00:00;50.197;50.438;50.157;50.367;112.49025;KO.USUSD
2021-01-08 17:00:00;50.358;50.598;50.317;50.478;56.9565;KO.USUSD
2021-01-08 18:00:00;50.467;50.797;50.367;50.768;133.2805;KO.USUSD
2021-01-08 19:00:00;50.758;50.918;50.547;50.827;129.62125;KO.USUSD
2021-01-08 20:00:00;50.817;51.118;50.817;51.067;108.847;KO.USUSD
2021-01-11 14:00:00;50.547;50.838;50.207;50.507;219.834;KO.USUSD
2021-01-11 15:00:00;50.508;50.528;50.157;50.277;120.569;KO.USUSD
2021-01-11 16:00:00;50.278;50.358;50.198;50.297;74.048;KO.USUSD
2021-01-11 17:00:00;50.288;50.318;50.167;50.277;25.31725;KO.USUSD
2021-01-11 18:00:00;50.287;50.288;49.997;50.048;37.8975;KO.USUSD
2021-01-11 19:00:00;50.058;50.158;49.947;50.158;48.17775;KO.USUSD
2021-01-11 20:00:00;50.157;50.257;50.067;50.197;81.573;KO.USUSD
2021-01-12 14:00:00;50.017;50.198;49.878;50.057;179.567;KO.USUSD
2021-01-12 15:00:00;50.057;50.358;49.958;50.107;132.58925;KO.USUSD
2021-01-12 16:00:00;50.097;50.168;49.898;49.957;80.7115;KO.USUSD
2021-01-12 17:00:00;49.947;49.958;49.757;49.847;126.3605;KO.USUSD
2021-01-12 18:00:00;49.858;50.138;49.857;50.017;92.24575;KO.USUSD
2021-01-12 19:00:00;50.007;50.098;49.947;50.027;76.43;KO.USUSD
2021-01-12 20:00:00;50.038;50.198;49.968;50.097;64.75725;KO.USUSD
2021-01-13 14:00:00;49.998;50.278;49.957;50.258;170.92175;KO.USUSD
2021-01-13 15:00:00;50.268;50.318;50.017;50.127;118.79325;KO.USUSD
2021-01-13 16:00:00;50.128;50.168;50.007;50.107;86.4465;KO.USUSD
2021-01-13 17:00:00;50.117;50.238;50.047;50.168;73.786;KO.USUSD
2021-01-13 18:00:00;50.168;50.348;50.167;50.228;48.6725;KO.USUSD
2021-01-13 19:00:00;50.228;50.317;50.207;50.258;48.55275;KO.USUSD
2021-01-13 20:00:00;50.267;50.308;50.138;50.138;49.4225;KO.USUSD
2021-01-14 14:00:00;50.147;50.148;49.817;49.928;120.84475;KO.USUSD
2021-01-14 15:00:00;49.917;49.978;49.617;49.688;87.9085;KO.USUSD
2021-01-14 16:00:00;49.687;49.777;49.237;49.237;71.417;KO.USUSD
2021-01-14 17:00:00;49.247;49.548;49.247;49.398;94.045;KO.USUSD
2021-01-14 18:00:00;49.388;49.558;49.307;49.337;60.58825;KO.USUSD
2021-01-14 19:00:00;49.328;49.428;49.277;49.317;46.40125;KO.USUSD
2021-01-14 20:00:00;49.328;49.428;49.217;49.218;76.1065;KO.USUSD
2021-01-15 14:00:00;49.148;49.157;48.767;48.857;185.42925;KO.USUSD
2021-01-15 15:00:00;48.867;49.078;48.517;48.638;313.9135;KO.USUSD
2021-01-15 16:00:00;48.628;48.907;48.617;48.838;115.18575;KO.USUSD
2021-01-15 17:00:00;48.837;48.878;48.747;48.757;54.4565;KO.USUSD
2021-01-15 18:00:00;48.768;48.768;48.557;48.587;44.07925;KO.USUSD
2021-01-15 19:00:00;48.578;48.807;48.567;48.787;31.095;KO.USUSD
2021-01-15 20:00:00;48.778;48.898;48.577;48.688;83.248;KO.USUSD
2021-01-19 14:00:00;48.707;48.847;48.327;48.568;197.357;KO.USUSD
2021-01-19 15:00:00;48.578;48.668;48.357;48.397;106.77725;KO.USUSD
2021-01-19 16:00:00;48.387;48.428;48.237;48.297;61.0375;KO.USUSD
2021-01-19 17:00:00;48.288;48.457;48.287;48.387;49.4505;KO.USUSD
2021-01-19 18:00:00;48.388;48.417;48.297;48.298;33.04525;KO.USUSD
2021-01-19 19:00:00;48.298;48.398;48.247;48.357;46.8255;KO.USUSD
2021-01-19 20:00:00;48.347;48.528;48.347;48.507;46.3945;KO.USUSD
2021-01-20 14:00:00;48.548;48.597;48.298;48.407;175.50475;KO.USUSD
2021-01-20 15:00:00;48.418;48.568;48.307;48.387;121.76125;KO.USUSD
2021-01-20 16:00:00;48.397;48.527;48.347;48.427;88.2055;KO.USUSD
2021-01-20 17:00:00;48.418;48.568;48.418;48.477;38.41575;KO.USUSD
2021-01-20 18:00:00;48.488;48.567;48.467;48.478;28.712;KO.USUSD
2021-01-20 19:00:00;48.478;48.568;48.458;48.518;24.94225;KO.USUSD
2021-01-20 20:00:00;48.507;48.808;48.497;48.628;58.433;KO.USUSD
2021-01-21 14:00:00;48.598;48.758;48.457;48.608;172.595;KO.USUSD
2021-01-21 15:00:00;48.608;48.738;48.537;48.708;107.4615;KO.USUSD
2021-01-21 16:00:00;48.698;49.047;48.697;48.987;80.261;KO.USUSD
2021-01-21 17:00:00;48.987;49.067;48.837;48.877;76.83975;KO.USUSD
2021-01-21 18:00:00;48.878;49.068;48.867;49.067;43.0695;KO.USUSD
2021-01-21 19:00:00;49.057;49.087;48.997;49.007;23.412;KO.USUSD
2021-01-21 20:00:00;49.008;49.038;48.877;48.947;33.82175;KO.USUSD
2021-01-22 14:00:00;48.847;48.908;48.517;48.657;168.10475;KO.USUSD
2021-01-22 15:00:00;48.678;48.757;48.528;48.658;103.52825;KO.USUSD
2021-01-22 16:00:00;48.657;48.758;48.548;48.657;76.7715;KO.USUSD
2021-01-22 17:00:00;48.667;48.678;48.597;48.628;23.21875;KO.USUSD
2021-01-22 18:00:00;48.617;48.838;48.597;48.777;41.78075;KO.USUSD
2021-01-22 19:00:00;48.767;48.788;48.607;48.658;35.09975;KO.USUSD
2021-01-22 20:00:00;48.658;48.678;48.477;48.487;22.9105;KO.USUSD
2021-01-25 14:00:00;48.427;48.568;48.237;48.317;160.43525;KO.USUSD
2021-01-25 15:00:00;48.308;48.667;48.307;48.548;285.443;KO.USUSD
2021-01-25 16:00:00;48.547;48.628;48.327;48.527;379.73775;KO.USUSD
2021-01-25 17:00:00;48.528;48.777;48.457;48.727;169.99375;KO.USUSD
2021-01-25 18:00:00;48.727;48.788;48.677;48.758;105.332;KO.USUSD
2021-01-25 19:00:00;48.758;48.828;48.697;48.697;83.429;KO.USUSD
2021-01-25 20:00:00;48.687;48.798;48.647;48.777;81.051;KO.USUSD
2021-01-26 14:00:00;48.887;48.988;48.608;48.857;185.285;KO.USUSD
2021-01-26 15:00:00;48.867;49.138;48.857;49.017;198.3175;KO.USUSD
2021-01-26 16:00:00;49.017;49.178;48.977;49.177;126.097;KO.USUSD
2021-01-26 17:00:00;49.167;49.198;49.077;49.117;72.086;KO.USUSD
2021-01-26 18:00:00;49.118;49.198;49.078;49.137;30.24075;KO.USUSD
2021-01-26 19:00:00;49.148;49.218;49.128;49.218;43.4665;KO.USUSD
2021-01-26 20:00:00;49.208;49.388;49.197;49.257;49.90425;KO.USUSD
2021-01-27 14:00:00;48.907;49.317;48.677;48.708;371.22575;KO.USUSD
2021-01-27 15:00:00;48.697;48.767;48.417;48.677;376.2575;KO.USUSD
2021-01-27 16:00:00;48.677;48.768;48.467;48.488;277.794;KO.USUSD
2021-01-27 17:00:00;48.487;48.728;48.467;48.727;143.0355;KO.USUSD
2021-01-27 18:00:00;48.728;48.838;48.587;48.628;155.01425;KO.USUSD
2021-01-27 19:00:00;48.627;48.687;48.447;48.448;329.42525;KO.USUSD
2021-01-27 20:00:00;48.447;48.528;48.227;48.518;258.5825;KO.USUSD
2021-01-28 14:00:00;48.678;48.978;48.598;48.807;287.9975;KO.USUSD
2021-01-28 15:00:00;48.818;49.248;48.777;49.117;428.523;KO.USUSD
2021-01-28 16:00:00;49.128;49.368;49.107;49.207;251.281;KO.USUSD
2021-01-28 17:00:00;49.207;49.428;49.207;49.308;199.74375;KO.USUSD
2021-01-28 18:00:00;49.318;49.488;49.307;49.427;94.33275;KO.USUSD
2021-01-28 19:00:00;49.437;49.448;49.197;49.387;111.64625;KO.USUSD
2021-01-28 20:00:00;49.378;49.457;49.127;49.148;185.31475;KO.USUSD
2021-01-29 14:00:00;49.028;49.028;48.557;48.778;310.19025;KO.USUSD
2021-01-29 15:00:00;48.768;48.868;48.598;48.608;360.84725;KO.USUSD
2021-01-29 16:00:00;48.597;48.687;48.397;48.448;190.26825;KO.USUSD
2021-01-29 17:00:00;48.437;48.538;48.208;48.228;217.63425;KO.USUSD
2021-01-29 18:00:00;48.228;48.437;48.137;48.258;309.9475;KO.USUSD
2021-01-29 19:00:00;48.258;48.478;48.237;48.418;265.12575;KO.USUSD
2021-01-29 20:00:00;48.428;48.567;48.137;48.147;251.95675;KO.USUSD
2021-02-01 14:00:00;48.248;48.438;48.177;48.318;285.82875;KO.USUSD
2021-02-01 15:00:00;48.317;48.558;48.227;48.437;336.146;KO.USUSD
2021-02-01 16:00:00;48.427;48.678;48.407;48.668;137.51525;KO.USUSD
2021-02-01 17:00:00;48.667;48.678;48.497;48.577;117.007;KO.USUSD
2021-02-01 18:00:00;48.578;48.618;48.497;48.508;47.6755;KO.USUSD
2021-02-01 19:00:00;48.508;48.648;48.498;48.557;65.8845;KO.USUSD
2021-02-01 20:00:00;48.557;48.598;48.397;48.468;79.55875;KO.USUSD
2021-02-02 14:00:00;48.668;49.168;48.617;49.048;215.25625;KO.USUSD
2021-02-02 15:00:00;49.057;49.338;49.027;49.247;239.73975;KO.USUSD
2021-02-02 16:00:00;49.237;49.328;49.077;49.287;92.95175;KO.USUSD
2021-02-02 17:00:00;49.287;49.328;49.087;49.188;60.2755;KO.USUSD
2021-02-02 18:00:00;49.187;49.207;49.057;49.138;36.8105;KO.USUSD
2021-02-02 19:00:00;49.137;49.198;49.087;49.138;52.67925;KO.USUSD
2021-02-02 20:00:00;49.128;49.138;48.927;48.928;59.80275;KO.USUSD
2021-02-03 14:00:00;48.797;49.008;48.648;48.848;203.3215;KO.USUSD
2021-02-03 15:00:00;48.858;48.958;48.797;48.927;200.4885;KO.USUSD
2021-02-03 16:00:00;48.927;48.948;48.797;48.938;83.28;KO.USUSD
2021-02-03 17:00:00;48.938;48.978;48.867;48.898;77.446;KO.USUSD
2021-02-03 18:00:00;48.907;48.948;48.848;48.908;40.50975;KO.USUSD
2021-02-03 19:00:00;48.898;49.078;48.877;48.968;49.1225;KO.USUSD
2021-02-03 20:00:00;48.958;49.018;48.747;48.747;60.56775;KO.USUSD
2021-02-04 14:00:00;48.868;48.988;48.637;48.728;157.26575;KO.USUSD
2021-02-04 15:00:00;48.737;48.918;48.667;48.917;134.32275;KO.USUSD
2021-02-04 16:00:00;48.918;49.058;48.847;48.947;86.06025;KO.USUSD
2021-02-04 17:00:00;48.958;48.977;48.757;48.898;66.76475;KO.USUSD
2021-02-04 18:00:00;48.898;48.937;48.847;48.868;26.38475;KO.USUSD
2021-02-04 19:00:00;48.868;48.968;48.857;48.928;35.68925;KO.USUSD
2021-02-04 20:00:00;48.917;49.047;48.727;48.997;47.12775;KO.USUSD
2021-02-05 14:00:00;49.278;49.728;49.257;49.647;164.63825;KO.USUSD
2021-02-05 15:00:00;49.657;49.758;49.568;49.667;126.56;KO.USUSD
2021-02-05 16:00:00;49.677;49.768;49.537;49.698;71.09275;KO.USUSD
2021-02-05 17:00:00;49.687;49.738;49.617;49.718;37.69225;KO.USUSD
2021-02-05 18:00:00;49.708;49.728;49.598;49.627;27.74225;KO.USUSD
2021-02-05 19:00:00;49.617;49.668;49.557;49.578;46.702;KO.USUSD
2021-02-05 20:00:00;49.568;49.658;49.497;49.627;48.199;KO.USUSD
2021-02-08 14:00:00;49.887;50.167;49.777;49.827;196.42675;KO.USUSD
2021-02-08 15:00:00;49.838;49.948;49.737;49.758;117.67725;KO.USUSD
2021-02-08 16:00:00;49.758;49.778;49.507;49.508;89.79425;KO.USUSD
2021-02-08 17:00:00;49.518;49.588;49.487;49.508;37.36725;KO.USUSD
2021-02-08 18:00:00;49.508;49.708;49.497;49.697;32.71425;KO.USUSD
2021-02-08 19:00:00;49.687;49.758;49.637;49.738;15.63475;KO.USUSD
2021-02-08 20:00:00;49.738;49.918;49.707;49.897;43.174;KO.USUSD
2021-02-09 14:00:00;49.798;50.018;49.627;49.648;131.4445;KO.USUSD
2021-02-09 15:00:00;49.657;49.888;49.627;49.787;105.4055;KO.USUSD
2021-02-09 16:00:00;49.777;49.848;49.767;49.797;10.80675;KO.USUSD
2021-02-09 17:00:00;49.787;49.828;49.757;49.768;35.64225;KO.USUSD
2021-02-09 18:00:00;49.778;49.798;49.677;49.728;18.3165;KO.USUSD
2021-02-09 19:00:00;49.737;49.868;49.717;49.867;25.2105;KO.USUSD
2021-02-09 20:00:00;49.878;49.878;49.667;49.667;37.865;KO.USUSD
2021-02-10 14:00:00;50.397;50.557;49.697;49.847;262.07875;KO.USUSD
2021-02-10 15:00:00;49.868;50.178;49.547;49.698;263.472;KO.USUSD
2021-02-10 16:00:00;49.698;50.028;49.697;49.918;136.03625;KO.USUSD
2021-02-10 17:00:00;49.908;49.908;49.617;49.638;66.3245;KO.USUSD
2021-02-10 18:00:00;49.638;49.737;49.607;49.667;48.52775;KO.USUSD
2021-02-10 19:00:00;49.678;49.838;49.627;49.768;76.886;KO.USUSD
2021-02-10 20:00:00;49.768;49.798;49.527;49.587;67.4345;KO.USUSD
2021-02-11 14:00:00;49.797;50.198;49.797;50.067;245.061;KO.USUSD
2021-02-11 15:00:00;50.078;50.388;50.027;50.157;228.7515;KO.USUSD
2021-02-11 16:00:00;50.147;50.338;50.107;50.328;84.70025;KO.USUSD
2021-02-11 17:00:00;50.327;50.578;50.327;50.567;126.13025;KO.USUSD
2021-02-11 18:00:00;50.567;50.578;50.427;50.458;68.8565;KO.USUSD
2021-02-11 19:00:00;50.448;50.528;50.357;50.518;75.9155;KO.USUSD
2021-02-11 20:00:00;50.508;50.548;50.287;50.287;52.4415;KO.USUSD
2021-02-12 14:00:00;50.407;50.838;50.317;50.768;146.04675;KO.USUSD
2021-02-12 15:00:00;50.777;50.828;50.417;50.687;150.74075;KO.USUSD
2021-02-12 16:00:00;50.688;50.728;50.437;50.528;98.1115;KO.USUSD
2021-02-12 17:00:00;50.518;50.658;50.458;50.467;45.3535;KO.USUSD
2021-02-12 18:00:00;50.458;50.578;50.408;50.527;35.29975;KO.USUSD
2021-02-12 19:00:00;50.538;50.608;50.447;50.587;40.93;KO.USUSD
2021-02-12 20:00:00;50.587;50.788;50.558;50.688;66.06475;KO.USUSD
2021-02-16 14:00:00;50.607;50.648;50.327;50.638;208.88725;KO.USUSD
2021-02-16 15:00:00;50.627;50.708;50.437;50.528;134.77875;KO.USUSD
2021-02-16 16:00:00;50.517;50.598;50.377;50.517;68.32675;KO.USUSD
2021-02-16 17:00:00;50.508;50.637;50.467;50.467;55.014;KO.USUSD
2021-02-16 18:00:00;50.458;50.488;50.417;50.487;25.99975;KO.USUSD
2021-02-16 19:00:00;50.487;50.488;50.257;50.288;19.918;KO.USUSD
2021-02-16 20:00:00;50.287;50.327;50.157;50.248;51.60425;KO.USUSD
2021-02-17 14:00:00;49.977;50.388;49.868;50.327;201.7445;KO.USUSD
2021-02-17 15:00:00;50.337;50.478;50.207;50.438;133.125;KO.USUSD
2021-02-17 16:00:00;50.427;50.468;50.307;50.408;59.65;KO.USUSD
2021-02-17 17:00:00;50.407;50.408;50.298;50.337;36.9;KO.USUSD
2021-02-17 18:00:00;50.327;50.347;50.238;50.248;16.725;KO.USUSD
2021-02-17 19:00:00;50.248;50.338;50.247;50.318;23.3;KO.USUSD
2021-02-17 20:00:00;50.317;50.317;50.097;50.128;32.6;KO.USUSD
2021-02-18 14:00:00;49.997;50.338;49.997;50.267;213.875;KO.USUSD
2021-02-18 15:00:00;50.257;50.558;50.027;50.487;217.45;KO.USUSD
2021-02-18 16:00:00;50.478;50.558;50.237;50.327;77.8;KO.USUSD
2021-02-18 17:00:00;50.317;50.518;50.287;50.498;47.65;KO.USUSD
2021-02-18 18:00:00;50.488;50.778;50.437;50.778;34.9;KO.USUSD
2021-02-18 19:00:00;50.778;50.838;50.647;50.678;37.3;KO.USUSD
2021-02-18 20:00:00;50.667;50.807;50.658;50.768;33.9;KO.USUSD
2021-02-19 14:00:00;50.717;50.768;50.447;50.668;211.55;KO.USUSD
2021-02-19 15:00:00;50.677;50.818;50.597;50.618;182.85;KO.USUSD
2021-02-19 16:00:00;50.607;50.687;50.538;50.657;65.525;KO.USUSD
2021-02-19 17:00:00;50.648;50.687;50.458;50.537;78.45;KO.USUSD
2021-02-19 18:00:00;50.548;50.558;50.288;50.307;42.45;KO.USUSD
2021-02-19 19:00:00;50.308;50.318;50.077;50.107;46.95;KO.USUSD
2021-02-19 20:00:00;50.118;50.208;49.958;50.118;74.5;KO.USUSD
2021-02-22 14:00:00;49.777;50.178;49.668;50.008;201.975;KO.USUSD
2021-02-22 15:00:00;50.027;50.338;49.867;50.318;226.15;KO.USUSD
2021-02-22 16:00:00;50.307;50.458;50.257;50.368;102.725;KO.USUSD
2021-02-22 17:00:00;50.368;50.578;50.328;50.508;79.675;KO.USUSD
2021-02-22 18:00:00;50.517;50.728;50.457;50.718;50.425;KO.USUSD
2021-02-22 19:00:00;50.727;50.788;50.657;50.717;30.7;KO.USUSD
2021-02-22 20:00:00;50.708;50.868;50.597;50.608;71.801;KO.USUSD
2021-02-23 14:00:00;50.547;51.497;50.547;50.757;431.925;KO.USUSD
2021-02-23 15:00:00;50.747;50.827;50.407;50.548;426.2;KO.USUSD
2021-02-23 16:00:00;50.557;50.878;50.557;50.797;235.775;KO.USUSD
2021-02-23 17:00:00;50.808;50.898;50.677;50.817;167.525;KO.USUSD
2021-02-23 18:00:00;50.817;50.977;50.757;50.778;117.175;KO.USUSD
2021-02-23 19:00:00;50.778;50.797;50.587;50.708;101.55;KO.USUSD
2021-02-23 20:00:00;50.708;50.738;50.517;50.518;110.8;KO.USUSD
2021-02-24 14:00:00;50.347;50.408;50.117;50.347;247.5;KO.USUSD
2021-02-24 15:00:00;50.347;50.768;50.327;50.678;191.375;KO.USUSD
2021-02-24 16:00:00;50.668;50.728;50.527;50.597;101.2;KO.USUSD
2021-02-24 17:00:00;50.607;50.727;50.527;50.638;56.075;KO.USUSD
2021-02-24 18:00:00;50.637;50.888;50.637;50.837;83.325;KO.USUSD
2021-02-24 19:00:00;50.857;50.868;50.627;50.648;70.9;KO.USUSD
2021-02-24 20:00:00;50.657;50.787;50.607;50.688;53.35;KO.USUSD
2021-02-25 14:00:00;50.458;50.738;50.297;50.417;235.125;KO.USUSD
2021-02-25 15:00:00;50.408;50.518;50.277;50.408;347.8;KO.USUSD
2021-02-25 16:00:00;50.398;50.498;50.297;50.377;210.025;KO.USUSD
2021-02-25 17:00:00;50.368;50.497;50.197;50.198;257.1;KO.USUSD
2021-02-25 18:00:00;50.188;50.238;50.007;50.018;235.65;KO.USUSD
2021-02-25 19:00:00;50.017;50.228;49.967;50.078;119.225;KO.USUSD
2021-02-25 20:00:00;50.068;50.267;49.987;50.158;183.85;KO.USUSD
2021-02-26 14:00:00;50.098;50.168;49.647;49.847;287.675;KO.USUSD
2021-02-26 15:00:00;49.847;49.928;49.358;49.437;463.9;KO.USUSD
2021-02-26 16:00:00;49.427;49.508;49.167;49.398;247.475;KO.USUSD
2021-02-26 17:00:00;49.398;49.617;49.387;49.568;172.425;KO.USUSD
2021-02-26 18:00:00;49.557;49.567;49.377;49.388;121.725;KO.USUSD
2021-02-26 19:00:00;49.398;49.438;49.217;49.228;103.95;KO.USUSD
2021-02-26 20:00:00;49.237;49.357;48.978;48.978;95.9;KO.USUSD
2021-03-01 14:00:00;49.398;50.137;49.398;49.988;292.25;KO.USUSD
2021-03-01 15:00:00;49.987;50.288;49.907;50.237;243.5;KO.USUSD
2021-03-01 16:00:00;50.238;50.277;50.077;50.107;136.35;KO.USUSD
2021-03-01 17:00:00;50.107;50.218;49.987;49.998;72.7;KO.USUSD
2021-03-01 18:00:00;49.998;50.288;49.947;50.278;60.425;KO.USUSD
2021-03-01 19:00:00;50.288;50.428;50.137;50.137;75.075;KO.USUSD
2021-03-01 20:00:00;50.148;50.268;49.857;49.897;62.25;KO.USUSD
2021-03-02 14:00:00;49.827;49.918;49.697;49.868;185.6;KO.USUSD
2021-03-02 15:00:00;49.867;50.048;49.837;50.037;181.925;KO.USUSD
2021-03-02 16:00:00;50.038;50.218;49.927;50.158;125.85;KO.USUSD
2021-03-02 17:00:00;50.148;50.398;50.147;50.348;86.2;KO.USUSD
2021-03-02 18:00:00;50.358;50.418;50.317;50.378;61.775;KO.USUSD
2021-03-02 19:00:00;50.388;50.548;50.367;50.398;60.875;KO.USUSD
2021-03-02 20:00:00;50.388;50.408;50.037;50.098;83.45;KO.USUSD
2021-03-03 14:00:00;49.598;50.097;49.597;49.958;195.575;KO.USUSD
2021-03-03 15:00:00;49.957;50.258;49.927;50.048;318.2;KO.USUSD
2021-03-03 16:00:00;50.048;50.198;49.947;50.117;151.575;KO.USUSD
2021-03-03 17:00:00;50.107;50.218;50.007;50.138;89.325;KO.USUSD
2021-03-03 18:00:00;50.148;50.457;50.107;50.408;101.9;KO.USUSD
2021-03-03 19:00:00;50.387;50.547;50.348;50.458;149.775;KO.USUSD
2021-03-03 20:00:00;50.447;50.458;49.957;49.968;105.025;KO.USUSD
2021-03-04 14:00:00;50.29;50.908;49.867;50.908;283.05;KO.USUSD
2021-03-04 15:00:00;50.918;51.077;50.727;50.907;316.1;KO.USUSD
2021-03-04 16:00:00;50.918;51.017;50.787;50.887;269.65;KO.USUSD
2021-03-04 17:00:00;50.897;51.007;50.097;50.137;398.55;KO.USUSD
2021-03-04 18:00:00;50.137;50.228;49.637;49.658;340.05;KO.USUSD
2021-03-04 19:00:00;49.668;50.047;49.607;49.987;303.075;KO.USUSD
2021-03-04 20:00:00;49.977;49.988;49.677;49.937;232.85;KO.USUSD
2021-03-05 14:00:00;50.007;50.258;49.897;50.117;305.4;KO.USUSD
2021-03-05 15:00:00;50.107;50.558;50.077;50.328;534.925;KO.USUSD
2021-03-05 16:00:00;50.337;50.478;50.107;50.478;386.55;KO.USUSD
2021-03-05 17:00:00;50.467;50.598;50.317;50.368;228.575;KO.USUSD
2021-03-05 18:00:00;50.357;50.528;50.327;50.467;166.325;KO.USUSD
2021-03-05 19:00:00;50.467;50.757;50.367;50.677;182.9;KO.USUSD
2021-03-05 20:00:00;50.677;50.938;50.667;50.778;130.775;KO.USUSD
2021-03-08 14:00:00;51.028;51.617;50.957;51.248;383.35;KO.USUSD
2021-03-08 15:00:00;51.258;51.788;51.248;51.748;348.475;KO.USUSD
2021-03-08 16:00:00;51.757;52.207;51.697;52.118;132.275;KO.USUSD
2021-03-08 17:00:00;52.127;52.417;52.027;52.308;145.275;KO.USUSD
2021-03-08 18:00:00;52.308;52.478;52.197;52.207;102.5;KO.USUSD
2021-03-08 19:00:00;52.207;52.428;51.937;52.037;130.075;KO.USUSD
2021-03-08 20:00:00;52.047;52.047;51.558;51.628;121.025;KO.USUSD
2021-03-09 14:00:00;51.507;51.868;51.478;51.487;276.375;KO.USUSD
2021-03-09 15:00:00;51.478;51.638;51.238;51.577;173.775;KO.USUSD
2021-03-09 16:00:00;51.568;51.598;51.038;51.178;99.6;KO.USUSD
2021-03-09 17:00:00;51.177;51.298;51.107;51.237;78.325;KO.USUSD
2021-03-09 18:00:00;51.227;51.298;51.077;51.098;57.475;KO.USUSD
2021-03-09 19:00:00;51.108;51.198;51.047;51.108;41.825;KO.USUSD
2021-03-09 20:00:00;51.118;51.147;50.827;50.847;56.85;KO.USUSD
2021-03-10 14:00:00;50.967;51.248;50.707;50.898;216.725;KO.USUSD
2021-03-10 15:00:00;50.898;51.208;50.727;51.168;231.0;KO.USUSD
2021-03-10 16:00:00;51.177;51.178;50.847;50.847;94.775;KO.USUSD
2021-03-10 17:00:00;50.848;51.197;50.837;51.077;57.375;KO.USUSD
2021-03-10 18:00:00;51.087;51.438;50.997;51.438;92.75;KO.USUSD
2021-03-10 19:00:00;51.428;51.627;51.368;51.408;62.85;KO.USUSD
2021-03-10 20:00:00;51.397;51.518;51.317;51.437;42.725;KO.USUSD
2021-03-11 14:00:00;51.048;51.187;50.807;51.008;190.325;KO.USUSD
2021-03-11 15:00:00;51.017;51.318;50.957;51.228;147.425;KO.USUSD
2021-03-11 16:00:00;51.217;51.328;51.127;51.218;74.35;KO.USUSD
2021-03-11 17:00:00;51.228;51.288;51.147;51.167;37.125;KO.USUSD
2021-03-11 18:00:00;51.158;51.278;51.048;51.098;36.15;KO.USUSD
2021-03-11 19:00:00;51.108;51.137;50.897;50.907;26.4;KO.USUSD
2021-03-11 20:00:00;50.918;50.948;50.817;50.847;39.187;KO.USUSD
2021-03-12 14:00:00;50.568;50.667;50.437;50.488;149.0875;KO.USUSD
2021-03-12 15:00:00;50.497;50.567;50.407;50.527;110.8585;KO.USUSD
2021-03-12 16:00:00;50.518;50.518;50.187;50.337;43.09675;KO.USUSD
2021-03-12 17:00:00;50.337;50.408;50.298;50.388;24.44225;KO.USUSD
2021-03-12 18:00:00;50.378;50.537;50.338;50.508;19.6105;KO.USUSD
2021-03-12 19:00:00;50.517;50.597;50.377;50.377;19.03925;KO.USUSD
2021-03-12 20:00:00;50.387;50.398;50.258;50.348;49.4975;KO.USUSD
2021-03-15 13:00:00;50.447;50.917;50.427;50.798;168.96175;KO.USUSD
2021-03-15 14:00:00;50.788;50.938;50.597;50.908;157.3915;KO.USUSD
2021-03-15 15:00:00;50.898;50.938;50.767;50.927;67.689;KO.USUSD
2021-03-15 16:00:00;50.937;50.978;50.847;50.888;39.024;KO.USUSD
2021-03-15 17:00:00;50.878;51.038;50.738;51.027;28.5725;KO.USUSD
2021-03-15 18:00:00;51.038;51.118;50.897;50.937;35.16875;KO.USUSD
2021-03-15 19:00:00;50.948;51.088;50.817;51.007;32.062;KO.USUSD
2021-03-16 13:00:00;50.998;51.467;50.998;51.338;141.23925;KO.USUSD
2021-03-16 14:00:00;51.328;51.358;51.217;51.307;104.37375;KO.USUSD
2021-03-16 15:00:00;51.307;51.318;51.127;51.147;37.1225;KO.USUSD
2021-03-16 16:00:00;51.157;51.207;51.038;51.197;48.47325;KO.USUSD
2021-03-16 17:00:00;51.187;51.338;51.167;51.297;35.896;KO.USUSD
2021-03-16 18:00:00;51.298;51.508;51.277;51.438;38.59675;KO.USUSD
2021-03-16 19:00:00;51.427;51.437;51.158;51.207;59.75275;KO.USUSD
2021-03-17 13:00:00;51.218;51.528;51.098;51.408;129.5825;KO.USUSD
2021-03-17 14:00:00;51.418;51.447;51.207;51.398;135.025;KO.USUSD
2021-03-17 15:00:00;51.387;51.438;51.147;51.367;64.6875;KO.USUSD
2021-03-17 16:00:00;51.368;51.438;51.257;51.427;51.12925;KO.USUSD
2021-03-17 17:00:00;51.438;51.448;51.247;51.328;46.39825;KO.USUSD
2021-03-17 18:00:00;51.327;51.598;51.257;51.338;164.027;KO.USUSD
2021-03-17 19:00:00;51.327;51.397;51.187;51.237;64.55125;KO.USUSD
2021-03-18 13:00:00;50.997;51.187;50.847;51.058;181.4635;KO.USUSD
2021-03-18 14:00:00;51.058;51.068;50.677;50.747;96.832;KO.USUSD
2021-03-18 15:00:00;50.737;50.998;50.588;50.997;59.4785;KO.USUSD
2021-03-18 16:00:00;50.997;51.018;50.767;50.828;49.80575;KO.USUSD
2021-03-18 17:00:00;50.828;50.858;50.737;50.787;32.021;KO.USUSD
2021-03-18 18:00:00;50.778;50.808;50.478;50.638;55.5065;KO.USUSD
2021-03-18 19:00:00;50.637;50.707;50.497;50.557;69.3875;KO.USUSD
2021-03-19 13:00:00;50.298;50.608;50.297;50.548;264.85775;KO.USUSD
2021-03-19 14:00:00;50.538;50.698;50.407;50.617;149.213;KO.USUSD
2021-03-19 15:00:00;50.617;50.708;50.457;50.627;61.755;KO.USUSD
2021-03-19 16:00:00;50.638;50.648;50.347;50.437;46.474;KO.USUSD
2021-03-19 17:00:00;50.427;50.447;50.318;50.387;27.20825;KO.USUSD
2021-03-19 18:00:00;50.398;50.458;50.168;50.438;34.6445;KO.USUSD
2021-03-19 19:00:00;50.428;51.017;50.297;50.697;271.6455;KO.USUSD
2021-03-22 13:00:00;50.257;50.868;50.257;50.818;248.86425;KO.USUSD
2021-03-22 14:00:00;50.818;51.068;50.698;51.017;183.64375;KO.USUSD
2021-03-22 15:00:00;51.018;51.048;50.837;50.907;78.7095;KO.USUSD
2021-03-22 16:00:00;50.898;50.977;50.827;50.878;45.8065;KO.USUSD
2021-03-22 17:00:00;50.867;50.918;50.747;50.767;31.196;KO.USUSD
2021-03-22 18:00:00;50.758;50.888;50.727;50.847;31.92325;KO.USUSD
2021-03-22 19:00:00;50.857;50.998;50.757;50.977;41.96875;KO.USUSD
2021-03-23 13:00:00;50.697;51.128;50.697;51.038;207.8515;KO.USUSD
2021-03-23 14:00:00;51.048;51.378;50.997;51.258;202.85775;KO.USUSD
2021-03-23 15:00:00;51.248;51.398;51.178;51.388;64.0185;KO.USUSD
2021-03-23 16:00:00;51.398;51.578;51.357;51.447;61.5755;KO.USUSD
2021-03-23 17:00:00;51.438;51.568;51.428;51.568;29.212;KO.USUSD
2021-03-23 18:00:00;51.567;51.638;51.467;51.478;38.2415;KO.USUSD
2021-03-23 19:00:00;51.487;51.498;51.227;51.357;79.12375;KO.USUSD
2021-03-24 13:00:00;50.997;51.578;50.997;51.577;191.2355;KO.USUSD
2021-03-24 14:00:00;51.587;51.678;51.398;51.647;227.4195;KO.USUSD
2021-03-24 15:00:00;51.638;51.838;51.627;51.828;92.50775;KO.USUSD
2021-03-24 16:00:00;51.828;51.878;51.658;51.658;56.95575;KO.USUSD
2021-03-24 17:00:00;51.668;51.748;51.617;51.698;64.239;KO.USUSD
2021-03-24 18:00:00;51.708;51.797;51.638;51.708;60.9005;KO.USUSD
2021-03-24 19:00:00;51.718;51.818;51.507;51.507;81.239;KO.USUSD
2021-03-25 13:00:00;51.617;51.667;51.157;51.317;185.56175;KO.USUSD
2021-03-25 14:00:00;51.308;51.787;51.297;51.777;208.65625;KO.USUSD
2021-03-25 15:00:00;51.788;51.788;51.427;51.518;130.6605;KO.USUSD
2021-03-25 16:00:00;51.507;51.698;51.418;51.697;56.152;KO.USUSD
2021-03-25 17:00:00;51.708;51.907;51.657;51.837;74.57225;KO.USUSD
2021-03-25 18:00:00;51.838;51.888;51.727;51.848;63.111;KO.USUSD
2021-03-25 19:00:00;51.857;52.048;51.847;52.017;65.68975;KO.USUSD
2021-03-26 13:00:00;52.017;52.028;51.747;51.978;169.625;KO.USUSD
2021-03-26 14:00:00;51.977;52.108;51.867;52.067;146.33225;KO.USUSD
2021-03-26 15:00:00;52.068;52.328;52.017;52.217;103.58725;KO.USUSD
2021-03-26 16:00:00;52.227;52.458;52.217;52.418;48.90275;KO.USUSD
2021-03-26 17:00:00;52.418;52.678;52.387;52.607;46.77475;KO.USUSD
2021-03-26 18:00:00;52.597;52.898;52.587;52.757;86.10325;KO.USUSD
2021-03-26 19:00:00;52.747;53.098;52.688;53.028;71.26475;KO.USUSD
2021-03-29 13:00:00;52.557;53.278;52.557;52.988;188.994;KO.USUSD
2021-03-29 14:00:00;52.998;53.258;52.947;53.228;116.38625;KO.USUSD
2021-03-29 15:00:00;53.218;53.597;53.177;53.557;80.56075;KO.USUSD
2021-03-29 16:00:00;53.557;53.758;53.517;53.618;41.924;KO.USUSD
2021-03-29 17:00:00;53.607;53.778;53.558;53.778;36.15725;KO.USUSD
2021-03-29 18:00:00;53.767;53.887;53.687;53.837;37.64825;KO.USUSD
2021-03-29 19:00:00;53.847;53.927;53.777;53.847;42.1165;KO.USUSD
2021-03-30 13:00:00;53.738;53.787;53.197;53.247;180.48775;KO.USUSD
2021-03-30 14:00:00;53.277;53.458;53.078;53.078;179.38025;KO.USUSD
2021-03-30 15:00:00;53.057;53.118;52.917;53.108;90.69025;KO.USUSD
2021-03-30 16:00:00;53.117;53.148;52.997;53.148;47.52475;KO.USUSD
2021-03-30 17:00:00;53.147;53.248;53.097;53.238;34.77325;KO.USUSD
2021-03-30 18:00:00;53.248;53.257;53.077;53.188;37.11725;KO.USUSD
2021-03-30 19:00:00;53.178;53.268;53.017;53.157;39.1945;KO.USUSD
2021-03-31 13:00:00;53.037;53.148;52.677;52.727;160.394;KO.USUSD
2021-03-31 14:00:00;52.728;52.918;52.697;52.868;129.655;KO.USUSD
2021-03-31 15:00:00;52.878;52.937;52.707;52.807;59.35425;KO.USUSD
2021-03-31 16:00:00;52.818;52.898;52.717;52.717;26.015;KO.USUSD
2021-03-31 17:00:00;52.707;52.768;52.647;52.768;28.437;KO.USUSD
2021-03-31 18:00:00;52.757;52.768;52.497;52.637;38.34975;KO.USUSD
2021-03-31 19:00:00;52.648;52.848;52.597;52.718;72.51625;KO.USUSD
2021-04-01 13:00:00;52.747;53.128;52.507;52.537;158.286;KO.USUSD
2021-04-01 14:00:00;52.537;52.708;52.448;52.588;123.03675;KO.USUSD
2021-04-01 15:00:00;52.578;52.888;52.578;52.838;75.979;KO.USUSD
2021-04-01 16:00:00;52.848;52.967;52.827;52.828;43.18075;KO.USUSD
2021-04-01 17:00:00;52.847;52.868;52.708;52.747;24.22025;KO.USUSD
2021-04-01 18:00:00;52.757;52.757;52.648;52.698;17.36275;KO.USUSD
2021-04-01 19:00:00;52.687;52.718;52.487;52.488;37.04825;KO.USUSD
2021-04-05 13:00:00;52.287;52.788;52.267;52.718;172.9015;KO.USUSD
2021-04-05 14:00:00;52.718;53.208;52.687;53.108;154.533;KO.USUSD
2021-04-05 15:00:00;53.118;53.167;52.937;53.058;75.92675;KO.USUSD
2021-04-05 16:00:00;53.068;53.187;53.017;53.118;49.50875;KO.USUSD
2021-04-05 17:00:00;53.108;53.168;52.867;52.948;43.58825;KO.USUSD
2021-04-05 18:00:00;52.947;52.968;52.788;52.788;34.87925;KO.USUSD
2021-04-05 19:00:00;52.797;52.958;52.777;52.787;43.77475;KO.USUSD
2021-04-06 13:00:00;52.907;53.318;52.747;53.268;137.14225;KO.USUSD
2021-04-06 14:00:00;53.277;53.488;53.257;53.337;115.11375;KO.USUSD
2021-04-06 15:00:00;53.327;53.588;53.327;53.538;61.87925;KO.USUSD
2021-04-06 16:00:00;53.538;53.638;53.457;53.468;42.074;KO.USUSD
2021-04-06 17:00:00;53.458;53.588;53.447;53.487;32.3195;KO.USUSD
2021-04-06 18:00:00;53.477;53.518;53.307;53.307;28.612;KO.USUSD
2021-04-06 19:00:00;53.298;53.298;53.117;53.177;35.36875;KO.USUSD
2021-04-07 13:00:00;53.318;53.488;53.107;53.228;119.15125;KO.USUSD
2021-04-07 14:00:00;53.217;53.348;53.147;53.347;81.81375;KO.USUSD
2021-04-07 15:00:00;53.348;53.348;53.197;53.287;50.08375;KO.USUSD
2021-04-07 16:00:00;53.278;53.298;53.157;53.237;27.58925;KO.USUSD
2021-04-07 17:00:00;53.227;53.247;53.118;53.168;20.09675;KO.USUSD
2021-04-07 18:00:00;53.178;53.198;53.117;53.157;22.06575;KO.USUSD
2021-04-07 19:00:00;53.167;53.318;53.137;53.267;22.037;KO.USUSD
2021-04-08 13:00:00;53.047;53.288;52.957;53.177;120.6315;KO.USUSD
2021-04-08 14:00:00;53.188;53.368;53.147;53.228;97.5795;KO.USUSD
2021-04-08 15:00:00;53.217;53.238;53.118;53.157;40.452;KO.USUSD
2021-04-08 16:00:00;53.147;53.238;53.127;53.167;28.712;KO.USUSD
2021-04-08 17:00:00;53.158;53.238;53.147;53.188;23.737;KO.USUSD
2021-04-08 18:00:00;53.188;53.188;53.088;53.128;16.35975;KO.USUSD
2021-04-08 19:00:00;53.117;53.157;53.017;53.127;21.7885;KO.USUSD
2021-04-09 13:00:00;53.078;53.268;52.967;52.968;92.16425;KO.USUSD
2021-04-09 14:00:00;52.968;53.038;52.808;52.887;59.32375;KO.USUSD
2021-04-09 15:00:00;52.877;52.928;52.837;52.878;39.89675;KO.USUSD
2021-04-09 16:00:00;52.867;52.928;52.817;52.868;23.41275;KO.USUSD
2021-04-09 17:00:00;52.857;52.998;52.817;52.967;24.56125;KO.USUSD
2021-04-09 18:00:00;52.957;53.008;52.908;52.998;18.512;KO.USUSD
2021-04-09 19:00:00;52.988;53.178;52.967;53.158;32.0225;KO.USUSD
2021-04-12 13:00:00;53.268;53.538;53.078;53.527;102.294;KO.USUSD
2021-04-12 14:00:00;53.527;53.538;53.197;53.297;102.534;KO.USUSD
2021-04-12 15:00:00;53.298;53.348;53.227;53.308;41.5975;KO.USUSD
2021-04-12 16:00:00;53.297;53.308;53.227;53.227;32.396;KO.USUSD
2021-04-12 17:00:00;53.237;53.238;53.127;53.188;17.8635;KO.USUSD
2021-04-12 18:00:00;53.177;53.217;53.117;53.177;20.2385;KO.USUSD
2021-04-12 19:00:00;53.187;53.388;53.157;53.357;33.0445;KO.USUSD
2021-04-13 13:00:00;52.898;53.238;52.768;53.218;150.0215;KO.USUSD
2021-04-13 14:00:00;53.228;53.278;52.907;52.988;89.482;KO.USUSD
2021-04-13 15:00:00;52.977;53.228;52.968;53.227;55.68825;KO.USUSD
2021-04-13 16:00:00;53.238;53.238;53.067;53.127;32.3785;KO.USUSD
2021-04-13 17:00:00;53.127;53.138;53.047;53.118;20.34;KO.USUSD
2021-04-13 18:00:00;53.128;53.208;53.077;53.168;17.54;KO.USUSD
2021-04-13 19:00:00;53.167;53.198;52.997;53.077;32.12175;KO.USUSD
2021-04-14 13:00:00;52.967;53.067;52.637;52.807;148.01925;KO.USUSD
2021-04-14 14:00:00;52.818;53.028;52.737;53.028;94.4545;KO.USUSD
2021-04-14 15:00:00;53.018;53.158;52.978;53.018;61.16175;KO.USUSD
2021-04-14 16:00:00;53.007;53.128;52.997;53.017;31.34525;KO.USUSD
2021-04-14 17:00:00;53.028;53.138;53.007;53.037;30.79075;KO.USUSD
2021-04-14 18:00:00;53.038;53.178;52.997;53.077;35.3945;KO.USUSD
2021-04-14 19:00:00;53.068;53.178;53.008;53.078;39.193;KO.USUSD
2021-04-15 13:00:00;53.058;53.458;52.997;53.188;161.071;KO.USUSD
2021-04-15 14:00:00;53.198;53.628;53.197;53.458;203.018;KO.USUSD
2021-04-15 15:00:00;53.458;53.648;53.397;53.427;60.22675;KO.USUSD
2021-04-15 16:00:00;53.437;53.518;53.407;53.457;40.052;KO.USUSD
2021-04-15 17:00:00;53.468;53.558;53.377;53.397;33.00275;KO.USUSD
2021-04-15 18:00:00;53.397;53.438;53.307;53.357;38.418;KO.USUSD
2021-04-15 19:00:00;53.347;53.427;53.228;53.327;54.708;KO.USUSD
2021-04-16 13:00:00;53.568;53.708;53.367;53.588;168.503;KO.USUSD
2021-04-16 14:00:00;53.587;53.667;53.457;53.618;87.688;KO.USUSD
2021-04-16 15:00:00;53.628;53.648;53.447;53.627;34.774;KO.USUSD
2021-04-16 16:00:00;53.628;53.628;53.497;53.517;34.24075;KO.USUSD
2021-04-16 17:00:00;53.527;53.588;53.477;53.537;26.69525;KO.USUSD
2021-04-16 18:00:00;53.528;53.638;53.517;53.577;29.62025;KO.USUSD
2021-04-16 19:00:00;53.567;53.728;53.527;53.648;47.59825;KO.USUSD
2021-04-19 13:00:00;53.948;54.348;53.267;54.337;248.94825;KO.USUSD
2021-04-19 14:00:00;54.328;54.328;53.887;54.127;203.3025;KO.USUSD
2021-04-19 15:00:00;54.127;54.287;54.017;54.127;145.82425;KO.USUSD
2021-04-19 16:00:00;54.118;54.148;53.838;54.008;134.4235;KO.USUSD
2021-04-19 17:00:00;54.007;54.058;53.717;53.718;95.3245;KO.USUSD
2021-04-19 18:00:00;53.708;53.828;53.647;53.817;114.71175;KO.USUSD
2021-04-19 19:00:00;53.818;53.997;53.648;53.997;142.83025;KO.USUSD
2021-04-20 13:00:00;53.697;54.338;53.697;54.128;228.258;KO.USUSD
2021-04-20 14:00:00;54.118;54.408;54.107;54.398;175.53675;KO.USUSD
2021-04-20 15:00:00;54.407;54.578;54.298;54.317;70.87;KO.USUSD
2021-04-20 16:00:00;54.327;54.417;54.277;54.298;38.82325;KO.USUSD
2021-04-20 17:00:00;54.287;54.328;54.158;54.237;29.599;KO.USUSD
2021-04-20 18:00:00;54.238;54.297;54.048;54.058;23.137;KO.USUSD
2021-04-20 19:00:00;54.068;54.178;54.028;54.167;25.859;KO.USUSD
2021-04-21 13:00:00;54.067;54.718;54.067;54.667;177.467;KO.USUSD
2021-04-21 14:00:00;54.677;54.728;54.446;54.487;104.1715;KO.USUSD
2021-04-21 15:00:00;54.496;54.667;54.376;54.616;58.714;KO.USUSD
2021-04-21 16:00:00;54.627;54.647;54.456;54.566;42.59525;KO.USUSD
2021-04-21 17:00:00;54.576;54.677;54.536;54.586;21.25825;KO.USUSD
2021-04-21 18:00:00;54.596;54.656;54.466;54.536;18.0135;KO.USUSD
2021-04-21 19:00:00;54.526;54.697;54.476;54.607;31.16275;KO.USUSD
2021-04-22 13:00:00;54.396;54.847;54.346;54.756;165.8935;KO.USUSD
2021-04-22 14:00:00;54.766;54.787;54.606;54.676;127.76;KO.USUSD
2021-04-22 15:00:00;54.686;54.816;54.656;54.787;31.5475;KO.USUSD
2021-04-22 16:00:00;54.787;54.857;54.656;54.717;23.51725;KO.USUSD
2021-04-22 17:00:00;54.706;54.727;54.336;54.346;137.5055;KO.USUSD
2021-04-22 18:00:00;54.336;54.517;54.336;54.457;56.46025;KO.USUSD
2021-04-22 19:00:00;54.447;54.497;54.306;54.426;44.952;KO.USUSD
2021-04-23 13:00:00;54.367;54.527;54.156;54.236;136.49375;KO.USUSD
2021-04-23 14:00:00;54.247;54.566;54.176;54.546;159.00075;KO.USUSD
2021-04-23 15:00:00;54.536;54.556;54.416;54.446;53.0755;KO.USUSD
2021-04-23 16:00:00;54.446;54.517;54.396;54.467;27.859;KO.USUSD
2021-04-23 17:00:00;54.467;54.477;54.376;54.417;21.66125;KO.USUSD
2021-04-23 18:00:00;54.427;54.457;54.376;54.417;26.96275;KO.USUSD
2021-04-23 19:00:00;54.417;54.576;54.406;54.447;36.0885;KO.USUSD
2021-04-26 13:00:00;54.477;54.487;54.066;54.137;101.92125;KO.USUSD
2021-04-26 14:00:00;54.147;54.167;53.926;53.937;74.81775;KO.USUSD
2021-04-26 15:00:00;53.937;53.967;53.676;53.766;28.94975;KO.USUSD
2021-04-26 16:00:00;53.767;53.797;53.637;53.776;27.0225;KO.USUSD
2021-04-26 17:00:00;53.776;53.787;53.666;53.696;26.7385;KO.USUSD
2021-04-26 18:00:00;53.697;53.777;53.656;53.747;14.70675;KO.USUSD
2021-04-26 19:00:00;53.757;53.757;53.576;53.657;28.19375;KO.USUSD
2021-04-27 13:00:00;53.447;53.637;53.306;53.496;150.2725;KO.USUSD
2021-04-27 14:00:00;53.507;53.647;53.496;53.497;82.8465;KO.USUSD
2021-04-27 15:00:00;53.486;53.587;53.446;53.556;31.67025;KO.USUSD
2021-04-27 16:00:00;53.556;53.617;53.516;53.607;22.25825;KO.USUSD
2021-04-27 17:00:00;53.606;53.687;53.606;53.617;14.98025;KO.USUSD
2021-04-27 18:00:00;53.627;53.647;53.566;53.616;17.61725;KO.USUSD
2021-04-27 19:00:00;53.606;53.627;53.526;53.566;20.837;KO.USUSD
2021-04-28 13:00:00;53.686;54.037;53.686;53.827;127.87525;KO.USUSD
2021-04-28 14:00:00;53.827;53.836;53.537;53.626;89.16775;KO.USUSD
2021-04-28 15:00:00;53.626;53.677;53.566;53.627;33.54225;KO.USUSD
2021-04-28 16:00:00;53.636;53.677;53.506;53.537;18.98625;KO.USUSD
2021-04-28 17:00:00;53.537;53.557;53.436;53.457;12.984;KO.USUSD
2021-04-28 18:00:00;53.456;53.677;53.417;53.627;76.44275;KO.USUSD
2021-04-28 19:00:00;53.617;53.657;53.506;53.577;41.41725;KO.USUSD
2021-04-29 13:00:00;53.336;54.036;53.336;54.017;171.355;KO.USUSD
2021-04-29 14:00:00;54.016;54.107;53.886;53.957;130.76975;KO.USUSD
2021-04-29 15:00:00;53.967;54.017;53.906;53.947;28.61275;KO.USUSD
2021-04-29 16:00:00;53.937;54.056;53.916;54.026;29.3355;KO.USUSD
2021-04-29 17:00:00;54.026;54.207;54.017;54.186;35.0285;KO.USUSD
2021-04-29 18:00:00;54.197;54.347;54.116;54.257;26.64075;KO.USUSD
2021-04-29 19:00:00;54.257;54.327;54.166;54.246;37.96875;KO.USUSD
2021-04-30 13:00:00;54.186;54.246;53.816;53.856;151.427;KO.USUSD
2021-04-30 14:00:00;53.867;53.946;53.686;53.936;120.35825;KO.USUSD
2021-04-30 15:00:00;53.927;53.956;53.756;53.926;60.4595;KO.USUSD
2021-04-30 16:00:00;53.926;53.967;53.876;53.877;23.09375;KO.USUSD
2021-04-30 17:00:00;53.867;53.947;53.816;53.867;14.35825;KO.USUSD
2021-04-30 18:00:00;53.857;53.966;53.846;53.916;20.912;KO.USUSD
2021-04-30 19:00:00;53.926;53.997;53.847;53.977;46.7845;KO.USUSD
2021-05-03 13:00:00;54.226;54.527;54.156;54.487;113.12425;KO.USUSD
2021-05-03 14:00:00;54.487;54.686;54.376;54.597;121.162;KO.USUSD
2021-05-03 15:00:00;54.607;54.766;54.516;54.766;49.389;KO.USUSD
2021-05-03 16:00:00;54.767;54.767;54.637;54.766;31.90425;KO.USUSD
2021-05-03 17:00:00;54.777;54.786;54.676;54.737;26.518;KO.USUSD
2021-05-03 18:00:00;54.747;54.747;54.607;54.656;26.793;KO.USUSD
2021-05-03 19:00:00;54.647;54.647;54.406;54.477;31.7635;KO.USUSD
2021-05-04 13:00:00;54.487;54.607;54.296;54.456;176.54425;KO.USUSD
2021-05-04 14:00:00;54.457;54.577;54.186;54.397;170.4035;KO.USUSD
2021-05-04 15:00:00;54.397;54.467;54.117;54.126;92.876;KO.USUSD
2021-05-04 16:00:00;54.117;54.216;53.986;53.986;47.4725;KO.USUSD
2021-05-04 17:00:00;53.986;54.127;53.977;54.047;44.32325;KO.USUSD
2021-05-04 18:00:00;54.036;54.107;53.936;54.066;27.57175;KO.USUSD
2021-05-04 19:00:00;54.056;54.137;53.956;54.126;40.171;KO.USUSD
2021-05-05 13:00:00;54.136;54.217;53.836;53.917;159.24175;KO.USUSD
2021-05-05 14:00:00;53.926;54.027;53.776;53.786;115.003;KO.USUSD
2021-05-05 15:00:00;53.797;53.897;53.707;53.836;30.6665;KO.USUSD
2021-05-05 16:00:00;53.826;53.926;53.786;53.896;22.71725;KO.USUSD
2021-05-05 17:00:00;53.886;53.987;53.876;53.966;22.1075;KO.USUSD
2021-05-05 18:00:00;53.977;54.047;53.936;54.047;15.1325;KO.USUSD
2021-05-05 19:00:00;54.046;54.077;53.936;53.987;31.1135;KO.USUSD
2021-05-06 13:00:00;54.046;54.337;54.036;54.226;176.80625;KO.USUSD
2021-05-06 14:00:00;54.217;54.427;54.126;54.287;197.538;KO.USUSD
2021-05-06 15:00:00;54.296;54.597;54.276;54.476;85.232;KO.USUSD
2021-05-06 16:00:00;54.476;54.527;54.336;54.336;46.77025;KO.USUSD
2021-05-06 17:00:00;54.337;54.427;54.316;54.417;16.309;KO.USUSD
2021-05-06 18:00:00;54.407;54.497;54.356;54.377;26.6385;KO.USUSD
2021-05-06 19:00:00;54.377;54.546;54.326;54.526;27.99;KO.USUSD
2021-05-07 13:00:00;54.426;54.537;54.136;54.496;194.35;KO.USUSD
2021-05-07 14:00:00;54.496;54.757;54.386;54.487;115.4265;KO.USUSD
2021-05-07 15:00:00;54.497;54.617;54.456;54.497;56.5975;KO.USUSD
2021-05-07 16:00:00;54.496;54.497;54.296;54.307;27.084;KO.USUSD
2021-05-07 17:00:00;54.317;54.447;54.297;54.447;20.80975;KO.USUSD
2021-05-07 18:00:00;54.447;54.527;54.436;54.466;25.00975;KO.USUSD
2021-05-07 19:00:00;54.467;54.587;54.466;54.487;27.9695;KO.USUSD
2021-05-10 13:00:00;54.676;55.487;54.676;55.457;171.41925;KO.USUSD
2021-05-10 14:00:00;55.457;55.466;55.096;55.257;115.462;KO.USUSD
2021-05-10 15:00:00;55.246;55.347;55.207;55.326;40.802;KO.USUSD
2021-05-10 16:00:00;55.316;55.316;55.117;55.147;26.88475;KO.USUSD
2021-05-10 17:00:00;55.147;55.217;55.116;55.116;35.25425;KO.USUSD
2021-05-10 18:00:00;55.106;55.146;54.926;55.007;75.536;KO.USUSD
2021-05-10 19:00:00;55.007;55.086;54.886;54.897;49.12325;KO.USUSD
2021-05-11 13:00:00;55.027;55.097;54.396;54.497;266.378;KO.USUSD
2021-05-11 14:00:00;54.487;54.767;54.376;54.456;283.3785;KO.USUSD
2021-05-11 15:00:00;54.456;54.507;54.217;54.446;98.35325;KO.USUSD
2021-05-11 16:00:00;54.436;54.437;54.076;54.106;63.45275;KO.USUSD
2021-05-11 17:00:00;54.096;54.237;54.046;54.207;60.54825;KO.USUSD
2021-05-11 18:00:00;54.206;54.297;54.136;54.296;44.34975;KO.USUSD
2021-05-11 19:00:00;54.286;54.317;54.036;54.297;56.296;KO.USUSD
2021-05-12 13:00:00;54.347;54.546;53.856;54.226;216.3275;KO.USUSD
2021-05-12 14:00:00;54.236;54.377;54.076;54.277;235.7245;KO.USUSD
2021-05-12 15:00:00;54.276;54.357;54.086;54.186;118.40925;KO.USUSD
2021-05-12 16:00:00;54.196;54.357;54.167;54.316;94.81025;KO.USUSD
2021-05-12 17:00:00;54.316;54.347;54.057;54.086;85.16475;KO.USUSD
2021-05-12 18:00:00;54.086;54.267;53.966;54.267;69.073;KO.USUSD
2021-05-12 19:00:00;54.256;54.267;53.976;54.017;87.133;KO.USUSD
2021-05-13 13:00:00;53.706;54.256;53.706;54.237;247.72925;KO.USUSD
2021-05-13 14:00:00;54.246;54.687;54.187;54.647;135.3695;KO.USUSD
2021-05-13 15:00:00;54.646;54.677;54.426;54.546;101.829;KO.USUSD
2021-05-13 16:00:00;54.547;54.717;54.506;54.657;47.42475;KO.USUSD
2021-05-13 17:00:00;54.647;54.677;54.436;54.467;56.46325;KO.USUSD
2021-05-13 18:00:00;54.466;54.767;54.456;54.667;53.96325;KO.USUSD
2021-05-13 19:00:00;54.657;54.737;54.487;54.487;65.53975;KO.USUSD
2021-05-14 13:00:00;54.547;55.087;54.546;54.876;184.2465;KO.USUSD
2021-05-14 14:00:00;54.866;54.967;54.736;54.927;155.852;KO.USUSD
2021-05-14 15:00:00;54.936;54.976;54.787;54.796;72.01775;KO.USUSD
2021-05-14 16:00:00;54.806;54.827;54.716;54.786;51.07775;KO.USUSD
2021-05-14 17:00:00;54.776;54.857;54.736;54.757;48.449;KO.USUSD
2021-05-14 18:00:00;54.746;54.867;54.736;54.827;34.36425;KO.USUSD
2021-05-14 19:00:00;54.816;54.887;54.686;54.696;47.57025;KO.USUSD
2021-05-17 13:00:00;54.806;55.006;54.697;54.956;216.2505;KO.USUSD
2021-05-17 14:00:00;54.957;54.987;54.496;54.566;202.7765;KO.USUSD
2021-05-17 15:00:00;54.576;54.757;54.527;54.757;81.2655;KO.USUSD
2021-05-17 16:00:00;54.747;54.837;54.696;54.806;54.50875;KO.USUSD
2021-05-17 17:00:00;54.796;54.847;54.706;54.797;46.7095;KO.USUSD
2021-05-17 18:00:00;54.807;54.857;54.766;54.846;44.79225;KO.USUSD
2021-05-17 19:00:00;54.837;54.837;54.576;54.626;62.558;KO.USUSD
2021-05-18 13:00:00;54.266;54.547;54.096;54.217;202.611;KO.USUSD
2021-05-18 14:00:00;54.217;54.307;54.096;54.267;179.608;KO.USUSD
2021-05-18 15:00:00;54.276;54.367;54.266;54.327;63.29825;KO.USUSD
2021-05-18 16:00:00;54.327;54.407;54.317;54.357;40.23925;KO.USUSD
2021-05-18 17:00:00;54.366;54.446;54.356;54.407;27.2355;KO.USUSD
2021-05-18 18:00:00;54.397;54.427;54.326;54.416;35.69075;KO.USUSD
2021-05-18 19:00:00;54.417;54.516;54.306;54.326;54.046;KO.USUSD
2021-05-19 13:00:00;54.107;54.126;53.696;53.996;258.3395;KO.USUSD
2021-05-19 14:00:00;53.986;54.037;53.606;53.667;195.831;KO.USUSD
2021-05-19 15:00:00;53.666;53.897;53.636;53.887;105.5305;KO.USUSD
2021-05-19 16:00:00;53.876;53.966;53.846;53.927;69.377;KO.USUSD
2021-05-19 17:00:00;53.927;53.986;53.856;53.857;43.07775;KO.USUSD
2021-05-19 18:00:00;53.866;53.947;53.706;53.797;144.2225;KO.USUSD
2021-05-19 19:00:00;53.797;54.167;53.727;54.156;104.3465;KO.USUSD
2021-05-20 13:00:00;54.026;54.447;54.026;54.327;188.99325;KO.USUSD
2021-05-20 14:00:00;54.316;54.546;54.277;54.516;128.18825;KO.USUSD
2021-05-20 15:00:00;54.527;54.747;54.476;54.696;82.1965;KO.USUSD
2021-05-20 16:00:00;54.696;54.787;54.596;54.757;60.07175;KO.USUSD
2021-05-20 17:00:00;54.747;54.786;54.686;54.756;34.3725;KO.USUSD
2021-05-20 18:00:00;54.756;54.787;54.626;54.636;31.84075;KO.USUSD
2021-05-20 19:00:00;54.646;54.787;54.567;54.646;62.611;KO.USUSD
2021-05-21 13:00:00;54.646;55.107;54.646;54.797;173.1835;KO.USUSD
2021-05-21 14:00:00;54.786;54.787;54.216;54.577;259.59225;KO.USUSD
2021-05-21 15:00:00;54.586;54.617;54.496;54.547;56.251;KO.USUSD
2021-05-21 16:00:00;54.537;54.557;54.426;54.476;38.574;KO.USUSD
2021-05-21 17:00:00;54.486;54.567;54.456;54.487;32.896;KO.USUSD
2021-05-21 18:00:00;54.486;54.557;54.406;54.516;29.11425;KO.USUSD
2021-05-21 19:00:00;54.507;54.647;54.486;54.586;66.033;KO.USUSD
2021-05-24 13:00:00;54.607;54.907;54.476;54.627;134.646;KO.USUSD
2021-05-24 14:00:00;54.617;54.827;54.577;54.807;111.62725;KO.USUSD
2021-05-24 15:00:00;54.797;54.797;54.626;54.667;41.78375;KO.USUSD
2021-05-24 16:00:00;54.657;54.837;54.656;54.817;27.2915;KO.USUSD
2021-05-24 17:00:00;54.806;54.837;54.756;54.787;21.37025;KO.USUSD
2021-05-24 18:00:00;54.797;54.867;54.746;54.747;18.75825;KO.USUSD
2021-05-24 19:00:00;54.737;54.807;54.707;54.776;34.64075;KO.USUSD
2021-05-25 13:00:00;54.766;54.777;54.336;54.607;161.06175;KO.USUSD
2021-05-25 14:00:00;54.616;54.677;54.436;54.487;94.8675;KO.USUSD
2021-05-25 15:00:00;54.486;54.587;54.476;54.506;56.558;KO.USUSD
2021-05-25 16:00:00;54.506;54.787;54.506;54.736;37.60975;KO.USUSD
2021-05-25 17:00:00;54.727;54.727;54.527;54.547;24.89075;KO.USUSD
2021-05-25 18:00:00;54.557;54.686;54.536;54.676;29.69525;KO.USUSD
2021-05-25 19:00:00;54.667;54.777;54.627;54.766;33.5135;KO.USUSD
2021-05-26 13:00:00;54.906;54.967;54.586;54.696;147.55125;KO.USUSD
2021-05-26 14:00:00;54.707;54.957;54.636;54.946;99.35625;KO.USUSD
2021-05-26 15:00:00;54.957;55.037;54.916;54.916;55.34525;KO.USUSD
2021-05-26 16:00:00;54.917;54.997;54.916;54.967;24.4105;KO.USUSD
2021-05-26 17:00:00;54.966;54.977;54.856;54.877;26.759;KO.USUSD
2021-05-26 18:00:00;54.866;54.897;54.806;54.806;14.159;KO.USUSD
2021-05-26 19:00:00;54.796;55.027;54.796;55.016;26.05825;KO.USUSD
2021-05-27 13:00:00;55.037;55.437;55.036;55.356;104.09775;KO.USUSD
2021-05-27 14:00:00;55.346;55.387;55.107;55.147;102.1395;KO.USUSD
2021-05-27 15:00:00;55.146;55.156;55.026;55.156;45.868;KO.USUSD
2021-05-27 16:00:00;55.157;55.157;55.017;55.017;17.0605;KO.USUSD
2021-05-27 17:00:00;55.027;55.086;55.007;55.007;34.84;KO.USUSD
2021-05-27 18:00:00;54.996;54.996;54.766;54.916;31.74375;KO.USUSD
2021-05-27 19:00:00;54.907;55.557;54.826;55.267;124.14875;KO.USUSD
2021-05-28 13:00:00;55.296;55.646;55.296;55.497;173.37475;KO.USUSD
2021-05-28 14:00:00;55.486;55.696;55.307;55.376;121.79625;KO.USUSD
2021-05-28 15:00:00;55.377;55.377;55.196;55.277;52.82925;KO.USUSD
2021-05-28 16:00:00;55.287;55.437;55.276;55.317;30.443;KO.USUSD
2021-05-28 17:00:00;55.307;55.347;55.237;55.336;19.24;KO.USUSD
2021-05-28 18:00:00;55.347;55.407;55.316;55.316;22.4945;KO.USUSD
2021-05-28 19:00:00;55.307;55.376;55.246;55.277;32.593;KO.USUSD
2021-06-01 13:00:00;55.356;55.646;55.286;55.436;155.188;KO.USUSD
2021-06-01 14:00:00;55.406;55.487;55.306;55.397;115.8265;KO.USUSD
2021-06-01 15:00:00;55.387;55.437;55.286;55.286;45.02925;KO.USUSD
2021-06-01 16:00:00;55.277;55.297;55.146;55.166;31.94;KO.USUSD
2021-06-01 17:00:00;55.166;55.176;55.116;55.166;26.64225;KO.USUSD
2021-06-01 18:00:00;55.177;55.257;55.166;55.206;38.2725;KO.USUSD
2021-06-01 19:00:00;55.197;55.277;55.087;55.257;45.0915;KO.USUSD
2021-06-02 13:00:00;55.337;55.527;55.297;55.467;143.37375;KO.USUSD
2021-06-02 14:00:00;55.467;55.517;55.256;55.367;102.0895;KO.USUSD
2021-06-02 15:00:00;55.357;55.547;55.326;55.497;31.37175;KO.USUSD
2021-06-02 16:00:00;55.496;55.517;55.447;55.487;22.9605;KO.USUSD
2021-06-02 17:00:00;55.496;55.497;55.396;55.487;23.99225;KO.USUSD
2021-06-02 18:00:00;55.496;55.497;55.346;55.346;20.2165;KO.USUSD
2021-06-02 19:00:00;55.337;55.497;55.297;55.477;26.61725;KO.USUSD
2021-06-03 13:00:00;55.116;55.337;55.096;55.276;201.28975;KO.USUSD
2021-06-03 14:00:00;55.276;55.447;55.177;55.337;160.4705;KO.USUSD
2021-06-03 15:00:00;55.336;55.577;55.336;55.516;77.2685;KO.USUSD
2021-06-03 16:00:00;55.516;55.547;55.416;55.427;37.443;KO.USUSD
2021-06-03 17:00:00;55.436;55.537;55.416;55.496;24.64375;KO.USUSD
2021-06-03 18:00:00;55.496;55.587;55.476;55.546;23.44675;KO.USUSD
2021-06-03 19:00:00;55.546;55.726;55.486;55.617;17.83325;KO.USUSD
2021-06-04 13:00:00;55.826;56.477;55.767;56.316;196.116;KO.USUSD
2021-06-04 14:00:00;56.317;56.437;56.296;56.396;137.80375;KO.USUSD
2021-06-04 15:00:00;56.387;56.457;56.296;56.367;48.571;KO.USUSD
2021-06-04 16:00:00;56.377;56.387;56.206;56.206;20.6105;KO.USUSD
2021-06-04 17:00:00;56.217;56.257;56.116;56.196;22.8825;KO.USUSD
2021-06-04 18:00:00;56.196;56.297;56.196;56.267;23.384;KO.USUSD
2021-06-04 19:00:00;56.257;56.287;56.196;56.246;18.6075;KO.USUSD
2021-06-07 13:00:00;56.156;56.317;56.046;56.156;114.61975;KO.USUSD
2021-06-07 14:00:00;56.166;56.197;55.946;55.966;40.77925;KO.USUSD
2021-06-07 15:00:00;55.967;56.017;55.866;55.887;43.396;KO.USUSD
2021-06-07 16:00:00;55.876;55.897;55.806;55.896;15.8135;KO.USUSD
2021-06-07 17:00:00;55.897;55.927;55.846;55.847;14.959;KO.USUSD
2021-06-07 18:00:00;55.837;55.946;55.837;55.906;9.1295;KO.USUSD
2021-06-07 19:00:00;55.916;56.037;55.887;56.026;19.565;KO.USUSD
2021-06-08 13:00:00;56.067;56.217;55.846;55.847;118.078;KO.USUSD
2021-06-08 14:00:00;55.846;55.957;55.576;55.657;106.67075;KO.USUSD
2021-06-08 15:00:00;55.666;55.737;55.537;55.667;51.24975;KO.USUSD
2021-06-08 16:00:00;55.676;55.707;55.596;55.617;25.8665;KO.USUSD
2021-06-08 17:00:00;55.616;55.687;55.596;55.657;8.92875;KO.USUSD
2021-06-08 18:00:00;55.646;55.747;55.627;55.736;15.10975;KO.USUSD
2021-06-08 19:00:00;55.746;55.796;55.626;55.627;22.2105;KO.USUSD
2021-06-09 13:00:00;55.627;55.907;55.626;55.847;141.6695;KO.USUSD
2021-06-09 14:00:00;55.856;55.887;55.727;55.807;88.37975;KO.USUSD
2021-06-09 15:00:00;55.817;55.837;55.647;55.666;28.61425;KO.USUSD
2021-06-09 16:00:00;55.656;55.677;55.546;55.547;16.26275;KO.USUSD
2021-06-09 17:00:00;55.537;55.706;55.527;55.656;10.85675;KO.USUSD
2021-06-09 18:00:00;55.647;55.706;55.606;55.637;10.8855;KO.USUSD
2021-06-09 19:00:00;55.646;55.697;55.466;55.477;27.62175;KO.USUSD
2021-06-10 13:00:00;55.857;56.057;55.706;56.057;160.3985;KO.USUSD
2021-06-10 14:00:00;56.056;56.107;55.866;55.927;127.81825;KO.USUSD
2021-06-10 15:00:00;55.916;56.087;55.886;56.047;56.03225;KO.USUSD
2021-06-10 16:00:00;56.047;56.056;55.987;55.996;19.73625;KO.USUSD
2021-06-10 17:00:00;55.987;55.997;55.926;55.926;9.603;KO.USUSD
2021-06-10 18:00:00;55.927;55.927;55.786;55.826;7.9795;KO.USUSD
2021-06-10 19:00:00;55.836;55.977;55.836;55.896;26.81425;KO.USUSD
2021-06-11 13:00:00;55.996;56.047;55.646;55.716;161.4095;KO.USUSD
2021-06-11 14:00:00;55.717;55.927;55.716;55.876;115.4745;KO.USUSD
2021-06-11 15:00:00;55.887;55.957;55.846;55.846;40.01725;KO.USUSD
2021-06-11 16:00:00;55.856;55.887;55.796;55.806;23.80825;KO.USUSD
2021-06-11 17:00:00;55.796;55.896;55.796;55.896;11.57875;KO.USUSD
2021-06-11 18:00:00;55.907;55.977;55.877;55.977;12.481;KO.USUSD
2021-06-11 19:00:00;55.977;56.207;55.926;56.147;37.115;KO.USUSD
2021-06-14 13:00:00;55.537;55.657;55.206;55.287;136.73925;KO.USUSD
2021-06-14 14:00:00;55.296;55.327;55.196;55.267;70.94425;KO.USUSD
2021-06-14 15:00:00;55.277;55.396;55.246;55.287;31.66575;KO.USUSD
2021-06-14 16:00:00;55.297;55.306;55.236;55.247;13.981;KO.USUSD
2021-06-14 17:00:00;55.246;55.267;55.207;55.226;5.92725;KO.USUSD
2021-06-14 18:00:00;55.237;55.327;55.216;55.316;5.828;KO.USUSD
2021-06-14 19:00:00;55.326;55.537;55.326;55.537;14.05375;KO.USUSD
2021-06-15 13:00:00;55.407;55.777;55.407;55.437;104.972;KO.USUSD
2021-06-15 14:00:00;55.437;55.506;55.346;55.376;64.86175;KO.USUSD
2021-06-15 15:00:00;55.367;55.407;55.217;55.246;27.8915;KO.USUSD
2021-06-15 16:00:00;55.236;55.277;55.197;55.236;18.1605;KO.USUSD
2021-06-15 17:00:00;55.226;55.347;55.207;55.337;26.684;KO.USUSD
2021-06-15 18:00:00;55.337;55.507;55.336;55.457;18.2075;KO.USUSD
2021-06-15 19:00:00;55.447;55.496;55.376;55.397;27.68925;KO.USUSD
2021-06-16 13:00:00;55.096;55.416;55.096;55.216;96.2155;KO.USUSD
2021-06-16 14:00:00;55.226;55.277;55.016;55.187;65.66025;KO.USUSD
2021-06-16 15:00:00;55.187;55.196;54.986;55.047;12.95975;KO.USUSD
2021-06-16 16:00:00;55.036;55.157;55.026;55.126;19.88775;KO.USUSD
2021-06-16 17:00:00;55.137;55.186;55.066;55.107;24.16125;KO.USUSD
2021-06-16 18:00:00;55.097;55.097;54.646;54.897;368.69375;KO.USUSD
2021-06-16 19:00:00;54.906;54.927;54.646;54.656;55.0785;KO.USUSD
2021-06-17 13:00:00;54.637;55.037;54.636;54.746;159.346;KO.USUSD
2021-06-17 14:00:00;54.747;55.087;54.736;55.027;107.36075;KO.USUSD
2021-06-17 15:00:00;55.017;55.137;54.976;55.006;49.32625;KO.USUSD
2021-06-17 16:00:00;54.996;55.007;54.816;54.876;63.2035;KO.USUSD
2021-06-17 17:00:00;54.886;54.997;54.857;54.876;40.5665;KO.USUSD
2021-06-17 18:00:00;54.886;54.917;54.817;54.857;24.8635;KO.USUSD
2021-06-17 19:00:00;54.867;55.056;54.856;54.936;33.41425;KO.USUSD
2021-06-18 13:00:00;54.437;54.547;54.107;54.436;224.1935;KO.USUSD
2021-06-18 14:00:00;54.426;54.427;54.106;54.126;108.807;KO.USUSD
2021-06-18 15:00:00;54.117;54.347;54.026;54.327;70.62025;KO.USUSD
2021-06-18 16:00:00;54.316;54.407;54.236;54.287;43.0255;KO.USUSD
2021-06-18 17:00:00;54.296;54.396;54.256;54.296;26.0915;KO.USUSD
2021-06-18 18:00:00;54.306;54.406;54.266;54.326;34.4665;KO.USUSD
2021-06-18 19:00:00;54.337;54.337;53.706;53.726;64.97025;KO.USUSD
2021-06-21 13:00:00;54.136;54.417;54.076;54.347;191.551;KO.USUSD
2021-06-21 14:00:00;54.336;54.397;54.146;54.186;78.257;KO.USUSD
2021-06-21 15:00:00;54.176;54.207;54.076;54.087;35.2285;KO.USUSD
2021-06-21 16:00:00;54.077;54.117;53.996;54.076;27.01125;KO.USUSD
2021-06-21 17:00:00;54.086;54.277;54.086;54.206;26.78475;KO.USUSD
2021-06-21 18:00:00;54.217;54.297;54.176;54.276;17.815;KO.USUSD
2021-06-21 19:00:00;54.277;54.377;54.246;54.336;27.23475;KO.USUSD
2021-06-22 13:00:00;54.297;54.457;54.246;54.446;145.6225;KO.USUSD
2021-06-22 14:00:00;54.456;54.837;54.446;54.807;89.98825;KO.USUSD
2021-06-22 15:00:00;54.796;54.827;54.716;54.787;59.9035;KO.USUSD
2021-06-22 16:00:00;54.777;54.787;54.627;54.647;24.16125;KO.USUSD
2021-06-22 17:00:00;54.646;54.716;54.636;54.687;9.5325;KO.USUSD
2021-06-22 18:00:00;54.686;54.787;54.636;54.686;18.55675;KO.USUSD
2021-06-22 19:00:00;54.687;54.837;54.527;54.547;31.765;KO.USUSD
2021-06-23 13:00:00;54.527;54.567;54.226;54.287;146.909;KO.USUSD
2021-06-23 14:00:00;54.296;54.437;54.267;54.426;109.29725;KO.USUSD
2021-06-23 15:00:00;54.437;54.437;54.307;54.366;36.668;KO.USUSD
2021-06-23 16:00:00;54.357;54.377;54.246;54.267;22.1605;KO.USUSD
2021-06-23 17:00:00;54.257;54.307;54.207;54.267;19.931;KO.USUSD
2021-06-23 18:00:00;54.257;54.306;54.236;54.247;11.556;KO.USUSD
2021-06-23 19:00:00;54.237;54.307;54.096;54.116;24.209;KO.USUSD
2021-06-24 13:00:00;54.127;54.316;53.997;54.007;106.626;KO.USUSD
2021-06-24 14:00:00;54.016;54.216;53.996;54.096;63.2535;KO.USUSD
2021-06-24 15:00:00;54.087;54.127;54.047;54.076;23.53925;KO.USUSD
2021-06-24 16:00:00;54.077;54.257;54.076;54.247;19.18325;KO.USUSD
2021-06-24 17:00:00;54.246;54.407;54.246;54.346;23.85975;KO.USUSD
2021-06-24 18:00:00;54.346;54.377;54.256;54.347;19.415;KO.USUSD
2021-06-24 19:00:00;54.356;54.387;54.297;54.377;21.912;KO.USUSD
2021-06-25 13:00:00;54.236;54.357;54.006;54.076;150.64775;KO.USUSD
2021-06-25 14:00:00;54.077;54.177;54.026;54.177;69.39375;KO.USUSD
2021-06-25 15:00:00;54.176;54.186;54.126;54.136;16.30675;KO.USUSD
2021-06-25 16:00:00;54.147;54.197;54.136;54.187;11.4015;KO.USUSD
2021-06-25 17:00:00;54.187;54.287;54.176;54.277;15.67725;KO.USUSD
2021-06-25 18:00:00;54.267;54.337;54.257;54.286;17.553;KO.USUSD
2021-06-25 19:00:00;54.296;54.457;54.276;54.287;38.2885;KO.USUSD
2021-06-28 13:00:00;54.236;54.317;54.086;54.276;123.92675;KO.USUSD
2021-06-28 14:00:00;54.286;54.317;54.126;54.146;63.70875;KO.USUSD
2021-06-28 15:00:00;54.137;54.207;54.036;54.107;22.9855;KO.USUSD
2021-06-28 16:00:00;54.116;54.197;54.046;54.046;19.506;KO.USUSD
2021-06-28 17:00:00;54.036;54.207;53.997;54.206;21.684;KO.USUSD
2021-06-28 18:00:00;54.207;54.286;54.206;54.216;31.193;KO.USUSD
2021-06-28 19:00:00;54.227;54.287;54.136;54.237;30.61425;KO.USUSD
2021-06-29 13:00:00;54.057;54.337;54.006;54.136;101.65325;KO.USUSD
2021-06-29 14:00:00;54.137;54.316;54.096;54.166;77.37625;KO.USUSD
2021-06-29 15:00:00;54.167;54.167;54.007;54.036;19.7105;KO.USUSD
2021-06-29 16:00:00;54.046;54.077;53.977;54.017;14.1795;KO.USUSD
2021-06-29 17:00:00;54.026;54.026;53.726;53.726;14.4605;KO.USUSD
2021-06-29 18:00:00;53.716;53.877;53.716;53.836;34.4575;KO.USUSD
2021-06-29 19:00:00;53.827;53.877;53.776;53.847;27.7105;KO.USUSD
2021-06-30 13:00:00;53.706;53.997;53.706;53.866;99.0425;KO.USUSD
2021-06-30 14:00:00;53.867;53.907;53.766;53.817;49.24675;KO.USUSD
2021-06-30 15:00:00;53.827;53.876;53.746;53.856;25.9105;KO.USUSD
2021-06-30 16:00:00;53.846;53.876;53.746;53.796;18.68325;KO.USUSD
2021-06-30 17:00:00;53.807;53.906;53.776;53.906;13.62575;KO.USUSD
2021-06-30 18:00:00;53.896;53.966;53.886;53.937;9.178;KO.USUSD
2021-06-30 19:00:00;53.957;54.167;53.936;54.087;33.6665;KO.USUSD
2021-07-01 13:00:00;54.237;54.467;54.196;54.316;73.242;KO.USUSD
2021-07-01 14:00:00;54.316;54.376;54.056;54.087;71.25875;KO.USUSD
2021-07-01 15:00:00;54.096;54.187;54.086;54.127;19.74;KO.USUSD
2021-07-01 16:00:00;54.136;54.167;54.066;54.107;9.706;KO.USUSD
2021-07-01 17:00:00;54.096;54.147;54.077;54.087;19.487;KO.USUSD
2021-07-01 18:00:00;54.097;54.097;53.957;54.007;19.71275;KO.USUSD
2021-07-01 19:00:00;54.016;54.026;53.846;53.957;19.48175;KO.USUSD
2021-07-02 13:00:00;54.006;54.417;54.006;54.417;99.857;KO.USUSD
2021-07-02 14:00:00;54.427;54.447;54.257;54.317;70.42625;KO.USUSD
2021-07-02 15:00:00;54.326;54.326;54.186;54.236;28.93775;KO.USUSD
2021-07-02 16:00:00;54.236;54.246;54.126;54.206;20.856;KO.USUSD
2021-07-02 17:00:00;54.206;54.267;54.176;54.256;21.6825;KO.USUSD
2021-07-02 18:00:00;54.267;54.287;54.196;54.217;17.4265;KO.USUSD
2021-07-02 19:00:00;54.206;54.266;54.077;54.177;28.662;KO.USUSD
2021-07-06 13:00:00;53.796;54.067;53.756;53.766;91.37375;KO.USUSD
2021-07-06 14:00:00;53.777;53.836;53.617;53.627;65.34425;KO.USUSD
2021-07-06 15:00:00;53.617;53.726;53.546;53.686;68.546;KO.USUSD
2021-07-06 16:00:00;53.677;53.837;53.636;53.817;45.66275;KO.USUSD
2021-07-06 17:00:00;53.826;53.907;53.796;53.866;46.01275;KO.USUSD
2021-07-06 18:00:00;53.866;53.906;53.837;53.847;8.103;KO.USUSD
2021-07-06 19:00:00;53.856;54.037;53.856;53.866;27.05975;KO.USUSD
2021-07-07 13:00:00;53.667;54.186;53.667;54.056;166.24;KO.USUSD
2021-07-07 14:00:00;54.057;54.367;54.056;54.307;107.52375;KO.USUSD
2021-07-07 15:00:00;54.316;54.337;54.166;54.186;58.249;KO.USUSD
2021-07-07 16:00:00;54.196;54.247;54.146;54.217;35.812;KO.USUSD
2021-07-07 17:00:00;54.206;54.257;54.156;54.156;32.35975;KO.USUSD
2021-07-07 18:00:00;54.176;54.297;54.156;54.266;58.0505;KO.USUSD
2021-07-07 19:00:00;54.267;54.357;54.246;54.317;19.28325;KO.USUSD
2021-07-08 13:00:00;54.006;54.156;53.726;54.096;196.18175;KO.USUSD
2021-07-08 14:00:00;54.107;54.117;53.756;53.947;184.32125;KO.USUSD
2021-07-08 15:00:00;53.957;54.027;53.867;53.956;75.41625;KO.USUSD
2021-07-08 16:00:00;53.956;54.097;53.916;54.077;36.712;KO.USUSD
2021-07-08 17:00:00;54.066;54.076;53.926;53.946;21.162;KO.USUSD
2021-07-08 18:00:00;53.957;53.997;53.886;53.986;27.41275;KO.USUSD
2021-07-08 19:00:00;53.997;54.127;53.956;54.126;36.01725;KO.USUSD
2021-07-09 13:00:00;54.257;54.497;54.156;54.397;174.3665;KO.USUSD
2021-07-09 14:00:00;54.397;54.457;54.246;54.246;107.82075;KO.USUSD
2021-07-09 15:00:00;54.236;54.487;54.226;54.396;27.8385;KO.USUSD
2021-07-09 16:00:00;54.386;54.396;54.276;54.287;21.31125;KO.USUSD
2021-07-09 17:00:00;54.296;54.377;54.246;54.366;20.081;KO.USUSD
2021-07-09 18:00:00;54.377;54.447;54.327;54.447;13.881;KO.USUSD
2021-07-09 19:00:00;54.456;54.507;54.416;54.446;27.40825;KO.USUSD
2021-07-12 13:00:00;54.177;54.577;54.176;54.506;143.49025;KO.USUSD
2021-07-12 14:00:00;54.516;54.527;54.317;54.477;111.34575;KO.USUSD
2021-07-12 15:00:00;54.487;54.487;54.297;54.357;29.518;KO.USUSD
2021-07-12 16:00:00;54.367;54.447;54.366;54.406;14.234;KO.USUSD
2021-07-12 17:00:00;54.396;54.456;54.396;54.407;12.93025;KO.USUSD
2021-07-12 18:00:00;54.416;54.457;54.336;54.367;15.584;KO.USUSD
2021-07-12 19:00:00;54.366;54.487;54.336;54.467;26.83625;KO.USUSD
2021-07-13 13:00:00;54.637;55.217;54.637;54.986;215.53075;KO.USUSD
2021-07-13 14:00:00;54.986;55.216;54.897;55.166;161.879;KO.USUSD
2021-07-13 15:00:00;55.166;55.236;55.096;55.196;69.2035;KO.USUSD
2021-07-13 16:00:00;55.186;55.287;55.116;55.286;35.512;KO.USUSD
2021-07-13 17:00:00;55.287;55.287;55.137;55.187;62.59675;KO.USUSD
2021-07-13 18:00:00;55.176;55.196;55.056;55.097;43.32175;KO.USUSD
2021-07-13 19:00:00;55.087;55.097;54.887;55.017;47.31875;KO.USUSD
2021-07-14 13:00:00;55.006;55.237;54.946;55.226;125.74875;KO.USUSD
2021-07-14 14:00:00;55.236;55.697;55.216;55.647;94.57875;KO.USUSD
2021-07-14 15:00:00;55.637;55.777;55.586;55.766;62.7995;KO.USUSD
2021-07-14 16:00:00;55.777;55.947;55.746;55.826;44.102;KO.USUSD
2021-07-14 17:00:00;55.837;55.957;55.706;55.957;37.69375;KO.USUSD
2021-07-14 18:00:00;55.966;56.287;55.916;56.256;41.721;KO.USUSD
2021-07-14 19:00:00;56.267;56.336;56.146;56.287;66.948;KO.USUSD
2021-07-15 13:00:00;56.177;56.367;55.906;56.007;209.036;KO.USUSD
2021-07-15 14:00:00;56.016;56.267;55.996;56.016;149.013;KO.USUSD
2021-07-15 15:00:00;56.007;56.177;55.956;56.177;40.37925;KO.USUSD
2021-07-15 16:00:00;56.187;56.316;56.187;56.276;26.7695;KO.USUSD
2021-07-15 17:00:00;56.286;56.336;56.226;56.317;37.37775;KO.USUSD
2021-07-15 18:00:00;56.326;56.407;56.297;56.397;20.46875;KO.USUSD
2021-07-15 19:00:00;56.406;56.457;56.247;56.416;29.40425;KO.USUSD
2021-07-16 13:00:00;56.437;56.586;56.396;56.557;151.09475;KO.USUSD
2021-07-16 14:00:00;56.546;56.667;56.496;56.587;80.76225;KO.USUSD
2021-07-16 15:00:00;56.596;56.626;56.426;56.476;39.46325;KO.USUSD
2021-07-16 16:00:00;56.477;56.627;56.446;56.497;23.1695;KO.USUSD
2021-07-16 17:00:00;56.487;56.557;56.476;56.537;18.43925;KO.USUSD
2021-07-16 18:00:00;56.527;56.587;56.437;56.547;29.34975;KO.USUSD
2021-07-16 19:00:00;56.537;56.547;56.256;56.387;48.845;KO.USUSD
2021-07-19 13:00:00;55.967;56.327;55.696;55.756;315.632;KO.USUSD
2021-07-19 14:00:00;55.756;55.817;55.396;55.507;236.87125;KO.USUSD
2021-07-19 15:00:00;55.506;55.577;55.296;55.367;136.1015;KO.USUSD
2021-07-19 16:00:00;55.366;55.367;55.156;55.357;99.37675;KO.USUSD
2021-07-19 17:00:00;55.347;55.387;55.236;55.346;72.1095;KO.USUSD
2021-07-19 18:00:00;55.347;55.437;55.246;55.306;44.58975;KO.USUSD
2021-07-19 19:00:00;55.317;55.726;55.297;55.717;64.345;KO.USUSD
2021-07-20 13:00:00;55.456;56.237;55.456;56.176;210.8675;KO.USUSD
2021-07-20 14:00:00;56.176;56.317;55.906;56.007;202.95225;KO.USUSD
2021-07-20 15:00:00;56.006;56.197;55.836;55.936;110.406;KO.USUSD
2021-07-20 16:00:00;55.946;55.967;55.816;55.927;43.867;KO.USUSD
2021-07-20 17:00:00;55.916;55.957;55.776;55.877;38.20425;KO.USUSD
2021-07-20 18:00:00;55.876;55.977;55.826;55.857;32.0475;KO.USUSD
2021-07-20 19:00:00;55.866;55.937;55.796;55.816;58.214;KO.USUSD
2021-07-21 13:00:00;56.787;57.547;56.787;57.076;304.813;KO.USUSD
2021-07-21 14:00:00;57.087;57.157;56.396;57.136;280.89175;KO.USUSD
2021-07-21 15:00:00;57.126;57.127;56.676;56.706;167.09575;KO.USUSD
2021-07-21 16:00:00;56.696;56.707;56.496;56.517;109.078;KO.USUSD
2021-07-21 17:00:00;56.527;56.606;56.467;56.506;72.78525;KO.USUSD
2021-07-21 18:00:00;56.516;56.677;56.476;56.657;56.4625;KO.USUSD
2021-07-21 19:00:00;56.647;56.687;56.506;56.526;71.86325;KO.USUSD
2021-07-22 13:00:00;56.506;56.716;56.186;56.196;200.6415;KO.USUSD
2021-07-22 14:00:00;56.206;56.477;56.047;56.456;154.5725;KO.USUSD
2021-07-22 15:00:00;56.447;56.667;56.426;56.637;80.1465;KO.USUSD
2021-07-22 16:00:00;56.627;56.677;56.536;56.546;58.1315;KO.USUSD
2021-07-22 17:00:00;56.546;56.546;56.367;56.516;20.1385;KO.USUSD
2021-07-22 18:00:00;56.527;56.536;56.376;56.407;23.39;KO.USUSD
2021-07-22 19:00:00;56.416;56.487;56.396;56.456;21.28775;KO.USUSD
2021-07-23 13:00:00;56.506;56.717;56.436;56.706;124.9845;KO.USUSD
2021-07-23 14:00:00;56.716;56.907;56.716;56.846;79.2425;KO.USUSD
2021-07-23 15:00:00;56.857;57.107;56.847;56.997;33.7375;KO.USUSD
2021-07-23 16:00:00;57.006;57.186;57.006;57.177;26.61425;KO.USUSD
2021-07-23 17:00:00;57.176;57.317;57.176;57.197;20.315;KO.USUSD
2021-07-23 18:00:00;57.207;57.217;57.056;57.127;16.99525;KO.USUSD
2021-07-23 19:00:00;57.126;57.127;56.976;57.007;18.78925;KO.USUSD
2021-07-26 13:00:00;56.797;56.957;56.646;56.676;163.07575;KO.USUSD
2021-07-26 14:00:00;56.667;56.827;56.556;56.817;115.065;KO.USUSD
2021-07-26 15:00:00;56.806;57.037;56.786;57.006;48.38225;KO.USUSD
2021-07-26 16:00:00;57.006;57.027;56.906;56.967;38.4725;KO.USUSD
2021-07-26 17:00:00;56.967;57.057;56.946;57.007;27.134;KO.USUSD
2021-07-26 18:00:00;57.006;57.097;56.996;57.097;23.23475;KO.USUSD
2021-07-26 19:00:00;57.097;57.107;57.036;57.047;21.5355;KO.USUSD
2021-07-27 13:00:00;57.107;57.267;56.906;57.267;120.88875;KO.USUSD
2021-07-27 14:00:00;57.256;57.456;57.216;57.256;118.96325;KO.USUSD
2021-07-27 15:00:00;57.246;57.527;57.216;57.376;73.907;KO.USUSD
2021-07-27 16:00:00;57.366;57.397;57.236;57.327;40.73075;KO.USUSD
2021-07-27 17:00:00;57.337;57.407;57.146;57.156;30.17475;KO.USUSD
2021-07-27 18:00:00;57.146;57.207;57.106;57.136;26.468;KO.USUSD
2021-07-27 19:00:00;57.147;57.267;57.047;57.257;20.86725;KO.USUSD
2021-07-28 13:00:00;56.947;57.147;56.866;57.026;140.69175;KO.USUSD
2021-07-28 14:00:00;57.016;57.076;56.836;56.846;85.9835;KO.USUSD
2021-07-28 15:00:00;56.836;56.937;56.676;56.827;52.9655;KO.USUSD
2021-07-28 16:00:00;56.827;56.847;56.656;56.707;40.452;KO.USUSD
2021-07-28 17:00:00;56.706;56.757;56.646;56.706;19.84375;KO.USUSD
2021-07-28 18:00:00;56.716;56.857;56.616;56.816;91.20675;KO.USUSD
2021-07-28 19:00:00;56.827;56.837;56.666;56.727;32.82775;KO.USUSD
2021-07-29 13:00:00;56.877;57.247;56.876;57.066;100.19675;KO.USUSD
2021-07-29 14:00:00;57.077;57.097;56.856;57.046;97.51525;KO.USUSD
2021-07-29 15:00:00;57.047;57.107;56.976;57.056;50.105;KO.USUSD
2021-07-29 16:00:00;57.056;57.136;57.036;57.077;21.609;KO.USUSD
2021-07-29 17:00:00;57.087;57.177;57.086;57.156;16.93925;KO.USUSD
2021-07-29 18:00:00;57.157;57.167;57.056;57.107;16.66725;KO.USUSD
2021-07-29 19:00:00;57.106;57.107;57.006;57.036;20.2695;KO.USUSD
2021-07-30 13:00:00;57.006;57.237;56.926;57.106;131.1995;KO.USUSD
2021-07-30 14:00:00;57.107;57.166;56.976;57.107;111.40975;KO.USUSD
2021-07-30 15:00:00;57.106;57.147;56.997;57.007;36.38225;KO.USUSD
2021-07-30 16:00:00;57.017;57.087;56.996;57.056;8.334;KO.USUSD
2021-07-30 17:00:00;57.056;57.057;56.956;56.986;8.8545;KO.USUSD
2021-07-30 18:00:00;56.987;56.997;56.897;56.997;16.2605;KO.USUSD
2021-07-30 19:00:00;57.006;57.077;56.976;57.017;26.59225;KO.USUSD
2021-08-02 13:00:00;57.147;57.207;56.867;56.887;148.6805;KO.USUSD
2021-08-02 14:00:00;56.876;56.997;56.766;56.986;118.378;KO.USUSD
2021-08-02 15:00:00;56.996;57.087;56.936;56.947;65.683;KO.USUSD
2021-08-02 16:00:00;56.956;56.977;56.847;56.877;31.51725;KO.USUSD
2021-08-02 17:00:00;56.857;56.907;56.796;56.847;30.1885;KO.USUSD
2021-08-02 18:00:00;56.836;56.847;56.767;56.796;15.3355;KO.USUSD
2021-08-02 19:00:00;56.787;56.886;56.696;56.866;28.86425;KO.USUSD
2021-08-03 13:00:00;56.916;56.977;56.756;56.767;114.27425;KO.USUSD
2021-08-03 14:00:00;56.777;56.937;56.736;56.856;97.49625;KO.USUSD
2021-08-03 15:00:00;56.846;56.987;56.767;56.916;69.7625;KO.USUSD
2021-08-03 16:00:00;56.926;56.936;56.826;56.856;20.8885;KO.USUSD
2021-08-03 17:00:00;56.856;56.937;56.837;56.847;8.00225;KO.USUSD
2021-08-03 18:00:00;56.847;56.907;56.826;56.857;12.40975;KO.USUSD
2021-08-03 19:00:00;56.866;56.917;56.846;56.906;22.4355;KO.USUSD
2021-08-04 13:00:00;56.587;56.937;56.586;56.646;146.26175;KO.USUSD
2021-08-04 14:00:00;56.647;56.716;56.186;56.186;100.72275;KO.USUSD
2021-08-04 15:00:00;56.176;56.217;56.036;56.177;47.571;KO.USUSD
2021-08-04 16:00:00;56.166;56.257;56.056;56.126;23.112;KO.USUSD
2021-08-04 17:00:00;56.136;56.197;56.077;56.087;11.109;KO.USUSD
2021-08-04 18:00:00;56.087;56.197;56.086;56.147;16.06275;KO.USUSD
2021-08-04 19:00:00;56.136;56.187;56.007;56.096;20.70525;KO.USUSD
2021-08-05 13:00:00;56.297;56.557;56.237;56.387;122.3785;KO.USUSD
2021-08-05 14:00:00;56.397;56.577;56.346;56.457;75.5745;KO.USUSD
2021-08-05 15:00:00;56.447;56.507;56.377;56.446;35.121;KO.USUSD
2021-08-05 16:00:00;56.436;56.497;56.406;56.497;22.38475;KO.USUSD
2021-08-05 17:00:00;56.507;56.507;56.426;56.496;6.381;KO.USUSD
2021-08-05 18:00:00;56.506;56.536;56.417;56.446;12.0295;KO.USUSD
2021-08-05 19:00:00;56.456;56.577;56.446;56.477;14.17875;KO.USUSD
2021-08-06 13:00:00;56.566;56.717;56.446;56.487;137.06225;KO.USUSD
2021-08-06 14:00:00;56.476;56.607;56.437;56.596;82.485;KO.USUSD
2021-08-06 15:00:00;56.587;56.677;56.487;56.576;25.849;KO.USUSD
2021-08-06 16:00:00;56.587;56.687;56.496;56.627;24.19225;KO.USUSD
2021-08-06 17:00:00;56.636;56.726;56.576;56.686;13.05825;KO.USUSD
2021-08-06 18:00:00;56.696;56.726;56.606;56.637;14.13475;KO.USUSD
2021-08-06 19:00:00;56.627;56.687;56.566;56.627;14.209;KO.USUSD
2021-08-09 13:00:00;56.697;56.857;56.506;56.507;95.49075;KO.USUSD
2021-08-09 14:00:00;56.517;56.566;56.426;56.446;67.7875;KO.USUSD
2021-08-09 15:00:00;56.447;56.587;56.426;56.556;44.74825;KO.USUSD
2021-08-09 16:00:00;56.556;56.577;56.496;56.527;19.80825;KO.USUSD
2021-08-09 17:00:00;56.527;56.657;56.526;56.596;22.60525;KO.USUSD
2021-08-09 18:00:00;56.596;56.697;56.576;56.586;14.2545;KO.USUSD
2021-08-09 19:00:00;56.577;56.657;56.536;56.637;18.9635;KO.USUSD
2021-08-10 13:00:00;56.696;57.037;56.696;56.977;90.0165;KO.USUSD
2021-08-10 14:00:00;56.966;57.156;56.936;57.096;86.70075;KO.USUSD
2021-08-10 15:00:00;57.097;57.147;56.986;57.086;19.2385;KO.USUSD
2021-08-10 16:00:00;57.076;57.076;56.836;56.886;23.6255;KO.USUSD
2021-08-10 17:00:00;56.896;56.896;56.806;56.867;13.734;KO.USUSD
2021-08-10 18:00:00;56.866;56.946;56.846;56.867;11.5855;KO.USUSD
2021-08-10 19:00:00;56.856;56.877;56.646;56.797;23.4415;KO.USUSD
2021-08-11 13:00:00;56.676;57.117;56.676;57.057;106.90875;KO.USUSD
2021-08-11 14:00:00;57.067;57.097;56.896;57.036;64.19625;KO.USUSD
2021-08-11 15:00:00;57.027;57.177;57.027;57.116;37.158;KO.USUSD
2021-08-11 16:00:00;57.127;57.127;56.876;56.897;19.39075;KO.USUSD
2021-08-11 17:00:00;56.897;56.967;56.826;56.927;20.63925;KO.USUSD
2021-08-11 18:00:00;56.927;56.936;56.826;56.867;14.531;KO.USUSD
2021-08-11 19:00:00;56.877;56.897;56.706;56.706;16.562;KO.USUSD
2021-08-12 13:00:00;56.717;56.937;56.716;56.806;95.4285;KO.USUSD
2021-08-12 14:00:00;56.806;56.896;56.746;56.846;85.6875;KO.USUSD
2021-08-12 15:00:00;56.846;56.867;56.746;56.756;32.4855;KO.USUSD
2021-08-12 16:00:00;56.757;56.867;56.746;56.846;21.93625;KO.USUSD
2021-08-12 17:00:00;56.857;56.967;56.836;56.836;20.8105;KO.USUSD
2021-08-12 18:00:00;56.846;56.857;56.786;56.826;14.1045;KO.USUSD
2021-08-12 19:00:00;56.826;56.867;56.766;56.827;12.059;KO.USUSD
2021-08-13 13:00:00;56.816;57.086;56.766;57.046;94.7435;KO.USUSD
2021-08-13 14:00:00;57.046;57.087;56.976;57.056;53.3525;KO.USUSD
2021-08-13 15:00:00;57.046;57.137;57.006;57.117;25.88075;KO.USUSD
2021-08-13 16:00:00;57.107;57.267;57.086;57.257;24.6415;KO.USUSD
2021-08-13 17:00:00;57.257;57.267;57.176;57.246;15.181;KO.USUSD
2021-08-13 18:00:00;57.247;57.277;57.197;57.237;12.5105;KO.USUSD
2021-08-13 19:00:00;57.247;57.287;57.166;57.206;20.9915;KO.USUSD
2021-08-16 13:00:00;57.097;57.327;57.016;57.327;91.73;KO.USUSD
2021-08-16 14:00:00;57.317;57.457;57.196;57.327;80.3135;KO.USUSD
2021-08-16 15:00:00;57.317;57.417;57.226;57.287;42.614;KO.USUSD
2021-08-16 16:00:00;57.297;57.387;57.297;57.317;20.749;KO.USUSD
2021-08-16 17:00:00;57.306;57.346;57.256;57.297;8.712;KO.USUSD
2021-08-16 18:00:00;57.287;57.337;57.276;57.307;8.73475;KO.USUSD
2021-08-16 19:00:00;57.306;57.477;57.246;57.467;20.165;KO.USUSD
2021-08-17 13:00:00;57.446;57.547;57.166;57.277;113.3745;KO.USUSD
2021-08-17 14:00:00;57.266;57.437;57.166;57.277;93.87275;KO.USUSD
2021-08-17 15:00:00;57.276;57.437;57.236;57.237;34.16325;KO.USUSD
2021-08-17 16:00:00;57.227;57.246;57.056;57.107;37.277;KO.USUSD
2021-08-17 17:00:00;57.107;57.136;57.006;57.106;35.408;KO.USUSD
2021-08-17 18:00:00;57.116;57.177;57.056;57.157;17.9635;KO.USUSD
2021-08-17 19:00:00;57.146;57.277;57.126;57.267;23.76725;KO.USUSD
2021-08-18 13:00:00;57.185;57.216;56.956;57.006;96.246;KO.USUSD
2021-08-18 14:00:00;57.016;57.077;56.756;56.786;70.81775;KO.USUSD
2021-08-18 15:00:00;56.777;56.837;56.686;56.786;28.543;KO.USUSD
2021-08-18 16:00:00;56.776;56.867;56.647;56.756;25.83925;KO.USUSD
2021-08-18 17:00:00;56.747;56.767;56.646;56.647;20.65975;KO.USUSD
2021-08-18 18:00:00;56.657;56.717;56.416;56.556;57.589;KO.USUSD
2021-08-18 19:00:00;56.556;56.617;56.426;56.496;57.72925;KO.USUSD
2021-08-19 13:00:00;56.027;56.867;55.947;56.846;178.35725;KO.USUSD
2021-08-19 14:00:00;56.837;56.857;56.456;56.716;150.404;KO.USUSD
2021-08-19 15:00:00;56.716;56.947;56.646;56.887;93.30225;KO.USUSD
2021-08-19 16:00:00;56.897;56.927;56.836;56.867;46.29125;KO.USUSD
2021-08-19 17:00:00;56.876;56.897;56.686;56.687;44.492;KO.USUSD
2021-08-19 18:00:00;56.687;56.806;56.596;56.806;52.261;KO.USUSD
2021-08-19 19:00:00;56.816;56.967;56.716;56.846;53.80575;KO.USUSD
2021-08-20 13:00:00;56.777;56.907;56.596;56.887;123.0195;KO.USUSD
2021-08-20 14:00:00;56.877;57.017;56.826;56.847;99.10725;KO.USUSD
2021-08-20 15:00:00;56.847;56.907;56.746;56.776;39.02925;KO.USUSD
2021-08-20 16:00:00;56.787;56.857;56.746;56.746;24.60975;KO.USUSD
2021-08-20 17:00:00;56.757;56.766;56.646;56.717;13.29075;KO.USUSD
2021-08-20 18:00:00;56.706;56.707;56.586;56.637;15.615;KO.USUSD
2021-08-20 19:00:00;56.626;56.657;56.576;56.626;45.20425;KO.USUSD
2021-08-23 13:00:00;56.627;56.747;56.366;56.507;106.0465;KO.USUSD
2021-08-23 14:00:00;56.506;56.697;56.496;56.567;79.0135;KO.USUSD
2021-08-23 15:00:00;56.576;56.657;56.516;56.546;30.6255;KO.USUSD
2021-08-23 16:00:00;56.546;56.617;56.496;56.617;21.271;KO.USUSD
2021-08-23 17:00:00;56.606;56.677;56.546;56.557;15.65975;KO.USUSD
2021-08-23 18:00:00;56.547;56.637;56.527;56.616;8.4045;KO.USUSD
2021-08-23 19:00:00;56.626;56.666;56.417;56.436;14.75525;KO.USUSD
2021-08-24 13:00:00;56.527;56.567;56.016;56.016;116.62475;KO.USUSD
2021-08-24 14:00:00;56.026;56.217;56.026;56.106;64.595;KO.USUSD
2021-08-24 15:00:00;56.117;56.137;55.946;55.946;25.415;KO.USUSD
2021-08-24 16:00:00;55.947;56.097;55.896;56.066;22.70975;KO.USUSD
2021-08-24 17:00:00;56.057;56.077;56.007;56.007;14.87725;KO.USUSD
2021-08-24 18:00:00;56.016;56.067;56.016;56.026;6.178;KO.USUSD
2021-08-24 19:00:00;56.036;56.047;55.947;55.997;17.6105;KO.USUSD
2021-08-25 13:00:00;56.026;56.096;55.726;55.896;96.31825;KO.USUSD
2021-08-25 14:00:00;55.906;56.157;55.886;55.967;84.6455;KO.USUSD
2021-08-25 15:00:00;55.976;56.037;55.906;55.956;19.73925;KO.USUSD
2021-08-25 16:00:00;55.966;56.127;55.966;56.037;12.5105;KO.USUSD
2021-08-25 17:00:00;56.047;56.097;55.996;56.037;8.25675;KO.USUSD
2021-08-25 18:00:00;56.027;56.117;56.006;56.016;9.33325;KO.USUSD
2021-08-25 19:00:00;56.007;56.157;56.007;56.056;13.98475;KO.USUSD
2021-08-26 13:00:00;55.896;55.957;55.716;55.726;76.3585;KO.USUSD
2021-08-26 14:00:00;55.726;55.797;55.576;55.727;97.503;KO.USUSD
2021-08-26 15:00:00;55.726;55.867;55.607;55.656;31.5785;KO.USUSD
2021-08-26 16:00:00;55.666;55.717;55.506;55.547;20.16275;KO.USUSD
2021-08-26 17:00:00;55.556;55.617;55.506;55.566;16.28775;KO.USUSD
2021-08-26 18:00:00;55.556;55.627;55.516;55.586;20.08475;KO.USUSD
2021-08-26 19:00:00;55.587;55.607;55.506;55.536;26.9915;KO.USUSD
2021-08-27 13:00:00;55.627;55.647;55.446;55.526;75.85925;KO.USUSD
2021-08-27 14:00:00;55.517;55.777;55.446;55.696;104.584;KO.USUSD
2021-08-27 15:00:00;55.697;55.707;55.617;55.626;15.01425;KO.USUSD
2021-08-27 16:00:00;55.636;55.737;55.606;55.697;14.23625;KO.USUSD
2021-08-27 17:00:00;55.696;55.747;55.676;55.686;9.8075;KO.USUSD
2021-08-27 18:00:00;55.677;55.677;55.546;55.546;12.68625;KO.USUSD
2021-08-27 19:00:00;55.557;55.676;55.547;55.627;19.20375;KO.USUSD
2021-08-30 13:00:00;55.757;55.857;55.626;55.766;75.90175;KO.USUSD
2021-08-30 14:00:00;55.766;55.946;55.726;55.906;51.7595;KO.USUSD
2021-08-30 15:00:00;55.916;56.047;55.896;55.926;26.96575;KO.USUSD
2021-08-30 16:00:00;55.937;55.997;55.836;55.997;13.2575;KO.USUSD
2021-08-30 17:00:00;55.996;56.146;55.956;56.137;12.278;KO.USUSD
2021-08-30 18:00:00;56.127;56.146;56.076;56.136;18.5325;KO.USUSD
2021-08-30 19:00:00;56.126;56.187;56.116;56.166;12.03025;KO.USUSD
2021-08-31 13:00:00;56.077;56.257;55.986;56.236;61.142;KO.USUSD
2021-08-31 14:00:00;56.236;56.507;56.206;56.417;109.5265;KO.USUSD
2021-08-31 15:00:00;56.407;56.426;56.196;56.196;40.20725;KO.USUSD
2021-08-31 16:00:00;56.206;56.207;56.136;56.197;17.19;KO.USUSD
2021-08-31 17:00:00;56.186;56.216;56.116;56.197;23.32025;KO.USUSD
2021-08-31 18:00:00;56.206;56.217;56.146;56.187;17.83625;KO.USUSD
2021-08-31 19:00:00;56.177;56.317;56.176;56.296;30.19075;KO.USUSD
2021-09-01 13:00:00;56.257;56.587;56.196;56.516;83.0;KO.USUSD
2021-09-01 14:00:00;56.526;56.577;56.266;56.317;71.5905;KO.USUSD
2021-09-01 15:00:00;56.327;56.597;56.286;56.586;33.02925;KO.USUSD
2021-09-01 16:00:00;56.596;56.737;56.586;56.666;18.76125;KO.USUSD
2021-09-01 17:00:00;56.676;56.786;56.646;56.666;27.609;KO.USUSD
2021-09-01 18:00:00;56.677;56.737;56.616;56.706;16.51275;KO.USUSD
2021-09-01 19:00:00;56.716;56.727;56.617;56.687;19.193;KO.USUSD
2021-09-02 13:00:00;56.756;57.017;56.737;56.747;62.11525;KO.USUSD
2021-09-02 14:00:00;56.746;56.767;56.536;56.557;75.5525;KO.USUSD
2021-09-02 15:00:00;56.567;56.567;56.406;56.476;23.04525;KO.USUSD
2021-09-02 16:00:00;56.486;56.537;56.446;56.496;14.61125;KO.USUSD
2021-09-02 17:00:00;56.507;56.537;56.456;56.497;15.12175;KO.USUSD
2021-09-02 18:00:00;56.507;56.677;56.496;56.647;19.74225;KO.USUSD
2021-09-02 19:00:00;56.656;56.777;56.486;56.766;22.996;KO.USUSD
2021-09-03 13:00:00;56.436;56.607;56.236;56.366;104.06675;KO.USUSD
2021-09-03 14:00:00;56.357;56.487;56.276;56.406;81.23275;KO.USUSD
2021-09-03 15:00:00;56.397;56.567;56.386;56.547;21.88475;KO.USUSD
2021-09-03 16:00:00;56.556;56.646;56.476;56.517;14.809;KO.USUSD
2021-09-03 17:00:00;56.526;56.667;56.526;56.667;12.3855;KO.USUSD
2021-09-03 18:00:00;56.667;56.757;56.636;56.706;12.4075;KO.USUSD
2021-09-03 19:00:00;56.717;56.757;56.636;56.726;21.31125;KO.USUSD
2021-09-07 13:00:00;56.607;56.646;56.116;56.156;111.45275;KO.USUSD
2021-09-07 14:00:00;56.166;56.177;55.766;55.797;82.472;KO.USUSD
2021-09-07 15:00:00;55.786;55.786;55.497;55.717;54.1495;KO.USUSD
2021-09-07 16:00:00;55.726;55.877;55.726;55.817;23.39075;KO.USUSD
2021-09-07 17:00:00;55.807;55.837;55.716;55.736;19.94225;KO.USUSD
2021-09-07 18:00:00;55.746;55.767;55.647;55.677;18.8855;KO.USUSD
2021-09-07 19:00:00;55.686;55.727;55.606;55.657;24.19525;KO.USUSD
2021-09-08 13:00:00;55.616;56.047;55.606;55.997;109.7245;KO.USUSD
2021-09-08 14:00:00;56.007;56.217;55.926;56.196;101.752;KO.USUSD
2021-09-08 15:00:00;56.207;56.306;56.126;56.237;63.281;KO.USUSD
2021-09-08 16:00:00;56.237;56.257;56.126;56.197;32.55425;KO.USUSD
2021-09-08 17:00:00;56.187;56.317;56.157;56.287;18.86425;KO.USUSD
2021-09-08 18:00:00;56.296;56.447;56.296;56.446;28.97325;KO.USUSD
2021-09-08 19:00:00;56.446;56.467;56.276;56.406;26.915;KO.USUSD
2021-09-09 13:00:00;56.166;56.397;56.076;56.267;94.90625;KO.USUSD
2021-09-09 14:00:00;56.276;56.327;56.106;56.127;113.23075;KO.USUSD
2021-09-09 15:00:00;56.127;56.147;55.996;56.037;32.82625;KO.USUSD
2021-09-09 16:00:00;56.026;56.027;55.876;55.916;40.94525;KO.USUSD
2021-09-09 17:00:00;55.927;56.016;55.856;55.876;45.7505;KO.USUSD
2021-09-09 18:00:00;55.877;55.917;55.797;55.896;25.52325;KO.USUSD
2021-09-09 19:00:00;55.907;55.986;55.836;55.847;32.07175;KO.USUSD
2021-09-10 13:00:00;56.016;56.116;55.636;55.657;77.09175;KO.USUSD
2021-09-10 14:00:00;55.656;55.717;55.506;55.587;108.78625;KO.USUSD
2021-09-10 15:00:00;55.596;55.787;55.586;55.696;64.742;KO.USUSD
2021-09-10 16:00:00;55.686;55.767;55.636;55.746;27.7355;KO.USUSD
2021-09-10 17:00:00;55.746;55.767;55.676;55.736;22.63775;KO.USUSD
2021-09-10 18:00:00;55.747;55.867;55.716;55.847;25.19;KO.USUSD
2021-09-10 19:00:00;55.836;55.867;55.576;55.597;42.002;KO.USUSD
2021-09-13 13:00:00;55.747;56.307;55.747;56.246;157.48;KO.USUSD
2021-09-13 14:00:00;56.256;56.387;56.096;56.166;152.68525;KO.USUSD
2021-09-13 15:00:00;56.156;56.207;56.076;56.136;73.74425;KO.USUSD
2021-09-13 16:00:00;56.137;56.147;55.956;55.987;59.93975;KO.USUSD
2021-09-13 17:00:00;55.977;56.017;55.836;55.856;32.4165;KO.USUSD
2021-09-13 18:00:00;55.847;55.966;55.807;55.966;39.993;KO.USUSD
2021-09-13 19:00:00;55.956;56.107;55.916;56.056;43.08;KO.USUSD
2021-09-14 13:00:00;55.786;55.967;55.706;55.826;98.242;KO.USUSD
2021-09-14 14:00:00;55.816;55.897;55.716;55.767;90.238;KO.USUSD
2021-09-14 15:00:00;55.757;55.877;55.617;55.646;39.29375;KO.USUSD
2021-09-14 16:00:00;55.637;55.717;55.586;55.607;31.70525;KO.USUSD
2021-09-14 17:00:00;55.597;55.687;55.546;55.686;36.19075;KO.USUSD
2021-09-14 18:00:00;55.677;55.707;55.627;55.667;26.665;KO.USUSD
2021-09-14 19:00:00;55.677;55.727;55.557;55.697;27.199;KO.USUSD
2021-09-15 13:00:00;55.506;55.907;55.406;55.817;102.88625;KO.USUSD
2021-09-15 14:00:00;55.806;55.967;55.696;55.787;94.5865;KO.USUSD
2021-09-15 15:00:00;55.796;55.797;55.606;55.686;50.80275;KO.USUSD
2021-09-15 16:00:00;55.676;55.956;55.656;55.916;41.33925;KO.USUSD
2021-09-15 17:00:00;55.917;55.987;55.916;55.936;13.76275;KO.USUSD
2021-09-15 18:00:00;55.927;55.977;55.876;55.936;14.2605;KO.USUSD
2021-09-15 19:00:00;55.947;55.966;55.846;55.886;23.8415;KO.USUSD
2021-09-16 13:00:00;55.517;55.977;55.436;55.477;107.81825;KO.USUSD
2021-09-16 14:00:00;55.476;55.476;54.816;54.887;102.42725;KO.USUSD
2021-09-16 15:00:00;54.887;55.147;54.856;55.116;61.225;KO.USUSD
2021-09-16 16:00:00;55.116;55.357;55.056;55.317;40.475;KO.USUSD
2021-09-16 17:00:00;55.317;55.427;55.296;55.416;26.825;KO.USUSD
2021-09-16 18:00:00;55.406;55.536;55.376;55.517;14.825;KO.USUSD
2021-09-16 19:00:00;55.526;55.556;55.286;55.327;38.65;KO.USUSD
2021-09-17 13:00:00;54.896;55.187;54.876;54.966;170.6;KO.USUSD
2021-09-17 14:00:00;54.967;55.036;54.857;54.896;71.225;KO.USUSD
2021-09-17 15:00:00;54.887;54.977;54.656;54.786;63.75;KO.USUSD
2021-09-17 16:00:00;54.796;54.876;54.696;54.717;35.825;KO.USUSD
2021-09-17 17:00:00;54.706;54.747;54.626;54.737;42.9;KO.USUSD
2021-09-17 18:00:00;54.727;54.787;54.656;54.657;32.1;KO.USUSD
2021-09-17 19:00:00;54.667;54.707;54.367;54.417;55.5;KO.USUSD
2021-09-20 13:00:00;53.916;54.217;53.777;54.137;222.6;KO.USUSD
2021-09-20 14:00:00;54.137;54.337;54.006;54.227;257.725;KO.USUSD
2021-09-20 15:00:00;54.216;54.387;54.146;54.177;122.85;KO.USUSD
2021-09-20 16:00:00;54.187;54.206;54.006;54.016;97.05;KO.USUSD
2021-09-20 17:00:00;54.017;54.077;53.876;54.006;87.625;KO.USUSD
2021-09-20 18:00:00;54.017;54.027;53.786;53.826;79.225;KO.USUSD
2021-09-20 19:00:00;53.817;54.227;53.716;54.047;105.475;KO.USUSD
2021-09-21 13:00:00;54.166;54.816;54.166;54.557;151.55;KO.USUSD
2021-09-21 14:00:00;54.567;54.647;54.166;54.237;182.6;KO.USUSD
2021-09-21 15:00:00;54.227;54.297;54.136;54.227;99.8;KO.USUSD
2021-09-21 16:00:00;54.246;54.377;54.196;54.217;68.825;KO.USUSD
2021-09-21 17:00:00;54.207;54.217;53.986;54.046;74.975;KO.USUSD
2021-09-21 18:00:00;54.036;54.106;53.926;54.056;54.95;KO.USUSD
2021-09-21 19:00:00;54.066;54.256;54.037;54.037;64.4;KO.USUSD
2021-09-22 13:00:00;54.296;54.477;54.057;54.286;120.25;KO.USUSD
2021-09-22 14:00:00;54.297;54.437;54.256;54.397;107.375;KO.USUSD
2021-09-22 15:00:00;54.397;54.516;54.337;54.457;64.275;KO.USUSD
2021-09-22 16:00:00;54.446;54.527;54.406;54.467;36.275;KO.USUSD
2021-09-22 17:00:00;54.467;54.477;54.326;54.397;31.85;KO.USUSD
2021-09-22 18:00:00;54.386;54.527;54.176;54.206;318.425;KO.USUSD
2021-09-22 19:00:00;54.206;54.337;54.086;54.127;115.75;KO.USUSD
2021-09-23 13:00:00;54.227;54.606;54.096;54.436;140.575;KO.USUSD
2021-09-23 14:00:00;54.446;54.566;54.346;54.416;88.325;KO.USUSD
2021-09-23 15:00:00;54.407;54.427;54.176;54.206;44.575;KO.USUSD
2021-09-23 16:00:00;54.206;54.277;54.156;54.187;24.925;KO.USUSD
2021-09-23 17:00:00;54.176;54.256;54.166;54.246;17.825;KO.USUSD
2021-09-23 18:00:00;54.236;54.256;54.136;54.176;18.875;KO.USUSD
2021-09-23 19:00:00;54.166;54.197;53.996;54.006;31.5;KO.USUSD
2021-09-24 13:00:00;53.977;54.227;53.896;54.137;111.875;KO.USUSD
2021-09-24 14:00:00;54.137;54.187;53.977;54.047;104.425;KO.USUSD
2021-09-24 15:00:00;54.047;54.117;53.897;53.967;24.15;KO.USUSD
2021-09-24 16:00:00;53.956;53.987;53.896;53.907;16.95;KO.USUSD
2021-09-24 17:00:00;53.896;53.947;53.856;53.926;14.025;KO.USUSD
2021-09-24 18:00:00;53.926;53.976;53.886;53.957;12.65;KO.USUSD
2021-09-24 19:00:00;53.947;54.027;53.876;53.886;18.975;KO.USUSD
2021-09-27 13:00:00;53.816;54.137;53.716;54.087;159.05;KO.USUSD
2021-09-27 14:00:00;54.076;54.237;53.976;53.986;108.9;KO.USUSD
2021-09-27 15:00:00;53.997;54.087;53.856;53.886;45.45;KO.USUSD
2021-09-27 16:00:00;53.876;53.886;53.756;53.787;20.225;KO.USUSD
2021-09-27 17:00:00;53.797;53.907;53.776;53.896;21.0;KO.USUSD
2021-09-27 18:00:00;53.887;53.897;53.757;53.767;25.65;KO.USUSD
2021-09-27 19:00:00;53.756;53.797;53.566;53.597;22.275;KO.USUSD
2021-09-28 13:00:00;53.457;53.457;52.947;52.986;135.5;KO.USUSD
2021-09-28 14:00:00;52.976;53.097;52.766;52.827;170.8;KO.USUSD
2021-09-28 15:00:00;52.837;52.877;52.666;52.707;81.55;KO.USUSD
2021-09-28 16:00:00;52.697;52.697;52.466;52.497;59.4;KO.USUSD
2021-09-28 17:00:00;52.487;52.556;52.426;52.487;56.25;KO.USUSD
2021-09-28 18:00:00;52.476;52.747;52.447;52.726;52.675;KO.USUSD
2021-09-28 19:00:00;52.716;52.816;52.566;52.636;78.15;KO.USUSD
2021-09-29 13:00:00;52.627;52.917;52.546;52.896;156.05;KO.USUSD
2021-09-29 14:00:00;52.907;53.027;52.816;52.927;100.95;KO.USUSD
2021-09-29 15:00:00;52.936;53.046;52.846;52.957;47.425;KO.USUSD
2021-09-29 16:00:00;52.957;53.057;52.886;53.037;68.25;KO.USUSD
2021-09-29 17:00:00;53.036;53.037;52.816;52.857;45.625;KO.USUSD
2021-09-29 18:00:00;52.847;53.097;52.846;53.047;29.725;KO.USUSD
2021-09-29 19:00:00;53.036;53.146;52.926;52.927;48.325;KO.USUSD
2021-09-30 13:00:00;53.126;53.317;52.976;52.997;155.85;KO.USUSD
2021-09-30 14:00:00;53.017;53.067;52.826;52.917;139.625;KO.USUSD
2021-09-30 15:00:00;52.906;53.037;52.666;52.756;112.375;KO.USUSD
2021-09-30 16:00:00;52.746;52.776;52.536;52.576;116.325;KO.USUSD
2021-09-30 17:00:00;52.586;52.707;52.536;52.666;76.925;KO.USUSD
2021-09-30 18:00:00;52.657;52.877;52.647;52.767;61.15;KO.USUSD
2021-09-30 19:00:00;52.766;52.887;52.437;52.437;75.475;KO.USUSD
2021-10-01 13:00:00;52.707;52.947;52.706;52.857;153.4;KO.USUSD
2021-10-01 14:00:00;52.857;53.087;52.576;52.687;234.775;KO.USUSD
2021-10-01 15:00:00;52.677;52.927;52.566;52.866;107.625;KO.USUSD
2021-10-01 16:00:00;52.877;52.956;52.786;52.867;64.1;KO.USUSD
2021-10-01 17:00:00;52.866;53.066;52.846;52.997;49.925;KO.USUSD
2021-10-01 18:00:00;53.007;53.097;52.966;53.077;30.4;KO.USUSD
2021-10-01 19:00:00;53.076;53.197;52.927;53.007;70.025;KO.USUSD
2021-10-04 13:00:00;52.927;53.517;52.927;53.236;173.181;KO.USUSD
2021-10-04 14:00:00;53.227;53.337;52.797;52.816;159.65;KO.USUSD
2021-10-04 15:00:00;52.806;52.816;52.396;52.666;140.523;KO.USUSD
2021-10-04 16:00:00;52.657;52.817;52.566;52.767;74.675;KO.USUSD
2021-10-04 17:00:00;52.756;52.827;52.676;52.716;70.45;KO.USUSD
2021-10-04 18:00:00;52.716;52.917;52.706;52.877;59.9;KO.USUSD
2021-10-04 19:00:00;52.877;53.087;52.857;52.986;97.15;KO.USUSD
2021-10-05 13:00:00;52.496;53.306;52.496;53.126;207.8;KO.USUSD
2021-10-05 14:00:00;53.127;53.387;53.106;53.247;150.577;KO.USUSD
2021-10-05 15:00:00;53.256;53.437;53.136;53.407;54.975;KO.USUSD
2021-10-05 16:00:00;53.417;53.456;53.196;53.256;37.25;KO.USUSD
2021-10-05 17:00:00;53.257;53.337;53.226;53.256;28.075;KO.USUSD
2021-10-05 18:00:00;53.266;53.267;53.116;53.157;33.675;KO.USUSD
2021-10-05 19:00:00;53.147;53.196;53.047;53.076;51.05;KO.USUSD
2021-10-06 13:00:00;52.586;52.757;52.496;52.616;172.25;KO.USUSD
2021-10-06 14:00:00;52.606;53.067;52.546;52.977;161.325;KO.USUSD
2021-10-06 15:00:00;52.967;52.987;52.736;52.817;76.875;KO.USUSD
2021-10-06 16:00:00;52.807;52.827;52.586;52.736;56.775;KO.USUSD
2021-10-06 17:00:00;52.747;53.007;52.636;52.967;60.325;KO.USUSD
2021-10-06 18:00:00;52.966;53.347;52.906;53.317;60.3;KO.USUSD
2021-10-06 19:00:00;53.326;53.757;53.296;53.707;70.175;KO.USUSD
2021-10-07 13:00:00;53.916;54.227;53.916;54.146;146.675;KO.USUSD
2021-10-07 14:00:00;54.156;54.267;54.056;54.186;72.15;KO.USUSD
2021-10-07 15:00:00;54.197;54.207;53.976;54.107;35.475;KO.USUSD
2021-10-07 16:00:00;54.106;54.177;54.056;54.076;28.45;KO.USUSD
2021-10-07 17:00:00;54.066;54.126;54.056;54.067;24.801;KO.USUSD
2021-10-07 18:00:00;54.057;54.057;53.926;53.927;25.825;KO.USUSD
2021-10-07 19:00:00;53.917;54.027;53.806;53.867;39.45;KO.USUSD
2021-10-08 13:00:00;53.877;54.117;53.876;54.007;153.175;KO.USUSD
2021-10-08 14:00:00;54.017;54.167;53.946;54.007;113.9;KO.USUSD
2021-10-08 15:00:00;54.016;54.147;53.956;54.006;46.8;KO.USUSD
2021-10-08 16:00:00;54.006;54.217;53.976;54.197;27.875;KO.USUSD
2021-10-08 17:00:00;54.186;54.207;54.077;54.196;27.35;KO.USUSD
2021-10-08 18:00:00;54.206;54.377;54.206;54.317;17.825;KO.USUSD
2021-10-08 19:00:00;54.336;54.367;54.107;54.117;22.7;KO.USUSD
2021-10-11 13:00:00;54.127;54.347;54.116;54.337;123.4;KO.USUSD
2021-10-11 14:00:00;54.347;54.377;54.217;54.346;53.2;KO.USUSD
2021-10-11 15:00:00;54.336;54.337;54.176;54.207;16.95;KO.USUSD
2021-10-11 16:00:00;54.216;54.216;54.076;54.147;27.075;KO.USUSD
2021-10-11 17:00:00;54.146;54.146;53.997;54.027;33.65;KO.USUSD
2021-10-11 18:00:00;54.016;54.197;54.016;54.186;20.075;KO.USUSD
2021-10-11 19:00:00;54.177;54.256;54.116;54.217;26.675;KO.USUSD
2021-10-12 13:00:00;54.286;54.817;54.257;54.736;175.15;KO.USUSD
2021-10-12 14:00:00;54.746;54.787;54.526;54.567;143.75;KO.USUSD
2021-10-12 15:00:00;54.576;54.767;54.576;54.687;63.575;KO.USUSD
2021-10-12 16:00:00;54.697;54.737;54.486;54.547;34.8;KO.USUSD
2021-10-12 17:00:00;54.547;54.547;54.416;54.446;25.225;KO.USUSD
2021-10-12 18:00:00;54.437;54.577;54.316;54.336;34.7;KO.USUSD
2021-10-12 19:00:00;54.346;54.387;54.216;54.237;46.45;KO.USUSD
2021-10-13 13:00:00;54.167;54.417;53.996;53.997;170.425;KO.USUSD
2021-10-13 14:00:00;54.007;54.016;53.776;53.867;147.775;KO.USUSD
2021-10-13 15:00:00;53.857;54.147;53.816;54.126;71.275;KO.USUSD
2021-10-13 16:00:00;54.116;54.207;54.106;54.186;16.85;KO.USUSD
2021-10-13 17:00:00;54.177;54.387;54.156;54.307;19.825;KO.USUSD
2021-10-13 18:00:00;54.287;54.386;54.096;54.147;66.025;KO.USUSD
2021-10-13 19:00:00;54.137;54.246;54.056;54.236;33.275;KO.USUSD
2021-10-14 13:00:00;54.267;54.487;54.267;54.426;165.4;KO.USUSD
2021-10-14 14:00:00;54.436;54.707;54.436;54.656;80.675;KO.USUSD
2021-10-14 15:00:00;54.667;54.727;54.616;54.696;30.45;KO.USUSD
2021-10-14 16:00:00;54.687;54.737;54.626;54.727;26.05;KO.USUSD
2021-10-14 17:00:00;54.737;54.796;54.666;54.697;24.375;KO.USUSD
2021-10-14 18:00:00;54.706;54.717;54.636;54.677;13.825;KO.USUSD
2021-10-14 19:00:00;54.666;54.697;54.496;54.586;25.975;KO.USUSD
2021-10-15 13:00:00;54.647;54.807;54.556;54.766;106.5;KO.USUSD
2021-10-15 14:00:00;54.757;54.867;54.596;54.657;88.225;KO.USUSD
2021-10-15 15:00:00;54.647;54.676;54.457;54.466;28.125;KO.USUSD
2021-10-15 16:00:00;54.476;54.486;54.396;54.397;14.525;KO.USUSD
2021-10-15 17:00:00;54.396;54.457;54.366;54.397;18.5;KO.USUSD
2021-10-15 18:00:00;54.407;54.487;54.376;54.427;18.25;KO.USUSD
2021-10-15 19:00:00;54.416;54.477;54.276;54.466;34.875;KO.USUSD
2021-10-18 13:00:00;54.287;54.317;53.886;54.136;133.925;KO.USUSD
2021-10-18 14:00:00;54.137;54.277;54.067;54.207;85.175;KO.USUSD
2021-10-18 15:00:00;54.217;54.376;54.187;54.257;24.975;KO.USUSD
2021-10-18 16:00:00;54.267;54.307;54.116;54.146;14.525;KO.USUSD
2021-10-18 17:00:00;54.157;54.187;54.056;54.066;15.15;KO.USUSD
2021-10-18 18:00:00;54.066;54.077;54.006;54.037;13.175;KO.USUSD
2021-10-18 19:00:00;54.047;54.097;53.857;53.936;26.525;KO.USUSD
2021-10-19 13:00:00;53.857;54.037;53.766;53.836;142.275;KO.USUSD
2021-10-19 14:00:00;53.846;53.997;53.836;53.857;65.85;KO.USUSD
2021-10-19 15:00:00;53.857;54.027;53.836;53.986;33.3;KO.USUSD
2021-10-19 16:00:00;53.976;54.007;53.916;53.986;27.225;KO.USUSD
2021-10-19 17:00:00;53.976;54.037;53.946;54.006;17.7;KO.USUSD
2021-10-19 18:00:00;54.017;54.127;53.987;54.117;18.35;KO.USUSD
2021-10-19 19:00:00;54.127;54.186;54.116;54.147;18.2;KO.USUSD
2021-10-20 13:00:00;54.157;54.627;54.096;54.516;138.35;KO.USUSD
2021-10-20 14:00:00;54.516;54.637;54.407;54.627;82.025;KO.USUSD
2021-10-20 15:00:00;54.637;54.697;54.556;54.566;51.55;KO.USUSD
2021-10-20 16:00:00;54.576;54.707;54.517;54.696;27.125;KO.USUSD
2021-10-20 17:00:00;54.686;54.747;54.606;54.616;28.1;KO.USUSD
2021-10-20 18:00:00;54.616;54.667;54.566;54.666;16.25;KO.USUSD
2021-10-20 19:00:00;54.667;54.717;54.596;54.626;25.55;KO.USUSD
2021-10-21 13:00:00;54.626;54.667;54.327;54.347;99.8;KO.USUSD
2021-10-21 14:00:00;54.346;54.407;54.226;54.307;70.675;KO.USUSD
2021-10-21 15:00:00;54.317;54.506;54.317;54.417;41.55;KO.USUSD
2021-10-21 16:00:00;54.416;54.437;54.267;54.297;20.5;KO.USUSD
2021-10-21 17:00:00;54.287;54.337;54.247;54.316;21.925;KO.USUSD
2021-10-21 18:00:00;54.306;54.326;54.206;54.237;16.725;KO.USUSD
2021-10-21 19:00:00;54.247;54.387;54.247;54.346;18.95;KO.USUSD
2021-10-22 13:00:00;54.357;54.457;54.207;54.246;86.525;KO.USUSD
2021-10-22 14:00:00;54.246;54.316;54.106;54.216;44.375;KO.USUSD
2021-10-22 15:00:00;54.206;54.277;54.066;54.177;48.625;KO.USUSD
2021-10-22 16:00:00;54.177;54.317;54.116;54.246;21.375;KO.USUSD
2021-10-22 17:00:00;54.236;54.357;54.227;54.287;13.775;KO.USUSD
2021-10-22 18:00:00;54.297;54.487;54.297;54.456;26.0;KO.USUSD
2021-10-22 19:00:00;54.457;54.517;54.416;54.436;26.5;KO.USUSD
2021-10-25 13:00:00;54.306;54.467;54.016;54.026;131.85;KO.USUSD
2021-10-25 14:00:00;54.027;54.177;54.006;54.106;54.45;KO.USUSD
2021-10-25 15:00:00;54.107;54.237;54.086;54.216;41.675;KO.USUSD
2021-10-25 16:00:00;54.227;54.356;54.196;54.317;28.8;KO.USUSD
2021-10-25 17:00:00;54.316;54.357;54.247;54.257;11.6;KO.USUSD
2021-10-25 18:00:00;54.267;54.297;54.177;54.187;22.1;KO.USUSD
2021-10-25 19:00:00;54.197;54.257;54.116;54.227;33.625;KO.USUSD
2021-10-26 13:00:00;54.287;54.547;54.256;54.286;123.525;KO.USUSD
2021-10-26 14:00:00;54.267;54.397;54.227;54.276;107.2;KO.USUSD
2021-10-26 15:00:00;54.287;54.407;54.256;54.296;47.525;KO.USUSD
2021-10-26 16:00:00;54.306;54.476;54.226;54.466;44.625;KO.USUSD
2021-10-26 17:00:00;54.457;54.466;54.356;54.357;26.2;KO.USUSD
2021-10-26 18:00:00;54.367;54.456;54.366;54.456;15.375;KO.USUSD
2021-10-26 19:00:00;54.457;54.566;54.446;54.446;27.575;KO.USUSD
2021-10-27 13:00:00;55.967;56.066;55.466;55.757;283.7;KO.USUSD
2021-10-27 14:00:00;55.756;55.997;55.576;55.607;210.575;KO.USUSD
2021-10-27 15:00:00;55.597;55.687;55.246;55.417;142.8;KO.USUSD
2021-10-27 16:00:00;55.426;55.666;55.366;55.476;129.45;KO.USUSD
2021-10-27 17:00:00;55.466;55.497;55.297;55.326;82.625;KO.USUSD
2021-10-27 18:00:00;55.346;55.636;55.296;55.627;50.85;KO.USUSD
2021-10-27 19:00:00;55.606;55.787;55.466;55.507;88.7;KO.USUSD
2021-10-28 13:00:00;55.457;56.016;55.456;55.926;179.125;KO.USUSD
2021-10-28 14:00:00;55.937;55.956;55.736;55.877;86.65;KO.USUSD
2021-10-28 15:00:00;55.887;55.917;55.816;55.866;37.275;KO.USUSD
2021-10-28 16:00:00;55.877;55.916;55.777;55.777;19.825;KO.USUSD
2021-10-28 17:00:00;55.787;55.907;55.746;55.866;25.325;KO.USUSD
2021-10-28 18:00:00;55.877;55.896;55.826;55.847;18.725;KO.USUSD
2021-10-28 19:00:00;55.836;56.096;55.776;56.017;41.875;KO.USUSD
2021-10-29 13:00:00;55.747;56.387;55.747;56.127;149.0;KO.USUSD
2021-10-29 14:00:00;56.137;56.457;56.126;56.336;74.1;KO.USUSD
2021-10-29 15:00:00;56.326;56.366;56.246;56.266;28.275;KO.USUSD
2021-10-29 16:00:00;56.276;56.367;56.256;56.327;31.0;KO.USUSD
2021-10-29 17:00:00;56.336;56.336;56.216;56.267;15.575;KO.USUSD
2021-10-29 18:00:00;56.277;56.306;56.156;56.226;19.825;KO.USUSD
2021-10-29 19:00:00;56.216;56.437;56.136;56.337;28.95;KO.USUSD
2021-11-01 13:00:00;56.287;56.387;56.036;56.237;147.425;KO.USUSD
2021-11-01 14:00:00;56.247;56.267;55.896;56.057;122.4;KO.USUSD
2021-11-01 15:00:00;56.056;56.247;56.056;56.197;46.625;KO.USUSD
2021-11-01 16:00:00;56.207;56.346;56.116;56.336;32.775;KO.USUSD
2021-11-01 17:00:00;56.336;56.336;56.176;56.207;30.6;KO.USUSD
2021-11-01 18:00:00;56.216;56.376;56.206;56.367;20.0;KO.USUSD
2021-11-01 19:00:00;56.366;56.366;56.126;56.167;25.275;KO.USUSD
2021-11-02 13:00:00;56.347;56.486;56.306;56.306;96.775;KO.USUSD
2021-11-02 14:00:00;56.296;56.397;56.246;56.316;91.05;KO.USUSD
2021-11-02 15:00:00;56.327;56.347;56.266;56.266;44.225;KO.USUSD
2021-11-02 16:00:00;56.257;56.307;56.146;56.216;31.275;KO.USUSD
2021-11-02 17:00:00;56.206;56.287;56.186;56.236;19.1;KO.USUSD
2021-11-02 18:00:00;56.236;56.267;56.176;56.177;20.125;KO.USUSD
2021-11-02 19:00:00;56.176;56.197;55.956;56.096;35.15;KO.USUSD
2021-11-03 13:00:00;55.786;56.047;55.776;55.816;138.325;KO.USUSD
2021-11-03 14:00:00;55.827;55.976;55.766;55.887;89.225;KO.USUSD
2021-11-03 15:00:00;55.877;55.987;55.837;55.977;37.125;KO.USUSD
2021-11-03 16:00:00;55.976;56.077;55.936;55.996;26.275;KO.USUSD
2021-11-03 17:00:00;55.997;56.127;55.976;56.097;24.3;KO.USUSD
2021-11-03 18:00:00;56.097;56.177;55.896;56.167;125.475;KO.USUSD
2021-11-03 19:00:00;56.176;56.317;56.096;56.276;35.0;KO.USUSD
2021-11-04 13:00:00;55.996;56.327;55.996;56.256;144.9;KO.USUSD
2021-11-04 14:00:00;56.256;56.386;56.146;56.316;114.975;KO.USUSD
2021-11-04 15:00:00;56.317;56.486;56.307;56.477;53.825;KO.USUSD
2021-11-04 16:00:00;56.477;56.626;56.456;56.597;28.35;KO.USUSD
2021-11-04 17:00:00;56.606;56.607;56.486;56.497;14.6;KO.USUSD
2021-11-04 18:00:00;56.496;56.507;56.296;56.457;21.05;KO.USUSD
2021-11-04 19:00:00;56.477;56.607;56.467;56.606;28.15;KO.USUSD
2021-11-05 13:00:00;56.666;57.147;56.666;56.936;173.425;KO.USUSD
2021-11-05 14:00:00;56.937;57.126;56.796;57.087;112.475;KO.USUSD
2021-11-05 15:00:00;57.097;57.127;56.966;56.966;37.35;KO.USUSD
2021-11-05 16:00:00;56.976;56.987;56.796;56.807;41.925;KO.USUSD
2021-11-05 17:00:00;56.816;56.817;56.586;56.647;38.475;KO.USUSD
2021-11-05 18:00:00;56.636;56.827;56.636;56.766;19.2;KO.USUSD
2021-11-05 19:00:00;56.776;56.917;56.756;56.816;37.35;KO.USUSD
2021-11-08 14:00:00;56.797;56.867;56.326;56.427;163.35;KO.USUSD
2021-11-08 15:00:00;56.446;56.487;56.357;56.406;83.95;KO.USUSD
2021-11-08 16:00:00;56.407;56.446;56.286;56.286;30.50075;KO.USUSD
2021-11-08 17:00:00;56.296;56.356;56.157;56.166;20.6575;KO.USUSD
2021-11-08 18:00:00;56.157;56.287;56.126;56.256;18.41125;KO.USUSD
2021-11-08 19:00:00;56.257;56.297;56.227;56.267;15.60825;KO.USUSD
2021-11-08 20:00:00;56.257;56.396;56.227;56.327;28.23175;KO.USUSD
2021-11-09 14:00:00;56.437;56.497;56.196;56.417;147.36125;KO.USUSD
2021-11-09 15:00:00;56.427;56.427;56.086;56.246;131.41275;KO.USUSD
2021-11-09 16:00:00;56.247;56.357;56.146;56.296;51.38675;KO.USUSD
2021-11-09 17:00:00;56.286;56.377;56.277;56.347;24.01275;KO.USUSD
2021-11-09 18:00:00;56.346;56.466;56.307;56.466;12.959;KO.USUSD
2021-11-09 19:00:00;56.456;56.477;56.346;56.446;20.74;KO.USUSD
2021-11-09 20:00:00;56.436;56.506;56.346;56.477;27.637;KO.USUSD
2021-11-10 14:00:00;56.537;56.767;56.296;56.617;157.57375;KO.USUSD
2021-11-10 15:00:00;56.626;56.717;56.496;56.676;113.15225;KO.USUSD
2021-11-10 16:00:00;56.687;56.717;56.636;56.707;32.627;KO.USUSD
2021-11-10 17:00:00;56.716;56.727;56.556;56.647;30.646;KO.USUSD
2021-11-10 18:00:00;56.656;56.887;56.607;56.886;56.69575;KO.USUSD
2021-11-10 19:00:00;56.877;56.906;56.806;56.807;40.85275;KO.USUSD
2021-11-10 20:00:00;56.816;56.847;56.656;56.707;43.2285;KO.USUSD
2021-11-11 14:00:00;56.806;56.806;56.596;56.656;97.888;KO.USUSD
2021-11-11 15:00:00;56.656;56.747;56.607;56.656;53.02475;KO.USUSD
2021-11-11 16:00:00;56.666;56.747;56.596;56.727;18.53325;KO.USUSD
2021-11-11 17:00:00;56.736;56.746;56.636;56.647;13.8105;KO.USUSD
2021-11-11 18:00:00;56.637;56.647;56.577;56.577;14.10675;KO.USUSD
2021-11-11 19:00:00;56.566;56.747;56.566;56.726;11.70825;KO.USUSD
2021-11-11 20:00:00;56.716;56.816;56.666;56.717;21.43475;KO.USUSD
2021-11-12 14:00:00;56.696;56.857;56.607;56.607;78.49575;KO.USUSD
2021-11-12 15:00:00;56.617;56.817;56.537;56.757;63.60725;KO.USUSD
2021-11-12 16:00:00;56.766;56.977;56.756;56.946;31.815;KO.USUSD
2021-11-12 17:00:00;56.957;56.967;56.847;56.886;24.99675;KO.USUSD
2021-11-12 18:00:00;56.877;56.907;56.796;56.867;24.6325;KO.USUSD
2021-11-12 19:00:00;56.856;56.867;56.726;56.747;25.05825;KO.USUSD
2021-11-12 20:00:00;56.756;56.817;56.586;56.586;22.6355;KO.USUSD
2021-11-15 14:00:00;56.417;56.577;56.266;56.337;73.57475;KO.USUSD
2021-11-15 15:00:00;56.326;56.617;56.276;56.567;59.3875;KO.USUSD
2021-11-15 16:00:00;56.566;56.646;56.536;56.597;22.296;KO.USUSD
2021-11-15 17:00:00;56.587;56.616;56.526;56.616;16.8915;KO.USUSD
2021-11-15 18:00:00;56.616;56.667;56.577;56.627;12.43175;KO.USUSD
2021-11-15 19:00:00;56.626;56.646;56.476;56.477;12.85825;KO.USUSD
2021-11-15 20:00:00;56.466;56.616;56.407;56.607;17.0385;KO.USUSD
2021-11-16 14:00:00;56.446;56.926;56.446;56.746;85.7805;KO.USUSD
2021-11-16 15:00:00;56.747;56.786;56.606;56.616;73.5725;KO.USUSD
2021-11-16 16:00:00;56.627;56.657;56.356;56.376;29.20575;KO.USUSD
2021-11-16 17:00:00;56.377;56.427;56.256;56.356;31.64675;KO.USUSD
2021-11-16 18:00:00;56.356;56.487;56.346;56.456;11.7105;KO.USUSD
2021-11-16 19:00:00;56.457;56.477;56.346;56.366;15.63625;KO.USUSD
2021-11-16 20:00:00;56.376;56.377;56.176;56.196;23.96125;KO.USUSD
2021-11-17 14:00:00;55.956;56.036;55.706;55.857;104.99625;KO.USUSD
2021-11-17 15:00:00;55.857;55.857;55.646;55.716;83.70425;KO.USUSD
2021-11-17 16:00:00;55.716;55.897;55.697;55.877;21.799;KO.USUSD
2021-11-17 17:00:00;55.887;55.967;55.866;55.877;21.6505;KO.USUSD
2021-11-17 18:00:00;55.866;55.936;55.796;55.797;14.18625;KO.USUSD
2021-11-17 19:00:00;55.786;55.847;55.696;55.837;11.8605;KO.USUSD
2021-11-17 20:00:00;55.836;56.016;55.817;55.897;20.39075;KO.USUSD
2021-11-18 14:00:00;55.807;55.917;55.686;55.727;88.84675;KO.USUSD
2021-11-18 15:00:00;55.716;55.747;55.347;55.347;78.541;KO.USUSD
2021-11-18 16:00:00;55.347;55.416;55.236;55.257;34.04125;KO.USUSD
2021-11-18 17:00:00;55.257;55.327;55.206;55.206;29.0565;KO.USUSD
2021-11-18 18:00:00;55.206;55.307;55.136;55.296;17.1165;KO.USUSD
2021-11-18 19:00:00;55.296;55.397;55.256;55.396;17.1475;KO.USUSD
2021-11-18 20:00:00;55.407;55.437;55.296;55.377;20.0505;KO.USUSD
2021-11-19 14:00:00;55.276;55.467;55.016;55.096;112.4395;KO.USUSD
2021-11-19 15:00:00;55.107;55.157;54.976;55.056;80.88475;KO.USUSD
2021-11-19 16:00:00;55.067;55.217;55.047;55.096;36.67925;KO.USUSD
2021-11-19 17:00:00;55.106;55.187;54.997;55.007;18.16725;KO.USUSD
2021-11-19 18:00:00;54.997;55.026;54.896;55.026;21.2195;KO.USUSD
2021-11-19 19:00:00;55.036;55.147;55.006;55.107;20.6665;KO.USUSD
2021-11-19 20:00:00;55.097;55.167;55.036;55.147;29.5475;KO.USUSD
2021-11-22 14:00:00;55.047;55.566;55.047;55.507;110.253;KO.USUSD
2021-11-22 15:00:00;55.516;55.787;55.356;55.666;94.59725;KO.USUSD
2021-11-22 16:00:00;55.666;55.957;55.616;55.926;65.78625;KO.USUSD
2021-11-22 17:00:00;55.927;56.007;55.806;55.897;64.78425;KO.USUSD
2021-11-22 18:00:00;55.886;55.897;55.646;55.737;26.0695;KO.USUSD
2021-11-22 19:00:00;55.726;55.747;55.506;55.617;25.7975;KO.USUSD
2021-11-22 20:00:00;55.617;55.747;55.417;55.496;38.88225;KO.USUSD
2021-11-23 14:00:00;55.556;55.756;55.516;55.607;128.39975;KO.USUSD
2021-11-23 15:00:00;55.607;55.846;55.486;55.786;135.091;KO.USUSD
2021-11-23 16:00:00;55.786;55.857;55.716;55.816;93.57025;KO.USUSD
2021-11-23 17:00:00;55.806;55.837;55.676;55.676;42.6345;KO.USUSD
2021-11-23 18:00:00;55.687;55.886;55.676;55.876;41.689;KO.USUSD
2021-11-23 19:00:00;55.876;56.017;55.856;55.997;24.5845;KO.USUSD
2021-11-23 20:00:00;55.986;56.097;55.877;55.887;43.873;KO.USUSD
2021-11-24 14:00:00;55.516;55.827;55.396;55.476;120.4265;KO.USUSD
2021-11-24 15:00:00;55.466;55.577;55.197;55.197;129.0455;KO.USUSD
2021-11-24 16:00:00;55.206;55.237;55.046;55.056;38.91325;KO.USUSD
2021-11-24 17:00:00;55.067;55.307;55.026;55.306;48.1155;KO.USUSD
2021-11-24 18:00:00;55.297;55.407;55.256;55.406;30.6165;KO.USUSD
2021-11-24 19:00:00;55.417;55.427;55.296;55.347;67.80925;KO.USUSD
2021-11-24 20:00:00;55.356;55.487;55.336;55.486;33.70575;KO.USUSD
2021-11-26 14:00:00;54.476;54.527;53.576;53.647;187.119;KO.USUSD
2021-11-26 15:00:00;53.647;54.167;53.616;53.946;212.94975;KO.USUSD
2021-11-26 16:00:00;53.937;53.967;53.646;53.677;91.71875;KO.USUSD
2021-11-26 17:00:00;53.677;53.867;53.646;53.836;74.20225;KO.USUSD
2021-11-29 14:00:00;53.997;54.257;53.926;54.037;165.05025;KO.USUSD
2021-11-29 15:00:00;54.046;54.377;54.006;54.166;180.46225;KO.USUSD
2021-11-29 16:00:00;54.176;54.447;54.127;54.427;89.25625;KO.USUSD
2021-11-29 17:00:00;54.427;54.567;54.417;54.457;46.02175;KO.USUSD
2021-11-29 18:00:00;54.467;54.587;54.406;54.446;30.84825;KO.USUSD
2021-11-29 19:00:00;54.446;54.617;54.416;54.507;28.3005;KO.USUSD
2021-11-29 20:00:00;54.506;54.717;54.506;54.636;43.43825;KO.USUSD
2021-11-30 14:00:00;53.527;53.597;53.256;53.306;181.0055;KO.USUSD
2021-11-30 15:00:00;53.306;53.487;52.876;52.926;217.223;KO.USUSD
2021-11-30 16:00:00;52.926;53.166;52.866;53.026;201.2405;KO.USUSD
2021-11-30 17:00:00;53.027;53.207;52.937;53.106;157.362;KO.USUSD
2021-11-30 18:00:00;53.106;53.306;53.046;53.246;71.5125;KO.USUSD
2021-11-30 19:00:00;53.237;53.267;52.926;52.936;50.46325;KO.USUSD
2021-11-30 20:00:00;52.937;52.967;52.496;52.497;60.06;KO.USUSD
2021-12-01 14:00:00;52.897;53.247;52.856;52.937;163.56875;KO.USUSD
2021-12-01 15:00:00;52.947;53.367;52.936;53.066;135.1085;KO.USUSD
2021-12-01 16:00:00;53.057;53.507;53.047;53.437;103.459;KO.USUSD
2021-12-01 17:00:00;53.427;53.507;53.297;53.336;61.245;KO.USUSD
2021-12-01 18:00:00;53.347;53.367;53.016;53.027;124.2975;KO.USUSD
2021-12-01 19:00:00;53.017;53.187;52.896;52.957;98.5105;KO.USUSD
2021-12-01 20:00:00;52.956;53.047;52.276;52.296;132.424;KO.USUSD
2021-12-02 14:00:00;52.506;52.987;52.496;52.977;228.0795;KO.USUSD
2021-12-02 15:00:00;52.977;53.097;52.877;52.997;277.3305;KO.USUSD
2021-12-02 16:00:00;52.996;53.087;52.856;53.067;174.53325;KO.USUSD
2021-12-02 17:00:00;53.066;53.156;53.016;53.126;100.58375;KO.USUSD
2021-12-02 18:00:00;53.116;53.236;52.996;53.227;84.60425;KO.USUSD
2021-12-02 19:00:00;53.236;53.327;53.136;53.236;58.99675;KO.USUSD
2021-12-02 20:00:00;53.247;53.277;52.987;53.066;87.11475;KO.USUSD
2021-12-03 14:00:00;53.226;53.516;53.106;53.137;190.579;KO.USUSD
2021-12-03 15:00:00;53.126;53.337;52.987;52.996;289.944;KO.USUSD
2021-12-03 16:00:00;52.986;53.337;52.976;52.986;169.09025;KO.USUSD
2021-12-03 17:00:00;52.987;53.276;52.986;53.166;142.1555;KO.USUSD
2021-12-03 18:00:00;53.176;53.286;53.126;53.227;73.89975;KO.USUSD
2021-12-03 19:00:00;53.237;53.257;53.086;53.167;90.87925;KO.USUSD
2021-12-03 20:00:00;53.157;53.597;53.106;53.526;107.44825;KO.USUSD
2021-12-06 14:00:00;54.217;54.817;54.217;54.776;2.059;KO.USUSD
2021-12-06 15:00:00;54.777;55.086;54.777;55.016;1.61525;KO.USUSD
2021-12-06 16:00:00;55.006;55.236;54.957;55.126;0.39075;KO.USUSD
2021-12-06 17:00:00;55.117;55.217;55.046;55.216;0.52875;KO.USUSD
2021-12-06 18:00:00;55.216;55.226;54.937;54.976;0.45675;KO.USUSD
2021-12-06 19:00:00;54.986;55.097;54.936;54.986;0.34575;KO.USUSD
2021-12-06 20:00:00;54.976;55.007;54.836;54.897;0.4605;KO.USUSD
2021-12-07 14:00:00;54.856;55.026;54.847;54.956;129.13205;KO.USUSD
2021-12-07 15:00:00;54.956;55.317;54.946;55.177;120.32815;KO.USUSD
2021-12-07 16:00:00;55.167;55.287;55.037;55.266;63.4172;KO.USUSD
2021-12-07 17:00:00;55.276;55.377;55.226;55.337;42.91335;KO.USUSD
2021-12-07 18:00:00;55.337;55.377;55.226;55.226;37.4621;KO.USUSD
2021-12-07 19:00:00;55.236;55.407;55.166;55.267;43.5768;KO.USUSD
2021-12-07 20:00:00;55.256;55.307;54.976;55.207;55.55145;KO.USUSD
2021-12-08 14:00:00;55.096;55.346;54.996;55.126;134.36355;KO.USUSD
2021-12-08 15:00:00;55.136;55.226;54.586;54.636;148.6769;KO.USUSD
2021-12-08 16:00:00;54.647;54.756;54.436;54.466;83.8629;KO.USUSD
2021-12-08 17:00:00;54.467;54.716;54.347;54.686;40.11615;KO.USUSD
2021-12-08 18:00:00;54.697;54.857;54.686;54.787;26.2654;KO.USUSD
2021-12-08 19:00:00;54.796;54.897;54.786;54.896;23.4621;KO.USUSD
2021-12-08 20:00:00;54.887;55.046;54.887;54.976;23.54195;KO.USUSD
2021-12-09 14:00:00;54.696;54.857;54.596;54.736;101.888;KO.USUSD
2021-12-09 15:00:00;54.746;54.827;54.636;54.707;119.33355;KO.USUSD
2021-12-09 16:00:00;54.706;54.747;54.577;54.686;59.40125;KO.USUSD
2021-12-09 17:00:00;54.676;54.827;54.667;54.817;47.7588;KO.USUSD
2021-12-09 18:00:00;54.826;55.117;54.787;55.047;66.59205;KO.USUSD
2021-12-09 19:00:00;55.036;55.077;54.906;54.946;58.18575;KO.USUSD
2021-12-09 20:00:00;54.936;54.977;54.836;54.857;48.5262;KO.USUSD
2021-12-10 14:00:00;55.006;55.606;55.006;55.576;99.7275;KO.USUSD
2021-12-10 15:00:00;55.567;55.627;55.316;55.616;118.2566;KO.USUSD
2021-12-10 16:00:00;55.627;55.887;55.616;55.846;64.18985;KO.USUSD
2021-12-10 17:00:00;55.837;55.956;55.796;55.917;27.47885;KO.USUSD
2021-12-10 18:00:00;55.927;56.037;55.896;56.026;26.11625;KO.USUSD
2021-12-10 19:00:00;56.017;56.146;55.996;56.146;25.951;KO.USUSD
2021-12-10 20:00:00;56.136;56.307;56.036;56.266;30.4274;KO.USUSD
2021-12-13 14:00:00;56.876;57.776;56.876;57.457;145.896;KO.USUSD
2021-12-13 15:00:00;57.457;57.487;57.266;57.327;99.6623;KO.USUSD
2021-12-13 16:00:00;57.337;57.697;57.296;57.686;54.99955;KO.USUSD
2021-12-13 17:00:00;57.697;57.727;57.526;57.686;38.87185;KO.USUSD
2021-12-13 18:00:00;57.676;57.826;57.636;57.826;16.6431;KO.USUSD
2021-12-13 19:00:00;57.816;57.917;57.687;57.757;32.2261;KO.USUSD
2021-12-13 20:00:00;57.747;57.887;57.726;57.756;35.34735;KO.USUSD
2021-12-14 14:00:00;57.247;57.857;57.247;57.677;172.6585;KO.USUSD
2021-12-14 15:00:00;57.657;57.876;57.436;57.866;169.675;KO.USUSD
2021-12-14 16:00:00;57.856;58.157;57.806;58.116;121.5392;KO.USUSD
2021-12-14 17:00:00;58.106;58.137;57.746;57.756;74.1564;KO.USUSD
2021-12-14 18:00:00;57.747;57.876;57.736;57.837;37.00105;KO.USUSD
2021-12-14 19:00:00;57.847;57.956;57.846;57.906;54.5689;KO.USUSD
2021-12-14 20:00:00;57.897;57.917;57.716;57.817;56.998;KO.USUSD
2021-12-15 14:00:00;57.746;58.227;57.746;58.036;89.9835;KO.USUSD
2021-12-15 15:00:00;58.026;58.176;57.776;58.176;134.20915;KO.USUSD
2021-12-15 16:00:00;58.166;58.237;58.067;58.086;41.48725;KO.USUSD
2021-12-15 17:00:00;58.096;58.117;57.986;58.037;28.8353;KO.USUSD
2021-12-15 18:00:00;58.026;58.047;57.796;57.816;25.21305;KO.USUSD
2021-12-15 19:00:00;57.806;58.007;57.646;58.007;170.36375;KO.USUSD
2021-12-15 20:00:00;58.016;58.187;57.897;58.046;64.8753;KO.USUSD
2021-12-16 14:00:00;57.866;58.237;57.866;58.146;120.82775;KO.USUSD
2021-12-16 15:00:00;58.156;58.617;58.126;58.596;152.82945;KO.USUSD
2021-12-16 16:00:00;58.596;58.867;58.526;58.816;82.1401;KO.USUSD
2021-12-16 17:00:00;58.816;58.847;58.636;58.646;76.21125;KO.USUSD
2021-12-16 18:00:00;58.646;58.676;58.516;58.586;44.64365;KO.USUSD
2021-12-16 19:00:00;58.596;58.637;58.337;58.417;61.8333;KO.USUSD
2021-12-16 20:00:00;58.416;58.696;58.366;58.626;97.57215;KO.USUSD
2021-12-17 14:00:00;58.277;58.667;58.197;58.367;163.35185;KO.USUSD
2021-12-17 15:00:00;58.376;58.887;58.346;58.827;195.47275;KO.USUSD
2021-12-17 16:00:00;58.826;58.907;58.416;58.497;99.4454;KO.USUSD
2021-12-17 17:00:00;58.487;58.537;58.356;58.447;57.1346;KO.USUSD
2021-12-17 18:00:00;58.446;58.727;58.366;58.707;52.59325;KO.USUSD
2021-12-17 19:00:00;58.707;58.707;58.447;58.496;53.3571;KO.USUSD
2021-12-17 20:00:00;58.496;58.546;57.687;57.966;106.5042;KO.USUSD
2021-12-20 14:00:00;56.996;57.776;56.906;57.636;198.2311;KO.USUSD
2021-12-20 15:00:00;57.646;57.686;57.346;57.526;170.74515;KO.USUSD
2021-12-20 16:00:00;57.527;57.597;57.366;57.437;103.97715;KO.USUSD
2021-12-20 17:00:00;57.426;57.457;57.256;57.266;70.68395;KO.USUSD
2021-12-20 18:00:00;57.267;57.497;57.236;57.457;62.1273;KO.USUSD
2021-12-20 19:00:00;57.457;57.487;57.316;57.327;44.1273;KO.USUSD
2021-12-20 20:00:00;57.316;57.576;57.306;57.547;78.5426;KO.USUSD
2021-12-21 14:00:00;57.527;57.957;57.516;57.797;136.34245;KO.USUSD
2021-12-21 15:00:00;57.807;57.817;57.536;57.587;103.4594;KO.USUSD
2021-12-21 16:00:00;57.596;57.817;57.566;57.716;52.9853;KO.USUSD
2021-12-21 17:00:00;57.716;57.917;57.716;57.886;48.3631;KO.USUSD
2021-12-21 18:00:00;57.876;57.887;57.777;57.856;35.17495;KO.USUSD
2021-12-21 19:00:00;57.846;57.847;57.696;57.777;40.16995;KO.USUSD
2021-12-21 20:00:00;57.767;57.887;57.656;57.767;40.02745;KO.USUSD
2021-12-22 14:00:00;57.627;57.807;57.486;57.546;115.97835;KO.USUSD
2021-12-22 15:00:00;57.557;58.137;57.557;58.136;106.77045;KO.USUSD
2021-12-22 16:00:00;58.136;58.137;57.886;57.916;66.34885;KO.USUSD
2021-12-22 17:00:00;57.926;58.037;57.866;57.997;49.2291;KO.USUSD
2021-12-22 18:00:00;57.997;58.077;57.956;58.026;36.5986;KO.USUSD
2021-12-22 19:00:00;58.037;58.117;58.006;58.046;32.9056;KO.USUSD
2021-12-22 20:00:00;58.057;58.177;58.016;58.156;33.2927;KO.USUSD
2021-12-23 14:00:00;58.227;58.597;58.227;58.336;107.8236;KO.USUSD
2021-12-23 15:00:00;58.327;58.427;58.266;58.336;126.75305;KO.USUSD
2021-12-23 16:00:00;58.346;58.367;58.206;58.276;33.97115;KO.USUSD
2021-12-23 17:00:00;58.266;58.277;57.926;58.057;50.5146;KO.USUSD
2021-12-23 18:00:00;58.066;58.106;58.006;58.056;22.846;KO.USUSD
2021-12-23 19:00:00;58.056;58.207;58.046;58.196;26.7874;KO.USUSD
2021-12-23 20:00:00;58.197;58.266;58.117;58.216;37.6072;KO.USUSD
2021-12-27 14:00:00;58.006;58.557;57.996;58.467;151.40295;KO.USUSD
2021-12-27 15:00:00;58.456;58.566;58.426;58.496;125.5896;KO.USUSD
2021-12-27 16:00:00;58.507;58.577;58.466;58.536;66.2648;KO.USUSD
2021-12-27 17:00:00;58.527;58.567;58.476;58.527;55.1915;KO.USUSD
2021-12-27 18:00:00;58.517;58.607;58.517;58.597;21.7159;KO.USUSD
2021-12-27 19:00:00;58.587;58.597;58.506;58.546;27.9796;KO.USUSD
2021-12-27 20:00:00;58.537;58.677;58.507;58.646;24.3736;KO.USUSD
2021-12-28 14:00:00;58.246;58.857;58.246;58.726;109.8737;KO.USUSD
2021-12-28 15:00:00;58.727;58.837;58.636;58.757;93.1402;KO.USUSD
2021-12-28 16:00:00;58.747;58.927;58.746;58.807;53.3346;KO.USUSD
2021-12-28 17:00:00;58.797;58.827;58.716;58.807;39.7155;KO.USUSD
2021-12-28 18:00:00;58.806;58.837;58.766;58.837;22.1659;KO.USUSD
2021-12-28 19:00:00;58.837;58.847;58.726;58.797;30.63265;KO.USUSD
2021-12-28 20:00:00;58.796;58.887;58.746;58.877;38.6657;KO.USUSD
2021-12-29 14:00:00;58.867;59.086;58.816;58.916;110.77805;KO.USUSD
2021-12-29 15:00:00;58.917;59.027;58.716;58.717;104.9982;KO.USUSD
2021-12-29 16:00:00;58.727;58.887;58.656;58.866;49.10405;KO.USUSD
2021-12-29 17:00:00;58.866;59.027;58.866;59.026;34.5831;KO.USUSD
2021-12-29 18:00:00;59.027;59.047;58.906;58.996;26.0317;KO.USUSD
2021-12-29 19:00:00;58.986;58.997;58.916;58.946;22.5433;KO.USUSD
2021-12-29 20:00:00;58.956;59.087;58.926;58.926;26.7111;KO.USUSD
2021-12-30 14:00:00;59.026;59.207;58.996;59.047;91.57205;KO.USUSD
2021-12-30 15:00:00;59.046;59.117;58.846;59.007;74.30895;KO.USUSD
2021-12-30 16:00:00;59.017;59.027;58.807;58.866;34.65535;KO.USUSD
2021-12-30 17:00:00;58.866;58.867;58.806;58.846;14.1451;KO.USUSD
2021-12-30 18:00:00;58.856;58.887;58.766;58.877;14.8994;KO.USUSD
2021-12-30 19:00:00;58.867;58.916;58.816;58.877;11.0493;KO.USUSD
2021-12-30 20:00:00;58.887;58.947;58.756;58.776;32.915;KO.USUSD
2021-12-31 14:00:00;58.696;58.857;58.686;58.697;87.47645;KO.USUSD
2021-12-31 15:00:00;58.706;58.877;58.687;58.856;71.89085;KO.USUSD
2021-12-31 16:00:00;58.866;58.927;58.796;58.807;29.8198;KO.USUSD
2021-12-31 17:00:00;58.816;58.897;58.766;58.896;17.7046;KO.USUSD
2021-12-31 18:00:00;58.906;59.016;58.906;58.996;21.873;KO.USUSD
2021-12-31 19:00:00;59.007;59.127;59.006;59.077;30.7893;KO.USUSD
2021-12-31 20:00:00;59.077;59.337;59.077;59.206;61.98675;KO.USUSD
2022-01-03 14:00:00;58.812;58.887;58.516;58.577;175.35975;KO.USUSD
2022-01-03 15:00:00;58.597;58.687;58.366;58.617;242.8945;KO.USUSD
2022-01-03 16:00:00;58.607;58.797;58.526;58.797;111.9125;KO.USUSD
2022-01-03 17:00:00;58.786;58.817;58.606;58.667;102.083;KO.USUSD
2022-01-03 18:00:00;58.677;58.917;58.626;58.897;61.86575;KO.USUSD
2022-01-03 19:00:00;58.886;59.177;58.866;59.056;52.22325;KO.USUSD
2022-01-03 20:00:00;59.066;59.297;59.016;59.286;73.7945;KO.USUSD
2022-01-04 14:00:00;59.506;60.377;59.506;60.266;204.69175;KO.USUSD
2022-01-04 15:00:00;60.256;60.457;60.096;60.317;256.68625;KO.USUSD
2022-01-04 16:00:00;60.327;60.467;60.177;60.456;178.01525;KO.USUSD
2022-01-04 17:00:00;60.457;60.526;60.196;60.237;116.73975;KO.USUSD
2022-01-04 18:00:00;60.227;60.307;60.136;60.227;118.34125;KO.USUSD
2022-01-04 19:00:00;60.217;60.447;60.216;60.426;72.8565;KO.USUSD
2022-01-04 20:00:00;60.417;60.437;60.266;60.266;62.461;KO.USUSD
2022-01-05 14:00:00;60.007;60.817;60.007;60.676;225.5505;KO.USUSD
2022-01-05 15:00:00;60.666;61.127;60.536;60.917;108.451;KO.USUSD
2022-01-05 16:00:00;60.926;61.086;60.896;61.037;67.40125;KO.USUSD
2022-01-05 17:00:00;61.036;61.187;61.006;61.047;43.096;KO.USUSD
2022-01-05 18:00:00;61.056;61.177;61.046;61.126;40.515;KO.USUSD
2022-01-05 19:00:00;61.116;61.156;60.886;60.937;175.2645;KO.USUSD
2022-01-05 20:00:00;60.926;60.986;60.726;60.787;111.2525;KO.USUSD
2022-01-06 14:00:00;60.397;60.806;60.397;60.767;223.78825;KO.USUSD
2022-01-06 15:00:00;60.777;61.107;60.726;60.736;248.2105;KO.USUSD
2022-01-06 16:00:00;60.727;60.816;60.546;60.606;188.93275;KO.USUSD
2022-01-06 17:00:00;60.597;60.767;60.526;60.706;89.8845;KO.USUSD
2022-01-06 18:00:00;60.696;60.877;60.666;60.767;64.48225;KO.USUSD
2022-01-06 19:00:00;60.756;60.917;60.716;60.826;55.715;KO.USUSD
2022-01-06 20:00:00;60.826;60.836;60.426;60.467;73.7255;KO.USUSD
2022-01-07 14:00:00;60.027;60.386;60.026;60.286;179.577;KO.USUSD
2022-01-07 15:00:00;60.276;60.676;60.227;60.586;216.9635;KO.USUSD
2022-01-07 16:00:00;60.587;60.677;60.476;60.656;139.795;KO.USUSD
2022-01-07 17:00:00;60.647;60.657;60.496;60.507;81.85425;KO.USUSD
2022-01-07 18:00:00;60.497;60.666;60.467;60.656;50.6885;KO.USUSD
2022-01-07 19:00:00;60.667;60.707;60.546;60.567;50.29525;KO.USUSD
2022-01-07 20:00:00;60.576;60.616;60.306;60.326;56.877;KO.USUSD
2022-01-10 14:00:00;60.377;60.697;60.377;60.606;163.746;KO.USUSD
2022-01-10 15:00:00;60.606;60.807;60.497;60.507;157.4755;KO.USUSD
2022-01-10 16:00:00;60.496;60.677;60.346;60.457;118.691;KO.USUSD
2022-01-10 17:00:00;60.457;60.677;60.406;60.516;81.6595;KO.USUSD
2022-01-10 18:00:00;60.526;60.617;60.456;60.587;66.13;KO.USUSD
2022-01-10 19:00:00;60.576;60.617;60.347;60.427;79.81775;KO.USUSD
2022-01-10 20:00:00;60.436;60.457;60.176;60.406;85.58375;KO.USUSD
2022-01-11 14:00:00;60.427;60.476;59.906;60.086;219.75625;KO.USUSD
2022-01-11 15:00:00;60.096;60.277;59.946;60.057;260.4735;KO.USUSD
2022-01-11 16:00:00;60.067;60.087;59.827;60.036;129.5825;KO.USUSD
2022-01-11 17:00:00;60.026;60.107;60.006;60.056;40.902;KO.USUSD
2022-01-11 18:00:00;60.057;60.277;60.046;60.147;31.693;KO.USUSD
2022-01-11 19:00:00;60.137;60.227;60.046;60.197;45.14125;KO.USUSD
2022-01-11 20:00:00;60.207;60.477;60.177;60.436;52.8595;KO.USUSD
2022-01-12 14:00:00;60.356;60.517;60.206;60.397;176.249;KO.USUSD
2022-01-12 15:00:00;60.396;60.677;60.176;60.336;169.32175;KO.USUSD
2022-01-12 16:00:00;60.336;60.467;60.266;60.337;92.7805;KO.USUSD
2022-01-12 17:00:00;60.337;60.477;60.316;60.427;57.93375;KO.USUSD
2022-01-12 18:00:00;60.447;60.527;60.367;60.396;65.63525;KO.USUSD
2022-01-12 19:00:00;60.406;60.436;60.326;60.386;56.42625;KO.USUSD
2022-01-12 20:00:00;60.387;60.567;60.336;60.537;42.049;KO.USUSD
2022-01-13 14:00:00;60.377;60.626;60.376;60.506;145.98925;KO.USUSD
2022-01-13 15:00:00;60.506;61.026;60.496;60.856;123.50375;KO.USUSD
2022-01-13 16:00:00;60.847;60.887;60.686;60.877;60.583;KO.USUSD
2022-01-13 17:00:00;60.867;60.927;60.716;60.877;76.8845;KO.USUSD
2022-01-13 18:00:00;60.867;61.027;60.846;60.917;41.44375;KO.USUSD
2022-01-13 19:00:00;60.926;60.957;60.816;60.907;34.18775;KO.USUSD
2022-01-13 20:00:00;60.897;60.937;60.726;60.927;64.743;KO.USUSD
2022-01-14 14:00:00;60.906;60.967;60.346;60.687;187.492;KO.USUSD
2022-01-14 15:00:00;60.696;60.867;60.617;60.817;189.30125;KO.USUSD
2022-01-14 16:00:00;60.827;61.167;60.727;61.077;106.2305;KO.USUSD
2022-01-14 17:00:00;61.066;61.166;60.896;60.937;78.72975;KO.USUSD
2022-01-14 18:00:00;60.926;61.057;60.896;60.947;70.0125;KO.USUSD
2022-01-14 19:00:00;60.956;61.216;60.947;61.137;57.07375;KO.USUSD
2022-01-14 20:00:00;61.147;61.407;61.097;61.367;64.00425;KO.USUSD
2022-01-18 14:00:00;60.707;61.147;60.616;60.776;204.29775;KO.USUSD
2022-01-18 15:00:00;60.767;60.897;60.436;60.886;220.6645;KO.USUSD
2022-01-18 16:00:00;60.876;61.067;60.826;60.946;90.3555;KO.USUSD
2022-01-18 17:00:00;60.957;60.957;60.696;60.756;87.24275;KO.USUSD
2022-01-18 18:00:00;60.746;60.997;60.746;60.906;83.1905;KO.USUSD
2022-01-18 19:00:00;60.906;61.107;60.877;61.037;69.71475;KO.USUSD
2022-01-18 20:00:00;61.047;61.067;60.756;60.896;74.261;KO.USUSD
2022-01-19 14:00:00;60.516;61.096;60.516;60.946;227.783;KO.USUSD
2022-01-19 15:00:00;60.947;60.957;60.546;60.756;317.04325;KO.USUSD
2022-01-19 16:00:00;60.756;60.987;60.666;60.866;183.64725;KO.USUSD
2022-01-19 17:00:00;60.877;60.937;60.776;60.877;88.0905;KO.USUSD
2022-01-19 18:00:00;60.886;61.046;60.816;60.876;55.452;KO.USUSD
2022-01-19 19:00:00;60.887;61.077;60.886;61.067;61.23075;KO.USUSD
2022-01-19 20:00:00;61.077;61.167;60.847;60.986;59.5755;KO.USUSD
2022-01-20 14:00:00;61.077;61.407;60.706;61.387;179.97975;KO.USUSD
2022-01-20 15:00:00;61.396;61.427;61.116;61.286;184.86425;KO.USUSD
2022-01-20 16:00:00;61.296;61.396;61.216;61.266;65.726;KO.USUSD
2022-01-20 17:00:00;61.267;61.317;61.166;61.246;73.023;KO.USUSD
2022-01-20 18:00:00;61.247;61.316;61.176;61.216;72.092;KO.USUSD
2022-01-20 19:00:00;61.226;61.326;61.106;61.196;83.8715;KO.USUSD
2022-01-20 20:00:00;61.207;61.216;60.717;60.726;137.72275;KO.USUSD
2022-01-21 14:00:00;60.847;61.287;60.596;61.126;298.92925;KO.USUSD
2022-01-21 15:00:00;61.127;61.227;60.806;61.016;418.54425;KO.USUSD
2022-01-21 16:00:00;61.027;61.137;60.776;60.826;226.42275;KO.USUSD
2022-01-21 17:00:00;60.816;60.817;60.507;60.566;148.58325;KO.USUSD
2022-01-21 18:00:00;60.556;60.707;60.516;60.607;141.29175;KO.USUSD
2022-01-21 19:00:00;60.586;60.736;60.566;60.617;107.21075;KO.USUSD
2022-01-21 20:00:00;60.626;60.687;60.387;60.446;170.7925;KO.USUSD
2022-01-24 14:00:00;59.757;60.276;59.757;60.056;199.449;KO.USUSD
2022-01-24 15:00:00;60.057;60.077;59.356;59.556;303.2664;KO.USUSD
2022-01-24 16:00:00;59.547;59.607;59.006;59.187;373.3002;KO.USUSD
2022-01-24 17:00:00;59.186;59.297;58.706;58.876;429.87;KO.USUSD
2022-01-24 18:00:00;58.867;58.907;58.626;58.856;423.6867;KO.USUSD
2022-01-24 19:00:00;58.867;59.027;58.556;58.876;382.929;KO.USUSD
2022-01-24 20:00:00;58.876;60.037;58.876;60.037;275.8926;KO.USUSD
2022-01-25 14:00:00;59.136;59.457;58.846;58.866;310.7601;KO.USUSD
2022-01-25 15:00:00;58.866;59.507;58.676;59.336;534.9507;KO.USUSD
2022-01-25 16:00:00;59.327;59.426;58.957;58.997;406.8882;KO.USUSD
2022-01-25 17:00:00;58.996;59.267;58.926;59.056;303.8115;KO.USUSD
2022-01-25 18:00:00;59.067;59.587;58.996;59.557;224.6391;KO.USUSD
2022-01-25 19:00:00;59.546;60.007;59.486;60.007;162.5256;KO.USUSD
2022-01-25 20:00:00;60.016;60.037;59.596;59.786;217.0548;KO.USUSD
2022-01-26 14:00:00;59.727;60.247;59.416;60.247;226.5639;KO.USUSD
2022-01-26 15:00:00;60.237;60.336;59.757;59.987;362.0286;KO.USUSD
2022-01-26 16:00:00;59.977;60.227;59.926;60.056;200.3379;KO.USUSD
2022-01-26 17:00:00;60.067;60.147;59.986;60.096;102.9501;KO.USUSD
2022-01-26 18:00:00;60.097;60.106;59.876;59.916;115.8354;KO.USUSD
2022-01-26 19:00:00;59.917;60.187;59.546;59.806;532.0722;KO.USUSD
2022-01-26 20:00:00;59.797;59.847;59.197;59.637;369.4347;KO.USUSD
2022-01-27 14:00:00;59.547;60.727;59.547;60.706;227.3961;KO.USUSD
2022-01-27 15:00:00;60.706;60.887;60.406;60.846;348.4008;KO.USUSD
2022-01-27 16:00:00;60.837;60.917;60.656;60.797;229.0983;KO.USUSD
2022-01-27 17:00:00;60.806;60.817;59.806;59.896;333.8907;KO.USUSD
2022-01-27 18:00:00;59.896;59.917;59.556;59.647;324.5109;KO.USUSD
2022-01-27 19:00:00;59.656;59.867;59.536;59.636;274.8414;KO.USUSD
2022-01-27 20:00:00;59.647;59.927;59.496;59.677;206.5281;KO.USUSD
2022-01-28 14:00:00;59.337;59.487;58.917;59.136;201.3801;KO.USUSD
2022-01-28 15:00:00;59.146;59.786;59.106;59.717;278.784;KO.USUSD
2022-01-28 16:00:00;59.726;59.957;59.686;59.907;177.9387;KO.USUSD
2022-01-28 17:00:00;59.896;60.027;59.766;59.886;151.2945;KO.USUSD
2022-01-28 18:00:00;59.886;60.277;59.886;60.207;124.44;KO.USUSD
2022-01-28 19:00:00;60.196;60.467;59.986;60.427;128.9667;KO.USUSD
2022-01-28 20:00:00;60.436;60.847;60.336;60.837;153.6348;KO.USUSD
2022-01-31 14:00:00;60.297;60.497;60.136;60.467;280.8963;KO.USUSD
2022-01-31 15:00:00;60.456;60.577;60.307;60.457;254.4639;KO.USUSD
2022-01-31 16:00:00;60.466;60.867;60.406;60.777;128.1447;KO.USUSD
2022-01-31 17:00:00;60.777;60.947;60.736;60.907;75.6348;KO.USUSD
2022-01-31 18:00:00;60.896;61.067;60.876;60.987;56.3877;KO.USUSD
2022-01-31 19:00:00;60.997;61.127;60.927;60.957;42.9705;KO.USUSD
2022-01-31 20:00:00;60.957;61.086;60.696;60.987;85.3698;KO.USUSD
2022-02-01 14:00:00;60.596;61.126;60.596;60.747;269.4867;KO.USUSD
2022-02-01 15:00:00;60.747;60.777;60.146;60.346;299.4477;KO.USUSD
2022-02-01 16:00:00;60.357;60.397;60.186;60.266;96.6897;KO.USUSD
2022-02-01 17:00:00;60.267;60.397;60.156;60.236;61.3212;KO.USUSD
2022-02-01 18:00:00;60.227;60.507;60.177;60.487;38.5824;KO.USUSD
2022-02-01 19:00:00;60.487;60.646;60.366;60.437;48.7695;KO.USUSD
2022-02-01 20:00:00;60.446;60.607;60.346;60.566;58.8612;KO.USUSD
2022-02-02 14:00:00;60.517;61.257;60.516;61.057;297.9033;KO.USUSD
2022-02-02 15:00:00;61.046;61.117;60.716;60.776;325.6398;KO.USUSD
2022-02-02 16:00:00;60.766;61.067;60.726;60.797;133.9092;KO.USUSD
2022-02-02 17:00:00;60.786;60.917;60.696;60.807;70.2348;KO.USUSD
2022-02-02 18:00:00;60.807;60.966;60.776;60.947;61.9284;KO.USUSD
2022-02-02 19:00:00;60.936;61.127;60.897;61.086;47.0295;KO.USUSD
2022-02-02 20:00:00;61.087;61.257;61.046;61.176;58.2129;KO.USUSD
2022-02-03 14:00:00;60.847;61.237;60.567;60.957;204.0285;KO.USUSD
2022-02-03 15:00:00;60.957;61.527;60.927;61.376;239.9352;KO.USUSD
2022-02-03 16:00:00;61.386;61.767;61.326;61.547;106.5615;KO.USUSD
2022-02-03 17:00:00;61.546;61.706;61.486;61.647;106.1043;KO.USUSD
2022-02-03 18:00:00;61.636;61.677;61.566;61.617;55.5312;KO.USUSD
2022-02-03 19:00:00;61.626;61.637;61.377;61.416;55.0767;KO.USUSD
2022-02-03 20:00:00;61.426;61.667;61.346;61.607;114.6261;KO.USUSD
2022-02-04 14:00:00;61.207;61.667;61.146;61.397;245.16;KO.USUSD
2022-02-04 15:00:00;61.387;61.427;60.566;60.807;244.3833;KO.USUSD
2022-02-04 16:00:00;60.796;61.307;60.767;61.226;156.9846;KO.USUSD
2022-02-04 17:00:00;61.227;61.357;61.196;61.337;85.1373;KO.USUSD
2022-02-04 18:00:00;61.336;61.437;61.046;61.086;73.68;KO.USUSD
2022-02-04 19:00:00;61.096;61.217;61.046;61.217;80.67;KO.USUSD
2022-02-04 20:00:00;61.227;61.387;60.996;61.017;109.3725;KO.USUSD
2022-02-07 14:00:00;60.976;61.337;60.846;60.906;299.0001;KO.USUSD
2022-02-07 15:00:00;60.917;61.287;60.917;61.227;169.9044;KO.USUSD
2022-02-07 16:00:00;61.206;61.306;61.046;61.267;68.0172;KO.USUSD
2022-02-07 17:00:00;61.257;61.487;61.156;61.376;39.7948;KO.USUSD
2022-02-07 18:00:00;61.377;61.477;61.286;61.387;58.8487;KO.USUSD
2022-02-07 19:00:00;61.386;61.607;61.366;61.607;41.0449;KO.USUSD
2022-02-07 20:00:00;61.597;61.707;61.437;61.567;60.1162;KO.USUSD
2022-02-08 14:00:00;61.607;62.067;61.607;61.996;198.1899;KO.USUSD
2022-02-08 15:00:00;61.996;62.197;61.946;61.956;112.1987;KO.USUSD
2022-02-08 16:00:00;61.947;62.117;61.947;62.086;25.7042;KO.USUSD
2022-02-08 17:00:00;62.077;62.317;61.996;62.176;38.3975;KO.USUSD
2022-02-08 18:00:00;62.186;62.207;62.006;62.106;42.8598;KO.USUSD
2022-02-08 19:00:00;62.097;62.107;61.856;61.907;56.1967;KO.USUSD
2022-02-08 20:00:00;61.907;62.256;61.896;61.997;68.0135;KO.USUSD
2022-02-09 14:00:00;62.146;62.276;61.656;61.666;218.7795;KO.USUSD
2022-02-09 15:00:00;61.677;61.707;61.257;61.557;240.3151;KO.USUSD
2022-02-09 16:00:00;61.546;61.557;61.156;61.426;88.3647;KO.USUSD
2022-02-09 17:00:00;61.416;61.507;61.206;61.297;51.6695;KO.USUSD
2022-02-09 18:00:00;61.296;61.347;61.146;61.156;61.83;KO.USUSD
2022-02-09 19:00:00;61.166;61.257;61.076;61.096;40.2146;KO.USUSD
2022-02-09 20:00:00;61.087;61.196;60.886;61.026;42.4069;KO.USUSD
2022-02-10 14:00:00;60.097;62.227;60.096;62.087;325.784;KO.USUSD
2022-02-10 15:00:00;62.097;62.277;61.846;62.007;363.666;KO.USUSD
2022-02-10 16:00:00;62.006;62.187;61.936;62.087;193.3027;KO.USUSD
2022-02-10 17:00:00;62.097;62.187;61.846;61.847;198.5467;KO.USUSD
2022-02-10 18:00:00;61.857;61.857;61.196;61.356;270.2833;KO.USUSD
2022-02-10 19:00:00;61.367;61.566;61.256;61.437;265.3905;KO.USUSD
2022-02-10 20:00:00;61.437;61.637;61.136;61.337;222.4937;KO.USUSD
2022-02-11 14:00:00;61.446;61.967;61.196;61.626;248.9853;KO.USUSD
2022-02-11 15:00:00;61.616;61.697;61.026;61.107;336.6923;KO.USUSD
2022-02-11 16:00:00;61.106;61.247;60.657;60.857;232.4309;KO.USUSD
2022-02-11 17:00:00;60.867;61.017;60.786;60.867;110.4253;KO.USUSD
2022-02-11 18:00:00;60.867;61.007;60.406;60.477;278.1116;KO.USUSD
2022-02-11 19:00:00;60.467;60.727;60.266;60.366;473.0823;KO.USUSD
2022-02-11 20:00:00;60.367;60.506;60.136;60.246;241.6585;KO.USUSD
2022-02-14 14:00:00;60.027;60.467;59.786;59.916;286.4619;KO.USUSD
2022-02-14 15:00:00;59.916;59.927;59.346;59.376;305.5941;KO.USUSD
2022-02-14 16:00:00;59.376;59.946;59.266;59.907;212.8932;KO.USUSD
2022-02-14 17:00:00;59.906;60.486;59.776;60.467;138.4389;KO.USUSD
2022-02-14 18:00:00;60.467;60.647;60.427;60.536;128.3382;KO.USUSD
2022-02-14 19:00:00;60.527;60.637;60.276;60.467;338.0472;KO.USUSD
2022-02-14 20:00:00;60.457;60.777;60.386;60.667;169.8129;KO.USUSD
2022-02-15 14:00:00;60.796;61.767;60.796;61.417;228.1491;KO.USUSD
2022-02-15 15:00:00;61.426;61.736;61.346;61.606;186.5304;KO.USUSD
2022-02-15 16:00:00;61.617;61.617;61.176;61.306;78.1047;KO.USUSD
2022-02-15 17:00:00;61.297;61.367;61.067;61.126;62.4177;KO.USUSD
2022-02-15 18:00:00;61.126;61.207;61.076;61.096;25.5825;KO.USUSD
2022-02-15 19:00:00;61.087;61.097;60.867;60.907;41.5179;KO.USUSD
2022-02-15 20:00:00;60.917;60.957;60.616;60.857;68.9832;KO.USUSD
2022-02-16 14:00:00;60.776;61.387;60.776;61.056;247.9275;KO.USUSD
2022-02-16 15:00:00;61.057;61.147;60.546;60.647;196.7031;KO.USUSD
2022-02-16 16:00:00;60.657;60.826;60.646;60.747;71.1405;KO.USUSD
2022-02-16 17:00:00;60.757;60.827;60.586;60.716;80.7021;KO.USUSD
2022-02-16 18:00:00;60.727;60.767;60.626;60.657;49.536;KO.USUSD
2022-02-16 19:00:00;60.666;60.957;60.576;60.886;313.3485;KO.USUSD
2022-02-16 20:00:00;60.897;61.046;60.806;60.886;90.0567;KO.USUSD
2022-02-17 14:00:00;59.947;60.607;59.947;60.417;217.3266;KO.USUSD
2022-02-17 15:00:00;60.407;61.067;60.396;61.017;149.9373;KO.USUSD
2022-02-17 16:00:00;61.007;61.126;60.867;61.067;74.1294;KO.USUSD
2022-02-17 17:00:00;61.067;61.417;61.046;61.417;58.4505;KO.USUSD
2022-02-17 18:00:00;61.417;61.927;61.396;61.887;58.896;KO.USUSD
2022-02-17 19:00:00;61.896;62.226;61.866;62.116;47.9142;KO.USUSD
2022-02-17 20:00:00;62.127;62.267;61.976;62.086;80.8605;KO.USUSD
2022-02-18 14:00:00;61.897;62.327;61.897;62.297;240.4449;KO.USUSD
2022-02-18 15:00:00;62.307;62.507;62.186;62.447;172.8243;KO.USUSD
2022-02-18 16:00:00;62.456;62.576;62.247;62.277;117.1098;KO.USUSD
2022-02-18 17:00:00;62.297;62.457;62.226;62.276;154.5192;KO.USUSD
2022-02-18 18:00:00;62.286;62.497;62.247;62.407;84.7803;KO.USUSD
2022-02-18 19:00:00;62.407;62.807;62.387;62.777;107.8158;KO.USUSD
2022-02-18 20:00:00;62.777;62.807;62.346;62.606;162.5211;KO.USUSD
2022-02-22 14:00:00;62.427;62.427;61.706;62.056;358.0647;KO.USUSD
2022-02-22 15:00:00;62.057;62.386;61.807;62.347;459.006;KO.USUSD
2022-02-22 16:00:00;62.346;62.627;62.266;62.466;230.8245;KO.USUSD
2022-02-22 17:00:00;62.457;62.627;62.247;62.277;130.9491;KO.USUSD
2022-02-22 18:00:00;62.287;62.317;61.896;62.036;148.7661;KO.USUSD
2022-02-22 19:00:00;62.037;62.327;61.856;62.207;381.4563;KO.USUSD
2022-02-22 20:00:00;62.217;62.376;62.047;62.297;214.3836;KO.USUSD
2022-02-23 14:00:00;62.136;62.307;61.626;61.816;351.5655;KO.USUSD
2022-02-23 15:00:00;61.806;61.876;61.626;61.766;311.232;KO.USUSD
2022-02-23 16:00:00;61.757;61.797;61.506;61.696;180.1158;KO.USUSD
2022-02-23 17:00:00;61.706;61.917;61.586;61.687;136.0653;KO.USUSD
2022-02-23 18:00:00;61.686;61.727;61.526;61.696;121.8909;KO.USUSD
2022-02-23 19:00:00;61.686;61.757;61.486;61.517;143.2515;KO.USUSD
2022-02-23 20:00:00;61.507;61.607;61.336;61.607;206.0787;KO.USUSD
2022-02-24 14:00:00;59.927;60.347;59.706;60.247;536.4153;KO.USUSD
2022-02-24 15:00:00;60.236;60.257;59.746;59.807;752.8128;KO.USUSD
2022-02-24 16:00:00;59.806;59.897;59.427;59.856;386.8821;KO.USUSD
2022-02-24 17:00:00;59.846;59.956;59.516;59.536;296.8938;KO.USUSD
2022-02-24 18:00:00;59.527;59.627;59.216;59.567;313.0926;KO.USUSD
2022-02-24 19:00:00;59.556;59.987;59.526;59.826;352.9032;KO.USUSD
2022-02-24 20:00:00;59.817;60.607;59.776;60.506;215.1114;KO.USUSD
2022-02-25 14:00:00;60.567;61.787;60.567;61.466;410.6559;KO.USUSD
2022-02-25 15:00:00;61.477;62.096;61.426;62.036;488.7024;KO.USUSD
2022-02-25 16:00:00;62.047;62.356;61.976;62.287;237.4503;KO.USUSD
2022-02-25 17:00:00;62.287;62.736;62.226;62.646;136.9512;KO.USUSD
2022-02-25 18:00:00;62.626;62.886;62.416;62.747;155.8692;KO.USUSD
2022-02-25 19:00:00;62.746;62.886;62.607;62.727;137.9682;KO.USUSD
2022-02-25 20:00:00;62.716;62.877;62.586;62.827;163.1643;KO.USUSD
2022-02-28 14:00:00;61.206;62.326;61.206;62.026;466.7007;KO.USUSD
2022-02-28 15:00:00;62.037;62.037;61.527;61.906;567.0942;KO.USUSD
2022-02-28 16:00:00;61.916;62.247;61.766;62.036;284.4243;KO.USUSD
2022-02-28 17:00:00;62.036;62.077;61.606;61.656;174.4659;KO.USUSD
2022-02-28 18:00:00;61.656;61.867;61.486;61.816;195.0903;KO.USUSD
2022-02-28 19:00:00;61.806;61.877;61.446;61.657;291.3558;KO.USUSD
2022-02-28 20:00:00;61.666;62.276;61.596;62.237;330.3081;KO.USUSD
2022-03-01 14:00:00;62.047;62.737;62.036;62.197;392.6028;KO.USUSD
2022-03-01 15:00:00;62.207;62.467;61.806;61.997;534.7992;KO.USUSD
2022-03-01 16:00:00;61.987;62.237;61.587;61.647;319.0509;KO.USUSD
2022-03-01 17:00:00;61.636;61.817;61.536;61.757;293.1498;KO.USUSD
2022-03-01 18:00:00;61.756;61.817;61.506;61.717;254.2233;KO.USUSD
2022-03-01 19:00:00;61.707;62.027;61.566;61.957;235.1871;KO.USUSD
2022-03-01 20:00:00;61.967;62.206;61.666;62.007;269.3094;KO.USUSD
2022-03-02 14:00:00;62.007;62.427;61.766;61.957;319.4538;KO.USUSD
2022-03-02 15:00:00;61.966;62.777;61.926;62.737;637.629;KO.USUSD
2022-03-02 16:00:00;62.746;62.867;62.577;62.626;413.3262;KO.USUSD
2022-03-02 17:00:00;62.617;62.707;62.466;62.546;162.1392;KO.USUSD
2022-03-02 18:00:00;62.556;62.817;62.506;62.776;101.2875;KO.USUSD
2022-03-02 19:00:00;62.777;62.827;62.606;62.657;122.3448;KO.USUSD
2022-03-02 20:00:00;62.647;62.727;62.376;62.417;154.2063;KO.USUSD
2022-03-03 14:00:00;62.486;62.907;62.386;62.777;342.996;KO.USUSD
2022-03-03 15:00:00;62.776;62.806;62.496;62.557;372.0945;KO.USUSD
2022-03-03 16:00:00;62.567;62.737;62.276;62.697;171.9996;KO.USUSD
2022-03-03 17:00:00;62.687;62.947;62.577;62.806;256.1199;KO.USUSD
2022-03-03 18:00:00;62.796;62.917;62.766;62.876;86.4456;KO.USUSD
2022-03-03 19:00:00;62.867;63.007;62.497;62.546;97.2201;KO.USUSD
2022-03-03 20:00:00;62.536;62.577;62.286;62.427;145.5669;KO.USUSD
2022-03-04 14:00:00;61.077;61.737;61.076;61.637;332.8815;KO.USUSD
2022-03-04 15:00:00;61.647;61.926;61.326;61.877;350.1285;KO.USUSD
2022-03-04 16:00:00;61.876;62.117;61.876;62.106;168.3579;KO.USUSD
2022-03-04 17:00:00;62.106;62.486;62.066;62.446;182.0013;KO.USUSD
2022-03-04 18:00:00;62.447;62.537;62.346;62.367;142.9773;KO.USUSD
2022-03-04 19:00:00;62.377;62.577;62.237;62.266;132.9762;KO.USUSD
2022-03-04 20:00:00;62.266;62.467;62.266;62.387;79.5603;KO.USUSD
2022-03-07 14:00:00;61.947;62.057;61.526;61.576;393.6192;KO.USUSD
2022-03-07 15:00:00;61.566;61.967;61.516;61.746;454.7793;KO.USUSD
2022-03-07 16:00:00;61.756;61.766;60.726;60.776;262.2711;KO.USUSD
2022-03-07 17:00:00;60.786;61.097;60.716;60.937;246.5142;KO.USUSD
2022-03-07 18:00:00;60.927;61.117;60.716;60.877;255.2091;KO.USUSD
2022-03-07 19:00:00;60.887;60.996;60.726;60.947;168.1395;KO.USUSD
2022-03-07 20:00:00;60.936;61.127;60.807;61.077;186.5778;KO.USUSD
2022-03-08 14:00:00;60.927;61.527;60.316;60.376;527.763;KO.USUSD
2022-03-08 15:00:00;60.386;60.387;59.426;59.547;583.4295;KO.USUSD
2022-03-08 16:00:00;59.547;59.737;59.166;59.737;312.9117;KO.USUSD
2022-03-08 17:00:00;59.746;60.197;59.656;59.927;495.7605;KO.USUSD
2022-03-08 18:00:00;59.936;60.307;59.126;59.197;401.2614;KO.USUSD
2022-03-08 19:00:00;59.187;59.497;59.006;59.317;391.1997;KO.USUSD
2022-03-08 20:00:00;59.306;59.397;58.577;58.666;326.1984;KO.USUSD
2022-03-09 14:00:00;59.567;59.817;58.817;58.946;470.6295;KO.USUSD
2022-03-09 15:00:00;58.957;59.417;58.656;58.787;559.4745;KO.USUSD
2022-03-09 16:00:00;58.796;59.496;58.656;59.487;255.951;KO.USUSD
2022-03-09 17:00:00;59.487;59.537;59.276;59.396;215.3331;KO.USUSD
2022-03-09 18:00:00;59.396;59.437;59.136;59.217;161.7687;KO.USUSD
2022-03-09 19:00:00;59.226;59.327;58.986;59.037;180.1215;KO.USUSD
2022-03-09 20:00:00;59.047;59.327;58.846;58.926;155.6799;KO.USUSD
2022-03-10 14:00:00;58.147;58.607;57.907;58.496;443.9016;KO.USUSD
2022-03-10 15:00:00;58.506;58.656;58.016;58.027;495.8787;KO.USUSD
2022-03-10 16:00:00;58.037;58.127;57.556;57.837;236.3139;KO.USUSD
2022-03-10 17:00:00;57.827;57.856;57.496;57.576;114.4137;KO.USUSD
2022-03-10 18:00:00;57.577;57.817;57.547;57.707;95.2947;KO.USUSD
2022-03-10 19:00:00;57.696;57.967;57.666;57.916;85.5384;KO.USUSD
2022-03-10 20:00:00;57.907;57.917;57.496;57.857;125.6634;KO.USUSD
2022-03-11 14:00:00;57.907;58.466;57.906;58.377;450.8847;KO.USUSD
2022-03-11 15:00:00;58.346;58.837;58.236;58.617;511.1691;KO.USUSD
2022-03-11 16:00:00;58.636;58.787;58.266;58.286;234.6312;KO.USUSD
2022-03-11 17:00:00;58.277;58.287;58.006;58.157;141.7743;KO.USUSD
2022-03-11 18:00:00;58.146;58.357;58.096;58.236;84.1983;KO.USUSD
2022-03-11 19:00:00;58.236;58.337;58.056;58.156;86.2593;KO.USUSD
2022-03-11 20:00:00;58.147;58.217;57.856;57.887;113.4075;KO.USUSD
2022-03-14 13:00:00;57.856;58.637;57.856;58.486;402.405;KO.USUSD
2022-03-14 14:00:00;58.496;58.887;58.307;58.817;381.3747;KO.USUSD
2022-03-14 15:00:00;58.817;59.027;58.726;58.927;157.3512;KO.USUSD
2022-03-14 16:00:00;58.917;58.917;58.576;58.686;155.8158;KO.USUSD
2022-03-14 17:00:00;58.686;58.916;58.516;58.616;248.6772;KO.USUSD
2022-03-14 18:00:00;58.607;58.666;58.386;58.547;137.1843;KO.USUSD
2022-03-14 19:00:00;58.556;58.657;58.396;58.517;163.5756;KO.USUSD
2022-03-15 13:00:00;58.657;59.517;58.657;59.517;473.8206;KO.USUSD
2022-03-15 14:00:00;59.507;59.607;59.196;59.306;468.7353;KO.USUSD
2022-03-15 15:00:00;59.307;59.747;59.276;59.427;255.8589;KO.USUSD
2022-03-15 16:00:00;59.427;59.717;59.326;59.547;226.71;KO.USUSD
2022-03-15 17:00:00;59.556;59.647;59.337;59.637;151.4544;KO.USUSD
2022-03-15 18:00:00;59.627;59.836;59.406;59.817;168.5757;KO.USUSD
2022-03-15 19:00:00;59.817;59.877;59.517;59.617;165.0276;KO.USUSD
2022-03-16 13:00:00;59.757;59.927;59.426;59.657;418.8381;KO.USUSD
2022-03-16 14:00:00;59.656;59.797;59.357;59.567;553.2093;KO.USUSD
2022-03-16 15:00:00;59.557;59.587;59.166;59.216;212.2293;KO.USUSD
2022-03-16 16:00:00;59.226;59.377;59.126;59.166;154.3881;KO.USUSD
2022-03-16 17:00:00;59.166;59.237;58.886;58.907;192.5697;KO.USUSD
2022-03-16 18:00:00;58.907;58.927;58.596;58.756;666.7473;KO.USUSD
2022-03-16 19:00:00;58.756;59.446;58.746;59.436;314.6604;KO.USUSD
2022-03-17 13:00:00;59.316;59.567;59.196;59.437;376.3716;KO.USUSD
2022-03-17 14:00:00;59.446;59.657;59.376;59.516;306.2988;KO.USUSD
2022-03-17 15:00:00;59.507;59.736;59.486;59.736;121.6083;KO.USUSD
2022-03-17 16:00:00;59.757;60.007;59.717;59.987;98.5347;KO.USUSD
2022-03-17 17:00:00;59.976;60.117;59.916;60.067;79.0221;KO.USUSD
2022-03-17 18:00:00;60.066;60.127;59.937;59.997;71.3286;KO.USUSD
2022-03-17 19:00:00;59.997;60.077;59.877;60.067;99.4992;KO.USUSD
2022-03-18 13:00:00;60.056;60.227;59.786;59.916;320.3853;KO.USUSD
2022-03-18 14:00:00;59.917;60.097;59.727;60.016;387.9552;KO.USUSD
2022-03-18 15:00:00;60.016;60.087;59.706;59.756;168.657;KO.USUSD
2022-03-18 16:00:00;59.757;59.937;59.696;59.796;79.2486;KO.USUSD
2022-03-18 17:00:00;59.807;59.987;59.727;59.937;65.3124;KO.USUSD
2022-03-18 18:00:00;59.946;60.067;59.866;59.976;51.3525;KO.USUSD
2022-03-18 19:00:00;59.976;60.207;59.856;60.087;113.5863;KO.USUSD
2022-03-21 13:00:00;60.326;61.077;60.326;60.737;339.9009;KO.USUSD
2022-03-21 14:00:00;60.746;61.017;60.626;60.836;322.1418;KO.USUSD
2022-03-21 15:00:00;60.847;60.897;60.297;60.346;155.7012;KO.USUSD
2022-03-21 16:00:00;60.356;60.457;60.246;60.376;166.0083;KO.USUSD
2022-03-21 17:00:00;60.367;60.497;60.236;60.386;90.1491;KO.USUSD
2022-03-21 18:00:00;60.377;60.487;60.276;60.407;74.5203;KO.USUSD
2022-03-21 19:00:00;60.416;60.597;60.386;60.576;74.3748;KO.USUSD
2022-03-22 13:00:00;60.836;60.926;60.427;60.446;345.4734;KO.USUSD
2022-03-22 14:00:00;60.456;60.496;60.047;60.296;204.0507;KO.USUSD
2022-03-22 15:00:00;60.296;60.357;60.176;60.347;85.6338;KO.USUSD
2022-03-22 16:00:00;60.337;60.657;60.236;60.656;76.2156;KO.USUSD
2022-03-22 17:00:00;60.667;60.807;60.656;60.706;69.0057;KO.USUSD
2022-03-22 18:00:00;60.716;60.727;60.546;60.586;52.4358;KO.USUSD
2022-03-22 19:00:00;60.576;60.926;60.567;60.786;94.3947;KO.USUSD
2022-03-23 13:00:00;60.667;60.957;60.647;60.906;282.0984;KO.USUSD
2022-03-23 14:00:00;60.906;60.967;60.547;60.606;185.3235;KO.USUSD
2022-03-23 15:00:00;60.617;60.727;60.237;60.237;108.2862;KO.USUSD
2022-03-23 16:00:00;60.227;60.297;59.987;60.236;85.1319;KO.USUSD
2022-03-23 17:00:00;60.236;60.487;60.206;60.447;97.2507;KO.USUSD
2022-03-23 18:00:00;60.446;60.667;60.446;60.587;77.0574;KO.USUSD
2022-03-23 19:00:00;60.576;60.607;60.357;60.367;82.2912;KO.USUSD
2022-03-24 13:00:00;60.487;60.696;60.446;60.517;346.0929;KO.USUSD
2022-03-24 14:00:00;60.507;60.827;60.456;60.646;267.966;KO.USUSD
2022-03-24 15:00:00;60.657;60.847;60.626;60.827;110.2881;KO.USUSD
2022-03-24 16:00:00;60.826;60.877;60.526;60.697;82.1421;KO.USUSD
2022-03-24 17:00:00;60.696;60.887;60.666;60.806;38.7642;KO.USUSD
2022-03-24 18:00:00;60.817;60.947;60.756;60.847;46.3242;KO.USUSD
2022-03-24 19:00:00;60.837;61.016;60.736;60.947;64.9995;KO.USUSD
2022-03-25 13:00:00;61.006;61.407;61.006;61.356;255.7338;KO.USUSD
2022-03-25 14:00:00;61.356;61.597;61.306;61.516;202.7967;KO.USUSD
2022-03-25 15:00:00;61.527;61.527;61.056;61.106;169.8603;KO.USUSD
2022-03-25 16:00:00;61.117;61.277;61.056;61.187;102.2874;KO.USUSD
2022-03-25 17:00:00;61.196;61.377;61.166;61.347;58.7631;KO.USUSD
2022-03-25 18:00:00;61.347;61.466;61.316;61.427;40.9059;KO.USUSD
2022-03-25 19:00:00;61.417;61.537;61.326;61.536;67.5294;KO.USUSD
2022-03-28 13:00:00;61.356;61.617;61.196;61.517;307.986;KO.USUSD
2022-03-28 14:00:00;61.506;61.776;61.446;61.537;302.0553;KO.USUSD
2022-03-28 15:00:00;61.527;61.527;61.256;61.337;123.6408;KO.USUSD
2022-03-28 16:00:00;61.326;61.547;61.316;61.526;87.8193;KO.USUSD
2022-03-28 17:00:00;61.536;61.537;61.356;61.486;66.0477;KO.USUSD
2022-03-28 18:00:00;61.477;61.717;61.456;61.707;62.6949;KO.USUSD
2022-03-28 19:00:00;61.706;61.927;61.627;61.917;42.957;KO.USUSD
2022-03-29 13:00:00;62.116;62.517;62.037;62.117;303.9951;KO.USUSD
2022-03-29 14:00:00;62.117;62.237;61.866;61.967;316.323;KO.USUSD
2022-03-29 15:00:00;61.977;62.166;61.927;62.096;99.8964;KO.USUSD
2022-03-29 16:00:00;62.097;62.097;61.747;61.776;79.9104;KO.USUSD
2022-03-29 17:00:00;61.757;61.877;61.726;61.836;58.1613;KO.USUSD
2022-03-29 18:00:00;61.827;61.986;61.746;61.946;45.7314;KO.USUSD
2022-03-29 19:00:00;61.936;62.167;61.936;62.157;71.1486;KO.USUSD
2022-03-30 13:00:00;61.886;62.187;61.766;61.966;239.8509;KO.USUSD
2022-03-30 14:00:00;61.967;62.047;61.546;62.016;283.4496;KO.USUSD
2022-03-30 15:00:00;62.027;62.067;61.816;61.996;108.0783;KO.USUSD
2022-03-30 16:00:00;61.997;61.997;61.667;61.716;82.773;KO.USUSD
2022-03-30 17:00:00;61.716;61.796;61.646;61.786;68.883;KO.USUSD
2022-03-30 18:00:00;61.776;62.057;61.766;61.887;85.6692;KO.USUSD
2022-03-30 19:00:00;61.896;62.197;61.836;62.197;8.7264;KO.USUSD
2022-03-31 13:00:00;62.107;62.566;62.106;62.297;264.6015;KO.USUSD
2022-03-31 14:00:00;62.307;62.437;62.196;62.247;288.9243;KO.USUSD
2022-03-31 15:00:00;62.247;62.397;62.147;62.317;99.5982;KO.USUSD
2022-03-31 16:00:00;62.307;62.517;62.237;62.406;68.6949;KO.USUSD
2022-03-31 17:00:00;62.406;62.606;62.307;62.566;63.4023;KO.USUSD
2022-03-31 18:00:00;62.556;62.626;62.386;62.427;56.394;KO.USUSD
2022-03-31 19:00:00;62.436;62.466;62.056;62.087;54.6078;KO.USUSD
2022-04-01 13:00:00;62.217;62.637;62.156;62.327;266.7081;KO.USUSD
2022-04-01 14:00:00;62.337;62.507;62.107;62.137;320.6811;KO.USUSD
2022-04-01 15:00:00;62.137;62.377;62.076;62.187;109.0074;KO.USUSD
2022-04-01 16:00:00;62.196;62.307;62.086;62.266;69.4203;KO.USUSD
2022-04-01 17:00:00;62.277;62.437;62.226;62.426;66.2367;KO.USUSD
2022-04-01 18:00:00;62.416;62.617;62.406;62.567;82.482;KO.USUSD
2022-04-01 19:00:00;62.576;62.937;62.576;62.866;95.3565;KO.USUSD
2022-04-04 13:00:00;62.366;62.717;61.707;62.096;318.141;KO.USUSD
2022-04-04 14:00:00;62.097;62.486;62.007;62.256;270.9648;KO.USUSD
2022-04-04 15:00:00;62.256;62.437;62.216;62.356;115.2618;KO.USUSD
2022-04-04 16:00:00;62.347;62.487;62.316;62.386;90.135;KO.USUSD
2022-04-04 17:00:00;62.377;62.516;62.366;62.476;49.0605;KO.USUSD
2022-04-04 18:00:00;62.486;62.557;62.426;62.506;48.0042;KO.USUSD
2022-04-04 19:00:00;62.517;62.557;62.316;62.526;67.0731;KO.USUSD
2022-04-05 13:00:00;62.306;63.177;62.306;63.096;324.3783;KO.USUSD
2022-04-05 14:00:00;63.087;63.227;62.796;63.046;337.7943;KO.USUSD
2022-04-05 15:00:00;63.056;63.077;62.876;62.886;165.5607;KO.USUSD
2022-04-05 16:00:00;62.876;62.987;62.757;62.757;108.9045;KO.USUSD
2022-04-05 17:00:00;62.756;62.987;62.686;62.796;103.1136;KO.USUSD
2022-04-05 18:00:00;62.796;62.826;62.677;62.726;60.8367;KO.USUSD
2022-04-05 19:00:00;62.737;62.747;62.366;62.456;95.9586;KO.USUSD
2022-04-06 13:00:00;62.617;62.907;62.276;62.887;400.4277;KO.USUSD
2022-04-06 14:00:00;62.897;63.077;62.597;62.856;334.0278;KO.USUSD
2022-04-06 15:00:00;62.867;63.246;62.806;63.187;168.7182;KO.USUSD
2022-04-06 16:00:00;63.186;63.257;63.016;63.187;63.5331;KO.USUSD
2022-04-06 17:00:00;63.177;63.217;63.026;63.036;73.314;KO.USUSD
2022-04-06 18:00:00;63.026;63.107;62.806;62.937;211.2927;KO.USUSD
2022-04-06 19:00:00;62.937;63.117;62.766;63.087;107.2683;KO.USUSD
2022-04-07 13:00:00;62.897;63.217;62.686;62.956;375.7509;KO.USUSD
2022-04-07 14:00:00;62.966;63.076;62.797;63.027;317.1042;KO.USUSD
2022-04-07 15:00:00;63.016;63.366;62.966;63.356;160.2414;KO.USUSD
2022-04-07 16:00:00;63.367;63.417;63.246;63.307;105.7638;KO.USUSD
2022-04-07 17:00:00;63.307;63.487;63.246;63.457;82.1985;KO.USUSD
2022-04-07 18:00:00;63.456;63.617;63.406;63.606;81.7275;KO.USUSD
2022-04-07 19:00:00;63.617;63.657;63.407;63.436;95.3001;KO.USUSD
2022-04-08 13:00:00;63.236;63.687;63.207;63.557;330.8067;KO.USUSD
2022-04-08 14:00:00;63.567;63.687;63.156;63.666;335.4027;KO.USUSD
2022-04-08 15:00:00;63.676;63.797;63.566;63.587;107.9991;KO.USUSD
2022-04-08 16:00:00;63.586;63.817;63.567;63.796;81.0312;KO.USUSD
2022-04-08 17:00:00;63.786;63.927;63.756;63.876;63.6867;KO.USUSD
2022-04-08 18:00:00;63.876;64.027;63.826;63.977;46.5942;KO.USUSD
2022-04-08 19:00:00;63.987;64.027;63.686;63.827;80.7711;KO.USUSD
2022-04-11 13:00:00;63.826;64.237;63.666;63.907;330.3156;KO.USUSD
2022-04-11 14:00:00;63.907;64.207;63.626;64.206;315.9027;KO.USUSD
2022-04-11 15:00:00;64.197;64.287;63.906;64.037;150.99;KO.USUSD
2022-04-11 16:00:00;64.027;64.126;63.966;63.997;78.375;KO.USUSD
2022-04-11 17:00:00;63.996;64.117;63.846;64.006;91.2627;KO.USUSD
2022-04-11 18:00:00;64.007;64.106;63.936;64.086;67.833;KO.USUSD
2022-04-11 19:00:00;64.076;64.097;63.746;63.827;97.611;KO.USUSD
2022-04-12 13:00:00;64.336;64.527;63.836;64.307;327.0768;KO.USUSD
2022-04-12 14:00:00;64.317;64.437;63.996;64.367;303.2403;KO.USUSD
2022-04-12 15:00:00;64.356;64.697;64.337;64.697;112.2738;KO.USUSD
2022-04-12 16:00:00;64.686;64.797;64.466;64.627;100.3821;KO.USUSD
2022-04-12 17:00:00;64.617;64.767;64.517;64.556;85.0395;KO.USUSD
2022-04-12 18:00:00;64.546;64.777;64.496;64.666;86.5329;KO.USUSD
2022-04-12 19:00:00;64.666;64.677;64.326;64.546;94.1829;KO.USUSD
2022-04-13 13:00:00;64.477;64.847;64.296;64.386;328.2606;KO.USUSD
2022-04-13 14:00:00;64.387;64.717;64.216;64.686;241.2501;KO.USUSD
2022-04-13 15:00:00;64.676;64.787;64.547;64.606;106.212;KO.USUSD
2022-04-13 16:00:00;64.597;64.727;64.577;64.596;54.705;KO.USUSD
2022-04-13 17:00:00;64.596;64.757;64.576;64.646;55.8042;KO.USUSD
2022-04-13 18:00:00;64.656;64.807;64.636;64.787;35.0115;KO.USUSD
2022-04-13 19:00:00;64.776;64.856;64.687;64.717;50.2431;KO.USUSD
2022-04-14 13:00:00;64.727;65.247;64.726;65.077;245.736;KO.USUSD
2022-04-14 14:00:00;65.086;65.416;64.996;65.336;184.2861;KO.USUSD
2022-04-14 15:00:00;65.327;65.557;65.267;65.426;67.1868;KO.USUSD
2022-04-14 16:00:00;65.417;65.517;65.236;65.346;69.2877;KO.USUSD
2022-04-14 17:00:00;65.357;65.436;65.206;65.436;55.9059;KO.USUSD
2022-04-14 18:00:00;65.426;65.497;65.196;65.216;60.9531;KO.USUSD
2022-04-14 19:00:00;65.207;65.307;65.037;65.077;76.9821;KO.USUSD
2022-04-18 13:00:00;64.717;65.167;64.717;64.937;306.9504;KO.USUSD
2022-04-18 14:00:00;64.937;64.957;64.606;64.737;278.7339;KO.USUSD
2022-04-18 15:00:00;64.736;64.776;64.476;64.607;93.4302;KO.USUSD
2022-04-18 16:00:00;64.617;64.697;64.516;64.567;82.5249;KO.USUSD
2022-04-18 17:00:00;64.556;64.697;64.356;64.516;98.301;KO.USUSD
2022-04-18 18:00:00;64.526;64.587;64.376;64.447;96.5166;KO.USUSD
2022-04-18 19:00:00;64.447;64.447;64.176;64.407;81.9249;KO.USUSD
2022-04-19 13:00:00;64.476;64.737;64.436;64.727;325.3869;KO.USUSD
2022-04-19 14:00:00;64.737;64.867;64.586;64.757;243.4017;KO.USUSD
2022-04-19 15:00:00;64.757;64.937;64.706;64.847;85.5828;KO.USUSD
2022-04-19 16:00:00;64.856;64.937;64.716;64.726;72.9849;KO.USUSD
2022-04-19 17:00:00;64.736;64.886;64.686;64.867;56.8578;KO.USUSD
2022-04-19 18:00:00;64.857;65.066;64.756;65.047;57.3732;KO.USUSD
2022-04-19 19:00:00;65.037;65.237;64.977;65.076;85.9719;KO.USUSD
2022-04-20 13:00:00;65.016;65.817;65.016;65.547;390.6852;KO.USUSD
2022-04-20 14:00:00;65.557;65.926;65.556;65.836;272.5539;KO.USUSD
2022-04-20 15:00:00;65.826;66.066;65.646;66.036;115.6455;KO.USUSD
2022-04-20 16:00:00;66.027;66.116;65.826;66.007;106.8384;KO.USUSD
2022-04-20 17:00:00;66.006;66.227;65.946;66.186;72.6768;KO.USUSD
2022-04-20 18:00:00;66.176;66.207;65.926;65.937;52.3569;KO.USUSD
2022-04-20 19:00:00;65.936;66.217;65.926;65.957;94.0185;KO.USUSD
2022-04-21 13:00:00;65.677;66.677;65.677;66.617;359.9121;KO.USUSD
2022-04-21 14:00:00;66.626;66.987;66.577;66.916;360.7773;KO.USUSD
2022-04-21 15:00:00;66.916;66.967;66.676;66.806;207.9618;KO.USUSD
2022-04-21 16:00:00;66.816;66.937;66.646;66.716;239.8581;KO.USUSD
2022-04-21 17:00:00;66.707;66.737;66.556;66.656;262.7286;KO.USUSD
2022-04-21 18:00:00;66.656;66.797;66.476;66.506;156.0189;KO.USUSD
2022-04-21 19:00:00;66.507;66.507;66.107;66.187;183.717;KO.USUSD
2022-04-22 13:00:00;65.876;66.307;65.837;65.917;482.0454;KO.USUSD
2022-04-22 14:00:00;65.916;66.067;65.726;65.787;563.8008;KO.USUSD
2022-04-22 15:00:00;65.776;65.867;65.626;65.726;204.9279;KO.USUSD
2022-04-22 16:00:00;65.717;65.917;65.646;65.716;122.2074;KO.USUSD
2022-04-22 17:00:00;65.717;65.797;65.577;65.726;78.9357;KO.USUSD
2022-04-22 18:00:00;65.717;65.827;65.586;65.627;112.3389;KO.USUSD
2022-04-22 19:00:00;65.637;65.757;65.146;65.226;188.4813;KO.USUSD
2022-04-25 13:00:00;66.427;67.117;65.607;65.667;448.9428;KO.USUSD
2022-04-25 14:00:00;65.686;66.087;65.056;65.117;483.6669;KO.USUSD
2022-04-25 15:00:00;65.137;65.407;64.766;64.967;390.2673;KO.USUSD
2022-04-25 16:00:00;64.966;65.397;64.946;65.246;434.3652;KO.USUSD
2022-04-25 17:00:00;65.247;65.427;65.016;65.356;417.2079;KO.USUSD
2022-04-25 18:00:00;65.336;65.747;65.217;65.616;343.5339;KO.USUSD
2022-04-25 19:00:00;65.636;66.157;65.627;65.926;398.9589;KO.USUSD
2022-04-26 13:00:00;64.996;66.347;64.996;65.847;429.8838;KO.USUSD
2022-04-26 14:00:00;65.846;65.977;65.526;65.787;555.5481;KO.USUSD
2022-04-26 15:00:00;65.786;65.967;65.676;65.746;232.1622;KO.USUSD
2022-04-26 16:00:00;65.756;65.797;65.426;65.666;165.1635;KO.USUSD
2022-04-26 17:00:00;65.657;65.667;65.276;65.386;169.731;KO.USUSD
2022-04-26 18:00:00;65.397;65.567;65.336;65.506;134.6637;KO.USUSD
2022-04-26 19:00:00;65.507;65.547;65.036;65.046;181.5405;KO.USUSD
2022-04-27 13:00:00;64.866;65.887;64.866;65.756;489.5361;KO.USUSD
2022-04-27 14:00:00;65.747;65.907;65.306;65.686;631.224;KO.USUSD
2022-04-27 15:00:00;65.677;66.017;65.537;65.876;314.7123;KO.USUSD
2022-04-27 16:00:00;65.867;66.237;65.766;66.236;176.4951;KO.USUSD
2022-04-27 17:00:00;66.227;66.267;66.056;66.186;267.6;KO.USUSD
2022-04-27 18:00:00;66.177;66.207;65.876;65.897;157.9803;KO.USUSD
2022-04-27 19:00:00;65.897;65.967;65.487;65.546;280.7523;KO.USUSD
2022-04-28 13:00:00;64.297;65.626;64.296;65.406;502.392;KO.USUSD
2022-04-28 14:00:00;65.396;65.607;64.996;65.187;589.443;KO.USUSD
2022-04-28 15:00:00;65.187;65.626;65.186;65.586;275.7351;KO.USUSD
2022-04-28 16:00:00;65.577;65.897;65.537;65.836;161.8773;KO.USUSD
2022-04-28 17:00:00;65.827;65.917;65.696;65.727;191.0046;KO.USUSD
2022-04-28 18:00:00;65.727;66.267;65.726;66.186;114.4911;KO.USUSD
2022-04-28 19:00:00;66.186;66.237;65.967;66.187;132.2253;KO.USUSD
2022-04-29 13:00:00;65.506;66.017;65.276;65.517;401.6508;KO.USUSD
2022-04-29 14:00:00;65.517;65.626;65.016;65.177;389.5491;KO.USUSD
2022-04-29 15:00:00;65.167;65.307;64.937;65.157;229.0722;KO.USUSD
2022-04-29 16:00:00;65.167;65.246;64.966;65.097;142.0056;KO.USUSD
2022-04-29 17:00:00;65.097;65.257;64.996;65.046;119.8557;KO.USUSD
2022-04-29 18:00:00;65.047;65.237;64.946;64.997;113.4138;KO.USUSD
2022-04-29 19:00:00;65.007;65.007;64.516;64.566;244.3776;KO.USUSD
2022-05-02 13:00:00;64.687;65.247;63.907;64.137;600.4428;KO.USUSD
2022-05-02 14:00:00;64.127;64.337;63.776;64.167;773.2548;KO.USUSD
2022-05-02 15:00:00;64.177;64.217;63.396;63.576;464.1849;KO.USUSD
2022-05-02 16:00:00;63.576;63.607;63.106;63.176;360.7062;KO.USUSD
2022-05-02 17:00:00;63.177;63.417;63.086;63.176;225.2604;KO.USUSD
2022-05-02 18:00:00;63.167;63.327;62.566;62.726;265.6191;KO.USUSD
2022-05-02 19:00:00;62.726;63.476;62.706;63.406;382.671;KO.USUSD
2022-05-03 13:00:00;63.546;63.917;63.067;63.096;364.7691;KO.USUSD
2022-05-03 14:00:00;63.116;63.327;62.756;63.076;393.3357;KO.USUSD
2022-05-03 15:00:00;63.066;63.617;63.066;63.377;225.3519;KO.USUSD
2022-05-03 16:00:00;63.366;63.446;63.046;63.167;226.7268;KO.USUSD
2022-05-03 17:00:00;63.166;63.306;62.896;62.956;203.268;KO.USUSD
2022-05-03 18:00:00;62.947;62.967;62.736;62.946;252.4758;KO.USUSD
2022-05-03 19:00:00;62.956;63.117;62.666;63.076;233.4582;KO.USUSD
2022-05-04 13:00:00;62.997;63.567;62.936;63.517;301.3494;KO.USUSD
2022-05-04 14:00:00;63.496;63.597;63.317;63.466;299.8464;KO.USUSD
2022-05-04 15:00:00;63.456;63.867;63.437;63.777;149.6574;KO.USUSD
2022-05-04 16:00:00;63.777;64.077;63.666;64.016;140.9919;KO.USUSD
2022-05-04 17:00:00;64.016;64.066;63.776;63.897;170.3808;KO.USUSD
2022-05-04 18:00:00;63.907;64.937;63.607;64.846;1182.4998;KO.USUSD
2022-05-04 19:00:00;64.856;65.107;64.696;64.997;331.9884;KO.USUSD
2022-05-05 13:00:00;64.577;64.947;64.466;64.786;512.058;KO.USUSD
2022-05-05 14:00:00;64.796;65.027;64.426;64.786;789.4809;KO.USUSD
2022-05-05 15:00:00;64.786;64.847;64.336;64.347;546.0483;KO.USUSD
2022-05-05 16:00:00;64.347;64.786;64.226;64.767;603.6411;KO.USUSD
2022-05-05 17:00:00;64.767;64.937;64.366;64.506;448.686;KO.USUSD
2022-05-05 18:00:00;64.506;64.787;64.246;64.427;370.7868;KO.USUSD
2022-05-05 19:00:00;64.436;64.576;63.997;64.406;519.6864;KO.USUSD
2022-05-06 13:00:00;64.197;64.706;64.026;64.517;405.6258;KO.USUSD
2022-05-06 14:00:00;64.517;65.136;64.166;65.086;769.6635;KO.USUSD
2022-05-06 15:00:00;65.086;65.297;64.596;64.647;368.8425;KO.USUSD
2022-05-06 16:00:00;64.636;64.836;64.456;64.647;376.8225;KO.USUSD
2022-05-06 17:00:00;64.657;64.757;64.416;64.467;310.2906;KO.USUSD
2022-05-06 18:00:00;64.466;64.527;64.096;64.326;266.1951;KO.USUSD
2022-05-06 19:00:00;64.326;64.927;64.117;64.726;374.3532;KO.USUSD
2022-05-09 13:00:00;64.407;64.637;64.037;64.637;625.8273;KO.USUSD
2022-05-09 14:00:00;64.637;64.867;64.406;64.436;834.5706;KO.USUSD
2022-05-09 15:00:00;64.437;64.767;64.396;64.686;489.9987;KO.USUSD
2022-05-09 16:00:00;64.687;64.857;64.466;64.807;379.9641;KO.USUSD
2022-05-09 17:00:00;64.816;65.307;64.776;65.176;245.9706;KO.USUSD
2022-05-09 18:00:00;65.176;65.357;64.796;64.866;307.7268;KO.USUSD
2022-05-09 19:00:00;64.866;65.127;64.406;64.567;357.3855;KO.USUSD
2022-05-10 13:00:00;64.517;65.317;64.517;65.106;598.5309;KO.USUSD
2022-05-10 14:00:00;65.117;65.197;64.457;64.877;912.5217;KO.USUSD
2022-05-10 15:00:00;64.867;64.997;64.447;64.576;729.5223;KO.USUSD
2022-05-10 16:00:00;64.567;64.667;64.116;64.336;576.4866;KO.USUSD
2022-05-10 17:00:00;64.326;64.677;64.316;64.667;459.9057;KO.USUSD
2022-05-10 18:00:00;64.657;64.767;64.067;64.136;516.1419;KO.USUSD
2022-05-10 19:00:00;64.146;64.277;63.847;63.996;290.5083;KO.USUSD
2022-05-11 13:00:00;63.867;64.367;63.867;64.236;491.9439;KO.USUSD
2022-05-11 14:00:00;64.267;64.587;64.066;64.516;637.6578;KO.USUSD
2022-05-11 15:00:00;64.507;65.187;64.436;64.947;426.4788;KO.USUSD
2022-05-11 16:00:00;64.936;65.007;64.646;64.697;349.4988;KO.USUSD
2022-05-11 17:00:00;64.686;64.787;64.407;64.467;410.4069;KO.USUSD
2022-05-11 18:00:00;64.466;64.807;64.406;64.587;438.3663;KO.USUSD
2022-05-11 19:00:00;64.576;64.656;64.206;64.306;327.5037;KO.USUSD
2022-05-12 13:00:00;64.176;64.447;63.766;64.106;732.9309;KO.USUSD
2022-05-12 14:00:00;64.097;64.317;63.316;63.597;1350.0525;KO.USUSD
2022-05-12 15:00:00;63.606;63.797;63.196;63.216;548.5422;KO.USUSD
2022-05-12 16:00:00;63.226;63.707;63.196;63.567;449.0583;KO.USUSD
2022-05-12 17:00:00;63.557;63.776;63.436;63.776;347.0595;KO.USUSD
2022-05-12 18:00:00;63.767;63.927;63.626;63.797;293.4006;KO.USUSD
2022-05-12 19:00:00;63.796;64.506;63.647;64.506;449.3055;KO.USUSD
2022-05-13 13:00:00;64.527;64.796;64.106;64.627;510.3003;KO.USUSD
2022-05-13 14:00:00;64.626;65.157;64.496;65.066;569.5335;KO.USUSD
2022-05-13 15:00:00;65.066;65.257;64.946;65.126;198.2547;KO.USUSD
2022-05-13 16:00:00;65.137;65.307;65.076;65.257;112.6773;KO.USUSD
2022-05-13 17:00:00;65.267;65.406;65.066;65.107;157.7034;KO.USUSD
2022-05-13 18:00:00;65.096;65.357;64.866;65.346;222.8259;KO.USUSD
2022-05-13 19:00:00;65.356;65.787;65.336;65.697;174.0021;KO.USUSD
2022-05-16 13:00:00;65.217;66.077;65.217;65.926;597.8499;KO.USUSD
2022-05-16 14:00:00;65.937;65.986;65.606;65.977;712.9953;KO.USUSD
2022-05-16 15:00:00;65.976;66.117;65.916;66.046;374.0103;KO.USUSD
2022-05-16 16:00:00;66.036;66.087;65.906;66.026;216.0396;KO.USUSD
2022-05-16 17:00:00;66.017;66.327;65.976;66.207;185.2215;KO.USUSD
2022-05-16 18:00:00;66.207;66.367;66.146;66.227;146.1498;KO.USUSD
2022-05-16 19:00:00;66.237;66.277;65.846;65.947;178.6623;KO.USUSD
2022-05-17 13:00:00;65.897;66.067;64.996;65.136;568.6431;KO.USUSD
2022-05-17 14:00:00;65.137;65.606;65.086;65.356;370.8855;KO.USUSD
2022-05-17 15:00:00;65.356;65.487;65.196;65.237;156.0837;KO.USUSD
2022-05-17 16:00:00;65.237;65.447;65.166;65.376;161.6901;KO.USUSD
2022-05-17 17:00:00;65.376;65.407;65.256;65.267;127.6794;KO.USUSD
2022-05-17 18:00:00;65.266;65.827;65.086;65.766;388.6806;KO.USUSD
2022-05-17 19:00:00;65.767;65.787;65.556;65.776;215.9349;KO.USUSD
2022-05-18 13:00:00;65.357;65.507;63.957;64.017;454.1898;KO.USUSD
2022-05-18 14:00:00;64.006;64.017;63.396;63.466;623.9325;KO.USUSD
2022-05-18 15:00:00;63.457;63.517;62.496;62.706;316.416;KO.USUSD
2022-05-18 16:00:00;62.707;62.707;61.956;62.086;321.1071;KO.USUSD
2022-05-18 17:00:00;62.076;62.076;61.336;61.477;221.5365;KO.USUSD
2022-05-18 18:00:00;61.476;62.077;61.436;61.797;283.398;KO.USUSD
2022-05-18 19:00:00;61.797;61.817;60.947;61.107;209.1903;KO.USUSD
2022-05-19 13:00:00;60.897;60.897;59.916;60.247;626.6676;KO.USUSD
2022-05-19 14:00:00;60.247;60.757;59.896;60.007;855.8745;KO.USUSD
2022-05-19 15:00:00;60.016;60.287;59.956;60.147;221.0589;KO.USUSD
2022-05-19 16:00:00;60.157;60.287;59.676;59.827;307.4175;KO.USUSD
2022-05-19 17:00:00;59.826;60.187;59.656;60.126;352.7913;KO.USUSD
2022-05-19 18:00:00;60.116;60.347;59.827;60.336;280.5819;KO.USUSD
2022-05-19 19:00:00;60.326;60.427;59.937;59.966;308.7165;KO.USUSD
2022-05-20 13:00:00;60.316;60.717;60.046;60.406;389.529;KO.USUSD
2022-05-20 14:00:00;60.416;60.507;60.007;60.087;335.4384;KO.USUSD
2022-05-20 15:00:00;60.077;60.087;59.656;59.827;329.163;KO.USUSD
2022-05-20 16:00:00;59.827;60.257;59.716;60.197;318.1821;KO.USUSD
2022-05-20 17:00:00;60.206;60.537;59.846;60.476;496.062;KO.USUSD
2022-05-20 18:00:00;60.467;60.877;60.436;60.767;291.2256;KO.USUSD
2022-05-20 19:00:00;60.777;61.227;60.596;60.977;335.9502;KO.USUSD
2022-05-23 13:00:00;61.316;62.236;61.316;62.176;499.8582;KO.USUSD
2022-05-23 14:00:00;62.196;62.697;61.966;62.637;684.774;KO.USUSD
2022-05-23 15:00:00;62.626;63.087;62.596;62.956;308.4543;KO.USUSD
2022-05-23 16:00:00;62.967;63.037;62.746;62.936;144.6198;KO.USUSD
2022-05-23 17:00:00;62.936;63.027;62.736;62.967;201.3498;KO.USUSD
2022-05-23 18:00:00;62.976;63.036;62.777;62.836;122.7228;KO.USUSD
2022-05-23 19:00:00;62.837;62.946;62.746;62.847;141.4989;KO.USUSD
2022-05-24 13:00:00;62.836;63.627;62.646;63.567;452.0556;KO.USUSD
2022-05-24 14:00:00;63.567;63.727;63.136;63.366;630.8526;KO.USUSD
2022-05-24 15:00:00;63.356;63.577;63.126;63.487;357.2289;KO.USUSD
2022-05-24 16:00:00;63.476;63.657;63.227;63.457;315.3387;KO.USUSD
2022-05-24 17:00:00;63.447;63.626;63.187;63.586;276.3519;KO.USUSD
2022-05-24 18:00:00;63.597;63.887;63.467;63.567;269.6751;KO.USUSD
2022-05-24 19:00:00;63.567;64.187;63.546;63.957;296.4729;KO.USUSD
2022-05-25 13:00:00;63.737;64.297;63.596;64.137;368.0592;KO.USUSD
2022-05-25 14:00:00;64.127;64.377;64.046;64.227;587.7699;KO.USUSD
2022-05-25 15:00:00;64.237;64.427;64.076;64.216;257.3886;KO.USUSD
2022-05-25 16:00:00;64.226;64.277;63.776;63.857;173.3952;KO.USUSD
2022-05-25 17:00:00;63.846;64.026;63.767;63.787;136.2381;KO.USUSD
2022-05-25 18:00:00;63.796;64.337;63.596;64.266;623.8329;KO.USUSD
2022-05-25 19:00:00;64.256;64.467;63.966;64.057;205.0659;KO.USUSD
2022-05-26 13:00:00;63.567;64.767;63.507;64.717;450.1185;KO.USUSD
2022-05-26 14:00:00;64.716;65.087;64.696;64.816;325.0323;KO.USUSD
2022-05-26 15:00:00;64.807;64.907;64.626;64.766;160.2213;KO.USUSD
2022-05-26 16:00:00;64.757;64.837;64.406;64.546;160.4388;KO.USUSD
2022-05-26 17:00:00;64.537;64.587;64.316;64.356;111.7881;KO.USUSD
2022-05-26 18:00:00;64.366;64.527;64.277;64.506;69.243;KO.USUSD
2022-05-26 19:00:00;64.517;64.667;64.227;64.287;158.6778;KO.USUSD
2022-05-27 13:00:00;64.217;64.817;64.217;64.576;478.6563;KO.USUSD
2022-05-27 14:00:00;64.577;64.637;64.246;64.607;380.5746;KO.USUSD
2022-05-27 15:00:00;64.607;64.617;64.376;64.447;156.5214;KO.USUSD
2022-05-27 16:00:00;64.437;64.467;64.196;64.227;93.753;KO.USUSD
2022-05-27 17:00:00;64.217;64.397;64.136;64.366;90.2085;KO.USUSD
2022-05-27 18:00:00;64.357;64.416;64.256;64.396;78.0594;KO.USUSD
2022-05-27 19:00:00;64.386;64.677;64.386;64.607;101.5584;KO.USUSD
2022-05-31 13:00:00;63.836;64.176;63.037;63.106;486.3666;KO.USUSD
2022-05-31 14:00:00;63.096;63.777;63.066;63.696;581.7537;KO.USUSD
2022-05-31 15:00:00;63.686;63.877;63.556;63.816;265.5288;KO.USUSD
2022-05-31 16:00:00;63.817;63.926;63.716;63.787;154.2981;KO.USUSD
2022-05-31 17:00:00;63.787;64.157;63.786;64.146;143.3127;KO.USUSD
2022-05-31 18:00:00;64.137;64.307;63.986;64.006;172.1289;KO.USUSD
2022-05-31 19:00:00;63.997;63.997;63.167;63.386;272.9007;KO.USUSD
2022-06-01 13:00:00;63.457;63.617;62.776;63.026;525.6459;KO.USUSD
2022-06-01 14:00:00;63.027;63.067;62.116;62.266;669.1971;KO.USUSD
2022-06-01 15:00:00;62.256;62.697;62.146;62.637;380.6169;KO.USUSD
2022-06-01 16:00:00;62.636;62.947;62.336;62.557;348.8544;KO.USUSD
2022-06-01 17:00:00;62.546;62.737;62.496;62.656;235.164;KO.USUSD
2022-06-01 18:00:00;62.657;62.947;62.646;62.847;228.5199;KO.USUSD
2022-06-01 19:00:00;62.857;63.337;62.817;63.066;163.4904;KO.USUSD
2022-06-02 13:00:00;63.137;63.247;62.316;62.366;443.6271;KO.USUSD
2022-06-02 14:00:00;62.377;62.767;62.096;62.746;636.2727;KO.USUSD
2022-06-02 15:00:00;62.747;63.227;62.696;63.187;276.7593;KO.USUSD
2022-06-02 16:00:00;63.196;63.377;63.086;63.316;169.8972;KO.USUSD
2022-06-02 17:00:00;63.316;63.316;63.057;63.076;174.7359;KO.USUSD
2022-06-02 18:00:00;63.076;63.247;62.996;63.187;82.542;KO.USUSD
2022-06-02 19:00:00;63.197;63.727;63.177;63.696;106.7661;KO.USUSD
2022-06-03 13:00:00;63.406;63.616;63.116;63.227;430.509;KO.USUSD
2022-06-03 14:00:00;63.237;63.257;63.056;63.207;533.0481;KO.USUSD
2022-06-03 15:00:00;63.217;63.217;62.856;62.956;165.9402;KO.USUSD
2022-06-03 16:00:00;62.967;63.097;62.866;62.996;165.7782;KO.USUSD
2022-06-03 17:00:00;62.997;63.227;62.966;63.026;151.7667;KO.USUSD
2022-06-03 18:00:00;63.037;63.227;62.946;63.116;147.9696;KO.USUSD
2022-06-03 19:00:00;63.127;63.137;62.796;62.957;187.1148;KO.USUSD
2022-06-06 13:00:00;63.307;63.756;63.296;63.586;454.4787;KO.USUSD
2022-06-06 14:00:00;63.577;63.647;63.336;63.497;367.5606;KO.USUSD
2022-06-06 15:00:00;63.496;63.496;62.976;63.056;213.1104;KO.USUSD
2022-06-06 16:00:00;63.046;63.087;62.746;62.817;143.4693;KO.USUSD
2022-06-06 17:00:00;62.806;62.996;62.766;62.887;113.9031;KO.USUSD
2022-06-06 18:00:00;62.877;62.926;62.656;62.747;132.9093;KO.USUSD
2022-06-06 19:00:00;62.747;62.976;62.666;62.857;118.572;KO.USUSD
2022-06-07 13:00:00;62.207;62.566;62.206;62.376;478.7745;KO.USUSD
2022-06-07 14:00:00;62.376;62.807;62.286;62.667;495.0036;KO.USUSD
2022-06-07 15:00:00;62.676;62.787;62.596;62.716;258.2217;KO.USUSD
2022-06-07 16:00:00;62.726;62.827;62.556;62.777;149.4357;KO.USUSD
2022-06-07 17:00:00;62.777;63.067;62.746;63.036;107.1495;KO.USUSD
2022-06-07 18:00:00;63.046;63.207;62.986;63.087;111.9078;KO.USUSD
2022-06-07 19:00:00;63.076;63.357;63.056;63.217;68.5014;KO.USUSD
2022-06-08 13:00:00;62.986;63.006;62.447;62.786;385.6359;KO.USUSD
2022-06-08 14:00:00;62.796;63.037;62.706;62.996;336.3264;KO.USUSD
2022-06-08 15:00:00;62.987;63.196;62.896;63.146;142.62;KO.USUSD
2022-06-08 16:00:00;63.147;63.187;62.976;63.047;110.9457;KO.USUSD
2022-06-08 17:00:00;63.046;63.047;62.796;62.876;148.2792;KO.USUSD
2022-06-08 18:00:00;62.866;63.067;62.857;62.986;120.6138;KO.USUSD
2022-06-08 19:00:00;62.976;63.177;62.807;62.886;100.9104;KO.USUSD
2022-06-09 13:00:00;62.546;63.337;62.546;63.296;449.6691;KO.USUSD
2022-06-09 14:00:00;63.286;63.297;62.666;62.746;542.1402;KO.USUSD
2022-06-09 15:00:00;62.756;62.847;62.556;62.816;301.6164;KO.USUSD
2022-06-09 16:00:00;62.806;63.027;62.676;63.006;205.7316;KO.USUSD
2022-06-09 17:00:00;63.007;63.067;62.896;63.017;167.9409;KO.USUSD
2022-06-09 18:00:00;63.006;63.057;62.736;62.747;160.8399;KO.USUSD
2022-06-09 19:00:00;62.746;62.747;61.776;61.797;186.9633;KO.USUSD
2022-06-10 13:00:00;61.007;61.087;60.466;61.056;591.0564;KO.USUSD
2022-06-10 14:00:00;61.036;61.677;60.906;61.557;739.005;KO.USUSD
2022-06-10 15:00:00;61.556;61.877;61.376;61.566;354.0078;KO.USUSD
2022-06-10 16:00:00;61.556;61.756;61.366;61.426;310.4028;KO.USUSD
2022-06-10 17:00:00;61.426;61.617;61.276;61.496;247.8813;KO.USUSD
2022-06-10 18:00:00;61.497;61.827;61.396;61.786;225.0888;KO.USUSD
2022-06-10 19:00:00;61.786;61.877;61.376;61.396;274.7394;KO.USUSD
2022-06-13 13:00:00;60.646;61.387;60.606;61.227;430.3176;KO.USUSD
2022-06-13 14:00:00;61.226;61.737;61.016;61.426;526.5306;KO.USUSD
2022-06-13 15:00:00;61.437;62.287;61.296;61.966;497.6718;KO.USUSD
2022-06-13 16:00:00;61.976;62.277;61.736;61.757;394.098;KO.USUSD
2022-06-13 17:00:00;61.767;61.797;61.307;61.497;260.796;KO.USUSD
2022-06-13 18:00:00;61.507;61.626;61.296;61.347;268.4913;KO.USUSD
2022-06-13 19:00:00;61.336;61.626;61.096;61.357;443.5953;KO.USUSD
2022-06-14 13:00:00;60.616;60.827;60.056;60.087;520.2882;KO.USUSD
2022-06-14 14:00:00;60.087;60.087;58.916;59.366;701.1999;KO.USUSD
2022-06-14 15:00:00;59.366;59.527;58.656;58.756;567.3555;KO.USUSD
2022-06-14 16:00:00;58.746;58.967;58.646;58.957;341.2815;KO.USUSD
2022-06-14 17:00:00;58.957;59.326;58.876;59.046;339.9663;KO.USUSD
2022-06-14 18:00:00;59.057;59.167;58.916;59.036;222.3186;KO.USUSD
2022-06-14 19:00:00;59.037;59.487;58.816;59.216;328.8579;KO.USUSD
2022-06-15 13:00:00;59.796;60.627;59.796;60.457;469.4589;KO.USUSD
2022-06-15 14:00:00;60.456;60.477;59.706;59.766;481.5255;KO.USUSD
2022-06-15 15:00:00;59.756;59.757;59.206;59.427;256.6431;KO.USUSD
2022-06-15 16:00:00;59.426;59.486;59.196;59.266;171.459;KO.USUSD
2022-06-15 17:00:00;59.256;59.636;59.256;59.536;188.5254;KO.USUSD
2022-06-15 18:00:00;59.567;59.996;58.956;59.606;1554.618;KO.USUSD
2022-06-15 19:00:00;59.616;60.257;59.506;59.647;827.8797;KO.USUSD
2022-06-16 13:00:00;58.457;59.157;58.247;59.067;458.0502;KO.USUSD
2022-06-16 14:00:00;59.056;59.417;58.996;58.997;665.5062;KO.USUSD
2022-06-16 15:00:00;58.987;59.387;58.986;59.297;378.927;KO.USUSD
2022-06-16 16:00:00;59.307;59.467;59.176;59.257;360.2766;KO.USUSD
2022-06-16 17:00:00;59.266;59.517;59.146;59.257;451.1535;KO.USUSD
2022-06-16 18:00:00;59.246;59.357;58.826;58.947;257.6211;KO.USUSD
2022-06-16 19:00:00;58.937;59.357;58.806;59.056;430.6356;KO.USUSD
2022-06-17 13:00:00;58.956;59.987;58.956;59.587;504.5214;KO.USUSD
2022-06-17 14:00:00;59.586;59.617;59.116;59.296;645.6111;KO.USUSD
2022-06-17 15:00:00;59.296;60.116;59.247;59.666;444.9282;KO.USUSD
2022-06-17 16:00:00;59.656;59.667;59.366;59.426;413.997;KO.USUSD
2022-06-17 17:00:00;59.426;59.897;59.417;59.666;429.441;KO.USUSD
2022-06-17 18:00:00;59.677;59.917;59.626;59.806;294.0009;KO.USUSD
2022-06-17 19:00:00;59.817;59.867;59.386;59.436;308.0721;KO.USUSD
2022-06-21 13:00:00;59.496;59.967;58.996;59.506;461.1405;KO.USUSD
2022-06-21 14:00:00;59.516;59.917;59.327;59.877;430.2087;KO.USUSD
2022-06-21 15:00:00;59.866;60.287;59.866;60.177;232.8624;KO.USUSD
2022-06-21 16:00:00;60.176;60.387;60.156;60.307;210.0852;KO.USUSD
2022-06-21 17:00:00;60.297;60.467;60.206;60.346;144.8637;KO.USUSD
2022-06-21 18:00:00;60.356;60.757;60.327;60.747;159.66;KO.USUSD
2022-06-21 19:00:00;60.757;60.866;60.616;60.696;133.8246;KO.USUSD
2022-06-22 13:00:00;60.267;60.797;60.266;60.547;540.4941;KO.USUSD
2022-06-22 14:00:00;60.537;60.907;60.297;60.816;579.5028;KO.USUSD
2022-06-22 15:00:00;60.807;61.117;60.716;60.856;281.8761;KO.USUSD
2022-06-22 16:00:00;60.866;61.137;60.786;61.126;273.0228;KO.USUSD
2022-06-22 17:00:00;61.136;61.207;61.036;61.187;129.1665;KO.USUSD
2022-06-22 18:00:00;61.197;61.437;61.166;61.297;145.341;KO.USUSD
2022-06-22 19:00:00;61.307;61.427;61.117;61.117;213.0951;KO.USUSD
2022-06-23 13:00:00;61.167;61.746;61.167;61.566;543.4638;KO.USUSD
2022-06-23 14:00:00;61.557;61.657;61.406;61.607;468.6738;KO.USUSD
2022-06-23 15:00:00;61.596;61.747;61.256;61.297;159.9636;KO.USUSD
2022-06-23 16:00:00;61.306;61.597;61.236;61.527;248.6058;KO.USUSD
2022-06-23 17:00:00;61.537;61.676;61.427;61.517;197.7915;KO.USUSD
2022-06-23 18:00:00;61.506;61.777;61.466;61.686;107.553;KO.USUSD
2022-06-23 19:00:00;61.676;61.897;61.626;61.856;111.3639;KO.USUSD
2022-06-24 13:00:00;62.047;62.597;62.047;62.346;380.6664;KO.USUSD
2022-06-24 14:00:00;62.347;62.707;62.216;62.276;467.5962;KO.USUSD
2022-06-24 15:00:00;62.266;62.457;62.226;62.407;164.0526;KO.USUSD
2022-06-24 16:00:00;62.406;62.577;62.316;62.426;101.7111;KO.USUSD
2022-06-24 17:00:00;62.416;62.807;62.416;62.766;73.7868;KO.USUSD
2022-06-24 18:00:00;62.776;62.897;62.657;62.886;78.8094;KO.USUSD
2022-06-24 19:00:00;62.876;63.037;62.796;63.037;80.3286;KO.USUSD
2022-06-27 13:00:00;62.996;63.277;62.616;62.716;413.9775;KO.USUSD
2022-06-27 14:00:00;62.717;63.047;62.706;62.966;454.9725;KO.USUSD
2022-06-27 15:00:00;62.977;63.117;62.876;63.046;218.3355;KO.USUSD
2022-06-27 16:00:00;63.047;63.136;62.957;63.017;164.5674;KO.USUSD
2022-06-27 17:00:00;63.026;63.087;62.776;62.816;162.9549;KO.USUSD
2022-06-27 18:00:00;62.817;62.986;62.716;62.917;125.3388;KO.USUSD
2022-06-27 19:00:00;62.906;63.107;62.786;62.886;171.2277;KO.USUSD
2022-06-28 13:00:00;63.077;63.737;63.076;63.546;417.0837;KO.USUSD
2022-06-28 14:00:00;63.556;63.597;63.056;63.277;360.8286;KO.USUSD
2022-06-28 15:00:00;63.267;63.296;62.796;62.816;200.4612;KO.USUSD
2022-06-28 16:00:00;62.826;62.967;62.717;62.857;146.3058;KO.USUSD
2022-06-28 17:00:00;62.856;62.876;62.546;62.617;145.6902;KO.USUSD
2022-06-28 18:00:00;62.606;62.687;62.196;62.287;116.4351;KO.USUSD
2022-06-28 19:00:00;62.286;62.356;62.096;62.247;138.5262;KO.USUSD
2022-06-29 13:00:00;62.586;62.937;62.366;62.696;335.5836;KO.USUSD
2022-06-29 14:00:00;62.706;63.107;62.636;62.956;428.1516;KO.USUSD
2022-06-29 15:00:00;62.967;63.097;62.816;62.876;213.2724;KO.USUSD
2022-06-29 16:00:00;62.876;62.937;62.696;62.817;233.0658;KO.USUSD
2022-06-29 17:00:00;62.817;62.917;62.717;62.906;146.1285;KO.USUSD
2022-06-29 18:00:00;62.907;62.997;62.756;62.847;79.9356;KO.USUSD
2022-06-29 19:00:00;62.847;62.927;62.606;62.676;154.3677;KO.USUSD
2022-06-30 13:00:00;62.137;62.607;62.046;62.467;440.049;KO.USUSD
2022-06-30 14:00:00;62.457;62.787;62.396;62.767;562.08;KO.USUSD
2022-06-30 15:00:00;62.767;62.806;62.496;62.756;258.39;KO.USUSD
2022-06-30 16:00:00;62.767;62.867;62.646;62.756;182.3691;KO.USUSD
2022-06-30 17:00:00;62.766;63.037;62.686;63.027;203.3571;KO.USUSD
2022-06-30 18:00:00;63.036;63.107;62.536;62.636;253.7826;KO.USUSD
2022-06-30 19:00:00;62.627;62.957;62.296;62.906;329.346;KO.USUSD
2022-07-01 13:00:00;63.007;63.496;62.796;63.446;361.6602;KO.USUSD
2022-07-01 14:00:00;63.416;63.697;63.156;63.607;627.6927;KO.USUSD
2022-07-01 15:00:00;63.596;63.777;63.446;63.546;346.2609;KO.USUSD
2022-07-01 16:00:00;63.546;63.597;63.396;63.437;214.0125;KO.USUSD
2022-07-01 17:00:00;63.437;63.887;63.406;63.876;195.4152;KO.USUSD
2022-07-01 18:00:00;63.877;64.247;63.846;64.217;103.4853;KO.USUSD
2022-07-01 19:00:00;64.227;64.437;64.106;64.337;185.1999;KO.USUSD
2022-07-05 13:00:00;64.036;64.147;63.387;63.387;393.0591;KO.USUSD
2022-07-05 14:00:00;63.377;63.496;62.526;62.577;599.7153;KO.USUSD
2022-07-05 15:00:00;62.577;62.787;62.396;62.667;327.0483;KO.USUSD
2022-07-05 16:00:00;62.667;62.967;62.646;62.906;285.57;KO.USUSD
2022-07-05 17:00:00;62.907;63.037;62.796;62.976;211.1394;KO.USUSD
2022-07-05 18:00:00;62.987;63.277;62.887;63.226;195.9468;KO.USUSD
2022-07-05 19:00:00;63.217;63.417;63.146;63.256;165.1554;KO.USUSD
2022-07-06 13:00:00;63.107;63.857;63.107;63.647;376.758;KO.USUSD
2022-07-06 14:00:00;63.646;64.077;63.426;63.467;618.0633;KO.USUSD
2022-07-06 15:00:00;63.457;63.537;63.316;63.526;206.2986;KO.USUSD
2022-07-06 16:00:00;63.517;63.527;63.176;63.326;155.6718;KO.USUSD
2022-07-06 17:00:00;63.337;63.437;63.266;63.347;105.8778;KO.USUSD
2022-07-06 18:00:00;63.327;63.857;63.216;63.616;434.6856;KO.USUSD
2022-07-06 19:00:00;63.626;63.717;63.316;63.406;155.6433;KO.USUSD
2022-07-07 13:00:00;63.077;63.576;63.077;63.366;313.2501;KO.USUSD
2022-07-07 14:00:00;63.376;63.397;63.096;63.226;390.5916;KO.USUSD
2022-07-07 15:00:00;63.237;63.287;63.076;63.167;173.6742;KO.USUSD
2022-07-07 16:00:00;63.167;63.197;63.076;63.156;86.1195;KO.USUSD
2022-07-07 17:00:00;63.167;63.187;62.866;62.867;72.4938;KO.USUSD
2022-07-07 18:00:00;62.877;62.937;62.696;62.876;76.3599;KO.USUSD
2022-07-07 19:00:00;62.877;63.157;62.846;62.897;110.4564;KO.USUSD
2022-07-08 13:00:00;62.97;63.327;62.97;63.196;389.3748;KO.USUSD
2022-07-08 14:00:00;63.196;63.317;63.006;63.147;324.9117;KO.USUSD
2022-07-08 15:00:00;63.156;63.187;62.936;63.096;154.548;KO.USUSD
2022-07-08 16:00:00;63.087;63.177;62.886;62.896;144.2997;KO.USUSD
2022-07-08 17:00:00;62.896;63.107;62.866;63.087;124.116;KO.USUSD
2022-07-08 18:00:00;63.086;63.257;63.006;63.226;75.2703;KO.USUSD
2022-07-08 19:00:00;63.227;63.407;63.076;63.136;123.9891;KO.USUSD
2022-07-11 13:00:00;62.816;63.447;62.816;63.167;471.4212;KO.USUSD
2022-07-11 14:00:00;63.166;63.166;62.576;62.747;456.7788;KO.USUSD
2022-07-11 15:00:00;62.737;63.067;62.736;62.827;189.7611;KO.USUSD
2022-07-11 16:00:00;62.827;63.026;62.796;63.006;99.4362;KO.USUSD
2022-07-11 17:00:00;63.007;63.207;62.956;63.106;103.7073;KO.USUSD
2022-07-11 18:00:00;63.097;63.117;62.837;62.897;110.952;KO.USUSD
2022-07-11 19:00:00;62.887;62.937;62.807;62.936;126.7131;KO.USUSD
2022-07-12 13:00:00;62.636;63.386;62.636;63.257;381.9024;KO.USUSD
2022-07-12 14:00:00;63.256;63.437;62.967;63.406;386.6208;KO.USUSD
2022-07-12 15:00:00;63.396;63.397;62.806;62.886;210.7458;KO.USUSD
2022-07-12 16:00:00;62.897;63.177;62.876;63.087;151.4058;KO.USUSD
2022-07-12 17:00:00;63.096;63.176;62.977;63.047;92.3265;KO.USUSD
2022-07-12 18:00:00;63.056;63.187;63.016;63.107;58.3395;KO.USUSD
2022-07-12 19:00:00;63.106;63.106;62.456;62.666;183.1398;KO.USUSD
2022-07-13 13:00:00;62.247;62.676;62.196;62.307;545.4645;KO.USUSD
2022-07-13 14:00:00;62.307;62.337;61.966;62.286;611.7327;KO.USUSD
2022-07-13 15:00:00;62.287;62.597;62.246;62.486;207.2448;KO.USUSD
2022-07-13 16:00:00;62.496;62.867;62.467;62.857;192.4524;KO.USUSD
2022-07-13 17:00:00;62.857;62.987;62.596;62.666;209.6319;KO.USUSD
2022-07-13 18:00:00;62.667;62.727;62.306;62.677;290.8551;KO.USUSD
2022-07-13 19:00:00;62.667;62.687;62.346;62.356;153.7599;KO.USUSD
2022-07-14 13:00:00;61.266;61.757;61.096;61.597;436.6107;KO.USUSD
2022-07-14 14:00:00;61.597;61.687;61.306;61.547;458.0862;KO.USUSD
2022-07-14 15:00:00;61.536;61.927;61.496;61.787;285.3747;KO.USUSD
2022-07-14 16:00:00;61.796;61.867;61.546;61.657;136.3023;KO.USUSD
2022-07-14 17:00:00;61.646;61.946;61.526;61.916;221.373;KO.USUSD
2022-07-14 18:00:00;61.917;62.117;61.906;62.036;161.1435;KO.USUSD
2022-07-14 19:00:00;62.047;62.237;61.916;62.166;129.1674;KO.USUSD
2022-07-15 13:00:00;62.377;62.697;62.266;62.497;521.1825;KO.USUSD
2022-07-15 14:00:00;62.517;62.967;62.436;62.506;526.1964;KO.USUSD
2022-07-15 15:00:00;62.507;62.567;62.246;62.266;157.125;KO.USUSD
2022-07-15 16:00:00;62.267;62.347;62.157;62.246;147.6369;KO.USUSD
2022-07-15 17:00:00;62.247;62.337;62.136;62.136;112.3047;KO.USUSD
2022-07-15 18:00:00;62.137;62.367;62.066;62.366;103.6893;KO.USUSD
2022-07-15 19:00:00;62.357;62.507;62.226;62.476;123.0591;KO.USUSD
2022-07-18 13:00:00;62.487;62.556;62.046;62.187;482.6496;KO.USUSD
2022-07-18 14:00:00;62.196;62.507;62.177;62.336;317.8917;KO.USUSD
2022-07-18 15:00:00;62.346;62.457;62.226;62.257;125.3928;KO.USUSD
2022-07-18 16:00:00;62.257;62.357;62.126;62.196;97.0455;KO.USUSD
2022-07-18 17:00:00;62.197;62.227;62.056;62.097;83.1393;KO.USUSD
2022-07-18 18:00:00;62.087;62.197;61.976;61.986;124.5591;KO.USUSD
2022-07-18 19:00:00;61.986;62.086;61.507;61.646;129.7626;KO.USUSD
2022-07-19 13:00:00;61.767;62.346;61.766;62.086;405.0171;KO.USUSD
2022-07-19 14:00:00;62.087;62.317;61.966;62.236;360.66;KO.USUSD
2022-07-19 15:00:00;62.236;62.437;62.166;62.336;198.03;KO.USUSD
2022-07-19 16:00:00;62.346;62.467;62.226;62.416;139.2;KO.USUSD
2022-07-19 17:00:00;62.416;62.527;62.386;62.437;71.01;KO.USUSD
2022-07-19 18:00:00;62.426;62.507;62.356;62.486;95.61;KO.USUSD
2022-07-19 19:00:00;62.477;62.636;62.426;62.466;136.38;KO.USUSD
2022-07-20 13:00:00;62.436;62.567;61.897;61.897;376.38;KO.USUSD
2022-07-20 14:00:00;61.947;62.087;61.836;61.956;313.68;KO.USUSD
2022-07-20 15:00:00;61.956;62.037;61.806;61.966;163.17;KO.USUSD
2022-07-20 16:00:00;61.987;62.007;61.526;61.586;129.9;KO.USUSD
2022-07-20 17:00:00;61.577;61.606;61.136;61.146;216.36;KO.USUSD
2022-07-20 18:00:00;61.147;61.517;61.147;61.487;180.81;KO.USUSD
2022-07-20 19:00:00;61.476;61.687;61.446;61.496;137.19;KO.USUSD
2022-07-21 13:00:00;60.996;61.867;60.996;61.696;446.4;KO.USUSD
2022-07-21 14:00:00;61.707;61.757;61.046;61.197;526.77;KO.USUSD
2022-07-21 15:00:00;61.206;61.207;60.786;61.106;224.22;KO.USUSD
2022-07-21 16:00:00;61.107;61.266;61.106;61.217;214.11;KO.USUSD
2022-07-21 17:00:00;61.216;61.267;60.966;61.027;243.93;KO.USUSD
2022-07-21 18:00:00;61.026;61.107;60.896;61.017;255.54;KO.USUSD
2022-07-21 19:00:00;61.007;61.367;61.006;61.356;132.75;KO.USUSD
2022-07-22 13:00:00;61.326;61.607;61.306;61.486;471.9;KO.USUSD
2022-07-22 14:00:00;61.487;61.827;61.477;61.817;466.26;KO.USUSD
2022-07-22 15:00:00;61.807;61.817;61.567;61.766;325.65;KO.USUSD
2022-07-22 16:00:00;61.767;61.856;61.636;61.646;285.18;KO.USUSD
2022-07-22 17:00:00;61.637;61.647;61.456;61.566;248.43;KO.USUSD
2022-07-22 18:00:00;61.557;61.567;61.316;61.406;317.73;KO.USUSD
2022-07-22 19:00:00;61.397;61.626;61.336;61.607;262.29;KO.USUSD
2022-07-25 13:00:00;61.216;61.846;61.216;61.767;481.62;KO.USUSD
2022-07-25 14:00:00;61.766;62.027;61.626;62.007;439.26;KO.USUSD
2022-07-25 15:00:00;61.997;62.257;61.996;62.197;190.2;KO.USUSD
2022-07-25 16:00:00;62.176;62.297;62.076;62.177;176.88;KO.USUSD
2022-07-25 17:00:00;62.176;62.277;62.107;62.107;91.26;KO.USUSD
2022-07-25 18:00:00;62.096;62.136;61.936;61.997;102.54;KO.USUSD
2022-07-25 19:00:00;61.987;62.287;61.876;62.116;138.78;KO.USUSD
2022-07-26 13:00:00;62.746;63.706;62.596;63.237;432.36;KO.USUSD
2022-07-26 14:00:00;63.237;63.767;62.826;62.947;400.92;KO.USUSD
2022-07-26 15:00:00;62.947;63.077;62.676;63.007;307.5612;KO.USUSD
2022-07-26 16:00:00;63.017;63.527;63.006;63.526;191.1;KO.USUSD
2022-07-26 17:00:00;63.536;63.787;63.356;63.356;160.77;KO.USUSD
2022-07-26 18:00:00;63.337;63.467;63.206;63.337;137.7;KO.USUSD
2022-07-26 19:00:00;63.336;63.466;63.076;63.177;188.61;KO.USUSD
2022-07-27 13:00:00;62.867;63.127;62.217;62.306;388.5;KO.USUSD
2022-07-27 14:00:00;62.307;62.307;61.766;61.886;407.4;KO.USUSD
2022-07-27 15:00:00;61.887;62.427;61.866;62.286;274.2;KO.USUSD
2022-07-27 16:00:00;62.296;62.317;62.097;62.227;178.98;KO.USUSD
2022-07-27 17:00:00;62.217;62.477;62.217;62.437;140.55;KO.USUSD
2022-07-27 18:00:00;62.446;62.797;62.266;62.647;763.86;KO.USUSD
2022-07-27 19:00:00;62.666;63.177;62.636;62.966;336.81;KO.USUSD
2022-07-28 13:00:00;62.846;63.176;62.846;62.976;429.06;KO.USUSD
2022-07-28 14:00:00;62.966;63.747;62.886;63.537;561.09;KO.USUSD
2022-07-28 15:00:00;63.537;63.717;63.456;63.616;414.63;KO.USUSD
2022-07-28 16:00:00;63.617;63.937;63.586;63.926;255.03;KO.USUSD
2022-07-28 17:00:00;63.927;64.227;63.926;64.177;145.83;KO.USUSD
2022-07-28 18:00:00;64.187;64.187;63.986;64.017;132.36;KO.USUSD
2022-07-28 19:00:00;64.007;64.146;63.966;64.056;138.36;KO.USUSD
2022-07-29 13:00:00;63.726;63.967;63.616;63.877;550.2;KO.USUSD
2022-07-29 14:00:00;63.867;63.947;63.686;63.697;532.71;KO.USUSD
2022-07-29 15:00:00;63.706;63.927;63.656;63.866;294.42;KO.USUSD
2022-07-29 16:00:00;63.866;64.027;63.696;63.997;232.83;KO.USUSD
2022-07-29 17:00:00;63.997;64.107;63.906;64.047;150.03;KO.USUSD
2022-07-29 18:00:00;64.046;64.107;63.966;64.036;199.98;KO.USUSD
2022-07-29 19:00:00;64.037;64.277;63.986;64.176;178.11;KO.USUSD
2022-08-01 13:00:00;63.936;64.757;63.936;64.757;506.52;KO.USUSD
2022-08-01 14:00:00;64.756;65.027;64.546;64.847;461.4;KO.USUSD
2022-08-01 15:00:00;64.836;64.847;64.656;64.656;204.24;KO.USUSD
2022-08-01 16:00:00;64.667;64.867;64.546;64.867;127.02;KO.USUSD
2022-08-01 17:00:00;64.846;64.947;64.646;64.697;156.69;KO.USUSD
2022-08-01 18:00:00;64.696;64.696;64.436;64.606;199.5;KO.USUSD
2022-08-01 19:00:00;64.606;64.676;64.396;64.517;132.78;KO.USUSD
2022-08-02 13:00:00;64.397;64.587;63.976;64.166;393.9;KO.USUSD
2022-08-02 14:00:00;64.146;64.287;64.036;64.156;528.72;KO.USUSD
2022-08-02 15:00:00;64.147;64.237;63.956;64.006;269.16;KO.USUSD
2022-08-02 16:00:00;63.997;64.117;63.956;64.057;207.03;KO.USUSD
2022-08-02 17:00:00;64.056;64.077;63.496;63.667;245.01;KO.USUSD
2022-08-02 18:00:00;63.666;63.727;63.476;63.526;271.62;KO.USUSD
2022-08-02 19:00:00;63.537;63.676;63.416;63.626;144.84;KO.USUSD
2022-08-03 13:00:00;63.297;63.717;63.296;63.496;379.47;KO.USUSD
2022-08-03 14:00:00;63.487;63.697;63.296;63.696;428.46;KO.USUSD
2022-08-03 15:00:00;63.696;63.887;63.636;63.727;255.87;KO.USUSD
2022-08-03 16:00:00;63.737;64.057;63.686;64.036;171.09;KO.USUSD
2022-08-03 17:00:00;64.017;64.087;63.866;63.907;113.52;KO.USUSD
2022-08-03 18:00:00;63.906;64.016;63.826;63.827;99.12;KO.USUSD
2022-08-03 19:00:00;63.826;64.027;63.746;63.877;107.76;KO.USUSD
2022-08-04 13:00:00;63.307;63.707;63.306;63.447;387.93;KO.USUSD
2022-08-04 14:00:00;63.437;63.447;63.086;63.226;351.84;KO.USUSD
2022-08-04 15:00:00;63.247;63.337;63.106;63.296;182.88;KO.USUSD
2022-08-04 16:00:00;63.297;63.307;62.977;62.997;170.55;KO.USUSD
2022-08-04 17:00:00;62.997;63.247;62.907;63.176;121.62;KO.USUSD
2022-08-04 18:00:00;63.177;63.647;63.166;63.606;161.22;KO.USUSD
2022-08-04 19:00:00;63.606;63.717;63.526;63.667;134.76;KO.USUSD
2022-08-05 13:00:00;63.426;63.547;63.036;63.036;469.44;KO.USUSD
2022-08-05 14:00:00;63.037;63.086;62.666;62.726;348.45;KO.USUSD
2022-08-05 15:00:00;62.726;62.917;62.656;62.796;201.54;KO.USUSD
2022-08-05 16:00:00;62.787;63.046;62.756;62.936;115.98;KO.USUSD
2022-08-05 17:00:00;62.947;63.127;62.906;63.007;88.26;KO.USUSD
2022-08-05 18:00:00;63.016;63.147;62.926;63.086;82.47;KO.USUSD
2022-08-05 19:00:00;63.087;63.417;63.087;63.356;105.81;KO.USUSD
2022-08-08 13:00:00;63.396;63.787;63.327;63.487;317.67;KO.USUSD
2022-08-08 14:00:00;63.477;63.527;63.246;63.246;246.93;KO.USUSD
2022-08-08 15:00:00;63.246;63.267;62.976;63.057;185.16;KO.USUSD
2022-08-08 16:00:00;63.046;63.087;62.746;62.776;162.99;KO.USUSD
2022-08-08 17:00:00;62.766;63.047;62.746;63.017;142.5;KO.USUSD
2022-08-08 18:00:00;63.017;63.057;62.876;62.997;264.09;KO.USUSD
2022-08-08 19:00:00;62.996;63.047;62.786;62.977;170.52;KO.USUSD
2022-08-09 13:00:00;63.007;63.287;62.956;63.127;404.52;KO.USUSD
2022-08-09 14:00:00;63.127;63.297;63.016;63.026;298.44;KO.USUSD
2022-08-09 15:00:00;63.026;63.277;63.006;63.197;163.38;KO.USUSD
2022-08-09 16:00:00;63.206;63.277;63.026;63.156;128.28;KO.USUSD
2022-08-09 17:00:00;63.167;63.167;63.007;63.016;112.35;KO.USUSD
2022-08-09 18:00:00;63.007;63.056;62.846;62.987;105.69;KO.USUSD
2022-08-09 19:00:00;62.976;63.106;62.927;63.047;55.83;KO.USUSD
2022-08-10 13:00:00;63.606;63.786;63.316;63.407;359.04;KO.USUSD
2022-08-10 14:00:00;63.406;63.537;63.326;63.457;345.9;KO.USUSD
2022-08-10 15:00:00;63.467;63.527;63.236;63.276;160.17;KO.USUSD
2022-08-10 16:00:00;63.267;63.317;63.096;63.307;126.21;KO.USUSD
2022-08-10 17:00:00;63.326;63.537;63.287;63.407;128.49;KO.USUSD
2022-08-10 18:00:00;63.407;63.517;63.396;63.396;121.11;KO.USUSD
2022-08-10 19:00:00;63.406;63.707;63.396;63.627;110.07;KO.USUSD
2022-08-11 13:00:00;63.656;63.847;63.516;63.757;275.04;KO.USUSD
2022-08-11 14:00:00;63.766;63.907;63.656;63.827;351.6;KO.USUSD
2022-08-11 15:00:00;63.826;63.937;63.686;63.867;285.9;KO.USUSD
2022-08-11 16:00:00;63.867;63.977;63.826;63.876;175.83;KO.USUSD
2022-08-11 17:00:00;63.866;63.907;63.546;63.587;146.55;KO.USUSD
2022-08-11 18:00:00;63.587;63.617;63.266;63.287;184.17;KO.USUSD
2022-08-11 19:00:00;63.286;63.297;63.076;63.227;144.75;KO.USUSD
2022-08-12 13:00:00;63.446;63.576;63.287;63.426;311.13;KO.USUSD
2022-08-12 14:00:00;63.407;63.407;63.076;63.236;289.89;KO.USUSD
2022-08-12 15:00:00;63.247;63.417;63.196;63.387;110.79;KO.USUSD
2022-08-12 16:00:00;63.397;63.507;63.296;63.396;77.61;KO.USUSD
2022-08-12 17:00:00;63.407;63.537;63.356;63.526;84.78;KO.USUSD
2022-08-12 18:00:00;63.537;63.637;63.456;63.617;69.48;KO.USUSD
2022-08-12 19:00:00;63.606;63.747;63.586;63.656;73.05;KO.USUSD
2022-08-15 13:00:00;63.457;64.077;63.457;63.966;226.86;KO.USUSD
2022-08-15 14:00:00;63.987;64.216;63.966;64.147;224.49;KO.USUSD
2022-08-15 15:00:00;64.157;64.347;64.066;64.307;151.29;KO.USUSD
2022-08-15 16:00:00;64.317;64.516;64.246;64.446;162.42;KO.USUSD
2022-08-15 17:00:00;64.457;64.566;64.326;64.546;128.1;KO.USUSD
2022-08-15 18:00:00;64.557;64.677;64.486;64.527;80.61;KO.USUSD
2022-08-15 19:00:00;64.536;64.537;64.396;64.457;72.06;KO.USUSD
2022-08-16 13:00:00;64.566;64.786;64.326;64.586;259.89;KO.USUSD
2022-08-16 14:00:00;64.586;64.967;64.586;64.806;206.67;KO.USUSD
2022-08-16 15:00:00;64.797;64.947;64.746;64.847;128.58;KO.USUSD
2022-08-16 16:00:00;64.837;65.026;64.776;64.956;91.41;KO.USUSD
2022-08-16 17:00:00;64.967;65.087;64.887;65.086;102.72;KO.USUSD
2022-08-16 18:00:00;65.086;65.216;64.936;65.036;139.65;KO.USUSD
2022-08-16 19:00:00;65.037;65.137;64.976;65.006;81.51;KO.USUSD
2022-08-17 13:00:00;64.497;64.997;64.497;64.847;295.47;KO.USUSD
2022-08-17 14:00:00;64.846;65.086;64.806;65.016;286.32;KO.USUSD
2022-08-17 15:00:00;65.027;65.067;64.806;64.867;180.6;KO.USUSD
2022-08-17 16:00:00;64.866;65.067;64.836;65.046;113.91;KO.USUSD
2022-08-17 17:00:00;65.036;65.137;64.996;65.076;102.99;KO.USUSD
2022-08-17 18:00:00;65.077;65.217;65.036;65.116;324.75;KO.USUSD
2022-08-17 19:00:00;65.107;65.136;64.776;64.857;104.16;KO.USUSD
2022-08-18 13:00:00;64.906;65.087;64.696;64.877;321.12;KO.USUSD
2022-08-18 14:00:00;64.877;64.987;64.826;64.886;231.42;KO.USUSD
2022-08-18 15:00:00;64.897;65.027;64.856;64.936;126.18;KO.USUSD
2022-08-18 16:00:00;64.947;65.086;64.916;64.957;148.68;KO.USUSD
2022-08-18 17:00:00;64.956;65.037;64.926;65.007;117.39;KO.USUSD
2022-08-18 18:00:00;65.016;65.237;64.996;65.226;91.68;KO.USUSD
2022-08-18 19:00:00;65.216;65.336;65.116;65.217;105.24;KO.USUSD
2022-08-19 13:00:00;65.066;65.407;65.016;65.276;307.62;KO.USUSD
2022-08-19 14:00:00;65.266;65.337;65.076;65.117;323.07;KO.USUSD
2022-08-19 15:00:00;65.126;65.227;65.056;65.187;167.58;KO.USUSD
2022-08-19 16:00:00;65.177;65.447;65.126;65.356;91.08;KO.USUSD
2022-08-19 17:00:00;65.356;65.457;65.316;65.326;142.56;KO.USUSD
2022-08-19 18:00:00;65.327;65.327;64.996;65.037;168.09;KO.USUSD
2022-08-19 19:00:00;65.036;65.227;64.956;65.156;144.15;KO.USUSD
2022-08-22 13:00:00;64.836;64.897;64.626;64.716;347.07;KO.USUSD
2022-08-22 14:00:00;64.716;64.876;64.666;64.707;317.58;KO.USUSD
2022-08-22 15:00:00;64.707;64.837;64.546;64.556;124.32;KO.USUSD
2022-08-22 16:00:00;64.547;64.577;64.356;64.376;91.5;KO.USUSD
2022-08-22 17:00:00;64.376;64.387;64.036;64.047;100.77;KO.USUSD
2022-08-22 18:00:00;64.056;64.137;63.976;64.047;95.31;KO.USUSD
2022-08-22 19:00:00;64.036;64.216;64.026;64.186;71.4;KO.USUSD
2022-08-23 13:00:00;63.657;63.897;63.496;63.747;408.03;KO.USUSD
2022-08-23 14:00:00;63.756;64.017;63.696;63.736;443.28;KO.USUSD
2022-08-23 15:00:00;63.736;64.177;63.706;64.126;191.31;KO.USUSD
2022-08-23 16:00:00;64.126;64.307;63.956;64.156;155.82;KO.USUSD
2022-08-23 17:00:00;64.147;64.357;64.146;64.216;144.42;KO.USUSD
2022-08-23 18:00:00;64.207;64.226;64.066;64.166;116.64;KO.USUSD
2022-08-23 19:00:00;64.166;64.337;64.146;64.246;96.0;KO.USUSD
2022-08-24 13:00:00;63.936;64.567;63.936;64.217;245.37;KO.USUSD
2022-08-24 14:00:00;64.226;64.397;64.196;64.366;265.02;KO.USUSD
2022-08-24 15:00:00;64.366;64.536;64.286;64.466;122.73;KO.USUSD
2022-08-24 16:00:00;64.467;64.487;64.096;64.116;116.97;KO.USUSD
2022-08-24 17:00:00;64.126;64.177;64.046;64.156;70.14;KO.USUSD
2022-08-24 18:00:00;64.166;64.256;64.146;64.206;59.73;KO.USUSD
2022-08-24 19:00:00;64.216;64.417;64.196;64.337;71.4;KO.USUSD
2022-08-25 13:00:00;64.376;64.477;64.196;64.447;289.23;KO.USUSD
2022-08-25 14:00:00;64.456;64.597;64.387;64.416;318.06;KO.USUSD
2022-08-25 15:00:00;64.407;64.407;64.136;64.197;210.96;KO.USUSD
2022-08-25 16:00:00;64.196;64.237;63.896;63.987;150.54;KO.USUSD
2022-08-25 17:00:00;63.996;64.387;63.967;64.387;109.14;KO.USUSD
2022-08-25 18:00:00;64.376;64.436;64.316;64.436;66.33;KO.USUSD
2022-08-25 19:00:00;64.447;64.697;64.416;64.667;100.8;KO.USUSD
2022-08-26 13:00:00;64.526;64.777;64.466;64.486;256.86;KO.USUSD
2022-08-26 14:00:00;64.487;64.547;63.836;63.977;934.02;KO.USUSD
2022-08-26 15:00:00;63.977;64.007;63.826;63.856;421.95;KO.USUSD
2022-08-26 16:00:00;63.857;63.927;63.696;63.877;314.04;KO.USUSD
2022-08-26 17:00:00;63.866;63.886;63.696;63.736;144.69;KO.USUSD
2022-08-26 18:00:00;63.746;63.747;63.296;63.297;136.05;KO.USUSD
2022-08-26 19:00:00;63.296;63.407;62.976;63.116;166.2;KO.USUSD
2022-08-29 13:00:00;62.496;62.687;62.396;62.417;320.49;KO.USUSD
2022-08-29 14:00:00;62.416;62.807;62.407;62.546;388.02;KO.USUSD
2022-08-29 15:00:00;62.537;62.907;62.536;62.857;234.84;KO.USUSD
2022-08-29 16:00:00;62.867;62.986;62.736;62.846;171.06;KO.USUSD
2022-08-29 17:00:00;62.856;62.907;62.666;62.856;168.45;KO.USUSD
2022-08-29 18:00:00;62.846;62.986;62.706;62.887;141.75;KO.USUSD
2022-08-29 19:00:00;62.886;63.017;62.706;62.727;145.11;KO.USUSD
2022-08-30 13:00:00;62.777;62.817;62.416;62.627;297.72;KO.USUSD
2022-08-30 14:00:00;62.636;62.707;62.146;62.276;479.64;KO.USUSD
2022-08-30 15:00:00;62.266;62.677;62.246;62.487;398.79;KO.USUSD
2022-08-30 16:00:00;62.486;62.657;62.436;62.497;236.1;KO.USUSD
2022-08-30 17:00:00;62.507;62.577;62.186;62.306;195.96;KO.USUSD
2022-08-30 18:00:00;62.306;62.347;62.106;62.146;193.89;KO.USUSD
2022-08-30 19:00:00;62.166;62.457;61.986;62.117;225.72;KO.USUSD
2022-08-31 13:00:00;62.247;62.427;62.116;62.186;337.59;KO.USUSD
2022-08-31 14:00:00;62.196;62.387;62.106;62.226;392.04;KO.USUSD
2022-08-31 15:00:00;62.237;62.517;62.176;62.436;215.64;KO.USUSD
2022-08-31 16:00:00;62.436;62.477;62.056;62.126;142.17;KO.USUSD
2022-08-31 17:00:00;62.136;62.287;62.086;62.157;165.21;KO.USUSD
2022-08-31 18:00:00;62.167;62.167;61.756;61.836;132.45;KO.USUSD
2022-08-31 19:00:00;61.826;61.987;61.687;61.687;185.46;KO.USUSD
2022-09-01 13:00:00;61.496;61.707;61.386;61.647;306.15;KO.USUSD
2022-09-01 14:00:00;61.616;61.677;61.297;61.516;384.45;KO.USUSD
2022-09-01 15:00:00;61.516;61.997;61.506;61.816;287.19;KO.USUSD
2022-09-01 16:00:00;61.816;61.927;61.506;61.536;187.8;KO.USUSD
2022-09-01 17:00:00;61.527;61.757;61.447;61.697;180.48;KO.USUSD
2022-09-01 18:00:00;61.706;61.897;61.666;61.846;263.31;KO.USUSD
2022-09-01 19:00:00;61.836;62.027;61.726;61.976;182.88;KO.USUSD
2022-09-02 13:00:00;62.246;62.767;62.246;62.586;338.19;KO.USUSD
2022-09-02 14:00:00;62.596;62.727;62.436;62.457;314.5368;KO.USUSD
2022-09-02 15:00:00;62.456;62.537;62.356;62.447;150.81;KO.USUSD
2022-09-02 16:00:00;62.436;62.447;61.626;61.677;333.78;KO.USUSD
2022-09-02 17:00:00;61.677;61.677;61.176;61.186;450.93;KO.USUSD
2022-09-02 18:00:00;61.176;61.437;61.176;61.236;351.54;KO.USUSD
2022-09-02 19:00:00;61.227;61.387;60.877;61.086;288.69;KO.USUSD
2022-09-06 13:00:00;61.157;61.576;61.096;61.567;309.3;KO.USUSD
2022-09-06 14:00:00;61.526;61.947;61.306;61.876;536.88;KO.USUSD
2022-09-06 15:00:00;61.866;61.947;61.446;61.477;329.55;KO.USUSD
2022-09-06 16:00:00;61.467;61.477;61.096;61.296;225.57;KO.USUSD
2022-09-06 17:00:00;61.306;61.387;60.976;61.377;209.46;KO.USUSD
2022-09-06 18:00:00;61.377;61.527;61.057;61.137;242.16;KO.USUSD
2022-09-06 19:00:00;61.157;61.377;61.046;61.166;260.16;KO.USUSD
2022-09-07 13:00:00;61.097;61.687;61.097;61.526;346.98;KO.USUSD
2022-09-07 14:00:00;61.536;61.987;61.466;61.926;411.87;KO.USUSD
2022-09-07 15:00:00;61.937;62.007;61.857;61.857;203.28;KO.USUSD
2022-09-07 16:00:00;61.866;62.057;61.716;62.056;211.62;KO.USUSD
2022-09-07 17:00:00;62.056;62.367;62.046;62.347;126.09;KO.USUSD
2022-09-07 18:00:00;62.357;62.476;62.286;62.366;138.78;KO.USUSD
2022-09-07 19:00:00;62.356;62.397;62.206;62.336;136.8;KO.USUSD
2022-09-08 13:00:00;61.996;62.227;61.596;61.626;496.17;KO.USUSD
2022-09-08 14:00:00;61.636;61.987;61.376;61.877;439.89;KO.USUSD
2022-09-08 15:00:00;61.876;62.237;61.846;61.876;247.92;KO.USUSD
2022-09-08 16:00:00;61.887;61.897;61.336;61.686;427.26;KO.USUSD
2022-09-08 17:00:00;61.687;62.137;61.686;62.027;339.99;KO.USUSD
2022-09-08 18:00:00;62.037;62.246;61.876;61.876;305.61;KO.USUSD
2022-09-08 19:00:00;61.876;62.136;61.776;62.077;228.69;KO.USUSD
2022-09-09 13:00:00;62.117;62.177;61.846;62.046;316.23;KO.USUSD
2022-09-09 14:00:00;62.037;62.387;62.016;62.367;315.7212;KO.USUSD
2022-09-09 15:00:00;62.376;62.507;62.226;62.337;213.87;KO.USUSD
2022-09-09 16:00:00;62.346;62.357;62.116;62.337;162.24;KO.USUSD
2022-09-09 17:00:00;62.336;62.516;62.267;62.476;80.61;KO.USUSD
2022-09-09 18:00:00;62.486;62.867;62.407;62.707;110.37;KO.USUSD
2022-09-09 19:00:00;62.696;62.696;62.296;62.317;118.2;KO.USUSD
2022-09-12 13:00:00;62.466;62.667;62.267;62.546;267.6345;KO.USUSD
2022-09-12 14:00:00;62.556;62.717;62.276;62.657;297.6528;KO.USUSD
2022-09-12 15:00:00;62.667;62.807;62.446;62.507;188.8779;KO.USUSD
2022-09-12 16:00:00;62.517;62.577;62.336;62.517;208.7052;KO.USUSD
2022-09-12 17:00:00;62.527;62.667;62.426;62.526;129.8493;KO.USUSD
2022-09-12 18:00:00;62.537;62.557;62.366;62.487;126.5265;KO.USUSD
2022-09-12 19:00:00;62.476;62.497;62.306;62.497;109.9095;KO.USUSD
2022-09-13 13:00:00;61.927;62.157;61.696;61.716;421.4826;KO.USUSD
2022-09-13 14:00:00;61.716;61.917;61.496;61.597;452.9727;KO.USUSD
2022-09-13 15:00:00;61.586;61.697;61.276;61.297;253.8492;KO.USUSD
2022-09-13 16:00:00;61.286;61.536;61.286;61.406;182.7228;KO.USUSD
2022-09-13 17:00:00;61.417;61.497;61.136;61.156;206.3373;KO.USUSD
2022-09-13 18:00:00;61.167;61.167;60.656;60.717;223.6971;KO.USUSD
2022-09-13 19:00:00;60.707;60.737;60.276;60.456;323.3688;KO.USUSD
2022-09-14 13:00:00;60.627;61.067;60.387;60.907;369.21;KO.USUSD
2022-09-14 14:00:00;60.896;60.897;60.556;60.737;413.25;KO.USUSD
2022-09-14 15:00:00;60.726;60.807;60.527;60.586;255.48;KO.USUSD
2022-09-14 16:00:00;60.586;60.646;60.446;60.637;182.2512;KO.USUSD
2022-09-14 17:00:00;60.636;60.966;60.616;60.677;232.89;KO.USUSD
2022-09-14 18:00:00;60.687;60.747;60.556;60.636;191.34;KO.USUSD
2022-09-14 19:00:00;60.637;60.817;60.466;60.787;268.83;KO.USUSD
2022-09-15 13:00:00;60.347;60.367;59.796;59.976;330.63;KO.USUSD
2022-09-15 14:00:00;59.987;60.127;59.776;60.057;385.53;KO.USUSD
2022-09-15 15:00:00;60.056;60.187;59.616;59.647;275.73;KO.USUSD
2022-09-15 16:00:00;59.636;59.737;59.536;59.687;149.43;KO.USUSD
2022-09-15 17:00:00;59.696;59.896;59.596;59.657;206.22;KO.USUSD
2022-09-15 18:00:00;59.646;59.717;59.516;59.547;189.15;KO.USUSD
2022-09-15 19:00:00;59.536;59.637;59.356;59.516;214.8312;KO.USUSD
2022-09-16 13:00:00;59.297;59.666;59.297;59.647;375.99;KO.USUSD
2022-09-16 14:00:00;59.657;59.777;59.466;59.467;495.0;KO.USUSD
2022-09-16 15:00:00;59.466;59.617;59.276;59.396;263.25;KO.USUSD
2022-09-16 16:00:00;59.397;59.407;59.106;59.266;131.85;KO.USUSD
2022-09-16 17:00:00;59.257;59.326;59.106;59.197;147.57;KO.USUSD
2022-09-16 18:00:00;59.186;59.567;59.186;59.506;206.46;KO.USUSD
2022-09-16 19:00:00;59.497;59.607;59.286;59.497;321.09;KO.USUSD
2022-09-19 13:00:00;59.257;59.637;59.216;59.377;278.64;KO.USUSD
2022-09-19 14:00:00;59.377;59.716;59.356;59.647;372.51;KO.USUSD
2022-09-19 15:00:00;59.646;59.727;59.446;59.507;244.83;KO.USUSD
2022-09-19 16:00:00;59.516;59.887;59.446;59.866;212.61;KO.USUSD
2022-09-19 17:00:00;59.886;59.937;59.657;59.707;175.68;KO.USUSD
2022-09-19 18:00:00;59.707;59.837;59.666;59.816;195.9;KO.USUSD
2022-09-19 19:00:00;59.817;60.087;59.817;59.986;234.81;KO.USUSD
2022-09-20 13:00:00;59.597;59.757;59.486;59.757;302.82;KO.USUSD
2022-09-20 14:00:00;59.746;59.766;59.436;59.647;323.28;KO.USUSD
2022-09-20 15:00:00;59.636;59.777;59.516;59.736;178.53;KO.USUSD
2022-09-20 16:00:00;59.737;59.797;59.526;59.606;142.92;KO.USUSD
2022-09-20 17:00:00;59.597;59.637;59.306;59.317;202.59;KO.USUSD
2022-09-20 18:00:00;59.327;59.776;59.327;59.696;270.3;KO.USUSD
2022-09-20 19:00:00;59.687;60.016;59.596;59.907;305.04;KO.USUSD
2022-09-21 13:00:00;59.996;60.536;59.996;60.466;299.01;KO.USUSD
2022-09-21 14:00:00;60.456;60.687;60.366;60.487;355.47;KO.USUSD
2022-09-21 15:00:00;60.496;60.517;60.216;60.426;215.76;KO.USUSD
2022-09-21 16:00:00;60.427;60.556;60.386;60.387;137.28;KO.USUSD
2022-09-21 17:00:00;60.377;60.476;60.286;60.407;144.15;KO.USUSD
2022-09-21 18:00:00;60.407;60.547;59.637;60.387;1533.03;KO.USUSD
2022-09-21 19:00:00;60.386;60.497;59.386;59.386;972.96;KO.USUSD
2022-09-22 13:00:00;59.446;59.537;59.186;59.376;431.43;KO.USUSD
2022-09-22 14:00:00;59.376;59.586;59.206;59.386;552.21;KO.USUSD
2022-09-22 15:00:00;59.397;59.567;59.346;59.417;309.42;KO.USUSD
2022-09-22 16:00:00;59.417;59.727;59.406;59.607;271.74;KO.USUSD
2022-09-22 17:00:00;59.607;59.676;59.406;59.556;189.72;KO.USUSD
2022-09-22 18:00:00;59.557;59.606;59.346;59.477;248.73;KO.USUSD
2022-09-22 19:00:00;59.477;59.666;59.216;59.216;320.16;KO.USUSD
2022-09-23 13:00:00;58.847;59.007;58.696;58.876;459.39;KO.USUSD
2022-09-23 14:00:00;58.876;59.087;58.657;58.677;465.15;KO.USUSD
2022-09-23 15:00:00;58.676;58.906;58.536;58.647;313.32;KO.USUSD
2022-09-23 16:00:00;58.636;58.646;58.336;58.586;199.65;KO.USUSD
2022-09-23 17:00:00;58.586;58.697;58.416;58.567;221.01;KO.USUSD
2022-09-23 18:00:00;58.557;58.627;57.996;58.017;303.81;KO.USUSD
2022-09-23 19:00:00;58.006;58.627;58.006;58.577;392.52;KO.USUSD
2022-09-26 13:00:00;58.227;58.497;58.036;58.126;366.15;KO.USUSD
2022-09-26 14:00:00;58.137;58.437;58.106;58.357;407.73;KO.USUSD
2022-09-26 15:00:00;58.346;58.557;57.976;58.287;372.3912;KO.USUSD
2022-09-26 16:00:00;58.276;58.286;57.986;58.137;289.05;KO.USUSD
2022-09-26 17:00:00;58.126;58.167;57.676;57.706;242.58;KO.USUSD
2022-09-26 18:00:00;57.697;58.067;57.696;57.986;277.98;KO.USUSD
2022-09-26 19:00:00;57.997;58.247;57.826;57.846;345.24;KO.USUSD
2022-09-27 13:00:00;57.997;58.367;57.846;58.206;302.64;KO.USUSD
2022-09-27 14:00:00;58.207;58.207;57.636;57.687;506.88;KO.USUSD
2022-09-27 15:00:00;57.687;57.767;57.006;57.016;286.83;KO.USUSD
2022-09-27 16:00:00;57.007;57.067;56.676;56.916;293.4;KO.USUSD
2022-09-27 17:00:00;56.906;56.906;56.467;56.577;277.65;KO.USUSD
2022-09-27 18:00:00;56.577;56.937;56.547;56.817;237.99;KO.USUSD
2022-09-27 19:00:00;56.816;56.816;56.306;56.367;333.06;KO.USUSD
2022-09-28 13:00:00;56.657;56.766;55.896;56.206;492.99;KO.USUSD
2022-09-28 14:00:00;56.207;56.377;55.916;56.086;522.0;KO.USUSD
2022-09-28 15:00:00;56.086;56.457;55.986;56.446;384.6;KO.USUSD
2022-09-28 16:00:00;56.456;56.877;56.376;56.857;193.83;KO.USUSD
2022-09-28 17:00:00;56.836;56.887;56.687;56.736;186.36;KO.USUSD
2022-09-28 18:00:00;56.747;56.977;56.696;56.836;171.87;KO.USUSD
2022-09-28 19:00:00;56.826;57.236;56.826;56.967;189.75;KO.USUSD
2022-09-29 13:00:00;56.957;57.247;56.516;56.526;370.32;KO.USUSD
2022-09-29 14:00:00;56.516;56.547;56.286;56.527;515.25;KO.USUSD
2022-09-29 15:00:00;56.517;56.776;56.356;56.477;330.54;KO.USUSD
2022-09-29 16:00:00;56.467;56.587;56.207;56.246;222.84;KO.USUSD
2022-09-29 17:00:00;56.237;56.247;56.016;56.047;239.37;KO.USUSD
2022-09-29 18:00:00;56.036;56.226;55.996;56.057;254.67;KO.USUSD
2022-09-29 19:00:00;56.046;56.647;56.026;56.557;327.66;KO.USUSD
2022-09-30 13:00:00;56.647;57.107;56.396;56.856;451.98;KO.USUSD
2022-09-30 14:00:00;56.856;56.947;56.456;56.777;659.79;KO.USUSD
2022-09-30 15:00:00;56.786;56.996;56.346;56.446;300.39;KO.USUSD
2022-09-30 16:00:00;56.436;56.537;56.326;56.456;208.77;KO.USUSD
2022-09-30 17:00:00;56.446;56.517;56.326;56.407;177.81;KO.USUSD
2022-09-30 18:00:00;56.406;56.597;56.216;56.266;250.77;KO.USUSD
2022-09-30 19:00:00;56.267;56.487;55.996;56.056;363.48;KO.USUSD
2022-10-03 13:00:00;56.307;56.717;56.046;56.157;351.3144;KO.USUSD
2022-10-03 14:00:00;56.166;56.806;56.166;56.436;470.6514;KO.USUSD
2022-10-03 15:00:00;56.426;56.597;56.236;56.286;241.74;KO.USUSD
2022-10-03 16:00:00;56.276;56.567;56.216;56.547;233.07;KO.USUSD
2022-10-03 17:00:00;56.556;56.757;56.516;56.566;200.88;KO.USUSD
2022-10-03 18:00:00;56.577;56.846;56.556;56.777;175.95;KO.USUSD
2022-10-03 19:00:00;56.766;56.787;56.586;56.646;190.08;KO.USUSD
2022-10-04 13:00:00;56.867;57.556;56.717;57.537;439.8;KO.USUSD
2022-10-04 14:00:00;57.537;57.797;57.007;57.216;454.26;KO.USUSD
2022-10-04 15:00:00;57.207;57.297;56.896;56.956;210.27;KO.USUSD
2022-10-04 16:00:00;56.956;56.977;56.656;56.727;141.6;KO.USUSD
2022-10-04 17:00:00;56.716;56.796;56.446;56.706;178.29;KO.USUSD
2022-10-04 18:00:00;56.707;56.797;56.506;56.777;170.61;KO.USUSD
2022-10-04 19:00:00;56.767;56.797;56.556;56.777;192.9;KO.USUSD
2022-10-05 13:00:00;56.466;56.626;56.136;56.157;366.87;KO.USUSD
2022-10-05 14:00:00;56.146;56.166;55.496;55.686;377.88;KO.USUSD
2022-10-05 15:00:00;55.687;55.967;55.626;55.776;210.39;KO.USUSD
2022-10-05 16:00:00;55.767;56.147;55.686;55.977;172.35;KO.USUSD
2022-10-05 17:00:00;55.976;56.277;55.957;56.136;148.47;KO.USUSD
2022-10-05 18:00:00;56.136;56.387;56.116;56.347;158.97;KO.USUSD
2022-10-05 19:00:00;56.356;56.507;56.116;56.207;193.62;KO.USUSD
2022-10-06 13:00:00;56.006;56.096;55.606;55.636;370.92;KO.USUSD
2022-10-06 14:00:00;55.637;55.657;55.396;55.637;447.69;KO.USUSD
2022-10-06 15:00:00;55.636;55.807;55.366;55.367;255.72;KO.USUSD
2022-10-06 16:00:00;55.357;55.627;55.326;55.517;203.25;KO.USUSD
2022-10-06 17:00:00;55.526;55.557;55.326;55.366;157.23;KO.USUSD
2022-10-06 18:00:00;55.357;55.357;54.977;55.057;144.03;KO.USUSD
2022-10-06 19:00:00;55.047;55.247;54.866;55.017;226.3512;KO.USUSD
2022-10-07 13:00:00;54.896;55.066;54.556;54.636;445.29;KO.USUSD
2022-10-07 14:00:00;54.636;54.897;54.596;54.737;424.05;KO.USUSD
2022-10-07 15:00:00;54.747;54.827;54.536;54.606;270.45;KO.USUSD
2022-10-07 16:00:00;54.596;54.636;54.436;54.527;142.02;KO.USUSD
2022-10-07 17:00:00;54.516;54.627;54.466;54.557;146.82;KO.USUSD
2022-10-07 18:00:00;54.547;54.736;54.366;54.446;188.49;KO.USUSD
2022-10-07 19:00:00;54.466;54.596;54.246;54.497;237.27;KO.USUSD
2022-10-10 13:00:00;54.506;54.947;54.506;54.817;395.0748;KO.USUSD
2022-10-10 14:00:00;54.826;54.906;54.576;54.806;472.392;KO.USUSD
2022-10-10 15:00:00;54.817;54.817;54.256;54.397;349.89;KO.USUSD
2022-10-10 16:00:00;54.386;54.386;54.026;54.057;198.06;KO.USUSD
2022-10-10 17:00:00;54.046;54.426;54.006;54.327;231.12;KO.USUSD
2022-10-10 18:00:00;54.346;54.547;54.247;54.407;210.6;KO.USUSD
2022-10-10 19:00:00;54.397;54.536;54.327;54.347;282.69;KO.USUSD
2022-10-11 13:00:00;54.277;54.597;54.226;54.586;361.56;KO.USUSD
2022-10-11 14:00:00;54.576;54.916;54.566;54.817;356.82;KO.USUSD
2022-10-11 15:00:00;54.817;55.117;54.817;55.067;330.24;KO.USUSD
2022-10-11 16:00:00;55.077;55.207;54.996;55.066;184.38;KO.USUSD
2022-10-11 17:00:00;55.066;55.157;54.956;55.117;194.67;KO.USUSD
2022-10-11 18:00:00;55.126;55.187;54.536;54.557;270.4812;KO.USUSD
2022-10-11 19:00:00;54.547;54.627;54.376;54.477;399.72;KO.USUSD
2022-10-12 13:00:00;55.166;56.037;54.706;55.577;475.83;KO.USUSD
2022-10-12 14:00:00;55.566;55.957;55.526;55.777;477.3912;KO.USUSD
2022-10-12 15:00:00;55.776;55.917;55.586;55.626;283.68;KO.USUSD
2022-10-12 16:00:00;55.626;55.717;55.356;55.427;176.1;KO.USUSD
2022-10-12 17:00:00;55.427;55.457;55.186;55.296;129.21;KO.USUSD
2022-10-12 18:00:00;55.317;55.467;55.147;55.277;474.63;KO.USUSD
2022-10-12 19:00:00;55.277;55.296;55.056;55.127;141.06;KO.USUSD
2022-10-13 13:00:00;54.397;54.827;54.346;54.666;667.65;KO.USUSD
2022-10-13 14:00:00;54.666;54.837;54.326;54.337;884.31;KO.USUSD
2022-10-13 15:00:00;54.327;55.627;54.247;55.357;1105.86;KO.USUSD
2022-10-13 16:00:00;55.366;55.627;55.276;55.507;666.39;KO.USUSD
2022-10-13 17:00:00;55.506;55.827;55.476;55.777;376.32;KO.USUSD
2022-10-13 18:00:00;55.767;56.037;55.656;56.007;357.72;KO.USUSD
2022-10-13 19:00:00;56.007;56.067;55.736;55.857;296.01;KO.USUSD
2022-10-14 13:00:00;56.296;56.347;55.996;56.056;652.29;KO.USUSD
2022-10-14 14:00:00;56.056;56.107;55.466;55.697;1182.06;KO.USUSD
2022-10-14 15:00:00;55.707;55.817;55.436;55.527;579.54;KO.USUSD
2022-10-14 16:00:00;55.516;55.647;55.206;55.276;442.2;KO.USUSD
2022-10-14 17:00:00;55.276;55.507;55.206;55.416;318.6;KO.USUSD
2022-10-14 18:00:00;55.417;55.417;55.136;55.206;269.49;KO.USUSD
2022-10-14 19:00:00;55.196;55.387;54.927;55.056;369.45;KO.USUSD
2022-10-17 13:00:00;55.407;56.207;55.406;55.737;413.94;KO.USUSD
2022-10-17 14:00:00;55.737;56.097;55.656;56.037;474.15;KO.USUSD
2022-10-17 15:00:00;56.047;56.057;55.746;55.937;221.52;KO.USUSD
2022-10-17 16:00:00;55.946;55.967;55.816;55.867;175.95;KO.USUSD
2022-10-17 17:00:00;55.856;55.977;55.796;55.966;147.51;KO.USUSD
2022-10-17 18:00:00;55.976;56.007;55.747;55.847;160.86;KO.USUSD
2022-10-17 19:00:00;55.837;55.897;55.666;55.687;175.26;KO.USUSD
2022-10-18 13:00:00;56.227;56.766;56.227;56.516;568.26;KO.USUSD
2022-10-18 14:00:00;56.516;56.637;56.286;56.417;399.06;KO.USUSD
2022-10-18 15:00:00;56.416;56.437;56.096;56.217;333.9;KO.USUSD
2022-10-18 16:00:00;56.217;56.377;56.136;56.257;332.34;KO.USUSD
2022-10-18 17:00:00;56.256;56.437;56.106;56.356;363.81;KO.USUSD
2022-10-18 18:00:00;56.357;56.417;56.126;56.267;407.04;KO.USUSD
2022-10-18 19:00:00;56.257;56.447;56.126;56.426;303.81;KO.USUSD
2022-10-19 13:00:00;56.216;56.527;56.216;56.346;359.07;KO.USUSD
2022-10-19 14:00:00;56.347;56.467;56.196;56.346;348.48;KO.USUSD
2022-10-19 15:00:00;56.346;56.367;55.946;56.157;267.48;KO.USUSD
2022-10-19 16:00:00;56.157;56.186;55.916;55.956;201.66;KO.USUSD
2022-10-19 17:00:00;55.946;55.997;55.717;55.846;261.21;KO.USUSD
2022-10-19 18:00:00;55.857;56.037;55.786;55.896;151.62;KO.USUSD
2022-10-19 19:00:00;55.887;56.017;55.817;55.937;178.59;KO.USUSD
2022-10-20 13:00:00;55.756;55.907;55.496;55.507;531.6;KO.USUSD
2022-10-20 14:00:00;55.506;55.637;55.206;55.297;368.4;KO.USUSD
2022-10-20 15:00:00;55.306;55.307;55.066;55.176;155.94;KO.USUSD
2022-10-20 16:00:00;55.176;55.257;55.057;55.157;97.26;KO.USUSD
2022-10-20 17:00:00;55.146;55.477;55.096;55.226;185.82;KO.USUSD
2022-10-20 18:00:00;55.217;55.237;55.006;55.087;155.55;KO.USUSD
2022-10-20 19:00:00;55.096;55.207;54.956;55.057;120.75;KO.USUSD
2022-10-21 13:00:00;54.907;55.727;54.906;55.726;771.6;KO.USUSD
2022-10-21 14:00:00;55.716;55.877;55.376;55.386;785.31;KO.USUSD
2022-10-21 15:00:00;55.386;55.687;55.246;55.657;564.48;KO.USUSD
2022-10-21 16:00:00;55.667;55.927;55.586;55.846;398.1612;KO.USUSD
2022-10-21 17:00:00;55.856;55.937;55.757;55.917;181.5;KO.USUSD
2022-10-21 18:00:00;55.917;55.987;55.756;55.926;157.56;KO.USUSD
2022-10-21 19:00:00;55.927;56.096;55.847;55.957;103.56;KO.USUSD
2022-10-24 13:00:00;56.547;57.457;56.546;57.316;469.17;KO.USUSD
2022-10-24 14:00:00;57.306;57.317;56.806;57.056;690.27;KO.USUSD
2022-10-24 15:00:00;57.047;57.467;57.006;57.437;355.17;KO.USUSD
2022-10-24 16:00:00;57.447;57.487;57.116;57.137;190.23;KO.USUSD
2022-10-24 17:00:00;57.147;57.197;57.006;57.176;155.46;KO.USUSD
2022-10-24 18:00:00;57.176;57.557;57.166;57.557;129.6;KO.USUSD
2022-10-24 19:00:00;57.547;57.717;57.486;57.546;136.71;KO.USUSD
2022-10-25 13:00:00;58.867;58.986;57.856;58.477;345.3012;KO.USUSD
2022-10-25 14:00:00;58.477;58.527;57.746;58.087;382.68;KO.USUSD
2022-10-25 15:00:00;58.096;58.607;58.076;58.397;251.49;KO.USUSD
2022-10-25 16:00:00;58.387;58.427;58.107;58.307;187.17;KO.USUSD
2022-10-25 17:00:00;58.307;58.806;58.286;58.797;208.59;KO.USUSD
2022-10-25 18:00:00;58.806;58.997;58.786;58.986;161.16;KO.USUSD
2022-10-25 19:00:00;58.976;59.097;58.846;58.846;155.88;KO.USUSD
2022-10-26 13:00:00;58.857;59.397;58.846;59.097;495.45;KO.USUSD
2022-10-26 14:00:00;59.107;59.646;59.107;59.577;544.98;KO.USUSD
2022-10-26 15:00:00;59.536;59.677;59.466;59.646;200.31;KO.USUSD
2022-10-26 16:00:00;59.646;59.766;59.236;59.326;171.96;KO.USUSD
2022-10-26 17:00:00;59.326;59.467;59.256;59.386;220.59;KO.USUSD
2022-10-26 18:00:00;59.396;59.477;59.316;59.337;158.01;KO.USUSD
2022-10-26 19:00:00;59.326;59.526;59.226;59.406;195.45;KO.USUSD
2022-10-27 13:00:00;59.586;59.827;59.527;59.626;563.43;KO.USUSD
2022-10-27 14:00:00;59.607;59.827;59.496;59.626;445.1109;KO.USUSD
2022-10-27 15:00:00;59.627;59.737;59.366;59.496;358.59;KO.USUSD
2022-10-27 16:00:00;59.487;59.627;59.367;59.526;253.53;KO.USUSD
2022-10-27 17:00:00;59.536;59.717;59.486;59.496;221.79;KO.USUSD
2022-10-27 18:00:00;59.487;59.627;59.476;59.606;135.69;KO.USUSD
2022-10-27 19:00:00;59.606;59.787;59.457;59.506;174.9609;KO.USUSD
2022-10-28 13:00:00;59.196;59.946;59.087;59.837;440.52;KO.USUSD
2022-10-28 14:00:00;59.836;60.487;59.746;60.416;477.93;KO.USUSD
2022-10-28 15:00:00;60.406;60.706;60.296;60.586;148.62;KO.USUSD
2022-10-28 16:00:00;60.576;60.737;60.526;60.616;185.55;KO.USUSD
2022-10-28 17:00:00;60.627;60.737;60.576;60.607;150.96;KO.USUSD
2022-10-28 18:00:00;60.617;60.826;60.536;60.816;137.76;KO.USUSD
2022-10-28 19:00:00;60.817;60.897;60.676;60.766;158.1;KO.USUSD
2022-10-31 13:00:00;60.327;60.536;59.956;59.967;415.77;KO.USUSD
2022-10-31 14:00:00;59.966;60.227;59.887;60.066;409.11;KO.USUSD
2022-10-31 15:00:00;60.077;60.287;59.876;59.936;264.84;KO.USUSD
2022-10-31 16:00:00;59.936;60.057;59.876;59.946;306.81;KO.USUSD
2022-10-31 17:00:00;59.946;60.057;59.876;59.996;218.19;KO.USUSD
2022-10-31 18:00:00;59.996;60.047;59.846;59.867;199.44;KO.USUSD
2022-10-31 19:00:00;59.867;60.066;59.657;59.857;265.83;KO.USUSD
2022-11-01 13:00:00;60.006;60.287;59.757;59.757;488.31;KO.USUSD
2022-11-01 14:00:00;59.777;59.826;59.486;59.527;579.06;KO.USUSD
2022-11-01 15:00:00;59.516;59.707;59.387;59.656;317.82;KO.USUSD
2022-11-01 16:00:00;59.646;59.837;59.516;59.626;359.04;KO.USUSD
2022-11-01 17:00:00;59.617;59.657;59.456;59.536;264.27;KO.USUSD
2022-11-01 18:00:00;59.526;59.587;59.366;59.467;213.9;KO.USUSD
2022-11-01 19:00:00;59.477;59.667;59.396;59.616;186.12;KO.USUSD
2022-11-02 13:00:00;59.616;59.646;59.266;59.366;469.74;KO.USUSD
2022-11-02 14:00:00;59.367;59.507;59.296;59.377;307.29;KO.USUSD
2022-11-02 15:00:00;59.397;59.587;59.366;59.507;203.28;KO.USUSD
2022-11-02 16:00:00;59.496;59.577;59.416;59.556;134.31;KO.USUSD
2022-11-02 17:00:00;59.557;59.767;59.457;59.667;127.2;KO.USUSD
2022-11-02 18:00:00;59.676;60.216;59.016;59.296;1737.2712;KO.USUSD
2022-11-02 19:00:00;59.286;59.546;58.766;58.766;1016.34;KO.USUSD
2022-11-03 13:00:00;58.007;58.476;57.996;58.257;515.85;KO.USUSD
2022-11-03 14:00:00;58.257;58.827;58.236;58.536;627.15;KO.USUSD
2022-11-03 15:00:00;58.546;58.607;58.326;58.577;335.31;KO.USUSD
2022-11-03 16:00:00;58.587;58.787;58.566;58.647;265.47;KO.USUSD
2022-11-03 17:00:00;58.636;58.787;58.556;58.696;187.77;KO.USUSD
2022-11-03 18:00:00;58.696;58.957;58.616;58.936;144.18;KO.USUSD
2022-11-03 19:00:00;58.937;58.977;58.736;58.757;206.37;KO.USUSD
2022-11-04 13:00:00;59.046;59.307;58.836;59.106;553.86;KO.USUSD
2022-11-04 14:00:00;59.107;59.427;59.057;59.276;731.82;KO.USUSD
2022-11-04 15:00:00;59.286;59.577;58.696;58.786;547.26;KO.USUSD
2022-11-04 16:00:00;58.777;58.937;58.637;58.736;556.56;KO.USUSD
2022-11-04 17:00:00;58.736;58.787;58.546;58.656;488.31;KO.USUSD
2022-11-04 18:00:00;58.657;59.016;58.606;58.977;381.6;KO.USUSD
2022-11-04 19:00:00;58.976;59.277;58.906;59.237;330.96;KO.USUSD
2022-11-07 14:00:00;59.097;59.767;59.097;59.467;441.87;KO.USUSD
2022-11-07 15:00:00;59.486;59.726;59.466;59.616;525.2712;KO.USUSD
2022-11-07 16:00:00;59.606;59.657;59.276;59.326;296.49;KO.USUSD
2022-11-07 17:00:00;59.337;59.446;59.296;59.427;200.82;KO.USUSD
2022-11-07 18:00:00;59.446;59.517;59.416;59.476;187.14;KO.USUSD
2022-11-07 19:00:00;59.477;59.557;59.436;59.477;148.02;KO.USUSD
2022-11-07 20:00:00;59.487;59.647;59.386;59.476;125.73;KO.USUSD
2022-11-08 14:00:00;59.627;59.627;59.266;59.297;296.7;KO.USUSD
2022-11-08 15:00:00;59.287;59.387;59.156;59.336;204.12;KO.USUSD
2022-11-08 16:00:00;59.347;59.657;59.277;59.607;179.8512;KO.USUSD
2022-11-08 17:00:00;59.607;59.727;59.476;59.726;175.98;KO.USUSD
2022-11-08 18:00:00;59.726;59.777;59.286;59.317;350.19;KO.USUSD
2022-11-08 19:00:00;59.317;59.376;58.926;59.306;394.68;KO.USUSD
2022-11-08 20:00:00;59.307;59.757;59.306;59.576;240.27;KO.USUSD
2022-11-09 14:00:00;59.497;59.567;59.226;59.227;343.59;KO.USUSD
2022-11-09 15:00:00;59.217;59.557;59.197;59.376;474.75;KO.USUSD
2022-11-09 16:00:00;59.387;59.627;59.346;59.487;258.12;KO.USUSD
2022-11-09 17:00:00;59.486;59.577;59.446;59.546;166.71;KO.USUSD
2022-11-09 18:00:00;59.546;59.567;59.126;59.217;302.52;KO.USUSD
2022-11-09 19:00:00;59.217;59.277;58.956;58.976;224.5512;KO.USUSD
2022-11-09 20:00:00;58.967;59.086;58.746;58.796;286.86;KO.USUSD
2022-11-10 14:00:00;60.227;60.547;59.716;60.177;501.9;KO.USUSD
2022-11-10 15:00:00;60.177;60.226;59.726;60.057;535.5;KO.USUSD
2022-11-10 16:00:00;60.057;60.177;59.887;59.987;329.4;KO.USUSD
2022-11-10 17:00:00;59.977;60.067;59.666;59.746;282.93;KO.USUSD
2022-11-10 18:00:00;59.747;60.077;59.746;60.037;271.38;KO.USUSD
2022-11-10 19:00:00;60.026;60.497;60.026;60.467;169.92;KO.USUSD
2022-11-10 20:00:00;60.467;61.027;60.446;60.807;268.98;KO.USUSD
2022-11-11 14:00:00;61.297;61.297;60.546;60.786;586.86;KO.USUSD
2022-11-11 15:00:00;60.776;60.877;60.196;60.377;663.24;KO.USUSD
2022-11-11 16:00:00;60.386;60.777;60.336;60.586;456.3909;KO.USUSD
2022-11-11 17:00:00;60.587;60.687;60.466;60.577;228.51;KO.USUSD
2022-11-11 18:00:00;60.576;60.807;60.477;60.786;181.71;KO.USUSD
2022-11-11 19:00:00;60.787;60.946;60.686;60.946;169.83;KO.USUSD
2022-11-11 20:00:00;60.957;61.437;60.936;61.317;269.82;KO.USUSD
2022-11-14 14:00:00;61.107;61.417;61.106;61.276;403.77;KO.USUSD
2022-11-14 15:00:00;61.276;61.447;61.157;61.306;277.92;KO.USUSD
2022-11-14 16:00:00;61.306;61.427;61.166;61.357;241.53;KO.USUSD
2022-11-14 17:00:00;61.357;61.706;61.356;61.546;166.26;KO.USUSD
2022-11-14 18:00:00;61.536;61.686;61.406;61.666;78.87;KO.USUSD
2022-11-14 19:00:00;61.656;61.677;61.236;61.267;74.1;KO.USUSD
2022-11-14 20:00:00;61.267;61.307;60.707;60.736;131.46;KO.USUSD
2022-11-15 14:00:00;61.037;61.447;61.006;61.137;326.91;KO.USUSD
2022-11-15 15:00:00;61.127;61.147;60.726;60.847;288.9;KO.USUSD
2022-11-15 16:00:00;60.836;60.866;60.617;60.726;240.27;KO.USUSD
2022-11-15 17:00:00;60.727;60.737;60.407;60.476;154.26;KO.USUSD
2022-11-15 18:00:00;60.486;60.536;59.996;60.186;527.88;KO.USUSD
2022-11-15 19:00:00;60.176;60.477;60.046;60.396;674.67;KO.USUSD
2022-11-15 20:00:00;60.396;60.697;60.366;60.616;302.16;KO.USUSD
2022-11-16 14:00:00;60.866;61.007;60.596;60.746;384.12;KO.USUSD
2022-11-16 15:00:00;60.767;60.847;60.546;60.617;278.85;KO.USUSD
2022-11-16 16:00:00;60.617;60.667;60.456;60.497;114.96;KO.USUSD
2022-11-16 17:00:00;60.486;60.497;60.276;60.326;92.94;KO.USUSD
2022-11-16 18:00:00;60.316;60.477;60.276;60.437;92.19;KO.USUSD
2022-11-16 19:00:00;60.426;60.547;60.386;60.527;111.45;KO.USUSD
2022-11-16 20:00:00;60.536;60.667;60.416;60.497;137.0712;KO.USUSD
2022-11-17 14:00:00;59.877;60.556;59.877;60.457;349.26;KO.USUSD
2022-11-17 15:00:00;60.457;60.596;60.246;60.277;305.04;KO.USUSD
2022-11-17 16:00:00;60.266;60.487;60.146;60.447;117.15;KO.USUSD
2022-11-17 17:00:00;60.447;60.576;60.436;60.476;117.78;KO.USUSD
2022-11-17 18:00:00;60.487;60.557;60.427;60.496;100.35;KO.USUSD
2022-11-17 19:00:00;60.506;60.596;60.396;60.577;155.76;KO.USUSD
2022-11-17 20:00:00;60.577;60.726;60.377;60.687;150.24;KO.USUSD
2022-11-18 14:00:00;60.516;61.216;60.516;60.937;279.42;KO.USUSD
2022-11-18 15:00:00;60.936;61.197;60.847;61.117;292.62;KO.USUSD
2022-11-18 16:00:00;61.127;61.356;61.086;61.167;204.9;KO.USUSD
2022-11-18 17:00:00;61.187;61.187;60.957;60.997;185.79;KO.USUSD
2022-11-18 18:00:00;60.986;61.077;60.857;60.897;151.68;KO.USUSD
2022-11-18 19:00:00;60.886;61.037;60.876;61.036;102.24;KO.USUSD
2022-11-18 20:00:00;61.037;61.236;60.966;61.136;111.54;KO.USUSD
2022-11-21 14:00:00;61.116;61.526;61.116;61.416;281.01;KO.USUSD
2022-11-21 15:00:00;61.417;61.937;61.366;61.937;267.39;KO.USUSD
2022-11-21 16:00:00;61.926;62.017;61.676;61.786;193.65;KO.USUSD
2022-11-21 17:00:00;61.777;61.807;61.656;61.656;150.36;KO.USUSD
2022-11-21 18:00:00;61.666;62.027;61.656;61.966;159.6;KO.USUSD
2022-11-21 19:00:00;61.977;62.157;61.967;62.117;98.1;KO.USUSD
2022-11-21 20:00:00;62.116;62.197;62.016;62.077;120.06;KO.USUSD
2022-11-22 14:00:00;62.226;62.466;62.106;62.427;259.2912;KO.USUSD
2022-11-22 15:00:00;62.417;62.447;62.136;62.276;228.75;KO.USUSD
2022-11-22 16:00:00;62.287;62.287;62.076;62.186;127.02;KO.USUSD
2022-11-22 17:00:00;62.176;62.197;62.046;62.096;71.7;KO.USUSD
2022-11-22 18:00:00;62.097;62.167;62.046;62.086;91.74;KO.USUSD
2022-11-22 19:00:00;62.096;62.307;62.096;62.276;61.26;KO.USUSD
2022-11-22 20:00:00;62.276;62.377;62.246;62.347;68.19;KO.USUSD
2022-11-23 14:00:00;62.036;62.776;62.036;62.607;191.43;KO.USUSD
2022-11-23 15:00:00;62.597;62.747;62.556;62.626;205.17;KO.USUSD
2022-11-23 16:00:00;62.637;62.667;62.326;62.336;113.94;KO.USUSD
2022-11-23 17:00:00;62.336;62.487;62.296;62.357;99.87;KO.USUSD
2022-11-23 18:00:00;62.366;62.457;62.326;62.386;90.78;KO.USUSD
2022-11-23 19:00:00;62.397;62.577;62.326;62.456;388.05;KO.USUSD
2022-11-23 20:00:00;62.457;62.657;62.406;62.657;99.78;KO.USUSD
2022-11-25 14:00:00;62.507;62.737;62.366;62.707;181.8;KO.USUSD
2022-11-25 15:00:00;62.707;62.797;62.666;62.716;114.87;KO.USUSD
2022-11-25 16:00:00;62.717;62.777;62.656;62.707;63.99;KO.USUSD
2022-11-25 17:00:00;62.707;62.767;62.556;62.626;43.29;KO.USUSD
2022-11-28 14:00:00;62.466;63.087;62.466;62.926;273.954;KO.USUSD
2022-11-28 15:00:00;62.927;63.037;62.816;62.907;253.56;KO.USUSD
2022-11-28 16:00:00;62.906;63.027;62.846;63.006;107.01;KO.USUSD
2022-11-28 17:00:00;62.997;63.037;62.796;62.806;155.37;KO.USUSD
2022-11-28 18:00:00;62.796;62.877;62.666;62.697;83.94;KO.USUSD
2022-11-28 19:00:00;62.686;62.757;62.636;62.636;92.55;KO.USUSD
2022-11-28 20:00:00;62.636;62.776;62.596;62.677;97.89;KO.USUSD
2022-11-29 14:00:00;62.487;62.557;62.296;62.417;264.0;KO.USUSD
2022-11-29 15:00:00;62.427;62.497;62.206;62.237;263.64;KO.USUSD
2022-11-29 16:00:00;62.236;62.297;61.956;62.157;202.95;KO.USUSD
2022-11-29 17:00:00;62.157;62.237;62.116;62.196;149.7;KO.USUSD
2022-11-29 18:00:00;62.187;62.367;62.126;62.366;155.61;KO.USUSD
2022-11-29 19:00:00;62.367;62.517;62.336;62.416;156.24;KO.USUSD
2022-11-29 20:00:00;62.416;62.516;62.386;62.456;143.28;KO.USUSD
2022-11-30 14:00:00;61.996;62.106;61.796;61.886;382.0812;KO.USUSD
2022-11-30 15:00:00;61.887;62.067;61.766;61.876;249.72;KO.USUSD
2022-11-30 16:00:00;61.886;62.027;61.836;61.936;122.73;KO.USUSD
2022-11-30 17:00:00;61.946;61.957;61.746;61.857;131.7;KO.USUSD
2022-11-30 18:00:00;61.857;62.537;61.846;62.496;650.1312;KO.USUSD
2022-11-30 19:00:00;62.497;63.066;62.496;63.016;507.06;KO.USUSD
2022-11-30 20:00:00;63.017;63.666;63.006;63.596;351.5412;KO.USUSD
2022-12-01 14:00:00;63.526;64.097;63.336;63.897;277.95;KO.USUSD
2022-12-01 15:00:00;63.926;63.997;63.426;63.616;340.65;KO.USUSD
2022-12-01 16:00:00;63.626;63.817;63.426;63.777;274.71;KO.USUSD
2022-12-01 17:00:00;63.777;63.876;63.616;63.777;267.72;KO.USUSD
2022-12-01 18:00:00;63.776;63.837;63.526;63.667;228.21;KO.USUSD
2022-12-01 19:00:00;63.677;63.927;63.596;63.827;177.75;KO.USUSD
2022-12-01 20:00:00;63.837;63.897;63.686;63.796;156.42;KO.USUSD
2022-12-02 14:00:00;63.286;63.917;63.266;63.876;382.02;KO.USUSD
2022-12-02 15:00:00;63.866;64.197;63.856;64.037;371.67;KO.USUSD
2022-12-02 16:00:00;64.036;64.297;63.966;64.216;186.51;KO.USUSD
2022-12-02 17:00:00;64.207;64.227;64.086;64.136;144.27;KO.USUSD
2022-12-02 18:00:00;64.126;64.227;64.046;64.157;117.33;KO.USUSD
2022-12-02 19:00:00;64.167;64.357;64.106;64.347;101.52;KO.USUSD
2022-12-02 20:00:00;64.347;64.507;64.226;64.347;152.22;KO.USUSD
2022-12-05 14:00:00;63.076;63.637;63.076;63.517;362.01;KO.USUSD
2022-12-05 15:00:00;63.486;63.767;63.246;63.707;433.23;KO.USUSD
2022-12-05 16:00:00;63.717;63.786;63.436;63.436;186.63;KO.USUSD
2022-12-05 17:00:00;63.427;63.507;63.356;63.416;122.01;KO.USUSD
2022-12-05 18:00:00;63.406;63.577;63.406;63.427;123.66;KO.USUSD
2022-12-05 19:00:00;63.427;63.466;63.246;63.297;160.95;KO.USUSD
2022-12-05 20:00:00;63.297;63.527;63.286;63.436;187.68;KO.USUSD
2022-12-06 14:00:00;63.556;63.867;63.516;63.736;339.99;KO.USUSD
2022-12-06 15:00:00;63.727;63.746;63.516;63.596;417.99;KO.USUSD
2022-12-06 16:00:00;63.606;63.747;63.546;63.636;280.95;KO.USUSD
2022-12-06 17:00:00;63.636;63.747;63.526;63.677;267.15;KO.USUSD
2022-12-06 18:00:00;63.677;63.687;63.316;63.377;232.74;KO.USUSD
2022-12-06 19:00:00;63.377;63.397;63.216;63.327;191.7;KO.USUSD
2022-12-06 20:00:00;63.326;63.517;63.256;63.426;134.19;KO.USUSD
2022-12-07 14:00:00;63.296;63.547;63.246;63.416;427.89;KO.USUSD
2022-12-07 15:00:00;63.426;63.517;63.306;63.486;615.75;KO.USUSD
2022-12-07 16:00:00;63.497;63.497;63.286;63.467;334.53;KO.USUSD
2022-12-07 17:00:00;63.476;63.707;63.396;63.637;220.86;KO.USUSD
2022-12-07 18:00:00;63.626;63.667;63.396;63.437;219.6;KO.USUSD
2022-12-07 19:00:00;63.437;63.527;63.336;63.417;138.6;KO.USUSD
2022-12-07 20:00:00;63.416;63.597;63.326;63.517;174.15;KO.USUSD
2022-12-08 14:00:00;63.176;63.797;63.176;63.666;291.84;KO.USUSD
2022-12-08 15:00:00;63.677;63.687;63.376;63.567;297.75;KO.USUSD
2022-12-08 16:00:00;63.576;63.607;63.456;63.487;162.03;KO.USUSD
2022-12-08 17:00:00;63.486;63.547;63.336;63.396;110.85;KO.USUSD
2022-12-08 18:00:00;63.397;63.757;63.396;63.677;149.31;KO.USUSD
2022-12-08 19:00:00;63.666;63.677;63.446;63.556;204.78;KO.USUSD
2022-12-08 20:00:00;63.547;63.837;63.486;63.777;142.2;KO.USUSD
2022-12-09 14:00:00;63.527;63.837;63.526;63.606;392.85;KO.USUSD
2022-12-09 15:00:00;63.616;63.687;63.416;63.507;500.22;KO.USUSD
2022-12-09 16:00:00;63.497;63.567;63.426;63.506;187.23;KO.USUSD
2022-12-09 17:00:00;63.517;63.597;63.416;63.457;91.8;KO.USUSD
2022-12-09 18:00:00;63.447;63.477;63.386;63.437;56.94;KO.USUSD
2022-12-09 19:00:00;63.447;63.467;63.346;63.456;68.01;KO.USUSD
2022-12-09 20:00:00;63.457;63.527;63.077;63.077;118.83;KO.USUSD
2022-12-12 14:00:00;63.187;63.396;63.006;63.066;305.22;KO.USUSD
2022-12-12 15:00:00;63.086;63.227;62.996;63.197;214.59;KO.USUSD
2022-12-12 16:00:00;63.186;63.307;63.116;63.226;104.1;KO.USUSD
2022-12-12 17:00:00;63.247;63.407;63.216;63.357;71.46;KO.USUSD
2022-12-12 18:00:00;63.366;63.507;63.336;63.496;68.16;KO.USUSD
2022-12-12 19:00:00;63.506;63.626;63.416;63.597;70.92;KO.USUSD
2022-12-12 20:00:00;63.597;63.997;63.596;63.936;91.5912;KO.USUSD
2022-12-13 14:00:00;64.307;64.636;64.156;64.436;434.82;KO.USUSD
2022-12-13 15:00:00;64.437;64.537;64.136;64.286;789.18;KO.USUSD
2022-12-13 16:00:00;64.296;64.537;63.876;63.957;447.96;KO.USUSD
2022-12-13 17:00:00;63.956;64.107;63.796;63.917;544.77;KO.USUSD
2022-12-13 18:00:00;63.916;64.207;63.896;64.117;336.03;KO.USUSD
2022-12-13 19:00:00;64.117;64.316;64.006;64.167;264.33;KO.USUSD
2022-12-13 20:00:00;64.157;64.257;63.936;64.036;305.43;KO.USUSD
2022-12-14 14:00:00;63.887;64.497;63.887;64.486;290.3412;KO.USUSD
2022-12-14 15:00:00;64.487;64.507;64.316;64.496;231.87;KO.USUSD
2022-12-14 16:00:00;64.506;64.537;64.276;64.276;132.66;KO.USUSD
2022-12-14 17:00:00;64.267;64.387;64.256;64.336;105.57;KO.USUSD
2022-12-14 18:00:00;64.336;64.637;64.336;64.527;108.48;KO.USUSD
2022-12-14 19:00:00;64.526;64.526;63.576;63.916;1625.55;KO.USUSD
2022-12-14 20:00:00;63.917;64.407;63.796;63.957;944.91;KO.USUSD
2022-12-15 14:00:00;63.606;63.867;63.166;63.227;376.68;KO.USUSD
2022-12-15 15:00:00;63.216;63.247;62.846;62.907;377.58;KO.USUSD
2022-12-15 16:00:00;62.916;63.017;62.506;62.726;242.67;KO.USUSD
2022-12-15 17:00:00;62.737;62.807;62.617;62.637;216.42;KO.USUSD
2022-12-15 18:00:00;62.637;62.766;62.476;62.756;169.23;KO.USUSD
2022-12-15 19:00:00;62.766;63.037;62.656;63.036;160.05;KO.USUSD
2022-12-15 20:00:00;63.036;63.206;62.966;63.146;241.71;KO.USUSD
2022-12-16 14:00:00;62.547;63.027;62.547;62.957;361.53;KO.USUSD
2022-12-16 15:00:00;62.957;62.987;62.627;62.856;291.27;KO.USUSD
2022-12-16 16:00:00;62.857;62.987;62.506;62.536;245.97;KO.USUSD
2022-12-16 17:00:00;62.537;62.597;62.366;62.376;156.6;KO.USUSD
2022-12-16 18:00:00;62.376;62.526;62.316;62.357;106.35;KO.USUSD
2022-12-16 19:00:00;62.367;62.727;62.336;62.716;98.46;KO.USUSD
2022-12-16 20:00:00;62.716;63.117;62.676;62.717;274.68;KO.USUSD
2022-12-19 14:00:00;62.757;63.387;62.676;63.077;283.26;KO.USUSD
2022-12-19 15:00:00;63.066;63.236;62.976;63.167;182.43;KO.USUSD
2022-12-19 16:00:00;63.177;63.237;62.846;63.006;131.55;KO.USUSD
2022-12-19 17:00:00;63.016;63.087;62.836;62.986;89.31;KO.USUSD
2022-12-19 18:00:00;62.996;63.007;62.697;62.706;110.37;KO.USUSD
2022-12-19 19:00:00;62.696;62.716;62.466;62.546;168.15;KO.USUSD
2022-12-19 20:00:00;62.546;62.907;62.516;62.827;147.99;KO.USUSD
2022-12-20 14:00:00;62.597;63.127;62.597;62.917;361.47;KO.USUSD
2022-12-20 15:00:00;62.916;63.147;62.796;63.086;307.2861;KO.USUSD
2022-12-20 16:00:00;63.086;63.107;62.806;62.977;197.4345;KO.USUSD
2022-12-20 17:00:00;62.986;63.037;62.836;62.957;142.7799;KO.USUSD
2022-12-20 18:00:00;62.946;63.127;62.906;63.056;115.0701;KO.USUSD
2022-12-20 19:00:00;63.046;63.137;62.936;62.957;156.0945;KO.USUSD
2022-12-20 20:00:00;62.957;63.057;62.747;62.786;183.1266;KO.USUSD
2022-12-21 14:00:00;63.066;63.597;63.066;63.487;210.6258;KO.USUSD
2022-12-21 15:00:00;63.497;63.937;63.476;63.787;169.0743;KO.USUSD
2022-12-21 16:00:00;63.787;64.037;63.766;63.816;98.4123;KO.USUSD
2022-12-21 17:00:00;63.827;63.897;63.646;63.746;89.9058;KO.USUSD
2022-12-21 18:00:00;63.737;63.786;63.566;63.717;76.7151;KO.USUSD
2022-12-21 19:00:00;63.727;63.807;63.647;63.726;81.8394;KO.USUSD
2022-12-21 20:00:00;63.727;63.816;63.636;63.786;116.484;KO.USUSD
2022-12-22 14:00:00;63.246;63.557;63.206;63.427;264.51;KO.USUSD
2022-12-22 15:00:00;63.416;63.416;63.166;63.316;330.1152;KO.USUSD
2022-12-22 16:00:00;63.297;63.357;63.196;63.346;118.6257;KO.USUSD
2022-12-22 17:00:00;63.347;63.366;62.916;62.956;167.8254;KO.USUSD
2022-12-22 18:00:00;62.946;62.946;62.626;62.717;183.5544;KO.USUSD
2022-12-22 19:00:00;62.716;63.187;62.686;63.177;198.2064;KO.USUSD
2022-12-22 20:00:00;63.176;63.377;63.136;63.336;280.926;KO.USUSD
2022-12-23 14:00:00;63.436;63.497;63.196;63.336;388.5942;KO.USUSD
2022-12-23 15:00:00;63.337;63.677;63.236;63.507;663.2772;KO.USUSD
2022-12-23 16:00:00;63.516;63.627;63.426;63.606;207.5835;KO.USUSD
2022-12-23 17:00:00;63.606;63.777;63.576;63.706;159.0639;KO.USUSD
2022-12-23 18:00:00;63.717;63.787;63.596;63.626;142.7838;KO.USUSD
2022-12-23 19:00:00;63.617;63.746;63.536;63.737;104.8293;KO.USUSD
2022-12-23 20:00:00;63.737;63.857;63.636;63.807;149.3304;KO.USUSD
2022-12-27 14:00:00;63.926;64.037;63.777;63.847;260.5266;KO.USUSD
2022-12-27 15:00:00;63.846;64.176;63.697;63.886;184.9728;KO.USUSD
2022-12-27 16:00:00;63.877;64.246;63.866;64.156;122.8182;KO.USUSD
2022-12-27 17:00:00;64.167;64.227;64.037;64.136;89.34;KO.USUSD
2022-12-27 18:00:00;64.137;64.237;64.036;64.057;72.8463;KO.USUSD
2022-12-27 19:00:00;64.047;64.147;64.006;64.136;48.9177;KO.USUSD
2022-12-27 20:00:00;64.136;64.277;64.096;64.197;52.575;KO.USUSD
2022-12-28 14:00:00;64.246;64.617;64.196;64.216;270.2301;KO.USUSD
2022-12-28 15:00:00;64.217;64.267;63.996;64.027;314.7717;KO.USUSD
2022-12-28 16:00:00;64.016;64.047;63.826;63.866;178.9542;KO.USUSD
2022-12-28 17:00:00;63.866;63.877;63.696;63.846;182.862;KO.USUSD
2022-12-28 18:00:00;63.847;63.987;63.826;63.866;161.0601;KO.USUSD
2022-12-28 19:00:00;63.857;63.937;63.747;63.837;119.6106;KO.USUSD
2022-12-28 20:00:00;63.836;63.857;63.476;63.557;139.4037;KO.USUSD
2022-12-29 14:00:00;63.767;63.887;63.666;63.787;220.5177;KO.USUSD
2022-12-29 15:00:00;63.796;63.977;63.776;63.936;221.0112;KO.USUSD
2022-12-29 16:00:00;63.946;64.057;63.766;63.976;126.7737;KO.USUSD
2022-12-29 17:00:00;63.986;64.137;63.957;64.107;75.2949;KO.USUSD
2022-12-29 18:00:00;64.096;64.117;63.977;64.096;66.5457;KO.USUSD
2022-12-29 19:00:00;64.106;64.117;63.947;64.026;56.8104;KO.USUSD
2022-12-29 20:00:00;64.027;64.057;63.906;63.926;87.0801;KO.USUSD
2022-12-30 14:00:00;63.707;63.887;63.476;63.586;287.0028;KO.USUSD
2022-12-30 15:00:00;63.577;63.677;63.436;63.477;211.584;KO.USUSD
2022-12-30 16:00:00;63.467;63.506;63.276;63.467;112.5363;KO.USUSD
2022-12-30 17:00:00;63.477;63.527;63.436;63.496;72.033;KO.USUSD
2022-12-30 18:00:00;63.496;63.546;63.256;63.356;144.9186;KO.USUSD
2022-12-30 19:00:00;63.357;63.387;63.166;63.197;82.9902;KO.USUSD
2022-12-30 20:00:00;63.196;63.697;63.186;63.596;176.3871;KO.USUSD
2023-01-03 14:00:00;63.497;63.527;62.806;62.847;304.2954;KO.USUSD
2023-01-03 15:00:00;62.857;63.006;62.646;62.677;303.1653;KO.USUSD
2023-01-03 16:00:00;62.667;62.737;62.256;62.357;195.7881;KO.USUSD
2023-01-03 17:00:00;62.356;62.497;62.166;62.217;118.9317;KO.USUSD
2023-01-03 18:00:00;62.206;62.647;62.206;62.617;117.6699;KO.USUSD
2023-01-03 19:00:00;62.626;62.747;62.376;62.686;154.8474;KO.USUSD
2023-01-03 20:00:00;62.686;62.987;62.667;62.926;160.2801;KO.USUSD
2023-01-04 14:00:00;63.187;63.197;62.716;62.877;258.312;KO.USUSD
2023-01-04 15:00:00;62.876;62.977;62.496;62.787;398.8086;KO.USUSD
2023-01-04 16:00:00;62.776;63.047;62.616;62.997;145.1913;KO.USUSD
2023-01-04 17:00:00;63.007;63.317;62.976;63.147;90.3636;KO.USUSD
2023-01-04 18:00:00;63.137;63.177;62.877;62.886;81.993;KO.USUSD
2023-01-04 19:00:00;62.957;63.107;62.516;62.617;457.6698;KO.USUSD
2023-01-04 20:00:00;62.616;62.917;62.556;62.906;200.1687;KO.USUSD
2023-01-05 14:00:00;62.587;62.787;62.496;62.646;288.8046;KO.USUSD
2023-01-05 15:00:00;62.636;62.757;62.256;62.297;256.4064;KO.USUSD
2023-01-05 16:00:00;62.307;62.357;62.076;62.107;111.4362;KO.USUSD
2023-01-05 17:00:00;62.116;62.327;62.107;62.226;89.8917;KO.USUSD
2023-01-05 18:00:00;62.237;62.416;62.116;62.296;154.6533;KO.USUSD
2023-01-05 19:00:00;62.307;62.386;62.206;62.277;80.9148;KO.USUSD
2023-01-05 20:00:00;62.277;62.306;62.097;62.156;79.4769;KO.USUSD
2023-01-06 14:00:00;62.707;63.207;62.496;62.926;315.1758;KO.USUSD
2023-01-06 15:00:00;62.947;63.307;62.907;63.216;275.724;KO.USUSD
2023-01-06 16:00:00;63.226;63.417;63.146;63.347;95.5488;KO.USUSD
2023-01-06 17:00:00;63.356;63.367;63.117;63.206;51.2475;KO.USUSD
2023-01-06 18:00:00;63.206;63.317;63.136;63.287;33.2097;KO.USUSD
2023-01-06 19:00:00;63.297;63.587;63.296;63.576;46.4778;KO.USUSD
2023-01-06 20:00:00;63.576;63.667;63.366;63.386;75.4176;KO.USUSD
2023-01-09 14:00:00;63.107;63.486;63.017;63.357;197.6706;KO.USUSD
2023-01-09 15:00:00;63.367;63.707;63.296;63.626;163.1277;KO.USUSD
2023-01-09 16:00:00;63.636;63.707;63.497;63.627;84.0603;KO.USUSD
2023-01-09 17:00:00;63.616;63.617;63.286;63.317;89.0784;KO.USUSD
2023-01-09 18:00:00;63.307;63.347;63.116;63.147;102.0174;KO.USUSD
2023-01-09 19:00:00;63.137;63.196;62.766;62.796;129.8382;KO.USUSD
2023-01-09 20:00:00;62.777;62.807;62.566;62.577;126.0993;KO.USUSD
2023-01-10 14:00:00;62.427;62.627;62.356;62.606;321.0279;KO.USUSD
2023-01-10 15:00:00;62.616;62.717;62.206;62.317;300.573;KO.USUSD
2023-01-10 16:00:00;62.316;62.556;61.956;62.006;150.051;KO.USUSD
2023-01-10 17:00:00;61.997;62.227;61.916;62.217;127.8411;KO.USUSD
2023-01-10 18:00:00;62.216;62.316;62.087;62.136;71.0712;KO.USUSD
2023-01-10 19:00:00;62.146;62.197;62.046;62.147;70.3251;KO.USUSD
2023-01-10 20:00:00;62.146;62.166;62.026;62.117;56.6433;KO.USUSD
2023-01-11 14:00:00;62.287;62.546;61.936;61.946;156.7971;KO.USUSD
2023-01-11 15:00:00;61.927;61.927;61.556;61.716;171.8547;KO.USUSD
2023-01-11 16:00:00;61.716;61.766;61.406;61.517;71.1132;KO.USUSD
2023-01-11 17:00:00;61.516;61.707;61.516;61.567;54.3387;KO.USUSD
2023-01-11 18:00:00;61.566;61.776;61.477;61.707;93.4203;KO.USUSD
2023-01-11 19:00:00;61.717;61.967;61.696;61.956;44.1006;KO.USUSD
2023-01-11 20:00:00;61.956;62.037;61.906;61.986;45.2589;KO.USUSD
2023-01-12 14:00:00;62.006;62.136;61.646;61.867;346.5411;KO.USUSD
2023-01-12 15:00:00;61.857;62.057;61.776;61.847;404.1627;KO.USUSD
2023-01-12 16:00:00;61.856;61.877;61.556;61.726;225.5802;KO.USUSD
2023-01-12 17:00:00;61.716;61.797;61.616;61.627;84.8523;KO.USUSD
2023-01-12 18:00:00;61.616;61.737;61.346;61.507;114.183;KO.USUSD
2023-01-12 19:00:00;61.517;61.537;61.296;61.367;67.326;KO.USUSD
2023-01-12 20:00:00;61.366;61.387;60.966;61.177;86.5068;KO.USUSD
2023-01-13 14:00:00;60.706;60.797;60.557;60.666;179.6295;KO.USUSD
2023-01-13 15:00:00;60.677;61.017;60.656;60.746;189.5487;KO.USUSD
2023-01-13 16:00:00;60.736;60.927;60.696;60.826;81.8139;KO.USUSD
2023-01-13 17:00:00;60.816;61.056;60.796;61.056;38.7651;KO.USUSD
2023-01-13 18:00:00;61.056;61.107;60.976;61.027;32.9979;KO.USUSD
2023-01-13 19:00:00;61.037;61.097;60.976;61.097;24.2808;KO.USUSD
2023-01-13 20:00:00;61.096;61.446;61.086;61.426;36.2052;KO.USUSD
2023-01-17 14:00:00;61.527;62.367;61.526;62.136;240.0054;KO.USUSD
2023-01-17 15:00:00;62.146;62.217;61.876;62.016;196.0557;KO.USUSD
2023-01-17 16:00:00;61.997;62.077;61.906;61.996;88.242;KO.USUSD
2023-01-17 17:00:00;61.997;62.107;61.926;61.987;52.4433;KO.USUSD
2023-01-17 18:00:00;61.997;62.027;61.776;61.776;31.4742;KO.USUSD
2023-01-17 19:00:00;61.776;61.807;61.586;61.757;56.595;KO.USUSD
2023-01-17 20:00:00;61.746;61.787;61.556;61.646;58.9023;KO.USUSD
2023-01-18 14:00:00;61.517;61.546;61.096;61.216;284.5614;KO.USUSD
2023-01-18 15:00:00;61.217;61.247;60.596;60.647;246.3396;KO.USUSD
2023-01-18 16:00:00;60.646;60.647;60.296;60.316;114.4329;KO.USUSD
2023-01-18 17:00:00;60.306;60.316;59.937;59.987;80.7294;KO.USUSD
2023-01-18 18:00:00;59.997;60.077;59.746;59.896;86.7792;KO.USUSD
2023-01-18 19:00:00;59.907;60.116;59.896;60.096;86.2212;KO.USUSD
2023-01-18 20:00:00;60.086;60.097;59.676;59.787;102.0657;KO.USUSD
2023-01-19 14:00:00;59.646;60.427;59.546;60.317;214.1853;KO.USUSD
2023-01-19 15:00:00;60.306;60.627;60.096;60.537;201.9837;KO.USUSD
2023-01-19 16:00:00;60.537;60.627;60.156;60.206;121.0053;KO.USUSD
2023-01-19 17:00:00;60.206;60.267;60.056;60.137;113.6967;KO.USUSD
2023-01-19 18:00:00;60.136;60.247;60.106;60.187;134.3865;KO.USUSD
2023-01-19 19:00:00;60.197;60.207;60.066;60.096;100.8675;KO.USUSD
2023-01-19 20:00:00;60.106;60.136;59.706;59.716;65.1888;KO.USUSD
2023-01-20 14:00:00;59.696;59.857;59.396;59.437;234.4548;KO.USUSD
2023-01-20 15:00:00;59.436;59.767;59.397;59.697;144.6519;KO.USUSD
2023-01-20 16:00:00;59.687;59.907;59.666;59.806;100.7373;KO.USUSD
2023-01-20 17:00:00;59.817;59.827;59.626;59.636;49.5003;KO.USUSD
2023-01-20 18:00:00;59.636;59.917;59.546;59.827;66.1485;KO.USUSD
2023-01-20 19:00:00;59.837;59.917;59.757;59.857;32.808;KO.USUSD
2023-01-20 20:00:00;59.867;60.077;59.867;60.036;53.6706;KO.USUSD
2023-01-23 14:00:00;60.117;60.356;60.036;60.127;232.3938;KO.USUSD
2023-01-23 15:00:00;60.116;60.387;60.106;60.226;198.4032;KO.USUSD
2023-01-23 16:00:00;60.236;60.447;60.146;60.216;89.3994;KO.USUSD
2023-01-23 17:00:00;60.217;60.347;60.096;60.336;51.3933;KO.USUSD
2023-01-23 18:00:00;60.346;60.557;60.336;60.507;44.7588;KO.USUSD
2023-01-23 19:00:00;60.507;60.517;60.056;60.157;97.0494;KO.USUSD
2023-01-23 20:00:00;60.166;60.307;60.136;60.216;93.9078;KO.USUSD
2023-01-24 14:00:00;60.036;60.167;59.896;59.917;242.5779;KO.USUSD
2023-01-24 15:00:00;59.927;60.357;59.917;60.326;244.9419;KO.USUSD
2023-01-24 16:00:00;60.336;60.437;60.246;60.406;102.6858;KO.USUSD
2023-01-24 17:00:00;60.407;60.487;60.316;60.427;63.4251;KO.USUSD
2023-01-24 18:00:00;60.427;60.616;60.396;60.566;61.1388;KO.USUSD
2023-01-24 19:00:00;60.567;60.757;60.486;60.727;68.5515;KO.USUSD
2023-01-24 20:00:00;60.716;60.716;60.516;60.536;68.1642;KO.USUSD
2023-01-25 14:00:00;60.047;60.337;60.047;60.257;210.1914;KO.USUSD
2023-01-25 15:00:00;60.246;60.337;59.876;59.997;235.3332;KO.USUSD
2023-01-25 16:00:00;59.997;60.227;59.936;60.196;108.8604;KO.USUSD
2023-01-25 17:00:00;60.196;60.266;60.116;60.226;62.6925;KO.USUSD
2023-01-25 18:00:00;60.216;60.537;60.216;60.506;56.6106;KO.USUSD
2023-01-25 19:00:00;60.516;60.817;60.496;60.806;69.5952;KO.USUSD
2023-01-25 20:00:00;60.796;60.927;60.747;60.897;99.8016;KO.USUSD
2023-01-26 14:00:00;60.907;60.907;60.566;60.677;257.2911;KO.USUSD
2023-01-26 15:00:00;60.686;60.826;60.616;60.756;235.4094;KO.USUSD
2023-01-26 16:00:00;60.757;60.906;60.706;60.816;111.7722;KO.USUSD
2023-01-26 17:00:00;60.827;60.977;60.816;60.967;77.1249;KO.USUSD
2023-01-26 18:00:00;60.976;61.087;60.946;60.987;70.1577;KO.USUSD
2023-01-26 19:00:00;60.976;61.047;60.876;60.966;55.2906;KO.USUSD
2023-01-26 20:00:00;60.966;61.077;60.746;60.806;82.1757;KO.USUSD
2023-01-27 14:00:00;60.856;60.877;60.466;60.576;279.3114;KO.USUSD
2023-01-27 15:00:00;60.547;60.656;60.366;60.467;253.0587;KO.USUSD
2023-01-27 16:00:00;60.466;60.576;60.407;60.476;109.6704;KO.USUSD
2023-01-27 17:00:00;60.466;60.577;60.436;60.517;69.7047;KO.USUSD
2023-01-27 18:00:00;60.526;60.546;60.407;60.486;46.2942;KO.USUSD
2023-01-27 19:00:00;60.476;60.677;60.466;60.566;63.0786;KO.USUSD
2023-01-27 20:00:00;60.577;60.577;60.377;60.437;57.6297;KO.USUSD
2023-01-30 14:00:00;60.497;60.956;60.396;60.946;246.9984;KO.USUSD
2023-01-30 15:00:00;60.957;61.157;60.866;61.076;197.7882;KO.USUSD
2023-01-30 16:00:00;61.066;61.137;60.907;60.986;116.5032;KO.USUSD
2023-01-30 17:00:00;60.976;60.997;60.756;60.766;117.582;KO.USUSD
2023-01-30 18:00:00;60.756;60.897;60.626;60.717;103.0284;KO.USUSD
2023-01-30 19:00:00;60.716;60.737;60.576;60.666;78.4413;KO.USUSD
2023-01-30 20:00:00;60.676;60.687;60.547;60.637;76.8867;KO.USUSD
2023-01-31 14:00:00;60.986;61.137;60.736;60.787;212.4822;KO.USUSD
2023-01-31 15:00:00;60.767;60.857;60.506;60.527;165.1608;KO.USUSD
2023-01-31 16:00:00;60.517;60.747;60.506;60.706;81.9642;KO.USUSD
2023-01-31 17:00:00;60.716;60.847;60.636;60.826;54.957;KO.USUSD
2023-01-31 18:00:00;60.836;60.906;60.796;60.896;47.8797;KO.USUSD
2023-01-31 19:00:00;60.906;61.017;60.887;60.986;41.9925;KO.USUSD
2023-01-31 20:00:00;60.986;61.327;60.857;61.327;75.1098;KO.USUSD
2023-02-01 14:00:00;60.907;61.297;60.906;60.976;237.8439;KO.USUSD
2023-02-01 15:00:00;60.986;61.016;60.696;60.857;217.887;KO.USUSD
2023-02-01 16:00:00;60.857;61.077;60.846;61.026;95.5095;KO.USUSD
2023-02-01 17:00:00;61.027;61.067;60.766;60.796;70.6824;KO.USUSD
2023-02-01 18:00:00;60.796;60.937;60.766;60.806;92.3823;KO.USUSD
2023-02-01 19:00:00;60.806;61.367;60.596;61.196;916.4619;KO.USUSD
2023-02-01 20:00:00;61.206;61.567;61.176;61.277;455.4723;KO.USUSD
2023-02-02 14:00:00;60.547;60.846;60.447;60.676;297.8412;KO.USUSD
2023-02-02 15:00:00;60.677;60.817;60.306;60.697;307.71;KO.USUSD
2023-02-02 16:00:00;60.687;60.687;60.326;60.346;149.3193;KO.USUSD
2023-02-02 17:00:00;60.347;60.387;60.056;60.087;96.093;KO.USUSD
2023-02-02 18:00:00;60.096;60.217;59.906;60.196;81.345;KO.USUSD
2023-02-02 19:00:00;60.186;60.236;59.936;60.157;139.1064;KO.USUSD
2023-02-02 20:00:00;60.146;60.527;60.146;60.247;193.8837;KO.USUSD
2023-02-03 14:00:00;60.317;60.396;59.406;59.407;233.43;KO.USUSD
2023-02-03 15:00:00;59.406;59.607;59.237;59.397;359.6991;KO.USUSD
2023-02-03 16:00:00;59.406;59.627;59.346;59.347;172.5207;KO.USUSD
2023-02-03 17:00:00;59.346;59.697;59.316;59.556;162.3138;KO.USUSD
2023-02-03 18:00:00;59.556;59.627;59.416;59.606;210.4116;KO.USUSD
2023-02-03 19:00:00;59.616;59.657;59.357;59.396;139.7457;KO.USUSD
2023-02-03 20:00:00;59.386;59.816;59.346;59.776;134.3994;KO.USUSD
2023-02-06 14:00:00;59.706;60.177;59.706;60.086;203.6751;KO.USUSD
2023-02-06 15:00:00;60.097;60.287;59.966;60.236;189.747;KO.USUSD
2023-02-06 16:00:00;60.236;60.327;59.966;59.976;104.3247;KO.USUSD
2023-02-06 17:00:00;59.976;60.086;59.896;60.056;75.9567;KO.USUSD
2023-02-06 18:00:00;60.067;60.287;60.067;60.146;68.0574;KO.USUSD
2023-02-06 19:00:00;60.136;60.257;60.086;60.167;61.4232;KO.USUSD
2023-02-06 20:00:00;60.167;60.197;60.037;60.166;82.7649;KO.USUSD
2023-02-07 14:00:00;59.496;60.036;59.496;59.946;179.2791;KO.USUSD
2023-02-07 15:00:00;59.947;60.157;59.906;60.067;169.8612;KO.USUSD
2023-02-07 16:00:00;60.077;60.167;59.956;59.956;96.2337;KO.USUSD
2023-02-07 17:00:00;59.957;60.237;59.806;60.106;298.392;KO.USUSD
2023-02-07 18:00:00;60.106;60.187;59.526;59.626;413.5881;KO.USUSD
2023-02-07 19:00:00;59.627;59.957;59.627;59.957;209.8548;KO.USUSD
2023-02-07 20:00:00;59.957;60.167;59.866;60.046;117.6366;KO.USUSD
2023-02-08 14:00:00;59.867;59.906;59.637;59.857;229.2384;KO.USUSD
2023-02-08 15:00:00;59.857;59.886;59.646;59.756;187.7415;KO.USUSD
2023-02-08 16:00:00;59.756;59.907;59.626;59.677;99.4719;KO.USUSD
2023-02-08 17:00:00;59.666;59.737;59.596;59.687;117.93;KO.USUSD
2023-02-08 18:00:00;59.676;59.837;59.646;59.736;128.7333;KO.USUSD
2023-02-08 19:00:00;59.726;59.796;59.587;59.787;73.4058;KO.USUSD
2023-02-08 20:00:00;59.797;59.797;59.656;59.706;86.055;KO.USUSD
2023-02-09 14:00:00;60.057;60.307;59.966;60.196;262.2078;KO.USUSD
2023-02-09 15:00:00;60.207;60.237;59.846;59.967;290.2944;KO.USUSD
2023-02-09 16:00:00;59.977;59.986;59.796;59.856;186.7989;KO.USUSD
2023-02-09 17:00:00;59.856;59.886;59.626;59.746;170.4081;KO.USUSD
2023-02-09 18:00:00;59.737;59.837;59.647;59.746;135.6654;KO.USUSD
2023-02-09 19:00:00;59.746;59.807;59.646;59.786;86.6622;KO.USUSD
2023-02-09 20:00:00;59.786;59.817;59.596;59.606;90.198;KO.USUSD
2023-02-10 14:00:00;59.637;59.867;58.886;59.506;271.4859;KO.USUSD
2023-02-10 15:00:00;59.516;59.667;59.406;59.477;250.227;KO.USUSD
2023-02-10 16:00:00;59.466;59.607;59.446;59.487;73.6257;KO.USUSD
2023-02-10 17:00:00;59.497;59.727;59.426;59.726;140.1327;KO.USUSD
2023-02-10 18:00:00;59.726;59.736;59.576;59.616;75.1473;KO.USUSD
2023-02-10 19:00:00;59.616;59.667;59.506;59.647;67.2804;KO.USUSD
2023-02-10 20:00:00;59.656;59.727;59.536;59.607;63.5922;KO.USUSD
2023-02-13 14:00:00;59.767;60.127;59.726;59.906;230.4375;KO.USUSD
2023-02-13 15:00:00;59.917;60.257;59.866;60.166;179.3052;KO.USUSD
2023-02-13 16:00:00;60.156;60.407;60.096;60.377;76.4931;KO.USUSD
2023-02-13 17:00:00;60.367;60.477;60.346;60.416;77.0613;KO.USUSD
2023-02-13 18:00:00;60.407;60.467;60.357;60.376;45.396;KO.USUSD
2023-02-13 19:00:00;60.387;60.457;60.316;60.416;66.4677;KO.USUSD
2023-02-13 20:00:00;60.407;60.747;60.337;60.597;111.7095;KO.USUSD
2023-02-14 14:00:00;60.166;60.826;59.946;60.526;231.6048;KO.USUSD
2023-02-14 15:00:00;60.536;60.557;59.796;59.847;276.0252;KO.USUSD
2023-02-14 16:00:00;59.846;60.127;59.606;59.747;218.7876;KO.USUSD
2023-02-14 17:00:00;59.747;59.917;59.676;59.847;109.926;KO.USUSD
2023-02-14 18:00:00;59.827;59.996;59.706;59.747;110.2689;KO.USUSD
2023-02-14 19:00:00;59.757;59.847;59.596;59.797;148.5675;KO.USUSD
2023-02-14 20:00:00;59.806;59.847;59.546;59.567;118.2525;KO.USUSD
2023-02-15 14:00:00;59.607;59.907;59.366;59.457;288.054;KO.USUSD
2023-02-15 15:00:00;59.466;59.557;59.297;59.316;235.1817;KO.USUSD
2023-02-15 16:00:00;59.316;59.466;59.216;59.447;104.9772;KO.USUSD
2023-02-15 17:00:00;59.456;59.456;59.216;59.376;94.9782;KO.USUSD
2023-02-15 18:00:00;59.367;59.487;59.346;59.446;50.2659;KO.USUSD
2023-02-15 19:00:00;59.456;59.497;59.367;59.397;48.5196;KO.USUSD
2023-02-15 20:00:00;59.407;59.607;59.397;59.586;40.8816;KO.USUSD
2023-02-16 14:00:00;58.996;59.346;58.946;59.017;245.2989;KO.USUSD
2023-02-16 15:00:00;59.017;59.247;58.976;59.217;242.1837;KO.USUSD
2023-02-16 16:00:00;59.217;59.527;59.196;59.466;144.6063;KO.USUSD
2023-02-16 17:00:00;59.476;59.687;59.466;59.646;94.6164;KO.USUSD
2023-02-16 18:00:00;59.656;59.717;59.586;59.667;81.9465;KO.USUSD
2023-02-16 19:00:00;59.677;59.807;59.637;59.787;41.9424;KO.USUSD
2023-02-16 20:00:00;59.776;59.777;59.196;59.197;138.3627;KO.USUSD
2023-02-17 14:00:00;59.166;59.897;59.166;59.746;287.0043;KO.USUSD
2023-02-17 15:00:00;59.737;60.047;59.737;59.847;260.1408;KO.USUSD
2023-02-17 16:00:00;59.837;59.927;59.756;59.926;89.2146;KO.USUSD
2023-02-17 17:00:00;59.927;60.187;59.916;60.017;153.6639;KO.USUSD
2023-02-17 18:00:00;60.016;60.057;59.876;60.037;88.6401;KO.USUSD
2023-02-17 19:00:00;60.047;60.217;59.986;60.197;110.6307;KO.USUSD
2023-02-17 20:00:00;60.187;60.217;59.986;60.106;112.3041;KO.USUSD
2023-02-21 14:00:00;59.846;60.207;59.706;59.867;209.2377;KO.USUSD
2023-02-21 15:00:00;59.857;60.026;59.786;59.897;187.8054;KO.USUSD
2023-02-21 16:00:00;59.887;60.107;59.876;60.076;101.4636;KO.USUSD
2023-02-21 17:00:00;60.086;60.167;59.947;60.056;81.2865;KO.USUSD
2023-02-21 18:00:00;60.046;60.117;59.927;59.987;70.1184;KO.USUSD
2023-02-21 19:00:00;59.977;59.987;59.816;59.957;53.7714;KO.USUSD
2023-02-21 20:00:00;59.966;60.026;59.746;59.786;58.839;KO.USUSD
2023-02-22 14:00:00;59.807;60.327;59.796;60.266;216.0162;KO.USUSD
2023-02-22 15:00:00;60.277;60.347;60.036;60.126;204.4296;KO.USUSD
2023-02-22 16:00:00;60.137;60.237;60.046;60.167;105.6546;KO.USUSD
2023-02-22 17:00:00;60.156;60.196;60.046;60.106;64.3068;KO.USUSD
2023-02-22 18:00:00;60.097;60.116;60.016;60.046;45.8406;KO.USUSD
2023-02-22 19:00:00;60.057;60.117;59.836;59.897;268.2279;KO.USUSD
2023-02-22 20:00:00;59.887;59.996;59.746;59.987;104.715;KO.USUSD
2023-02-23 14:00:00;59.997;60.257;59.846;60.157;219.0348;KO.USUSD
2023-02-23 15:00:00;60.146;60.407;60.146;60.236;191.6043;KO.USUSD
2023-02-23 16:00:00;60.226;60.257;59.836;59.866;151.5096;KO.USUSD
2023-02-23 17:00:00;59.877;59.967;59.846;59.927;97.8729;KO.USUSD
2023-02-23 18:00:00;59.916;59.976;59.806;59.877;74.5968;KO.USUSD
2023-02-23 19:00:00;59.866;60.086;59.837;60.037;99.7374;KO.USUSD
2023-02-23 20:00:00;60.046;60.187;60.036;60.087;76.7421;KO.USUSD
2023-02-24 14:00:00;59.506;59.837;59.376;59.417;285.3192;KO.USUSD
2023-02-24 15:00:00;59.406;59.657;59.376;59.407;263.1267;KO.USUSD
2023-02-24 16:00:00;59.416;59.577;59.396;59.506;127.8912;KO.USUSD
2023-02-24 17:00:00;59.516;59.547;59.426;59.457;85.869;KO.USUSD
2023-02-24 18:00:00;59.466;59.676;59.446;59.667;77.7144;KO.USUSD
2023-02-24 19:00:00;59.676;59.856;59.646;59.827;65.7048;KO.USUSD
2023-02-24 20:00:00;59.837;59.897;59.676;59.826;77.4804;KO.USUSD
2023-02-27 14:00:00;60.156;60.246;60.026;60.177;209.0727;KO.USUSD
2023-02-27 15:00:00;60.166;60.287;60.016;60.087;180.135;KO.USUSD
2023-02-27 16:00:00;60.097;60.117;59.747;59.827;94.5819;KO.USUSD
2023-02-27 17:00:00;59.837;59.887;59.766;59.887;56.9148;KO.USUSD
2023-02-27 18:00:00;59.896;59.987;59.866;59.966;46.0404;KO.USUSD
2023-02-27 19:00:00;59.976;60.077;59.906;59.936;36.8889;KO.USUSD
2023-02-27 20:00:00;59.926;59.927;59.736;59.817;53.3307;KO.USUSD
2023-02-28 14:00:00;59.756;59.756;59.327;59.416;181.6212;KO.USUSD
2023-02-28 15:00:00;59.416;59.507;59.126;59.276;166.0833;KO.USUSD
2023-02-28 16:00:00;59.276;59.557;59.276;59.377;106.1328;KO.USUSD
2023-02-28 17:00:00;59.387;59.577;59.346;59.536;72.9012;KO.USUSD
2023-02-28 18:00:00;59.537;59.597;59.516;59.526;66.4812;KO.USUSD
2023-02-28 19:00:00;59.537;59.547;59.416;59.416;57.6405;KO.USUSD
2023-02-28 20:00:00;59.426;59.596;59.297;59.476;63.1989;KO.USUSD
2023-03-01 14:00:00;59.006;59.167;58.786;58.886;317.5887;KO.USUSD
2023-03-01 15:00:00;58.896;58.936;58.607;58.657;237.1293;KO.USUSD
2023-03-01 16:00:00;58.647;58.787;58.366;58.727;132.8433;KO.USUSD
2023-03-01 17:00:00;58.727;58.797;58.606;58.717;84.3792;KO.USUSD
2023-03-01 18:00:00;58.707;58.806;58.627;58.757;58.9149;KO.USUSD
2023-03-01 19:00:00;58.746;58.807;58.656;58.697;68.4204;KO.USUSD
2023-03-01 20:00:00;58.686;58.906;58.677;58.846;44.8323;KO.USUSD
2023-03-02 14:00:00;58.716;59.207;58.716;59.166;212.2413;KO.USUSD
2023-03-02 15:00:00;59.176;59.457;59.176;59.366;184.0737;KO.USUSD
2023-03-02 16:00:00;59.366;59.477;59.267;59.437;109.3407;KO.USUSD
2023-03-02 17:00:00;59.437;59.507;59.367;59.477;54.6504;KO.USUSD
2023-03-02 18:00:00;59.486;59.556;59.387;59.556;65.7939;KO.USUSD
2023-03-02 19:00:00;59.566;59.627;59.496;59.597;50.2977;KO.USUSD
2023-03-02 20:00:00;59.607;59.766;59.546;59.716;56.5968;KO.USUSD
2023-03-03 14:00:00;59.277;59.586;59.277;59.387;179.9373;KO.USUSD
2023-03-03 15:00:00;59.386;59.516;59.196;59.407;237.3195;KO.USUSD
2023-03-03 16:00:00;59.406;59.537;59.396;59.496;150.1548;KO.USUSD
2023-03-03 17:00:00;59.506;59.567;59.436;59.507;63.9264;KO.USUSD
2023-03-03 18:00:00;59.516;59.576;59.466;59.516;55.2402;KO.USUSD
2023-03-03 19:00:00;59.506;59.616;59.476;59.596;73.9476;KO.USUSD
2023-03-03 20:00:00;59.597;59.667;59.397;59.426;73.3647;KO.USUSD
2023-03-06 14:00:00;59.236;59.957;59.197;59.956;177.3762;KO.USUSD
2023-03-06 15:00:00;59.946;60.177;59.696;59.737;132.1911;KO.USUSD
2023-03-06 16:00:00;59.747;59.877;59.706;59.786;68.6469;KO.USUSD
2023-03-06 17:00:00;59.796;60.127;59.796;60.076;68.5029;KO.USUSD
2023-03-06 18:00:00;60.067;60.187;60.056;60.137;64.8795;KO.USUSD
2023-03-06 19:00:00;60.147;60.187;60.076;60.116;32.9724;KO.USUSD
2023-03-06 20:00:00;60.116;60.366;60.066;60.337;61.0413;KO.USUSD
2023-03-07 14:00:00;60.296;60.557;60.096;60.537;168.6423;KO.USUSD
2023-03-07 15:00:00;60.526;60.556;60.206;60.287;229.0512;KO.USUSD
2023-03-07 16:00:00;60.286;60.356;59.976;60.047;130.92;KO.USUSD
2023-03-07 17:00:00;60.056;60.347;59.936;59.956;160.0227;KO.USUSD
2023-03-07 18:00:00;59.957;59.977;59.746;59.816;94.8675;KO.USUSD
2023-03-07 19:00:00;59.827;59.957;59.806;59.886;63.4413;KO.USUSD
2023-03-07 20:00:00;59.876;60.107;59.836;59.986;79.2423;KO.USUSD
2023-03-08 14:00:00;60.006;60.117;59.946;60.046;159.8361;KO.USUSD
2023-03-08 15:00:00;60.047;60.056;59.806;59.887;285.0621;KO.USUSD
2023-03-08 16:00:00;59.897;60.197;59.876;60.157;95.0658;KO.USUSD
2023-03-08 17:00:00;60.156;60.317;60.066;60.077;69.1077;KO.USUSD
2023-03-08 18:00:00;60.077;60.097;59.716;59.787;95.7492;KO.USUSD
2023-03-08 19:00:00;59.787;59.927;59.787;59.847;68.3796;KO.USUSD
2023-03-08 20:00:00;59.857;60.047;59.796;60.037;68.7831;KO.USUSD
2023-03-09 14:00:00;60.227;60.516;60.086;60.156;197.0346;KO.USUSD
2023-03-09 15:00:00;60.157;60.157;59.846;59.876;179.4897;KO.USUSD
2023-03-09 16:00:00;59.876;59.977;59.816;59.927;117.8073;KO.USUSD
2023-03-09 17:00:00;59.917;60.257;59.876;60.246;113.5038;KO.USUSD
2023-03-09 18:00:00;60.256;60.327;60.086;60.097;154.0152;KO.USUSD
2023-03-09 19:00:00;60.096;60.096;59.667;59.667;139.5156;KO.USUSD
2023-03-09 20:00:00;59.677;59.697;59.257;59.447;260.7897;KO.USUSD
2023-03-10 14:00:00;59.517;60.127;59.517;59.647;432.6396;KO.USUSD
2023-03-10 15:00:00;59.637;59.707;59.306;59.456;502.7226;KO.USUSD
2023-03-10 16:00:00;59.456;59.727;59.246;59.297;278.2395;KO.USUSD
2023-03-10 17:00:00;59.287;59.437;59.177;59.196;237.8961;KO.USUSD
2023-03-10 18:00:00;59.197;59.257;59.017;59.066;154.9011;KO.USUSD
2023-03-10 19:00:00;59.076;59.377;59.006;59.297;309.432;KO.USUSD
2023-03-10 20:00:00;59.286;59.317;58.986;59.177;183.6609;KO.USUSD
2023-03-13 13:00:00;59.247;60.427;59.246;60.407;534.3717;KO.USUSD
2023-03-13 14:00:00;60.397;60.747;60.046;60.546;842.2722;KO.USUSD
2023-03-13 15:00:00;60.557;60.767;60.226;60.737;818.8923;KO.USUSD
2023-03-13 16:00:00;60.746;60.867;60.276;60.467;621.579;KO.USUSD
2023-03-13 17:00:00;60.476;60.587;60.236;60.496;457.9059;KO.USUSD
2023-03-13 18:00:00;60.496;60.567;60.076;60.117;392.9388;KO.USUSD
2023-03-13 19:00:00;60.107;60.227;59.726;59.787;473.1732;KO.USUSD
2023-03-14 13:00:00;59.897;60.227;59.677;60.047;386.8464;KO.USUSD
2023-03-14 14:00:00;60.037;60.407;60.016;60.317;266.3028;KO.USUSD
2023-03-14 15:00:00;60.316;60.447;59.906;59.917;115.02;KO.USUSD
2023-03-14 16:00:00;59.926;59.997;59.756;59.817;105.9684;KO.USUSD
2023-03-14 17:00:00;59.806;59.857;59.496;59.547;146.3364;KO.USUSD
2023-03-14 18:00:00;59.556;59.577;59.356;59.417;106.1739;KO.USUSD
2023-03-14 19:00:00;59.406;60.037;59.336;59.966;137.1147;KO.USUSD
2023-03-15 13:00:00;59.407;59.646;59.226;59.337;439.3197;KO.USUSD
2023-03-15 14:00:00;59.326;59.907;59.306;59.876;394.4115;KO.USUSD
2023-03-15 15:00:00;59.866;59.937;59.556;59.577;230.19;KO.USUSD
2023-03-15 16:00:00;59.566;59.787;59.506;59.537;159.75;KO.USUSD
2023-03-15 17:00:00;59.527;59.957;59.507;59.957;206.55;KO.USUSD
2023-03-15 18:00:00;59.957;60.447;59.866;60.167;268.53;KO.USUSD
2023-03-15 19:00:00;60.176;60.427;60.056;60.427;264.72;KO.USUSD
2023-03-16 13:00:00;59.687;60.107;59.686;59.926;415.92;KO.USUSD
2023-03-16 14:00:00;59.916;60.167;59.696;60.126;304.17;KO.USUSD
2023-03-16 15:00:00;60.136;60.157;59.896;59.906;179.76;KO.USUSD
2023-03-16 16:00:00;59.896;60.166;59.716;60.096;147.63;KO.USUSD
2023-03-16 17:00:00;60.087;60.207;60.066;60.166;97.08;KO.USUSD
2023-03-16 18:00:00;60.157;60.167;60.037;60.166;90.54;KO.USUSD
2023-03-16 19:00:00;60.167;60.326;60.166;60.266;85.7712;KO.USUSD
2023-03-17 13:00:00;60.156;60.317;59.766;59.877;419.43;KO.USUSD
2023-03-17 14:00:00;59.896;60.016;59.626;59.766;295.98;KO.USUSD
2023-03-17 15:00:00;59.756;60.057;59.736;59.907;138.72;KO.USUSD
2023-03-17 16:00:00;59.916;60.136;59.916;60.116;93.99;KO.USUSD
2023-03-17 17:00:00;60.116;60.177;59.977;60.056;78.93;KO.USUSD
2023-03-17 18:00:00;60.066;60.097;59.856;59.977;82.74;KO.USUSD
2023-03-17 19:00:00;59.987;60.077;59.856;60.017;122.82;KO.USUSD
2023-03-20 13:00:00;60.057;60.347;59.996;60.236;309.42;KO.USUSD
2023-03-20 14:00:00;60.226;60.286;59.966;60.116;185.73;KO.USUSD
2023-03-20 15:00:00;60.127;60.277;60.087;60.217;92.16;KO.USUSD
2023-03-20 16:00:00;60.227;60.457;60.066;60.437;83.31;KO.USUSD
2023-03-20 17:00:00;60.446;60.517;60.276;60.297;51.45;KO.USUSD
2023-03-20 18:00:00;60.306;60.367;60.206;60.287;87.36;KO.USUSD
2023-03-20 19:00:00;60.277;60.577;60.266;60.556;82.32;KO.USUSD
2023-03-21 13:00:00;60.597;60.727;60.296;60.327;226.41;KO.USUSD
2023-03-21 14:00:00;60.327;60.376;60.036;60.347;209.04;KO.USUSD
2023-03-21 15:00:00;60.346;60.407;60.116;60.156;82.23;KO.USUSD
2023-03-21 16:00:00;60.166;60.177;60.007;60.027;52.83;KO.USUSD
2023-03-21 17:00:00;60.027;60.047;59.896;59.936;47.82;KO.USUSD
2023-03-21 18:00:00;59.947;60.217;59.876;60.187;34.59;KO.USUSD
2023-03-21 19:00:00;60.197;60.347;60.187;60.307;49.86;KO.USUSD
2023-03-22 13:00:00;60.237;60.457;60.146;60.287;206.1;KO.USUSD
2023-03-22 14:00:00;60.297;60.767;60.256;60.686;97.29;KO.USUSD
2023-03-22 15:00:00;60.686;60.737;60.626;60.707;55.98;KO.USUSD
2023-03-22 16:00:00;60.716;60.737;60.477;60.486;45.48;KO.USUSD
2023-03-22 17:00:00;60.477;60.626;60.456;60.497;39.09;KO.USUSD
2023-03-22 18:00:00;60.497;60.867;60.386;60.507;540.57;KO.USUSD
2023-03-22 19:00:00;60.496;60.717;60.016;60.027;335.52;KO.USUSD
2023-03-23 13:00:00;60.006;60.166;59.796;59.857;217.98;KO.USUSD
2023-03-23 14:00:00;59.876;60.147;59.856;60.137;183.12;KO.USUSD
2023-03-23 15:00:00;60.126;60.317;60.087;60.237;80.34;KO.USUSD
2023-03-23 16:00:00;60.226;60.377;60.186;60.266;86.28;KO.USUSD
2023-03-23 17:00:00;60.267;60.336;60.046;60.057;112.32;KO.USUSD
2023-03-23 18:00:00;60.056;60.236;59.776;59.866;184.5;KO.USUSD
2023-03-23 19:00:00;59.887;60.097;59.716;59.887;355.08;KO.USUSD
2023-03-24 13:00:00;60.056;60.267;59.946;59.986;266.85;KO.USUSD
2023-03-24 14:00:00;59.996;60.177;59.906;60.177;179.34;KO.USUSD
2023-03-24 15:00:00;60.176;60.526;60.046;60.466;136.2;KO.USUSD
2023-03-24 16:00:00;60.477;60.847;60.476;60.827;101.34;KO.USUSD
2023-03-24 17:00:00;60.837;60.957;60.756;60.827;96.21;KO.USUSD
2023-03-24 18:00:00;60.837;60.907;60.776;60.876;70.17;KO.USUSD
2023-03-24 19:00:00;60.876;61.006;60.776;60.877;85.86;KO.USUSD
2023-03-27 13:00:00;60.877;61.367;60.877;61.297;228.87;KO.USUSD
2023-03-27 14:00:00;61.316;61.457;61.156;61.377;167.01;KO.USUSD
2023-03-27 15:00:00;61.366;61.447;61.286;61.327;85.59;KO.USUSD
2023-03-27 16:00:00;61.327;61.366;61.206;61.277;69.69;KO.USUSD
2023-03-27 17:00:00;61.277;61.447;61.266;61.366;63.66;KO.USUSD
2023-03-27 18:00:00;61.376;61.467;61.336;61.457;41.91;KO.USUSD
2023-03-27 19:00:00;61.466;61.467;61.276;61.347;71.01;KO.USUSD
2023-03-28 13:00:00;61.346;61.647;61.166;61.496;211.14;KO.USUSD
2023-03-28 14:00:00;61.507;61.587;61.306;61.407;133.5;KO.USUSD
2023-03-28 15:00:00;61.417;61.727;61.396;61.697;52.56;KO.USUSD
2023-03-28 16:00:00;61.697;61.707;61.537;61.586;35.97;KO.USUSD
2023-03-28 17:00:00;61.597;61.617;61.446;61.466;49.17;KO.USUSD
2023-03-28 18:00:00;61.457;61.546;61.417;61.457;46.14;KO.USUSD
2023-03-28 19:00:00;61.466;61.497;61.266;61.407;56.79;KO.USUSD
2023-03-29 13:00:00;61.597;61.827;61.576;61.826;148.17;KO.USUSD
2023-03-29 14:00:00;61.836;61.937;61.796;61.867;91.8;KO.USUSD
2023-03-29 15:00:00;61.857;61.927;61.726;61.826;48.75;KO.USUSD
2023-03-29 16:00:00;61.837;61.876;61.786;61.876;27.84;KO.USUSD
2023-03-29 17:00:00;61.867;61.906;61.686;61.696;31.86;KO.USUSD
2023-03-29 18:00:00;61.706;61.787;61.676;61.756;39.06;KO.USUSD
2023-03-29 19:00:00;61.756;61.897;61.706;61.847;55.83;KO.USUSD
2023-03-30 13:00:00;61.856;62.077;61.796;61.966;161.25;KO.USUSD
2023-03-30 14:00:00;61.957;62.026;61.776;61.796;80.73;KO.USUSD
2023-03-30 15:00:00;61.806;61.866;61.676;61.767;51.6;KO.USUSD
2023-03-30 16:00:00;61.757;61.877;61.647;61.706;43.8;KO.USUSD
2023-03-30 17:00:00;61.697;61.817;61.696;61.786;33.99;KO.USUSD
2023-03-30 18:00:00;61.776;61.906;61.756;61.846;25.02;KO.USUSD
2023-03-30 19:00:00;61.837;61.916;61.786;61.847;34.98;KO.USUSD
2023-03-31 13:00:00;61.897;62.187;61.897;62.166;154.56;KO.USUSD
2023-03-31 14:00:00;62.167;62.236;62.116;62.146;66.39;KO.USUSD
2023-03-31 15:00:00;62.166;62.237;62.087;62.217;23.73;KO.USUSD
2023-03-31 16:00:00;62.206;62.247;61.976;61.997;32.7;KO.USUSD
2023-03-31 17:00:00;61.997;62.037;61.876;62.007;31.74;KO.USUSD
2023-03-31 18:00:00;62.016;62.017;61.866;61.897;29.22;KO.USUSD
2023-03-31 19:00:00;61.897;62.077;61.887;62.007;69.96;KO.USUSD
2023-04-03 13:00:00;62.127;62.307;61.846;62.097;192.45;KO.USUSD
2023-04-03 14:00:00;62.097;62.327;62.066;62.266;106.95;KO.USUSD
2023-04-03 15:00:00;62.257;62.417;62.096;62.396;54.66;KO.USUSD
2023-04-03 16:00:00;62.397;62.417;62.296;62.327;30.3;KO.USUSD
2023-04-03 17:00:00;62.317;62.457;62.306;62.386;26.49;KO.USUSD
2023-04-03 18:00:00;62.387;62.477;62.386;62.466;24.36;KO.USUSD
2023-04-03 19:00:00;62.476;62.507;62.376;62.386;33.48;KO.USUSD
2023-04-04 13:00:00;62.367;62.727;62.316;62.506;164.46;KO.USUSD
2023-04-04 14:00:00;62.507;62.687;62.446;62.617;90.9;KO.USUSD
2023-04-04 15:00:00;62.617;62.617;62.206;62.206;65.85;KO.USUSD
2023-04-04 16:00:00;62.206;62.287;62.147;62.216;50.25;KO.USUSD
2023-04-04 17:00:00;62.226;62.317;62.186;62.217;28.98;KO.USUSD
2023-04-04 18:00:00;62.207;62.277;62.076;62.137;28.59;KO.USUSD
2023-04-04 19:00:00;62.137;62.226;62.066;62.207;39.18;KO.USUSD
2023-04-05 13:00:00;62.336;63.006;62.336;62.796;169.29;KO.USUSD
2023-04-05 14:00:00;62.797;62.957;62.746;62.896;120.75;KO.USUSD
2023-04-05 15:00:00;62.907;62.977;62.846;62.856;58.29;KO.USUSD
2023-04-05 16:00:00;62.866;62.896;62.746;62.776;41.4;KO.USUSD
2023-04-05 17:00:00;62.787;62.867;62.676;62.866;29.1;KO.USUSD
2023-04-05 18:00:00;62.877;62.896;62.736;62.877;27.21;KO.USUSD
2023-04-05 19:00:00;62.866;62.887;62.756;62.776;30.66;KO.USUSD
2023-04-06 13:00:00;62.876;63.027;62.556;62.557;156.09;KO.USUSD
2023-04-06 14:00:00;62.547;62.696;62.376;62.606;93.75;KO.USUSD
2023-04-06 15:00:00;62.616;62.717;62.526;62.666;46.77;KO.USUSD
2023-04-06 16:00:00;62.677;62.857;62.636;62.837;28.95;KO.USUSD
2023-04-06 17:00:00;62.846;62.876;62.606;62.637;32.01;KO.USUSD
2023-04-06 18:00:00;62.647;62.667;62.506;62.637;24.6;KO.USUSD
2023-04-06 19:00:00;62.627;62.787;62.576;62.746;36.06;KO.USUSD
2023-04-10 13:00:00;62.346;62.556;62.007;62.157;176.64;KO.USUSD
2023-04-10 14:00:00;62.157;62.447;62.156;62.206;92.16;KO.USUSD
2023-04-10 15:00:00;62.217;62.507;62.207;62.437;41.85;KO.USUSD
2023-04-10 16:00:00;62.446;62.607;62.357;62.576;29.73;KO.USUSD
2023-04-10 17:00:00;62.566;62.647;62.486;62.576;23.67;KO.USUSD
2023-04-10 18:00:00;62.567;62.577;62.406;62.436;20.4;KO.USUSD
2023-04-10 19:00:00;62.447;62.677;62.386;62.676;32.28;KO.USUSD
2023-04-11 13:00:00;62.247;62.637;62.246;62.476;79.0524;KO.USUSD
2023-04-11 14:00:00;62.466;62.597;62.447;62.576;46.29;KO.USUSD
2023-04-11 15:00:00;62.567;62.607;62.396;62.456;22.08;KO.USUSD
2023-04-11 16:00:00;62.446;62.577;62.396;62.567;23.52;KO.USUSD
2023-04-11 17:00:00;62.576;62.667;62.567;62.647;21.57;KO.USUSD
2023-04-11 18:00:00;62.636;62.697;62.597;62.646;13.56;KO.USUSD
2023-04-11 19:00:00;62.636;62.667;62.536;62.577;25.8;KO.USUSD
2023-04-12 13:00:00;62.397;62.867;62.366;62.767;163.98;KO.USUSD
2023-04-12 14:00:00;62.777;62.927;62.546;62.627;100.95;KO.USUSD
2023-04-12 15:00:00;62.616;62.806;62.576;62.766;54.84;KO.USUSD
2023-04-12 16:00:00;62.776;62.896;62.756;62.887;32.1;KO.USUSD
2023-04-12 17:00:00;62.877;62.957;62.866;62.917;21.09;KO.USUSD
2023-04-12 18:00:00;62.916;63.017;62.617;62.637;75.75;KO.USUSD
2023-04-12 19:00:00;62.647;62.697;62.576;62.697;62.16;KO.USUSD
2023-04-13 13:00:00;62.497;62.877;62.496;62.596;163.86;KO.USUSD
2023-04-13 14:00:00;62.586;62.777;62.526;62.556;88.95;KO.USUSD
2023-04-13 15:00:00;62.556;62.637;62.506;62.547;36.72;KO.USUSD
2023-04-13 16:00:00;62.537;62.597;62.477;62.587;22.32;KO.USUSD
2023-04-13 17:00:00;62.587;62.866;62.586;62.826;30.03;KO.USUSD
2023-04-13 18:00:00;62.837;63.037;62.806;63.027;28.44;KO.USUSD
2023-04-13 19:00:00;63.037;63.147;62.926;63.136;33.42;KO.USUSD
2023-04-14 13:00:00;62.916;63.107;62.836;63.087;138.03;KO.USUSD
2023-04-14 14:00:00;63.076;63.117;62.786;62.956;113.13;KO.USUSD
2023-04-14 15:00:00;62.957;62.986;62.766;62.986;48.6;KO.USUSD
2023-04-14 16:00:00;62.996;63.027;62.826;62.826;35.58;KO.USUSD
2023-04-14 17:00:00;62.836;62.986;62.836;62.977;27.45;KO.USUSD
2023-04-14 18:00:00;62.986;62.987;62.876;62.957;28.26;KO.USUSD
2023-04-14 19:00:00;62.947;63.117;62.817;63.026;39.39;KO.USUSD
2023-04-17 13:00:00;63.086;63.457;63.086;63.247;116.49;KO.USUSD
2023-04-17 14:00:00;63.247;63.417;63.216;63.357;58.71;KO.USUSD
2023-04-17 15:00:00;63.357;63.516;63.166;63.277;46.71;KO.USUSD
2023-04-17 16:00:00;63.266;63.337;63.177;63.307;29.52;KO.USUSD
2023-04-17 17:00:00;63.297;63.327;63.166;63.166;22.59;KO.USUSD
2023-04-17 18:00:00;63.177;63.406;63.136;63.397;24.0;KO.USUSD
2023-04-17 19:00:00;63.386;63.457;63.336;63.457;24.75;KO.USUSD
2023-04-18 13:00:00;63.436;63.577;63.356;63.536;123.39;KO.USUSD
2023-04-18 14:00:00;63.547;63.577;63.227;63.236;77.34;KO.USUSD
2023-04-18 15:00:00;63.246;63.337;63.186;63.226;40.02;KO.USUSD
2023-04-18 16:00:00;63.226;63.427;63.217;63.357;30.15;KO.USUSD
2023-04-18 17:00:00;63.356;63.517;63.316;63.496;19.56;KO.USUSD
2023-04-18 18:00:00;63.507;63.576;63.446;63.536;31.14;KO.USUSD
2023-04-18 19:00:00;63.547;63.587;63.476;63.537;25.65;KO.USUSD
2023-04-19 13:00:00;63.656;63.816;63.416;63.586;150.09;KO.USUSD
2023-04-19 14:00:00;63.597;63.687;63.437;63.506;83.1;KO.USUSD
2023-04-19 15:00:00;63.516;63.727;63.496;63.717;31.05;KO.USUSD
2023-04-19 16:00:00;63.726;63.756;63.556;63.606;23.73;KO.USUSD
2023-04-19 17:00:00;63.606;63.616;63.497;63.577;25.41;KO.USUSD
2023-04-19 18:00:00;63.577;63.697;63.497;63.687;38.46;KO.USUSD
2023-04-19 19:00:00;63.696;63.737;63.576;63.666;30.12;KO.USUSD
2023-04-20 13:00:00;63.367;63.707;63.366;63.466;112.62;KO.USUSD
2023-04-20 14:00:00;63.476;63.807;63.436;63.786;86.1;KO.USUSD
2023-04-20 15:00:00;63.797;63.917;63.756;63.807;38.85;KO.USUSD
2023-04-20 16:00:00;63.816;63.936;63.816;63.926;22.47;KO.USUSD
2023-04-20 17:00:00;63.937;63.976;63.886;63.956;12.99;KO.USUSD
2023-04-20 18:00:00;63.946;63.987;63.716;63.756;28.47;KO.USUSD
2023-04-20 19:00:00;63.766;63.987;63.697;63.927;43.74;KO.USUSD
2023-04-21 13:00:00;63.896;64.256;63.786;63.917;172.77;KO.USUSD
2023-04-21 14:00:00;63.927;64.027;63.797;63.816;107.79;KO.USUSD
2023-04-21 15:00:00;63.807;64.097;63.806;64.096;52.89;KO.USUSD
2023-04-21 16:00:00;64.096;64.107;63.987;64.076;35.13;KO.USUSD
2023-04-21 17:00:00;64.086;64.147;64.046;64.076;30.09;KO.USUSD
2023-04-21 18:00:00;64.086;64.137;63.996;64.037;26.91;KO.USUSD
2023-04-21 19:00:00;64.057;64.147;64.006;64.037;39.75;KO.USUSD
2023-04-24 13:00:00;64.657;64.967;64.206;64.386;281.1;KO.USUSD
2023-04-24 14:00:00;64.397;64.516;64.146;64.406;234.15;KO.USUSD
2023-04-24 15:00:00;64.407;64.466;64.076;64.157;167.76;KO.USUSD
2023-04-24 16:00:00;64.157;64.157;63.936;63.967;109.86;KO.USUSD
2023-04-24 17:00:00;63.956;64.037;63.806;63.947;142.56;KO.USUSD
2023-04-24 18:00:00;63.946;63.976;63.606;63.676;130.65;KO.USUSD
2023-04-24 19:00:00;63.667;63.947;63.626;63.946;173.01;KO.USUSD
2023-04-25 13:00:00;63.906;64.156;63.626;63.797;217.05;KO.USUSD
2023-04-25 14:00:00;63.806;64.007;63.626;63.987;135.99;KO.USUSD
2023-04-25 15:00:00;63.986;64.077;63.916;64.056;54.48;KO.USUSD
2023-04-25 16:00:00;64.047;64.067;63.876;63.906;33.51;KO.USUSD
2023-04-25 17:00:00;63.896;63.947;63.746;63.747;37.02;KO.USUSD
2023-04-25 18:00:00;63.736;63.756;63.626;63.696;34.2;KO.USUSD
2023-04-25 19:00:00;63.707;63.857;63.657;63.827;47.79;KO.USUSD
2023-04-26 13:00:00;63.557;63.757;63.217;63.526;138.15;KO.USUSD
2023-04-26 14:00:00;63.516;63.687;63.446;63.527;93.63;KO.USUSD
2023-04-26 15:00:00;63.536;63.636;63.476;63.526;42.12;KO.USUSD
2023-04-26 16:00:00;63.516;63.627;63.496;63.546;25.2;KO.USUSD
2023-04-26 17:00:00;63.537;63.576;63.426;63.456;24.96;KO.USUSD
2023-04-26 18:00:00;63.467;63.567;63.387;63.537;35.55;KO.USUSD
2023-04-26 19:00:00;63.527;63.607;63.416;63.527;42.33;KO.USUSD
2023-04-27 13:00:00;63.406;63.587;63.186;63.237;177.78;KO.USUSD
2023-04-27 14:00:00;63.236;63.427;63.156;63.286;84.42;KO.USUSD
2023-04-27 15:00:00;63.276;63.337;63.106;63.326;49.05;KO.USUSD
2023-04-27 16:00:00;63.336;63.397;63.266;63.316;25.8;KO.USUSD
2023-04-27 17:00:00;63.317;63.537;63.246;63.467;35.85;KO.USUSD
2023-04-27 18:00:00;63.477;63.717;63.327;63.717;39.39;KO.USUSD
2023-04-27 19:00:00;63.727;63.747;63.576;63.677;39.63;KO.USUSD
2023-04-28 13:00:00;63.197;63.767;63.197;63.577;173.07;KO.USUSD
2023-04-28 14:00:00;63.566;63.847;63.527;63.567;127.26;KO.USUSD
2023-04-28 15:00:00;63.576;63.927;63.516;63.897;69.99;KO.USUSD
2023-04-28 16:00:00;63.896;63.976;63.866;63.956;27.9;KO.USUSD
2023-04-28 17:00:00;63.957;63.966;63.767;63.816;24.48;KO.USUSD
2023-04-28 18:00:00;63.826;63.906;63.737;63.887;33.51;KO.USUSD
2023-04-28 19:00:00;63.897;64.146;63.846;64.117;44.31;KO.USUSD
2023-05-01 13:00:00;63.907;64.307;63.907;64.246;130.22;KO.USUSD
2023-05-01 14:00:00;64.227;64.427;64.186;64.416;80.03;KO.USUSD
2023-05-01 15:00:00;64.427;64.647;64.396;64.596;38.21;KO.USUSD
2023-05-01 16:00:00;64.586;64.637;64.546;64.626;23.94;KO.USUSD
2023-05-01 17:00:00;64.617;64.676;64.587;64.627;21.47;KO.USUSD
2023-05-01 18:00:00;64.616;64.656;64.446;64.466;21.6;KO.USUSD
2023-05-01 19:00:00;64.467;64.467;64.246;64.246;34.47;KO.USUSD
2023-05-02 13:00:00;63.927;64.077;63.576;63.836;165.78;KO.USUSD
2023-05-02 14:00:00;63.847;63.917;63.407;63.576;175.58;KO.USUSD
2023-05-02 15:00:00;63.577;63.577;63.266;63.537;92.82;KO.USUSD
2023-05-02 16:00:00;63.526;63.706;63.506;63.696;35.77;KO.USUSD
2023-05-02 17:00:00;63.706;63.857;63.656;63.827;30.51;KO.USUSD
2023-05-02 18:00:00;63.807;63.957;63.747;63.957;25.63;KO.USUSD
2023-05-02 19:00:00;63.947;64.057;63.926;63.997;39.83;KO.USUSD
2023-05-03 13:00:00;63.816;64.067;63.686;63.756;159.36;KO.USUSD
2023-05-03 14:00:00;63.746;63.917;63.636;63.696;82.07;KO.USUSD
2023-05-03 15:00:00;63.707;64.106;63.696;64.057;57.48;KO.USUSD
2023-05-03 16:00:00;64.056;64.067;63.966;64.027;18.99;KO.USUSD
2023-05-03 17:00:00;64.036;64.087;63.926;63.947;23.44;KO.USUSD
2023-05-03 18:00:00;63.927;64.157;63.636;63.737;313.06;KO.USUSD
2023-05-03 19:00:00;63.726;63.896;63.576;63.636;185.98;KO.USUSD
2023-05-04 13:00:00;63.496;63.917;63.496;63.617;193.61;KO.USUSD
2023-05-04 14:00:00;63.606;63.847;63.567;63.776;181.76;KO.USUSD
2023-05-04 15:00:00;63.777;63.807;63.506;63.557;86.91;KO.USUSD
2023-05-04 16:00:00;63.566;63.727;63.506;63.707;49.43;KO.USUSD
2023-05-04 17:00:00;63.707;63.717;63.506;63.567;47.74;KO.USUSD
2023-05-04 18:00:00;63.567;63.697;63.507;63.637;47.32;KO.USUSD
2023-05-04 19:00:00;63.646;63.777;63.536;63.697;64.36;KO.USUSD
2023-05-05 13:00:00;63.616;64.077;63.616;64.037;169.25;KO.USUSD
2023-05-05 14:00:00;64.036;64.107;63.926;64.016;84.08;KO.USUSD
2023-05-05 15:00:00;64.006;64.197;63.986;64.117;39.09;KO.USUSD
2023-05-05 16:00:00;64.116;64.136;63.937;64.017;28.88;KO.USUSD
2023-05-05 17:00:00;64.016;64.036;63.896;63.956;18.01;KO.USUSD
2023-05-05 18:00:00;63.956;64.067;63.946;64.017;17.37;KO.USUSD
2023-05-05 19:00:00;64.016;64.067;63.916;63.987;28.53;KO.USUSD
2023-05-08 13:00:00;63.707;63.997;63.596;63.956;206.14;KO.USUSD
2023-05-08 14:00:00;63.966;64.016;63.866;63.917;76.2;KO.USUSD
2023-05-08 15:00:00;63.906;64.026;63.897;63.917;33.07;KO.USUSD
2023-05-08 16:00:00;63.917;63.987;63.866;63.896;28.12;KO.USUSD
2023-05-08 17:00:00;63.897;63.967;63.897;63.947;19.43;KO.USUSD
2023-05-08 18:00:00;63.947;64.046;63.906;63.956;35.96;KO.USUSD
2023-05-08 19:00:00;63.967;64.016;63.866;63.917;24.29;KO.USUSD
2023-05-09 13:00:00;63.607;63.747;63.277;63.406;125.43;KO.USUSD
2023-05-09 14:00:00;63.407;63.477;63.306;63.427;68.53;KO.USUSD
2023-05-09 15:00:00;63.437;63.697;63.437;63.527;45.98;KO.USUSD
2023-05-09 16:00:00;63.517;63.557;63.416;63.466;23.99;KO.USUSD
2023-05-09 17:00:00;63.456;63.527;63.426;63.496;20.1;KO.USUSD
2023-05-09 18:00:00;63.507;63.527;63.436;63.466;19.33;KO.USUSD
2023-05-09 19:00:00;63.477;63.556;63.347;63.377;25.69;KO.USUSD
2023-05-10 13:00:00;63.217;63.627;63.156;63.346;227.16;KO.USUSD
2023-05-10 14:00:00;63.367;63.417;63.066;63.137;135.46;KO.USUSD
2023-05-10 15:00:00;63.136;63.247;63.126;63.207;41.72;KO.USUSD
2023-05-10 16:00:00;63.206;63.237;63.077;63.096;34.32;KO.USUSD
2023-05-10 17:00:00;63.086;63.097;62.986;63.086;41.36;KO.USUSD
2023-05-10 18:00:00;63.087;63.366;63.076;63.346;36.7;KO.USUSD
2023-05-10 19:00:00;63.356;63.557;63.346;63.487;42.97;KO.USUSD
2023-05-11 13:00:00;63.306;63.617;63.006;63.046;132.79;KO.USUSD
2023-05-11 14:00:00;63.037;63.567;63.007;63.517;74.75;KO.USUSD
2023-05-11 15:00:00;63.526;63.567;63.307;63.486;47.02;KO.USUSD
2023-05-11 16:00:00;63.487;63.637;63.456;63.636;32.21;KO.USUSD
2023-05-11 17:00:00;63.626;63.657;63.456;63.636;31.4;KO.USUSD
2023-05-11 18:00:00;63.646;63.767;63.586;63.746;33.47;KO.USUSD
2023-05-11 19:00:00;63.756;63.917;63.697;63.847;38.51;KO.USUSD
2023-05-12 13:00:00;63.496;63.967;63.496;63.857;97.09;KO.USUSD
2023-05-12 14:00:00;63.846;63.917;63.736;63.757;67.56;KO.USUSD
2023-05-12 15:00:00;63.767;63.887;63.696;63.887;51.08;KO.USUSD
2023-05-12 16:00:00;63.917;63.917;63.787;63.907;28.36;KO.USUSD
2023-05-12 17:00:00;63.896;63.987;63.846;63.946;28.75;KO.USUSD
2023-05-12 18:00:00;63.936;64.087;63.916;64.036;33.19;KO.USUSD
2023-05-12 19:00:00;64.047;64.177;64.027;64.077;43.97;KO.USUSD
2023-05-15 13:00:00;64.127;64.237;63.706;63.787;130.17;KO.USUSD
2023-05-15 14:00:00;63.787;63.987;63.766;63.947;71.19;KO.USUSD
2023-05-15 15:00:00;63.946;64.007;63.896;63.916;35.7;KO.USUSD
2023-05-15 16:00:00;63.917;64.027;63.876;63.997;30.21;KO.USUSD
2023-05-15 17:00:00;63.986;64.016;63.806;63.896;25.95;KO.USUSD
2023-05-15 18:00:00;63.897;64.006;63.897;63.966;31.14;KO.USUSD
2023-05-15 19:00:00;63.967;63.997;63.846;63.937;31.98;KO.USUSD
2023-05-16 13:00:00;63.796;63.826;63.216;63.427;158.34;KO.USUSD
2023-05-16 14:00:00;63.416;63.597;63.206;63.217;95.22;KO.USUSD
2023-05-16 15:00:00;63.216;63.407;63.156;63.386;49.92;KO.USUSD
2023-05-16 16:00:00;63.397;63.537;63.376;63.516;36.33;KO.USUSD
2023-05-16 17:00:00;63.526;63.537;63.367;63.446;17.64;KO.USUSD
2023-05-16 18:00:00;63.437;63.437;63.286;63.307;22.05;KO.USUSD
2023-05-16 19:00:00;63.296;63.337;63.167;63.217;27.3;KO.USUSD
2023-05-17 13:00:00;63.297;63.327;62.806;62.856;168.03;KO.USUSD
2023-05-17 14:00:00;62.866;62.976;62.726;62.916;104.37;KO.USUSD
2023-05-17 15:00:00;62.926;62.987;62.736;62.936;105.99;KO.USUSD
2023-05-17 16:00:00;62.946;63.037;62.856;63.026;39.21;KO.USUSD
2023-05-17 17:00:00;63.026;63.197;62.966;63.197;47.61;KO.USUSD
2023-05-17 18:00:00;63.206;63.227;63.066;63.117;39.84;KO.USUSD
2023-05-17 19:00:00;63.127;63.207;63.037;63.146;50.82;KO.USUSD
2023-05-18 13:00:00;62.787;62.937;62.646;62.847;157.53;KO.USUSD
2023-05-18 14:00:00;62.857;63.037;62.826;62.907;85.95;KO.USUSD
2023-05-18 15:00:00;62.917;62.986;62.686;62.697;58.92;KO.USUSD
2023-05-18 16:00:00;62.706;62.766;62.566;62.606;64.89;KO.USUSD
2023-05-18 17:00:00;62.606;62.756;62.566;62.716;49.53;KO.USUSD
2023-05-18 18:00:00;62.707;62.817;62.666;62.677;34.83;KO.USUSD
2023-05-18 19:00:00;62.686;62.907;62.636;62.786;47.52;KO.USUSD
2023-05-19 13:00:00;62.606;63.087;62.606;62.937;113.97;KO.USUSD
2023-05-19 14:00:00;62.926;62.996;62.806;62.816;75.99;KO.USUSD
2023-05-19 15:00:00;62.817;62.887;62.696;62.717;103.35;KO.USUSD
2023-05-19 16:00:00;62.707;62.787;62.596;62.777;53.97;KO.USUSD
2023-05-19 17:00:00;62.787;62.847;62.706;62.706;27.78;KO.USUSD
2023-05-19 18:00:00;62.706;62.887;62.666;62.877;30.96;KO.USUSD
2023-05-19 19:00:00;62.866;62.877;62.726;62.816;28.35;KO.USUSD
2023-05-22 13:00:00;62.667;62.857;61.957;61.976;167.01;KO.USUSD
2023-05-22 14:00:00;61.967;61.976;61.536;61.657;132.93;KO.USUSD
2023-05-22 15:00:00;61.666;61.807;61.507;61.746;68.43;KO.USUSD
2023-05-22 16:00:00;61.756;61.776;61.556;61.627;33.21;KO.USUSD
2023-05-22 17:00:00;61.627;61.697;61.586;61.666;42.42;KO.USUSD
2023-05-22 18:00:00;61.667;61.697;61.566;61.647;20.76;KO.USUSD
2023-05-22 19:00:00;61.647;61.687;61.436;61.507;32.85;KO.USUSD
2023-05-23 13:00:00;61.497;61.626;61.166;61.596;129.57;KO.USUSD
2023-05-23 14:00:00;61.606;61.657;61.447;61.557;80.73;KO.USUSD
2023-05-23 15:00:00;61.547;61.646;61.516;61.526;39.45;KO.USUSD
2023-05-23 16:00:00;61.527;61.656;61.506;61.527;36.12;KO.USUSD
2023-05-23 17:00:00;61.526;61.596;61.396;61.437;28.83;KO.USUSD
2023-05-23 18:00:00;61.446;61.517;61.356;61.476;44.91;KO.USUSD
2023-05-23 19:00:00;61.476;61.547;61.357;61.396;38.34;KO.USUSD
2023-05-24 13:00:00;61.356;61.397;60.856;61.037;142.14;KO.USUSD
2023-05-24 14:00:00;61.056;61.077;60.766;60.816;79.32;KO.USUSD
2023-05-24 15:00:00;60.827;60.877;60.717;60.736;62.1;KO.USUSD
2023-05-24 16:00:00;60.726;60.916;60.726;60.906;36.15;KO.USUSD
2023-05-24 17:00:00;60.896;61.117;60.896;61.087;36.69;KO.USUSD
2023-05-24 18:00:00;61.067;61.127;60.957;60.976;54.09;KO.USUSD
2023-05-24 19:00:00;60.976;61.147;60.856;60.876;46.77;KO.USUSD
2023-05-25 13:00:00;60.477;60.497;60.137;60.326;212.97;KO.USUSD
2023-05-25 14:00:00;60.317;60.696;60.286;60.587;110.22;KO.USUSD
2023-05-25 15:00:00;60.576;60.707;60.287;60.316;51.18;KO.USUSD
2023-05-25 16:00:00;60.327;60.467;60.307;60.367;38.76;KO.USUSD
2023-05-25 17:00:00;60.377;60.597;60.346;60.597;28.98;KO.USUSD
2023-05-25 18:00:00;60.606;60.717;60.446;60.477;42.48;KO.USUSD
2023-05-25 19:00:00;60.487;60.577;60.376;60.396;35.49;KO.USUSD
2023-05-26 13:00:00;60.476;60.586;60.146;60.436;163.98;KO.USUSD
2023-05-26 14:00:00;60.436;60.636;60.386;60.556;117.6;KO.USUSD
2023-05-26 15:00:00;60.567;60.567;60.196;60.207;65.58;KO.USUSD
2023-05-26 16:00:00;60.206;60.247;60.116;60.117;40.83;KO.USUSD
2023-05-26 17:00:00;60.136;60.227;60.126;60.217;29.07;KO.USUSD
2023-05-26 18:00:00;60.226;60.227;60.106;60.137;24.84;KO.USUSD
2023-05-26 19:00:00;60.136;60.297;60.136;60.256;31.44;KO.USUSD
2023-05-30 13:00:00;60.097;60.187;59.796;60.077;249.96;KO.USUSD
2023-05-30 14:00:00;60.077;60.167;59.676;59.727;115.44;KO.USUSD
2023-05-30 15:00:00;59.717;59.717;59.516;59.716;50.31;KO.USUSD
2023-05-30 16:00:00;59.706;59.717;59.556;59.677;38.16;KO.USUSD
2023-05-30 17:00:00;59.667;59.747;59.616;59.646;29.55;KO.USUSD
2023-05-30 18:00:00;59.646;59.796;59.617;59.686;29.13;KO.USUSD
2023-05-30 19:00:00;59.677;59.787;59.606;59.756;38.73;KO.USUSD
2023-05-31 13:00:00;59.887;59.956;59.406;59.427;177.09;KO.USUSD
2023-05-31 14:00:00;59.426;59.736;59.346;59.596;116.04;KO.USUSD
2023-05-31 15:00:00;59.586;59.797;59.556;59.717;47.25;KO.USUSD
2023-05-31 16:00:00;59.727;59.777;59.656;59.707;32.94;KO.USUSD
2023-05-31 17:00:00;59.706;59.947;59.706;59.937;40.65;KO.USUSD
2023-05-31 18:00:00;59.937;60.127;59.906;60.076;30.0;KO.USUSD
2023-05-31 19:00:00;60.086;60.267;59.476;59.697;139.95;KO.USUSD
2023-06-01 13:00:00;59.817;60.067;59.756;59.807;257.73;KO.USUSD
2023-06-01 14:00:00;59.806;60.137;59.786;60.027;123.57;KO.USUSD
2023-06-01 15:00:00;60.037;60.066;59.836;59.926;43.44;KO.USUSD
2023-06-01 16:00:00;59.936;59.997;59.876;59.877;32.52;KO.USUSD
2023-06-01 17:00:00;59.886;59.946;59.806;59.946;25.23;KO.USUSD
2023-06-01 18:00:00;59.957;60.036;59.877;60.026;17.61;KO.USUSD
2023-06-01 19:00:00;60.036;60.147;59.966;59.986;41.67;KO.USUSD
2023-06-02 13:00:00;60.127;60.757;60.066;60.726;201.21;KO.USUSD
2023-06-02 14:00:00;60.726;61.067;60.686;61.017;96.15;KO.USUSD
2023-06-02 15:00:00;61.027;61.286;60.996;61.257;50.34;KO.USUSD
2023-06-02 16:00:00;61.247;61.307;61.177;61.277;32.31;KO.USUSD
2023-06-02 17:00:00;61.286;61.307;61.186;61.276;26.16;KO.USUSD
2023-06-02 18:00:00;61.266;61.287;61.156;61.217;21.96;KO.USUSD
2023-06-02 19:00:00;61.217;61.277;61.146;61.157;38.37;KO.USUSD
2023-06-05 13:00:00;61.007;61.407;60.856;61.367;191.67;KO.USUSD
2023-06-05 14:00:00;61.386;61.427;61.057;61.067;158.82;KO.USUSD
2023-06-05 15:00:00;61.076;61.116;60.826;60.876;45.12;KO.USUSD
2023-06-05 16:00:00;60.876;60.887;60.716;60.767;26.7;KO.USUSD
2023-06-05 17:00:00;60.777;60.786;60.546;60.677;28.26;KO.USUSD
2023-06-05 18:00:00;60.666;60.737;60.576;60.696;35.43;KO.USUSD
2023-06-05 19:00:00;60.717;60.807;60.646;60.747;38.28;KO.USUSD
2023-06-06 13:00:00;60.747;60.957;60.266;60.336;237.03;KO.USUSD
2023-06-06 14:00:00;60.326;60.476;60.296;60.377;110.46;KO.USUSD
2023-06-06 15:00:00;60.367;60.427;60.146;60.146;51.09;KO.USUSD
2023-06-06 16:00:00;60.156;60.247;60.136;60.226;30.36;KO.USUSD
2023-06-06 17:00:00;60.217;60.297;60.116;60.207;36.99;KO.USUSD
2023-06-06 18:00:00;60.197;60.427;60.176;60.396;34.65;KO.USUSD
2023-06-06 19:00:00;60.406;60.417;60.257;60.296;34.41;KO.USUSD
2023-06-07 13:00:00;60.007;60.166;59.806;60.076;227.28;KO.USUSD
2023-06-07 14:00:00;60.067;60.316;59.996;60.196;117.36;KO.USUSD
2023-06-07 15:00:00;60.176;60.217;60.076;60.106;48.06;KO.USUSD
2023-06-07 16:00:00;60.096;60.346;60.086;60.277;33.45;KO.USUSD
2023-06-07 17:00:00;60.266;60.297;60.146;60.277;39.72;KO.USUSD
2023-06-07 18:00:00;60.267;60.276;60.137;60.137;27.48;KO.USUSD
2023-06-07 19:00:00;60.146;60.267;60.106;60.197;40.62;KO.USUSD
2023-06-08 13:00:00;60.136;60.387;59.976;60.277;209.91;KO.USUSD
2023-06-08 14:00:00;60.267;60.377;60.166;60.236;82.68;KO.USUSD
2023-06-08 15:00:00;60.246;60.287;60.127;60.146;29.97;KO.USUSD
2023-06-08 16:00:00;60.146;60.207;60.066;60.186;27.39;KO.USUSD
2023-06-08 17:00:00;60.187;60.217;60.096;60.117;24.84;KO.USUSD
2023-06-08 18:00:00;60.126;60.176;60.096;60.137;15.21;KO.USUSD
2023-06-08 19:00:00;60.126;60.386;60.116;60.337;29.55;KO.USUSD
2023-06-09 13:00:00;60.247;60.517;60.146;60.366;186.99;KO.USUSD
2023-06-09 14:00:00;60.366;60.657;60.296;60.577;94.5;KO.USUSD
2023-06-09 15:00:00;60.596;60.647;60.476;60.486;39.9;KO.USUSD
2023-06-09 16:00:00;60.476;60.537;60.447;60.476;28.23;KO.USUSD
2023-06-09 17:00:00;60.486;60.537;60.436;60.536;20.28;KO.USUSD
2023-06-09 18:00:00;60.536;60.607;60.516;60.576;14.07;KO.USUSD
2023-06-09 19:00:00;60.577;60.637;60.456;60.466;29.22;KO.USUSD
2023-06-12 13:00:00;60.507;60.617;60.176;60.237;156.87;KO.USUSD
2023-06-12 14:00:00;60.246;60.266;60.107;60.146;63.75;KO.USUSD
2023-06-12 15:00:00;60.146;60.317;60.087;60.246;27.12;KO.USUSD
2023-06-12 16:00:00;60.237;60.306;60.156;60.177;19.44;KO.USUSD
2023-06-12 17:00:00;60.166;60.177;60.056;60.117;11.43;KO.USUSD
2023-06-12 18:00:00;60.107;60.117;60.046;60.067;11.94;KO.USUSD
2023-06-12 19:00:00;60.066;60.246;60.016;60.206;32.22;KO.USUSD
2023-06-13 13:00:00;60.196;60.447;60.006;60.416;157.47;KO.USUSD
2023-06-13 14:00:00;60.426;60.466;60.306;60.437;90.21;KO.USUSD
2023-06-13 15:00:00;60.436;60.617;60.427;60.456;37.59;KO.USUSD
2023-06-13 16:00:00;60.447;60.617;60.446;60.607;23.31;KO.USUSD
2023-06-13 17:00:00;60.597;60.656;60.476;60.507;24.81;KO.USUSD
2023-06-13 18:00:00;60.506;60.547;60.416;60.446;28.26;KO.USUSD
2023-06-13 19:00:00;60.447;60.556;60.416;60.437;28.26;KO.USUSD
2023-06-14 13:00:00;60.676;60.827;60.596;60.777;165.99;KO.USUSD
2023-06-14 14:00:00;60.776;60.887;60.766;60.847;60.06;KO.USUSD
2023-06-14 15:00:00;60.846;61.066;60.836;61.056;33.78;KO.USUSD
2023-06-14 16:00:00;61.047;61.047;60.986;61.007;17.97;KO.USUSD
2023-06-14 17:00:00;60.997;61.007;60.876;60.957;27.69;KO.USUSD
2023-06-14 18:00:00;60.957;60.976;60.717;60.936;214.44;KO.USUSD
2023-06-14 19:00:00;60.946;61.027;60.766;60.857;72.3;KO.USUSD
2023-06-15 13:00:00;60.547;60.927;60.336;60.886;205.2;KO.USUSD
2023-06-15 14:00:00;60.887;60.926;60.716;60.837;87.57;KO.USUSD
2023-06-15 15:00:00;60.847;60.967;60.776;60.886;46.83;KO.USUSD
2023-06-15 16:00:00;60.876;60.966;60.816;60.907;19.83;KO.USUSD
2023-06-15 17:00:00;60.916;60.997;60.877;60.986;22.2;KO.USUSD
2023-06-15 18:00:00;60.996;61.257;60.907;61.237;24.99;KO.USUSD
2023-06-15 19:00:00;61.247;61.287;61.176;61.226;39.6;KO.USUSD
2023-06-16 13:00:00;61.217;61.847;61.216;61.766;256.38;KO.USUSD
2023-06-16 14:00:00;61.787;61.967;61.766;61.926;117.54;KO.USUSD
2023-06-16 15:00:00;61.936;62.157;61.907;62.017;50.64;KO.USUSD
2023-06-16 16:00:00;62.027;62.116;61.976;62.027;26.28;KO.USUSD
2023-06-16 17:00:00;62.017;62.017;61.777;61.777;26.49;KO.USUSD
2023-06-16 18:00:00;61.786;61.847;61.726;61.746;21.03;KO.USUSD
2023-06-16 19:00:00;61.756;61.787;61.616;61.697;48.63;KO.USUSD
2023-06-20 13:00:00;61.576;61.947;61.556;61.837;161.92;KO.USUSD
2023-06-20 14:00:00;61.847;61.927;61.616;61.697;74.77;KO.USUSD
2023-06-20 15:00:00;61.707;61.707;61.436;61.546;29.24;KO.USUSD
2023-06-20 16:00:00;61.556;61.607;61.477;61.567;29.55;KO.USUSD
2023-06-20 17:00:00;61.566;61.567;61.396;61.396;17.97;KO.USUSD
2023-06-20 18:00:00;61.386;61.517;61.386;61.486;16.68;KO.USUSD
2023-06-20 19:00:00;61.496;61.496;61.236;61.257;28.49;KO.USUSD
2023-06-21 13:00:00;61.286;61.357;60.966;61.356;151.84;KO.USUSD
2023-06-21 14:00:00;61.356;61.577;61.256;61.547;89.811;KO.USUSD
2023-06-21 15:00:00;61.537;61.697;61.456;61.507;42.63;KO.USUSD
2023-06-21 16:00:00;61.497;61.607;61.466;61.506;28.49;KO.USUSD
2023-06-21 17:00:00;61.497;61.497;61.416;61.466;23.1;KO.USUSD
2023-06-21 18:00:00;61.477;61.507;61.427;61.476;18.52;KO.USUSD
2023-06-21 19:00:00;61.476;61.476;61.267;61.406;37.29;KO.USUSD
2023-06-22 13:00:00;61.566;62.017;61.566;61.606;212.23;KO.USUSD
2023-06-22 14:00:00;61.606;61.777;61.566;61.717;126.7;KO.USUSD
2023-06-22 15:00:00;61.716;61.897;61.706;61.716;41.9;KO.USUSD
2023-06-22 16:00:00;61.716;61.837;61.706;61.826;23.28;KO.USUSD
2023-06-22 17:00:00;61.817;61.906;61.766;61.877;21.59;KO.USUSD
2023-06-22 18:00:00;61.886;61.957;61.876;61.917;17.23;KO.USUSD
2023-06-22 19:00:00;61.926;61.927;61.706;61.846;28.57;KO.USUSD
2023-06-23 13:00:00;61.926;61.957;61.686;61.837;238.23;KO.USUSD
2023-06-23 14:00:00;61.836;61.937;61.707;61.717;69.72;KO.USUSD
2023-06-23 15:00:00;61.707;61.767;61.626;61.697;34.52;KO.USUSD
2023-06-23 16:00:00;61.687;61.717;61.606;61.607;24.24;KO.USUSD
2023-06-23 17:00:00;61.596;61.607;61.486;61.536;17.19;KO.USUSD
2023-06-23 18:00:00;61.536;61.536;61.296;61.346;15.01;KO.USUSD
2023-06-23 19:00:00;61.357;61.437;61.166;61.187;40.72;KO.USUSD
2023-06-26 13:00:00;61.196;61.197;60.386;60.477;182.5;KO.USUSD
2023-06-26 14:00:00;60.477;60.617;60.426;60.556;77.0;KO.USUSD
2023-06-26 15:00:00;60.566;60.807;60.497;60.767;57.43;KO.USUSD
2023-06-26 16:00:00;60.766;61.127;60.766;61.096;44.52;KO.USUSD
2023-06-26 17:00:00;61.096;61.107;60.946;60.976;21.08;KO.USUSD
2023-06-26 18:00:00;60.977;61.087;60.837;61.067;19.41;KO.USUSD
2023-06-26 19:00:00;61.067;61.276;61.067;61.197;25.24;KO.USUSD
2023-06-27 13:00:00;60.977;61.346;60.977;61.056;197.99;KO.USUSD
2023-06-27 14:00:00;61.046;61.287;61.016;61.086;93.21;KO.USUSD
2023-06-27 15:00:00;61.087;61.117;60.996;61.057;29.27;KO.USUSD
2023-06-27 16:00:00;61.057;61.087;60.976;61.087;18.54;KO.USUSD
2023-06-27 17:00:00;61.096;61.126;60.997;61.006;16.82;KO.USUSD
2023-06-27 18:00:00;61.016;61.116;61.006;61.076;12.65;KO.USUSD
2023-06-27 19:00:00;61.077;61.176;61.007;61.067;21.81;KO.USUSD
2023-06-28 13:00:00;60.807;61.027;60.416;60.446;202.8;KO.USUSD
2023-06-28 14:00:00;60.447;60.587;60.396;60.526;86.54;KO.USUSD
2023-06-28 15:00:00;60.526;60.767;60.476;60.706;33.14;KO.USUSD
2023-06-28 16:00:00;60.707;60.807;60.676;60.696;35.83;KO.USUSD
2023-06-28 17:00:00;60.697;60.717;60.537;60.586;23.11;KO.USUSD
2023-06-28 18:00:00;60.586;60.606;60.496;60.507;15.38;KO.USUSD
2023-06-28 19:00:00;60.517;60.586;60.446;60.517;24.73;KO.USUSD
2023-06-29 13:00:00;60.136;60.237;59.756;60.137;253.38;KO.USUSD
2023-06-29 14:00:00;60.166;60.207;60.037;60.117;57.55;KO.USUSD
2023-06-29 15:00:00;60.126;60.337;60.116;60.227;32.59;KO.USUSD
2023-06-29 16:00:00;60.226;60.326;60.146;60.296;22.93;KO.USUSD
2023-06-29 17:00:00;60.297;60.327;60.116;60.117;22.05;KO.USUSD
2023-06-29 18:00:00;60.107;60.117;60.006;60.047;17.58;KO.USUSD
2023-06-29 19:00:00;60.047;60.107;59.917;60.016;20.46;KO.USUSD
2023-06-30 13:00:00;59.937;60.126;59.846;59.916;108.45;KO.USUSD
2023-06-30 14:00:00;59.926;60.147;59.886;59.976;54.06;KO.USUSD
2023-06-30 15:00:00;59.976;60.187;59.966;60.167;34.23;KO.USUSD
2023-06-30 16:00:00;60.167;60.177;60.047;60.147;17.19;KO.USUSD
2023-06-30 17:00:00;60.146;60.207;60.106;60.137;15.6;KO.USUSD
2023-06-30 18:00:00;60.146;60.227;60.146;60.166;12.72;KO.USUSD
2023-06-30 19:00:00;60.167;60.337;60.156;60.196;30.81;KO.USUSD
2023-07-03 13:00:00;60.037;60.517;60.026;60.196;202.69;KO.USUSD
2023-07-03 14:00:00;60.207;60.527;60.156;60.507;84.46;KO.USUSD
2023-07-03 15:00:00;60.497;60.577;60.456;60.556;24.14;KO.USUSD
2023-07-03 16:00:00;60.567;60.617;60.526;60.567;15.39;KO.USUSD
2023-07-05 13:00:00;60.316;60.807;60.117;60.807;173.82;KO.USUSD
2023-07-05 14:00:00;60.816;60.936;60.606;60.866;59.05;KO.USUSD
2023-07-05 15:00:00;60.877;61.086;60.856;61.016;23.48;KO.USUSD
2023-07-05 16:00:00;61.026;61.027;60.786;60.886;25.21;KO.USUSD
2023-07-05 17:00:00;60.896;60.927;60.856;60.867;16.41;KO.USUSD
2023-07-05 18:00:00;60.867;60.927;60.856;60.926;13.14;KO.USUSD
2023-07-05 19:00:00;60.927;61.076;60.917;61.016;17.4;KO.USUSD
2023-07-06 13:00:00;60.656;61.017;60.576;60.797;173.88;KO.USUSD
2023-07-06 14:00:00;60.766;60.816;60.496;60.626;88.63;KO.USUSD
2023-07-06 15:00:00;60.636;60.677;60.526;60.597;41.82;KO.USUSD
2023-07-06 16:00:00;60.587;60.657;60.507;60.556;14.63;KO.USUSD
2023-07-06 17:00:00;60.546;60.587;60.497;60.587;10.28;KO.USUSD
2023-07-06 18:00:00;60.577;60.647;60.566;60.637;7.14;KO.USUSD
2023-07-06 19:00:00;60.646;60.657;60.546;60.556;14.33;KO.USUSD
2023-07-07 13:00:00;60.337;60.487;60.126;60.166;111.47;KO.USUSD
2023-07-07 14:00:00;60.157;60.326;60.136;60.246;44.12;KO.USUSD
2023-07-07 15:00:00;60.257;60.257;60.066;60.116;22.34;KO.USUSD
2023-07-07 16:00:00;60.117;60.277;60.106;60.226;15.96;KO.USUSD
2023-07-07 17:00:00;60.237;60.276;60.117;60.156;13.77;KO.USUSD
2023-07-07 18:00:00;60.137;60.187;60.107;60.107;10.22;KO.USUSD
2023-07-07 19:00:00;60.097;60.117;59.726;59.747;31.38;KO.USUSD
2023-07-10 13:00:00;59.896;60.137;59.896;60.027;132.39;KO.USUSD
2023-07-10 14:00:00;60.036;60.047;59.657;59.736;46.14;KO.USUSD
2023-07-10 15:00:00;59.746;59.777;59.637;59.736;25.82;KO.USUSD
2023-07-10 16:00:00;59.736;59.746;59.606;59.656;18.01;KO.USUSD
2023-07-10 17:00:00;59.666;59.716;59.586;59.636;11.45;KO.USUSD
2023-07-10 18:00:00;59.637;59.646;59.497;59.506;7.8;KO.USUSD
2023-07-10 19:00:00;59.496;59.496;59.136;59.306;25.88;KO.USUSD
2023-07-11 13:00:00;59.456;59.517;59.166;59.206;92.26;KO.USUSD
2023-07-11 14:00:00;59.206;59.257;58.836;59.087;66.31;KO.USUSD
2023-07-11 15:00:00;59.087;59.367;59.076;59.357;37.42;KO.USUSD
2023-07-11 16:00:00;59.366;59.377;59.206;59.276;24.44;KO.USUSD
2023-07-11 17:00:00;59.277;59.326;59.246;59.287;12.32;KO.USUSD
2023-07-11 18:00:00;59.296;59.346;59.286;59.336;8.06;KO.USUSD
2023-07-11 19:00:00;59.327;59.526;59.236;59.506;27.39;KO.USUSD
2023-07-12 13:00:00;59.667;59.846;59.426;59.787;135.59;KO.USUSD
2023-07-12 14:00:00;59.776;59.897;59.616;59.857;62.82;KO.USUSD
2023-07-12 15:00:00;59.847;60.007;59.796;59.967;35.54;KO.USUSD
2023-07-12 16:00:00;59.956;60.037;59.887;59.897;23.26;KO.USUSD
2023-07-12 17:00:00;59.917;59.917;59.736;59.736;13.01;KO.USUSD
2023-07-12 18:00:00;59.747;59.817;59.716;59.796;9.86;KO.USUSD
2023-07-12 19:00:00;59.796;59.856;59.686;59.847;20.02;KO.USUSD
2023-07-13 13:00:00;60.027;60.367;59.966;60.257;136.13;KO.USUSD
2023-07-13 14:00:00;60.266;60.356;60.116;60.197;65.19;KO.USUSD
2023-07-13 15:00:00;60.207;60.207;60.076;60.157;31.39;KO.USUSD
2023-07-13 16:00:00;60.167;60.207;60.146;60.186;15.42;KO.USUSD
2023-07-13 17:00:00;60.187;60.237;60.136;60.237;9.48;KO.USUSD
2023-07-13 18:00:00;60.227;60.317;60.186;60.296;11.69;KO.USUSD
2023-07-13 19:00:00;60.297;60.447;60.286;60.347;20.15;KO.USUSD
2023-07-14 13:00:00;60.037;60.357;60.036;60.346;113.43;KO.USUSD
2023-07-14 14:00:00;60.327;60.707;60.297;60.696;65.78;KO.USUSD
2023-07-14 15:00:00;60.697;60.747;60.597;60.637;26.91;KO.USUSD
2023-07-14 16:00:00;60.636;60.746;60.596;60.746;17.0;KO.USUSD
2023-07-14 17:00:00;60.757;60.887;60.726;60.847;17.13;KO.USUSD
2023-07-14 18:00:00;60.856;60.916;60.797;60.907;14.8;KO.USUSD
2023-07-14 19:00:00;60.897;61.027;60.866;60.917;25.22;KO.USUSD
2023-07-17 13:00:00;60.757;60.837;60.486;60.806;196.56;KO.USUSD
2023-07-17 14:00:00;60.797;60.977;60.796;60.946;61.81;KO.USUSD
2023-07-17 15:00:00;60.937;61.087;60.917;60.986;30.2;KO.USUSD
2023-07-17 16:00:00;60.986;60.987;60.896;60.907;19.87;KO.USUSD
2023-07-17 17:00:00;60.897;60.897;60.766;60.837;16.26;KO.USUSD
2023-07-17 18:00:00;60.837;60.877;60.776;60.776;13.51;KO.USUSD
2023-07-17 19:00:00;60.766;60.907;60.746;60.787;26.85;KO.USUSD
2023-07-18 13:00:00;60.806;61.007;60.786;60.836;155.5;KO.USUSD
2023-07-18 14:00:00;60.837;61.186;60.817;61.146;54.69;KO.USUSD
2023-07-18 15:00:00;61.147;61.237;60.806;60.837;45.09;KO.USUSD
2023-07-18 16:00:00;60.846;60.877;60.406;60.507;47.15;KO.USUSD
2023-07-18 17:00:00;60.497;60.517;60.406;60.486;20.79;KO.USUSD
2023-07-18 18:00:00;60.477;60.516;60.416;60.446;15.2;KO.USUSD
2023-07-18 19:00:00;60.437;60.587;60.416;60.566;23.89;KO.USUSD
2023-07-19 13:00:00;60.656;61.177;60.646;61.146;162.02;KO.USUSD
2023-07-19 14:00:00;61.156;61.447;61.136;61.187;87.36;KO.USUSD
2023-07-19 15:00:00;61.197;61.377;61.147;61.367;39.39;KO.USUSD
2023-07-19 16:00:00;61.367;61.496;61.336;61.467;36.28;KO.USUSD
2023-07-19 17:00:00;61.477;61.687;61.467;61.617;24.14;KO.USUSD
2023-07-19 18:00:00;61.617;61.777;61.596;61.727;22.25;KO.USUSD
2023-07-19 19:00:00;61.736;61.746;61.606;61.616;26.03;KO.USUSD
2023-07-20 13:00:00;61.647;61.967;61.646;61.907;167.21;KO.USUSD
2023-07-20 14:00:00;61.917;62.237;61.917;62.096;96.8;KO.USUSD
2023-07-20 15:00:00;62.107;62.187;62.016;62.147;44.8;KO.USUSD
2023-07-20 16:00:00;62.156;62.256;62.126;62.197;23.35;KO.USUSD
2023-07-20 17:00:00;62.197;62.317;62.176;62.277;25.45;KO.USUSD
2023-07-20 18:00:00;62.277;62.336;62.207;62.307;30.87;KO.USUSD
2023-07-20 19:00:00;62.317;62.397;62.226;62.366;37.41;KO.USUSD
2023-07-21 13:00:00;62.196;62.667;62.196;62.576;118.41;KO.USUSD
2023-07-21 14:00:00;62.576;62.607;62.486;62.507;44.59;KO.USUSD
2023-07-21 15:00:00;62.506;62.527;62.336;62.357;39.74;KO.USUSD
2023-07-21 16:00:00;62.356;62.437;62.337;62.376;21.87;KO.USUSD
2023-07-21 17:00:00;62.366;62.397;62.347;62.397;7.71;KO.USUSD
2023-07-21 18:00:00;62.417;62.417;62.286;62.286;15.91;KO.USUSD
2023-07-21 19:00:00;62.276;62.447;62.236;62.406;30.95;KO.USUSD
2023-07-24 13:00:00;62.307;62.777;62.306;62.736;104.66;KO.USUSD
2023-07-24 14:00:00;62.747;62.796;62.456;62.476;59.13;KO.USUSD
2023-07-24 15:00:00;62.467;62.526;62.426;62.506;23.87;KO.USUSD
2023-07-24 16:00:00;62.516;62.537;62.466;62.477;14.95;KO.USUSD
2023-07-24 17:00:00;62.467;62.506;62.456;62.497;13.38;KO.USUSD
2023-07-24 18:00:00;62.507;62.517;62.416;62.437;10.98;KO.USUSD
2023-07-24 19:00:00;62.437;62.526;62.406;62.447;21.24;KO.USUSD
2023-07-25 13:00:00;62.316;62.347;62.057;62.167;129.42;KO.USUSD
2023-07-25 14:00:00;62.167;62.247;62.036;62.236;58.88;KO.USUSD
2023-07-25 15:00:00;62.236;62.366;62.197;62.347;20.45;KO.USUSD
2023-07-25 16:00:00;62.357;62.376;62.206;62.267;19.11;KO.USUSD
2023-07-25 17:00:00;62.277;62.277;62.136;62.136;10.31;KO.USUSD
2023-07-25 18:00:00;62.147;62.297;62.127;62.266;14.43;KO.USUSD
2023-07-25 19:00:00;62.257;62.286;62.086;62.246;31.22;KO.USUSD
2023-07-26 13:00:00;61.836;62.417;60.997;62.206;291.4;KO.USUSD
2023-07-26 14:00:00;62.226;62.717;62.026;62.677;127.8436;KO.USUSD
2023-07-26 15:00:00;62.696;62.897;62.416;62.846;67.94;KO.USUSD
2023-07-26 16:00:00;62.857;62.977;62.806;62.836;38.02;KO.USUSD
2023-07-26 17:00:00;62.836;62.917;62.786;62.847;21.92;KO.USUSD
2023-07-26 18:00:00;62.837;63.157;62.746;63.097;87.14;KO.USUSD
2023-07-26 19:00:00;63.097;63.106;62.797;63.067;60.18;KO.USUSD
2023-07-27 13:00:00;63.027;63.257;62.946;63.096;158.73;KO.USUSD
2023-07-27 14:00:00;63.096;63.107;62.906;62.916;59.73;KO.USUSD
2023-07-27 15:00:00;62.916;62.917;62.627;62.696;34.65;KO.USUSD
2023-07-27 16:00:00;62.686;62.756;62.616;62.756;16.89;KO.USUSD
2023-07-27 17:00:00;62.757;62.797;62.516;62.516;28.63;KO.USUSD
2023-07-27 18:00:00;62.517;62.527;62.376;62.457;28.67;KO.USUSD
2023-07-27 19:00:00;62.447;62.597;62.386;62.426;46.66;KO.USUSD
2023-07-28 13:00:00;62.446;62.757;62.446;62.566;159.21;KO.USUSD
2023-07-28 14:00:00;62.567;62.767;62.566;62.677;79.94;KO.USUSD
2023-07-28 15:00:00;62.676;62.727;62.507;62.516;30.79;KO.USUSD
2023-07-28 16:00:00;62.516;62.516;62.376;62.387;15.96;KO.USUSD
2023-07-28 17:00:00;62.387;62.387;62.217;62.276;14.93;KO.USUSD
2023-07-28 18:00:00;62.276;62.406;62.256;62.366;13.22;KO.USUSD
2023-07-28 19:00:00;62.367;62.507;62.337;62.476;20.22;KO.USUSD
2023-07-31 13:00:00;62.176;62.417;62.066;62.317;162.69;KO.USUSD
2023-07-31 14:00:00;62.317;62.427;62.026;62.076;64.33;KO.USUSD
2023-07-31 15:00:00;62.076;62.096;61.726;61.766;36.01;KO.USUSD
2023-07-31 16:00:00;61.756;62.037;61.756;62.027;29.64;KO.USUSD
2023-07-31 17:00:00;62.027;62.127;61.976;62.107;17.49;KO.USUSD
2023-07-31 18:00:00;62.097;62.117;61.987;62.027;20.69;KO.USUSD
2023-07-31 19:00:00;62.037;62.057;61.737;61.937;43.8;KO.USUSD
2023-08-01 13:00:00;61.816;62.347;61.816;62.066;174.68;KO.USUSD
2023-08-01 14:00:00;62.066;62.167;61.766;61.797;97.81;KO.USUSD
2023-08-01 15:00:00;61.797;61.816;61.617;61.766;38.39;KO.USUSD
2023-08-01 16:00:00;61.787;61.957;61.787;61.916;24.04;KO.USUSD
2023-08-01 17:00:00;61.917;61.927;61.776;61.817;17.43;KO.USUSD
2023-08-01 18:00:00;61.827;61.857;61.767;61.846;13.26;KO.USUSD
2023-08-01 19:00:00;61.847;61.877;61.697;61.766;19.25;KO.USUSD
2023-08-02 13:00:00;61.646;62.027;61.497;62.026;172.9896;KO.USUSD
2023-08-02 14:00:00;62.026;62.227;61.966;62.117;90.27;KO.USUSD
2023-08-02 15:00:00;62.116;62.407;62.087;62.356;66.28;KO.USUSD
2023-08-02 16:00:00;62.367;62.577;62.246;62.246;47.9;KO.USUSD
2023-08-02 17:00:00;62.257;62.287;62.176;62.176;28.5;KO.USUSD
2023-08-02 18:00:00;62.186;62.196;62.026;62.036;19.42;KO.USUSD
2023-08-02 19:00:00;62.047;62.127;61.917;61.917;49.86;KO.USUSD
2023-08-03 13:00:00;61.836;62.107;61.606;61.736;181.53;KO.USUSD
2023-08-03 14:00:00;61.747;61.807;61.546;61.566;83.44;KO.USUSD
2023-08-03 15:00:00;61.567;61.677;61.526;61.637;35.38;KO.USUSD
2023-08-03 16:00:00;61.637;61.757;61.607;61.717;21.17;KO.USUSD
2023-08-03 17:00:00;61.717;61.747;61.646;61.647;20.95;KO.USUSD
2023-08-03 18:00:00;61.647;61.687;61.616;61.666;16.79;KO.USUSD
2023-08-03 19:00:00;61.677;61.677;61.546;61.616;23.64;KO.USUSD
2023-08-04 13:00:00;61.697;61.876;61.596;61.736;135.59;KO.USUSD
2023-08-04 14:00:00;61.737;61.787;61.286;61.286;82.11;KO.USUSD
2023-08-04 15:00:00;61.287;61.367;61.206;61.217;32.31;KO.USUSD
2023-08-04 16:00:00;61.206;61.427;61.206;61.406;27.16;KO.USUSD
2023-08-04 17:00:00;61.406;61.456;61.186;61.187;24.12;KO.USUSD
2023-08-04 18:00:00;61.196;61.196;60.676;60.706;47.03;KO.USUSD
2023-08-04 19:00:00;60.717;60.787;60.616;60.697;48.2;KO.USUSD
2023-08-07 13:00:00;60.717;61.046;60.717;61.027;118.41;KO.USUSD
2023-08-07 14:00:00;61.027;61.097;60.926;60.946;74.61;KO.USUSD
2023-08-07 15:00:00;60.956;61.127;60.956;61.077;35.08;KO.USUSD
2023-08-07 16:00:00;61.066;61.147;61.026;61.087;20.98;KO.USUSD
2023-08-07 17:00:00;61.096;61.316;61.096;61.247;18.8;KO.USUSD
2023-08-07 18:00:00;61.247;61.297;61.186;61.207;16.02;KO.USUSD
2023-08-07 19:00:00;61.217;61.247;61.116;61.186;28.23;KO.USUSD
2023-08-08 13:00:00;60.847;61.337;60.846;61.066;136.74;KO.USUSD
2023-08-08 14:00:00;61.067;61.147;60.616;60.727;82.36;KO.USUSD
2023-08-08 15:00:00;60.727;60.897;60.727;60.836;41.74;KO.USUSD
2023-08-08 16:00:00;60.846;60.947;60.806;60.816;29.61;KO.USUSD
2023-08-08 17:00:00;60.816;60.866;60.726;60.806;30.05;KO.USUSD
2023-08-08 18:00:00;60.797;60.837;60.767;60.837;22.78;KO.USUSD
2023-08-08 19:00:00;60.837;60.957;60.826;60.917;28.66;KO.USUSD
2023-08-09 13:00:00;60.617;61.176;60.616;61.176;119.33;KO.USUSD
2023-08-09 14:00:00;61.177;61.577;61.146;61.557;61.46;KO.USUSD
2023-08-09 15:00:00;61.557;61.616;61.216;61.247;66.4;KO.USUSD
2023-08-09 16:00:00;61.247;61.267;61.076;61.197;48.85;KO.USUSD
2023-08-09 17:00:00;61.197;61.316;61.166;61.297;35.76;KO.USUSD
2023-08-09 18:00:00;61.287;61.397;61.246;61.266;30.98;KO.USUSD
2023-08-09 19:00:00;61.267;61.297;60.996;61.067;43.14;KO.USUSD
2023-08-10 13:00:00;61.177;61.727;61.177;61.577;130.71;KO.USUSD
2023-08-10 14:00:00;61.577;61.626;61.386;61.447;80.5;KO.USUSD
2023-08-10 15:00:00;61.447;61.517;61.277;61.326;56.1;KO.USUSD
2023-08-10 16:00:00;61.347;61.347;61.086;61.117;54.74;KO.USUSD
2023-08-10 17:00:00;61.116;61.207;60.907;60.936;58.63;KO.USUSD
2023-08-10 18:00:00;60.926;61.137;60.857;61.107;65.2;KO.USUSD
2023-08-10 19:00:00;61.106;61.106;60.786;60.906;68.18;KO.USUSD
2023-08-11 13:00:00;60.756;60.977;60.646;60.967;120.56;KO.USUSD
2023-08-11 14:00:00;60.966;61.127;60.926;60.997;75.3;KO.USUSD
2023-08-11 15:00:00;60.997;61.137;60.826;61.127;45.32;KO.USUSD
2023-08-11 16:00:00;61.127;61.167;60.976;61.016;37.1;KO.USUSD
2023-08-11 17:00:00;61.016;61.106;60.986;61.027;29.97;KO.USUSD
2023-08-11 18:00:00;61.017;61.157;61.017;61.136;29.66;KO.USUSD
2023-08-11 19:00:00;61.137;61.187;61.096;61.166;34.29;KO.USUSD
2023-08-14 13:00:00;61.096;61.457;61.096;61.287;141.44;KO.USUSD
2023-08-14 14:00:00;61.287;61.467;61.136;61.157;69.45;KO.USUSD
2023-08-14 15:00:00;61.147;61.187;61.076;61.126;39.73;KO.USUSD
2023-08-14 16:00:00;61.137;61.147;60.916;60.937;36.41;KO.USUSD
2023-08-14 17:00:00;60.937;60.977;60.766;60.807;26.7;KO.USUSD
2023-08-14 18:00:00;60.796;60.827;60.746;60.817;24.67;KO.USUSD
2023-08-14 19:00:00;60.816;60.887;60.746;60.857;32.68;KO.USUSD
2023-08-15 13:00:00;60.657;60.877;60.547;60.636;174.32;KO.USUSD
2023-08-15 14:00:00;60.637;60.677;60.506;60.506;77.09;KO.USUSD
2023-08-15 15:00:00;60.507;60.606;60.477;60.537;42.98;KO.USUSD
2023-08-15 16:00:00;60.526;60.616;60.436;60.576;33.51;KO.USUSD
2023-08-15 17:00:00;60.566;60.647;60.486;60.507;29.38;KO.USUSD
2023-08-15 18:00:00;60.517;60.537;60.436;60.527;23.16;KO.USUSD
2023-08-15 19:00:00;60.517;60.547;60.367;60.457;49.6;KO.USUSD
2023-08-16 13:00:00;60.437;60.807;60.437;60.656;130.12;KO.USUSD
2023-08-16 14:00:00;60.657;60.727;60.516;60.666;65.73;KO.USUSD
2023-08-16 15:00:00;60.687;60.797;60.686;60.746;42.76;KO.USUSD
2023-08-16 16:00:00;60.736;60.797;60.646;60.656;33.64;KO.USUSD
2023-08-16 17:00:00;60.647;60.687;60.526;60.656;28.59;KO.USUSD
2023-08-16 18:00:00;60.656;60.667;60.506;60.606;74.98;KO.USUSD
2023-08-16 19:00:00;60.606;60.607;60.396;60.466;69.99;KO.USUSD
2023-08-17 13:00:00;60.496;60.787;60.426;60.746;142.82;KO.USUSD
2023-08-17 14:00:00;60.747;60.967;60.656;60.846;108.46;KO.USUSD
2023-08-17 15:00:00;60.857;60.886;60.736;60.857;48.88;KO.USUSD
2023-08-17 16:00:00;60.856;61.007;60.817;60.846;36.55;KO.USUSD
2023-08-17 17:00:00;60.846;60.857;60.716;60.777;30.44;KO.USUSD
2023-08-17 18:00:00;60.776;60.817;60.646;60.666;30.11;KO.USUSD
2023-08-17 19:00:00;60.667;60.686;60.497;60.596;69.2;KO.USUSD
2023-08-18 13:00:00;60.196;60.737;60.196;60.727;166.3512;KO.USUSD
2023-08-18 14:00:00;60.727;60.727;60.536;60.706;73.43;KO.USUSD
2023-08-18 15:00:00;60.707;60.797;60.656;60.687;46.91;KO.USUSD
2023-08-18 16:00:00;60.687;60.717;60.596;60.607;26.84;KO.USUSD
2023-08-18 17:00:00;60.596;60.676;60.546;60.657;23.41;KO.USUSD
2023-08-18 18:00:00;60.646;60.826;60.636;60.816;22.57;KO.USUSD
2023-08-18 19:00:00;60.816;61.077;60.786;60.957;52.38;KO.USUSD
2023-08-21 13:00:00;60.786;60.867;60.626;60.816;129.6984;KO.USUSD
2023-08-21 14:00:00;60.817;60.847;60.496;60.556;65.2;KO.USUSD
2023-08-21 15:00:00;60.556;60.587;60.326;60.326;40.09;KO.USUSD
2023-08-21 16:00:00;60.327;60.477;60.316;60.467;31.8;KO.USUSD
2023-08-21 17:00:00;60.466;60.497;60.406;60.447;20.83;KO.USUSD
2023-08-21 18:00:00;60.447;60.567;60.406;60.557;17.22;KO.USUSD
2023-08-21 19:00:00;60.567;60.647;60.416;60.427;32.74;KO.USUSD
2023-08-22 13:00:00;60.297;60.567;60.246;60.366;153.22;KO.USUSD
2023-08-22 14:00:00;60.367;60.437;60.287;60.287;60.76;KO.USUSD
2023-08-22 15:00:00;60.287;60.317;60.136;60.147;34.11;KO.USUSD
2023-08-22 16:00:00;60.146;60.296;60.106;60.237;30.33;KO.USUSD
2023-08-22 17:00:00;60.237;60.237;60.126;60.156;29.63;KO.USUSD
2023-08-22 18:00:00;60.156;60.196;60.096;60.146;24.71;KO.USUSD
2023-08-22 19:00:00;60.146;60.216;59.967;60.047;32.66;KO.USUSD
2023-08-23 13:00:00;60.197;60.426;60.196;60.227;113.0124;KO.USUSD
2023-08-23 14:00:00;60.226;60.387;60.146;60.246;74.03;KO.USUSD
2023-08-23 15:00:00;60.246;60.277;60.176;60.217;41.24;KO.USUSD
2023-08-23 16:00:00;60.217;60.327;60.206;60.327;21.11;KO.USUSD
2023-08-23 17:00:00;60.317;60.346;60.246;60.256;20.42;KO.USUSD
2023-08-23 18:00:00;60.256;60.277;60.216;60.237;21.89;KO.USUSD
2023-08-23 19:00:00;60.237;60.277;60.186;60.266;27.37;KO.USUSD
2023-08-24 13:00:00;60.266;60.867;60.217;60.816;166.2584;KO.USUSD
2023-08-24 14:00:00;60.816;60.867;60.316;60.367;119.46;KO.USUSD
2023-08-24 15:00:00;60.367;60.407;60.286;60.306;72.82;KO.USUSD
2023-08-24 16:00:00;60.306;60.356;60.127;60.176;59.31;KO.USUSD
2023-08-24 17:00:00;60.187;60.277;60.166;60.217;34.38;KO.USUSD
2023-08-24 18:00:00;60.217;60.316;60.186;60.297;31.24;KO.USUSD
2023-08-24 19:00:00;60.306;60.387;60.086;60.097;59.38;KO.USUSD
2023-08-25 13:00:00;60.276;60.486;60.186;60.246;137.21;KO.USUSD
2023-08-25 14:00:00;60.246;60.297;60.006;60.187;187.3324;KO.USUSD
2023-08-25 15:00:00;60.196;60.557;60.186;60.436;122.72;KO.USUSD
2023-08-25 16:00:00;60.437;60.547;60.406;60.426;76.12;KO.USUSD
2023-08-25 17:00:00;60.427;60.467;60.226;60.347;54.58;KO.USUSD
2023-08-25 18:00:00;60.356;60.487;60.306;60.476;48.55;KO.USUSD
2023-08-25 19:00:00;60.476;60.527;60.206;60.376;51.69;KO.USUSD
2023-08-28 13:00:00;60.396;60.727;60.396;60.666;105.92;KO.USUSD
2023-08-28 14:00:00;60.667;60.667;60.416;60.437;39.88;KO.USUSD
2023-08-28 15:00:00;60.427;60.456;60.356;60.377;31.34;KO.USUSD
2023-08-28 16:00:00;60.397;60.437;60.366;60.437;18.34;KO.USUSD
2023-08-28 17:00:00;60.456;60.527;60.396;60.397;22.18;KO.USUSD
2023-08-28 18:00:00;60.396;60.547;60.396;60.527;17.81;KO.USUSD
2023-08-28 19:00:00;60.536;60.667;60.517;60.567;25.68;KO.USUSD
2023-08-29 13:00:00;60.466;60.607;60.406;60.446;106.77;KO.USUSD
2023-08-29 14:00:00;60.446;60.537;60.146;60.196;92.17;KO.USUSD
2023-08-29 15:00:00;60.186;60.377;60.146;60.316;44.23;KO.USUSD
2023-08-29 16:00:00;60.316;60.487;60.307;60.366;31.23;KO.USUSD
2023-08-29 17:00:00;60.366;60.377;60.256;60.277;20.46;KO.USUSD
2023-08-29 18:00:00;60.287;60.357;60.236;60.326;23.79;KO.USUSD
2023-08-29 19:00:00;60.327;60.517;60.306;60.487;31.36;KO.USUSD
2023-08-30 13:00:00;60.606;60.727;60.566;60.606;129.3696;KO.USUSD
2023-08-30 14:00:00;60.617;60.657;60.386;60.426;73.81;KO.USUSD
2023-08-30 15:00:00;60.427;60.467;60.376;60.416;22.65;KO.USUSD
2023-08-30 16:00:00;60.407;60.437;60.366;60.416;14.84;KO.USUSD
2023-08-30 17:00:00;60.417;60.467;60.326;60.327;12.87;KO.USUSD
2023-08-30 18:00:00;60.336;60.397;60.287;60.396;19.15;KO.USUSD
2023-08-30 19:00:00;60.387;60.487;60.376;60.467;17.46;KO.USUSD
2023-08-31 13:00:00;60.347;60.436;60.156;60.346;117.48;KO.USUSD
2023-08-31 14:00:00;60.326;60.326;60.036;60.136;50.01;KO.USUSD
2023-08-31 15:00:00;60.136;60.196;60.066;60.176;26.79;KO.USUSD
2023-08-31 16:00:00;60.176;60.247;60.166;60.226;19.88;KO.USUSD
2023-08-31 17:00:00;60.217;60.227;60.167;60.187;15.41;KO.USUSD
2023-08-31 18:00:00;60.187;60.237;59.946;59.947;14.13;KO.USUSD
2023-08-31 19:00:00;59.936;59.987;59.796;59.826;22.62;KO.USUSD
2023-09-01 13:00:00;59.997;60.117;59.826;59.927;141.2284;KO.USUSD
2023-09-01 14:00:00;59.917;59.917;59.496;59.647;80.48;KO.USUSD
2023-09-01 15:00:00;59.646;59.646;59.266;59.287;29.15;KO.USUSD
2023-09-01 16:00:00;59.276;59.317;59.186;59.186;31.55;KO.USUSD
2023-09-01 17:00:00;59.186;59.217;59.116;59.207;24.24;KO.USUSD
2023-09-01 18:00:00;59.216;59.327;59.186;59.256;27.9;KO.USUSD
2023-09-01 19:00:00;59.267;59.347;59.227;59.297;23.35;KO.USUSD
2023-09-05 13:00:00;59.166;59.297;58.886;59.167;117.06;KO.USUSD
2023-09-05 14:00:00;59.166;59.297;58.886;58.977;57.15;KO.USUSD
2023-09-05 15:00:00;58.977;59.017;58.796;58.866;29.73;KO.USUSD
2023-09-05 16:00:00;58.876;58.936;58.806;58.806;21.14;KO.USUSD
2023-09-05 17:00:00;58.807;58.837;58.666;58.706;13.96;KO.USUSD
2023-09-05 18:00:00;58.696;58.886;58.696;58.877;14.36;KO.USUSD
2023-09-05 19:00:00;58.886;58.927;58.757;58.797;22.68;KO.USUSD
2023-09-06 13:00:00;58.587;58.806;58.546;58.616;165.101;KO.USUSD
2023-09-06 14:00:00;58.616;58.737;58.506;58.527;73.0622;KO.USUSD
2023-09-06 15:00:00;58.536;58.706;58.536;58.646;31.61;KO.USUSD
2023-09-06 16:00:00;58.647;58.717;58.547;58.556;20.68;KO.USUSD
2023-09-06 17:00:00;58.547;58.637;58.416;58.616;23.93;KO.USUSD
2023-09-06 18:00:00;58.616;58.636;58.547;58.627;18.34;KO.USUSD
2023-09-06 19:00:00;58.626;58.817;58.537;58.767;29.51;KO.USUSD
2023-09-07 13:00:00;58.906;59.137;58.796;58.937;194.35;KO.USUSD
2023-09-07 14:00:00;58.937;58.997;58.496;58.726;118.14;KO.USUSD
2023-09-07 15:00:00;58.726;58.767;58.566;58.706;40.93;KO.USUSD
2023-09-07 16:00:00;58.707;58.777;58.606;58.646;30.66;KO.USUSD
2023-09-07 17:00:00;58.646;58.707;58.546;58.576;25.86;KO.USUSD
2023-09-07 18:00:00;58.566;58.627;58.467;58.526;23.08;KO.USUSD
2023-09-07 19:00:00;58.526;58.527;58.296;58.316;35.28;KO.USUSD
2023-09-08 13:00:00;58.297;58.397;58.176;58.376;111.0024;KO.USUSD
2023-09-08 14:00:00;58.377;58.387;58.146;58.196;43.02;KO.USUSD
2023-09-08 15:00:00;58.197;58.197;58.006;58.097;23.32;KO.USUSD
2023-09-08 16:00:00;58.097;58.167;58.027;58.146;12.68;KO.USUSD
2023-09-08 17:00:00;58.137;58.157;58.096;58.116;11.55;KO.USUSD
2023-09-08 18:00:00;58.117;58.177;58.087;58.117;19.53;KO.USUSD
2023-09-08 19:00:00;58.126;58.327;58.076;58.316;32.63;KO.USUSD
2023-09-11 13:00:00;58.337;58.577;58.216;58.557;118.2784;KO.USUSD
2023-09-11 14:00:00;58.557;58.827;58.517;58.766;66.98;KO.USUSD
2023-09-11 15:00:00;58.766;58.956;58.636;58.916;30.73;KO.USUSD
2023-09-11 16:00:00;58.926;58.977;58.896;58.947;17.24;KO.USUSD
2023-09-11 17:00:00;58.946;58.977;58.817;58.847;11.67;KO.USUSD
2023-09-11 18:00:00;58.837;58.957;58.836;58.927;10.29;KO.USUSD
2023-09-11 19:00:00;58.926;58.946;58.756;58.867;16.65;KO.USUSD
2023-09-12 13:00:00;58.847;58.906;58.446;58.516;103.64;KO.USUSD
2023-09-12 14:00:00;58.517;58.537;58.316;58.416;44.75;KO.USUSD
2023-09-12 15:00:00;58.427;58.436;58.326;58.357;13.79;KO.USUSD
2023-09-12 16:00:00;58.356;58.517;58.346;58.506;14.35;KO.USUSD
2023-09-12 17:00:00;58.506;58.627;58.506;58.547;16.66;KO.USUSD
2023-09-12 18:00:00;58.546;58.546;58.277;58.286;14.41;KO.USUSD
2023-09-12 19:00:00;58.286;58.336;58.186;58.287;17.91;KO.USUSD
2023-09-13 13:00:00;58.407;58.577;58.346;58.547;105.26;KO.USUSD
2023-09-13 14:00:00;58.547;58.587;58.336;58.437;35.1;KO.USUSD
2023-09-13 15:00:00;58.437;58.537;58.426;58.516;18.08;KO.USUSD
2023-09-13 16:00:00;58.527;58.527;58.446;58.486;10.8;KO.USUSD
2023-09-13 17:00:00;58.477;58.566;58.446;58.566;7.15;KO.USUSD
2023-09-13 18:00:00;58.566;58.667;58.516;58.566;14.83;KO.USUSD
2023-09-13 19:00:00;58.566;58.566;58.407;58.426;15.69;KO.USUSD
2023-09-14 13:00:00;58.186;58.347;58.186;58.337;96.25;KO.USUSD
2023-09-14 14:00:00;58.347;58.437;58.186;58.246;40.15;KO.USUSD
2023-09-14 15:00:00;58.246;58.347;58.186;58.326;21.38;KO.USUSD
2023-09-14 16:00:00;58.317;58.487;58.317;58.467;16.03;KO.USUSD
2023-09-14 17:00:00;58.466;58.497;58.446;58.497;9.03;KO.USUSD
2023-09-14 18:00:00;58.496;58.507;58.447;58.497;11.89;KO.USUSD
2023-09-14 19:00:00;58.497;58.577;58.436;58.446;22.01;KO.USUSD
2023-09-15 13:00:00;58.207;58.627;58.206;58.447;107.27;KO.USUSD
2023-09-15 14:00:00;58.446;58.567;58.186;58.207;50.64;KO.USUSD
2023-09-15 15:00:00;58.207;58.297;58.137;58.256;21.64;KO.USUSD
2023-09-15 16:00:00;58.246;58.256;58.096;58.096;8.55;KO.USUSD
2023-09-15 17:00:00;58.086;58.107;57.906;58.107;19.13;KO.USUSD
2023-09-15 18:00:00;58.107;58.197;58.026;58.196;16.94;KO.USUSD
2023-09-15 19:00:00;58.197;58.267;57.746;57.936;85.73;KO.USUSD
2023-09-18 13:00:00;57.956;58.116;57.736;57.767;114.89;KO.USUSD
2023-09-18 14:00:00;57.766;57.967;57.617;57.927;60.98;KO.USUSD
2023-09-18 15:00:00;57.927;58.037;57.746;58.026;29.1;KO.USUSD
2023-09-18 16:00:00;58.027;58.287;58.016;58.287;20.77;KO.USUSD
2023-09-18 17:00:00;58.287;58.337;58.276;58.296;19.95;KO.USUSD
2023-09-18 18:00:00;58.297;58.307;58.216;58.296;15.91;KO.USUSD
2023-09-18 19:00:00;58.297;58.306;58.196;58.286;29.12;KO.USUSD
2023-09-19 13:00:00;58.277;58.277;57.906;58.087;98.27;KO.USUSD
2023-09-19 14:00:00;58.077;58.127;57.916;58.117;49.18;KO.USUSD
2023-09-19 15:00:00;58.107;58.116;58.016;58.016;17.37;KO.USUSD
2023-09-19 16:00:00;58.017;58.047;57.946;58.006;24.8;KO.USUSD
2023-09-19 17:00:00;58.006;58.237;57.996;58.237;20.95;KO.USUSD
2023-09-19 18:00:00;58.246;58.377;58.186;58.327;18.4;KO.USUSD
2023-09-19 19:00:00;58.326;58.347;58.156;58.176;23.12;KO.USUSD
2023-09-20 13:00:00;58.297;58.326;58.076;58.116;97.75;KO.USUSD
2023-09-20 14:00:00;58.116;58.497;58.116;58.487;46.84;KO.USUSD
2023-09-20 15:00:00;58.496;58.677;58.486;58.676;29.36;KO.USUSD
2023-09-20 16:00:00;58.666;58.817;58.666;58.806;12.96;KO.USUSD
2023-09-20 17:00:00;58.797;58.807;58.656;58.657;15.49;KO.USUSD
2023-09-20 18:00:00;58.647;58.647;58.436;58.457;116.32;KO.USUSD
2023-09-20 19:00:00;58.456;58.567;58.416;58.416;56.0;KO.USUSD
2023-09-21 13:00:00;58.357;58.407;57.957;58.207;174.0972;KO.USUSD
2023-09-21 14:00:00;58.207;58.266;57.666;57.826;96.86;KO.USUSD
2023-09-21 15:00:00;57.836;57.987;57.776;57.886;67.02;KO.USUSD
2023-09-21 16:00:00;57.886;57.887;57.696;57.727;28.25;KO.USUSD
2023-09-21 17:00:00;57.737;57.737;57.577;57.577;20.47;KO.USUSD
2023-09-21 18:00:00;57.577;57.697;57.466;57.697;13.13;KO.USUSD
2023-09-21 19:00:00;57.687;57.687;57.417;57.526;49.23;KO.USUSD
2023-09-22 13:00:00;57.656;57.817;57.496;57.637;173.27;KO.USUSD
2023-09-22 14:00:00;57.657;57.887;57.637;57.846;51.97;KO.USUSD
2023-09-22 15:00:00;57.846;57.957;57.776;57.796;32.03;KO.USUSD
2023-09-22 16:00:00;57.797;57.927;57.786;57.917;17.71;KO.USUSD
2023-09-22 17:00:00;57.916;57.937;57.766;57.816;16.15;KO.USUSD
2023-09-22 18:00:00;57.806;57.817;57.726;57.756;18.46;KO.USUSD
2023-09-22 19:00:00;57.756;57.917;57.496;57.556;53.486;KO.USUSD
2023-09-25 13:00:00;57.297;57.476;57.176;57.296;174.4;KO.USUSD
2023-09-25 14:00:00;57.286;57.297;56.896;57.076;69.7;KO.USUSD
2023-09-25 15:00:00;57.076;57.167;56.966;57.097;53.14;KO.USUSD
2023-09-25 16:00:00;57.097;57.097;56.956;56.976;20.32;KO.USUSD
2023-09-25 17:00:00;56.977;56.987;56.787;56.897;26.33;KO.USUSD
2023-09-25 18:00:00;56.896;56.927;56.746;56.856;22.67;KO.USUSD
2023-09-25 19:00:00;56.857;56.987;56.736;56.987;33.62;KO.USUSD
2023-09-26 13:00:00;56.697;56.876;56.616;56.876;117.1436;KO.USUSD
2023-09-26 14:00:00;56.876;56.887;56.417;56.566;54.39;KO.USUSD
2023-09-26 15:00:00;56.566;56.577;56.426;56.506;37.34;KO.USUSD
2023-09-26 16:00:00;56.516;56.537;56.466;56.466;12.18;KO.USUSD
2023-09-26 17:00:00;56.477;56.536;56.396;56.457;15.44;KO.USUSD
2023-09-26 18:00:00;56.456;56.587;56.446;56.537;20.9;KO.USUSD
2023-09-26 19:00:00;56.536;56.587;56.436;56.516;34.37;KO.USUSD
2023-09-27 13:00:00;56.326;56.506;56.216;56.276;127.57;KO.USUSD
2023-09-27 14:00:00;56.276;56.307;56.066;56.086;50.11;KO.USUSD
2023-09-27 15:00:00;56.086;56.087;55.927;55.967;30.13;KO.USUSD
2023-09-27 16:00:00;55.977;55.987;55.847;55.986;26.89;KO.USUSD
2023-09-27 17:00:00;55.986;56.037;55.676;55.797;38.15;KO.USUSD
2023-09-27 18:00:00;55.797;55.957;55.677;55.856;45.41;KO.USUSD
2023-09-27 19:00:00;55.857;55.957;55.757;55.937;73.76;KO.USUSD
2023-09-28 13:00:00;56.047;56.297;55.696;55.876;167.46;KO.USUSD
2023-09-28 14:00:00;55.876;55.947;55.776;55.906;80.57;KO.USUSD
2023-09-28 15:00:00;55.907;55.937;55.797;55.836;54.45;KO.USUSD
2023-09-28 16:00:00;55.847;55.897;55.756;55.826;33.71;KO.USUSD
2023-09-28 17:00:00;55.826;55.867;55.766;55.846;25.87;KO.USUSD
2023-09-28 18:00:00;55.847;55.957;55.806;55.826;20.46;KO.USUSD
2023-09-28 19:00:00;55.826;55.927;55.746;55.797;40.18;KO.USUSD
2023-09-29 13:00:00;55.967;56.257;55.836;55.907;161.87;KO.USUSD
2023-09-29 14:00:00;55.907;56.107;55.806;56.087;71.48;KO.USUSD
2023-09-29 15:00:00;56.086;56.097;55.866;55.877;45.71;KO.USUSD
2023-09-29 16:00:00;55.877;55.947;55.796;55.817;38.05;KO.USUSD
2023-09-29 17:00:00;55.817;55.846;55.646;55.646;37.8;KO.USUSD
2023-09-29 18:00:00;55.647;55.947;55.606;55.946;47.88;KO.USUSD
2023-09-29 19:00:00;55.946;56.107;55.816;55.996;105.41;KO.USUSD
2023-10-02 13:00:00;55.947;55.996;55.746;55.787;165.97;KO.USUSD
2023-10-02 14:00:00;55.787;55.855;55.376;55.447;114.1722;KO.USUSD
2023-10-02 15:00:00;55.447;55.497;55.156;55.236;89.42;KO.USUSD
2023-10-02 16:00:00;55.237;55.257;55.066;55.117;50.79;KO.USUSD
2023-10-02 17:00:00;55.116;55.367;55.106;55.366;44.49;KO.USUSD
2023-10-02 18:00:00;55.367;55.547;55.236;55.306;58.94;KO.USUSD
2023-10-02 19:00:00;55.307;55.467;55.256;55.467;70.84;KO.USUSD
2023-10-03 13:00:00;55.097;55.417;55.087;55.226;155.58;KO.USUSD
2023-10-03 14:00:00;55.227;55.227;54.916;54.997;126.4144;KO.USUSD
2023-10-03 15:00:00;54.987;55.097;54.806;54.866;69.43;KO.USUSD
2023-10-03 16:00:00;54.867;54.926;54.766;54.906;61.21;KO.USUSD
2023-10-03 17:00:00;54.906;55.037;54.906;54.957;42.26;KO.USUSD
2023-10-03 18:00:00;54.956;54.977;54.836;54.837;36.7;KO.USUSD
2023-10-03 19:00:00;54.836;54.897;54.786;54.877;64.59;KO.USUSD
2023-10-04 13:00:00;54.876;55.237;54.876;55.217;128.3112;KO.USUSD
2023-10-04 14:00:00;55.216;55.267;54.707;54.746;87.0912;KO.USUSD
2023-10-04 15:00:00;54.757;54.996;54.716;54.977;51.5;KO.USUSD
2023-10-04 16:00:00;54.977;55.067;54.896;54.897;36.19;KO.USUSD
2023-10-04 17:00:00;54.897;54.936;54.816;54.887;28.99;KO.USUSD
2023-10-04 18:00:00;54.887;54.987;54.806;54.977;37.07;KO.USUSD
2023-10-04 19:00:00;54.987;55.117;54.966;55.016;38.72;KO.USUSD
2023-10-05 13:00:00;54.596;54.747;54.026;54.257;174.5912;KO.USUSD
2023-10-05 14:00:00;54.257;54.287;53.516;53.517;129.09;KO.USUSD
2023-10-05 15:00:00;53.516;53.597;53.276;53.346;108.0;KO.USUSD
2023-10-05 16:00:00;53.346;53.346;52.877;52.906;70.82;KO.USUSD
2023-10-05 17:00:00;52.917;52.937;52.626;52.686;60.58;KO.USUSD
2023-10-05 18:00:00;52.697;52.917;52.546;52.837;82.1;KO.USUSD
2023-10-05 19:00:00;52.837;52.837;52.226;52.366;77.16;KO.USUSD
2023-10-06 13:00:00;52.007;52.287;51.676;51.847;340.3774;KO.USUSD
2023-10-06 14:00:00;51.847;52.306;51.546;52.306;266.98;KO.USUSD
2023-10-06 15:00:00;52.306;52.767;52.276;52.716;205.2;KO.USUSD
2023-10-06 16:00:00;52.716;52.747;52.396;52.607;122.25;KO.USUSD
2023-10-06 17:00:00;52.617;53.027;52.617;52.996;127.58;KO.USUSD
2023-10-06 18:00:00;52.987;53.277;52.986;53.256;80.85;KO.USUSD
2023-10-06 19:00:00;53.277;53.277;53.097;53.126;100.85;KO.USUSD
2023-10-09 13:00:00;52.927;53.137;52.396;52.497;351.36;KO.USUSD
2023-10-09 14:00:00;52.497;52.727;52.246;52.286;179.13;KO.USUSD
2023-10-09 15:00:00;52.297;52.477;52.217;52.477;106.66;KO.USUSD
2023-10-09 16:00:00;52.477;52.507;52.106;52.156;70.24;KO.USUSD
2023-10-09 17:00:00;52.157;52.567;52.126;52.556;73.91;KO.USUSD
2023-10-09 18:00:00;52.567;52.736;52.556;52.706;69.71;KO.USUSD
2023-10-09 19:00:00;52.706;52.867;52.606;52.857;99.8212;KO.USUSD
2023-10-10 13:00:00;54.007;54.287;53.546;53.716;497.8334;KO.USUSD
2023-10-10 14:00:00;53.737;54.106;53.736;53.896;276.83;KO.USUSD
2023-10-10 15:00:00;53.877;54.057;53.796;54.057;157.19;KO.USUSD
2023-10-10 16:00:00;54.056;54.277;54.026;54.237;70.48;KO.USUSD
2023-10-10 17:00:00;54.247;54.297;54.066;54.266;90.56;KO.USUSD
2023-10-10 18:00:00;54.267;54.287;53.946;53.957;71.61;KO.USUSD
2023-10-10 19:00:00;53.966;54.116;53.937;54.036;66.92;KO.USUSD
2023-10-11 13:00:00;54.077;54.257;53.036;53.337;385.37;KO.USUSD
2023-10-11 14:00:00;53.356;53.457;53.006;53.097;243.51;KO.USUSD
2023-10-11 15:00:00;53.096;53.406;53.056;53.276;129.67;KO.USUSD
2023-10-11 16:00:00;53.277;53.387;53.186;53.297;81.23;KO.USUSD
2023-10-11 17:00:00;53.286;53.476;53.226;53.436;56.12;KO.USUSD
2023-10-11 18:00:00;53.426;53.537;53.396;53.507;69.31;KO.USUSD
2023-10-11 19:00:00;53.507;53.767;53.437;53.707;52.82;KO.USUSD
2023-10-12 13:00:00;53.716;53.777;52.926;52.956;288.5272;KO.USUSD
2023-10-12 14:00:00;52.937;52.967;52.426;52.657;226.28;KO.USUSD
2023-10-12 15:00:00;52.657;52.917;52.526;52.916;129.63;KO.USUSD
2023-10-12 16:00:00;52.916;53.057;52.847;52.867;70.38;KO.USUSD
2023-10-12 17:00:00;52.876;52.876;52.496;52.497;101.65;KO.USUSD
2023-10-12 18:00:00;52.496;52.627;52.486;52.527;74.11;KO.USUSD
2023-10-12 19:00:00;52.527;52.837;52.446;52.796;87.83;KO.USUSD
2023-10-13 13:00:00;52.586;53.407;52.586;53.256;227.1318;KO.USUSD
2023-10-13 14:00:00;53.256;53.276;52.816;52.886;155.15;KO.USUSD
2023-10-13 15:00:00;52.887;53.017;52.646;52.697;101.22;KO.USUSD
2023-10-13 16:00:00;52.697;52.897;52.667;52.746;71.9;KO.USUSD
2023-10-13 17:00:00;52.746;52.967;52.636;52.876;96.03;KO.USUSD
2023-10-13 18:00:00;52.877;52.907;52.676;52.817;77.82;KO.USUSD
2023-10-13 19:00:00;52.816;52.916;52.706;52.877;102.62;KO.USUSD
2023-10-16 13:00:00;52.917;53.286;52.836;53.196;259.59;KO.USUSD
2023-10-16 14:00:00;53.177;53.477;53.146;53.447;175.72;KO.USUSD
2023-10-16 15:00:00;53.446;53.537;53.146;53.317;86.24;KO.USUSD
2023-10-16 16:00:00;53.327;53.397;53.247;53.386;51.04;KO.USUSD
2023-10-16 17:00:00;53.387;53.517;53.197;53.496;93.26;KO.USUSD
2023-10-16 18:00:00;53.496;53.547;53.326;53.437;45.64;KO.USUSD
2023-10-16 19:00:00;53.437;53.527;53.356;53.417;63.9;KO.USUSD
2023-10-17 13:00:00;53.296;53.727;53.206;53.537;255.98;KO.USUSD
2023-10-17 14:00:00;53.537;53.916;53.477;53.806;168.26;KO.USUSD
2023-10-17 15:00:00;53.806;54.017;53.736;54.006;89.09;KO.USUSD
2023-10-17 16:00:00;54.007;54.076;53.926;53.977;62.0;KO.USUSD
2023-10-17 17:00:00;53.976;53.997;53.746;53.816;60.66;KO.USUSD
2023-10-17 18:00:00;53.827;53.897;53.766;53.827;43.9;KO.USUSD
2023-10-17 19:00:00;53.836;54.087;53.826;54.057;63.4;KO.USUSD
2023-10-18 13:00:00;54.027;54.377;53.946;54.077;382.6324;KO.USUSD
2023-10-18 14:00:00;54.077;54.527;54.066;54.297;201.09;KO.USUSD
2023-10-18 15:00:00;54.297;54.297;53.916;53.977;130.4;KO.USUSD
2023-10-18 16:00:00;53.957;54.107;53.936;54.067;92.97;KO.USUSD
2023-10-18 17:00:00;54.067;54.337;54.056;54.256;136.93;KO.USUSD
2023-10-18 18:00:00;54.266;54.367;54.106;54.147;78.82;KO.USUSD
2023-10-18 19:00:00;54.146;54.226;53.917;54.037;88.5412;KO.USUSD
2023-10-19 13:00:00;54.186;54.277;54.016;54.166;253.6948;KO.USUSD
2023-10-19 14:00:00;54.167;54.277;53.857;54.236;137.8736;KO.USUSD
2023-10-19 15:00:00;54.237;54.517;54.176;54.426;91.74;KO.USUSD
2023-10-19 16:00:00;54.427;54.687;54.216;54.647;435.2348;KO.USUSD
2023-10-19 17:00:00;54.647;54.747;54.496;54.546;191.92;KO.USUSD
2023-10-19 18:00:00;54.556;54.657;54.366;54.406;118.12;KO.USUSD
2023-10-19 19:00:00;54.407;54.497;54.247;54.316;99.55;KO.USUSD
2023-10-20 13:00:00;54.256;54.997;54.256;54.717;356.4012;KO.USUSD
2023-10-20 14:00:00;54.717;54.957;54.576;54.946;204.02;KO.USUSD
2023-10-20 15:00:00;54.946;55.006;54.716;54.766;133.55;KO.USUSD
2023-10-20 16:00:00;54.766;54.897;54.656;54.766;94.27;KO.USUSD
2023-10-20 17:00:00;54.767;54.817;54.626;54.766;116.04;KO.USUSD
2023-10-20 18:00:00;54.767;54.816;54.636;54.717;82.27;KO.USUSD
2023-10-20 19:00:00;54.716;54.777;54.496;54.546;110.58;KO.USUSD
2023-10-23 13:00:00;54.366;54.537;54.046;54.527;277.2536;KO.USUSD
2023-10-23 14:00:00;54.527;54.867;54.446;54.796;147.94;KO.USUSD
2023-10-23 15:00:00;54.797;54.827;54.456;54.537;86.38;KO.USUSD
2023-10-23 16:00:00;54.537;54.616;54.456;54.616;55.88;KO.USUSD
2023-10-23 17:00:00;54.617;54.617;54.406;54.407;60.54;KO.USUSD
2023-10-23 18:00:00;54.406;54.407;54.176;54.276;70.83;KO.USUSD
2023-10-23 19:00:00;54.277;54.337;54.036;54.067;94.7509;KO.USUSD
2023-10-24 13:00:00;55.517;56.127;55.296;55.576;490.6255;KO.USUSD
2023-10-24 14:00:00;55.577;55.807;55.486;55.597;245.26;KO.USUSD
2023-10-24 15:00:00;55.586;55.716;55.436;55.557;133.28;KO.USUSD
2023-10-24 16:00:00;55.556;55.717;55.326;55.437;99.08;KO.USUSD
2023-10-24 17:00:00;55.437;55.507;55.316;55.467;79.9309;KO.USUSD
2023-10-24 18:00:00;55.467;55.817;55.436;55.777;37.03;KO.USUSD
2023-10-24 19:00:00;55.777;55.877;55.617;55.617;61.26;KO.USUSD
2023-10-25 13:00:00;55.737;55.997;55.617;55.766;270.23;KO.USUSD
2023-10-25 14:00:00;55.766;55.937;55.556;55.896;202.92;KO.USUSD
2023-10-25 15:00:00;55.876;56.207;55.846;56.117;135.39;KO.USUSD
2023-10-25 16:00:00;56.116;56.117;55.876;55.997;79.83;KO.USUSD
2023-10-25 17:00:00;56.007;56.037;55.906;56.036;77.94;KO.USUSD
2023-10-25 18:00:00;56.036;56.137;55.996;56.087;50.62;KO.USUSD
2023-10-25 19:00:00;56.086;56.187;55.996;56.107;64.59;KO.USUSD
2023-10-26 13:00:00;56.206;56.617;56.206;56.526;344.5912;KO.USUSD
2023-10-26 14:00:00;56.507;56.577;56.086;56.156;332.4;KO.USUSD
2023-10-26 15:00:00;56.156;56.226;55.986;56.127;175.38;KO.USUSD
2023-10-26 16:00:00;56.126;56.266;56.046;56.076;118.53;KO.USUSD
2023-10-26 17:00:00;56.076;56.317;56.046;56.196;100.26;KO.USUSD
2023-10-26 18:00:00;56.197;56.197;56.056;56.117;70.88;KO.USUSD
2023-10-26 19:00:00;56.127;56.177;55.716;55.787;109.15;KO.USUSD
2023-10-27 13:00:00;55.407;55.867;55.406;55.816;253.53;KO.USUSD
2023-10-27 14:00:00;55.816;56.127;55.736;56.037;188.21;KO.USUSD
2023-10-27 15:00:00;56.036;56.037;55.307;55.467;124.98;KO.USUSD
2023-10-27 16:00:00;55.466;55.577;55.277;55.316;78.6;KO.USUSD
2023-10-27 17:00:00;55.317;55.337;55.186;55.316;83.26;KO.USUSD
2023-10-27 18:00:00;55.317;55.457;55.096;55.126;121.41;KO.USUSD
2023-10-27 19:00:00;55.126;55.307;55.116;55.227;140.18;KO.USUSD
2023-10-30 13:00:00;55.337;55.776;55.336;55.656;253.321;KO.USUSD
2023-10-30 14:00:00;55.656;55.977;55.646;55.887;164.46;KO.USUSD
2023-10-30 15:00:00;55.886;55.967;55.687;55.787;109.52;KO.USUSD
2023-10-30 16:00:00;55.786;55.986;55.776;55.916;82.23;KO.USUSD
2023-10-30 17:00:00;55.916;56.167;55.866;56.106;65.47;KO.USUSD
2023-10-30 18:00:00;56.097;56.217;56.036;56.136;59.01;KO.USUSD
2023-10-30 19:00:00;56.137;56.266;56.076;56.146;72.53;KO.USUSD
2023-10-31 13:00:00;56.567;56.606;56.316;56.317;243.2972;KO.USUSD
2023-10-31 14:00:00;56.316;56.707;56.146;56.497;178.68;KO.USUSD
2023-10-31 15:00:00;56.497;56.516;56.306;56.436;93.13;KO.USUSD
2023-10-31 16:00:00;56.436;56.497;56.226;56.417;89.68;KO.USUSD
2023-10-31 17:00:00;56.417;56.527;56.386;56.497;45.42;KO.USUSD
2023-10-31 18:00:00;56.496;56.567;56.416;56.556;36.23;KO.USUSD
2023-10-31 19:00:00;56.567;56.567;56.336;56.467;63.16;KO.USUSD
2023-11-01 13:00:00;56.637;56.787;56.426;56.517;258.18;KO.USUSD
2023-11-01 14:00:00;56.516;56.767;56.426;56.537;173.87;KO.USUSD
2023-11-01 15:00:00;56.537;56.627;56.386;56.386;91.0;KO.USUSD
2023-11-01 16:00:00;56.387;56.477;56.336;56.427;57.26;KO.USUSD
2023-11-01 17:00:00;56.426;56.507;56.306;56.426;47.15;KO.USUSD
2023-11-01 18:00:00;56.436;56.487;56.256;56.407;269.8562;KO.USUSD
2023-11-01 19:00:00;56.407;56.577;56.376;56.427;133.54;KO.USUSD
2023-11-02 13:00:00;56.507;56.747;56.346;56.677;298.836759;KO.USUSD
2023-11-02 14:00:00;56.676;57.036;56.666;57.026;154.73;KO.USUSD
2023-11-02 15:00:00;57.027;57.077;56.806;57.016;102.57;KO.USUSD
2023-11-02 16:00:00;57.016;57.077;56.926;56.996;53.94;KO.USUSD
2023-11-02 17:00:00;56.996;57.097;56.967;57.027;32.04;KO.USUSD
2023-11-02 18:00:00;57.017;57.137;56.996;57.007;39.89;KO.USUSD
2023-11-02 19:00:00;56.996;57.097;56.996;57.076;49.01;KO.USUSD
2023-11-03 13:00:00;57.167;57.586;57.116;57.126;215.3366;KO.USUSD
2023-11-03 14:00:00;57.127;57.327;57.026;57.207;139.18;KO.USUSD
2023-11-03 15:00:00;57.207;57.257;57.106;57.196;72.31;KO.USUSD
2023-11-03 16:00:00;57.197;57.266;57.116;57.116;45.33;KO.USUSD
2023-11-03 17:00:00;57.106;57.137;56.866;56.966;39.91;KO.USUSD
2023-11-03 18:00:00;56.966;56.986;56.736;56.956;34.54;KO.USUSD
2023-11-03 19:00:00;56.957;56.987;56.696;56.726;63.35;KO.USUSD
2023-11-06 14:00:00;56.776;56.987;56.736;56.856;201.89;KO.USUSD
2023-11-06 15:00:00;56.867;57.227;56.836;57.127;87.21;KO.USUSD
2023-11-06 16:00:00;57.126;57.177;56.976;56.996;37.57;KO.USUSD
2023-11-06 17:00:00;57.006;57.157;56.966;57.146;26.36;KO.USUSD
2023-11-06 18:00:00;57.147;57.267;57.066;57.087;27.88;KO.USUSD
2023-11-06 19:00:00;57.076;57.096;56.957;57.007;22.12;KO.USUSD
2023-11-06 20:00:00;57.016;57.087;56.936;56.966;28.97;KO.USUSD
2023-11-07 14:00:00;56.907;57.156;56.716;57.156;141.4368;KO.USUSD
2023-11-07 15:00:00;57.156;57.367;57.126;57.296;75.88;KO.USUSD
2023-11-07 16:00:00;57.296;57.387;57.156;57.246;49.26;KO.USUSD
2023-11-07 17:00:00;57.236;57.257;57.156;57.236;30.07;KO.USUSD
2023-11-07 18:00:00;57.246;57.287;57.146;57.206;34.63;KO.USUSD
2023-11-07 19:00:00;57.226;57.276;57.176;57.186;25.64;KO.USUSD
2023-11-07 20:00:00;57.186;57.287;57.087;57.176;29.86;KO.USUSD
2023-11-08 14:00:00;57.336;57.457;57.286;57.387;153.2272;KO.USUSD
2023-11-08 15:00:00;57.377;57.437;57.286;57.337;77.91;KO.USUSD
2023-11-08 16:00:00;57.337;57.387;57.176;57.186;55.45;KO.USUSD
2023-11-08 17:00:00;57.177;57.186;56.996;57.087;42.79;KO.USUSD
2023-11-08 18:00:00;57.087;57.157;56.926;57.016;37.3;KO.USUSD
2023-11-08 19:00:00;57.017;57.087;56.916;56.927;20.27;KO.USUSD
2023-11-08 20:00:00;56.927;57.107;56.927;57.077;36.57;KO.USUSD
2023-11-09 14:00:00;56.906;57.117;56.436;56.436;239.1;KO.USUSD
2023-11-09 15:00:00;56.466;56.717;56.366;56.666;102.49;KO.USUSD
2023-11-09 16:00:00;56.667;56.777;56.496;56.497;46.61;KO.USUSD
2023-11-09 17:00:00;56.496;56.686;56.496;56.666;33.87;KO.USUSD
2023-11-09 18:00:00;56.676;56.817;56.556;56.607;112.44;KO.USUSD
2023-11-09 19:00:00;56.596;56.727;56.516;56.696;76.54;KO.USUSD
2023-11-09 20:00:00;56.696;56.767;56.596;56.657;45.96;KO.USUSD
2023-11-10 14:00:00;56.797;56.917;56.226;56.247;232.56;KO.USUSD
2023-11-10 15:00:00;56.262;56.386;56.046;56.307;122.34;KO.USUSD
2023-11-10 16:00:00;56.306;56.477;56.306;56.327;63.32;KO.USUSD
2023-11-10 17:00:00;56.337;56.657;56.337;56.657;54.58;KO.USUSD
2023-11-10 18:00:00;56.657;56.697;56.586;56.646;40.56;KO.USUSD
2023-11-10 19:00:00;56.646;56.687;56.546;56.557;24.3;KO.USUSD
2023-11-10 20:00:00;56.557;56.747;56.557;56.716;52.19;KO.USUSD
2023-11-13 14:00:00;56.566;56.907;56.566;56.877;196.38;KO.USUSD
2023-11-13 15:00:00;56.877;56.997;56.757;56.886;109.4;KO.USUSD
2023-11-13 16:00:00;56.877;57.087;56.806;57.056;87.92;KO.USUSD
2023-11-13 17:00:00;57.066;57.077;56.887;56.966;56.44;KO.USUSD
2023-11-13 18:00:00;56.957;57.017;56.846;56.897;35.77;KO.USUSD
2023-11-13 19:00:00;56.906;56.987;56.866;56.906;28.73;KO.USUSD
2023-11-13 20:00:00;56.917;56.987;56.836;56.916;28.76;KO.USUSD
2023-11-14 14:00:00;56.996;57.117;56.836;57.057;252.14;KO.USUSD
2023-11-14 15:00:00;57.056;57.227;56.796;56.926;174.28;KO.USUSD
2023-11-14 16:00:00;56.926;57.157;56.917;56.937;70.86;KO.USUSD
2023-11-14 17:00:00;56.927;56.967;56.846;56.927;54.29;KO.USUSD
2023-11-14 18:00:00;56.937;56.977;56.816;56.917;34.23;KO.USUSD
2023-11-14 19:00:00;56.906;57.136;56.896;57.126;42.55;KO.USUSD
2023-11-14 20:00:00;57.126;57.197;57.026;57.086;47.31;KO.USUSD
2023-11-15 14:00:00;57.226;57.317;56.926;57.077;225.91;KO.USUSD
2023-11-15 15:00:00;57.076;57.087;56.746;56.947;103.72;KO.USUSD
2023-11-15 16:00:00;56.947;57.047;56.816;56.996;72.84;KO.USUSD
2023-11-15 17:00:00;56.997;57.056;56.916;56.917;36.77;KO.USUSD
2023-11-15 18:00:00;56.936;57.087;56.926;57.036;32.44;KO.USUSD
2023-11-15 19:00:00;57.037;57.097;56.996;57.096;19.68;KO.USUSD
2023-11-15 20:00:00;57.096;57.217;57.046;57.207;47.56;KO.USUSD
2023-11-16 14:00:00;57.187;57.516;57.096;57.237;243.55;KO.USUSD
2023-11-16 15:00:00;57.237;57.407;57.066;57.337;112.9124;KO.USUSD
2023-11-16 16:00:00;57.337;57.337;57.046;57.177;74.7;KO.USUSD
2023-11-16 17:00:00;57.166;57.207;56.976;57.067;36.23;KO.USUSD
2023-11-16 18:00:00;57.067;57.277;57.066;57.097;44.01;KO.USUSD
2023-11-16 19:00:00;57.096;57.097;56.996;57.046;31.61;KO.USUSD
2023-11-16 20:00:00;57.047;57.157;56.986;57.126;42.73;KO.USUSD
2023-11-17 14:00:00;57.156;57.167;56.846;56.997;208.7492;KO.USUSD
2023-11-17 15:00:00;56.996;57.026;56.697;56.766;97.36;KO.USUSD
2023-11-17 16:00:00;56.776;56.987;56.706;56.987;48.53;KO.USUSD
2023-11-17 17:00:00;56.976;57.127;56.926;57.057;29.25;KO.USUSD
2023-11-17 18:00:00;57.057;57.237;57.026;57.196;29.17;KO.USUSD
2023-11-17 19:00:00;57.187;57.257;57.146;57.216;25.95;KO.USUSD
2023-11-17 20:00:00;57.226;57.326;57.176;57.257;46.44;KO.USUSD
2023-11-20 14:00:00;56.856;57.167;56.847;57.067;182.38;KO.USUSD
2023-11-20 15:00:00;57.066;57.297;57.036;57.196;103.6;KO.USUSD
2023-11-20 16:00:00;57.196;57.386;57.196;57.286;49.45;KO.USUSD
2023-11-20 17:00:00;57.287;57.317;57.146;57.197;34.26;KO.USUSD
2023-11-20 18:00:00;57.207;57.386;57.166;57.377;44.21;KO.USUSD
2023-11-20 19:00:00;57.376;57.507;57.336;57.496;21.57;KO.USUSD
2023-11-20 20:00:00;57.506;57.567;57.356;57.396;30.33;KO.USUSD
2023-11-21 14:00:00;57.396;57.557;57.326;57.516;192.056;KO.USUSD
2023-11-21 15:00:00;57.516;57.766;57.436;57.726;101.21;KO.USUSD
2023-11-21 16:00:00;57.747;57.847;57.646;57.747;35.79;KO.USUSD
2023-11-21 17:00:00;57.746;57.857;57.746;57.806;27.52;KO.USUSD
2023-11-21 18:00:00;57.806;57.927;57.756;57.846;22.83;KO.USUSD
2023-11-21 19:00:00;57.847;57.887;57.756;57.887;31.11;KO.USUSD
2023-11-21 20:00:00;57.887;58.027;57.806;58.027;27.01;KO.USUSD
2023-11-22 14:00:00;58.166;58.467;58.136;58.466;202.88;KO.USUSD
2023-11-22 15:00:00;58.467;58.507;58.346;58.397;97.65;KO.USUSD
2023-11-22 16:00:00;58.417;58.486;58.356;58.396;48.15;KO.USUSD
2023-11-22 17:00:00;58.417;58.477;58.257;58.366;38.47;KO.USUSD
2023-11-22 18:00:00;58.376;58.457;58.296;58.326;31.94;KO.USUSD
2023-11-22 19:00:00;58.326;58.477;58.326;58.376;27.02;KO.USUSD
2023-11-22 20:00:00;58.366;58.477;58.346;58.416;26.95;KO.USUSD
2023-11-24 14:00:00;58.307;58.727;58.306;58.426;223.81;KO.USUSD
2023-11-24 15:00:00;58.437;58.607;58.416;58.516;58.16;KO.USUSD
2023-11-24 16:00:00;58.516;58.536;58.386;58.427;42.53;KO.USUSD
2023-11-27 14:00:00;58.477;58.617;58.256;58.547;180.45;KO.USUSD
2023-11-27 15:00:00;58.536;58.656;58.436;58.647;64.86;KO.USUSD
2023-11-27 16:00:00;58.657;58.677;58.506;58.516;38.16;KO.USUSD
2023-11-27 17:00:00;58.516;58.516;58.337;58.337;28.62;KO.USUSD
2023-11-27 18:00:00;58.347;58.507;58.306;58.466;20.06;KO.USUSD
2023-11-27 19:00:00;58.467;58.496;58.406;58.437;13.68;KO.USUSD
2023-11-27 20:00:00;58.437;58.496;58.346;58.447;26.47;KO.USUSD
2023-11-28 14:00:00;58.296;58.637;58.296;58.576;119.62;KO.USUSD
2023-11-28 15:00:00;58.576;58.807;58.576;58.747;78.24;KO.USUSD
2023-11-28 16:00:00;58.747;58.817;58.636;58.817;52.901;KO.USUSD
2023-11-28 17:00:00;58.806;58.807;58.636;58.717;28.77;KO.USUSD
2023-11-28 18:00:00;58.706;58.807;58.646;58.676;33.4324;KO.USUSD
2023-11-28 19:00:00;58.687;58.737;58.606;58.707;27.86;KO.USUSD
2023-11-28 20:00:00;58.707;58.737;58.536;58.576;34.39;KO.USUSD
2023-11-29 14:00:00;58.496;58.547;58.346;58.466;67.42;KO.USUSD
2023-11-29 15:00:00;58.467;58.597;58.246;58.256;82.38;KO.USUSD
2023-11-29 16:00:00;58.247;58.287;58.157;58.227;48.74;KO.USUSD
2023-11-29 17:00:00;58.226;58.327;58.206;58.247;43.03;KO.USUSD
2023-11-29 18:00:00;58.247;58.267;58.166;58.267;24.43;KO.USUSD
2023-11-29 19:00:00;58.256;58.297;58.166;58.187;24.47;KO.USUSD
2023-11-29 20:00:00;58.187;58.227;58.097;58.226;34.85;KO.USUSD
2023-11-30 14:00:00;57.916;57.937;57.576;57.696;182.8936;KO.USUSD
2023-11-30 15:00:00;57.696;57.967;57.616;57.917;115.69;KO.USUSD
2023-11-30 16:00:00;57.917;58.057;57.867;58.017;68.04;KO.USUSD
2023-11-30 17:00:00;58.017;58.057;57.836;57.916;39.27;KO.USUSD
2023-11-30 18:00:00;57.907;58.017;57.887;57.907;25.74;KO.USUSD
2023-11-30 19:00:00;57.917;58.086;57.896;58.066;26.73;KO.USUSD
2023-11-30 20:00:00;58.067;58.446;57.976;58.387;68.3;KO.USUSD
2023-12-01 14:00:00;58.316;58.647;58.316;58.456;145.17;KO.USUSD
2023-12-01 15:00:00;58.457;58.537;58.266;58.316;86.85;KO.USUSD
2023-12-01 16:00:00;58.306;58.537;58.227;58.417;113.38;KO.USUSD
2023-12-01 17:00:00;58.417;58.546;58.406;58.507;49.72;KO.USUSD
2023-12-01 18:00:00;58.516;58.567;58.456;58.556;37.53;KO.USUSD
2023-12-01 19:00:00;58.567;58.616;58.516;58.577;26.51;KO.USUSD
2023-12-01 20:00:00;58.587;58.667;58.506;58.616;43.64;KO.USUSD
2023-12-04 14:00:00;58.447;58.946;58.446;58.796;156.2872;KO.USUSD
2023-12-04 15:00:00;58.797;58.887;58.666;58.836;104.18;KO.USUSD
2023-12-04 16:00:00;58.836;58.887;58.496;58.507;57.29;KO.USUSD
2023-12-04 17:00:00;58.507;58.637;58.436;58.617;40.24;KO.USUSD
2023-12-04 18:00:00;58.606;58.737;58.586;58.737;30.35;KO.USUSD
2023-12-04 19:00:00;58.737;58.827;58.716;58.726;31.57;KO.USUSD
2023-12-04 20:00:00;58.726;58.777;58.527;58.567;41.96;KO.USUSD
2023-12-05 14:00:00;58.507;58.637;58.427;58.456;183.0512;KO.USUSD
2023-12-05 15:00:00;58.456;58.686;58.406;58.676;157.241;KO.USUSD
2023-12-05 16:00:00;58.667;58.757;58.596;58.687;67.29;KO.USUSD
2023-12-05 17:00:00;58.686;58.786;58.666;58.756;35.77;KO.USUSD
2023-12-05 18:00:00;58.757;58.817;58.676;58.707;30.72;KO.USUSD
2023-12-05 19:00:00;58.706;58.717;58.596;58.676;37.98;KO.USUSD
2023-12-05 20:00:00;58.677;58.697;58.566;58.657;58.38;KO.USUSD
2023-12-06 14:00:00;58.557;58.677;58.366;58.476;185.27;KO.USUSD
2023-12-06 15:00:00;58.476;58.476;58.196;58.376;142.93;KO.USUSD
2023-12-06 16:00:00;58.366;58.647;58.366;58.527;59.48;KO.USUSD
2023-12-06 17:00:00;58.527;58.637;58.506;58.606;44.76;KO.USUSD
2023-12-06 18:00:00;58.616;58.717;58.576;58.656;44.78;KO.USUSD
2023-12-06 19:00:00;58.646;58.677;58.616;58.627;27.28;KO.USUSD
2023-12-06 20:00:00;58.617;58.727;58.556;58.606;50.47;KO.USUSD
2023-12-07 14:00:00;58.636;58.696;58.386;58.457;180.7612;KO.USUSD
2023-12-07 15:00:00;58.457;58.707;58.416;58.706;66.61;KO.USUSD
2023-12-07 16:00:00;58.696;58.836;58.646;58.836;49.17;KO.USUSD
2023-12-07 17:00:00;58.837;58.887;58.786;58.807;33.28;KO.USUSD
2023-12-07 18:00:00;58.806;58.857;58.757;58.847;23.34;KO.USUSD
2023-12-07 19:00:00;58.846;58.866;58.766;58.816;37.23;KO.USUSD
2023-12-07 20:00:00;58.817;58.827;58.666;58.717;40.94;KO.USUSD
2023-12-08 14:00:00;58.646;58.747;58.396;58.516;162.73;KO.USUSD
2023-12-08 15:00:00;58.517;58.657;58.406;58.576;104.0;KO.USUSD
2023-12-08 16:00:00;58.587;58.626;58.376;58.386;64.6;KO.USUSD
2023-12-08 17:00:00;58.386;58.476;58.357;58.436;26.99;KO.USUSD
2023-12-08 18:00:00;58.426;58.497;58.397;58.477;25.89;KO.USUSD
2023-12-08 19:00:00;58.487;58.567;58.457;58.516;19.57;KO.USUSD
2023-12-08 20:00:00;58.507;58.666;58.416;58.577;41.62;KO.USUSD
2023-12-11 14:00:00;58.716;58.937;58.496;58.736;176.3;KO.USUSD
2023-12-11 15:00:00;58.737;58.897;58.716;58.857;62.24;KO.USUSD
2023-12-11 16:00:00;58.857;58.987;58.826;58.987;49.16;KO.USUSD
2023-12-11 17:00:00;58.976;58.997;58.806;58.866;30.73;KO.USUSD
2023-12-11 18:00:00;58.867;58.956;58.827;58.926;23.6812;KO.USUSD
2023-12-11 19:00:00;58.917;58.967;58.866;58.947;15.52;KO.USUSD
2023-12-11 20:00:00;58.936;59.077;58.877;59.027;28.87;KO.USUSD
2023-12-12 14:00:00;59.176;59.287;58.876;59.256;190.62;KO.USUSD
2023-12-12 15:00:00;59.257;59.387;59.226;59.297;82.06;KO.USUSD
2023-12-12 16:00:00;59.287;59.297;58.996;59.047;51.03;KO.USUSD
2023-12-12 17:00:00;59.047;59.236;59.037;59.137;26.64;KO.USUSD
2023-12-12 18:00:00;59.136;59.237;59.126;59.217;36.51;KO.USUSD
2023-12-12 19:00:00;59.226;59.307;59.176;59.296;14.85;KO.USUSD
2023-12-12 20:00:00;59.306;59.407;59.306;59.396;22.44;KO.USUSD
2023-12-13 14:00:00;59.386;59.487;59.246;59.447;142.5112;KO.USUSD
2023-12-13 15:00:00;59.447;59.527;59.286;59.497;68.86;KO.USUSD
2023-12-13 16:00:00;59.487;59.637;59.466;59.527;28.38;KO.USUSD
2023-12-13 17:00:00;59.516;59.516;59.406;59.467;25.79;KO.USUSD
2023-12-13 18:00:00;59.457;59.487;59.366;59.376;11.99;KO.USUSD
2023-12-13 19:00:00;59.377;59.906;59.376;59.867;179.29;KO.USUSD
2023-12-13 20:00:00;59.866;60.007;59.836;59.927;70.32;KO.USUSD
2023-12-14 14:00:00;59.877;60.017;59.456;59.606;229.6312;KO.USUSD
2023-12-14 15:00:00;59.607;59.786;59.406;59.767;113.75;KO.USUSD
2023-12-14 16:00:00;59.766;59.787;59.516;59.526;78.91;KO.USUSD
2023-12-14 17:00:00;59.527;59.757;59.516;59.746;42.36;KO.USUSD
2023-12-14 18:00:00;59.747;59.767;59.496;59.546;55.92;KO.USUSD
2023-12-14 19:00:00;59.556;59.567;58.966;59.037;55.17;KO.USUSD
2023-12-14 20:00:00;59.026;59.056;58.766;59.037;80.15;KO.USUSD
2023-12-15 14:00:00;58.806;59.147;58.697;58.877;267.041;KO.USUSD
2023-12-15 15:00:00;58.877;59.077;58.736;59.067;96.36;KO.USUSD
2023-12-15 16:00:00;59.067;59.156;58.976;59.057;39.22;KO.USUSD
2023-12-15 17:00:00;59.066;59.087;58.796;58.837;42.79;KO.USUSD
2023-12-15 18:00:00;58.826;58.827;58.406;58.406;38.66;KO.USUSD
2023-12-15 19:00:00;58.406;58.607;58.276;58.396;41.73;KO.USUSD
2023-12-15 20:00:00;58.396;58.746;57.906;58.526;225.7309;KO.USUSD
2023-12-18 14:00:00;58.656;59.057;58.617;58.657;216.77;KO.USUSD
2023-12-18 15:00:00;58.657;59.147;58.616;59.137;115.761;KO.USUSD
2023-12-18 16:00:00;59.137;59.477;59.106;59.266;68.14;KO.USUSD
2023-12-18 17:00:00;59.257;59.397;59.146;59.206;41.27;KO.USUSD
2023-12-18 18:00:00;59.196;59.227;59.066;59.137;31.43;KO.USUSD
2023-12-18 19:00:00;59.137;59.177;59.027;59.046;30.24;KO.USUSD
2023-12-18 20:00:00;59.047;59.077;58.946;58.996;29.95;KO.USUSD
2023-12-19 14:00:00;58.997;59.196;58.746;59.096;234.74;KO.USUSD
2023-12-19 15:00:00;59.096;59.167;58.946;59.067;86.44;KO.USUSD
2023-12-19 16:00:00;59.056;59.057;58.877;58.937;49.56;KO.USUSD
2023-12-19 17:00:00;58.937;58.967;58.806;58.896;36.13;KO.USUSD
2023-12-19 18:00:00;58.887;58.977;58.836;58.926;30.12;KO.USUSD
2023-12-19 19:00:00;58.937;58.967;58.756;58.787;29.626;KO.USUSD
2023-12-19 20:00:00;58.787;58.817;58.626;58.817;38.59;KO.USUSD
2023-12-20 14:00:00;58.286;58.657;58.286;58.526;176.63;KO.USUSD
2023-12-20 15:00:00;58.517;58.547;58.336;58.346;109.45;KO.USUSD
2023-12-20 16:00:00;58.336;58.366;58.186;58.206;54.18;KO.USUSD
2023-12-20 17:00:00;58.196;58.237;58.127;58.167;33.58;KO.USUSD
2023-12-20 18:00:00;58.176;58.297;58.166;58.216;34.93;KO.USUSD
2023-12-20 19:00:00;58.217;58.267;57.886;57.917;73.41;KO.USUSD
2023-12-20 20:00:00;57.916;57.937;57.566;57.587;121.0412;KO.USUSD
2023-12-21 14:00:00;57.807;58.027;57.746;57.907;175.3324;KO.USUSD
2023-12-21 15:00:00;57.926;58.057;57.737;58.016;125.57;KO.USUSD
2023-12-21 16:00:00;58.006;58.047;57.726;57.726;63.54;KO.USUSD
2023-12-21 17:00:00;57.726;57.727;57.497;57.527;61.97;KO.USUSD
2023-12-21 18:00:00;57.516;57.637;57.456;57.617;50.79;KO.USUSD
2023-12-21 19:00:00;57.617;57.726;57.586;57.697;30.63;KO.USUSD
2023-12-21 20:00:00;57.696;58.007;57.656;57.956;56.12;KO.USUSD
2023-12-22 14:00:00;58.026;58.407;58.006;58.367;162.61;KO.USUSD
2023-12-22 15:00:00;58.377;58.447;58.287;58.356;81.51;KO.USUSD
2023-12-22 16:00:00;58.357;58.387;58.276;58.307;43.95;KO.USUSD
2023-12-22 17:00:00;58.307;58.437;58.296;58.426;31.39;KO.USUSD
2023-12-22 18:00:00;58.436;58.447;58.346;58.366;21.99;KO.USUSD
2023-12-22 19:00:00;58.366;58.377;58.116;58.266;57.81;KO.USUSD
2023-12-22 20:00:00;58.266;58.346;58.226;58.297;48.4;KO.USUSD
2023-12-26 14:00:00;58.026;58.316;58.026;58.297;112.5;KO.USUSD
2023-12-26 15:00:00;58.297;58.407;58.286;58.316;64.25;KO.USUSD
2023-12-26 16:00:00;58.316;58.387;58.287;58.376;29.56;KO.USUSD
2023-12-26 17:00:00;58.377;58.467;58.346;58.446;27.24;KO.USUSD
2023-12-26 18:00:00;58.456;58.567;58.456;58.526;21.18;KO.USUSD
2023-12-26 19:00:00;58.526;58.627;58.476;58.607;19.75;KO.USUSD
2023-12-26 20:00:00;58.596;58.697;58.527;58.557;34.72;KO.USUSD
2023-12-27 14:00:00;58.536;58.636;58.446;58.497;129.28;KO.USUSD
2023-12-27 15:00:00;58.506;58.617;58.396;58.587;58.99;KO.USUSD
2023-12-27 16:00:00;58.587;58.667;58.546;58.646;40.19;KO.USUSD
2023-12-27 17:00:00;58.636;58.667;58.606;58.656;24.16;KO.USUSD
2023-12-27 18:00:00;58.647;58.757;58.646;58.706;37.05;KO.USUSD
2023-12-27 19:00:00;58.696;58.707;58.537;58.626;43.32;KO.USUSD
2023-12-27 20:00:00;58.627;58.717;58.586;58.706;29.49;KO.USUSD
2023-12-28 14:00:00;58.646;58.856;58.596;58.746;149.3;KO.USUSD
2023-12-28 15:00:00;58.746;58.857;58.716;58.787;60.26;KO.USUSD
2023-12-28 16:00:00;58.786;58.817;58.666;58.666;28.94;KO.USUSD
2023-12-28 17:00:00;58.656;58.697;58.596;58.606;22.65;KO.USUSD
2023-12-28 18:00:00;58.607;58.727;58.517;58.716;31.94;KO.USUSD
2023-12-28 19:00:00;58.727;58.797;58.686;58.757;18.54;KO.USUSD
2023-12-28 20:00:00;58.747;58.777;58.666;58.756;40.89;KO.USUSD
2023-12-29 14:00:00;58.747;58.817;58.616;58.637;117.44;KO.USUSD
2023-12-29 15:00:00;58.637;58.897;58.636;58.856;82.01;KO.USUSD
2023-12-29 16:00:00;58.857;58.967;58.726;58.737;63.99;KO.USUSD
2023-12-29 17:00:00;58.736;58.767;58.666;58.747;26.87;KO.USUSD
2023-12-29 18:00:00;58.746;58.797;58.706;58.746;18.5;KO.USUSD
2023-12-29 19:00:00;58.746;58.836;58.736;58.796;16.0;KO.USUSD
2023-12-29 20:00:00;58.797;58.917;58.776;58.886;52.71;KO.USUSD
2024-01-02 14:00:00;58.687;59.276;58.636;59.227;242.02;KO.USUSD
2024-01-02 15:00:00;59.196;59.747;59.196;59.577;129.78;KO.USUSD
2024-01-02 16:00:00;59.577;59.597;59.336;59.557;82.65;KO.USUSD
2024-01-02 17:00:00;59.567;59.697;59.506;59.697;36.88;KO.USUSD
2024-01-02 18:00:00;59.687;59.727;59.616;59.716;30.62;KO.USUSD
2024-01-02 19:00:00;59.706;59.787;59.686;59.776;34.97;KO.USUSD
2024-01-02 20:00:00;59.777;59.867;59.676;59.827;58.42;KO.USUSD
2024-01-03 14:00:00;59.816;60.167;59.746;60.156;291.64;KO.USUSD
2024-01-03 15:00:00;60.137;60.187;59.856;59.886;154.51;KO.USUSD
2024-01-03 16:00:00;59.887;59.997;59.846;59.936;61.4;KO.USUSD
2024-01-03 17:00:00;59.947;60.016;59.896;60.006;35.46;KO.USUSD
2024-01-03 18:00:00;59.996;60.027;59.817;59.827;34.47;KO.USUSD
2024-01-03 19:00:00;59.827;59.987;59.806;59.897;95.42;KO.USUSD
2024-01-03 20:00:00;59.887;60.007;59.806;59.936;61.2;KO.USUSD
2024-01-04 14:00:00;59.916;60.037;59.636;59.936;322.5924;KO.USUSD
2024-01-04 15:00:00;59.936;60.167;59.916;60.167;93.19;KO.USUSD
2024-01-04 16:00:00;60.166;60.246;60.076;60.106;45.07;KO.USUSD
2024-01-04 17:00:00;60.116;60.117;59.976;59.987;39.28;KO.USUSD
2024-01-04 18:00:00;59.997;60.016;59.907;59.957;27.4;KO.USUSD
2024-01-04 19:00:00;59.957;59.976;59.876;59.936;33.93;KO.USUSD
2024-01-04 20:00:00;59.937;59.997;59.736;59.766;66.24;KO.USUSD
2024-01-05 14:00:00;59.717;59.817;59.566;59.747;258.46;KO.USUSD
2024-01-05 15:00:00;59.756;59.917;59.716;59.897;122.94;KO.USUSD
2024-01-05 16:00:00;59.896;59.937;59.376;59.377;79.8;KO.USUSD
2024-01-05 17:00:00;59.386;59.397;59.136;59.197;60.15;KO.USUSD
2024-01-05 18:00:00;59.187;59.357;59.086;59.357;46.64;KO.USUSD
2024-01-05 19:00:00;59.356;59.517;59.347;59.407;45.1;KO.USUSD
2024-01-05 20:00:00;59.407;59.697;59.386;59.637;56.94;KO.USUSD
2024-01-08 14:00:00;59.556;59.787;59.556;59.626;163.63;KO.USUSD
2024-01-08 15:00:00;59.616;59.766;59.407;59.686;116.57;KO.USUSD
2024-01-08 16:00:00;59.697;59.786;59.616;59.727;56.47;KO.USUSD
2024-01-08 17:00:00;59.727;59.807;59.706;59.797;38.82;KO.USUSD
2024-01-08 18:00:00;59.797;59.826;59.737;59.806;32.7;KO.USUSD
2024-01-08 19:00:00;59.807;60.087;59.766;60.077;34.24;KO.USUSD
2024-01-08 20:00:00;60.087;60.167;60.056;60.106;49.24;KO.USUSD
2024-01-09 14:00:00;59.917;59.977;59.586;59.926;265.9;KO.USUSD
2024-01-09 15:00:00;59.926;60.127;59.846;60.006;89.59;KO.USUSD
2024-01-09 16:00:00;59.996;60.057;59.966;59.987;37.79;KO.USUSD
2024-01-09 17:00:00;59.977;59.986;59.776;59.776;27.02;KO.USUSD
2024-01-09 18:00:00;59.767;59.917;59.727;59.856;47.16;KO.USUSD
2024-01-09 19:00:00;59.856;59.867;59.766;59.807;24.87;KO.USUSD
2024-01-09 20:00:00;59.817;60.017;59.766;59.966;39.17;KO.USUSD
2024-01-10 14:00:00;59.966;60.396;59.966;60.237;197.3834;KO.USUSD
2024-01-10 15:00:00;60.237;60.307;59.996;60.056;99.19;KO.USUSD
2024-01-10 16:00:00;60.077;60.087;59.976;60.076;41.84;KO.USUSD
2024-01-10 17:00:00;60.087;60.147;60.046;60.136;25.01;KO.USUSD
2024-01-10 18:00:00;60.136;60.247;60.066;60.247;40.78;KO.USUSD
2024-01-10 19:00:00;60.237;60.327;60.186;60.316;22.41;KO.USUSD
2024-01-10 20:00:00;60.316;60.337;60.106;60.176;46.0;KO.USUSD
2024-01-11 14:00:00;60.227;60.237;59.936;59.977;244.0712;KO.USUSD
2024-01-11 15:00:00;59.977;60.087;59.726;59.806;163.03;KO.USUSD
2024-01-11 16:00:00;59.807;59.857;59.727;59.766;67.44;KO.USUSD
2024-01-11 17:00:00;59.756;59.797;59.686;59.786;39.58;KO.USUSD
2024-01-11 18:00:00;59.797;59.827;59.747;59.807;27.54;KO.USUSD
2024-01-11 19:00:00;59.806;59.957;59.806;59.927;31.72;KO.USUSD
2024-01-11 20:00:00;59.926;59.926;59.706;59.807;42.1;KO.USUSD
2024-01-12 14:00:00;59.776;60.237;59.776;59.996;208.76;KO.USUSD
2024-01-12 15:00:00;59.996;60.187;59.936;60.187;133.11;KO.USUSD
2024-01-12 16:00:00;60.176;60.217;60.096;60.137;56.74;KO.USUSD
2024-01-12 17:00:00;60.146;60.237;60.126;60.206;38.28;KO.USUSD
2024-01-12 18:00:00;60.207;60.327;60.206;60.306;20.21;KO.USUSD
2024-01-12 19:00:00;60.316;60.327;60.236;60.306;22.63;KO.USUSD
2024-01-12 20:00:00;60.307;60.446;60.276;60.386;34.37;KO.USUSD
2024-01-16 14:00:00;60.362;60.417;60.006;60.216;192.68;KO.USUSD
2024-01-16 15:00:00;60.216;60.346;60.146;60.217;107.99;KO.USUSD
2024-01-16 16:00:00;60.217;60.247;60.056;60.067;113.798;KO.USUSD
2024-01-16 17:00:00;60.057;60.087;59.936;59.967;53.86;KO.USUSD
2024-01-16 18:00:00;59.966;60.077;59.926;60.037;61.89;KO.USUSD
2024-01-16 19:00:00;60.037;60.037;59.846;59.946;34.16;KO.USUSD
2024-01-16 20:00:00;59.957;59.997;59.866;59.977;46.37;KO.USUSD
2024-01-17 14:00:00;59.827;59.957;59.806;59.936;231.0212;KO.USUSD
2024-01-17 15:00:00;59.936;60.167;59.876;60.116;91.57;KO.USUSD
2024-01-17 16:00:00;60.107;60.197;59.997;59.997;43.41;KO.USUSD
2024-01-17 17:00:00;59.996;59.996;59.867;59.936;31.26;KO.USUSD
2024-01-17 18:00:00;59.947;59.987;59.826;59.967;42.35;KO.USUSD
2024-01-17 19:00:00;59.967;59.987;59.896;59.957;25.41;KO.USUSD
2024-01-17 20:00:00;59.967;60.027;59.886;59.976;25.89;KO.USUSD
2024-01-18 14:00:00;59.697;59.707;59.506;59.627;218.8712;KO.USUSD
2024-01-18 15:00:00;59.627;59.787;59.606;59.737;83.09;KO.USUSD
2024-01-18 16:00:00;59.736;59.877;59.686;59.767;42.26;KO.USUSD
2024-01-18 17:00:00;59.766;59.807;59.716;59.756;37.15;KO.USUSD
2024-01-18 18:00:00;59.756;59.957;59.726;59.936;30.87;KO.USUSD
2024-01-18 19:00:00;59.916;60.167;59.916;60.146;28.52;KO.USUSD
2024-01-18 20:00:00;60.146;60.217;60.086;60.157;39.14;KO.USUSD
2024-01-19 14:00:00;59.887;60.127;59.626;59.767;268.48;KO.USUSD
2024-01-19 15:00:00;59.766;59.937;59.707;59.817;111.47;KO.USUSD
2024-01-19 16:00:00;59.816;59.897;59.757;59.806;37.68;KO.USUSD
2024-01-19 17:00:00;59.796;59.846;59.736;59.817;42.56;KO.USUSD
2024-01-19 18:00:00;59.816;59.896;59.756;59.896;35.29;KO.USUSD
2024-01-19 19:00:00;59.887;59.987;59.856;59.907;45.03;KO.USUSD
2024-01-19 20:00:00;59.906;59.987;59.776;59.837;45.22;KO.USUSD
2024-01-22 14:00:00;59.637;60.007;59.587;59.976;171.72;KO.USUSD
2024-01-22 15:00:00;59.976;60.057;59.746;59.866;102.41;KO.USUSD
2024-01-22 16:00:00;59.866;59.887;59.546;59.557;47.42;KO.USUSD
2024-01-22 17:00:00;59.556;59.617;59.476;59.486;25.75;KO.USUSD
2024-01-22 18:00:00;59.497;59.587;59.437;59.587;24.61;KO.USUSD
2024-01-22 19:00:00;59.587;59.747;59.576;59.736;19.37;KO.USUSD
2024-01-22 20:00:00;59.736;59.747;59.556;59.556;37.94;KO.USUSD
2024-01-23 14:00:00;59.507;59.687;59.446;59.557;152.1;KO.USUSD
2024-01-23 15:00:00;59.546;59.767;59.536;59.687;68.5;KO.USUSD
2024-01-23 16:00:00;59.687;59.817;59.596;59.817;24.85;KO.USUSD
2024-01-23 17:00:00;59.817;59.867;59.776;59.847;21.73;KO.USUSD
2024-01-23 18:00:00;59.837;59.887;59.796;59.836;20.69;KO.USUSD
2024-01-23 19:00:00;59.847;59.987;59.816;59.896;13.34;KO.USUSD
2024-01-23 20:00:00;59.906;59.927;59.826;59.837;27.58;KO.USUSD
2024-01-24 14:00:00;59.737;59.797;59.586;59.636;169.45;KO.USUSD
2024-01-24 15:00:00;59.637;59.637;59.396;59.526;73.08;KO.USUSD
2024-01-24 16:00:00;59.527;59.677;59.417;59.476;47.77;KO.USUSD
2024-01-24 17:00:00;59.476;59.486;59.307;59.416;30.22;KO.USUSD
2024-01-24 18:00:00;59.417;59.437;59.266;59.286;26.12;KO.USUSD
2024-01-24 19:00:00;59.287;59.287;59.097;59.117;29.88;KO.USUSD
2024-01-24 20:00:00;59.116;59.216;58.886;58.906;37.9;KO.USUSD
2024-01-25 14:00:00;58.936;59.056;58.836;58.937;177.93;KO.USUSD
2024-01-25 15:00:00;58.936;59.057;58.647;58.647;76.81;KO.USUSD
2024-01-25 16:00:00;58.667;58.827;58.666;58.796;39.07;KO.USUSD
2024-01-25 17:00:00;58.797;58.887;58.706;58.756;26.52;KO.USUSD
2024-01-25 18:00:00;58.777;58.957;58.756;58.937;19.5;KO.USUSD
2024-01-25 19:00:00;58.936;59.047;58.927;58.956;20.58;KO.USUSD
2024-01-25 20:00:00;58.956;59.157;58.956;59.157;32.26;KO.USUSD
2024-01-26 14:00:00;59.176;59.356;59.156;59.277;153.84;KO.USUSD
2024-01-26 15:00:00;59.277;59.357;59.116;59.207;64.84;KO.USUSD
2024-01-26 16:00:00;59.206;59.437;59.206;59.427;29.58;KO.USUSD
2024-01-26 17:00:00;59.437;59.477;59.316;59.316;21.59;KO.USUSD
2024-01-26 18:00:00;59.306;59.317;59.206;59.267;16.67;KO.USUSD
2024-01-26 19:00:00;59.257;59.386;59.256;59.386;12.51;KO.USUSD
2024-01-26 20:00:00;59.386;59.426;59.306;59.357;28.65;KO.USUSD
2024-01-29 14:00:00;59.286;59.377;59.156;59.366;112.07;KO.USUSD
2024-01-29 15:00:00;59.366;59.517;59.266;59.277;40.49;KO.USUSD
2024-01-29 16:00:00;59.277;59.527;59.236;59.507;27.62;KO.USUSD
2024-01-29 17:00:00;59.497;59.527;59.466;59.526;19.93;KO.USUSD
2024-01-29 18:00:00;59.536;59.717;59.507;59.626;13.79;KO.USUSD
2024-01-29 19:00:00;59.616;59.617;59.536;59.567;16.63;KO.USUSD
2024-01-29 20:00:00;59.567;59.776;59.567;59.736;34.94;KO.USUSD
2024-01-30 14:00:00;59.596;59.777;59.436;59.616;177.36;KO.USUSD
2024-01-30 15:00:00;59.616;59.737;59.556;59.646;41.7;KO.USUSD
2024-01-30 16:00:00;59.646;59.766;59.576;59.647;25.65;KO.USUSD
2024-01-30 17:00:00;59.656;59.806;59.556;59.797;33.78;KO.USUSD
2024-01-30 18:00:00;59.786;59.937;59.756;59.937;20.75;KO.USUSD
2024-01-30 19:00:00;59.947;60.007;59.926;59.947;15.17;KO.USUSD
2024-01-30 20:00:00;59.946;59.947;59.786;59.886;36.28;KO.USUSD
2024-01-31 14:00:00;59.817;60.437;59.816;60.167;195.0;KO.USUSD
2024-01-31 15:00:00;60.197;60.387;60.036;60.187;130.43;KO.USUSD
2024-01-31 16:00:00;60.197;60.197;59.906;59.967;60.4;KO.USUSD
2024-01-31 17:00:00;59.976;60.027;59.926;60.026;58.55;KO.USUSD
2024-01-31 18:00:00;60.027;60.037;59.886;59.967;24.9;KO.USUSD
2024-01-31 19:00:00;59.966;59.977;59.696;59.727;179.26;KO.USUSD
2024-01-31 20:00:00;59.726;59.737;59.286;59.467;129.9;KO.USUSD
2024-02-01 14:00:00;59.507;59.706;59.356;59.646;179.64;KO.USUSD
2024-02-01 15:00:00;59.647;60.287;59.596;60.257;105.35;KO.USUSD
2024-02-01 16:00:00;60.256;60.667;60.207;60.577;62.09;KO.USUSD
2024-02-01 17:00:00;60.577;60.756;60.506;60.676;54.5;KO.USUSD
2024-02-01 18:00:00;60.676;60.707;60.476;60.597;35.25;KO.USUSD
2024-02-01 19:00:00;60.607;60.717;60.586;60.667;26.88;KO.USUSD
2024-02-01 20:00:00;60.666;60.987;60.646;60.967;35.38;KO.USUSD
2024-02-02 14:00:00;60.637;60.847;60.436;60.477;171.91;KO.USUSD
2024-02-02 15:00:00;60.476;60.567;60.386;60.426;89.94;KO.USUSD
2024-02-02 16:00:00;60.427;60.497;60.336;60.366;46.26;KO.USUSD
2024-02-02 17:00:00;60.367;60.456;60.226;60.456;49.44;KO.USUSD
2024-02-02 18:00:00;60.457;60.607;60.457;60.526;35.78;KO.USUSD
2024-02-02 19:00:00;60.516;60.666;60.486;60.637;32.38;KO.USUSD
2024-02-02 20:00:00;60.637;60.787;60.536;60.536;46.66;KO.USUSD
2024-02-05 14:00:00;60.246;60.337;59.856;60.247;177.9;KO.USUSD
2024-02-05 15:00:00;60.246;60.246;59.956;60.026;109.1;KO.USUSD
2024-02-05 16:00:00;60.036;60.067;59.956;60.047;34.82;KO.USUSD
2024-02-05 17:00:00;60.036;60.076;59.966;59.997;21.42;KO.USUSD
2024-02-05 18:00:00;60.007;60.146;59.967;60.136;14.1;KO.USUSD
2024-02-05 19:00:00;60.136;60.196;60.076;60.186;22.07;KO.USUSD
2024-02-05 20:00:00;60.197;60.267;60.026;60.027;39.8;KO.USUSD
2024-02-06 14:00:00;59.867;59.947;59.706;59.717;158.12;KO.USUSD
2024-02-06 15:00:00;59.717;59.837;59.666;59.776;62.68;KO.USUSD
2024-02-06 16:00:00;59.777;60.007;59.777;59.827;43.72;KO.USUSD
2024-02-06 17:00:00;59.836;60.047;59.836;59.987;26.76;KO.USUSD
2024-02-06 18:00:00;59.976;59.997;59.926;59.956;22.81;KO.USUSD
2024-02-06 19:00:00;59.966;59.967;59.756;59.866;24.83;KO.USUSD
2024-02-06 20:00:00;59.877;59.947;59.737;59.916;35.59;KO.USUSD
2024-02-07 14:00:00;59.976;60.197;59.966;60.097;174.46;KO.USUSD
2024-02-07 15:00:00;60.096;60.127;60.007;60.127;103.97;KO.USUSD
2024-02-07 16:00:00;60.126;60.157;59.966;60.107;41.27;KO.USUSD
2024-02-07 17:00:00;60.117;60.196;60.076;60.096;28.1;KO.USUSD
2024-02-07 18:00:00;60.087;60.167;59.956;59.957;38.73;KO.USUSD
2024-02-07 19:00:00;59.946;60.056;59.946;60.036;11.97;KO.USUSD
2024-02-07 20:00:00;60.046;60.097;59.936;59.987;33.57;KO.USUSD
2024-02-08 14:00:00;59.887;59.966;59.747;59.756;143.2624;KO.USUSD
2024-02-08 15:00:00;59.757;59.817;59.616;59.787;80.69;KO.USUSD
2024-02-08 16:00:00;59.796;59.816;59.516;59.636;48.38;KO.USUSD
2024-02-08 17:00:00;59.626;59.697;59.586;59.677;13.26;KO.USUSD
2024-02-08 18:00:00;59.676;59.737;59.407;59.566;26.63;KO.USUSD
2024-02-08 19:00:00;59.576;59.587;59.406;59.556;21.74;KO.USUSD
2024-02-08 20:00:00;59.556;59.857;59.546;59.827;26.88;KO.USUSD
2024-02-09 14:00:00;59.446;59.466;59.016;59.097;170.05;KO.USUSD
2024-02-09 15:00:00;59.096;59.437;59.096;59.196;108.39;KO.USUSD
2024-02-09 16:00:00;59.207;59.367;59.196;59.296;28.84;KO.USUSD
2024-02-09 17:00:00;59.286;59.337;59.216;59.257;20.33;KO.USUSD
2024-02-09 18:00:00;59.267;59.277;59.196;59.276;17.37;KO.USUSD
2024-02-09 19:00:00;59.287;59.537;59.276;59.507;14.99;KO.USUSD
2024-02-09 20:00:00;59.497;59.557;59.346;59.547;38.08;KO.USUSD
2024-02-12 14:00:00;59.636;59.656;59.046;59.146;160.51;KO.USUSD
2024-02-12 15:00:00;59.137;59.266;58.956;59.096;62.19;KO.USUSD
2024-02-12 16:00:00;59.086;59.367;59.076;59.366;51.99;KO.USUSD
2024-02-12 17:00:00;59.357;59.557;59.346;59.546;28.89;KO.USUSD
2024-02-12 18:00:00;59.547;59.676;59.507;59.596;27.23;KO.USUSD
2024-02-12 19:00:00;59.606;59.667;59.517;59.537;33.92;KO.USUSD
2024-02-12 20:00:00;59.546;59.746;59.476;59.696;40.75;KO.USUSD
2024-02-13 14:00:00;59.396;60.637;59.126;59.807;450.2221;KO.USUSD
2024-02-13 15:00:00;59.806;60.107;59.086;59.156;308.17;KO.USUSD
2024-02-13 16:00:00;59.157;59.206;58.786;58.866;168.79;KO.USUSD
2024-02-13 17:00:00;58.876;59.246;58.856;59.086;58.91;KO.USUSD
2024-02-13 18:00:00;59.077;59.206;58.927;58.977;38.33;KO.USUSD
2024-02-13 19:00:00;58.986;59.207;58.807;58.877;60.51;KO.USUSD
2024-02-13 20:00:00;58.866;59.357;58.846;59.356;48.18;KO.USUSD
2024-02-14 14:00:00;59.036;59.327;59.026;59.237;202.91;KO.USUSD
2024-02-14 15:00:00;59.236;59.567;59.056;59.557;98.14;KO.USUSD
2024-02-14 16:00:00;59.557;59.567;59.317;59.336;45.92;KO.USUSD
2024-02-14 17:00:00;59.337;59.347;59.057;59.166;31.49;KO.USUSD
2024-02-14 18:00:00;59.157;59.237;59.036;59.117;23.73;KO.USUSD
2024-02-14 19:00:00;59.106;59.187;59.026;59.087;24.96;KO.USUSD
2024-02-14 20:00:00;59.096;59.297;59.066;59.267;43.58;KO.USUSD
2024-02-15 14:00:00;59.296;59.577;59.296;59.507;121.98;KO.USUSD
2024-02-15 15:00:00;59.507;59.537;59.346;59.407;67.66;KO.USUSD
2024-02-15 16:00:00;59.416;59.436;59.327;59.386;31.02;KO.USUSD
2024-02-15 17:00:00;59.387;59.387;59.136;59.187;24.28;KO.USUSD
2024-02-15 18:00:00;59.176;59.336;59.126;59.266;32.39;KO.USUSD
2024-02-15 19:00:00;59.266;59.447;59.266;59.407;28.55;KO.USUSD
2024-02-15 20:00:00;59.407;59.466;59.266;59.387;33.95;KO.USUSD
2024-02-16 14:00:00;59.236;59.517;58.936;59.327;221.41;KO.USUSD
2024-02-16 15:00:00;59.316;59.496;59.276;59.366;127.84;KO.USUSD
2024-02-16 16:00:00;59.366;59.517;59.306;59.476;51.55;KO.USUSD
2024-02-16 17:00:00;59.466;59.497;59.396;59.486;25.16;KO.USUSD
2024-02-16 18:00:00;59.487;59.607;59.486;59.527;27.2;KO.USUSD
2024-02-16 19:00:00;59.517;59.537;59.346;59.386;33.83;KO.USUSD
2024-02-16 20:00:00;59.377;59.387;59.226;59.376;44.61;KO.USUSD
2024-02-20 14:00:00;59.507;60.457;59.506;60.386;225.93;KO.USUSD
2024-02-20 15:00:00;60.386;60.657;60.386;60.436;148.03;KO.USUSD
2024-02-20 16:00:00;60.446;60.477;60.357;60.466;49.18;KO.USUSD
2024-02-20 17:00:00;60.467;60.677;60.386;60.656;34.03;KO.USUSD
2024-02-20 18:00:00;60.647;60.827;60.566;60.777;23.48;KO.USUSD
2024-02-20 19:00:00;60.777;60.787;60.656;60.746;24.18;KO.USUSD
2024-02-20 20:00:00;60.737;60.737;60.546;60.717;36.9;KO.USUSD
2024-02-21 14:00:00;60.717;61.207;60.716;61.076;153.73;KO.USUSD
2024-02-21 15:00:00;61.066;61.167;60.886;60.967;115.26;KO.USUSD
2024-02-21 16:00:00;60.976;61.067;60.846;61.027;44.17;KO.USUSD
2024-02-21 17:00:00;61.036;61.217;61.036;61.137;31.76;KO.USUSD
2024-02-21 18:00:00;61.136;61.177;61.056;61.157;23.98;KO.USUSD
2024-02-21 19:00:00;61.147;61.207;61.096;61.206;34.84;KO.USUSD
2024-02-21 20:00:00;61.206;61.267;60.996;61.236;41.39;KO.USUSD
2024-02-22 14:00:00;60.656;60.946;60.446;60.786;228.5;KO.USUSD
2024-02-22 15:00:00;60.807;60.957;60.566;60.926;134.85;KO.USUSD
2024-02-22 16:00:00;60.937;60.957;60.826;60.916;53.36;KO.USUSD
2024-02-22 17:00:00;60.916;60.947;60.856;60.857;25.22;KO.USUSD
2024-02-22 18:00:00;60.846;61.046;60.836;60.987;23.33;KO.USUSD
2024-02-22 19:00:00;60.996;61.177;60.996;61.146;31.17;KO.USUSD
2024-02-22 20:00:00;61.157;61.236;61.116;61.136;43.5;KO.USUSD
2024-02-23 14:00:00;60.907;61.466;60.726;61.466;138.78;KO.USUSD
2024-02-23 15:00:00;61.467;61.606;61.327;61.366;99.71;KO.USUSD
2024-02-23 16:00:00;61.377;61.427;61.186;61.217;51.42;KO.USUSD
2024-02-23 17:00:00;61.206;61.247;61.096;61.106;34.46;KO.USUSD
2024-02-23 18:00:00;61.097;61.217;61.096;61.187;15.43;KO.USUSD
2024-02-23 19:00:00;61.196;61.347;61.166;61.347;15.86;KO.USUSD
2024-02-23 20:00:00;61.357;61.397;61.177;61.177;35.67;KO.USUSD
2024-02-26 14:00:00;61.107;61.227;60.947;61.166;140.56;KO.USUSD
2024-02-26 15:00:00;61.157;61.226;60.976;61.017;68.28;KO.USUSD
2024-02-26 16:00:00;61.017;61.127;61.006;61.066;27.19;KO.USUSD
2024-02-26 17:00:00;61.067;61.067;60.897;60.897;21.16;KO.USUSD
2024-02-26 18:00:00;60.896;60.926;60.766;60.797;24.9;KO.USUSD
2024-02-26 19:00:00;60.806;60.866;60.656;60.757;25.63;KO.USUSD
2024-02-26 20:00:00;60.756;60.887;60.696;60.696;37.08;KO.USUSD
2024-02-27 14:00:00;60.527;60.767;60.456;60.566;194.7012;KO.USUSD
2024-02-27 15:00:00;60.567;60.577;60.466;60.477;64.59;KO.USUSD
2024-02-27 16:00:00;60.456;60.516;60.406;60.426;26.09;KO.USUSD
2024-02-27 17:00:00;60.437;60.477;60.337;60.416;27.19;KO.USUSD
2024-02-27 18:00:00;60.406;60.437;60.306;60.357;21.54;KO.USUSD
2024-02-27 19:00:00;60.357;60.357;60.116;60.186;18.81;KO.USUSD
2024-02-27 20:00:00;60.186;60.367;60.157;60.317;33.63;KO.USUSD
2024-02-28 14:00:00;60.336;60.467;60.046;60.097;140.67;KO.USUSD
2024-02-28 15:00:00;60.106;60.386;60.106;60.386;83.25;KO.USUSD
2024-02-28 16:00:00;60.396;60.437;60.166;60.226;52.1;KO.USUSD
2024-02-28 17:00:00;60.227;60.267;60.086;60.107;21.26;KO.USUSD
2024-02-28 18:00:00;60.096;60.336;60.096;60.307;21.67;KO.USUSD
2024-02-28 19:00:00;60.306;60.317;60.146;60.236;29.1;KO.USUSD
2024-02-28 20:00:00;60.237;60.417;60.207;60.416;31.62;KO.USUSD
2024-02-29 14:00:00;60.146;60.636;60.146;60.276;103.96;KO.USUSD
2024-02-29 15:00:00;60.247;60.277;60.016;60.046;100.36;KO.USUSD
2024-02-29 16:00:00;60.047;60.237;60.046;60.077;39.96;KO.USUSD
2024-02-29 17:00:00;60.067;60.216;60.057;60.176;27.48;KO.USUSD
2024-02-29 18:00:00;60.166;60.196;59.946;59.977;19.01;KO.USUSD
2024-02-29 19:00:00;59.977;60.016;59.896;60.016;18.65;KO.USUSD
2024-02-29 20:00:00;60.027;60.126;59.926;59.967;38.95;KO.USUSD
2024-03-01 14:00:00;59.827;59.827;59.386;59.426;138.6;KO.USUSD
2024-03-01 15:00:00;59.426;59.637;59.327;59.616;81.73;KO.USUSD
2024-03-01 16:00:00;59.616;59.726;59.507;59.576;40.77;KO.USUSD
2024-03-01 17:00:00;59.576;59.746;59.557;59.627;22.71;KO.USUSD
2024-03-01 18:00:00;59.627;59.727;59.606;59.646;21.93;KO.USUSD
2024-03-01 19:00:00;59.657;59.756;59.646;59.657;16.18;KO.USUSD
2024-03-01 20:00:00;59.657;59.727;59.516;59.526;30.01;KO.USUSD
2024-03-04 14:00:00;59.196;59.666;59.196;59.617;167.98;KO.USUSD
2024-03-04 15:00:00;59.616;59.777;59.546;59.636;84.06;KO.USUSD
2024-03-04 16:00:00;59.627;59.927;59.607;59.907;50.76;KO.USUSD
2024-03-04 17:00:00;59.906;59.927;59.766;59.786;34.21;KO.USUSD
2024-03-04 18:00:00;59.777;59.797;59.636;59.787;24.66;KO.USUSD
2024-03-04 19:00:00;59.776;59.937;59.766;59.836;31.56;KO.USUSD
2024-03-04 20:00:00;59.826;59.926;59.746;59.797;62.73;KO.USUSD
2024-03-05 14:00:00;59.926;59.997;59.727;59.927;99.7624;KO.USUSD
2024-03-05 15:00:00;59.937;60.107;59.917;59.936;85.38;KO.USUSD
2024-03-05 16:00:00;59.946;59.946;59.556;59.587;45.57;KO.USUSD
2024-03-05 17:00:00;59.597;59.637;59.526;59.576;22.92;KO.USUSD
2024-03-05 18:00:00;59.576;59.837;59.576;59.757;23.64;KO.USUSD
2024-03-05 19:00:00;59.757;59.757;59.427;59.467;31.65;KO.USUSD
2024-03-05 20:00:00;59.447;59.547;59.416;59.497;44.23;KO.USUSD
2024-03-06 14:00:00;59.517;59.957;59.516;59.797;171.7122;KO.USUSD
2024-03-06 15:00:00;59.797;59.987;59.586;59.656;94.25;KO.USUSD
2024-03-06 16:00:00;59.656;59.797;59.646;59.787;35.26;KO.USUSD
2024-03-06 17:00:00;59.787;59.827;59.646;59.646;18.89;KO.USUSD
2024-03-06 18:00:00;59.626;59.727;59.516;59.586;34.63;KO.USUSD
2024-03-06 19:00:00;59.587;59.597;59.456;59.506;37.01;KO.USUSD
2024-03-06 20:00:00;59.506;59.616;59.376;59.536;48.33;KO.USUSD
2024-03-07 14:00:00;59.547;59.697;59.226;59.526;167.62;KO.USUSD
2024-03-07 15:00:00;59.536;59.536;59.357;59.366;62.97;KO.USUSD
2024-03-07 16:00:00;59.356;59.427;59.276;59.396;35.57;KO.USUSD
2024-03-07 17:00:00;59.387;59.387;59.276;59.367;26.74;KO.USUSD
2024-03-07 18:00:00;59.367;59.497;59.356;59.456;18.05;KO.USUSD
2024-03-07 19:00:00;59.456;59.477;59.316;59.336;19.29;KO.USUSD
2024-03-07 20:00:00;59.336;59.527;59.267;59.427;35.83;KO.USUSD
2024-03-08 14:00:00;59.247;59.307;59.046;59.246;136.4324;KO.USUSD
2024-03-08 15:00:00;59.237;59.307;58.966;59.217;105.5;KO.USUSD
2024-03-08 16:00:00;59.206;59.777;59.196;59.426;131.96;KO.USUSD
2024-03-08 17:00:00;59.417;59.587;59.417;59.587;55.04;KO.USUSD
2024-03-08 18:00:00;59.586;59.667;59.516;59.587;35.33;KO.USUSD
2024-03-08 19:00:00;59.587;59.667;59.536;59.596;27.71;KO.USUSD
2024-03-08 20:00:00;59.597;59.666;59.506;59.516;41.3;KO.USUSD
2024-03-11 13:00:00;59.627;60.117;59.626;59.846;206.3;KO.USUSD
2024-03-11 14:00:00;59.857;59.896;59.566;59.806;107.02;KO.USUSD
2024-03-11 15:00:00;59.796;59.977;59.786;59.896;45.41;KO.USUSD
2024-03-11 16:00:00;59.906;60.136;59.856;60.086;29.86;KO.USUSD
2024-03-11 17:00:00;60.087;60.216;60.086;60.186;30.66;KO.USUSD
2024-03-11 18:00:00;60.197;60.227;60.106;60.136;18.03;KO.USUSD
2024-03-11 19:00:00;60.137;60.277;60.126;60.237;36.96;KO.USUSD
2024-03-12 13:00:00;60.287;60.557;60.206;60.556;146.231;KO.USUSD
2024-03-12 14:00:00;60.566;60.627;60.416;60.607;77.46;KO.USUSD
2024-03-12 15:00:00;60.607;60.657;60.476;60.646;57.99;KO.USUSD
2024-03-12 16:00:00;60.636;60.637;60.476;60.587;35.61;KO.USUSD
2024-03-12 17:00:00;60.586;60.656;60.526;60.647;23.88;KO.USUSD
2024-03-12 18:00:00;60.646;60.737;60.616;60.716;24.47;KO.USUSD
2024-03-12 19:00:00;60.726;60.737;60.476;60.486;28.21;KO.USUSD
2024-03-13 13:00:00;60.877;60.977;60.807;60.896;167.316;KO.USUSD
2024-03-13 14:00:00;60.886;60.967;60.796;60.946;89.38;KO.USUSD
2024-03-13 15:00:00;60.947;61.086;60.876;61.066;32.15;KO.USUSD
2024-03-13 16:00:00;61.077;61.177;61.076;61.117;21.71;KO.USUSD
2024-03-13 17:00:00;61.106;61.156;61.086;61.147;24.7;KO.USUSD
2024-03-13 18:00:00;61.136;61.177;61.047;61.107;10.05;KO.USUSD
2024-03-13 19:00:00;61.106;61.197;61.046;61.117;29.74;KO.USUSD
2024-03-14 13:00:00;60.617;60.737;60.477;60.516;141.34;KO.USUSD
2024-03-14 14:00:00;60.517;60.617;60.426;60.556;91.4;KO.USUSD
2024-03-14 15:00:00;60.567;60.737;60.546;60.726;38.69;KO.USUSD
2024-03-14 16:00:00;60.737;60.787;60.487;60.487;31.52;KO.USUSD
2024-03-14 17:00:00;60.486;60.567;60.386;60.497;32.81;KO.USUSD
2024-03-14 18:00:00;60.497;60.647;60.497;60.646;22.73;KO.USUSD
2024-03-14 19:00:00;60.646;60.646;60.447;60.527;45.02;KO.USUSD
2024-03-15 13:00:00;60.127;60.427;59.937;60.006;214.506;KO.USUSD
2024-03-15 14:00:00;60.007;60.197;59.976;60.186;160.79;KO.USUSD
2024-03-15 15:00:00;60.187;60.207;59.996;59.997;64.74;KO.USUSD
2024-03-15 16:00:00;60.007;60.166;59.926;60.026;64.39;KO.USUSD
2024-03-15 17:00:00;60.026;60.147;59.996;60.017;37.03;KO.USUSD
2024-03-15 18:00:00;60.016;60.027;59.786;59.966;41.7;KO.USUSD
2024-03-15 19:00:00;59.976;59.977;59.647;59.876;76.3912;KO.USUSD
2024-03-18 13:00:00;59.877;60.017;59.796;59.987;161.4;KO.USUSD
2024-03-18 14:00:00;59.987;60.257;59.956;60.157;129.34;KO.USUSD
2024-03-18 15:00:00;60.156;60.337;60.116;60.237;40.3;KO.USUSD
2024-03-18 16:00:00;60.227;60.387;60.186;60.336;28.03;KO.USUSD
2024-03-18 17:00:00;60.336;60.377;60.116;60.146;20.2;KO.USUSD
2024-03-18 18:00:00;60.157;60.177;60.096;60.136;13.49;KO.USUSD
2024-03-18 19:00:00;60.147;60.257;60.087;60.127;28.1;KO.USUSD
2024-03-19 13:00:00;60.027;60.317;60.026;60.186;102.07;KO.USUSD
2024-03-19 14:00:00;60.186;60.247;60.066;60.237;51.74;KO.USUSD
2024-03-19 15:00:00;60.226;60.337;60.206;60.276;32.01;KO.USUSD
2024-03-19 16:00:00;60.276;60.297;60.217;60.267;22.93;KO.USUSD
2024-03-19 17:00:00;60.276;60.287;60.206;60.257;22.7;KO.USUSD
2024-03-19 18:00:00;60.246;60.246;60.126;60.156;14.81;KO.USUSD
2024-03-19 19:00:00;60.147;60.257;60.107;60.217;23.68;KO.USUSD
2024-03-20 13:00:00;60.177;60.377;60.136;60.376;96.9372;KO.USUSD
2024-03-20 14:00:00;60.377;60.477;60.356;60.397;47.02;KO.USUSD
2024-03-20 15:00:00;60.396;60.437;60.327;60.427;27.61;KO.USUSD
2024-03-20 16:00:00;60.436;60.647;60.366;60.626;21.49;KO.USUSD
2024-03-20 17:00:00;60.626;60.667;60.506;60.517;20.04;KO.USUSD
2024-03-20 18:00:00;60.527;60.807;60.516;60.567;154.25;KO.USUSD
2024-03-20 19:00:00;60.566;60.767;60.556;60.747;69.85;KO.USUSD
2024-03-21 13:00:00;60.256;60.977;60.226;60.927;160.68;KO.USUSD
2024-03-21 14:00:00;60.926;60.937;60.706;60.816;87.72;KO.USUSD
2024-03-21 15:00:00;60.817;60.907;60.617;60.907;55.51;KO.USUSD
2024-03-21 16:00:00;60.896;60.897;60.556;60.647;39.14;KO.USUSD
2024-03-21 17:00:00;60.636;60.736;60.606;60.706;21.14;KO.USUSD
2024-03-21 18:00:00;60.707;60.777;60.626;60.696;22.8;KO.USUSD
2024-03-21 19:00:00;60.707;60.727;60.416;60.457;40.59;KO.USUSD
2024-03-22 13:00:00;60.226;60.747;60.226;60.737;82.42;KO.USUSD
2024-03-22 14:00:00;60.736;60.777;60.526;60.547;61.69;KO.USUSD
2024-03-22 15:00:00;60.556;60.576;60.456;60.536;34.06;KO.USUSD
2024-03-22 16:00:00;60.546;60.567;60.477;60.507;16.3;KO.USUSD
2024-03-22 17:00:00;60.517;60.567;60.486;60.526;15.53;KO.USUSD
2024-03-22 18:00:00;60.536;60.586;60.496;60.527;10.13;KO.USUSD
2024-03-22 19:00:00;60.516;60.677;60.476;60.476;28.55;KO.USUSD
2024-03-25 13:00:00;60.357;60.697;60.357;60.607;102.74;KO.USUSD
2024-03-25 14:00:00;60.606;60.607;60.316;60.417;58.08;KO.USUSD
2024-03-25 15:00:00;60.406;60.406;60.256;60.336;33.94;KO.USUSD
2024-03-25 16:00:00;60.336;60.406;60.227;60.257;28.75;KO.USUSD
2024-03-25 17:00:00;60.256;60.297;60.116;60.226;18.53;KO.USUSD
2024-03-25 18:00:00;60.227;60.396;60.196;60.366;15.35;KO.USUSD
2024-03-25 19:00:00;60.356;60.476;60.347;60.406;27.92;KO.USUSD
2024-03-26 13:00:00;60.246;60.696;60.246;60.516;125.68;KO.USUSD
2024-03-26 14:00:00;60.516;60.577;60.416;60.447;68.81;KO.USUSD
2024-03-26 15:00:00;60.437;60.587;60.386;60.586;29.2;KO.USUSD
2024-03-26 16:00:00;60.586;60.617;60.516;60.606;21.2;KO.USUSD
2024-03-26 17:00:00;60.616;60.627;60.537;60.586;19.43;KO.USUSD
2024-03-26 18:00:00;60.577;60.657;60.516;60.557;15.14;KO.USUSD
2024-03-26 19:00:00;60.546;60.636;60.496;60.556;35.03;KO.USUSD
2024-03-27 13:00:00;60.617;61.407;60.616;61.397;102.57;KO.USUSD
2024-03-27 14:00:00;61.406;61.417;61.056;61.077;102.02;KO.USUSD
2024-03-27 15:00:00;61.086;61.166;61.017;61.017;38.2;KO.USUSD
2024-03-27 16:00:00;61.027;61.037;60.876;60.887;19.42;KO.USUSD
2024-03-27 17:00:00;60.906;60.917;60.726;60.747;17.24;KO.USUSD
2024-03-27 18:00:00;60.756;60.827;60.697;60.817;18.7;KO.USUSD
2024-03-27 19:00:00;60.806;61.046;60.806;61.037;45.91;KO.USUSD
2024-03-28 13:00:00;60.896;61.257;60.896;61.077;94.65;KO.USUSD
2024-03-28 14:00:00;61.086;61.217;60.986;61.146;88.32;KO.USUSD
2024-03-28 15:00:00;61.156;61.217;61.027;61.087;37.18;KO.USUSD
2024-03-28 16:00:00;61.077;61.157;61.017;61.137;24.72;KO.USUSD
2024-03-28 17:00:00;61.127;61.157;61.066;61.157;26.43;KO.USUSD
2024-03-28 18:00:00;61.157;61.167;61.006;61.096;24.84;KO.USUSD
2024-03-28 19:00:00;61.096;61.197;61.056;61.166;40.58;KO.USUSD
2024-04-01 13:00:00;61.137;61.277;60.756;60.897;153.94;KO.USUSD
2024-04-01 14:00:00;60.896;60.937;60.726;60.726;127.55;KO.USUSD
2024-04-01 15:00:00;60.727;60.807;60.636;60.687;57.74;KO.USUSD
2024-04-01 16:00:00;60.687;60.797;60.676;60.767;32.47;KO.USUSD
2024-04-01 17:00:00;60.777;60.837;60.706;60.716;27.53;KO.USUSD
2024-04-01 18:00:00;60.726;60.827;60.696;60.736;12.51;KO.USUSD
2024-04-01 19:00:00;60.737;60.816;60.616;60.637;29.92;KO.USUSD
2024-04-02 13:00:00;60.227;60.716;60.226;60.696;156.29;KO.USUSD
2024-04-02 14:00:00;60.686;60.697;60.417;60.606;84.55;KO.USUSD
2024-04-02 15:00:00;60.606;60.617;60.547;60.556;10.58;KO.USUSD
2024-04-02 16:00:00;60.316;60.387;60.306;60.306;19.69;KO.USUSD
2024-04-02 17:00:00;60.307;60.317;60.196;60.256;16.59;KO.USUSD
2024-04-02 18:00:00;60.247;60.257;60.136;60.157;15.86;KO.USUSD
2024-04-02 19:00:00;60.156;60.236;60.106;60.157;31.19;KO.USUSD
2024-04-03 13:00:00;59.996;60.127;59.846;60.077;130.75;KO.USUSD
2024-04-03 14:00:00;60.076;60.277;60.046;60.237;115.11;KO.USUSD
2024-04-03 15:00:00;60.236;60.377;60.177;60.226;73.51;KO.USUSD
2024-04-03 16:00:00;60.237;60.326;60.206;60.227;68.78;KO.USUSD
2024-04-03 17:00:00;60.217;60.236;59.986;60.016;32.81;KO.USUSD
2024-04-03 18:00:00;60.007;60.037;59.786;59.866;25.75;KO.USUSD
2024-04-03 19:00:00;59.856;59.967;59.776;59.826;58.89;KO.USUSD
2024-04-04 13:00:00;59.846;60.097;59.846;59.996;99.69;KO.USUSD
2024-04-04 14:00:00;59.996;60.067;59.827;59.876;50.68;KO.USUSD
2024-04-04 15:00:00;59.876;59.887;59.756;59.767;27.66;KO.USUSD
2024-04-04 16:00:00;59.757;59.826;59.696;59.736;21.48;KO.USUSD
2024-04-04 17:00:00;59.736;59.886;59.697;59.707;21.34;KO.USUSD
2024-04-04 18:00:00;59.706;59.716;59.336;59.497;61.62;KO.USUSD
2024-04-04 19:00:00;59.496;59.577;59.166;59.287;87.17;KO.USUSD
2024-04-05 13:00:00;59.156;59.326;58.956;58.956;197.7;KO.USUSD
2024-04-05 14:00:00;58.976;59.327;58.906;59.306;137.28;KO.USUSD
2024-04-05 15:00:00;59.307;59.627;59.266;59.586;73.97;KO.USUSD
2024-04-05 16:00:00;59.586;59.666;59.526;59.577;44.03;KO.USUSD
2024-04-05 17:00:00;59.567;59.587;59.376;59.417;51.78;KO.USUSD
2024-04-05 18:00:00;59.417;59.487;59.306;59.396;63.54;KO.USUSD
2024-04-05 19:00:00;59.396;59.617;59.386;59.507;38.27;KO.USUSD
2024-04-08 13:00:00;59.177;59.386;59.066;59.316;160.76;KO.USUSD
2024-04-08 14:00:00;59.316;59.327;59.206;59.247;40.55;KO.USUSD
2024-04-08 15:00:00;59.257;59.306;59.157;59.256;21.15;KO.USUSD
2024-04-08 16:00:00;59.257;59.287;59.226;59.276;18.79;KO.USUSD
2024-04-08 17:00:00;59.276;59.287;59.216;59.267;12.58;KO.USUSD
2024-04-08 18:00:00;59.277;59.327;59.226;59.276;13.99;KO.USUSD
2024-04-08 19:00:00;59.277;59.317;59.176;59.276;22.79;KO.USUSD
2024-04-09 13:00:00;59.247;59.467;59.126;59.197;125.57;KO.USUSD
2024-04-09 14:00:00;59.196;59.437;59.126;59.226;97.42;KO.USUSD
2024-04-09 15:00:00;59.237;59.326;59.197;59.276;48.65;KO.USUSD
2024-04-09 16:00:00;59.277;59.317;59.187;59.207;24.3;KO.USUSD
2024-04-09 17:00:00;59.216;59.347;59.216;59.336;21.51;KO.USUSD
2024-04-09 18:00:00;59.326;59.457;59.306;59.416;22.11;KO.USUSD
2024-04-09 19:00:00;59.427;59.727;59.406;59.706;67.86;KO.USUSD
2024-04-10 13:00:00;59.137;59.366;58.787;58.937;215.09;KO.USUSD
2024-04-10 14:00:00;58.936;59.156;58.846;58.936;128.58;KO.USUSD
2024-04-10 15:00:00;58.937;58.947;58.756;58.826;39.83;KO.USUSD
2024-04-10 16:00:00;58.836;58.897;58.776;58.876;25.51;KO.USUSD
2024-04-10 17:00:00;58.877;58.927;58.686;58.837;100.52;KO.USUSD
2024-04-10 18:00:00;58.836;58.917;58.786;58.786;58.33;KO.USUSD
2024-04-10 19:00:00;58.776;58.977;58.766;58.927;51.16;KO.USUSD
2024-04-11 13:00:00;58.997;59.217;58.996;59.087;159.66;KO.USUSD
2024-04-11 14:00:00;59.087;59.097;58.877;58.906;120.62;KO.USUSD
2024-04-11 15:00:00;58.906;58.976;58.777;58.976;43.7;KO.USUSD
2024-04-11 16:00:00;58.976;58.987;58.856;58.946;27.67;KO.USUSD
2024-04-11 17:00:00;58.946;59.207;58.916;59.186;60.73;KO.USUSD
2024-04-11 18:00:00;59.176;59.357;59.176;59.326;27.58;KO.USUSD
2024-04-11 19:00:00;59.327;59.357;59.026;59.036;33.42;KO.USUSD
2024-04-12 13:00:00;58.747;58.987;58.746;58.857;125.42;KO.USUSD
2024-04-12 14:00:00;58.857;58.867;58.727;58.797;73.76;KO.USUSD
2024-04-12 15:00:00;58.797;58.837;58.436;58.567;37.45;KO.USUSD
2024-04-12 16:00:00;58.566;58.587;58.197;58.207;39.79;KO.USUSD
2024-04-12 17:00:00;58.206;58.317;58.126;58.307;46.44;KO.USUSD
2024-04-12 18:00:00;58.287;58.417;58.197;58.226;48.43;KO.USUSD
2024-04-12 19:00:00;58.227;58.307;58.156;58.257;42.63;KO.USUSD
2024-04-15 13:00:00;58.346;58.797;58.346;58.686;127.3;KO.USUSD
2024-04-15 14:00:00;58.697;58.697;58.387;58.516;70.71;KO.USUSD
2024-04-15 15:00:00;58.517;58.707;58.476;58.636;42.08;KO.USUSD
2024-04-15 16:00:00;58.637;58.697;58.477;58.537;29.78;KO.USUSD
2024-04-15 17:00:00;58.537;58.577;58.247;58.287;71.56;KO.USUSD
2024-04-15 18:00:00;58.286;58.297;58.036;58.106;53.62;KO.USUSD
2024-04-15 19:00:00;58.107;58.277;58.066;58.127;64.4;KO.USUSD
2024-04-16 13:00:00;58.116;58.367;58.116;58.246;161.92;KO.USUSD
2024-04-16 14:00:00;58.247;58.287;58.067;58.156;114.62;KO.USUSD
2024-04-16 15:00:00;58.156;58.257;58.096;58.216;75.46;KO.USUSD
2024-04-16 16:00:00;58.216;58.276;58.137;58.157;37.48;KO.USUSD
2024-04-16 17:00:00;58.166;58.166;57.936;58.056;153.9;KO.USUSD
2024-04-16 18:00:00;58.057;58.227;57.926;58.187;135.64;KO.USUSD
2024-04-16 19:00:00;58.187;58.217;57.986;58.037;132.52;KO.USUSD
2024-04-17 13:00:00;58.117;58.417;58.116;58.286;133.73;KO.USUSD
2024-04-17 14:00:00;58.287;58.357;58.236;58.297;72.19;KO.USUSD
2024-04-17 15:00:00;58.277;58.317;58.096;58.197;52.75;KO.USUSD
2024-04-17 16:00:00;58.187;58.337;58.166;58.327;51.25;KO.USUSD
2024-04-17 17:00:00;58.317;58.467;58.256;58.467;59.72;KO.USUSD
2024-04-17 18:00:00;58.467;58.487;58.286;58.386;54.51;KO.USUSD
2024-04-17 19:00:00;58.387;58.547;58.316;58.486;67.25;KO.USUSD
2024-04-18 13:00:00;58.627;58.837;58.406;58.776;140.36;KO.USUSD
2024-04-18 14:00:00;58.807;58.807;58.676;58.766;85.54;KO.USUSD
2024-04-18 15:00:00;58.766;58.847;58.706;58.736;34.85;KO.USUSD
2024-04-18 16:00:00;58.747;58.806;58.646;58.677;22.35;KO.USUSD
2024-04-18 17:00:00;58.686;58.767;58.656;58.746;45.32;KO.USUSD
2024-04-18 18:00:00;58.736;58.807;58.696;58.746;26.93;KO.USUSD
2024-04-18 19:00:00;58.757;58.967;58.746;58.896;42.98;KO.USUSD
2024-04-19 13:00:00;58.766;59.147;58.766;59.116;101.49;KO.USUSD
2024-04-19 14:00:00;59.117;59.597;59.077;59.337;93.59;KO.USUSD
2024-04-19 15:00:00;59.316;59.607;59.286;59.536;57.38;KO.USUSD
2024-04-19 16:00:00;59.537;59.706;59.467;59.686;50.7;KO.USUSD
2024-04-19 17:00:00;59.696;59.737;59.596;59.657;44.06;KO.USUSD
2024-04-19 18:00:00;59.657;60.177;59.596;60.177;64.27;KO.USUSD
2024-04-19 19:00:00;60.167;60.347;60.066;60.156;104.85;KO.USUSD
2024-04-22 13:00:00;59.996;60.257;59.716;59.907;151.29;KO.USUSD
2024-04-22 14:00:00;59.907;60.137;59.816;60.057;112.21;KO.USUSD
2024-04-22 15:00:00;60.057;60.177;60.006;60.167;43.66;KO.USUSD
2024-04-22 16:00:00;60.176;60.386;60.136;60.336;31.52;KO.USUSD
2024-04-22 17:00:00;60.337;60.617;60.306;60.536;36.52;KO.USUSD
2024-04-22 18:00:00;60.556;60.597;60.446;60.527;38.04;KO.USUSD
2024-04-22 19:00:00;60.526;60.557;60.307;60.536;51.02;KO.USUSD
2024-04-23 13:00:00;59.947;60.497;59.756;60.357;178.93;KO.USUSD
2024-04-23 14:00:00;60.356;60.517;60.127;60.356;146.34;KO.USUSD
2024-04-23 15:00:00;60.357;60.396;60.126;60.207;59.58;KO.USUSD
2024-04-23 16:00:00;60.206;60.517;60.157;60.476;50.7;KO.USUSD
2024-04-23 17:00:00;60.466;60.586;60.436;60.586;42.99;KO.USUSD
2024-04-23 18:00:00;60.596;60.656;60.576;60.607;16.99;KO.USUSD
2024-04-23 19:00:00;60.617;60.667;60.526;60.617;32.05;KO.USUSD
2024-04-24 13:00:00;60.196;60.437;59.826;60.437;216.85;KO.USUSD
2024-04-24 14:00:00;60.436;60.857;60.426;60.826;132.6009;KO.USUSD
2024-04-24 15:00:00;60.826;61.217;60.816;61.146;69.77;KO.USUSD
2024-04-24 16:00:00;61.156;61.346;61.156;61.167;50.03;KO.USUSD
2024-04-24 17:00:00;61.176;61.467;61.126;61.466;50.01;KO.USUSD
2024-04-24 18:00:00;61.477;61.527;61.396;61.437;32.39;KO.USUSD
2024-04-24 19:00:00;61.426;61.637;61.406;61.526;59.66;KO.USUSD
2024-04-25 13:00:00;61.656;62.557;61.656;61.897;272.58;KO.USUSD
2024-04-25 14:00:00;61.897;61.966;61.656;61.876;207.34;KO.USUSD
2024-04-25 15:00:00;61.887;61.887;61.546;61.876;106.63;KO.USUSD
2024-04-25 16:00:00;61.866;61.966;61.766;61.947;50.69;KO.USUSD
2024-04-25 17:00:00;61.936;61.987;61.786;61.987;43.15;KO.USUSD
2024-04-25 18:00:00;61.977;61.987;61.366;61.557;65.73;KO.USUSD
2024-04-25 19:00:00;61.546;61.797;61.516;61.746;70.46;KO.USUSD
2024-04-26 13:00:00;61.116;61.906;61.116;61.846;115.32;KO.USUSD
2024-04-26 14:00:00;61.846;61.926;61.626;61.776;117.79;KO.USUSD
2024-04-26 15:00:00;61.767;61.767;61.596;61.717;43.89;KO.USUSD
2024-04-26 16:00:00;61.706;61.827;61.677;61.817;19.4;KO.USUSD
2024-04-26 17:00:00;61.817;61.886;61.736;61.817;17.8;KO.USUSD
2024-04-26 18:00:00;61.816;61.867;61.696;61.817;31.51;KO.USUSD
2024-04-26 19:00:00;61.817;61.876;61.726;61.726;36.61;KO.USUSD
2024-04-29 13:00:00;61.866;61.936;61.516;61.527;182.6;KO.USUSD
2024-04-29 14:00:00;61.536;61.846;61.526;61.776;88.01;KO.USUSD
2024-04-29 15:00:00;61.766;61.807;61.667;61.797;33.29;KO.USUSD
2024-04-29 16:00:00;61.817;62.006;61.776;61.837;57.89;KO.USUSD
2024-04-29 17:00:00;61.837;61.957;61.826;61.916;30.52;KO.USUSD
2024-04-29 18:00:00;61.917;61.986;61.846;61.917;20.81;KO.USUSD
2024-04-29 19:00:00;61.917;62.037;61.766;62.027;41.49;KO.USUSD
2024-04-30 13:00:00;61.956;62.796;61.526;62.566;175.05;KO.USUSD
2024-04-30 14:00:00;62.586;62.677;61.906;61.926;241.04;KO.USUSD
2024-04-30 15:00:00;61.926;61.987;61.546;61.916;151.41;KO.USUSD
2024-04-30 16:00:00;61.917;62.057;61.656;61.757;91.32;KO.USUSD
2024-04-30 17:00:00;61.767;61.827;61.616;61.716;87.6;KO.USUSD
2024-04-30 18:00:00;61.707;61.747;61.456;61.587;57.59;KO.USUSD
2024-04-30 19:00:00;61.597;61.897;61.566;61.737;66.94;KO.USUSD
2024-05-01 13:00:00;61.767;61.792;61.206;61.396;240.0848;KO.USUSD
2024-05-01 14:00:00;61.397;61.657;61.336;61.587;200.68;KO.USUSD
2024-05-01 15:00:00;61.586;61.816;61.556;61.766;76.13;KO.USUSD
2024-05-01 16:00:00;61.767;61.917;61.746;61.916;49.64;KO.USUSD
2024-05-01 17:00:00;61.907;62.147;61.866;62.126;45.14;KO.USUSD
2024-05-01 18:00:00;62.126;62.557;62.106;62.337;152.006;KO.USUSD
2024-05-01 19:00:00;62.337;62.427;61.886;61.916;171.56;KO.USUSD
2024-05-02 13:00:00;62.067;62.247;61.676;62.096;145.31;KO.USUSD
2024-05-02 14:00:00;62.097;62.297;61.996;61.996;128.42;KO.USUSD
2024-05-02 15:00:00;61.986;62.227;61.956;62.196;54.64;KO.USUSD
2024-05-02 16:00:00;62.197;62.267;62.156;62.217;47.91;KO.USUSD
2024-05-02 17:00:00;62.217;62.386;62.196;62.317;60.78;KO.USUSD
2024-05-02 18:00:00;62.316;62.347;62.237;62.256;36.1;KO.USUSD
2024-05-02 19:00:00;62.267;62.267;61.886;61.986;74.08;KO.USUSD
2024-05-03 13:00:00;61.796;62.057;61.726;61.966;194.12;KO.USUSD
2024-05-03 14:00:00;61.966;62.027;61.636;61.797;200.31;KO.USUSD
2024-05-03 15:00:00;61.796;61.987;61.776;61.866;63.26;KO.USUSD
2024-05-03 16:00:00;61.866;62.026;61.856;61.977;34.32;KO.USUSD
2024-05-03 17:00:00;61.986;62.167;61.847;62.156;34.82;KO.USUSD
2024-05-03 18:00:00;62.156;62.227;62.126;62.206;19.84;KO.USUSD
2024-05-03 19:00:00;62.207;62.317;62.156;62.156;45.9;KO.USUSD
2024-05-06 13:00:00;61.906;62.267;61.906;61.967;106.8109;KO.USUSD
2024-05-06 14:00:00;61.967;62.177;61.936;61.987;106.32;KO.USUSD
2024-05-06 15:00:00;61.996;62.037;61.916;61.946;62.82;KO.USUSD
2024-05-06 16:00:00;61.937;62.057;61.886;62.047;41.95;KO.USUSD
2024-05-06 17:00:00;62.047;62.127;62.017;62.077;23.01;KO.USUSD
2024-05-06 18:00:00;62.067;62.166;62.046;62.156;20.07;KO.USUSD
2024-05-06 19:00:00;62.146;62.367;62.096;62.347;32.11;KO.USUSD
2024-05-07 13:00:00;62.397;62.797;62.397;62.647;124.85;KO.USUSD
2024-05-07 14:00:00;62.647;62.657;62.347;62.456;130.91;KO.USUSD
2024-05-07 15:00:00;62.456;62.456;62.266;62.297;62.69;KO.USUSD
2024-05-07 16:00:00;62.286;62.377;62.277;62.347;26.92;KO.USUSD
2024-05-07 17:00:00;62.357;62.397;62.256;62.306;37.77;KO.USUSD
2024-05-07 18:00:00;62.306;62.377;62.246;62.376;32.42;KO.USUSD
2024-05-07 19:00:00;62.366;62.637;62.336;62.617;49.58;KO.USUSD
2024-05-08 13:00:00;62.497;62.946;62.497;62.537;141.05;KO.USUSD
2024-05-08 14:00:00;62.537;62.757;62.466;62.666;87.11;KO.USUSD
2024-05-08 15:00:00;62.667;62.757;62.637;62.717;50.77;KO.USUSD
2024-05-08 16:00:00;62.717;62.797;62.646;62.777;30.75;KO.USUSD
2024-05-08 17:00:00;62.786;62.847;62.756;62.787;27.63;KO.USUSD
2024-05-08 18:00:00;62.796;62.807;62.666;62.707;29.87;KO.USUSD
2024-05-08 19:00:00;62.706;62.927;62.696;62.857;49.54;KO.USUSD
2024-05-09 13:00:00;62.737;62.967;62.736;62.916;74.6;KO.USUSD
2024-05-09 14:00:00;62.916;63.047;62.856;62.997;69.18;KO.USUSD
2024-05-09 15:00:00;62.986;62.997;62.856;62.947;42.3;KO.USUSD
2024-05-09 16:00:00;62.936;62.987;62.917;62.986;25.81;KO.USUSD
2024-05-09 17:00:00;62.996;63.136;62.946;63.057;32.45;KO.USUSD
2024-05-09 18:00:00;63.047;63.096;62.946;62.946;28.65;KO.USUSD
2024-05-09 19:00:00;62.957;62.966;62.817;62.887;63.13;KO.USUSD
2024-05-10 13:00:00;62.867;63.197;62.756;63.187;65.56;KO.USUSD
2024-05-10 14:00:00;63.166;63.327;63.126;63.266;60.07;KO.USUSD
2024-05-10 15:00:00;63.266;63.287;63.146;63.276;22.99;KO.USUSD
2024-05-10 16:00:00;63.287;63.347;63.257;63.266;15.89;KO.USUSD
2024-05-10 17:00:00;63.277;63.336;63.257;63.336;11.6;KO.USUSD
2024-05-10 18:00:00;63.327;63.347;63.156;63.267;15.55;KO.USUSD
2024-05-10 19:00:00;63.257;63.346;63.236;63.246;21.46;KO.USUSD
2024-05-13 13:00:00;63.227;63.547;63.166;63.446;94.38;KO.USUSD
2024-05-13 14:00:00;63.446;63.596;63.397;63.526;46.81;KO.USUSD
2024-05-13 15:00:00;63.526;63.536;63.436;63.457;25.95;KO.USUSD
2024-05-13 16:00:00;63.467;63.517;63.436;63.517;14.73;KO.USUSD
2024-05-13 17:00:00;63.516;63.607;63.506;63.517;23.49;KO.USUSD
2024-05-13 18:00:00;63.526;63.577;63.516;63.516;10.41;KO.USUSD
2024-05-13 19:00:00;63.517;63.597;63.496;63.577;19.85;KO.USUSD
2024-05-14 13:00:00;63.247;63.747;63.246;63.337;152.82;KO.USUSD
2024-05-14 14:00:00;63.336;63.417;62.917;62.946;81.41;KO.USUSD
2024-05-14 15:00:00;62.937;62.977;62.807;62.887;41.93;KO.USUSD
2024-05-14 16:00:00;62.897;63.017;62.866;62.966;24.76;KO.USUSD
2024-05-14 17:00:00;62.957;62.957;62.796;62.867;17.84;KO.USUSD
2024-05-14 18:00:00;62.876;63.096;62.856;63.026;23.47;KO.USUSD
2024-05-14 19:00:00;63.027;63.166;62.956;63.066;35.71;KO.USUSD
2024-05-15 13:00:00;63.027;63.206;62.986;63.196;107.2036;KO.USUSD
2024-05-15 14:00:00;63.196;63.387;63.116;63.127;87.51;KO.USUSD
2024-05-15 15:00:00;63.116;63.227;63.087;63.127;32.28;KO.USUSD
2024-05-15 16:00:00;63.126;63.236;62.996;63.226;32.28;KO.USUSD
2024-05-15 17:00:00;63.237;63.307;63.147;63.197;29.23;KO.USUSD
2024-05-15 18:00:00;63.197;63.217;63.106;63.186;31.28;KO.USUSD
2024-05-15 19:00:00;63.197;63.267;63.086;63.137;39.15;KO.USUSD
2024-05-16 13:00:00;63.206;63.387;63.056;63.297;158.02;KO.USUSD
2024-05-16 14:00:00;63.297;63.577;63.286;63.577;98.23;KO.USUSD
2024-05-16 15:00:00;63.566;63.716;63.427;63.496;60.81;KO.USUSD
2024-05-16 16:00:00;63.506;63.547;63.416;63.496;34.41;KO.USUSD
2024-05-16 17:00:00;63.516;63.607;63.416;63.436;43.89;KO.USUSD
2024-05-16 18:00:00;63.437;63.486;63.376;63.377;19.64;KO.USUSD
2024-05-16 19:00:00;63.376;63.407;63.266;63.307;44.72;KO.USUSD
2024-05-17 13:00:00;63.156;63.276;62.926;63.087;139.45;KO.USUSD
2024-05-17 14:00:00;63.086;63.346;63.086;63.316;67.24;KO.USUSD
2024-05-17 15:00:00;63.316;63.367;63.116;63.147;38.49;KO.USUSD
2024-05-17 16:00:00;63.136;63.187;63.087;63.116;20.42;KO.USUSD
2024-05-17 17:00:00;63.107;63.156;63.006;63.026;18.18;KO.USUSD
2024-05-17 18:00:00;63.037;63.107;63.026;63.036;30.8;KO.USUSD
2024-05-17 19:00:00;63.026;63.117;62.937;63.026;35.3812;KO.USUSD
2024-05-20 13:00:00;62.827;62.977;62.766;62.846;98.93;KO.USUSD
2024-05-20 14:00:00;62.846;62.987;62.776;62.926;54.2;KO.USUSD
2024-05-20 15:00:00;62.926;62.997;62.886;62.886;43.24;KO.USUSD
2024-05-20 16:00:00;62.877;62.897;62.716;62.777;35.63;KO.USUSD
2024-05-20 17:00:00;62.766;62.857;62.596;62.626;51.15;KO.USUSD
2024-05-20 18:00:00;62.617;62.617;62.466;62.466;24.19;KO.USUSD
2024-05-20 19:00:00;62.467;62.627;62.456;62.577;30.18;KO.USUSD
2024-05-21 13:00:00;62.446;62.847;62.446;62.677;165.53;KO.USUSD
2024-05-21 14:00:00;62.677;62.887;62.466;62.476;98.76;KO.USUSD
2024-05-21 15:00:00;62.467;62.647;62.436;62.516;51.72;KO.USUSD
2024-05-21 16:00:00;62.506;62.617;62.456;62.597;34.55;KO.USUSD
2024-05-21 17:00:00;62.606;62.617;62.527;62.607;29.67;KO.USUSD
2024-05-21 18:00:00;62.596;62.607;62.516;62.587;27.37;KO.USUSD
2024-05-21 19:00:00;62.587;62.967;62.576;62.917;44.61;KO.USUSD
2024-05-22 13:00:00;62.497;62.947;62.496;62.897;105.67;KO.USUSD
2024-05-22 14:00:00;62.896;62.957;62.706;62.887;65.13;KO.USUSD
2024-05-22 15:00:00;62.877;62.927;62.757;62.757;44.85;KO.USUSD
2024-05-22 16:00:00;62.767;62.876;62.696;62.876;30.77;KO.USUSD
2024-05-22 17:00:00;62.877;62.917;62.837;62.887;18.41;KO.USUSD
2024-05-22 18:00:00;62.886;62.887;62.706;62.797;49.26;KO.USUSD
2024-05-22 19:00:00;62.807;63.006;62.736;62.976;61.54;KO.USUSD
2024-05-23 13:00:00;62.216;62.727;62.216;62.687;134.0;KO.USUSD
2024-05-23 14:00:00;62.686;62.866;62.586;62.796;104.86;KO.USUSD
2024-05-23 15:00:00;62.787;62.847;62.607;62.607;46.38;KO.USUSD
2024-05-23 16:00:00;62.606;62.647;62.486;62.497;34.45;KO.USUSD
2024-05-23 17:00:00;62.497;62.537;62.216;62.216;47.74;KO.USUSD
2024-05-23 18:00:00;62.226;62.247;62.106;62.106;41.98;KO.USUSD
2024-05-23 19:00:00;62.117;62.176;62.036;62.076;67.77;KO.USUSD
2024-05-24 13:00:00;61.996;62.407;61.996;62.186;110.05;KO.USUSD
2024-05-24 14:00:00;62.187;62.316;62.006;62.167;60.54;KO.USUSD
2024-05-24 15:00:00;62.176;62.317;62.126;62.196;33.97;KO.USUSD
2024-05-24 16:00:00;62.207;62.246;62.106;62.207;22.83;KO.USUSD
2024-05-24 17:00:00;62.217;62.247;62.117;62.117;23.79;KO.USUSD
2024-05-24 18:00:00;62.107;62.156;62.026;62.076;12.7;KO.USUSD
2024-05-24 19:00:00;62.077;62.147;61.967;61.986;31.95;KO.USUSD
2024-05-28 13:00:00;61.796;62.117;61.396;61.956;147.7068;KO.USUSD
2024-05-28 14:00:00;61.957;62.067;61.756;61.807;93.3034;KO.USUSD
2024-05-28 15:00:00;61.797;61.846;61.586;61.637;43.2917;KO.USUSD
2024-05-28 16:00:00;61.647;61.697;61.466;61.497;30.9681;KO.USUSD
2024-05-28 17:00:00;61.486;61.586;61.456;61.576;34.3726;KO.USUSD
2024-05-28 18:00:00;61.567;61.656;61.526;61.617;22.5962;KO.USUSD
2024-05-28 19:00:00;61.617;61.827;61.556;61.807;37.425;KO.USUSD
2024-05-29 13:00:00;61.097;61.577;61.096;61.296;126.2385;KO.USUSD
2024-05-29 14:00:00;61.296;61.606;61.066;61.596;84.4542;KO.USUSD
2024-05-29 15:00:00;61.587;61.627;61.446;61.526;39.3016;KO.USUSD
2024-05-29 16:00:00;61.527;61.627;61.447;61.597;20.829;KO.USUSD
2024-05-29 17:00:00;61.607;61.746;61.606;61.737;18.4908;KO.USUSD
2024-05-29 18:00:00;61.737;61.796;61.656;61.767;29.1962;KO.USUSD
2024-05-29 19:00:00;61.756;61.867;61.666;61.696;53.3668;KO.USUSD
2024-05-30 13:00:00;61.846;61.927;61.606;61.736;126.0515;KO.USUSD
2024-05-30 14:00:00;61.726;61.857;61.596;61.756;86.9367;KO.USUSD
2024-05-30 15:00:00;61.766;61.877;61.766;61.816;41.8497;KO.USUSD
2024-05-30 16:00:00;61.826;61.967;61.736;61.946;35.5407;KO.USUSD
2024-05-30 17:00:00;61.937;62.016;61.896;61.957;31.9135;KO.USUSD
2024-05-30 18:00:00;61.976;61.997;61.906;61.997;19.3144;KO.USUSD
2024-05-30 19:00:00;62.006;62.067;61.896;61.946;63.9738;KO.USUSD
2024-05-31 13:00:00;61.987;62.227;61.856;61.937;119.7724;KO.USUSD
2024-05-31 14:00:00;61.936;62.047;61.686;62.007;146.8388;KO.USUSD
2024-05-31 15:00:00;62.007;62.146;61.927;62.016;64.214;KO.USUSD
2024-05-31 16:00:00;62.017;62.146;61.976;62.067;46.9052;KO.USUSD
2024-05-31 17:00:00;62.066;62.267;62.047;62.227;26.5371;KO.USUSD
2024-05-31 18:00:00;62.237;62.387;62.236;62.366;15.4007;KO.USUSD
2024-05-31 19:00:00;62.356;63.017;62.356;62.957;64.2799;KO.USUSD
2024-06-03 13:00:00;62.627;63.076;62.497;62.936;219.721;KO.USUSD
2024-06-03 14:00:00;62.946;63.037;62.696;62.747;139.1938;KO.USUSD
2024-06-03 15:00:00;62.756;62.817;62.616;62.717;82.5897;KO.USUSD
2024-06-03 16:00:00;62.726;62.827;62.436;62.497;74.958;KO.USUSD
2024-06-03 17:00:00;62.487;62.707;62.467;62.617;26.7553;KO.USUSD
2024-06-03 18:00:00;62.626;62.786;62.616;62.716;19.7353;KO.USUSD
2024-06-03 19:00:00;62.706;62.917;62.676;62.907;43.1524;KO.USUSD
2024-06-04 13:00:00;62.997;63.256;62.936;63.216;163.0486;KO.USUSD
2024-06-04 14:00:00;63.216;63.447;63.137;63.337;92.4221;KO.USUSD
2024-06-04 15:00:00;63.336;63.527;63.317;63.507;47.5398;KO.USUSD
2024-06-04 16:00:00;63.517;63.867;63.476;63.766;38.3562;KO.USUSD
2024-06-04 17:00:00;63.766;63.927;63.716;63.907;49.3106;KO.USUSD
2024-06-04 18:00:00;63.917;63.947;63.756;63.756;33.0297;KO.USUSD
2024-06-04 19:00:00;63.766;63.957;63.696;63.916;45.7432;KO.USUSD
2024-06-05 13:00:00;63.937;64.047;63.456;63.496;183.1847;KO.USUSD
2024-06-05 14:00:00;63.496;63.676;63.356;63.557;133.6412;KO.USUSD
2024-06-05 15:00:00;63.557;63.707;63.547;63.557;44.3097;KO.USUSD
2024-06-05 16:00:00;63.546;63.607;63.416;63.556;41.9108;KO.USUSD
2024-06-05 17:00:00;63.546;63.617;63.416;63.466;33.4744;KO.USUSD
2024-06-05 18:00:00;63.467;63.817;63.466;63.706;41.9571;KO.USUSD
2024-06-05 19:00:00;63.717;63.937;63.686;63.906;56.4522;KO.USUSD
2024-06-06 13:00:00;63.797;64.347;63.797;64.347;191.7156;KO.USUSD
2024-06-06 14:00:00;64.346;64.347;63.996;64.017;138.1349;KO.USUSD
2024-06-06 15:00:00;64.026;64.286;63.956;64.277;60.3497;KO.USUSD
2024-06-06 16:00:00;64.286;64.296;64.136;64.137;34.5117;KO.USUSD
2024-06-06 17:00:00;64.146;64.147;63.976;64.087;23.7299;KO.USUSD
2024-06-06 18:00:00;64.076;64.097;63.897;64.077;26.8771;KO.USUSD
2024-06-06 19:00:00;64.077;64.176;63.997;64.126;42.0742;KO.USUSD
2024-06-07 13:00:00;63.896;64.077;63.846;64.046;182.2531;KO.USUSD
2024-06-07 14:00:00;64.046;64.217;64.006;64.056;100.2369;KO.USUSD
2024-06-07 15:00:00;64.056;64.207;63.997;64.126;57.4198;KO.USUSD
2024-06-07 16:00:00;64.136;64.137;63.906;63.957;32.9753;KO.USUSD
2024-06-07 17:00:00;63.947;64.056;63.926;63.986;17.4681;KO.USUSD
2024-06-07 18:00:00;63.986;64.087;63.916;64.067;32.4789;KO.USUSD
2024-06-07 19:00:00;64.056;64.067;63.806;63.917;46.3333;KO.USUSD
2024-06-10 13:00:00;63.917;63.967;63.506;63.777;218.7127;KO.USUSD
2024-06-10 14:00:00;63.776;63.897;63.376;63.387;129.1468;KO.USUSD
2024-06-10 15:00:00;63.377;63.757;63.356;63.757;71.5198;KO.USUSD
2024-06-10 16:00:00;63.757;63.787;63.596;63.626;36.6153;KO.USUSD
2024-06-10 17:00:00;63.627;63.667;63.536;63.647;49.4198;KO.USUSD
2024-06-10 18:00:00;63.636;63.816;63.616;63.676;35.9225;KO.USUSD
2024-06-10 19:00:00;63.676;63.737;63.516;63.616;61.6594;KO.USUSD
2024-06-11 13:00:00;63.557;63.567;63.066;63.177;206.8069;KO.USUSD
2024-06-11 14:00:00;63.187;63.426;63.166;63.367;150.3486;KO.USUSD
2024-06-11 15:00:00;63.386;63.557;63.306;63.417;61.1616;KO.USUSD
2024-06-11 16:00:00;63.417;63.427;63.296;63.316;42.0735;KO.USUSD
2024-06-11 17:00:00;63.317;63.426;63.286;63.406;32.8517;KO.USUSD
2024-06-11 18:00:00;63.416;63.587;63.416;63.556;26.7135;KO.USUSD
2024-06-11 19:00:00;63.557;63.636;63.456;63.556;41.0569;KO.USUSD
2024-06-12 13:00:00;63.547;63.657;63.076;63.176;274.9545;KO.USUSD
2024-06-12 14:00:00;63.177;63.196;63.006;63.047;163.4648;KO.USUSD
2024-06-12 15:00:00;63.057;63.127;62.926;62.996;77.3578;KO.USUSD
2024-06-12 16:00:00;63.007;63.007;62.816;62.886;37.7362;KO.USUSD
2024-06-12 17:00:00;62.887;62.926;62.807;62.866;38.3063;KO.USUSD
2024-06-12 18:00:00;62.856;62.856;62.686;62.796;171.6591;KO.USUSD
2024-06-12 19:00:00;62.806;62.987;62.776;62.857;125.4608;KO.USUSD
2024-06-13 13:00:00;62.736;62.877;62.436;62.726;111.8338;KO.USUSD
2024-06-13 14:00:00;62.727;62.777;62.506;62.577;115.8938;KO.USUSD
2024-06-13 15:00:00;62.577;62.727;62.556;62.637;39.1398;KO.USUSD
2024-06-13 16:00:00;62.637;62.747;62.556;62.626;31.238;KO.USUSD
2024-06-13 17:00:00;62.627;62.846;62.616;62.837;24.709;KO.USUSD
2024-06-13 18:00:00;62.836;62.897;62.776;62.806;15.9872;KO.USUSD
2024-06-13 19:00:00;62.796;63.017;62.756;62.976;28.6196;KO.USUSD
2024-06-14 13:00:00;62.267;62.547;62.106;62.156;109.9799;KO.USUSD
2024-06-14 14:00:00;62.157;62.257;62.086;62.157;97.4376;KO.USUSD
2024-06-14 15:00:00;62.167;62.557;62.157;62.457;41.8007;KO.USUSD
2024-06-14 16:00:00;62.456;62.597;62.357;62.576;25.9326;KO.USUSD
2024-06-14 17:00:00;62.597;62.677;62.536;62.587;20.2672;KO.USUSD
2024-06-14 18:00:00;62.587;62.616;62.516;62.587;18.9598;KO.USUSD
2024-06-14 19:00:00;62.577;62.627;62.376;62.556;28.9088;KO.USUSD
2024-06-17 13:00:00;62.317;62.566;62.156;62.327;199.4657;KO.USUSD
2024-06-17 14:00:00;62.336;62.477;62.226;62.477;121.9758;KO.USUSD
2024-06-17 15:00:00;62.476;62.687;62.457;62.567;44.7825;KO.USUSD
2024-06-17 16:00:00;62.577;62.767;62.536;62.727;29.1861;KO.USUSD
2024-06-17 17:00:00;62.717;62.746;62.617;62.657;46.5052;KO.USUSD
2024-06-17 18:00:00;62.666;62.887;62.566;62.566;30.3097;KO.USUSD
2024-06-17 19:00:00;62.576;62.667;62.536;62.596;38.2068;KO.USUSD
2024-06-18 13:00:00;62.497;62.806;62.456;62.656;129.9104;KO.USUSD
2024-06-18 14:00:00;62.656;62.717;62.436;62.487;91.2614;KO.USUSD
2024-06-18 15:00:00;62.486;62.677;62.476;62.626;24.1816;KO.USUSD
2024-06-18 16:00:00;62.617;62.717;62.596;62.666;16.2717;KO.USUSD
2024-06-18 17:00:00;62.667;62.747;62.616;62.716;21.6317;KO.USUSD
2024-06-18 18:00:00;62.706;62.706;62.587;62.606;16.2054;KO.USUSD
2024-06-18 19:00:00;62.596;62.626;62.456;62.616;36.1931;KO.USUSD
2024-06-20 13:00:00;62.396;62.547;62.157;62.436;146.6504;KO.USUSD
2024-06-20 14:00:00;62.437;62.717;62.326;62.357;204.4738;KO.USUSD
2024-06-20 15:00:00;62.347;62.396;61.936;62.096;80.2169;KO.USUSD
2024-06-20 16:00:00;62.106;62.256;62.056;62.226;70.8039;KO.USUSD
2024-06-20 17:00:00;62.217;62.337;62.146;62.157;49.5385;KO.USUSD
2024-06-20 18:00:00;62.166;62.277;62.117;62.246;48.9513;KO.USUSD
2024-06-20 19:00:00;62.237;62.267;62.026;62.167;75.8055;KO.USUSD
2024-06-21 13:00:00;61.896;63.037;61.896;63.016;155.1765;KO.USUSD
2024-06-21 14:00:00;63.017;63.087;62.697;62.776;149.27;KO.USUSD
2024-06-21 15:00:00;62.756;62.837;62.606;62.676;55.336;KO.USUSD
2024-06-21 16:00:00;62.686;62.767;62.646;62.747;22.0807;KO.USUSD
2024-06-21 17:00:00;62.737;62.857;62.706;62.837;15.6544;KO.USUSD
2024-06-21 18:00:00;62.836;62.947;62.816;62.866;19.1371;KO.USUSD
2024-06-21 19:00:00;62.877;62.877;62.676;62.766;63.461;KO.USUSD
2024-06-24 13:00:00;62.857;63.527;62.856;63.517;142.0464;KO.USUSD
2024-06-24 14:00:00;63.516;64.027;63.446;63.817;124.9507;KO.USUSD
2024-06-24 15:00:00;63.817;63.847;63.696;63.777;60.0068;KO.USUSD
2024-06-24 16:00:00;63.787;63.857;63.677;63.796;30.0144;KO.USUSD
2024-06-24 17:00:00;63.776;63.777;63.627;63.687;31.5324;KO.USUSD
2024-06-24 18:00:00;63.697;63.956;63.696;63.887;24.0733;KO.USUSD
2024-06-24 19:00:00;63.886;64.047;63.736;63.956;48.9949;KO.USUSD
2024-06-25 13:00:00;63.876;64.057;63.666;63.697;163.423;KO.USUSD
2024-06-25 14:00:00;63.706;63.886;63.606;63.667;149.1203;KO.USUSD
2024-06-25 15:00:00;63.667;63.677;63.506;63.556;57.5434;KO.USUSD
2024-06-25 16:00:00;63.556;63.777;63.516;63.746;52.5769;KO.USUSD
2024-06-25 17:00:00;63.747;63.817;63.676;63.676;44.2908;KO.USUSD
2024-06-25 18:00:00;63.686;63.806;63.657;63.767;24.1526;KO.USUSD
2024-06-25 19:00:00;63.777;63.877;63.716;63.816;32.9834;KO.USUSD
2024-06-26 13:00:00;63.346;63.607;63.216;63.597;133.1077;KO.USUSD
2024-06-26 14:00:00;63.596;63.847;63.506;63.837;166.9138;KO.USUSD
2024-06-26 15:00:00;63.836;63.927;63.786;63.866;81.6268;KO.USUSD
2024-06-26 16:00:00;63.857;63.936;63.836;63.896;48.5816;KO.USUSD
2024-06-26 17:00:00;63.886;63.986;63.837;63.976;31.5171;KO.USUSD
2024-06-26 18:00:00;63.976;64.046;63.866;63.956;19.7971;KO.USUSD
2024-06-26 19:00:00;63.966;64.097;63.896;64.027;35.3942;KO.USUSD
2024-06-27 13:00:00;63.816;64.267;63.816;63.986;118.1794;KO.USUSD
2024-06-27 14:00:00;63.987;64.046;63.896;63.916;81.4369;KO.USUSD
2024-06-27 15:00:00;63.926;63.926;63.736;63.777;57.2351;KO.USUSD
2024-06-27 16:00:00;63.777;63.866;63.746;63.777;33.7117;KO.USUSD
2024-06-27 17:00:00;63.766;63.857;63.757;63.776;23.1126;KO.USUSD
2024-06-27 18:00:00;63.767;63.767;63.617;63.756;21.8699;KO.USUSD
2024-06-27 19:00:00;63.756;63.986;63.756;63.916;27.2387;KO.USUSD
2024-06-28 13:00:00;63.816;63.817;63.596;63.696;142.1603;KO.USUSD
2024-06-28 14:00:00;63.696;64.047;63.686;63.957;136.5248;KO.USUSD
2024-06-28 15:00:00;63.966;63.967;63.676;63.766;97.6342;KO.USUSD
2024-06-28 16:00:00;63.766;63.897;63.646;63.817;59.9452;KO.USUSD
2024-06-28 17:00:00;63.807;63.847;63.546;63.667;37.738;KO.USUSD
2024-06-28 18:00:00;63.667;63.707;63.516;63.547;25.9288;KO.USUSD
2024-06-28 19:00:00;63.547;63.657;63.516;63.627;83.3806;KO.USUSD
2024-07-01 13:00:00;63.816;64.287;63.816;64.006;161.321;KO.USUSD
2024-07-01 14:00:00;64.016;64.037;63.487;63.537;132.6037;KO.USUSD
2024-07-01 15:00:00;63.556;63.577;63.386;63.447;49.2079;KO.USUSD
2024-07-01 16:00:00;63.447;63.496;63.336;63.407;43.6371;KO.USUSD
2024-07-01 17:00:00;63.396;63.447;63.317;63.397;18.638;KO.USUSD
2024-07-01 18:00:00;63.387;63.397;63.176;63.186;16.9308;KO.USUSD
2024-07-01 19:00:00;63.187;63.337;63.116;63.256;31.747;KO.USUSD
2024-07-02 13:00:00;63.227;63.366;63.026;63.036;153.9947;KO.USUSD
2024-07-02 14:00:00;63.036;63.176;62.846;63.117;104.5448;KO.USUSD
2024-07-02 15:00:00;63.117;63.187;63.066;63.096;36.4544;KO.USUSD
2024-07-02 16:00:00;63.107;63.107;62.916;62.936;24.0481;KO.USUSD
2024-07-02 17:00:00;62.937;63.006;62.876;62.976;17.4672;KO.USUSD
2024-07-02 18:00:00;62.976;63.037;62.957;62.976;14.2263;KO.USUSD
2024-07-02 19:00:00;62.986;63.157;62.976;63.127;47.285;KO.USUSD
2024-07-03 13:00:00;63.146;63.476;62.916;63.436;121.4315;KO.USUSD
2024-07-03 14:00:00;63.436;63.657;63.306;63.506;120.5138;KO.USUSD
2024-07-03 15:00:00;63.507;63.627;63.426;63.507;53.1542;KO.USUSD
2024-07-03 16:00:00;63.487;63.527;63.286;63.317;71.8769;KO.USUSD
2024-07-05 13:00:00;63.307;63.456;63.046;63.117;169.604;KO.USUSD
2024-07-05 14:00:00;63.117;63.227;62.986;63.096;134.2976;KO.USUSD
2024-07-05 15:00:00;63.106;63.337;63.106;63.186;40.6634;KO.USUSD
2024-07-05 16:00:00;63.187;63.227;63.086;63.216;37.7544;KO.USUSD
2024-07-05 17:00:00;63.227;63.337;63.196;63.306;21.7726;KO.USUSD
2024-07-05 18:00:00;63.306;63.397;63.237;63.357;17.9135;KO.USUSD
2024-07-05 19:00:00;63.367;63.777;63.266;63.746;56.1095;KO.USUSD
2024-07-08 13:00:00;63.506;63.547;63.106;63.187;130.3212;KO.USUSD
2024-07-08 14:00:00;63.187;63.237;62.996;63.196;72.3459;KO.USUSD
2024-07-08 15:00:00;63.207;63.207;62.936;63.157;37.9135;KO.USUSD
2024-07-08 16:00:00;63.157;63.207;63.097;63.107;25.809;KO.USUSD
2024-07-08 17:00:00;63.097;63.097;62.997;63.016;13.2081;KO.USUSD
2024-07-08 18:00:00;63.027;63.117;62.996;63.007;16.0108;KO.USUSD
2024-07-08 19:00:00;62.996;63.027;62.836;62.937;31.3751;KO.USUSD
2024-07-09 13:00:00;62.997;63.216;62.946;62.976;107.9665;KO.USUSD
2024-07-09 14:00:00;62.986;62.987;62.587;62.786;92.4111;KO.USUSD
2024-07-09 15:00:00;62.786;62.906;62.617;62.696;31.7216;KO.USUSD
2024-07-09 16:00:00;62.697;62.777;62.657;62.717;39.9126;KO.USUSD
2024-07-09 17:00:00;62.727;62.857;62.716;62.786;47.2171;KO.USUSD
2024-07-09 18:00:00;62.787;62.787;62.676;62.707;30.0117;KO.USUSD
2024-07-09 19:00:00;62.717;62.817;62.626;62.666;33.4279;KO.USUSD
2024-07-10 13:00:00;62.686;62.686;62.276;62.517;156.7899;KO.USUSD
2024-07-10 14:00:00;62.526;62.577;62.316;62.397;78.9441;KO.USUSD
2024-07-10 15:00:00;62.406;62.577;62.406;62.547;39.1171;KO.USUSD
2024-07-10 16:00:00;62.547;62.657;62.526;62.626;34.1144;KO.USUSD
2024-07-10 17:00:00;62.626;62.756;62.516;62.596;36.7207;KO.USUSD
2024-07-10 18:00:00;62.586;62.597;62.446;62.527;22.0126;KO.USUSD
2024-07-10 19:00:00;62.527;62.847;62.526;62.806;25.0387;KO.USUSD
2024-07-11 13:00:00;62.566;63.046;62.376;63.026;163.4647;KO.USUSD
2024-07-11 14:00:00;63.017;63.197;62.876;62.936;209.4092;KO.USUSD
2024-07-11 15:00:00;62.946;63.307;62.906;63.286;95.0938;KO.USUSD
2024-07-11 16:00:00;63.296;63.297;63.046;63.167;57.6405;KO.USUSD
2024-07-11 17:00:00;63.176;63.396;63.106;63.377;57.0324;KO.USUSD
2024-07-11 18:00:00;63.377;63.447;63.216;63.216;56.127;KO.USUSD
2024-07-11 19:00:00;63.226;63.227;63.016;63.097;89.0549;KO.USUSD
2024-07-12 13:00:00;63.447;63.837;63.426;63.457;174.0231;KO.USUSD
2024-07-12 14:00:00;63.447;63.747;63.376;63.686;149.3637;KO.USUSD
2024-07-12 15:00:00;63.706;63.816;63.656;63.696;65.3342;KO.USUSD
2024-07-12 16:00:00;63.697;63.876;63.656;63.857;35.7144;KO.USUSD
2024-07-12 17:00:00;63.877;64.107;63.846;64.037;29.718;KO.USUSD
2024-07-12 18:00:00;64.027;64.077;63.947;63.977;23.9135;KO.USUSD
2024-07-12 19:00:00;63.966;64.027;63.666;63.706;46.1549;KO.USUSD
2024-07-15 13:00:00;63.797;63.887;63.676;63.796;110.954;KO.USUSD
2024-07-15 14:00:00;63.796;63.827;63.526;63.707;131.9677;KO.USUSD
2024-07-15 15:00:00;63.706;63.777;63.536;63.557;56.5252;KO.USUSD
2024-07-15 16:00:00;63.546;63.757;63.496;63.626;48.4324;KO.USUSD
2024-07-15 17:00:00;63.647;63.797;63.636;63.796;29.3198;KO.USUSD
2024-07-15 18:00:00;63.797;63.847;63.737;63.806;15.3216;KO.USUSD
2024-07-15 19:00:00;63.806;63.806;63.346;63.397;46.6531;KO.USUSD
2024-07-16 13:00:00;63.417;63.837;63.357;63.796;81.5504;KO.USUSD
2024-07-16 14:00:00;63.797;64.007;63.796;63.866;87.3347;KO.USUSD
2024-07-16 15:00:00;63.856;63.977;63.836;63.886;42.7315;KO.USUSD
2024-07-16 16:00:00;63.897;64.156;63.866;64.156;33.2252;KO.USUSD
2024-07-16 17:00:00;64.157;64.157;63.936;64.097;21.2099;KO.USUSD
2024-07-16 18:00:00;64.096;64.127;64.016;64.127;21.2135;KO.USUSD
2024-07-16 19:00:00;64.137;64.297;64.137;64.237;25.8288;KO.USUSD
2024-07-17 13:00:00;64.385;64.907;64.186;64.787;140.7345;KO.USUSD
2024-07-17 14:00:00;64.787;65.107;64.756;65.067;183.6804;KO.USUSD
2024-07-17 15:00:00;65.057;65.097;64.696;64.986;121.3747;KO.USUSD
2024-07-17 16:00:00;64.996;65.377;64.986;65.306;62.1612;KO.USUSD
2024-07-17 17:00:00;65.316;65.336;65.096;65.176;57.8486;KO.USUSD
2024-07-17 18:00:00;65.187;65.377;65.166;65.277;32.7423;KO.USUSD
2024-07-17 19:00:00;65.267;65.297;65.086;65.207;52.9974;KO.USUSD
2024-07-18 13:00:00;64.787;65.467;64.696;65.426;111.5119;KO.USUSD
2024-07-18 14:00:00;65.427;65.766;65.396;65.597;145.8244;KO.USUSD
2024-07-18 15:00:00;65.606;65.797;65.556;65.597;94.1044;KO.USUSD
2024-07-18 16:00:00;65.587;65.637;65.456;65.546;50.5414;KO.USUSD
2024-07-18 17:00:00;65.556;65.587;65.396;65.456;29.4117;KO.USUSD
2024-07-18 18:00:00;65.477;65.477;65.196;65.256;30.3243;KO.USUSD
2024-07-18 19:00:00;65.256;65.337;65.146;65.166;64.4947;KO.USUSD
2024-07-19 13:00:00;65.207;65.587;65.046;65.267;135.0521;KO.USUSD
2024-07-19 14:00:00;65.266;65.307;65.076;65.156;185.7754;KO.USUSD
2024-07-19 15:00:00;65.166;65.427;65.147;65.227;124.7621;KO.USUSD
2024-07-19 16:00:00;65.236;65.356;64.996;64.996;49.2288;KO.USUSD
2024-07-19 17:00:00;64.986;65.007;64.817;64.977;30.827;KO.USUSD
2024-07-19 18:00:00;64.976;65.047;64.916;65.007;15.3207;KO.USUSD
2024-07-19 19:00:00;65.017;65.297;64.997;65.287;42.9396;KO.USUSD
2024-07-22 13:00:00;65.246;65.257;64.566;64.587;153.3025;KO.USUSD
2024-07-22 14:00:00;64.587;64.827;64.526;64.746;127.6239;KO.USUSD
2024-07-22 15:00:00;64.747;64.786;64.376;64.516;70.5569;KO.USUSD
2024-07-22 16:00:00;64.516;64.607;64.306;64.526;40.4225;KO.USUSD
2024-07-22 17:00:00;64.537;64.766;64.526;64.607;47.9288;KO.USUSD
2024-07-22 18:00:00;64.597;64.867;64.576;64.737;30.7216;KO.USUSD
2024-07-22 19:00:00;64.727;64.777;64.576;64.756;63.4695;KO.USUSD
2024-07-23 13:00:00;65.096;66.007;65.096;65.496;165.8158;KO.USUSD
2024-07-23 14:00:00;65.496;65.677;65.126;65.127;140.9765;KO.USUSD
2024-07-23 15:00:00;65.127;65.507;65.107;65.477;63.236;KO.USUSD
2024-07-23 16:00:00;65.486;65.487;65.146;65.196;59.6234;KO.USUSD
2024-07-23 17:00:00;65.206;65.297;65.156;65.206;32.9252;KO.USUSD
2024-07-23 18:00:00;65.196;65.257;65.127;65.186;16.5144;KO.USUSD
2024-07-23 19:00:00;65.186;65.307;64.836;64.946;36.0605;KO.USUSD
2024-07-24 13:00:00;64.906;65.416;64.816;65.216;186.8228;KO.USUSD
2024-07-24 14:00:00;65.217;65.227;64.876;65.007;145.5237;KO.USUSD
2024-07-24 15:00:00;65.016;65.237;64.926;65.157;81.3594;KO.USUSD
2024-07-24 16:00:00;65.137;65.647;65.107;65.647;61.1596;KO.USUSD
2024-07-24 17:00:00;65.647;65.777;65.476;65.637;87.8396;KO.USUSD
2024-07-24 18:00:00;65.627;65.957;65.627;65.866;34.1477;KO.USUSD
2024-07-24 19:00:00;65.867;65.877;65.716;65.806;54.0437;KO.USUSD
2024-07-25 13:00:00;65.817;66.657;65.817;66.586;122.1379;KO.USUSD
2024-07-25 14:00:00;66.586;66.877;66.306;66.427;251.3266;KO.USUSD
2024-07-25 15:00:00;66.437;66.667;66.296;66.437;115.6008;KO.USUSD
2024-07-25 16:00:00;66.426;66.587;66.226;66.316;68.2513;KO.USUSD
2024-07-25 17:00:00;66.317;66.427;66.016;66.017;47.927;KO.USUSD
2024-07-25 18:00:00;66.016;66.067;65.856;65.926;38.636;KO.USUSD
2024-07-25 19:00:00;65.937;66.247;65.917;66.076;71.8929;KO.USUSD
2024-07-26 13:00:00;65.996;66.506;65.996;66.346;127.7675;KO.USUSD
2024-07-26 14:00:00;66.376;66.647;66.336;66.616;147.5905;KO.USUSD
2024-07-26 15:00:00;66.616;66.897;66.596;66.857;71.6677;KO.USUSD
2024-07-26 16:00:00;66.866;67.067;66.826;67.026;46.0297;KO.USUSD
2024-07-26 17:00:00;67.026;67.057;66.796;66.866;38.5243;KO.USUSD
2024-07-26 18:00:00;66.876;67.077;66.836;66.897;31.8171;KO.USUSD
2024-07-26 19:00:00;66.907;67.097;66.886;67.037;46.254;KO.USUSD
2024-07-29 13:00:00;66.806;66.967;66.496;66.697;209.3172;KO.USUSD
2024-07-29 14:00:00;66.697;66.867;66.376;66.537;203.7345;KO.USUSD
2024-07-29 15:00:00;66.546;66.757;66.416;66.617;113.7003;KO.USUSD
2024-07-29 16:00:00;66.616;66.787;66.556;66.766;89.4706;KO.USUSD
2024-07-29 17:00:00;66.776;66.797;66.666;66.777;38.1279;KO.USUSD
2024-07-29 18:00:00;66.776;66.917;66.656;66.856;26.127;KO.USUSD
2024-07-29 19:00:00;66.876;67.006;66.747;66.817;57.7803;KO.USUSD
2024-07-30 13:00:00;66.357;67.067;66.346;67.066;181.8235;KO.USUSD
2024-07-30 14:00:00;67.067;67.277;66.987;67.166;160.6444;KO.USUSD
2024-07-30 15:00:00;67.156;67.397;67.156;67.357;78.6003;KO.USUSD
2024-07-30 16:00:00;67.367;67.817;67.197;67.607;76.0713;KO.USUSD
2024-07-30 17:00:00;67.606;67.637;67.396;67.607;74.0904;KO.USUSD
2024-07-30 18:00:00;67.597;67.676;67.486;67.496;16.3144;KO.USUSD
2024-07-30 19:00:00;67.486;67.807;67.436;67.666;35.245;KO.USUSD
2024-07-31 13:00:00;67.487;67.587;67.116;67.127;217.6476;KO.USUSD
2024-07-31 14:00:00;67.107;67.277;66.976;66.997;240.7849;KO.USUSD
2024-07-31 15:00:00;67.017;67.066;66.756;66.897;97.0803;KO.USUSD
2024-07-31 16:00:00;66.897;67.036;66.827;66.937;49.818;KO.USUSD
2024-07-31 17:00:00;66.927;67.207;66.896;67.127;52.1243;KO.USUSD
2024-07-31 18:00:00;67.107;67.257;67.006;67.026;84.7929;KO.USUSD
2024-07-31 19:00:00;67.026;67.047;66.607;66.706;116.7741;KO.USUSD
2024-08-01 13:00:00;67.027;67.027;66.676;66.766;132.6082;KO.USUSD
2024-08-01 14:00:00;66.766;66.957;66.696;66.877;186.4175;KO.USUSD
2024-08-01 15:00:00;66.887;67.437;66.886;67.426;112.2426;KO.USUSD
2024-08-01 16:00:00;67.426;67.546;67.346;67.476;64.4486;KO.USUSD
2024-08-01 17:00:00;67.487;67.827;67.446;67.626;69.5495;KO.USUSD
2024-08-01 18:00:00;67.627;67.977;67.536;67.976;49.7749;KO.USUSD
2024-08-01 19:00:00;67.966;68.097;67.846;67.947;95.4325;KO.USUSD
2024-08-02 13:00:00;68.347;69.657;68.347;69.346;280.9879;KO.USUSD
2024-08-02 14:00:00;69.346;69.397;68.016;68.136;366.8028;KO.USUSD
2024-08-02 15:00:00;68.147;68.187;67.686;67.977;207.0856;KO.USUSD
2024-08-02 16:00:00;67.987;68.657;67.986;68.536;123.1437;KO.USUSD
2024-08-02 17:00:00;68.526;68.787;68.387;68.456;64.0405;KO.USUSD
2024-08-02 18:00:00;68.447;68.647;68.296;68.647;63.5477;KO.USUSD
2024-08-02 19:00:00;68.646;69.347;68.596;69.296;89.1289;KO.USUSD
2024-08-05 13:00:00;68.336;69.517;68.336;69.127;417.8141;KO.USUSD
2024-08-05 14:00:00;69.127;69.406;68.146;68.366;632.713;KO.USUSD
2024-08-05 15:00:00;68.377;68.497;68.086;68.417;248.2368;KO.USUSD
2024-08-05 16:00:00;68.416;68.447;68.096;68.227;233.6937;KO.USUSD
2024-08-05 17:00:00;68.227;68.247;67.716;67.867;155.242;KO.USUSD
2024-08-05 18:00:00;67.866;68.157;67.866;68.017;130.673;KO.USUSD
2024-08-05 19:00:00;68.027;68.216;67.847;68.126;107.4422;KO.USUSD
2024-08-06 13:00:00;68.117;68.546;67.766;68.426;240.0592;KO.USUSD
2024-08-06 14:00:00;68.426;68.717;68.386;68.627;323.841;KO.USUSD
2024-08-06 15:00:00;68.616;68.827;68.566;68.766;165.986;KO.USUSD
2024-08-06 16:00:00;68.777;68.827;68.477;68.486;80.6149;KO.USUSD
2024-08-06 17:00:00;68.496;68.577;68.376;68.567;80.7578;KO.USUSD
2024-08-06 18:00:00;68.577;68.637;68.346;68.527;42.7324;KO.USUSD
2024-08-06 19:00:00;68.526;68.526;68.036;68.036;87.6177;KO.USUSD
2024-08-07 13:00:00;67.917;68.657;67.816;68.626;250.6169;KO.USUSD
2024-08-07 14:00:00;68.626;69.057;68.606;68.996;242.2193;KO.USUSD
2024-08-07 15:00:00;68.997;69.167;68.836;68.867;121.9549;KO.USUSD
2024-08-07 16:00:00;68.867;68.927;68.637;68.647;107.1866;KO.USUSD
2024-08-07 17:00:00;68.637;68.907;68.616;68.727;78.8929;KO.USUSD
2024-08-07 18:00:00;68.736;68.737;68.466;68.517;89.5282;KO.USUSD
2024-08-07 19:00:00;68.517;68.707;68.416;68.477;89.3871;KO.USUSD
2024-08-08 13:00:00;67.987;68.627;67.847;68.596;203.2752;KO.USUSD
2024-08-08 14:00:00;68.596;68.667;68.427;68.587;251.0278;KO.USUSD
2024-08-08 15:00:00;68.597;68.747;68.487;68.556;98.3686;KO.USUSD
2024-08-08 16:00:00;68.556;68.647;68.506;68.626;58.2515;KO.USUSD
2024-08-08 17:00:00;68.626;68.856;68.606;68.786;57.5513;KO.USUSD
2024-08-08 18:00:00;68.776;68.827;68.626;68.717;44.8416;KO.USUSD
2024-08-08 19:00:00;68.706;68.806;68.517;68.727;66.7945;KO.USUSD
2024-08-09 13:00:00;68.616;68.677;68.236;68.626;180.2695;KO.USUSD
2024-08-09 14:00:00;68.627;68.697;68.416;68.546;169.1491;KO.USUSD
2024-08-09 15:00:00;68.546;68.637;68.476;68.486;62.6477;KO.USUSD
2024-08-09 16:00:00;68.497;68.587;68.466;68.537;42.3108;KO.USUSD
2024-08-09 17:00:00;68.546;68.776;68.467;68.566;32.5279;KO.USUSD
2024-08-09 18:00:00;68.566;68.637;68.486;68.617;43.8306;KO.USUSD
2024-08-09 19:00:00;68.626;68.727;68.526;68.667;44.1048;KO.USUSD
2024-08-12 13:00:00;68.277;68.526;68.186;68.367;144.6702;KO.USUSD
2024-08-12 14:00:00;68.366;68.387;68.106;68.346;144.3983;KO.USUSD
2024-08-12 15:00:00;68.346;68.367;67.986;68.207;102.5594;KO.USUSD
2024-08-12 16:00:00;68.206;68.247;68.056;68.087;54.5306;KO.USUSD
2024-08-12 17:00:00;68.076;68.097;67.826;67.846;42.4279;KO.USUSD
2024-08-12 18:00:00;67.856;68.197;67.847;68.176;30.6697;KO.USUSD
2024-08-12 19:00:00;68.166;68.197;67.956;68.167;37.5387;KO.USUSD
2024-08-13 13:00:00;67.926;68.597;67.926;68.376;151.6174;KO.USUSD
2024-08-13 14:00:00;68.377;68.407;68.146;68.346;210.81;KO.USUSD
2024-08-13 15:00:00;68.356;68.456;68.296;68.427;93.3405;KO.USUSD
2024-08-13 16:00:00;68.436;68.467;68.316;68.376;70.2306;KO.USUSD
2024-08-13 17:00:00;68.377;68.397;68.226;68.277;62.3614;KO.USUSD
2024-08-13 18:00:00;68.277;68.297;68.176;68.237;31.818;KO.USUSD
2024-08-13 19:00:00;68.237;68.467;68.217;68.447;56.9976;KO.USUSD
2024-08-14 13:00:00;68.187;68.657;68.106;68.487;161.139;KO.USUSD
2024-08-14 14:00:00;68.496;68.767;68.446;68.546;142.4545;KO.USUSD
2024-08-14 15:00:00;68.536;68.757;68.496;68.646;81.9342;KO.USUSD
2024-08-14 16:00:00;68.637;68.807;68.636;68.787;52.7396;KO.USUSD
2024-08-14 17:00:00;68.787;68.837;68.676;68.786;47.7416;KO.USUSD
2024-08-14 18:00:00;68.787;68.877;68.706;68.827;29.1407;KO.USUSD
2024-08-14 19:00:00;68.816;68.817;68.506;68.526;55.074;KO.USUSD
2024-08-15 13:00:00;68.676;68.907;68.616;68.736;184.5586;KO.USUSD
2024-08-15 14:00:00;68.706;68.777;68.496;68.607;172.9309;KO.USUSD
2024-08-15 15:00:00;68.616;68.757;68.576;68.607;88.6279;KO.USUSD
2024-08-15 16:00:00;68.597;68.787;68.536;68.536;70.1189;KO.USUSD
2024-08-15 17:00:00;68.546;68.686;68.536;68.666;30.3126;KO.USUSD
2024-08-15 18:00:00;68.676;68.767;68.666;68.746;31.1081;KO.USUSD
2024-08-15 19:00:00;68.736;68.807;68.526;68.656;46.2387;KO.USUSD
2024-08-16 13:00:00;68.716;68.997;68.706;68.876;117.2147;KO.USUSD
2024-08-16 14:00:00;68.876;69.046;68.636;69.007;131.6174;KO.USUSD
2024-08-16 15:00:00;68.996;69.287;68.896;68.957;75.5432;KO.USUSD
2024-08-16 16:00:00;68.947;68.987;68.796;68.946;26.5189;KO.USUSD
2024-08-16 17:00:00;68.956;69.087;68.886;69.076;27.6117;KO.USUSD
2024-08-16 18:00:00;69.087;69.177;69.027;69.166;17.9081;KO.USUSD
2024-08-16 19:00:00;69.176;69.196;69.036;69.157;29.3605;KO.USUSD
2024-08-19 13:00:00;69.256;69.397;69.056;69.136;114.2513;KO.USUSD
2024-08-19 14:00:00;69.137;69.177;69.026;69.097;64.8531;KO.USUSD
2024-08-19 15:00:00;69.097;69.116;68.936;69.036;30.2243;KO.USUSD
2024-08-19 16:00:00;69.047;69.066;68.936;69.037;38.8144;KO.USUSD
2024-08-19 17:00:00;69.046;69.066;68.916;68.966;27.1099;KO.USUSD
2024-08-19 18:00:00;68.957;68.987;68.837;68.947;23.6072;KO.USUSD
2024-08-19 19:00:00;68.947;69.056;68.927;68.967;32.6297;KO.USUSD
2024-08-20 13:00:00;68.956;69.016;68.826;68.996;129.9525;KO.USUSD
2024-08-20 14:00:00;68.976;69.287;68.756;69.257;113.0118;KO.USUSD
2024-08-20 15:00:00;69.266;69.336;69.166;69.326;41.9243;KO.USUSD
2024-08-20 16:00:00;69.326;69.326;69.147;69.147;23.6171;KO.USUSD
2024-08-20 17:00:00;69.146;69.157;69.056;69.147;23.9108;KO.USUSD
2024-08-20 18:00:00;69.156;69.267;69.136;69.136;29.6144;KO.USUSD
2024-08-20 19:00:00;69.126;69.377;69.077;69.357;24.8225;KO.USUSD
2024-08-21 13:00:00;69.467;70.117;69.436;70.037;92.2686;KO.USUSD
2024-08-21 14:00:00;70.037;70.037;69.486;69.516;158.9177;KO.USUSD
2024-08-21 15:00:00;69.516;69.657;69.486;69.556;67.2405;KO.USUSD
2024-08-21 16:00:00;69.557;69.646;69.456;69.617;37.6279;KO.USUSD
2024-08-21 17:00:00;69.606;69.656;69.416;69.467;31.2461;KO.USUSD
2024-08-21 18:00:00;69.467;69.567;69.436;69.497;29.3342;KO.USUSD
2024-08-21 19:00:00;69.497;69.576;69.326;69.536;45.5495;KO.USUSD
2024-08-22 13:00:00;69.697;69.846;69.486;69.536;130.3884;KO.USUSD
2024-08-22 14:00:00;69.536;69.607;69.376;69.387;102.5012;KO.USUSD
2024-08-22 15:00:00;69.396;69.437;69.286;69.356;69.5621;KO.USUSD
2024-08-22 16:00:00;69.356;69.457;69.137;69.146;56.7495;KO.USUSD
2024-08-22 17:00:00;69.157;69.257;68.987;69.037;64.6612;KO.USUSD
2024-08-22 18:00:00;69.036;69.177;68.986;69.077;46.1504;KO.USUSD
2024-08-22 19:00:00;69.087;69.337;69.016;69.326;75.0925;KO.USUSD
2024-08-23 13:00:00;69.357;69.437;69.167;69.356;102.1501;KO.USUSD
2024-08-23 14:00:00;69.366;69.466;69.176;69.247;155.1036;KO.USUSD
2024-08-23 15:00:00;69.246;69.267;69.066;69.066;71.4738;KO.USUSD
2024-08-23 16:00:00;69.077;69.107;68.927;68.986;48.3596;KO.USUSD
2024-08-23 17:00:00;68.996;69.316;68.956;69.276;33.336;KO.USUSD
2024-08-23 18:00:00;69.277;69.376;69.266;69.346;23.0225;KO.USUSD
2024-08-23 19:00:00;69.337;69.837;69.337;69.757;80.526;KO.USUSD
2024-08-26 13:00:00;69.787;70.147;69.716;70.146;124.6673;KO.USUSD
2024-08-26 14:00:00;70.157;70.706;70.106;70.506;101.2309;KO.USUSD
2024-08-26 15:00:00;70.506;70.637;70.497;70.587;54.5405;KO.USUSD
2024-08-26 16:00:00;70.597;70.837;70.586;70.807;45.2252;KO.USUSD
2024-08-26 17:00:00;70.816;70.907;70.756;70.836;38.4261;KO.USUSD
2024-08-26 18:00:00;70.847;70.847;70.696;70.737;37.4589;KO.USUSD
2024-08-26 19:00:00;70.727;70.877;70.696;70.857;51.2201;KO.USUSD
2024-08-27 13:00:00;70.996;71.487;70.996;71.437;152.6857;KO.USUSD
2024-08-27 14:00:00;71.457;71.476;71.176;71.226;97.8441;KO.USUSD
2024-08-27 15:00:00;71.236;71.377;71.146;71.367;49.627;KO.USUSD
2024-08-27 16:00:00;71.357;71.407;71.307;71.377;25.7207;KO.USUSD
2024-08-27 17:00:00;71.397;71.437;71.296;71.347;25.1144;KO.USUSD
2024-08-27 18:00:00;71.337;71.427;71.316;71.406;15.6126;KO.USUSD
2024-08-27 19:00:00;71.397;71.517;71.276;71.496;28.8506;KO.USUSD
2024-08-28 13:00:00;71.617;71.637;71.387;71.436;80.1868;KO.USUSD
2024-08-28 14:00:00;71.456;71.567;71.417;71.517;73.8039;KO.USUSD
2024-08-28 15:00:00;71.526;71.666;71.416;71.506;81.0992;KO.USUSD
2024-08-28 16:00:00;71.496;71.626;71.466;71.547;37.8288;KO.USUSD
2024-08-28 17:00:00;71.547;71.607;71.376;71.446;38.6324;KO.USUSD
2024-08-28 18:00:00;71.437;71.497;71.286;71.486;56.154;KO.USUSD
2024-08-28 19:00:00;71.486;71.797;71.436;71.787;57.5237;KO.USUSD
2024-08-29 13:00:00;71.636;71.897;71.226;71.316;130.7066;KO.USUSD
2024-08-29 14:00:00;71.327;71.737;71.247;71.497;148.6345;KO.USUSD
2024-08-29 15:00:00;71.506;71.667;71.386;71.636;65.3468;KO.USUSD
2024-08-29 16:00:00;71.637;71.746;71.506;71.706;47.0396;KO.USUSD
2024-08-29 17:00:00;71.697;71.857;71.676;71.786;25.0261;KO.USUSD
2024-08-29 18:00:00;71.796;71.896;71.736;71.866;58.6693;KO.USUSD
2024-08-29 19:00:00;71.866;72.206;71.807;72.037;96.3397;KO.USUSD
2024-08-30 13:00:00;72.046;72.437;71.876;72.016;109.706;KO.USUSD
2024-08-30 14:00:00;72.016;72.227;71.956;72.017;116.9475;KO.USUSD
2024-08-30 15:00:00;72.017;72.047;71.777;71.886;60.0769;KO.USUSD
2024-08-30 16:00:00;71.887;71.987;71.776;71.927;41.1297;KO.USUSD
2024-08-30 17:00:00;71.936;72.037;71.856;71.986;36.5225;KO.USUSD
2024-08-30 18:00:00;71.987;72.147;71.927;72.127;25.4351;KO.USUSD
2024-08-30 19:00:00;72.137;72.537;72.126;72.506;69.4419;KO.USUSD
2024-09-03 13:00:00;72.347;72.667;72.236;72.657;174.7741;KO.USUSD
2024-09-03 14:00:00;72.677;72.947;72.526;72.947;175.9526;KO.USUSD
2024-09-03 15:00:00;72.946;72.997;72.636;72.957;118.999;KO.USUSD
2024-09-03 16:00:00;72.957;73.227;72.926;73.076;84.9785;KO.USUSD
2024-09-03 17:00:00;73.086;73.277;73.066;73.217;96.3549;KO.USUSD
2024-09-03 18:00:00;73.216;73.226;72.967;72.996;78.8765;KO.USUSD
2024-09-03 19:00:00;72.976;73.177;72.856;73.016;96.0505;KO.USUSD
2024-09-04 13:00:00;73.186;73.517;73.036;73.256;187.1606;KO.USUSD
2024-09-04 14:00:00;73.257;73.297;72.606;72.797;186.9482;KO.USUSD
2024-09-04 15:00:00;72.807;72.987;72.726;72.947;83.8102;KO.USUSD
2024-09-04 16:00:00;72.956;72.976;72.496;72.506;62.0351;KO.USUSD
2024-09-04 17:00:00;72.516;72.536;71.906;72.076;78.3342;KO.USUSD
2024-09-04 18:00:00;72.086;72.426;72.066;72.347;69.7904;KO.USUSD
2024-09-04 19:00:00;72.346;72.567;72.247;72.537;68.3156;KO.USUSD
2024-09-05 13:00:00;72.647;72.667;71.997;72.037;121.0548;KO.USUSD
2024-09-05 14:00:00;72.036;72.126;71.646;71.716;158.1314;KO.USUSD
2024-09-05 15:00:00;71.697;71.707;71.267;71.456;107.981;KO.USUSD
2024-09-05 16:00:00;71.446;71.726;71.396;71.676;37.9351;KO.USUSD
2024-09-05 17:00:00;71.687;71.826;71.566;71.746;31.1351;KO.USUSD
2024-09-05 18:00:00;71.747;71.787;71.597;71.597;32.1407;KO.USUSD
2024-09-05 19:00:00;71.607;71.617;70.977;71.156;83.6599;KO.USUSD
2024-09-06 13:00:00;70.897;71.657;70.897;71.526;174.5044;KO.USUSD
2024-09-06 14:00:00;71.526;71.587;70.996;71.057;174.2539;KO.USUSD
2024-09-06 15:00:00;71.066;71.347;71.046;71.196;154.6931;KO.USUSD
2024-09-06 16:00:00;71.206;71.317;71.116;71.286;59.2495;KO.USUSD
2024-09-06 17:00:00;71.287;71.407;71.057;71.186;43.5279;KO.USUSD
2024-09-06 18:00:00;71.187;71.267;71.116;71.246;34.627;KO.USUSD
2024-09-06 19:00:00;71.237;71.247;71.066;71.126;56.6749;KO.USUSD
2024-09-09 13:00:00;71.196;71.776;70.976;71.677;122.7464;KO.USUSD
2024-09-09 14:00:00;71.676;72.266;71.676;72.227;140.0824;KO.USUSD
2024-09-09 15:00:00;72.236;72.296;71.946;72.116;77.2693;KO.USUSD
2024-09-09 16:00:00;72.127;72.197;72.017;72.147;45.8324;KO.USUSD
2024-09-09 17:00:00;72.137;72.137;71.946;71.977;29.8407;KO.USUSD
2024-09-09 18:00:00;71.967;72.046;71.896;71.906;34.7261;KO.USUSD
2024-09-09 19:00:00;71.916;71.937;71.667;71.856;57.0621;KO.USUSD
2024-09-10 13:00:00;71.967;72.407;71.726;72.246;185.01;KO.USUSD
2024-09-10 14:00:00;72.246;72.257;72.016;72.126;158.2525;KO.USUSD
2024-09-10 15:00:00;72.117;72.177;71.786;71.806;57.2441;KO.USUSD
2024-09-10 16:00:00;71.806;71.937;71.727;71.796;66.4603;KO.USUSD
2024-09-10 17:00:00;71.796;71.807;71.596;71.626;41.3488;KO.USUSD
2024-09-10 18:00:00;71.637;71.717;71.586;71.706;48.4324;KO.USUSD
2024-09-10 19:00:00;71.696;71.736;71.516;71.536;53.2695;KO.USUSD
2024-09-11 13:00:00;71.266;71.346;70.666;70.697;213.7282;KO.USUSD
2024-09-11 14:00:00;70.696;70.927;70.556;70.666;234.8939;KO.USUSD
2024-09-11 15:00:00;70.677;70.987;70.626;70.777;149.4226;KO.USUSD
2024-09-11 16:00:00;70.777;70.927;70.756;70.876;128.5729;KO.USUSD
2024-09-11 17:00:00;70.887;70.927;70.786;70.836;99.9531;KO.USUSD
2024-09-11 18:00:00;70.846;71.047;70.806;70.956;75.3621;KO.USUSD
2024-09-11 19:00:00;70.976;71.137;70.847;71.037;77.4096;KO.USUSD
2024-09-12 13:00:00;71.016;71.307;70.836;70.836;137.1179;KO.USUSD
2024-09-12 14:00:00;70.837;70.987;70.647;70.747;152.0914;KO.USUSD
2024-09-12 15:00:00;70.756;70.937;70.747;70.857;47.6922;KO.USUSD
2024-09-12 16:00:00;70.877;70.987;70.806;70.976;25.2479;KO.USUSD
2024-09-12 17:00:00;70.986;71.147;70.947;71.127;19.618;KO.USUSD
2024-09-12 18:00:00;71.127;71.237;71.026;71.107;29.436;KO.USUSD
2024-09-12 19:00:00;71.097;71.367;71.036;71.227;55.1929;KO.USUSD
2024-09-13 13:00:00;70.876;70.956;70.466;70.956;196.9374;KO.USUSD
2024-09-13 14:00:00;70.956;71.107;70.747;71.046;156.7361;KO.USUSD
2024-09-13 15:00:00;71.046;71.346;70.926;71.187;67.3405;KO.USUSD
2024-09-13 16:00:00;71.207;71.367;71.136;71.336;67.145;KO.USUSD
2024-09-13 17:00:00;71.316;71.456;71.306;71.307;34.5279;KO.USUSD
2024-09-13 18:00:00;71.297;71.297;71.146;71.257;33.4342;KO.USUSD
2024-09-13 19:00:00;71.257;71.447;71.246;71.407;45.3531;KO.USUSD
2024-09-16 13:00:00;71.597;72.227;71.597;72.077;117.7273;KO.USUSD
2024-09-16 14:00:00;72.097;72.097;71.616;71.787;149.8992;KO.USUSD
2024-09-16 15:00:00;71.786;71.887;71.607;71.806;73.9695;KO.USUSD
2024-09-16 16:00:00;71.807;72.096;71.736;72.037;43.7432;KO.USUSD
2024-09-16 17:00:00;72.037;72.137;71.916;71.996;33.7252;KO.USUSD
2024-09-16 18:00:00;72.016;72.107;71.967;72.026;26.2162;KO.USUSD
2024-09-16 19:00:00;72.017;72.137;71.946;72.106;42.8441;KO.USUSD
2024-09-17 13:00:00;71.917;72.207;71.816;71.876;164.852;KO.USUSD
2024-09-17 14:00:00;71.877;72.287;71.867;72.217;171.0768;KO.USUSD
2024-09-17 15:00:00;72.217;72.337;72.037;72.066;64.8994;KO.USUSD
2024-09-17 16:00:00;72.066;72.077;71.816;71.877;99.0864;KO.USUSD
2024-09-17 17:00:00;71.896;71.987;71.757;71.926;70.0693;KO.USUSD
2024-09-17 18:00:00;71.937;71.997;71.796;71.886;52.7495;KO.USUSD
2024-09-17 19:00:00;71.897;71.897;71.706;71.797;59.1711;KO.USUSD
2024-09-18 13:00:00;71.886;72.367;71.756;72.117;197.1717;KO.USUSD
2024-09-18 14:00:00;72.116;72.256;71.976;72.036;156.3174;KO.USUSD
2024-09-18 15:00:00;72.026;72.256;71.986;72.246;88.1423;KO.USUSD
2024-09-18 16:00:00;72.247;72.267;72.097;72.197;62.7634;KO.USUSD
2024-09-18 17:00:00;72.197;72.227;72.006;72.006;72.227;KO.USUSD
2024-09-18 18:00:00;72.006;72.237;71.266;71.536;327.788;KO.USUSD
2024-09-18 19:00:00;71.526;71.976;71.496;71.757;275.4683;KO.USUSD
2024-09-19 13:00:00;71.556;71.927;71.156;71.256;180.3623;KO.USUSD
2024-09-19 14:00:00;71.246;71.597;71.087;71.126;160.6226;KO.USUSD
2024-09-19 15:00:00;71.137;71.147;70.606;70.747;120.3495;KO.USUSD
2024-09-19 16:00:00;70.757;70.836;70.656;70.686;77.576;KO.USUSD
2024-09-19 17:00:00;70.697;70.837;70.676;70.736;48.6198;KO.USUSD
2024-09-19 18:00:00;70.747;70.807;70.606;70.786;35.0243;KO.USUSD
2024-09-19 19:00:00;70.797;70.886;70.596;70.627;55.7785;KO.USUSD
2024-09-20 13:00:00;70.366;70.876;70.317;70.747;193.8792;KO.USUSD
2024-09-20 14:00:00;70.747;70.907;70.567;70.866;156.5884;KO.USUSD
2024-09-20 15:00:00;70.857;71.107;70.816;70.897;88.4724;KO.USUSD
2024-09-20 16:00:00;70.896;70.977;70.706;70.947;40.6126;KO.USUSD
2024-09-20 17:00:00;70.956;71.357;70.946;71.287;44.7108;KO.USUSD
2024-09-20 18:00:00;71.287;71.287;71.067;71.247;43.9207;KO.USUSD
2024-09-20 19:00:00;71.257;71.727;71.116;71.597;118.1689;KO.USUSD
2024-09-23 13:00:00;71.396;71.717;71.166;71.516;177.7565;KO.USUSD
2024-09-23 14:00:00;71.547;72.147;71.547;72.106;145.7082;KO.USUSD
2024-09-23 15:00:00;72.106;72.186;71.747;71.787;70.227;KO.USUSD
2024-09-23 16:00:00;71.796;72.017;71.726;71.736;62.2207;KO.USUSD
2024-09-23 17:00:00;71.726;71.756;71.676;71.707;24.709;KO.USUSD
2024-09-23 18:00:00;71.706;71.737;71.626;71.636;18.7108;KO.USUSD
2024-09-23 19:00:00;71.637;71.747;71.526;71.706;29.9452;KO.USUSD
2024-09-24 13:00:00;71.197;71.357;70.546;71.207;202.5893;KO.USUSD
2024-09-24 14:00:00;71.216;71.807;71.026;71.706;201.248;KO.USUSD
2024-09-24 15:00:00;71.706;71.717;71.067;71.257;79.8171;KO.USUSD
2024-09-24 16:00:00;71.267;71.367;71.137;71.257;39.9126;KO.USUSD
2024-09-24 17:00:00;71.247;71.386;71.236;71.357;34.3081;KO.USUSD
2024-09-24 18:00:00;71.376;71.447;71.296;71.377;29.3144;KO.USUSD
2024-09-24 19:00:00;71.367;71.446;71.206;71.327;35.8551;KO.USUSD
2024-09-25 13:00:00;71.577;71.896;71.476;71.537;152.7913;KO.USUSD
2024-09-25 14:00:00;71.516;71.577;71.296;71.397;168.6632;KO.USUSD
2024-09-25 15:00:00;71.407;71.617;71.396;71.566;73.9198;KO.USUSD
2024-09-25 16:00:00;71.556;71.646;71.497;71.537;37.9153;KO.USUSD
2024-09-25 17:00:00;71.527;71.577;71.446;71.566;46.5306;KO.USUSD
2024-09-25 18:00:00;71.576;71.736;71.466;71.697;31.6153;KO.USUSD
2024-09-25 19:00:00;71.687;71.707;71.397;71.446;44.3306;KO.USUSD
2024-09-26 13:00:00;70.727;71.357;70.727;70.997;220.7822;KO.USUSD
2024-09-26 14:00:00;70.996;71.567;70.936;71.476;270.8804;KO.USUSD
2024-09-26 15:00:00;71.496;71.597;71.056;71.066;136.9522;KO.USUSD
2024-09-26 16:00:00;71.076;71.257;71.027;71.247;88.0216;KO.USUSD
2024-09-26 17:00:00;71.236;71.437;71.206;71.266;68.5306;KO.USUSD
2024-09-26 18:00:00;71.267;71.367;71.237;71.296;43.5198;KO.USUSD
2024-09-26 19:00:00;71.316;71.507;71.156;71.367;62.6578;KO.USUSD
2024-09-27 13:00:00;71.496;71.967;71.446;71.877;126.5705;KO.USUSD
2024-09-27 14:00:00;71.887;72.097;71.776;72.066;212.2055;KO.USUSD
2024-09-27 15:00:00;72.037;72.196;71.876;71.886;105.954;KO.USUSD
2024-09-27 16:00:00;71.896;71.907;71.606;71.646;70.747;KO.USUSD
2024-09-27 17:00:00;71.657;71.867;71.626;71.727;51.0234;KO.USUSD
2024-09-27 18:00:00;71.726;71.887;71.697;71.877;34.7441;KO.USUSD
2024-09-27 19:00:00;71.887;71.977;71.756;71.766;58.3623;KO.USUSD
2024-09-30 13:00:00;72.007;72.117;71.676;71.936;155.1537;KO.USUSD
2024-09-30 14:00:00;71.946;72.187;71.866;72.097;157.3839;KO.USUSD
2024-09-30 15:00:00;72.107;72.137;71.796;71.837;63.8252;KO.USUSD
2024-09-30 16:00:00;71.846;71.876;71.686;71.776;48.9126;KO.USUSD
2024-09-30 17:00:00;71.787;71.917;71.786;71.827;45.2162;KO.USUSD
2024-09-30 18:00:00;71.827;71.896;71.676;71.767;68.7612;KO.USUSD
2024-09-30 19:00:00;71.766;72.037;71.706;71.837;67.1848;KO.USUSD
2024-10-01 13:00:00;71.896;72.397;71.896;72.316;207.266;KO.USUSD
2024-10-01 14:00:00;72.317;72.737;72.176;72.307;248.2817;KO.USUSD
2024-10-01 15:00:00;72.307;72.347;72.167;72.216;128.921;KO.USUSD
2024-10-01 16:00:00;72.216;72.216;71.696;71.777;106.9383;KO.USUSD
2024-10-01 17:00:00;71.787;71.787;71.626;71.747;103.7136;KO.USUSD
2024-10-01 18:00:00;71.767;71.906;71.756;71.847;41.5414;KO.USUSD
2024-10-01 19:00:00;71.847;71.857;71.626;71.706;49.5396;KO.USUSD
2024-10-02 13:00:00;71.346;71.387;70.456;70.716;233.2527;KO.USUSD
2024-10-02 14:00:00;70.716;70.897;70.406;70.847;178.3219;KO.USUSD
2024-10-02 15:00:00;70.837;70.947;70.636;70.876;96.9378;KO.USUSD
2024-10-02 16:00:00;70.886;70.947;70.776;70.867;50.6108;KO.USUSD
2024-10-02 17:00:00;70.857;70.977;70.777;70.947;30.1126;KO.USUSD
2024-10-02 18:00:00;70.957;71.007;70.786;70.817;31.3162;KO.USUSD
2024-10-02 19:00:00;70.827;70.997;70.816;70.987;49.2306;KO.USUSD
2024-10-03 13:00:00;70.847;70.956;70.196;70.276;153.2529;KO.USUSD
2024-10-03 14:00:00;70.277;70.557;70.206;70.337;178.0025;KO.USUSD
2024-10-03 15:00:00;70.327;70.587;70.276;70.526;63.7632;KO.USUSD
2024-10-03 16:00:00;70.517;70.596;70.326;70.416;45.0207;KO.USUSD
2024-10-03 17:00:00;70.406;70.427;70.316;70.357;37.8416;KO.USUSD
2024-10-03 18:00:00;70.357;70.567;70.316;70.496;24.6144;KO.USUSD
2024-10-03 19:00:00;70.497;70.567;70.397;70.477;45.7459;KO.USUSD
2024-10-04 13:00:00;69.897;70.067;69.716;69.796;189.2207;KO.USUSD
2024-10-04 14:00:00;69.797;70.076;69.717;70.037;185.6869;KO.USUSD
2024-10-04 15:00:00;70.046;70.137;69.966;70.006;96.1731;KO.USUSD
2024-10-04 16:00:00;70.016;70.267;70.006;70.217;66.5315;KO.USUSD
2024-10-04 17:00:00;70.206;70.216;70.006;70.036;44.1216;KO.USUSD
2024-10-04 18:00:00;70.036;70.057;69.956;69.997;25.918;KO.USUSD
2024-10-04 19:00:00;69.997;70.167;69.776;70.136;44.2513;KO.USUSD
2024-10-07 13:00:00;70.027;70.027;69.357;69.636;160.0911;KO.USUSD
2024-10-07 14:00:00;69.636;69.706;69.367;69.426;160.8765;KO.USUSD
2024-10-07 15:00:00;69.427;69.547;69.336;69.397;57.7279;KO.USUSD
2024-10-07 16:00:00;69.386;69.467;69.196;69.226;41.0144;KO.USUSD
2024-10-07 17:00:00;69.216;69.357;69.177;69.246;37.709;KO.USUSD
2024-10-07 18:00:00;69.246;69.307;68.937;68.977;46.2414;KO.USUSD
2024-10-07 19:00:00;68.976;69.056;68.866;68.987;66.5866;KO.USUSD
2024-10-08 13:00:00;69.176;69.427;69.066;69.067;294.5111;KO.USUSD
2024-10-08 14:00:00;69.066;69.136;68.877;69.017;151.2154;KO.USUSD
2024-10-08 15:00:00;69.016;69.197;69.006;69.097;56.4216;KO.USUSD
2024-10-08 16:00:00;69.087;69.187;68.927;68.927;47.7126;KO.USUSD
2024-10-08 17:00:00;68.927;69.007;68.856;68.957;39.9135;KO.USUSD
2024-10-08 18:00:00;68.966;69.136;68.966;68.997;15.7054;KO.USUSD
2024-10-08 19:00:00;69.027;69.257;68.966;69.147;35.3333;KO.USUSD
2024-10-09 13:00:00;69.186;69.687;69.066;69.636;193.4686;KO.USUSD
2024-10-09 14:00:00;69.646;69.667;69.206;69.477;122.9513;KO.USUSD
2024-10-09 15:00:00;69.476;69.677;69.436;69.666;43.9243;KO.USUSD
2024-10-09 16:00:00;69.646;69.727;69.446;69.486;26.5153;KO.USUSD
2024-10-09 17:00:00;69.486;69.537;69.286;69.306;32.7216;KO.USUSD
2024-10-09 18:00:00;69.296;69.477;69.296;69.427;22.3117;KO.USUSD
2024-10-09 19:00:00;69.417;69.636;69.386;69.547;39.7459;KO.USUSD
2024-10-10 13:00:00;69.746;69.887;69.336;69.357;293.9756;KO.USUSD
2024-10-10 14:00:00;69.356;69.537;69.156;69.216;185.1657;KO.USUSD
2024-10-10 15:00:00;69.216;69.367;69.206;69.257;55.2291;KO.USUSD
2024-10-10 16:00:00;69.256;69.337;69.146;69.156;58.6144;KO.USUSD
2024-10-10 17:00:00;69.147;69.277;69.126;69.247;65.0171;KO.USUSD
2024-10-10 18:00:00;69.236;69.237;69.017;69.017;35.4099;KO.USUSD
2024-10-10 19:00:00;69.037;69.256;68.977;69.217;36.536;KO.USUSD
2024-10-11 13:00:00;69.336;69.476;69.036;69.047;208.2594;KO.USUSD
2024-10-11 14:00:00;69.047;69.407;68.996;69.237;110.4486;KO.USUSD
2024-10-11 15:00:00;69.237;69.457;69.166;69.357;34.1144;KO.USUSD
2024-10-11 16:00:00;69.376;69.407;69.216;69.287;26.2135;KO.USUSD
2024-10-11 17:00:00;69.297;69.427;69.256;69.357;20.8081;KO.USUSD
2024-10-11 18:00:00;69.346;69.517;69.346;69.506;13.7117;KO.USUSD
2024-10-11 19:00:00;69.496;69.587;69.436;69.536;31.4225;KO.USUSD
2024-10-14 13:00:00;69.476;69.757;69.476;69.686;182.1785;KO.USUSD
2024-10-14 14:00:00;69.686;69.957;69.616;69.846;124.4531;KO.USUSD
2024-10-14 15:00:00;69.846;70.067;69.836;70.056;62.0351;KO.USUSD
2024-10-14 16:00:00;70.066;70.226;70.036;70.226;34.2126;KO.USUSD
2024-10-14 17:00:00;70.217;70.246;70.146;70.157;18.6054;KO.USUSD
2024-10-14 18:00:00;70.157;70.307;70.136;70.276;20.509;KO.USUSD
2024-10-14 19:00:00;70.287;70.457;70.226;70.346;43.1387;KO.USUSD
2024-10-15 13:00:00;70.307;70.637;70.196;70.287;100.9849;KO.USUSD
2024-10-15 14:00:00;70.297;71.206;70.147;70.686;351.2526;KO.USUSD
2024-10-15 15:00:00;70.687;70.927;70.656;70.776;172.6017;KO.USUSD
2024-10-15 16:00:00;70.766;70.817;70.546;70.587;84.456;KO.USUSD
2024-10-15 17:00:00;70.607;70.637;70.506;70.537;53.3425;KO.USUSD
2024-10-15 18:00:00;70.527;70.557;70.357;70.466;48.8318;KO.USUSD
2024-10-15 19:00:00;70.466;70.507;70.296;70.336;80.8738;KO.USUSD
2024-10-16 13:00:00;70.077;70.327;69.957;70.316;205.0202;KO.USUSD
2024-10-16 14:00:00;70.317;70.687;70.307;70.596;210.8602;KO.USUSD
2024-10-16 15:00:00;70.596;70.617;70.417;70.476;81.2468;KO.USUSD
2024-10-16 16:00:00;70.476;70.567;70.426;70.497;43.6461;KO.USUSD
2024-10-16 17:00:00;70.507;70.537;70.366;70.427;35.512;KO.USUSD
2024-10-16 18:00:00;70.436;70.587;70.426;70.506;40.2225;KO.USUSD
2024-10-16 19:00:00;70.507;70.577;70.416;70.536;51.7333;KO.USUSD
2024-10-17 13:00:00;70.637;70.667;70.046;70.197;106.3771;KO.USUSD
2024-10-17 14:00:00;70.207;70.347;69.996;69.996;121.3932;KO.USUSD
2024-10-17 15:00:00;70.007;70.007;69.716;69.716;43.4282;KO.USUSD
2024-10-17 16:00:00;69.726;69.797;69.657;69.786;23.644;KO.USUSD
2024-10-17 17:00:00;69.777;69.787;69.576;69.747;17.8395;KO.USUSD
2024-10-17 18:00:00;69.737;69.847;69.586;69.816;22.6932;KO.USUSD
2024-10-17 19:00:00;69.827;69.897;69.756;69.886;0.426;KO.USUSD
2024-10-18 13:00:00;69.577;70.026;69.576;69.936;72.0952;KO.USUSD
2024-10-18 14:00:00;69.936;70.317;69.887;70.297;77.7648;KO.USUSD
2024-10-18 15:00:00;70.286;70.376;70.237;70.286;39.1225;KO.USUSD
2024-10-18 16:00:00;70.297;70.457;70.247;70.417;23.009;KO.USUSD
2024-10-18 17:00:00;70.427;70.537;70.366;70.367;17.7072;KO.USUSD
2024-10-18 18:00:00;70.376;70.447;70.306;70.377;12.4081;KO.USUSD
2024-10-18 19:00:00;70.366;70.467;70.217;70.417;29.9207;KO.USUSD
2024-10-21 13:00:00;69.796;70.307;69.796;70.077;198.0572;KO.USUSD
2024-10-21 14:00:00;70.087;70.106;69.697;69.776;109.8677;KO.USUSD
2024-10-21 15:00:00;69.766;69.787;69.426;69.477;64.2405;KO.USUSD
2024-10-21 16:00:00;69.467;69.667;69.466;69.667;24.4126;KO.USUSD
2024-10-21 17:00:00;69.707;69.727;69.597;69.617;9.4063;KO.USUSD
2024-10-21 18:00:00;69.617;69.697;69.557;69.567;11.5036;KO.USUSD
2024-10-21 19:00:00;69.576;69.636;69.296;69.447;34.2288;KO.USUSD
2024-10-22 13:00:00;69.007;69.516;68.676;69.427;196.8902;KO.USUSD
2024-10-22 14:00:00;69.427;69.507;69.296;69.357;155.792;KO.USUSD
2024-10-22 15:00:00;69.366;69.737;69.356;69.567;56.6452;KO.USUSD
2024-10-22 16:00:00;69.567;69.667;69.527;69.587;29.8317;KO.USUSD
2024-10-22 17:00:00;69.606;69.627;69.486;69.537;23.5099;KO.USUSD
2024-10-22 18:00:00;69.536;69.646;69.446;69.456;21.8054;KO.USUSD
2024-10-22 19:00:00;69.466;69.627;69.356;69.446;29.6198;KO.USUSD
2024-10-23 13:00:00;66.866;68.427;66.546;67.587;271.963;KO.USUSD
2024-10-23 14:00:00;67.587;68.196;67.537;67.677;332.9651;KO.USUSD
2024-10-23 15:00:00;67.686;67.987;67.527;67.886;135.0594;KO.USUSD
2024-10-23 16:00:00;67.886;68.247;67.836;68.217;74.5524;KO.USUSD
2024-10-23 17:00:00;68.207;68.687;68.196;68.476;87.3668;KO.USUSD
2024-10-23 18:00:00;68.466;68.477;68.156;68.397;65.2641;KO.USUSD
2024-10-23 19:00:00;68.397;68.407;67.946;67.996;58.4805;KO.USUSD
2024-10-24 13:00:00;67.627;68.037;67.436;67.447;195.6576;KO.USUSD
2024-10-24 14:00:00;67.436;67.667;67.356;67.397;116.3576;KO.USUSD
2024-10-24 15:00:00;67.406;67.426;66.957;67.076;41.5135;KO.USUSD
2024-10-24 16:00:00;67.087;67.317;66.946;67.147;45.9261;KO.USUSD
2024-10-24 17:00:00;67.137;67.236;67.057;67.057;30.5135;KO.USUSD
2024-10-24 18:00:00;67.056;67.317;67.036;67.256;25.4144;KO.USUSD
2024-10-24 19:00:00;67.246;67.307;67.126;67.286;43.6432;KO.USUSD
2024-10-25 13:00:00;67.216;67.686;67.156;67.246;133.6501;KO.USUSD
2024-10-25 14:00:00;67.257;67.656;67.216;67.587;108.9534;KO.USUSD
2024-10-25 15:00:00;67.587;67.637;67.306;67.307;32.8243;KO.USUSD
2024-10-25 16:00:00;67.307;67.417;67.266;67.317;21.7081;KO.USUSD
2024-10-25 17:00:00;67.307;67.307;67.026;67.067;23.0207;KO.USUSD
2024-10-25 18:00:00;67.076;67.146;67.036;67.077;24.6488;KO.USUSD
2024-10-25 19:00:00;67.097;67.097;66.786;66.906;29.9288;KO.USUSD
2024-10-28 13:00:00;66.896;67.387;66.767;67.036;118.8495;KO.USUSD
2024-10-28 14:00:00;67.046;67.257;66.936;66.946;104.8695;KO.USUSD
2024-10-28 15:00:00;66.947;67.056;66.756;66.877;38.6443;KO.USUSD
2024-10-28 16:00:00;66.866;66.877;66.646;66.747;29.5117;KO.USUSD
2024-10-28 17:00:00;66.756;66.817;66.726;66.777;13.2108;KO.USUSD
2024-10-28 18:00:00;66.777;66.887;66.746;66.747;13.5054;KO.USUSD
2024-10-28 19:00:00;66.747;66.837;66.586;66.667;24.1189;KO.USUSD
2024-10-29 13:00:00;66.307;66.307;65.836;65.997;118.4599;KO.USUSD
2024-10-29 14:00:00;65.996;66.176;65.807;66.116;113.774;KO.USUSD
2024-10-29 15:00:00;66.117;66.147;65.716;65.766;41.3207;KO.USUSD
2024-10-29 16:00:00;65.787;65.886;65.677;65.787;31.2153;KO.USUSD
2024-10-29 17:00:00;65.806;65.856;65.716;65.776;29.6153;KO.USUSD
2024-10-29 18:00:00;65.786;65.917;65.776;65.776;19.9099;KO.USUSD
2024-10-29 19:00:00;65.787;65.807;65.526;65.576;23.1162;KO.USUSD
2024-10-30 13:00:00;65.397;65.727;65.307;65.676;146.7707;KO.USUSD
2024-10-30 14:00:00;65.676;66.067;65.546;66.037;92.7542;KO.USUSD
2024-10-30 15:00:00;66.036;66.507;66.036;66.506;73.7279;KO.USUSD
2024-10-30 16:00:00;66.517;66.526;66.306;66.347;57.9171;KO.USUSD
2024-10-30 17:00:00;66.337;66.437;66.266;66.306;42.518;KO.USUSD
2024-10-30 18:00:00;66.317;66.427;66.217;66.276;35.3171;KO.USUSD
2024-10-30 19:00:00;66.277;66.277;65.806;65.917;66.4333;KO.USUSD
2024-10-31 13:00:00;65.806;65.927;65.527;65.886;197.001;KO.USUSD
2024-10-31 14:00:00;65.887;65.977;65.536;65.567;163.4675;KO.USUSD
2024-10-31 15:00:00;65.576;65.807;65.526;65.766;85.3533;KO.USUSD
2024-10-31 16:00:00;65.766;65.776;65.607;65.696;50.7171;KO.USUSD
2024-10-31 17:00:00;65.707;65.766;65.606;65.677;38.3117;KO.USUSD
2024-10-31 18:00:00;65.686;65.827;65.666;65.786;35.0225;KO.USUSD
2024-10-31 19:00:00;65.787;65.797;65.246;65.286;71.1576;KO.USUSD
2024-11-01 13:00:00;65.406;65.637;65.156;65.187;93.849;KO.USUSD
2024-11-01 14:00:00;65.197;65.407;65.076;65.167;138.0758;KO.USUSD
2024-11-01 15:00:00;65.167;65.277;64.996;65.027;75.027;KO.USUSD
2024-11-01 16:00:00;65.036;65.237;65.036;65.107;37.3189;KO.USUSD
2024-11-01 17:00:00;65.096;65.157;64.966;65.026;32.4144;KO.USUSD
2024-11-01 18:00:00;65.016;65.107;64.956;65.067;27.8207;KO.USUSD
2024-11-01 19:00:00;65.046;65.097;64.887;64.977;43.2324;KO.USUSD
2024-11-04 14:00:00;65.076;65.417;65.016;65.166;182.3657;KO.USUSD
2024-11-04 15:00:00;65.167;65.247;64.846;64.937;143.245;KO.USUSD
2024-11-04 16:00:00;64.947;64.967;64.647;64.706;59.2416;KO.USUSD
2024-11-04 17:00:00;64.716;65.007;64.667;64.986;70.7425;KO.USUSD
2024-11-04 18:00:00;64.987;65.047;64.906;64.977;63.3497;KO.USUSD
2024-11-04 19:00:00;64.966;65.027;64.897;64.976;35.1189;KO.USUSD
2024-11-04 20:00:00;64.987;65.107;64.897;65.097;31.0306;KO.USUSD
2024-11-05 14:00:00;64.536;65.067;64.536;65.036;140.9196;KO.USUSD
2024-11-05 15:00:00;65.036;65.207;64.996;65.077;115.3567;KO.USUSD
2024-11-05 16:00:00;65.087;65.157;64.986;64.997;61.4333;KO.USUSD
2024-11-05 17:00:00;65.006;65.206;64.986;65.167;24.4126;KO.USUSD
2024-11-05 18:00:00;65.167;65.327;65.166;65.286;27.2162;KO.USUSD
2024-11-05 19:00:00;65.297;65.417;65.297;65.387;21.9162;KO.USUSD
2024-11-05 20:00:00;65.376;65.456;65.307;65.366;37.4542;KO.USUSD
2024-11-06 14:00:00;64.067;64.555;63.156;64.266;414.8355;KO.USUSD
2024-11-06 15:00:00;64.276;64.297;63.177;63.186;511.0916;KO.USUSD
2024-11-06 16:00:00;63.197;63.667;63.197;63.507;221.8617;KO.USUSD
2024-11-06 17:00:00;63.517;63.526;63.276;63.397;107.8369;KO.USUSD
2024-11-06 18:00:00;63.396;63.917;63.326;63.706;93.4596;KO.USUSD
2024-11-06 19:00:00;63.716;63.856;63.616;63.796;48.636;KO.USUSD
2024-11-06 20:00:00;63.807;63.887;63.596;63.667;89.3837;KO.USUSD
2024-11-07 14:00:00;64.257;64.367;63.917;64.006;181.7641;KO.USUSD
2024-11-07 15:00:00;64.017;64.057;63.816;63.857;224.7531;KO.USUSD
2024-11-07 16:00:00;63.867;63.907;63.706;63.777;50.3171;KO.USUSD
2024-11-07 17:00:00;63.777;63.927;63.746;63.896;26.109;KO.USUSD
2024-11-07 18:00:00;63.906;63.956;63.686;63.686;18.1027;KO.USUSD
2024-11-07 19:00:00;63.697;63.866;63.626;63.856;40.8742;KO.USUSD
2024-11-07 20:00:00;63.866;64.037;63.597;63.646;50.1659;KO.USUSD
2024-11-08 14:00:00;63.867;64.167;63.726;63.966;169.9644;KO.USUSD
2024-11-08 15:00:00;63.957;64.097;63.846;64.047;133.8576;KO.USUSD
2024-11-08 16:00:00;64.056;64.087;63.956;64.026;40.9207;KO.USUSD
2024-11-08 17:00:00;64.037;64.227;64.026;64.096;24.9099;KO.USUSD
2024-11-08 18:00:00;64.087;64.227;64.087;64.157;18.0126;KO.USUSD
2024-11-08 19:00:00;64.147;64.167;64.027;64.047;16.5072;KO.USUSD
2024-11-08 20:00:00;64.046;64.057;63.867;63.897;43.3288;KO.USUSD
2024-11-11 14:00:00;63.847;64.107;63.706;63.847;172.5268;KO.USUSD
2024-11-11 15:00:00;63.857;63.917;63.616;63.647;229.8776;KO.USUSD
2024-11-11 16:00:00;63.656;63.726;63.556;63.707;63.5261;KO.USUSD
2024-11-11 17:00:00;63.697;63.726;63.556;63.576;41.6899;KO.USUSD
2024-11-11 18:00:00;63.587;63.627;63.496;63.546;22.5281;KO.USUSD
2024-11-11 19:00:00;63.537;63.537;63.416;63.447;19.7636;KO.USUSD
2024-11-11 20:00:00;63.457;63.527;63.246;63.376;48.0196;KO.USUSD
2024-11-12 14:00:00;63.557;63.686;63.226;63.536;211.5214;KO.USUSD
2024-11-12 15:00:00;63.537;63.737;63.326;63.457;148.2904;KO.USUSD
2024-11-12 16:00:00;63.467;63.527;63.317;63.357;78.4306;KO.USUSD
2024-11-12 17:00:00;63.357;63.357;63.177;63.216;48.8544;KO.USUSD
2024-11-12 18:00:00;63.217;63.297;63.146;63.276;39.138;KO.USUSD
2024-11-12 19:00:00;63.276;63.537;63.276;63.467;42.8261;KO.USUSD
2024-11-12 20:00:00;63.457;63.506;63.106;63.197;55.2996;KO.USUSD
2024-11-13 14:00:00;62.937;63.246;62.486;63.236;137.7137;KO.USUSD
2024-11-13 15:00:00;63.236;63.247;62.876;63.046;151.7794;KO.USUSD
2024-11-13 16:00:00;63.057;63.117;62.977;62.977;52.578;KO.USUSD
2024-11-13 17:00:00;62.966;62.966;62.767;62.886;44.6228;KO.USUSD
2024-11-13 18:00:00;62.897;62.897;62.756;62.816;19.7654;KO.USUSD
2024-11-13 19:00:00;62.826;63.026;62.817;62.897;30.3607;KO.USUSD
2024-11-13 20:00:00;62.907;63.057;62.867;63.017;35.9369;KO.USUSD
2024-11-14 14:00:00;63.086;63.087;62.726;62.826;232.2141;KO.USUSD
2024-11-14 15:00:00;62.846;62.846;62.467;62.616;144.7695;KO.USUSD
2024-11-14 16:00:00;62.617;62.767;62.536;62.536;50.9807;KO.USUSD
2024-11-14 17:00:00;62.527;62.707;62.507;62.697;43.2607;KO.USUSD
2024-11-14 18:00:00;62.706;62.817;62.686;62.746;33.0117;KO.USUSD
2024-11-14 19:00:00;62.756;62.977;62.756;62.926;25.4407;KO.USUSD
2024-11-14 20:00:00;62.926;62.927;62.426;62.536;66.0821;KO.USUSD
2024-11-15 14:00:00;62.497;62.587;61.936;61.956;129.9733;KO.USUSD
2024-11-15 15:00:00;61.966;62.007;61.587;61.607;220.1873;KO.USUSD
2024-11-15 16:00:00;61.597;61.797;61.446;61.477;114.4349;KO.USUSD
2024-11-15 17:00:00;61.467;61.727;61.376;61.667;69.3052;KO.USUSD
2024-11-15 18:00:00;61.667;61.857;61.576;61.647;45.7162;KO.USUSD
2024-11-15 19:00:00;61.657;61.716;61.506;61.617;41.8607;KO.USUSD
2024-11-15 20:00:00;61.627;61.737;61.496;61.716;63.4259;KO.USUSD
2024-11-18 14:00:00;61.847;61.987;61.547;61.947;197.4942;KO.USUSD
2024-11-18 15:00:00;61.947;62.107;61.856;61.976;89.7661;KO.USUSD
2024-11-18 16:00:00;61.987;62.127;61.966;62.016;38.1472;KO.USUSD
2024-11-18 17:00:00;62.016;62.037;61.916;61.987;23.0081;KO.USUSD
2024-11-18 18:00:00;61.977;61.977;61.836;61.877;17.3854;KO.USUSD
2024-11-18 19:00:00;61.867;61.997;61.867;61.947;13.9627;KO.USUSD
2024-11-18 20:00:00;61.937;61.937;61.686;61.846;19.8344;KO.USUSD
2024-11-19 14:00:00;61.876;61.967;61.616;61.767;170.5268;KO.USUSD
2024-11-19 15:00:00;61.767;62.047;61.746;61.956;160.7769;KO.USUSD
2024-11-19 16:00:00;61.967;62.047;61.897;62.026;41.1553;KO.USUSD
2024-11-19 17:00:00;62.037;62.117;62.016;62.106;16.3299;KO.USUSD
2024-11-19 18:00:00;62.086;62.256;62.056;62.236;20.5335;KO.USUSD
2024-11-19 19:00:00;62.226;62.317;62.176;62.227;23.3872;KO.USUSD
2024-11-19 20:00:00;62.236;62.607;62.226;62.577;31.1171;KO.USUSD
2024-11-20 14:00:00;62.607;62.677;62.176;62.396;146.8142;KO.USUSD
2024-11-20 15:00:00;62.407;62.487;62.056;62.126;133.7796;KO.USUSD
2024-11-20 16:00:00;62.146;62.557;62.016;62.526;71.2461;KO.USUSD
2024-11-20 17:00:00;62.526;62.767;62.437;62.726;54.3135;KO.USUSD
2024-11-20 18:00:00;62.716;62.827;62.696;62.806;34.2881;KO.USUSD
2024-11-20 19:00:00;62.797;62.917;62.726;62.857;28.7317;KO.USUSD
2024-11-20 20:00:00;62.846;63.006;62.696;62.996;47.1897;KO.USUSD
2024-11-21 14:00:00;63.126;63.256;62.936;63.156;131.436;KO.USUSD
2024-11-21 15:00:00;63.156;63.606;63.126;63.567;183.2821;KO.USUSD
2024-11-21 16:00:00;63.576;63.597;63.166;63.246;63.1461;KO.USUSD
2024-11-21 17:00:00;63.236;63.517;63.196;63.487;27.0189;KO.USUSD
2024-11-21 18:00:00;63.497;63.617;63.476;63.597;27.3699;KO.USUSD
2024-11-21 19:00:00;63.586;63.677;63.556;63.676;26.749;KO.USUSD
2024-11-21 20:00:00;63.687;63.797;63.586;63.747;37.2789;KO.USUSD
2024-11-22 14:00:00;64.146;64.437;64.086;64.207;160.6578;KO.USUSD
2024-11-22 15:00:00;64.206;64.237;63.846;63.937;113.1895;KO.USUSD
2024-11-22 16:00:00;63.946;63.967;63.686;63.736;31.7544;KO.USUSD
2024-11-22 17:00:00;63.746;63.816;63.637;63.657;23.2618;KO.USUSD
2024-11-22 18:00:00;63.676;63.866;63.646;63.866;24.6081;KO.USUSD
2024-11-22 19:00:00;63.877;63.977;63.806;63.936;28.6526;KO.USUSD
2024-11-22 20:00:00;63.927;64.016;63.826;63.907;39.5043;KO.USUSD
2024-11-25 14:00:00;64.236;64.697;64.067;64.497;130.925;KO.USUSD
2024-11-25 15:00:00;64.506;64.567;64.247;64.256;102.9594;KO.USUSD
2024-11-25 16:00:00;64.257;64.286;64.056;64.066;36.3762;KO.USUSD
2024-11-25 17:00:00;64.077;64.226;64.017;64.017;34.098;KO.USUSD
2024-11-25 18:00:00;64.026;64.107;63.946;64.106;22.2672;KO.USUSD
2024-11-25 19:00:00;64.097;64.097;63.936;63.997;16.7236;KO.USUSD
2024-11-25 20:00:00;63.987;64.367;63.916;64.326;40.9333;KO.USUSD
2024-11-26 14:00:00;64.256;64.566;64.056;64.527;233.4004;KO.USUSD
2024-11-26 15:00:00;64.536;64.567;64.257;64.287;182.3205;KO.USUSD
2024-11-26 16:00:00;64.306;64.527;64.276;64.436;31.6171;KO.USUSD
2024-11-26 17:00:00;64.427;64.467;64.247;64.427;22.6272;KO.USUSD
2024-11-26 18:00:00;64.416;64.557;64.396;64.556;29.8836;KO.USUSD
2024-11-26 19:00:00;64.566;64.587;64.486;64.566;20.2863;KO.USUSD
2024-11-26 20:00:00;64.576;64.607;64.527;64.537;24.7726;KO.USUSD
2024-11-27 14:00:00;64.807;64.996;64.566;64.856;103.2434;KO.USUSD
2024-11-27 15:00:00;64.856;65.087;64.776;64.876;98.7295;KO.USUSD
2024-11-27 16:00:00;64.887;64.957;64.846;64.947;40.2189;KO.USUSD
2024-11-27 17:00:00;64.957;65.007;64.766;64.766;22.509;KO.USUSD
2024-11-27 18:00:00;64.756;64.756;64.497;64.517;10.2045;KO.USUSD
2024-11-27 19:00:00;64.506;64.537;64.467;64.496;9.5027;KO.USUSD
2024-11-27 20:00:00;64.476;64.487;64.246;64.456;26.9299;KO.USUSD
2024-11-29 14:00:00;63.967;64.107;63.746;64.066;108.7862;KO.USUSD
2024-11-29 15:00:00;64.066;64.187;63.996;64.187;138.3479;KO.USUSD
2024-11-29 16:00:00;64.176;64.237;64.097;64.136;35.7944;KO.USUSD
2024-11-29 17:00:00;64.146;64.217;64.016;64.096;47.2706;KO.USUSD
2024-12-02 14:00:00;64.006;64.167;63.337;63.526;158.7942;KO.USUSD
2024-12-02 15:00:00;63.526;63.947;63.406;63.857;131.016;KO.USUSD
2024-12-02 16:00:00;63.836;63.836;63.607;63.656;47.8216;KO.USUSD
2024-12-02 17:00:00;63.667;63.677;63.556;63.577;27.7681;KO.USUSD
2024-12-02 18:00:00;63.587;63.776;63.566;63.736;22.8481;KO.USUSD
2024-12-02 19:00:00;63.726;63.837;63.686;63.746;28.389;KO.USUSD
2024-12-02 20:00:00;63.736;63.796;63.616;63.646;36.3926;KO.USUSD
2024-12-03 14:00:00;63.666;63.797;63.006;63.176;112.9034;KO.USUSD
2024-12-03 15:00:00;63.176;63.537;63.166;63.456;156.1387;KO.USUSD
2024-12-03 16:00:00;63.477;63.617;63.466;63.547;80.3126;KO.USUSD
2024-12-03 17:00:00;63.557;63.747;63.557;63.667;41.0036;KO.USUSD
2024-12-03 18:00:00;63.677;64.077;63.616;63.977;80.9517;KO.USUSD
2024-12-03 19:00:00;63.956;63.967;63.756;63.827;59.4854;KO.USUSD
2024-12-03 20:00:00;63.817;63.817;63.447;63.516;144.0041;KO.USUSD
2024-12-04 14:00:00;63.196;63.286;62.827;62.947;190.0787;KO.USUSD
2024-12-04 15:00:00;62.937;62.937;62.496;62.666;154.1951;KO.USUSD
2024-12-04 16:00:00;62.647;62.667;62.496;62.646;34.4481;KO.USUSD
2024-12-04 17:00:00;62.647;62.717;62.336;62.347;48.4908;KO.USUSD
2024-12-04 18:00:00;62.346;62.466;62.306;62.307;39.9526;KO.USUSD
2024-12-04 19:00:00;62.307;62.347;61.937;61.987;47.1681;KO.USUSD
2024-12-04 20:00:00;61.986;62.207;61.896;62.197;95.3315;KO.USUSD
2024-12-05 14:00:00;62.397;62.616;62.106;62.357;157.6671;KO.USUSD
2024-12-05 15:00:00;62.357;62.467;62.206;62.337;225.6261;KO.USUSD
2024-12-05 16:00:00;62.347;62.436;62.176;62.376;133.4144;KO.USUSD
2024-12-05 17:00:00;62.387;62.877;62.387;62.797;176.1371;KO.USUSD
2024-12-05 18:00:00;62.777;62.986;62.777;62.887;94.7517;KO.USUSD
2024-12-05 19:00:00;62.897;62.966;62.776;62.907;75.7562;KO.USUSD
2024-12-05 20:00:00;62.897;63.107;62.876;62.927;75.1787;KO.USUSD
2024-12-06 14:00:00;62.697;63.327;62.686;63.327;103.3025;KO.USUSD
2024-12-06 15:00:00;63.326;63.337;62.766;62.907;183.9605;KO.USUSD
2024-12-06 16:00:00;62.897;62.897;62.696;62.827;71.367;KO.USUSD
2024-12-06 17:00:00;62.816;62.897;62.616;62.866;39.0699;KO.USUSD
2024-12-06 18:00:00;62.846;62.877;62.696;62.817;33.2699;KO.USUSD
2024-12-06 19:00:00;62.817;62.827;62.726;62.747;20.8036;KO.USUSD
2024-12-06 20:00:00;62.757;62.867;62.506;62.506;34.1735;KO.USUSD
2024-12-09 14:00:00;62.637;62.637;61.896;61.906;195.4641;KO.USUSD
2024-12-09 15:00:00;61.906;62.897;61.906;62.636;377.272;KO.USUSD
2024-12-09 16:00:00;62.646;62.817;62.246;62.377;211.4052;KO.USUSD
2024-12-09 17:00:00;62.377;62.796;62.267;62.727;148.129;KO.USUSD
2024-12-09 18:00:00;62.717;62.917;62.676;62.797;73.3535;KO.USUSD
2024-12-09 19:00:00;62.786;62.887;62.726;62.797;49.7326;KO.USUSD
2024-12-09 20:00:00;62.787;62.807;62.557;62.627;67.2805;KO.USUSD
2024-12-10 14:00:00;62.646;62.647;61.866;61.957;193.3414;KO.USUSD
2024-12-10 15:00:00;61.937;62.476;61.787;62.436;216.4214;KO.USUSD
2024-12-10 16:00:00;62.427;62.717;62.396;62.577;111.8115;KO.USUSD
2024-12-10 17:00:00;62.587;62.657;62.506;62.537;34.1899;KO.USUSD
2024-12-10 18:00:00;62.547;62.587;62.466;62.587;26.9499;KO.USUSD
2024-12-10 19:00:00;62.577;62.836;62.527;62.836;27.6762;KO.USUSD
2024-12-10 20:00:00;62.847;63.027;62.776;62.927;94.4902;KO.USUSD
2024-12-11 14:00:00;62.847;63.477;62.807;63.047;131.9751;KO.USUSD
2024-12-11 15:00:00;63.056;63.477;63.026;63.396;215.3821;KO.USUSD
2024-12-11 16:00:00;63.407;63.577;63.317;63.467;71.3717;KO.USUSD
2024-12-11 17:00:00;63.476;63.607;63.407;63.467;70.3744;KO.USUSD
2024-12-11 18:00:00;63.466;63.487;62.826;62.876;42.1654;KO.USUSD
2024-12-11 19:00:00;62.856;62.927;62.466;62.567;68.4526;KO.USUSD
2024-12-11 20:00:00;62.577;62.726;62.396;62.607;123.4295;KO.USUSD
2024-12-12 14:00:00;63.497;63.687;63.196;63.636;248.9996;KO.USUSD
2024-12-12 15:00:00;63.636;63.726;63.466;63.646;322.1522;KO.USUSD
2024-12-12 16:00:00;63.657;63.796;63.477;63.596;156.5416;KO.USUSD
2024-12-12 17:00:00;63.606;63.667;63.496;63.577;78.1135;KO.USUSD
2024-12-12 18:00:00;63.566;63.627;63.416;63.447;50.9708;KO.USUSD
2024-12-12 19:00:00;63.437;63.517;63.367;63.456;55.4708;KO.USUSD
2024-12-12 20:00:00;63.466;63.906;63.457;63.816;81.3169;KO.USUSD
2024-12-13 14:00:00;63.516;63.696;63.036;63.216;128.4817;KO.USUSD
2024-12-13 15:00:00;63.216;63.797;63.106;63.787;178.1185;KO.USUSD
2024-12-13 16:00:00;63.786;63.827;63.636;63.727;85.4715;KO.USUSD
2024-12-13 17:00:00;63.727;63.736;63.387;63.387;40.1099;KO.USUSD
2024-12-13 18:00:00;63.386;63.487;63.376;63.417;25.3499;KO.USUSD
2024-12-13 19:00:00;63.406;63.466;63.316;63.347;26.8281;KO.USUSD
2024-12-13 20:00:00;63.376;63.447;63.096;63.107;75.1652;KO.USUSD
2024-12-16 14:00:00;63.167;63.817;63.126;63.346;202.9108;KO.USUSD
2024-12-16 15:00:00;63.366;63.697;63.327;63.426;256.3486;KO.USUSD
2024-12-16 16:00:00;63.436;63.476;63.146;63.156;178.7061;KO.USUSD
2024-12-16 17:00:00;63.166;63.187;62.817;62.827;96.9016;KO.USUSD
2024-12-16 18:00:00;62.797;62.847;62.656;62.787;91.2553;KO.USUSD
2024-12-16 19:00:00;62.797;62.807;62.596;62.616;31.6645;KO.USUSD
2024-12-16 20:00:00;62.617;62.647;62.336;62.566;70.5416;KO.USUSD
2024-12-17 14:00:00;62.396;63.167;62.306;63.146;160.3444;KO.USUSD
2024-12-17 16:00:00;63.407;63.446;63.386;63.437;3.7836;KO.USUSD
2024-12-17 17:00:00;63.426;63.497;63.297;63.386;48.1625;KO.USUSD
2024-12-17 18:00:00;63.377;63.437;63.226;63.407;72.6789;KO.USUSD
2024-12-17 19:00:00;63.397;63.466;63.336;63.376;39.2852;KO.USUSD
2024-12-17 20:00:00;63.386;63.497;63.306;63.426;53.2969;KO.USUSD
2024-12-18 14:00:00;62.827;63.465;62.756;63.417;123.5389;KO.USUSD
2024-12-18 15:00:00;63.407;63.626;63.327;63.417;134.9551;KO.USUSD
2024-12-18 16:00:00;63.416;63.547;63.346;63.497;55.9843;KO.USUSD
2024-12-18 17:00:00;63.486;63.617;63.407;63.457;39.7407;KO.USUSD
2024-12-18 18:00:00;63.466;63.477;63.246;63.287;46.4699;KO.USUSD
2024-12-18 19:00:00;63.297;63.397;63.097;63.327;157.3233;KO.USUSD
2024-12-18 20:00:00;63.336;63.577;62.786;62.817;273.095;KO.USUSD
2024-12-19 14:00:00;62.546;63.017;62.416;62.676;322.5361;KO.USUSD
2024-12-19 15:00:00;62.677;62.987;62.646;62.867;358.7083;KO.USUSD
2024-12-19 16:00:00;62.847;62.987;62.726;62.757;225.0156;KO.USUSD
2024-12-19 17:00:00;62.747;63.117;62.747;63.037;128.2603;KO.USUSD
2024-12-19 18:00:00;63.037;63.157;62.936;63.127;94.7922;KO.USUSD
2024-12-19 19:00:00;63.136;63.157;62.747;62.747;74.5306;KO.USUSD
2024-12-19 20:00:00;62.756;62.827;62.396;62.417;114.5289;KO.USUSD
2024-12-20 14:00:00;62.156;62.617;62.156;62.486;118.9751;KO.USUSD
2024-12-20 15:00:00;62.487;62.547;62.286;62.416;297.4201;KO.USUSD
2024-12-20 16:00:00;62.416;63.037;62.406;62.957;178.2365;KO.USUSD
2024-12-20 17:00:00;62.967;63.047;62.756;62.927;124.0569;KO.USUSD
2024-12-20 18:00:00;62.926;62.957;62.706;62.706;124.1378;KO.USUSD
2024-12-20 19:00:00;62.706;62.957;62.676;62.856;85.127;KO.USUSD
2024-12-20 20:00:00;62.867;62.896;62.516;62.576;157.0134;KO.USUSD
2024-12-23 14:00:00;62.437;62.717;61.886;61.896;185.4568;KO.USUSD
2024-12-23 15:00:00;61.907;62.047;61.746;61.857;169.9156;KO.USUSD
2024-12-23 16:00:00;61.867;61.977;61.776;61.777;72.907;KO.USUSD
2024-12-23 17:00:00;61.787;61.827;61.526;61.707;51.4515;KO.USUSD
2024-12-23 18:00:00;61.707;61.887;61.656;61.826;52.4861;KO.USUSD
2024-12-23 19:00:00;61.837;62.057;61.826;61.957;35.5861;KO.USUSD
2024-12-23 20:00:00;61.967;62.397;61.946;62.336;66.2102;KO.USUSD
2024-12-24 14:00:00;62.146;62.457;61.996;62.357;145.807;KO.USUSD
2024-12-24 15:00:00;62.366;62.627;62.366;62.456;119.8598;KO.USUSD
2024-12-24 16:00:00;62.457;62.567;62.436;62.497;77.3881;KO.USUSD
2024-12-24 17:00:00;62.506;62.797;62.496;62.797;71.6025;KO.USUSD
2024-12-26 14:00:00;62.537;62.667;62.416;62.556;96.1225;KO.USUSD
2024-12-26 15:00:00;62.557;62.697;62.396;62.477;128.2807;KO.USUSD
2024-12-26 16:00:00;62.466;62.667;62.396;62.646;62.6099;KO.USUSD
2024-12-26 17:00:00;62.656;62.717;62.636;62.657;35.9935;KO.USUSD
2024-12-26 18:00:00;62.646;62.686;62.546;62.666;40.7535;KO.USUSD
2024-12-26 19:00:00;62.666;62.677;62.556;62.586;24.8335;KO.USUSD
2024-12-26 20:00:00;62.577;62.676;62.526;62.567;39.7643;KO.USUSD
2024-12-27 14:00:00;62.436;62.856;62.206;62.836;155.0778;KO.USUSD
2024-12-27 15:00:00;62.826;62.937;62.586;62.586;249.8107;KO.USUSD
2024-12-27 16:00:00;62.586;62.697;62.417;62.446;82.0524;KO.USUSD
2024-12-27 17:00:00;62.437;62.457;62.307;62.357;52.7578;KO.USUSD
2024-12-27 18:00:00;62.346;62.577;62.346;62.447;73.4524;KO.USUSD
2024-12-27 19:00:00;62.447;62.587;62.427;62.536;45.7987;KO.USUSD
2024-12-27 20:00:00;62.536;62.607;62.376;62.457;107.8518;KO.USUSD
2024-12-30 14:00:00;61.997;62.216;61.676;61.887;170.8477;KO.USUSD
2024-12-30 15:00:00;61.886;61.987;61.746;61.786;242.0212;KO.USUSD
2024-12-30 16:00:00;61.796;62.057;61.786;61.957;141.9007;KO.USUSD
2024-12-30 17:00:00;61.947;62.176;61.946;62.157;106.0971;KO.USUSD
2024-12-30 18:00:00;62.157;62.167;62.036;62.037;94.9852;KO.USUSD
2024-12-30 19:00:00;62.046;62.167;61.946;62.147;67.5742;KO.USUSD
2024-12-30 20:00:00;62.146;62.227;62.016;62.026;83.2003;KO.USUSD
2024-12-31 14:00:00;62.017;62.417;61.956;62.206;177.4357;KO.USUSD
2024-12-31 15:00:00;62.197;62.237;61.946;62.097;131.5605;KO.USUSD
2024-12-31 16:00:00;62.097;62.136;61.856;61.877;65.0643;KO.USUSD
2024-12-31 17:00:00;61.867;61.986;61.797;61.986;88.5513;KO.USUSD
2024-12-31 18:00:00;61.987;62.066;61.826;62.016;68.2324;KO.USUSD
2024-12-31 19:00:00;62.007;62.107;61.987;62.107;53.4825;KO.USUSD
2024-12-31 20:00:00;62.097;62.277;61.996;62.217;85.05;KO.USUSD
2025-01-02 14:00:00;62.117;62.736;62.116;62.426;124.5041;KO.USUSD
2025-01-02 15:00:00;62.436;62.467;62.256;62.257;288.3082;KO.USUSD
2025-01-02 16:00:00;62.266;62.287;61.906;62.027;152.5421;KO.USUSD
2025-01-02 17:00:00;62.026;62.066;61.776;61.867;135.6783;KO.USUSD
2025-01-02 18:00:00;61.867;61.867;61.616;61.666;118.2985;KO.USUSD
2025-01-02 19:00:00;61.666;61.847;61.636;61.726;56.8277;KO.USUSD
2025-01-02 20:00:00;61.737;61.926;61.716;61.846;82.3855;KO.USUSD
2025-01-03 14:00:00;61.837;62.057;61.656;61.786;134.9697;KO.USUSD
2025-01-03 15:00:00;61.766;62.027;61.746;62.027;192.7095;KO.USUSD
2025-01-03 16:00:00;62.026;62.047;61.916;61.946;131.8425;KO.USUSD
2025-01-03 17:00:00;61.937;62.017;61.866;61.917;67.4735;KO.USUSD
2025-01-03 18:00:00;61.917;62.007;61.886;61.946;60.1135;KO.USUSD
2025-01-03 19:00:00;61.937;62.017;61.886;61.917;45.2481;KO.USUSD
2025-01-03 20:00:00;61.917;61.937;61.616;61.727;55.856;KO.USUSD
2025-01-06 14:00:00;61.496;61.537;61.247;61.466;174.8946;KO.USUSD
2025-01-06 15:00:00;61.477;61.557;61.006;61.206;155.4592;KO.USUSD
2025-01-06 16:00:00;61.216;61.397;61.096;61.347;72.2661;KO.USUSD
2025-01-06 17:00:00;61.347;61.376;61.107;61.126;41.4917;KO.USUSD
2025-01-06 18:00:00;61.117;61.227;61.026;61.187;63.6025;KO.USUSD
2025-01-06 19:00:00;61.166;61.177;60.826;60.857;32.7816;KO.USUSD
2025-01-06 20:00:00;60.866;60.906;60.657;60.816;66.0468;KO.USUSD
2025-01-07 14:00:00;61.406;61.577;61.317;61.527;78.7097;KO.USUSD
2025-01-07 15:00:00;61.527;61.707;61.246;61.356;347.4232;KO.USUSD
2025-01-07 16:00:00;61.367;61.396;60.966;60.976;163.9133;KO.USUSD
2025-01-07 17:00:00;60.967;61.087;60.876;60.916;78.7234;KO.USUSD
2025-01-07 18:00:00;60.916;60.977;60.876;60.907;56.0562;KO.USUSD
2025-01-07 19:00:00;60.897;60.987;60.806;60.827;49.929;KO.USUSD
2025-01-07 20:00:00;60.836;60.847;60.606;60.836;130.8113;KO.USUSD
2025-01-08 14:00:00;60.826;61.186;60.826;61.097;171.5693;KO.USUSD
2025-01-08 15:00:00;61.096;61.427;61.076;61.246;226.8419;KO.USUSD
2025-01-08 16:00:00;61.247;61.417;61.246;61.306;116.438;KO.USUSD
2025-01-08 17:00:00;61.317;61.337;61.186;61.216;79.1144;KO.USUSD
2025-01-08 18:00:00;61.227;61.287;61.186;61.237;74.1735;KO.USUSD
2025-01-08 19:00:00;61.236;61.457;61.236;61.417;76.4362;KO.USUSD
2025-01-08 20:00:00;61.417;61.757;61.417;61.666;132.8268;KO.USUSD
2025-01-10 14:00:00;61.006;61.467;61.006;61.356;236.3471;KO.USUSD
2025-01-10 15:00:00;61.357;61.507;60.776;61.166;375.0078;KO.USUSD
2025-01-10 16:00:00;61.167;61.167;60.716;60.796;231.6486;KO.USUSD
2025-01-10 17:00:00;60.797;60.897;60.727;60.847;136.0906;KO.USUSD
2025-01-10 18:00:00;60.856;60.907;60.726;60.867;118.2252;KO.USUSD
2025-01-10 19:00:00;60.876;60.957;60.806;60.926;130.8452;KO.USUSD
2025-01-10 20:00:00;60.917;61.067;60.836;61.007;117.2176;KO.USUSD
2025-01-13 14:00:00;61.126;61.337;60.696;60.986;249.4192;KO.USUSD
2025-01-13 15:00:00;60.997;61.337;60.856;61.307;272.4725;KO.USUSD
2025-01-13 16:00:00;61.296;61.467;61.126;61.397;253.1212;KO.USUSD
2025-01-13 17:00:00;61.407;61.747;61.396;61.686;153.3596;KO.USUSD
2025-01-13 18:00:00;61.676;61.767;61.536;61.727;112.9506;KO.USUSD
2025-01-13 19:00:00;61.737;61.827;61.676;61.776;55.1706;KO.USUSD
2025-01-13 20:00:00;61.767;61.836;61.507;61.617;89.3014;KO.USUSD
2025-01-14 14:00:00;61.566;61.807;61.416;61.707;242.1547;KO.USUSD
2025-01-14 15:00:00;61.726;61.757;61.496;61.637;183.7895;KO.USUSD
2025-01-14 16:00:00;61.627;61.667;61.366;61.396;92.825;KO.USUSD
2025-01-14 17:00:00;61.397;61.537;61.296;61.297;54.1434;KO.USUSD
2025-01-14 18:00:00;61.307;61.617;61.296;61.617;31.4297;KO.USUSD
2025-01-14 19:00:00;61.617;61.816;61.566;61.777;31.7544;KO.USUSD
2025-01-14 20:00:00;61.787;62.057;61.656;62.026;74.5185;KO.USUSD
2025-01-15 14:00:00;62.086;62.606;62.086;62.466;155.7812;KO.USUSD
2025-01-15 15:00:00;62.446;62.477;61.876;61.976;197.2612;KO.USUSD
2025-01-15 16:00:00;61.977;62.047;61.846;61.856;133.3405;KO.USUSD
2025-01-15 17:00:00;61.857;62.087;61.846;61.976;56.3744;KO.USUSD
2025-01-15 18:00:00;61.987;62.047;61.927;61.997;51.6144;KO.USUSD
2025-01-15 19:00:00;62.006;62.047;61.966;61.987;36.9463;KO.USUSD
2025-01-15 20:00:00;62.007;62.026;61.676;61.747;57.3461;KO.USUSD
2025-01-16 14:00:00;61.406;61.717;61.376;61.466;145.1333;KO.USUSD
2025-01-16 15:00:00;61.466;61.627;61.306;61.546;211.7331;KO.USUSD
2025-01-16 16:00:00;61.536;61.857;61.506;61.787;128.7506;KO.USUSD
2025-01-16 17:00:00;61.786;61.907;61.766;61.787;52.7299;KO.USUSD
2025-01-16 18:00:00;61.796;62.047;61.796;61.916;59.9753;KO.USUSD
2025-01-16 19:00:00;61.906;61.997;61.856;61.946;42.6762;KO.USUSD
2025-01-16 20:00:00;61.956;62.287;61.946;62.257;46.5679;KO.USUSD
2025-01-17 14:00:00;62.187;62.517;62.126;62.356;241.1765;KO.USUSD
2025-01-17 15:00:00;62.356;62.557;62.246;62.327;151.5329;KO.USUSD
2025-01-17 16:00:00;62.326;62.637;62.306;62.576;106.6061;KO.USUSD
2025-01-17 17:00:00;62.576;62.676;62.546;62.586;46.1654;KO.USUSD
2025-01-17 18:00:00;62.577;62.586;62.406;62.506;48.489;KO.USUSD
2025-01-17 19:00:00;62.496;62.637;62.496;62.556;37.6475;KO.USUSD
2025-01-17 20:00:00;62.547;62.756;62.526;62.687;60.3751;KO.USUSD
2025-01-21 14:00:00;62.846;63.117;62.846;63.056;193.4594;KO.USUSD
2025-01-21 15:00:00;63.067;63.217;62.966;62.977;205.5475;KO.USUSD
2025-01-21 16:00:00;62.977;63.057;62.786;62.817;95.3607;KO.USUSD
2025-01-21 17:00:00;62.827;62.876;62.577;62.586;59.949;KO.USUSD
2025-01-21 18:00:00;62.576;62.596;62.326;62.346;72.3917;KO.USUSD
2025-01-21 19:00:00;62.357;62.457;62.296;62.407;49.8899;KO.USUSD
2025-01-21 20:00:00;62.397;62.486;62.296;62.367;90.3879;KO.USUSD
2025-01-22 14:00:00;62.006;62.167;61.646;61.816;253.8513;KO.USUSD
2025-01-22 15:00:00;61.836;62.276;61.806;62.166;250.2558;KO.USUSD
2025-01-22 16:00:00;62.157;62.167;61.946;61.956;139.6778;KO.USUSD
2025-01-22 17:00:00;61.967;62.007;61.806;61.886;78.1544;KO.USUSD
2025-01-22 18:00:00;61.887;61.966;61.876;61.896;30.8108;KO.USUSD
2025-01-22 19:00:00;61.867;61.926;61.776;61.847;25.4654;KO.USUSD
2025-01-22 20:00:00;61.836;62.067;61.726;61.736;51.6652;KO.USUSD
2025-01-23 14:00:00;61.797;61.837;61.366;61.606;181.496;KO.USUSD
2025-01-23 15:00:00;61.607;61.797;61.506;61.757;141.7486;KO.USUSD
2025-01-23 16:00:00;61.766;61.966;61.596;61.796;95.8515;KO.USUSD
2025-01-23 17:00:00;61.797;61.937;61.797;61.937;62.409;KO.USUSD
2025-01-23 18:00:00;61.947;61.967;61.707;61.856;35.6254;KO.USUSD
2025-01-23 19:00:00;61.846;61.907;61.696;61.726;34.8054;KO.USUSD
2025-01-23 20:00:00;61.716;61.797;61.476;61.517;74.9488;KO.USUSD
2025-01-24 14:00:00;61.537;61.866;61.426;61.587;184.5542;KO.USUSD
2025-01-24 15:00:00;61.596;61.867;61.546;61.747;179.6888;KO.USUSD
2025-01-24 16:00:00;61.746;61.796;61.596;61.637;71.398;KO.USUSD
2025-01-24 17:00:00;61.626;61.737;61.576;61.637;37.0881;KO.USUSD
2025-01-24 18:00:00;61.626;61.696;61.506;61.547;45.1254;KO.USUSD
2025-01-24 19:00:00;61.556;61.666;61.476;61.526;66.9944;KO.USUSD
2025-01-24 20:00:00;61.526;61.997;61.526;61.886;144.5778;KO.USUSD
2025-01-27 14:00:00;62.676;63.446;62.606;62.806;263.2859;KO.USUSD
2025-01-27 15:00:00;62.806;62.847;62.456;62.816;333.4999;KO.USUSD
2025-01-27 16:00:00;62.826;63.387;62.707;63.286;229.4183;KO.USUSD
2025-01-27 17:00:00;63.286;63.787;63.146;63.776;109.0569;KO.USUSD
2025-01-27 18:00:00;63.767;63.897;63.627;63.816;98.956;KO.USUSD
2025-01-27 19:00:00;63.817;64.157;63.817;64.096;79.2052;KO.USUSD
2025-01-27 20:00:00;64.097;64.137;63.806;63.887;137.9565;KO.USUSD
2025-01-28 14:00:00;63.477;64.027;63.346;63.497;199.1362;KO.USUSD
2025-01-28 15:00:00;63.497;63.546;63.216;63.476;335.9298;KO.USUSD
2025-01-28 16:00:00;63.476;63.587;63.236;63.256;128.9542;KO.USUSD
2025-01-28 17:00:00;63.256;63.256;62.976;63.057;89.9625;KO.USUSD
2025-01-28 18:00:00;63.046;63.057;62.806;62.806;56.7317;KO.USUSD
2025-01-28 19:00:00;62.817;62.847;62.426;62.486;57.229;KO.USUSD
2025-01-28 20:00:00;62.477;62.587;62.276;62.307;88.8288;KO.USUSD
2025-01-29 14:00:00;62.587;62.917;62.457;62.726;137.2823;KO.USUSD
2025-01-29 15:00:00;62.726;63.047;62.546;62.956;227.7549;KO.USUSD
2025-01-29 16:00:00;62.957;63.217;62.906;63.057;96.4452;KO.USUSD
2025-01-29 17:00:00;63.067;63.157;63.037;63.146;51.7263;KO.USUSD
2025-01-29 18:00:00;63.157;63.346;63.136;63.137;59.2998;KO.USUSD
2025-01-29 19:00:00;63.136;63.176;62.996;63.086;110.0985;KO.USUSD
2025-01-29 20:00:00;63.087;63.087;62.816;62.817;107.5594;KO.USUSD
2025-01-30 14:00:00;63.556;63.926;63.537;63.676;170.3725;KO.USUSD
2025-01-30 15:00:00;63.677;63.767;63.516;63.626;216.8812;KO.USUSD
2025-01-30 16:00:00;63.617;63.676;63.216;63.226;103.4052;KO.USUSD
2025-01-30 17:00:00;63.227;63.687;63.227;63.647;77.0616;KO.USUSD
2025-01-30 18:00:00;63.666;64.276;63.656;64.117;82.258;KO.USUSD
2025-01-30 19:00:00;64.127;64.127;63.986;64.007;39.4281;KO.USUSD
2025-01-30 20:00:00;63.997;64.057;63.576;64.006;136.2563;KO.USUSD
2025-01-31 14:00:00;63.597;63.767;63.407;63.547;131.5707;KO.USUSD
2025-01-31 15:00:00;63.546;63.817;63.476;63.706;153.436;KO.USUSD
2025-01-31 16:00:00;63.716;63.817;63.586;63.647;78.998;KO.USUSD
2025-01-31 17:00:00;63.657;63.907;63.636;63.786;71.418;KO.USUSD
2025-01-31 18:00:00;63.777;63.867;63.607;63.637;76.5551;KO.USUSD
2025-01-31 19:00:00;63.627;63.657;63.456;63.617;70.5814;KO.USUSD
2025-01-31 20:00:00;63.617;63.646;63.386;63.467;128.5129;KO.USUSD
2025-02-03 14:00:00;63.087;63.287;62.406;62.696;291.5517;KO.USUSD
2025-02-03 15:00:00;62.696;63.417;62.626;63.237;465.3801;KO.USUSD
2025-02-03 16:00:00;63.236;63.547;63.197;63.417;197.5537;KO.USUSD
2025-02-03 17:00:00;63.407;63.576;63.296;63.436;130.3428;KO.USUSD
2025-02-03 18:00:00;63.437;63.607;63.376;63.587;98.3823;KO.USUSD
2025-02-03 19:00:00;63.586;63.587;63.426;63.456;29.8717;KO.USUSD
2025-02-03 20:00:00;63.457;63.467;63.256;63.357;53.5787;KO.USUSD
2025-02-04 14:00:00;63.346;63.487;63.086;63.417;131.6367;KO.USUSD
2025-02-04 15:00:00;63.417;63.466;62.556;62.586;242.2637;KO.USUSD
2025-02-04 16:00:00;62.576;62.607;62.357;62.466;134.9133;KO.USUSD
2025-02-04 17:00:00;62.477;62.667;62.466;62.516;56.3652;KO.USUSD
2025-02-04 18:00:00;62.516;62.597;62.366;62.537;37.9481;KO.USUSD
2025-02-04 19:00:00;62.527;62.737;62.526;62.676;26.0544;KO.USUSD
2025-02-04 20:00:00;62.677;62.727;62.486;62.656;58.3733;KO.USUSD
2025-02-05 14:00:00;62.697;62.967;62.546;62.807;134.3662;KO.USUSD
2025-02-05 15:00:00;62.807;63.046;62.636;63.036;184.4621;KO.USUSD
2025-02-05 16:00:00;63.047;63.047;62.856;62.856;65.2807;KO.USUSD
2025-02-05 17:00:00;62.877;63.036;62.796;63.007;44.6472;KO.USUSD
2025-02-05 18:00:00;62.997;63.277;62.986;63.116;39.0481;KO.USUSD
2025-02-05 19:00:00;63.106;63.227;63.067;63.087;31.0645;KO.USUSD
2025-02-05 20:00:00;63.097;63.226;63.076;63.117;46.3052;KO.USUSD
2025-02-06 14:00:00;63.467;63.727;63.056;63.087;112.2005;KO.USUSD
2025-02-06 15:00:00;63.087;63.327;63.086;63.196;165.7794;KO.USUSD
2025-02-06 16:00:00;63.196;63.226;63.006;63.007;76.1872;KO.USUSD
2025-02-06 17:00:00;63.006;63.097;62.906;63.086;46.3472;KO.USUSD
2025-02-06 18:00:00;63.076;63.247;63.046;63.236;51.6335;KO.USUSD
2025-02-06 19:00:00;63.227;63.317;63.207;63.296;33.8144;KO.USUSD
2025-02-06 20:00:00;63.287;63.377;63.196;63.336;44.3261;KO.USUSD
2025-02-07 14:00:00;63.307;63.697;63.266;63.676;137.673;KO.USUSD
2025-02-07 15:00:00;63.677;63.817;63.516;63.626;279.8588;KO.USUSD
2025-02-07 16:00:00;63.626;63.857;63.576;63.756;229.2802;KO.USUSD
2025-02-07 17:00:00;63.767;63.886;63.736;63.776;127.7504;KO.USUSD
2025-02-07 18:00:00;63.776;63.867;63.736;63.766;68.2344;KO.USUSD
2025-02-07 19:00:00;63.756;63.897;63.676;63.887;47.3162;KO.USUSD
2025-02-07 20:00:00;63.887;63.907;63.706;63.846;71.145;KO.USUSD
2025-02-10 14:00:00;64.087;64.097;63.626;63.937;134.9199;KO.USUSD
2025-02-10 15:00:00;63.917;64.277;63.916;64.266;129.1571;KO.USUSD
2025-02-10 16:00:00;64.267;64.267;64.076;64.116;118.718;KO.USUSD
2025-02-10 17:00:00;64.116;64.157;63.966;64.026;71.5081;KO.USUSD
2025-02-10 18:00:00;64.036;64.107;63.966;63.977;49.6863;KO.USUSD
2025-02-10 19:00:00;63.966;64.097;63.966;64.067;27.4645;KO.USUSD
2025-02-10 20:00:00;64.076;64.637;64.066;64.516;63.8632;KO.USUSD
2025-02-11 14:00:00;67.346;67.616;66.636;66.976;337.5765;KO.USUSD
2025-02-11 15:00:00;66.977;66.997;66.396;66.647;449.9756;KO.USUSD
2025-02-11 16:00:00;66.657;66.937;66.476;66.926;255.8933;KO.USUSD
2025-02-11 17:00:00;66.927;67.087;66.756;66.837;172.2488;KO.USUSD
2025-02-11 18:00:00;66.847;67.087;66.847;66.936;95.1207;KO.USUSD
2025-02-11 19:00:00;66.936;67.267;66.866;67.226;74.1771;KO.USUSD
2025-02-11 20:00:00;67.237;67.657;67.147;67.586;163.9232;KO.USUSD
2025-02-12 14:00:00;66.667;67.877;66.667;67.877;206.7785;KO.USUSD
2025-02-12 15:00:00;67.867;68.207;67.677;67.736;269.3777;KO.USUSD
2025-02-12 16:00:00;67.746;68.007;67.716;67.947;156.9342;KO.USUSD
2025-02-12 17:00:00;67.956;68.087;67.867;68.046;60.4861;KO.USUSD
2025-02-12 18:00:00;68.056;68.097;67.976;68.087;30.309;KO.USUSD
2025-02-12 19:00:00;68.097;68.277;68.076;68.176;49.5553;KO.USUSD
2025-02-12 20:00:00;68.186;68.807;68.167;68.686;85.0124;KO.USUSD
2025-02-13 14:00:00;69.077;69.597;68.986;69.456;289.14;KO.USUSD
2025-02-13 15:00:00;69.457;69.596;68.746;68.866;290.64;KO.USUSD
2025-02-13 16:00:00;68.867;69.267;68.867;69.267;186.63;KO.USUSD
2025-02-13 17:00:00;69.256;69.326;69.036;69.037;98.13;KO.USUSD
2025-02-13 18:00:00;69.047;69.317;68.916;69.277;151.632;KO.USUSD
2025-02-13 19:00:00;69.267;69.426;69.096;69.207;129.36;KO.USUSD
2025-02-13 20:00:00;69.206;69.547;69.146;69.477;106.2;KO.USUSD
2025-02-14 14:00:00;69.307;69.936;69.306;69.717;146.07;KO.USUSD
2025-02-14 15:00:00;69.716;70.017;69.626;69.656;178.02;KO.USUSD
2025-02-14 16:00:00;69.656;69.827;69.466;69.527;100.5;KO.USUSD
2025-02-14 17:00:00;69.517;69.537;69.246;69.306;63.39;KO.USUSD
2025-02-14 18:00:00;69.296;69.337;69.166;69.326;35.85;KO.USUSD
2025-02-14 19:00:00;69.316;69.316;68.986;69.007;38.76;KO.USUSD
2025-02-14 20:00:00;68.997;69.077;68.747;68.836;54.57;KO.USUSD
2025-02-18 14:00:00;68.126;69.077;68.056;68.737;165.3;KO.USUSD
2025-02-18 15:00:00;68.767;68.897;68.546;68.856;176.22;KO.USUSD
2025-02-18 16:00:00;68.857;69.066;68.856;69.046;48.42;KO.USUSD
2025-02-18 17:00:00;69.037;69.107;68.996;69.056;30.42;KO.USUSD
2025-02-18 18:00:00;69.066;69.236;69.046;69.167;18.24;KO.USUSD
2025-02-18 19:00:00;69.177;69.357;68.966;68.977;81.09;KO.USUSD
2025-02-18 20:00:00;68.986;69.047;68.816;69.026;79.86;KO.USUSD
2025-02-19 14:00:00;69.007;69.707;69.006;69.487;117.75;KO.USUSD
2025-02-19 15:00:00;69.486;69.857;69.336;69.806;143.19;KO.USUSD
2025-02-19 16:00:00;69.806;69.937;69.766;69.787;79.98;KO.USUSD
2025-02-19 17:00:00;69.797;69.827;69.636;69.686;43.05;KO.USUSD
2025-02-19 18:00:00;69.697;69.757;69.627;69.686;27.12;KO.USUSD
2025-02-19 19:00:00;69.686;69.806;69.666;69.786;25.29;KO.USUSD
2025-02-19 20:00:00;69.797;70.117;69.696;70.066;43.59;KO.USUSD
2025-02-20 14:00:00;69.407;69.946;69.406;69.757;140.8512;KO.USUSD
2025-02-20 15:00:00;69.757;69.837;69.556;69.757;220.59;KO.USUSD
2025-02-20 16:00:00;69.746;69.747;69.476;69.476;86.1;KO.USUSD
2025-02-20 17:00:00;69.476;69.747;69.416;69.586;79.32;KO.USUSD
2025-02-20 18:00:00;69.576;69.907;69.556;69.907;60.78;KO.USUSD
2025-02-20 19:00:00;69.897;69.947;69.837;69.847;50.61;KO.USUSD
2025-02-20 20:00:00;69.847;70.057;69.726;70.027;87.15;KO.USUSD
2025-02-21 14:00:00;70.216;70.516;70.116;70.516;208.56;KO.USUSD
2025-02-21 15:00:00;70.516;71.506;70.376;71.267;428.79;KO.USUSD
2025-02-21 16:00:00;71.276;71.457;71.167;71.357;215.49;KO.USUSD
2025-02-21 17:00:00;71.347;71.397;71.146;71.246;128.52;KO.USUSD
2025-02-21 18:00:00;71.247;71.417;71.106;71.407;129.24;KO.USUSD
2025-02-21 19:00:00;71.397;71.587;71.376;71.447;84.6;KO.USUSD
2025-02-21 20:00:00;71.447;71.517;71.317;71.366;92.58;KO.USUSD
2025-02-24 14:00:00;70.747;71.417;70.716;71.356;258.06;KO.USUSD
2025-02-24 15:00:00;71.366;71.716;71.106;71.206;455.13;KO.USUSD
2025-02-24 16:00:00;71.206;71.246;70.707;70.707;211.83;KO.USUSD
2025-02-24 17:00:00;70.717;70.917;70.516;70.746;129.93;KO.USUSD
2025-02-24 18:00:00;70.756;70.756;70.387;70.427;86.22;KO.USUSD
2025-02-24 19:00:00;70.447;70.637;70.316;70.636;84.12;KO.USUSD
2025-02-24 20:00:00;70.646;70.757;70.466;70.596;155.16;KO.USUSD
2025-02-25 14:00:00;70.547;71.367;70.546;71.146;194.61;KO.USUSD
2025-02-25 15:00:00;71.147;71.657;71.047;71.377;360.3;KO.USUSD
2025-02-25 16:00:00;71.387;71.757;71.377;71.536;222.42;KO.USUSD
2025-02-25 17:00:00;71.527;71.707;71.136;71.267;187.41;KO.USUSD
2025-02-25 18:00:00;71.267;71.356;71.076;71.096;100.5;KO.USUSD
2025-02-25 19:00:00;71.097;71.267;70.966;71.177;124.29;KO.USUSD
2025-02-25 20:00:00;71.167;71.667;71.086;71.467;148.53;KO.USUSD
2025-02-26 14:00:00;71.127;71.177;70.656;70.847;175.44;KO.USUSD
2025-02-26 15:00:00;70.847;71.027;70.596;70.596;280.92;KO.USUSD
2025-02-26 16:00:00;70.597;70.897;70.516;70.857;179.88;KO.USUSD
2025-02-26 17:00:00;70.856;71.006;70.786;70.956;178.29;KO.USUSD
2025-02-26 18:00:00;70.966;71.087;70.906;70.996;145.11;KO.USUSD
2025-02-26 19:00:00;70.997;71.127;70.896;71.047;128.7;KO.USUSD
2025-02-26 20:00:00;71.036;71.046;70.746;70.806;149.61;KO.USUSD
2025-02-27 14:00:00;70.366;71.216;70.366;71.086;211.26;KO.USUSD
2025-02-27 15:00:00;71.086;71.526;70.796;71.397;318.72;KO.USUSD
2025-02-27 16:00:00;71.407;71.497;71.196;71.296;149.7;KO.USUSD
2025-02-27 17:00:00;71.286;71.517;71.256;71.426;76.8;KO.USUSD
2025-02-27 18:00:00;71.426;71.517;71.296;71.346;82.86;KO.USUSD
2025-02-27 19:00:00;71.337;71.407;71.166;71.176;108.51;KO.USUSD
2025-02-27 20:00:00;71.177;71.216;70.816;70.867;142.05;KO.USUSD
2025-02-28 14:00:00;71.247;71.537;70.836;71.216;244.59;KO.USUSD
2025-02-28 15:00:00;71.217;71.297;70.556;70.687;405.0624;KO.USUSD
2025-02-28 16:00:00;70.687;70.957;70.606;70.886;235.35;KO.USUSD
2025-02-28 17:00:00;70.896;70.927;70.726;70.797;131.52;KO.USUSD
2025-02-28 18:00:00;70.796;70.817;70.586;70.607;171.9;KO.USUSD
2025-02-28 19:00:00;70.597;70.797;70.586;70.766;93.78;KO.USUSD
2025-02-28 20:00:00;70.767;71.277;70.766;71.187;113.3112;KO.USUSD
2025-03-03 14:00:00;70.046;70.937;69.667;70.807;272.34;KO.USUSD
2025-03-03 15:00:00;70.806;71.237;70.676;71.197;311.3712;KO.USUSD
2025-03-03 16:00:00;71.196;71.837;71.146;71.827;235.92;KO.USUSD
2025-03-03 17:00:00;71.826;71.946;71.706;71.866;204.66;KO.USUSD
2025-03-03 18:00:00;71.867;71.977;71.706;71.746;267.21;KO.USUSD
2025-03-03 19:00:00;71.736;71.877;71.586;71.597;170.3712;KO.USUSD
2025-03-03 20:00:00;71.596;72.347;71.576;72.317;414.42;KO.USUSD
2025-03-04 14:00:00;71.917;72.627;71.736;72.246;297.0;KO.USUSD
2025-03-04 15:00:00;72.247;72.567;71.546;71.576;519.42;KO.USUSD
2025-03-04 16:00:00;71.576;71.787;70.906;71.006;327.09;KO.USUSD
2025-03-04 17:00:00;71.007;71.096;70.476;70.537;277.41;KO.USUSD
2025-03-04 18:00:00;70.536;70.806;70.486;70.586;191.55;KO.USUSD
2025-03-04 19:00:00;70.587;70.667;70.286;70.486;167.22;KO.USUSD
2025-03-04 20:00:00;70.486;70.517;69.876;70.176;247.17;KO.USUSD
2025-03-05 14:00:00;69.547;70.727;69.547;70.567;231.39;KO.USUSD
2025-03-05 15:00:00;70.567;70.707;70.106;70.287;471.51;KO.USUSD
2025-03-05 16:00:00;70.286;70.397;70.137;70.337;287.01;KO.USUSD
2025-03-05 17:00:00;70.347;70.637;70.346;70.416;317.61;KO.USUSD
2025-03-05 18:00:00;70.427;70.507;70.196;70.497;244.02;KO.USUSD
2025-03-05 19:00:00;70.516;70.637;70.386;70.407;166.92;KO.USUSD
2025-03-05 20:00:00;70.406;70.567;69.997;70.047;157.95;KO.USUSD
2025-03-06 14:00:00;69.927;70.507;69.636;69.657;165.27;KO.USUSD
2025-03-06 15:00:00;69.656;69.846;69.446;69.816;442.71;KO.USUSD
2025-03-06 16:00:00;69.826;70.097;69.596;69.686;329.6136;KO.USUSD
2025-03-06 17:00:00;69.687;69.727;69.496;69.596;224.46;KO.USUSD
2025-03-06 18:00:00;69.597;69.716;69.516;69.667;139.86;KO.USUSD
2025-03-06 19:00:00;69.667;70.047;69.596;70.026;156.0309;KO.USUSD
2025-03-06 20:00:00;70.026;70.517;69.996;70.447;174.99;KO.USUSD
2025-03-07 14:00:00;69.656;70.707;69.566;70.586;176.67;KO.USUSD
2025-03-07 15:00:00;70.587;71.037;70.446;70.786;424.8912;KO.USUSD
2025-03-07 16:00:00;70.787;71.607;70.787;71.607;301.47;KO.USUSD
2025-03-07 17:00:00;71.597;71.806;71.387;71.677;270.48;KO.USUSD
2025-03-07 18:00:00;71.676;71.777;71.396;71.507;178.77;KO.USUSD
2025-03-07 19:00:00;71.507;71.576;71.316;71.326;126.96;KO.USUSD
2025-03-07 20:00:00;71.317;71.517;71.116;71.417;172.35;KO.USUSD
2025-03-10 13:00:00;71.887;72.357;71.706;72.347;227.5536;KO.USUSD
2025-03-10 14:00:00;72.337;73.207;72.166;73.157;460.62;KO.USUSD
2025-03-10 15:00:00;73.157;73.177;72.366;72.617;426.36;KO.USUSD
2025-03-10 16:00:00;72.636;72.957;72.527;72.657;305.61;KO.USUSD
2025-03-10 17:00:00;72.667;72.676;72.286;72.476;232.29;KO.USUSD
2025-03-10 18:00:00;72.477;72.597;71.796;71.896;206.49;KO.USUSD
2025-03-10 19:00:00;71.897;71.907;71.306;71.457;356.43;KO.USUSD
2025-03-11 13:00:00;71.696;71.696;71.056;71.457;226.11;KO.USUSD
2025-03-11 14:00:00;71.456;71.567;70.897;70.986;346.11;KO.USUSD
2025-03-11 15:00:00;70.987;71.147;70.846;70.957;315.9;KO.USUSD
2025-03-11 16:00:00;70.956;71.017;70.646;70.687;264.5712;KO.USUSD
2025-03-11 17:00:00;70.696;71.057;70.606;71.026;211.14;KO.USUSD
2025-03-11 18:00:00;71.027;71.087;70.707;71.006;307.38;KO.USUSD
2025-03-11 19:00:00;71.016;71.347;70.866;70.966;356.8524;KO.USUSD
2025-03-12 13:00:00;70.247;70.626;69.876;70.396;267.24;KO.USUSD
2025-03-12 14:00:00;70.387;70.527;69.726;69.876;515.55;KO.USUSD
2025-03-12 15:00:00;69.877;70.317;69.846;70.237;274.44;KO.USUSD
2025-03-12 16:00:00;70.236;70.257;69.866;69.876;281.64;KO.USUSD
2025-03-12 17:00:00;69.897;70.367;69.826;70.207;209.67;KO.USUSD
2025-03-12 18:00:00;70.206;70.327;70.106;70.257;163.77;KO.USUSD
2025-03-12 19:00:00;70.256;70.266;69.776;69.906;197.19;KO.USUSD
2025-03-13 13:00:00;70.016;70.167;69.717;69.886;177.624;KO.USUSD
2025-03-13 14:00:00;69.887;70.027;69.356;69.376;336.78;KO.USUSD
2025-03-13 15:00:00;69.406;69.477;69.296;69.466;246.06;KO.USUSD
2025-03-13 16:00:00;69.467;69.607;69.306;69.477;210.6;KO.USUSD
2025-03-13 17:00:00;69.456;69.487;69.306;69.416;143.1;KO.USUSD
2025-03-13 18:00:00;69.406;69.497;69.276;69.417;87.45;KO.USUSD
2025-03-13 19:00:00;69.406;69.647;69.356;69.636;112.44;KO.USUSD
2025-03-14 13:00:00;68.337;69.217;68.337;69.156;186.0;KO.USUSD
2025-03-14 14:00:00;69.157;69.236;68.796;69.006;227.5548;KO.USUSD
2025-03-14 15:00:00;69.037;69.067;68.836;68.947;135.54;KO.USUSD
2025-03-14 16:00:00;68.956;69.016;68.766;68.956;95.7;KO.USUSD
2025-03-14 17:00:00;68.966;69.117;68.966;69.027;63.9;KO.USUSD
2025-03-14 18:00:00;69.027;69.097;68.846;68.927;53.61;KO.USUSD
2025-03-14 19:00:00;68.916;69.247;68.886;69.147;98.13;KO.USUSD
2025-03-17 13:00:00;69.187;69.767;69.077;69.757;188.37;KO.USUSD
2025-03-17 14:00:00;69.756;70.057;69.666;69.846;348.15;KO.USUSD
2025-03-17 15:00:00;69.846;69.947;69.597;69.656;182.55;KO.USUSD
2025-03-17 16:00:00;69.657;69.846;69.546;69.796;128.13;KO.USUSD
2025-03-17 17:00:00;69.807;69.997;69.746;69.967;92.13;KO.USUSD
2025-03-17 18:00:00;69.966;70.087;69.876;69.976;85.62;KO.USUSD
2025-03-17 19:00:00;69.986;70.157;69.886;70.116;99.39;KO.USUSD
2025-03-18 13:00:00;70.096;70.137;69.656;69.816;219.6348;KO.USUSD
2025-03-18 14:00:00;69.816;69.927;69.656;69.887;235.29;KO.USUSD
2025-03-18 15:00:00;69.886;69.957;69.716;69.746;104.49;KO.USUSD
2025-03-18 16:00:00;69.746;69.886;69.516;69.516;87.57;KO.USUSD
2025-03-18 17:00:00;69.517;69.737;69.417;69.687;88.2012;KO.USUSD
2025-03-18 18:00:00;69.697;69.716;69.386;69.396;59.85;KO.USUSD
2025-03-18 19:00:00;69.386;69.467;69.296;69.377;106.32;KO.USUSD
2025-03-19 13:00:00;68.457;69.047;68.457;68.717;133.02;KO.USUSD
2025-03-19 14:00:00;68.717;69.167;68.696;68.836;208.23;KO.USUSD
2025-03-19 15:00:00;68.836;68.987;68.716;68.927;98.91;KO.USUSD
2025-03-19 16:00:00;68.937;69.007;68.866;68.946;81.27;KO.USUSD
2025-03-19 17:00:00;68.937;68.947;68.606;68.707;71.85;KO.USUSD
2025-03-19 18:00:00;68.706;69.067;68.666;68.976;186.18;KO.USUSD
2025-03-19 19:00:00;68.976;69.367;68.936;69.296;197.37;KO.USUSD
2025-03-20 13:00:00;69.176;69.776;69.176;69.477;140.79;KO.USUSD
2025-03-20 14:00:00;69.476;69.566;69.257;69.397;315.18;KO.USUSD
2025-03-20 15:00:00;69.386;69.407;69.086;69.346;173.46;KO.USUSD
2025-03-20 16:00:00;69.347;69.527;69.326;69.456;178.59;KO.USUSD
2025-03-20 17:00:00;69.447;69.466;69.226;69.256;154.11;KO.USUSD
2025-03-20 18:00:00;69.246;69.457;69.246;69.376;118.98;KO.USUSD
2025-03-20 19:00:00;69.366;69.697;69.336;69.696;172.89;KO.USUSD
2025-03-21 13:00:00;69.736;69.817;68.896;68.976;176.94;KO.USUSD
2025-03-21 14:00:00;68.976;69.007;68.566;68.746;350.61;KO.USUSD
2025-03-21 15:00:00;68.746;68.777;68.576;68.666;154.86;KO.USUSD
2025-03-21 16:00:00;68.667;68.816;68.616;68.776;94.05;KO.USUSD
2025-03-21 17:00:00;68.776;68.777;68.527;68.676;73.44;KO.USUSD
2025-03-21 18:00:00;68.676;68.697;68.297;68.297;47.67;KO.USUSD
2025-03-21 19:00:00;68.297;68.656;68.176;68.626;141.03;KO.USUSD
2025-03-24 13:00:00;68.547;69.057;68.336;68.807;149.0112;KO.USUSD
2025-03-24 14:00:00;68.816;68.947;68.596;68.726;286.8;KO.USUSD
2025-03-24 15:00:00;68.726;68.877;68.617;68.847;146.55;KO.USUSD
2025-03-24 16:00:00;68.856;68.886;68.706;68.717;106.53;KO.USUSD
2025-03-24 17:00:00;68.717;68.807;68.606;68.807;90.45;KO.USUSD
2025-03-24 18:00:00;68.807;68.827;68.706;68.786;81.48;KO.USUSD
2025-03-24 19:00:00;68.786;69.027;68.686;68.907;67.5;KO.USUSD
2025-03-25 13:00:00;68.826;68.987;68.637;68.747;117.0159;KO.USUSD
2025-03-25 14:00:00;68.746;69.067;68.646;68.966;246.4614;KO.USUSD
2025-03-25 15:00:00;68.967;68.967;68.736;68.747;101.949;KO.USUSD
2025-03-25 16:00:00;68.757;68.787;68.606;68.647;73.4463;KO.USUSD
2025-03-25 17:00:00;68.657;68.827;68.607;68.787;50.2845;KO.USUSD
2025-03-25 18:00:00;68.796;68.847;68.656;68.656;36.3645;KO.USUSD
2025-03-25 19:00:00;68.657;68.847;68.586;68.806;102.8886;KO.USUSD
2025-03-26 13:00:00;68.906;69.387;68.876;69.376;157.6131;KO.USUSD
2025-03-26 14:00:00;69.367;69.467;69.196;69.406;296.2719;KO.USUSD
2025-03-26 15:00:00;69.407;69.727;69.037;69.687;154.6533;KO.USUSD
2025-03-26 16:00:00;69.677;69.817;69.556;69.816;88.098;KO.USUSD
2025-03-26 17:00:00;69.817;70.086;69.796;70.056;77.5461;KO.USUSD
2025-03-26 18:00:00;70.057;70.187;70.016;70.157;52.0653;KO.USUSD
2025-03-26 19:00:00;70.166;70.337;69.996;70.016;130.2459;KO.USUSD
2025-03-27 13:00:00;70.116;70.916;70.056;70.716;117.7185;KO.USUSD
2025-03-27 14:00:00;70.737;70.927;70.476;70.587;195.753;KO.USUSD
2025-03-27 15:00:00;70.587;70.767;70.546;70.737;181.5432;KO.USUSD
2025-03-27 16:00:00;70.737;70.746;70.416;70.546;152.1798;KO.USUSD
2025-03-27 17:00:00;70.546;70.696;70.496;70.557;152.208;KO.USUSD
2025-03-27 18:00:00;70.567;70.737;70.556;70.566;158.4225;KO.USUSD
2025-03-27 19:00:00;70.577;70.977;70.556;70.727;196.3965;KO.USUSD
2025-03-28 13:00:00;70.907;71.116;70.806;71.047;98.5791;KO.USUSD
2025-03-28 14:00:00;71.046;71.297;70.956;71.116;253.1592;KO.USUSD
2025-03-28 15:00:00;71.116;71.267;71.087;71.087;136.4904;KO.USUSD
2025-03-28 16:00:00;71.087;71.127;70.736;70.817;106.4961;KO.USUSD
2025-03-28 17:00:00;70.816;70.946;70.797;70.937;83.3598;KO.USUSD
2025-03-28 18:00:00;70.926;70.987;69.516;70.107;482.4207;KO.USUSD
2025-03-28 19:00:00;70.107;70.536;70.076;70.347;247.7484;KO.USUSD
2025-03-31 13:00:00;70.667;71.787;70.667;71.716;252.9504;KO.USUSD
2025-03-31 14:00:00;71.696;71.837;71.296;71.716;409.5936;KO.USUSD
2025-03-31 15:00:00;71.716;71.816;71.526;71.577;228.3912;KO.USUSD
2025-03-31 16:00:00;71.576;71.607;71.277;71.387;119.6643;KO.USUSD
2025-03-31 17:00:00;71.366;71.506;71.346;71.477;75.6735;KO.USUSD
2025-03-31 18:00:00;71.487;71.767;71.476;71.626;86.8596;KO.USUSD
2025-03-31 19:00:00;71.637;71.927;71.546;71.587;197.8224;KO.USUSD
2025-04-01 13:00:00;71.607;71.867;71.196;71.337;148.1475;KO.USUSD
2025-04-01 14:00:00;71.336;71.837;71.167;71.766;210.7188;KO.USUSD
2025-04-01 15:00:00;71.767;71.827;71.636;71.727;111.3261;KO.USUSD
2025-04-01 16:00:00;71.727;71.847;71.527;71.657;109.4862;KO.USUSD
2025-04-01 17:00:00;71.656;71.727;71.546;71.606;54.3963;KO.USUSD
2025-04-01 18:00:00;71.606;71.727;71.456;71.537;56.8362;KO.USUSD
2025-04-01 19:00:00;71.546;71.857;71.516;71.807;115.6728;KO.USUSD
2025-04-02 13:00:00;71.906;72.327;71.566;71.696;145.0122;KO.USUSD
2025-04-02 14:00:00;71.696;72.127;71.677;72.026;195.8955;KO.USUSD
2025-04-02 15:00:00;72.026;72.067;71.416;71.496;156.7905;KO.USUSD
2025-04-02 16:00:00;71.486;71.557;71.126;71.256;123.3069;KO.USUSD
2025-04-02 17:00:00;71.256;71.336;71.046;71.077;122.3442;KO.USUSD
2025-04-02 18:00:00;71.086;71.267;71.066;71.097;117.5688;KO.USUSD
2025-04-02 19:00:00;71.097;71.467;71.086;71.317;127.7421;KO.USUSD
2025-04-03 13:00:00;72.467;73.127;72.316;72.747;314.8098;KO.USUSD
2025-04-03 14:00:00;72.746;73.717;72.536;73.707;476.2086;KO.USUSD
2025-04-03 15:00:00;73.696;73.937;73.186;73.187;470.3031;KO.USUSD
2025-04-03 16:00:00;73.177;73.247;72.956;73.017;330.7479;KO.USUSD
2025-04-03 17:00:00;73.026;73.076;72.826;73.076;253.6083;KO.USUSD
2025-04-03 18:00:00;73.087;73.437;73.056;73.286;264.7452;KO.USUSD
2025-04-03 19:00:00;73.287;73.387;73.016;73.157;302.4819;KO.USUSD
2025-04-04 13:00:00;71.677;72.987;71.496;72.197;358.9275;KO.USUSD
2025-04-04 14:00:00;72.197;72.266;71.576;71.837;643.4442;KO.USUSD
2025-04-04 15:00:00;71.846;71.907;70.776;70.987;672.5622;KO.USUSD
2025-04-04 16:00:00;70.977;71.037;70.506;70.507;428.7696;KO.USUSD
2025-04-04 17:00:00;70.506;70.877;70.286;70.636;450.7575;KO.USUSD
2025-04-04 18:00:00;70.636;70.797;69.877;70.247;412.1388;KO.USUSD
2025-04-04 19:00:00;70.246;70.547;69.786;69.937;619.0632;KO.USUSD
2025-04-07 13:00:00;66.296;67.907;66.126;67.456;372.1494;KO.USUSD
2025-04-07 14:00:00;67.456;69.327;66.976;68.137;838.5792;KO.USUSD
2025-04-07 15:00:00;68.136;68.417;67.036;67.816;597.4185;KO.USUSD
2025-04-07 16:00:00;67.817;67.877;67.386;67.447;333.0051;KO.USUSD
2025-04-07 17:00:00;67.427;68.517;67.416;68.456;379.1016;KO.USUSD
2025-04-07 18:00:00;68.457;68.927;68.296;68.406;366.186;KO.USUSD
2025-04-07 19:00:00;68.406;68.507;68.056;68.316;415.8669;KO.USUSD
2025-04-08 13:00:00;68.697;69.777;68.566;69.677;222.9366;KO.USUSD
2025-04-08 14:00:00;69.656;69.977;69.296;69.757;555.1329;KO.USUSD
2025-04-08 15:00:00;69.746;69.937;69.486;69.806;590.5464;KO.USUSD
2025-04-08 16:00:00;69.817;69.967;69.266;69.277;812.9205;KO.USUSD
2025-04-08 17:00:00;69.277;69.317;68.666;68.847;838.7022;KO.USUSD
2025-04-08 18:00:00;68.827;68.886;68.396;68.666;729.0606;KO.USUSD
2025-04-08 19:00:00;68.676;68.807;67.746;68.426;794.757;KO.USUSD
2025-04-09 13:00:00;67.937;68.136;67.436;67.997;239.3334;KO.USUSD
2025-04-09 14:00:00;67.997;68.147;67.326;67.347;383.4312;KO.USUSD
2025-04-09 15:00:00;67.347;67.937;67.266;67.747;279.0147;KO.USUSD
2025-04-09 16:00:00;67.746;68.397;67.626;68.326;277.3518;KO.USUSD
2025-04-09 17:00:00;68.336;70.416;68.027;69.796;710.2605;KO.USUSD
2025-04-09 18:00:00;69.797;69.917;68.786;69.067;406.7295;KO.USUSD
2025-04-09 19:00:00;69.067;70.047;68.956;69.867;456.6831;KO.USUSD
2025-04-10 13:00:00;70.017;70.786;69.926;70.496;218.6436;KO.USUSD
2025-04-10 14:00:00;70.516;70.697;69.787;69.847;630.0681;KO.USUSD
2025-04-10 15:00:00;69.847;69.917;69.476;69.507;388.7961;KO.USUSD
2025-04-10 16:00:00;69.507;69.847;68.966;69.766;849.7998;KO.USUSD
2025-04-10 17:00:00;69.766;70.447;69.236;70.256;851.6979;KO.USUSD
2025-04-10 18:00:00;70.246;71.037;70.236;70.817;882.7062;KO.USUSD
2025-04-10 19:00:00;70.807;71.197;70.326;70.746;918.1434;KO.USUSD
2025-04-11 13:00:00;70.727;71.257;70.527;70.957;212.9514;KO.USUSD
2025-04-11 14:00:00;70.956;71.357;70.697;70.877;380.9829;KO.USUSD
2025-04-11 15:00:00;70.876;71.257;70.566;71.217;294.8709;KO.USUSD
2025-04-11 16:00:00;71.216;71.747;71.097;71.587;422.1861;KO.USUSD
2025-04-11 17:00:00;71.586;71.827;71.326;71.726;588.4347;KO.USUSD
2025-04-11 18:00:00;71.727;71.837;71.456;71.587;441.3378;KO.USUSD
2025-04-11 19:00:00;71.586;71.776;71.246;71.356;555.5217;KO.USUSD
2025-04-14 13:00:00;71.157;72.007;70.916;71.956;215.4981;KO.USUSD
2025-04-14 14:00:00;71.946;72.097;71.706;72.036;548.3742;KO.USUSD
2025-04-14 15:00:00;72.037;72.147;71.796;71.886;341.7321;KO.USUSD
2025-04-14 16:00:00;71.876;72.136;71.836;72.017;424.6416;KO.USUSD
2025-04-14 17:00:00;72.006;72.377;71.916;72.336;391.3536;KO.USUSD
2025-04-14 18:00:00;72.347;72.557;72.346;72.467;137.4912;KO.USUSD
2025-04-14 19:00:00;72.466;72.647;72.377;72.457;230.4633;KO.USUSD
2025-04-15 13:00:00;72.246;72.606;71.996;72.467;151.9185;KO.USUSD
2025-04-15 14:00:00;72.466;72.557;72.156;72.157;288.0645;KO.USUSD
2025-04-15 15:00:00;72.166;72.206;71.706;71.967;274.407;KO.USUSD
2025-04-15 16:00:00;71.967;71.987;71.777;71.906;145.9794;KO.USUSD
2025-04-15 17:00:00;71.907;71.967;71.746;71.937;160.4067;KO.USUSD
2025-04-15 18:00:00;71.936;71.987;71.736;71.946;166.854;KO.USUSD
2025-04-15 19:00:00;71.936;72.057;71.786;71.866;174.5274;KO.USUSD
2025-04-16 13:00:00;72.037;72.587;72.006;72.297;145.3539;KO.USUSD
2025-04-16 14:00:00;72.316;72.497;71.986;72.497;209.6682;KO.USUSD
2025-04-16 15:00:00;72.496;72.657;72.367;72.396;161.3184;KO.USUSD
2025-04-16 16:00:00;72.396;72.397;72.226;72.307;103.3113;KO.USUSD
2025-04-16 17:00:00;72.307;72.357;71.966;71.966;215.0316;KO.USUSD
2025-04-16 18:00:00;71.967;72.177;71.866;71.907;236.2113;KO.USUSD
2025-04-16 19:00:00;71.907;71.907;71.376;71.677;316.8528;KO.USUSD
2025-04-17 13:00:00;71.907;72.277;71.706;72.256;179.5947;KO.USUSD
2025-04-17 14:00:00;72.246;72.636;72.236;72.636;350.3082;KO.USUSD
2025-04-17 15:00:00;72.636;72.957;72.566;72.787;252.8835;KO.USUSD
2025-04-17 16:00:00;72.786;72.946;72.677;72.907;391.8408;KO.USUSD
2025-04-17 17:00:00;72.897;73.147;72.726;73.147;209.1684;KO.USUSD
2025-04-17 18:00:00;73.157;73.407;73.106;73.146;236.8506;KO.USUSD
2025-04-17 19:00:00;73.147;73.267;72.936;72.987;260.9586;KO.USUSD
2025-04-21 13:00:00;73.286;73.297;72.796;73.157;186.7404;KO.USUSD
2025-04-21 14:00:00;73.146;73.397;73.076;73.087;324.3306;KO.USUSD
2025-04-21 15:00:00;73.097;73.117;72.456;72.457;230.2119;KO.USUSD
2025-04-21 16:00:00;72.456;72.537;72.276;72.377;165.8358;KO.USUSD
2025-04-21 17:00:00;72.386;72.427;71.986;71.987;190.6731;KO.USUSD
2025-04-21 18:00:00;71.986;72.236;71.806;72.167;157.0359;KO.USUSD
2025-04-21 19:00:00;72.177;72.816;72.106;72.717;254.5713;KO.USUSD
2025-04-22 13:00:00;72.767;73.677;72.767;73.597;193.2072;KO.USUSD
2025-04-22 14:00:00;73.587;74.217;73.587;74.106;336.5406;KO.USUSD
2025-04-22 15:00:00;74.097;74.297;74.027;74.246;282.8463;KO.USUSD
2025-04-22 16:00:00;74.247;74.376;73.746;73.916;358.3578;KO.USUSD
2025-04-22 17:00:00;73.916;74.057;73.216;73.227;488.2455;KO.USUSD
2025-04-22 18:00:00;73.227;73.647;73.176;73.547;213.762;KO.USUSD
2025-04-22 19:00:00;73.556;73.927;73.417;73.856;204.1473;KO.USUSD
2025-04-23 13:00:00;73.207;73.917;73.036;73.496;291.3456;KO.USUSD
2025-04-23 14:00:00;73.497;73.727;73.186;73.236;479.6073;KO.USUSD
2025-04-23 15:00:00;73.237;73.237;72.686;72.857;474.6597;KO.USUSD
2025-04-23 16:00:00;72.847;72.957;72.656;72.897;307.4034;KO.USUSD
2025-04-23 17:00:00;72.896;72.987;72.606;72.717;223.5456;KO.USUSD
2025-04-23 18:00:00;72.706;72.767;72.476;72.497;262.0146;KO.USUSD
2025-04-23 19:00:00;72.486;73.417;72.367;73.277;337.893;KO.USUSD
2025-04-24 13:00:00;73.036;73.187;72.526;73.127;180.6666;KO.USUSD
2025-04-24 14:00:00;73.126;73.397;72.856;73.347;243.1305;KO.USUSD
2025-04-24 15:00:00;73.347;73.417;72.946;72.946;187.9101;KO.USUSD
2025-04-24 16:00:00;72.957;73.167;72.856;72.957;201.5229;KO.USUSD
2025-04-24 17:00:00;72.947;72.976;72.506;72.507;172.4631;KO.USUSD
2025-04-24 18:00:00;72.496;72.687;72.496;72.516;113.6496;KO.USUSD
2025-04-24 19:00:00;72.516;72.576;72.296;72.497;201.5619;KO.USUSD
2025-04-25 13:00:00;72.567;72.867;71.626;71.676;162.3558;KO.USUSD
2025-04-25 14:00:00;71.637;71.817;71.116;71.226;443.7747;KO.USUSD
2025-04-25 15:00:00;71.237;71.506;71.156;71.486;239.8956;KO.USUSD
2025-04-25 16:00:00;71.487;71.787;71.436;71.506;185.1951;KO.USUSD
2025-04-25 17:00:00;71.516;71.707;71.446;71.607;206.6484;KO.USUSD
2025-04-25 18:00:00;71.606;72.067;71.587;71.847;159.855;KO.USUSD
2025-04-25 19:00:00;71.846;71.977;71.756;71.887;190.5756;KO.USUSD
2025-04-28 13:00:00;71.896;72.197;71.596;71.657;141.9075;KO.USUSD
2025-04-28 14:00:00;71.657;71.867;71.396;71.856;206.0019;KO.USUSD
2025-04-28 15:00:00;71.856;71.947;71.666;71.677;151.248;KO.USUSD
2025-04-28 16:00:00;71.676;71.756;71.496;71.586;103.9614;KO.USUSD
2025-04-28 17:00:00;71.587;71.637;71.296;71.437;119.4669;KO.USUSD
2025-04-28 18:00:00;71.437;71.657;71.377;71.597;112.7724;KO.USUSD
2025-04-28 19:00:00;71.606;71.886;71.497;71.696;140.7867;KO.USUSD
2025-04-29 13:00:00;70.826;71.937;70.156;71.606;168.6018;KO.USUSD
2025-04-29 14:00:00;71.637;72.336;71.506;72.267;255.987;KO.USUSD
2025-04-29 15:00:00;72.276;72.407;72.046;72.217;250.6698;KO.USUSD
2025-04-29 16:00:00;72.216;72.427;72.146;72.287;186.363;KO.USUSD
2025-04-29 17:00:00;72.296;72.696;72.206;72.557;109.5477;KO.USUSD
2025-04-29 18:00:00;72.566;72.597;72.327;72.377;89.9469;KO.USUSD
2025-04-29 19:00:00;72.387;72.506;72.276;72.346;161.5611;KO.USUSD
2025-04-30 13:00:00;72.977;73.366;71.837;71.946;188.2665;KO.USUSD
2025-04-30 14:00:00;71.937;72.386;71.677;72.347;333.8754;KO.USUSD
2025-04-30 15:00:00;72.357;72.397;72.126;72.206;154.068;KO.USUSD
2025-04-30 16:00:00;72.207;72.637;72.196;72.616;131.8257;KO.USUSD
2025-04-30 17:00:00;72.606;72.607;72.317;72.456;143.8047;KO.USUSD
2025-04-30 18:00:00;72.457;72.657;72.106;72.227;172.1244;KO.USUSD
2025-04-30 19:00:00;72.226;72.807;72.226;72.506;175.0515;KO.USUSD
2025-05-01 13:00:00;71.796;71.936;71.186;71.447;185.6757;KO.USUSD
2025-05-01 14:00:00;71.447;71.617;71.326;71.467;294.9642;KO.USUSD
2025-05-01 15:00:00;71.466;71.557;71.336;71.466;137.745;KO.USUSD
2025-05-01 16:00:00;71.467;71.496;71.216;71.376;112.4214;KO.USUSD
2025-05-01 17:00:00;71.377;71.857;71.376;71.647;106.7523;KO.USUSD
2025-05-01 18:00:00;71.647;71.737;71.406;71.506;108.1542;KO.USUSD
2025-05-01 19:00:00;71.507;71.627;71.227;71.256;140.2956;KO.USUSD
2025-05-02 13:00:00;71.277;71.697;71.086;71.217;185.0256;KO.USUSD
2025-05-02 14:00:00;71.216;71.597;71.186;71.586;235.4226;KO.USUSD
2025-05-02 15:00:00;71.587;71.587;71.347;71.386;114.6705;KO.USUSD
2025-05-02 16:00:00;71.366;71.537;71.246;71.407;115.9413;KO.USUSD
2025-05-02 17:00:00;71.417;71.597;71.396;71.506;77.2461;KO.USUSD
2025-05-02 18:00:00;71.507;71.757;71.506;71.727;82.137;KO.USUSD
2025-05-02 19:00:00;71.737;71.807;71.626;71.646;142.0212;KO.USUSD
2025-05-05 13:00:00;71.677;71.677;71.006;71.027;141.0744;KO.USUSD
2025-05-05 14:00:00;71.036;71.677;71.016;71.656;229.3791;KO.USUSD
2025-05-05 15:00:00;71.657;71.687;71.486;71.576;80.6451;KO.USUSD
2025-05-05 16:00:00;71.576;71.677;71.406;71.416;60.9708;KO.USUSD
2025-05-05 17:00:00;71.427;71.507;71.326;71.467;99.1443;KO.USUSD
2025-05-05 18:00:00;71.466;71.697;71.436;71.667;49.7571;KO.USUSD
2025-05-05 19:00:00;71.666;71.776;71.526;71.737;98.8968;KO.USUSD
2025-05-06 13:00:00;71.576;71.577;71.106;71.387;150.7893;KO.USUSD
2025-05-06 14:00:00;71.377;71.687;71.326;71.387;138.0375;KO.USUSD
2025-05-06 15:00:00;71.386;71.607;71.306;71.576;76.9161;KO.USUSD
2025-05-06 16:00:00;71.576;71.756;71.506;71.597;130.6584;KO.USUSD
2025-05-06 17:00:00;71.596;71.807;71.556;71.556;91.5342;KO.USUSD
2025-05-06 18:00:00;71.566;71.886;71.566;71.777;91.0968;KO.USUSD
2025-05-06 19:00:00;71.777;71.817;71.656;71.687;102.5349;KO.USUSD
2025-05-07 13:00:00;71.737;72.117;71.647;72.047;139.5258;KO.USUSD
2025-05-07 14:00:00;72.056;72.186;71.876;71.977;140.9748;KO.USUSD
2025-05-07 15:00:00;71.976;72.137;71.937;72.126;97.155;KO.USUSD
2025-05-07 16:00:00;72.136;72.427;72.116;72.406;70.2015;KO.USUSD
2025-05-07 17:00:00;72.417;72.486;72.156;72.207;107.4468;KO.USUSD
2025-05-07 18:00:00;72.207;72.637;72.006;72.586;291.5763;KO.USUSD
2025-05-07 19:00:00;72.587;72.677;72.306;72.396;320.9889;KO.USUSD
2025-05-08 13:00:00;72.056;72.457;71.787;72.016;124.9332;KO.USUSD
2025-05-08 14:00:00;72.016;72.127;71.727;71.797;245.5515;KO.USUSD
2025-05-08 15:00:00;71.787;72.277;71.676;72.186;237.5622;KO.USUSD
2025-05-08 16:00:00;72.187;72.297;71.856;71.937;118.8132;KO.USUSD
2025-05-08 17:00:00;71.947;71.947;71.556;71.567;153.0087;KO.USUSD
2025-05-08 18:00:00;71.566;71.727;71.476;71.676;91.527;KO.USUSD
2025-05-08 19:00:00;71.686;71.697;71.116;71.166;158.3019;KO.USUSD
2025-05-09 13:00:00;71.027;71.087;70.717;70.997;132.7098;KO.USUSD
2025-05-09 14:00:00;71.007;71.127;70.847;70.857;109.9566;KO.USUSD
2025-05-09 15:00:00;70.867;70.997;70.767;70.986;91.9851;KO.USUSD
2025-05-09 16:00:00;70.987;70.987;70.596;70.607;84.0816;KO.USUSD
2025-05-09 17:00:00;70.607;70.757;70.516;70.746;88.7988;KO.USUSD
2025-05-09 18:00:00;70.746;70.857;70.677;70.797;60.3216;KO.USUSD
2025-05-09 19:00:00;70.796;70.857;70.466;70.506;125.3277;KO.USUSD
2025-05-12 13:00:00;70.006;70.027;68.696;69.337;318.6459;KO.USUSD
2025-05-12 14:00:00;69.346;69.487;69.106;69.357;457.2525;KO.USUSD
2025-05-12 15:00:00;69.347;69.447;69.076;69.107;223.0266;KO.USUSD
2025-05-12 16:00:00;69.106;69.227;69.026;69.187;138.2805;KO.USUSD
2025-05-12 17:00:00;69.187;69.327;68.966;69.067;123.2496;KO.USUSD
2025-05-12 18:00:00;69.066;69.327;69.066;69.266;111.0705;KO.USUSD
2025-05-12 19:00:00;69.277;69.557;69.216;69.536;101.2827;KO.USUSD
2025-05-13 13:00:00;69.456;69.636;69.036;69.087;168.6267;KO.USUSD
2025-05-13 14:00:00;69.086;69.407;69.056;69.097;281.424;KO.USUSD
2025-05-13 15:00:00;69.087;69.127;68.916;69.067;157.6812;KO.USUSD
2025-05-13 16:00:00;69.087;69.156;68.866;68.967;119.5623;KO.USUSD
2025-05-13 17:00:00;68.977;69.216;68.966;69.047;117.9078;KO.USUSD
2025-05-13 18:00:00;69.046;69.167;68.916;69.066;92.817;KO.USUSD
2025-05-13 19:00:00;69.066;69.157;68.926;68.926;99.9123;KO.USUSD
2025-05-14 13:00:00;68.816;69.167;68.566;69.087;175.2672;KO.USUSD
2025-05-14 14:00:00;69.106;69.126;68.796;68.837;229.437;KO.USUSD
2025-05-14 15:00:00;68.846;69.057;68.727;69.026;102.0486;KO.USUSD
2025-05-14 16:00:00;69.037;69.077;68.806;68.917;87.6252;KO.USUSD
2025-05-14 17:00:00;68.916;69.167;68.906;69.166;83.3733;KO.USUSD
2025-05-14 18:00:00;69.166;69.267;69.136;69.176;71.9406;KO.USUSD
2025-05-14 19:00:00;69.157;69.326;69.087;69.147;71.7441;KO.USUSD
2025-05-15 13:00:00;69.676;70.427;69.556;70.386;159.3228;KO.USUSD
2025-05-15 14:00:00;70.387;70.717;70.316;70.677;207.0435;KO.USUSD
2025-05-15 15:00:00;70.687;71.006;70.587;70.976;95.9049;KO.USUSD
2025-05-15 16:00:00;70.986;71.186;70.946;71.117;110.3751;KO.USUSD
2025-05-15 17:00:00;71.117;71.216;71.026;71.197;74.0469;KO.USUSD
2025-05-15 18:00:00;71.196;71.427;71.136;71.417;71.385;KO.USUSD
2025-05-15 19:00:00;71.407;71.707;71.367;71.636;111.9657;KO.USUSD
2025-05-16 13:00:00;71.656;71.866;71.416;71.797;140.7924;KO.USUSD
2025-05-16 14:00:00;71.806;71.806;71.456;71.496;182.9064;KO.USUSD
2025-05-16 15:00:00;71.497;71.607;71.457;71.567;95.2524;KO.USUSD
2025-05-16 16:00:00;71.586;71.766;71.556;71.746;51.8916;KO.USUSD
2025-05-16 17:00:00;71.747;71.907;71.716;71.856;46.9026;KO.USUSD
2025-05-16 18:00:00;71.847;71.977;71.826;71.936;43.3044;KO.USUSD
2025-05-16 19:00:00;71.927;72.257;71.896;72.007;103.8177;KO.USUSD
2025-05-19 13:00:00;71.997;72.146;71.746;71.826;156.2586;KO.USUSD
2025-05-19 14:00:00;71.856;72.027;71.706;71.846;220.6383;KO.USUSD
2025-05-19 15:00:00;71.847;71.967;71.776;71.847;143.0724;KO.USUSD
2025-05-19 16:00:00;71.857;71.986;71.796;71.977;117.267;KO.USUSD
2025-05-19 17:00:00;71.976;72.007;71.706;71.787;103.2624;KO.USUSD
2025-05-19 18:00:00;71.776;71.797;71.676;71.777;67.4334;KO.USUSD
2025-05-19 19:00:00;71.777;71.937;71.636;71.927;86.685;KO.USUSD
2025-05-20 13:00:00;71.876;72.076;71.746;72.026;157.7013;KO.USUSD
2025-05-20 14:00:00;72.016;72.077;71.796;71.917;203.6475;KO.USUSD
2025-05-20 15:00:00;71.916;72.116;71.746;71.787;151.3452;KO.USUSD
2025-05-20 16:00:00;71.797;71.797;71.546;71.606;90.0234;KO.USUSD
2025-05-20 17:00:00;71.617;71.667;71.516;71.576;49.4061;KO.USUSD
2025-05-20 18:00:00;71.587;71.627;71.426;71.537;61.7769;KO.USUSD
2025-05-20 19:00:00;71.537;71.727;71.466;71.697;63.633;KO.USUSD
2025-05-21 13:00:00;71.656;72.067;71.636;71.847;117.0594;KO.USUSD
2025-05-21 14:00:00;71.856;71.987;71.576;71.646;165.954;KO.USUSD
2025-05-21 15:00:00;71.647;71.787;71.596;71.666;119.2269;KO.USUSD
2025-05-21 16:00:00;71.667;71.867;71.586;71.866;84.6825;KO.USUSD
2025-05-21 17:00:00;71.857;71.897;71.676;71.876;220.6761;KO.USUSD
2025-05-21 18:00:00;71.877;71.897;71.596;71.666;158.0619;KO.USUSD
2025-05-21 19:00:00;71.667;71.967;71.656;71.806;160.1109;KO.USUSD
2025-05-22 13:00:00;71.737;71.977;71.176;71.216;191.8704;KO.USUSD
2025-05-22 14:00:00;71.217;71.347;70.956;71.147;283.7685;KO.USUSD
2025-05-22 15:00:00;71.157;71.347;70.976;71.326;152.1375;KO.USUSD
2025-05-22 16:00:00;71.337;71.457;71.246;71.246;138.8544;KO.USUSD
2025-05-22 17:00:00;71.236;71.367;71.106;71.297;121.6497;KO.USUSD
2025-05-22 18:00:00;71.316;71.497;71.306;71.337;77.9634;KO.USUSD
2025-05-22 19:00:00;71.357;71.507;71.096;71.096;65.3004;KO.USUSD
2025-05-23 13:00:00;71.476;71.477;70.676;71.036;182.4744;KO.USUSD
2025-05-23 14:00:00;71.056;71.356;70.996;71.166;215.4387;KO.USUSD
2025-05-23 15:00:00;71.177;71.757;71.156;71.687;131.5257;KO.USUSD
2025-05-23 16:00:00;71.687;71.777;71.636;71.747;95.3394;KO.USUSD
2025-05-23 17:00:00;71.746;71.897;71.726;71.816;70.8732;KO.USUSD
2025-05-23 18:00:00;71.817;71.957;71.786;71.886;78.4968;KO.USUSD
2025-05-23 19:00:00;71.887;71.957;71.707;71.866;101.1711;KO.USUSD
2025-05-27 13:00:00;71.556;72.207;71.556;71.896;155.6337;KO.USUSD
2025-05-27 14:00:00;71.896;71.967;71.566;71.736;176.7591;KO.USUSD
2025-05-27 15:00:00;71.736;71.747;71.567;71.636;87.9423;KO.USUSD
2025-05-27 16:00:00;71.637;71.737;71.546;71.706;54.5424;KO.USUSD
2025-05-27 17:00:00;71.697;71.837;71.636;71.837;45.9507;KO.USUSD
2025-05-27 18:00:00;71.836;71.937;71.796;71.816;38.1516;KO.USUSD
2025-05-27 19:00:00;71.806;71.927;71.716;71.786;68.2194;KO.USUSD
2025-05-28 13:00:00;71.656;71.886;71.406;71.656;115.3659;KO.USUSD
2025-05-28 14:00:00;71.657;71.687;71.466;71.477;197.481;KO.USUSD
2025-05-28 15:00:00;71.487;71.557;71.206;71.277;109.8306;KO.USUSD
2025-05-28 16:00:00;71.296;71.477;71.247;71.447;90.3216;KO.USUSD
2025-05-28 17:00:00;71.437;71.546;71.257;71.267;88.6053;KO.USUSD
2025-05-28 18:00:00;71.267;71.297;71.066;71.237;117.8376;KO.USUSD
2025-05-28 19:00:00;71.237;71.337;71.046;71.147;158.751;KO.USUSD
2025-05-29 13:00:00;70.997;70.997;70.437;70.797;200.5926;KO.USUSD
2025-05-29 14:00:00;70.797;71.147;70.756;70.936;218.0034;KO.USUSD
2025-05-29 15:00:00;70.946;70.997;70.736;70.796;144.4212;KO.USUSD
2025-05-29 16:00:00;70.816;71.097;70.736;71.086;110.0022;KO.USUSD
2025-05-29 17:00:00;71.067;71.397;71.066;71.366;74.1987;KO.USUSD
2025-05-29 18:00:00;71.377;71.537;71.267;71.506;86.4324;KO.USUSD
2025-05-29 19:00:00;71.516;71.637;71.436;71.487;97.5657;KO.USUSD
2025-05-30 13:00:00;71.487;72.227;71.396;72.027;106.9494;KO.USUSD
2025-05-30 14:00:00;72.027;72.087;71.726;71.826;236.0664;KO.USUSD
2025-05-30 15:00:00;71.826;72.007;71.796;71.807;112.5768;KO.USUSD
2025-05-30 16:00:00;71.807;71.967;71.686;71.887;214.9953;KO.USUSD
2025-05-30 17:00:00;71.877;72.037;71.816;72.007;86.0151;KO.USUSD
2025-05-30 18:00:00;72.016;72.256;72.016;72.246;74.0613;KO.USUSD
2025-05-30 19:00:00;72.257;72.437;72.066;72.077;194.4435;KO.USUSD
2025-06-02 13:00:00;71.897;71.917;71.406;71.407;213.2073;KO.USUSD
2025-06-02 14:00:00;71.407;71.747;71.346;71.646;253.644;KO.USUSD
2025-06-02 15:00:00;71.647;71.747;71.446;71.587;177.7029;KO.USUSD
2025-06-02 16:00:00;71.587;71.677;71.496;71.676;111.0996;KO.USUSD
2025-06-02 17:00:00;71.687;71.786;71.596;71.687;107.6487;KO.USUSD
2025-06-02 18:00:00;71.696;71.877;71.686;71.807;110.2767;KO.USUSD
2025-06-02 19:00:00;71.806;72.027;71.796;72.027;73.9122;KO.USUSD
2025-06-03 13:00:00;71.667;71.756;70.936;71.026;191.3517;KO.USUSD
2025-06-03 14:00:00;71.027;71.057;70.476;70.546;331.1829;KO.USUSD
2025-06-03 15:00:00;70.557;70.987;70.496;70.987;181.7355;KO.USUSD
2025-06-03 16:00:00;70.997;70.997;70.766;70.967;97.5114;KO.USUSD
2025-06-03 17:00:00;70.976;71.236;70.956;71.166;79.476;KO.USUSD
2025-06-03 18:00:00;71.176;71.257;71.106;71.167;91.065;KO.USUSD
2025-06-03 19:00:00;71.166;71.337;71.156;71.177;78.1485;KO.USUSD
2025-06-04 13:00:00;71.286;71.437;70.667;71.146;178.3431;KO.USUSD
2025-06-04 14:00:00;71.147;71.377;71.066;71.366;293.8776;KO.USUSD
2025-06-04 15:00:00;71.377;71.417;71.196;71.397;117.1776;KO.USUSD
2025-06-04 16:00:00;71.396;71.627;71.346;71.616;80.0268;KO.USUSD
2025-06-04 17:00:00;71.616;71.827;71.616;71.797;52.1115;KO.USUSD
2025-06-04 18:00:00;71.787;71.837;71.546;71.547;60.0279;KO.USUSD
2025-06-04 19:00:00;71.546;71.627;71.326;71.366;90.2661;KO.USUSD
2025-06-05 13:00:00;71.406;71.406;70.826;71.147;137.8503;KO.USUSD
2025-06-05 14:00:00;71.156;71.287;70.996;71.187;288.903;KO.USUSD
2025-06-05 15:00:00;71.196;71.317;70.987;71.056;199.3866;KO.USUSD
2025-06-05 16:00:00;71.046;71.367;71.036;71.357;135.6393;KO.USUSD
2025-06-05 17:00:00;71.376;71.447;71.066;71.117;127.6059;KO.USUSD
2025-06-05 18:00:00;71.117;71.177;70.826;71.137;126.6957;KO.USUSD
2025-06-05 19:00:00;71.136;71.167;70.826;70.926;255.5901;KO.USUSD
2025-06-06 13:00:00;71.036;71.377;71.006;71.337;168.4866;KO.USUSD
2025-06-06 14:00:00;71.336;71.357;71.146;71.186;239.0388;KO.USUSD
2025-06-06 15:00:00;71.187;71.277;70.936;71.006;205.2918;KO.USUSD
2025-06-06 16:00:00;71.007;71.147;70.976;71.096;105.5568;KO.USUSD
2025-06-06 17:00:00;71.096;71.257;71.036;71.237;53.8506;KO.USUSD
2025-06-06 18:00:00;71.246;71.367;71.237;71.297;48.6525;KO.USUSD
2025-06-06 19:00:00;71.286;71.467;71.216;71.327;66.1623;KO.USUSD
2025-06-09 13:00:00;71.266;71.507;71.186;71.267;137.5593;KO.USUSD
2025-06-09 14:00:00;71.277;71.477;71.086;71.226;276.327;KO.USUSD
2025-06-09 15:00:00;71.247;71.517;71.166;71.406;134.4558;KO.USUSD
2025-06-09 16:00:00;71.397;71.597;71.336;71.496;72.3306;KO.USUSD
2025-06-09 17:00:00;71.477;71.597;71.426;71.556;64.9407;KO.USUSD
2025-06-09 18:00:00;71.546;71.587;71.476;71.567;39.2235;KO.USUSD
2025-06-09 19:00:00;71.566;71.817;71.536;71.736;58.3641;KO.USUSD
2025-06-10 13:00:00;71.746;72.137;71.746;71.916;165.2193;KO.USUSD
2025-06-10 14:00:00;71.926;72.097;71.747;72.056;242.3214;KO.USUSD
2025-06-10 15:00:00;72.066;72.247;72.036;72.117;99.8439;KO.USUSD
2025-06-10 16:00:00;72.126;72.457;72.076;72.447;42.7479;KO.USUSD
2025-06-10 17:00:00;72.456;72.677;72.416;72.536;51.5643;KO.USUSD
2025-06-10 18:00:00;72.546;72.547;72.286;72.306;79.2963;KO.USUSD
2025-06-10 19:00:00;72.297;72.497;72.217;72.367;67.464;KO.USUSD
2025-06-11 13:00:00;72.196;72.197;71.736;71.947;135.0957;KO.USUSD
2025-06-11 14:00:00;71.946;72.057;71.766;71.836;196.4682;KO.USUSD
2025-06-11 15:00:00;71.837;71.987;71.756;71.856;152.5584;KO.USUSD
2025-06-11 16:00:00;71.867;72.147;71.846;72.076;111.1386;KO.USUSD
2025-06-11 17:00:00;72.087;72.156;71.996;72.136;77.4642;KO.USUSD
2025-06-11 18:00:00;72.126;72.136;71.946;72.006;142.3119;KO.USUSD
2025-06-11 19:00:00;72.006;72.087;71.876;72.086;119.9619;KO.USUSD
2025-06-12 13:00:00;72.206;72.377;72.036;72.357;129.5022;KO.USUSD
2025-06-12 14:00:00;72.346;72.367;71.956;71.996;327.1977;KO.USUSD
2025-06-12 15:00:00;72.007;72.087;71.766;71.826;169.7886;KO.USUSD
2025-06-12 16:00:00;71.826;71.826;71.636;71.727;124.2978;KO.USUSD
2025-06-12 17:00:00;71.737;71.867;71.596;71.847;97.0725;KO.USUSD
2025-06-12 18:00:00;71.847;72.106;71.846;72.087;67.8489;KO.USUSD
2025-06-12 19:00:00;72.087;72.257;72.046;72.236;68.2551;KO.USUSD
2025-06-13 13:00:00;71.646;71.856;71.496;71.647;198.0009;KO.USUSD
2025-06-13 14:00:00;71.617;71.837;71.486;71.666;377.5284;KO.USUSD
2025-06-13 15:00:00;71.666;71.696;71.436;71.626;204.2157;KO.USUSD
2025-06-13 16:00:00;71.636;71.647;71.376;71.406;115.7487;KO.USUSD
2025-06-13 17:00:00;71.406;71.446;71.146;71.196;106.5414;KO.USUSD
2025-06-13 18:00:00;71.206;71.237;70.766;70.816;133.4565;KO.USUSD
2025-06-13 19:00:00;70.817;71.077;70.726;70.987;176.1033;KO.USUSD
2025-06-16 13:00:00;71.197;71.566;70.906;71.487;212.5506;KO.USUSD
2025-06-16 14:00:00;71.477;71.607;70.566;70.566;299.8668;KO.USUSD
2025-06-16 15:00:00;70.566;70.607;70.306;70.466;214.9839;KO.USUSD
2025-06-16 16:00:00;70.486;70.587;70.436;70.437;80.8608;KO.USUSD
2025-06-16 17:00:00;70.437;70.437;70.236;70.276;73.8843;KO.USUSD
2025-06-16 18:00:00;70.266;70.637;70.266;70.577;39.6798;KO.USUSD
2025-06-16 19:00:00;70.576;70.607;70.366;70.547;84.513;KO.USUSD
2025-06-17 13:00:00;70.256;70.407;70.036;70.106;182.9511;KO.USUSD
2025-06-17 14:00:00;70.116;70.366;69.976;70.336;255.9498;KO.USUSD
2025-06-17 15:00:00;70.336;70.447;70.286;70.306;104.0322;KO.USUSD
2025-06-17 16:00:00;70.306;70.387;70.206;70.276;100.947;KO.USUSD
2025-06-17 17:00:00;70.286;70.397;69.956;70.046;128.4351;KO.USUSD
2025-06-17 18:00:00;70.046;70.046;69.756;69.906;128.1123;KO.USUSD
2025-06-17 19:00:00;69.916;70.017;69.577;69.607;128.634;KO.USUSD
2025-06-18 13:00:00;69.896;69.967;69.586;69.796;130.9848;KO.USUSD
2025-06-18 14:00:00;69.797;69.866;69.507;69.676;150.4173;KO.USUSD
2025-06-18 15:00:00;69.676;69.696;69.106;69.106;83.5197;KO.USUSD
2025-06-18 16:00:00;69.107;69.417;69.086;69.367;73.6206;KO.USUSD
2025-06-18 17:00:00;69.346;69.487;69.326;69.366;64.6452;KO.USUSD
2025-06-18 18:00:00;69.387;69.447;69.176;69.327;129.4866;KO.USUSD
2025-06-18 19:00:00;69.326;69.437;69.136;69.136;112.3212;KO.USUSD
2025-06-20 13:00:00;68.986;69.477;68.966;69.267;176.8764;KO.USUSD
2025-06-20 14:00:00;69.256;69.457;69.167;69.396;260.8422;KO.USUSD
2025-06-20 15:00:00;69.397;69.547;69.386;69.386;109.3323;KO.USUSD
2025-06-20 16:00:00;69.386;69.397;69.176;69.386;81.0225;KO.USUSD
2025-06-20 17:00:00;69.396;69.497;69.376;69.427;86.8797;KO.USUSD
2025-06-20 18:00:00;69.436;69.456;69.186;69.226;51.0444;KO.USUSD
2025-06-20 19:00:00;69.226;69.237;68.776;68.836;119.6448;KO.USUSD
2025-06-23 13:00:00;68.946;69.617;68.946;69.467;156.318;KO.USUSD
2025-06-23 14:00:00;69.477;69.717;69.436;69.566;165.9837;KO.USUSD
2025-06-23 15:00:00;69.567;69.607;69.226;69.236;92.286;KO.USUSD
2025-06-23 16:00:00;69.237;69.267;69.096;69.126;144.2367;KO.USUSD
2025-06-23 17:00:00;69.116;69.487;69.096;69.366;114.8277;KO.USUSD
2025-06-23 18:00:00;69.376;69.437;69.306;69.407;51.8043;KO.USUSD
2025-06-23 19:00:00;69.416;69.797;69.416;69.727;69.1923;KO.USUSD
2025-06-24 13:00:00;69.927;70.007;69.687;69.696;146.292;KO.USUSD
2025-06-24 14:00:00;69.696;69.977;69.676;69.966;170.3763;KO.USUSD
2025-06-24 15:00:00;69.966;70.117;69.856;70.107;61.4424;KO.USUSD
2025-06-24 16:00:00;70.107;70.287;70.066;70.277;44.1162;KO.USUSD
2025-06-24 17:00:00;70.266;70.337;70.196;70.256;38.0037;KO.USUSD
2025-06-24 18:00:00;70.246;70.267;70.097;70.116;27.7617;KO.USUSD
2025-06-24 19:00:00;70.117;70.327;70.117;70.197;43.9731;KO.USUSD
2025-06-25 13:00:00;69.856;69.996;69.516;69.837;176.9685;KO.USUSD
2025-06-25 14:00:00;69.846;69.987;69.576;69.617;206.7819;KO.USUSD
2025-06-25 15:00:00;69.616;69.796;69.596;69.796;103.4415;KO.USUSD
2025-06-25 16:00:00;69.806;69.837;69.576;69.577;52.0371;KO.USUSD
2025-06-25 17:00:00;69.577;69.667;69.466;69.646;71.6751;KO.USUSD
2025-06-25 18:00:00;69.656;69.697;69.426;69.597;61.1952;KO.USUSD
2025-06-25 19:00:00;69.607;69.747;69.556;69.627;93.954;KO.USUSD
2025-06-26 13:00:00;69.597;69.907;69.496;69.646;137.4849;KO.USUSD
2025-06-26 14:00:00;69.626;69.677;69.196;69.257;148.6965;KO.USUSD
2025-06-26 15:00:00;69.256;69.356;69.146;69.216;67.005;KO.USUSD
2025-06-26 16:00:00;69.216;69.367;69.216;69.257;40.827;KO.USUSD
2025-06-26 17:00:00;69.247;69.406;69.196;69.317;57.5598;KO.USUSD
2025-06-26 18:00:00;69.307;69.337;69.146;69.296;53.9352;KO.USUSD
2025-06-26 19:00:00;69.297;69.517;69.226;69.487;76.8276;KO.USUSD
2025-06-27 13:00:00;69.517;70.007;69.456;69.936;114.4158;KO.USUSD
2025-06-27 14:00:00;69.937;70.156;69.937;70.097;172.9395;KO.USUSD
2025-06-27 15:00:00;70.107;70.216;70.046;70.187;66.0279;KO.USUSD
2025-06-27 16:00:00;70.186;70.397;70.146;70.347;39.9906;KO.USUSD
2025-06-27 17:00:00;70.347;70.367;70.136;70.187;60.0069;KO.USUSD
2025-06-27 18:00:00;70.186;70.217;70.006;70.096;90.135;KO.USUSD
2025-06-27 19:00:00;70.097;70.547;69.957;70.316;112.2366;KO.USUSD
2025-06-30 13:00:00;70.046;70.766;70.016;70.276;169.8666;KO.USUSD
2025-06-30 14:00:00;70.277;70.407;70.177;70.276;141.9909;KO.USUSD
2025-06-30 15:00:00;70.287;70.387;70.186;70.226;46.3359;KO.USUSD
2025-06-30 16:00:00;70.236;70.527;70.226;70.457;60.5487;KO.USUSD
2025-06-30 17:00:00;70.446;70.446;70.187;70.236;45.4044;KO.USUSD
2025-06-30 18:00:00;70.226;70.447;70.226;70.447;42.6843;KO.USUSD
2025-06-30 19:00:00;70.456;70.777;70.446;70.716;58.5483;KO.USUSD
2025-07-01 13:00:00;70.907;71.627;70.866;71.476;171.5187;KO.USUSD
2025-07-01 14:00:00;71.457;72.047;71.326;71.967;194.7168;KO.USUSD
2025-07-01 15:00:00;71.956;72.447;71.956;72.067;226.5498;KO.USUSD
2025-07-01 16:00:00;72.076;72.167;71.516;71.646;168.822;KO.USUSD
2025-07-01 17:00:00;71.657;71.687;71.436;71.657;104.4714;KO.USUSD
2025-07-01 18:00:00;71.656;71.827;71.616;71.807;71.0295;KO.USUSD
2025-07-01 19:00:00;71.806;71.856;71.627;71.676;128.2866;KO.USUSD
2025-07-02 13:00:00;71.676;71.817;71.446;71.606;149.694;KO.USUSD
2025-07-02 14:00:00;71.626;71.657;70.896;70.987;199.3416;KO.USUSD
2025-07-02 15:00:00;70.997;71.177;70.726;70.977;210.1302;KO.USUSD
2025-07-02 16:00:00;70.976;70.977;70.797;70.866;93.1806;KO.USUSD
2025-07-02 17:00:00;70.866;71.037;70.866;70.886;56.478;KO.USUSD
2025-07-02 18:00:00;70.887;71.047;70.866;70.936;62.0862;KO.USUSD
2025-07-02 19:00:00;70.937;70.957;70.737;70.927;121.1721;KO.USUSD
2025-07-03 13:00:00;71.016;71.037;70.546;70.597;153.9825;KO.USUSD
2025-07-03 14:00:00;70.596;71.127;70.546;71.076;180.2226;KO.USUSD
2025-07-03 15:00:00;71.066;71.297;71.036;71.266;57.7713;KO.USUSD
2025-07-03 16:00:00;71.286;71.377;71.186;71.297;52.1859;KO.USUSD
2025-07-07 13:00:00;71.337;71.337;70.776;71.056;147.1473;KO.USUSD
2025-07-07 14:00:00;71.057;71.167;70.806;71.097;131.0238;KO.USUSD
2025-07-07 15:00:00;71.106;71.157;70.857;70.877;80.9988;KO.USUSD
2025-07-07 16:00:00;70.876;71.017;70.816;70.937;91.2696;KO.USUSD
2025-07-07 17:00:00;70.937;71.207;70.896;71.056;87.5742;KO.USUSD
2025-07-07 18:00:00;71.067;71.167;70.846;71.046;89.1987;KO.USUSD
2025-07-07 19:00:00;71.056;71.076;70.796;70.986;70.9923;KO.USUSD
2025-07-08 13:00:00;70.546;70.556;70.066;70.346;111.1197;KO.USUSD
2025-07-08 14:00:00;70.357;70.357;69.876;70.007;211.497;KO.USUSD
2025-07-08 15:00:00;70.026;70.346;69.976;70.276;125.4711;KO.USUSD
2025-07-08 16:00:00;70.286;70.287;70.076;70.137;83.976;KO.USUSD
2025-07-08 17:00:00;70.127;70.446;70.097;70.397;75.7005;KO.USUSD
2025-07-08 18:00:00;70.397;70.397;70.206;70.326;58.5543;KO.USUSD
2025-07-08 19:00:00;70.326;70.527;70.246;70.246;91.2396;KO.USUSD
2025-07-09 13:00:00;70.167;70.217;69.596;69.677;163.962;KO.USUSD
2025-07-09 14:00:00;69.676;69.807;69.306;69.386;256.1406;KO.USUSD
2025-07-09 15:00:00;69.387;69.427;68.957;69.227;167.2539;KO.USUSD
2025-07-09 16:00:00;69.217;69.416;69.076;69.076;126.6369;KO.USUSD
2025-07-09 17:00:00;69.076;69.336;68.996;69.106;99.057;KO.USUSD
2025-07-09 18:00:00;69.117;69.357;69.106;69.266;87.2943;KO.USUSD
2025-07-09 19:00:00;69.267;69.617;69.266;69.476;100.0914;KO.USUSD
2025-07-10 13:00:00;69.226;69.487;69.147;69.416;183.2967;KO.USUSD
2025-07-10 14:00:00;69.407;69.676;69.397;69.547;240.7035;KO.USUSD
2025-07-10 15:00:00;69.557;69.597;69.396;69.547;134.0115;KO.USUSD
2025-07-10 16:00:00;69.546;69.557;69.436;69.536;81.7953;KO.USUSD
2025-07-10 17:00:00;69.547;69.616;69.476;69.586;71.328;KO.USUSD
2025-07-10 18:00:00;69.597;69.677;69.506;69.636;59.8407;KO.USUSD
2025-07-10 19:00:00;69.627;69.836;69.626;69.747;67.2924;KO.USUSD
2025-07-11 13:00:00;69.196;69.567;69.196;69.536;127.5267;KO.USUSD
2025-07-11 14:00:00;69.536;70.027;69.516;69.966;196.6053;KO.USUSD
2025-07-11 15:00:00;69.967;69.977;69.757;69.897;137.8422;KO.USUSD
2025-07-11 16:00:00;69.907;70.067;69.776;70.036;74.1033;KO.USUSD
2025-07-11 17:00:00;70.027;70.137;69.966;69.966;127.6551;KO.USUSD
2025-07-11 18:00:00;69.976;70.027;69.806;69.996;56.5461;KO.USUSD
2025-07-11 19:00:00;69.996;70.146;69.866;69.866;65.6805;KO.USUSD
2025-07-14 13:00:00;69.797;70.067;69.576;69.917;110.6259;KO.USUSD
2025-07-14 14:00:00;69.916;69.966;69.546;69.667;168.1029;KO.USUSD
2025-07-14 15:00:00;69.666;69.827;69.466;69.697;123.2886;KO.USUSD
2025-07-14 16:00:00;69.696;69.697;69.546;69.596;68.1471;KO.USUSD
2025-07-14 17:00:00;69.596;69.607;69.326;69.387;50.5953;KO.USUSD
2025-07-14 18:00:00;69.386;69.547;69.366;69.476;42.0363;KO.USUSD
2025-07-14 19:00:00;69.487;69.507;69.266;69.467;88.9323;KO.USUSD
2025-07-15 13:00:00;69.446;69.516;69.246;69.416;130.9767;KO.USUSD
2025-07-15 14:00:00;69.416;69.477;69.206;69.386;207.2337;KO.USUSD
2025-07-15 15:00:00;69.396;69.427;69.146;69.287;139.6584;KO.USUSD
2025-07-15 16:00:00;69.296;69.457;69.177;69.386;104.6778;KO.USUSD
2025-07-15 17:00:00;69.376;69.487;69.276;69.347;74.8425;KO.USUSD
2025-07-15 18:00:00;69.346;69.437;69.266;69.397;76.0671;KO.USUSD
2025-07-15 19:00:00;69.397;69.547;69.307;69.317;107.9106;KO.USUSD
2025-07-16 13:00:00;69.287;69.486;69.246;69.406;78.7842;KO.USUSD
2025-07-16 14:00:00;69.426;69.457;68.956;69.067;189.4839;KO.USUSD
2025-07-16 15:00:00;69.077;69.256;68.786;69.207;292.3488;KO.USUSD
2025-07-16 16:00:00;69.216;69.237;69.026;69.136;86.5191;KO.USUSD
2025-07-16 17:00:00;69.147;69.347;69.146;69.277;44.7183;KO.USUSD
2025-07-16 18:00:00;69.276;69.387;69.256;69.377;37.5426;KO.USUSD
2025-07-16 19:00:00;69.377;69.417;69.167;69.257;61.8021;KO.USUSD
2025-07-17 13:00:00;69.597;70.066;69.586;69.597;131.9652;KO.USUSD
2025-07-17 14:00:00;69.607;69.887;69.556;69.646;219.6486;KO.USUSD
2025-07-17 15:00:00;69.636;69.887;69.507;69.747;121.7745;KO.USUSD
2025-07-17 16:00:00;69.736;69.777;69.606;69.697;79.6167;KO.USUSD
2025-07-17 17:00:00;69.687;69.807;69.606;69.737;55.5282;KO.USUSD
2025-07-17 18:00:00;69.737;70.157;69.716;70.107;67.5261;KO.USUSD
2025-07-17 19:00:00;70.107;70.667;70.107;70.607;174.4227;KO.USUSD
2025-07-18 13:00:00;70.287;70.567;70.256;70.477;126.075;KO.USUSD
2025-07-18 14:00:00;70.477;70.687;70.226;70.246;200.3547;KO.USUSD
2025-07-18 15:00:00;70.257;70.416;70.236;70.267;108.6105;KO.USUSD
2025-07-18 16:00:00;70.267;70.357;70.137;70.196;105.8388;KO.USUSD
2025-07-18 17:00:00;70.196;70.287;70.086;70.286;72.2889;KO.USUSD
2025-07-18 18:00:00;70.277;70.277;70.056;70.137;56.5071;KO.USUSD
2025-07-18 19:00:00;70.136;70.136;69.826;69.827;47.2761;KO.USUSD
2025-07-21 13:00:00;70.156;70.476;70.066;70.156;153.3744;KO.USUSD
2025-07-21 14:00:00;70.167;70.277;69.926;70.127;210.9138;KO.USUSD
2025-07-21 15:00:00;70.126;70.197;69.997;70.197;136.0044;KO.USUSD
2025-07-21 16:00:00;70.207;70.437;70.166;70.297;137.2479;KO.USUSD
2025-07-21 17:00:00;70.297;70.437;70.286;70.437;102.6753;KO.USUSD
2025-07-21 18:00:00;70.446;70.606;70.346;70.417;86.0607;KO.USUSD
2025-07-21 19:00:00;70.427;70.427;70.096;70.117;144.5826;KO.USUSD
2025-07-22 13:00:00;69.156;70.237;68.676;70.026;309.4635;KO.USUSD
2025-07-22 14:00:00;70.026;70.137;69.086;69.577;329.8266;KO.USUSD
2025-07-22 15:00:00;69.586;69.687;69.266;69.467;187.7838;KO.USUSD
2025-07-22 16:00:00;69.476;69.637;69.296;69.427;96.9405;KO.USUSD
2025-07-22 17:00:00;69.436;69.667;69.376;69.507;79.31683;KO.USUSD
2025-07-22 18:00:00;69.517;69.777;69.467;69.526;69.2505;KO.USUSD
2025-07-22 19:00:00;69.526;69.677;69.326;69.606;118.89844;KO.USUSD
2025-07-23 13:00:00;69.646;69.727;69.396;69.596;136.0968;KO.USUSD
2025-07-23 14:00:00;69.587;69.606;68.726;68.816;260.5056;KO.USUSD
2025-07-23 15:00:00;68.816;68.867;68.596;68.767;163.0893;KO.USUSD
2025-07-23 16:00:00;68.767;68.977;68.736;68.897;116.0478;KO.USUSD
2025-07-23 17:00:00;68.897;69.187;68.846;69.016;90.0372;KO.USUSD
2025-07-23 18:00:00;69.017;69.076;68.876;68.917;70.2498;KO.USUSD
2025-07-23 19:00:00;68.917;69.207;68.856;69.177;83.6151;KO.USUSD
2025-07-24 13:00:00;69.226;69.346;69.046;69.276;139.0635;KO.USUSD
2025-07-24 14:00:00;69.286;69.416;69.246;69.296;194.4456;KO.USUSD
2025-07-24 15:00:00;69.297;69.536;69.226;69.446;123.975;KO.USUSD
2025-07-24 16:00:00;69.447;69.526;69.346;69.406;114.8469;KO.USUSD
2025-07-24 17:00:00;69.396;69.427;69.116;69.167;56.5389;KO.USUSD
2025-07-24 18:00:00;69.166;69.167;69.027;69.046;61.227;KO.USUSD
2025-07-24 19:00:00;69.047;69.137;68.986;69.077;48.6924;KO.USUSD
2025-07-25 13:00:00;69.106;69.106;68.826;68.837;139.9878;KO.USUSD
2025-07-25 14:00:00;68.836;68.967;68.747;68.897;112.5441;KO.USUSD
2025-07-25 15:00:00;68.897;68.947;68.776;68.867;64.7352;KO.USUSD
2025-07-25 16:00:00;68.887;68.976;68.856;68.926;61.0326;KO.USUSD
2025-07-25 17:00:00;68.927;69.007;68.876;68.916;30.9972;KO.USUSD
2025-07-25 18:00:00;68.927;68.997;68.876;68.957;24.1599;KO.USUSD
2025-07-25 19:00:00;68.977;69.216;68.946;69.167;37.8525;KO.USUSD
2025-07-28 13:00:00;68.696;68.887;68.576;68.576;136.026;KO.USUSD
2025-07-28 14:00:00;68.597;68.787;68.527;68.587;189.6312;KO.USUSD
2025-07-28 15:00:00;68.587;68.757;68.546;68.557;116.376;KO.USUSD
2025-07-28 16:00:00;68.547;68.557;68.217;68.326;57.6135;KO.USUSD
2025-07-28 17:00:00;68.327;68.377;68.156;68.187;50.3808;KO.USUSD
2025-07-28 18:00:00;68.197;68.266;68.077;68.157;28.9434;KO.USUSD
2025-07-28 19:00:00;68.146;68.197;68.056;68.077;56.7198;KO.USUSD
2025-07-29 13:00:00;68.217;68.597;68.146;68.506;117.9468;KO.USUSD
2025-07-29 14:00:00;68.507;68.907;68.506;68.906;201.5301;KO.USUSD
2025-07-29 15:00:00;68.907;69.337;68.827;69.046;183.6384;KO.USUSD
2025-07-29 16:00:00;69.046;69.357;68.976;69.207;108.0114;KO.USUSD
2025-07-29 17:00:00;69.196;69.207;68.867;68.997;80.247;KO.USUSD
2025-07-29 18:00:00;68.997;69.137;68.946;69.067;59.5026;KO.USUSD
2025-07-29 19:00:00;69.076;69.407;69.006;69.357;59.2242;KO.USUSD
2025-07-30 13:00:00;69.077;69.217;68.947;69.167;153.8004;KO.USUSD
2025-07-30 14:00:00;69.167;69.177;68.966;69.107;237.0765;KO.USUSD
2025-07-30 15:00:00;69.106;69.177;69.006;69.067;124.1397;KO.USUSD
2025-07-30 16:00:00;69.066;69.267;69.036;69.147;38.9994;KO.USUSD
2025-07-30 17:00:00;69.157;69.257;69.076;69.186;37.2072;KO.USUSD
2025-07-30 18:00:00;69.197;69.317;69.036;69.087;132.7257;KO.USUSD
2025-07-30 19:00:00;69.097;69.127;68.516;68.756;230.8725;KO.USUSD
2025-07-31 13:00:00;68.136;68.267;67.917;68.227;159.5625;KO.USUSD
2025-07-31 14:00:00;68.237;68.417;68.036;68.316;435.7455;KO.USUSD
2025-07-31 15:00:00;68.317;68.406;68.126;68.397;285.2238;KO.USUSD
2025-07-31 16:00:00;68.397;68.637;68.396;68.586;101.2716;KO.USUSD
2025-07-31 17:00:00;68.586;68.587;68.236;68.307;175.2459;KO.USUSD
2025-07-31 18:00:00;68.317;68.407;68.196;68.267;162.5799;KO.USUSD
2025-07-31 19:00:00;68.267;68.267;67.737;67.916;157.5939;KO.USUSD
2025-08-01 13:00:00;68.486;68.887;68.407;68.586;211.2141;KO.USUSD
2025-08-01 14:00:00;68.586;68.647;68.266;68.596;431.193;KO.USUSD
2025-08-01 15:00:00;68.607;68.926;68.556;68.776;230.4963;KO.USUSD
2025-08-01 16:00:00;68.766;68.967;68.726;68.887;136.4058;KO.USUSD
2025-08-01 17:00:00;68.896;68.997;68.726;68.927;144.9111;KO.USUSD
2025-08-01 18:00:00;68.927;69.027;68.846;68.956;118.6494;KO.USUSD
2025-08-01 19:00:00;68.956;68.997;68.757;68.856;126.9591;KO.USUSD
2025-08-04 13:00:00;68.546;68.847;68.296;68.547;129.2298;KO.USUSD
2025-08-04 14:00:00;68.547;68.666;68.416;68.566;207.3366;KO.USUSD
2025-08-04 15:00:00;68.577;68.807;68.546;68.796;136.1778;KO.USUSD
2025-08-04 16:00:00;68.796;68.836;68.677;68.777;82.4352;KO.USUSD
2025-08-04 17:00:00;68.786;68.837;68.736;68.766;53.937;KO.USUSD
2025-08-04 18:00:00;68.777;68.957;68.756;68.936;26.9853;KO.USUSD
2025-08-04 19:00:00;68.946;69.067;68.906;68.946;60.3687;KO.USUSD
2025-08-05 13:00:00;68.986;69.147;68.766;68.776;99.9165;KO.USUSD
2025-08-05 14:00:00;68.777;69.476;68.737;69.107;298.7694;KO.USUSD
2025-08-05 15:00:00;69.096;69.216;68.896;69.106;153.3765;KO.USUSD
2025-08-05 16:00:00;69.117;69.147;68.897;69.086;96.0051;KO.USUSD
2025-08-05 17:00:00;69.096;69.217;69.076;69.086;46.7244;KO.USUSD
2025-08-05 18:00:00;69.076;69.127;68.996;69.037;97.3743;KO.USUSD
2025-08-05 19:00:00;69.037;69.236;68.966;69.036;70.896;KO.USUSD
2025-08-06 13:00:00;69.027;69.186;68.636;68.977;140.0559;KO.USUSD
2025-08-06 14:00:00;68.977;69.467;68.946;69.377;222.5445;KO.USUSD
2025-08-06 15:00:00;69.376;69.466;69.266;69.447;151.4577;KO.USUSD
2025-08-06 16:00:00;69.446;69.687;69.386;69.527;102.7779;KO.USUSD
2025-08-06 17:00:00;69.527;69.637;69.416;69.577;80.7225;KO.USUSD
2025-08-06 18:00:00;69.566;69.757;69.566;69.656;44.7834;KO.USUSD
2025-08-06 19:00:00;69.656;69.787;69.476;69.517;75.5796;KO.USUSD
2025-08-07 13:00:00;69.276;69.926;69.166;69.876;150.0576;KO.USUSD
2025-08-07 14:00:00;69.896;70.267;69.876;70.006;303.5013;KO.USUSD
2025-08-07 15:00:00;70.007;70.076;69.857;70.036;119.3685;KO.USUSD
2025-08-07 16:00:00;70.046;70.447;70.026;70.386;91.1949;KO.USUSD
2025-08-07 17:00:00;70.377;70.557;70.276;70.476;80.4759;KO.USUSD
2025-08-07 18:00:00;70.486;70.707;70.456;70.486;58.3596;KO.USUSD
2025-08-07 19:00:00;70.477;70.596;70.276;70.457;65.4249;KO.USUSD
2025-08-08 13:00:00;70.317;70.846;70.306;70.746;118.5351;KO.USUSD
2025-08-08 14:00:00;70.756;70.837;70.626;70.667;130.5492;KO.USUSD
2025-08-08 15:00:00;70.657;70.657;70.306;70.376;87.3687;KO.USUSD
2025-08-08 16:00:00;70.367;70.497;70.296;70.306;63.6897;KO.USUSD
2025-08-08 17:00:00;70.307;70.376;70.246;70.286;56.3898;KO.USUSD
2025-08-08 18:00:00;70.287;70.407;70.196;70.246;43.7526;KO.USUSD
2025-08-08 19:00:00;70.246;70.347;70.076;70.326;61.4778;KO.USUSD
2025-08-11 13:00:00;70.236;70.386;70.036;70.176;134.5326;KO.USUSD
2025-08-11 14:00:00;70.177;70.477;69.956;70.057;262.7775;KO.USUSD
2025-08-11 15:00:00;70.057;70.387;70.016;70.346;127.8642;KO.USUSD
2025-08-11 16:00:00;70.357;70.446;70.327;70.377;50.2407;KO.USUSD
2025-08-11 17:00:00;70.366;70.497;70.236;70.487;37.3143;KO.USUSD
2025-08-11 18:00:00;70.497;70.787;70.486;70.776;82.5261;KO.USUSD
2025-08-11 19:00:00;70.766;70.846;70.686;70.767;80.0097;KO.USUSD
2025-08-12 13:00:00;70.736;71.027;70.566;70.697;107.0469;KO.USUSD
2025-08-12 14:00:00;70.696;70.807;70.396;70.576;241.9119;KO.USUSD
2025-08-12 15:00:00;70.586;70.627;70.216;70.436;142.1313;KO.USUSD
2025-08-12 16:00:00;70.426;70.586;70.426;70.486;83.6235;KO.USUSD
2025-08-12 17:00:00;70.497;70.717;70.456;70.677;39.0426;KO.USUSD
2025-08-12 18:00:00;70.686;70.747;70.537;70.597;51.4608;KO.USUSD
2025-08-12 19:00:00;70.586;70.747;70.526;70.727;42.4842;KO.USUSD
2025-08-13 13:00:00;70.586;70.736;70.236;70.547;155.1417;KO.USUSD
2025-08-13 14:00:00;70.546;70.617;70.226;70.327;233.2056;KO.USUSD
2025-08-13 15:00:00;70.326;70.717;70.326;70.517;109.8858;KO.USUSD
2025-08-13 16:00:00;70.527;70.627;70.476;70.566;93.7278;KO.USUSD
2025-08-13 17:00:00;70.546;70.556;70.336;70.376;66.9216;KO.USUSD
2025-08-13 18:00:00;70.377;70.506;70.327;70.327;73.8243;KO.USUSD
2025-08-13 19:00:00;70.337;70.517;70.297;70.466;43.2324;KO.USUSD
2025-08-14 13:00:00;70.346;70.377;69.856;69.976;129.1254;KO.USUSD
2025-08-14 14:00:00;69.977;70.067;69.686;69.837;199.713;KO.USUSD
2025-08-14 15:00:00;69.827;69.837;69.636;69.726;94.5714;KO.USUSD
2025-08-14 16:00:00;69.717;69.717;69.537;69.647;68.5824;KO.USUSD
2025-08-14 17:00:00;69.657;69.697;69.526;69.546;33.9198;KO.USUSD
2025-08-14 18:00:00;69.556;69.566;69.446;69.467;41.7243;KO.USUSD
2025-08-14 19:00:00;69.487;69.657;69.386;69.506;59.466;KO.USUSD
2025-08-15 13:00:00;69.556;70.067;69.556;69.846;113.2815;KO.USUSD
2025-08-15 14:00:00;69.846;69.996;69.566;69.857;210.6693;KO.USUSD
2025-08-15 15:00:00;69.856;69.957;69.726;69.837;145.5447;KO.USUSD
2025-08-15 16:00:00;69.836;69.977;69.786;69.926;66.4743;KO.USUSD
2025-08-15 17:00:00;69.917;70.137;69.897;70.137;42.7107;KO.USUSD
2025-08-15 18:00:00;70.127;70.356;70.117;70.347;81.957;KO.USUSD
2025-08-15 19:00:00;70.346;70.377;69.886;69.936;85.4523;KO.USUSD
2025-08-18 13:00:00;69.876;70.026;69.666;69.896;111.5442;KO.USUSD
2025-08-18 14:00:00;69.887;69.957;69.556;69.607;158.7123;KO.USUSD
2025-08-18 15:00:00;69.607;69.667;69.477;69.497;97.2243;KO.USUSD
2025-08-18 16:00:00;69.497;69.527;69.256;69.407;51.1362;KO.USUSD
2025-08-18 17:00:00;69.417;69.457;69.166;69.167;50.3526;KO.USUSD
2025-08-18 18:00:00;69.166;69.207;69.046;69.087;39.408;KO.USUSD
2025-08-18 19:00:00;69.076;69.277;69.046;69.136;46.1634;KO.USUSD
2025-08-19 13:00:00;69.287;69.777;69.236;69.586;154.8345;KO.USUSD
2025-08-19 14:00:00;69.576;69.967;69.516;69.836;295.7886;KO.USUSD
2025-08-19 15:00:00;69.827;69.857;69.656;69.706;156.0033;KO.USUSD
2025-08-19 16:00:00;69.716;70.117;69.696;70.117;95.2206;KO.USUSD
2025-08-19 17:00:00;70.116;70.197;69.906;69.966;84.4452;KO.USUSD
2025-08-19 18:00:00;69.977;70.116;69.906;70.067;48.1635;KO.USUSD
2025-08-19 19:00:00;70.056;70.207;69.987;70.126;45.0288;KO.USUSD
2025-08-20 13:00:00;70.537;71.697;70.407;71.396;271.4982;KO.USUSD
2025-08-20 14:00:00;71.386;71.427;70.856;71.026;489.8604;KO.USUSD
2025-08-20 15:00:00;71.017;71.047;70.576;70.926;261.5637;KO.USUSD
2025-08-20 16:00:00;70.937;70.937;70.706;70.846;136.2615;KO.USUSD
2025-08-20 17:00:00;70.846;70.866;70.396;70.637;194.5434;KO.USUSD
2025-08-20 18:00:00;70.646;70.767;70.576;70.737;118.1769;KO.USUSD
2025-08-20 19:00:00;70.747;70.817;70.626;70.666;62.3913;KO.USUSD
2025-08-21 13:00:00;70.437;70.897;70.316;70.816;150.9258;KO.USUSD
2025-08-21 14:00:00;70.817;70.867;70.476;70.637;237.1374;KO.USUSD
2025-08-21 15:00:00;70.636;70.637;70.446;70.457;127.3632;KO.USUSD
2025-08-21 16:00:00;70.466;70.577;70.456;70.546;71.5551;KO.USUSD
2025-08-21 17:00:00;70.556;70.617;70.496;70.576;54.3642;KO.USUSD
2025-08-21 18:00:00;70.576;70.656;70.527;70.616;38.6679;KO.USUSD
2025-08-21 19:00:00;70.627;70.657;70.556;70.616;55.1478;KO.USUSD
2025-08-22 13:00:00;70.916;70.986;70.766;70.866;120.8478;KO.USUSD
2025-08-22 14:00:00;70.866;70.957;69.946;70.057;512.9016;KO.USUSD
2025-08-22 15:00:00;70.056;70.247;69.916;70.106;178.7865;KO.USUSD
2025-08-22 16:00:00;70.107;70.257;70.046;70.186;99.7896;KO.USUSD
2025-08-22 17:00:00;70.196;70.297;70.096;70.196;100.9788;KO.USUSD
2025-08-22 18:00:00;70.197;70.257;70.096;70.147;59.4726;KO.USUSD
2025-08-22 19:00:00;70.157;70.176;69.986;70.126;73.9251;KO.USUSD
2025-08-25 13:00:00;70.067;70.156;69.756;69.846;157.2804;KO.USUSD
2025-08-25 14:00:00;69.856;69.857;69.416;69.436;295.4754;KO.USUSD
2025-08-25 15:00:00;69.446;69.457;69.296;69.397;213.1233;KO.USUSD
2025-08-25 16:00:00;69.387;69.397;69.227;69.276;147.468;KO.USUSD
2025-08-25 17:00:00;69.277;69.327;69.046;69.096;70.1181;KO.USUSD
2025-08-25 18:00:00;69.107;69.257;68.956;68.957;55.1862;KO.USUSD
2025-08-25 19:00:00;68.947;69.007;68.706;68.906;60.516;KO.USUSD
2025-08-26 13:00:00;68.947;69.067;68.726;68.806;167.5539;KO.USUSD
2025-08-26 14:00:00;68.807;68.866;68.667;68.766;213.3228;KO.USUSD
2025-08-26 15:00:00;68.766;68.787;68.656;68.707;94.947;KO.USUSD
2025-08-26 16:00:00;68.706;68.877;68.656;68.757;86.8674;KO.USUSD
2025-08-26 17:00:00;68.756;68.776;68.666;68.717;45.0843;KO.USUSD
2025-08-26 18:00:00;68.727;68.927;68.696;68.846;45.1989;KO.USUSD
2025-08-26 19:00:00;68.857;68.917;68.566;68.727;55.5477;KO.USUSD
2025-08-27 13:00:00;68.787;68.846;68.546;68.756;163.3152;KO.USUSD
2025-08-27 14:00:00;68.766;68.816;68.546;68.636;127.7466;KO.USUSD
2025-08-27 15:00:00;68.627;68.737;68.456;68.526;55.476;KO.USUSD
2025-08-27 16:00:00;68.537;68.727;68.486;68.537;68.5116;KO.USUSD
2025-08-27 17:00:00;68.527;68.657;68.496;68.656;35.3553;KO.USUSD
2025-08-27 18:00:00;68.657;68.767;68.647;68.707;17.979;KO.USUSD
2025-08-27 19:00:00;68.706;68.847;68.667;68.777;38.448;KO.USUSD
2025-08-28 13:00:00;68.766;68.877;68.547;68.647;233.8137;KO.USUSD
2025-08-28 14:00:00;68.646;68.657;68.276;68.477;317.8371;KO.USUSD
2025-08-28 15:00:00;68.477;68.517;68.336;68.436;109.5597;KO.USUSD
2025-08-28 16:00:00;68.437;68.547;68.317;68.527;42.9453;KO.USUSD
2025-08-28 17:00:00;68.506;68.716;68.506;68.687;50.7207;KO.USUSD
2025-08-28 18:00:00;68.687;68.687;68.486;68.577;40.1481;KO.USUSD
2025-08-28 19:00:00;68.587;68.677;68.276;68.356;80.8896;KO.USUSD
2025-08-29 13:00:00;68.536;68.777;68.416;68.656;158.3496;KO.USUSD
2025-08-29 14:00:00;68.656;68.917;68.567;68.757;306.2397;KO.USUSD
2025-08-29 15:00:00;68.767;68.857;68.566;68.747;117.3732;KO.USUSD
2025-08-29 16:00:00;68.746;68.857;68.716;68.787;74.178;KO.USUSD
2025-08-29 17:00:00;68.797;68.926;68.787;68.916;69.978;KO.USUSD
2025-08-29 18:00:00;68.916;69.017;68.886;68.977;40.4526;KO.USUSD
2025-08-29 19:00:00;68.977;69.127;68.896;68.997;64.5714;KO.USUSD
2025-09-02 13:00:00;68.377;69.317;68.376;68.646;283.3533;KO.USUSD
2025-09-02 14:00:00;68.646;68.717;68.246;68.607;384.5502;KO.USUSD
2025-09-02 15:00:00;68.606;68.907;68.596;68.796;165.6456;KO.USUSD
2025-09-02 16:00:00;68.797;68.867;68.626;68.787;149.7996;KO.USUSD
2025-09-02 17:00:00;68.786;68.906;68.746;68.877;84.0789;KO.USUSD
2025-09-02 18:00:00;68.886;69.087;68.856;68.897;84.0888;KO.USUSD
2025-09-02 19:00:00;68.906;69.087;68.736;69.037;99.2004;KO.USUSD
2025-09-03 13:00:00;68.606;69.086;68.176;68.477;236.2956;KO.USUSD
2025-09-03 14:00:00;68.486;68.827;68.316;68.737;321.3804;KO.USUSD
2025-09-03 15:00:00;68.736;68.987;68.716;68.837;186.4776;KO.USUSD
2025-09-03 16:00:00;68.826;68.857;67.896;68.276;430.7244;KO.USUSD
2025-09-03 17:00:00;68.276;68.297;67.356;68.196;305.58;KO.USUSD
2025-09-03 18:00:00;68.216;68.717;68.196;68.576;172.9758;KO.USUSD
2025-09-03 19:00:00;68.586;69.076;68.486;68.976;143.6838;KO.USUSD
2025-09-04 13:00:00;69.016;69.447;68.906;69.137;175.9293;KO.USUSD
2025-09-04 14:00:00;69.157;69.307;68.766;68.797;261.0579;KO.USUSD
2025-09-04 15:00:00;68.787;68.947;68.566;68.576;158.9994;KO.USUSD
2025-09-04 16:00:00;68.576;68.637;68.456;68.527;107.256;KO.USUSD
2025-09-04 17:00:00;68.516;68.537;68.327;68.336;45.5634;KO.USUSD
2025-09-04 18:00:00;68.326;68.397;68.107;68.206;72.1353;KO.USUSD
2025-09-04 19:00:00;68.196;68.287;68.106;68.247;109.1505;KO.USUSD
2025-09-05 13:00:00;67.947;68.507;67.886;68.367;216.3243;KO.USUSD
2025-09-05 14:00:00;68.367;68.567;68.146;68.267;384.204;KO.USUSD
2025-09-05 15:00:00;68.266;68.467;68.176;68.216;224.7906;KO.USUSD
2025-09-05 16:00:00;68.206;68.257;68.046;68.166;146.4459;KO.USUSD
2025-09-05 17:00:00;68.177;68.187;67.996;68.057;153.8106;KO.USUSD
2025-09-05 18:00:00;68.056;68.166;67.866;68.127;122.3724;KO.USUSD
2025-09-05 19:00:00;68.126;68.147;67.866;67.966;102.945;KO.USUSD
2025-09-08 13:00:00;67.726;67.817;67.346;67.717;235.53;KO.USUSD
2025-09-08 14:00:00;67.716;67.736;67.546;67.617;215.7936;KO.USUSD
2025-09-08 15:00:00;67.606;67.647;67.157;67.337;92.2851;KO.USUSD
2025-09-08 16:00:00;67.356;67.547;67.306;67.536;60.8142;KO.USUSD
2025-09-08 17:00:00;67.527;67.557;67.206;67.236;72.24;KO.USUSD
2025-09-08 18:00:00;67.236;67.357;67.216;67.327;61.5807;KO.USUSD
2025-09-08 19:00:00;67.316;67.477;67.207;67.437;100.695;KO.USUSD
2025-09-09 13:00:00;67.346;67.807;67.286;67.677;167.7921;KO.USUSD
2025-09-09 14:00:00;67.687;68.047;67.646;67.876;176.7792;KO.USUSD
2025-09-09 15:00:00;67.867;67.896;67.666;67.797;93.4698;KO.USUSD
2025-09-09 16:00:00;67.786;67.977;67.776;67.916;55.968;KO.USUSD
2025-09-09 17:00:00;67.917;68.057;67.876;68.047;67.3098;KO.USUSD
2025-09-09 18:00:00;68.057;68.097;67.936;67.947;56.7744;KO.USUSD
2025-09-09 19:00:00;67.946;68.047;67.896;67.896;57.2679;KO.USUSD
2025-09-10 13:00:00;67.646;67.827;67.506;67.737;164.0175;KO.USUSD
2025-09-10 14:00:00;67.737;67.816;67.366;67.417;191.3664;KO.USUSD
2025-09-10 15:00:00;67.417;67.477;67.206;67.427;68.7942;KO.USUSD
2025-09-10 16:00:00;67.436;67.557;67.296;67.376;51.6489;KO.USUSD
2025-09-10 17:00:00;67.376;67.747;67.356;67.716;54.6807;KO.USUSD
2025-09-10 18:00:00;67.717;67.946;67.656;67.866;48.1098;KO.USUSD
2025-09-10 19:00:00;67.876;68.076;67.646;67.807;93.9468;KO.USUSD
2025-09-11 13:00:00;67.997;68.027;67.737;67.976;130.1085;KO.USUSD
2025-09-11 14:00:00;67.986;68.127;67.926;68.036;147.7056;KO.USUSD
2025-09-11 15:00:00;68.036;68.097;67.996;68.066;58.1205;KO.USUSD
2025-09-11 16:00:00;68.066;68.157;67.996;68.037;40.7616;KO.USUSD
2025-09-11 17:00:00;68.036;68.056;67.777;67.827;46.0044;KO.USUSD
2025-09-11 18:00:00;67.817;67.856;67.636;67.666;38.8944;KO.USUSD
2025-09-11 19:00:00;67.677;67.736;67.566;67.586;73.3269;KO.USUSD
2025-09-12 13:00:00;67.597;67.707;67.326;67.586;151.6812;KO.USUSD
2025-09-12 14:00:00;67.586;67.647;67.246;67.457;120.9567;KO.USUSD
2025-09-12 15:00:00;67.476;67.517;67.276;67.296;59.6589;KO.USUSD
2025-09-12 16:00:00;67.287;67.337;66.996;67.007;51.228;KO.USUSD
2025-09-12 17:00:00;66.997;67.077;66.926;66.997;57.1935;KO.USUSD
2025-09-12 18:00:00;67.006;67.187;66.996;67.167;27.5217;KO.USUSD
2025-09-12 19:00:00;67.156;67.167;66.987;66.996;42.6924;KO.USUSD
2025-09-15 13:00:00;66.606;66.747;66.507;66.617;149.7996;KO.USUSD
2025-09-15 14:00:00;66.607;66.697;66.426;66.456;115.0449;KO.USUSD
2025-09-15 15:00:00;66.457;66.477;66.146;66.327;75.4797;KO.USUSD
2025-09-15 16:00:00;66.316;66.376;66.217;66.336;51.6207;KO.USUSD
2025-09-15 17:00:00;66.327;66.367;66.166;66.247;32.2989;KO.USUSD
2025-09-15 18:00:00;66.236;66.377;66.186;66.296;36.2907;KO.USUSD
2025-09-15 19:00:00;66.287;66.287;66.087;66.197;46.2822;KO.USUSD
2025-09-16 13:00:00;66.317;66.417;66.066;66.267;127.9104;KO.USUSD
2025-09-16 14:00:00;66.266;66.367;66.047;66.317;115.1712;KO.USUSD
2025-09-16 15:00:00;66.326;66.497;66.156;66.336;84.5232;KO.USUSD
2025-09-16 16:00:00;66.337;66.467;66.267;66.306;85.8234;KO.USUSD
2025-09-16 17:00:00;66.296;66.387;66.266;66.356;92.058;KO.USUSD
2025-09-16 18:00:00;66.356;66.477;66.316;66.416;66.198;KO.USUSD
2025-09-16 19:00:00;66.416;66.447;66.226;66.247;102.8778;KO.USUSD
2025-09-17 13:00:00;66.356;66.937;66.356;66.796;198.1836;KO.USUSD
2025-09-17 14:00:00;66.786;66.967;66.606;66.917;151.7202;KO.USUSD
2025-09-17 15:00:00;66.927;67.077;66.906;66.986;84.9642;KO.USUSD
2025-09-17 16:00:00;66.986;66.987;66.826;66.857;66.348;KO.USUSD
2025-09-17 17:00:00;66.847;66.917;66.827;66.886;67.6725;KO.USUSD
2025-09-17 18:00:00;66.876;67.117;66.766;66.857;294.1656;KO.USUSD
2025-09-17 19:00:00;66.856;67.067;66.757;67.016;175.1115;KO.USUSD
2025-09-18 13:00:00;66.697;67.027;66.556;66.936;169.9686;KO.USUSD
2025-09-18 14:00:00;66.946;66.977;66.587;66.707;124.7775;KO.USUSD
2025-09-18 15:00:00;66.706;66.937;66.506;66.807;94.4778;KO.USUSD
2025-09-18 16:00:00;66.806;66.836;66.676;66.817;69.7416;KO.USUSD
2025-09-18 17:00:00;66.826;66.847;66.646;66.676;32.7462;KO.USUSD
2025-09-18 18:00:00;66.686;66.717;66.516;66.576;45.468;KO.USUSD
2025-09-18 19:00:00;66.576;66.586;66.346;66.406;69.8295;KO.USUSD
2025-09-19 13:00:00;66.506;66.617;66.336;66.526;126.8061;KO.USUSD
2025-09-19 14:00:00;66.527;66.576;66.267;66.267;139.164;KO.USUSD
2025-09-19 15:00:00;66.276;66.296;66.046;66.186;90.7314;KO.USUSD
2025-09-19 16:00:00;66.196;66.307;66.166;66.206;54.4407;KO.USUSD
2025-09-19 17:00:00;66.196;66.517;66.196;66.487;62.2335;KO.USUSD
2025-09-19 18:00:00;66.466;66.537;66.426;66.497;59.208;KO.USUSD
2025-09-19 19:00:00;66.497;66.727;66.416;66.426;96.8595;KO.USUSD
2025-09-22 13:00:00;66.246;66.517;66.076;66.356;157.3521;KO.USUSD
2025-09-22 14:00:00;66.366;66.577;66.316;66.456;123.654;KO.USUSD
2025-09-22 15:00:00;66.457;66.497;66.346;66.367;51.4143;KO.USUSD
2025-09-22 16:00:00;66.376;66.457;66.227;66.327;93.6768;KO.USUSD
2025-09-22 17:00:00;66.327;66.517;66.306;66.446;60.2088;KO.USUSD
2025-09-22 18:00:00;66.446;66.457;66.306;66.367;39.4317;KO.USUSD
2025-09-22 19:00:00;66.366;66.417;66.216;66.217;45.7806;KO.USUSD
2025-09-23 13:00:00;66.176;66.347;66.096;66.276;104.3577;KO.USUSD
2025-09-23 14:00:00;66.286;66.367;65.896;66.066;91.3368;KO.USUSD
2025-09-23 15:00:00;66.056;66.146;65.926;66.097;58.5687;KO.USUSD
2025-09-23 16:00:00;66.087;66.177;66.026;66.087;80.7243;KO.USUSD
2025-09-23 17:00:00;66.097;66.647;66.086;66.617;120.9876;KO.USUSD
2025-09-23 18:00:00;66.616;66.747;66.536;66.656;65.5188;KO.USUSD
2025-09-23 19:00:00;66.656;66.737;66.596;66.727;83.1531;KO.USUSD
2025-09-24 13:00:00;66.236;66.627;65.947;66.587;172.4784;KO.USUSD
2025-09-24 14:00:00;66.577;66.707;66.416;66.456;115.3359;KO.USUSD
2025-09-24 15:00:00;66.446;66.706;66.316;66.616;87.1569;KO.USUSD
2025-09-24 16:00:00;66.626;66.767;66.446;66.477;96.2715;KO.USUSD
2025-09-24 17:00:00;66.477;66.627;66.436;66.516;63.4689;KO.USUSD
2025-09-24 18:00:00;66.507;66.547;66.417;66.507;42.5916;KO.USUSD
2025-09-24 19:00:00;66.496;66.496;66.327;66.427;65.9205;KO.USUSD
2025-09-25 13:00:00;66.726;66.907;66.456;66.497;235.3461;KO.USUSD
2025-09-25 14:00:00;66.506;66.506;66.077;66.167;149.7048;KO.USUSD
2025-09-25 15:00:00;66.186;66.256;66.046;66.067;121.9242;KO.USUSD
2025-09-25 16:00:00;66.077;66.207;66.026;66.106;94.656;KO.USUSD
2025-09-25 17:00:00;66.096;66.167;66.037;66.056;77.4516;KO.USUSD
2025-09-25 18:00:00;66.047;66.116;65.946;66.107;72.5742;KO.USUSD
2025-09-25 19:00:00;66.097;66.127;65.956;65.967;72.2979;KO.USUSD
2025-09-26 13:00:00;66.007;66.327;66.006;66.217;131.6253;KO.USUSD
2025-09-26 14:00:00;66.207;66.247;65.986;66.076;122.1006;KO.USUSD
2025-09-26 15:00:00;66.066;66.066;65.786;65.837;82.557;KO.USUSD
2025-09-26 16:00:00;65.847;65.946;65.826;65.897;97.4397;KO.USUSD
2025-09-26 17:00:00;65.897;65.917;65.726;65.757;58.1571;KO.USUSD
2025-09-26 18:00:00;65.757;65.757;65.536;65.616;71.0433;KO.USUSD
2025-09-26 19:00:00;65.606;65.727;65.496;65.637;62.4015;KO.USUSD
2025-09-29 13:00:00;65.677;65.786;65.346;65.426;164.9169;KO.USUSD
2025-09-29 14:00:00;65.457;65.877;65.426;65.877;122.9103;KO.USUSD
2025-09-29 15:00:00;65.906;66.027;65.867;66.016;75.7332;KO.USUSD
2025-09-29 16:00:00;66.026;66.076;65.926;65.987;80.9988;KO.USUSD
2025-09-29 17:00:00;65.997;66.047;65.776;65.877;56.496;KO.USUSD
2025-09-29 18:00:00;65.887;65.926;65.806;65.886;26.3208;KO.USUSD
2025-09-29 19:00:00;65.887;66.087;65.866;66.046;34.4988;KO.USUSD
2025-09-30 13:00:00;66.037;66.297;65.956;66.227;134.8029;KO.USUSD
2025-09-30 14:00:00;66.237;66.457;66.156;66.387;117.8565;KO.USUSD
2025-09-30 15:00:00;66.396;66.467;66.297;66.356;51.5142;KO.USUSD
2025-09-30 16:00:00;66.356;66.557;66.356;66.507;51.4398;KO.USUSD
2025-09-30 17:00:00;66.507;66.626;66.456;66.587;43.257;KO.USUSD
2025-09-30 18:00:00;66.587;66.597;66.506;66.506;38.5461;KO.USUSD
2025-09-30 19:00:00;66.527;66.547;66.306;66.316;51.855;KO.USUSD
2025-10-01 13:00:00;66.417;66.817;66.386;66.677;249.7299;KO.USUSD
2025-10-01 14:00:00;66.697;66.806;66.516;66.627;161.5128;KO.USUSD
2025-10-01 15:00:00;66.627;66.697;66.456;66.457;82.9959;KO.USUSD
2025-10-01 16:00:00;66.466;66.486;66.286;66.356;35.7162;KO.USUSD
2025-10-01 17:00:00;66.367;66.537;66.326;66.517;46.0635;KO.USUSD
2025-10-01 18:00:00;66.516;66.677;66.496;66.557;28.3989;KO.USUSD
2025-10-01 19:00:00;66.546;66.777;66.536;66.757;34.317;KO.USUSD
2025-10-02 13:00:00;66.427;66.497;66.126;66.356;229.5417;KO.USUSD
2025-10-02 14:00:00;66.356;66.467;66.146;66.447;136.863;KO.USUSD
2025-10-02 15:00:00;66.456;66.527;65.896;66.007;96.5496;KO.USUSD
2025-10-02 16:00:00;66.006;66.037;65.866;65.947;67.2162;KO.USUSD
2025-10-02 17:00:00;65.957;66.007;65.856;65.977;52.809;KO.USUSD
2025-10-02 18:00:00;65.977;66.067;65.946;65.986;41.8863;KO.USUSD
2025-10-02 19:00:00;65.987;66.117;65.896;66.106;33.6771;KO.USUSD
2025-10-03 13:00:00;66.087;66.627;66.026;66.596;139.668;KO.USUSD
2025-10-03 14:00:00;66.597;66.667;66.516;66.526;142.1094;KO.USUSD
2025-10-03 15:00:00;66.526;66.737;66.447;66.726;60.3606;KO.USUSD
2025-10-03 16:00:00;66.727;66.816;66.677;66.727;50.4198;KO.USUSD
2025-10-03 17:00:00;66.736;66.977;66.706;66.937;85.9887;KO.USUSD
2025-10-03 18:00:00;66.937;66.966;66.806;66.847;80.1825;KO.USUSD
2025-10-03 19:00:00;66.846;66.886;66.616;66.627;59.4888;KO.USUSD
2025-10-06 13:00:00;66.396;66.487;65.876;66.057;173.7303;KO.USUSD
2025-10-06 14:00:00;66.047;66.257;66.006;66.007;148.8132;KO.USUSD
2025-10-06 15:00:00;66.026;66.057;65.906;65.967;50.6826;KO.USUSD
2025-10-06 16:00:00;65.957;66.047;65.906;65.917;73.569;KO.USUSD
2025-10-06 17:00:00;65.917;65.996;65.896;65.966;55.0062;KO.USUSD
2025-10-06 18:00:00;65.957;66.007;65.896;65.896;41.4627;KO.USUSD
2025-10-06 19:00:00;65.907;66.097;65.836;66.077;41.0244;KO.USUSD
2025-10-07 13:00:00;66.166;66.227;65.866;66.167;145.9911;KO.USUSD
2025-10-07 14:00:00;66.176;66.527;66.146;66.506;118.1304;KO.USUSD
2025-10-07 15:00:00;66.497;67.246;66.476;67.106;167.7135;KO.USUSD
2025-10-07 16:00:00;67.087;67.217;67.007;67.097;97.0941;KO.USUSD
2025-10-07 17:00:00;67.086;67.087;66.906;66.957;58.1298;KO.USUSD
2025-10-07 18:00:00;66.946;67.016;66.806;66.816;27.9426;KO.USUSD
2025-10-07 19:00:00;66.806;66.826;66.686;66.786;33.6888;KO.USUSD
2025-10-08 13:00:00;66.547;66.617;66.206;66.306;220.5348;KO.USUSD
2025-10-08 14:00:00;66.307;66.367;66.157;66.236;215.0148;KO.USUSD
2025-10-08 15:00:00;66.226;66.277;66.106;66.167;83.4108;KO.USUSD
2025-10-08 16:00:00;66.157;66.236;66.107;66.137;45.4308;KO.USUSD
2025-10-08 17:00:00;66.136;66.226;66.076;66.097;26.1972;KO.USUSD
2025-10-08 18:00:00;66.107;66.207;66.076;66.117;35.6172;KO.USUSD
2025-10-08 19:00:00;66.127;66.167;66.056;66.117;34.8753;KO.USUSD
2025-10-09 13:00:00;66.246;66.577;66.146;66.237;194.2956;KO.USUSD
2025-10-09 14:00:00;66.236;66.786;66.116;66.696;200.2956;KO.USUSD
2025-10-09 15:00:00;66.687;66.717;66.386;66.386;111.0888;KO.USUSD
2025-10-09 16:00:00;66.396;66.447;66.166;66.287;70.4043;KO.USUSD
2025-10-09 17:00:00;66.296;66.407;66.186;66.317;76.6179;KO.USUSD
2025-10-09 18:00:00;66.336;66.347;66.146;66.166;38.6562;KO.USUSD
2025-10-09 19:00:00;66.177;66.397;66.166;66.357;40.1187;KO.USUSD
2025-10-10 13:00:00;66.517;66.757;66.366;66.657;133.8015;KO.USUSD
2025-10-10 14:00:00;66.656;66.987;66.546;66.577;152.1981;KO.USUSD
2025-10-10 15:00:00;66.576;67.387;66.566;66.897;347.4927;KO.USUSD
2025-10-10 16:00:00;66.896;67.057;66.836;67.007;114.6894;KO.USUSD
2025-10-10 17:00:00;67.007;67.137;66.876;67.017;89.9367;KO.USUSD
2025-10-10 18:00:00;67.017;67.087;66.906;66.986;59.6451;KO.USUSD
2025-10-10 19:00:00;66.976;67.237;66.907;67.036;72.6111;KO.USUSD
2025-10-13 13:00:00;66.197;66.737;66.116;66.287;122.8149;KO.USUSD
2025-10-13 14:00:00;66.276;66.667;65.996;66.586;148.5879;KO.USUSD
2025-10-13 15:00:00;66.586;66.686;66.457;66.486;75.7122;KO.USUSD
2025-10-13 16:00:00;66.497;66.697;66.486;66.596;74.5551;KO.USUSD
2025-10-13 17:00:00;66.616;66.697;66.566;66.596;48.927;KO.USUSD
2025-10-13 18:00:00;66.586;66.627;66.507;66.547;35.3853;KO.USUSD
2025-10-13 19:00:00;66.547;66.787;66.506;66.766;44.616;KO.USUSD
2025-10-14 13:00:00;66.816;67.297;66.737;67.017;145.887;KO.USUSD
2025-10-14 14:00:00;67.007;67.327;66.896;67.236;162.2343;KO.USUSD
2025-10-14 15:00:00;67.247;67.257;66.737;66.947;85.0704;KO.USUSD
2025-10-14 16:00:00;66.957;67.127;66.917;67.127;44.9178;KO.USUSD
2025-10-14 17:00:00;67.136;67.257;67.126;67.196;28.2489;KO.USUSD
2025-10-14 18:00:00;67.207;67.307;67.196;67.286;22.4217;KO.USUSD
2025-10-14 19:00:00;67.276;67.556;67.266;67.517;58.7958;KO.USUSD
2025-10-15 13:00:00;67.177;67.596;67.107;67.536;134.271;KO.USUSD
2025-10-15 14:00:00;67.536;67.707;67.507;67.547;118.7421;KO.USUSD
2025-10-15 15:00:00;67.546;67.567;67.256;67.296;90.0687;KO.USUSD
2025-10-15 16:00:00;67.307;67.386;67.126;67.316;64.9551;KO.USUSD
2025-10-15 17:00:00;67.316;67.417;67.156;67.276;75.1731;KO.USUSD
2025-10-15 18:00:00;67.277;67.357;67.056;67.067;47.8716;KO.USUSD
2025-10-15 19:00:00;67.076;67.156;66.917;67.067;65.8332;KO.USUSD
2025-10-16 13:00:00;67.116;67.617;66.997;67.597;151.6038;KO.USUSD
2025-10-16 14:00:00;67.596;67.706;67.396;67.607;158.1891;KO.USUSD
2025-10-16 15:00:00;67.607;68.087;67.517;67.856;176.3247;KO.USUSD
2025-10-16 16:00:00;67.846;68.027;67.596;67.697;161.3817;KO.USUSD
2025-10-16 17:00:00;67.697;67.837;67.606;67.617;96.1248;KO.USUSD
2025-10-16 18:00:00;67.617;67.736;67.396;67.626;97.6683;KO.USUSD
2025-10-16 19:00:00;67.617;67.706;67.526;67.556;69.9585;KO.USUSD
2025-10-17 13:00:00;67.786;68.086;67.786;67.927;169.6374;KO.USUSD
2025-10-17 14:00:00;67.937;68.287;67.807;68.196;179.7354;KO.USUSD
2025-10-17 15:00:00;68.196;68.367;68.087;68.327;111.2139;KO.USUSD
2025-10-17 16:00:00;68.327;68.367;68.197;68.217;61.4097;KO.USUSD
2025-10-17 17:00:00;68.216;68.277;68.116;68.166;57.1479;KO.USUSD
2025-10-17 18:00:00;68.186;68.397;68.186;68.376;38.1534;KO.USUSD
2025-10-17 19:00:00;68.367;68.487;68.336;68.416;52.8315;KO.USUSD
2025-10-20 13:00:00;68.346;68.466;67.916;68.047;184.2657;KO.USUSD
2025-10-20 14:00:00;68.047;68.277;67.946;68.076;177.5175;KO.USUSD
2025-10-20 15:00:00;68.066;68.427;68.046;68.347;101.2632;KO.USUSD
2025-10-20 16:00:00;68.356;68.527;68.266;68.476;47.1534;KO.USUSD
2025-10-20 17:00:00;68.487;68.497;68.426;68.487;37.689;KO.USUSD
2025-10-20 18:00:00;68.487;68.567;68.266;68.507;66.7671;KO.USUSD
2025-10-20 19:00:00;68.497;68.626;68.416;68.456;58.746;KO.USUSD
2025-10-21 13:00:00;70.496;71.137;70.196;71.077;442.2807;KO.USUSD
2025-10-21 14:00:00;71.067;71.217;70.546;70.626;392.4549;KO.USUSD
2025-10-21 15:00:00;70.627;71.007;70.416;70.886;286.9236;KO.USUSD
2025-10-21 16:00:00;70.876;71.106;70.646;70.687;171.0504;KO.USUSD
2025-10-21 17:00:00;70.676;71.257;70.616;71.186;139.1241;KO.USUSD
2025-10-21 18:00:00;71.196;71.377;71.007;71.067;103.1043;KO.USUSD
2025-10-21 19:00:00;71.057;71.257;70.636;71.226;148.6758;KO.USUSD
2025-10-22 13:00:00;71.367;71.382;70.596;70.666;296.466;KO.USUSD
2025-10-22 14:00:00;70.676;71.407;70.496;71.227;403.2264;KO.USUSD
2025-10-22 15:00:00;71.216;71.607;71.196;71.376;257.9088;KO.USUSD
2025-10-22 16:00:00;71.377;71.387;71.106;71.247;219.6963;KO.USUSD
2025-10-22 17:00:00;71.236;71.467;71.096;71.227;137.5134;KO.USUSD
2025-10-22 18:00:00;71.216;71.297;70.996;71.016;111.594;KO.USUSD
2025-10-22 19:00:00;71.016;71.036;70.686;70.767;128.5266;KO.USUSD
2025-10-23 13:00:00;70.836;70.866;70.376;70.397;184.1775;KO.USUSD
2025-10-23 14:00:00;70.397;70.747;70.046;70.046;255.9438;KO.USUSD
2025-10-23 15:00:00;70.046;70.087;69.746;69.797;140.1051;KO.USUSD
2025-10-23 16:00:00;69.817;69.926;69.786;69.817;117.7425;KO.USUSD
2025-10-23 17:00:00;69.826;69.936;69.716;69.787;99.8115;KO.USUSD
2025-10-23 18:00:00;69.786;70.007;69.756;69.997;79.1634;KO.USUSD
2025-10-23 19:00:00;70.007;70.147;69.927;69.927;53.5398;KO.USUSD
2025-10-24 13:00:00;69.936;70.037;69.746;69.776;166.7358;KO.USUSD
2025-10-24 14:00:00;69.777;70.016;69.766;69.936;203.973;KO.USUSD
2025-10-24 15:00:00;69.927;69.977;69.717;69.816;130.3569;KO.USUSD
2025-10-24 16:00:00;69.816;69.937;69.736;69.807;89.8671;KO.USUSD
2025-10-24 17:00:00;69.806;69.937;69.776;69.876;54.8544;KO.USUSD
2025-10-24 18:00:00;69.887;70.017;69.816;69.956;65.9271;KO.USUSD
2025-10-24 19:00:00;69.966;70.007;69.636;69.706;77.307;KO.USUSD
2025-10-27 13:00:00;69.627;69.726;69.307;69.506;203.8167;KO.USUSD
2025-10-27 14:00:00;69.526;69.656;69.296;69.446;211.1622;KO.USUSD
2025-10-27 15:00:00;69.446;69.547;69.246;69.507;105.8388;KO.USUSD
2025-10-27 16:00:00;69.507;69.557;69.397;69.507;60.5253;KO.USUSD
2025-10-27 17:00:00;69.536;69.647;69.456;69.647;64.2162;KO.USUSD
2025-10-27 18:00:00;69.656;69.837;69.626;69.827;55.1571;KO.USUSD
2025-10-27 19:00:00;69.827;70.107;69.826;70.067;81.057;KO.USUSD
2025-10-28 13:00:00;70.007;70.417;69.936;70.357;152.6727;KO.USUSD
2025-10-28 14:00:00;70.356;70.887;70.336;70.736;246.501;KO.USUSD
2025-10-28 15:00:00;70.746;70.777;70.566;70.767;189.6333;KO.USUSD
2025-10-28 16:00:00;70.766;70.777;70.487;70.547;135.6042;KO.USUSD
2025-10-28 17:00:00;70.546;70.567;70.146;70.166;149.3424;KO.USUSD
2025-10-28 18:00:00;70.177;70.347;70.116;70.277;115.497;KO.USUSD
2025-10-28 19:00:00;70.277;70.357;70.136;70.176;110.7624;KO.USUSD
2025-10-29 13:00:00;69.897;69.916;69.006;69.127;232.6629;KO.USUSD
2025-10-29 14:00:00;69.137;69.327;68.676;68.736;431.1351;KO.USUSD
2025-10-29 15:00:00;68.747;68.757;68.316;68.346;205.4205;KO.USUSD
2025-10-29 16:00:00;68.356;68.596;68.146;68.316;199.4814;KO.USUSD
2025-10-29 17:00:00;68.327;68.457;68.206;68.257;191.9433;KO.USUSD
2025-10-29 18:00:00;68.257;68.567;68.216;68.536;303.4113;KO.USUSD
2025-10-29 19:00:00;68.536;68.546;68.276;68.376;206.1435;KO.USUSD
2025-10-30 13:00:00;68.237;69.167;68.236;69.016;309.4857;KO.USUSD
2025-10-30 14:00:00;69.027;69.277;68.956;69.197;408.8955;KO.USUSD
2025-10-30 15:00:00;69.197;69.277;68.906;68.977;196.2294;KO.USUSD
2025-10-30 16:00:00;68.977;69.067;68.846;68.886;162.8859;KO.USUSD
2025-10-30 17:00:00;68.866;68.927;68.756;68.796;122.6097;KO.USUSD
2025-10-30 18:00:00;68.787;68.927;68.677;68.857;75.3297;KO.USUSD
2025-10-30 19:00:00;68.847;69.096;68.786;68.956;102.5316;KO.USUSD
2025-10-31 13:00:00;68.456;68.487;67.897;68.227;201.4566;KO.USUSD
2025-10-31 14:00:00;68.227;68.637;68.086;68.496;292.7499;KO.USUSD
2025-10-31 15:00:00;68.497;68.777;68.296;68.756;162.4422;KO.USUSD
2025-10-31 16:00:00;68.757;68.937;68.636;68.877;156.744;KO.USUSD
2025-10-31 17:00:00;68.866;68.947;68.646;68.767;142.8705;KO.USUSD
2025-10-31 18:00:00;68.766;68.937;68.757;68.907;90.3906;KO.USUSD
2025-10-31 19:00:00;68.907;69.056;68.756;68.897;84.3693;KO.USUSD
2025-11-03 14:00:00;68.707;68.707;67.996;68.046;279.7509;KO.USUSD
2025-11-03 15:00:00;68.047;68.217;67.686;67.706;317.7963;KO.USUSD
2025-11-03 16:00:00;67.717;68.076;67.656;67.966;171.5394;KO.USUSD
2025-11-03 17:00:00;67.967;68.076;67.676;67.776;111.7479;KO.USUSD
2025-11-03 18:00:00;67.766;67.897;67.706;67.747;86.196;KO.USUSD
2025-11-03 19:00:00;67.747;68.047;67.746;67.906;87.9378;KO.USUSD
2025-11-03 20:00:00;67.897;68.107;67.866;67.966;82.1715;KO.USUSD
2025-11-04 14:00:00;68.426;68.527;68.166;68.266;216.3234;KO.USUSD
2025-11-04 15:00:00;68.266;68.677;68.266;68.587;338.5209;KO.USUSD
2025-11-04 16:00:00;68.586;68.687;68.506;68.576;280.3557;KO.USUSD
2025-11-04 17:00:00;68.567;68.567;68.186;68.226;181.2087;KO.USUSD
2025-11-04 18:00:00;68.227;68.317;68.156;68.277;179.1105;KO.USUSD
2025-11-04 19:00:00;68.277;68.527;68.276;68.486;113.1678;KO.USUSD
2025-11-04 20:00:00;68.476;68.717;68.436;68.667;97.7013;KO.USUSD
2025-11-05 14:00:00;68.686;68.807;68.416;68.447;161.8557;KO.USUSD
2025-11-05 15:00:00;68.437;68.617;68.297;68.357;263.4783;KO.USUSD
2025-11-05 16:00:00;68.356;68.537;68.257;68.497;184.1349;KO.USUSD
2025-11-05 17:00:00;68.497;68.517;68.346;68.367;128.2878;KO.USUSD
2025-11-05 18:00:00;68.367;68.406;68.157;68.227;110.1189;KO.USUSD
2025-11-05 19:00:00;68.236;68.387;68.207;68.296;68.9862;KO.USUSD
2025-11-05 20:00:00;68.297;68.626;68.297;68.476;99.5832;KO.USUSD
2025-11-06 14:00:00;68.177;68.426;67.907;68.247;183.9075;KO.USUSD
2025-11-06 15:00:00;68.246;68.817;68.106;68.786;371.9247;KO.USUSD
2025-11-06 16:00:00;68.786;69.027;68.616;68.907;212.979;KO.USUSD
2025-11-06 17:00:00;68.906;69.037;68.646;68.656;141.0846;KO.USUSD
2025-11-06 18:00:00;68.657;68.807;68.617;68.796;90.7158;KO.USUSD
2025-11-06 19:00:00;68.797;68.816;68.626;68.807;76.3068;KO.USUSD
2025-11-06 20:00:00;68.827;69.117;68.806;69.047;86.9982;KO.USUSD
2025-11-07 14:00:00;69.745;70.437;69.397;70.187;333.4437;KO.USUSD
2025-11-07 15:00:00;70.186;70.577;70.186;70.466;342.1881;KO.USUSD
2025-11-07 16:00:00;70.486;70.857;70.416;70.776;215.0889;KO.USUSD
2025-11-07 17:00:00;70.776;70.827;70.416;70.526;145.4631;KO.USUSD
2025-11-07 18:00:00;70.517;70.557;70.296;70.407;120.9531;KO.USUSD
2025-11-07 19:00:00;70.417;70.556;70.376;70.397;89.9961;KO.USUSD
2025-11-07 20:00:00;70.397;70.617;70.366;70.547;94.4022;KO.USUSD
2025-11-10 14:00:00;70.046;70.227;69.676;69.827;322.6494;KO.USUSD
2025-11-10 15:00:00;69.836;70.026;69.436;70.017;446.5902;KO.USUSD
2025-11-10 16:00:00;70.006;70.097;69.576;69.837;229.9128;KO.USUSD
2025-11-10 17:00:00;69.837;70.016;69.766;69.937;101.0769;KO.USUSD
2025-11-10 18:00:00;69.936;70.217;69.906;70.217;80.1807;KO.USUSD
2025-11-10 19:00:00;70.227;70.357;70.146;70.336;81.5553;KO.USUSD
2025-11-10 20:00:00;70.337;70.647;70.326;70.496;93.0942;KO.USUSD
2025-11-11 14:00:00;70.886;70.986;70.707;70.767;153.1005;KO.USUSD
2025-11-11 15:00:00;70.767;71.156;70.656;70.986;281.3106;KO.USUSD
2025-11-11 16:00:00;70.987;71.397;70.976;71.387;255.6819;KO.USUSD
2025-11-11 17:00:00;71.397;71.446;71.256;71.337;109.1643;KO.USUSD
2025-11-11 18:00:00;71.346;71.527;71.346;71.447;110.4732;KO.USUSD
2025-11-11 19:00:00;71.457;71.677;71.436;71.597;59.9943;KO.USUSD
2025-11-11 20:00:00;71.586;71.737;71.536;71.617;50.4033;KO.USUSD
2025-11-12 14:00:00;71.407;71.776;71.326;71.586;161.4147;KO.USUSD
2025-11-12 15:00:00;71.587;71.827;71.556;71.767;320.9571;KO.USUSD
2025-11-12 16:00:00;71.766;71.877;71.596;71.706;171.5877;KO.USUSD
2025-11-12 17:00:00;71.707;71.787;71.587;71.687;120.0396;KO.USUSD
2025-11-12 18:00:00;71.696;71.807;71.606;71.796;108.0216;KO.USUSD
2025-11-12 19:00:00;71.806;71.806;71.646;71.677;64.3989;KO.USUSD
2025-11-12 20:00:00;71.676;71.717;71.536;71.537;70.5378;KO.USUSD
2025-11-13 14:00:00;71.407;71.527;71.147;71.266;203.4264;KO.USUSD
2025-11-13 15:00:00;71.247;71.377;71.006;71.147;289.518;KO.USUSD
2025-11-13 16:00:00;71.156;71.477;71.026;71.447;205.6908;KO.USUSD
2025-11-13 17:00:00;71.436;71.517;71.356;71.477;121.3749;KO.USUSD
2025-11-13 18:00:00;71.477;71.657;71.456;71.566;105.9786;KO.USUSD
2025-11-13 19:00:00;71.566;71.617;71.276;71.346;117.4122;KO.USUSD
2025-11-13 20:00:00;71.347;71.447;70.996;71.077;109.7985;KO.USUSD
2025-11-14 14:00:00;71.287;71.617;70.726;70.786;310.4784;KO.USUSD
2025-11-14 15:00:00;70.786;71.127;70.636;70.847;521.8758;KO.USUSD
2025-11-14 16:00:00;70.856;70.937;70.586;70.677;281.7087;KO.USUSD
2025-11-14 17:00:00;70.677;70.977;70.616;70.887;186.5553;KO.USUSD
2025-11-14 18:00:00;70.887;70.897;70.756;70.787;139.4088;KO.USUSD
2025-11-14 19:00:00;70.796;71.037;70.766;71.016;156.3789;KO.USUSD
2025-11-14 20:00:00;71.017;71.157;70.896;71.147;139.0878;KO.USUSD
2025-11-17 14:00:00;71.136;71.267;70.866;71.186;210.1941;KO.USUSD
2025-11-17 15:00:00;71.177;71.517;71.116;71.237;445.7172;KO.USUSD
2025-11-17 16:00:00;71.236;71.296;70.956;71.246;240.2676;KO.USUSD
2025-11-17 17:00:00;71.246;71.297;71.056;71.106;121.2315;KO.USUSD
2025-11-17 18:00:00;71.106;71.277;71.046;71.217;111.9387;KO.USUSD
2025-11-17 19:00:00;71.226;71.336;71.117;71.117;130.7304;KO.USUSD
2025-11-17 20:00:00;71.116;71.127;70.616;70.666;138.2448;KO.USUSD
2025-11-18 14:00:00;70.927;71.237;70.576;70.907;282.3522;KO.USUSD
2025-11-18 15:00:00;70.886;71.206;70.786;70.836;631.3791;KO.USUSD
2025-11-18 16:00:00;70.827;70.947;70.566;70.887;402.2943;KO.USUSD
2025-11-18 17:00:00;70.886;71.147;70.846;71.106;247.9449;KO.USUSD
2025-11-18 18:00:00;71.106;71.267;71.066;71.227;175.7331;KO.USUSD
2025-11-18 19:00:00;71.226;71.277;71.126;71.197;140.1477;KO.USUSD
2025-11-18 20:00:00;71.196;71.327;71.166;71.216;180.3756;KO.USUSD
2025-11-19 14:00:00;71.097;71.217;70.906;70.906;248.3751;KO.USUSD
2025-11-19 15:00:00;70.907;71.127;70.806;70.947;318.3393;KO.USUSD
2025-11-19 16:00:00;70.946;71.197;70.886;71.176;247.2195;KO.USUSD
2025-11-19 17:00:00;71.187;71.436;71.176;71.317;239.5512;KO.USUSD
2025-11-19 18:00:00;71.316;71.427;71.306;71.357;121.3551;KO.USUSD
2025-11-19 19:00:00;71.366;71.406;70.996;71.146;134.6886;KO.USUSD
2025-11-19 20:00:00;71.156;71.227;71.057;71.106;111.3675;KO.USUSD
2025-11-20 14:00:00;70.876;71.087;70.646;70.946;301.6059;KO.USUSD
2025-11-20 15:00:00;70.937;71.086;70.597;70.717;505.1688;KO.USUSD
2025-11-20 16:00:00;70.716;71.247;70.636;70.957;521.9376;KO.USUSD
2025-11-20 17:00:00;70.946;71.207;70.866;70.956;525.4308;KO.USUSD
2025-11-20 18:00:00;70.967;71.217;70.966;71.166;260.667;KO.USUSD
2025-11-20 19:00:00;71.166;71.357;71.156;71.297;135.2508;KO.USUSD
2025-11-20 20:00:00;71.306;71.477;71.186;71.216;120.8907;KO.USUSD
2025-11-21 14:00:00;71.517;72.067;71.517;72.027;214.7775;KO.USUSD
2025-11-21 15:00:00;72.036;73.167;72.036;72.757;700.2159;KO.USUSD
2025-11-21 16:00:00;72.757;72.857;72.476;72.797;530.5044;KO.USUSD
2025-11-21 17:00:00;72.797;73.057;72.576;72.897;334.3314;KO.USUSD
2025-11-21 18:00:00;72.896;73.106;72.876;73.086;247.9275;KO.USUSD
2025-11-21 19:00:00;73.076;73.147;72.986;73.097;186.0894;KO.USUSD
2025-11-21 20:00:00;73.096;73.097;72.786;72.946;218.9955;KO.USUSD
2025-11-24 14:00:00;73.056;73.087;71.846;71.877;391.9092;KO.USUSD
2025-11-24 15:00:00;71.877;72.037;71.566;71.987;411.0342;KO.USUSD
2025-11-24 16:00:00;71.977;72.047;71.796;71.916;180.6813;KO.USUSD
2025-11-24 17:00:00;71.916;72.057;71.896;71.967;85.647;KO.USUSD
2025-11-24 18:00:00;71.976;72.226;71.956;72.127;61.2189;KO.USUSD
2025-11-24 19:00:00;72.136;72.196;71.916;71.957;59.7138;KO.USUSD
2025-11-24 20:00:00;71.957;72.796;71.957;72.536;213.0264;KO.USUSD
2025-11-25 14:00:00;72.696;72.877;72.536;72.726;359.853;KO.USUSD
2025-11-25 15:00:00;72.737;72.917;72.516;72.537;409.5687;KO.USUSD
2025-11-25 16:00:00;72.546;72.567;72.247;72.406;150.5685;KO.USUSD
2025-11-25 17:00:00;72.427;72.537;72.316;72.356;80.6697;KO.USUSD
2025-11-25 18:00:00;72.357;72.396;72.216;72.227;64.4298;KO.USUSD
2025-11-25 19:00:00;72.226;72.457;72.117;72.346;94.9089;KO.USUSD
2025-11-25 20:00:00;72.346;72.607;72.296;72.597;85.4643;KO.USUSD
2025-11-26 14:00:00;72.437;72.707;72.386;72.626;197.2851;KO.USUSD
2025-11-26 15:00:00;72.627;72.877;72.586;72.717;306.2385;KO.USUSD
2025-11-26 16:00:00;72.717;72.897;72.676;72.897;97.3098;KO.USUSD
2025-11-26 17:00:00;72.877;73.006;72.806;72.827;103.5417;KO.USUSD
2025-11-26 18:00:00;72.827;72.897;72.706;72.836;86.5326;KO.USUSD
2025-11-26 19:00:00;72.846;72.957;72.836;72.927;37.3044;KO.USUSD
2025-11-26 20:00:00;72.937;73.077;72.856;73.016;60.5952;KO.USUSD
2025-11-28 14:00:00;72.896;73.217;72.816;73.066;168.0882;KO.USUSD
2025-11-28 15:00:00;73.066;73.127;72.756;72.866;179.6814;KO.USUSD
2025-11-28 16:00:00;72.867;73.017;72.846;72.957;93.2316;KO.USUSD
2025-11-28 17:00:00;72.967;73.097;72.866;73.086;102.6942;KO.USUSD
2025-12-01 14:00:00;72.496;72.897;72.416;72.567;194.6841;KO.USUSD
2025-12-01 15:00:00;72.577;72.596;72.106;72.146;339.0813;KO.USUSD
2025-12-01 16:00:00;72.156;72.346;72.076;72.197;164.067;KO.USUSD
2025-12-01 17:00:00;72.196;72.216;71.987;72.067;133.5543;KO.USUSD
2025-12-01 18:00:00;72.076;72.227;72.016;72.087;86.2116;KO.USUSD
2025-12-01 19:00:00;72.087;72.217;72.056;72.126;80.0553;KO.USUSD
2025-12-01 20:00:00;72.117;72.206;71.936;71.956;94.0269;KO.USUSD
2025-12-02 14:00:00;71.736;71.737;71.176;71.316;196.587;KO.USUSD
2025-12-02 15:00:00;71.317;71.367;70.646;70.826;331.7568;KO.USUSD
2025-12-02 16:00:00;70.827;71.067;70.596;70.686;308.7159;KO.USUSD
2025-12-02 17:00:00;70.707;70.797;70.526;70.557;167.6334;KO.USUSD
2025-12-02 18:00:00;70.566;70.607;70.426;70.567;120.5943;KO.USUSD
2025-12-02 19:00:00;70.556;70.627;70.446;70.566;92.0226;KO.USUSD
2025-12-02 20:00:00;70.567;70.787;70.496;70.647;131.8443;KO.USUSD
2025-12-03 14:00:00;70.817;71.387;70.746;71.017;188.7234;KO.USUSD
2025-12-03 15:00:00;71.016;71.077;70.746;70.956;299.0922;KO.USUSD
2025-12-03 16:00:00;70.957;71.137;70.917;70.947;124.1034;KO.USUSD
2025-12-03 17:00:00;70.946;71.007;70.746;70.757;85.1556;KO.USUSD
2025-12-03 18:00:00;70.756;70.936;70.716;70.837;57.8244;KO.USUSD
2025-12-03 19:00:00;70.826;70.887;70.686;70.687;51.8463;KO.USUSD
2025-12-03 20:00:00;70.696;70.797;70.606;70.787;82.1664;KO.USUSD
2025-12-04 14:00:00;70.817;71.327;70.796;71.286;193.2363;KO.USUSD
2025-12-04 15:00:00;71.277;71.307;70.706;70.746;248.1345;KO.USUSD
2025-12-04 16:00:00;70.746;70.827;70.596;70.657;144.2079;KO.USUSD
2025-12-04 17:00:00;70.656;70.716;70.566;70.667;83.4534;KO.USUSD
2025-12-04 18:00:00;70.657;70.757;70.586;70.617;56.5962;KO.USUSD
2025-12-04 19:00:00;70.617;70.657;70.486;70.506;43.3152;KO.USUSD
2025-12-04 20:00:00;70.497;70.567;70.366;70.447;65.2188;KO.USUSD
2025-12-05 14:00:00;70.207;70.697;70.207;70.536;225.7014;KO.USUSD
2025-12-05 15:00:00;70.537;70.666;70.456;70.526;210.3771;KO.USUSD
2025-12-05 16:00:00;70.526;70.646;70.347;70.357;122.8569;KO.USUSD
2025-12-05 17:00:00;70.357;70.397;69.966;70.067;71.8416;KO.USUSD
2025-12-05 18:00:00;70.076;70.136;69.956;70.127;66.2589;KO.USUSD
2025-12-05 19:00:00;70.116;70.157;69.996;69.997;41.3499;KO.USUSD
2025-12-05 20:00:00;70.007;70.117;69.866;69.956;57.9552;KO.USUSD
2025-12-08 14:00:00;69.806;70.167;69.487;70.057;174.6042;KO.USUSD
2025-12-08 15:00:00;70.057;70.237;69.856;70.146;229.8042;KO.USUSD
2025-12-08 16:00:00;70.146;70.327;70.056;70.146;112.2588;KO.USUSD
2025-12-08 17:00:00;70.156;70.167;69.876;70.036;91.8171;KO.USUSD
2025-12-08 18:00:00;70.046;70.177;69.976;70.127;82.8288;KO.USUSD
2025-12-08 19:00:00;70.126;70.217;70.086;70.197;61.2489;KO.USUSD
2025-12-08 20:00:00;70.197;70.367;70.126;70.267;83.3988;KO.USUSD
2025-12-09 14:00:00;70.327;70.617;70.326;70.457;181.0896;KO.USUSD
2025-12-09 15:00:00;70.456;70.527;70.256;70.256;231.0423;KO.USUSD
2025-12-09 16:00:00;70.257;70.407;70.126;70.207;129.5625;KO.USUSD
2025-12-09 17:00:00;70.217;70.217;70.006;70.026;48.2217;KO.USUSD
2025-12-09 18:00:00;70.037;70.087;69.826;69.897;43.0344;KO.USUSD
2025-12-09 19:00:00;69.886;70.017;69.856;69.936;56.4699;KO.USUSD
2025-12-09 20:00:00;69.937;70.107;69.857;70.106;71.6706;KO.USUSD
2025-12-10 14:00:00;70.307;70.497;70.136;70.477;164.4315;KO.USUSD
2025-12-10 15:00:00;70.486;70.526;70.046;70.086;233.1243;KO.USUSD
2025-12-10 16:00:00;70.067;70.157;69.986;70.097;127.8924;KO.USUSD
2025-12-10 17:00:00;70.096;70.106;69.876;70.026;98.8107;KO.USUSD
2025-12-10 18:00:00;70.027;70.146;70.016;70.106;69.0216;KO.USUSD
2025-12-10 19:00:00;70.087;70.137;69.797;69.827;193.8354;KO.USUSD
2025-12-10 20:00:00;69.827;70.317;69.776;70.217;215.6619;KO.USUSD
2025-12-11 14:00:00;70.497;70.667;69.446;69.457;251.6049;KO.USUSD
2025-12-11 15:00:00;69.476;69.667;69.006;69.476;440.1237;KO.USUSD
2025-12-11 16:00:00;69.486;69.687;69.107;69.167;269.3058;KO.USUSD
2025-12-11 17:00:00;69.167;69.167;68.916;69.077;169.6233;KO.USUSD
2025-12-11 18:00:00;69.077;69.177;68.856;68.876;130.8225;KO.USUSD
2025-12-11 19:00:00;68.877;69.286;68.786;69.267;122.2134;KO.USUSD
2025-12-11 20:00:00;69.276;69.287;68.936;69.106;113.472;KO.USUSD
2025-12-12 14:00:00;69.097;69.836;69.026;69.696;147.8232;KO.USUSD
2025-12-12 15:00:00;69.696;69.917;69.637;69.737;320.511;KO.USUSD
2025-12-12 16:00:00;69.736;70.067;69.666;69.867;300.0402;KO.USUSD
2025-12-12 17:00:00;69.856;69.887;69.696;69.737;152.0088;KO.USUSD
2025-12-12 18:00:00;69.737;70.017;69.656;69.967;141.717;KO.USUSD
2025-12-12 19:00:00;69.977;70.386;69.967;70.247;74.3652;KO.USUSD
2025-12-12 20:00:00;70.256;70.607;70.216;70.496;129.294;KO.USUSD
2025-12-15 14:00:00;70.486;71.307;70.476;71.166;251.4483;KO.USUSD
2025-12-15 15:00:00;71.166;71.197;70.806;70.917;298.8102;KO.USUSD
2025-12-15 16:00:00;70.927;70.957;70.716;70.746;136.3941;KO.USUSD
2025-12-15 17:00:00;70.747;70.826;70.606;70.646;80.1843;KO.USUSD
2025-12-15 18:00:00;70.666;70.726;70.556;70.676;69.1161;KO.USUSD
2025-12-15 19:00:00;70.676;70.996;70.606;70.986;50.0043;KO.USUSD
2025-12-15 20:00:00;70.997;71.057;70.936;70.967;86.6988;KO.USUSD
2025-12-16 14:00:00;71.217;71.237;70.626;70.667;189.8067;KO.USUSD
2025-12-16 15:00:00;70.667;70.787;70.536;70.626;368.5068;KO.USUSD
2025-12-16 16:00:00;70.636;70.777;70.596;70.687;160.5333;KO.USUSD
2025-12-16 17:00:00;70.686;70.857;70.666;70.846;82.4943;KO.USUSD
2025-12-16 18:00:00;70.847;70.907;70.786;70.847;111.747;KO.USUSD
2025-12-16 19:00:00;70.836;70.907;70.756;70.876;44.571;KO.USUSD
2025-12-16 20:00:00;70.887;70.907;70.326;70.377;82.3233;KO.USUSD
2025-12-17 14:00:00;70.446;70.817;70.446;70.556;191.3706;KO.USUSD
2025-12-17 15:00:00;70.547;70.717;70.296;70.697;251.9976;KO.USUSD
2025-12-17 16:00:00;70.697;70.747;70.486;70.547;153.5778;KO.USUSD
2025-12-17 17:00:00;70.546;70.547;70.316;70.416;106.6338;KO.USUSD
2025-12-17 18:00:00;70.417;70.706;70.416;70.696;93.2043;KO.USUSD
2025-12-17 19:00:00;70.697;70.897;70.676;70.727;67.3698;KO.USUSD
2025-12-17 20:00:00;70.727;70.767;70.536;70.656;129.0834;KO.USUSD
2025-12-18 14:00:00;70.256;70.717;70.206;70.527;177.5304;KO.USUSD
2025-12-18 15:00:00;70.537;70.787;70.267;70.407;233.7891;KO.USUSD
2025-12-18 16:00:00;70.396;70.477;70.246;70.267;101.4732;KO.USUSD
2025-12-18 17:00:00;70.276;70.407;70.167;70.367;76.104;KO.USUSD
2025-12-18 18:00:00;70.366;70.577;70.296;70.547;67.2489;KO.USUSD
2025-12-18 19:00:00;70.546;70.627;70.466;70.587;56.6325;KO.USUSD
2025-12-18 20:00:00;70.587;70.746;70.357;70.357;111.9123;KO.USUSD
2025-12-19 14:00:00;70.077;70.437;70.017;70.397;182.3151;KO.USUSD
2025-12-19 15:00:00;70.397;70.756;70.367;70.626;160.5759;KO.USUSD
2025-12-19 16:00:00;70.627;70.727;70.546;70.566;125.2851;KO.USUSD
2025-12-19 17:00:00;70.567;70.577;70.306;70.326;78.1335;KO.USUSD
2025-12-19 18:00:00;70.326;70.396;70.206;70.346;56.8326;KO.USUSD
2025-12-19 19:00:00;70.356;70.516;70.346;70.456;54.9201;KO.USUSD
2025-12-19 20:00:00;70.476;70.567;70.066;70.077;137.7258;KO.USUSD
2025-12-22 14:00:00;69.876;70.097;69.646;69.696;205.995;KO.USUSD
2025-12-22 15:00:00;69.686;70.057;69.676;69.916;241.9023;KO.USUSD
2025-12-22 16:00:00;69.917;70.067;69.887;69.997;133.9107;KO.USUSD
2025-12-22 17:00:00;69.986;70.187;69.926;70.127;85.0599;KO.USUSD
2025-12-22 18:00:00;70.127;70.146;70.046;70.046;61.1508;KO.USUSD
2025-12-22 19:00:00;70.047;70.087;69.957;69.986;43.2399;KO.USUSD
2025-12-22 20:00:00;69.997;70.207;69.936;70.187;86.4282;KO.USUSD
2025-12-23 14:00:00;70.186;70.186;69.676;69.937;157.5906;KO.USUSD
2025-12-23 15:00:00;69.936;70.247;69.916;70.096;196.2024;KO.USUSD
2025-12-23 16:00:00;70.106;70.167;69.967;70.027;117.7035;KO.USUSD
2025-12-23 17:00:00;70.037;70.107;69.877;69.956;108.5472;KO.USUSD
2025-12-23 18:00:00;69.956;70.177;69.946;70.056;63.5208;KO.USUSD
2025-12-23 19:00:00;70.067;70.096;69.976;70.017;82.3908;KO.USUSD
2025-12-23 20:00:00;70.036;70.037;69.766;69.847;63.8898;KO.USUSD
2025-12-24 14:00:00;69.796;69.937;69.746;69.907;74.6781;KO.USUSD
2025-12-24 15:00:00;69.906;69.937;69.786;69.836;90.2799;KO.USUSD
2025-12-24 16:00:00;69.847;69.887;69.776;69.836;57.1263;KO.USUSD
2025-12-24 17:00:00;69.846;70.147;69.826;70.116;65.8308;KO.USUSD
2025-12-26 14:00:00;69.886;70.087;69.886;70.027;94.5138;KO.USUSD
2025-12-26 15:00:00;70.027;70.146;69.936;69.986;104.9325;KO.USUSD
2025-12-26 16:00:00;69.986;69.986;69.877;69.917;43.1145;KO.USUSD
2025-12-26 17:00:00;69.926;69.927;69.857;69.887;32.3136;KO.USUSD
2025-12-26 18:00:00;69.876;69.907;69.737;69.737;26.6109;KO.USUSD
2025-12-26 19:00:00;69.727;69.776;69.716;69.746;20.3163;KO.USUSD
2025-12-26 20:00:00;69.736;69.927;69.726;69.877;61.2216;KO.USUSD
2025-12-29 14:00:00;69.897;70.187;69.846;70.157;136.6725;KO.USUSD
2025-12-29 15:00:00;70.156;70.407;70.146;70.246;119.9835;KO.USUSD
2025-12-29 16:00:00;70.256;70.297;70.116;70.167;82.0926;KO.USUSD
2025-12-29 17:00:00;70.176;70.236;70.096;70.227;49.2345;KO.USUSD
2025-12-29 18:00:00;70.237;70.307;70.216;70.217;53.0763;KO.USUSD
2025-12-29 19:00:00;70.217;70.227;70.126;70.136;37.779;KO.USUSD
2025-12-29 20:00:00;70.137;70.187;70.056;70.147;69.0489;KO.USUSD
2025-12-30 14:00:00;70.017;70.017;69.796;69.807;99.7017;KO.USUSD
2025-12-30 15:00:00;69.817;69.957;69.796;69.937;83.2353;KO.USUSD
2025-12-30 16:00:00;69.926;70.076;69.916;70.026;52.6026;KO.USUSD
2025-12-30 17:00:00;70.026;70.117;70.017;70.097;28.3035;KO.USUSD
2025-12-30 18:00:00;70.106;70.117;69.997;70.036;21.5499;KO.USUSD
2025-12-30 19:00:00;70.026;70.116;69.996;70.096;18.6645;KO.USUSD
2025-12-30 20:00:00;70.106;70.227;70.067;70.086;39.7725;KO.USUSD
2025-12-31 14:00:00;70.036;70.097;69.896;70.057;81.3135;KO.USUSD
2025-12-31 15:00:00;70.067;70.127;69.926;69.947;74.9061;KO.USUSD
2025-12-31 16:00:00;69.957;70.047;69.936;69.997;74.2335;KO.USUSD
2025-12-31 17:00:00;69.996;70.027;69.976;69.997;31.5081;KO.USUSD
2025-12-31 18:00:00;70.017;70.107;69.976;70.047;30.7299;KO.USUSD
2025-12-31 19:00:00;70.046;70.147;70.046;70.106;45.6336;KO.USUSD
2025-12-31 20:00:00;70.096;70.107;69.876;69.936;70.5855;KO.USUSD
2026-01-02 14:00:00;69.857;69.857;69.276;69.347;155.7297;KO.USUSD
2026-01-02 15:00:00;69.356;69.367;69.076;69.356;217.0593;KO.USUSD
2026-01-02 16:00:00;69.356;69.407;69.216;69.317;169.1169;KO.USUSD
2026-01-02 17:00:00;69.326;69.327;69.076;69.156;84.7806;KO.USUSD
2026-01-02 18:00:00;69.157;69.247;69.106;69.186;54.9807;KO.USUSD
2026-01-02 19:00:00;69.196;69.287;69.126;69.256;95.5716;KO.USUSD
2026-01-02 20:00:00;69.266;69.267;68.966;69.096;122.2551;KO.USUSD
2026-01-05 14:00:00;68.896;68.896;68.206;68.407;242.9286;KO.USUSD
2026-01-05 15:00:00;68.407;68.486;68.126;68.187;339.7227;KO.USUSD
2026-01-05 16:00:00;68.196;68.307;68.097;68.237;111.3861;KO.USUSD
2026-01-05 17:00:00;68.256;68.276;67.926;67.996;75.9261;KO.USUSD
2026-01-05 18:00:00;67.997;68.127;67.916;67.976;58.0107;KO.USUSD
2026-01-05 19:00:00;67.987;68.197;67.926;68.127;44.9361;KO.USUSD
2026-01-05 20:00:00;68.127;68.177;67.926;67.967;68.8278;KO.USUSD
2026-01-06 14:00:00;67.976;68.237;67.847;67.887;213.0717;KO.USUSD
2026-01-06 15:00:00;67.876;68.146;67.706;67.706;192.3822;KO.USUSD
2026-01-06 16:00:00;67.707;67.996;67.707;67.917;121.7868;KO.USUSD
2026-01-06 17:00:00;67.917;67.987;67.836;67.976;55.1526;KO.USUSD
2026-01-06 18:00:00;67.976;68.007;67.806;67.817;50.2899;KO.USUSD
2026-01-06 19:00:00;67.827;67.997;67.587;67.676;63.0726;KO.USUSD
2026-01-06 20:00:00;67.676;67.967;67.676;67.837;81.2724;KO.USUSD
2026-01-07 14:00:00;67.967;68.057;67.486;67.626;201.7554;KO.USUSD
2026-01-07 15:00:00;67.627;67.707;67.446;67.557;269.4705;KO.USUSD
2026-01-07 16:00:00;67.567;67.707;67.556;67.577;117.3498;KO.USUSD
2026-01-07 17:00:00;67.586;67.637;67.497;67.507;39.1335;KO.USUSD
2026-01-07 18:00:00;67.517;67.517;67.256;67.457;52.8435;KO.USUSD
2026-01-07 19:00:00;67.456;67.557;67.367;67.536;57.1953;KO.USUSD
2026-01-07 20:00:00;67.536;67.617;67.446;67.527;64.4706;KO.USUSD
2026-01-08 14:00:00;67.457;68.467;67.446;68.426;234.9024;KO.USUSD
2026-01-08 15:00:00;68.436;69.067;68.376;69.027;341.8302;KO.USUSD
2026-01-08 16:00:00;69.037;69.187;68.876;69.156;187.2969;KO.USUSD
2026-01-08 17:00:00;69.147;69.236;69.066;69.097;109.4016;KO.USUSD
2026-01-08 18:00:00;69.087;69.326;69.036;69.257;75.5943;KO.USUSD
2026-01-08 19:00:00;69.266;69.447;69.236;69.396;55.4589;KO.USUSD
2026-01-08 20:00:00;69.396;69.437;69.166;69.377;128.4378;KO.USUSD
2026-01-09 14:00:00;69.416;69.677;69.116;69.657;224.9631;KO.USUSD
2026-01-09 15:00:00;69.656;70.107;69.636;69.777;292.389;KO.USUSD
2026-01-09 16:00:00;69.776;70.137;69.727;70.066;175.2414;KO.USUSD
2026-01-09 17:00:00;70.076;70.387;70.036;70.297;132.537;KO.USUSD
2026-01-09 18:00:00;70.317;70.407;70.196;70.196;100.1616;KO.USUSD
2026-01-09 19:00:00;70.186;70.487;70.177;70.397;80.8161;KO.USUSD
2026-01-09 20:00:00;70.386;70.647;70.356;70.516;101.3715;KO.USUSD
2026-01-12 14:00:00;70.816;70.917;70.247;70.776;196.0341;KO.USUSD
2026-01-12 15:00:00;70.777;70.957;70.616;70.647;207.954;KO.USUSD
2026-01-12 16:00:00;70.636;70.727;70.406;70.577;136.257;KO.USUSD
2026-01-12 17:00:00;70.577;70.586;70.346;70.416;61.5426;KO.USUSD
2026-01-12 18:00:00;70.406;70.537;70.357;70.386;40.4817;KO.USUSD
2026-01-12 19:00:00;70.386;70.607;70.366;70.417;54.5562;KO.USUSD
2026-01-12 20:00:00;70.406;70.597;70.217;70.456;110.4288;KO.USUSD
2026-01-13 14:00:00;70.346;70.857;70.346;70.666;202.7004;KO.USUSD
2026-01-13 15:00:00;70.677;70.936;70.516;70.527;266.3028;KO.USUSD
2026-01-13 16:00:00;70.526;70.707;70.326;70.326;124.8615;KO.USUSD
2026-01-13 17:00:00;70.337;70.637;70.256;70.626;96.1716;KO.USUSD
2026-01-13 18:00:00;70.627;70.767;70.506;70.727;71.5635;KO.USUSD
2026-01-13 19:00:00;70.716;70.947;70.696;70.937;82.797;KO.USUSD
2026-01-13 20:00:00;70.936;71.217;70.826;71.207;104.7477;KO.USUSD
2026-01-14 14:00:00;71.166;71.477;70.797;70.886;222.9756;KO.USUSD
2026-01-14 15:00:00;70.887;71.537;70.866;71.406;316.9389;KO.USUSD
2026-01-14 16:00:00;71.426;71.547;71.257;71.317;177.1839;KO.USUSD
2026-01-14 17:00:00;71.316;71.447;71.216;71.347;148.4877;KO.USUSD
2026-01-14 18:00:00;71.356;71.457;71.316;71.417;123.3651;KO.USUSD
2026-01-14 19:00:00;71.417;71.697;71.417;71.647;95.6424;KO.USUSD
2026-01-14 20:00:00;71.637;71.646;71.096;71.406;209.2248;KO.USUSD
2026-01-15 14:00:00;71.517;71.517;71.107;71.107;153.1797;KO.USUSD
2026-01-15 15:00:00;71.106;71.286;71.007;71.007;172.9959;KO.USUSD
2026-01-15 16:00:00;71.016;71.237;70.876;71.007;86.0262;KO.USUSD
2026-01-15 17:00:00;71.017;71.057;70.886;70.916;69.5208;KO.USUSD
2026-01-15 18:00:00;70.917;70.987;70.526;70.537;64.6908;KO.USUSD
2026-01-15 19:00:00;70.516;70.727;70.516;70.597;75.4062;KO.USUSD
2026-01-15 20:00:00;70.607;70.607;70.357;70.457;97.566;KO.USUSD
2026-01-16 14:00:00;70.326;70.696;70.036;70.226;226.5168;KO.USUSD
2026-01-16 15:00:00;70.247;70.537;70.146;70.407;224.4567;KO.USUSD
2026-01-16 16:00:00;70.397;70.507;70.296;70.457;133.9143;KO.USUSD
2026-01-16 17:00:00;70.457;70.727;70.456;70.646;85.5489;KO.USUSD
2026-01-16 18:00:00;70.647;70.687;70.286;70.286;75.2799;KO.USUSD
2026-01-16 19:00:00;70.296;70.617;70.296;70.427;88.3389;KO.USUSD
2026-01-16 20:00:00;70.427;70.487;70.266;70.416;95.2788;KO.USUSD
2026-01-20 14:00:00;69.906;70.376;69.766;70.016;318.4107;KO.USUSD
2026-01-20 15:00:00;70.017;70.557;69.986;70.507;398.7216;KO.USUSD
2026-01-20 16:00:00;70.506;71.047;70.496;71.036;196.9095;KO.USUSD
2026-01-20 17:00:00;71.046;71.346;71.046;71.327;230.4687;KO.USUSD
2026-01-20 18:00:00;71.326;71.606;71.316;71.487;166.1259;KO.USUSD
2026-01-20 19:00:00;71.487;71.537;71.246;71.317;163.7661;KO.USUSD
2026-01-20 20:00:00;71.326;71.766;71.306;71.727;169.9437;KO.USUSD
2026-01-21 14:00:00;71.696;72.227;71.577;71.577;223.7283;KO.USUSD
2026-01-21 15:00:00;71.576;71.617;70.847;70.847;269.8011;KO.USUSD
2026-01-21 16:00:00;70.857;71.437;70.826;71.386;170.9187;KO.USUSD
2026-01-21 17:00:00;71.387;71.496;71.206;71.397;138.1098;KO.USUSD
2026-01-21 18:00:00;71.416;71.657;71.306;71.316;110.9823;KO.USUSD
2026-01-21 19:00:00;71.316;71.916;71.296;71.796;176.3082;KO.USUSD
2026-01-21 20:00:00;71.796;72.127;71.796;71.977;169.9443;KO.USUSD
2026-01-22 14:00:00;71.826;71.917;71.426;71.467;284.4684;KO.USUSD
2026-01-22 15:00:00;71.466;71.967;71.437;71.907;316.0074;KO.USUSD
2026-01-22 16:00:00;71.896;71.947;71.716;71.806;152.6586;KO.USUSD
2026-01-22 17:00:00;71.796;71.977;71.787;71.967;97.3833;KO.USUSD
2026-01-22 18:00:00;71.976;71.977;71.746;71.756;109.0497;KO.USUSD
2026-01-22 19:00:00;71.756;71.827;71.676;71.777;86.9289;KO.USUSD
2026-01-22 20:00:00;71.787;72.027;71.696;71.877;127.0749;KO.USUSD
2026-01-23 14:00:00;72.036;72.165;71.766;72.007;167.0895;KO.USUSD
2026-01-23 15:00:00;72.006;72.207;71.956;72.007;159.3576;KO.USUSD
2026-01-23 16:00:00;71.996;72.156;71.926;72.126;131.6877;KO.USUSD
2026-01-23 17:00:00;72.126;72.417;72.046;72.206;89.3424;KO.USUSD
2026-01-23 18:00:00;72.216;72.457;72.166;72.436;79.4664;KO.USUSD
2026-01-23 19:00:00;72.437;72.467;72.366;72.456;62.7753;KO.USUSD
2026-01-23 20:00:00;72.446;73.036;72.446;72.857;105.8523;KO.USUSD
2026-01-26 14:00:00;72.817;73.057;72.756;73.016;165.3804;KO.USUSD
2026-01-26 15:00:00;73.016;73.277;72.996;73.216;209.5815;KO.USUSD
2026-01-26 16:00:00;73.206;73.286;72.836;72.847;147.2253;KO.USUSD
2026-01-26 17:00:00;72.847;72.947;72.746;72.796;93.1662;KO.USUSD
2026-01-26 18:00:00;72.786;72.837;72.746;72.757;73.0953;KO.USUSD
2026-01-26 19:00:00;72.746;72.847;72.676;72.716;62.7681;KO.USUSD
2026-01-26 20:00:00;72.726;72.727;72.536;72.566;89.5824;KO.USUSD
2026-01-27 14:00:00;72.427;72.927;72.246;72.757;196.8879;KO.USUSD
2026-01-27 15:00:00;72.756;73.226;72.736;73.126;190.3248;KO.USUSD
2026-01-27 16:00:00;73.127;73.356;73.126;73.187;108.8571;KO.USUSD
2026-01-27 17:00:00;73.187;73.386;73.187;73.346;99.5799;KO.USUSD
2026-01-27 18:00:00;73.336;73.347;73.206;73.317;65.3799;KO.USUSD
2026-01-27 19:00:00;73.327;73.447;73.236;73.347;92.8911;KO.USUSD
2026-01-27 20:00:00;73.366;73.547;73.216;73.526;115.0533;KO.USUSD
2026-01-28 14:00:00;73.116;73.596;73.046;73.046;216.0024;KO.USUSD
2026-01-28 15:00:00;73.056;73.397;73.046;73.297;273.6675;KO.USUSD
2026-01-28 16:00:00;73.306;73.337;73.117;73.267;165.546;KO.USUSD
2026-01-28 17:00:00;73.267;73.317;73.036;73.047;116.1198;KO.USUSD
2026-01-28 18:00:00;73.067;73.167;72.926;73.006;160.6143;KO.USUSD
2026-01-28 19:00:00;73.007;73.027;72.547;72.627;293.931;KO.USUSD
2026-01-28 20:00:00;72.636;73.107;72.626;73.027;179.6238;KO.USUSD
2026-01-29 14:00:00;73.217;73.667;73.116;73.376;192.3567;KO.USUSD
2026-01-29 15:00:00;73.346;73.926;73.236;73.846;270.2781;KO.USUSD
2026-01-29 16:00:00;73.857;73.977;73.516;73.726;263.682;KO.USUSD
2026-01-29 17:00:00;73.716;73.836;73.506;73.626;150.7104;KO.USUSD
2026-01-29 18:00:00;73.636;73.857;73.606;73.687;140.8266;KO.USUSD
2026-01-29 19:00:00;73.676;74.077;73.596;73.807;174.6339;KO.USUSD
2026-01-29 20:00:00;73.806;73.917;73.326;73.387;184.7994;KO.USUSD
2026-01-30 14:00:00;73.697;73.876;73.556;73.646;186.3231;KO.USUSD
2026-01-30 15:00:00;73.646;73.867;73.586;73.746;303.7626;KO.USUSD
2026-01-30 16:00:00;73.766;73.986;73.706;73.867;165.0612;KO.USUSD
2026-01-30 17:00:00;73.866;73.907;73.526;73.777;191.8056;KO.USUSD
2026-01-30 18:00:00;73.766;74.566;73.766;74.566;240.0684;KO.USUSD
2026-01-30 19:00:00;74.576;74.647;74.366;74.436;288.3375;KO.USUSD
2026-01-30 20:00:00;74.457;74.877;74.456;74.806;271.9575;KO.USUSD
2026-02-02 14:00:00;74.917;75.357;74.876;74.957;219.9375;KO.USUSD
2026-02-02 15:00:00;74.957;74.966;74.386;74.746;382.6452;KO.USUSD
2026-02-02 16:00:00;74.747;75.047;74.576;75.047;203.3124;KO.USUSD
2026-02-02 17:00:00;75.047;75.207;74.996;74.996;111.9498;KO.USUSD
2026-02-02 18:00:00;74.996;75.197;74.837;75.106;99.828;KO.USUSD
2026-02-02 19:00:00;75.097;75.407;75.096;75.336;121.8543;KO.USUSD
2026-02-02 20:00:00;75.337;75.686;75.296;75.346;196.4667;KO.USUSD
2026-02-03 14:00:00;75.257;76.726;75.116;76.626;410.1966;KO.USUSD
2026-02-03 15:00:00;76.597;77.027;76.416;76.606;469.5396;KO.USUSD
2026-02-03 16:00:00;76.616;77.407;76.476;77.286;256.2609;KO.USUSD
2026-02-03 17:00:00;77.286;77.477;76.996;77.426;245.2092;KO.USUSD
2026-02-03 18:00:00;77.416;77.487;76.756;76.887;283.3512;KO.USUSD
2026-02-03 19:00:00;76.887;76.957;76.607;76.757;270.4083;KO.USUSD
2026-02-03 20:00:00;76.756;77.087;76.736;76.877;147.0264;KO.USUSD
2026-02-04 14:00:00;77.247;78.036;77.146;77.887;311.9028;KO.USUSD
2026-02-04 15:00:00;77.886;77.967;77.086;77.307;640.2606;KO.USUSD
2026-02-04 16:00:00;77.317;77.987;77.186;77.737;358.7172;KO.USUSD
2026-02-04 17:00:00;77.736;78.097;77.566;77.916;360.7611;KO.USUSD
2026-02-04 18:00:00;77.917;77.967;77.617;77.906;272.8494;KO.USUSD
2026-02-04 19:00:00;77.926;78.007;77.386;77.396;278.6979;KO.USUSD
2026-02-04 20:00:00;77.397;77.557;77.236;77.307;219.483;KO.USUSD
2026-02-05 14:00:00;77.742;78.337;77.566;78.127;286.677;KO.USUSD
2026-02-05 15:00:00;78.117;78.777;78.076;78.317;610.7121;KO.USUSD
2026-02-05 16:00:00;78.317;78.457;77.866;77.996;389.9718;KO.USUSD
2026-02-05 17:00:00;77.996;78.387;77.866;78.346;256.5729;KO.USUSD
2026-02-05 18:00:00;78.356;78.477;78.186;78.236;293.2995;KO.USUSD
2026-02-05 19:00:00;78.236;78.697;78.236;78.637;178.4667;KO.USUSD
2026-02-05 20:00:00;78.626;78.847;78.217;78.476;267.6516;KO.USUSD
2026-02-06 14:00:00;78.357;78.936;78.247;78.927;287.6052;KO.USUSD
2026-02-06 15:00:00;78.927;79.047;78.646;78.646;542.1258;KO.USUSD
2026-02-06 16:00:00;78.647;78.737;78.446;78.666;266.0049;KO.USUSD
2026-02-06 17:00:00;78.677;78.727;78.356;78.356;188.5779;KO.USUSD
2026-02-06 18:00:00;78.337;78.857;78.316;78.837;118.9788;KO.USUSD
2026-02-06 19:00:00;78.836;79.037;78.807;79.037;73.0407;KO.USUSD
2026-02-06 20:00:00;79.036;79.187;78.846;79.027;161.9631;KO.USUSD
2026-02-09 14:00:00;78.597;79.077;78.126;78.507;375.3762;KO.USUSD
2026-02-09 15:00:00;78.506;78.647;78.126;78.126;319.9797;KO.USUSD
2026-02-09 16:00:00;78.146;78.227;77.686;77.747;167.6703;KO.USUSD
2026-02-09 17:00:00;77.746;77.867;77.526;77.827;135.4188;KO.USUSD
2026-02-09 18:00:00;77.817;78.017;77.646;77.887;126.3579;KO.USUSD
2026-02-09 19:00:00;77.896;78.067;77.816;78.057;62.0124;KO.USUSD
2026-02-09 20:00:00;78.066;78.167;77.807;77.937;158.7396;KO.USUSD
2026-02-10 14:00:00;76.726;77.477;76.146;77.287;355.1517;KO.USUSD
2026-02-10 15:00:00;77.286;77.346;75.996;76.296;659.0919;KO.USUSD
2026-02-10 16:00:00;76.306;76.597;76.036;76.347;478.572;KO.USUSD
2026-02-10 17:00:00;76.356;76.617;76.156;76.466;340.3965;KO.USUSD
2026-02-10 18:00:00;76.467;76.987;76.426;76.966;256.9668;KO.USUSD
2026-02-10 19:00:00;76.966;77.047;76.806;76.827;182.6109;KO.USUSD
2026-02-10 20:00:00;76.827;76.977;76.627;76.806;290.8986;KO.USUSD
2026-02-11 14:00:00;76.876;77.307;76.566;77.296;277.1187;KO.USUSD
2026-02-11 15:00:00;77.296;78.207;77.276;78.096;418.1172;KO.USUSD
2026-02-11 16:00:00;78.076;78.847;78.066;78.737;230.3346;KO.USUSD
2026-02-11 17:00:00;78.777;78.957;78.746;78.847;131.7423;KO.USUSD
2026-02-11 18:00:00;78.847;79.037;78.586;78.646;141.378;KO.USUSD
2026-02-11 19:00:00;78.656;78.756;78.526;78.566;142.1106;KO.USUSD
2026-02-11 20:00:00;78.567;78.796;78.456;78.586;163.3005;KO.USUSD
2026-02-12 14:00:00;78.966;79.607;78.757;79.547;295.722;KO.USUSD
2026-02-12 15:00:00;79.557;80.266;79.246;80.236;461.3934;KO.USUSD
2026-02-12 16:00:00;80.247;80.397;79.966;80.127;598.8285;KO.USUSD
2026-02-12 17:00:00;80.126;80.307;79.846;80.096;386.6823;KO.USUSD
2026-02-12 18:00:00;80.087;80.337;79.917;80.227;391.5228;KO.USUSD
2026-02-12 19:00:00;80.226;80.287;79.646;79.857;330.0984;KO.USUSD
2026-02-12 20:00:00;79.867;79.947;78.876;78.957;265.4466;KO.USUSD
2026-02-13 14:00:00;78.496;79.247;78.126;78.196;332.9517;KO.USUSD
2026-02-13 15:00:00;78.207;78.966;78.116;78.786;598.7544;KO.USUSD
2026-02-13 16:00:00;78.797;79.117;78.636;79.047;327.3375;KO.USUSD
2026-02-13 17:00:00;79.046;79.387;79.026;79.367;214.2987;KO.USUSD
2026-02-13 18:00:00;79.357;79.377;79.077;79.167;254.3259;KO.USUSD
2026-02-13 19:00:00;79.167;79.207;78.636;78.637;253.7877;KO.USUSD
2026-02-13 20:00:00;78.637;78.777;78.346;78.656;220.5822;KO.USUSD
2026-02-17 14:00:00;79.116;79.527;78.857;79.297;335.2638;KO.USUSD
2026-02-17 15:00:00;79.296;79.446;78.926;79.006;566.3376;KO.USUSD
2026-02-17 16:00:00;79.006;79.096;78.826;78.846;402.993;KO.USUSD
2026-02-17 17:00:00;78.846;79.157;78.726;78.907;305.8386;KO.USUSD
2026-02-17 18:00:00;78.917;79.367;78.896;79.227;204.7332;KO.USUSD
2026-02-17 19:00:00;79.237;79.347;79.046;79.216;227.1432;KO.USUSD
2026-02-17 20:00:00;79.226;79.617;79.216;79.587;266.0994;KO.USUSD
2026-02-18 14:00:00;79.427;79.827;79.246;79.427;369.2631;KO.USUSD
2026-02-18 15:00:00;79.426;79.766;79.297;79.457;290.61;KO.USUSD
2026-02-18 16:00:00;79.457;79.767;79.257;79.337;242.3133;KO.USUSD
2026-02-18 17:00:00;79.336;79.337;78.986;79.066;173.2728;KO.USUSD
2026-02-18 18:00:00;79.066;79.197;79.006;79.126;145.548;KO.USUSD
2026-02-18 19:00:00;79.117;79.217;78.916;79.197;206.0442;KO.USUSD
2026-02-18 20:00:00;79.197;79.507;79.086;79.457;171.8541;KO.USUSD
2026-02-19 14:00:00;79.477;79.566;79.176;79.366;264.9465;KO.USUSD
2026-02-19 15:00:00;79.367;79.367;78.876;78.946;380.7966;KO.USUSD
2026-02-19 16:00:00;78.947;78.947;78.586;78.677;326.5041;KO.USUSD
2026-02-19 17:00:00;78.676;78.857;78.636;78.796;225.4389;KO.USUSD
2026-02-19 18:00:00;78.796;79.097;78.766;79.056;144.018;KO.USUSD
2026-02-19 19:00:00;79.047;79.127;78.746;78.786;201.3897;KO.USUSD
2026-02-19 20:00:00;78.786;79.027;78.776;78.877;198.5796;KO.USUSD
2026-02-20 14:00:00;79.286;79.327;78.876;79.307;223.3776;KO.USUSD
2026-02-20 15:00:00;79.307;79.557;79.076;79.237;453.6177;KO.USUSD
2026-02-20 16:00:00;79.237;79.477;79.146;79.457;216.0867;KO.USUSD
2026-02-20 17:00:00;79.456;79.527;79.307;79.347;182.4426;KO.USUSD
2026-02-20 18:00:00;79.346;79.606;79.306;79.486;214.5486;KO.USUSD
2026-02-20 19:00:00;79.476;79.757;79.476;79.676;153.1188;KO.USUSD
2026-02-20 20:00:00;79.677;79.817;79.626;79.816;116.5458;KO.USUSD
2026-02-23 14:00:00;79.606;80.166;79.486;80.037;257.4504;KO.USUSD
2026-02-23 15:00:00;80.037;80.287;79.946;80.186;348.4911;KO.USUSD
2026-02-23 16:00:00;80.186;80.657;79.976;80.446;250.9485;KO.USUSD
2026-02-23 17:00:00;80.467;80.577;80.136;80.226;133.5024;KO.USUSD
2026-02-23 18:00:00;80.227;80.507;80.227;80.507;125.4126;KO.USUSD
2026-02-23 19:00:00;80.496;80.627;80.346;80.576;137.8479;KO.USUSD
2026-02-23 20:00:00;80.597;80.837;80.496;80.557;157.0659;KO.USUSD
2026-02-24 14:00:00;80.416;81.047;79.846;80.567;341.301;KO.USUSD
2026-02-24 15:00:00;80.567;80.707;80.246;80.457;477.8535;KO.USUSD
2026-02-24 16:00:00;80.457;80.777;80.436;80.516;298.7196;KO.USUSD
2026-02-24 17:00:00;80.517;80.567;80.376;80.407;197.6871;KO.USUSD
2026-02-24 18:00:00;80.407;80.566;80.346;80.507;115.6452;KO.USUSD
2026-02-24 19:00:00;80.517;80.677;80.426;80.667;157.5651;KO.USUSD
2026-02-24 20:00:00;80.676;80.897;80.646;80.706;119.0496;KO.USUSD
2026-02-25 14:00:00;80.467;80.567;79.556;79.606;320.4105;KO.USUSD
2026-02-25 15:00:00;79.606;80.347;79.546;80.336;340.9554;KO.USUSD
2026-02-25 16:00:00;80.346;80.477;80.206;80.456;207.6369;KO.USUSD
2026-02-25 17:00:00;80.466;80.677;80.347;80.447;145.1352;KO.USUSD
2026-02-25 18:00:00;80.446;80.476;80.206;80.226;122.5344;KO.USUSD
2026-02-25 19:00:00;80.216;80.357;80.097;80.227;120.7743;KO.USUSD
2026-02-25 20:00:00;80.236;80.507;80.127;80.436;174.4587;KO.USUSD
2026-02-26 14:00:00;80.697;80.877;80.356;80.617;280.9422;KO.USUSD
2026-02-26 15:00:00;80.626;80.807;80.026;80.267;647.3886;KO.USUSD
2026-02-26 16:00:00;80.266;80.487;80.016;80.477;404.8359;KO.USUSD
2026-02-26 17:00:00;80.476;80.487;80.206;80.317;199.3797;KO.USUSD
2026-02-26 18:00:00;80.326;80.657;80.317;80.597;165.5214;KO.USUSD
2026-02-26 19:00:00;80.606;80.697;80.376;80.457;276.5169;KO.USUSD
2026-02-26 20:00:00;80.457;80.596;80.276;80.466;205.2204;KO.USUSD
2026-02-27 14:00:00;80.896;81.547;80.806;81.056;229.6371;KO.USUSD
2026-02-27 15:00:00;81.057;81.357;80.866;81.297;313.2681;KO.USUSD
2026-02-27 16:00:00;81.306;81.617;81.266;81.476;217.8585;KO.USUSD
2026-02-27 17:00:00;81.496;81.677;81.297;81.346;184.4067;KO.USUSD
2026-02-27 18:00:00;81.336;81.397;81.197;81.357;88.2741;KO.USUSD
2026-02-27 19:00:00;81.367;81.667;81.266;81.307;99.6777;KO.USUSD
2026-02-27 20:00:00;81.316;81.567;81.276;81.537;204.0039;KO.USUSD
2026-03-02 14:00:00;81.147;81.377;80.636;80.847;333.4356;KO.USUSD
2026-03-02 15:00:00;80.866;81.167;80.496;80.557;724.5408;KO.USUSD
2026-03-02 16:00:00;80.567;80.697;80.386;80.476;420.1101;KO.USUSD
2026-03-02 17:00:00;80.476;80.607;80.436;80.527;282.6306;KO.USUSD
2026-03-02 18:00:00;80.527;80.547;80.306;80.327;237.1443;KO.USUSD
2026-03-02 19:00:00;80.326;80.787;80.276;80.657;223.8615;KO.USUSD
2026-03-02 20:00:00;80.667;80.707;80.146;80.166;297.5511;KO.USUSD
2026-03-03 14:00:00;79.677;79.937;79.136;79.196;297.6324;KO.USUSD
2026-03-03 15:00:00;79.177;79.337;78.746;79.187;708.3807;KO.USUSD
2026-03-03 16:00:00;79.187;79.207;78.546;78.647;445.5168;KO.USUSD
2026-03-03 17:00:00;78.646;79.227;78.636;79.027;286.0893;KO.USUSD
2026-03-03 18:00:00;79.027;79.407;78.916;79.377;211.245;KO.USUSD
2026-03-03 19:00:00;79.397;79.567;79.326;79.497;229.6095;KO.USUSD
2026-03-03 20:00:00;79.496;79.746;79.246;79.347;245.7222;KO.USUSD
2026-03-04 15:00:00;78.156;78.307;77.836;77.906;345.468;KO.USUSD
2026-03-04 16:00:00;77.906;78.167;77.746;78.007;354.2082;KO.USUSD
2026-03-04 17:00:00;78.027;78.377;77.996;78.127;214.1517;KO.USUSD
2026-03-04 18:00:00;78.127;78.307;78.107;78.136;163.4943;KO.USUSD
2026-03-04 19:00:00;78.117;78.427;78.026;78.217;198.2997;KO.USUSD
2026-03-04 20:00:00;78.226;78.387;77.996;78.066;181.4622;KO.USUSD
2026-03-05 14:00:00;77.526;77.637;77.066;77.167;379.6542;KO.USUSD
2026-03-05 15:00:00;77.186;77.507;77.096;77.327;351.5718;KO.USUSD
2026-03-05 16:00:00;77.336;77.447;77.086;77.237;323.2254;KO.USUSD
2026-03-05 17:00:00;77.237;77.387;77.076;77.207;264.981;KO.USUSD
2026-03-05 18:00:00;77.216;77.327;76.806;76.886;271.4982;KO.USUSD
2026-03-05 19:00:00;76.876;76.876;76.496;76.766;288.7509;KO.USUSD
2026-03-05 20:00:00;76.787;76.997;76.676;76.996;308.2254;KO.USUSD
2026-03-06 14:00:00;76.687;76.782;76.337;76.617;339.0687;KO.USUSD
2026-03-06 15:00:00;76.616;76.897;76.456;76.787;476.9127;KO.USUSD
2026-03-06 16:00:00;76.786;76.876;76.596;76.626;308.9838;KO.USUSD
2026-03-06 17:00:00;76.616;76.907;76.556;76.757;236.7312;KO.USUSD
2026-03-06 18:00:00;76.767;77.017;76.767;76.867;195.5985;KO.USUSD
2026-03-06 19:00:00;76.857;77.116;76.846;77.047;133.7859;KO.USUSD
2026-03-06 20:00:00;77.046;77.186;76.966;77.056;204.7563;KO.USUSD
2026-03-09 13:00:00;76.487;77.157;76.487;76.977;326.2674;KO.USUSD
2026-03-09 14:00:00;76.967;77.147;76.556;77.137;520.6317;KO.USUSD
2026-03-09 15:00:00;77.136;77.586;77.046;77.356;328.1043;KO.USUSD
2026-03-09 16:00:00;77.356;77.527;77.226;77.426;254.1294;KO.USUSD
2026-03-09 17:00:00;77.426;77.537;77.356;77.427;185.2923;KO.USUSD
2026-03-09 18:00:00;77.426;77.557;77.326;77.557;186.0486;KO.USUSD
2026-03-09 19:00:00;77.567;78.057;77.456;77.847;362.6259;KO.USUSD
2026-03-10 13:00:00;77.416;77.607;77.057;77.306;281.6076;KO.USUSD
2026-03-10 14:00:00;77.306;77.977;77.256;77.917;380.3892;KO.USUSD
2026-03-10 15:00:00;77.917;78.147;77.826;78.116;216.2013;KO.USUSD
2026-03-10 16:00:00;78.116;78.287;78.016;78.257;225.0186;KO.USUSD
2026-03-10 17:00:00;78.256;78.387;78.146;78.266;176.9439;KO.USUSD
2026-03-10 18:00:00;78.266;78.387;77.986;78.046;285.9807;KO.USUSD
2026-03-10 19:00:00;78.057;78.237;77.726;77.896;235.6977;KO.USUSD
2026-03-11 13:00:00;77.567;77.567;76.996;77.087;262.9833;KO.USUSD
2026-03-11 14:00:00;77.096;77.277;76.586;77.257;458.2185;KO.USUSD
2026-03-11 15:00:00;77.247;77.437;77.156;77.297;295.0557;KO.USUSD
2026-03-11 16:00:00;77.297;77.486;77.196;77.427;248.9685;KO.USUSD
2026-03-11 17:00:00;77.426;77.617;77.376;77.606;204.0285;KO.USUSD
2026-03-11 18:00:00;77.617;77.617;77.356;77.407;187.6014;KO.USUSD
2026-03-11 19:00:00;77.406;77.617;77.296;77.567;210.7239;KO.USUSD
2026-03-12 13:00:00;77.237;77.407;76.886;77.386;255.0432;KO.USUSD
2026-03-12 14:00:00;77.376;78.047;77.376;77.956;300.2253;KO.USUSD
2026-03-12 15:00:00;77.956;78.117;77.866;77.967;290.2224;KO.USUSD
2026-03-12 16:00:00;77.967;78.086;77.766;77.876;218.5233;KO.USUSD
2026-03-12 17:00:00;77.877;77.947;77.746;77.916;126.1791;KO.USUSD
2026-03-12 18:00:00;77.927;78.147;77.856;77.866;145.2711;KO.USUSD
2026-03-12 19:00:00;77.866;78.057;77.536;77.617;187.038;KO.USUSD
2026-03-13 13:00:00;77.517;77.776;77.366;77.657;197.9121;KO.USUSD
2026-03-13 14:00:00;77.657;77.707;77.336;77.366;401.4201;KO.USUSD
2026-03-13 15:00:00;77.367;77.607;77.317;77.586;284.7666;KO.USUSD
2026-03-13 16:00:00;77.596;78.017;77.546;77.937;266.6049;KO.USUSD
2026-03-13 17:00:00;77.936;78.037;77.366;77.466;288.0489;KO.USUSD
2026-03-13 18:00:00;77.456;77.766;77.386;77.626;236.3886;KO.USUSD
2026-03-13 19:00:00;77.626;77.697;77.186;77.327;302.7069;KO.USUSD
2026-03-16 13:00:00;77.997;78.317;77.797;78.206;322.566;KO.USUSD
2026-03-16 14:00:00;78.207;78.417;78.066;78.296;362.292;KO.USUSD
2026-03-16 15:00:00;78.297;78.327;77.996;78.017;278.2476;KO.USUSD
2026-03-16 16:00:00;78.007;78.127;77.876;77.977;216.5022;KO.USUSD
2026-03-16 17:00:00;77.977;78.107;77.816;77.886;154.0077;KO.USUSD
2026-03-16 18:00:00;77.896;78.027;77.826;77.937;119.4552;KO.USUSD
2026-03-16 19:00:00;77.947;77.986;77.736;77.836;156.0966;KO.USUSD
2026-03-17 13:00:00;78.066;78.107;77.446;77.507;282.864;KO.USUSD
2026-03-17 14:00:00;77.507;77.986;77.466;77.877;337.2435;KO.USUSD
2026-03-17 15:00:00;77.866;78.097;77.856;78.017;243.4956;KO.USUSD
2026-03-17 16:00:00;78.016;78.197;77.896;78.006;203.3223;KO.USUSD
2026-03-17 17:00:00;77.986;78.057;77.766;77.876;209.6142;KO.USUSD
2026-03-17 18:00:00;77.887;77.897;77.706;77.737;173.2506;KO.USUSD
2026-03-17 19:00:00;77.746;77.766;77.486;77.596;205.4457;KO.USUSD
2026-03-18 13:00:00;76.917;77.096;75.996;76.257;210.5367;KO.USUSD
2026-03-18 14:00:00;76.266;76.787;76.246;76.497;323.6805;KO.USUSD
2026-03-18 15:00:00;76.487;76.587;76.406;76.497;207.1242;KO.USUSD
2026-03-18 16:00:00;76.506;76.717;76.476;76.626;133.5879;KO.USUSD
2026-03-18 17:00:00;76.636;76.647;76.216;76.397;152.8134;KO.USUSD
2026-03-18 18:00:00;76.407;76.427;75.877;75.967;248.5038;KO.USUSD
2026-03-18 19:00:00;75.986;76.097;75.846;75.957;187.0758;KO.USUSD
2026-03-19 13:00:00;75.876;76.437;75.876;75.996;253.479;KO.USUSD
2026-03-19 14:00:00;76.007;76.107;75.516;75.536;360.9096;KO.USUSD
2026-03-19 15:00:00;75.537;75.977;75.526;75.976;255.0864;KO.USUSD
2026-03-19 16:00:00;75.977;76.017;75.716;75.777;231.9411;KO.USUSD
2026-03-19 17:00:00;75.777;75.856;75.566;75.846;162.4005;KO.USUSD
2026-03-19 18:00:00;75.846;75.927;75.696;75.736;138.4086;KO.USUSD
2026-03-19 19:00:00;75.736;76.047;75.536;75.567;257.133;KO.USUSD
2026-03-20 13:00:00;75.757;76.026;75.556;75.606;179.2494;KO.USUSD
2026-03-20 14:00:00;75.607;75.607;74.976;75.127;476.481;KO.USUSD
2026-03-20 15:00:00;75.126;75.287;74.876;75.017;325.1301;KO.USUSD
2026-03-20 16:00:00;75.026;75.096;74.716;74.747;265.224;KO.USUSD
2026-03-20 17:00:00;74.756;74.996;74.726;74.817;241.7841;KO.USUSD
2026-03-20 18:00:00;74.816;74.947;74.626;74.777;315.0384;KO.USUSD
2026-03-20 19:00:00;74.787;74.877;74.246;74.767;335.6346;KO.USUSD
2026-03-23 13:00:00;75.347;75.347;74.536;74.696;308.8836;KO.USUSD
2026-03-23 14:00:00;74.707;75.027;74.546;74.997;437.1888;KO.USUSD
2026-03-23 15:00:00;75.006;75.397;74.976;75.377;255.1905;KO.USUSD
2026-03-23 16:00:00;75.377;75.377;75.076;75.177;262.5561;KO.USUSD
2026-03-23 17:00:00;75.176;75.427;75.146;75.296;201.2301;KO.USUSD
2026-03-23 18:00:00;75.296;75.397;75.106;75.326;161.0775;KO.USUSD
2026-03-24 13:00:00;74.797;75.237;74.666;75.237;184.0176;KO.USUSD
2026-03-24 14:00:00;75.236;75.677;75.226;75.386;478.2225;KO.USUSD
2026-03-24 15:00:00;75.386;75.596;75.286;75.437;309.0336;KO.USUSD
2026-03-24 16:00:00;75.436;75.557;75.297;75.416;210.4404;KO.USUSD
2026-03-24 17:00:00;75.427;75.427;75.126;75.187;242.8968;KO.USUSD
2026-03-24 18:00:00;75.187;75.267;75.026;75.086;240.6867;KO.USUSD
2026-03-24 19:00:00;75.087;75.177;74.626;74.656;230.1375;KO.USUSD
2026-03-25 13:00:00;74.647;74.817;74.237;74.417;275.3373;KO.USUSD
2026-03-25 14:00:00;74.426;74.766;74.056;74.676;355.2204;KO.USUSD
2026-03-25 15:00:00;74.687;75.317;74.676;75.256;244.827;KO.USUSD
2026-03-25 16:00:00;75.247;75.407;75.216;75.326;148.2648;KO.USUSD
2026-03-25 17:00:00;75.327;75.637;75.306;75.507;112.584;KO.USUSD
2026-03-25 18:00:00;75.517;75.557;75.276;75.446;94.1295;KO.USUSD
2026-03-25 19:00:00;75.447;75.477;75.196;75.256;140.6874;KO.USUSD
2026-03-26 13:00:00;75.167;75.417;74.836;75.297;272.7492;KO.USUSD
2026-03-26 14:00:00;75.317;75.737;75.126;75.567;352.4307;KO.USUSD
2026-03-26 15:00:00;75.556;75.607;75.086;75.197;196.563;KO.USUSD
2026-03-26 16:00:00;75.187;75.417;75.116;75.376;254.5725;KO.USUSD
2026-03-26 17:00:00;75.366;75.427;75.186;75.296;207.8376;KO.USUSD
2026-03-26 18:00:00;75.307;75.337;74.986;75.046;184.5732;KO.USUSD
2026-03-26 19:00:00;75.036;75.067;74.636;74.687;152.9394;KO.USUSD
2026-03-27 13:00:00;74.996;75.356;74.696;75.336;234.6378;KO.USUSD
2026-03-27 14:00:00;75.347;75.687;75.246;75.506;494.3142;KO.USUSD
2026-03-27 15:00:00;75.507;75.657;75.346;75.376;354.2199;KO.USUSD
2026-03-27 16:00:00;75.376;75.936;75.296;75.686;324.2847;KO.USUSD
2026-03-27 17:00:00;75.686;76.036;75.657;75.916;206.5476;KO.USUSD
2026-03-27 18:00:00;75.916;75.947;75.706;75.807;209.1393;KO.USUSD
2026-03-27 19:00:00;75.796;75.817;75.336;75.686;208.6953;KO.USUSD
2026-03-30 13:00:00;75.997;76.317;75.706;76.227;290.4879;KO.USUSD
2026-03-30 14:00:00;76.226;76.877;76.176;76.756;531.2706;KO.USUSD
2026-03-30 15:00:00;76.757;76.977;76.646;76.707;397.2312;KO.USUSD
2026-03-30 16:00:00;76.707;76.847;76.616;76.726;290.3457;KO.USUSD
2026-03-30 17:00:00;76.727;76.927;76.637;76.667;254.9229;KO.USUSD
2026-03-30 18:00:00;76.657;76.977;76.616;76.646;230.4657;KO.USUSD
2026-03-30 19:00:00;76.656;76.657;76.196;76.266;326.6088;KO.USUSD
2026-03-31 13:00:00;76.607;76.977;75.887;75.957;290.1201;KO.USUSD
2026-03-31 14:00:00;75.957;76.157;75.496;75.567;727.6953;KO.USUSD
2026-03-31 15:00:00;75.576;75.947;75.567;75.686;505.5753;KO.USUSD
2026-03-31 16:00:00;75.677;75.887;75.496;75.827;481.6782;KO.USUSD
2026-03-31 17:00:00;75.837;76.087;75.596;76.007;476.0877;KO.USUSD
2026-03-31 18:00:00;76.006;76.146;75.776;75.807;400.1355;KO.USUSD
2026-03-31 19:00:00;75.807;76.247;75.756;76.056;378.8697;KO.USUSD
2026-04-01 13:00:00;75.966;76.187;75.596;75.667;354.939;KO.USUSD
2026-04-01 14:00:00;75.677;76.247;75.246;76.057;696.5169;KO.USUSD
2026-04-01 15:00:00;76.067;76.176;75.816;75.857;374.7783;KO.USUSD
2026-04-01 16:00:00;75.867;76.057;75.606;75.987;250.1358;KO.USUSD
2026-04-01 17:00:00;75.986;76.167;75.896;76.096;190.5723;KO.USUSD
2026-04-01 18:00:00;76.097;76.247;76.026;76.166;206.6574;KO.USUSD
2026-04-01 19:00:00;76.166;76.347;76.046;76.087;229.6173;KO.USUSD
2026-04-02 13:00:00;76.447;76.857;76.106;76.517;258.1149;KO.USUSD
2026-04-02 14:00:00;76.507;76.947;76.246;76.817;525.0402;KO.USUSD
2026-04-02 15:00:00;76.816;76.887;76.516;76.677;261.8811;KO.USUSD
2026-04-02 16:00:00;76.667;76.897;76.637;76.637;184.0605;KO.USUSD
2026-04-02 17:00:00;76.636;76.737;76.526;76.666;148.2624;KO.USUSD
2026-04-02 18:00:00;76.667;76.817;76.606;76.806;114.3141;KO.USUSD
2026-04-02 19:00:00;76.806;76.887;76.516;76.666;177.2976;KO.USUSD
2026-04-06 13:00:00;76.576;76.837;76.216;76.816;182.1885;KO.USUSD
2026-04-06 14:00:00;76.817;77.136;76.756;77.076;359.4627;KO.USUSD
2026-04-06 15:00:00;77.087;77.097;76.906;77.046;163.8123;KO.USUSD
2026-04-06 16:00:00;77.037;77.157;76.996;77.126;144.7161;KO.USUSD
2026-04-06 17:00:00;77.126;77.167;77.037;77.096;124.9806;KO.USUSD
2026-04-06 18:00:00;77.107;77.247;76.906;77.207;137.2845;KO.USUSD
2026-04-06 19:00:00;77.197;77.266;77.077;77.216;103.7631;KO.USUSD
2026-04-07 13:00:00;77.136;77.507;77.016;77.496;229.2741;KO.USUSD
2026-04-07 14:00:00;77.487;77.577;76.597;76.597;372.5136;KO.USUSD
2026-04-07 15:00:00;76.607;76.627;76.116;76.157;267.6612;KO.USUSD
2026-04-07 16:00:00;76.157;76.367;76.086;76.216;232.9833;KO.USUSD
2026-04-07 17:00:00;76.217;76.227;75.856;75.956;205.3179;KO.USUSD
2026-04-07 18:00:00;75.956;76.046;75.736;75.787;139.4034;KO.USUSD
2026-04-07 19:00:00;75.787;76.027;75.616;75.917;278.4843;KO.USUSD
2026-04-08 13:00:00;75.737;76.217;75.296;76.147;321.6774;KO.USUSD
2026-04-08 14:00:00;76.136;76.817;76.117;76.707;534.1947;KO.USUSD
2026-04-08 15:00:00;76.696;76.867;76.496;76.757;377.133;KO.USUSD
2026-04-08 16:00:00;76.766;76.827;76.636;76.716;196.9233;KO.USUSD
2026-04-08 17:00:00;76.727;76.857;76.696;76.786;217.9179;KO.USUSD
2026-04-08 18:00:00;76.786;76.937;76.696;76.917;218.8242;KO.USUSD
2026-04-08 19:00:00;76.926;77.357;76.896;77.296;189.3456;KO.USUSD
2026-04-09 13:00:00;76.627;77.657;76.306;77.626;223.9785;KO.USUSD
2026-04-09 14:00:00;77.626;77.807;77.456;77.516;268.9722;KO.USUSD
2026-04-09 15:00:00;77.517;77.927;77.436;77.826;195.8667;KO.USUSD
2026-04-09 16:00:00;77.826;78.077;77.826;77.986;161.226;KO.USUSD
2026-04-09 17:00:00;77.987;78.277;77.966;78.187;212.166;KO.USUSD
2026-04-09 18:00:00;78.176;78.187;78.036;78.056;154.0914;KO.USUSD
2026-04-09 19:00:00;78.066;78.217;78.036;78.167;172.0467;KO.USUSD
2026-04-10 13:00:00;77.946;78.017;77.516;77.806;198.5142;KO.USUSD
2026-04-10 14:00:00;77.807;78.157;77.776;77.847;281.9868;KO.USUSD
2026-04-10 15:00:00;77.836;78.027;77.707;77.966;159.195;KO.USUSD
2026-04-10 16:00:00;77.967;77.977;77.696;77.746;95.7816;KO.USUSD
2026-04-10 17:00:00;77.747;77.757;77.616;77.656;68.8398;KO.USUSD
2026-04-10 18:00:00;77.656;77.677;77.567;77.637;84.7053;KO.USUSD
2026-04-10 19:00:00;77.657;77.677;77.286;77.467;125.0079;KO.USUSD
2026-04-13 13:00:00;77.337;77.377;76.696;76.816;187.3524;KO.USUSD
2026-04-13 14:00:00;76.815;76.946;76.256;76.346;285.6945;KO.USUSD
2026-04-13 15:00:00;76.346;76.456;75.927;76.067;217.4403;KO.USUSD
2026-04-13 16:00:00;76.067;76.107;75.876;75.937;130.7268;KO.USUSD
2026-04-13 17:00:00;75.937;76.027;75.817;75.926;75.5571;KO.USUSD
2026-04-13 18:00:00;75.937;76.177;75.896;76.156;70.4634;KO.USUSD
2026-04-13 19:00:00;76.167;76.467;76.136;76.396;100.5951;KO.USUSD
2026-04-14 13:00:00;75.937;76.537;75.786;76.526;287.5491;KO.USUSD
2026-04-14 14:00:00;76.517;76.617;76.386;76.447;272.5239;KO.USUSD
2026-04-14 15:00:00;76.446;76.597;76.146;76.236;128.0115;KO.USUSD
2026-04-14 16:00:00;76.226;76.237;76.036;76.086;108.2571;KO.USUSD
2026-04-14 17:00:00;76.087;76.107;76.006;76.056;63.8235;KO.USUSD
2026-04-14 18:00:00;76.057;76.287;76.036;76.246;59.7507;KO.USUSD
2026-04-14 19:00:00;76.246;76.357;75.886;75.886;102.4341;KO.USUSD
2026-04-15 13:00:00;75.566;75.656;74.706;75.006;314.082;KO.USUSD
2026-04-15 14:00:00;75.007;75.057;74.767;75.017;313.0284;KO.USUSD
2026-04-15 15:00:00;75.007;75.327;74.966;75.227;234.0189;KO.USUSD
2026-04-15 16:00:00;75.236;75.587;75.136;75.556;180.756;KO.USUSD
2026-04-15 17:00:00;75.536;75.597;75.357;75.396;126.7344;KO.USUSD
2026-04-15 18:00:00;75.386;75.397;75.066;75.217;89.4816;KO.USUSD
2026-04-15 19:00:00;75.216;75.377;75.096;75.297;167.8977;KO.USUSD
2026-04-16 13:00:00;74.967;75.807;74.896;75.756;262.3164;KO.USUSD
2026-04-16 14:00:00;75.756;75.827;75.466;75.477;244.5456;KO.USUSD
2026-04-16 15:00:00;75.476;75.487;75.217;75.267;144.6852;KO.USUSD
2026-04-16 16:00:00;75.267;75.297;74.916;74.946;124.8207;KO.USUSD
2026-04-16 17:00:00;74.937;75.057;74.906;75.047;65.2725;KO.USUSD
2026-04-16 18:00:00;75.047;75.087;74.956;74.957;99.8544;KO.USUSD
2026-04-16 19:00:00;74.957;75.247;74.936;75.147;109.317;KO.USUSD
2026-04-17 13:00:00;74.777;75.707;74.777;75.637;278.2707;KO.USUSD
2026-04-17 14:00:00;75.636;75.787;75.446;75.757;359.97;KO.USUSD
2026-04-17 15:00:00;75.756;76.027;75.756;76.026;178.0506;KO.USUSD
2026-04-17 16:00:00;76.036;76.047;75.856;75.927;86.7852;KO.USUSD
2026-04-17 17:00:00;75.946;75.957;75.766;75.866;90.1389;KO.USUSD
2026-04-17 18:00:00;75.867;75.986;75.786;75.876;94.2771;KO.USUSD
2026-04-17 19:00:00;75.867;76.016;75.696;75.727;162.3951;KO.USUSD
2026-04-20 13:00:00;75.807;76.166;75.656;75.796;202.365;KO.USUSD
2026-04-20 14:00:00;75.796;76.207;75.776;76.146;219.945;KO.USUSD
2026-04-20 15:00:00;76.147;76.197;75.936;75.937;238.1322;KO.USUSD
2026-04-20 16:00:00;75.957;76.026;75.746;75.776;121.7847;KO.USUSD
2026-04-20 17:00:00;75.777;75.777;75.487;75.536;91.4817;KO.USUSD
2026-04-20 18:00:00;75.547;75.587;75.406;75.546;103.2771;KO.USUSD
2026-04-20 19:00:00;75.537;75.607;75.356;75.477;141.0186;KO.USUSD
2026-04-21 13:00:00;75.397;75.497;74.806;74.997;246.642;KO.USUSD
2026-04-21 14:00:00;74.996;75.087;74.656;74.866;269.8311;KO.USUSD
2026-04-21 15:00:00;74.867;74.957;74.606;74.867;213.1584;KO.USUSD
2026-04-21 16:00:00;74.867;74.927;74.666;74.717;110.3997;KO.USUSD
2026-04-21 17:00:00;74.706;75.187;74.666;74.997;127.6434;KO.USUSD
2026-04-21 18:00:00;74.996;75.167;74.936;75.087;118.6251;KO.USUSD
2026-04-21 19:00:00;75.076;75.157;74.686;74.707;177.738;KO.USUSD
2026-04-22 13:00:00;74.726;75.297;74.716;75.296;239.4468;KO.USUSD
2026-04-22 14:00:00;75.297;75.367;75.187;75.307;299.034;KO.USUSD
2026-04-22 15:00:00;75.316;75.367;74.856;74.897;212.2113;KO.USUSD
2026-04-22 16:00:00;74.896;74.957;74.716;74.837;91.6998;KO.USUSD
2026-04-22 17:00:00;74.827;74.937;74.726;74.727;79.1607;KO.USUSD
2026-04-22 18:00:00;74.726;74.767;74.586;74.636;72.5535;KO.USUSD
2026-04-22 19:00:00;74.647;74.797;74.546;74.626;168.7812;KO.USUSD
2026-04-23 13:00:00;75.156;76.037;75.146;76.037;195.0315;KO.USUSD
2026-04-23 14:00:00;76.047;76.567;75.996;76.056;199.4919;KO.USUSD
2026-04-23 15:00:00;76.057;76.427;75.866;76.297;144.5514;KO.USUSD
2026-04-23 16:00:00;76.306;76.416;76.236;76.357;83.0373;KO.USUSD
2026-04-23 17:00:00;76.347;76.607;76.217;76.537;167.4366;KO.USUSD
2026-04-23 18:00:00;76.516;76.607;76.426;76.487;94.1079;KO.USUSD
2026-04-23 19:00:00;76.486;76.647;76.286;76.297;104.3394;KO.USUSD
2026-04-24 13:00:00;76.547;76.757;76.156;76.656;249.9693;KO.USUSD
2026-04-24 14:00:00;76.657;76.997;76.556;76.697;379.98;KO.USUSD
2026-04-24 15:00:00;76.707;76.807;76.596;76.767;259.2012;KO.USUSD
2026-04-24 16:00:00;76.757;76.827;76.596;76.686;116.3652;KO.USUSD
2026-04-24 17:00:00;76.686;76.776;76.526;76.537;70.5852;KO.USUSD
2026-04-24 18:00:00;76.547;76.547;76.386;76.506;85.6308;KO.USUSD
2026-04-24 19:00:00;76.517;76.726;76.376;76.627;152.205;KO.USUSD
2026-04-27 13:00:00;76.386;76.677;76.096;76.486;339.8844;KO.USUSD
2026-04-27 14:00:00;76.487;76.517;76.056;76.237;415.8729;KO.USUSD
2026-04-27 15:00:00;76.236;76.236;75.846;75.967;203.4006;KO.USUSD
2026-04-27 16:00:00;75.966;76.297;75.946;76.267;134.5389;KO.USUSD
2026-04-27 17:00:00;76.277;76.296;75.996;75.997;109.3089;KO.USUSD
2026-04-27 18:00:00;76.006;76.057;75.926;76.006;82.6425;KO.USUSD
2026-04-27 19:00:00;76.006;76.087;75.296;75.407;253.0629;KO.USUSD
2026-04-28 13:00:00;79.467;80.027;78.787;79.207;668.8878;KO.USUSD
2026-04-28 14:00:00;79.227;80.276;79.116;80.207;640.2444;KO.USUSD
2026-04-28 15:00:00;80.207;80.307;79.816;80.006;484.7613;KO.USUSD
2026-04-28 16:00:00;80.017;80.287;79.946;80.047;247.3539;KO.USUSD
2026-04-28 17:00:00;80.056;80.077;79.526;79.546;256.2459;KO.USUSD
2026-04-28 18:00:00;79.537;79.586;78.546;78.637;239.2572;KO.USUSD
2026-04-28 19:00:00;78.637;78.657;78.076;78.376;350.4873;KO.USUSD
2026-04-29 13:00:00;78.237;79.167;78.186;79.046;326.454;KO.USUSD
2026-04-29 14:00:00;79.056;79.197;78.186;78.537;534.7146;KO.USUSD
2026-04-29 15:00:00;78.546;78.907;78.506;78.806;294.402;KO.USUSD
2026-04-29 16:00:00;78.806;79.267;78.806;78.966;188.8677;KO.USUSD
2026-04-29 17:00:00;78.967;79.047;78.836;78.896;171.2814;KO.USUSD
2026-04-29 18:00:00;78.876;79.057;78.746;78.816;204.4194;KO.USUSD
2026-04-29 19:00:00;78.827;78.957;78.586;78.886;266.4939;KO.USUSD
2026-04-30 13:00:00;78.647;79.087;78.396;78.437;256.113;KO.USUSD
2026-04-30 14:00:00;78.437;79.087;78.356;78.577;550.1691;KO.USUSD
2026-04-30 15:00:00;78.576;78.677;78.316;78.516;333.2565;KO.USUSD
2026-04-30 16:00:00;78.516;78.856;78.346;78.837;183.0996;KO.USUSD
2026-04-30 17:00:00;78.837;78.837;78.376;78.456;168.8568;KO.USUSD
2026-04-30 18:00:00;78.457;78.686;78.367;78.457;150.8769;KO.USUSD
2026-04-30 19:00:00;78.466;78.917;78.376;78.786;198.9465;KO.USUSD
2026-05-01 13:00:00;79.287;79.497;78.776;79.247;257.814;KO.USUSD
2026-05-01 14:00:00;79.237;79.627;79.057;79.157;472.9227;KO.USUSD
2026-05-01 15:00:00;79.157;79.246;78.796;78.897;250.9443;KO.USUSD
2026-05-01 16:00:00;78.906;78.907;78.406;78.407;145.8825;KO.USUSD
2026-05-01 17:00:00;78.407;78.487;78.276;78.306;94.9116;KO.USUSD
2026-05-01 18:00:00;78.327;78.347;78.026;78.257;140.3169;KO.USUSD
2026-05-01 19:00:00;78.256;78.837;78.256;78.566;161.9778;KO.USUSD
2026-05-04 13:00:00;77.876;78.507;77.636;78.487;275.5626;KO.USUSD
2026-05-04 14:00:00;78.477;78.707;78.307;78.586;292.9548;KO.USUSD
2026-05-04 15:00:00;78.587;78.757;78.366;78.396;273.5991;KO.USUSD
2026-05-04 16:00:00;78.396;78.447;78.136;78.197;179.0157;KO.USUSD
2026-05-04 17:00:00;78.186;78.397;78.116;78.287;167.4432;KO.USUSD
2026-05-04 18:00:00;78.266;78.357;77.906;77.907;125.7864;KO.USUSD
2026-05-04 19:00:00;77.897;78.227;77.867;78.196;195.9465;KO.USUSD
2026-05-05 13:00:00;77.987;78.346;77.726;78.117;255.9768;KO.USUSD
2026-05-05 14:00:00;78.117;78.527;77.966;78.407;349.9611;KO.USUSD
2026-05-05 15:00:00;78.406;78.537;78.296;78.536;143.7861;KO.USUSD
2026-05-05 16:00:00;78.537;78.667;78.376;78.447;140.8707;KO.USUSD
2026-05-05 17:00:00;78.436;78.507;78.326;78.486;69.828;KO.USUSD
2026-05-05 18:00:00;78.496;78.767;78.406;78.707;67.1025;KO.USUSD
2026-05-05 19:00:00;78.696;78.767;78.276;78.496;169.2825;KO.USUSD
2026-05-06 13:00:00;78.726;79.196;78.527;78.997;275.1849;KO.USUSD
2026-05-06 14:00:00;79.007;79.116;78.766;78.957;427.2762;KO.USUSD
2026-05-06 15:00:00;78.957;79.037;78.626;78.747;276.666;KO.USUSD
2026-05-06 16:00:00;78.757;78.807;78.556;78.626;143.5488;KO.USUSD
2026-05-06 17:00:00;78.626;79.017;78.586;79.017;104.1189;KO.USUSD
2026-05-06 18:00:00;79.016;79.176;78.966;79.136;94.6626;KO.USUSD
2026-05-06 19:00:00;79.116;79.317;79.076;79.187;146.3304;KO.USUSD
2026-05-07 13:00:00;78.806;78.837;78.166;78.497;304.7166;KO.USUSD
2026-05-07 14:00:00;78.497;78.567;78.086;78.537;443.9037;KO.USUSD
2026-05-07 15:00:00;78.537;79.007;78.516;78.956;291.6822;KO.USUSD
2026-05-07 16:00:00;78.956;79.137;78.746;78.746;260.9013;KO.USUSD
2026-05-07 17:00:00;78.747;79.016;78.516;78.556;234.8541;KO.USUSD
2026-05-07 18:00:00;78.547;78.887;78.506;78.797;235.7022;KO.USUSD
2026-05-07 19:00:00;78.796;78.917;78.376;78.437;332.6565;KO.USUSD
2026-05-08 13:00:00;78.417;79.166;78.416;78.997;211.0845;KO.USUSD
2026-05-08 14:00:00;78.996;78.997;78.626;78.666;348.0111;KO.USUSD
2026-05-08 15:00:00;78.667;78.927;78.446;78.917;166.0104;KO.USUSD
2026-05-08 16:00:00;78.916;78.947;78.486;78.487;135.0006;KO.USUSD
2026-05-08 17:00:00;78.497;78.627;78.346;78.626;140.3718;KO.USUSD
2026-05-08 18:00:00;78.626;78.626;78.157;78.237;158.5269;KO.USUSD
2026-05-08 19:00:00;78.237;78.547;78.106;78.406;143.4375;KO.USUSD
2026-05-11 13:00:00;78.146;78.387;77.837;78.367;206.394;KO.USUSD
2026-05-11 14:00:00;78.366;78.387;78.076;78.157;398.4537;KO.USUSD
2026-05-11 15:00:00;78.167;78.277;77.846;77.896;234.3705;KO.USUSD
2026-05-11 16:00:00;77.907;78.077;77.837;78.026;182.6169;KO.USUSD
2026-05-11 17:00:00;78.027;78.447;77.987;78.417;206.6625;KO.USUSD
2026-05-11 18:00:00;78.417;78.537;77.996;78.157;219.7761;KO.USUSD
2026-05-11 19:00:00;78.157;78.717;78.086;78.667;241.7604;KO.USUSD
2026-05-12 13:00:00;79.016;79.107;78.266;78.846;222.8106;KO.USUSD
2026-05-12 14:00:00;78.867;79.407;78.686;79.367;590.1909;KO.USUSD
2026-05-12 15:00:00;79.367;79.907;79.176;79.886;464.001;KO.USUSD
2026-05-12 16:00:00;79.887;80.186;79.686;80.176;315.8376;KO.USUSD
2026-05-12 17:00:00;80.166;80.276;80.036;80.107;280.4331;KO.USUSD
2026-05-12 18:00:00;80.106;80.307;79.966;80.286;176.8542;KO.USUSD
2026-05-12 19:00:00;80.276;80.286;80.007;80.066;246.4947;KO.USUSD
2026-05-13 13:00:00;79.856;80.997;79.807;80.676;251.715;KO.USUSD
2026-05-13 14:00:00;80.676;80.767;80.116;80.286;394.0158;KO.USUSD
2026-05-13 15:00:00;80.276;80.337;79.827;80.286;252.7551;KO.USUSD
2026-05-13 16:00:00;80.277;80.287;79.996;80.127;189.8454;KO.USUSD
2026-05-13 17:00:00;80.117;80.227;79.996;80.217;143.1561;KO.USUSD
2026-05-13 18:00:00;80.217;80.377;80.056;80.357;158.9589;KO.USUSD
2026-05-13 19:00:00;80.356;80.466;80.216;80.237;217.3878;KO.USUSD
2026-05-14 13:00:00;80.697;80.697;79.896;80.207;154.0161;KO.USUSD
2026-05-14 14:00:00;80.206;80.597;79.986;80.546;288.6195;KO.USUSD
2026-05-14 15:00:00;80.547;80.897;80.296;80.877;214.3743;KO.USUSD
2026-05-14 16:00:00;80.866;80.897;80.666;80.706;147.8544;KO.USUSD
2026-05-14 17:00:00;80.707;80.846;80.606;80.617;139.8807;KO.USUSD
2026-05-14 18:00:00;80.637;80.677;80.506;80.506;166.1571;KO.USUSD
2026-05-14 19:00:00;80.506;80.717;80.347;80.476;186.4296;KO.USUSD
2026-05-15 13:00:00;80.907;81.297;80.696;81.187;233.0271;KO.USUSD
2026-05-15 14:00:00;81.197;81.316;80.747;80.796;385.992;KO.USUSD
2026-05-15 15:00:00;80.876;80.997;80.446;80.706;301.0059;KO.USUSD
2026-05-15 16:00:00;80.717;80.906;80.676;80.766;173.6907;KO.USUSD
2026-05-15 17:00:00;80.756;81.127;80.736;80.916;165.6252;KO.USUSD
2026-05-15 18:00:00;80.927;81.057;80.776;81.026;181.1916;KO.USUSD
2026-05-15 19:00:00;81.016;81.066;80.806;80.816;213.7914;KO.USUSD
2026-05-18 13:00:00;80.796;81.097;80.387;80.916;234.5085;KO.USUSD
2026-05-18 14:00:00;80.927;81.277;80.536;81.166;536.1453;KO.USUSD
2026-05-18 15:00:00;81.156;81.206;80.786;80.897;367.9923;KO.USUSD
2026-05-18 16:00:00;80.897;81.087;80.806;80.856;235.7769;KO.USUSD
2026-05-18 17:00:00;80.847;81.187;80.816;81.147;194.4543;KO.USUSD
2026-05-18 18:00:00;81.136;81.317;81.067;81.187;206.8197;KO.USUSD
2026-05-18 19:00:00;81.197;81.377;81.116;81.207;326.3394;KO.USUSD
2026-05-19 13:00:00;81.407;82.196;81.246;82.126;222.4995;KO.USUSD
2026-05-19 14:00:00;82.106;82.657;82.067;82.327;442.0212;KO.USUSD
2026-05-19 15:00:00;82.326;82.446;81.906;82.156;303.5256;KO.USUSD
2026-05-19 16:00:00;82.156;82.387;81.966;82.307;209.0622;KO.USUSD
2026-05-19 17:00:00;82.296;82.307;81.876;81.947;202.1232;KO.USUSD
2026-05-19 18:00:00;81.937;81.977;81.766;81.786;128.8806;KO.USUSD
2026-05-19 19:00:00;81.796;81.997;81.726;81.926;226.5156;KO.USUSD
2026-05-20 13:00:00;82.007;82.257;81.656;81.917;214.7622;KO.USUSD
2026-05-20 14:00:00;81.917;82.117;81.506;81.926;402.4608;KO.USUSD
2026-05-20 15:00:00;81.927;82.337;81.826;82.067;261.2631;KO.USUSD
2026-05-20 16:00:00;82.066;82.387;82.047;82.187;186.8196;KO.USUSD
2026-05-20 17:00:00;82.186;82.237;81.856;81.877;194.5497;KO.USUSD
2026-05-20 18:00:00;81.876;81.956;81.757;81.816;142.7199;KO.USUSD
2026-05-20 19:00:00;81.826;81.897;81.526;81.537;188.9976;KO.USUSD
2026-05-21 13:00:00;81.656;81.737;80.776;81.396;216.8898;KO.USUSD
2026-05-21 14:00:00;81.406;81.526;81.076;81.326;298.4916;KO.USUSD
2026-05-21 15:00:00;81.326;81.437;81.206;81.346;220.5207;KO.USUSD
2026-05-21 16:00:00;81.336;81.507;81.266;81.366;118.8753;KO.USUSD
2026-05-21 17:00:00;81.377;81.417;81.046;81.076;217.347;KO.USUSD
2026-05-21 18:00:00;81.077;81.107;80.706;80.797;232.6488;KO.USUSD
2026-05-21 19:00:00;80.796;81.227;80.796;81.146;270.4896;KO.USUSD
2026-05-22 13:00:00;80.896;81.547;80.896;81.446;136.7133;KO.USUSD
2026-05-22 14:00:00;81.457;81.457;80.937;80.967;230.9568;KO.USUSD
2026-05-22 15:00:00;80.966;81.247;80.916;81.166;135.9471;KO.USUSD
2026-05-22 16:00:00;81.156;81.347;81.086;81.227;109.1244;KO.USUSD
2026-05-22 17:00:00;81.237;81.417;81.186;81.397;99.8997;KO.USUSD
2026-05-22 18:00:00;81.407;81.647;81.396;81.526;69.8253;KO.USUSD
2026-05-22 19:00:00;81.536;81.667;81.486;81.567;91.4778;KO.USUSD
2026-05-26 13:00:00;81.016;81.597;80.496;80.496;219.5475;KO.USUSD
2026-05-26 14:00:00;80.477;80.707;80.256;80.366;382.3182;KO.USUSD
2026-05-26 15:00:00;80.366;80.637;80.296;80.587;277.4724;KO.USUSD
2026-05-26 16:00:00;80.586;80.687;80.346;80.347;143.9853;KO.USUSD
2026-05-26 17:00:00;80.346;80.477;80.237;80.296;132.1152;KO.USUSD
2026-05-26 18:00:00;80.296;80.607;80.296;80.516;137.0298;KO.USUSD
2026-05-26 19:00:00;80.526;80.847;80.467;80.506;191.9232;KO.USUSD
2026-05-27 13:00:00;81.057;82.037;80.736;81.736;244.0911;KO.USUSD
2026-05-27 14:00:00;81.736;82.297;81.666;82.147;400.5774;KO.USUSD
2026-05-27 15:00:00;82.157;82.497;82.156;82.356;294.756;KO.USUSD
2026-05-27 16:00:00;82.357;82.397;81.976;82.056;156.2142;KO.USUSD
2026-05-27 17:00:00;82.057;82.217;81.906;81.966;123.5643;KO.USUSD
2026-05-27 18:00:00;81.957;82.126;81.827;81.916;139.2507;KO.USUSD
2026-05-27 19:00:00;81.917;82.037;81.596;81.617;219.2205;KO.USUSD
2026-05-28 13:00:00;81.266;81.477;80.886;80.907;173.4423;KO.USUSD
2026-05-28 14:00:00;80.907;81.127;80.716;80.797;316.0758;KO.USUSD
2026-05-28 15:00:00;80.796;80.807;80.546;80.677;177.9498;KO.USUSD
2026-05-28 16:00:00;80.676;80.697;80.496;80.636;143.3799;KO.USUSD
2026-05-28 17:00:00;80.637;80.637;80.356;80.436;103.3062;KO.USUSD
2026-05-28 18:00:00;80.426;80.527;80.317;80.357;116.2362;KO.USUSD
2026-05-28 19:00:00;80.347;80.586;80.336;80.427;169.5198;KO.USUSD
2026-05-29 13:00:00;79.836;80.316;79.786;79.786;198.2115;KO.USUSD
2026-05-29 14:00:00;79.787;80.127;79.466;79.767;347.8119;KO.USUSD
2026-05-29 15:00:00;79.787;79.797;79.117;79.366;263.7723;KO.USUSD
2026-05-29 16:00:00;79.366;79.627;79.246;79.576;152.487;KO.USUSD
2026-05-29 17:00:00;79.567;79.597;79.356;79.427;104.7807;KO.USUSD
2026-05-29 18:00:00;79.437;79.627;79.336;79.547;157.1289;KO.USUSD
2026-05-29 19:00:00;79.546;79.566;78.896;78.996;238.9785;KO.USUSD
2026-06-01 13:00:00;78.586;79.187;78.406;79.157;218.9562;KO.USUSD
2026-06-01 14:00:00;79.157;79.187;78.726;78.817;310.1676;KO.USUSD
2026-06-01 15:00:00;78.807;78.887;78.556;78.757;207.6678;KO.USUSD
2026-06-01 16:00:00;78.746;78.847;78.636;78.726;159.648;KO.USUSD
2026-06-01 17:00:00;78.737;78.797;78.596;78.737;150.378;KO.USUSD
2026-06-01 18:00:00;78.736;78.927;78.696;78.796;118.0644;KO.USUSD
2026-06-01 19:00:00;78.786;78.827;78.496;78.616;145.3533;KO.USUSD
2026-06-02 13:00:00;78.817;79.187;78.506;78.586;212.1114;KO.USUSD
2026-06-02 14:00:00;78.586;78.807;78.246;78.357;342.3447;KO.USUSD
2026-06-02 15:00:00;78.357;78.456;78.256;78.347;159.8052;KO.USUSD
2026-06-02 16:00:00;78.357;78.487;78.236;78.427;131.541;KO.USUSD
2026-06-02 17:00:00;78.427;78.497;78.306;78.427;92.4372;KO.USUSD
2026-06-02 18:00:00;78.426;78.507;78.296;78.487;93.8553;KO.USUSD
2026-06-02 19:00:00;78.486;78.596;78.346;78.407;123.7278;KO.USUSD
2026-06-03 13:00:00;78.327;78.977;78.096;78.876;224.9685;KO.USUSD
2026-06-03 14:00:00;78.886;78.917;78.506;78.607;351.0621;KO.USUSD
2026-06-03 15:00:00;78.616;78.657;78.366;78.606;227.7414;KO.USUSD
2026-06-03 16:00:00;78.597;78.967;78.596;78.926;151.8798;KO.USUSD
2026-06-03 17:00:00;78.927;79.017;78.746;78.857;158.4474;KO.USUSD
2026-06-03 18:00:00;78.856;78.867;78.696;78.797;120.6417;KO.USUSD
2026-06-03 19:00:00;78.797;78.837;78.506;78.766;170.2932;KO.USUSD
2026-06-04 13:00:00;79.617;79.987;79.516;79.656;233.0415;KO.USUSD
2026-06-04 14:00:00;79.656;79.667;78.766;78.796;377.2902;KO.USUSD
2026-06-04 15:00:00;78.797;78.837;78.306;78.547;267.5604;KO.USUSD
2026-06-04 16:00:00;78.547;78.837;78.436;78.597;197.0316;KO.USUSD
2026-06-04 17:00:00;78.587;78.587;77.636;77.697;175.698;KO.USUSD
2026-06-04 18:00:00;77.687;77.707;77.346;77.366;217.6215;KO.USUSD
2026-06-04 19:00:00;77.386;77.416;76.796;76.827;239.8203;KO.USUSD
2026-06-05 13:00:00;77.346;79.176;77.346;79.156;272.9367;KO.USUSD
2026-06-05 14:00:00;79.157;79.176;78.506;78.736;504.5697;KO.USUSD
2026-06-05 15:00:00;78.736;79.456;78.736;79.376;358.9974;KO.USUSD
2026-06-05 16:00:00;79.376;80.067;79.356;79.896;333.0954;KO.USUSD
2026-06-05 17:00:00;79.897;80.127;79.746;79.886;256.9212;KO.USUSD
2026-06-05 18:00:00;79.887;80.727;79.856;80.166;274.6074;KO.USUSD
2026-06-05 19:00:00;80.157;80.287;79.456;79.487;386.3835;KO.USUSD
2026-06-08 13:00:00;79.227;79.886;79.076;79.617;234.9294;KO.USUSD
2026-06-08 14:00:00;79.617;79.916;79.296;79.346;389.0784;KO.USUSD
2026-06-08 15:00:00;79.357;79.477;79.256;79.387;218.2137;KO.USUSD
2026-06-08 16:00:00;79.376;79.537;79.207;79.356;170.7747;KO.USUSD
2026-06-08 17:00:00;79.357;79.377;79.186;79.326;167.3988;KO.USUSD
2026-06-08 18:00:00;79.316;79.637;79.316;79.466;121.8465;KO.USUSD
2026-06-08 19:00:00;79.466;79.617;79.366;79.517;197.8221;KO.USUSD
2026-06-09 13:00:00;79.567;79.736;79.427;79.527;222.5505;KO.USUSD
2026-06-09 14:00:00;79.546;80.737;79.546;80.426;521.1003;KO.USUSD
2026-06-09 15:00:00;80.426;81.327;80.396;81.296;442.6905;KO.USUSD
2026-06-09 16:00:00;81.296;81.747;81.126;81.546;585.4062;KO.USUSD
2026-06-09 17:00:00;81.546;81.597;80.816;81.007;424.2867;KO.USUSD
2026-06-09 18:00:00;81.006;81.047;80.676;80.686;235.0404;KO.USUSD
2026-06-09 19:00:00;80.687;81.367;80.676;81.326;314.2773;KO.USUSD
2026-06-10 13:00:00;82.436;83.077;82.026;83.046;367.9413;KO.USUSD
2026-06-10 14:00:00;83.046;83.637;82.916;83.396;614.8038;KO.USUSD
2026-06-10 15:00:00;83.406;83.837;83.366;83.576;499.0497;KO.USUSD
2026-06-10 16:00:00;83.577;83.737;83.536;83.677;248.9877;KO.USUSD
2026-06-10 17:00:00;83.677;83.787;83.226;83.276;252.4689;KO.USUSD
2026-06-10 18:00:00;83.277;83.687;83.277;83.687;214.6059;KO.USUSD
2026-06-10 19:00:00;83.696;83.797;83.406;83.566;289.5462;KO.USUSD
2026-06-11 13:00:00;83.747;83.837;83.146;83.457;280.3755;KO.USUSD
2026-06-11 14:00:00;83.467;84.027;83.256;83.907;600.4593;KO.USUSD
2026-06-11 15:00:00;83.906;84.036;83.486;83.537;362.9262;KO.USUSD
2026-06-11 16:00:00;83.556;83.577;83.267;83.517;223.0239;KO.USUSD
2026-06-11 17:00:00;83.526;83.677;83.246;83.256;383.8506;KO.USUSD
2026-06-11 18:00:00;83.246;83.417;83.156;83.356;231.9585;KO.USUSD
2026-06-11 19:00:00;83.367;83.437;82.476;82.527;315.5817;KO.USUSD
2026-06-12 13:00:00;82.606;82.877;82.146;82.257;275.1723;KO.USUSD
2026-06-12 14:00:00;82.237;82.476;81.746;82.427;388.1244;KO.USUSD
2026-06-12 15:00:00;82.427;82.487;82.117;82.297;321.7515;KO.USUSD
2026-06-12 16:00:00;82.296;82.317;81.976;81.997;314.4249;KO.USUSD
2026-06-12 17:00:00;81.996;82.277;81.996;82.196;203.4345;KO.USUSD
2026-06-12 18:00:00;82.206;82.717;82.206;82.537;226.4025;KO.USUSD
2026-06-12 19:00:00;82.536;82.687;82.356;82.607;215.0331;KO.USUSD
2026-06-15 13:00:00;81.067;81.137;80.306;80.977;307.2204;KO.USUSD
2026-06-15 14:00:00;80.997;81.137;80.726;80.837;348.0117;KO.USUSD
2026-06-15 15:00:00;80.856;80.856;80.337;80.337;179.937;KO.USUSD
2026-06-15 16:00:00;80.346;80.657;80.246;80.607;142.9137;KO.USUSD
2026-06-15 17:00:00;80.616;80.926;80.606;80.697;101.4507;KO.USUSD
2026-06-15 18:00:00;80.707;80.847;80.626;80.716;106.458;KO.USUSD
2026-06-15 19:00:00;80.716;81.077;80.706;80.896;191.8368;KO.USUSD
2026-06-16 13:00:00;81.026;81.307;80.006;80.327;242.6307;KO.USUSD
2026-06-16 14:00:00;80.327;81.377;80.286;80.676;428.3583;KO.USUSD
2026-06-16 15:00:00;80.667;81.007;80.257;80.976;314.4333;KO.USUSD
2026-06-16 16:00:00;80.977;80.977;80.266;80.287;302.4435;KO.USUSD
2026-06-16 17:00:00;80.297;80.386;80.156;80.167;171.8898;KO.USUSD
2026-06-16 18:00:00;80.177;80.177;80.016;80.037;151.8153;KO.USUSD
2026-06-16 19:00:00;80.036;80.307;79.836;80.296;288.7137;KO.USUSD
2026-06-17 13:00:00;79.796;79.956;78.987;79.366;232.0188;KO.USUSD
2026-06-17 14:00:00;79.396;80.006;79.266;79.906;398.7021;KO.USUSD
2026-06-17 15:00:00;79.927;80.267;79.876;80.236;179.6661;KO.USUSD
2026-06-17 16:00:00;80.237;80.317;80.056;80.086;177.7425;KO.USUSD
2026-06-17 17:00:00;80.087;80.247;80.016;80.166;148.9371;KO.USUSD
2026-06-17 18:00:00;80.186;80.187;79.707;79.707;381.2691;KO.USUSD
2026-06-17 19:00:00;79.707;80.067;79.466;79.936;470.3505;KO.USUSD
2026-06-18 13:00:00;79.867;79.867;79.416;79.497;180.8949;KO.USUSD
2026-06-18 14:00:00;79.496;79.597;78.777;78.897;308.8275;KO.USUSD
2026-06-18 15:00:00;78.897;79.157;78.756;78.917;236.8977;KO.USUSD
2026-06-18 16:00:00;78.916;78.997;78.817;78.926;144.2253;KO.USUSD
2026-06-18 17:00:00;78.926;78.987;78.736;78.826;134.0535;KO.USUSD
2026-06-18 18:00:00;78.827;79.426;78.786;79.236;213.3219;KO.USUSD
2026-06-18 19:00:00;79.236;79.537;78.946;79.396;407.0709;KO.USUSD
2026-06-22 13:00:00;79.487;79.767;79.036;79.217;237.2955;KO.USUSD
2026-06-22 14:00:00;79.217;79.677;79.196;79.506;376.2225;KO.USUSD
2026-06-22 15:00:00;79.507;79.626;79.406;79.486;195.1122;KO.USUSD
2026-06-22 16:00:00;79.486;79.877;79.466;79.827;159.5352;KO.USUSD
2026-06-22 17:00:00;79.826;79.947;79.776;79.807;135.3834;KO.USUSD
2026-06-22 18:00:00;79.807;79.847;79.667;79.806;117.8043;KO.USUSD
2026-06-22 19:00:00;79.807;80.047;79.526;79.557;162.1248;KO.USUSD
2026-06-23 13:00:00;80.816;81.067;80.026;80.256;288.132;KO.USUSD
2026-06-23 14:00:00;80.276;80.477;80.046;80.176;475.9908;KO.USUSD
2026-06-23 15:00:00;80.177;80.277;79.966;80.106;250.2423;KO.USUSD
2026-06-23 16:00:00;80.106;80.107;79.816;79.907;197.4879;KO.USUSD
2026-06-23 17:00:00;79.917;80.077;79.846;80.077;170.3916;KO.USUSD
2026-06-23 18:00:00;80.076;80.307;80.016;80.266;178.8852;KO.USUSD
2026-06-23 19:00:00;80.266;80.397;80.066;80.316;298.0374;KO.USUSD
2026-06-24 13:00:00;81.186;81.297;80.616;81.136;231.9648;KO.USUSD
2026-06-24 14:00:00;81.127;81.376;80.886;81.206;472.7877;KO.USUSD
2026-06-24 15:00:00;81.207;81.566;81.166;81.226;240.4785;KO.USUSD
2026-06-24 16:00:00;81.236;81.337;80.956;80.967;150.9852;KO.USUSD
2026-06-24 17:00:00;80.977;80.997;80.656;80.816;207.5712;KO.USUSD
2026-06-24 18:00:00;80.816;81.097;80.816;80.997;207.0615;KO.USUSD
2026-06-24 19:00:00;81.007;81.137;80.546;80.596;297.7473;KO.USUSD
2026-06-25 13:00:00;80.477;81.367;80.316;81.227;263.0079;KO.USUSD
2026-06-25 14:00:00;81.206;81.227;80.456;80.657;634.9329;KO.USUSD
2026-06-25 15:00:00;80.657;80.826;80.256;80.377;307.911;KO.USUSD
2026-06-25 16:00:00;80.377;80.467;80.186;80.207;269.7633;KO.USUSD
2026-06-25 17:00:00;80.217;80.316;79.946;80.076;215.8734;KO.USUSD
2026-06-25 18:00:00;80.067;80.447;80.016;80.417;201.8025;KO.USUSD
2026-06-25 19:00:00;80.426;80.607;80.336;80.427;290.2659;KO.USUSD
2026-06-26 13:00:00;80.917;81.726;80.646;81.456;249.9876;KO.USUSD
2026-06-26 14:00:00;81.436;81.576;81.226;81.536;363.3744;KO.USUSD
2026-06-26 15:00:00;81.556;81.797;81.346;81.437;282.105;KO.USUSD
2026-06-26 16:00:00;81.447;81.667;81.316;81.637;219.1971;KO.USUSD
2026-06-26 17:00:00;81.646;81.967;81.646;81.927;161.3016;KO.USUSD
2026-06-26 18:00:00;81.937;82.377;81.926;82.327;172.5945;KO.USUSD
2026-06-26 19:00:00;82.337;82.746;82.006;82.596;411.5244;KO.USUSD
2026-06-29 13:00:00;82.776;83.357;82.536;83.176;300.5985;KO.USUSD
2026-06-29 14:00:00;83.177;83.607;83.036;83.087;643.8387;KO.USUSD
2026-06-29 15:00:00;83.087;83.247;82.716;82.777;248.6001;KO.USUSD
2026-06-29 16:00:00;82.786;82.797;82.496;82.516;166.8291;KO.USUSD
2026-06-29 17:00:00;82.517;82.517;82.196;82.247;148.5252;KO.USUSD
2026-06-29 18:00:00;82.246;82.467;82.206;82.416;142.2471;KO.USUSD
2026-06-29 19:00:00;82.417;82.687;82.396;82.627;214.1358;KO.USUSD
2026-06-30 13:00:00;82.396;82.396;81.466;81.507;177.8868;KO.USUSD
2026-06-30 14:00:00;81.526;81.916;81.246;81.876;307.6821;KO.USUSD
2026-06-30 15:00:00;81.867;82.087;81.666;82.077;229.3251;KO.USUSD
2026-06-30 16:00:00;82.057;82.077;81.676;81.736;136.5444;KO.USUSD
2026-06-30 17:00:00;81.727;81.947;81.716;81.896;105.6417;KO.USUSD
2026-06-30 18:00:00;81.887;81.957;81.517;81.527;121.9917;KO.USUSD
2026-06-30 19:00:00;81.526;81.526;81.006;81.227;224.6595;KO.USUSD
2026-07-01 13:00:00;81.526;81.897;81.156;81.656;260.4438;KO.USUSD
2026-07-01 14:00:00;81.636;81.966;81.316;81.766;442.5843;KO.USUSD
2026-07-01 15:00:00;81.767;81.826;81.586;81.626;319.416;KO.USUSD
2026-07-01 16:00:00;81.627;81.676;81.436;81.436;160.9107;KO.USUSD
2026-07-01 17:00:00;81.437;81.507;81.306;81.506;154.9953;KO.USUSD
2026-07-01 18:00:00;81.496;81.497;81.046;81.336;158.8497;KO.USUSD
2026-07-01 19:00:00;81.346;81.367;80.946;81.306;280.4712;KO.USUSD
2026-07-02 13:00:00;81.427;82.097;81.386;81.557;308.7594;KO.USUSD
2026-07-02 14:00:00;81.567;82.797;81.556;82.727;553.8051;KO.USUSD
2026-07-02 15:00:00;82.717;83.547;82.696;83.086;467.1327;KO.USUSD
2026-07-02 16:00:00;83.077;83.267;82.886;83.107;354.0741;KO.USUSD
2026-07-02 17:00:00;83.106;83.187;82.776;83.137;285.6105;KO.USUSD
2026-07-02 18:00:00;83.146;83.366;83.016;83.167;255.5778;KO.USUSD
2026-07-02 19:00:00;83.197;83.987;83.116;83.917;322.1736;KO.USUSD
2026-07-06 13:00:00;84.045;84.517;82.856;82.987;241.8048;KO.USUSD
2026-07-06 14:00:00;82.997;83.246;82.656;82.837;326.5767;KO.USUSD
2026-07-06 15:00:00;82.817;82.857;82.477;82.486;214.0206;KO.USUSD
2026-07-06 16:00:00;82.477;82.857;82.296;82.837;172.4589;KO.USUSD
2026-07-06 17:00:00;82.857;83.246;82.836;83.246;132.0744;KO.USUSD
2026-07-06 18:00:00;83.266;83.327;83.036;83.266;141.309;KO.USUSD
2026-07-06 19:00:00;83.266;83.377;82.876;82.916;218.2062;KO.USUSD
2026-07-07 13:00:00;84.397;85.457;84.396;85.117;239.0412;KO.USUSD
2026-07-07 14:00:00;85.097;85.666;84.996;85.207;580.5804;KO.USUSD
2026-07-07 15:00:00;85.216;85.246;84.316;84.407;399.4155;KO.USUSD
2026-07-07 16:00:00;84.407;84.427;84.076;84.257;275.715;KO.USUSD
2026-07-07 17:00:00;84.247;84.297;83.786;83.827;229.1724;KO.USUSD
2026-07-07 18:00:00;83.827;84.077;83.626;84.007;227.5359;KO.USUSD
2026-07-07 19:00:00;84.027;84.387;83.916;83.987;317.6265;KO.USUSD
2026-07-08 13:00:00;83.836;84.406;83.547;84.007;191.0904;KO.USUSD
2026-07-08 14:00:00;84.027;84.477;83.946;84.087;528.7278;KO.USUSD
2026-07-08 15:00:00;84.077;84.817;84.046;84.736;362.9673;KO.USUSD
2026-07-08 16:00:00;84.737;84.757;84.156;84.167;301.2768;KO.USUSD
2026-07-08 17:00:00;84.166;84.226;83.856;83.996;212.6598;KO.USUSD
2026-07-08 18:00:00;83.997;84.017;83.806;83.866;156.7116;KO.USUSD
2026-07-08 19:00:00;83.876;83.917;83.257;83.346;286.3494;KO.USUSD
2026-07-09 13:00:00;81.977;82.627;81.696;81.926;199.386;KO.USUSD
2026-07-09 14:00:00;81.937;82.576;81.826;82.206;280.1958;KO.USUSD
2026-07-09 15:00:00;82.207;82.557;82.136;82.496;177.3489;KO.USUSD
2026-07-09 16:00:00;82.497;82.727;82.366;82.677;160.4808;KO.USUSD
2026-07-09 17:00:00;82.667;82.797;82.577;82.667;133.8381;KO.USUSD
2026-07-09 18:00:00;82.646;82.697;82.236;82.396;127.4235;KO.USUSD
2026-07-09 19:00:00;82.407;82.637;82.226;82.607;205.4364;KO.USUSD
2026-07-10 13:00:00;83.097;83.306;82.696;83.187;158.3916;KO.USUSD
2026-07-10 14:00:00;83.187;83.706;83.056;83.666;486.2589;KO.USUSD
2026-07-10 15:00:00;83.677;83.726;83.356;83.547;310.5387;KO.USUSD
2026-07-10 16:00:00;83.556;83.567;83.247;83.467;204.4152;KO.USUSD
2026-07-10 17:00:00;83.476;83.537;83.336;83.386;115.3944;KO.USUSD
2026-07-10 18:00:00;83.377;83.527;83.276;83.457;128.1408;KO.USUSD
2026-07-10 19:00:00;83.456;83.616;83.337;83.467;151.6506;KO.USUSD
2026-07-13 13:00:00;83.916;84.657;83.677;84.517;226.5741;KO.USUSD
2026-07-13 14:00:00;84.527;84.557;83.756;83.886;460.7517;KO.USUSD
2026-07-13 15:00:00;83.886;84.007;83.656;83.966;282.2841;KO.USUSD
2026-07-13 16:00:00;83.967;84.086;83.756;83.977;225.4242;KO.USUSD
2026-07-13 17:00:00;83.996;84.407;83.866;84.297;159.807;KO.USUSD
2026-07-13 18:00:00;84.296;84.447;84.156;84.427;181.2234;KO.USUSD
2026-07-13 19:00:00;84.427;84.577;84.147;84.266;248.0331;KO.USUSD
2026-07-14 13:00:00;84.147;84.607;84.006;84.207;221.9985;KO.USUSD
2026-07-14 14:00:00;84.207;84.427;83.837;83.877;399.3888;KO.USUSD
2026-07-14 15:00:00;83.867;84.027;83.686;83.836;253.6425;KO.USUSD
2026-07-14 16:00:00;83.827;83.877;83.297;83.316;187.3524;KO.USUSD
2026-07-14 17:00:00;83.317;83.437;83.196;83.356;164.6565;KO.USUSD
2026-07-14 18:00:00;83.336;83.376;83.126;83.166;129.0471;KO.USUSD
2026-07-14 19:00:00;83.166;83.477;83.057;83.057;177.8886;KO.USUSD
2026-07-15 13:00:00;82.746;82.817;82.246;82.637;233.7867;KO.USUSD
2026-07-15 14:00:00;82.637;83.207;82.426;82.936;446.3964;KO.USUSD
2026-07-15 15:00:00;82.937;83.107;82.796;82.816;351.8151;KO.USUSD
2026-07-15 16:00:00;82.826;83.227;82.796;82.987;314.6655;KO.USUSD
2026-07-15 17:00:00;83.007;83.136;82.896;82.927;209.8407;KO.USUSD
2026-07-15 18:00:00;82.936;82.936;82.546;82.606;191.5899;KO.USUSD
2026-07-15 19:00:00;82.586;82.687;82.196;82.446;282.6486;KO.USUSD
2026-07-16 13:00:00;83.276;84.727;83.276;84.517;321.8412;KO.USUSD
2026-07-16 14:00:00;84.537;84.666;83.926;84.197;563.8071;KO.USUSD
2026-07-16 15:00:00;84.207;84.397;84.136;84.277;347.1849;KO.USUSD
2026-07-16 16:00:00;84.277;84.507;84.066;84.337;310.7604;KO.USUSD
2026-07-16 17:00:00;84.336;84.776;84.296;84.647;252.2052;KO.USUSD
2026-07-16 18:00:00;84.637;84.807;84.566;84.736;284.5887;KO.USUSD
2026-07-16 19:00:00;84.727;84.937;84.506;84.916;379.404;KO.USUSD
2026-07-17 13:00:00;85.297;85.306;83.816;83.956;349.8675;KO.USUSD
2026-07-17 14:00:00;83.966;83.976;82.776;83.006;568.4814;KO.USUSD
2026-07-17 15:00:00;82.997;83.197;82.696;82.787;380.526;KO.USUSD
2026-07-17 16:00:00;82.786;82.827;81.766;81.786;327.744;KO.USUSD
2026-07-17 17:00:00;81.786;81.796;80.906;80.946;327.084;KO.USUSD
2026-07-17 18:00:00;80.947;81.636;80.826;81.397;355.4025;KO.USUSD
2026-07-17 19:00:00;81.406;81.687;81.276;81.556;380.6337;KO.USUSD
2026-07-20 13:00:00;81.446;82.157;81.446;82.136;239.6103;KO.USUSD
2026-07-20 14:00:00;82.136;82.347;81.917;82.167;470.7804;KO.USUSD
2026-07-20 15:00:00;82.167;82.177;81.447;81.496;350.5212;KO.USUSD
2026-07-20 16:00:00;81.496;81.597;81.366;81.506;241.7043;KO.USUSD
2026-07-20 17:00:00;81.506;81.627;81.296;81.456;171.2925;KO.USUSD
2026-07-20 18:00:00;81.456;81.667;81.317;81.667;178.1319;KO.USUSD
2026-07-20 19:00:00;81.667;82.136;81.486;82.086;225.4785;KO.USUSD
2026-07-21 13:00:00;81.636;81.896;81.306;81.867;227.6622;KO.USUSD
2026-07-21 14:00:00;81.886;82.107;81.707;82.037;282.8541;KO.USUSD
2026-07-21 15:00:00;82.026;82.347;81.906;82.057;191.8806;KO.USUSD
2026-07-21 16:00:00;82.066;82.146;81.886;82.006;122.8053;KO.USUSD
2026-07-21 17:00:00;81.997;82.177;81.896;82.147;92.4681;KO.USUSD
2026-07-21 18:00:00;82.147;82.167;81.947;82.066;92.7771;KO.USUSD
2026-07-21 19:00:00;82.076;82.377;81.936;81.936;194.0088;KO.USUSD
2026-07-22 13:00:00;82.827;82.827;82.246;82.247;198.1905;KO.USUSD
2026-07-22 14:00:00;82.246;82.787;82.226;82.397;338.1333;KO.USUSD
2026-07-22 15:00:00;82.386;82.477;81.946;82.457;192.5061;KO.USUSD
2026-07-22 16:00:00;82.456;82.587;82.436;82.466;120.6144;KO.USUSD
2026-07-22 17:00:00;82.457;82.556;82.316;82.556;106.578;KO.USUSD
2026-07-22 18:00:00;82.547;82.597;82.436;82.497;110.0235;KO.USUSD
2026-07-22 19:00:00;82.487;82.557;82.166;82.176;204.5031;KO.USUSD
2026-07-23 13:00:00;81.187;81.847;80.956;81.247;247.9503;KO.USUSD
2026-07-23 14:00:00;81.256;81.647;80.876;81.607;424.7259;KO.USUSD
2026-07-23 15:00:00;81.606;81.677;81.336;81.376;302.0223;KO.USUSD
2026-07-23 16:00:00;81.386;81.386;80.936;81.036;252.2553;KO.USUSD
2026-07-23 17:00:00;81.036;81.077;80.896;81.007;172.9116;KO.USUSD
2026-07-23 18:00:00;81.006;81.317;80.946;81.036;153.4716;KO.USUSD
2026-07-23 19:00:00;81.037;81.167;80.936;81.137;252.1248;KO.USUSD
2026-07-24 13:00:00;81.397;81.636;80.896;81.416;212.0196;KO.USUSD
2026-07-24 14:00:00;81.406;82.227;81.316;81.966;375.8295;KO.USUSD
2026-07-24 15:00:00;81.966;82.227;81.916;82.026;244.6041;KO.USUSD
2026-07-24 16:00:00;82.036;82.037;81.796;81.937;166.788;KO.USUSD
2026-07-24 17:00:00;81.926;82.077;81.846;81.966;127.1562;KO.USUSD
2026-07-24 18:00:00;81.967;82.167;81.946;82.166;137.6424;KO.USUSD
2026-07-24 19:00:00;82.176;82.317;82.046;82.216;295.6656;KO.USUSD
2026-07-27 13:00:00;83.017;83.227;82.496;82.857;230.0802;KO.USUSD
2026-07-27 14:00:00;82.857;83.897;82.726;83.376;473.4768;KO.USUSD
2026-07-27 15:00:00;83.367;84.087;83.366;83.817;339.0519;KO.USUSD
2026-07-27 16:00:00;83.807;83.807;83.396;83.616;235.7796;KO.USUSD
2026-07-27 17:00:00;83.606;83.857;83.586;83.846;170.1633;KO.USUSD
2026-07-27 18:00:00;83.846;84.127;83.786;83.996;196.3842;KO.USUSD
2026-07-27 19:00:00;83.997;84.097;83.756;84.076;273.1785;KO.USUSD
2026-07-28 13:00:00;88.146;89.926;86.376;89.576;442.4496;KO.USUSD
2026-07-28 14:00:00;89.576;90.187;89.126;89.617;659.559;KO.USUSD
2026-07-28 15:00:00;89.616;89.856;88.706;88.836;426.8175;KO.USUSD
2026-07-28 16:00:00;88.837;88.887;87.816;87.867;277.3413;KO.USUSD
2026-07-28 17:00:00;87.867;88.157;87.596;87.886;193.6188;KO.USUSD
2026-07-28 18:00:00;87.877;88.056;87.686;87.987;250.1088;KO.USUSD
2026-07-28 19:00:00;87.986;88.497;87.676;88.276;376.9365;KO.USUSD
2026-07-29 13:00:00;88.947;90.847;88.637;90.607;411.489;KO.USUSD
2026-07-29 14:00:00;90.627;90.786;89.926;90.097;482.4651;KO.USUSD
2026-07-29 15:00:00;90.096;90.427;90.006;90.217;302.1195;KO.USUSD
2026-07-29 16:00:00;90.217;90.287;89.656;89.826;232.965;KO.USUSD
2026-07-29 17:00:00;89.827;89.846;89.266;89.306;204.5514;KO.USUSD
2026-07-29 18:00:00;89.306;89.415;88.746;88.836;305.6076;KO.USUSD
2026-07-29 19:00:00;88.827;89.377;88.727;89.166;390.0342;KO.USUSD
2026-07-30 13:00:00;87.506;88.387;87.407;87.496;377.6028;KO.USUSD
2026-07-30 14:00:00;87.477;88.017;87.196;87.796;677.4624;KO.USUSD
2026-07-30 15:00:00;87.796;88.366;87.636;88.227;449.3802;KO.USUSD
2026-07-30 16:00:00;88.236;88.237;87.866;88.166;308.1414;KO.USUSD
2026-07-30 17:00:00;88.166;88.447;88.157;88.226;220.9125;KO.USUSD
2026-07-30 18:00:00;88.227;88.567;88.227;88.466;186.0933;KO.USUSD
2026-07-30 19:00:00;88.457;88.607;88.226;88.507;366.4833;KO.USUSD
2026-07-31 13:00:00;87.816;87.816;86.806;87.357;339.9765;KO.USUSD
2026-07-31 14:00:00;87.356;87.837;87.316;87.576;618.4188;KO.USUSD
2026-07-31 15:00:00;87.587;87.977;87.446;87.687;400.4004;KO.USUSD
2026-07-31 16:00:00;87.686;87.707;87.306;87.326;249.3387;KO.USUSD
2026-07-31 17:00:00;87.326;87.397;87.206;87.316;175.3569;KO.USUSD
2026-07-31 18:00:00;87.307;87.697;87.306;87.567;177.516;KO.USUSD
2026-07-31 19:00:00;87.576;87.907;87.487;87.556;269.1129;KO.USUSD
2026-08-03 13:00:00;88.036;88.267;87.186;87.277;377.1321;KO.USUSD
2026-08-03 14:00:00;87.266;87.567;86.696;86.697;672.6108;KO.USUSD
2026-08-03 15:00:00;86.697;87.117;86.667;87.006;382.6311;KO.USUSD
2026-08-03 16:00:00;87.016;87.057;86.627;86.937;216.0678;KO.USUSD
2026-08-03 17:00:00;86.926;87.027;86.736;86.977;200.3928;KO.USUSD
2026-08-03 18:00:00;86.976;87.126;86.776;86.906;181.1025;KO.USUSD
2026-08-03 19:00:00;86.907;87.097;86.666;86.857;295.6857;KO.USUSD
2026-08-04 13:00:00;85.706;85.897;85.016;85.847;343.6794;KO.USUSD
2026-08-04 14:00:00;85.846;86.377;85.797;86.286;482.8131;KO.USUSD
2026-08-04 15:00:00;86.287;86.307;85.936;86.016;322.3788;KO.USUSD
2026-08-04 16:00:00;86.006;86.377;85.936;86.296;244.9725;KO.USUSD
2026-08-04 17:00:00;86.297;86.517;86.177;86.456;200.8389;KO.USUSD
2026-08-04 18:00:00;86.447;86.586;86.316;86.396;194.2953;KO.USUSD
2026-08-04 19:00:00;86.397;86.657;86.356;86.547;240.9468;KO.USUSD
2026-08-05 13:00:00;87.047;87.047;86.166;86.527;250.5567;KO.USUSD
2026-08-05 14:00:00;86.527;87.047;86.316;86.816;561.4431;KO.USUSD
2026-08-05 15:00:00;86.827;86.837;86.526;86.626;325.0434;KO.USUSD
2026-08-05 16:00:00;86.616;87.037;86.586;86.647;306.6354;KO.USUSD
2026-08-05 17:00:00;86.646;86.807;86.646;86.737;194.5698;KO.USUSD
2026-08-05 18:00:00;86.727;86.877;86.696;86.826;170.8608;KO.USUSD
2026-08-05 19:00:00;86.827;87.137;86.706;86.817;248.373;KO.USUSD
2026-08-06 13:00:00;87.826;87.917;87.096;87.136;314.0256;KO.USUSD
2026-08-06 14:00:00;87.137;87.377;86.826;86.967;583.4757;KO.USUSD
2026-08-06 15:00:00;86.966;87.237;86.506;86.536;353.0202;KO.USUSD
2026-08-06 16:00:00;86.536;86.737;86.446;86.507;259.1841;KO.USUSD
2026-08-06 17:00:00;86.507;86.697;86.406;86.676;186.8451;KO.USUSD
2026-08-06 18:00:00;86.677;86.747;86.526;86.686;164.9661;KO.USUSD
2026-08-06 19:00:00;86.687;86.857;86.417;86.847;245.4393;KO.USUSD
2026-08-07 13:00:00;86.426;86.967;86.166;86.886;259.2324;KO.USUSD
2026-08-07 14:00:00;86.876;87.066;86.556;86.776;489.4263;KO.USUSD
2026-08-07 15:00:00;86.776;86.957;86.606;86.826;246.4242;KO.USUSD
2026-08-07 16:00:00;86.826;87.087;86.816;86.967;166.8243;KO.USUSD
2026-08-07 17:00:00;86.976;87.107;86.966;87.037;142.8744;KO.USUSD
2026-08-07 18:00:00;87.036;87.127;87.006;87.017;132.7671;KO.USUSD
2026-08-07 19:00:00;87.006;87.157;86.916;87.026;224.2668;KO.USUSD
2026-08-10 13:00:00;86.646;86.967;86.426;86.627;364.1238;KO.USUSD
2026-08-10 14:00:00;86.637;87.426;86.456;87.416;519.5676;KO.USUSD
2026-08-10 15:00:00;87.417;87.517;87.246;87.317;291.2232;KO.USUSD
2026-08-10 16:00:00;87.326;87.447;87.216;87.377;222.1509;KO.USUSD
2026-08-10 17:00:00;87.376;87.447;87.186;87.236;182.0916;KO.USUSD
2026-08-10 18:00:00;87.246;87.257;86.757;86.766;133.0053;KO.USUSD
2026-08-10 19:00:00;86.776;87.006;86.696;86.877;224.4441;KO.USUSD
2026-08-11 13:00:00;86.436;87.027;86.436;86.587;277.7814;KO.USUSD
2026-08-11 14:00:00;86.586;86.827;86.106;86.106;376.7316;KO.USUSD
2026-08-11 15:00:00;86.107;86.727;86.096;86.727;203.3433;KO.USUSD
2026-08-11 16:00:00;86.727;86.907;86.706;86.746;153.7371;KO.USUSD
2026-08-11 17:00:00;86.746;86.866;86.626;86.706;129.6753;KO.USUSD
2026-08-11 18:00:00;86.716;86.716;86.496;86.536;116.3547;KO.USUSD
2026-08-11 19:00:00;86.547;86.737;86.476;86.486;188.0241;KO.USUSD
2026-08-12 13:00:00;85.686;86.256;85.646;86.117;215.6715;KO.USUSD
2026-08-12 14:00:00;86.116;86.657;86.116;86.606;334.9389;KO.USUSD
2026-08-12 15:00:00;86.606;87.277;86.536;87.267;236.9937;KO.USUSD
2026-08-12 16:00:00;87.267;87.277;86.906;86.966;150.3726;KO.USUSD
2026-08-12 17:00:00;86.976;87.217;86.947;87.107;111.0717;KO.USUSD
2026-08-12 18:00:00;87.096;87.156;86.676;86.677;113.2563;KO.USUSD
2026-08-12 19:00:00;86.667;86.867;86.636;86.706;166.3998;KO.USUSD
2026-08-13 13:00:00;87.217;87.427;86.896;87.367;292.3035;KO.USUSD
2026-08-13 14:00:00;87.367;87.727;87.276;87.677;413.8665;KO.USUSD
2026-08-13 15:00:00;87.696;87.737;87.247;87.567;343.2399;KO.USUSD
2026-08-13 16:00:00;87.567;87.697;87.466;87.527;168.3234;KO.USUSD
2026-08-13 17:00:00;87.526;87.557;87.406;87.556;127.1217;KO.USUSD
2026-08-13 18:00:00;87.557;87.676;87.426;87.426;133.8453;KO.USUSD
2026-08-13 19:00:00;87.447;87.607;87.346;87.426;221.4405;KO.USUSD
2026-08-14 13:00:00;87.267;87.757;87.197;87.597;237.2853;KO.USUSD
2026-08-14 14:00:00;87.586;87.916;87.526;87.636;377.5512;KO.USUSD
2026-08-14 15:00:00;87.637;87.957;87.626;87.786;210.1152;KO.USUSD
2026-08-14 16:00:00;87.787;87.877;87.576;87.616;145.3608;KO.USUSD
2026-08-14 17:00:00;87.637;87.727;87.576;87.616;83.4381;KO.USUSD
2026-08-14 18:00:00;87.627;87.706;87.596;87.646;86.4381;KO.USUSD
2026-08-14 19:00:00;87.647;87.736;87.446;87.666;188.9715;KO.USUSD
2026-08-17 13:00:00;87.037;87.997;87.036;87.577;325.8768;KO.USUSD
2026-08-17 14:00:00;87.567;87.877;87.196;87.277;436.9458;KO.USUSD
2026-08-17 15:00:00;87.276;87.327;86.906;86.977;271.3098;KO.USUSD
2026-08-17 16:00:00;86.977;87.227;86.946;87.066;132.0744;KO.USUSD
2026-08-17 17:00:00;87.046;87.107;86.886;86.926;144.7107;KO.USUSD
2026-08-17 18:00:00;86.927;87.177;86.846;86.896;115.7835;KO.USUSD
2026-08-17 19:00:00;86.887;87.097;86.846;86.967;183.1962;KO.USUSD
2026-08-18 13:00:00;88.116;88.546;87.846;88.337;372.5538;KO.USUSD
2026-08-18 14:00:00;88.337;88.777;88.166;88.747;555.7596;KO.USUSD
2026-08-18 15:00:00;88.736;88.927;88.636;88.687;347.2023;KO.USUSD
2026-08-18 16:00:00;88.686;88.836;88.586;88.646;175.7091;KO.USUSD
2026-08-18 17:00:00;88.647;88.887;88.607;88.877;153.7815;KO.USUSD
2026-08-18 18:00:00;88.867;88.927;88.787;88.896;155.8869;KO.USUSD
2026-08-18 19:00:00;88.906;88.947;88.576;88.817;250.1331;KO.USUSD
2026-08-19 13:00:00;88.767;90.096;88.636;89.756;401.0547;KO.USUSD
2026-08-19 14:00:00;89.757;90.287;89.676;89.777;776.0595;KO.USUSD
2026-08-19 15:00:00;89.777;89.917;89.376;89.467;328.9269;KO.USUSD
2026-08-19 16:00:00;89.466;89.917;89.366;89.906;225.8805;KO.USUSD
2026-08-19 17:00:00;89.916;90.187;89.876;90.176;188.1915;KO.USUSD
2026-08-19 18:00:00;90.197;90.737;90.156;90.697;212.4006;KO.USUSD
2026-08-19 19:00:00;90.706;90.747;90.246;90.357;336.7365;KO.USUSD
2026-08-20 13:00:00;89.897;91.217;89.726;91.067;295.5876;KO.USUSD
2026-08-20 14:00:00;91.096;91.196;90.836;91.086;626.1027;KO.USUSD
2026-08-20 15:00:00;91.087;91.527;91.006;91.417;302.5692;KO.USUSD
2026-08-20 16:00:00;91.407;91.857;91.407;91.627;213.2877;KO.USUSD
2026-08-20 17:00:00;91.636;91.777;91.236;91.397;191.9742;KO.USUSD
2026-08-20 18:00:00;91.387;91.397;91.136;91.176;168.1641;KO.USUSD
2026-08-20 19:00:00;91.176;91.237;90.386;90.496;249.8727;KO.USUSD
2026-08-21 13:00:00;90.906;90.906;90.306;90.387;265.0725;KO.USUSD
2026-08-21 14:00:00;90.386;90.947;90.336;90.797;600.4764;KO.USUSD
2026-08-21 15:00:00;90.807;90.817;90.396;90.626;306.7977;KO.USUSD
2026-08-21 16:00:00;90.637;90.827;90.496;90.806;245.667;KO.USUSD
2026-08-21 17:00:00;90.796;90.927;90.686;90.727;187.6908;KO.USUSD
2026-08-21 18:00:00;90.716;90.957;90.596;90.956;135.0135;KO.USUSD
2026-08-21 19:00:00;90.956;91.097;90.556;91.097;241.0422;KO.USUSD
2026-08-24 13:00:00;91.807;92.347;91.577;92.106;454.7238;KO.USUSD
2026-08-24 14:00:00;92.107;92.477;91.996;92.017;640.9101;KO.USUSD
2026-08-24 15:00:00;92.016;92.027;91.726;91.857;420.7641;KO.USUSD
2026-08-24 16:00:00;91.856;92.067;91.616;91.797;276.3879;KO.USUSD
2026-08-24 17:00:00;91.787;91.977;91.756;91.947;208.5735;KO.USUSD
2026-08-24 18:00:00;91.937;91.947;91.596;91.707;171.0117;KO.USUSD
2026-08-24 19:00:00;91.706;91.967;91.447;91.947;267.0495;KO.USUSD
2026-08-25 13:00:00;91.636;92.047;91.316;91.547;339.0177;KO.USUSD
2026-08-25 14:00:00;91.546;91.877;91.296;91.616;603.6465;KO.USUSD
2026-08-25 15:00:00;91.616;91.697;91.336;91.477;254.3652;KO.USUSD
2026-08-25 16:00:00;91.476;91.597;91.357;91.457;172.5462;KO.USUSD
2026-08-25 17:00:00;91.467;91.967;91.466;91.927;155.9607;KO.USUSD
2026-08-25 18:00:00;91.926;91.987;91.566;91.577;146.8383;KO.USUSD
2026-08-25 19:00:00;91.587;91.827;91.526;91.626;266.5815;KO.USUSD
2026-08-26 13:00:00;91.697;91.766;90.466;90.636;320.5389;KO.USUSD
2026-08-26 14:00:00;90.647;91.117;90.556;90.737;482.6994;KO.USUSD
2026-08-26 15:00:00;90.736;90.837;90.396;90.657;219.3387;KO.USUSD
2026-08-26 16:00:00;90.657;90.717;90.526;90.656;200.1807;KO.USUSD
2026-08-26 17:00:00;90.666;90.697;90.396;90.537;188.0208;KO.USUSD
2026-08-26 18:00:00;90.537;90.557;90.117;90.297;220.2162;KO.USUSD
2026-08-26 19:00:00;90.276;90.367;89.996;90.056;208.4514;KO.USUSD
2026-08-27 13:00:00;89.087;89.337;88.946;89.177;444.8955;KO.USUSD
2026-08-27 14:00:00;89.167;89.777;89.166;89.557;663.6729;KO.USUSD
2026-08-27 15:00:00;89.576;90.017;89.517;89.876;293.4786;KO.USUSD
2026-08-27 16:00:00;89.877;89.877;89.536;89.576;224.2725;KO.USUSD
2026-08-27 17:00:00;89.577;89.727;89.506;89.676;199.2135;KO.USUSD
2026-08-27 18:00:00;89.677;89.737;89.477;89.486;98.0553;KO.USUSD
2026-08-27 19:00:00;89.497;89.537;89.026;89.026;257.1123;KO.USUSD
2026-08-28 13:00:00;89.156;89.937;89.056;89.816;286.4025;KO.USUSD
2026-08-28 14:00:00;89.827;89.976;89.556;89.597;661.3074;KO.USUSD
2026-08-28 15:00:00;89.586;89.907;89.476;89.877;435.5061;KO.USUSD
2026-08-28 16:00:00;89.867;90.026;89.696;89.857;395.1897;KO.USUSD
2026-08-28 17:00:00;89.857;89.956;89.786;89.817;303.1389;KO.USUSD
2026-08-28 18:00:00;89.817;89.887;89.636;89.747;246.0771;KO.USUSD
2026-08-28 19:00:00;89.746;89.757;89.546;89.636;206.325;KO.USUSD
2026-08-31 13:00:00;89.366;89.507;88.867;89.036;323.4261;KO.USUSD
2026-08-31 14:00:00;89.037;89.367;88.996;89.276;437.055;KO.USUSD
2026-08-31 15:00:00;89.267;89.376;89.146;89.177;265.0443;KO.USUSD
2026-08-31 16:00:00;89.176;89.267;89.036;89.056;217.9389;KO.USUSD
2026-08-31 17:00:00;89.056;89.187;88.876;89.097;188.6526;KO.USUSD
2026-08-31 18:00:00;89.096;89.107;88.846;88.927;165.6216;KO.USUSD
2026-08-31 19:00:00;88.936;89.047;88.586;88.667;393.9129;KO.USUSD
2026-09-01 13:00:00;89.547;89.757;88.906;89.047;387.2241;KO.USUSD
2026-09-01 14:00:00;89.037;89.286;88.447;88.626;641.9853;KO.USUSD
2026-09-01 15:00:00;88.617;88.637;88.246;88.297;264.6051;KO.USUSD
2026-09-01 16:00:00;88.307;88.417;87.946;88.017;269.2797;KO.USUSD
2026-09-01 17:00:00;88.007;88.206;87.996;88.107;190.8915;KO.USUSD
2026-09-01 18:00:00;88.107;88.207;87.996;88.037;143.0061;KO.USUSD
2026-09-01 19:00:00;88.037;88.057;87.796;87.986;207.906;KO.USUSD
2026-09-02 13:00:00;87.976;88.247;87.706;87.916;294.8322;KO.USUSD
2026-09-02 14:00:00;87.907;88.317;87.746;88.307;503.2383;KO.USUSD
2026-09-02 15:00:00;88.306;88.847;88.276;88.626;309.2838;KO.USUSD
2026-09-02 16:00:00;88.617;88.777;88.496;88.586;198.9552;KO.USUSD
2026-09-02 17:00:00;88.597;88.897;88.586;88.896;141.7497;KO.USUSD
2026-09-02 18:00:00;88.896;88.937;88.786;88.816;151.0098;KO.USUSD
2026-09-02 19:00:00;88.807;88.837;88.376;88.416;292.383;KO.USUSD
2026-09-03 13:00:00;88.187;88.887;87.997;88.647;317.4423;KO.USUSD
2026-09-03 14:00:00;88.627;88.837;88.566;88.757;504.768;KO.USUSD
2026-09-03 15:00:00;88.756;89.117;88.697;88.796;299.4324;KO.USUSD
2026-09-03 16:00:00;88.787;89.127;88.596;89.096;212.2056;KO.USUSD
2026-09-03 17:00:00;89.097;89.117;88.826;88.867;156.8208;KO.USUSD
2026-09-03 18:00:00;88.876;88.967;88.826;88.967;117.9471;KO.USUSD
2026-09-03 19:00:00;88.956;89.217;88.756;88.816;182.076;KO.USUSD
2026-09-04 13:00:00;88.297;88.887;88.286;88.557;287.6172;KO.USUSD
2026-09-04 14:00:00;88.557;88.797;88.396;88.686;584.5707;KO.USUSD
2026-09-04 15:00:00;88.666;88.837;88.256;88.297;249.5454;KO.USUSD
2026-09-04 16:00:00;88.297;88.347;88.076;88.117;146.6889;KO.USUSD
2026-09-04 17:00:00;88.106;88.167;87.826;87.847;133.3299;KO.USUSD
2026-09-04 18:00:00;87.847;88.037;87.846;87.996;125.0616;KO.USUSD
2026-09-04 19:00:00;87.996;88.066;87.886;88.036;150.156;KO.USUSD
2026-09-08 13:00:00;87.816;88.347;87.666;88.237;351.1035;KO.USUSD
2026-09-08 14:00:00;88.227;88.427;87.706;88.167;440.4072;KO.USUSD
2026-09-08 15:00:00;88.156;88.187;87.826;88.057;332.6088;KO.USUSD
2026-09-08 16:00:00;88.056;88.367;88.046;88.257;195.1134;KO.USUSD
2026-09-08 17:00:00;88.257;88.357;88.206;88.247;115.5516;KO.USUSD
2026-09-08 18:00:00;88.247;88.357;88.006;88.206;167.187;KO.USUSD
2026-09-08 19:00:00;88.207;88.537;88.137;88.386;282.8811;KO.USUSD
2026-09-09 13:00:00;88.106;88.237;87.696;88.066;295.0188;KO.USUSD
2026-09-09 14:00:00;88.076;88.387;87.746;87.866;395.4705;KO.USUSD
2026-09-09 15:00:00;87.867;88.017;87.706;87.926;291.5913;KO.USUSD
2026-09-09 16:00:00;87.936;88.147;87.776;87.786;188.2452;KO.USUSD
2026-09-09 17:00:00;87.786;88.017;87.776;88.006;180.258;KO.USUSD
2026-09-09 18:00:00;88.006;88.167;87.786;87.796;168.1143;KO.USUSD
2026-09-09 19:00:00;87.797;87.937;87.406;87.566;223.9623;KO.USUSD
2026-09-10 13:00:00;87.997;88.947;87.996;88.807;298.494;KO.USUSD
2026-09-10 14:00:00;88.806;88.826;87.946;87.947;509.9862;KO.USUSD
2026-09-10 15:00:00;87.947;88.457;87.906;88.447;227.9493;KO.USUSD
2026-09-10 16:00:00;88.456;88.547;88.306;88.346;182.2605;KO.USUSD
2026-09-10 17:00:00;88.347;88.386;88.036;88.066;140.4861;KO.USUSD
2026-09-10 18:00:00;88.076;88.217;88.036;88.066;166.8369;KO.USUSD
2026-09-10 19:00:00;88.057;88.167;87.786;87.826;243.4194;KO.USUSD
2026-09-11 13:00:00;88.437;88.587;87.917;88.017;239.3823;KO.USUSD
2026-09-11 14:00:00;88.016;88.267;87.826;87.947;497.895;KO.USUSD
2026-09-11 15:00:00;87.947;88.277;87.796;88.277;288.0198;KO.USUSD
2026-09-11 16:00:00;88.276;88.437;88.166;88.327;139.0152;KO.USUSD
2026-09-11 17:00:00;88.326;88.417;88.176;88.226;145.1589;KO.USUSD
2026-09-11 18:00:00;88.227;88.557;88.227;88.397;160.9272;KO.USUSD
2026-09-11 19:00:00;88.396;88.517;88.196;88.247;203.5296;KO.USUSD
2026-09-14 13:00:00;89.817;90.137;89.116;89.296;287.6004;KO.USUSD
2026-09-14 14:00:00;89.297;89.526;88.986;89.007;374.2593;KO.USUSD
2026-09-14 15:00:00;89.016;89.267;88.846;89.066;222.1185;KO.USUSD
2026-09-14 16:00:00;89.067;89.127;88.916;88.987;185.9307;KO.USUSD
2026-09-14 17:00:00;88.997;89.257;88.897;88.897;154.0416;KO.USUSD
2026-09-14 18:00:00;88.877;89.257;88.856;89.176;107.3556;KO.USUSD
2026-09-14 19:00:00;89.196;89.397;89.117;89.367;155.7804;KO.USUSD
2026-09-15 13:00:00;88.246;88.526;87.796;88.306;247.7733;KO.USUSD
2026-09-15 14:00:00;88.307;88.887;88.196;88.687;381.1059;KO.USUSD
2026-09-15 15:00:00;88.687;88.717;88.306;88.396;246.9678;KO.USUSD
2026-09-15 16:00:00;88.387;88.447;88.076;88.437;216.8598;KO.USUSD
2026-09-15 17:00:00;88.436;88.566;88.366;88.427;173.6025;KO.USUSD
2026-09-15 18:00:00;88.436;88.677;88.426;88.507;132.9816;KO.USUSD
2026-09-15 19:00:00;88.516;88.727;88.497;88.676;121.905;KO.USUSD
2026-09-16 13:00:00;88.336;88.607;88.246;88.317;228.4107;KO.USUSD
2026-09-16 14:00:00;88.307;88.357;88.066;88.326;259.1388;KO.USUSD
2026-09-16 15:00:00;88.327;88.507;88.296;88.436;118.3452;KO.USUSD
2026-09-16 16:00:00;88.437;88.527;88.316;88.416;60.9408;KO.USUSD
2026-09-16 17:00:00;88.397;88.457;88.316;88.416;64.7172;KO.USUSD
2026-09-16 18:00:00;88.407;88.527;88.076;88.116;211.086;KO.USUSD
2026-09-16 19:00:00;88.117;88.167;87.727;87.866;289.9539;KO.USUSD
2026-09-17 13:00:00;88.166;88.316;87.846;87.937;203.7969;KO.USUSD
2026-09-17 14:00:00;87.936;88.007;87.496;87.587;209.343;KO.USUSD
2026-09-17 15:00:00;87.587;88.067;87.526;88.067;176.0424;KO.USUSD
2026-09-17 16:00:00;88.077;88.117;87.986;88.117;74.7126;KO.USUSD
2026-09-17 17:00:00;88.116;88.127;87.986;87.987;74.0763;KO.USUSD
2026-09-17 18:00:00;87.987;88.127;87.977;88.096;32.9781;KO.USUSD
2026-09-17 19:00:00;88.076;88.147;87.906;88.046;157.4376;KO.USUSD
2026-09-18 13:00:00;87.756;88.067;87.496;87.977;220.662;KO.USUSD
2026-09-18 14:00:00;87.977;88.087;87.596;87.697;286.6656;KO.USUSD
2026-09-18 15:00:00;87.707;87.987;87.556;87.787;139.6023;KO.USUSD
2026-09-18 16:00:00;87.777;87.906;87.736;87.846;103.4343;KO.USUSD
2026-09-18 17:00:00;87.846;87.927;87.726;87.926;80.8653;KO.USUSD
2026-09-18 18:00:00;87.926;88.276;87.876;88.156;82.8207;KO.USUSD
2026-09-18 19:00:00;88.166;88.277;87.997;88.156;245.8305;KO.USUSD
2026-09-21 13:00:00;88.307;88.307;87.516;87.956;164.1339;KO.USUSD
2026-09-21 14:00:00;87.956;88.017;87.726;87.816;245.0877;KO.USUSD
2026-09-21 15:00:00;87.816;87.907;87.746;87.856;136.1241;KO.USUSD
2026-09-21 16:00:00;87.856;87.997;87.776;87.896;98.5443;KO.USUSD
2026-09-21 17:00:00;87.907;87.957;87.656;87.687;77.0025;KO.USUSD
2026-09-21 18:00:00;87.696;87.987;87.646;87.936;89.2188;KO.USUSD
2026-09-21 19:00:00;87.946;88.036;87.096;87.096;178.4313;KO.USUSD
2026-09-22 13:00:00;87.716;88.087;87.446;87.627;227.2104;KO.USUSD
2026-09-22 14:00:00;87.626;88.437;87.626;88.306;399.0036;KO.USUSD
2026-09-22 15:00:00;88.307;88.427;88.066;88.096;198.4095;KO.USUSD
2026-09-22 16:00:00;88.096;88.377;88.067;88.326;147.9924;KO.USUSD
2026-09-22 17:00:00;88.336;88.477;88.257;88.416;134.9406;KO.USUSD
2026-09-22 18:00:00;88.426;88.637;88.426;88.637;163.7397;KO.USUSD
2026-09-22 19:00:00;88.636;88.957;88.596;88.596;222.3585;KO.USUSD
2026-09-23 13:00:00;88.646;88.877;88.036;88.167;229.704;KO.USUSD
2026-09-23 14:00:00;88.167;88.987;88.086;88.647;426.9063;KO.USUSD
2026-09-23 15:00:00;88.647;88.666;88.116;88.136;183.3552;KO.USUSD
2026-09-23 16:00:00;88.137;88.177;87.747;87.766;180.0033;KO.USUSD
2026-09-23 17:00:00;87.777;88.167;87.596;88.156;193.6143;KO.USUSD
2026-09-23 18:00:00;88.136;88.187;87.726;87.776;148.0824;KO.USUSD
2026-09-23 19:00:00;87.776;88.107;87.687;88.086;222.6579;KO.USUSD
2026-09-24 13:00:00;88.736;89.347;88.696;89.197;311.0871;KO.USUSD
2026-09-24 14:00:00;89.216;89.277;88.566;88.886;561.7443;KO.USUSD
2026-09-24 15:00:00;88.897;88.997;88.386;88.557;401.9442;KO.USUSD
2026-09-24 16:00:00;88.556;88.767;88.376;88.567;357.8595;KO.USUSD
2026-09-24 17:00:00;88.576;88.637;88.416;88.607;216.2499;KO.USUSD
2026-09-24 18:00:00;88.596;88.727;88.356;88.366;181.2339;KO.USUSD
2026-09-24 19:00:00;88.357;88.437;88.096;88.096;227.4966;KO.USUSD
2026-09-25 13:00:00;88.097;88.117;87.566;87.916;185.8452;KO.USUSD
2026-09-25 14:00:00;87.916;88.037;87.666;87.747;318.0006;KO.USUSD
2026-09-25 15:00:00;87.746;87.937;87.706;87.807;155.0697;KO.USUSD
2026-09-25 16:00:00;87.806;88.087;87.806;87.997;190.6716;KO.USUSD
2026-09-25 17:00:00;88.016;88.107;87.906;87.986;103.7544;KO.USUSD
2026-09-25 18:00:00;87.987;88.007;87.546;87.707;118.7211;KO.USUSD
2026-09-25 19:00:00;87.706;87.927;87.596;87.796;166.0323;KO.USUSD
2026-09-28 13:00:00;87.507;87.597;87.036;87.297;321.3576;KO.USUSD
2026-09-28 14:00:00;87.297;87.687;87.206;87.216;425.1624;KO.USUSD
2026-09-28 15:00:00;87.216;87.237;86.896;87.117;289.6014;KO.USUSD
2026-09-28 16:00:00;87.117;87.357;86.966;86.987;268.0221;KO.USUSD
2026-09-28 17:00:00;86.977;87.237;86.886;87.147;260.0787;KO.USUSD
2026-09-28 18:00:00;87.146;87.427;87.096;87.426;122.4489;KO.USUSD
2026-09-28 19:00:00;87.437;87.477;87.137;87.177;183.5658;KO.USUSD
