timestamp;open;high;low;close;volume;ticker
2021-01-04 08:00:00;7.659;7.659;7.645;7.647;0.0875;UCG.ITEUR
2021-01-04 09:00:00;7.551;7.551;7.551;7.551;0.03;UCG.ITEUR
2021-01-04 10:00:00;7.551;7.551;7.551;7.551;0.0075;UCG.ITEUR
2021-01-04 11:00:00;7.551;7.592;7.551;7.592;0.035;UCG.ITEUR
2021-01-04 12:00:00;7.592;7.592;7.592;7.592;0.025;UCG.ITEUR
2021-01-04 14:00:00;7.589;7.589;7.589;7.589;0.01;UCG.ITEUR
2021-01-04 15:00:00;7.568;7.568;7.526;7.526;0.12;UCG.ITEUR
2021-01-04 16:00:00;7.505;7.592;7.505;7.592;0.45;UCG.ITEUR
2021-01-05 08:00:00;7.489;7.619;7.479;7.529;1.3125;UCG.ITEUR
2021-01-05 09:00:00;7.529;7.579;7.499;7.539;0.8875;UCG.ITEUR
2021-01-05 10:00:00;7.539;7.569;7.509;7.546;0.3625;UCG.ITEUR
2021-01-05 11:00:00;7.519;7.546;7.489;7.499;0.3575;UCG.ITEUR
2021-01-05 12:00:00;7.489;7.499;7.459;7.499;0.515;UCG.ITEUR
2021-01-05 13:00:00;7.499;7.499;7.429;7.429;0.62;UCG.ITEUR
2021-01-05 14:00:00;7.429;7.509;7.419;7.479;0.615;UCG.ITEUR
2021-01-05 15:00:00;7.489;7.499;7.429;7.429;0.685;UCG.ITEUR
2021-01-05 16:00:00;7.429;7.469;7.429;7.469;0.26;UCG.ITEUR
2021-01-06 08:00:00;7.619;7.649;7.579;7.589;1.58;UCG.ITEUR
2021-01-06 09:00:00;7.589;7.809;7.579;7.789;1.29;UCG.ITEUR
2021-01-06 10:00:00;7.799;7.849;7.789;7.839;0.8;UCG.ITEUR
2021-01-06 11:00:00;7.839;7.899;7.839;7.876;0.7225;UCG.ITEUR
2021-01-06 12:00:00;7.871;7.919;7.859;7.879;0.8975;UCG.ITEUR
2021-01-06 13:00:00;7.879;7.949;7.869;7.949;0.7825;UCG.ITEUR
2021-01-06 14:00:00;7.939;8.03;7.5;8.009;1.2975;UCG.ITEUR
2021-01-06 15:00:00;8.019;8.069;7.5;7.5;1.1675;UCG.ITEUR
2021-01-06 16:00:00;7.5;7.5;7.5;7.5;0.26;UCG.ITEUR
2021-01-07 08:00:00;8.009;8.019;7.839;7.91;2.6575;UCG.ITEUR
2021-01-07 09:00:00;7.911;7.939;7.879;7.939;1.0025;UCG.ITEUR
2021-01-07 10:00:00;7.939;7.969;7.879;7.879;0.53;UCG.ITEUR
2021-01-07 11:00:00;7.869;7.889;7.849;7.889;0.55;UCG.ITEUR
2021-01-07 12:00:00;7.889;7.909;7.889;7.909;0.45;UCG.ITEUR
2021-01-07 13:00:00;7.919;7.939;7.9;7.919;0.63;UCG.ITEUR
2021-01-07 14:00:00;7.919;8.025;7.919;8.025;0.6875;UCG.ITEUR
2021-01-07 15:00:00;8.033;8.069;8.019;8.061;0.9075;UCG.ITEUR
2021-01-07 16:00:00;8.058;8.07;8.049;8.062;0.58;UCG.ITEUR
2021-01-08 08:00:00;8.089;8.329;8.039;8.269;3.68;UCG.ITEUR
2021-01-08 09:00:00;8.259;8.259;8.169;8.189;1.3525;UCG.ITEUR
2021-01-08 10:00:00;8.199;8.229;8.169;8.229;1.03;UCG.ITEUR
2021-01-08 11:00:00;8.229;8.259;8.189;8.189;0.74;UCG.ITEUR
2021-01-08 12:00:00;8.189;8.249;8.189;8.239;0.58;UCG.ITEUR
2021-01-08 13:00:00;8.249;8.269;8.219;8.231;0.8825;UCG.ITEUR
2021-01-08 14:00:00;8.219;8.259;8.199;8.209;0.7375;UCG.ITEUR
2021-01-08 15:00:00;8.219;8.219;8.149;8.179;0.74;UCG.ITEUR
2021-01-08 16:00:00;8.179;8.179;8.149;8.159;0.51;UCG.ITEUR
2021-01-11 08:00:00;8.109;8.209;8.099;8.109;1.7825;UCG.ITEUR
2021-01-11 09:00:00;8.119;8.129;8.029;8.029;0.93;UCG.ITEUR
2021-01-11 10:00:00;8.029;8.069;8.029;8.049;0.49;UCG.ITEUR
2021-01-11 11:00:00;8.049;8.049;7.999;7.999;0.56;UCG.ITEUR
2021-01-11 12:00:00;7.999;8.039;7.999;8.029;0.43;UCG.ITEUR
2021-01-11 13:00:00;8.019;8.039;7.959;7.959;0.66;UCG.ITEUR
2021-01-11 14:00:00;7.959;8.039;7.959;8.039;0.9975;UCG.ITEUR
2021-01-11 15:00:00;8.039;8.039;8.009;8.019;0.63;UCG.ITEUR
2021-01-11 16:00:00;8.009;8.039;8.009;8.039;0.4425;UCG.ITEUR
2021-01-12 08:00:00;8.069;8.079;7.949;7.979;1.3;UCG.ITEUR
2021-01-12 09:00:00;7.979;8.009;7.949;7.979;0.69;UCG.ITEUR
2021-01-12 10:00:00;7.979;7.999;7.959;7.979;0.54;UCG.ITEUR
2021-01-12 11:00:00;7.979;8.039;7.979;8.029;0.55;UCG.ITEUR
2021-01-12 12:00:00;8.039;8.069;8.039;8.049;0.5;UCG.ITEUR
2021-01-12 13:00:00;8.049;8.059;8.029;8.051;0.5975;UCG.ITEUR
2021-01-12 14:00:00;8.049;8.059;7.999;8.009;0.87;UCG.ITEUR
2021-01-12 15:00:00;8.009;8.05;7.999;8.049;1.225;UCG.ITEUR
2021-01-12 16:00:00;8.049;8.055;8.039;8.039;0.4325;UCG.ITEUR
2021-01-13 08:00:00;7.969;8.039;7.959;8.029;1.2;UCG.ITEUR
2021-01-13 09:00:00;8.029;8.069;8.009;8.009;0.61;UCG.ITEUR
2021-01-13 10:00:00;7.999;7.999;7.899;7.949;1.95;UCG.ITEUR
2021-01-13 11:00:00;7.949;7.959;7.906;7.929;2.065;UCG.ITEUR
2021-01-13 12:00:00;7.929;7.929;7.899;7.929;2.4275;UCG.ITEUR
2021-01-13 13:00:00;7.929;7.999;7.929;7.979;0.5;UCG.ITEUR
2021-01-13 14:00:00;7.979;7.989;7.929;7.939;0.6;UCG.ITEUR
2021-01-13 15:00:00;7.939;7.969;7.919;7.957;0.955;UCG.ITEUR
2021-01-13 16:00:00;7.959;7.963;7.949;7.949;0.4325;UCG.ITEUR
2021-01-14 08:00:00;7.969;8.029;7.929;7.979;1.27;UCG.ITEUR
2021-01-14 09:00:00;7.979;7.999;7.969;7.989;0.51;UCG.ITEUR
2021-01-14 10:00:00;7.989;7.989;7.919;7.929;0.46;UCG.ITEUR
2021-01-14 11:00:00;7.929;7.929;7.869;7.879;0.67;UCG.ITEUR
2021-01-14 12:00:00;7.879;7.889;7.859;7.869;0.45;UCG.ITEUR
2021-01-14 13:00:00;7.869;7.899;7.849;7.889;0.62;UCG.ITEUR
2021-01-14 14:00:00;7.889;7.899;7.859;7.899;0.415;UCG.ITEUR
2021-01-14 15:00:00;7.889;7.899;7.829;7.839;0.72;UCG.ITEUR
2021-01-14 16:00:00;7.839;7.879;7.839;7.879;0.28;UCG.ITEUR
2021-01-15 08:00:00;7.799;7.829;7.759;7.789;1.595;UCG.ITEUR
2021-01-15 09:00:00;7.795;7.86;7.789;7.855;1.2825;UCG.ITEUR
2021-01-15 10:00:00;7.849;7.889;7.829;7.829;0.9875;UCG.ITEUR
2021-01-15 11:00:00;7.839;7.839;7.779;7.809;0.7475;UCG.ITEUR
2021-01-15 12:00:00;7.799;7.809;7.779;7.809;0.64;UCG.ITEUR
2021-01-15 13:00:00;7.809;7.819;7.779;7.779;0.4225;UCG.ITEUR
2021-01-15 14:00:00;7.769;7.789;7.739;7.749;0.73;UCG.ITEUR
2021-01-15 15:00:00;7.749;7.749;7.629;7.719;1.0675;UCG.ITEUR
2021-01-15 16:00:00;7.719;7.73;7.709;7.719;0.5475;UCG.ITEUR
2021-01-18 08:00:00;7.569;7.709;7.569;7.679;1.125;UCG.ITEUR
2021-01-18 09:00:00;7.679;7.699;7.649;7.669;0.52;UCG.ITEUR
2021-01-18 10:00:00;7.669;7.689;7.619;7.649;0.585;UCG.ITEUR
2021-01-18 11:00:00;7.649;7.679;7.639;7.659;0.56;UCG.ITEUR
2021-01-18 12:00:00;7.669;7.699;7.669;7.669;0.26;UCG.ITEUR
2021-01-18 13:00:00;7.669;7.729;7.669;7.709;0.48;UCG.ITEUR
2021-01-18 14:00:00;7.709;7.749;7.699;7.749;0.51;UCG.ITEUR
2021-01-18 15:00:00;7.749;7.789;7.749;7.779;0.48;UCG.ITEUR
2021-01-18 16:00:00;7.769;7.769;7.749;7.769;0.3575;UCG.ITEUR
2021-01-19 08:00:00;7.819;7.899;7.809;7.879;1.0;UCG.ITEUR
2021-01-19 09:00:00;7.879;7.879;7.799;7.833;0.7775;UCG.ITEUR
2021-01-19 10:00:00;7.834;7.839;7.799;7.813;0.57;UCG.ITEUR
2021-01-19 11:00:00;7.809;7.851;7.809;7.849;0.5425;UCG.ITEUR
2021-01-19 12:00:00;7.849;7.889;7.839;7.879;0.475;UCG.ITEUR
2021-01-19 13:00:00;7.879;7.889;7.839;7.859;0.3675;UCG.ITEUR
2021-01-19 14:00:00;7.849;7.869;7.789;7.799;0.6875;UCG.ITEUR
2021-01-19 15:00:00;7.809;7.819;7.769;7.799;0.5875;UCG.ITEUR
2021-01-19 16:00:00;7.799;7.804;7.779;7.779;0.4425;UCG.ITEUR
2021-01-20 08:00:00;7.889;8.029;7.869;8.029;1.63;UCG.ITEUR
2021-01-20 09:00:00;8.039;8.099;8.039;8.079;1.2325;UCG.ITEUR
2021-01-20 10:00:00;8.069;8.099;8.069;8.089;0.73;UCG.ITEUR
2021-01-20 11:00:00;8.089;8.089;8.039;8.039;0.5775;UCG.ITEUR
2021-01-20 12:00:00;8.039;8.039;8.009;8.029;0.42;UCG.ITEUR
2021-01-20 13:00:00;8.029;8.039;8.019;8.029;0.29;UCG.ITEUR
2021-01-20 14:00:00;8.039;8.089;8.009;8.079;0.72;UCG.ITEUR
2021-01-20 15:00:00;8.079;8.089;8.049;8.059;0.6525;UCG.ITEUR
2021-01-20 16:00:00;8.065;8.089;8.056;8.089;0.6525;UCG.ITEUR
2021-01-21 08:00:00;8.149;8.169;8.029;8.049;1.5675;UCG.ITEUR
2021-01-21 09:00:00;8.049;8.08;8.019;8.029;0.67;UCG.ITEUR
2021-01-21 10:00:00;8.029;8.039;8.019;8.029;0.58;UCG.ITEUR
2021-01-21 11:00:00;8.029;8.059;8.029;8.059;0.7475;UCG.ITEUR
2021-01-21 12:00:00;8.069;8.069;8.049;8.059;0.56;UCG.ITEUR
2021-01-21 13:00:00;8.059;8.089;7.999;8.089;0.85;UCG.ITEUR
2021-01-21 14:00:00;8.079;8.089;8.029;8.032;1.6475;UCG.ITEUR
2021-01-21 15:00:00;8.033;8.04;7.989;8.019;1.23;UCG.ITEUR
2021-01-21 16:00:00;8.019;8.045;7.995;8.019;1.35;UCG.ITEUR
2021-01-22 08:00:00;7.869;7.899;7.769;7.839;1.85;UCG.ITEUR
2021-01-22 09:00:00;7.849;7.849;7.719;7.729;0.75;UCG.ITEUR
2021-01-22 10:00:00;7.729;7.789;7.729;7.739;0.645;UCG.ITEUR
2021-01-22 11:00:00;7.739;7.759;7.709;7.759;0.58;UCG.ITEUR
2021-01-22 12:00:00;7.749;7.758;7.719;7.729;0.5225;UCG.ITEUR
2021-01-22 13:00:00;7.729;7.739;7.729;7.739;0.47;UCG.ITEUR
2021-01-22 14:00:00;7.739;7.799;7.739;7.779;0.58;UCG.ITEUR
2021-01-22 15:00:00;7.789;7.799;7.729;7.745;0.7375;UCG.ITEUR
2021-01-22 16:00:00;7.739;7.76;7.729;7.749;0.4675;UCG.ITEUR
2021-01-25 08:00:00;7.809;7.809;7.699;7.739;1.09;UCG.ITEUR
2021-01-25 09:00:00;7.739;7.749;7.689;7.699;0.71;UCG.ITEUR
2021-01-25 10:00:00;7.699;7.719;7.679;7.699;0.53;UCG.ITEUR
2021-01-25 11:00:00;7.699;7.699;7.639;7.639;0.45;UCG.ITEUR
2021-01-25 12:00:00;7.629;7.629;7.509;7.519;0.84;UCG.ITEUR
2021-01-25 13:00:00;7.529;7.529;7.459;7.509;1.08;UCG.ITEUR
2021-01-25 14:00:00;7.511;7.512;7.426;7.469;2.425;UCG.ITEUR
2021-01-25 15:00:00;7.47;7.539;7.449;7.453;2.285;UCG.ITEUR
2021-01-25 16:00:00;7.449;7.456;7.409;7.409;0.7875;UCG.ITEUR
2021-01-26 08:00:00;7.409;7.449;7.379;7.409;1.54;UCG.ITEUR
2021-01-26 09:00:00;7.419;7.539;7.419;7.529;0.85;UCG.ITEUR
2021-01-26 10:00:00;7.519;7.529;7.489;7.529;0.61;UCG.ITEUR
2021-01-26 11:00:00;7.529;7.639;7.519;7.619;0.6;UCG.ITEUR
2021-01-26 12:00:00;7.619;7.639;7.599;7.639;0.51;UCG.ITEUR
2021-01-26 13:00:00;7.639;7.639;7.549;7.599;0.64;UCG.ITEUR
2021-01-26 14:00:00;7.609;7.609;7.549;7.569;0.72;UCG.ITEUR
2021-01-26 15:00:00;7.569;7.819;7.569;7.799;1.97;UCG.ITEUR
2021-01-26 16:00:00;7.799;7.799;7.769;7.799;0.5875;UCG.ITEUR
2021-01-27 08:00:00;7.769;7.899;7.719;7.779;2.47;UCG.ITEUR
2021-01-27 09:00:00;7.779;7.819;7.769;7.779;0.645;UCG.ITEUR
2021-01-27 10:00:00;7.769;7.769;7.719;7.719;0.93;UCG.ITEUR
2021-01-27 11:00:00;7.719;7.729;7.669;7.679;0.86;UCG.ITEUR
2021-01-27 12:00:00;7.679;7.709;7.619;7.649;1.08;UCG.ITEUR
2021-01-27 13:00:00;7.639;7.679;7.619;7.679;0.73;UCG.ITEUR
2021-01-27 14:00:00;7.679;7.689;7.549;7.609;1.3;UCG.ITEUR
2021-01-27 15:00:00;7.599;7.639;7.579;7.629;1.42;UCG.ITEUR
2021-01-27 16:00:00;7.639;7.669;7.629;7.669;0.44;UCG.ITEUR
2021-01-28 08:00:00;7.609;7.729;7.579;7.579;2.15;UCG.ITEUR
2021-01-28 09:00:00;7.579;7.609;7.539;7.549;1.19;UCG.ITEUR
2021-01-28 10:00:00;7.549;7.599;7.539;7.539;1.0825;UCG.ITEUR
2021-01-28 11:00:00;7.539;7.589;7.504;7.569;1.025;UCG.ITEUR
2021-01-28 12:00:00;7.569;7.579;7.489;7.494;1.035;UCG.ITEUR
2021-01-28 13:00:00;7.539;7.679;7.494;7.679;1.335;UCG.ITEUR
2021-01-28 14:00:00;7.679;7.719;7.2;7.679;1.7275;UCG.ITEUR
2021-01-28 15:00:00;7.689;7.769;7.2;7.719;1.5825;UCG.ITEUR
2021-01-28 16:00:00;7.709;7.759;7.709;7.71;0.885;UCG.ITEUR
2021-01-29 08:00:00;7.549;7.629;7.549;7.609;1.79;UCG.ITEUR
2021-01-29 09:00:00;7.619;7.639;7.559;7.619;0.94;UCG.ITEUR
2021-01-29 10:00:00;7.619;7.619;7.559;7.569;0.64;UCG.ITEUR
2021-01-29 11:00:00;7.559;7.619;7.559;7.589;0.55;UCG.ITEUR
2021-01-29 12:00:00;7.589;7.599;7.559;7.559;0.5;UCG.ITEUR
2021-01-29 13:00:00;7.559;7.609;7.489;7.599;1.19;UCG.ITEUR
2021-01-29 14:00:00;7.599;7.639;7.569;7.599;1.0;UCG.ITEUR
2021-01-29 15:00:00;7.589;7.639;7.579;7.629;1.0075;UCG.ITEUR
2021-01-29 16:00:00;7.629;7.629;7.569;7.569;0.47;UCG.ITEUR
2021-02-01 08:00:00;7.639;7.659;7.569;7.629;1.51;UCG.ITEUR
2021-02-01 09:00:00;7.629;7.679;7.609;7.619;0.89;UCG.ITEUR
2021-02-01 10:00:00;7.619;7.709;7.619;7.669;0.76;UCG.ITEUR
2021-02-01 11:00:00;7.679;7.749;7.669;7.699;0.74;UCG.ITEUR
2021-02-01 12:00:00;7.699;7.729;7.679;7.719;0.72;UCG.ITEUR
2021-02-01 13:00:00;7.719;7.719;7.699;7.699;0.45;UCG.ITEUR
2021-02-01 14:00:00;7.709;7.709;7.649;7.649;0.83;UCG.ITEUR
2021-02-01 15:00:00;7.649;7.671;7.629;7.649;1.005;UCG.ITEUR
2021-02-01 16:00:00;7.649;7.669;7.649;7.669;0.23;UCG.ITEUR
2021-02-02 08:00:00;7.729;7.769;7.669;7.699;1.61;UCG.ITEUR
2021-02-02 09:00:00;7.709;7.769;7.709;7.749;0.9;UCG.ITEUR
2021-02-02 10:00:00;7.739;7.749;7.709;7.729;0.51;UCG.ITEUR
2021-02-02 11:00:00;7.729;7.739;7.699;7.699;0.64;UCG.ITEUR
2021-02-02 12:00:00;7.699;7.719;7.689;7.709;0.8;UCG.ITEUR
2021-02-02 13:00:00;7.709;7.709;7.689;7.709;0.77;UCG.ITEUR
2021-02-02 14:00:00;7.709;7.779;7.699;7.739;0.97;UCG.ITEUR
2021-02-02 15:00:00;7.739;7.759;7.729;7.747;0.965;UCG.ITEUR
2021-02-02 16:00:00;7.749;7.749;7.709;7.718;0.7325;UCG.ITEUR
2021-02-03 08:00:00;8.236;8.259;8.069;8.079;3.175;UCG.ITEUR
2021-02-03 09:00:00;8.051;8.099;7.991;8.079;1.23;UCG.ITEUR
2021-02-03 10:00:00;8.069;8.189;8.015;8.169;1.4025;UCG.ITEUR
2021-02-03 11:00:00;8.159;8.169;8.119;8.139;0.8225;UCG.ITEUR
2021-02-03 12:00:00;8.139;8.169;8.119;8.159;0.74;UCG.ITEUR
2021-02-03 13:00:00;8.159;8.159;8.099;8.099;0.5475;UCG.ITEUR
2021-02-03 14:00:00;8.089;8.089;8.033;8.079;0.9275;UCG.ITEUR
2021-02-03 15:00:00;8.089;8.109;8.058;8.099;0.9775;UCG.ITEUR
2021-02-03 16:00:00;8.099;8.109;8.065;8.089;0.4075;UCG.ITEUR
2021-02-04 08:00:00;8.069;8.089;7.979;8.009;1.74;UCG.ITEUR
2021-02-04 09:00:00;7.999;8.049;7.97;8.029;0.7225;UCG.ITEUR
2021-02-04 10:00:00;8.029;8.069;7.999;8.069;0.895;UCG.ITEUR
2021-02-04 11:00:00;8.069;8.119;8.017;8.069;0.9275;UCG.ITEUR
2021-02-04 12:00:00;8.079;8.109;8.041;8.089;0.5375;UCG.ITEUR
2021-02-04 13:00:00;8.089;8.169;8.089;8.159;0.67;UCG.ITEUR
2021-02-04 14:00:00;8.159;8.239;8.149;8.239;0.76;UCG.ITEUR
2021-02-04 15:00:00;8.229;8.339;8.229;8.289;1.2075;UCG.ITEUR
2021-02-04 16:00:00;8.279;8.289;8.259;8.279;0.52;UCG.ITEUR
2021-02-05 08:00:00;8.299;8.489;8.269;8.479;2.44;UCG.ITEUR
2021-02-05 09:00:00;8.469;8.599;8.446;8.579;1.5825;UCG.ITEUR
2021-02-05 10:00:00;8.569;8.609;8.569;8.569;0.79;UCG.ITEUR
2021-02-05 11:00:00;8.569;8.609;8.549;8.609;0.97;UCG.ITEUR
2021-02-05 12:00:00;8.619;8.629;8.559;8.599;0.71;UCG.ITEUR
2021-02-05 13:00:00;8.609;8.609;8.519;8.559;0.64;UCG.ITEUR
2021-02-05 14:00:00;8.549;8.559;8.439;8.449;0.93;UCG.ITEUR
2021-02-05 15:00:00;8.439;8.479;8.419;8.459;1.21;UCG.ITEUR
2021-02-05 16:00:00;8.469;8.469;8.419;8.459;0.32;UCG.ITEUR
2021-02-08 08:00:00;8.629;8.859;8.629;8.779;3.06;UCG.ITEUR
2021-02-08 09:00:00;8.769;8.809;8.749;8.789;0.96;UCG.ITEUR
2021-02-08 10:00:00;8.789;8.789;8.749;8.769;0.94;UCG.ITEUR
2021-02-08 11:00:00;8.769;8.799;8.769;8.779;0.69;UCG.ITEUR
2021-02-08 12:00:00;8.789;8.789;8.709;8.719;0.65;UCG.ITEUR
2021-02-08 13:00:00;8.719;8.749;8.709;8.729;0.78;UCG.ITEUR
2021-02-08 14:00:00;8.729;8.789;8.729;8.759;0.67;UCG.ITEUR
2021-02-08 15:00:00;8.769;8.769;8.729;8.749;0.68;UCG.ITEUR
2021-02-08 16:00:00;8.749;8.759;8.699;8.699;0.49;UCG.ITEUR
2021-02-09 08:00:00;8.729;8.739;8.589;8.659;2.3025;UCG.ITEUR
2021-02-09 09:00:00;8.659;8.669;8.619;8.659;0.9;UCG.ITEUR
2021-02-09 10:00:00;8.659;8.719;8.649;8.719;0.565;UCG.ITEUR
2021-02-09 11:00:00;8.719;8.719;8.669;8.689;0.43;UCG.ITEUR
2021-02-09 12:00:00;8.689;8.709;8.661;8.679;0.45;UCG.ITEUR
2021-02-09 13:00:00;8.669;8.749;8.659;8.729;0.53;UCG.ITEUR
2021-02-09 14:00:00;8.729;8.739;8.679;8.699;0.72;UCG.ITEUR
2021-02-09 15:00:00;8.689;8.699;8.669;8.669;0.7;UCG.ITEUR
2021-02-09 16:00:00;8.669;8.669;8.639;8.659;0.38;UCG.ITEUR
2021-02-10 08:00:00;8.709;8.749;8.649;8.679;2.6275;UCG.ITEUR
2021-02-10 09:00:00;8.669;8.709;8.649;8.699;0.695;UCG.ITEUR
2021-02-10 10:00:00;8.699;8.719;8.689;8.709;0.49;UCG.ITEUR
2021-02-10 11:00:00;8.709;8.729;8.679;8.699;0.52;UCG.ITEUR
2021-02-10 12:00:00;8.699;8.739;8.699;8.709;0.6075;UCG.ITEUR
2021-02-10 13:00:00;8.709;8.74;8.709;8.739;0.52;UCG.ITEUR
2021-02-10 14:00:00;8.739;8.789;8.739;8.789;0.82;UCG.ITEUR
2021-02-10 15:00:00;8.799;8.799;8.639;8.729;1.4775;UCG.ITEUR
2021-02-10 16:00:00;8.729;8.729;8.689;8.689;0.6125;UCG.ITEUR
2021-02-11 08:00:00;8.629;8.719;8.469;8.549;3.96;UCG.ITEUR
2021-02-11 09:00:00;8.539;8.539;8.409;8.459;1.32;UCG.ITEUR
2021-02-11 10:00:00;8.459;8.509;8.459;8.459;1.02;UCG.ITEUR
2021-02-11 11:00:00;8.469;8.489;8.449;8.479;0.63;UCG.ITEUR
2021-02-11 12:00:00;8.479;8.479;8.409;8.449;0.95;UCG.ITEUR
2021-02-11 13:00:00;8.439;8.489;8.439;8.439;0.67;UCG.ITEUR
2021-02-11 14:00:00;8.439;8.469;8.419;8.429;1.3725;UCG.ITEUR
2021-02-11 15:00:00;8.429;8.469;8.429;8.449;0.72;UCG.ITEUR
2021-02-11 16:00:00;8.455;8.459;8.429;8.429;1.0325;UCG.ITEUR
2021-02-12 08:00:00;8.459;8.459;8.239;8.259;2.1775;UCG.ITEUR
2021-02-12 09:00:00;8.269;8.319;8.249;8.309;0.93;UCG.ITEUR
2021-02-12 10:00:00;8.309;8.309;8.269;8.279;0.49;UCG.ITEUR
2021-02-12 11:00:00;8.269;8.339;8.259;8.329;0.44;UCG.ITEUR
2021-02-12 12:00:00;8.329;8.359;8.319;8.339;0.55;UCG.ITEUR
2021-02-12 13:00:00;8.339;8.379;8.329;8.359;0.63;UCG.ITEUR
2021-02-12 14:00:00;8.359;8.389;8.349;8.369;1.0125;UCG.ITEUR
2021-02-12 15:00:00;8.359;8.379;8.349;8.359;0.7;UCG.ITEUR
2021-02-12 16:00:00;8.359;8.386;8.349;8.379;0.4325;UCG.ITEUR
2021-02-15 08:00:00;8.519;8.549;8.439;8.489;2.1;UCG.ITEUR
2021-02-15 09:00:00;8.489;8.559;8.489;8.559;0.74;UCG.ITEUR
2021-02-15 10:00:00;8.559;8.559;8.52;8.53;0.605;UCG.ITEUR
2021-02-15 11:00:00;8.529;8.53;8.509;8.52;0.6825;UCG.ITEUR
2021-02-15 12:00:00;8.51;8.53;8.48;8.5;0.93;UCG.ITEUR
2021-02-15 13:00:00;8.499;8.51;8.479;8.49;1.2;UCG.ITEUR
2021-02-15 14:00:00;8.485;8.49;8.46;8.48;0.8725;UCG.ITEUR
2021-02-15 15:00:00;8.47;8.5;8.46;8.5;1.17;UCG.ITEUR
2021-02-15 16:00:00;8.509;8.51;8.48;8.49;0.8025;UCG.ITEUR
2021-02-16 08:00:00;8.52;8.56;8.46;8.5;2.4825;UCG.ITEUR
2021-02-16 09:00:00;8.49;8.5;8.43;8.5;1.39;UCG.ITEUR
2021-02-16 10:00:00;8.5;8.52;8.49;8.49;1.345;UCG.ITEUR
2021-02-16 11:00:00;8.49;8.53;8.469;8.52;1.7;UCG.ITEUR
2021-02-16 12:00:00;8.516;8.516;8.469;8.48;1.1575;UCG.ITEUR
2021-02-16 13:00:00;8.47;8.48;8.45;8.45;1.4225;UCG.ITEUR
2021-02-16 14:00:00;8.44;8.46;8.38;8.44;2.3175;UCG.ITEUR
2021-02-16 15:00:00;8.44;8.48;8.42;8.46;2.1125;UCG.ITEUR
2021-02-16 16:00:00;8.46;8.49;8.46;8.46;1.0025;UCG.ITEUR
2021-02-17 08:00:00;8.43;8.57;8.42;8.55;4.5475;UCG.ITEUR
2021-02-17 09:00:00;8.546;8.55;8.43;8.45;3.615;UCG.ITEUR
2021-02-17 10:00:00;8.44;8.46;8.41;8.41;8.9375;UCG.ITEUR
2021-02-17 11:00:00;8.42;8.42;8.389;8.41;7.1625;UCG.ITEUR
2021-02-17 12:00:00;8.4;8.41;8.369;8.37;7.4375;UCG.ITEUR
2021-02-17 13:00:00;8.379;8.4;8.34;8.35;11.8375;UCG.ITEUR
2021-02-17 14:00:00;8.346;8.37;8.27;8.3;16.3625;UCG.ITEUR
2021-02-17 15:00:00;8.309;8.34;8.25;8.31;17.7375;UCG.ITEUR
2021-02-17 16:00:00;8.306;8.31;8.29;8.29;5.95;UCG.ITEUR
2021-02-18 08:00:00;8.29;8.37;8.26;8.37;17.675;UCG.ITEUR
2021-02-18 09:00:00;8.366;8.37;8.23;8.24;9.95;UCG.ITEUR
2021-02-18 10:00:00;8.249;8.26;8.16;8.17;8.6875;UCG.ITEUR
2021-02-18 11:00:00;8.16;8.21;8.13;8.21;15.6875;UCG.ITEUR
2021-02-18 12:00:00;8.206;8.21;8.16;8.17;11.425;UCG.ITEUR
2021-02-18 13:00:00;8.17;8.18;8.13;8.14;7.0625;UCG.ITEUR
2021-02-18 14:00:00;8.135;8.21;8.13;8.17;12.7375;UCG.ITEUR
2021-02-18 15:00:00;8.169;8.18;8.1;8.11;12.3;UCG.ITEUR
2021-02-18 16:00:00;8.119;8.16;8.11;8.13;6.3125;UCG.ITEUR
2021-02-19 08:00:00;8.14;8.17;8.07;8.09;22.9875;UCG.ITEUR
2021-02-19 09:00:00;8.099;8.17;8.08;8.14;9.725;UCG.ITEUR
2021-02-19 10:00:00;8.149;8.16;8.1;8.14;7.9875;UCG.ITEUR
2021-02-19 11:00:00;8.149;8.18;8.12;8.13;8.5375;UCG.ITEUR
2021-02-19 12:00:00;8.14;8.19;8.13;8.19;10.425;UCG.ITEUR
2021-02-19 13:00:00;8.186;8.28;8.18;8.27;8.1125;UCG.ITEUR
2021-02-19 14:00:00;8.279;8.31;8.26;8.3;11.8125;UCG.ITEUR
2021-02-19 15:00:00;8.296;8.36;8.29;8.34;9.575;UCG.ITEUR
2021-02-19 16:00:00;8.336;8.35;8.33;8.35;4.2875;UCG.ITEUR
2021-02-22 08:00:00;8.31;8.32;8.18;8.21;22.275;UCG.ITEUR
2021-02-22 09:00:00;8.206;8.27;8.19;8.26;8.3125;UCG.ITEUR
2021-02-22 10:00:00;8.256;8.26;8.219;8.25;6.1375;UCG.ITEUR
2021-02-22 11:00:00;8.26;8.27;8.23;8.25;5.875;UCG.ITEUR
2021-02-22 12:00:00;8.259;8.26;8.2;8.21;6.4375;UCG.ITEUR
2021-02-22 13:00:00;8.2;8.23;8.19;8.22;5.6375;UCG.ITEUR
2021-02-22 14:00:00;8.219;8.26;8.2;8.23;9.775;UCG.ITEUR
2021-02-22 15:00:00;8.24;8.3;8.22;8.28;7.35;UCG.ITEUR
2021-02-22 16:00:00;8.289;8.33;8.28;8.319;6.425;UCG.ITEUR
2021-02-23 08:00:00;8.34;8.46;8.34;8.44;22.65;UCG.ITEUR
2021-02-23 09:00:00;8.449;8.48;8.42;8.44;13.45;UCG.ITEUR
2021-02-23 10:00:00;8.435;8.46;8.29;8.35;18.725;UCG.ITEUR
2021-02-23 11:00:00;8.345;8.42;8.32;8.41;14.4125;UCG.ITEUR
2021-02-23 12:00:00;8.41;8.55;8.409;8.54;10.25;UCG.ITEUR
2021-02-23 13:00:00;8.536;8.56;8.5;8.56;9.6875;UCG.ITEUR
2021-02-23 14:00:00;8.559;8.59;8.43;8.52;17.4125;UCG.ITEUR
2021-02-23 15:00:00;8.51;8.59;8.5;8.51;17.3625;UCG.ITEUR
2021-02-23 16:00:00;8.506;8.54;8.49;8.51;7.5;UCG.ITEUR
2021-02-24 08:00:00;8.5;8.62;8.49;8.59;23.2875;UCG.ITEUR
2021-02-24 09:00:00;8.6;8.69;8.589;8.66;11.375;UCG.ITEUR
2021-02-24 10:00:00;8.66;8.68;8.6;8.63;10.3125;UCG.ITEUR
2021-02-24 11:00:00;8.639;8.67;8.62;8.65;7.6125;UCG.ITEUR
2021-02-24 12:00:00;8.645;8.7;8.64;8.67;7.075;UCG.ITEUR
2021-02-24 13:00:00;8.68;8.68;8.6;8.61;10.1625;UCG.ITEUR
2021-02-24 14:00:00;8.619;8.71;8.61;8.699;14.5875;UCG.ITEUR
2021-02-24 15:00:00;8.696;8.71;8.67;8.7;13.3625;UCG.ITEUR
2021-02-24 16:00:00;8.695;8.77;8.69;8.73;4.25;UCG.ITEUR
2021-02-25 08:00:00;8.82;8.94;8.8;8.87;33.0375;UCG.ITEUR
2021-02-25 09:00:00;8.879;8.89;8.83;8.87;12.125;UCG.ITEUR
2021-02-25 10:00:00;8.866;8.89;8.859;8.87;13.2;UCG.ITEUR
2021-02-25 11:00:00;8.866;8.87;8.76;8.78;13.8375;UCG.ITEUR
2021-02-25 12:00:00;8.776;8.84;8.74;8.839;11.2375;UCG.ITEUR
2021-02-25 13:00:00;8.83;8.89;8.83;8.89;9.925;UCG.ITEUR
2021-02-25 14:00:00;8.899;8.93;8.81;8.85;14.475;UCG.ITEUR
2021-02-25 15:00:00;8.846;8.86;8.77;8.77;19.125;UCG.ITEUR
2021-02-25 16:00:00;8.78;8.78;8.72;8.74;7.0;UCG.ITEUR
2021-02-26 08:00:00;8.55;8.62;8.52;8.59;35.4;UCG.ITEUR
2021-02-26 09:00:00;8.58;8.66;8.57;8.62;13.425;UCG.ITEUR
2021-02-26 10:00:00;8.629;8.63;8.58;8.59;10.525;UCG.ITEUR
2021-02-26 11:00:00;8.586;8.59;8.48;8.5;10.7125;UCG.ITEUR
2021-02-26 12:00:00;8.495;8.54;8.47;8.47;14.775;UCG.ITEUR
2021-02-26 13:00:00;8.469;8.54;8.46;8.53;14.9375;UCG.ITEUR
2021-02-26 14:00:00;8.539;8.56;8.49;8.49;15.1375;UCG.ITEUR
2021-02-26 15:00:00;8.49;8.51;8.43;8.43;16.8875;UCG.ITEUR
2021-02-26 16:00:00;8.439;8.55;8.43;8.49;10.125;UCG.ITEUR
2021-03-01 08:00:00;8.61;8.79;8.6;8.78;23.9625;UCG.ITEUR
2021-03-01 09:00:00;8.779;8.81;8.75;8.79;12.0625;UCG.ITEUR
2021-03-01 10:00:00;8.799;8.86;8.78;8.86;9.8125;UCG.ITEUR
2021-03-01 11:00:00;8.856;8.86;8.79;8.8;9.8375;UCG.ITEUR
2021-03-01 12:00:00;8.809;8.81;8.78;8.81;8.5625;UCG.ITEUR
2021-03-01 13:00:00;8.809;8.86;8.8;8.82;6.025;UCG.ITEUR
2021-03-01 14:00:00;8.816;8.83;8.79;8.82;9.6375;UCG.ITEUR
2021-03-01 15:00:00;8.815;8.89;8.81;8.89;11.0625;UCG.ITEUR
2021-03-01 16:00:00;8.886;8.89;8.83;8.839;7.8875;UCG.ITEUR
2021-03-02 08:00:00;8.77;8.94;8.77;8.83;17.7375;UCG.ITEUR
2021-03-02 09:00:00;8.839;8.88;8.81;8.85;12.125;UCG.ITEUR
2021-03-02 10:00:00;8.859;8.87;8.83;8.85;11.675;UCG.ITEUR
2021-03-02 11:00:00;8.846;8.88;8.83;8.86;8.6625;UCG.ITEUR
2021-03-02 12:00:00;8.869;8.89;8.84;8.86;6.7625;UCG.ITEUR
2021-03-02 13:00:00;8.859;8.86;8.82;8.83;7.125;UCG.ITEUR
2021-03-02 14:00:00;8.826;8.85;8.8;8.81;10.7125;UCG.ITEUR
2021-03-02 15:00:00;8.819;8.84;8.8;8.82;12.7125;UCG.ITEUR
2021-03-02 16:00:00;8.829;8.84;8.809;8.81;6.125;UCG.ITEUR
2021-03-03 08:00:00;8.88;9.0;8.87;8.99;17.4375;UCG.ITEUR
2021-03-03 09:00:00;8.99;9.05;8.98;9.01;10.5875;UCG.ITEUR
2021-03-03 10:00:00;9.009;9.01;8.96;8.98;8.025;UCG.ITEUR
2021-03-03 11:00:00;8.979;9.03;8.97;9.01;5.45;UCG.ITEUR
2021-03-03 12:00:00;9.019;9.06;8.999;9.03;7.975;UCG.ITEUR
2021-03-03 13:00:00;9.039;9.05;8.95;8.98;15.725;UCG.ITEUR
2021-03-03 14:00:00;8.976;9.01;8.95;8.98;13.5125;UCG.ITEUR
2021-03-03 15:00:00;8.976;9.01;8.89;8.99;17.1125;UCG.ITEUR
2021-03-03 16:00:00;8.99;9.01;8.97;8.989;6.4375;UCG.ITEUR
2021-03-04 08:00:00;8.96;9.01;8.93;8.95;17.8875;UCG.ITEUR
2021-03-04 09:00:00;8.959;8.96;8.88;8.9;14.225;UCG.ITEUR
2021-03-04 10:00:00;8.899;8.91;8.81;8.84;9.2625;UCG.ITEUR
2021-03-04 11:00:00;8.839;8.859;8.81;8.82;11.1125;UCG.ITEUR
2021-03-04 12:00:00;8.829;8.84;8.81;8.83;7.15;UCG.ITEUR
2021-03-04 13:00:00;8.825;8.85;8.809;8.82;9.85;UCG.ITEUR
2021-03-04 14:00:00;8.829;8.91;8.81;8.84;13.45;UCG.ITEUR
2021-03-04 15:00:00;8.85;8.86;8.76;8.85;15.45;UCG.ITEUR
2021-03-04 16:00:00;8.859;8.87;8.83;8.87;5.85;UCG.ITEUR
2021-03-05 08:00:00;8.85;8.85;8.77;8.83;20.7375;UCG.ITEUR
2021-03-05 09:00:00;8.84;8.93;8.82;8.93;17.4;UCG.ITEUR
2021-03-05 10:00:00;8.939;8.94;8.88;8.89;10.425;UCG.ITEUR
2021-03-05 11:00:00;8.899;8.91;8.86;8.9;11.7625;UCG.ITEUR
2021-03-05 12:00:00;8.896;8.92;8.88;8.91;9.625;UCG.ITEUR
2021-03-05 13:00:00;8.919;9.06;8.85;9.0;22.55;UCG.ITEUR
2021-03-05 14:00:00;9.01;9.11;9.0;9.07;20.25;UCG.ITEUR
2021-03-05 15:00:00;9.066;9.07;8.94;8.94;21.3875;UCG.ITEUR
2021-03-05 16:00:00;8.949;8.98;8.91;8.92;11.625;UCG.ITEUR
2021-03-08 08:00:00;8.87;9.12;8.87;9.1;16.9125;UCG.ITEUR
2021-03-08 09:00:00;9.109;9.12;9.04;9.1;14.5875;UCG.ITEUR
2021-03-08 10:00:00;9.096;9.14;9.08;9.14;13.4625;UCG.ITEUR
2021-03-08 11:00:00;9.15;9.19;9.09;9.19;10.925;UCG.ITEUR
2021-03-08 12:00:00;9.186;9.19;9.13;9.14;12.8875;UCG.ITEUR
2021-03-08 13:00:00;9.149;9.21;9.14;9.2;10.7125;UCG.ITEUR
2021-03-08 14:00:00;9.195;9.26;9.17;9.209;15.625;UCG.ITEUR
2021-03-08 15:00:00;9.21;9.35;9.21;9.34;20.2625;UCG.ITEUR
2021-03-08 16:00:00;9.33;9.37;9.32;9.35;9.4875;UCG.ITEUR
2021-03-09 08:00:00;9.32;9.34;9.2;9.26;26.0625;UCG.ITEUR
2021-03-09 09:00:00;9.269;9.31;9.2;9.2;17.4375;UCG.ITEUR
2021-03-09 10:00:00;9.209;9.25;9.19;9.19;10.5875;UCG.ITEUR
2021-03-09 11:00:00;9.19;9.22;9.18;9.19;10.4625;UCG.ITEUR
2021-03-09 12:00:00;9.199;9.2;9.14;9.16;14.2375;UCG.ITEUR
2021-03-09 13:00:00;9.16;9.21;9.16;9.19;9.1875;UCG.ITEUR
2021-03-09 14:00:00;9.19;9.2;9.14;9.15;11.475;UCG.ITEUR
2021-03-09 15:00:00;9.15;9.23;9.13;9.22;12.75;UCG.ITEUR
2021-03-09 16:00:00;9.23;9.24;9.22;9.22;2.4625;UCG.ITEUR
2021-03-10 08:00:00;9.16;9.24;9.14;9.22;15.2375;UCG.ITEUR
2021-03-10 09:00:00;9.229;9.25;9.14;9.14;11.1125;UCG.ITEUR
2021-03-10 10:00:00;9.15;9.16;9.12;9.13;8.5125;UCG.ITEUR
2021-03-10 11:00:00;9.129;9.15;9.08;9.15;7.8;UCG.ITEUR
2021-03-10 12:00:00;9.159;9.17;9.13;9.14;8.8875;UCG.ITEUR
2021-03-10 13:00:00;9.139;9.16;9.119;9.15;7.4375;UCG.ITEUR
2021-03-10 14:00:00;9.146;9.21;9.13;9.15;14.5;UCG.ITEUR
2021-03-10 15:00:00;9.159;9.16;9.11;9.159;11.95;UCG.ITEUR
2021-03-10 16:00:00;9.16;9.16;9.139;9.14;4.175;UCG.ITEUR
2021-03-11 08:00:00;9.14;9.19;9.11;9.159;20.925;UCG.ITEUR
2021-03-11 09:00:00;9.16;9.18;9.05;9.07;11.6625;UCG.ITEUR
2021-03-11 10:00:00;9.079;9.09;9.04;9.06;11.2625;UCG.ITEUR
2021-03-11 11:00:00;9.05;9.12;9.03;9.11;6.3625;UCG.ITEUR
2021-03-11 12:00:00;9.1;9.11;9.03;9.04;8.4;UCG.ITEUR
2021-03-11 13:00:00;9.05;9.05;8.93;9.01;16.95;UCG.ITEUR
2021-03-11 14:00:00;9.006;9.02;8.9;9.01;15.3;UCG.ITEUR
2021-03-11 15:00:00;9.019;9.05;8.98;9.02;11.4375;UCG.ITEUR
2021-03-11 16:00:00;9.03;9.05;9.02;9.03;3.2125;UCG.ITEUR
2021-03-12 08:00:00;8.91;9.12;8.91;9.07;20.85;UCG.ITEUR
2021-03-12 09:00:00;9.066;9.09;9.05;9.07;13.7625;UCG.ITEUR
2021-03-12 10:00:00;9.08;9.13;9.06;9.12;9.8625;UCG.ITEUR
2021-03-12 11:00:00;9.119;9.14;9.1;9.13;6.1875;UCG.ITEUR
2021-03-12 12:00:00;9.139;9.16;9.099;9.15;8.225;UCG.ITEUR
2021-03-12 13:00:00;9.149;9.2;9.139;9.14;11.025;UCG.ITEUR
2021-03-12 14:00:00;9.15;9.16;9.11;9.11;9.525;UCG.ITEUR
2021-03-12 15:00:00;9.12;9.13;9.08;9.13;12.4375;UCG.ITEUR
2021-03-12 16:00:00;9.139;9.14;9.11;9.13;5.2625;UCG.ITEUR
2021-03-15 08:00:00;9.18;9.28;9.1;9.27;16.1875;UCG.ITEUR
2021-03-15 09:00:00;9.269;9.27;9.229;9.26;9.7;UCG.ITEUR
2021-03-15 10:00:00;9.259;9.28;9.24;9.26;8.925;UCG.ITEUR
2021-03-15 11:00:00;9.25;9.27;9.249;9.26;5.0375;UCG.ITEUR
2021-03-15 12:00:00;9.259;9.26;9.24;9.26;7.7125;UCG.ITEUR
2021-03-15 13:00:00;9.25;9.27;9.2;9.23;6.5625;UCG.ITEUR
2021-03-15 14:00:00;9.226;9.24;9.18;9.21;10.4;UCG.ITEUR
2021-03-15 15:00:00;9.206;9.22;9.05;9.1;12.8625;UCG.ITEUR
2021-03-15 16:00:00;9.099;9.12;9.08;9.11;3.2625;UCG.ITEUR
2021-03-16 08:00:00;9.179;9.31;9.15;9.28;15.2375;UCG.ITEUR
2021-03-16 09:00:00;9.27;9.33;9.26;9.29;8.375;UCG.ITEUR
2021-03-16 10:00:00;9.3;9.32;9.28;9.32;9.075;UCG.ITEUR
2021-03-16 11:00:00;9.316;9.36;9.309;9.34;7.6875;UCG.ITEUR
2021-03-16 12:00:00;9.339;9.35;9.32;9.33;4.3875;UCG.ITEUR
2021-03-16 13:00:00;9.33;9.36;9.28;9.29;6.0125;UCG.ITEUR
2021-03-16 14:00:00;9.3;9.3;9.24;9.269;9.0875;UCG.ITEUR
2021-03-16 15:00:00;9.27;9.3;9.25;9.3;9.8875;UCG.ITEUR
2021-03-16 16:00:00;9.295;9.3;9.26;9.28;4.8;UCG.ITEUR
2021-03-17 08:00:00;9.329;9.39;9.31;9.35;15.1625;UCG.ITEUR
2021-03-17 09:00:00;9.34;9.39;9.33;9.37;8.1125;UCG.ITEUR
2021-03-17 10:00:00;9.379;9.41;9.35;9.39;10.55;UCG.ITEUR
2021-03-17 11:00:00;9.4;9.42;9.36;9.39;8.7125;UCG.ITEUR
2021-03-17 12:00:00;9.38;9.41;9.38;9.39;3.7875;UCG.ITEUR
2021-03-17 13:00:00;9.38;9.43;9.37;9.4;9.55;UCG.ITEUR
2021-03-17 14:00:00;9.396;9.4;9.31;9.36;11.4125;UCG.ITEUR
2021-03-17 15:00:00;9.369;9.47;9.36;9.449;11.2;UCG.ITEUR
2021-03-17 16:00:00;9.449;9.47;9.449;9.46;3.8375;UCG.ITEUR
2021-03-18 08:00:00;9.589;9.68;9.52;9.61;29.8125;UCG.ITEUR
2021-03-18 09:00:00;9.619;9.63;9.56;9.59;12.0875;UCG.ITEUR
2021-03-18 10:00:00;9.589;9.61;9.57;9.58;7.5625;UCG.ITEUR
2021-03-18 11:00:00;9.579;9.6;9.55;9.55;6.3875;UCG.ITEUR
2021-03-18 12:00:00;9.559;9.56;9.49;9.5;7.025;UCG.ITEUR
2021-03-18 13:00:00;9.499;9.53;9.45;9.53;12.5125;UCG.ITEUR
2021-03-18 14:00:00;9.526;9.56;9.49;9.52;8.875;UCG.ITEUR
2021-03-18 15:00:00;9.53;9.58;9.499;9.56;8.3875;UCG.ITEUR
2021-03-18 16:00:00;9.556;9.56;9.52;9.53;6.6375;UCG.ITEUR
2021-03-19 08:00:00;9.34;9.49;9.33;9.36;27.1125;UCG.ITEUR
2021-03-19 09:00:00;9.37;9.38;9.32;9.34;9.8;UCG.ITEUR
2021-03-19 10:00:00;9.35;9.42;9.33;9.379;12.025;UCG.ITEUR
2021-03-19 11:00:00;9.38;9.38;9.27;9.31;11.475;UCG.ITEUR
2021-03-19 12:00:00;9.309;9.34;9.28;9.33;9.1625;UCG.ITEUR
2021-03-19 13:00:00;9.325;9.35;9.18;9.22;21.1875;UCG.ITEUR
2021-03-19 14:00:00;9.229;9.25;9.19;9.22;19.4625;UCG.ITEUR
2021-03-19 15:00:00;9.216;9.25;9.2;9.24;10.8875;UCG.ITEUR
2021-03-19 16:00:00;9.24;9.26;9.22;9.23;4.6625;UCG.ITEUR
2021-03-22 08:00:00;9.01;9.15;9.01;9.14;22.35;UCG.ITEUR
2021-03-22 09:00:00;9.136;9.19;9.08;9.18;14.2375;UCG.ITEUR
2021-03-22 10:00:00;9.18;9.22;9.14;9.15;6.7125;UCG.ITEUR
2021-03-22 11:00:00;9.159;9.16;9.1;9.12;5.475;UCG.ITEUR
2021-03-22 12:00:00;9.12;9.14;9.11;9.12;4.025;UCG.ITEUR
2021-03-22 13:00:00;9.11;9.12;9.04;9.05;8.0125;UCG.ITEUR
2021-03-22 14:00:00;9.059;9.07;9.04;9.05;8.8125;UCG.ITEUR
2021-03-22 15:00:00;9.049;9.11;9.049;9.1;9.4125;UCG.ITEUR
2021-03-22 16:00:00;9.096;9.1;9.07;9.089;6.275;UCG.ITEUR
2021-03-23 08:00:00;9.0;9.06;8.97;9.03;20.7375;UCG.ITEUR
2021-03-23 09:00:00;9.03;9.05;8.97;8.97;14.5375;UCG.ITEUR
2021-03-23 10:00:00;8.966;8.99;8.94;8.969;10.5625;UCG.ITEUR
2021-03-23 11:00:00;8.97;8.98;8.94;8.96;9.825;UCG.ITEUR
2021-03-23 12:00:00;8.95;8.96;8.92;8.95;7.1375;UCG.ITEUR
2021-03-23 13:00:00;8.949;9.0;8.949;9.0;9.55;UCG.ITEUR
2021-03-23 14:00:00;9.01;9.01;8.95;8.98;9.6;UCG.ITEUR
2021-03-23 15:00:00;8.989;9.03;8.96;9.01;9.4625;UCG.ITEUR
2021-03-23 16:00:00;9.006;9.02;9.0;9.0;3.65;UCG.ITEUR
2021-03-24 08:00:00;8.88;8.9;8.81;8.879;19.8375;UCG.ITEUR
2021-03-24 09:00:00;8.87;8.93;8.86;8.909;10.6125;UCG.ITEUR
2021-03-24 10:00:00;8.909;9.03;8.909;9.0;9.775;UCG.ITEUR
2021-03-24 11:00:00;9.009;9.03;8.99;9.0;7.2125;UCG.ITEUR
2021-03-24 12:00:00;9.0;9.03;9.0;9.01;7.0625;UCG.ITEUR
2021-03-24 13:00:00;9.009;9.08;9.0;9.05;11.7125;UCG.ITEUR
2021-03-24 14:00:00;9.05;9.1;9.03;9.089;9.9;UCG.ITEUR
2021-03-24 15:00:00;9.08;9.09;9.05;9.07;7.9875;UCG.ITEUR
2021-03-24 16:00:00;9.06;9.1;9.06;9.09;2.2875;UCG.ITEUR
2021-03-25 08:00:00;9.06;9.1;9.03;9.06;17.325;UCG.ITEUR
2021-03-25 09:00:00;9.059;9.14;9.04;9.11;11.475;UCG.ITEUR
2021-03-25 10:00:00;9.119;9.13;9.08;9.09;7.9;UCG.ITEUR
2021-03-25 11:00:00;9.08;9.08;8.99;9.0;8.85;UCG.ITEUR
2021-03-25 12:00:00;9.0;9.03;8.989;9.0;9.975;UCG.ITEUR
2021-03-25 13:00:00;8.996;9.03;8.99;9.01;12.6625;UCG.ITEUR
2021-03-25 14:00:00;9.01;9.03;8.96;8.98;11.2875;UCG.ITEUR
2021-03-25 15:00:00;8.976;9.07;8.96;9.05;12.3875;UCG.ITEUR
2021-03-25 16:00:00;9.05;9.07;9.02;9.03;6.0;UCG.ITEUR
2021-03-26 09:00:00;9.069;9.1;9.06;9.09;2.425;UCG.ITEUR
2021-03-26 10:00:00;9.08;9.1;9.05;9.08;7.4875;UCG.ITEUR
2021-03-26 11:00:00;9.089;9.09;9.06;9.09;4.975;UCG.ITEUR
2021-03-26 12:00:00;9.089;9.11;9.06;9.08;8.35;UCG.ITEUR
2021-03-26 13:00:00;9.079;9.12;9.079;9.11;7.825;UCG.ITEUR
2021-03-26 14:00:00;9.109;9.12;9.07;9.08;7.6625;UCG.ITEUR
2021-03-26 15:00:00;9.09;9.09;9.04;9.06;6.225;UCG.ITEUR
2021-03-26 16:00:00;9.056;9.07;9.04;9.07;2.55;UCG.ITEUR
2021-03-29 07:00:00;9.08;9.08;8.98;9.01;15.175;UCG.ITEUR
2021-03-29 08:00:00;9.0;9.01;8.97;8.99;6.15;UCG.ITEUR
2021-03-29 09:00:00;8.986;8.99;8.96;8.98;5.3125;UCG.ITEUR
2021-03-29 10:00:00;8.976;9.02;8.97;9.01;6.95;UCG.ITEUR
2021-03-29 11:00:00;9.01;9.03;8.999;9.01;5.1375;UCG.ITEUR
2021-03-29 12:00:00;9.01;9.02;8.98;8.99;5.8625;UCG.ITEUR
2021-03-29 13:00:00;9.0;9.04;8.98;9.039;7.225;UCG.ITEUR
2021-03-29 14:00:00;9.04;9.07;8.979;8.98;9.6625;UCG.ITEUR
2021-03-29 15:00:00;8.99;8.99;8.96;8.98;3.9125;UCG.ITEUR
2021-03-30 07:00:00;8.959;9.19;8.82;9.15;14.175;UCG.ITEUR
2021-03-30 08:00:00;9.15;9.19;9.13;9.13;8.025;UCG.ITEUR
2021-03-30 09:00:00;9.14;9.14;9.05;9.05;6.825;UCG.ITEUR
2021-03-30 10:00:00;9.06;9.1;9.05;9.08;5.6875;UCG.ITEUR
2021-03-30 11:00:00;9.08;9.09;9.04;9.06;5.2;UCG.ITEUR
2021-03-30 12:00:00;9.05;9.06;9.02;9.03;6.1375;UCG.ITEUR
2021-03-30 13:00:00;9.025;9.12;9.02;9.11;6.6;UCG.ITEUR
2021-03-30 14:00:00;9.119;9.16;9.09;9.12;7.2875;UCG.ITEUR
2021-03-30 15:00:00;9.129;9.14;9.119;9.14;2.1375;UCG.ITEUR
2021-03-31 07:00:00;9.139;9.15;9.05;9.07;11.6;UCG.ITEUR
2021-03-31 08:00:00;9.07;9.11;9.07;9.09;6.2875;UCG.ITEUR
2021-03-31 09:00:00;9.08;9.11;9.08;9.09;5.8125;UCG.ITEUR
2021-03-31 10:00:00;9.099;9.11;9.08;9.11;3.1;UCG.ITEUR
2021-03-31 11:00:00;9.106;9.11;9.05;9.06;4.725;UCG.ITEUR
2021-03-31 12:00:00;9.059;9.08;9.05;9.08;5.075;UCG.ITEUR
2021-03-31 13:00:00;9.07;9.08;9.04;9.04;5.5875;UCG.ITEUR
2021-03-31 14:00:00;9.057;9.06;9.03;9.039;10.8125;UCG.ITEUR
2021-03-31 15:00:00;9.04;9.05;9.03;9.04;7.5375;UCG.ITEUR
2021-04-01 07:00:00;9.029;9.1;8.98;9.089;16.975;UCG.ITEUR
2021-04-01 08:00:00;9.09;9.1;9.07;9.09;8.475;UCG.ITEUR
2021-04-01 09:00:00;9.08;9.09;9.059;9.06;4.625;UCG.ITEUR
2021-04-01 10:00:00;9.059;9.06;9.02;9.04;3.675;UCG.ITEUR
2021-04-01 11:00:00;9.03;9.04;9.019;9.03;3.425;UCG.ITEUR
2021-04-01 12:00:00;9.02;9.03;8.989;9.0;7.525;UCG.ITEUR
2021-04-01 13:00:00;8.996;9.01;8.96;9.0;6.2375;UCG.ITEUR
2021-04-01 14:00:00;9.009;9.03;8.98;8.99;4.175;UCG.ITEUR
2021-04-01 15:00:00;8.99;9.01;8.979;9.01;2.075;UCG.ITEUR
2021-04-06 07:00:00;9.07;9.14;8.92;9.089;16.475;UCG.ITEUR
2021-04-06 08:00:00;9.086;9.14;9.07;9.12;8.35;UCG.ITEUR
2021-04-06 09:00:00;9.12;9.13;9.099;9.12;6.0875;UCG.ITEUR
2021-04-06 10:00:00;9.12;9.15;9.1;9.15;4.6125;UCG.ITEUR
2021-04-06 11:00:00;9.14;9.15;9.109;9.12;4.6625;UCG.ITEUR
2021-04-06 12:00:00;9.116;9.116;9.07;9.07;4.675;UCG.ITEUR
2021-04-06 13:00:00;9.069;9.09;9.05;9.07;7.8375;UCG.ITEUR
2021-04-06 14:00:00;9.065;9.07;9.02;9.029;8.875;UCG.ITEUR
2021-04-06 15:00:00;9.026;9.026;8.99;9.01;3.1625;UCG.ITEUR
2021-04-07 07:00:00;9.0;9.07;8.98;9.06;10.325;UCG.ITEUR
2021-04-07 08:00:00;9.059;9.06;9.0;9.03;6.3875;UCG.ITEUR
2021-04-07 09:00:00;9.029;9.04;8.999;9.0;3.475;UCG.ITEUR
2021-04-07 10:00:00;8.999;9.0;8.98;9.0;3.3125;UCG.ITEUR
2021-04-07 11:00:00;8.99;8.99;8.94;8.94;4.375;UCG.ITEUR
2021-04-07 12:00:00;8.94;8.98;8.87;8.9;8.4875;UCG.ITEUR
2021-04-07 13:00:00;8.91;8.96;8.9;8.94;6.425;UCG.ITEUR
2021-04-07 14:00:00;8.94;9.0;8.92;8.99;6.4125;UCG.ITEUR
2021-04-07 15:00:00;8.986;8.986;8.929;8.95;3.55;UCG.ITEUR
2021-04-08 07:00:00;8.96;8.99;8.85;8.85;13.3125;UCG.ITEUR
2021-04-08 08:00:00;8.859;8.879;8.81;8.81;10.125;UCG.ITEUR
2021-04-08 09:00:00;8.819;8.84;8.75;8.76;6.1625;UCG.ITEUR
2021-04-08 10:00:00;8.76;8.78;8.72;8.73;9.9125;UCG.ITEUR
2021-04-08 11:00:00;8.739;8.74;8.69;8.71;8.825;UCG.ITEUR
2021-04-08 12:00:00;8.719;8.74;8.66;8.66;9.2;UCG.ITEUR
2021-04-08 13:00:00;8.669;8.71;8.65;8.68;10.6375;UCG.ITEUR
2021-04-08 14:00:00;8.689;8.69;8.64;8.68;8.7625;UCG.ITEUR
2021-04-08 15:00:00;8.69;8.7;8.659;8.67;3.025;UCG.ITEUR
2021-04-09 07:00:00;8.65;8.72;8.61;8.61;16.6625;UCG.ITEUR
2021-04-09 08:00:00;8.619;8.62;8.54;8.54;9.8125;UCG.ITEUR
2021-04-09 09:00:00;8.536;8.56;8.52;8.53;7.1125;UCG.ITEUR
2021-04-09 10:00:00;8.53;8.57;8.51;8.55;6.6125;UCG.ITEUR
2021-04-09 11:00:00;8.546;8.609;8.54;8.6;7.025;UCG.ITEUR
2021-04-09 12:00:00;8.599;8.63;8.59;8.6;6.7;UCG.ITEUR
2021-04-09 13:00:00;8.596;8.61;8.55;8.56;6.6875;UCG.ITEUR
2021-04-09 14:00:00;8.556;8.58;8.54;8.56;6.5;UCG.ITEUR
2021-04-09 15:00:00;8.569;8.58;8.55;8.55;3.85;UCG.ITEUR
2021-04-12 07:00:00;8.52;8.55;8.46;8.54;18.85;UCG.ITEUR
2021-04-12 08:00:00;8.536;8.55;8.5;8.55;8.475;UCG.ITEUR
2021-04-12 09:00:00;8.546;8.59;8.53;8.59;5.9;UCG.ITEUR
2021-04-12 10:00:00;8.586;8.64;8.58;8.61;4.2625;UCG.ITEUR
2021-04-12 11:00:00;8.609;8.62;8.599;8.61;6.25;UCG.ITEUR
2021-04-12 12:00:00;8.62;8.64;8.6;8.64;4.6875;UCG.ITEUR
2021-04-12 13:00:00;8.65;8.69;8.63;8.659;6.8125;UCG.ITEUR
2021-04-12 14:00:00;8.66;8.67;8.63;8.65;4.3;UCG.ITEUR
2021-04-12 15:00:00;8.649;8.66;8.639;8.65;2.5125;UCG.ITEUR
2021-04-13 07:00:00;8.64;8.68;8.61;8.64;11.925;UCG.ITEUR
2021-04-13 08:00:00;8.65;8.73;8.64;8.71;5.7125;UCG.ITEUR
2021-04-13 09:00:00;8.71;8.72;8.68;8.71;5.225;UCG.ITEUR
2021-04-13 10:00:00;8.709;8.71;8.67;8.67;3.0875;UCG.ITEUR
2021-04-13 11:00:00;8.67;8.67;8.6;8.63;10.4375;UCG.ITEUR
2021-04-13 12:00:00;8.629;8.65;8.6;8.62;6.5125;UCG.ITEUR
2021-04-13 13:00:00;8.615;8.62;8.52;8.54;8.4625;UCG.ITEUR
2021-04-13 14:00:00;8.549;8.63;8.549;8.61;11.475;UCG.ITEUR
2021-04-13 15:00:00;8.619;8.63;8.61;8.629;2.9;UCG.ITEUR
2021-04-14 07:00:00;8.62;8.63;8.51;8.51;12.2125;UCG.ITEUR
2021-04-14 08:00:00;8.51;8.53;8.49;8.52;11.475;UCG.ITEUR
2021-04-14 09:00:00;8.516;8.53;8.5;8.53;4.775;UCG.ITEUR
2021-04-14 10:00:00;8.526;8.56;8.51;8.55;5.175;UCG.ITEUR
2021-04-14 11:00:00;8.56;8.57;8.54;8.55;5.2625;UCG.ITEUR
2021-04-14 12:00:00;8.549;8.56;8.44;8.47;8.0625;UCG.ITEUR
2021-04-14 13:00:00;8.466;8.5;8.46;8.49;9.55;UCG.ITEUR
2021-04-14 14:00:00;8.49;8.53;8.49;8.5;7.375;UCG.ITEUR
2021-04-14 15:00:00;8.509;8.53;8.49;8.51;3.925;UCG.ITEUR
2021-04-15 07:00:00;8.53;8.6;8.52;8.559;9.9625;UCG.ITEUR
2021-04-15 08:00:00;8.559;8.58;8.54;8.55;7.2875;UCG.ITEUR
2021-04-15 09:00:00;8.549;8.57;8.539;8.56;4.0625;UCG.ITEUR
2021-04-15 10:00:00;8.55;8.56;8.54;8.549;3.8;UCG.ITEUR
2021-04-15 11:00:00;8.54;8.55;8.499;8.51;3.6125;UCG.ITEUR
2021-04-15 12:00:00;8.506;8.54;8.499;8.52;5.075;UCG.ITEUR
2021-04-15 13:00:00;8.519;8.54;8.41;8.45;7.3125;UCG.ITEUR
2021-04-15 14:00:00;8.459;8.48;8.41;8.47;6.0625;UCG.ITEUR
2021-04-15 15:00:00;8.479;8.48;8.43;8.44;3.725;UCG.ITEUR
2021-04-16 07:00:00;8.45;8.51;8.43;8.49;10.1;UCG.ITEUR
2021-04-16 08:00:00;8.499;8.51;8.47;8.5;8.225;UCG.ITEUR
2021-04-16 09:00:00;8.499;8.55;8.49;8.539;5.95;UCG.ITEUR
2021-04-16 10:00:00;8.54;8.55;8.48;8.49;5.775;UCG.ITEUR
2021-04-16 11:00:00;8.489;8.5;8.469;8.48;5.475;UCG.ITEUR
2021-04-16 12:00:00;8.49;8.51;8.47;8.5;6.8625;UCG.ITEUR
2021-04-16 13:00:00;8.51;8.52;8.47;8.49;6.45;UCG.ITEUR
2021-04-16 14:00:00;8.49;8.56;8.49;8.55;6.5125;UCG.ITEUR
2021-04-16 15:00:00;8.54;8.56;8.53;8.53;2.1125;UCG.ITEUR
2021-04-19 07:00:00;8.469;8.51;8.44;8.47;9.3;UCG.ITEUR
2021-04-19 08:00:00;8.469;8.49;8.45;8.49;4.5875;UCG.ITEUR
2021-04-19 09:00:00;8.485;8.49;8.459;8.49;5.6625;UCG.ITEUR
2021-04-19 10:00:00;8.49;8.5;8.479;8.5;4.75;UCG.ITEUR
2021-04-19 11:00:00;8.49;8.58;8.49;8.57;6.8625;UCG.ITEUR
2021-04-19 12:00:00;8.569;8.62;8.56;8.6;7.8625;UCG.ITEUR
2021-04-19 13:00:00;8.596;8.64;8.579;8.63;8.05;UCG.ITEUR
2021-04-19 14:00:00;8.626;8.65;8.6;8.6;8.4875;UCG.ITEUR
2021-04-19 15:00:00;8.6;8.65;8.6;8.64;4.85;UCG.ITEUR
2021-04-20 07:00:00;8.64;8.65;8.51;8.51;14.4;UCG.ITEUR
2021-04-20 08:00:00;8.506;8.51;8.44;8.45;12.05;UCG.ITEUR
2021-04-20 09:00:00;8.446;8.45;8.33;8.35;12.8;UCG.ITEUR
2021-04-20 10:00:00;8.359;8.38;8.29;8.33;11.95;UCG.ITEUR
2021-04-20 11:00:00;8.329;8.33;8.27;8.27;8.575;UCG.ITEUR
2021-04-20 12:00:00;8.28;8.31;8.26;8.3;13.0125;UCG.ITEUR
2021-04-20 13:00:00;8.3;8.31;8.27;8.28;10.625;UCG.ITEUR
2021-04-20 14:00:00;8.289;8.29;8.18;8.2;14.975;UCG.ITEUR
2021-04-20 15:00:00;8.209;8.21;8.15;8.15;6.5;UCG.ITEUR
2021-04-21 07:00:00;8.22;8.26;8.19;8.24;17.2875;UCG.ITEUR
2021-04-21 08:00:00;8.236;8.26;8.11;8.14;11.4125;UCG.ITEUR
2021-04-21 09:00:00;8.149;8.15;8.06;8.08;12.5375;UCG.ITEUR
2021-04-21 10:00:00;8.079;8.14;8.069;8.14;11.625;UCG.ITEUR
2021-04-21 11:00:00;8.136;8.14;8.089;8.1;10.55;UCG.ITEUR
2021-04-21 12:00:00;8.09;8.1;8.01;8.03;8.525;UCG.ITEUR
2021-04-21 13:00:00;8.026;8.09;7.99;8.079;13.5375;UCG.ITEUR
2021-04-21 14:00:00;8.08;8.129;8.069;8.119;17.1;UCG.ITEUR
2021-04-21 15:00:00;8.129;8.149;8.099;8.109;7.525;UCG.ITEUR
2021-04-22 07:00:00;8.169;8.179;8.039;8.049;30.35;UCG.ITEUR
2021-04-22 08:00:00;8.059;8.089;8.049;8.059;13.1875;UCG.ITEUR
2021-04-22 09:00:00;8.056;8.109;8.029;8.109;11.75;UCG.ITEUR
2021-04-22 10:00:00;8.099;8.109;8.049;8.059;14.825;UCG.ITEUR
2021-04-22 11:00:00;8.059;8.079;8.029;8.029;8.2;UCG.ITEUR
2021-04-22 12:00:00;8.019;8.069;7.999;8.039;14.525;UCG.ITEUR
2021-04-22 13:00:00;8.036;8.039;7.979;8.009;21.775;UCG.ITEUR
2021-04-22 14:00:00;8.009;8.049;7.989;8.039;13.1875;UCG.ITEUR
2021-04-22 15:00:00;8.049;8.059;8.019;8.039;4.0875;UCG.ITEUR
2021-04-23 07:00:00;7.999;8.079;7.969;8.029;29.05;UCG.ITEUR
2021-04-23 08:00:00;8.029;8.099;8.029;8.089;8.125;UCG.ITEUR
2021-04-23 09:00:00;8.079;8.109;8.059;8.109;5.0125;UCG.ITEUR
2021-04-23 10:00:00;8.099;8.109;8.089;8.089;9.5875;UCG.ITEUR
2021-04-23 11:00:00;8.089;8.099;8.069;8.069;6.3125;UCG.ITEUR
2021-04-23 12:00:00;8.079;8.089;8.049;8.049;10.4875;UCG.ITEUR
2021-04-23 13:00:00;8.039;8.069;8.039;8.059;16.2875;UCG.ITEUR
2021-04-23 14:00:00;8.069;8.119;8.059;8.099;23.925;UCG.ITEUR
2021-04-23 15:00:00;8.099;8.109;8.089;8.089;10.6125;UCG.ITEUR
2021-04-26 07:00:00;8.089;8.149;8.029;8.139;22.3125;UCG.ITEUR
2021-04-26 08:00:00;8.149;8.189;8.139;8.169;18.85;UCG.ITEUR
2021-04-26 09:00:00;8.166;8.239;8.159;8.229;14.8;UCG.ITEUR
2021-04-26 10:00:00;8.226;8.269;8.209;8.249;16.625;UCG.ITEUR
2021-04-26 11:00:00;8.259;8.299;8.239;8.259;11.5875;UCG.ITEUR
2021-04-26 12:00:00;8.259;8.279;8.219;8.219;12.825;UCG.ITEUR
2021-04-26 13:00:00;8.229;8.269;8.209;8.259;14.35;UCG.ITEUR
2021-04-26 14:00:00;8.256;8.279;8.219;8.239;14.3875;UCG.ITEUR
2021-04-26 15:00:00;8.236;8.269;8.229;8.269;5.6875;UCG.ITEUR
2021-04-27 07:00:00;8.269;8.269;8.189;8.209;23.425;UCG.ITEUR
2021-04-27 08:00:00;8.209;8.229;8.189;8.219;14.4125;UCG.ITEUR
2021-04-27 09:00:00;8.209;8.219;8.149;8.159;15.525;UCG.ITEUR
2021-04-27 10:00:00;8.169;8.259;8.159;8.259;10.675;UCG.ITEUR
2021-04-27 11:00:00;8.269;8.319;8.259;8.289;11.025;UCG.ITEUR
2021-04-27 12:00:00;8.299;8.349;8.289;8.299;12.1;UCG.ITEUR
2021-04-27 13:00:00;8.309;8.379;8.309;8.369;20.375;UCG.ITEUR
2021-04-27 14:00:00;8.366;8.399;8.349;8.389;12.3875;UCG.ITEUR
2021-04-27 15:00:00;8.386;8.399;8.379;8.399;5.35;UCG.ITEUR
2021-04-28 07:00:00;8.479;8.529;8.409;8.409;34.4125;UCG.ITEUR
2021-04-28 08:00:00;8.406;8.419;8.369;8.399;21.275;UCG.ITEUR
2021-04-28 09:00:00;8.399;8.459;8.389;8.449;11.9125;UCG.ITEUR
2021-04-28 10:00:00;8.446;8.469;8.419;8.449;12.9875;UCG.ITEUR
2021-04-28 11:00:00;8.446;8.499;8.429;8.489;15.175;UCG.ITEUR
2021-04-28 12:00:00;8.489;8.539;8.489;8.519;14.45;UCG.ITEUR
2021-04-28 13:00:00;8.516;8.549;8.489;8.519;11.9;UCG.ITEUR
2021-04-28 14:00:00;8.529;8.569;8.529;8.569;19.925;UCG.ITEUR
2021-04-28 15:00:00;8.566;8.569;8.539;8.559;7.7;UCG.ITEUR
2021-04-29 07:00:00;8.579;8.639;8.549;8.569;41.6;UCG.ITEUR
2021-04-29 08:00:00;8.569;8.579;8.489;8.529;23.2375;UCG.ITEUR
2021-04-29 09:00:00;8.526;8.589;8.509;8.569;20.7;UCG.ITEUR
2021-04-29 10:00:00;8.566;8.589;8.539;8.549;13.1375;UCG.ITEUR
2021-04-29 11:00:00;8.546;8.569;8.539;8.559;9.4375;UCG.ITEUR
2021-04-29 12:00:00;8.569;8.609;8.559;8.599;10.6625;UCG.ITEUR
2021-04-29 13:00:00;8.599;8.649;8.589;8.619;16.9625;UCG.ITEUR
2021-04-29 14:00:00;8.616;8.616;8.539;8.559;19.6875;UCG.ITEUR
2021-04-29 15:00:00;8.569;8.579;8.539;8.539;8.175;UCG.ITEUR
2021-04-30 07:00:00;8.579;8.619;8.519;8.529;24.35;UCG.ITEUR
2021-04-30 08:00:00;8.539;8.559;8.479;8.539;16.2;UCG.ITEUR
2021-04-30 09:00:00;8.549;8.609;8.539;8.549;15.625;UCG.ITEUR
2021-04-30 10:00:00;8.546;8.559;8.509;8.519;15.55;UCG.ITEUR
2021-04-30 11:00:00;8.509;8.549;8.489;8.539;13.4875;UCG.ITEUR
2021-04-30 12:00:00;8.536;8.559;8.529;8.549;10.1;UCG.ITEUR
2021-04-30 13:00:00;8.546;8.549;8.509;8.549;11.1875;UCG.ITEUR
2021-04-30 14:00:00;8.559;8.579;8.529;8.579;16.75;UCG.ITEUR
2021-04-30 15:00:00;8.576;8.579;8.549;8.559;6.1125;UCG.ITEUR
2021-05-03 07:00:00;8.559;8.689;8.559;8.669;20.05;UCG.ITEUR
2021-05-03 08:00:00;8.669;8.709;8.649;8.709;15.025;UCG.ITEUR
2021-05-03 09:00:00;8.706;8.706;8.659;8.699;12.6875;UCG.ITEUR
2021-05-03 10:00:00;8.699;8.739;8.679;8.739;14.7875;UCG.ITEUR
2021-05-03 11:00:00;8.739;8.769;8.729;8.739;12.7875;UCG.ITEUR
2021-05-03 12:00:00;8.739;8.759;8.719;8.719;9.4625;UCG.ITEUR
2021-05-03 13:00:00;8.729;8.749;8.709;8.739;7.8375;UCG.ITEUR
2021-05-03 14:00:00;8.736;8.739;8.689;8.729;19.2625;UCG.ITEUR
2021-05-03 15:00:00;8.726;8.729;8.699;8.699;6.7875;UCG.ITEUR
2021-05-04 07:00:00;8.749;8.849;8.739;8.799;31.675;UCG.ITEUR
2021-05-04 08:00:00;8.796;8.829;8.769;8.819;16.0;UCG.ITEUR
2021-05-04 09:00:00;8.816;8.816;8.749;8.769;18.7;UCG.ITEUR
2021-05-04 10:00:00;8.769;8.799;8.739;8.769;17.7375;UCG.ITEUR
2021-05-04 11:00:00;8.779;8.789;8.729;8.739;22.025;UCG.ITEUR
2021-05-04 12:00:00;8.736;8.736;8.619;8.639;24.0;UCG.ITEUR
2021-05-04 13:00:00;8.636;8.739;8.619;8.619;31.275;UCG.ITEUR
2021-05-04 14:00:00;8.599;8.619;8.549;8.569;31.1;UCG.ITEUR
2021-05-04 15:00:00;8.566;8.619;8.559;8.619;16.6375;UCG.ITEUR
2021-05-05 07:00:00;8.676;8.739;8.629;8.719;23.1875;UCG.ITEUR
2021-05-05 08:00:00;8.729;8.759;8.709;8.709;16.1875;UCG.ITEUR
2021-05-05 09:00:00;8.706;8.729;8.689;8.689;13.6125;UCG.ITEUR
2021-05-05 10:00:00;8.699;8.729;8.669;8.709;9.675;UCG.ITEUR
2021-05-05 11:00:00;8.709;8.769;8.699;8.769;13.425;UCG.ITEUR
2021-05-05 12:00:00;8.779;8.819;8.769;8.809;16.1625;UCG.ITEUR
2021-05-05 13:00:00;8.806;8.839;8.779;8.809;17.3;UCG.ITEUR
2021-05-05 14:00:00;8.819;8.819;8.769;8.809;14.5;UCG.ITEUR
2021-05-05 15:00:00;8.819;8.849;8.809;8.829;7.925;UCG.ITEUR
2021-05-06 07:00:00;8.879;9.289;8.879;9.199;83.8;UCG.ITEUR
2021-05-06 08:00:00;9.209;9.319;9.189;9.279;32.0;UCG.ITEUR
2021-05-06 09:00:00;9.289;9.319;9.189;9.239;33.725;UCG.ITEUR
2021-05-06 10:00:00;9.236;9.319;9.229;9.259;23.2125;UCG.ITEUR
2021-05-06 11:00:00;9.256;9.319;9.249;9.319;12.775;UCG.ITEUR
2021-05-06 12:00:00;9.319;9.329;9.279;9.309;14.2625;UCG.ITEUR
2021-05-06 13:00:00;9.309;9.339;9.299;9.299;14.8875;UCG.ITEUR
2021-05-06 14:00:00;9.296;9.299;9.249;9.249;20.6125;UCG.ITEUR
2021-05-06 15:00:00;9.239;9.269;9.229;9.259;6.5;UCG.ITEUR
2021-05-07 07:00:00;9.379;9.409;9.299;9.369;43.1375;UCG.ITEUR
2021-05-07 08:00:00;9.379;9.379;9.269;9.309;17.725;UCG.ITEUR
2021-05-07 09:00:00;9.306;9.349;9.259;9.329;19.375;UCG.ITEUR
2021-05-07 10:00:00;9.339;9.349;9.319;9.339;14.225;UCG.ITEUR
2021-05-07 11:00:00;9.329;9.359;9.329;9.349;10.8875;UCG.ITEUR
2021-05-07 12:00:00;9.349;9.376;9.209;9.269;30.6375;UCG.ITEUR
2021-05-07 13:00:00;9.279;9.369;9.259;9.359;29.75;UCG.ITEUR
2021-05-07 14:00:00;9.369;9.379;9.319;9.339;15.95;UCG.ITEUR
2021-05-07 15:00:00;9.339;9.349;9.309;9.329;7.7625;UCG.ITEUR
2021-05-10 07:00:00;9.439;9.549;9.389;9.499;28.525;UCG.ITEUR
2021-05-10 08:00:00;9.509;9.559;9.499;9.559;19.3625;UCG.ITEUR
2021-05-10 09:00:00;9.549;9.599;9.549;9.569;15.3375;UCG.ITEUR
2021-05-10 10:00:00;9.579;9.619;9.559;9.599;16.5125;UCG.ITEUR
2021-05-10 11:00:00;9.609;9.669;9.599;9.669;12.8875;UCG.ITEUR
2021-05-10 12:00:00;9.679;9.759;9.679;9.719;20.5375;UCG.ITEUR
2021-05-10 13:00:00;9.729;9.889;9.709;9.869;23.1;UCG.ITEUR
2021-05-10 14:00:00;9.869;9.909;9.799;9.799;30.225;UCG.ITEUR
2021-05-10 15:00:00;9.809;9.849;9.799;9.839;12.925;UCG.ITEUR
2021-05-11 07:00:00;9.759;9.889;9.719;9.889;46.35;UCG.ITEUR
2021-05-11 08:00:00;9.886;9.889;9.809;9.839;30.1875;UCG.ITEUR
2021-05-11 09:00:00;9.849;9.899;9.829;9.859;20.5875;UCG.ITEUR
2021-05-11 10:00:00;9.856;9.859;9.789;9.809;19.2125;UCG.ITEUR
2021-05-11 11:00:00;9.819;9.879;9.819;9.859;11.8625;UCG.ITEUR
2021-05-11 12:00:00;9.869;9.879;9.839;9.859;17.2125;UCG.ITEUR
2021-05-11 13:00:00;9.856;9.979;9.829;9.949;30.475;UCG.ITEUR
2021-05-11 14:00:00;9.939;10.009;9.909;9.919;35.6875;UCG.ITEUR
2021-05-11 15:00:00;9.916;9.939;9.899;9.899;10.2375;UCG.ITEUR
2021-05-12 07:00:00;9.919;10.029;9.899;10.009;36.4;UCG.ITEUR
2021-05-12 08:00:00;10.006;10.019;9.849;9.869;23.7125;UCG.ITEUR
2021-05-12 09:00:00;9.879;9.889;9.799;9.839;21.9625;UCG.ITEUR
2021-05-12 10:00:00;9.849;9.889;9.819;9.829;21.05;UCG.ITEUR
2021-05-12 11:00:00;9.829;9.869;9.829;9.859;14.1125;UCG.ITEUR
2021-05-12 12:00:00;9.856;10.039;9.819;10.019;31.3375;UCG.ITEUR
2021-05-12 13:00:00;10.029;10.049;9.969;10.029;21.3375;UCG.ITEUR
2021-05-12 14:00:00;10.029;10.249;10.029;10.209;30.775;UCG.ITEUR
2021-05-12 15:00:00;10.219;10.239;10.199;10.219;8.925;UCG.ITEUR
2021-05-13 07:00:00;10.029;10.099;9.989;10.039;57.1375;UCG.ITEUR
2021-05-13 08:00:00;10.029;10.029;9.919;9.979;32.1875;UCG.ITEUR
2021-05-13 09:00:00;9.989;9.999;9.939;9.979;22.3625;UCG.ITEUR
2021-05-13 10:00:00;9.976;10.019;9.949;10.009;19.3;UCG.ITEUR
2021-05-13 11:00:00;10.009;10.079;9.999;10.069;17.075;UCG.ITEUR
2021-05-13 12:00:00;10.066;10.109;10.039;10.059;25.3125;UCG.ITEUR
2021-05-13 13:00:00;10.056;10.069;10.019;10.029;26.7;UCG.ITEUR
2021-05-13 14:00:00;10.029;10.069;10.009;10.029;22.2625;UCG.ITEUR
2021-05-13 15:00:00;10.039;10.039;9.989;9.989;10.525;UCG.ITEUR
2021-05-14 07:00:00;10.059;10.089;10.029;10.049;32.2125;UCG.ITEUR
2021-05-14 08:00:00;10.046;10.149;10.039;10.129;20.85;UCG.ITEUR
2021-05-14 09:00:00;10.119;10.149;10.069;10.079;14.5;UCG.ITEUR
2021-05-14 10:00:00;10.076;10.089;10.029;10.069;12.05;UCG.ITEUR
2021-05-14 11:00:00;10.079;10.119;10.069;10.109;7.8;UCG.ITEUR
2021-05-14 12:00:00;10.119;10.129;10.079;10.129;15.6875;UCG.ITEUR
2021-05-14 13:00:00;10.119;10.199;10.119;10.179;13.1625;UCG.ITEUR
2021-05-14 14:00:00;10.149;10.189;10.129;10.159;15.45;UCG.ITEUR
2021-05-14 15:00:00;10.169;10.209;10.149;10.199;7.175;UCG.ITEUR
2021-05-17 07:00:00;10.229;10.359;10.229;10.289;34.225;UCG.ITEUR
2021-05-17 08:00:00;10.299;10.349;10.249;10.349;14.9;UCG.ITEUR
2021-05-17 09:00:00;10.346;10.349;10.319;10.329;15.775;UCG.ITEUR
2021-05-17 10:00:00;10.329;10.339;10.299;10.299;14.625;UCG.ITEUR
2021-05-17 11:00:00;10.296;10.299;10.189;10.199;21.8;UCG.ITEUR
2021-05-17 12:00:00;10.189;10.279;10.189;10.259;15.8125;UCG.ITEUR
2021-05-17 13:00:00;10.256;10.309;10.239;10.269;18.5375;UCG.ITEUR
2021-05-17 14:00:00;10.259;10.279;10.219;10.259;13.25;UCG.ITEUR
2021-05-17 15:00:00;10.256;10.259;10.239;10.249;6.0375;UCG.ITEUR
2021-05-18 07:00:00;10.319;10.419;10.309;10.409;35.6;UCG.ITEUR
2021-05-18 08:00:00;10.406;10.429;10.369;10.369;21.4875;UCG.ITEUR
2021-05-18 09:00:00;10.379;10.379;10.349;10.359;14.5375;UCG.ITEUR
2021-05-18 10:00:00;10.369;10.379;10.339;10.369;19.55;UCG.ITEUR
2021-05-18 11:00:00;10.369;10.379;10.249;10.249;15.15;UCG.ITEUR
2021-05-18 12:00:00;10.249;10.279;10.229;10.269;13.3375;UCG.ITEUR
2021-05-18 13:00:00;10.259;10.339;10.229;10.289;18.65;UCG.ITEUR
2021-05-18 14:00:00;10.286;10.339;10.269;10.329;15.1375;UCG.ITEUR
2021-05-18 15:00:00;10.326;10.349;10.299;10.349;6.575;UCG.ITEUR
2021-05-19 07:00:00;10.159;10.409;10.129;10.359;45.8375;UCG.ITEUR
2021-05-19 08:00:00;10.356;10.369;10.249;10.249;25.075;UCG.ITEUR
2021-05-19 09:00:00;10.259;10.359;10.249;10.339;22.35;UCG.ITEUR
2021-05-19 10:00:00;10.349;10.359;10.279;10.309;13.6125;UCG.ITEUR
2021-05-19 11:00:00;10.319;10.319;10.159;10.169;24.675;UCG.ITEUR
2021-05-19 12:00:00;10.166;10.179;10.109;10.109;24.05;UCG.ITEUR
2021-05-19 13:00:00;10.119;10.159;10.089;10.129;37.6;UCG.ITEUR
2021-05-19 14:00:00;10.139;10.199;10.029;10.199;36.9875;UCG.ITEUR
2021-05-19 15:00:00;10.196;10.229;10.169;10.179;11.05;UCG.ITEUR
2021-05-20 07:00:00;10.289;10.339;10.239;10.289;31.9625;UCG.ITEUR
2021-05-20 08:00:00;10.279;10.299;10.069;10.119;37.5375;UCG.ITEUR
2021-05-20 09:00:00;10.116;10.199;10.069;10.199;21.45;UCG.ITEUR
2021-05-20 10:00:00;10.196;10.219;10.179;10.199;15.575;UCG.ITEUR
2021-05-20 11:00:00;10.196;10.229;10.179;10.229;10.4625;UCG.ITEUR
2021-05-20 12:00:00;10.229;10.259;10.229;10.229;10.15;UCG.ITEUR
2021-05-20 13:00:00;10.239;10.239;10.169;10.239;21.4125;UCG.ITEUR
2021-05-20 14:00:00;10.236;10.239;10.189;10.199;15.8875;UCG.ITEUR
2021-05-20 15:00:00;10.209;10.219;10.189;10.209;9.975;UCG.ITEUR
2021-05-21 07:00:00;10.259;10.269;9.979;9.989;45.775;UCG.ITEUR
2021-05-21 08:00:00;9.999;10.159;9.979;10.109;26.1375;UCG.ITEUR
2021-05-21 09:00:00;10.119;10.159;10.079;10.139;20.8125;UCG.ITEUR
2021-05-21 10:00:00;10.149;10.199;10.139;10.169;20.775;UCG.ITEUR
2021-05-21 11:00:00;10.169;10.219;10.149;10.209;12.4125;UCG.ITEUR
2021-05-21 12:00:00;10.206;10.229;10.169;10.169;11.8;UCG.ITEUR
2021-05-21 13:00:00;10.159;10.189;10.129;10.149;21.125;UCG.ITEUR
2021-05-21 14:00:00;10.159;10.229;10.129;10.229;19.75;UCG.ITEUR
2021-05-21 15:00:00;10.229;10.239;10.209;10.219;9.0;UCG.ITEUR
2021-05-24 07:00:00;10.259;10.369;10.239;10.329;29.8125;UCG.ITEUR
2021-05-24 08:00:00;10.339;10.339;10.269;10.269;12.9;UCG.ITEUR
2021-05-24 09:00:00;10.279;10.319;10.269;10.309;11.3125;UCG.ITEUR
2021-05-24 10:00:00;10.319;10.319;10.249;10.279;11.0875;UCG.ITEUR
2021-05-24 11:00:00;10.279;10.289;10.259;10.279;7.7375;UCG.ITEUR
2021-05-24 12:00:00;10.276;10.279;10.259;10.279;8.3625;UCG.ITEUR
2021-05-24 13:00:00;10.276;10.279;10.219;10.259;13.6;UCG.ITEUR
2021-05-24 14:00:00;10.259;10.259;10.229;10.229;10.8625;UCG.ITEUR
2021-05-24 15:00:00;10.229;10.249;10.209;10.249;5.3;UCG.ITEUR
2021-05-25 07:00:00;10.259;10.459;10.259;10.409;33.45;UCG.ITEUR
2021-05-25 08:00:00;10.419;10.419;10.359;10.389;12.825;UCG.ITEUR
2021-05-25 09:00:00;10.399;10.429;10.379;10.389;7.1625;UCG.ITEUR
2021-05-25 10:00:00;10.399;10.399;10.369;10.379;9.125;UCG.ITEUR
2021-05-25 11:00:00;10.379;10.389;10.359;10.379;8.6625;UCG.ITEUR
2021-05-25 12:00:00;10.389;10.389;10.339;10.349;9.475;UCG.ITEUR
2021-05-25 13:00:00;10.349;10.409;10.349;10.359;20.175;UCG.ITEUR
2021-05-25 14:00:00;10.369;10.389;10.329;10.369;10.95;UCG.ITEUR
2021-05-25 15:00:00;10.366;10.369;10.349;10.359;6.7;UCG.ITEUR
2021-05-26 07:00:00;10.359;10.389;10.249;10.249;32.2625;UCG.ITEUR
2021-05-26 08:00:00;10.259;10.299;10.229;10.239;19.1625;UCG.ITEUR
2021-05-26 09:00:00;10.249;10.259;10.159;10.179;17.4375;UCG.ITEUR
2021-05-26 10:00:00;10.169;10.199;10.109;10.109;18.4125;UCG.ITEUR
2021-05-26 11:00:00;10.119;10.139;10.059;10.069;14.325;UCG.ITEUR
2021-05-26 12:00:00;10.069;10.129;10.059;10.089;15.3875;UCG.ITEUR
2021-05-26 13:00:00;10.099;10.099;10.009;10.049;20.6625;UCG.ITEUR
2021-05-26 14:00:00;10.059;10.109;10.029;10.099;12.1625;UCG.ITEUR
2021-05-26 15:00:00;10.099;10.119;10.099;10.109;9.4875;UCG.ITEUR
2021-05-27 07:00:00;10.099;10.279;10.099;10.279;26.575;UCG.ITEUR
2021-05-27 08:00:00;10.276;10.309;10.229;10.259;20.275;UCG.ITEUR
2021-05-27 09:00:00;10.269;10.319;10.269;10.279;17.15;UCG.ITEUR
2021-05-27 10:00:00;10.279;10.299;10.259;10.259;11.3125;UCG.ITEUR
2021-05-27 11:00:00;10.259;10.309;10.259;10.299;11.6375;UCG.ITEUR
2021-05-27 12:00:00;10.309;10.349;10.289;10.319;15.2;UCG.ITEUR
2021-05-27 13:00:00;10.316;10.429;10.309;10.419;20.8125;UCG.ITEUR
2021-05-27 14:00:00;10.419;10.429;10.359;10.389;14.2125;UCG.ITEUR
2021-05-27 15:00:00;10.386;10.389;10.359;10.369;5.75;UCG.ITEUR
2021-05-28 07:00:00;10.409;10.449;10.369;10.409;31.8625;UCG.ITEUR
2021-05-28 08:00:00;10.419;10.429;10.379;10.399;13.275;UCG.ITEUR
2021-05-28 09:00:00;10.399;10.399;10.369;10.389;11.95;UCG.ITEUR
2021-05-28 10:00:00;10.386;10.409;10.369;10.399;6.325;UCG.ITEUR
2021-05-28 11:00:00;10.409;10.429;10.399;10.399;9.55;UCG.ITEUR
2021-05-28 12:00:00;10.409;10.419;10.399;10.409;5.925;UCG.ITEUR
2021-05-28 13:00:00;10.419;10.439;10.389;10.439;12.3625;UCG.ITEUR
2021-05-28 14:00:00;10.436;10.459;10.409;10.459;14.8875;UCG.ITEUR
2021-05-28 15:00:00;10.456;10.489;10.439;10.479;5.525;UCG.ITEUR
2021-05-31 07:00:00;10.479;10.539;10.449;10.499;25.4;UCG.ITEUR
2021-05-31 08:00:00;10.496;10.509;10.469;10.479;11.25;UCG.ITEUR
2021-05-31 09:00:00;10.476;10.489;10.459;10.469;8.9375;UCG.ITEUR
2021-05-31 10:00:00;10.469;10.489;10.469;10.489;11.65;UCG.ITEUR
2021-05-31 11:00:00;10.479;10.499;10.479;10.489;6.125;UCG.ITEUR
2021-05-31 12:00:00;10.489;10.499;10.479;10.489;2.7125;UCG.ITEUR
2021-05-31 13:00:00;10.489;10.519;10.489;10.499;3.8625;UCG.ITEUR
2021-05-31 14:00:00;10.509;10.509;10.499;10.509;4.2375;UCG.ITEUR
2021-05-31 15:00:00;10.506;10.509;10.489;10.489;7.1625;UCG.ITEUR
2021-06-01 07:00:00;10.519;10.749;10.519;10.739;33.1875;UCG.ITEUR
2021-06-01 08:00:00;10.749;10.749;10.669;10.699;22.9875;UCG.ITEUR
2021-06-01 09:00:00;10.709;10.709;10.639;10.659;15.9625;UCG.ITEUR
2021-06-01 10:00:00;10.669;10.669;10.629;10.659;13.5625;UCG.ITEUR
2021-06-01 11:00:00;10.656;10.689;10.639;10.679;14.1875;UCG.ITEUR
2021-06-01 12:00:00;10.669;10.689;10.649;10.679;6.4875;UCG.ITEUR
2021-06-01 13:00:00;10.676;10.679;10.619;10.619;14.5125;UCG.ITEUR
2021-06-01 14:00:00;10.616;10.629;10.579;10.599;17.0875;UCG.ITEUR
2021-06-01 15:00:00;10.599;10.619;10.579;10.599;6.3125;UCG.ITEUR
2021-06-02 07:00:00;10.549;10.609;10.479;10.509;23.5;UCG.ITEUR
2021-06-02 08:00:00;10.509;10.609;10.509;10.579;10.3;UCG.ITEUR
2021-06-02 09:00:00;10.589;10.619;10.569;10.569;11.0;UCG.ITEUR
2021-06-02 10:00:00;10.559;10.589;10.559;10.569;9.0;UCG.ITEUR
2021-06-02 11:00:00;10.579;10.579;10.529;10.539;13.9125;UCG.ITEUR
2021-06-02 12:00:00;10.549;10.559;10.509;10.529;10.575;UCG.ITEUR
2021-06-02 13:00:00;10.529;10.559;10.529;10.539;13.4;UCG.ITEUR
2021-06-02 14:00:00;10.536;10.536;10.489;10.489;8.25;UCG.ITEUR
2021-06-02 15:00:00;10.499;10.519;10.489;10.509;2.8;UCG.ITEUR
2021-06-03 07:00:00;10.519;10.579;10.499;10.519;26.825;UCG.ITEUR
2021-06-03 08:00:00;10.529;10.549;10.509;10.539;10.5125;UCG.ITEUR
2021-06-03 09:00:00;10.529;10.589;10.529;10.549;8.1;UCG.ITEUR
2021-06-03 10:00:00;10.546;10.549;10.429;10.469;14.35;UCG.ITEUR
2021-06-03 11:00:00;10.479;10.499;10.439;10.469;9.0375;UCG.ITEUR
2021-06-03 12:00:00;10.466;10.529;10.429;10.499;16.75;UCG.ITEUR
2021-06-03 13:00:00;10.509;10.589;10.499;10.569;11.9375;UCG.ITEUR
2021-06-03 14:00:00;10.579;10.589;10.559;10.579;14.025;UCG.ITEUR
2021-06-03 15:00:00;10.569;10.579;10.559;10.569;4.275;UCG.ITEUR
2021-06-04 07:00:00;10.559;10.579;10.459;10.499;22.5375;UCG.ITEUR
2021-06-04 08:00:00;10.509;10.529;10.489;10.489;13.775;UCG.ITEUR
2021-06-04 09:00:00;10.499;10.559;10.499;10.529;11.2375;UCG.ITEUR
2021-06-04 10:00:00;10.526;10.549;10.509;10.549;14.55;UCG.ITEUR
2021-06-04 11:00:00;10.539;10.559;10.509;10.519;9.9375;UCG.ITEUR
2021-06-04 12:00:00;10.509;10.539;10.489;10.519;19.7375;UCG.ITEUR
2021-06-04 13:00:00;10.529;10.529;10.479;10.489;12.575;UCG.ITEUR
2021-06-04 14:00:00;10.489;10.509;10.469;10.489;11.675;UCG.ITEUR
2021-06-04 15:00:00;10.499;10.499;10.469;10.479;5.5875;UCG.ITEUR
2021-06-07 07:00:00;10.579;10.809;10.539;10.779;44.4875;UCG.ITEUR
2021-06-07 08:00:00;10.776;10.799;10.739;10.779;18.1875;UCG.ITEUR
2021-06-07 09:00:00;10.776;10.799;10.759;10.789;11.125;UCG.ITEUR
2021-06-07 10:00:00;10.799;10.879;10.789;10.879;10.4125;UCG.ITEUR
2021-06-07 11:00:00;10.869;10.879;10.839;10.849;10.1375;UCG.ITEUR
2021-06-07 12:00:00;10.859;10.859;10.839;10.849;10.5625;UCG.ITEUR
2021-06-07 13:00:00;10.859;10.859;10.809;10.849;16.2375;UCG.ITEUR
2021-06-07 14:00:00;10.846;10.859;10.829;10.849;11.9125;UCG.ITEUR
2021-06-07 15:00:00;10.849;10.859;10.839;10.859;5.5875;UCG.ITEUR
2021-06-08 07:00:00;10.979;11.029;10.909;10.939;46.8375;UCG.ITEUR
2021-06-08 08:00:00;10.936;10.939;10.829;10.909;23.225;UCG.ITEUR
2021-06-08 09:00:00;10.906;10.909;10.859;10.869;20.0;UCG.ITEUR
2021-06-08 10:00:00;10.869;10.879;10.749;10.799;19.4375;UCG.ITEUR
2021-06-08 11:00:00;10.809;10.809;10.729;10.759;10.4875;UCG.ITEUR
2021-06-08 12:00:00;10.756;10.756;10.669;10.699;14.1875;UCG.ITEUR
2021-06-08 13:00:00;10.689;10.719;10.649;10.709;16.075;UCG.ITEUR
2021-06-08 14:00:00;10.706;10.759;10.699;10.739;23.2375;UCG.ITEUR
2021-06-08 15:00:00;10.749;10.749;10.709;10.719;7.7875;UCG.ITEUR
2021-06-09 07:00:00;10.819;10.889;10.759;10.759;24.7375;UCG.ITEUR
2021-06-09 08:00:00;10.759;10.779;10.739;10.759;17.4375;UCG.ITEUR
2021-06-09 09:00:00;10.759;10.779;10.709;10.769;16.3125;UCG.ITEUR
2021-06-09 10:00:00;10.779;10.809;10.759;10.759;10.85;UCG.ITEUR
2021-06-09 11:00:00;10.759;10.779;10.719;10.739;7.0875;UCG.ITEUR
2021-06-09 12:00:00;10.739;10.789;10.739;10.769;15.9125;UCG.ITEUR
2021-06-09 13:00:00;10.769;10.779;10.719;10.729;13.55;UCG.ITEUR
2021-06-09 14:00:00;10.739;10.769;10.709;10.759;15.2375;UCG.ITEUR
2021-06-09 15:00:00;10.759;10.789;10.759;10.759;9.275;UCG.ITEUR
2021-06-10 07:00:00;10.819;10.819;10.659;10.749;30.35;UCG.ITEUR
2021-06-10 08:00:00;10.759;10.789;10.719;10.779;14.8625;UCG.ITEUR
2021-06-10 09:00:00;10.779;10.839;10.749;10.829;13.2125;UCG.ITEUR
2021-06-10 10:00:00;10.839;10.879;10.809;10.869;7.7;UCG.ITEUR
2021-06-10 11:00:00;10.866;10.869;10.779;10.809;15.5125;UCG.ITEUR
2021-06-10 12:00:00;10.819;10.929;10.809;10.889;24.0;UCG.ITEUR
2021-06-10 13:00:00;10.886;10.939;10.839;10.859;23.5375;UCG.ITEUR
2021-06-10 14:00:00;10.856;10.859;10.799;10.819;17.325;UCG.ITEUR
2021-06-10 15:00:00;10.829;10.829;10.819;10.829;7.825;UCG.ITEUR
2021-06-11 07:00:00;10.829;10.829;10.659;10.729;35.0875;UCG.ITEUR
2021-06-11 08:00:00;10.719;10.779;10.699;10.699;17.025;UCG.ITEUR
2021-06-11 09:00:00;10.709;10.739;10.709;10.709;10.025;UCG.ITEUR
2021-06-11 10:00:00;10.709;10.769;10.699;10.769;12.9625;UCG.ITEUR
2021-06-11 11:00:00;10.759;10.779;10.749;10.769;8.8875;UCG.ITEUR
2021-06-11 12:00:00;10.759;10.789;10.749;10.779;10.15;UCG.ITEUR
2021-06-11 13:00:00;10.776;10.799;10.769;10.789;15.5125;UCG.ITEUR
2021-06-11 14:00:00;10.779;10.789;10.739;10.789;13.7625;UCG.ITEUR
2021-06-11 15:00:00;10.779;10.799;10.769;10.789;4.8;UCG.ITEUR
2021-06-14 07:00:00;10.789;10.859;10.789;10.839;17.5625;UCG.ITEUR
2021-06-14 08:00:00;10.836;10.839;10.779;10.789;11.825;UCG.ITEUR
2021-06-14 09:00:00;10.789;10.809;10.759;10.799;6.25;UCG.ITEUR
2021-06-14 10:00:00;10.799;10.809;10.789;10.789;5.75;UCG.ITEUR
2021-06-14 11:00:00;10.799;10.799;10.729;10.729;6.45;UCG.ITEUR
2021-06-14 12:00:00;10.729;10.779;10.709;10.779;5.9625;UCG.ITEUR
2021-06-14 13:00:00;10.779;10.799;10.749;10.769;9.725;UCG.ITEUR
2021-06-14 14:00:00;10.759;10.789;10.739;10.779;15.2375;UCG.ITEUR
2021-06-14 15:00:00;10.769;10.779;10.739;10.769;4.9875;UCG.ITEUR
2021-06-15 07:00:00;10.499;10.779;10.499;10.669;22.925;UCG.ITEUR
2021-06-15 08:00:00;10.666;10.679;10.619;10.659;12.575;UCG.ITEUR
2021-06-15 09:00:00;10.656;10.669;10.629;10.659;20.2125;UCG.ITEUR
2021-06-15 10:00:00;10.659;10.699;10.639;10.699;10.6625;UCG.ITEUR
2021-06-15 11:00:00;10.689;10.699;10.669;10.689;6.9125;UCG.ITEUR
2021-06-15 12:00:00;10.686;10.709;10.669;10.669;14.05;UCG.ITEUR
2021-06-15 13:00:00;10.679;10.699;10.649;10.669;14.5375;UCG.ITEUR
2021-06-15 14:00:00;10.679;10.689;10.639;10.649;8.75;UCG.ITEUR
2021-06-15 15:00:00;10.639;10.669;10.639;10.669;5.225;UCG.ITEUR
2021-06-16 07:00:00;10.659;10.719;10.599;10.599;23.7625;UCG.ITEUR
2021-06-16 08:00:00;10.609;10.619;10.539;10.569;14.55;UCG.ITEUR
2021-06-16 09:00:00;10.569;10.579;10.519;10.539;10.6125;UCG.ITEUR
2021-06-16 10:00:00;10.549;10.579;10.509;10.509;6.9625;UCG.ITEUR
2021-06-16 11:00:00;10.506;10.509;10.489;10.509;4.5375;UCG.ITEUR
2021-06-16 12:00:00;10.506;10.509;10.459;10.469;9.45;UCG.ITEUR
2021-06-16 13:00:00;10.469;10.479;10.429;10.429;15.5625;UCG.ITEUR
2021-06-16 14:00:00;10.439;10.459;10.389;10.459;11.625;UCG.ITEUR
2021-06-16 15:00:00;10.459;10.469;10.429;10.429;8.7875;UCG.ITEUR
2021-06-17 07:00:00;10.449;10.649;10.439;10.639;38.075;UCG.ITEUR
2021-06-17 08:00:00;10.649;10.669;10.609;10.649;14.8125;UCG.ITEUR
2021-06-17 09:00:00;10.659;10.679;10.639;10.639;10.225;UCG.ITEUR
2021-06-17 10:00:00;10.639;10.649;10.629;10.629;8.3625;UCG.ITEUR
2021-06-17 11:00:00;10.619;10.669;10.609;10.649;8.4125;UCG.ITEUR
2021-06-17 12:00:00;10.659;10.669;10.619;10.629;9.9125;UCG.ITEUR
2021-06-17 13:00:00;10.639;10.649;10.609;10.619;15.95;UCG.ITEUR
2021-06-17 14:00:00;10.619;10.629;10.509;10.519;18.55;UCG.ITEUR
2021-06-17 15:00:00;10.529;10.529;10.469;10.479;9.75;UCG.ITEUR
2021-06-18 07:00:00;10.379;10.419;10.259;10.279;36.875;UCG.ITEUR
2021-06-18 08:00:00;10.289;10.319;10.219;10.309;18.65;UCG.ITEUR
2021-06-18 09:00:00;10.319;10.349;10.279;10.309;25.6125;UCG.ITEUR
2021-06-18 10:00:00;10.299;10.299;10.199;10.219;18.225;UCG.ITEUR
2021-06-18 11:00:00;10.229;10.239;10.169;10.189;16.7875;UCG.ITEUR
2021-06-18 12:00:00;10.186;10.209;10.119;10.149;21.5625;UCG.ITEUR
2021-06-18 13:00:00;10.146;10.159;10.069;10.099;27.125;UCG.ITEUR
2021-06-18 14:00:00;10.099;10.139;10.059;10.099;29.5375;UCG.ITEUR
2021-06-18 15:00:00;10.096;10.139;10.059;10.069;11.5;UCG.ITEUR
2021-06-21 07:00:00;9.909;10.109;9.869;10.019;66.875;UCG.ITEUR
2021-06-21 08:00:00;10.029;10.069;9.989;10.059;26.3125;UCG.ITEUR
2021-06-21 09:00:00;10.056;10.109;10.019;10.079;23.0375;UCG.ITEUR
2021-06-21 10:00:00;10.079;10.099;10.039;10.059;24.0875;UCG.ITEUR
2021-06-21 11:00:00;10.069;10.079;10.009;10.029;19.175;UCG.ITEUR
2021-06-21 12:00:00;10.019;10.159;10.019;10.159;24.8;UCG.ITEUR
2021-06-21 13:00:00;10.156;10.229;10.129;10.169;28.8875;UCG.ITEUR
2021-06-21 14:00:00;10.169;10.229;10.169;10.209;24.025;UCG.ITEUR
2021-06-21 15:00:00;10.209;10.209;10.179;10.189;9.05;UCG.ITEUR
2021-06-22 07:00:00;10.259;10.259;10.159;10.209;26.2375;UCG.ITEUR
2021-06-22 08:00:00;10.206;10.209;10.149;10.169;17.975;UCG.ITEUR
2021-06-22 09:00:00;10.169;10.179;10.109;10.129;22.1375;UCG.ITEUR
2021-06-22 10:00:00;10.139;10.159;10.099;10.109;16.1625;UCG.ITEUR
2021-06-22 11:00:00;10.119;10.169;10.099;10.149;21.3;UCG.ITEUR
2021-06-22 12:00:00;10.159;10.169;10.109;10.119;18.0875;UCG.ITEUR
2021-06-22 13:00:00;10.116;10.119;10.089;10.099;17.8375;UCG.ITEUR
2021-06-22 14:00:00;10.109;10.119;10.079;10.109;17.525;UCG.ITEUR
2021-06-22 15:00:00;10.099;10.119;10.099;10.119;7.1125;UCG.ITEUR
2021-06-23 07:00:00;10.159;10.209;10.149;10.179;30.8625;UCG.ITEUR
2021-06-23 08:00:00;10.179;10.179;10.109;10.139;13.6875;UCG.ITEUR
2021-06-23 09:00:00;10.129;10.139;10.069;10.099;14.4375;UCG.ITEUR
2021-06-23 10:00:00;10.096;10.099;10.059;10.069;10.45;UCG.ITEUR
2021-06-23 11:00:00;10.066;10.069;10.009;10.059;13.175;UCG.ITEUR
2021-06-23 12:00:00;10.049;10.119;10.049;10.109;13.8125;UCG.ITEUR
2021-06-23 13:00:00;10.106;10.159;10.099;10.149;11.6625;UCG.ITEUR
2021-06-23 14:00:00;10.149;10.179;10.119;10.149;10.3;UCG.ITEUR
2021-06-23 15:00:00;10.146;10.149;10.119;10.119;8.4625;UCG.ITEUR
2021-06-24 07:00:00;10.109;10.169;10.079;10.099;26.5;UCG.ITEUR
2021-06-24 08:00:00;10.089;10.249;10.089;10.249;12.9;UCG.ITEUR
2021-06-24 09:00:00;10.259;10.289;10.239;10.259;15.025;UCG.ITEUR
2021-06-24 10:00:00;10.259;10.279;10.229;10.249;7.475;UCG.ITEUR
2021-06-24 11:00:00;10.246;10.259;10.219;10.249;8.7875;UCG.ITEUR
2021-06-24 12:00:00;10.246;10.259;10.219;10.259;7.175;UCG.ITEUR
2021-06-24 13:00:00;10.259;10.309;10.249;10.279;14.3625;UCG.ITEUR
2021-06-24 14:00:00;10.289;10.319;10.279;10.309;21.15;UCG.ITEUR
2021-06-24 15:00:00;10.309;10.349;10.289;10.349;8.525;UCG.ITEUR
2021-06-25 07:00:00;10.409;10.439;10.349;10.359;27.175;UCG.ITEUR
2021-06-25 08:00:00;10.369;10.409;10.369;10.389;11.6125;UCG.ITEUR
2021-06-25 09:00:00;10.399;10.419;10.379;10.399;11.2125;UCG.ITEUR
2021-06-25 10:00:00;10.409;10.409;10.369;10.409;9.5875;UCG.ITEUR
2021-06-25 11:00:00;10.409;10.449;10.389;10.419;10.6125;UCG.ITEUR
2021-06-25 12:00:00;10.419;10.419;10.359;10.369;11.275;UCG.ITEUR
2021-06-25 13:00:00;10.359;10.379;10.329;10.349;8.15;UCG.ITEUR
2021-06-25 14:00:00;10.346;10.369;10.329;10.369;7.7375;UCG.ITEUR
2021-06-25 15:00:00;10.379;10.399;10.369;10.389;5.325;UCG.ITEUR
2021-06-28 07:00:00;10.419;10.459;10.349;10.349;21.6375;UCG.ITEUR
2021-06-28 08:00:00;10.349;10.369;10.289;10.349;12.4375;UCG.ITEUR
2021-06-28 09:00:00;10.346;10.346;10.269;10.289;8.15;UCG.ITEUR
2021-06-28 10:00:00;10.289;10.309;10.259;10.269;9.5375;UCG.ITEUR
2021-06-28 11:00:00;10.259;10.309;10.249;10.299;13.3375;UCG.ITEUR
2021-06-28 12:00:00;10.299;10.329;10.279;10.309;5.8625;UCG.ITEUR
2021-06-28 13:00:00;10.319;10.339;10.249;10.259;14.05;UCG.ITEUR
2021-06-28 14:00:00;10.259;10.259;10.169;10.179;14.0375;UCG.ITEUR
2021-06-28 15:00:00;10.169;10.179;10.099;10.109;8.225;UCG.ITEUR
2021-06-29 07:00:00;10.119;10.169;10.079;10.149;26.325;UCG.ITEUR
2021-06-29 08:00:00;10.159;10.199;10.069;10.079;15.6125;UCG.ITEUR
2021-06-29 09:00:00;10.079;10.109;10.049;10.069;17.25;UCG.ITEUR
2021-06-29 10:00:00;10.069;10.079;10.049;10.049;14.0125;UCG.ITEUR
2021-06-29 11:00:00;10.049;10.129;10.049;10.119;7.75;UCG.ITEUR
2021-06-29 12:00:00;10.119;10.209;10.119;10.199;14.7;UCG.ITEUR
2021-06-29 13:00:00;10.199;10.259;10.159;10.179;13.1375;UCG.ITEUR
2021-06-29 14:00:00;10.189;10.189;10.089;10.089;14.3125;UCG.ITEUR
2021-06-29 15:00:00;10.089;10.099;10.069;10.089;7.3875;UCG.ITEUR
2021-06-30 07:00:00;10.059;10.139;9.979;9.979;25.5625;UCG.ITEUR
2021-06-30 08:00:00;9.989;9.989;9.899;9.919;26.6875;UCG.ITEUR
2021-06-30 09:00:00;9.909;9.959;9.899;9.939;23.7375;UCG.ITEUR
2021-06-30 10:00:00;9.949;10.029;9.949;9.979;21.3;UCG.ITEUR
2021-06-30 11:00:00;9.989;10.049;9.989;10.029;14.075;UCG.ITEUR
2021-06-30 12:00:00;10.026;10.039;9.989;9.989;10.2;UCG.ITEUR
2021-06-30 13:00:00;9.986;10.029;9.959;10.019;16.35;UCG.ITEUR
2021-06-30 14:00:00;10.019;10.019;9.939;9.939;18.925;UCG.ITEUR
2021-06-30 15:00:00;9.936;9.949;9.909;9.939;10.4125;UCG.ITEUR
2021-07-01 07:00:00;9.989;10.169;9.989;10.159;31.2625;UCG.ITEUR
2021-07-01 08:00:00;10.159;10.199;10.149;10.169;15.9125;UCG.ITEUR
2021-07-01 09:00:00;10.159;10.179;10.139;10.139;12.6875;UCG.ITEUR
2021-07-01 10:00:00;10.139;10.159;10.099;10.129;17.5875;UCG.ITEUR
2021-07-01 11:00:00;10.119;10.179;10.079;10.169;19.825;UCG.ITEUR
2021-07-01 12:00:00;10.169;10.179;10.119;10.149;11.1125;UCG.ITEUR
2021-07-01 13:00:00;10.146;10.179;10.119;10.149;16.0875;UCG.ITEUR
2021-07-01 14:00:00;10.146;10.189;10.119;10.149;17.15;UCG.ITEUR
2021-07-01 15:00:00;10.146;10.179;10.139;10.179;7.3375;UCG.ITEUR
2021-07-02 07:00:00;10.189;10.199;10.079;10.089;37.4625;UCG.ITEUR
2021-07-02 08:00:00;10.086;10.109;10.079;10.089;12.4875;UCG.ITEUR
2021-07-02 09:00:00;10.079;10.129;10.079;10.129;6.3375;UCG.ITEUR
2021-07-02 10:00:00;10.129;10.149;10.109;10.119;11.525;UCG.ITEUR
2021-07-02 11:00:00;10.109;10.119;10.089;10.089;12.6;UCG.ITEUR
2021-07-02 12:00:00;10.079;10.129;10.049;10.079;20.825;UCG.ITEUR
2021-07-02 13:00:00;10.079;10.099;10.009;10.019;13.475;UCG.ITEUR
2021-07-02 14:00:00;10.016;10.039;9.999;10.009;16.825;UCG.ITEUR
2021-07-02 15:00:00;9.999;10.019;9.999;10.019;6.9625;UCG.ITEUR
2021-07-05 07:00:00;10.019;10.019;9.959;10.009;29.6625;UCG.ITEUR
2021-07-05 08:00:00;10.009;10.069;10.009;10.029;20.2;UCG.ITEUR
2021-07-05 09:00:00;10.026;10.049;10.009;10.049;17.5125;UCG.ITEUR
2021-07-05 10:00:00;10.049;10.089;10.039;10.089;10.625;UCG.ITEUR
2021-07-05 11:00:00;10.089;10.109;10.079;10.099;10.275;UCG.ITEUR
2021-07-05 12:00:00;10.099;10.189;10.099;10.169;13.3875;UCG.ITEUR
2021-07-05 13:00:00;10.169;10.189;10.159;10.179;7.275;UCG.ITEUR
2021-07-05 14:00:00;10.169;10.189;10.169;10.169;4.6125;UCG.ITEUR
2021-07-05 15:00:00;10.166;10.189;10.159;10.169;2.45;UCG.ITEUR
2021-07-06 07:00:00;10.159;10.169;10.049;10.079;34.5125;UCG.ITEUR
2021-07-06 08:00:00;10.069;10.119;10.059;10.099;24.8125;UCG.ITEUR
2021-07-06 09:00:00;10.099;10.099;10.059;10.069;16.0875;UCG.ITEUR
2021-07-06 10:00:00;10.066;10.069;10.019;10.029;12.4625;UCG.ITEUR
2021-07-06 11:00:00;10.029;10.069;10.019;10.059;10.175;UCG.ITEUR
2021-07-06 12:00:00;10.059;10.069;10.019;10.019;7.6125;UCG.ITEUR
2021-07-06 13:00:00;10.029;10.039;9.989;9.999;18.6625;UCG.ITEUR
2021-07-06 14:00:00;9.996;9.996;9.889;9.899;25.9875;UCG.ITEUR
2021-07-06 15:00:00;9.896;9.919;9.879;9.889;8.2875;UCG.ITEUR
2021-07-07 07:00:00;9.956;9.989;9.859;9.859;25.975;UCG.ITEUR
2021-07-07 08:00:00;9.869;9.869;9.789;9.819;21.475;UCG.ITEUR
2021-07-07 09:00:00;9.819;9.889;9.799;9.869;11.4625;UCG.ITEUR
2021-07-07 10:00:00;9.866;9.866;9.799;9.809;14.1875;UCG.ITEUR
2021-07-07 11:00:00;9.819;9.819;9.789;9.789;11.375;UCG.ITEUR
2021-07-07 12:00:00;9.799;9.809;9.699;9.699;15.025;UCG.ITEUR
2021-07-07 13:00:00;9.709;9.789;9.689;9.709;20.0375;UCG.ITEUR
2021-07-07 14:00:00;9.709;9.719;9.649;9.679;18.85;UCG.ITEUR
2021-07-07 15:00:00;9.676;9.729;9.669;9.729;13.95;UCG.ITEUR
2021-07-08 07:00:00;9.619;9.619;9.489;9.529;48.5125;UCG.ITEUR
2021-07-08 08:00:00;9.519;9.529;9.379;9.459;31.0375;UCG.ITEUR
2021-07-08 09:00:00;9.456;9.479;9.399;9.409;29.5;UCG.ITEUR
2021-07-08 10:00:00;9.399;9.429;9.369;9.429;24.6125;UCG.ITEUR
2021-07-08 11:00:00;9.426;9.439;9.379;9.439;17.8125;UCG.ITEUR
2021-07-08 12:00:00;9.436;9.479;9.389;9.429;21.475;UCG.ITEUR
2021-07-08 13:00:00;9.426;9.449;9.349;9.399;31.775;UCG.ITEUR
2021-07-08 14:00:00;9.396;9.419;9.349;9.359;32.2375;UCG.ITEUR
2021-07-08 15:00:00;9.369;9.429;9.369;9.399;22.4875;UCG.ITEUR
2021-07-09 07:00:00;9.539;9.589;9.429;9.519;34.0375;UCG.ITEUR
2021-07-09 08:00:00;9.529;9.629;9.529;9.609;24.4875;UCG.ITEUR
2021-07-09 09:00:00;9.619;9.659;9.599;9.619;27.025;UCG.ITEUR
2021-07-09 10:00:00;9.629;9.649;9.599;9.609;14.4375;UCG.ITEUR
2021-07-09 11:00:00;9.619;9.659;9.609;9.649;11.1875;UCG.ITEUR
2021-07-09 12:00:00;9.659;9.659;9.609;9.629;14.9125;UCG.ITEUR
2021-07-09 13:00:00;9.639;9.659;9.599;9.659;18.4625;UCG.ITEUR
2021-07-09 14:00:00;9.656;9.739;9.649;9.729;22.7375;UCG.ITEUR
2021-07-09 15:00:00;9.739;9.739;9.719;9.729;10.4375;UCG.ITEUR
2021-07-12 07:00:00;9.759;9.769;9.549;9.569;34.6;UCG.ITEUR
2021-07-12 08:00:00;9.569;9.609;9.569;9.579;19.5;UCG.ITEUR
2021-07-12 09:00:00;9.579;9.579;9.509;9.509;13.7125;UCG.ITEUR
2021-07-12 10:00:00;9.509;9.539;9.499;9.529;13.6875;UCG.ITEUR
2021-07-12 11:00:00;9.529;9.559;9.529;9.549;18.7875;UCG.ITEUR
2021-07-12 12:00:00;9.539;9.589;9.529;9.589;14.6;UCG.ITEUR
2021-07-12 13:00:00;9.599;9.719;9.579;9.709;16.7375;UCG.ITEUR
2021-07-12 14:00:00;9.706;9.739;9.679;9.689;20.45;UCG.ITEUR
2021-07-12 15:00:00;9.686;9.719;9.679;9.709;3.825;UCG.ITEUR
2021-07-13 07:00:00;9.729;9.779;9.649;9.659;25.5625;UCG.ITEUR
2021-07-13 08:00:00;9.649;9.689;9.629;9.649;19.325;UCG.ITEUR
2021-07-13 09:00:00;9.649;9.649;9.599;9.599;9.1375;UCG.ITEUR
2021-07-13 10:00:00;9.609;9.659;9.579;9.589;9.4625;UCG.ITEUR
2021-07-13 11:00:00;9.589;9.589;9.539;9.549;9.7875;UCG.ITEUR
2021-07-13 12:00:00;9.549;9.679;9.539;9.649;20.9625;UCG.ITEUR
2021-07-13 13:00:00;9.646;9.669;9.609;9.619;18.5625;UCG.ITEUR
2021-07-13 14:00:00;9.609;9.609;9.499;9.509;12.95;UCG.ITEUR
2021-07-13 15:00:00;9.519;9.539;9.509;9.519;3.325;UCG.ITEUR
2021-07-14 07:00:00;9.509;9.669;9.499;9.629;25.3375;UCG.ITEUR
2021-07-14 08:00:00;9.639;9.639;9.559;9.559;15.9;UCG.ITEUR
2021-07-14 09:00:00;9.569;9.599;9.549;9.559;10.9625;UCG.ITEUR
2021-07-14 10:00:00;9.569;9.609;9.559;9.579;15.625;UCG.ITEUR
2021-07-14 11:00:00;9.579;9.599;9.549;9.559;10.6875;UCG.ITEUR
2021-07-14 12:00:00;9.559;9.609;9.559;9.599;6.3125;UCG.ITEUR
2021-07-14 13:00:00;9.596;9.749;9.579;9.659;18.7875;UCG.ITEUR
2021-07-14 14:00:00;9.659;9.689;9.619;9.639;17.6875;UCG.ITEUR
2021-07-14 15:00:00;9.629;9.649;9.629;9.639;7.9375;UCG.ITEUR
2021-07-15 07:00:00;9.599;9.599;9.449;9.469;33.375;UCG.ITEUR
2021-07-15 08:00:00;9.466;9.549;9.449;9.519;21.075;UCG.ITEUR
2021-07-15 09:00:00;9.516;9.519;9.479;9.499;18.375;UCG.ITEUR
2021-07-15 10:00:00;9.509;9.549;9.469;9.499;23.8875;UCG.ITEUR
2021-07-15 11:00:00;9.496;9.539;9.469;9.499;16.4;UCG.ITEUR
2021-07-15 12:00:00;9.499;9.509;9.459;9.469;15.8375;UCG.ITEUR
2021-07-15 13:00:00;9.466;9.499;9.449;9.489;24.05;UCG.ITEUR
2021-07-15 14:00:00;9.499;9.519;9.459;9.519;24.75;UCG.ITEUR
2021-07-15 15:00:00;9.516;9.519;9.489;9.499;15.275;UCG.ITEUR
2021-07-16 07:00:00;9.529;9.599;9.479;9.489;31.7125;UCG.ITEUR
2021-07-16 08:00:00;9.486;9.559;9.479;9.559;16.8375;UCG.ITEUR
2021-07-16 09:00:00;9.556;9.569;9.499;9.509;16.4;UCG.ITEUR
2021-07-16 10:00:00;9.509;9.519;9.459;9.489;12.65;UCG.ITEUR
2021-07-16 11:00:00;9.479;9.499;9.479;9.479;12.3875;UCG.ITEUR
2021-07-16 12:00:00;9.489;9.519;9.479;9.499;11.9;UCG.ITEUR
2021-07-16 13:00:00;9.509;9.519;9.419;9.439;13.2125;UCG.ITEUR
2021-07-16 14:00:00;9.439;9.439;9.339;9.369;20.4625;UCG.ITEUR
2021-07-16 15:00:00;9.366;9.409;9.349;9.389;10.025;UCG.ITEUR
2021-07-19 07:00:00;9.229;9.269;9.149;9.199;39.9;UCG.ITEUR
2021-07-19 08:00:00;9.209;9.229;9.089;9.119;19.8125;UCG.ITEUR
2021-07-19 09:00:00;9.116;9.119;9.079;9.089;22.6375;UCG.ITEUR
2021-07-19 10:00:00;9.099;9.129;9.069;9.119;25.3125;UCG.ITEUR
2021-07-19 11:00:00;9.119;9.119;9.029;9.059;22.325;UCG.ITEUR
2021-07-19 12:00:00;9.059;9.059;8.999;9.039;18.7125;UCG.ITEUR
2021-07-19 13:00:00;9.036;9.099;8.999;9.019;34.1875;UCG.ITEUR
2021-07-19 14:00:00;9.016;9.049;8.959;9.009;30.1375;UCG.ITEUR
2021-07-19 15:00:00;9.009;9.059;8.999;9.049;14.825;UCG.ITEUR
2021-07-20 07:00:00;9.129;9.229;9.089;9.099;44.65;UCG.ITEUR
2021-07-20 08:00:00;9.099;9.149;9.089;9.089;24.3625;UCG.ITEUR
2021-07-20 09:00:00;9.099;9.109;9.019;9.039;28.4875;UCG.ITEUR
2021-07-20 10:00:00;9.036;9.109;9.009;9.049;30.1125;UCG.ITEUR
2021-07-20 11:00:00;9.046;9.129;9.029;9.109;18.35;UCG.ITEUR
2021-07-20 12:00:00;9.119;9.119;9.039;9.049;19.1125;UCG.ITEUR
2021-07-20 13:00:00;9.059;9.109;8.989;9.109;30.1;UCG.ITEUR
2021-07-20 14:00:00;9.119;9.209;9.099;9.209;22.7125;UCG.ITEUR
2021-07-20 15:00:00;9.206;9.229;9.179;9.189;6.6875;UCG.ITEUR
2021-07-21 07:00:00;9.249;9.349;9.189;9.339;38.7125;UCG.ITEUR
2021-07-21 08:00:00;9.339;9.479;9.299;9.429;28.1625;UCG.ITEUR
2021-07-21 09:00:00;9.439;9.459;9.409;9.409;31.7875;UCG.ITEUR
2021-07-21 10:00:00;9.409;9.409;9.349;9.389;14.3625;UCG.ITEUR
2021-07-21 11:00:00;9.389;9.429;9.359;9.379;18.5875;UCG.ITEUR
2021-07-21 12:00:00;9.389;9.419;9.369;9.399;17.8875;UCG.ITEUR
2021-07-21 13:00:00;9.409;9.499;9.399;9.469;22.1125;UCG.ITEUR
2021-07-21 14:00:00;9.479;9.489;9.419;9.459;22.8625;UCG.ITEUR
2021-07-21 15:00:00;9.459;9.489;9.449;9.459;7.2875;UCG.ITEUR
2021-07-22 07:00:00;9.509;9.629;9.509;9.629;31.9375;UCG.ITEUR
2021-07-22 08:00:00;9.639;9.689;9.619;9.679;19.425;UCG.ITEUR
2021-07-22 09:00:00;9.689;9.689;9.619;9.629;15.4375;UCG.ITEUR
2021-07-22 10:00:00;9.626;9.659;9.619;9.639;11.6625;UCG.ITEUR
2021-07-22 11:00:00;9.636;9.659;9.599;9.639;13.9125;UCG.ITEUR
2021-07-22 12:00:00;9.639;9.639;9.529;9.569;19.975;UCG.ITEUR
2021-07-22 13:00:00;9.566;9.619;9.449;9.459;25.375;UCG.ITEUR
2021-07-22 14:00:00;9.459;9.549;9.449;9.509;24.4375;UCG.ITEUR
2021-07-22 15:00:00;9.499;9.509;9.479;9.499;10.9125;UCG.ITEUR
2021-07-23 07:00:00;9.529;9.629;9.499;9.609;25.9625;UCG.ITEUR
2021-07-23 08:00:00;9.609;9.679;9.609;9.649;16.0875;UCG.ITEUR
2021-07-23 09:00:00;9.649;9.669;9.639;9.649;15.775;UCG.ITEUR
2021-07-23 10:00:00;9.659;9.669;9.619;9.659;12.8;UCG.ITEUR
2021-07-23 11:00:00;9.669;9.689;9.639;9.689;12.825;UCG.ITEUR
2021-07-23 12:00:00;9.689;9.729;9.689;9.709;14.7625;UCG.ITEUR
2021-07-23 13:00:00;9.706;9.729;9.619;9.629;16.1875;UCG.ITEUR
2021-07-23 14:00:00;9.626;9.689;9.609;9.629;20.65;UCG.ITEUR
2021-07-23 15:00:00;9.639;9.659;9.629;9.659;5.6875;UCG.ITEUR
2021-07-26 07:00:00;9.579;9.679;9.519;9.559;41.425;UCG.ITEUR
2021-07-26 08:00:00;9.556;9.559;9.499;9.509;15.35;UCG.ITEUR
2021-07-26 09:00:00;9.509;9.629;9.509;9.619;19.2;UCG.ITEUR
2021-07-26 10:00:00;9.629;9.679;9.609;9.649;13.4375;UCG.ITEUR
2021-07-26 11:00:00;9.649;9.709;9.599;9.709;13.1125;UCG.ITEUR
2021-07-26 12:00:00;9.719;9.739;9.689;9.689;10.425;UCG.ITEUR
2021-07-26 13:00:00;9.686;9.819;9.679;9.819;25.35;UCG.ITEUR
2021-07-26 14:00:00;9.816;9.829;9.749;9.779;16.45;UCG.ITEUR
2021-07-26 15:00:00;9.779;9.799;9.779;9.789;6.2375;UCG.ITEUR
2021-07-27 07:00:00;9.819;9.819;9.609;9.649;40.2125;UCG.ITEUR
2021-07-27 08:00:00;9.646;9.679;9.599;9.679;24.2375;UCG.ITEUR
2021-07-27 09:00:00;9.669;9.679;9.619;9.639;16.1125;UCG.ITEUR
2021-07-27 10:00:00;9.649;9.659;9.619;9.659;14.6125;UCG.ITEUR
2021-07-27 11:00:00;9.659;9.679;9.589;9.599;12.125;UCG.ITEUR
2021-07-27 12:00:00;9.589;9.619;9.549;9.619;16.1875;UCG.ITEUR
2021-07-27 13:00:00;9.619;9.619;9.559;9.579;26.575;UCG.ITEUR
2021-07-27 14:00:00;9.589;9.639;9.559;9.639;28.0875;UCG.ITEUR
2021-07-27 15:00:00;9.629;9.659;9.619;9.629;12.3;UCG.ITEUR
2021-07-28 07:00:00;9.619;9.659;9.589;9.649;31.5625;UCG.ITEUR
2021-07-28 08:00:00;9.646;9.679;9.609;9.639;23.3875;UCG.ITEUR
2021-07-28 09:00:00;9.639;9.739;9.639;9.739;15.35;UCG.ITEUR
2021-07-28 10:00:00;9.739;9.759;9.699;9.709;20.7625;UCG.ITEUR
2021-07-28 11:00:00;9.706;9.709;9.659;9.699;16.7625;UCG.ITEUR
2021-07-28 12:00:00;9.709;9.729;9.689;9.729;12.725;UCG.ITEUR
2021-07-28 13:00:00;9.729;9.749;9.679;9.699;21.0125;UCG.ITEUR
2021-07-28 14:00:00;9.689;9.699;9.619;9.629;20.3875;UCG.ITEUR
2021-07-28 15:00:00;9.619;9.629;9.599;9.619;8.575;UCG.ITEUR
2021-07-29 07:00:00;9.629;9.669;9.579;9.629;21.1875;UCG.ITEUR
2021-07-29 08:00:00;9.639;9.689;9.639;9.679;20.2375;UCG.ITEUR
2021-07-29 09:00:00;9.669;9.749;9.669;9.749;11.35;UCG.ITEUR
2021-07-29 10:00:00;9.749;9.849;9.749;9.829;12.6125;UCG.ITEUR
2021-07-29 11:00:00;9.829;9.829;9.769;9.779;9.9;UCG.ITEUR
2021-07-29 12:00:00;9.779;9.799;9.739;9.779;12.875;UCG.ITEUR
2021-07-29 13:00:00;9.779;9.809;9.739;9.759;18.6;UCG.ITEUR
2021-07-29 14:00:00;9.759;9.799;9.749;9.769;14.7375;UCG.ITEUR
2021-07-29 15:00:00;9.779;9.829;9.769;9.829;5.675;UCG.ITEUR
2021-07-30 07:00:00;10.329;10.439;10.169;10.319;71.425;UCG.ITEUR
2021-07-30 08:00:00;10.316;10.389;10.309;10.329;22.325;UCG.ITEUR
2021-07-30 09:00:00;10.339;10.339;10.229;10.229;20.8;UCG.ITEUR
2021-07-30 10:00:00;10.239;10.259;10.139;10.159;24.875;UCG.ITEUR
2021-07-30 11:00:00;10.159;10.199;10.119;10.129;16.225;UCG.ITEUR
2021-07-30 12:00:00;10.126;10.179;10.049;10.159;18.6;UCG.ITEUR
2021-07-30 13:00:00;10.159;10.289;10.129;10.279;27.675;UCG.ITEUR
2021-07-30 14:00:00;10.276;10.279;10.149;10.149;28.4;UCG.ITEUR
2021-07-30 15:00:00;10.146;10.169;10.119;10.129;10.6125;UCG.ITEUR
2021-08-02 07:00:00;10.259;10.309;10.169;10.179;33.4625;UCG.ITEUR
2021-08-02 08:00:00;10.176;10.199;10.059;10.109;22.975;UCG.ITEUR
2021-08-02 09:00:00;10.106;10.129;10.059;10.059;20.8125;UCG.ITEUR
2021-08-02 10:00:00;10.049;10.059;9.969;9.979;20.8625;UCG.ITEUR
2021-08-02 11:00:00;9.976;10.019;9.949;9.969;17.875;UCG.ITEUR
2021-08-02 12:00:00;9.979;9.999;9.939;9.959;14.425;UCG.ITEUR
2021-08-02 13:00:00;9.959;10.019;9.959;9.979;23.025;UCG.ITEUR
2021-08-02 14:00:00;9.989;9.999;9.889;9.959;24.1;UCG.ITEUR
2021-08-02 15:00:00;9.969;9.969;9.929;9.929;8.925;UCG.ITEUR
2021-08-03 07:00:00;9.909;9.959;9.859;9.909;29.95;UCG.ITEUR
2021-08-03 08:00:00;9.909;9.949;9.899;9.929;12.7625;UCG.ITEUR
2021-08-03 09:00:00;9.939;10.019;9.919;10.009;17.925;UCG.ITEUR
2021-08-03 10:00:00;9.999;10.029;9.959;9.999;13.225;UCG.ITEUR
2021-08-03 11:00:00;9.996;10.069;9.989;10.049;8.6375;UCG.ITEUR
2021-08-03 12:00:00;10.049;10.059;9.929;9.939;15.0875;UCG.ITEUR
2021-08-03 13:00:00;9.936;9.949;9.829;9.849;21.2;UCG.ITEUR
2021-08-03 14:00:00;9.859;9.909;9.839;9.849;24.2;UCG.ITEUR
2021-08-03 15:00:00;9.846;9.879;9.839;9.879;9.15;UCG.ITEUR
2021-08-04 07:00:00;9.929;9.969;9.819;9.839;26.5;UCG.ITEUR
2021-08-04 08:00:00;9.849;9.859;9.799;9.799;19.9125;UCG.ITEUR
2021-08-04 09:00:00;9.809;9.889;9.779;9.859;17.6625;UCG.ITEUR
2021-08-04 10:00:00;9.869;9.939;9.849;9.899;7.9875;UCG.ITEUR
2021-08-04 11:00:00;9.909;9.909;9.839;9.879;11.7125;UCG.ITEUR
2021-08-04 12:00:00;9.876;9.879;9.769;9.799;16.95;UCG.ITEUR
2021-08-04 13:00:00;9.789;9.829;9.779;9.819;24.7625;UCG.ITEUR
2021-08-04 14:00:00;9.819;9.929;9.819;9.919;24.2;UCG.ITEUR
2021-08-04 15:00:00;9.916;9.919;9.889;9.899;6.125;UCG.ITEUR
2021-08-05 07:00:00;9.879;9.969;9.869;9.949;22.575;UCG.ITEUR
2021-08-05 08:00:00;9.946;10.019;9.929;10.009;17.0875;UCG.ITEUR
2021-08-05 09:00:00;9.999;10.019;9.929;9.939;16.1375;UCG.ITEUR
2021-08-05 10:00:00;9.939;9.969;9.909;9.909;14.5;UCG.ITEUR
2021-08-05 11:00:00;9.919;9.949;9.899;9.929;12.1625;UCG.ITEUR
2021-08-05 12:00:00;9.919;9.969;9.919;9.949;15.4;UCG.ITEUR
2021-08-05 13:00:00;9.959;10.009;9.939;10.009;21.175;UCG.ITEUR
2021-08-05 14:00:00;10.019;10.099;10.019;10.089;15.2125;UCG.ITEUR
2021-08-05 15:00:00;10.079;10.159;10.079;10.159;5.35;UCG.ITEUR
2021-08-06 07:00:00;10.139;10.169;10.049;10.129;35.3375;UCG.ITEUR
2021-08-06 08:00:00;10.139;10.189;10.119;10.169;18.0375;UCG.ITEUR
2021-08-06 09:00:00;10.179;10.219;10.159;10.199;13.2;UCG.ITEUR
2021-08-06 10:00:00;10.199;10.239;10.189;10.209;15.375;UCG.ITEUR
2021-08-06 11:00:00;10.206;10.209;10.169;10.179;11.925;UCG.ITEUR
2021-08-06 12:00:00;10.189;10.299;10.139;10.299;28.9625;UCG.ITEUR
2021-08-06 13:00:00;10.299;10.379;10.299;10.359;23.7625;UCG.ITEUR
2021-08-06 14:00:00;10.369;10.399;10.359;10.389;17.4875;UCG.ITEUR
2021-08-06 15:00:00;10.389;10.409;10.389;10.399;5.225;UCG.ITEUR
2021-08-09 07:00:00;10.409;10.509;10.349;10.429;42.2875;UCG.ITEUR
2021-08-09 08:00:00;10.439;10.439;10.359;10.419;16.8;UCG.ITEUR
2021-08-09 09:00:00;10.416;10.429;10.389;10.429;13.7;UCG.ITEUR
2021-08-09 10:00:00;10.426;10.439;10.369;10.369;8.55;UCG.ITEUR
2021-08-09 11:00:00;10.369;10.399;10.369;10.379;13.35;UCG.ITEUR
2021-08-09 12:00:00;10.369;10.419;10.339;10.419;10.45;UCG.ITEUR
2021-08-09 13:00:00;10.419;10.439;10.359;10.429;19.6875;UCG.ITEUR
2021-08-09 14:00:00;10.439;10.459;10.399;10.459;13.625;UCG.ITEUR
2021-08-09 15:00:00;10.459;10.459;10.429;10.439;5.675;UCG.ITEUR
2021-08-10 07:00:00;10.429;10.459;10.359;10.419;25.8125;UCG.ITEUR
2021-08-10 08:00:00;10.419;10.429;10.379;10.399;12.0875;UCG.ITEUR
2021-08-10 09:00:00;10.389;10.409;10.369;10.379;4.5625;UCG.ITEUR
2021-08-10 10:00:00;10.369;10.399;10.369;10.389;9.9125;UCG.ITEUR
2021-08-10 11:00:00;10.399;10.429;10.389;10.409;4.175;UCG.ITEUR
2021-08-10 12:00:00;10.406;10.419;10.399;10.419;4.825;UCG.ITEUR
2021-08-10 13:00:00;10.419;10.479;10.419;10.459;11.75;UCG.ITEUR
2021-08-10 14:00:00;10.459;10.529;10.459;10.519;14.775;UCG.ITEUR
2021-08-10 15:00:00;10.509;10.519;10.469;10.489;5.1375;UCG.ITEUR
2021-08-11 07:00:00;10.539;10.639;10.499;10.539;45.2375;UCG.ITEUR
2021-08-11 08:00:00;10.536;10.629;10.529;10.619;12.0625;UCG.ITEUR
2021-08-11 09:00:00;10.619;10.629;10.579;10.609;12.9875;UCG.ITEUR
2021-08-11 10:00:00;10.609;10.649;10.609;10.619;13.0875;UCG.ITEUR
2021-08-11 11:00:00;10.616;10.649;10.609;10.629;7.975;UCG.ITEUR
2021-08-11 12:00:00;10.639;10.669;10.609;10.659;18.4625;UCG.ITEUR
2021-08-11 13:00:00;10.656;10.709;10.649;10.679;20.275;UCG.ITEUR
2021-08-11 14:00:00;10.669;10.719;10.669;10.709;11.25;UCG.ITEUR
2021-08-11 15:00:00;10.709;10.729;10.709;10.729;5.1625;UCG.ITEUR
2021-08-12 07:00:00;10.689;10.729;10.649;10.709;26.925;UCG.ITEUR
2021-08-12 08:00:00;10.706;10.739;10.699;10.739;10.3375;UCG.ITEUR
2021-08-12 09:00:00;10.736;10.779;10.729;10.749;7.575;UCG.ITEUR
2021-08-12 10:00:00;10.759;10.759;10.709;10.729;6.0625;UCG.ITEUR
2021-08-12 11:00:00;10.726;10.739;10.699;10.699;9.5625;UCG.ITEUR
2021-08-12 12:00:00;10.696;10.709;10.679;10.689;11.5875;UCG.ITEUR
2021-08-12 13:00:00;10.699;10.699;10.649;10.669;13.75;UCG.ITEUR
2021-08-12 14:00:00;10.679;10.679;10.629;10.639;13.725;UCG.ITEUR
2021-08-12 15:00:00;10.639;10.659;10.619;10.649;5.7125;UCG.ITEUR
2021-08-13 07:00:00;10.619;10.679;10.589;10.609;20.25;UCG.ITEUR
2021-08-13 08:00:00;10.609;10.649;10.589;10.649;13.2875;UCG.ITEUR
2021-08-13 09:00:00;10.659;10.679;10.649;10.649;13.925;UCG.ITEUR
2021-08-13 10:00:00;10.649;10.669;10.629;10.649;7.5125;UCG.ITEUR
2021-08-13 11:00:00;10.649;10.669;10.649;10.669;3.05;UCG.ITEUR
2021-08-13 12:00:00;10.666;10.699;10.659;10.679;5.8875;UCG.ITEUR
2021-08-13 13:00:00;10.679;10.689;10.639;10.659;13.5875;UCG.ITEUR
2021-08-13 14:00:00;10.656;10.656;10.609;10.629;11.475;UCG.ITEUR
2021-08-13 15:00:00;10.629;10.669;10.629;10.659;4.9;UCG.ITEUR
2021-08-16 07:00:00;10.589;10.689;10.529;10.689;36.7375;UCG.ITEUR
2021-08-16 08:00:00;10.699;10.719;10.629;10.659;12.725;UCG.ITEUR
2021-08-16 09:00:00;10.659;10.689;10.639;10.639;14.525;UCG.ITEUR
2021-08-16 10:00:00;10.649;10.679;10.619;10.659;15.0125;UCG.ITEUR
2021-08-16 11:00:00;10.669;10.669;10.639;10.649;6.8875;UCG.ITEUR
2021-08-16 12:00:00;10.649;10.649;10.619;10.639;11.25;UCG.ITEUR
2021-08-16 13:00:00;10.639;10.639;10.489;10.509;17.875;UCG.ITEUR
2021-08-16 14:00:00;10.506;10.589;10.469;10.529;22.65;UCG.ITEUR
2021-08-16 15:00:00;10.539;10.539;10.499;10.509;8.25;UCG.ITEUR
2021-08-17 07:00:00;10.499;10.499;10.369;10.399;34.3375;UCG.ITEUR
2021-08-17 08:00:00;10.409;10.419;10.319;10.349;17.5;UCG.ITEUR
2021-08-17 09:00:00;10.349;10.369;10.259;10.279;17.1125;UCG.ITEUR
2021-08-17 10:00:00;10.276;10.279;10.229;10.239;22.85;UCG.ITEUR
2021-08-17 11:00:00;10.236;10.299;10.219;10.299;10.85;UCG.ITEUR
2021-08-17 12:00:00;10.296;10.329;10.279;10.309;10.975;UCG.ITEUR
2021-08-17 13:00:00;10.319;10.329;10.279;10.299;21.1625;UCG.ITEUR
2021-08-17 14:00:00;10.299;10.339;10.289;10.299;18.225;UCG.ITEUR
2021-08-17 15:00:00;10.309;10.339;10.299;10.319;7.0125;UCG.ITEUR
2021-08-18 07:00:00;10.299;10.349;10.279;10.299;23.2625;UCG.ITEUR
2021-08-18 08:00:00;10.309;10.349;10.279;10.309;12.0;UCG.ITEUR
2021-08-18 09:00:00;10.306;10.329;10.289;10.299;13.225;UCG.ITEUR
2021-08-18 10:00:00;10.299;10.349;10.289;10.339;5.7625;UCG.ITEUR
2021-08-18 11:00:00;10.349;10.379;10.329;10.379;5.55;UCG.ITEUR
2021-08-18 12:00:00;10.389;10.419;10.359;10.379;10.8625;UCG.ITEUR
2021-08-18 13:00:00;10.389;10.409;10.319;10.359;17.875;UCG.ITEUR
2021-08-18 14:00:00;10.349;10.399;10.349;10.399;17.2875;UCG.ITEUR
2021-08-18 15:00:00;10.409;10.419;10.389;10.389;2.225;UCG.ITEUR
2021-08-19 07:00:00;10.239;10.289;10.189;10.229;42.5875;UCG.ITEUR
2021-08-19 08:00:00;10.226;10.226;10.149;10.179;19.3375;UCG.ITEUR
2021-08-19 09:00:00;10.169;10.239;10.149;10.229;21.2625;UCG.ITEUR
2021-08-19 10:00:00;10.239;10.259;10.199;10.219;18.15;UCG.ITEUR
2021-08-19 11:00:00;10.229;10.229;10.179;10.189;11.2625;UCG.ITEUR
2021-08-19 12:00:00;10.186;10.229;10.169;10.179;13.2875;UCG.ITEUR
2021-08-19 13:00:00;10.189;10.239;10.179;10.229;17.875;UCG.ITEUR
2021-08-19 14:00:00;10.226;10.259;10.129;10.169;19.375;UCG.ITEUR
2021-08-19 15:00:00;10.166;10.169;10.119;10.129;10.5;UCG.ITEUR
2021-08-20 07:00:00;10.109;10.159;10.079;10.099;38.7875;UCG.ITEUR
2021-08-20 08:00:00;10.099;10.129;10.049;10.069;17.475;UCG.ITEUR
2021-08-20 09:00:00;10.079;10.079;10.009;10.039;16.6375;UCG.ITEUR
2021-08-20 10:00:00;10.049;10.099;10.029;10.049;12.3875;UCG.ITEUR
2021-08-20 11:00:00;10.059;10.079;10.029;10.059;9.55;UCG.ITEUR
2021-08-20 12:00:00;10.056;10.099;10.029;10.089;11.5125;UCG.ITEUR
2021-08-20 13:00:00;10.099;10.129;10.079;10.109;20.35;UCG.ITEUR
2021-08-20 14:00:00;10.119;10.169;10.109;10.139;10.1875;UCG.ITEUR
2021-08-20 15:00:00;10.129;10.169;10.129;10.159;3.725;UCG.ITEUR
2021-08-23 07:00:00;10.289;10.379;10.259;10.329;37.05;UCG.ITEUR
2021-08-23 08:00:00;10.339;10.339;10.249;10.299;16.225;UCG.ITEUR
2021-08-23 09:00:00;10.309;10.349;10.299;10.329;5.775;UCG.ITEUR
2021-08-23 10:00:00;10.339;10.379;10.339;10.379;7.55;UCG.ITEUR
2021-08-23 11:00:00;10.376;10.389;10.369;10.379;7.1875;UCG.ITEUR
2021-08-23 12:00:00;10.379;10.389;10.369;10.369;4.9;UCG.ITEUR
2021-08-23 13:00:00;10.369;10.369;10.299;10.339;14.8;UCG.ITEUR
2021-08-23 14:00:00;10.349;10.359;10.319;10.349;11.3625;UCG.ITEUR
2021-08-23 15:00:00;10.349;10.369;10.339;10.369;2.9625;UCG.ITEUR
2021-08-24 07:00:00;10.409;10.439;10.349;10.359;29.525;UCG.ITEUR
2021-08-24 08:00:00;10.356;10.399;10.349;10.359;18.9375;UCG.ITEUR
2021-08-24 09:00:00;10.359;10.409;10.339;10.369;10.475;UCG.ITEUR
2021-08-24 10:00:00;10.369;10.399;10.349;10.389;10.6;UCG.ITEUR
2021-08-24 11:00:00;10.379;10.399;10.369;10.379;5.1125;UCG.ITEUR
2021-08-24 12:00:00;10.389;10.409;10.359;10.369;10.0;UCG.ITEUR
2021-08-24 13:00:00;10.379;10.429;10.359;10.419;12.625;UCG.ITEUR
2021-08-24 14:00:00;10.416;10.439;10.379;10.439;11.5125;UCG.ITEUR
2021-08-24 15:00:00;10.439;10.459;10.439;10.459;1.6375;UCG.ITEUR
2021-08-25 07:00:00;10.449;10.479;10.399;10.449;22.975;UCG.ITEUR
2021-08-25 08:00:00;10.459;10.549;10.459;10.509;12.3625;UCG.ITEUR
2021-08-25 09:00:00;10.509;10.559;10.509;10.539;12.5125;UCG.ITEUR
2021-08-25 10:00:00;10.549;10.599;10.539;10.589;8.2625;UCG.ITEUR
2021-08-25 11:00:00;10.586;10.639;10.569;10.629;11.7375;UCG.ITEUR
2021-08-25 12:00:00;10.639;10.679;10.629;10.649;10.95;UCG.ITEUR
2021-08-25 13:00:00;10.649;10.729;10.639;10.719;14.7375;UCG.ITEUR
2021-08-25 14:00:00;10.729;10.759;10.679;10.749;17.6875;UCG.ITEUR
2021-08-25 15:00:00;10.746;10.759;10.739;10.749;11.7625;UCG.ITEUR
2021-08-26 07:00:00;10.729;10.759;10.659;10.749;44.55;UCG.ITEUR
2021-08-26 08:00:00;10.759;10.809;10.719;10.729;20.0625;UCG.ITEUR
2021-08-26 09:00:00;10.726;10.749;10.699;10.709;14.225;UCG.ITEUR
2021-08-26 10:00:00;10.719;10.719;10.669;10.699;11.3;UCG.ITEUR
2021-08-26 11:00:00;10.709;10.769;10.699;10.769;9.125;UCG.ITEUR
2021-08-26 12:00:00;10.759;10.809;10.759;10.769;8.525;UCG.ITEUR
2021-08-26 13:00:00;10.779;10.789;10.739;10.749;17.4625;UCG.ITEUR
2021-08-26 14:00:00;10.759;10.759;10.679;10.689;20.075;UCG.ITEUR
2021-08-26 15:00:00;10.686;10.709;10.669;10.699;7.575;UCG.ITEUR
2021-08-27 07:00:00;10.649;10.719;10.619;10.689;22.3875;UCG.ITEUR
2021-08-27 08:00:00;10.686;10.689;10.649;10.659;12.0875;UCG.ITEUR
2021-08-27 09:00:00;10.649;10.689;10.649;10.669;7.1625;UCG.ITEUR
2021-08-27 10:00:00;10.679;10.679;10.659;10.679;12.2;UCG.ITEUR
2021-08-27 11:00:00;10.679;10.679;10.639;10.649;3.775;UCG.ITEUR
2021-08-27 12:00:00;10.649;10.649;10.569;10.579;9.75;UCG.ITEUR
2021-08-27 13:00:00;10.589;10.659;10.579;10.599;20.9375;UCG.ITEUR
2021-08-27 14:00:00;10.599;10.649;10.569;10.649;20.6375;UCG.ITEUR
2021-08-27 15:00:00;10.639;10.659;10.639;10.649;5.275;UCG.ITEUR
2021-08-30 07:00:00;10.679;10.709;10.579;10.589;19.4375;UCG.ITEUR
2021-08-30 08:00:00;10.599;10.599;10.529;10.549;7.3625;UCG.ITEUR
2021-08-30 09:00:00;10.549;10.579;10.539;10.569;6.25;UCG.ITEUR
2021-08-30 10:00:00;10.579;10.599;10.569;10.569;5.6;UCG.ITEUR
2021-08-30 11:00:00;10.569;10.579;10.549;10.559;4.025;UCG.ITEUR
2021-08-30 12:00:00;10.569;10.579;10.549;10.559;3.825;UCG.ITEUR
2021-08-30 13:00:00;10.559;10.569;10.479;10.489;12.175;UCG.ITEUR
2021-08-30 14:00:00;10.489;10.519;10.469;10.509;14.4375;UCG.ITEUR
2021-08-30 15:00:00;10.509;10.529;10.499;10.519;4.8875;UCG.ITEUR
2021-08-31 07:00:00;10.519;10.519;10.089;10.479;32.275;UCG.ITEUR
2021-08-31 08:00:00;10.476;10.539;10.469;10.529;17.3625;UCG.ITEUR
2021-08-31 09:00:00;10.526;10.619;10.519;10.569;12.6375;UCG.ITEUR
2021-08-31 10:00:00;10.579;10.589;10.529;10.569;20.0;UCG.ITEUR
2021-08-31 11:00:00;10.566;10.569;10.489;10.499;20.4375;UCG.ITEUR
2021-08-31 12:00:00;10.496;10.519;10.459;10.489;8.4125;UCG.ITEUR
2021-08-31 13:00:00;10.489;10.529;10.449;10.469;17.475;UCG.ITEUR
2021-08-31 14:00:00;10.459;10.549;10.459;10.539;20.3625;UCG.ITEUR
2021-08-31 15:00:00;10.536;10.589;10.529;10.579;9.0;UCG.ITEUR
2021-09-01 07:00:00;10.569;10.749;10.569;10.739;29.2125;UCG.ITEUR
2021-09-01 08:00:00;10.736;10.829;10.729;10.759;23.45;UCG.ITEUR
2021-09-01 09:00:00;10.769;10.779;10.689;10.709;13.6875;UCG.ITEUR
2021-09-01 10:00:00;10.709;10.739;10.659;10.739;11.5;UCG.ITEUR
2021-09-01 11:00:00;10.739;10.779;10.729;10.749;8.4125;UCG.ITEUR
2021-09-01 12:00:00;10.759;10.769;10.679;10.679;13.1375;UCG.ITEUR
2021-09-01 13:00:00;10.689;10.689;10.629;10.669;24.3125;UCG.ITEUR
2021-09-01 14:00:00;10.679;10.759;10.669;10.759;18.7;UCG.ITEUR
2021-09-01 15:00:00;10.749;10.759;10.709;10.709;5.8375;UCG.ITEUR
2021-09-02 07:00:00;10.739;10.809;10.679;10.749;28.1875;UCG.ITEUR
2021-09-02 08:00:00;10.759;10.789;10.739;10.759;16.5875;UCG.ITEUR
2021-09-02 09:00:00;10.759;10.779;10.739;10.769;12.4375;UCG.ITEUR
2021-09-02 10:00:00;10.769;10.799;10.759;10.799;5.425;UCG.ITEUR
2021-09-02 11:00:00;10.799;10.799;10.769;10.769;4.1375;UCG.ITEUR
2021-09-02 12:00:00;10.779;10.799;10.759;10.769;5.425;UCG.ITEUR
2021-09-02 13:00:00;10.759;10.779;10.739;10.759;8.5375;UCG.ITEUR
2021-09-02 14:00:00;10.759;10.789;10.759;10.779;10.925;UCG.ITEUR
2021-09-02 15:00:00;10.779;10.789;10.769;10.779;1.4;UCG.ITEUR
2021-09-03 07:00:00;10.769;10.799;10.749;10.799;23.75;UCG.ITEUR
2021-09-03 08:00:00;10.796;10.909;10.779;10.899;12.575;UCG.ITEUR
2021-09-03 09:00:00;10.896;10.909;10.859;10.869;10.625;UCG.ITEUR
2021-09-03 10:00:00;10.879;10.919;10.869;10.889;7.5125;UCG.ITEUR
2021-09-03 11:00:00;10.889;10.919;10.869;10.919;5.3;UCG.ITEUR
2021-09-03 12:00:00;10.919;10.969;10.819;10.969;18.0375;UCG.ITEUR
2021-09-03 13:00:00;10.979;11.019;10.869;10.879;26.25;UCG.ITEUR
2021-09-03 14:00:00;10.876;10.929;10.839;10.899;27.2;UCG.ITEUR
2021-09-03 15:00:00;10.909;10.909;10.869;10.879;9.1875;UCG.ITEUR
2021-09-06 07:00:00;10.909;10.969;10.859;10.909;28.35;UCG.ITEUR
2021-09-06 08:00:00;10.906;10.939;10.869;10.889;10.4625;UCG.ITEUR
2021-09-06 09:00:00;10.899;10.969;10.889;10.959;11.8875;UCG.ITEUR
2021-09-06 10:00:00;10.969;11.009;10.959;10.979;9.8625;UCG.ITEUR
2021-09-06 11:00:00;10.989;10.989;10.959;10.969;7.7125;UCG.ITEUR
2021-09-06 12:00:00;10.966;10.999;10.949;10.959;8.7;UCG.ITEUR
2021-09-06 13:00:00;10.959;10.989;10.959;10.979;5.6125;UCG.ITEUR
2021-09-06 14:00:00;10.969;10.989;10.939;10.959;6.325;UCG.ITEUR
2021-09-06 15:00:00;10.969;10.989;10.959;10.979;3.8625;UCG.ITEUR
2021-09-07 07:00:00;10.979;11.019;10.939;10.979;26.975;UCG.ITEUR
2021-09-07 08:00:00;10.969;11.009;10.909;10.959;18.825;UCG.ITEUR
2021-09-07 09:00:00;10.969;10.969;10.929;10.929;10.65;UCG.ITEUR
2021-09-07 10:00:00;10.939;10.949;10.909;10.919;9.75;UCG.ITEUR
2021-09-07 11:00:00;10.919;10.929;10.889;10.899;10.0;UCG.ITEUR
2021-09-07 12:00:00;10.899;10.939;10.859;10.929;9.1375;UCG.ITEUR
2021-09-07 13:00:00;10.939;10.949;10.889;10.919;16.35;UCG.ITEUR
2021-09-07 14:00:00;10.929;10.929;10.889;10.929;18.725;UCG.ITEUR
2021-09-07 15:00:00;10.929;10.939;10.909;10.929;7.175;UCG.ITEUR
2021-09-08 07:00:00;10.819;10.879;10.749;10.759;34.825;UCG.ITEUR
2021-09-08 08:00:00;10.749;10.759;10.649;10.699;24.7875;UCG.ITEUR
2021-09-08 09:00:00;10.709;10.809;10.699;10.799;16.4875;UCG.ITEUR
2021-09-08 10:00:00;10.809;10.859;10.789;10.859;11.35;UCG.ITEUR
2021-09-08 11:00:00;10.869;10.929;10.839;10.849;15.6125;UCG.ITEUR
2021-09-08 12:00:00;10.849;10.869;10.769;10.809;22.4125;UCG.ITEUR
2021-09-08 13:00:00;10.809;10.899;10.809;10.859;13.8;UCG.ITEUR
2021-09-08 14:00:00;10.869;10.899;10.779;10.809;20.05;UCG.ITEUR
2021-09-08 15:00:00;10.819;10.869;10.819;10.849;8.6375;UCG.ITEUR
2021-09-09 07:00:00;10.599;10.735;10.599;10.669;48.3375;UCG.ITEUR
2021-09-09 08:00:00;10.679;10.739;10.669;10.679;16.275;UCG.ITEUR
2021-09-09 09:00:00;10.676;10.699;10.649;10.699;14.15;UCG.ITEUR
2021-09-09 10:00:00;10.689;10.739;10.689;10.729;11.2125;UCG.ITEUR
2021-09-09 11:00:00;10.729;10.869;10.729;10.869;19.875;UCG.ITEUR
2021-09-09 12:00:00;10.866;10.889;10.779;10.829;18.875;UCG.ITEUR
2021-09-09 13:00:00;10.826;10.859;10.779;10.849;23.725;UCG.ITEUR
2021-09-09 14:00:00;10.859;10.909;10.849;10.899;18.8375;UCG.ITEUR
2021-09-09 15:00:00;10.896;10.899;10.869;10.869;8.3;UCG.ITEUR
2021-09-10 07:00:00;10.919;10.979;10.879;10.959;35.65;UCG.ITEUR
2021-09-10 08:00:00;10.969;11.009;10.959;10.999;8.275;UCG.ITEUR
2021-09-10 09:00:00;11.009;11.039;10.939;10.949;14.95;UCG.ITEUR
2021-09-10 10:00:00;10.959;10.969;10.919;10.959;16.5;UCG.ITEUR
2021-09-10 11:00:00;10.959;10.979;10.879;10.909;9.5875;UCG.ITEUR
2021-09-10 12:00:00;10.906;10.929;10.889;10.889;8.45;UCG.ITEUR
2021-09-10 13:00:00;10.899;10.909;10.779;10.779;19.3625;UCG.ITEUR
2021-09-10 14:00:00;10.775;10.829;10.749;10.779;30.275;UCG.ITEUR
2021-09-10 15:00:00;10.776;10.809;10.769;10.789;8.225;UCG.ITEUR
2021-09-13 07:00:00;10.809;10.819;10.719;10.799;28.4125;UCG.ITEUR
2021-09-13 08:00:00;10.809;10.809;10.689;10.689;18.95;UCG.ITEUR
2021-09-13 09:00:00;10.686;10.729;10.679;10.719;17.95;UCG.ITEUR
2021-09-13 10:00:00;10.709;10.869;10.709;10.849;17.3875;UCG.ITEUR
2021-09-13 11:00:00;10.846;10.859;10.809;10.849;9.7125;UCG.ITEUR
2021-09-13 12:00:00;10.846;10.879;10.829;10.869;10.925;UCG.ITEUR
2021-09-13 13:00:00;10.869;10.889;10.829;10.839;20.5625;UCG.ITEUR
2021-09-13 14:00:00;10.836;10.899;10.799;10.889;34.125;UCG.ITEUR
2021-09-13 15:00:00;10.886;10.899;10.869;10.899;7.9;UCG.ITEUR
2021-09-14 07:00:00;10.889;10.929;10.849;10.929;34.1375;UCG.ITEUR
2021-09-14 08:00:00;10.939;10.939;10.889;10.919;14.4375;UCG.ITEUR
2021-09-14 09:00:00;10.929;10.949;10.899;10.909;12.6125;UCG.ITEUR
2021-09-14 10:00:00;10.906;10.939;10.899;10.909;7.2625;UCG.ITEUR
2021-09-14 11:00:00;10.906;10.906;10.829;10.839;9.5375;UCG.ITEUR
2021-09-14 12:00:00;10.839;10.899;10.829;10.889;17.4125;UCG.ITEUR
2021-09-14 13:00:00;10.886;10.919;10.849;10.859;18.475;UCG.ITEUR
2021-09-14 14:00:00;10.856;10.856;10.699;10.759;19.5125;UCG.ITEUR
2021-09-14 15:00:00;10.756;10.789;10.729;10.779;8.175;UCG.ITEUR
2021-09-15 07:00:00;10.749;10.779;10.659;10.689;33.725;UCG.ITEUR
2021-09-15 08:00:00;10.699;10.739;10.669;10.719;11.45;UCG.ITEUR
2021-09-15 09:00:00;10.729;10.739;10.699;10.729;9.475;UCG.ITEUR
2021-09-15 10:00:00;10.739;10.749;10.669;10.669;9.125;UCG.ITEUR
2021-09-15 11:00:00;10.666;10.669;10.559;10.589;17.4375;UCG.ITEUR
2021-09-15 12:00:00;10.586;10.609;10.559;10.589;16.2625;UCG.ITEUR
2021-09-15 13:00:00;10.586;10.599;10.519;10.559;26.15;UCG.ITEUR
2021-09-15 14:00:00;10.556;10.579;10.499;10.529;18.45;UCG.ITEUR
2021-09-15 15:00:00;10.526;10.599;10.519;10.589;11.0375;UCG.ITEUR
2021-09-16 07:00:00;10.669;10.679;10.629;10.669;24.4;UCG.ITEUR
2021-09-16 08:00:00;10.679;10.779;10.669;10.779;13.975;UCG.ITEUR
2021-09-16 09:00:00;10.779;10.859;10.779;10.789;18.0875;UCG.ITEUR
2021-09-16 10:00:00;10.799;10.799;10.749;10.789;13.525;UCG.ITEUR
2021-09-16 11:00:00;10.779;10.819;10.769;10.769;10.2;UCG.ITEUR
2021-09-16 12:00:00;10.759;10.809;10.729;10.789;19.1125;UCG.ITEUR
2021-09-16 13:00:00;10.799;10.809;10.739;10.749;21.025;UCG.ITEUR
2021-09-16 14:00:00;10.746;10.769;10.719;10.749;14.2125;UCG.ITEUR
2021-09-16 15:00:00;10.759;10.769;10.739;10.759;8.2375;UCG.ITEUR
2021-09-17 07:00:00;10.769;10.819;10.749;10.799;37.1;UCG.ITEUR
2021-09-17 08:00:00;10.796;10.849;10.789;10.799;15.6625;UCG.ITEUR
2021-09-17 09:00:00;10.799;10.799;10.679;10.709;23.3375;UCG.ITEUR
2021-09-17 10:00:00;10.719;10.749;10.679;10.739;29.75;UCG.ITEUR
2021-09-17 11:00:00;10.736;10.759;10.709;10.739;25.6;UCG.ITEUR
2021-09-17 12:00:00;10.749;10.799;10.729;10.789;16.675;UCG.ITEUR
2021-09-17 13:00:00;10.799;10.839;10.769;10.809;20.4875;UCG.ITEUR
2021-09-17 14:00:00;10.819;10.819;10.679;10.709;26.2875;UCG.ITEUR
2021-09-17 15:00:00;10.706;10.759;10.689;10.719;13.1125;UCG.ITEUR
2021-09-20 07:00:00;10.519;10.529;10.309;10.319;66.4125;UCG.ITEUR
2021-09-20 08:00:00;10.329;10.369;10.279;10.329;32.85;UCG.ITEUR
2021-09-20 09:00:00;10.326;10.369;10.259;10.289;33.0875;UCG.ITEUR
2021-09-20 10:00:00;10.299;10.309;10.189;10.199;24.35;UCG.ITEUR
2021-09-20 11:00:00;10.189;10.209;10.149;10.179;29.15;UCG.ITEUR
2021-09-20 12:00:00;10.169;10.229;10.149;10.219;29.1625;UCG.ITEUR
2021-09-20 13:00:00;10.229;10.289;10.189;10.249;43.4;UCG.ITEUR
2021-09-20 14:00:00;10.259;10.259;10.179;10.219;43.95;UCG.ITEUR
2021-09-20 15:00:00;10.216;10.259;10.199;10.219;14.0375;UCG.ITEUR
2021-09-21 07:00:00;10.249;10.379;10.209;10.349;45.5375;UCG.ITEUR
2021-09-21 08:00:00;10.349;10.399;10.299;10.309;18.7;UCG.ITEUR
2021-09-21 09:00:00;10.309;10.329;10.239;10.329;19.075;UCG.ITEUR
2021-09-21 10:00:00;10.339;10.339;10.289;10.289;17.0625;UCG.ITEUR
2021-09-21 11:00:00;10.299;10.369;10.299;10.359;12.975;UCG.ITEUR
2021-09-21 12:00:00;10.359;10.359;10.309;10.319;28.5125;UCG.ITEUR
2021-09-21 13:00:00;10.329;10.359;10.289;10.319;28.15;UCG.ITEUR
2021-09-21 14:00:00;10.329;10.339;10.229;10.229;25.3625;UCG.ITEUR
2021-09-21 15:00:00;10.229;10.289;10.229;10.269;9.7125;UCG.ITEUR
2021-09-22 07:00:00;10.369;10.529;10.359;10.449;36.125;UCG.ITEUR
2021-09-22 08:00:00;10.439;10.479;10.419;10.479;20.175;UCG.ITEUR
2021-09-22 09:00:00;10.489;10.519;10.459;10.489;16.6125;UCG.ITEUR
2021-09-22 10:00:00;10.499;10.509;10.479;10.489;10.0875;UCG.ITEUR
2021-09-22 11:00:00;10.479;10.559;10.469;10.549;14.725;UCG.ITEUR
2021-09-22 12:00:00;10.549;10.559;10.529;10.529;9.3;UCG.ITEUR
2021-09-22 13:00:00;10.539;10.589;10.499;10.579;18.275;UCG.ITEUR
2021-09-22 14:00:00;10.589;10.589;10.529;10.579;19.8375;UCG.ITEUR
2021-09-22 15:00:00;10.589;10.619;10.559;10.609;7.05;UCG.ITEUR
2021-09-23 07:00:00;10.739;10.789;10.709;10.749;26.9625;UCG.ITEUR
2021-09-23 08:00:00;10.749;10.749;10.699;10.709;18.2875;UCG.ITEUR
2021-09-23 09:00:00;10.719;10.819;10.709;10.799;28.65;UCG.ITEUR
2021-09-23 10:00:00;10.796;10.819;10.729;10.759;30.15;UCG.ITEUR
2021-09-23 11:00:00;10.756;10.809;10.739;10.779;24.8875;UCG.ITEUR
2021-09-23 12:00:00;10.776;10.789;10.749;10.789;23.3375;UCG.ITEUR
2021-09-23 13:00:00;10.789;10.839;10.769;10.839;19.25;UCG.ITEUR
2021-09-23 14:00:00;10.836;10.909;10.829;10.899;9.6;UCG.ITEUR
2021-09-23 15:00:00;10.896;10.969;10.889;10.949;8.725;UCG.ITEUR
2021-09-24 07:00:00;10.939;11.039;10.909;10.999;50.7625;UCG.ITEUR
2021-09-24 08:00:00;11.009;11.149;10.989;11.139;25.0875;UCG.ITEUR
2021-09-24 09:00:00;11.149;11.169;11.069;11.079;25.1875;UCG.ITEUR
2021-09-24 10:00:00;11.076;11.129;11.069;11.119;16.4875;UCG.ITEUR
2021-09-24 11:00:00;11.119;11.129;11.079;11.089;16.85;UCG.ITEUR
2021-09-24 12:00:00;11.086;11.089;10.979;10.999;16.85;UCG.ITEUR
2021-09-24 13:00:00;10.996;11.059;10.959;11.049;21.2125;UCG.ITEUR
2021-09-24 14:00:00;11.046;11.069;10.999;11.009;22.7875;UCG.ITEUR
2021-09-24 15:00:00;11.006;11.009;10.969;10.969;11.675;UCG.ITEUR
2021-09-27 07:00:00;11.089;11.179;11.069;11.159;27.2625;UCG.ITEUR
2021-09-27 08:00:00;11.169;11.229;11.119;11.209;17.725;UCG.ITEUR
2021-09-27 09:00:00;11.206;11.289;11.189;11.279;17.2;UCG.ITEUR
2021-09-27 10:00:00;11.276;11.309;11.259;11.259;23.075;UCG.ITEUR
2021-09-27 11:00:00;11.259;11.279;11.249;11.259;18.7375;UCG.ITEUR
2021-09-27 12:00:00;11.256;11.269;11.219;11.229;24.4875;UCG.ITEUR
2021-09-27 13:00:00;11.226;11.279;11.219;11.279;15.3875;UCG.ITEUR
2021-09-27 14:00:00;11.276;11.429;11.259;11.429;21.275;UCG.ITEUR
2021-09-27 15:00:00;11.426;11.599;11.419;11.529;12.0875;UCG.ITEUR
2021-09-28 07:00:00;11.549;11.669;11.489;11.569;55.2875;UCG.ITEUR
2021-09-28 08:00:00;11.566;11.566;11.439;11.449;25.175;UCG.ITEUR
2021-09-28 09:00:00;11.459;11.509;11.429;11.439;20.25;UCG.ITEUR
2021-09-28 10:00:00;11.439;11.459;11.379;11.379;16.575;UCG.ITEUR
2021-09-28 11:00:00;11.389;11.419;11.339;11.409;19.075;UCG.ITEUR
2021-09-28 12:00:00;11.406;11.449;11.339;11.359;20.3375;UCG.ITEUR
2021-09-28 13:00:00;11.349;11.419;11.309;11.329;36.1875;UCG.ITEUR
2021-09-28 14:00:00;11.329;11.329;11.169;11.179;35.6125;UCG.ITEUR
2021-09-28 15:00:00;11.176;11.179;11.099;11.129;13.6;UCG.ITEUR
2021-09-29 07:00:00;11.139;11.259;11.129;11.219;55.1125;UCG.ITEUR
2021-09-29 08:00:00;11.209;11.239;11.149;11.209;21.1;UCG.ITEUR
2021-09-29 09:00:00;11.206;11.269;11.199;11.259;16.175;UCG.ITEUR
2021-09-29 10:00:00;11.269;11.279;11.209;11.229;15.15;UCG.ITEUR
2021-09-29 11:00:00;11.239;11.279;11.219;11.269;13.4125;UCG.ITEUR
2021-09-29 12:00:00;11.259;11.319;11.259;11.299;15.9875;UCG.ITEUR
2021-09-29 13:00:00;11.289;11.349;11.209;11.249;37.0375;UCG.ITEUR
2021-09-29 14:00:00;11.259;11.429;11.249;11.419;26.8375;UCG.ITEUR
2021-09-29 15:00:00;11.416;11.499;11.399;11.489;10.575;UCG.ITEUR
2021-09-30 07:00:00;11.559;11.609;11.439;11.469;43.0;UCG.ITEUR
2021-09-30 08:00:00;11.459;11.469;11.349;11.409;29.2;UCG.ITEUR
2021-09-30 09:00:00;11.419;11.439;11.289;11.339;25.6875;UCG.ITEUR
2021-09-30 10:00:00;11.349;11.429;11.339;11.409;19.3125;UCG.ITEUR
2021-09-30 11:00:00;11.419;11.439;11.349;11.369;18.4;UCG.ITEUR
2021-09-30 12:00:00;11.379;11.439;11.369;11.419;23.4375;UCG.ITEUR
2021-09-30 13:00:00;11.416;11.499;11.379;11.449;32.7;UCG.ITEUR
2021-09-30 14:00:00;11.459;11.499;11.429;11.479;37.25;UCG.ITEUR
2021-09-30 15:00:00;11.476;11.539;11.469;11.529;12.8875;UCG.ITEUR
2021-10-01 07:00:00;11.279;11.409;11.269;11.359;46.2625;UCG.ITEUR
2021-10-01 08:00:00;11.349;11.449;11.259;11.449;30.8625;UCG.ITEUR
2021-10-01 09:00:00;11.439;11.449;11.339;11.379;23.5;UCG.ITEUR
2021-10-01 10:00:00;11.389;11.429;11.349;11.419;15.4875;UCG.ITEUR
2021-10-01 11:00:00;11.429;11.499;11.419;11.479;18.3375;UCG.ITEUR
2021-10-01 12:00:00;11.489;11.529;11.469;11.489;21.8;UCG.ITEUR
2021-10-01 13:00:00;11.499;11.529;11.449;11.459;28.325;UCG.ITEUR
2021-10-01 14:00:00;11.429;11.529;11.409;11.439;38.4375;UCG.ITEUR
2021-10-01 15:00:00;11.449;11.489;11.429;11.439;15.4375;UCG.ITEUR
2021-10-04 07:00:00;11.469;11.499;11.349;11.429;40.825;UCG.ITEUR
2021-10-04 08:00:00;11.439;11.459;11.359;11.399;22.9125;UCG.ITEUR
2021-10-04 09:00:00;11.409;11.479;11.399;11.449;22.6625;UCG.ITEUR
2021-10-04 10:00:00;11.459;11.489;11.449;11.479;14.3;UCG.ITEUR
2021-10-04 11:00:00;11.476;11.489;11.429;11.449;16.1;UCG.ITEUR
2021-10-04 12:00:00;11.439;11.499;11.439;11.479;19.0875;UCG.ITEUR
2021-10-04 13:00:00;11.489;11.549;11.439;11.549;24.7375;UCG.ITEUR
2021-10-04 14:00:00;11.546;11.549;11.359;11.379;29.475;UCG.ITEUR
2021-10-04 15:00:00;11.376;11.379;11.339;11.339;13.1125;UCG.ITEUR
2021-10-05 07:00:00;11.389;11.719;11.359;11.639;48.6625;UCG.ITEUR
2021-10-05 08:00:00;11.636;11.719;11.629;11.689;27.9375;UCG.ITEUR
2021-10-05 09:00:00;11.686;11.719;11.639;11.709;25.075;UCG.ITEUR
2021-10-05 10:00:00;11.706;11.719;11.669;11.699;19.2375;UCG.ITEUR
2021-10-05 11:00:00;11.709;11.749;11.689;11.719;12.3375;UCG.ITEUR
2021-10-05 12:00:00;11.716;11.749;11.689;11.719;21.425;UCG.ITEUR
2021-10-05 13:00:00;11.729;11.729;11.649;11.669;25.95;UCG.ITEUR
2021-10-05 14:00:00;11.679;11.749;11.679;11.729;26.9625;UCG.ITEUR
2021-10-05 15:00:00;11.726;11.799;11.699;11.789;8.3;UCG.ITEUR
2021-10-06 07:00:00;11.879;11.909;11.739;11.789;67.975;UCG.ITEUR
2021-10-06 08:00:00;11.779;11.829;11.729;11.779;31.6875;UCG.ITEUR
2021-10-06 09:00:00;11.776;11.776;11.659;11.679;35.4;UCG.ITEUR
2021-10-06 10:00:00;11.689;11.749;11.659;11.679;28.6625;UCG.ITEUR
2021-10-06 11:00:00;11.676;11.699;11.629;11.699;20.425;UCG.ITEUR
2021-10-06 12:00:00;11.689;11.789;11.689;11.729;27.1375;UCG.ITEUR
2021-10-06 13:00:00;11.739;11.849;11.729;11.789;36.7375;UCG.ITEUR
2021-10-06 14:00:00;11.786;11.829;11.739;11.819;39.9375;UCG.ITEUR
2021-10-06 15:00:00;11.816;11.839;11.789;11.789;12.675;UCG.ITEUR
2021-10-07 07:00:00;11.959;11.969;11.779;11.819;46.625;UCG.ITEUR
2021-10-07 08:00:00;11.816;11.919;11.799;11.889;31.7625;UCG.ITEUR
2021-10-07 09:00:00;11.886;11.959;11.869;11.949;19.85;UCG.ITEUR
2021-10-07 10:00:00;11.959;12.009;11.939;11.999;11.5875;UCG.ITEUR
2021-10-07 11:00:00;11.989;12.009;11.959;11.969;15.125;UCG.ITEUR
2021-10-07 12:00:00;11.979;11.999;11.959;11.989;10.8125;UCG.ITEUR
2021-10-07 13:00:00;11.999;12.009;11.929;11.969;27.2;UCG.ITEUR
2021-10-07 14:00:00;11.979;12.019;11.969;11.979;19.375;UCG.ITEUR
2021-10-07 15:00:00;11.976;11.976;11.859;11.859;8.5875;UCG.ITEUR
2021-10-08 07:00:00;11.869;12.019;11.829;11.949;38.6125;UCG.ITEUR
2021-10-08 08:00:00;11.939;11.989;11.909;11.919;21.75;UCG.ITEUR
2021-10-08 09:00:00;11.916;11.949;11.899;11.939;18.2875;UCG.ITEUR
2021-10-08 10:00:00;11.936;11.969;11.919;11.919;18.275;UCG.ITEUR
2021-10-08 11:00:00;11.929;11.939;11.899;11.939;12.475;UCG.ITEUR
2021-10-08 12:00:00;11.939;11.959;11.859;11.929;28.7125;UCG.ITEUR
2021-10-08 13:00:00;11.926;11.979;11.909;11.969;30.0875;UCG.ITEUR
2021-10-08 14:00:00;11.979;12.009;11.959;11.959;15.25;UCG.ITEUR
2021-10-08 15:00:00;11.969;12.029;11.969;12.019;6.2125;UCG.ITEUR
2021-10-11 07:00:00;11.999;12.149;11.989;12.009;46.425;UCG.ITEUR
2021-10-11 08:00:00;12.019;12.069;11.979;12.049;25.5625;UCG.ITEUR
2021-10-11 09:00:00;12.046;12.059;11.989;12.049;16.1875;UCG.ITEUR
2021-10-11 10:00:00;12.059;12.059;11.959;11.969;21.7375;UCG.ITEUR
2021-10-11 11:00:00;11.966;11.999;11.959;11.979;16.625;UCG.ITEUR
2021-10-11 12:00:00;11.976;11.979;11.929;11.959;22.575;UCG.ITEUR
2021-10-11 13:00:00;11.969;11.969;11.869;11.949;25.4125;UCG.ITEUR
2021-10-11 14:00:00;11.949;11.949;11.869;11.869;14.6375;UCG.ITEUR
2021-10-11 15:00:00;11.879;11.899;11.849;11.889;6.775;UCG.ITEUR
2021-10-12 07:00:00;11.769;11.939;11.739;11.889;40.7875;UCG.ITEUR
2021-10-12 08:00:00;11.899;11.929;11.849;11.919;18.8375;UCG.ITEUR
2021-10-12 09:00:00;11.929;11.959;11.899;11.939;11.6125;UCG.ITEUR
2021-10-12 10:00:00;11.936;11.969;11.899;11.969;11.1375;UCG.ITEUR
2021-10-12 11:00:00;11.966;11.969;11.899;11.909;9.6375;UCG.ITEUR
2021-10-12 12:00:00;11.906;11.939;11.889;11.929;15.3;UCG.ITEUR
2021-10-12 13:00:00;11.939;11.939;11.869;11.906;23.875;UCG.ITEUR
2021-10-12 14:00:00;11.899;11.919;11.829;11.879;31.7;UCG.ITEUR
2021-10-12 15:00:00;11.889;11.909;11.869;11.899;7.8625;UCG.ITEUR
2021-10-13 07:00:00;11.859;11.919;11.849;11.889;31.6625;UCG.ITEUR
2021-10-13 08:00:00;11.886;11.889;11.799;11.809;24.35;UCG.ITEUR
2021-10-13 09:00:00;11.806;11.869;11.789;11.849;18.375;UCG.ITEUR
2021-10-13 10:00:00;11.859;11.859;11.769;11.769;11.1375;UCG.ITEUR
2021-10-13 11:00:00;11.779;11.799;11.739;11.779;13.5;UCG.ITEUR
2021-10-13 12:00:00;11.779;11.839;11.739;11.749;21.4625;UCG.ITEUR
2021-10-13 13:00:00;11.739;11.789;11.709;11.709;35.3125;UCG.ITEUR
2021-10-13 14:00:00;11.706;11.719;11.649;11.669;25.525;UCG.ITEUR
2021-10-13 15:00:00;11.679;11.699;11.669;11.689;5.6125;UCG.ITEUR
2021-10-14 07:00:00;11.729;11.819;11.679;11.689;35.175;UCG.ITEUR
2021-10-14 08:00:00;11.686;11.769;11.679;11.759;15.1875;UCG.ITEUR
2021-10-14 09:00:00;11.759;11.779;11.749;11.749;3.2;UCG.ITEUR
2021-10-14 10:00:00;11.739;11.739;11.709;11.719;8.325;UCG.ITEUR
2021-10-14 11:00:00;11.719;11.729;11.689;11.709;9.625;UCG.ITEUR
2021-10-14 12:00:00;11.709;11.789;11.709;11.789;15.5375;UCG.ITEUR
2021-10-14 13:00:00;11.789;11.819;11.749;11.789;21.6625;UCG.ITEUR
2021-10-14 14:00:00;11.779;11.799;11.709;11.709;15.2375;UCG.ITEUR
2021-10-14 15:00:00;11.706;11.749;11.699;11.729;5.0;UCG.ITEUR
2021-10-15 07:00:00;11.809;11.859;11.739;11.849;38.0375;UCG.ITEUR
2021-10-15 08:00:00;11.846;11.859;11.809;11.839;16.6625;UCG.ITEUR
2021-10-15 09:00:00;11.839;11.859;11.809;11.829;10.7375;UCG.ITEUR
2021-10-15 10:00:00;11.826;11.829;11.759;11.769;6.425;UCG.ITEUR
2021-10-15 11:00:00;11.769;11.809;11.759;11.799;7.35;UCG.ITEUR
2021-10-15 12:00:00;11.809;11.859;11.799;11.849;10.4625;UCG.ITEUR
2021-10-15 13:00:00;11.839;11.879;11.839;11.869;11.2125;UCG.ITEUR
2021-10-15 14:00:00;11.866;11.869;11.749;11.749;16.725;UCG.ITEUR
2021-10-15 15:00:00;11.759;11.799;11.759;11.779;2.9375;UCG.ITEUR
2021-10-18 07:00:00;11.779;11.849;11.739;11.759;40.5125;UCG.ITEUR
2021-10-18 08:00:00;11.756;11.849;11.749;11.839;19.7125;UCG.ITEUR
2021-10-18 09:00:00;11.836;11.836;11.689;11.689;13.4625;UCG.ITEUR
2021-10-18 10:00:00;11.686;11.699;11.649;11.689;16.1375;UCG.ITEUR
2021-10-18 11:00:00;11.689;11.749;11.689;11.749;11.025;UCG.ITEUR
2021-10-18 12:00:00;11.746;11.746;11.689;11.729;16.7625;UCG.ITEUR
2021-10-18 13:00:00;11.719;11.779;11.689;11.709;29.775;UCG.ITEUR
2021-10-18 14:00:00;11.719;11.729;11.649;11.699;17.225;UCG.ITEUR
2021-10-18 15:00:00;11.689;11.699;11.659;11.669;9.2875;UCG.ITEUR
2021-10-19 07:00:00;11.629;11.669;11.559;11.639;35.0375;UCG.ITEUR
2021-10-19 08:00:00;11.649;11.739;11.609;11.739;18.3875;UCG.ITEUR
2021-10-19 09:00:00;11.736;11.749;11.679;11.719;17.05;UCG.ITEUR
2021-10-19 10:00:00;11.716;11.749;11.699;11.739;11.4125;UCG.ITEUR
2021-10-19 11:00:00;11.749;11.749;11.689;11.709;11.0875;UCG.ITEUR
2021-10-19 12:00:00;11.706;11.729;11.659;11.659;16.525;UCG.ITEUR
2021-10-19 13:00:00;11.669;11.669;11.589;11.599;20.35;UCG.ITEUR
2021-10-19 14:00:00;11.599;11.629;11.569;11.619;18.5125;UCG.ITEUR
2021-10-19 15:00:00;11.609;11.649;11.609;11.639;7.5;UCG.ITEUR
2021-10-20 07:00:00;11.639;11.699;11.579;11.599;36.0375;UCG.ITEUR
2021-10-20 08:00:00;11.596;11.599;11.529;11.579;16.25;UCG.ITEUR
2021-10-20 09:00:00;11.576;11.599;11.549;11.569;10.6125;UCG.ITEUR
2021-10-20 10:00:00;11.579;11.579;11.549;11.569;10.375;UCG.ITEUR
2021-10-20 11:00:00;11.579;11.599;11.519;11.529;7.475;UCG.ITEUR
2021-10-20 12:00:00;11.526;11.569;11.519;11.559;8.225;UCG.ITEUR
2021-10-20 13:00:00;11.556;11.569;11.529;11.559;23.2125;UCG.ITEUR
2021-10-20 14:00:00;11.556;11.689;11.549;11.659;17.2125;UCG.ITEUR
2021-10-20 15:00:00;11.656;11.669;11.639;11.639;4.9125;UCG.ITEUR
2021-10-21 07:00:00;11.569;11.569;11.459;11.509;30.2625;UCG.ITEUR
2021-10-21 08:00:00;11.509;11.529;11.459;11.509;12.3875;UCG.ITEUR
2021-10-21 09:00:00;11.509;11.529;11.459;11.469;11.3875;UCG.ITEUR
2021-10-21 10:00:00;11.479;11.499;11.469;11.489;9.4125;UCG.ITEUR
2021-10-21 11:00:00;11.479;11.569;11.469;11.559;14.3875;UCG.ITEUR
2021-10-21 12:00:00;11.556;11.559;11.529;11.549;14.075;UCG.ITEUR
2021-10-21 13:00:00;11.539;11.629;11.529;11.609;17.0875;UCG.ITEUR
2021-10-21 14:00:00;11.619;11.629;11.569;11.599;15.9125;UCG.ITEUR
2021-10-21 15:00:00;11.609;11.609;11.549;11.549;8.175;UCG.ITEUR
2021-10-22 07:00:00;11.589;11.629;11.549;11.579;29.8;UCG.ITEUR
2021-10-22 08:00:00;11.579;11.629;11.549;11.619;12.8625;UCG.ITEUR
2021-10-22 09:00:00;11.619;11.619;11.539;11.549;12.0;UCG.ITEUR
2021-10-22 10:00:00;11.559;11.589;11.529;11.569;8.6625;UCG.ITEUR
2021-10-22 11:00:00;11.579;11.649;11.579;11.639;7.05;UCG.ITEUR
2021-10-22 12:00:00;11.649;11.649;11.579;11.589;12.85;UCG.ITEUR
2021-10-22 13:00:00;11.586;11.599;11.549;11.589;14.2875;UCG.ITEUR
2021-10-22 14:00:00;11.586;11.609;11.509;11.509;15.0;UCG.ITEUR
2021-10-22 15:00:00;11.509;11.539;11.509;11.509;8.7625;UCG.ITEUR
2021-10-25 07:00:00;11.129;11.409;11.069;11.319;100.1125;UCG.ITEUR
2021-10-25 08:00:00;11.329;11.439;11.269;11.429;34.1;UCG.ITEUR
2021-10-25 09:00:00;11.429;11.469;11.379;11.459;21.075;UCG.ITEUR
2021-10-25 10:00:00;11.469;11.599;11.469;11.559;20.0375;UCG.ITEUR
2021-10-25 11:00:00;11.556;11.569;11.489;11.529;11.825;UCG.ITEUR
2021-10-25 12:00:00;11.539;11.549;11.509;11.529;6.8625;UCG.ITEUR
2021-10-25 13:00:00;11.526;11.529;11.429;11.469;21.0375;UCG.ITEUR
2021-10-25 14:00:00;11.479;11.479;11.309;11.319;21.7875;UCG.ITEUR
2021-10-25 15:00:00;11.329;11.329;11.289;11.319;10.75;UCG.ITEUR
2021-10-26 07:00:00;11.259;11.469;11.259;11.469;38.8375;UCG.ITEUR
2021-10-26 08:00:00;11.479;11.519;11.419;11.419;18.6;UCG.ITEUR
2021-10-26 09:00:00;11.429;11.469;11.379;11.439;13.7;UCG.ITEUR
2021-10-26 10:00:00;11.439;11.509;11.439;11.489;9.4;UCG.ITEUR
2021-10-26 11:00:00;11.489;11.489;11.439;11.469;7.175;UCG.ITEUR
2021-10-26 12:00:00;11.466;11.489;11.429;11.459;14.4625;UCG.ITEUR
2021-10-26 13:00:00;11.449;11.489;11.429;11.459;15.0875;UCG.ITEUR
2021-10-26 14:00:00;11.469;11.539;11.469;11.509;12.6875;UCG.ITEUR
2021-10-26 15:00:00;11.509;11.519;11.479;11.509;4.3625;UCG.ITEUR
2021-10-27 07:00:00;11.479;11.499;11.409;11.439;31.3375;UCG.ITEUR
2021-10-27 08:00:00;11.449;11.489;11.409;11.419;13.3;UCG.ITEUR
2021-10-27 09:00:00;11.429;11.499;11.399;11.479;14.65;UCG.ITEUR
2021-10-27 10:00:00;11.476;11.509;11.389;11.409;8.8375;UCG.ITEUR
2021-10-27 11:00:00;11.406;11.429;11.399;11.419;10.15;UCG.ITEUR
2021-10-27 12:00:00;11.409;11.439;11.369;11.409;12.5;UCG.ITEUR
2021-10-27 13:00:00;11.399;11.409;11.339;11.399;20.8625;UCG.ITEUR
2021-10-27 14:00:00;11.409;11.459;11.369;11.389;21.275;UCG.ITEUR
2021-10-27 15:00:00;11.399;11.459;11.369;11.419;5.8;UCG.ITEUR
2021-10-28 07:00:00;11.639;11.649;11.449;11.509;47.3625;UCG.ITEUR
2021-10-28 08:00:00;11.506;11.529;11.369;11.429;34.2375;UCG.ITEUR
2021-10-28 09:00:00;11.439;11.519;11.389;11.509;22.15;UCG.ITEUR
2021-10-28 10:00:00;11.499;11.579;11.499;11.539;15.0125;UCG.ITEUR
2021-10-28 11:00:00;11.536;11.579;11.509;11.529;12.675;UCG.ITEUR
2021-10-28 12:00:00;11.539;11.569;11.459;11.529;18.5375;UCG.ITEUR
2021-10-28 13:00:00;11.519;11.549;11.379;11.389;28.95;UCG.ITEUR
2021-10-28 14:00:00;11.425;11.529;11.389;11.479;22.3375;UCG.ITEUR
2021-10-28 15:00:00;11.489;11.489;11.439;11.439;7.4;UCG.ITEUR
2021-10-29 07:00:00;11.499;11.509;11.289;11.459;73.475;UCG.ITEUR
2021-10-29 08:00:00;11.469;11.509;11.459;11.489;30.625;UCG.ITEUR
2021-10-29 09:00:00;11.499;11.529;11.429;11.459;17.925;UCG.ITEUR
2021-10-29 10:00:00;11.469;11.469;11.369;11.429;24.8125;UCG.ITEUR
2021-10-29 11:00:00;11.426;11.499;11.419;11.489;19.45;UCG.ITEUR
2021-10-29 12:00:00;11.499;11.529;11.419;11.429;16.375;UCG.ITEUR
2021-10-29 13:00:00;11.429;11.459;11.379;11.409;22.1;UCG.ITEUR
2021-10-29 14:00:00;11.419;11.419;11.359;11.389;26.85;UCG.ITEUR
2021-10-29 15:00:00;11.386;11.429;11.379;11.429;9.25;UCG.ITEUR
2021-11-01 08:00:00;11.439;11.649;11.429;11.609;32.2125;UCG.ITEUR
2021-11-01 09:00:00;11.599;11.639;11.559;11.569;27.0875;UCG.ITEUR
2021-11-01 10:00:00;11.566;11.579;11.429;11.449;18.475;UCG.ITEUR
2021-11-01 11:00:00;11.459;11.469;11.399;11.399;12.5625;UCG.ITEUR
2021-11-01 12:00:00;11.409;11.489;11.399;11.469;14.275;UCG.ITEUR
2021-11-01 13:00:00;11.466;11.479;11.429;11.429;17.2875;UCG.ITEUR
2021-11-01 14:00:00;11.426;11.426;11.349;11.389;17.4875;UCG.ITEUR
2021-11-01 15:00:00;11.399;11.409;11.299;11.329;13.4125;UCG.ITEUR
2021-11-01 16:00:00;11.326;11.369;11.319;11.349;6.075;UCG.ITEUR
2021-11-02 08:00:00;11.379;11.429;11.279;11.279;33.9875;UCG.ITEUR
2021-11-02 09:00:00;11.289;11.339;11.229;11.279;16.2125;UCG.ITEUR
2021-11-02 10:00:00;11.276;11.299;11.219;11.269;14.35;UCG.ITEUR
2021-11-02 11:00:00;11.279;11.279;11.229;11.259;13.7125;UCG.ITEUR
2021-11-02 12:00:00;11.256;11.279;11.229;11.239;10.2;UCG.ITEUR
2021-11-02 13:00:00;11.249;11.269;11.229;11.269;16.9375;UCG.ITEUR
2021-11-02 14:00:00;11.259;11.269;11.219;11.239;13.3375;UCG.ITEUR
2021-11-02 15:00:00;11.239;11.269;11.199;11.209;11.8625;UCG.ITEUR
2021-11-02 16:00:00;11.219;11.249;11.209;11.249;5.175;UCG.ITEUR
2021-11-03 08:00:00;11.259;11.259;11.149;11.209;36.1375;UCG.ITEUR
2021-11-03 09:00:00;11.206;11.239;11.149;11.179;13.1375;UCG.ITEUR
2021-11-03 10:00:00;11.176;11.239;11.159;11.239;12.7875;UCG.ITEUR
2021-11-03 11:00:00;11.236;11.269;11.199;11.269;10.2625;UCG.ITEUR
2021-11-03 12:00:00;11.266;11.289;11.239;11.279;10.2125;UCG.ITEUR
2021-11-03 13:00:00;11.289;11.359;11.269;11.359;11.7375;UCG.ITEUR
2021-11-03 14:00:00;11.369;11.469;11.359;11.449;20.2625;UCG.ITEUR
2021-11-03 15:00:00;11.439;11.479;11.409;11.429;13.825;UCG.ITEUR
2021-11-03 16:00:00;11.426;11.439;11.419;11.439;5.325;UCG.ITEUR
2021-11-04 08:00:00;11.539;11.719;11.529;11.709;41.7375;UCG.ITEUR
2021-11-04 09:00:00;11.706;11.769;11.649;11.649;20.975;UCG.ITEUR
2021-11-04 10:00:00;11.646;11.719;11.639;11.659;12.325;UCG.ITEUR
2021-11-04 11:00:00;11.669;11.689;11.649;11.659;11.45;UCG.ITEUR
2021-11-04 12:00:00;11.669;11.669;11.539;11.539;21.0;UCG.ITEUR
2021-11-04 13:00:00;11.549;11.619;11.439;11.459;23.05;UCG.ITEUR
2021-11-04 14:00:00;11.449;11.469;11.389;11.419;20.1625;UCG.ITEUR
2021-11-04 15:00:00;11.416;11.429;11.369;11.429;23.05;UCG.ITEUR
2021-11-04 16:00:00;11.426;11.459;11.409;11.439;6.2375;UCG.ITEUR
2021-11-05 08:00:00;11.429;11.509;11.389;11.419;29.25;UCG.ITEUR
2021-11-05 09:00:00;11.416;11.529;11.409;11.499;10.8375;UCG.ITEUR
2021-11-05 10:00:00;11.489;11.509;11.459;11.499;12.3;UCG.ITEUR
2021-11-05 11:00:00;11.509;11.649;11.499;11.629;23.9;UCG.ITEUR
2021-11-05 12:00:00;11.639;11.689;11.599;11.639;17.225;UCG.ITEUR
2021-11-05 13:00:00;11.649;11.669;11.579;11.589;20.5125;UCG.ITEUR
2021-11-05 14:00:00;11.586;11.609;11.499;11.539;14.4;UCG.ITEUR
2021-11-05 15:00:00;11.549;11.569;11.519;11.539;14.5625;UCG.ITEUR
2021-11-05 16:00:00;11.549;11.559;11.519;11.519;8.3125;UCG.ITEUR
2021-11-08 08:00:00;11.559;11.579;11.469;11.519;33.5875;UCG.ITEUR
2021-11-08 09:00:00;11.516;11.569;11.509;11.549;17.7125;UCG.ITEUR
2021-11-08 10:00:00;11.549;11.629;11.529;11.619;8.9375;UCG.ITEUR
2021-11-08 11:00:00;11.609;11.619;11.539;11.539;8.0125;UCG.ITEUR
2021-11-08 12:00:00;11.539;11.589;11.529;11.549;6.575;UCG.ITEUR
2021-11-08 13:00:00;11.539;11.549;11.509;11.529;10.25;UCG.ITEUR
2021-11-08 14:00:00;11.529;11.589;11.489;11.559;17.2625;UCG.ITEUR
2021-11-08 15:00:00;11.549;11.569;11.499;11.509;15.4;UCG.ITEUR
2021-11-08 16:00:00;11.509;11.519;11.479;11.489;7.9875;UCG.ITEUR
2021-11-09 08:00:00;11.569;11.649;11.519;11.629;26.6625;UCG.ITEUR
2021-11-09 09:00:00;11.619;11.689;11.619;11.639;14.2125;UCG.ITEUR
2021-11-09 10:00:00;11.639;11.649;11.569;11.599;12.8625;UCG.ITEUR
2021-11-09 11:00:00;11.596;11.609;11.509;11.529;13.525;UCG.ITEUR
2021-11-09 12:00:00;11.539;11.559;11.519;11.529;10.375;UCG.ITEUR
2021-11-09 13:00:00;11.529;11.529;11.489;11.509;10.7625;UCG.ITEUR
2021-11-09 14:00:00;11.509;11.519;11.389;11.399;15.75;UCG.ITEUR
2021-11-09 15:00:00;11.409;11.429;11.379;11.409;19.1875;UCG.ITEUR
2021-11-09 16:00:00;11.409;11.429;11.389;11.389;5.4625;UCG.ITEUR
2021-11-10 08:00:00;11.399;11.509;11.399;11.469;36.0375;UCG.ITEUR
2021-11-10 09:00:00;11.459;11.469;11.369;11.379;19.475;UCG.ITEUR
2021-11-10 10:00:00;11.369;11.449;11.359;11.449;16.9625;UCG.ITEUR
2021-11-10 11:00:00;11.439;11.479;11.429;11.449;15.3375;UCG.ITEUR
2021-11-10 12:00:00;11.446;11.449;11.369;11.369;10.9125;UCG.ITEUR
2021-11-10 13:00:00;11.379;11.439;11.349;11.409;20.8625;UCG.ITEUR
2021-11-10 14:00:00;11.419;11.479;11.399;11.479;17.4125;UCG.ITEUR
2021-11-10 15:00:00;11.489;11.529;11.449;11.509;14.675;UCG.ITEUR
2021-11-10 16:00:00;11.506;11.529;11.499;11.509;5.875;UCG.ITEUR
2021-11-11 08:00:00;11.509;11.639;11.489;11.549;27.6125;UCG.ITEUR
2021-11-11 09:00:00;11.559;11.579;11.509;11.509;13.85;UCG.ITEUR
2021-11-11 10:00:00;11.519;11.539;11.479;11.489;13.0125;UCG.ITEUR
2021-11-11 11:00:00;11.499;11.519;11.439;11.439;16.2125;UCG.ITEUR
2021-11-11 12:00:00;11.439;11.489;11.439;11.489;12.275;UCG.ITEUR
2021-11-11 13:00:00;11.486;11.519;11.479;11.519;7.025;UCG.ITEUR
2021-11-11 14:00:00;11.519;11.589;11.489;11.569;16.6625;UCG.ITEUR
2021-11-11 15:00:00;11.566;11.649;11.559;11.639;16.25;UCG.ITEUR
2021-11-11 16:00:00;11.636;11.659;11.619;11.619;7.1125;UCG.ITEUR
2021-11-12 08:00:00;11.589;11.599;11.459;11.519;24.5125;UCG.ITEUR
2021-11-12 09:00:00;11.529;11.529;11.469;11.529;14.7375;UCG.ITEUR
2021-11-12 10:00:00;11.526;11.549;11.479;11.509;8.4375;UCG.ITEUR
2021-11-12 11:00:00;11.509;11.519;11.469;11.479;8.225;UCG.ITEUR
2021-11-12 12:00:00;11.469;11.499;11.469;11.479;8.6875;UCG.ITEUR
2021-11-12 13:00:00;11.489;11.509;11.479;11.499;7.675;UCG.ITEUR
2021-11-12 14:00:00;11.509;11.509;11.459;11.499;9.7375;UCG.ITEUR
2021-11-12 15:00:00;11.496;11.529;11.469;11.499;12.6;UCG.ITEUR
2021-11-12 16:00:00;11.496;11.519;11.489;11.519;3.3625;UCG.ITEUR
2021-11-15 08:00:00;11.459;11.529;11.389;11.529;22.875;UCG.ITEUR
2021-11-15 09:00:00;11.526;11.609;11.519;11.579;11.8;UCG.ITEUR
2021-11-15 10:00:00;11.569;11.589;11.549;11.559;7.025;UCG.ITEUR
2021-11-15 11:00:00;11.549;11.629;11.539;11.579;11.8875;UCG.ITEUR
2021-11-15 12:00:00;11.579;11.589;11.559;11.569;7.175;UCG.ITEUR
2021-11-15 13:00:00;11.569;11.649;11.569;11.629;7.775;UCG.ITEUR
2021-11-15 14:00:00;11.619;11.639;11.599;11.639;11.1;UCG.ITEUR
2021-11-15 15:00:00;11.629;11.639;11.599;11.609;8.3625;UCG.ITEUR
2021-11-15 16:00:00;11.609;11.639;11.609;11.629;6.475;UCG.ITEUR
2021-11-16 08:00:00;11.649;11.729;11.499;11.719;31.4125;UCG.ITEUR
2021-11-16 09:00:00;11.709;11.719;11.649;11.679;17.5;UCG.ITEUR
2021-11-16 10:00:00;11.669;11.669;11.559;11.559;11.85;UCG.ITEUR
2021-11-16 11:00:00;11.569;11.589;11.549;11.559;8.325;UCG.ITEUR
2021-11-16 12:00:00;11.549;11.569;11.519;11.519;11.7375;UCG.ITEUR
2021-11-16 13:00:00;11.529;11.599;11.519;11.589;11.7875;UCG.ITEUR
2021-11-16 14:00:00;11.589;11.609;11.529;11.569;15.35;UCG.ITEUR
2021-11-16 15:00:00;11.569;11.589;11.509;11.509;11.7125;UCG.ITEUR
2021-11-16 16:00:00;11.509;11.529;11.509;11.529;3.9125;UCG.ITEUR
2021-11-17 08:00:00;11.499;11.599;11.479;11.589;17.525;UCG.ITEUR
2021-11-17 09:00:00;11.586;11.609;11.569;11.579;12.525;UCG.ITEUR
2021-11-17 10:00:00;11.579;11.639;11.559;11.619;9.075;UCG.ITEUR
2021-11-17 11:00:00;11.609;11.619;11.569;11.589;8.6;UCG.ITEUR
2021-11-17 12:00:00;11.589;11.599;11.569;11.579;4.725;UCG.ITEUR
2021-11-17 13:00:00;11.589;11.589;11.559;11.569;7.45;UCG.ITEUR
2021-11-17 14:00:00;11.579;11.589;11.539;11.579;14.6;UCG.ITEUR
2021-11-17 15:00:00;11.576;11.639;11.569;11.589;13.8875;UCG.ITEUR
2021-11-17 16:00:00;11.599;11.599;11.569;11.569;4.175;UCG.ITEUR
2021-11-18 08:00:00;11.569;11.649;11.509;11.579;32.575;UCG.ITEUR
2021-11-18 09:00:00;11.589;11.669;11.579;11.659;14.775;UCG.ITEUR
2021-11-18 10:00:00;11.649;11.649;11.609;11.619;10.8375;UCG.ITEUR
2021-11-18 11:00:00;11.616;11.616;11.499;11.509;14.9625;UCG.ITEUR
2021-11-18 12:00:00;11.509;11.549;11.489;11.529;12.6;UCG.ITEUR
2021-11-18 13:00:00;11.539;11.539;11.489;11.489;11.7;UCG.ITEUR
2021-11-18 14:00:00;11.499;11.509;11.439;11.459;16.6625;UCG.ITEUR
2021-11-18 15:00:00;11.459;11.479;11.379;11.429;15.65;UCG.ITEUR
2021-11-18 16:00:00;11.419;11.449;11.409;11.439;7.075;UCG.ITEUR
2021-11-19 08:00:00;11.499;11.519;11.419;11.429;24.2;UCG.ITEUR
2021-11-19 09:00:00;11.426;11.449;11.099;11.109;36.0625;UCG.ITEUR
2021-11-19 10:00:00;11.119;11.119;10.969;10.999;60.575;UCG.ITEUR
2021-11-19 11:00:00;11.009;11.049;10.899;10.959;32.9625;UCG.ITEUR
2021-11-19 12:00:00;10.959;10.999;10.859;10.889;31.4875;UCG.ITEUR
2021-11-19 13:00:00;10.886;10.929;10.839;10.839;29.125;UCG.ITEUR
2021-11-19 14:00:00;10.836;10.969;10.769;10.879;58.2125;UCG.ITEUR
2021-11-19 15:00:00;10.876;10.909;10.829;10.899;32.5875;UCG.ITEUR
2021-11-19 16:00:00;10.909;10.929;10.899;10.919;12.7125;UCG.ITEUR
2021-11-22 08:00:00;7.269;11.069;7.269;10.979;53.0875;UCG.ITEUR
2021-11-22 09:00:00;10.989;11.059;10.979;11.059;24.3;UCG.ITEUR
2021-11-22 10:00:00;11.049;11.089;11.039;11.079;17.45;UCG.ITEUR
2021-11-22 11:00:00;11.089;11.129;11.009;11.049;16.7125;UCG.ITEUR
2021-11-22 12:00:00;11.059;11.089;11.029;11.049;18.3625;UCG.ITEUR
2021-11-22 13:00:00;11.049;11.059;11.029;11.059;11.4875;UCG.ITEUR
2021-11-22 14:00:00;11.069;11.149;11.049;11.049;29.375;UCG.ITEUR
2021-11-22 15:00:00;11.049;11.139;11.019;11.069;21.6875;UCG.ITEUR
2021-11-22 16:00:00;11.059;11.079;11.039;11.049;7.2875;UCG.ITEUR
2021-11-23 08:00:00;10.989;11.079;10.919;10.989;52.7375;UCG.ITEUR
2021-11-23 09:00:00;10.986;11.059;10.949;11.029;27.4875;UCG.ITEUR
2021-11-23 10:00:00;11.029;11.069;11.029;11.039;21.175;UCG.ITEUR
2021-11-23 11:00:00;11.049;11.119;11.019;11.109;17.0;UCG.ITEUR
2021-11-23 12:00:00;11.119;11.209;11.119;11.209;18.975;UCG.ITEUR
2021-11-23 13:00:00;11.219;11.259;11.179;11.199;18.4625;UCG.ITEUR
2021-11-23 14:00:00;11.209;11.259;11.199;11.199;19.725;UCG.ITEUR
2021-11-23 15:00:00;11.209;11.279;11.179;11.189;25.45;UCG.ITEUR
2021-11-23 16:00:00;11.189;11.189;11.159;11.159;9.225;UCG.ITEUR
2021-11-24 08:00:00;11.129;11.329;11.119;11.299;38.575;UCG.ITEUR
2021-11-24 09:00:00;11.299;11.369;11.259;11.289;32.575;UCG.ITEUR
2021-11-24 10:00:00;11.286;11.309;11.219;11.259;30.3;UCG.ITEUR
2021-11-24 11:00:00;11.259;11.329;11.259;11.309;19.525;UCG.ITEUR
2021-11-24 12:00:00;11.319;11.369;11.299;11.359;22.925;UCG.ITEUR
2021-11-24 13:00:00;11.359;11.379;11.299;11.329;24.475;UCG.ITEUR
2021-11-24 14:00:00;11.326;11.389;11.319;11.389;36.2375;UCG.ITEUR
2021-11-24 15:00:00;11.389;11.439;11.359;11.429;25.525;UCG.ITEUR
2021-11-24 16:00:00;11.426;11.459;11.409;11.459;7.7375;UCG.ITEUR
2021-11-25 08:00:00;11.489;11.499;11.339;11.359;32.125;UCG.ITEUR
2021-11-25 09:00:00;11.356;11.389;11.329;11.369;21.7875;UCG.ITEUR
2021-11-25 10:00:00;11.379;11.419;11.349;11.419;15.1625;UCG.ITEUR
2021-11-25 11:00:00;11.416;11.439;11.399;11.429;13.675;UCG.ITEUR
2021-11-25 12:00:00;11.426;11.426;11.329;11.339;6.7625;UCG.ITEUR
2021-11-25 13:00:00;11.336;11.339;11.279;11.289;11.8125;UCG.ITEUR
2021-11-25 14:00:00;11.286;11.299;11.249;11.289;12.15;UCG.ITEUR
2021-11-25 15:00:00;11.299;11.299;11.249;11.249;14.2375;UCG.ITEUR
2021-11-25 16:00:00;11.246;11.279;11.239;11.269;4.275;UCG.ITEUR
2021-11-26 08:00:00;10.489;10.749;10.439;10.739;87.6625;UCG.ITEUR
2021-11-26 09:00:00;10.736;10.739;10.599;10.639;50.075;UCG.ITEUR
2021-11-26 10:00:00;10.649;10.719;10.499;10.509;36.05;UCG.ITEUR
2021-11-26 11:00:00;10.509;10.589;10.509;10.559;30.9;UCG.ITEUR
2021-11-26 12:00:00;10.556;10.639;10.539;10.599;23.7375;UCG.ITEUR
2021-11-26 13:00:00;10.599;10.629;10.539;10.559;14.65;UCG.ITEUR
2021-11-26 14:00:00;10.556;10.619;10.529;10.549;28.2875;UCG.ITEUR
2021-11-26 15:00:00;10.559;10.569;10.499;10.499;26.7125;UCG.ITEUR
2021-11-26 16:00:00;10.509;10.519;10.499;10.499;3.1875;UCG.ITEUR
2021-11-29 08:00:00;10.659;10.689;10.499;10.529;59.85;UCG.ITEUR
2021-11-29 09:00:00;10.526;10.619;10.509;10.539;34.9375;UCG.ITEUR
2021-11-29 10:00:00;10.549;10.619;10.549;10.599;25.7125;UCG.ITEUR
2021-11-29 11:00:00;10.609;10.689;10.609;10.669;16.5;UCG.ITEUR
2021-11-29 12:00:00;10.666;10.789;10.649;10.756;15.05;UCG.ITEUR
2021-11-29 13:00:00;10.749;10.789;10.739;10.779;17.925;UCG.ITEUR
2021-11-29 14:00:00;10.789;10.829;10.669;10.699;25.05;UCG.ITEUR
2021-11-29 15:00:00;10.696;10.709;10.539;10.589;28.8875;UCG.ITEUR
2021-11-29 16:00:00;10.599;10.619;10.579;10.589;12.2875;UCG.ITEUR
2021-11-30 08:00:00;10.429;10.539;10.409;10.479;52.9125;UCG.ITEUR
2021-11-30 09:00:00;10.476;10.499;10.389;10.489;31.8625;UCG.ITEUR
2021-11-30 10:00:00;10.499;10.559;10.439;10.529;26.0125;UCG.ITEUR
2021-11-30 11:00:00;10.529;10.659;10.529;10.619;24.2125;UCG.ITEUR
2021-11-30 12:00:00;10.629;10.739;10.629;10.739;24.875;UCG.ITEUR
2021-11-30 13:00:00;10.736;10.799;10.689;10.799;24.625;UCG.ITEUR
2021-11-30 14:00:00;10.796;10.796;10.669;10.689;41.7875;UCG.ITEUR
2021-11-30 15:00:00;10.686;10.779;10.659;10.669;42.55;UCG.ITEUR
2021-11-30 16:00:00;10.666;10.759;10.649;10.719;14.6375;UCG.ITEUR
2021-12-01 08:00:00;10.786;11.029;10.749;11.029;51.8;UCG.ITEUR
2021-12-01 09:00:00;11.026;11.059;10.969;11.039;26.5125;UCG.ITEUR
2021-12-01 10:00:00;11.049;11.069;10.999;11.019;15.2625;UCG.ITEUR
2021-12-01 11:00:00;11.029;11.039;10.969;11.029;14.3;UCG.ITEUR
2021-12-01 12:00:00;11.039;11.119;11.029;11.079;17.5625;UCG.ITEUR
2021-12-01 13:00:00;11.076;11.139;11.059;11.109;15.3125;UCG.ITEUR
2021-12-01 14:00:00;11.119;11.119;11.019;11.049;20.475;UCG.ITEUR
2021-12-01 15:00:00;11.059;11.129;11.049;11.109;18.65;UCG.ITEUR
2021-12-01 16:00:00;11.119;11.179;11.109;11.119;8.2125;UCG.ITEUR
2021-12-02 08:00:00;10.989;11.109;10.939;11.089;48.9625;UCG.ITEUR
2021-12-02 09:00:00;11.086;11.179;11.069;11.159;25.7375;UCG.ITEUR
2021-12-02 10:00:00;11.156;11.159;11.029;11.109;37.4625;UCG.ITEUR
2021-12-02 11:00:00;11.119;11.119;10.999;11.009;26.35;UCG.ITEUR
2021-12-02 12:00:00;11.009;11.039;10.939;10.959;32.6;UCG.ITEUR
2021-12-02 13:00:00;10.956;10.979;10.899;10.909;33.4125;UCG.ITEUR
2021-12-02 14:00:00;10.906;11.049;10.889;11.039;37.95;UCG.ITEUR
2021-12-02 15:00:00;11.036;11.079;10.969;11.069;48.9125;UCG.ITEUR
2021-12-02 16:00:00;11.066;11.079;11.039;11.049;9.5625;UCG.ITEUR
2021-12-03 08:00:00;11.119;11.159;11.039;11.079;42.275;UCG.ITEUR
2021-12-03 09:00:00;11.076;11.099;11.029;11.039;22.75;UCG.ITEUR
2021-12-03 10:00:00;11.049;11.049;10.949;10.979;23.9125;UCG.ITEUR
2021-12-03 11:00:00;10.969;11.049;10.969;11.049;19.0875;UCG.ITEUR
2021-12-03 12:00:00;11.059;11.059;11.029;11.049;10.5625;UCG.ITEUR
2021-12-03 13:00:00;11.059;11.129;11.019;11.109;25.85;UCG.ITEUR
2021-12-03 14:00:00;11.119;11.169;11.079;11.079;32.8375;UCG.ITEUR
2021-12-03 15:00:00;11.089;11.119;11.069;11.099;37.4375;UCG.ITEUR
2021-12-03 16:00:00;11.099;11.129;11.059;11.099;14.95;UCG.ITEUR
2021-12-06 08:00:00;11.269;11.389;11.249;11.329;36.95;UCG.ITEUR
2021-12-06 09:00:00;11.326;11.379;11.289;11.289;19.6625;UCG.ITEUR
2021-12-06 10:00:00;11.299;11.299;11.129;11.169;23.8625;UCG.ITEUR
2021-12-06 11:00:00;11.166;11.239;11.149;11.229;17.8875;UCG.ITEUR
2021-12-06 12:00:00;11.239;11.259;11.209;11.219;11.4125;UCG.ITEUR
2021-12-06 13:00:00;11.219;11.259;11.219;11.259;7.5875;UCG.ITEUR
2021-12-06 14:00:00;11.256;11.279;11.229;11.269;21.95;UCG.ITEUR
2021-12-06 15:00:00;11.279;11.429;11.269;11.419;29.7375;UCG.ITEUR
2021-12-06 16:00:00;11.409;11.439;11.389;11.409;7.3;UCG.ITEUR
2021-12-07 08:00:00;11.529;11.649;11.489;11.639;43.2;UCG.ITEUR
2021-12-07 09:00:00;11.636;11.639;11.519;11.559;22.475;UCG.ITEUR
2021-12-07 10:00:00;11.569;11.639;11.559;11.619;18.8375;UCG.ITEUR
2021-12-07 11:00:00;11.616;11.679;11.589;11.649;14.4625;UCG.ITEUR
2021-12-07 12:00:00;11.659;11.659;11.579;11.619;9.75;UCG.ITEUR
2021-12-07 13:00:00;11.616;11.689;11.609;11.639;10.5;UCG.ITEUR
2021-12-07 14:00:00;11.629;11.729;11.629;11.709;17.5375;UCG.ITEUR
2021-12-07 15:00:00;11.719;11.769;11.709;11.729;16.625;UCG.ITEUR
2021-12-07 16:00:00;11.739;11.739;11.689;11.689;8.625;UCG.ITEUR
2021-12-08 08:00:00;11.689;11.739;11.619;11.659;30.5;UCG.ITEUR
2021-12-08 09:00:00;11.669;11.679;11.609;11.619;12.55;UCG.ITEUR
2021-12-08 10:00:00;11.616;11.629;11.469;11.479;22.9375;UCG.ITEUR
2021-12-08 11:00:00;11.476;11.719;11.449;11.639;34.125;UCG.ITEUR
2021-12-08 12:00:00;11.636;11.669;11.569;11.579;26.7125;UCG.ITEUR
2021-12-08 13:00:00;11.589;11.609;11.559;11.579;11.3875;UCG.ITEUR
2021-12-08 14:00:00;11.579;11.639;11.529;11.589;25.475;UCG.ITEUR
2021-12-08 15:00:00;11.586;11.639;11.549;11.559;24.9125;UCG.ITEUR
2021-12-08 16:00:00;11.569;11.589;11.549;11.569;9.575;UCG.ITEUR
2021-12-09 08:00:00;11.599;11.619;11.509;11.519;39.0125;UCG.ITEUR
2021-12-09 09:00:00;11.529;12.489;11.529;12.439;127.0;UCG.ITEUR
2021-12-09 10:00:00;12.439;12.489;12.359;12.399;61.0125;UCG.ITEUR
2021-12-09 11:00:00;12.396;12.809;12.389;12.789;54.475;UCG.ITEUR
2021-12-09 12:00:00;12.786;12.909;12.689;12.709;52.0375;UCG.ITEUR
2021-12-09 13:00:00;12.719;12.719;12.469;12.599;49.0375;UCG.ITEUR
2021-12-09 14:00:00;12.609;12.749;12.609;12.709;38.3;UCG.ITEUR
2021-12-09 15:00:00;12.706;12.769;12.689;12.759;30.1125;UCG.ITEUR
2021-12-09 16:00:00;12.756;12.769;12.729;12.749;7.775;UCG.ITEUR
2021-12-10 08:00:00;12.879;13.119;12.859;13.099;75.55;UCG.ITEUR
2021-12-10 09:00:00;13.096;13.109;12.969;13.059;31.1625;UCG.ITEUR
2021-12-10 10:00:00;13.069;13.109;13.039;13.099;26.7125;UCG.ITEUR
2021-12-10 11:00:00;13.096;13.099;13.009;13.069;25.4;UCG.ITEUR
2021-12-10 12:00:00;13.066;13.069;12.869;12.919;27.5625;UCG.ITEUR
2021-12-10 13:00:00;12.916;12.959;12.889;12.889;28.7375;UCG.ITEUR
2021-12-10 14:00:00;12.899;12.949;12.859;12.889;27.525;UCG.ITEUR
2021-12-10 15:00:00;12.899;12.939;12.869;12.899;28.3;UCG.ITEUR
2021-12-10 16:00:00;12.909;12.919;12.869;12.889;10.6;UCG.ITEUR
2021-12-13 08:00:00;13.019;13.109;13.019;13.069;8.4052;UCG.ITEUR
2021-12-13 09:00:00;13.066;13.109;12.989;12.989;6.5289;UCG.ITEUR
2021-12-13 10:00:00;12.999;13.099;12.979;13.069;6.5097;UCG.ITEUR
2021-12-13 11:00:00;13.079;13.099;13.059;13.099;5.3295;UCG.ITEUR
2021-12-13 12:00:00;13.096;13.096;13.039;13.069;3.9291;UCG.ITEUR
2021-12-13 13:00:00;13.079;13.089;13.009;13.049;4.0419;UCG.ITEUR
2021-12-13 14:00:00;13.046;13.046;12.869;12.899;7.9746;UCG.ITEUR
2021-12-13 15:00:00;12.909;12.939;12.749;12.819;10.4281;UCG.ITEUR
2021-12-13 16:00:00;12.816;12.819;12.729;12.779;5.1924;UCG.ITEUR
2021-12-14 08:00:00;12.949;13.089;12.889;13.039;10.7012;UCG.ITEUR
2021-12-14 09:00:00;13.049;13.059;12.969;12.979;7.1781;UCG.ITEUR
2021-12-14 10:00:00;12.976;13.079;12.969;13.029;5.896;UCG.ITEUR
2021-12-14 11:00:00;13.039;13.099;13.039;13.069;4.8876;UCG.ITEUR
2021-12-14 12:00:00;13.079;13.099;13.059;13.059;3.6964;UCG.ITEUR
2021-12-14 13:00:00;13.056;13.089;13.019;13.039;6.3823;UCG.ITEUR
2021-12-14 14:00:00;13.029;13.339;13.029;13.276;12.0641;UCG.ITEUR
2021-12-14 15:00:00;13.269;13.319;13.179;13.299;12.6606;UCG.ITEUR
2021-12-14 16:00:00;13.296;13.379;13.269;13.359;4.0565;UCG.ITEUR
2021-12-15 08:00:00;13.429;13.449;13.319;13.359;12.0012;UCG.ITEUR
2021-12-15 09:00:00;13.369;13.389;13.229;13.289;9.9748;UCG.ITEUR
2021-12-15 10:00:00;13.289;13.349;13.249;13.329;6.0307;UCG.ITEUR
2021-12-15 11:00:00;13.329;13.359;13.279;13.319;5.1198;UCG.ITEUR
2021-12-15 12:00:00;13.319;13.339;13.299;13.319;4.127;UCG.ITEUR
2021-12-15 13:00:00;13.316;13.319;13.199;13.249;5.9746;UCG.ITEUR
2021-12-15 14:00:00;13.249;13.299;13.179;13.199;7.2818;UCG.ITEUR
2021-12-15 15:00:00;13.209;13.229;13.149;13.189;7.6874;UCG.ITEUR
2021-12-15 16:00:00;13.189;13.209;13.189;13.189;3.3724;UCG.ITEUR
2021-12-16 08:00:00;13.319;13.339;13.239;13.289;7.9932;UCG.ITEUR
2021-12-16 09:00:00;13.286;13.299;13.189;13.239;5.7683;UCG.ITEUR
2021-12-16 10:00:00;13.236;13.259;13.149;13.209;5.0159;UCG.ITEUR
2021-12-16 11:00:00;13.199;13.219;13.069;13.079;5.8208;UCG.ITEUR
2021-12-16 12:00:00;13.076;13.189;13.069;13.179;9.6301;UCG.ITEUR
2021-12-16 13:00:00;13.189;13.219;13.089;13.099;4.8998;UCG.ITEUR
2021-12-16 14:00:00;13.099;13.099;12.929;12.939;11.8328;UCG.ITEUR
2021-12-16 15:00:00;12.949;13.049;12.879;13.039;7.6408;UCG.ITEUR
2021-12-16 16:00:00;13.039;13.059;13.019;13.039;3.0792;UCG.ITEUR
2021-12-17 08:00:00;13.009;13.259;13.009;13.199;11.7389;UCG.ITEUR
2021-12-17 09:00:00;13.196;13.199;13.059;13.159;9.7085;UCG.ITEUR
2021-12-17 10:00:00;13.169;13.179;13.049;13.069;10.7309;UCG.ITEUR
2021-12-17 11:00:00;13.066;13.199;13.059;13.159;6.109;UCG.ITEUR
2021-12-17 12:00:00;13.169;13.169;13.039;13.049;6.7233;UCG.ITEUR
2021-12-17 13:00:00;13.049;13.129;13.049;13.109;6.7534;UCG.ITEUR
2021-12-17 14:00:00;13.099;13.189;13.039;13.099;10.6522;UCG.ITEUR
2021-12-17 15:00:00;13.096;13.159;13.039;13.129;9.9644;UCG.ITEUR
2021-12-17 16:00:00;13.139;13.149;13.099;13.139;1.9929;UCG.ITEUR
2021-12-20 08:00:00;12.859;12.869;12.649;12.659;13.784;UCG.ITEUR
2021-12-20 09:00:00;12.669;12.679;12.589;12.669;10.2408;UCG.ITEUR
2021-12-20 10:00:00;12.666;12.809;12.659;12.799;10.4916;UCG.ITEUR
2021-12-20 11:00:00;12.809;12.899;12.779;12.889;8.3308;UCG.ITEUR
2021-12-20 12:00:00;12.886;12.929;12.839;12.899;5.9552;UCG.ITEUR
2021-12-20 13:00:00;12.909;12.969;12.889;12.929;5.813;UCG.ITEUR
2021-12-20 14:00:00;12.926;12.969;12.869;12.969;11.0714;UCG.ITEUR
2021-12-20 15:00:00;12.966;13.039;12.959;12.979;9.1324;UCG.ITEUR
2021-12-20 16:00:00;12.976;12.989;12.939;12.979;2.763;UCG.ITEUR
2021-12-21 08:00:00;13.109;13.199;13.069;13.169;9.9416;UCG.ITEUR
2021-12-21 09:00:00;13.179;13.209;13.079;13.079;7.6457;UCG.ITEUR
2021-12-21 10:00:00;13.089;13.199;13.069;13.199;6.892;UCG.ITEUR
2021-12-21 11:00:00;13.189;13.219;13.179;13.209;4.4393;UCG.ITEUR
2021-12-21 12:00:00;13.209;13.239;13.199;13.219;2.8125;UCG.ITEUR
2021-12-21 13:00:00;13.229;13.309;13.199;13.289;4.1235;UCG.ITEUR
2021-12-21 14:00:00;13.299;13.359;13.289;13.319;8.4274;UCG.ITEUR
2021-12-21 15:00:00;13.329;13.379;13.309;13.369;7.1545;UCG.ITEUR
2021-12-21 16:00:00;13.366;13.499;13.349;13.489;3.8616;UCG.ITEUR
2021-12-22 08:00:00;13.319;13.349;13.289;13.319;6.8956;UCG.ITEUR
2021-12-22 09:00:00;13.329;13.409;13.299;13.349;7.2332;UCG.ITEUR
2021-12-22 10:00:00;13.349;13.399;13.319;13.329;7.1472;UCG.ITEUR
2021-12-22 11:00:00;13.339;13.389;13.309;13.389;7.491;UCG.ITEUR
2021-12-22 12:00:00;13.386;13.399;13.319;13.339;7.1541;UCG.ITEUR
2021-12-22 13:00:00;13.339;13.359;13.299;13.339;5.1838;UCG.ITEUR
2021-12-22 14:00:00;13.336;13.399;13.329;13.369;7.6222;UCG.ITEUR
2021-12-22 15:00:00;13.379;13.409;13.359;13.376;9.1912;UCG.ITEUR
2021-12-22 16:00:00;13.369;13.399;13.359;13.389;2.9665;UCG.ITEUR
2021-12-23 08:00:00;13.439;13.449;13.369;13.439;4.3598;UCG.ITEUR
2021-12-23 09:00:00;13.439;13.489;13.409;13.449;3.9177;UCG.ITEUR
2021-12-23 10:00:00;13.449;13.449;13.409;13.429;3.0374;UCG.ITEUR
2021-12-23 11:00:00;13.429;13.489;13.429;13.449;2.1125;UCG.ITEUR
2021-12-23 12:00:00;13.459;13.459;13.389;13.389;2.7265;UCG.ITEUR
2021-12-23 13:00:00;13.399;13.459;13.399;13.459;2.7039;UCG.ITEUR
2021-12-23 14:00:00;13.456;13.499;13.439;13.489;3.4904;UCG.ITEUR
2021-12-23 15:00:00;13.486;13.499;13.449;13.449;6.1202;UCG.ITEUR
2021-12-23 16:00:00;13.449;13.489;13.449;13.479;1.6928;UCG.ITEUR
2021-12-27 08:00:00;13.509;13.549;13.459;13.549;5.0938;UCG.ITEUR
2021-12-27 09:00:00;13.546;13.589;13.529;13.559;3.397;UCG.ITEUR
2021-12-27 10:00:00;13.559;13.569;13.499;13.499;3.8512;UCG.ITEUR
2021-12-27 11:00:00;13.499;13.539;13.499;13.509;1.7261;UCG.ITEUR
2021-12-27 12:00:00;13.509;13.559;13.499;13.499;3.7315;UCG.ITEUR
2021-12-27 13:00:00;13.499;13.569;13.489;13.549;2.2739;UCG.ITEUR
2021-12-27 14:00:00;13.559;13.579;13.509;13.549;3.4945;UCG.ITEUR
2021-12-27 15:00:00;13.546;13.569;13.539;13.549;2.217;UCG.ITEUR
2021-12-27 16:00:00;13.546;13.549;13.529;13.539;1.7835;UCG.ITEUR
2021-12-28 08:00:00;13.586;13.609;13.499;13.579;5.7461;UCG.ITEUR
2021-12-28 09:00:00;13.579;13.649;13.579;13.629;4.6335;UCG.ITEUR
2021-12-28 10:00:00;13.629;13.639;13.579;13.599;3.0299;UCG.ITEUR
2021-12-28 11:00:00;13.589;13.609;13.559;13.559;2.8916;UCG.ITEUR
2021-12-28 12:00:00;13.559;13.579;13.549;13.559;1.7447;UCG.ITEUR
2021-12-28 13:00:00;13.569;13.569;13.519;13.519;1.6966;UCG.ITEUR
2021-12-28 14:00:00;13.509;13.609;13.509;13.599;5.0648;UCG.ITEUR
2021-12-28 15:00:00;13.599;13.609;13.579;13.599;2.746;UCG.ITEUR
2021-12-28 16:00:00;13.599;13.619;13.589;13.599;1.3068;UCG.ITEUR
2021-12-29 08:00:00;13.559;13.609;13.549;13.579;5.2141;UCG.ITEUR
2021-12-29 09:00:00;13.589;13.619;13.549;13.579;3.8388;UCG.ITEUR
2021-12-29 10:00:00;13.569;13.569;13.489;13.509;4.0304;UCG.ITEUR
2021-12-29 11:00:00;13.506;13.519;13.489;13.509;2.6967;UCG.ITEUR
2021-12-29 12:00:00;13.499;13.509;13.459;13.499;2.0484;UCG.ITEUR
2021-12-29 13:00:00;13.509;13.549;13.499;13.549;3.54;UCG.ITEUR
2021-12-29 14:00:00;13.546;13.589;13.539;13.559;4.8165;UCG.ITEUR
2021-12-29 15:00:00;13.556;13.579;13.529;13.569;5.1875;UCG.ITEUR
2021-12-29 16:00:00;13.579;13.579;13.519;13.519;1.6856;UCG.ITEUR
2021-12-30 08:00:00;13.549;13.579;13.539;13.579;5.7418;UCG.ITEUR
2021-12-30 09:00:00;13.576;13.599;13.559;13.589;3.4455;UCG.ITEUR
2021-12-30 10:00:00;13.586;13.589;13.559;13.589;3.382;UCG.ITEUR
2021-12-30 11:00:00;13.579;13.589;13.539;13.569;4.0825;UCG.ITEUR
2021-12-30 12:00:00;13.566;13.569;13.539;13.549;2.4758;UCG.ITEUR
2021-12-30 13:00:00;13.559;13.569;13.539;13.559;1.1006;UCG.ITEUR
2021-12-30 14:00:00;13.556;13.579;13.549;13.559;3.3375;UCG.ITEUR
2021-12-30 15:00:00;13.569;13.569;13.549;13.559;2.386;UCG.ITEUR
2021-12-30 16:00:00;13.569;13.569;13.539;13.559;0.5316;UCG.ITEUR
2022-01-03 08:00:00;13.709;13.829;13.709;13.759;9.4436;UCG.ITEUR
2022-01-03 09:00:00;13.769;13.779;13.649;13.659;7.7797;UCG.ITEUR
2022-01-03 10:00:00;13.656;13.679;13.619;13.649;7.255;UCG.ITEUR
2022-01-03 11:00:00;13.659;13.669;13.629;13.639;2.6368;UCG.ITEUR
2022-01-03 12:00:00;13.639;13.659;13.619;13.639;2.2879;UCG.ITEUR
2022-01-03 13:00:00;13.629;13.689;13.629;13.679;3.2432;UCG.ITEUR
2022-01-03 14:00:00;13.676;13.689;13.599;13.669;6.1687;UCG.ITEUR
2022-01-03 15:00:00;13.666;13.769;13.659;13.749;6.3414;UCG.ITEUR
2022-01-03 16:00:00;13.759;13.759;13.739;13.749;3.4645;UCG.ITEUR
2022-01-04 08:00:00;13.796;14.029;13.769;13.989;10.7725;UCG.ITEUR
2022-01-04 09:00:00;13.986;13.999;13.869;13.919;9.8693;UCG.ITEUR
2022-01-04 10:00:00;13.929;14.009;13.919;14.009;6.1914;UCG.ITEUR
2022-01-04 11:00:00;14.006;14.139;13.999;14.129;6.3984;UCG.ITEUR
2022-01-04 12:00:00;14.139;14.239;14.129;14.239;5.9484;UCG.ITEUR
2022-01-04 13:00:00;14.236;14.279;14.189;14.269;6.5926;UCG.ITEUR
2022-01-04 14:00:00;14.279;14.369;14.269;14.309;8.7983;UCG.ITEUR
2022-01-04 15:00:00;14.319;14.359;14.239;14.249;8.1844;UCG.ITEUR
2022-01-04 16:00:00;14.259;14.289;14.199;14.199;5.0945;UCG.ITEUR
2022-01-05 08:00:00;14.189;14.289;14.169;14.269;8.9444;UCG.ITEUR
2022-01-05 09:00:00;14.279;14.369;14.249;14.269;8.2449;UCG.ITEUR
2022-01-05 10:00:00;14.279;14.349;14.259;14.319;5.4466;UCG.ITEUR
2022-01-05 11:00:00;14.329;14.349;14.299;14.329;4.6219;UCG.ITEUR
2022-01-05 12:00:00;14.326;14.409;14.309;14.409;5.8137;UCG.ITEUR
2022-01-05 13:00:00;14.406;14.429;14.299;14.299;5.4462;UCG.ITEUR
2022-01-05 14:00:00;14.309;14.379;14.259;14.369;8.0531;UCG.ITEUR
2022-01-05 15:00:00;14.379;14.459;14.359;14.419;6.18;UCG.ITEUR
2022-01-05 16:00:00;14.419;14.429;14.409;14.419;2.4119;UCG.ITEUR
2022-01-06 08:00:00;14.109;14.119;13.949;14.029;14.7428;UCG.ITEUR
2022-01-06 09:00:00;14.026;14.069;14.019;14.039;7.9037;UCG.ITEUR
2022-01-06 10:00:00;14.049;14.189;14.039;14.179;8.3156;UCG.ITEUR
2022-01-06 11:00:00;14.189;14.219;14.139;14.189;6.0379;UCG.ITEUR
2022-01-06 12:00:00;14.189;14.219;14.119;14.149;5.6299;UCG.ITEUR
2022-01-06 13:00:00;14.146;14.179;14.119;14.169;5.4573;UCG.ITEUR
2022-01-06 14:00:00;14.179;14.209;14.119;14.139;8.4357;UCG.ITEUR
2022-01-06 15:00:00;14.136;14.189;14.109;14.159;10.9108;UCG.ITEUR
2022-01-06 16:00:00;14.169;14.179;14.139;14.139;4.2024;UCG.ITEUR
2022-01-07 08:00:00;14.229;14.259;14.109;14.179;10.1092;UCG.ITEUR
2022-01-07 09:00:00;14.189;14.259;14.169;14.189;8.3601;UCG.ITEUR
2022-01-07 10:00:00;14.186;14.229;14.139;14.179;7.8097;UCG.ITEUR
2022-01-07 11:00:00;14.176;14.209;14.139;14.169;5.1245;UCG.ITEUR
2022-01-07 12:00:00;14.179;14.199;14.139;14.189;5.8138;UCG.ITEUR
2022-01-07 13:00:00;14.199;14.229;14.139;14.209;8.5746;UCG.ITEUR
2022-01-07 14:00:00;14.206;14.229;14.149;14.219;9.0424;UCG.ITEUR
2022-01-07 15:00:00;14.216;14.249;14.179;14.229;6.48;UCG.ITEUR
2022-01-07 16:00:00;14.239;14.239;14.189;14.199;3.3672;UCG.ITEUR
2022-01-10 08:00:00;14.389;14.429;14.259;14.269;10.3492;UCG.ITEUR
2022-01-10 09:00:00;14.266;14.319;14.249;14.279;9.0577;UCG.ITEUR
2022-01-10 10:00:00;14.289;14.399;14.279;14.319;7.2217;UCG.ITEUR
2022-01-10 11:00:00;14.329;14.459;14.319;14.409;6.9746;UCG.ITEUR
2022-01-10 12:00:00;14.419;14.419;14.329;14.329;3.8127;UCG.ITEUR
2022-01-10 13:00:00;14.326;14.369;14.309;14.349;4.0003;UCG.ITEUR
2022-01-10 14:00:00;14.349;14.359;14.229;14.239;7.1055;UCG.ITEUR
2022-01-10 15:00:00;14.236;14.279;14.189;14.239;8.5741;UCG.ITEUR
2022-01-10 16:00:00;14.236;14.259;14.219;14.239;3.0152;UCG.ITEUR
2022-01-11 08:00:00;14.159;14.179;13.999;14.119;14.6028;UCG.ITEUR
2022-01-11 09:00:00;14.116;14.239;14.109;14.179;6.78;UCG.ITEUR
2022-01-11 10:00:00;14.176;14.239;14.159;14.159;5.289;UCG.ITEUR
2022-01-11 11:00:00;14.169;14.249;14.159;14.229;3.8802;UCG.ITEUR
2022-01-11 12:00:00;14.239;14.279;14.219;14.229;3.408;UCG.ITEUR
2022-01-11 13:00:00;14.229;14.279;14.229;14.249;2.6105;UCG.ITEUR
2022-01-11 14:00:00;14.259;14.269;14.229;14.249;6.6794;UCG.ITEUR
2022-01-11 15:00:00;14.259;14.329;14.119;14.119;9.5116;UCG.ITEUR
2022-01-11 16:00:00;14.116;14.129;14.059;14.109;4.2708;UCG.ITEUR
2022-01-12 08:00:00;13.836;13.929;13.729;13.859;11.6684;UCG.ITEUR
2022-01-12 09:00:00;13.849;13.929;13.809;13.859;8.747;UCG.ITEUR
2022-01-12 10:00:00;13.869;13.869;13.649;13.689;10.088;UCG.ITEUR
2022-01-12 11:00:00;13.699;13.729;13.559;13.599;7.9002;UCG.ITEUR
2022-01-12 12:00:00;13.596;13.639;13.569;13.599;5.4725;UCG.ITEUR
2022-01-12 13:00:00;13.599;13.639;13.519;13.609;8.5745;UCG.ITEUR
2022-01-12 14:00:00;13.606;13.619;13.509;13.579;8.0056;UCG.ITEUR
2022-01-12 15:00:00;13.589;13.619;13.569;13.599;8.0344;UCG.ITEUR
2022-01-12 16:00:00;13.599;13.619;13.569;13.579;3.0266;UCG.ITEUR
2022-01-13 08:00:00;13.639;13.759;13.639;13.679;7.5296;UCG.ITEUR
2022-01-13 09:00:00;13.676;13.699;13.649;13.679;6.2449;UCG.ITEUR
2022-01-13 10:00:00;13.689;13.699;13.619;13.679;5.1167;UCG.ITEUR
2022-01-13 11:00:00;13.689;13.719;13.669;13.689;5.3014;UCG.ITEUR
2022-01-13 12:00:00;13.686;13.709;13.669;13.689;3.428;UCG.ITEUR
2022-01-13 13:00:00;13.689;13.719;13.679;13.709;3.0836;UCG.ITEUR
2022-01-13 14:00:00;13.719;13.719;13.659;13.679;5.2261;UCG.ITEUR
2022-01-13 15:00:00;13.689;13.709;13.599;13.609;8.7248;UCG.ITEUR
2022-01-13 16:00:00;13.619;13.649;13.619;13.629;2.6674;UCG.ITEUR
2022-01-14 08:00:00;13.669;13.759;13.669;13.679;7.6453;UCG.ITEUR
2022-01-14 09:00:00;13.689;13.729;13.639;13.709;6.7806;UCG.ITEUR
2022-01-14 10:00:00;13.709;13.719;13.629;13.639;7.3944;UCG.ITEUR
2022-01-14 11:00:00;13.639;13.709;13.639;13.669;3.8021;UCG.ITEUR
2022-01-14 12:00:00;13.666;13.679;13.539;13.539;6.5596;UCG.ITEUR
2022-01-14 13:00:00;13.549;13.549;13.449;13.479;10.8152;UCG.ITEUR
2022-01-14 14:00:00;13.476;13.549;13.459;13.549;8.8668;UCG.ITEUR
2022-01-14 15:00:00;13.546;13.579;13.509;13.549;6.4846;UCG.ITEUR
2022-01-14 16:00:00;13.549;13.549;13.479;13.499;2.7798;UCG.ITEUR
2022-01-17 08:00:00;13.699;13.709;13.529;13.559;6.8287;UCG.ITEUR
2022-01-17 09:00:00;13.569;13.609;13.529;13.599;5.1768;UCG.ITEUR
2022-01-17 10:00:00;13.596;13.599;13.539;13.559;3.2807;UCG.ITEUR
2022-01-17 11:00:00;13.549;13.669;13.549;13.669;3.3638;UCG.ITEUR
2022-01-17 12:00:00;13.666;13.669;13.599;13.619;2.8545;UCG.ITEUR
2022-01-17 13:00:00;13.629;13.629;13.579;13.599;3.6529;UCG.ITEUR
2022-01-17 14:00:00;13.609;13.629;13.579;13.619;3.8249;UCG.ITEUR
2022-01-17 15:00:00;13.629;13.629;13.569;13.619;2.3673;UCG.ITEUR
2022-01-17 16:00:00;13.609;13.629;13.599;13.619;1.5772;UCG.ITEUR
2022-01-18 08:00:00;13.559;13.629;13.489;13.609;11.9276;UCG.ITEUR
2022-01-18 09:00:00;13.619;13.629;13.529;13.619;6.8741;UCG.ITEUR
2022-01-18 10:00:00;13.619;13.729;13.619;13.699;6.7652;UCG.ITEUR
2022-01-18 11:00:00;13.689;13.739;13.649;13.689;5.0309;UCG.ITEUR
2022-01-18 12:00:00;13.699;13.749;13.689;13.739;4.9072;UCG.ITEUR
2022-01-18 13:00:00;13.749;13.829;13.739;13.829;5.9977;UCG.ITEUR
2022-01-18 14:00:00;13.826;13.829;13.689;13.709;6.4839;UCG.ITEUR
2022-01-18 15:00:00;13.706;13.749;13.679;13.689;9.9758;UCG.ITEUR
2022-01-18 16:00:00;13.689;13.699;13.679;13.679;2.8136;UCG.ITEUR
2022-01-19 08:00:00;13.589;13.589;13.509;13.579;8.9497;UCG.ITEUR
2022-01-19 09:00:00;13.576;13.599;13.559;13.589;4.3446;UCG.ITEUR
2022-01-19 10:00:00;13.599;13.649;13.529;13.609;6.1202;UCG.ITEUR
2022-01-19 11:00:00;13.606;13.619;13.539;13.599;2.9587;UCG.ITEUR
2022-01-19 12:00:00;13.599;13.649;13.579;13.649;2.2692;UCG.ITEUR
2022-01-19 13:00:00;13.646;13.649;13.579;13.609;3.0721;UCG.ITEUR
2022-01-19 14:00:00;13.606;13.659;13.539;13.619;7.4799;UCG.ITEUR
2022-01-19 15:00:00;13.616;13.616;13.559;13.579;6.4349;UCG.ITEUR
2022-01-19 16:00:00;13.576;13.589;13.549;13.559;2.884;UCG.ITEUR
2022-01-20 08:00:00;13.549;13.569;13.459;13.469;8.4764;UCG.ITEUR
2022-01-20 09:00:00;13.479;13.579;13.419;13.539;8.6112;UCG.ITEUR
2022-01-20 10:00:00;13.549;13.629;13.549;13.619;5.6333;UCG.ITEUR
2022-01-20 11:00:00;13.629;13.649;13.549;13.569;6.4986;UCG.ITEUR
2022-01-20 12:00:00;13.566;13.589;13.509;13.529;4.5548;UCG.ITEUR
2022-01-20 13:00:00;13.526;13.539;13.489;13.529;6.4703;UCG.ITEUR
2022-01-20 14:00:00;13.526;13.559;13.499;13.549;5.5745;UCG.ITEUR
2022-01-20 15:00:00;13.546;13.619;13.509;13.579;5.8356;UCG.ITEUR
2022-01-20 16:00:00;13.569;13.589;13.559;13.579;1.8127;UCG.ITEUR
2022-01-21 08:00:00;13.339;13.369;13.239;13.289;8.7924;UCG.ITEUR
2022-01-21 09:00:00;13.279;13.529;13.259;13.479;7.7541;UCG.ITEUR
2022-01-21 10:00:00;13.476;13.569;13.429;13.529;6.3755;UCG.ITEUR
2022-01-21 11:00:00;13.526;13.529;13.459;13.509;5.8705;UCG.ITEUR
2022-01-21 12:00:00;13.506;13.509;13.409;13.419;5.1537;UCG.ITEUR
2022-01-21 13:00:00;13.419;13.419;13.269;13.279;6.6422;UCG.ITEUR
2022-01-21 14:00:00;13.276;13.309;13.159;13.179;9.2228;UCG.ITEUR
2022-01-21 15:00:00;13.189;13.199;13.069;13.169;11.338;UCG.ITEUR
2022-01-21 16:00:00;13.166;13.189;13.139;13.159;3.8316;UCG.ITEUR
2022-01-24 08:00:00;13.229;13.299;13.129;13.129;12.6541;UCG.ITEUR
2022-01-24 09:00:00;13.126;13.139;13.029;13.129;15.1992;UCG.ITEUR
2022-01-24 10:00:00;13.139;13.139;12.989;13.059;12.7928;UCG.ITEUR
2022-01-24 11:00:00;13.056;13.149;13.029;13.129;11.0194;UCG.ITEUR
2022-01-24 12:00:00;13.126;13.126;12.979;13.009;7.8796;UCG.ITEUR
2022-01-24 13:00:00;13.006;13.039;12.959;12.959;11.3153;UCG.ITEUR
2022-01-24 14:00:00;12.956;12.979;12.809;12.829;18.2292;UCG.ITEUR
2022-01-24 15:00:00;12.826;12.899;12.689;12.849;19.666;UCG.ITEUR
2022-01-24 16:00:00;12.849;12.899;12.819;12.839;7.4928;UCG.ITEUR
2022-01-25 08:00:00;12.929;13.099;12.909;12.989;17.9698;UCG.ITEUR
2022-01-25 09:00:00;12.999;13.179;12.999;13.169;13.7398;UCG.ITEUR
2022-01-25 10:00:00;13.179;13.219;13.089;13.109;11.4214;UCG.ITEUR
2022-01-25 11:00:00;13.106;13.209;13.099;13.129;9.828;UCG.ITEUR
2022-01-25 12:00:00;13.139;13.159;13.089;13.139;8.6022;UCG.ITEUR
2022-01-25 13:00:00;13.149;13.169;13.089;13.149;10.1242;UCG.ITEUR
2022-01-25 14:00:00;13.159;13.169;12.979;12.999;15.745;UCG.ITEUR
2022-01-25 15:00:00;12.999;13.229;12.969;13.169;17.6558;UCG.ITEUR
2022-01-25 16:00:00;13.179;13.209;13.129;13.189;5.8618;UCG.ITEUR
2022-01-26 08:00:00;13.359;13.599;13.359;13.569;15.5894;UCG.ITEUR
2022-01-26 09:00:00;13.566;13.659;13.519;13.559;11.588;UCG.ITEUR
2022-01-26 10:00:00;13.569;13.609;13.509;13.599;8.747;UCG.ITEUR
2022-01-26 11:00:00;13.609;13.609;13.549;13.589;6.7019;UCG.ITEUR
2022-01-26 12:00:00;13.599;13.689;13.539;13.629;7.016;UCG.ITEUR
2022-01-26 13:00:00;13.626;13.719;13.619;13.719;7.6129;UCG.ITEUR
2022-01-26 14:00:00;13.716;13.719;13.559;13.619;12.8698;UCG.ITEUR
2022-01-26 15:00:00;13.616;13.616;13.489;13.566;14.0436;UCG.ITEUR
2022-01-26 16:00:00;13.559;13.639;13.539;13.629;4.2403;UCG.ITEUR
2022-01-27 08:00:00;13.499;13.789;13.479;13.789;15.8054;UCG.ITEUR
2022-01-27 09:00:00;13.786;13.786;13.629;13.719;14.5922;UCG.ITEUR
2022-01-27 10:00:00;13.716;13.799;13.689;13.749;9.8057;UCG.ITEUR
2022-01-27 11:00:00;13.759;13.789;13.669;13.719;8.3598;UCG.ITEUR
2022-01-27 12:00:00;13.729;13.759;13.639;13.759;5.6146;UCG.ITEUR
2022-01-27 13:00:00;13.756;13.839;13.749;13.819;6.3372;UCG.ITEUR
2022-01-27 14:00:00;13.816;13.929;13.799;13.889;8.7985;UCG.ITEUR
2022-01-27 15:00:00;13.886;13.929;13.779;13.829;12.1892;UCG.ITEUR
2022-01-27 16:00:00;13.839;13.849;13.779;13.809;4.4421;UCG.ITEUR
2022-01-28 08:00:00;13.969;13.979;13.739;13.849;26.4824;UCG.ITEUR
2022-01-28 09:00:00;13.859;13.899;13.619;13.649;18.0134;UCG.ITEUR
2022-01-28 10:00:00;13.646;13.689;13.459;13.599;15.1406;UCG.ITEUR
2022-01-28 11:00:00;13.596;13.619;13.489;13.599;9.4948;UCG.ITEUR
2022-01-28 12:00:00;13.609;13.619;13.479;13.489;8.6642;UCG.ITEUR
2022-01-28 13:00:00;13.499;13.739;13.489;13.699;12.4273;UCG.ITEUR
2022-01-28 14:00:00;13.689;13.779;13.639;13.679;14.2312;UCG.ITEUR
2022-01-28 15:00:00;13.676;13.769;13.639;13.719;13.615;UCG.ITEUR
2022-01-28 16:00:00;13.716;13.769;13.699;13.739;4.5104;UCG.ITEUR
2022-01-31 08:00:00;14.069;14.239;14.019;14.209;16.6132;UCG.ITEUR
2022-01-31 09:00:00;14.219;14.219;13.969;14.009;12.4899;UCG.ITEUR
2022-01-31 10:00:00;14.006;14.029;13.899;13.959;11.6808;UCG.ITEUR
2022-01-31 11:00:00;13.956;13.959;13.849;13.909;8.9008;UCG.ITEUR
2022-01-31 12:00:00;13.919;14.019;13.889;14.019;6.5905;UCG.ITEUR
2022-01-31 13:00:00;14.029;14.069;13.969;14.019;6.2687;UCG.ITEUR
2022-01-31 14:00:00;14.009;14.009;13.869;13.959;10.6781;UCG.ITEUR
2022-01-31 15:00:00;13.956;14.039;13.939;14.009;8.5242;UCG.ITEUR
2022-01-31 16:00:00;14.006;14.019;13.969;13.989;3.854;UCG.ITEUR
2022-02-01 08:00:00;14.039;14.219;14.019;14.209;10.7824;UCG.ITEUR
2022-02-01 09:00:00;14.206;14.209;14.099;14.139;12.7537;UCG.ITEUR
2022-02-01 10:00:00;14.149;14.179;14.099;14.139;7.8936;UCG.ITEUR
2022-02-01 11:00:00;14.149;14.159;14.069;14.099;9.2731;UCG.ITEUR
2022-02-01 12:00:00;14.099;14.189;14.079;14.179;5.5926;UCG.ITEUR
2022-02-01 13:00:00;14.179;14.229;14.169;14.169;5.2781;UCG.ITEUR
2022-02-01 14:00:00;14.179;14.219;14.159;14.179;10.1605;UCG.ITEUR
2022-02-01 15:00:00;14.169;14.229;14.149;14.189;11.6222;UCG.ITEUR
2022-02-01 16:00:00;14.199;14.209;14.179;14.199;2.5526;UCG.ITEUR
2022-02-02 08:00:00;14.326;14.449;14.299;14.439;12.0232;UCG.ITEUR
2022-02-02 09:00:00;14.436;14.619;14.429;14.619;6.3338;UCG.ITEUR
2022-02-02 10:00:00;14.629;14.779;14.569;14.689;12.2915;UCG.ITEUR
2022-02-02 11:00:00;14.689;14.719;14.609;14.699;8.7239;UCG.ITEUR
2022-02-02 12:00:00;14.696;14.809;14.679;14.789;7.1884;UCG.ITEUR
2022-02-02 13:00:00;14.799;14.859;14.779;14.809;6.6754;UCG.ITEUR
2022-02-02 14:00:00;14.806;14.899;14.789;14.829;8.622;UCG.ITEUR
2022-02-02 15:00:00;14.839;14.839;14.769;14.789;8.5678;UCG.ITEUR
2022-02-02 16:00:00;14.799;14.819;14.739;14.749;3.3653;UCG.ITEUR
2022-02-03 08:00:00;14.689;14.819;14.669;14.779;12.6444;UCG.ITEUR
2022-02-03 09:00:00;14.779;14.799;14.609;14.649;10.3292;UCG.ITEUR
2022-02-03 10:00:00;14.646;14.669;14.599;14.599;7.3147;UCG.ITEUR
2022-02-03 11:00:00;14.599;14.679;14.599;14.619;6.2589;UCG.ITEUR
2022-02-03 12:00:00;14.629;14.699;14.509;14.519;13.1839;UCG.ITEUR
2022-02-03 13:00:00;14.529;14.579;14.489;14.509;11.2872;UCG.ITEUR
2022-02-03 14:00:00;14.506;14.989;14.449;14.879;25.7186;UCG.ITEUR
2022-02-03 15:00:00;14.889;15.009;14.849;14.979;12.8438;UCG.ITEUR
2022-02-03 16:00:00;14.976;15.069;14.939;15.039;5.9722;UCG.ITEUR
2022-02-04 08:00:00;14.959;15.089;14.929;15.039;18.1204;UCG.ITEUR
2022-02-04 09:00:00;15.049;15.049;14.949;14.989;12.462;UCG.ITEUR
2022-02-04 10:00:00;14.986;15.009;14.939;14.949;8.1587;UCG.ITEUR
2022-02-04 11:00:00;14.939;14.959;14.829;14.829;12.8338;UCG.ITEUR
2022-02-04 12:00:00;14.839;15.029;14.839;15.019;12.3635;UCG.ITEUR
2022-02-04 13:00:00;15.029;15.089;14.929;14.969;17.1243;UCG.ITEUR
2022-02-04 14:00:00;14.966;15.009;14.899;14.999;13.8176;UCG.ITEUR
2022-02-04 15:00:00;14.996;15.039;14.939;14.989;13.0133;UCG.ITEUR
2022-02-04 16:00:00;14.999;15.009;14.979;14.989;2.4071;UCG.ITEUR
2022-02-07 08:00:00;15.029;15.029;14.709;14.719;17.047;UCG.ITEUR
2022-02-07 09:00:00;14.716;14.769;14.579;14.659;16.9582;UCG.ITEUR
2022-02-07 10:00:00;14.669;14.689;14.589;14.689;12.4662;UCG.ITEUR
2022-02-07 11:00:00;14.686;14.769;14.669;14.739;7.8076;UCG.ITEUR
2022-02-07 12:00:00;14.749;14.819;14.739;14.779;6.209;UCG.ITEUR
2022-02-07 13:00:00;14.779;14.829;14.689;14.739;8.4188;UCG.ITEUR
2022-02-07 14:00:00;14.749;14.799;14.729;14.779;11.1358;UCG.ITEUR
2022-02-07 15:00:00;14.789;14.809;14.739;14.759;10.5152;UCG.ITEUR
2022-02-07 16:00:00;14.769;14.829;14.739;14.799;3.7736;UCG.ITEUR
2022-02-08 08:00:00;14.849;14.989;14.839;14.979;14.0872;UCG.ITEUR
2022-02-08 09:00:00;14.989;15.129;14.979;15.049;11.4514;UCG.ITEUR
2022-02-08 10:00:00;15.049;15.099;15.029;15.059;9.2489;UCG.ITEUR
2022-02-08 11:00:00;15.049;15.119;15.039;15.089;7.8744;UCG.ITEUR
2022-02-08 12:00:00;15.086;15.089;15.029;15.079;6.4463;UCG.ITEUR
2022-02-08 13:00:00;15.089;15.109;15.069;15.079;4.8789;UCG.ITEUR
2022-02-08 14:00:00;15.089;15.139;15.069;15.079;9.0038;UCG.ITEUR
2022-02-08 15:00:00;15.076;15.169;15.039;15.129;9.4068;UCG.ITEUR
2022-02-08 16:00:00;15.126;15.139;15.109;15.129;2.9651;UCG.ITEUR
2022-02-09 08:00:00;15.199;15.279;15.099;15.199;19.5162;UCG.ITEUR
2022-02-09 09:00:00;15.209;15.229;15.089;15.189;13.1058;UCG.ITEUR
2022-02-09 10:00:00;15.186;15.209;15.159;15.199;8.6514;UCG.ITEUR
2022-02-09 11:00:00;15.189;15.259;15.189;15.249;5.3863;UCG.ITEUR
2022-02-09 12:00:00;15.259;15.289;15.219;15.229;6.1736;UCG.ITEUR
2022-02-09 13:00:00;15.239;15.259;15.209;15.259;4.4243;UCG.ITEUR
2022-02-09 14:00:00;15.259;15.349;15.249;15.299;7.8172;UCG.ITEUR
2022-02-09 15:00:00;15.309;15.359;15.269;15.349;5.9621;UCG.ITEUR
2022-02-09 16:00:00;15.349;15.359;15.319;15.319;3.0726;UCG.ITEUR
2022-02-10 08:00:00;15.429;15.549;15.429;15.519;17.2656;UCG.ITEUR
2022-02-10 09:00:00;15.529;15.669;15.519;15.669;10.8202;UCG.ITEUR
2022-02-10 10:00:00;15.666;15.799;15.639;15.769;7.8862;UCG.ITEUR
2022-02-10 11:00:00;15.766;15.799;15.659;15.679;8.9296;UCG.ITEUR
2022-02-10 12:00:00;15.676;15.779;15.669;15.739;5.8792;UCG.ITEUR
2022-02-10 13:00:00;15.739;15.929;15.679;15.919;12.8993;UCG.ITEUR
2022-02-10 14:00:00;15.916;15.916;15.609;15.769;20.4614;UCG.ITEUR
2022-02-10 15:00:00;15.779;15.829;15.769;15.799;9.4883;UCG.ITEUR
2022-02-10 16:00:00;15.799;15.829;15.779;15.799;3.4286;UCG.ITEUR
2022-02-11 08:00:00;15.699;15.819;15.679;15.729;19.9256;UCG.ITEUR
2022-02-11 09:00:00;15.726;15.749;15.599;15.729;14.2162;UCG.ITEUR
2022-02-11 10:00:00;15.726;15.729;15.609;15.699;10.1144;UCG.ITEUR
2022-02-11 11:00:00;15.689;15.709;15.579;15.579;11.8006;UCG.ITEUR
2022-02-11 12:00:00;15.589;15.619;15.509;15.519;9.2103;UCG.ITEUR
2022-02-11 13:00:00;15.516;15.679;15.489;15.599;8.7231;UCG.ITEUR
2022-02-11 14:00:00;15.609;15.669;15.509;15.619;13.2779;UCG.ITEUR
2022-02-11 15:00:00;15.629;15.709;15.619;15.659;13.368;UCG.ITEUR
2022-02-11 16:00:00;15.656;15.679;15.619;15.659;5.5515;UCG.ITEUR
2022-02-14 08:00:00;14.969;14.979;14.669;14.729;28.5165;UCG.ITEUR
2022-02-14 09:00:00;14.726;14.979;14.709;14.869;20.5155;UCG.ITEUR
2022-02-14 10:00:00;14.866;14.989;14.809;14.929;14.2425;UCG.ITEUR
2022-02-14 11:00:00;14.939;14.939;14.799;14.839;11.6055;UCG.ITEUR
2022-02-14 12:00:00;14.849;15.069;14.769;14.999;18.8145;UCG.ITEUR
2022-02-14 13:00:00;15.009;15.039;14.949;14.969;13.752;UCG.ITEUR
2022-02-14 14:00:00;14.979;15.019;14.909;14.969;14.247;UCG.ITEUR
2022-02-14 15:00:00;14.966;15.009;14.919;14.979;18.2385;UCG.ITEUR
2022-02-14 16:00:00;14.989;15.029;14.979;15.009;5.5215;UCG.ITEUR
2022-02-15 08:00:00;15.129;15.329;15.109;15.209;27.7245;UCG.ITEUR
2022-02-15 09:00:00;15.199;15.309;15.169;15.299;12.6135;UCG.ITEUR
2022-02-15 10:00:00;15.299;15.329;15.179;15.229;12.582;UCG.ITEUR
2022-02-15 11:00:00;15.239;15.339;15.239;15.329;6.885;UCG.ITEUR
2022-02-15 12:00:00;15.326;15.329;15.259;15.289;11.682;UCG.ITEUR
2022-02-15 13:00:00;15.279;15.359;15.259;15.329;10.0935;UCG.ITEUR
2022-02-15 14:00:00;15.339;15.349;15.279;15.309;11.7585;UCG.ITEUR
2022-02-15 15:00:00;15.319;15.349;15.289;15.339;9.6255;UCG.ITEUR
2022-02-15 16:00:00;15.339;15.339;15.249;15.269;4.3065;UCG.ITEUR
2022-02-16 08:00:00;15.329;15.349;15.169;15.209;18.072;UCG.ITEUR
2022-02-16 09:00:00;15.206;15.219;15.029;15.029;17.046;UCG.ITEUR
2022-02-16 10:00:00;15.029;15.059;14.969;15.029;9.0045;UCG.ITEUR
2022-02-16 11:00:00;15.019;15.019;14.929;14.979;7.173;UCG.ITEUR
2022-02-16 12:00:00;14.989;14.989;14.869;14.889;9.351;UCG.ITEUR
2022-02-16 13:00:00;14.899;14.979;14.839;14.919;10.98;UCG.ITEUR
2022-02-16 14:00:00;14.916;15.089;14.879;15.059;13.3875;UCG.ITEUR
2022-02-16 15:00:00;15.056;15.149;15.039;15.109;8.73;UCG.ITEUR
2022-02-16 16:00:00;15.106;15.139;15.069;15.069;3.258;UCG.ITEUR
2022-02-17 08:00:00;14.969;15.009;14.809;14.849;20.6055;UCG.ITEUR
2022-02-17 09:00:00;14.859;14.979;14.849;14.899;14.1255;UCG.ITEUR
2022-02-17 10:00:00;14.896;14.919;14.819;14.839;11.547;UCG.ITEUR
2022-02-17 11:00:00;14.849;14.869;14.819;14.839;9.405;UCG.ITEUR
2022-02-17 12:00:00;14.849;14.899;14.819;14.899;7.47;UCG.ITEUR
2022-02-17 13:00:00;14.909;14.909;14.719;14.729;13.4415;UCG.ITEUR
2022-02-17 14:00:00;14.726;14.829;14.639;14.649;17.4285;UCG.ITEUR
2022-02-17 15:00:00;14.659;14.689;14.619;14.639;14.9535;UCG.ITEUR
2022-02-17 16:00:00;14.639;14.659;14.609;14.619;5.067;UCG.ITEUR
2022-02-18 08:00:00;14.746;14.779;14.649;14.669;12.4335;UCG.ITEUR
2022-02-18 09:00:00;14.666;14.709;14.599;14.699;13.9545;UCG.ITEUR
2022-02-18 10:00:00;14.709;14.749;14.659;14.669;7.398;UCG.ITEUR
2022-02-18 11:00:00;14.666;14.739;14.639;14.739;6.507;UCG.ITEUR
2022-02-18 12:00:00;14.736;14.829;14.729;14.819;4.3335;UCG.ITEUR
2022-02-18 13:00:00;14.816;14.819;14.649;14.729;15.6105;UCG.ITEUR
2022-02-18 14:00:00;14.726;14.739;14.599;14.699;10.998;UCG.ITEUR
2022-02-18 15:00:00;14.696;14.759;14.649;14.669;11.9835;UCG.ITEUR
2022-02-18 16:00:00;14.666;14.679;14.589;14.619;6.5385;UCG.ITEUR
2022-02-21 09:00:00;14.609;14.619;14.569;14.609;1.467;UCG.ITEUR
2022-02-21 10:00:00;14.606;14.629;14.509;14.529;10.1205;UCG.ITEUR
2022-02-21 11:00:00;14.539;14.549;14.329;14.409;14.4585;UCG.ITEUR
2022-02-21 12:00:00;14.406;14.406;14.219;14.339;13.788;UCG.ITEUR
2022-02-21 13:00:00;14.336;14.339;14.179;14.279;21.249;UCG.ITEUR
2022-02-21 14:00:00;14.276;14.419;14.259;14.379;18.5625;UCG.ITEUR
2022-02-21 15:00:00;14.369;14.439;14.349;14.389;12.033;UCG.ITEUR
2022-02-21 16:00:00;14.386;14.399;14.299;14.309;4.4865;UCG.ITEUR
2022-02-22 08:00:00;13.709;14.059;13.699;14.039;31.4685;UCG.ITEUR
2022-02-22 09:00:00;14.029;14.089;13.929;13.949;16.749;UCG.ITEUR
2022-02-22 10:00:00;13.939;14.069;13.939;14.009;17.2395;UCG.ITEUR
2022-02-22 11:00:00;14.006;14.139;13.969;14.089;15.4845;UCG.ITEUR
2022-02-22 12:00:00;14.086;14.099;13.989;14.019;10.6245;UCG.ITEUR
2022-02-22 13:00:00;14.009;14.089;13.989;14.089;8.5005;UCG.ITEUR
2022-02-22 14:00:00;14.086;14.269;14.039;14.269;10.197;UCG.ITEUR
2022-02-22 15:00:00;14.259;14.269;14.109;14.119;18.81;UCG.ITEUR
2022-02-22 16:00:00;14.129;14.159;13.999;14.009;5.6025;UCG.ITEUR
2022-02-23 08:00:00;14.109;14.179;13.989;14.169;17.2125;UCG.ITEUR
2022-02-23 09:00:00;14.179;14.209;14.039;14.049;11.8485;UCG.ITEUR
2022-02-23 10:00:00;14.059;14.139;14.029;14.109;12.096;UCG.ITEUR
2022-02-23 11:00:00;14.106;14.199;14.089;14.109;9.6615;UCG.ITEUR
2022-02-23 12:00:00;14.106;14.149;14.099;14.149;6.858;UCG.ITEUR
2022-02-23 13:00:00;14.146;14.189;14.089;14.159;8.4825;UCG.ITEUR
2022-02-23 14:00:00;14.149;14.169;14.089;14.089;13.2255;UCG.ITEUR
2022-02-23 15:00:00;14.086;14.089;13.889;13.999;16.0875;UCG.ITEUR
2022-02-23 16:00:00;13.996;14.009;13.939;13.999;8.352;UCG.ITEUR
2022-02-24 08:00:00;13.039;13.439;12.979;13.059;41.0085;UCG.ITEUR
2022-02-24 09:00:00;13.049;13.169;12.829;12.869;26.9415;UCG.ITEUR
2022-02-24 10:00:00;12.866;12.899;12.569;12.619;23.0805;UCG.ITEUR
2022-02-24 11:00:00;12.629;12.639;12.299;12.539;17.5725;UCG.ITEUR
2022-02-24 12:00:00;12.549;12.549;12.359;12.439;19.152;UCG.ITEUR
2022-02-24 13:00:00;12.449;12.469;12.199;12.239;20.4075;UCG.ITEUR
2022-02-24 14:00:00;12.236;12.269;12.079;12.239;25.569;UCG.ITEUR
2022-02-24 15:00:00;12.236;12.389;12.069;12.159;26.451;UCG.ITEUR
2022-02-24 16:00:00;12.156;12.289;12.049;12.069;11.2815;UCG.ITEUR
2022-02-25 08:00:00;12.329;12.339;11.799;11.919;34.1325;UCG.ITEUR
2022-02-25 09:00:00;11.916;12.189;11.849;12.189;24.354;UCG.ITEUR
2022-02-25 10:00:00;12.186;12.339;12.149;12.229;23.634;UCG.ITEUR
2022-02-25 11:00:00;12.239;12.389;12.199;12.379;16.2315;UCG.ITEUR
2022-02-25 12:00:00;12.389;12.599;12.369;12.499;22.716;UCG.ITEUR
2022-02-25 13:00:00;12.496;12.909;12.449;12.879;24.777;UCG.ITEUR
2022-02-25 14:00:00;12.876;12.959;12.679;12.689;24.966;UCG.ITEUR
2022-02-25 15:00:00;12.686;12.759;12.529;12.539;17.8695;UCG.ITEUR
2022-02-25 16:00:00;12.536;12.539;12.419;12.529;8.154;UCG.ITEUR
2022-02-28 08:00:00;11.586;11.729;11.229;11.229;38.3445;UCG.ITEUR
2022-02-28 09:00:00;11.259;11.499;11.259;11.449;21.9195;UCG.ITEUR
2022-02-28 10:00:00;11.446;11.446;11.259;11.319;13.968;UCG.ITEUR
2022-02-28 11:00:00;11.329;11.329;10.999;11.089;15.75;UCG.ITEUR
2022-02-28 12:00:00;11.099;11.249;10.989;11.179;19.6605;UCG.ITEUR
2022-02-28 13:00:00;11.176;11.189;11.039;11.039;13.32;UCG.ITEUR
2022-02-28 14:00:00;11.049;11.079;10.989;11.079;17.0235;UCG.ITEUR
2022-02-28 15:00:00;11.076;11.309;10.969;11.309;13.833;UCG.ITEUR
2022-02-28 16:00:00;11.319;11.459;11.289;11.369;10.2285;UCG.ITEUR
2022-03-01 08:00:00;11.529;11.819;11.509;11.579;38.1735;UCG.ITEUR
2022-03-01 09:00:00;11.589;11.619;11.279;11.349;22.5855;UCG.ITEUR
2022-03-01 10:00:00;11.346;11.349;11.149;11.239;15.651;UCG.ITEUR
2022-03-01 11:00:00;11.236;11.259;10.979;11.009;12.384;UCG.ITEUR
2022-03-01 12:00:00;11.006;11.129;10.989;11.079;8.613;UCG.ITEUR
2022-03-01 13:00:00;11.076;11.189;10.939;11.139;13.212;UCG.ITEUR
2022-03-01 14:00:00;11.149;11.219;10.999;11.049;14.8995;UCG.ITEUR
2022-03-01 15:00:00;11.059;11.119;10.769;10.849;18.585;UCG.ITEUR
2022-03-01 16:00:00;10.846;10.859;10.579;10.589;7.245;UCG.ITEUR
2022-03-02 08:00:00;10.309;10.679;10.269;10.379;47.6235;UCG.ITEUR
2022-03-02 09:00:00;10.376;10.789;10.299;10.659;31.4685;UCG.ITEUR
2022-03-02 10:00:00;10.669;10.819;10.639;10.709;19.476;UCG.ITEUR
2022-03-02 11:00:00;10.706;10.779;10.619;10.779;13.689;UCG.ITEUR
2022-03-02 12:00:00;10.769;10.829;10.679;10.789;15.9705;UCG.ITEUR
2022-03-02 13:00:00;10.779;10.829;10.629;10.749;13.113;UCG.ITEUR
2022-03-02 14:00:00;10.759;10.909;10.709;10.819;15.786;UCG.ITEUR
2022-03-02 15:00:00;10.829;10.909;10.739;10.899;23.6745;UCG.ITEUR
2022-03-02 16:00:00;10.896;10.979;10.869;10.889;8.442;UCG.ITEUR
2022-03-03 08:00:00;10.939;10.999;10.749;10.919;30.195;UCG.ITEUR
2022-03-03 09:00:00;10.929;10.949;10.769;10.789;21.5055;UCG.ITEUR
2022-03-03 10:00:00;10.799;10.869;10.659;10.689;15.48;UCG.ITEUR
2022-03-03 11:00:00;10.689;10.719;10.579;10.709;11.1645;UCG.ITEUR
2022-03-03 12:00:00;10.709;10.789;10.669;10.709;9.8325;UCG.ITEUR
2022-03-03 13:00:00;10.719;10.799;10.659;10.759;12.1905;UCG.ITEUR
2022-03-03 14:00:00;10.769;10.879;10.719;10.769;17.478;UCG.ITEUR
2022-03-03 15:00:00;10.766;10.769;10.479;10.499;16.3035;UCG.ITEUR
2022-03-03 16:00:00;10.496;10.549;10.449;10.499;8.8695;UCG.ITEUR
2022-03-04 08:00:00;10.119;10.159;9.849;9.949;31.4325;UCG.ITEUR
2022-03-04 09:00:00;9.946;9.949;9.559;9.609;20.988;UCG.ITEUR
2022-03-04 10:00:00;9.606;9.759;9.549;9.549;18.441;UCG.ITEUR
2022-03-04 11:00:00;9.499;9.649;9.389;9.649;19.6515;UCG.ITEUR
2022-03-04 12:00:00;9.659;9.659;9.489;9.549;11.9565;UCG.ITEUR
2022-03-04 13:00:00;9.546;9.549;9.339;9.399;15.4935;UCG.ITEUR
2022-03-04 14:00:00;9.399;9.399;9.259;9.259;12.9555;UCG.ITEUR
2022-03-04 15:00:00;9.269;9.269;9.049;9.059;26.451;UCG.ITEUR
2022-03-04 16:00:00;9.069;9.069;8.969;8.989;5.292;UCG.ITEUR
2022-03-07 08:00:00;8.119;8.129;7.769;8.069;5.0895;UCG.ITEUR
2022-03-07 09:00:00;8.089;8.589;7.989;8.439;39.861;UCG.ITEUR
2022-03-07 10:00:00;8.436;8.779;8.409;8.599;34.335;UCG.ITEUR
2022-03-07 11:00:00;8.596;8.779;8.549;8.749;21.3165;UCG.ITEUR
2022-03-07 12:00:00;8.759;8.829;8.629;8.629;24.813;UCG.ITEUR
2022-03-07 13:00:00;8.626;8.869;8.599;8.669;24.291;UCG.ITEUR
2022-03-07 14:00:00;8.679;8.779;8.539;8.589;29.2815;UCG.ITEUR
2022-03-07 15:00:00;8.586;8.649;8.349;8.379;22.311;UCG.ITEUR
2022-03-07 16:00:00;8.376;8.519;8.369;8.479;8.5005;UCG.ITEUR
2022-03-08 08:00:00;8.576;9.109;8.559;9.019;47.3445;UCG.ITEUR
2022-03-08 09:00:00;9.016;9.199;8.979;9.109;27.441;UCG.ITEUR
2022-03-08 10:00:00;9.119;9.149;8.879;9.079;25.5105;UCG.ITEUR
2022-03-08 11:00:00;9.076;9.229;9.039;9.229;19.6695;UCG.ITEUR
2022-03-08 12:00:00;9.239;9.329;9.059;9.129;19.2465;UCG.ITEUR
2022-03-08 13:00:00;9.139;9.259;8.899;9.259;22.023;UCG.ITEUR
2022-03-08 14:00:00;9.256;9.379;9.039;9.119;25.8705;UCG.ITEUR
2022-03-08 15:00:00;9.116;9.116;8.799;9.079;29.043;UCG.ITEUR
2022-03-08 16:00:00;9.089;9.109;8.989;9.019;12.582;UCG.ITEUR
2022-03-09 08:00:00;9.529;9.719;9.489;9.619;50.094;UCG.ITEUR
2022-03-09 09:00:00;9.629;9.889;9.569;9.799;32.5575;UCG.ITEUR
2022-03-09 10:00:00;9.809;9.869;9.729;9.759;19.989;UCG.ITEUR
2022-03-09 11:00:00;9.756;9.919;9.699;9.859;17.019;UCG.ITEUR
2022-03-09 12:00:00;9.869;9.999;9.779;9.989;9.6615;UCG.ITEUR
2022-03-09 13:00:00;9.989;10.079;9.979;10.009;13.6305;UCG.ITEUR
2022-03-09 14:00:00;10.006;10.389;9.949;10.069;45.855;UCG.ITEUR
2022-03-09 15:00:00;10.069;10.189;10.039;10.159;19.5435;UCG.ITEUR
2022-03-09 16:00:00;10.169;10.169;9.999;10.019;10.2465;UCG.ITEUR
2022-03-10 08:00:00;9.939;9.939;9.619;9.639;34.038;UCG.ITEUR
2022-03-10 09:00:00;9.649;9.809;9.489;9.609;35.208;UCG.ITEUR
2022-03-10 10:00:00;9.606;9.649;9.319;9.329;27.369;UCG.ITEUR
2022-03-10 11:00:00;9.326;9.429;9.259;9.399;17.046;UCG.ITEUR
2022-03-10 12:00:00;9.409;9.499;9.279;9.279;23.067;UCG.ITEUR
2022-03-10 13:00:00;9.289;9.509;9.189;9.469;21.8115;UCG.ITEUR
2022-03-10 14:00:00;9.479;9.579;9.349;9.579;24.66;UCG.ITEUR
2022-03-10 15:00:00;9.576;9.576;9.249;9.319;21.3615;UCG.ITEUR
2022-03-10 16:00:00;9.316;9.349;9.269;9.319;7.299;UCG.ITEUR
2022-03-11 08:00:00;9.459;9.529;9.009;9.209;44.8515;UCG.ITEUR
2022-03-11 09:00:00;9.219;9.419;9.179;9.209;24.624;UCG.ITEUR
2022-03-11 10:00:00;9.219;9.379;9.159;9.189;13.842;UCG.ITEUR
2022-03-11 11:00:00;9.199;9.849;9.199;9.749;40.5945;UCG.ITEUR
2022-03-11 12:00:00;9.739;9.819;9.399;9.439;28.557;UCG.ITEUR
2022-03-11 13:00:00;9.436;9.609;9.429;9.529;18.981;UCG.ITEUR
2022-03-11 14:00:00;9.526;9.569;9.259;9.329;22.23;UCG.ITEUR
2022-03-11 15:00:00;9.329;9.379;9.239;9.299;22.662;UCG.ITEUR
2022-03-11 16:00:00;9.309;9.319;9.209;9.249;6.7905;UCG.ITEUR
2022-03-14 08:00:00;9.279;9.499;9.109;9.489;32.3865;UCG.ITEUR
2022-03-14 09:00:00;9.499;9.609;9.449;9.579;25.749;UCG.ITEUR
2022-03-14 10:00:00;9.576;9.699;9.489;9.609;21.5865;UCG.ITEUR
2022-03-14 11:00:00;9.619;9.699;9.469;9.489;18.018;UCG.ITEUR
2022-03-14 12:00:00;9.486;9.509;9.359;9.379;15.849;UCG.ITEUR
2022-03-14 13:00:00;9.369;9.489;9.329;9.459;17.937;UCG.ITEUR
2022-03-14 14:00:00;9.456;9.609;9.449;9.599;14.6565;UCG.ITEUR
2022-03-14 15:00:00;9.609;9.629;9.499;9.529;11.3265;UCG.ITEUR
2022-03-14 16:00:00;9.526;9.549;9.469;9.529;5.0355;UCG.ITEUR
2022-03-15 08:00:00;9.439;9.589;9.219;9.259;23.706;UCG.ITEUR
2022-03-15 09:00:00;9.256;9.379;9.199;9.299;19.557;UCG.ITEUR
2022-03-15 10:00:00;9.299;9.429;9.249;9.369;17.136;UCG.ITEUR
2022-03-15 11:00:00;9.379;9.449;9.349;9.379;11.421;UCG.ITEUR
2022-03-15 12:00:00;9.389;9.579;9.369;9.569;12.1005;UCG.ITEUR
2022-03-15 13:00:00;9.566;9.669;9.519;9.599;16.8885;UCG.ITEUR
2022-03-15 14:00:00;9.609;9.709;9.529;9.659;15.4935;UCG.ITEUR
2022-03-15 15:00:00;9.669;9.789;9.529;9.599;18.117;UCG.ITEUR
2022-03-15 16:00:00;9.596;9.639;9.539;9.639;7.5735;UCG.ITEUR
2022-03-16 08:00:00;10.009;10.049;9.889;9.979;28.017;UCG.ITEUR
2022-03-16 09:00:00;9.989;10.179;9.969;10.049;16.2135;UCG.ITEUR
2022-03-16 10:00:00;10.059;10.319;10.049;10.299;20.3985;UCG.ITEUR
2022-03-16 11:00:00;10.296;10.299;10.209;10.259;14.886;UCG.ITEUR
2022-03-16 12:00:00;10.256;10.259;10.119;10.149;10.0665;UCG.ITEUR
2022-03-16 13:00:00;10.146;10.189;10.069;10.159;15.7095;UCG.ITEUR
2022-03-16 14:00:00;10.149;10.469;10.139;10.409;35.199;UCG.ITEUR
2022-03-16 15:00:00;10.419;10.419;10.159;10.259;22.7205;UCG.ITEUR
2022-03-16 16:00:00;10.256;10.269;10.199;10.229;6.687;UCG.ITEUR
2022-03-17 08:00:00;10.199;10.239;10.059;10.069;30.9105;UCG.ITEUR
2022-03-17 09:00:00;10.066;10.109;9.819;9.899;18.585;UCG.ITEUR
2022-03-17 10:00:00;9.896;9.896;9.699;9.839;24.597;UCG.ITEUR
2022-03-17 11:00:00;9.849;9.889;9.759;9.779;13.716;UCG.ITEUR
2022-03-17 12:00:00;9.776;9.789;9.629;9.679;15.201;UCG.ITEUR
2022-03-17 13:00:00;9.689;9.859;9.579;9.679;18.5355;UCG.ITEUR
2022-03-17 14:00:00;9.669;9.709;9.589;9.679;16.8435;UCG.ITEUR
2022-03-17 15:00:00;9.676;9.719;9.639;9.689;13.2165;UCG.ITEUR
2022-03-17 16:00:00;9.699;9.779;9.689;9.769;5.5305;UCG.ITEUR
2022-03-18 08:00:00;9.849;9.869;9.689;9.749;18.0225;UCG.ITEUR
2022-03-18 09:00:00;9.746;9.746;9.649;9.679;14.8185;UCG.ITEUR
2022-03-18 10:00:00;9.669;9.679;9.589;9.619;14.058;UCG.ITEUR
2022-03-18 11:00:00;9.619;9.649;9.509;9.509;11.5515;UCG.ITEUR
2022-03-18 12:00:00;9.509;9.609;9.499;9.529;15.228;UCG.ITEUR
2022-03-18 13:00:00;9.526;9.579;9.479;9.549;11.79;UCG.ITEUR
2022-03-18 14:00:00;9.546;9.649;9.529;9.609;14.8095;UCG.ITEUR
2022-03-18 15:00:00;9.606;9.629;9.539;9.599;9.5265;UCG.ITEUR
2022-03-18 16:00:00;9.596;9.609;9.579;9.589;3.303;UCG.ITEUR
2022-03-21 08:00:00;9.629;9.969;9.609;9.909;4.104;UCG.ITEUR
2022-03-21 09:00:00;9.919;9.939;9.729;9.759;2.538;UCG.ITEUR
2022-03-21 10:00:00;9.779;9.799;9.669;9.739;8.4375;UCG.ITEUR
2022-03-21 11:00:00;9.736;9.809;9.709;9.729;5.5575;UCG.ITEUR
2022-03-21 12:00:00;9.729;9.729;9.669;9.729;3.735;UCG.ITEUR
2022-03-21 13:00:00;9.719;9.769;9.659;9.669;7.6455;UCG.ITEUR
2022-03-21 14:00:00;9.666;9.699;9.629;9.689;7.893;UCG.ITEUR
2022-03-21 15:00:00;9.689;9.699;9.599;9.629;7.6095;UCG.ITEUR
2022-03-21 16:00:00;9.639;9.659;9.609;9.659;2.3625;UCG.ITEUR
2022-03-22 08:00:00;9.669;9.839;9.669;9.739;18.8685;UCG.ITEUR
2022-03-22 09:00:00;9.736;9.899;9.709;9.889;10.233;UCG.ITEUR
2022-03-22 10:00:00;9.899;9.929;9.779;9.799;10.125;UCG.ITEUR
2022-03-22 11:00:00;9.809;9.869;9.809;9.859;5.7375;UCG.ITEUR
2022-03-22 12:00:00;9.856;9.859;9.779;9.839;5.976;UCG.ITEUR
2022-03-22 13:00:00;9.829;9.889;9.819;9.889;5.9805;UCG.ITEUR
2022-03-22 14:00:00;9.899;9.909;9.819;9.849;8.55;UCG.ITEUR
2022-03-22 15:00:00;9.846;9.846;9.719;9.799;9.8865;UCG.ITEUR
2022-03-22 16:00:00;9.796;9.829;9.789;9.829;3.465;UCG.ITEUR
2022-03-23 08:00:00;9.799;9.849;9.739;9.799;14.0085;UCG.ITEUR
2022-03-23 09:00:00;9.796;9.809;9.669;9.719;9.0855;UCG.ITEUR
2022-03-23 10:00:00;9.716;9.759;9.699;9.759;5.958;UCG.ITEUR
2022-03-23 11:00:00;9.759;9.779;9.679;9.719;8.523;UCG.ITEUR
2022-03-23 12:00:00;9.729;9.739;9.649;9.659;7.2585;UCG.ITEUR
2022-03-23 13:00:00;9.669;9.679;9.559;9.579;10.053;UCG.ITEUR
2022-03-23 14:00:00;9.559;9.619;9.519;9.519;9.999;UCG.ITEUR
2022-03-23 15:00:00;9.516;9.559;9.489;9.529;7.569;UCG.ITEUR
2022-03-23 16:00:00;9.529;9.559;9.529;9.539;3.393;UCG.ITEUR
2022-03-24 08:00:00;9.599;9.609;9.449;9.479;11.7405;UCG.ITEUR
2022-03-24 09:00:00;9.476;9.519;9.429;9.459;7.5645;UCG.ITEUR
2022-03-24 10:00:00;9.456;9.499;9.409;9.489;8.964;UCG.ITEUR
2022-03-24 11:00:00;9.489;9.579;9.449;9.499;9.7875;UCG.ITEUR
2022-03-24 12:00:00;9.496;9.529;9.459;9.509;4.545;UCG.ITEUR
2022-03-24 13:00:00;9.509;9.569;9.479;9.539;9.9045;UCG.ITEUR
2022-03-24 14:00:00;9.536;9.559;9.469;9.509;9.774;UCG.ITEUR
2022-03-24 15:00:00;9.519;9.599;9.489;9.489;9.297;UCG.ITEUR
2022-03-24 16:00:00;9.486;9.509;9.449;9.509;3.447;UCG.ITEUR
2022-03-25 08:00:00;9.459;9.509;9.379;9.399;11.7855;UCG.ITEUR
2022-03-25 09:00:00;9.396;9.429;9.289;9.319;13.0905;UCG.ITEUR
2022-03-25 10:00:00;9.316;9.359;9.249;9.339;10.017;UCG.ITEUR
2022-03-25 11:00:00;9.329;9.359;9.319;9.349;7.6815;UCG.ITEUR
2022-03-25 12:00:00;9.339;9.349;9.289;9.299;5.9265;UCG.ITEUR
2022-03-25 13:00:00;9.309;9.459;9.289;9.439;10.5255;UCG.ITEUR
2022-03-25 14:00:00;9.436;9.489;9.409;9.469;9.927;UCG.ITEUR
2022-03-25 15:00:00;9.479;9.519;9.409;9.469;11.6955;UCG.ITEUR
2022-03-25 16:00:00;9.479;9.499;9.449;9.489;3.7125;UCG.ITEUR
2022-03-28 07:00:00;9.679;9.719;9.629;9.689;14.8876;UCG.ITEUR
2022-03-28 08:00:00;9.686;9.829;9.649;9.819;10.1281;UCG.ITEUR
2022-03-28 09:00:00;9.816;9.889;9.749;9.859;8.3187;UCG.ITEUR
2022-03-28 10:00:00;9.849;9.899;9.829;9.889;7.4534;UCG.ITEUR
2022-03-28 11:00:00;9.899;9.969;9.879;9.929;7.9274;UCG.ITEUR
2022-03-28 12:00:00;9.939;9.939;9.799;9.839;6.9794;UCG.ITEUR
2022-03-28 13:00:00;9.839;9.879;9.749;9.759;11.6871;UCG.ITEUR
2022-03-28 14:00:00;9.759;9.769;9.649;9.659;10.044;UCG.ITEUR
2022-03-28 15:00:00;9.656;9.669;9.569;9.619;9.4956;UCG.ITEUR
2022-03-29 07:00:00;9.796;9.809;9.679;9.729;14.2512;UCG.ITEUR
2022-03-29 08:00:00;9.726;9.819;9.709;9.769;8.6164;UCG.ITEUR
2022-03-29 09:00:00;9.779;10.059;9.769;9.989;17.6742;UCG.ITEUR
2022-03-29 10:00:00;9.986;10.099;9.979;10.039;11.5118;UCG.ITEUR
2022-03-29 11:00:00;10.029;10.179;9.929;10.139;17.4464;UCG.ITEUR
2022-03-29 12:00:00;10.149;10.469;10.139;10.439;19.6368;UCG.ITEUR
2022-03-29 13:00:00;10.436;10.439;10.249;10.289;17.8056;UCG.ITEUR
2022-03-29 14:00:00;10.299;10.359;10.239;10.349;18.4428;UCG.ITEUR
2022-03-29 15:00:00;10.359;10.369;10.229;10.289;3.4943;UCG.ITEUR
2022-03-30 07:00:00;10.269;10.389;10.129;10.169;23.8976;UCG.ITEUR
2022-03-30 08:00:00;10.169;10.179;10.059;10.119;10.9012;UCG.ITEUR
2022-03-30 09:00:00;10.129;10.229;10.109;10.189;9.0382;UCG.ITEUR
2022-03-30 10:00:00;10.189;10.199;10.109;10.149;11.0599;UCG.ITEUR
2022-03-30 11:00:00;10.159;10.169;10.129;10.139;4.9142;UCG.ITEUR
2022-03-30 12:00:00;10.129;10.209;10.099;10.199;8.7807;UCG.ITEUR
2022-03-30 13:00:00;10.189;10.249;10.099;10.119;14.3484;UCG.ITEUR
2022-03-30 14:00:00;10.129;10.159;10.029;10.129;8.9575;UCG.ITEUR
2022-03-30 15:00:00;10.119;10.149;10.109;10.129;5.2065;UCG.ITEUR
2022-03-31 07:00:00;10.209;10.259;10.109;10.129;15.4746;UCG.ITEUR
2022-03-31 08:00:00;10.139;10.159;10.069;10.139;7.6589;UCG.ITEUR
2022-03-31 09:00:00;10.149;10.179;10.099;10.129;6.0821;UCG.ITEUR
2022-03-31 10:00:00;10.139;10.159;10.109;10.129;4.313;UCG.ITEUR
2022-03-31 11:00:00;10.119;10.149;10.099;10.129;3.6662;UCG.ITEUR
2022-03-31 12:00:00;10.129;10.149;10.079;10.109;4.3043;UCG.ITEUR
2022-03-31 13:00:00;10.106;10.119;9.949;9.989;13.6513;UCG.ITEUR
2022-03-31 14:00:00;9.986;9.989;9.809;9.909;16.26;UCG.ITEUR
2022-03-31 15:00:00;9.906;9.909;9.829;9.859;4.883;UCG.ITEUR
2022-04-01 07:00:00;9.829;9.989;9.829;9.959;17.1944;UCG.ITEUR
2022-04-01 08:00:00;9.956;10.049;9.949;10.049;10.142;UCG.ITEUR
2022-04-01 09:00:00;10.046;10.079;9.959;10.039;9.9445;UCG.ITEUR
2022-04-01 10:00:00;10.049;10.089;9.969;9.989;7.0846;UCG.ITEUR
2022-04-01 11:00:00;9.986;10.049;9.979;10.029;5.2555;UCG.ITEUR
2022-04-01 12:00:00;10.026;10.059;10.019;10.049;7.4427;UCG.ITEUR
2022-04-01 13:00:00;10.046;10.079;9.999;10.019;7.4659;UCG.ITEUR
2022-04-01 14:00:00;10.029;10.039;9.949;9.999;10.008;UCG.ITEUR
2022-04-01 15:00:00;10.009;10.029;9.989;9.999;3.9302;UCG.ITEUR
2022-04-04 07:00:00;9.899;9.919;9.779;9.869;16.9256;UCG.ITEUR
2022-04-04 08:00:00;9.866;9.959;9.809;9.939;12.8824;UCG.ITEUR
2022-04-04 09:00:00;9.949;10.049;9.949;10.039;9.7558;UCG.ITEUR
2022-04-04 10:00:00;10.029;10.049;9.939;9.949;5.6619;UCG.ITEUR
2022-04-04 11:00:00;9.946;9.959;9.889;9.899;4.923;UCG.ITEUR
2022-04-04 12:00:00;9.899;9.919;9.849;9.849;4.8463;UCG.ITEUR
2022-04-04 13:00:00;9.859;9.929;9.819;9.929;8.2835;UCG.ITEUR
2022-04-04 14:00:00;9.919;9.959;9.899;9.899;9.7311;UCG.ITEUR
2022-04-04 15:00:00;9.899;9.939;9.899;9.939;2.5426;UCG.ITEUR
2022-04-05 07:00:00;9.829;9.919;9.819;9.879;10.9952;UCG.ITEUR
2022-04-05 08:00:00;9.889;9.969;9.859;9.929;7.4871;UCG.ITEUR
2022-04-05 09:00:00;9.939;9.969;9.819;9.829;9.4381;UCG.ITEUR
2022-04-05 10:00:00;9.839;9.879;9.779;9.829;12.3784;UCG.ITEUR
2022-04-05 11:00:00;9.826;9.826;9.749;9.789;4.8874;UCG.ITEUR
2022-04-05 12:00:00;9.799;9.799;9.699;9.699;4.4288;UCG.ITEUR
2022-04-05 13:00:00;9.709;9.759;9.689;9.739;8.731;UCG.ITEUR
2022-04-05 14:00:00;9.736;9.749;9.629;9.649;12.5818;UCG.ITEUR
2022-04-05 15:00:00;9.646;9.659;9.599;9.649;5.1923;UCG.ITEUR
2022-04-06 07:00:00;9.659;9.819;9.559;9.569;16.413;UCG.ITEUR
2022-04-06 08:00:00;9.579;9.659;9.429;9.489;15.9174;UCG.ITEUR
2022-04-06 09:00:00;9.499;9.579;9.479;9.569;7.9566;UCG.ITEUR
2022-04-06 10:00:00;9.569;9.589;9.439;9.449;7.6178;UCG.ITEUR
2022-04-06 11:00:00;9.459;9.459;9.369;9.369;7.4303;UCG.ITEUR
2022-04-06 12:00:00;9.379;9.389;9.299;9.329;8.0394;UCG.ITEUR
2022-04-06 13:00:00;9.326;9.359;9.249;9.259;12.9631;UCG.ITEUR
2022-04-06 14:00:00;9.269;9.409;9.239;9.389;14.428;UCG.ITEUR
2022-04-06 15:00:00;9.386;9.429;9.379;9.409;6.5224;UCG.ITEUR
2022-04-07 07:00:00;9.496;9.599;9.369;9.399;18.3448;UCG.ITEUR
2022-04-07 08:00:00;9.396;9.529;9.359;9.529;12.1414;UCG.ITEUR
2022-04-07 09:00:00;9.526;9.609;9.509;9.599;8.3954;UCG.ITEUR
2022-04-07 10:00:00;9.609;9.639;9.569;9.589;7.6752;UCG.ITEUR
2022-04-07 11:00:00;9.599;9.759;9.549;9.569;15.4886;UCG.ITEUR
2022-04-07 12:00:00;9.559;9.599;9.529;9.599;8.2962;UCG.ITEUR
2022-04-07 13:00:00;9.609;9.609;9.499;9.499;12.6938;UCG.ITEUR
2022-04-07 14:00:00;9.496;9.499;9.399;9.419;13.9672;UCG.ITEUR
2022-04-07 15:00:00;9.429;9.449;9.379;9.399;5.4567;UCG.ITEUR
2022-04-08 07:00:00;9.509;9.569;9.459;9.569;12.6804;UCG.ITEUR
2022-04-08 08:00:00;9.566;9.679;9.559;9.599;8.4039;UCG.ITEUR
2022-04-08 09:00:00;9.596;9.619;9.569;9.609;6.1124;UCG.ITEUR
2022-04-08 10:00:00;9.619;9.629;9.549;9.579;8.0776;UCG.ITEUR
2022-04-08 11:00:00;9.589;9.659;9.579;9.649;5.2003;UCG.ITEUR
2022-04-08 12:00:00;9.659;9.669;9.619;9.619;6.7819;UCG.ITEUR
2022-04-08 13:00:00;9.609;9.619;9.559;9.569;11.0318;UCG.ITEUR
2022-04-08 14:00:00;9.569;9.619;9.549;9.619;9.405;UCG.ITEUR
2022-04-08 15:00:00;9.609;9.629;9.599;9.609;3.236;UCG.ITEUR
2022-04-11 07:00:00;9.819;9.879;9.669;9.829;19.321;UCG.ITEUR
2022-04-11 08:00:00;9.839;9.849;9.649;9.729;13.3549;UCG.ITEUR
2022-04-11 09:00:00;9.739;9.869;9.719;9.829;9.303;UCG.ITEUR
2022-04-11 10:00:00;9.829;9.869;9.779;9.839;7.8218;UCG.ITEUR
2022-04-11 11:00:00;9.829;9.869;9.759;9.779;6.3296;UCG.ITEUR
2022-04-11 12:00:00;9.779;9.789;9.659;9.659;8.8726;UCG.ITEUR
2022-04-11 13:00:00;9.656;9.789;9.649;9.789;14.5416;UCG.ITEUR
2022-04-11 14:00:00;9.786;9.789;9.689;9.709;11.1458;UCG.ITEUR
2022-04-11 15:00:00;9.706;9.709;9.659;9.679;5.1894;UCG.ITEUR
2022-04-12 07:00:00;9.429;9.479;9.249;9.329;20.978;UCG.ITEUR
2022-04-12 08:00:00;9.319;9.459;9.259;9.399;12.4754;UCG.ITEUR
2022-04-12 09:00:00;9.396;9.489;9.379;9.449;10.79;UCG.ITEUR
2022-04-12 10:00:00;9.439;9.569;9.439;9.519;10.8016;UCG.ITEUR
2022-04-12 11:00:00;9.529;9.539;9.429;9.479;6.4058;UCG.ITEUR
2022-04-12 12:00:00;9.476;9.519;9.399;9.479;12.7242;UCG.ITEUR
2022-04-12 13:00:00;9.476;9.479;9.349;9.399;12.9045;UCG.ITEUR
2022-04-12 14:00:00;9.396;9.429;9.339;9.339;10.5104;UCG.ITEUR
2022-04-12 15:00:00;9.349;9.359;9.319;9.329;2.8253;UCG.ITEUR
2022-04-13 07:00:00;9.279;9.389;9.249;9.379;13.3599;UCG.ITEUR
2022-04-13 08:00:00;9.389;9.429;9.369;9.409;9.4783;UCG.ITEUR
2022-04-13 09:00:00;9.419;9.429;9.359;9.379;6.3125;UCG.ITEUR
2022-04-13 10:00:00;9.369;9.419;9.359;9.409;7.0041;UCG.ITEUR
2022-04-13 11:00:00;9.399;9.419;9.389;9.389;4.7279;UCG.ITEUR
2022-04-13 12:00:00;9.389;9.419;9.379;9.389;4.0565;UCG.ITEUR
2022-04-13 13:00:00;9.399;9.429;9.379;9.409;6.4158;UCG.ITEUR
2022-04-13 14:00:00;9.399;9.429;9.389;9.419;6.1568;UCG.ITEUR
2022-04-13 15:00:00;9.419;9.449;9.409;9.449;2.6008;UCG.ITEUR
2022-04-14 07:00:00;9.486;9.569;9.469;9.489;12.1682;UCG.ITEUR
2022-04-14 08:00:00;9.486;9.509;9.449;9.489;6.2799;UCG.ITEUR
2022-04-14 09:00:00;9.486;9.499;9.429;9.449;8.8895;UCG.ITEUR
2022-04-14 10:00:00;9.459;9.549;9.459;9.529;6.2865;UCG.ITEUR
2022-04-14 11:00:00;9.529;9.589;9.479;9.509;8.9977;UCG.ITEUR
2022-04-14 12:00:00;9.499;9.569;9.489;9.559;8.0418;UCG.ITEUR
2022-04-14 13:00:00;9.569;9.629;9.559;9.589;9.9553;UCG.ITEUR
2022-04-14 14:00:00;9.569;9.629;9.549;9.569;9.4473;UCG.ITEUR
2022-04-14 15:00:00;9.566;9.629;9.559;9.619;2.3316;UCG.ITEUR
2022-04-19 07:00:00;9.139;9.329;9.109;9.319;17.3064;UCG.ITEUR
2022-04-19 08:00:00;9.329;9.349;9.249;9.269;10.1218;UCG.ITEUR
2022-04-19 09:00:00;9.279;9.279;9.209;9.229;6.8958;UCG.ITEUR
2022-04-19 10:00:00;9.239;9.249;9.209;9.239;5.502;UCG.ITEUR
2022-04-19 11:00:00;9.249;9.249;9.199;9.229;4.0302;UCG.ITEUR
2022-04-19 12:00:00;9.226;9.229;9.199;9.199;3.6658;UCG.ITEUR
2022-04-19 13:00:00;9.199;9.309;9.179;9.309;8.2935;UCG.ITEUR
2022-04-19 14:00:00;9.299;9.339;9.269;9.299;7.1298;UCG.ITEUR
2022-04-19 15:00:00;9.296;9.319;9.279;9.289;2.8437;UCG.ITEUR
2022-04-20 07:00:00;9.349;9.419;9.319;9.379;11.9982;UCG.ITEUR
2022-04-20 08:00:00;9.376;9.389;9.329;9.369;7.9288;UCG.ITEUR
2022-04-20 09:00:00;9.359;9.449;9.359;9.419;8.6777;UCG.ITEUR
2022-04-20 10:00:00;9.429;9.479;9.409;9.459;5.2198;UCG.ITEUR
2022-04-20 11:00:00;9.459;9.469;9.409;9.459;5.9888;UCG.ITEUR
2022-04-20 12:00:00;9.459;9.539;9.449;9.519;5.7421;UCG.ITEUR
2022-04-20 13:00:00;9.529;9.559;9.479;9.479;7.1789;UCG.ITEUR
2022-04-20 14:00:00;9.489;9.499;9.449;9.499;8.6028;UCG.ITEUR
2022-04-20 15:00:00;9.489;9.499;9.459;9.479;1.1768;UCG.ITEUR
2022-04-21 07:00:00;9.439;9.489;9.419;9.479;9.7576;UCG.ITEUR
2022-04-21 08:00:00;9.476;9.529;9.459;9.519;6.9978;UCG.ITEUR
2022-04-21 09:00:00;9.529;9.559;9.499;9.549;8.4667;UCG.ITEUR
2022-04-21 10:00:00;9.559;9.579;9.519;9.579;4.8424;UCG.ITEUR
2022-04-21 11:00:00;9.576;9.576;9.509;9.539;4.8064;UCG.ITEUR
2022-04-21 12:00:00;9.549;9.569;9.519;9.569;5.0775;UCG.ITEUR
2022-04-21 13:00:00;9.566;9.579;9.489;9.509;6.24;UCG.ITEUR
2022-04-21 14:00:00;9.509;9.529;9.469;9.479;7.3999;UCG.ITEUR
2022-04-21 15:00:00;9.476;9.479;9.459;9.479;1.9322;UCG.ITEUR
2022-04-22 07:00:00;9.349;9.459;9.339;9.429;15.2702;UCG.ITEUR
2022-04-22 08:00:00;9.429;9.459;9.309;9.329;9.8444;UCG.ITEUR
2022-04-22 09:00:00;9.319;9.349;9.199;9.199;8.7794;UCG.ITEUR
2022-04-22 10:00:00;9.209;9.279;9.199;9.259;6.4962;UCG.ITEUR
2022-04-22 11:00:00;9.269;9.279;9.229;9.239;4.9161;UCG.ITEUR
2022-04-22 12:00:00;9.239;9.269;9.219;9.249;5.7878;UCG.ITEUR
2022-04-22 13:00:00;9.246;9.269;9.199;9.209;8.086;UCG.ITEUR
2022-04-22 14:00:00;9.206;9.279;9.199;9.239;9.5056;UCG.ITEUR
2022-04-22 15:00:00;9.249;9.259;9.219;9.229;2.7549;UCG.ITEUR
2022-04-25 07:00:00;9.099;9.259;9.079;9.149;17.4404;UCG.ITEUR
2022-04-25 08:00:00;9.139;9.189;9.029;9.039;11.7862;UCG.ITEUR
2022-04-25 09:00:00;9.049;9.109;9.009;9.089;11.37;UCG.ITEUR
2022-04-25 10:00:00;9.099;9.109;9.069;9.089;7.9076;UCG.ITEUR
2022-04-25 11:00:00;9.099;9.189;9.089;9.159;10.4913;UCG.ITEUR
2022-04-25 12:00:00;9.156;9.209;9.129;9.199;5.4618;UCG.ITEUR
2022-04-25 13:00:00;9.196;9.229;9.119;9.119;10.2535;UCG.ITEUR
2022-04-25 14:00:00;9.119;9.159;9.079;9.079;9.2087;UCG.ITEUR
2022-04-25 15:00:00;9.079;9.129;9.079;9.089;4.8972;UCG.ITEUR
2022-04-26 07:00:00;9.269;9.269;9.089;9.119;13.8762;UCG.ITEUR
2022-04-26 08:00:00;9.116;9.139;9.029;9.079;9.4554;UCG.ITEUR
2022-04-26 09:00:00;9.089;9.099;8.959;8.979;7.2495;UCG.ITEUR
2022-04-26 10:00:00;8.989;8.989;8.929;8.929;5.9068;UCG.ITEUR
2022-04-26 11:00:00;8.919;8.979;8.899;8.949;6.7976;UCG.ITEUR
2022-04-26 12:00:00;8.939;8.979;8.899;8.899;5.8493;UCG.ITEUR
2022-04-26 13:00:00;8.909;8.969;8.899;8.969;9.5212;UCG.ITEUR
2022-04-26 14:00:00;8.959;9.009;8.899;8.899;10.9842;UCG.ITEUR
2022-04-26 15:00:00;8.896;8.899;8.849;8.859;6.9778;UCG.ITEUR
2022-04-27 07:00:00;8.809;8.829;8.589;8.689;4.0633;UCG.ITEUR
2022-04-27 08:00:00;8.699;8.849;8.679;8.809;2.7745;UCG.ITEUR
2022-04-27 09:00:00;8.799;8.919;8.799;8.909;2.5239;UCG.ITEUR
2022-04-27 10:00:00;8.919;8.929;8.849;8.899;2.506;UCG.ITEUR
2022-04-27 11:00:00;8.899;8.899;8.799;8.839;8.4958;UCG.ITEUR
2022-04-27 12:00:00;8.829;8.889;8.729;8.759;7.6293;UCG.ITEUR
2022-04-27 13:00:00;8.756;8.849;8.729;8.779;12.6712;UCG.ITEUR
2022-04-27 14:00:00;8.789;8.819;8.729;8.799;12.5632;UCG.ITEUR
2022-04-27 15:00:00;8.809;8.839;8.789;8.819;6.9016;UCG.ITEUR
2022-04-28 07:00:00;8.879;8.959;8.839;8.909;15.4962;UCG.ITEUR
2022-04-28 08:00:00;8.919;9.009;8.909;8.989;9.2329;UCG.ITEUR
2022-04-28 09:00:00;8.986;8.989;8.929;8.959;7.2569;UCG.ITEUR
2022-04-28 10:00:00;8.956;8.969;8.859;8.899;7.248;UCG.ITEUR
2022-04-28 11:00:00;8.909;8.959;8.899;8.919;5.9082;UCG.ITEUR
2022-04-28 12:00:00;8.929;8.969;8.899;8.909;7.2346;UCG.ITEUR
2022-04-28 13:00:00;8.906;8.909;8.709;8.709;13.217;UCG.ITEUR
2022-04-28 14:00:00;8.706;8.709;8.609;8.689;13.5228;UCG.ITEUR
2022-04-28 15:00:00;8.699;8.729;8.679;8.719;4.8431;UCG.ITEUR
2022-04-29 07:00:00;8.849;8.979;8.849;8.939;13.2122;UCG.ITEUR
2022-04-29 08:00:00;8.936;8.939;8.869;8.879;7.3044;UCG.ITEUR
2022-04-29 09:00:00;8.876;8.889;8.779;8.799;7.7364;UCG.ITEUR
2022-04-29 10:00:00;8.796;8.819;8.719;8.739;6.6176;UCG.ITEUR
2022-04-29 11:00:00;8.736;8.779;8.729;8.769;7.8056;UCG.ITEUR
2022-04-29 12:00:00;8.779;8.869;8.769;8.869;9.0826;UCG.ITEUR
2022-04-29 13:00:00;8.859;8.919;8.839;8.919;9.7487;UCG.ITEUR
2022-04-29 14:00:00;8.916;8.929;8.809;8.869;11.0478;UCG.ITEUR
2022-04-29 15:00:00;8.866;8.899;8.849;8.859;4.4936;UCG.ITEUR
2022-05-02 07:00:00;8.889;8.889;8.499;8.499;11.5428;UCG.ITEUR
2022-05-02 08:00:00;8.496;8.739;8.459;8.679;23.8924;UCG.ITEUR
2022-05-02 09:00:00;8.689;8.789;8.679;8.769;7.9879;UCG.ITEUR
2022-05-02 10:00:00;8.779;8.829;8.759;8.779;4.4293;UCG.ITEUR
2022-05-02 11:00:00;8.789;8.799;8.679;8.689;5.8617;UCG.ITEUR
2022-05-02 12:00:00;8.699;8.719;8.669;8.709;4.4698;UCG.ITEUR
2022-05-02 13:00:00;8.719;8.759;8.649;8.739;11.5303;UCG.ITEUR
2022-05-02 14:00:00;8.736;8.749;8.659;8.679;15.385;UCG.ITEUR
2022-05-02 15:00:00;8.689;8.709;8.649;8.659;6.3837;UCG.ITEUR
2022-05-03 07:00:00;8.739;8.809;8.719;8.739;14.2706;UCG.ITEUR
2022-05-03 08:00:00;8.749;8.779;8.629;8.639;11.3502;UCG.ITEUR
2022-05-03 09:00:00;8.649;8.649;8.599;8.609;10.6313;UCG.ITEUR
2022-05-03 10:00:00;8.619;8.619;8.549;8.559;8.1166;UCG.ITEUR
2022-05-03 11:00:00;8.569;8.609;8.549;8.589;6.595;UCG.ITEUR
2022-05-03 12:00:00;8.599;8.649;8.589;8.599;5.4461;UCG.ITEUR
2022-05-03 13:00:00;8.609;8.609;8.549;8.569;8.5361;UCG.ITEUR
2022-05-03 14:00:00;8.579;8.619;8.559;8.589;8.1264;UCG.ITEUR
2022-05-03 15:00:00;8.599;8.639;8.579;8.639;5.2816;UCG.ITEUR
2022-05-04 07:00:00;8.679;8.709;8.619;8.619;9.7306;UCG.ITEUR
2022-05-04 08:00:00;8.616;8.689;8.599;8.649;8.4449;UCG.ITEUR
2022-05-04 09:00:00;8.646;8.679;8.609;8.659;5.044;UCG.ITEUR
2022-05-04 10:00:00;8.659;8.669;8.629;8.649;3.4091;UCG.ITEUR
2022-05-04 11:00:00;8.639;8.649;8.599;8.599;4.5014;UCG.ITEUR
2022-05-04 12:00:00;8.599;8.609;8.569;8.579;1.9035;UCG.ITEUR
2022-05-04 13:00:00;8.589;8.629;8.559;8.559;5.8032;UCG.ITEUR
2022-05-04 14:00:00;8.556;8.559;8.429;8.439;8.3991;UCG.ITEUR
2022-05-04 15:00:00;8.439;8.449;8.359;8.429;6.5534;UCG.ITEUR
2022-05-05 07:00:00;9.029;9.029;8.849;8.939;25.2656;UCG.ITEUR
2022-05-05 08:00:00;8.936;8.959;8.889;8.939;15.1475;UCG.ITEUR
2022-05-05 09:00:00;8.936;8.949;8.889;8.939;6.7747;UCG.ITEUR
2022-05-05 10:00:00;8.936;8.969;8.929;8.949;6.0592;UCG.ITEUR
2022-05-05 11:00:00;8.949;8.949;8.869;8.899;8.3419;UCG.ITEUR
2022-05-05 12:00:00;8.896;8.959;8.869;8.879;7.691;UCG.ITEUR
2022-05-05 13:00:00;8.869;8.869;8.779;8.789;9.0555;UCG.ITEUR
2022-05-05 14:00:00;8.799;8.799;8.699;8.739;13.3538;UCG.ITEUR
2022-05-05 15:00:00;8.736;8.749;8.549;8.589;8.3862;UCG.ITEUR
2022-05-06 07:00:00;8.589;8.609;8.429;8.489;14.1135;UCG.ITEUR
2022-05-06 08:00:00;8.486;8.569;8.459;8.499;11.2354;UCG.ITEUR
2022-05-06 09:00:00;8.509;8.539;8.449;8.539;10.1762;UCG.ITEUR
2022-05-06 10:00:00;8.536;8.539;8.489;8.499;7.0888;UCG.ITEUR
2022-05-06 11:00:00;8.489;8.519;8.419;8.439;6.7921;UCG.ITEUR
2022-05-06 12:00:00;8.436;8.499;8.399;8.399;9.9405;UCG.ITEUR
2022-05-06 13:00:00;8.409;8.439;8.279;8.289;12.1606;UCG.ITEUR
2022-05-06 14:00:00;8.299;8.339;8.229;8.299;15.8824;UCG.ITEUR
2022-05-06 15:00:00;8.296;8.309;8.259;8.269;5.3904;UCG.ITEUR
2022-05-09 07:00:00;8.296;8.359;8.189;8.209;12.7216;UCG.ITEUR
2022-05-09 08:00:00;8.206;8.206;8.139;8.159;10.7364;UCG.ITEUR
2022-05-09 09:00:00;8.159;8.189;8.119;8.179;7.8747;UCG.ITEUR
2022-05-09 10:00:00;8.169;8.209;8.129;8.129;7.2501;UCG.ITEUR
2022-05-09 11:00:00;8.139;8.169;8.119;8.169;5.9597;UCG.ITEUR
2022-05-09 12:00:00;8.166;8.179;8.119;8.169;6.3788;UCG.ITEUR
2022-05-09 13:00:00;8.159;8.159;8.069;8.069;10.0309;UCG.ITEUR
2022-05-09 14:00:00;8.079;8.079;7.889;7.899;8.632;UCG.ITEUR
2022-05-09 15:00:00;7.896;7.969;7.869;7.959;6.777;UCG.ITEUR
2022-05-10 07:00:00;8.159;8.339;8.139;8.239;16.78;UCG.ITEUR
2022-05-10 08:00:00;8.239;8.399;8.229;8.359;10.7976;UCG.ITEUR
2022-05-10 09:00:00;8.356;8.389;8.339;8.349;7.9098;UCG.ITEUR
2022-05-10 10:00:00;8.346;8.459;8.319;8.429;6.1086;UCG.ITEUR
2022-05-10 11:00:00;8.439;8.479;8.399;8.439;9.2531;UCG.ITEUR
2022-05-10 12:00:00;8.449;8.529;8.429;8.519;7.2726;UCG.ITEUR
2022-05-10 13:00:00;8.509;8.589;8.509;8.549;10.3362;UCG.ITEUR
2022-05-10 14:00:00;8.539;8.559;8.429;8.459;12.9502;UCG.ITEUR
2022-05-10 15:00:00;8.469;8.489;8.429;8.439;7.137;UCG.ITEUR
2022-05-11 07:00:00;8.739;8.899;8.609;8.899;25.7186;UCG.ITEUR
2022-05-11 08:00:00;8.896;9.109;8.829;9.099;16.0348;UCG.ITEUR
2022-05-11 09:00:00;9.109;9.219;9.039;9.189;12.4838;UCG.ITEUR
2022-05-11 10:00:00;9.186;9.249;9.139;9.249;10.1707;UCG.ITEUR
2022-05-11 11:00:00;9.246;9.319;9.219;9.299;6.1272;UCG.ITEUR
2022-05-11 12:00:00;9.309;9.339;9.069;9.069;13.1573;UCG.ITEUR
2022-05-11 13:00:00;9.069;9.359;9.039;9.349;19.0624;UCG.ITEUR
2022-05-11 14:00:00;9.339;9.449;9.309;9.449;14.2396;UCG.ITEUR
2022-05-11 15:00:00;9.446;9.449;9.379;9.379;6.792;UCG.ITEUR
2022-05-12 07:00:00;9.039;9.439;9.029;9.369;29.2654;UCG.ITEUR
2022-05-12 08:00:00;9.379;9.519;9.319;9.429;17.6666;UCG.ITEUR
2022-05-12 09:00:00;9.426;9.426;9.299;9.319;11.1847;UCG.ITEUR
2022-05-12 10:00:00;9.329;9.399;9.319;9.399;8.8989;UCG.ITEUR
2022-05-12 11:00:00;9.409;9.449;9.329;9.339;10.0803;UCG.ITEUR
2022-05-12 12:00:00;9.349;9.439;9.339;9.409;11.3164;UCG.ITEUR
2022-05-12 13:00:00;9.419;9.499;9.369;9.469;12.4108;UCG.ITEUR
2022-05-12 14:00:00;9.466;9.769;9.439;9.709;19.4936;UCG.ITEUR
2022-05-12 15:00:00;9.706;9.789;9.689;9.699;6.2026;UCG.ITEUR
2022-05-13 07:00:00;9.709;9.789;9.609;9.659;18.5474;UCG.ITEUR
2022-05-13 08:00:00;9.669;9.769;9.639;9.709;10.4831;UCG.ITEUR
2022-05-13 09:00:00;9.719;9.729;9.639;9.699;8.1348;UCG.ITEUR
2022-05-13 10:00:00;9.709;9.719;9.649;9.669;5.8895;UCG.ITEUR
2022-05-13 11:00:00;9.669;9.689;9.639;9.669;7.3849;UCG.ITEUR
2022-05-13 12:00:00;9.666;9.699;9.659;9.689;4.3929;UCG.ITEUR
2022-05-13 13:00:00;9.686;9.689;9.619;9.669;9.2316;UCG.ITEUR
2022-05-13 14:00:00;9.679;9.719;9.629;9.649;11.1484;UCG.ITEUR
2022-05-13 15:00:00;9.646;9.709;9.639;9.699;3.9573;UCG.ITEUR
2022-05-16 07:00:00;9.659;9.789;9.639;9.749;13.8375;UCG.ITEUR
2022-05-16 08:00:00;9.759;9.769;9.699;9.769;8.073;UCG.ITEUR
2022-05-16 09:00:00;9.759;9.879;9.759;9.809;6.8895;UCG.ITEUR
2022-05-16 10:00:00;9.799;9.809;9.749;9.759;5.553;UCG.ITEUR
2022-05-16 11:00:00;9.769;9.799;9.759;9.789;8.307;UCG.ITEUR
2022-05-16 12:00:00;9.779;9.809;9.759;9.789;5.3775;UCG.ITEUR
2022-05-16 13:00:00;9.789;9.789;9.639;9.659;11.079;UCG.ITEUR
2022-05-16 14:00:00;9.669;9.719;9.649;9.679;9.5805;UCG.ITEUR
2022-05-16 15:00:00;9.669;9.709;9.649;9.709;4.2075;UCG.ITEUR
2022-05-17 07:00:00;9.759;9.879;9.719;9.849;12.591;UCG.ITEUR
2022-05-17 08:00:00;9.846;9.949;9.829;9.869;8.3925;UCG.ITEUR
2022-05-17 09:00:00;9.879;9.899;9.839;9.869;7.2135;UCG.ITEUR
2022-05-17 10:00:00;9.879;9.889;9.829;9.849;4.68;UCG.ITEUR
2022-05-17 11:00:00;9.849;9.869;9.819;9.849;5.778;UCG.ITEUR
2022-05-17 12:00:00;9.849;9.869;9.799;9.849;5.8905;UCG.ITEUR
2022-05-17 13:00:00;9.859;9.879;9.799;9.809;8.3565;UCG.ITEUR
2022-05-17 14:00:00;9.819;9.829;9.729;9.779;8.865;UCG.ITEUR
2022-05-17 15:00:00;9.789;9.789;9.739;9.749;4.0095;UCG.ITEUR
2022-05-18 07:00:00;9.759;9.799;9.709;9.779;11.295;UCG.ITEUR
2022-05-18 08:00:00;9.776;9.789;9.709;9.779;7.3845;UCG.ITEUR
2022-05-18 09:00:00;9.789;9.869;9.759;9.869;5.0535;UCG.ITEUR
2022-05-18 10:00:00;9.879;9.969;9.879;9.959;8.0775;UCG.ITEUR
2022-05-18 11:00:00;9.959;9.999;9.919;9.999;7.371;UCG.ITEUR
2022-05-18 12:00:00;10.009;10.049;9.939;9.949;6.894;UCG.ITEUR
2022-05-18 13:00:00;9.959;10.009;9.949;9.989;8.199;UCG.ITEUR
2022-05-18 14:00:00;9.986;10.069;9.979;10.069;5.418;UCG.ITEUR
2022-05-18 15:00:00;10.059;10.069;9.979;9.989;4.1535;UCG.ITEUR
2022-05-19 07:00:00;9.956;9.959;9.859;9.909;14.5035;UCG.ITEUR
2022-05-19 08:00:00;9.906;9.919;9.869;9.889;11.097;UCG.ITEUR
2022-05-19 09:00:00;9.886;9.919;9.859;9.879;8.4915;UCG.ITEUR
2022-05-19 10:00:00;9.876;10.039;9.869;10.039;8.676;UCG.ITEUR
2022-05-19 11:00:00;10.036;10.059;9.979;10.039;12.195;UCG.ITEUR
2022-05-19 12:00:00;10.029;10.049;9.989;10.019;9.0135;UCG.ITEUR
2022-05-19 13:00:00;10.029;10.219;10.019;10.119;13.77;UCG.ITEUR
2022-05-19 14:00:00;10.129;10.179;10.119;10.139;12.384;UCG.ITEUR
2022-05-19 15:00:00;10.136;10.159;10.089;10.099;5.922;UCG.ITEUR
2022-05-20 07:00:00;10.159;10.169;10.049;10.099;13.6755;UCG.ITEUR
2022-05-20 08:00:00;10.099;10.139;10.009;10.109;9.162;UCG.ITEUR
2022-05-20 09:00:00;10.099;10.149;10.069;10.089;8.2125;UCG.ITEUR
2022-05-20 10:00:00;10.099;10.159;10.089;10.119;9.5805;UCG.ITEUR
2022-05-20 11:00:00;10.116;10.119;10.009;10.059;6.336;UCG.ITEUR
2022-05-20 12:00:00;10.056;10.099;10.029;10.049;7.2855;UCG.ITEUR
2022-05-20 13:00:00;10.046;10.059;10.009;10.039;11.016;UCG.ITEUR
2022-05-20 14:00:00;10.049;10.049;9.919;9.919;10.395;UCG.ITEUR
2022-05-20 15:00:00;9.929;9.959;9.919;9.939;5.922;UCG.ITEUR
2022-05-23 07:00:00;10.049;10.139;10.049;10.119;10.1655;UCG.ITEUR
2022-05-23 08:00:00;10.129;10.199;10.079;10.159;8.766;UCG.ITEUR
2022-05-23 09:00:00;10.159;10.169;10.139;10.159;7.0965;UCG.ITEUR
2022-05-23 10:00:00;10.159;10.179;10.149;10.169;3.78;UCG.ITEUR
2022-05-23 11:00:00;10.159;10.179;10.139;10.149;5.058;UCG.ITEUR
2022-05-23 12:00:00;10.149;10.219;10.149;10.209;4.905;UCG.ITEUR
2022-05-23 13:00:00;10.209;10.269;10.199;10.229;11.0385;UCG.ITEUR
2022-05-23 14:00:00;10.239;10.289;10.189;10.289;11.1015;UCG.ITEUR
2022-05-23 15:00:00;10.279;10.339;10.279;10.309;1.818;UCG.ITEUR
2022-05-24 07:00:00;10.129;10.449;10.129;10.419;20.1195;UCG.ITEUR
2022-05-24 08:00:00;10.416;10.479;10.379;10.389;9.8865;UCG.ITEUR
2022-05-24 09:00:00;10.389;10.459;10.339;10.439;7.2585;UCG.ITEUR
2022-05-24 10:00:00;10.436;10.489;10.429;10.479;5.2695;UCG.ITEUR
2022-05-24 11:00:00;10.489;10.499;10.459;10.489;7.1955;UCG.ITEUR
2022-05-24 12:00:00;10.499;10.509;10.379;10.429;7.659;UCG.ITEUR
2022-05-24 13:00:00;10.426;10.599;10.409;10.599;10.116;UCG.ITEUR
2022-05-24 14:00:00;10.599;10.599;10.409;10.499;17.3565;UCG.ITEUR
2022-05-24 15:00:00;10.489;10.509;10.389;10.419;4.5135;UCG.ITEUR
2022-05-25 07:00:00;10.589;10.599;10.489;10.539;11.4165;UCG.ITEUR
2022-05-25 08:00:00;10.549;10.549;10.399;10.489;8.5185;UCG.ITEUR
2022-05-25 09:00:00;10.499;10.509;10.449;10.499;5.319;UCG.ITEUR
2022-05-25 10:00:00;10.509;10.559;10.509;10.519;4.1085;UCG.ITEUR
2022-05-25 11:00:00;10.516;10.539;10.429;10.469;5.8545;UCG.ITEUR
2022-05-25 12:00:00;10.466;10.529;10.439;10.519;4.9005;UCG.ITEUR
2022-05-25 13:00:00;10.529;10.589;10.499;10.559;9.0405;UCG.ITEUR
2022-05-25 14:00:00;10.556;10.709;10.539;10.679;7.983;UCG.ITEUR
2022-05-25 15:00:00;10.676;10.689;10.659;10.669;2.439;UCG.ITEUR
2022-05-26 07:00:00;10.689;10.709;10.519;10.699;10.9665;UCG.ITEUR
2022-05-26 08:00:00;10.699;10.699;10.639;10.649;3.6315;UCG.ITEUR
2022-05-26 09:00:00;10.659;10.689;10.639;10.689;3.564;UCG.ITEUR
2022-05-26 10:00:00;10.679;10.699;10.629;10.669;4.248;UCG.ITEUR
2022-05-26 11:00:00;10.669;10.699;10.649;10.659;4.41;UCG.ITEUR
2022-05-26 12:00:00;10.669;10.719;10.629;10.699;4.266;UCG.ITEUR
2022-05-26 13:00:00;10.709;10.769;10.689;10.729;7.8975;UCG.ITEUR
2022-05-26 14:00:00;10.729;10.759;10.719;10.749;5.7645;UCG.ITEUR
2022-05-26 15:00:00;10.759;10.799;10.749;10.789;2.754;UCG.ITEUR
2022-05-27 07:00:00;10.739;10.749;10.609;10.629;10.9305;UCG.ITEUR
2022-05-27 08:00:00;10.626;10.719;10.569;10.689;7.542;UCG.ITEUR
2022-05-27 09:00:00;10.686;10.819;10.669;10.819;6.5295;UCG.ITEUR
2022-05-27 10:00:00;10.816;10.889;10.789;10.839;6.624;UCG.ITEUR
2022-05-27 11:00:00;10.836;10.839;10.789;10.819;4.914;UCG.ITEUR
2022-05-27 12:00:00;10.816;10.839;10.769;10.839;6.165;UCG.ITEUR
2022-05-27 13:00:00;10.839;10.879;10.809;10.819;6.1335;UCG.ITEUR
2022-05-27 14:00:00;10.816;10.819;10.749;10.769;5.076;UCG.ITEUR
2022-05-27 15:00:00;10.759;10.819;10.759;10.819;2.6055;UCG.ITEUR
2022-05-30 07:00:00;10.919;10.979;10.879;10.969;9.675;UCG.ITEUR
2022-05-30 08:00:00;10.966;10.989;10.869;10.879;8.379;UCG.ITEUR
2022-05-30 09:00:00;10.889;10.889;10.809;10.869;4.9905;UCG.ITEUR
2022-05-30 10:00:00;10.869;10.909;10.849;10.879;4.6935;UCG.ITEUR
2022-05-30 11:00:00;10.889;10.889;10.859;10.879;3.2355;UCG.ITEUR
2022-05-30 12:00:00;10.889;10.889;10.839;10.879;2.4525;UCG.ITEUR
2022-05-30 13:00:00;10.869;10.899;10.869;10.889;1.7055;UCG.ITEUR
2022-05-30 14:00:00;10.889;10.979;10.889;10.959;3.024;UCG.ITEUR
2022-05-30 15:00:00;10.956;10.959;10.889;10.919;3.5685;UCG.ITEUR
2022-05-31 07:00:00;10.829;10.969;10.809;10.959;10.233;UCG.ITEUR
2022-05-31 08:00:00;10.969;11.029;10.959;10.969;7.4745;UCG.ITEUR
2022-05-31 09:00:00;10.966;10.969;10.899;10.919;7.713;UCG.ITEUR
2022-05-31 10:00:00;10.929;10.939;10.899;10.899;3.8745;UCG.ITEUR
2022-05-31 11:00:00;10.909;10.909;10.869;10.879;2.5515;UCG.ITEUR
2022-05-31 12:00:00;10.879;10.879;10.779;10.779;6.6825;UCG.ITEUR
2022-05-31 13:00:00;10.776;10.849;10.759;10.799;10.926;UCG.ITEUR
2022-05-31 14:00:00;10.819;10.899;10.799;10.899;12.7755;UCG.ITEUR
2022-05-31 15:00:00;10.896;10.899;10.859;10.859;4.356;UCG.ITEUR
2022-06-01 07:00:00;11.029;11.049;10.929;10.979;8.406;UCG.ITEUR
2022-06-01 08:00:00;10.989;10.999;10.939;10.939;6.1425;UCG.ITEUR
2022-06-01 09:00:00;10.939;10.969;10.919;10.929;4.176;UCG.ITEUR
2022-06-01 10:00:00;10.919;10.919;10.889;10.899;4.1895;UCG.ITEUR
2022-06-01 11:00:00;10.899;10.919;10.879;10.919;3.4605;UCG.ITEUR
2022-06-01 12:00:00;10.916;10.919;10.879;10.879;4.932;UCG.ITEUR
2022-06-01 13:00:00;10.876;10.899;10.849;10.879;9.018;UCG.ITEUR
2022-06-01 14:00:00;10.869;10.889;10.759;10.789;10.1025;UCG.ITEUR
2022-06-01 15:00:00;10.786;10.786;10.709;10.709;4.6125;UCG.ITEUR
2022-06-02 07:00:00;10.739;10.739;10.609;10.659;8.0865;UCG.ITEUR
2022-06-02 08:00:00;10.656;10.729;10.639;10.679;5.571;UCG.ITEUR
2022-06-02 09:00:00;10.689;10.709;10.669;10.679;4.6395;UCG.ITEUR
2022-06-02 10:00:00;10.679;10.719;10.679;10.709;3.2715;UCG.ITEUR
2022-06-02 11:00:00;10.706;10.719;10.689;10.709;2.682;UCG.ITEUR
2022-06-02 12:00:00;10.706;10.709;10.679;10.689;4.131;UCG.ITEUR
2022-06-02 13:00:00;10.689;10.699;10.649;10.679;8.82;UCG.ITEUR
2022-06-02 14:00:00;10.676;10.699;10.619;10.659;6.084;UCG.ITEUR
2022-06-02 15:00:00;10.656;10.699;10.649;10.689;1.7145;UCG.ITEUR
2022-06-03 07:00:00;10.689;10.709;10.559;10.649;9.0495;UCG.ITEUR
2022-06-03 08:00:00;10.639;10.659;10.609;10.639;4.608;UCG.ITEUR
2022-06-03 09:00:00;10.639;10.679;10.629;10.659;4.365;UCG.ITEUR
2022-06-03 10:00:00;10.669;10.669;10.619;10.649;7.218;UCG.ITEUR
2022-06-03 11:00:00;10.639;10.709;10.619;10.699;5.868;UCG.ITEUR
2022-06-03 12:00:00;10.699;10.719;10.639;10.649;7.047;UCG.ITEUR
2022-06-03 13:00:00;10.659;10.689;10.619;10.629;6.5115;UCG.ITEUR
2022-06-03 14:00:00;10.639;10.639;10.579;10.599;5.634;UCG.ITEUR
2022-06-03 15:00:00;10.596;10.609;10.589;10.609;2.4525;UCG.ITEUR
2022-06-06 07:00:00;10.779;10.839;10.709;10.789;10.5345;UCG.ITEUR
2022-06-06 08:00:00;10.799;10.869;10.789;10.869;3.8835;UCG.ITEUR
2022-06-06 09:00:00;10.879;10.879;10.829;10.849;3.366;UCG.ITEUR
2022-06-06 10:00:00;10.849;10.859;10.799;10.809;1.593;UCG.ITEUR
2022-06-06 11:00:00;10.799;10.859;10.789;10.849;2.8395;UCG.ITEUR
2022-06-06 12:00:00;10.849;10.899;10.849;10.899;1.593;UCG.ITEUR
2022-06-06 13:00:00;10.896;10.919;10.859;10.909;5.5575;UCG.ITEUR
2022-06-06 14:00:00;10.906;10.929;10.889;10.899;5.3415;UCG.ITEUR
2022-06-06 15:00:00;10.896;10.899;10.859;10.859;3.006;UCG.ITEUR
2022-06-07 07:00:00;10.796;10.829;10.739;10.779;7.7625;UCG.ITEUR
2022-06-07 08:00:00;10.779;10.809;10.769;10.799;4.698;UCG.ITEUR
2022-06-07 09:00:00;10.799;10.799;10.709;10.709;6.0165;UCG.ITEUR
2022-06-07 10:00:00;10.709;10.759;10.699;10.739;5.3415;UCG.ITEUR
2022-06-07 11:00:00;10.749;10.789;10.719;10.759;5.9715;UCG.ITEUR
2022-06-07 12:00:00;10.759;10.769;10.719;10.729;4.014;UCG.ITEUR
2022-06-07 13:00:00;10.739;10.749;10.709;10.719;5.5305;UCG.ITEUR
2022-06-07 14:00:00;10.716;10.799;10.699;10.779;5.58;UCG.ITEUR
2022-06-07 15:00:00;10.779;10.799;10.769;10.769;2.5335;UCG.ITEUR
2022-06-08 07:00:00;10.759;10.759;10.529;10.599;13.0275;UCG.ITEUR
2022-06-08 08:00:00;10.609;10.729;10.579;10.729;6.8535;UCG.ITEUR
2022-06-08 09:00:00;10.726;10.739;10.679;10.679;7.2225;UCG.ITEUR
2022-06-08 10:00:00;10.689;10.689;10.659;10.679;6.0975;UCG.ITEUR
2022-06-08 11:00:00;10.676;10.729;10.659;10.699;4.9365;UCG.ITEUR
2022-06-08 12:00:00;10.699;10.699;10.619;10.629;6.1335;UCG.ITEUR
2022-06-08 13:00:00;10.619;10.619;10.569;10.589;6.156;UCG.ITEUR
2022-06-08 14:00:00;10.586;10.629;10.549;10.619;7.5735;UCG.ITEUR
2022-06-08 15:00:00;10.629;10.659;10.599;10.629;4.0365;UCG.ITEUR
2022-06-09 07:00:00;10.649;10.779;10.599;10.749;10.134;UCG.ITEUR
2022-06-09 08:00:00;10.746;10.879;10.739;10.869;7.758;UCG.ITEUR
2022-06-09 09:00:00;10.869;10.879;10.779;10.809;4.248;UCG.ITEUR
2022-06-09 10:00:00;10.806;10.849;10.799;10.806;3.9375;UCG.ITEUR
2022-06-09 11:00:00;10.799;10.839;10.739;10.759;9.8145;UCG.ITEUR
2022-06-09 12:00:00;10.759;10.769;10.589;10.589;11.8035;UCG.ITEUR
2022-06-09 13:00:00;10.599;10.619;10.499;10.619;16.1775;UCG.ITEUR
2022-06-09 14:00:00;10.616;10.699;10.579;10.659;9.369;UCG.ITEUR
2022-06-09 15:00:00;10.656;10.659;10.579;10.579;4.14;UCG.ITEUR
2022-06-10 07:00:00;10.419;10.419;10.159;10.159;21.573;UCG.ITEUR
2022-06-10 08:00:00;10.156;10.219;9.949;9.949;16.083;UCG.ITEUR
2022-06-10 09:00:00;9.949;10.029;9.889;9.929;9.7335;UCG.ITEUR
2022-06-10 10:00:00;9.939;9.939;9.759;9.789;11.853;UCG.ITEUR
2022-06-10 11:00:00;9.799;9.899;9.759;9.809;10.746;UCG.ITEUR
2022-06-10 12:00:00;9.819;9.869;9.719;9.729;16.056;UCG.ITEUR
2022-06-10 13:00:00;9.726;9.749;9.619;9.699;14.9715;UCG.ITEUR
2022-06-10 14:00:00;9.689;9.749;9.609;9.719;15.7185;UCG.ITEUR
2022-06-10 15:00:00;9.716;9.719;9.589;9.589;6.336;UCG.ITEUR
2022-06-13 07:00:00;9.319;9.409;9.229;9.399;26.8155;UCG.ITEUR
2022-06-13 08:00:00;9.396;9.396;9.289;9.309;16.5195;UCG.ITEUR
2022-06-13 09:00:00;9.306;9.429;9.299;9.349;15.705;UCG.ITEUR
2022-06-13 10:00:00;9.346;9.419;9.329;9.329;11.088;UCG.ITEUR
2022-06-13 11:00:00;9.339;9.449;9.339;9.369;10.827;UCG.ITEUR
2022-06-13 12:00:00;9.366;9.479;9.359;9.429;9.396;UCG.ITEUR
2022-06-13 13:00:00;9.426;9.459;9.369;9.419;14.0355;UCG.ITEUR
2022-06-13 14:00:00;9.416;9.439;9.339;9.409;14.0625;UCG.ITEUR
2022-06-13 15:00:00;9.419;9.469;9.399;9.449;6.111;UCG.ITEUR
2022-06-14 07:00:00;9.779;9.869;9.599;9.809;17.2305;UCG.ITEUR
2022-06-14 08:00:00;9.819;9.819;9.659;9.729;12.276;UCG.ITEUR
2022-06-14 09:00:00;9.729;9.739;9.539;9.559;12.1905;UCG.ITEUR
2022-06-14 10:00:00;9.556;9.609;9.469;9.579;12.924;UCG.ITEUR
2022-06-14 11:00:00;9.576;9.639;9.539;9.609;9.909;UCG.ITEUR
2022-06-14 12:00:00;9.619;9.779;9.609;9.749;10.5345;UCG.ITEUR
2022-06-14 13:00:00;9.746;9.849;9.719;9.849;11.619;UCG.ITEUR
2022-06-14 14:00:00;9.846;9.869;9.729;9.769;14.256;UCG.ITEUR
2022-06-14 15:00:00;9.779;9.799;9.719;9.759;5.5755;UCG.ITEUR
2022-06-15 07:00:00;10.349;10.409;9.869;10.049;27.936;UCG.ITEUR
2022-06-15 08:00:00;10.046;10.209;10.039;10.119;15.2325;UCG.ITEUR
2022-06-15 09:00:00;10.116;10.209;10.049;10.189;13.806;UCG.ITEUR
2022-06-15 10:00:00;10.186;10.249;10.139;10.169;8.2035;UCG.ITEUR
2022-06-15 11:00:00;10.179;10.239;10.139;10.229;7.3395;UCG.ITEUR
2022-06-15 12:00:00;10.226;10.229;9.959;10.099;20.061;UCG.ITEUR
2022-06-15 13:00:00;10.099;10.219;10.069;10.209;12.0645;UCG.ITEUR
2022-06-15 14:00:00;10.219;10.249;10.169;10.189;7.965;UCG.ITEUR
2022-06-15 15:00:00;10.179;10.189;10.099;10.139;3.195;UCG.ITEUR
2022-06-16 07:00:00;9.989;10.039;9.829;9.919;23.292;UCG.ITEUR
2022-06-16 08:00:00;9.916;10.019;9.909;9.969;14.076;UCG.ITEUR
2022-06-16 09:00:00;9.966;9.969;9.779;9.819;13.77;UCG.ITEUR
2022-06-16 10:00:00;9.816;9.849;9.779;9.789;9.6075;UCG.ITEUR
2022-06-16 11:00:00;9.809;9.919;9.789;9.799;17.631;UCG.ITEUR
2022-06-16 12:00:00;9.809;9.919;9.809;9.839;8.6985;UCG.ITEUR
2022-06-16 13:00:00;9.836;9.849;9.739;9.769;15.309;UCG.ITEUR
2022-06-16 14:00:00;9.759;9.829;9.719;9.749;11.7;UCG.ITEUR
2022-06-16 15:00:00;9.759;9.789;9.739;9.779;4.14;UCG.ITEUR
2022-06-17 07:00:00;9.846;9.939;9.819;9.889;22.581;UCG.ITEUR
2022-06-17 08:00:00;9.899;10.009;9.889;9.979;16.146;UCG.ITEUR
2022-06-17 09:00:00;9.976;10.009;9.869;9.909;12.8385;UCG.ITEUR
2022-06-17 10:00:00;9.919;9.989;9.909;9.979;9.513;UCG.ITEUR
2022-06-17 11:00:00;9.976;10.219;9.969;10.099;14.346;UCG.ITEUR
2022-06-17 12:00:00;10.099;10.139;10.079;10.099;8.109;UCG.ITEUR
2022-06-17 13:00:00;10.099;10.099;10.009;10.049;4.221;UCG.ITEUR
2022-06-17 14:00:00;10.059;10.059;9.909;9.909;11.295;UCG.ITEUR
2022-06-17 15:00:00;9.906;9.929;9.829;9.829;4.509;UCG.ITEUR
2022-06-20 07:00:00;9.896;10.009;9.809;9.999;14.976;UCG.ITEUR
2022-06-20 08:00:00;9.996;10.049;9.969;10.009;4.887;UCG.ITEUR
2022-06-20 09:00:00;9.999;10.039;9.979;10.039;7.5285;UCG.ITEUR
2022-06-20 10:00:00;10.036;10.139;10.009;10.079;6.0525;UCG.ITEUR
2022-06-20 11:00:00;10.069;10.099;10.029;10.079;4.6125;UCG.ITEUR
2022-06-20 12:00:00;10.079;10.189;10.059;10.149;4.8015;UCG.ITEUR
2022-06-20 13:00:00;10.149;10.299;10.149;10.269;8.127;UCG.ITEUR
2022-06-20 14:00:00;10.266;10.289;10.219;10.219;6.8805;UCG.ITEUR
2022-06-20 15:00:00;10.229;10.239;10.199;10.229;2.3985;UCG.ITEUR
2022-06-21 07:00:00;10.369;10.589;10.339;10.559;15.7545;UCG.ITEUR
2022-06-21 08:00:00;10.556;10.589;10.399;10.449;10.1205;UCG.ITEUR
2022-06-21 09:00:00;10.446;10.459;10.339;10.359;9.513;UCG.ITEUR
2022-06-21 10:00:00;10.369;10.399;10.339;10.399;8.46;UCG.ITEUR
2022-06-21 11:00:00;10.396;10.409;10.309;10.309;7.848;UCG.ITEUR
2022-06-21 12:00:00;10.306;10.359;10.289;10.299;7.362;UCG.ITEUR
2022-06-21 13:00:00;10.309;10.369;10.299;10.359;11.0835;UCG.ITEUR
2022-06-21 14:00:00;10.369;10.389;10.299;10.319;7.6275;UCG.ITEUR
2022-06-21 15:00:00;10.319;10.339;10.309;10.329;2.862;UCG.ITEUR
2022-06-22 07:00:00;10.129;10.269;10.079;10.139;21.5955;UCG.ITEUR
2022-06-22 08:00:00;10.136;10.229;10.109;10.159;13.9455;UCG.ITEUR
2022-06-22 09:00:00;10.156;10.199;10.129;10.169;9.666;UCG.ITEUR
2022-06-22 10:00:00;10.166;10.279;10.119;10.239;8.7705;UCG.ITEUR
2022-06-22 11:00:00;10.249;10.289;10.239;10.259;6.831;UCG.ITEUR
2022-06-22 12:00:00;10.249;10.279;10.219;10.279;6.7365;UCG.ITEUR
2022-06-22 13:00:00;10.276;10.309;10.249;10.269;11.646;UCG.ITEUR
2022-06-22 14:00:00;10.279;10.359;10.239;10.309;11.484;UCG.ITEUR
2022-06-22 15:00:00;10.299;10.299;10.229;10.229;4.842;UCG.ITEUR
2022-06-23 07:00:00;10.229;10.259;9.899;9.919;20.124;UCG.ITEUR
2022-06-23 08:00:00;9.916;10.029;9.799;10.009;18.5265;UCG.ITEUR
2022-06-23 09:00:00;10.009;10.099;9.959;9.959;9.693;UCG.ITEUR
2022-06-23 10:00:00;9.956;10.119;9.949;10.069;10.881;UCG.ITEUR
2022-06-23 11:00:00;10.069;10.079;9.909;9.979;10.053;UCG.ITEUR
2022-06-23 12:00:00;9.976;9.999;9.899;9.919;8.712;UCG.ITEUR
2022-06-23 13:00:00;9.919;9.989;9.859;9.979;14.7105;UCG.ITEUR
2022-06-23 14:00:00;9.976;9.999;9.869;9.889;14.832;UCG.ITEUR
2022-06-23 15:00:00;9.886;9.889;9.849;9.859;5.0445;UCG.ITEUR
2022-06-24 07:00:00;9.829;9.869;9.549;9.569;16.3215;UCG.ITEUR
2022-06-24 08:00:00;9.579;9.709;9.529;9.679;10.683;UCG.ITEUR
2022-06-24 09:00:00;9.679;9.729;9.669;9.689;7.1325;UCG.ITEUR
2022-06-24 10:00:00;9.699;9.739;9.679;9.739;3.7305;UCG.ITEUR
2022-06-24 11:00:00;9.749;9.799;9.679;9.689;6.957;UCG.ITEUR
2022-06-24 12:00:00;9.679;9.719;9.669;9.689;6.8535;UCG.ITEUR
2022-06-24 13:00:00;9.699;9.789;9.679;9.729;8.595;UCG.ITEUR
2022-06-24 14:00:00;9.729;9.869;9.729;9.869;12.177;UCG.ITEUR
2022-06-24 15:00:00;9.879;9.909;9.849;9.859;4.2795;UCG.ITEUR
2022-06-27 07:00:00;9.829;9.929;9.819;9.919;14.222;UCG.ITEUR
2022-06-27 08:00:00;9.916;9.939;9.809;9.829;9.8982;UCG.ITEUR
2022-06-27 09:00:00;9.839;9.859;9.799;9.809;5.769;UCG.ITEUR
2022-06-27 10:00:00;9.819;9.819;9.759;9.789;5.4765;UCG.ITEUR
2022-06-27 11:00:00;9.799;9.829;9.789;9.819;3.6225;UCG.ITEUR
2022-06-27 12:00:00;9.829;9.859;9.799;9.809;5.22;UCG.ITEUR
2022-06-27 13:00:00;9.799;9.809;9.689;9.689;8.064;UCG.ITEUR
2022-06-27 14:00:00;9.699;9.759;9.669;9.729;8.3475;UCG.ITEUR
2022-06-27 15:00:00;9.726;9.749;9.669;9.749;3.0735;UCG.ITEUR
2022-06-28 07:00:00;9.759;9.809;9.699;9.779;14.5035;UCG.ITEUR
2022-06-28 08:00:00;9.776;9.909;9.769;9.909;10.674;UCG.ITEUR
2022-06-28 09:00:00;9.919;9.989;9.869;9.879;11.5965;UCG.ITEUR
2022-06-28 10:00:00;9.889;9.919;9.839;9.919;5.499;UCG.ITEUR
2022-06-28 11:00:00;9.929;9.979;9.909;9.929;5.571;UCG.ITEUR
2022-06-28 12:00:00;9.939;9.959;9.909;9.909;5.967;UCG.ITEUR
2022-06-28 13:00:00;9.919;9.939;9.869;9.929;8.1315;UCG.ITEUR
2022-06-28 14:00:00;9.926;9.929;9.779;9.829;11.016;UCG.ITEUR
2022-06-28 15:00:00;9.839;9.849;9.789;9.809;4.248;UCG.ITEUR
2022-06-29 07:00:00;9.699;9.729;9.549;9.549;15.4935;UCG.ITEUR
2022-06-29 08:00:00;9.549;9.649;9.489;9.619;12.708;UCG.ITEUR
2022-06-29 09:00:00;9.629;9.669;9.589;9.649;9.3465;UCG.ITEUR
2022-06-29 10:00:00;9.659;9.749;9.609;9.639;9.441;UCG.ITEUR
2022-06-29 11:00:00;9.629;9.719;9.609;9.689;6.8715;UCG.ITEUR
2022-06-29 12:00:00;9.689;9.729;9.649;9.679;7.8165;UCG.ITEUR
2022-06-29 13:00:00;9.669;9.709;9.619;9.659;8.9775;UCG.ITEUR
2022-06-29 14:00:00;9.656;9.689;9.579;9.589;14.6835;UCG.ITEUR
2022-06-29 15:00:00;9.599;9.599;9.539;9.549;4.3785;UCG.ITEUR
2022-06-30 07:00:00;9.309;9.389;9.099;9.139;21.474;UCG.ITEUR
2022-06-30 08:00:00;9.129;9.189;8.969;9.109;24.9795;UCG.ITEUR
2022-06-30 09:00:00;9.099;9.139;8.989;9.059;11.8485;UCG.ITEUR
2022-06-30 10:00:00;9.069;9.079;8.959;8.989;10.206;UCG.ITEUR
2022-06-30 11:00:00;8.989;8.999;8.879;8.879;5.787;UCG.ITEUR
2022-06-30 12:00:00;8.889;8.979;8.879;8.939;12.384;UCG.ITEUR
2022-06-30 13:00:00;8.949;8.959;8.899;8.939;10.458;UCG.ITEUR
2022-06-30 14:00:00;8.929;9.039;8.919;9.019;8.6805;UCG.ITEUR
2022-06-30 15:00:00;9.009;9.119;8.989;9.079;4.383;UCG.ITEUR
2022-07-01 07:00:00;8.979;9.259;8.979;9.159;19.3905;UCG.ITEUR
2022-07-01 08:00:00;9.169;9.259;9.129;9.199;8.7165;UCG.ITEUR
2022-07-01 09:00:00;9.196;9.239;9.139;9.169;8.181;UCG.ITEUR
2022-07-01 10:00:00;9.179;9.179;9.019;9.029;6.3945;UCG.ITEUR
2022-07-01 11:00:00;9.026;9.039;8.979;9.009;7.1595;UCG.ITEUR
2022-07-01 12:00:00;9.009;9.069;8.969;9.019;8.9775;UCG.ITEUR
2022-07-01 13:00:00;9.029;9.139;8.999;9.119;10.233;UCG.ITEUR
2022-07-01 14:00:00;9.129;9.139;8.979;9.009;13.518;UCG.ITEUR
2022-07-01 15:00:00;9.006;9.089;8.999;9.089;4.2615;UCG.ITEUR
2022-07-04 07:00:00;9.019;9.079;8.919;8.969;15.66;UCG.ITEUR
2022-07-04 08:00:00;8.966;8.979;8.839;8.869;8.685;UCG.ITEUR
2022-07-04 09:00:00;8.879;9.109;8.869;9.079;10.3725;UCG.ITEUR
2022-07-04 10:00:00;9.079;9.089;9.029;9.079;4.698;UCG.ITEUR
2022-07-04 11:00:00;9.089;9.169;9.069;9.129;4.617;UCG.ITEUR
2022-07-04 12:00:00;9.126;9.169;9.099;9.159;6.345;UCG.ITEUR
2022-07-04 13:00:00;9.156;9.169;9.129;9.129;5.0715;UCG.ITEUR
2022-07-04 14:00:00;9.126;9.129;9.049;9.109;5.8275;UCG.ITEUR
2022-07-04 15:00:00;9.099;9.159;9.099;9.119;3.654;UCG.ITEUR
2022-07-05 07:00:00;9.149;9.199;9.099;9.109;13.3785;UCG.ITEUR
2022-07-05 08:00:00;9.099;9.109;8.969;9.029;14.175;UCG.ITEUR
2022-07-05 09:00:00;9.039;9.139;9.019;9.119;12.276;UCG.ITEUR
2022-07-05 10:00:00;9.129;9.209;9.109;9.179;7.245;UCG.ITEUR
2022-07-05 11:00:00;9.189;9.189;9.029;9.049;7.677;UCG.ITEUR
2022-07-05 12:00:00;9.046;9.049;8.899;8.899;14.679;UCG.ITEUR
2022-07-05 13:00:00;8.896;8.909;8.829;8.869;15.984;UCG.ITEUR
2022-07-05 14:00:00;8.879;8.989;8.859;8.879;12.3255;UCG.ITEUR
2022-07-05 15:00:00;8.876;8.879;8.809;8.839;5.6205;UCG.ITEUR
2022-07-06 07:00:00;8.939;9.049;8.789;8.789;20.2725;UCG.ITEUR
2022-07-06 08:00:00;8.799;8.839;8.729;8.829;13.5135;UCG.ITEUR
2022-07-06 09:00:00;8.826;8.869;8.799;8.829;12.978;UCG.ITEUR
2022-07-06 10:00:00;8.839;8.879;8.759;8.779;11.097;UCG.ITEUR
2022-07-06 11:00:00;8.776;8.809;8.739;8.759;6.9255;UCG.ITEUR
2022-07-06 12:00:00;8.756;8.769;8.739;8.759;7.38;UCG.ITEUR
2022-07-06 13:00:00;8.749;8.899;8.749;8.889;9.7065;UCG.ITEUR
2022-07-06 14:00:00;8.869;8.979;8.869;8.909;11.871;UCG.ITEUR
2022-07-06 15:00:00;8.906;8.909;8.849;8.859;4.0725;UCG.ITEUR
2022-07-07 07:00:00;9.009;9.209;8.929;9.189;16.1955;UCG.ITEUR
2022-07-07 08:00:00;9.186;9.279;9.179;9.249;10.341;UCG.ITEUR
2022-07-07 09:00:00;9.246;9.329;9.209;9.289;11.736;UCG.ITEUR
2022-07-07 10:00:00;9.299;9.329;9.199;9.239;9.0765;UCG.ITEUR
2022-07-07 11:00:00;9.236;9.269;9.169;9.269;7.3485;UCG.ITEUR
2022-07-07 12:00:00;9.259;9.339;9.249;9.299;6.0795;UCG.ITEUR
2022-07-07 13:00:00;9.299;9.389;9.289;9.379;8.1765;UCG.ITEUR
2022-07-07 14:00:00;9.376;9.489;9.319;9.469;7.4025;UCG.ITEUR
2022-07-07 15:00:00;9.479;9.479;9.389;9.399;5.4855;UCG.ITEUR
2022-07-08 07:00:00;9.356;9.399;9.239;9.349;14.985;UCG.ITEUR
2022-07-08 08:00:00;9.359;9.439;9.269;9.299;9.234;UCG.ITEUR
2022-07-08 09:00:00;9.309;9.409;9.239;9.369;8.3835;UCG.ITEUR
2022-07-08 10:00:00;9.379;9.629;9.369;9.519;11.9115;UCG.ITEUR
2022-07-08 11:00:00;9.529;9.589;9.509;9.569;8.5275;UCG.ITEUR
2022-07-08 12:00:00;9.579;9.579;9.489;9.539;11.565;UCG.ITEUR
2022-07-08 13:00:00;9.536;9.569;9.469;9.469;9.7785;UCG.ITEUR
2022-07-08 14:00:00;9.479;9.539;9.459;9.489;9.72;UCG.ITEUR
2022-07-08 15:00:00;9.489;9.509;9.479;9.509;2.223;UCG.ITEUR
2022-07-11 07:00:00;9.289;9.349;9.219;9.269;13.3425;UCG.ITEUR
2022-07-11 08:00:00;9.266;9.379;9.249;9.359;11.2365;UCG.ITEUR
2022-07-11 09:00:00;9.349;9.399;9.319;9.349;6.7545;UCG.ITEUR
2022-07-11 10:00:00;9.359;9.409;9.349;9.399;5.6655;UCG.ITEUR
2022-07-11 11:00:00;9.399;9.449;9.399;9.449;5.148;UCG.ITEUR
2022-07-11 12:00:00;9.459;9.459;9.359;9.369;6.12;UCG.ITEUR
2022-07-11 13:00:00;9.369;9.379;9.269;9.329;9.0675;UCG.ITEUR
2022-07-11 14:00:00;9.326;9.379;9.309;9.309;10.719;UCG.ITEUR
2022-07-11 15:00:00;9.299;9.329;9.289;9.309;3.6;UCG.ITEUR
2022-07-12 07:00:00;9.189;9.219;8.999;9.089;16.902;UCG.ITEUR
2022-07-12 08:00:00;9.079;9.129;8.979;9.009;11.376;UCG.ITEUR
2022-07-12 09:00:00;9.006;9.019;8.929;8.979;11.7495;UCG.ITEUR
2022-07-12 10:00:00;8.976;9.049;8.899;8.899;8.739;UCG.ITEUR
2022-07-12 11:00:00;8.909;8.979;8.889;8.909;11.196;UCG.ITEUR
2022-07-12 12:00:00;8.899;8.929;8.829;8.919;8.694;UCG.ITEUR
2022-07-12 13:00:00;8.929;8.999;8.869;8.979;10.917;UCG.ITEUR
2022-07-12 14:00:00;8.976;9.089;8.969;9.069;11.6415;UCG.ITEUR
2022-07-12 15:00:00;9.079;9.099;9.059;9.089;3.5685;UCG.ITEUR
2022-07-13 07:00:00;8.999;9.019;8.839;8.949;16.524;UCG.ITEUR
2022-07-13 08:00:00;8.946;9.019;8.909;9.019;11.9025;UCG.ITEUR
2022-07-13 09:00:00;9.016;9.059;8.999;9.029;7.785;UCG.ITEUR
2022-07-13 10:00:00;9.039;9.109;9.019;9.099;5.5125;UCG.ITEUR
2022-07-13 11:00:00;9.096;9.129;9.059;9.109;7.9965;UCG.ITEUR
2022-07-13 12:00:00;9.106;9.159;8.969;9.089;16.1685;UCG.ITEUR
2022-07-13 13:00:00;9.086;9.149;9.039;9.049;15.9345;UCG.ITEUR
2022-07-13 14:00:00;9.059;9.089;8.969;9.069;13.4325;UCG.ITEUR
2022-07-13 15:00:00;9.066;9.099;9.049;9.069;5.013;UCG.ITEUR
2022-07-14 07:00:00;8.719;8.809;8.669;8.709;17.8155;UCG.ITEUR
2022-07-14 08:00:00;8.706;8.809;8.669;8.709;14.328;UCG.ITEUR
2022-07-14 09:00:00;8.706;8.759;8.669;8.759;10.6065;UCG.ITEUR
2022-07-14 10:00:00;8.756;8.799;8.679;8.729;8.7795;UCG.ITEUR
2022-07-14 11:00:00;8.739;8.769;8.649;8.719;11.7045;UCG.ITEUR
2022-07-14 12:00:00;8.716;8.719;8.529;8.539;13.887;UCG.ITEUR
2022-07-14 13:00:00;8.536;8.549;8.399;8.399;15.0975;UCG.ITEUR
2022-07-14 14:00:00;8.399;8.449;8.369;8.419;11.448;UCG.ITEUR
2022-07-14 15:00:00;8.429;8.509;8.429;8.489;5.8815;UCG.ITEUR
2022-07-15 07:00:00;8.356;8.569;8.249;8.539;20.979;UCG.ITEUR
2022-07-15 08:00:00;8.549;8.689;8.549;8.609;12.726;UCG.ITEUR
2022-07-15 09:00:00;8.606;8.649;8.469;8.489;11.1105;UCG.ITEUR
2022-07-15 10:00:00;8.486;8.559;8.459;8.549;8.19;UCG.ITEUR
2022-07-15 11:00:00;8.546;8.569;8.469;8.479;8.3115;UCG.ITEUR
2022-07-15 12:00:00;8.489;8.539;8.449;8.459;10.3725;UCG.ITEUR
2022-07-15 13:00:00;8.469;8.539;8.459;8.499;10.9125;UCG.ITEUR
2022-07-15 14:00:00;8.499;8.619;8.499;8.579;11.988;UCG.ITEUR
2022-07-15 15:00:00;8.579;8.619;8.569;8.579;3.618;UCG.ITEUR
2022-07-18 07:00:00;8.659;8.729;8.579;8.669;12.978;UCG.ITEUR
2022-07-18 08:00:00;8.666;8.779;8.649;8.729;9.4995;UCG.ITEUR
2022-07-18 09:00:00;8.726;8.809;8.719;8.799;8.19;UCG.ITEUR
2022-07-18 10:00:00;8.809;8.839;8.789;8.809;5.4315;UCG.ITEUR
2022-07-18 11:00:00;8.806;8.859;8.799;8.859;3.771;UCG.ITEUR
2022-07-18 12:00:00;8.849;8.859;8.739;8.759;6.939;UCG.ITEUR
2022-07-18 13:00:00;8.769;8.799;8.729;8.749;7.7805;UCG.ITEUR
2022-07-18 14:00:00;8.746;8.789;8.709;8.779;8.1045;UCG.ITEUR
2022-07-18 15:00:00;8.776;8.779;8.699;8.709;3.204;UCG.ITEUR
2022-07-19 07:00:00;8.749;8.899;8.749;8.849;14.8725;UCG.ITEUR
2022-07-19 08:00:00;8.859;8.889;8.819;8.829;10.818;UCG.ITEUR
2022-07-19 09:00:00;8.839;9.039;8.839;9.039;10.2375;UCG.ITEUR
2022-07-19 10:00:00;9.049;9.119;9.009;9.069;8.5815;UCG.ITEUR
2022-07-19 11:00:00;9.079;9.079;8.979;9.009;5.2695;UCG.ITEUR
2022-07-19 12:00:00;9.009;9.109;9.009;9.109;4.275;UCG.ITEUR
2022-07-19 13:00:00;9.119;9.169;9.099;9.149;10.0575;UCG.ITEUR
2022-07-19 14:00:00;9.146;9.279;9.129;9.279;16.4835;UCG.ITEUR
2022-07-19 15:00:00;9.276;9.319;9.269;9.269;4.779;UCG.ITEUR
2022-07-20 07:00:00;9.399;9.419;9.159;9.229;15.8985;UCG.ITEUR
2022-07-20 08:00:00;9.226;9.529;9.209;9.369;20.6955;UCG.ITEUR
2022-07-20 09:00:00;9.366;9.449;9.359;9.429;10.6695;UCG.ITEUR
2022-07-20 10:00:00;9.426;9.449;9.139;9.229;17.3295;UCG.ITEUR
2022-07-20 11:00:00;9.226;9.259;9.069;9.079;12.357;UCG.ITEUR
2022-07-20 12:00:00;9.076;9.119;8.909;8.939;13.6845;UCG.ITEUR
2022-07-20 13:00:00;8.939;8.999;8.889;8.909;15.0885;UCG.ITEUR
2022-07-20 14:00:00;8.919;8.989;8.869;8.949;12.87;UCG.ITEUR
2022-07-20 15:00:00;8.946;9.009;8.829;8.959;7.6545;UCG.ITEUR
2022-07-21 07:00:00;8.489;8.649;8.429;8.449;29.1555;UCG.ITEUR
2022-07-21 08:00:00;8.446;8.446;8.239;8.389;23.5215;UCG.ITEUR
2022-07-21 09:00:00;8.386;8.499;8.339;8.459;14.553;UCG.ITEUR
2022-07-21 10:00:00;8.469;8.569;8.449;8.509;15.399;UCG.ITEUR
2022-07-21 11:00:00;8.509;8.639;8.499;8.549;14.751;UCG.ITEUR
2022-07-21 12:00:00;8.559;8.799;8.459;8.589;30.5145;UCG.ITEUR
2022-07-21 13:00:00;8.586;8.619;8.459;8.599;26.3655;UCG.ITEUR
2022-07-21 14:00:00;8.609;8.679;8.499;8.679;15.2415;UCG.ITEUR
2022-07-21 15:00:00;8.669;8.719;8.609;8.689;5.337;UCG.ITEUR
2022-07-22 07:00:00;8.619;8.719;8.529;8.569;17.298;UCG.ITEUR
2022-07-22 08:00:00;8.579;8.589;8.439;8.479;13.2435;UCG.ITEUR
2022-07-22 09:00:00;8.489;8.639;8.459;8.529;11.052;UCG.ITEUR
2022-07-22 10:00:00;8.539;8.649;8.529;8.629;7.3755;UCG.ITEUR
2022-07-22 11:00:00;8.639;8.689;8.609;8.679;6.2955;UCG.ITEUR
2022-07-22 12:00:00;8.676;8.739;8.629;8.639;7.8345;UCG.ITEUR
2022-07-22 13:00:00;8.649;8.699;8.579;8.579;11.7405;UCG.ITEUR
2022-07-22 14:00:00;8.579;8.609;8.489;8.489;8.037;UCG.ITEUR
2022-07-22 15:00:00;8.489;8.519;8.489;8.509;2.9925;UCG.ITEUR
2022-07-25 07:00:00;8.489;8.609;8.459;8.589;13.6125;UCG.ITEUR
2022-07-25 08:00:00;8.586;8.699;8.579;8.639;10.098;UCG.ITEUR
2022-07-25 09:00:00;8.629;8.739;8.629;8.689;8.28;UCG.ITEUR
2022-07-25 10:00:00;8.689;8.709;8.669;8.689;4.7385;UCG.ITEUR
2022-07-25 11:00:00;8.686;8.689;8.649;8.679;5.2515;UCG.ITEUR
2022-07-25 12:00:00;8.679;8.709;8.659;8.669;2.844;UCG.ITEUR
2022-07-25 13:00:00;8.669;8.689;8.619;8.659;6.507;UCG.ITEUR
2022-07-25 14:00:00;8.669;8.699;8.599;8.609;13.5945;UCG.ITEUR
2022-07-25 15:00:00;8.619;8.649;8.609;8.639;3.636;UCG.ITEUR
2022-07-26 07:00:00;8.629;8.649;8.519;8.559;11.151;UCG.ITEUR
2022-07-26 08:00:00;8.556;8.649;8.529;8.629;7.2495;UCG.ITEUR
2022-07-26 09:00:00;8.639;8.639;8.579;8.599;4.4955;UCG.ITEUR
2022-07-26 10:00:00;8.599;8.649;8.529;8.569;5.7555;UCG.ITEUR
2022-07-26 11:00:00;8.566;8.579;8.539;8.559;4.0365;UCG.ITEUR
2022-07-26 12:00:00;8.556;8.579;8.529;8.569;3.4245;UCG.ITEUR
2022-07-26 13:00:00;8.579;8.639;8.529;8.589;11.4435;UCG.ITEUR
2022-07-26 14:00:00;8.586;8.629;8.569;8.629;7.317;UCG.ITEUR
2022-07-26 15:00:00;8.626;8.629;8.599;8.609;1.044;UCG.ITEUR
2022-07-27 07:00:00;9.139;9.279;9.109;9.139;24.624;UCG.ITEUR
2022-07-27 08:00:00;9.136;9.249;9.099;9.109;14.184;UCG.ITEUR
2022-07-27 09:00:00;9.099;9.219;9.059;9.189;10.359;UCG.ITEUR
2022-07-27 10:00:00;9.199;9.239;9.159;9.219;8.991;UCG.ITEUR
2022-07-27 11:00:00;9.216;9.389;9.199;9.379;7.47;UCG.ITEUR
2022-07-27 12:00:00;9.389;9.389;9.329;9.359;6.948;UCG.ITEUR
2022-07-27 13:00:00;9.356;9.369;9.209;9.299;12.5865;UCG.ITEUR
2022-07-27 14:00:00;9.296;9.379;9.289;9.359;6.8265;UCG.ITEUR
2022-07-27 15:00:00;9.359;9.439;9.359;9.419;2.394;UCG.ITEUR
2022-07-28 07:00:00;9.419;9.539;9.379;9.439;19.314;UCG.ITEUR
2022-07-28 08:00:00;9.449;9.519;9.409;9.479;10.629;UCG.ITEUR
2022-07-28 09:00:00;9.489;9.509;9.419;9.419;7.9155;UCG.ITEUR
2022-07-28 10:00:00;9.416;9.416;9.309;9.329;6.9615;UCG.ITEUR
2022-07-28 11:00:00;9.339;9.339;9.269;9.279;5.9535;UCG.ITEUR
2022-07-28 12:00:00;9.276;9.299;9.229;9.249;9.819;UCG.ITEUR
2022-07-28 13:00:00;9.246;9.279;9.209;9.229;11.889;UCG.ITEUR
2022-07-28 14:00:00;9.239;9.259;9.219;9.249;10.188;UCG.ITEUR
2022-07-28 15:00:00;9.246;9.279;9.229;9.269;3.6045;UCG.ITEUR
2022-07-29 07:00:00;9.449;9.529;9.419;9.489;13.266;UCG.ITEUR
2022-07-29 08:00:00;9.486;9.489;9.429;9.469;7.479;UCG.ITEUR
2022-07-29 09:00:00;9.466;9.489;9.459;9.479;6.8985;UCG.ITEUR
2022-07-29 10:00:00;9.476;9.589;9.449;9.579;5.0895;UCG.ITEUR
2022-07-29 11:00:00;9.579;9.699;9.559;9.679;6.5385;UCG.ITEUR
2022-07-29 12:00:00;9.689;9.689;9.599;9.669;7.677;UCG.ITEUR
2022-07-29 13:00:00;9.669;9.669;9.519;9.559;7.623;UCG.ITEUR
2022-07-29 14:00:00;9.569;9.619;9.559;9.579;7.8615;UCG.ITEUR
2022-07-29 15:00:00;9.576;9.609;9.559;9.559;3.6;UCG.ITEUR
2022-08-01 07:00:00;9.589;9.649;9.539;9.639;12.076;UCG.ITEUR
2022-08-01 08:00:00;9.636;9.639;9.589;9.619;8.0365;UCG.ITEUR
2022-08-01 09:00:00;9.619;9.669;9.609;9.669;6.7506;UCG.ITEUR
2022-08-01 10:00:00;9.666;9.669;9.629;9.659;3.2609;UCG.ITEUR
2022-08-01 11:00:00;9.659;9.669;9.629;9.639;5.1985;UCG.ITEUR
2022-08-01 12:00:00;9.639;9.689;9.629;9.639;5.454;UCG.ITEUR
2022-08-01 13:00:00;9.636;9.639;9.499;9.539;9.5009;UCG.ITEUR
2022-08-01 14:00:00;9.535;9.609;9.479;9.509;8.094;UCG.ITEUR
2022-08-01 15:00:00;9.506;9.509;9.439;9.439;3.3419;UCG.ITEUR
2022-08-02 07:00:00;9.499;9.499;9.379;9.389;17.294;UCG.ITEUR
2022-08-02 08:00:00;9.399;9.439;9.369;9.419;7.0703;UCG.ITEUR
2022-08-02 09:00:00;9.416;9.429;9.369;9.369;4.5095;UCG.ITEUR
2022-08-02 10:00:00;9.366;9.389;9.319;9.329;5.2343;UCG.ITEUR
2022-08-02 11:00:00;9.339;9.419;9.329;9.409;5.093;UCG.ITEUR
2022-08-02 12:00:00;9.419;9.419;9.379;9.409;3.4913;UCG.ITEUR
2022-08-02 13:00:00;9.406;9.469;9.379;9.399;7.0483;UCG.ITEUR
2022-08-02 14:00:00;9.396;9.489;9.369;9.489;8.0452;UCG.ITEUR
2022-08-02 15:00:00;9.486;9.486;9.449;9.469;2.7128;UCG.ITEUR
2022-08-03 07:00:00;9.449;9.619;9.419;9.589;12.3968;UCG.ITEUR
2022-08-03 08:00:00;9.599;9.599;9.559;9.559;5.5945;UCG.ITEUR
2022-08-03 09:00:00;9.569;9.599;9.559;9.559;3.6432;UCG.ITEUR
2022-08-03 10:00:00;9.559;9.579;9.549;9.559;3.3818;UCG.ITEUR
2022-08-03 11:00:00;9.559;9.569;9.529;9.559;2.9909;UCG.ITEUR
2022-08-03 12:00:00;9.549;9.629;9.549;9.609;4.8515;UCG.ITEUR
2022-08-03 13:00:00;9.609;9.619;9.569;9.589;6.3123;UCG.ITEUR
2022-08-03 14:00:00;9.579;9.609;9.559;9.589;9.6428;UCG.ITEUR
2022-08-03 15:00:00;9.586;9.629;9.579;9.619;3.3577;UCG.ITEUR
2022-08-04 07:00:00;9.636;9.869;9.619;9.849;12.3603;UCG.ITEUR
2022-08-04 08:00:00;9.846;9.849;9.759;9.799;7.5778;UCG.ITEUR
2022-08-04 09:00:00;9.796;9.799;9.739;9.769;4.9315;UCG.ITEUR
2022-08-04 10:00:00;9.766;9.819;9.759;9.809;4.7788;UCG.ITEUR
2022-08-04 11:00:00;9.809;9.809;9.689;9.689;5.5652;UCG.ITEUR
2022-08-04 12:00:00;9.699;9.729;9.679;9.699;6.7642;UCG.ITEUR
2022-08-04 13:00:00;9.696;9.729;9.679;9.709;8.3581;UCG.ITEUR
2022-08-04 14:00:00;9.706;9.709;9.639;9.669;9.1015;UCG.ITEUR
2022-08-04 15:00:00;9.669;9.699;9.649;9.689;2.9483;UCG.ITEUR
2022-08-05 07:00:00;9.719;9.859;9.709;9.809;9.1582;UCG.ITEUR
2022-08-05 08:00:00;9.806;9.809;9.709;9.719;5.4449;UCG.ITEUR
2022-08-05 09:00:00;9.729;9.759;9.699;9.719;2.8156;UCG.ITEUR
2022-08-05 10:00:00;9.719;9.769;9.709;9.739;5.0752;UCG.ITEUR
2022-08-05 11:00:00;9.739;9.779;9.729;9.769;2.6994;UCG.ITEUR
2022-08-05 12:00:00;9.769;9.819;9.729;9.789;9.0323;UCG.ITEUR
2022-08-05 13:00:00;9.786;9.839;9.749;9.839;8.2028;UCG.ITEUR
2022-08-05 14:00:00;9.836;9.929;9.819;9.889;6.0689;UCG.ITEUR
2022-08-05 15:00:00;9.886;9.909;9.859;9.889;4.1052;UCG.ITEUR
2022-08-08 07:00:00;9.959;10.019;9.819;9.829;11.0378;UCG.ITEUR
2022-08-08 08:00:00;9.826;9.829;9.759;9.779;6.7151;UCG.ITEUR
2022-08-08 09:00:00;9.789;9.829;9.749;9.799;4.5686;UCG.ITEUR
2022-08-08 10:00:00;9.809;9.909;9.799;9.899;5.1664;UCG.ITEUR
2022-08-08 11:00:00;9.896;9.919;9.879;9.899;3.4093;UCG.ITEUR
2022-08-08 12:00:00;9.896;9.909;9.869;9.909;2.9866;UCG.ITEUR
2022-08-08 13:00:00;9.899;9.939;9.879;9.889;5.7729;UCG.ITEUR
2022-08-08 14:00:00;9.889;9.899;9.839;9.869;5.8252;UCG.ITEUR
2022-08-08 15:00:00;9.879;9.889;9.829;9.829;2.4711;UCG.ITEUR
2022-08-09 07:00:00;9.899;9.979;9.839;9.939;7.9464;UCG.ITEUR
2022-08-09 08:00:00;9.936;9.959;9.869;9.889;5.9657;UCG.ITEUR
2022-08-09 09:00:00;9.899;9.899;9.829;9.849;4.7258;UCG.ITEUR
2022-08-09 10:00:00;9.849;9.859;9.809;9.849;5.8982;UCG.ITEUR
2022-08-09 11:00:00;9.859;9.869;9.779;9.819;3.8507;UCG.ITEUR
2022-08-09 12:00:00;9.809;9.839;9.799;9.799;3.8758;UCG.ITEUR
2022-08-09 13:00:00;9.809;9.839;9.779;9.789;6.163;UCG.ITEUR
2022-08-09 14:00:00;9.779;9.809;9.759;9.789;4.9246;UCG.ITEUR
2022-08-09 15:00:00;9.779;9.799;9.759;9.789;2.386;UCG.ITEUR
2022-08-10 07:00:00;9.769;9.879;9.709;9.809;10.5112;UCG.ITEUR
2022-08-10 08:00:00;9.806;9.869;9.789;9.839;5.1479;UCG.ITEUR
2022-08-10 09:00:00;9.849;9.889;9.829;9.859;5.2999;UCG.ITEUR
2022-08-10 10:00:00;9.859;9.869;9.819;9.839;3.4682;UCG.ITEUR
2022-08-10 11:00:00;9.839;9.839;9.799;9.819;2.7843;UCG.ITEUR
2022-08-10 12:00:00;9.829;9.909;9.829;9.879;12.2274;UCG.ITEUR
2022-08-10 13:00:00;9.869;9.919;9.829;9.899;7.3365;UCG.ITEUR
2022-08-10 14:00:00;9.899;9.919;9.879;9.919;6.388;UCG.ITEUR
2022-08-10 15:00:00;9.929;9.939;9.919;9.939;2.8398;UCG.ITEUR
2022-08-11 07:00:00;10.016;10.059;9.969;9.989;8.3145;UCG.ITEUR
2022-08-11 08:00:00;9.986;10.009;9.949;9.979;5.6814;UCG.ITEUR
2022-08-11 09:00:00;9.976;9.979;9.899;9.899;4.4925;UCG.ITEUR
2022-08-11 10:00:00;9.909;9.929;9.889;9.889;3.4136;UCG.ITEUR
2022-08-11 11:00:00;9.899;9.959;9.899;9.939;1.6077;UCG.ITEUR
2022-08-11 12:00:00;9.949;9.989;9.939;9.989;4.3164;UCG.ITEUR
2022-08-11 13:00:00;9.979;9.989;9.949;9.979;4.2533;UCG.ITEUR
2022-08-11 14:00:00;9.969;9.979;9.929;9.939;3.4901;UCG.ITEUR
2022-08-11 15:00:00;9.939;9.949;9.899;9.939;2.8393;UCG.ITEUR
2022-08-12 07:00:00;9.959;10.049;9.929;10.029;6.513;UCG.ITEUR
2022-08-12 08:00:00;10.039;10.039;9.979;9.999;4.1377;UCG.ITEUR
2022-08-12 09:00:00;9.989;10.059;9.989;10.049;5.3656;UCG.ITEUR
2022-08-12 10:00:00;10.046;10.049;9.999;10.009;3.7973;UCG.ITEUR
2022-08-12 11:00:00;10.009;10.079;9.999;10.069;3.8823;UCG.ITEUR
2022-08-12 12:00:00;10.069;10.129;10.059;10.109;4.5296;UCG.ITEUR
2022-08-12 13:00:00;10.099;10.189;10.099;10.129;6.9728;UCG.ITEUR
2022-08-12 14:00:00;10.099;10.149;10.099;10.129;8.0799;UCG.ITEUR
2022-08-12 15:00:00;10.119;10.169;10.119;10.169;2.8926;UCG.ITEUR
2022-08-16 07:00:00;10.179;10.189;10.059;10.189;8.2257;UCG.ITEUR
2022-08-16 08:00:00;10.186;10.229;10.129;10.129;6.3257;UCG.ITEUR
2022-08-16 09:00:00;10.139;10.159;10.069;10.079;3.3694;UCG.ITEUR
2022-08-16 10:00:00;10.069;10.079;10.029;10.029;3.7026;UCG.ITEUR
2022-08-16 11:00:00;10.029;10.069;10.019;10.039;3.5388;UCG.ITEUR
2022-08-16 12:00:00;10.049;10.059;10.009;10.029;3.9491;UCG.ITEUR
2022-08-16 13:00:00;10.026;10.089;10.009;10.059;6.2495;UCG.ITEUR
2022-08-16 14:00:00;10.056;10.079;10.019;10.029;4.8776;UCG.ITEUR
2022-08-16 15:00:00;10.029;10.049;10.019;10.049;1.6218;UCG.ITEUR
2022-08-17 07:00:00;10.119;10.249;10.119;10.189;10.7309;UCG.ITEUR
2022-08-17 08:00:00;10.189;10.219;10.169;10.179;4.0236;UCG.ITEUR
2022-08-17 09:00:00;10.179;10.199;10.169;10.189;2.615;UCG.ITEUR
2022-08-17 10:00:00;10.189;10.199;10.039;10.059;5.0;UCG.ITEUR
2022-08-17 11:00:00;10.059;10.059;10.019;10.039;5.3107;UCG.ITEUR
2022-08-17 12:00:00;10.039;10.049;9.999;9.999;5.4724;UCG.ITEUR
2022-08-17 13:00:00;10.009;10.059;9.989;10.049;3.3287;UCG.ITEUR
2022-08-17 14:00:00;10.059;10.079;10.019;10.019;4.5053;UCG.ITEUR
2022-08-17 15:00:00;10.029;10.039;10.019;10.029;2.9308;UCG.ITEUR
2022-08-18 07:00:00;10.119;10.119;9.999;10.009;8.6062;UCG.ITEUR
2022-08-18 08:00:00;10.019;10.039;9.969;10.029;5.9893;UCG.ITEUR
2022-08-18 09:00:00;10.019;10.039;10.009;10.019;3.3878;UCG.ITEUR
2022-08-18 10:00:00;10.029;10.079;10.009;10.009;3.9391;UCG.ITEUR
2022-08-18 11:00:00;10.009;10.039;9.999;10.029;4.2994;UCG.ITEUR
2022-08-18 12:00:00;10.029;10.069;10.009;10.069;3.0141;UCG.ITEUR
2022-08-18 13:00:00;10.066;10.069;9.979;10.019;5.1405;UCG.ITEUR
2022-08-18 14:00:00;10.009;10.049;9.999;10.029;3.6356;UCG.ITEUR
2022-08-18 15:00:00;10.026;10.029;9.989;10.019;1.5728;UCG.ITEUR
2022-08-19 07:00:00;9.956;9.969;9.849;9.859;9.205;UCG.ITEUR
2022-08-19 08:00:00;9.856;9.879;9.709;9.719;8.8306;UCG.ITEUR
2022-08-19 09:00:00;9.729;9.729;9.629;9.649;7.2319;UCG.ITEUR
2022-08-19 10:00:00;9.649;9.739;9.649;9.699;6.9448;UCG.ITEUR
2022-08-19 11:00:00;9.709;9.759;9.699;9.739;5.2106;UCG.ITEUR
2022-08-19 12:00:00;9.736;9.769;9.669;9.679;4.7654;UCG.ITEUR
2022-08-19 13:00:00;9.669;9.699;9.629;9.669;7.6061;UCG.ITEUR
2022-08-19 14:00:00;9.679;9.709;9.639;9.649;5.7633;UCG.ITEUR
2022-08-19 15:00:00;9.649;9.679;9.639;9.649;2.4041;UCG.ITEUR
2022-08-22 07:00:00;9.539;9.569;9.309;9.319;13.1026;UCG.ITEUR
2022-08-22 08:00:00;9.329;9.379;9.279;9.369;10.1152;UCG.ITEUR
2022-08-22 09:00:00;9.366;9.369;9.249;9.269;7.2414;UCG.ITEUR
2022-08-22 10:00:00;9.266;9.339;9.259;9.299;6.4636;UCG.ITEUR
2022-08-22 11:00:00;9.309;9.329;9.279;9.319;4.0783;UCG.ITEUR
2022-08-22 12:00:00;9.329;9.329;9.279;9.289;2.8784;UCG.ITEUR
2022-08-22 13:00:00;9.279;9.309;9.229;9.259;6.8909;UCG.ITEUR
2022-08-22 14:00:00;9.259;9.269;9.179;9.249;7.1962;UCG.ITEUR
2022-08-22 15:00:00;9.259;9.289;9.249;9.279;3.1228;UCG.ITEUR
2022-08-23 07:00:00;9.316;9.479;9.249;9.469;13.1244;UCG.ITEUR
2022-08-23 08:00:00;9.469;9.509;9.409;9.499;7.7617;UCG.ITEUR
2022-08-23 09:00:00;9.496;9.569;9.449;9.549;6.5348;UCG.ITEUR
2022-08-23 10:00:00;9.559;9.559;9.459;9.459;5.2728;UCG.ITEUR
2022-08-23 11:00:00;9.469;9.489;9.409;9.479;4.2129;UCG.ITEUR
2022-08-23 12:00:00;9.476;9.549;9.459;9.539;3.9756;UCG.ITEUR
2022-08-23 13:00:00;9.549;9.559;9.469;9.479;6.2312;UCG.ITEUR
2022-08-23 14:00:00;9.469;9.499;9.439;9.449;6.8399;UCG.ITEUR
2022-08-23 15:00:00;9.446;9.469;9.419;9.449;1.6978;UCG.ITEUR
2022-08-24 07:00:00;9.459;9.479;9.309;9.339;11.6022;UCG.ITEUR
2022-08-24 08:00:00;9.349;9.459;9.349;9.429;4.9777;UCG.ITEUR
2022-08-24 09:00:00;9.439;9.469;9.349;9.379;6.0823;UCG.ITEUR
2022-08-24 10:00:00;9.379;9.439;9.379;9.409;3.8818;UCG.ITEUR
2022-08-24 11:00:00;9.419;9.479;9.409;9.469;3.7561;UCG.ITEUR
2022-08-24 12:00:00;9.469;9.479;9.399;9.409;3.6438;UCG.ITEUR
2022-08-24 13:00:00;9.406;9.429;9.359;9.379;6.6691;UCG.ITEUR
2022-08-24 14:00:00;9.389;9.459;9.359;9.429;5.8483;UCG.ITEUR
2022-08-24 15:00:00;9.439;9.489;9.429;9.459;1.945;UCG.ITEUR
2022-08-25 07:00:00;9.546;9.559;9.449;9.489;8.9026;UCG.ITEUR
2022-08-25 08:00:00;9.489;9.519;9.469;9.509;5.0003;UCG.ITEUR
2022-08-25 09:00:00;9.509;9.519;9.319;9.319;6.9678;UCG.ITEUR
2022-08-25 10:00:00;9.329;9.389;9.319;9.389;3.7327;UCG.ITEUR
2022-08-25 11:00:00;9.379;9.429;9.329;9.359;5.5479;UCG.ITEUR
2022-08-25 12:00:00;9.369;9.379;9.329;9.339;6.069;UCG.ITEUR
2022-08-25 13:00:00;9.336;9.339;9.289;9.319;6.1483;UCG.ITEUR
2022-08-25 14:00:00;9.329;9.359;9.289;9.359;6.7416;UCG.ITEUR
2022-08-25 15:00:00;9.356;9.356;9.299;9.309;3.7692;UCG.ITEUR
2022-08-26 07:00:00;9.369;9.479;9.359;9.459;8.3728;UCG.ITEUR
2022-08-26 08:00:00;9.469;9.469;9.299;9.309;8.7505;UCG.ITEUR
2022-08-26 09:00:00;9.306;9.349;9.289;9.319;6.3415;UCG.ITEUR
2022-08-26 10:00:00;9.316;9.339;9.289;9.309;3.1263;UCG.ITEUR
2022-08-26 11:00:00;9.319;9.319;9.239;9.289;5.7724;UCG.ITEUR
2022-08-26 12:00:00;9.279;9.329;9.269;9.329;5.5433;UCG.ITEUR
2022-08-26 13:00:00;9.326;9.369;9.199;9.229;10.5076;UCG.ITEUR
2022-08-26 14:00:00;9.229;9.279;9.099;9.139;15.241;UCG.ITEUR
2022-08-26 15:00:00;9.136;9.139;9.099;9.109;4.0561;UCG.ITEUR
2022-08-29 07:00:00;9.029;9.089;8.969;9.069;10.4074;UCG.ITEUR
2022-08-29 08:00:00;9.069;9.139;9.049;9.059;6.6744;UCG.ITEUR
2022-08-29 09:00:00;9.059;9.159;9.059;9.129;6.4158;UCG.ITEUR
2022-08-29 10:00:00;9.119;9.139;9.059;9.069;5.3737;UCG.ITEUR
2022-08-29 11:00:00;9.066;9.109;9.039;9.109;3.1348;UCG.ITEUR
2022-08-29 12:00:00;9.106;9.129;9.079;9.099;4.1745;UCG.ITEUR
2022-08-29 13:00:00;9.109;9.189;9.109;9.159;7.2333;UCG.ITEUR
2022-08-29 14:00:00;9.149;9.219;9.149;9.169;7.4666;UCG.ITEUR
2022-08-29 15:00:00;9.169;9.219;9.169;9.219;3.1932;UCG.ITEUR
2022-08-30 07:00:00;9.299;9.429;9.279;9.389;10.4206;UCG.ITEUR
2022-08-30 08:00:00;9.399;9.459;9.359;9.399;9.1267;UCG.ITEUR
2022-08-30 09:00:00;9.409;9.489;9.379;9.479;8.5077;UCG.ITEUR
2022-08-30 10:00:00;9.476;9.529;9.459;9.499;7.7186;UCG.ITEUR
2022-08-30 11:00:00;9.489;9.549;9.469;9.529;8.917;UCG.ITEUR
2022-08-30 12:00:00;9.526;9.589;9.459;9.459;6.4812;UCG.ITEUR
2022-08-30 13:00:00;9.456;9.499;9.429;9.439;9.8359;UCG.ITEUR
2022-08-30 14:00:00;9.436;9.449;9.319;9.379;12.8104;UCG.ITEUR
2022-08-30 15:00:00;9.369;9.389;9.359;9.359;4.2897;UCG.ITEUR
2022-08-31 07:00:00;9.589;9.679;9.549;9.629;12.931;UCG.ITEUR
2022-08-31 08:00:00;9.639;9.709;9.629;9.699;11.6041;UCG.ITEUR
2022-08-31 09:00:00;9.689;9.689;9.629;9.659;13.5622;UCG.ITEUR
2022-08-31 10:00:00;9.669;9.729;9.629;9.699;10.2876;UCG.ITEUR
2022-08-31 11:00:00;9.709;9.729;9.689;9.709;8.228;UCG.ITEUR
2022-08-31 12:00:00;9.719;9.799;9.699;9.799;7.2351;UCG.ITEUR
2022-08-31 13:00:00;9.796;9.839;9.769;9.799;11.3941;UCG.ITEUR
2022-08-31 14:00:00;9.796;9.799;9.739;9.749;12.611;UCG.ITEUR
2022-08-31 15:00:00;9.746;9.779;9.719;9.749;4.6129;UCG.ITEUR
2022-09-01 07:00:00;9.766;9.809;9.669;9.729;12.7292;UCG.ITEUR
2022-09-01 08:00:00;9.739;9.829;9.729;9.759;11.377;UCG.ITEUR
2022-09-01 09:00:00;9.756;9.839;9.749;9.769;8.7541;UCG.ITEUR
2022-09-01 10:00:00;9.779;9.789;9.709;9.719;6.9479;UCG.ITEUR
2022-09-01 11:00:00;9.729;9.789;9.709;9.719;6.3333;UCG.ITEUR
2022-09-01 12:00:00;9.716;9.779;9.709;9.739;6.5901;UCG.ITEUR
2022-09-01 13:00:00;9.736;9.779;9.709;9.759;8.7736;UCG.ITEUR
2022-09-01 14:00:00;9.769;9.769;9.639;9.669;11.361;UCG.ITEUR
2022-09-01 15:00:00;9.669;9.719;9.659;9.699;4.3882;UCG.ITEUR
2022-09-02 07:00:00;9.829;9.829;9.709;9.799;11.341;UCG.ITEUR
2022-09-02 08:00:00;9.809;9.839;9.759;9.829;5.2996;UCG.ITEUR
2022-09-02 09:00:00;9.826;9.829;9.779;9.819;5.2058;UCG.ITEUR
2022-09-02 10:00:00;9.829;9.839;9.809;9.829;5.1658;UCG.ITEUR
2022-09-02 11:00:00;9.829;9.849;9.779;9.819;7.6997;UCG.ITEUR
2022-09-02 12:00:00;9.829;9.889;9.809;9.869;9.9905;UCG.ITEUR
2022-09-02 13:00:00;9.879;9.929;9.839;9.879;12.4554;UCG.ITEUR
2022-09-02 14:00:00;9.889;9.979;9.879;9.979;8.0441;UCG.ITEUR
2022-09-02 15:00:00;9.976;9.989;9.959;9.969;2.9236;UCG.ITEUR
2022-09-05 07:00:00;9.649;9.659;9.509;9.549;16.7806;UCG.ITEUR
2022-09-05 08:00:00;9.546;9.639;9.539;9.639;8.17;UCG.ITEUR
2022-09-05 09:00:00;9.636;9.649;9.599;9.619;8.248;UCG.ITEUR
2022-09-05 10:00:00;9.619;9.639;9.599;9.599;6.2132;UCG.ITEUR
2022-09-05 11:00:00;9.609;9.609;9.569;9.579;3.7759;UCG.ITEUR
2022-09-05 12:00:00;9.579;9.629;9.569;9.629;6.6452;UCG.ITEUR
2022-09-05 13:00:00;9.639;9.709;9.629;9.699;6.0388;UCG.ITEUR
2022-09-05 14:00:00;9.689;9.749;9.679;9.699;4.4556;UCG.ITEUR
2022-09-05 15:00:00;9.696;9.719;9.689;9.719;2.0799;UCG.ITEUR
2022-09-06 07:00:00;9.756;9.839;9.729;9.759;12.5316;UCG.ITEUR
2022-09-06 08:00:00;9.749;9.759;9.639;9.669;6.8904;UCG.ITEUR
2022-09-06 09:00:00;9.666;9.679;9.599;9.669;5.2865;UCG.ITEUR
2022-09-06 10:00:00;9.669;9.719;9.659;9.699;7.1708;UCG.ITEUR
2022-09-06 11:00:00;9.709;9.779;9.709;9.739;3.1449;UCG.ITEUR
2022-09-06 12:00:00;9.739;9.789;9.729;9.779;3.6293;UCG.ITEUR
2022-09-06 13:00:00;9.769;9.799;9.659;9.679;7.7804;UCG.ITEUR
2022-09-06 14:00:00;9.689;9.779;9.649;9.769;9.6717;UCG.ITEUR
2022-09-06 15:00:00;9.766;9.799;9.749;9.749;3.8596;UCG.ITEUR
2022-09-07 07:00:00;9.646;9.679;9.629;9.639;9.5282;UCG.ITEUR
2022-09-07 08:00:00;9.649;9.679;9.569;9.579;9.7705;UCG.ITEUR
2022-09-07 09:00:00;9.576;9.599;9.539;9.569;7.4238;UCG.ITEUR
2022-09-07 10:00:00;9.579;9.609;9.539;9.599;6.837;UCG.ITEUR
2022-09-07 11:00:00;9.596;9.619;9.539;9.549;5.215;UCG.ITEUR
2022-09-07 12:00:00;9.559;9.579;9.499;9.529;6.5356;UCG.ITEUR
2022-09-07 13:00:00;9.526;9.579;9.489;9.566;10.434;UCG.ITEUR
2022-09-07 14:00:00;9.559;9.639;9.539;9.629;9.6446;UCG.ITEUR
2022-09-07 15:00:00;9.639;9.659;9.609;9.639;4.5012;UCG.ITEUR
2022-09-08 07:00:00;9.726;9.749;9.629;9.659;7.7574;UCG.ITEUR
2022-09-08 08:00:00;9.656;9.659;9.599;9.649;5.5205;UCG.ITEUR
2022-09-08 09:00:00;9.659;9.699;9.589;9.669;7.8486;UCG.ITEUR
2022-09-08 10:00:00;9.669;9.679;9.609;9.669;5.5027;UCG.ITEUR
2022-09-08 11:00:00;9.679;9.709;9.659;9.709;8.4084;UCG.ITEUR
2022-09-08 12:00:00;9.719;9.969;9.719;9.859;19.167;UCG.ITEUR
2022-09-08 13:00:00;9.869;10.029;9.799;10.009;18.1756;UCG.ITEUR
2022-09-08 14:00:00;10.019;10.169;9.999;10.149;15.0148;UCG.ITEUR
2022-09-08 15:00:00;10.159;10.189;10.139;10.139;4.7666;UCG.ITEUR
2022-09-09 07:00:00;10.389;10.439;10.269;10.399;15.73;UCG.ITEUR
2022-09-09 08:00:00;10.396;10.549;10.369;10.509;13.1822;UCG.ITEUR
2022-09-09 09:00:00;10.509;10.509;10.429;10.439;7.9855;UCG.ITEUR
2022-09-09 10:00:00;10.436;10.479;10.399;10.459;9.1005;UCG.ITEUR
2022-09-09 11:00:00;10.456;10.479;10.399;10.409;4.554;UCG.ITEUR
2022-09-09 12:00:00;10.406;10.529;10.399;10.459;4.9854;UCG.ITEUR
2022-09-09 13:00:00;10.469;10.579;10.329;10.369;9.1984;UCG.ITEUR
2022-09-09 14:00:00;10.379;10.459;10.369;10.439;7.3743;UCG.ITEUR
2022-09-09 15:00:00;10.436;10.439;10.379;10.389;2.8923;UCG.ITEUR
2022-09-12 07:00:00;10.589;10.669;10.569;10.619;2.4702;UCG.ITEUR
2022-09-12 08:00:00;10.629;10.639;10.599;10.639;5.3534;UCG.ITEUR
2022-09-12 09:00:00;10.636;10.699;10.609;10.609;7.7766;UCG.ITEUR
2022-09-12 10:00:00;10.599;10.629;10.579;10.629;6.9187;UCG.ITEUR
2022-09-12 11:00:00;10.626;10.629;10.589;10.609;2.8124;UCG.ITEUR
2022-09-12 12:00:00;10.599;10.649;10.579;10.629;3.8634;UCG.ITEUR
2022-09-12 13:00:00;10.626;10.699;10.609;10.689;5.206;UCG.ITEUR
2022-09-12 14:00:00;10.686;10.699;10.639;10.649;4.1952;UCG.ITEUR
2022-09-12 15:00:00;10.646;10.649;10.619;10.619;2.9023;UCG.ITEUR
2022-09-13 07:00:00;10.699;10.699;10.499;10.639;13.9072;UCG.ITEUR
2022-09-13 08:00:00;10.636;10.739;10.609;10.729;9.3012;UCG.ITEUR
2022-09-13 09:00:00;10.739;10.749;10.679;10.709;6.0192;UCG.ITEUR
2022-09-13 10:00:00;10.709;10.749;10.699;10.749;5.1106;UCG.ITEUR
2022-09-13 11:00:00;10.759;10.799;10.749;10.769;4.478;UCG.ITEUR
2022-09-13 12:00:00;10.779;10.789;10.539;10.539;14.6078;UCG.ITEUR
2022-09-13 13:00:00;10.549;10.649;10.449;10.629;15.6472;UCG.ITEUR
2022-09-13 14:00:00;10.626;10.626;10.559;10.559;8.1621;UCG.ITEUR
2022-09-13 15:00:00;10.569;10.609;10.569;10.589;2.8117;UCG.ITEUR
2022-09-14 07:00:00;10.609;10.819;10.599;10.809;16.1938;UCG.ITEUR
2022-09-14 08:00:00;10.819;10.889;10.779;10.879;8.4664;UCG.ITEUR
2022-09-14 09:00:00;10.889;10.939;10.859;10.889;4.7607;UCG.ITEUR
2022-09-14 10:00:00;10.879;10.929;10.869;10.879;5.1018;UCG.ITEUR
2022-09-14 11:00:00;10.879;10.889;10.709;10.719;7.6908;UCG.ITEUR
2022-09-14 12:00:00;10.729;10.829;10.719;10.809;9.0831;UCG.ITEUR
2022-09-14 13:00:00;10.809;10.839;10.719;10.819;10.7409;UCG.ITEUR
2022-09-14 14:00:00;10.829;10.839;10.719;10.839;9.0673;UCG.ITEUR
2022-09-14 15:00:00;10.836;10.869;10.809;10.849;2.7856;UCG.ITEUR
2022-09-15 07:00:00;11.029;11.189;11.019;11.109;13.5869;UCG.ITEUR
2022-09-15 08:00:00;11.119;11.169;11.019;11.049;9.6349;UCG.ITEUR
2022-09-15 09:00:00;11.046;11.069;10.999;10.999;5.5332;UCG.ITEUR
2022-09-15 10:00:00;11.009;11.019;10.919;10.979;5.942;UCG.ITEUR
2022-09-15 11:00:00;10.989;11.039;10.959;11.019;4.5556;UCG.ITEUR
2022-09-15 12:00:00;11.019;11.039;10.919;10.919;10.2459;UCG.ITEUR
2022-09-15 13:00:00;10.929;10.999;10.859;10.999;10.5191;UCG.ITEUR
2022-09-15 14:00:00;11.009;11.029;10.919;10.939;11.4041;UCG.ITEUR
2022-09-15 15:00:00;10.936;10.969;10.919;10.939;4.605;UCG.ITEUR
2022-09-16 07:00:00;10.779;10.839;10.609;10.679;12.6036;UCG.ITEUR
2022-09-16 08:00:00;10.689;10.859;10.659;10.799;12.806;UCG.ITEUR
2022-09-16 09:00:00;10.809;10.929;10.809;10.899;9.5272;UCG.ITEUR
2022-09-16 10:00:00;10.909;10.979;10.899;10.939;10.1021;UCG.ITEUR
2022-09-16 11:00:00;10.939;10.939;10.819;10.819;7.7682;UCG.ITEUR
2022-09-16 12:00:00;10.829;10.839;10.759;10.779;7.4516;UCG.ITEUR
2022-09-16 13:00:00;10.776;10.819;10.689;10.689;10.775;UCG.ITEUR
2022-09-16 14:00:00;10.689;10.789;10.689;10.759;13.4526;UCG.ITEUR
2022-09-16 15:00:00;10.769;10.769;10.729;10.739;2.9959;UCG.ITEUR
2022-09-19 07:00:00;10.486;10.589;10.459;10.579;11.7152;UCG.ITEUR
2022-09-19 08:00:00;10.589;10.659;10.539;10.619;8.3059;UCG.ITEUR
2022-09-19 09:00:00;10.619;10.629;10.529;10.529;4.6134;UCG.ITEUR
2022-09-19 10:00:00;10.526;10.619;10.509;10.599;3.958;UCG.ITEUR
2022-09-19 11:00:00;10.599;10.659;10.599;10.629;3.1672;UCG.ITEUR
2022-09-19 12:00:00;10.629;10.659;10.609;10.629;5.0112;UCG.ITEUR
2022-09-19 13:00:00;10.619;10.689;10.589;10.629;6.3339;UCG.ITEUR
2022-09-19 14:00:00;10.639;10.729;10.629;10.709;5.9165;UCG.ITEUR
2022-09-19 15:00:00;10.719;10.729;10.649;10.649;2.9833;UCG.ITEUR
2022-09-20 07:00:00;10.929;10.989;10.749;10.789;14.5644;UCG.ITEUR
2022-09-20 08:00:00;10.779;10.789;10.669;10.689;10.4364;UCG.ITEUR
2022-09-20 09:00:00;10.679;10.689;10.549;10.599;10.0792;UCG.ITEUR
2022-09-20 10:00:00;10.599;10.639;10.569;10.599;8.9662;UCG.ITEUR
2022-09-20 11:00:00;10.609;10.639;10.499;10.509;6.8241;UCG.ITEUR
2022-09-20 12:00:00;10.519;10.569;10.429;10.559;11.3705;UCG.ITEUR
2022-09-20 13:00:00;10.569;10.619;10.509;10.529;11.7596;UCG.ITEUR
2022-09-20 14:00:00;10.526;10.569;10.509;10.539;8.536;UCG.ITEUR
2022-09-20 15:00:00;10.549;10.549;10.509;10.509;3.7198;UCG.ITEUR
2022-09-21 07:00:00;10.479;10.789;10.469;10.699;15.4352;UCG.ITEUR
2022-09-21 08:00:00;10.709;10.769;10.659;10.709;10.3554;UCG.ITEUR
2022-09-21 09:00:00;10.709;10.769;10.679;10.749;7.0209;UCG.ITEUR
2022-09-21 10:00:00;10.746;10.819;10.719;10.809;7.3036;UCG.ITEUR
2022-09-21 11:00:00;10.799;10.799;10.659;10.679;4.1377;UCG.ITEUR
2022-09-21 12:00:00;10.676;10.689;10.569;10.579;7.4881;UCG.ITEUR
2022-09-21 13:00:00;10.589;10.709;10.549;10.549;8.4364;UCG.ITEUR
2022-09-21 14:00:00;10.549;10.669;10.539;10.659;7.6996;UCG.ITEUR
2022-09-21 15:00:00;10.669;10.699;10.639;10.679;3.7234;UCG.ITEUR
2022-09-22 07:00:00;10.539;11.159;10.509;11.089;24.9324;UCG.ITEUR
2022-09-22 08:00:00;11.099;11.439;11.059;11.219;25.1258;UCG.ITEUR
2022-09-22 09:00:00;11.209;11.339;11.099;11.329;15.0048;UCG.ITEUR
2022-09-22 10:00:00;11.326;11.339;11.259;11.329;9.6709;UCG.ITEUR
2022-09-22 11:00:00;11.339;11.379;11.269;11.279;12.703;UCG.ITEUR
2022-09-22 12:00:00;11.289;11.349;11.269;11.299;8.212;UCG.ITEUR
2022-09-22 13:00:00;11.296;11.319;11.249;11.249;9.097;UCG.ITEUR
2022-09-22 14:00:00;11.246;11.269;11.179;11.239;13.7624;UCG.ITEUR
2022-09-22 15:00:00;11.236;11.259;11.199;11.249;5.2049;UCG.ITEUR
2022-09-23 07:00:00;11.166;11.199;11.039;11.189;16.5866;UCG.ITEUR
2022-09-23 08:00:00;11.186;11.199;11.079;11.149;9.014;UCG.ITEUR
2022-09-23 09:00:00;11.146;11.219;11.059;11.089;12.859;UCG.ITEUR
2022-09-23 10:00:00;11.086;11.109;10.769;10.789;19.0288;UCG.ITEUR
2022-09-23 11:00:00;10.799;10.939;10.779;10.839;15.5634;UCG.ITEUR
2022-09-23 12:00:00;10.836;10.919;10.819;10.899;11.1027;UCG.ITEUR
2022-09-23 13:00:00;10.909;10.959;10.799;10.799;13.7716;UCG.ITEUR
2022-09-23 14:00:00;10.809;10.879;10.789;10.819;12.4044;UCG.ITEUR
2022-09-23 15:00:00;10.816;10.879;10.799;10.809;4.806;UCG.ITEUR
2022-09-26 07:00:00;10.819;10.949;10.729;10.869;29.699;UCG.ITEUR
2022-09-26 08:00:00;10.869;10.999;10.839;10.989;17.0504;UCG.ITEUR
2022-09-26 09:00:00;10.999;11.029;10.769;10.819;14.6734;UCG.ITEUR
2022-09-26 10:00:00;10.829;10.909;10.729;10.889;13.821;UCG.ITEUR
2022-09-26 11:00:00;10.886;10.939;10.849;10.899;9.5666;UCG.ITEUR
2022-09-26 12:00:00;10.909;10.969;10.869;10.939;9.4286;UCG.ITEUR
2022-09-26 13:00:00;10.936;10.949;10.879;10.939;12.1225;UCG.ITEUR
2022-09-26 14:00:00;10.949;10.979;10.859;10.909;14.6014;UCG.ITEUR
2022-09-26 15:00:00;10.919;10.929;10.869;10.879;4.5942;UCG.ITEUR
2022-09-27 07:00:00;11.079;11.189;10.979;11.099;20.2764;UCG.ITEUR
2022-09-27 08:00:00;11.099;11.149;10.789;10.869;16.6996;UCG.ITEUR
2022-09-27 09:00:00;10.879;10.909;10.759;10.809;14.4976;UCG.ITEUR
2022-09-27 10:00:00;10.819;10.959;10.819;10.889;11.2743;UCG.ITEUR
2022-09-27 11:00:00;10.886;10.919;10.819;10.839;11.6474;UCG.ITEUR
2022-09-27 12:00:00;10.836;10.919;10.819;10.829;9.4546;UCG.ITEUR
2022-09-27 13:00:00;10.825;10.889;10.779;10.809;15.319;UCG.ITEUR
2022-09-27 14:00:00;10.819;10.859;10.719;10.809;16.4852;UCG.ITEUR
2022-09-27 15:00:00;10.819;10.849;10.659;10.679;6.1934;UCG.ITEUR
2022-09-28 07:00:00;10.539;10.549;10.249;10.449;26.9068;UCG.ITEUR
2022-09-28 08:00:00;10.459;10.489;10.359;10.389;18.123;UCG.ITEUR
2022-09-28 09:00:00;10.399;10.399;10.289;10.299;13.173;UCG.ITEUR
2022-09-28 10:00:00;10.296;10.539;10.269;10.399;29.7528;UCG.ITEUR
2022-09-28 11:00:00;10.389;10.429;10.319;10.329;13.4124;UCG.ITEUR
2022-09-28 12:00:00;10.329;10.479;10.329;10.409;13.8539;UCG.ITEUR
2022-09-28 13:00:00;10.406;10.479;10.359;10.449;16.8846;UCG.ITEUR
2022-09-28 14:00:00;10.459;10.509;10.399;10.489;12.9762;UCG.ITEUR
2022-09-28 15:00:00;10.486;10.569;10.479;10.519;5.3857;UCG.ITEUR
2022-09-29 07:00:00;10.396;10.429;10.239;10.309;18.8656;UCG.ITEUR
2022-09-29 08:00:00;10.319;10.339;10.249;10.279;15.1207;UCG.ITEUR
2022-09-29 09:00:00;10.289;10.329;10.269;10.319;10.533;UCG.ITEUR
2022-09-29 10:00:00;10.316;10.339;10.269;10.329;8.7581;UCG.ITEUR
2022-09-29 11:00:00;10.339;10.349;10.259;10.279;6.7787;UCG.ITEUR
2022-09-29 12:00:00;10.289;10.289;10.179;10.199;12.5293;UCG.ITEUR
2022-09-29 13:00:00;10.209;10.229;10.139;10.209;13.9711;UCG.ITEUR
2022-09-29 14:00:00;10.199;10.209;10.059;10.149;17.0394;UCG.ITEUR
2022-09-29 15:00:00;10.149;10.199;10.129;10.149;5.3778;UCG.ITEUR
2022-09-30 07:00:00;10.329;10.399;10.269;10.389;18.9042;UCG.ITEUR
2022-09-30 08:00:00;10.399;10.499;10.379;10.469;12.432;UCG.ITEUR
2022-09-30 09:00:00;10.466;10.489;10.429;10.479;9.643;UCG.ITEUR
2022-09-30 10:00:00;10.489;10.539;10.439;10.439;7.4784;UCG.ITEUR
2022-09-30 11:00:00;10.439;10.449;10.349;10.419;9.787;UCG.ITEUR
2022-09-30 12:00:00;10.416;10.539;10.399;10.469;13.3178;UCG.ITEUR
2022-09-30 13:00:00;10.479;10.479;10.369;10.449;14.1844;UCG.ITEUR
2022-09-30 14:00:00;10.419;10.489;10.389;10.449;12.1808;UCG.ITEUR
2022-09-30 15:00:00;10.446;10.499;10.409;10.459;4.6048;UCG.ITEUR
2022-10-03 07:00:00;10.339;10.439;10.249;10.369;19.5748;UCG.ITEUR
2022-10-03 08:00:00;10.369;10.409;10.299;10.399;15.2594;UCG.ITEUR
2022-10-03 09:00:00;10.409;10.479;10.349;10.459;11.963;UCG.ITEUR
2022-10-03 10:00:00;10.456;10.589;10.449;10.589;10.5551;UCG.ITEUR
2022-10-03 11:00:00;10.586;10.629;10.559;10.569;10.1239;UCG.ITEUR
2022-10-03 12:00:00;10.566;10.629;10.539;10.609;7.9871;UCG.ITEUR
2022-10-03 13:00:00;10.599;10.659;10.549;10.589;11.5229;UCG.ITEUR
2022-10-03 14:00:00;10.599;10.749;10.589;10.739;11.4761;UCG.ITEUR
2022-10-03 15:00:00;10.736;10.749;10.699;10.709;3.3109;UCG.ITEUR
2022-10-04 07:00:00;10.889;10.989;10.879;10.969;16.6442;UCG.ITEUR
2022-10-04 08:00:00;10.979;10.989;10.889;10.919;9.2896;UCG.ITEUR
2022-10-04 09:00:00;10.929;10.939;10.839;10.899;8.5084;UCG.ITEUR
2022-10-04 10:00:00;10.909;10.989;10.889;10.969;5.8324;UCG.ITEUR
2022-10-04 11:00:00;10.959;10.989;10.929;10.989;7.2422;UCG.ITEUR
2022-10-04 12:00:00;10.986;11.009;10.959;10.979;5.5873;UCG.ITEUR
2022-10-04 13:00:00;10.989;11.109;10.969;11.109;7.7477;UCG.ITEUR
2022-10-04 14:00:00;11.119;11.139;11.069;11.089;12.2965;UCG.ITEUR
2022-10-04 15:00:00;11.099;11.119;11.029;11.049;4.3525;UCG.ITEUR
2022-10-05 07:00:00;10.979;10.999;10.829;10.839;15.3088;UCG.ITEUR
2022-10-05 08:00:00;10.849;10.869;10.759;10.849;13.6308;UCG.ITEUR
2022-10-05 09:00:00;10.859;10.869;10.779;10.779;8.0943;UCG.ITEUR
2022-10-05 10:00:00;10.776;10.829;10.769;10.819;6.6271;UCG.ITEUR
2022-10-05 11:00:00;10.816;10.849;10.789;10.839;5.319;UCG.ITEUR
2022-10-05 12:00:00;10.836;10.879;10.809;10.829;7.9414;UCG.ITEUR
2022-10-05 13:00:00;10.819;10.869;10.799;10.819;8.6461;UCG.ITEUR
2022-10-05 14:00:00;10.799;10.829;10.739;10.769;10.0138;UCG.ITEUR
2022-10-05 15:00:00;10.766;10.829;10.759;10.819;4.4384;UCG.ITEUR
2022-10-06 07:00:00;10.856;10.899;10.639;10.659;15.972;UCG.ITEUR
2022-10-06 08:00:00;10.656;10.709;10.539;10.589;12.8648;UCG.ITEUR
2022-10-06 09:00:00;10.586;10.649;10.569;10.589;11.0079;UCG.ITEUR
2022-10-06 10:00:00;10.599;10.619;10.529;10.609;8.6251;UCG.ITEUR
2022-10-06 11:00:00;10.619;10.649;10.599;10.609;8.7208;UCG.ITEUR
2022-10-06 12:00:00;10.619;10.679;10.609;10.629;7.1741;UCG.ITEUR
2022-10-06 13:00:00;10.619;10.689;10.569;10.639;10.2188;UCG.ITEUR
2022-10-06 14:00:00;10.629;10.709;10.599;10.709;12.4528;UCG.ITEUR
2022-10-06 15:00:00;10.706;10.706;10.659;10.699;3.6567;UCG.ITEUR
2022-10-07 07:00:00;10.699;10.819;10.699;10.749;14.4107;UCG.ITEUR
2022-10-07 08:00:00;10.759;10.779;10.619;10.679;11.274;UCG.ITEUR
2022-10-07 09:00:00;10.689;10.779;10.669;10.739;7.8872;UCG.ITEUR
2022-10-07 10:00:00;10.739;10.759;10.709;10.759;4.9985;UCG.ITEUR
2022-10-07 11:00:00;10.759;10.789;10.739;10.779;5.1179;UCG.ITEUR
2022-10-07 12:00:00;10.789;10.819;10.679;10.739;14.7513;UCG.ITEUR
2022-10-07 13:00:00;10.729;10.789;10.639;10.639;13.0748;UCG.ITEUR
2022-10-07 14:00:00;10.639;10.729;10.629;10.689;12.4841;UCG.ITEUR
2022-10-07 15:00:00;10.689;10.709;10.679;10.689;3.6212;UCG.ITEUR
2022-10-10 07:00:00;10.659;10.799;10.639;10.739;14.279;UCG.ITEUR
2022-10-10 08:00:00;10.749;10.819;10.709;10.729;8.6729;UCG.ITEUR
2022-10-10 09:00:00;10.729;10.789;10.729;10.769;5.6247;UCG.ITEUR
2022-10-10 10:00:00;10.769;10.769;10.729;10.749;4.937;UCG.ITEUR
2022-10-10 11:00:00;10.759;10.809;10.739;10.769;5.1748;UCG.ITEUR
2022-10-10 12:00:00;10.766;10.799;10.749;10.789;6.7346;UCG.ITEUR
2022-10-10 13:00:00;10.786;10.849;10.769;10.769;9.3624;UCG.ITEUR
2022-10-10 14:00:00;10.779;10.989;10.759;10.949;18.5719;UCG.ITEUR
2022-10-10 15:00:00;10.946;10.949;10.869;10.909;5.6285;UCG.ITEUR
2022-10-11 07:00:00;10.699;10.709;10.529;10.569;16.0708;UCG.ITEUR
2022-10-11 08:00:00;10.566;10.599;10.549;10.589;10.7611;UCG.ITEUR
2022-10-11 09:00:00;10.586;10.649;10.549;10.589;9.3343;UCG.ITEUR
2022-10-11 10:00:00;10.586;10.629;10.559;10.619;9.0053;UCG.ITEUR
2022-10-11 11:00:00;10.629;10.659;10.609;10.639;9.0443;UCG.ITEUR
2022-10-11 12:00:00;10.636;10.709;10.629;10.679;10.0556;UCG.ITEUR
2022-10-11 13:00:00;10.669;10.679;10.619;10.639;10.583;UCG.ITEUR
2022-10-11 14:00:00;10.636;10.699;10.629;10.669;11.423;UCG.ITEUR
2022-10-11 15:00:00;10.666;10.709;10.649;10.699;5.3912;UCG.ITEUR
2022-10-12 07:00:00;10.726;10.739;10.429;10.459;22.789;UCG.ITEUR
2022-10-12 08:00:00;10.469;10.619;10.459;10.609;12.046;UCG.ITEUR
2022-10-12 09:00:00;10.606;10.689;10.599;10.659;10.512;UCG.ITEUR
2022-10-12 10:00:00;10.656;10.689;10.589;10.619;9.4799;UCG.ITEUR
2022-10-12 11:00:00;10.619;10.649;10.589;10.589;6.7207;UCG.ITEUR
2022-10-12 12:00:00;10.599;10.629;10.549;10.619;12.7626;UCG.ITEUR
2022-10-12 13:00:00;10.616;10.679;10.569;10.669;12.3527;UCG.ITEUR
2022-10-12 14:00:00;10.679;10.719;10.649;10.699;10.1373;UCG.ITEUR
2022-10-12 15:00:00;10.709;10.769;10.699;10.739;3.9436;UCG.ITEUR
2022-10-13 07:00:00;10.566;10.709;10.559;10.669;11.7454;UCG.ITEUR
2022-10-13 08:00:00;10.666;10.819;10.619;10.779;9.0594;UCG.ITEUR
2022-10-13 09:00:00;10.779;10.869;10.769;10.849;7.795;UCG.ITEUR
2022-10-13 10:00:00;10.859;10.859;10.799;10.819;5.7808;UCG.ITEUR
2022-10-13 11:00:00;10.829;10.959;10.809;10.899;11.4709;UCG.ITEUR
2022-10-13 12:00:00;10.889;10.909;10.619;10.699;23.7105;UCG.ITEUR
2022-10-13 13:00:00;10.696;10.779;10.609;10.729;22.9138;UCG.ITEUR
2022-10-13 14:00:00;10.726;10.819;10.709;10.799;21.7324;UCG.ITEUR
2022-10-13 15:00:00;10.799;10.939;10.789;10.919;8.2514;UCG.ITEUR
2022-10-14 07:00:00;11.169;11.249;11.109;11.169;18.5506;UCG.ITEUR
2022-10-14 08:00:00;11.166;11.279;11.139;11.189;12.2376;UCG.ITEUR
2022-10-14 09:00:00;11.186;11.199;11.079;11.139;12.1832;UCG.ITEUR
2022-10-14 10:00:00;11.136;11.199;11.119;11.199;14.623;UCG.ITEUR
2022-10-14 11:00:00;11.196;11.219;11.069;11.079;9.462;UCG.ITEUR
2022-10-14 12:00:00;11.076;11.189;11.039;11.169;14.4254;UCG.ITEUR
2022-10-14 13:00:00;11.179;11.289;11.169;11.219;16.64;UCG.ITEUR
2022-10-14 14:00:00;11.216;11.216;11.079;11.099;18.4076;UCG.ITEUR
2022-10-14 15:00:00;11.099;11.149;11.059;11.079;6.1004;UCG.ITEUR
2022-10-17 07:00:00;11.149;11.179;11.069;11.169;12.9153;UCG.ITEUR
2022-10-17 08:00:00;11.166;11.189;11.049;11.129;10.4007;UCG.ITEUR
2022-10-17 09:00:00;11.139;11.139;11.089;11.109;8.9731;UCG.ITEUR
2022-10-17 10:00:00;11.106;11.129;11.079;11.109;7.3983;UCG.ITEUR
2022-10-17 11:00:00;11.106;11.149;11.099;11.119;7.2185;UCG.ITEUR
2022-10-17 12:00:00;11.119;11.179;11.109;11.149;5.6565;UCG.ITEUR
2022-10-17 13:00:00;11.159;11.259;11.149;11.209;6.6874;UCG.ITEUR
2022-10-17 14:00:00;11.219;11.269;11.189;11.219;9.534;UCG.ITEUR
2022-10-17 15:00:00;11.229;11.229;11.169;11.219;2.1108;UCG.ITEUR
2022-10-18 07:00:00;11.289;11.489;11.279;11.469;12.1945;UCG.ITEUR
2022-10-18 08:00:00;11.459;11.519;11.459;11.479;7.8208;UCG.ITEUR
2022-10-18 09:00:00;11.479;11.499;11.449;11.479;8.0197;UCG.ITEUR
2022-10-18 10:00:00;11.476;11.479;11.439;11.439;5.5977;UCG.ITEUR
2022-10-18 11:00:00;11.439;11.449;11.409;11.429;5.4076;UCG.ITEUR
2022-10-18 12:00:00;11.439;11.529;11.429;11.489;9.3263;UCG.ITEUR
2022-10-18 13:00:00;11.486;11.509;11.439;11.459;8.9838;UCG.ITEUR
2022-10-18 14:00:00;11.459;11.499;11.419;11.429;8.4767;UCG.ITEUR
2022-10-18 15:00:00;11.426;11.439;11.349;11.359;4.2135;UCG.ITEUR
2022-10-19 07:00:00;11.429;11.469;11.299;11.349;14.3032;UCG.ITEUR
2022-10-19 08:00:00;11.346;11.349;11.249;11.289;9.0245;UCG.ITEUR
2022-10-19 09:00:00;11.279;11.349;11.279;11.339;8.2517;UCG.ITEUR
2022-10-19 10:00:00;11.336;11.339;11.279;11.299;7.7175;UCG.ITEUR
2022-10-19 11:00:00;11.299;11.329;11.289;11.309;7.9205;UCG.ITEUR
2022-10-19 12:00:00;11.299;11.319;11.259;11.309;8.5276;UCG.ITEUR
2022-10-19 13:00:00;11.306;11.329;11.259;11.279;9.0469;UCG.ITEUR
2022-10-19 14:00:00;11.289;11.299;11.229;11.249;7.12;UCG.ITEUR
2022-10-19 15:00:00;11.239;11.269;11.209;11.229;3.0542;UCG.ITEUR
2022-10-20 07:00:00;11.119;11.369;11.099;11.349;16.0096;UCG.ITEUR
2022-10-20 08:00:00;11.346;11.349;11.249;11.249;8.4682;UCG.ITEUR
2022-10-20 09:00:00;11.259;11.289;11.229;11.239;5.8494;UCG.ITEUR
2022-10-20 10:00:00;11.236;11.249;11.189;11.229;5.7321;UCG.ITEUR
2022-10-20 11:00:00;11.226;11.259;11.199;11.239;5.9061;UCG.ITEUR
2022-10-20 12:00:00;11.236;11.279;11.199;11.219;11.6868;UCG.ITEUR
2022-10-20 13:00:00;11.209;11.259;11.209;11.209;6.4771;UCG.ITEUR
2022-10-20 14:00:00;11.219;11.299;11.209;11.279;9.0555;UCG.ITEUR
2022-10-20 15:00:00;11.289;11.309;11.229;11.259;4.7493;UCG.ITEUR
2022-10-21 07:00:00;11.229;11.369;11.189;11.289;12.8422;UCG.ITEUR
2022-10-21 08:00:00;11.286;11.299;11.219;11.249;9.2476;UCG.ITEUR
2022-10-21 09:00:00;11.259;11.289;11.199;11.239;6.873;UCG.ITEUR
2022-10-21 10:00:00;11.249;11.279;11.239;11.269;4.8792;UCG.ITEUR
2022-10-21 11:00:00;11.259;11.279;11.229;11.259;5.0035;UCG.ITEUR
2022-10-21 12:00:00;11.259;11.259;11.219;11.249;5.8338;UCG.ITEUR
2022-10-21 13:00:00;11.259;11.409;11.249;11.399;14.4588;UCG.ITEUR
2022-10-21 14:00:00;11.409;11.449;11.359;11.429;13.25;UCG.ITEUR
2022-10-21 15:00:00;11.426;11.479;11.419;11.459;3.045;UCG.ITEUR
2022-10-24 07:00:00;11.736;11.749;11.549;11.559;13.1807;UCG.ITEUR
2022-10-24 08:00:00;11.569;11.569;11.419;11.519;13.4534;UCG.ITEUR
2022-10-24 09:00:00;11.509;11.619;11.509;11.609;6.2459;UCG.ITEUR
2022-10-24 10:00:00;11.619;11.629;11.569;11.589;5.2783;UCG.ITEUR
2022-10-24 11:00:00;11.599;11.649;11.579;11.639;5.2252;UCG.ITEUR
2022-10-24 12:00:00;11.636;11.719;11.619;11.699;6.3688;UCG.ITEUR
2022-10-24 13:00:00;11.709;11.709;11.639;11.679;9.2034;UCG.ITEUR
2022-10-24 14:00:00;11.676;11.679;11.599;11.629;11.9764;UCG.ITEUR
2022-10-24 15:00:00;11.639;11.649;11.529;11.549;4.8155;UCG.ITEUR
2022-10-25 07:00:00;11.579;11.679;11.529;11.629;15.9108;UCG.ITEUR
2022-10-25 08:00:00;11.639;11.719;11.599;11.669;8.6059;UCG.ITEUR
2022-10-25 09:00:00;11.666;11.666;11.509;11.539;7.0614;UCG.ITEUR
2022-10-25 10:00:00;11.536;11.549;11.459;11.499;7.2971;UCG.ITEUR
2022-10-25 11:00:00;11.509;11.549;11.489;11.519;5.1609;UCG.ITEUR
2022-10-25 12:00:00;11.529;11.529;11.469;11.499;5.4302;UCG.ITEUR
2022-10-25 13:00:00;11.509;11.569;11.479;11.519;9.1543;UCG.ITEUR
2022-10-25 14:00:00;11.529;11.529;11.459;11.459;8.5302;UCG.ITEUR
2022-10-25 15:00:00;11.469;11.539;11.459;11.529;4.9458;UCG.ITEUR
2022-10-26 07:00:00;11.459;11.859;11.409;11.819;27.81;UCG.ITEUR
2022-10-26 08:00:00;11.816;11.969;11.769;11.969;14.3686;UCG.ITEUR
2022-10-26 09:00:00;11.966;11.999;11.849;11.929;13.0934;UCG.ITEUR
2022-10-26 10:00:00;11.926;11.979;11.919;11.959;5.1945;UCG.ITEUR
2022-10-26 11:00:00;11.949;12.019;11.949;11.979;6.1449;UCG.ITEUR
2022-10-26 12:00:00;11.979;11.989;11.849;11.939;5.6778;UCG.ITEUR
2022-10-26 13:00:00;11.939;11.949;11.819;11.839;9.0424;UCG.ITEUR
2022-10-26 14:00:00;11.849;11.939;11.809;11.919;8.7193;UCG.ITEUR
2022-10-26 15:00:00;11.929;11.999;11.909;11.969;4.6891;UCG.ITEUR
2022-10-27 07:00:00;11.969;12.329;11.959;12.169;18.5062;UCG.ITEUR
2022-10-27 08:00:00;12.166;12.189;12.089;12.129;13.2012;UCG.ITEUR
2022-10-27 09:00:00;12.126;12.126;11.909;12.049;12.714;UCG.ITEUR
2022-10-27 10:00:00;12.049;12.079;11.969;11.989;6.9676;UCG.ITEUR
2022-10-27 11:00:00;11.999;12.039;11.969;11.999;5.0043;UCG.ITEUR
2022-10-27 12:00:00;12.009;12.289;11.939;12.269;16.229;UCG.ITEUR
2022-10-27 13:00:00;12.279;12.409;12.249;12.299;16.3583;UCG.ITEUR
2022-10-27 14:00:00;12.296;12.409;12.289;12.339;11.3245;UCG.ITEUR
2022-10-27 15:00:00;12.336;12.379;12.309;12.359;6.3156;UCG.ITEUR
2022-10-28 07:00:00;12.159;12.309;12.139;12.169;13.6368;UCG.ITEUR
2022-10-28 08:00:00;12.179;12.319;12.129;12.199;11.1266;UCG.ITEUR
2022-10-28 09:00:00;12.189;12.319;12.179;12.259;8.6995;UCG.ITEUR
2022-10-28 10:00:00;12.259;12.309;12.219;12.289;3.5578;UCG.ITEUR
2022-10-28 11:00:00;12.299;12.339;12.269;12.339;3.5264;UCG.ITEUR
2022-10-28 12:00:00;12.339;12.429;12.319;12.389;7.5918;UCG.ITEUR
2022-10-28 13:00:00;12.389;12.419;12.319;12.349;7.4805;UCG.ITEUR
2022-10-28 14:00:00;12.359;12.379;12.309;12.309;9.8007;UCG.ITEUR
2022-10-28 15:00:00;12.319;12.319;12.269;12.289;2.8847;UCG.ITEUR
2022-10-31 08:00:00;12.459;12.479;12.249;12.349;15.0634;UCG.ITEUR
2022-10-31 09:00:00;12.346;12.519;12.329;12.499;9.5682;UCG.ITEUR
2022-10-31 10:00:00;12.509;12.569;12.499;12.529;8.0239;UCG.ITEUR
2022-10-31 11:00:00;12.529;12.559;12.449;12.479;5.8138;UCG.ITEUR
2022-10-31 12:00:00;12.476;12.509;12.409;12.489;4.4425;UCG.ITEUR
2022-10-31 13:00:00;12.489;12.539;12.479;12.519;7.1842;UCG.ITEUR
2022-10-31 14:00:00;12.529;12.599;12.519;12.579;7.9813;UCG.ITEUR
2022-10-31 15:00:00;12.589;12.599;12.549;12.569;4.6216;UCG.ITEUR
2022-10-31 16:00:00;12.566;12.599;12.559;12.589;2.6632;UCG.ITEUR
2022-11-01 08:00:00;12.819;12.909;12.789;12.879;14.3166;UCG.ITEUR
2022-11-01 09:00:00;12.889;12.959;12.879;12.899;10.3998;UCG.ITEUR
2022-11-01 10:00:00;12.896;12.899;12.809;12.839;10.7667;UCG.ITEUR
2022-11-01 11:00:00;12.836;12.869;12.779;12.839;6.7466;UCG.ITEUR
2022-11-01 12:00:00;12.839;12.839;12.799;12.809;5.7979;UCG.ITEUR
2022-11-01 13:00:00;12.819;12.889;12.779;12.789;8.0497;UCG.ITEUR
2022-11-01 14:00:00;12.799;12.809;12.669;12.679;13.7456;UCG.ITEUR
2022-11-01 15:00:00;12.689;12.699;12.619;12.639;7.965;UCG.ITEUR
2022-11-01 16:00:00;12.636;12.679;12.629;12.649;2.6496;UCG.ITEUR
2022-11-02 08:00:00;12.839;12.839;12.679;12.699;10.1344;UCG.ITEUR
2022-11-02 09:00:00;12.709;12.709;12.589;12.599;11.1674;UCG.ITEUR
2022-11-02 10:00:00;12.596;12.799;12.589;12.789;11.9586;UCG.ITEUR
2022-11-02 11:00:00;12.799;12.799;12.699;12.729;5.0087;UCG.ITEUR
2022-11-02 12:00:00;12.739;12.759;12.699;12.749;7.1001;UCG.ITEUR
2022-11-02 13:00:00;12.759;12.819;12.729;12.789;4.6771;UCG.ITEUR
2022-11-02 14:00:00;12.799;12.809;12.759;12.799;5.4539;UCG.ITEUR
2022-11-02 15:00:00;12.809;12.849;12.759;12.839;5.8216;UCG.ITEUR
2022-11-02 16:00:00;12.849;12.889;12.849;12.869;2.9199;UCG.ITEUR
2022-11-03 08:00:00;12.939;13.019;12.819;12.979;16.1294;UCG.ITEUR
2022-11-03 09:00:00;12.989;13.019;12.909;12.939;8.6125;UCG.ITEUR
2022-11-03 10:00:00;12.939;12.969;12.869;12.909;8.1986;UCG.ITEUR
2022-11-03 11:00:00;12.906;12.929;12.849;12.849;5.9029;UCG.ITEUR
2022-11-03 12:00:00;12.859;12.909;12.849;12.889;10.1019;UCG.ITEUR
2022-11-03 13:00:00;12.899;12.919;12.839;12.849;9.8659;UCG.ITEUR
2022-11-03 14:00:00;12.859;12.879;12.799;12.839;13.2227;UCG.ITEUR
2022-11-03 15:00:00;12.849;12.889;12.759;12.769;7.9369;UCG.ITEUR
2022-11-03 16:00:00;12.779;12.849;12.749;12.849;2.8166;UCG.ITEUR
2022-11-04 08:00:00;12.899;12.949;12.799;12.909;14.5444;UCG.ITEUR
2022-11-04 09:00:00;12.906;12.959;12.869;12.959;7.6187;UCG.ITEUR
2022-11-04 10:00:00;12.956;12.989;12.909;12.979;5.9922;UCG.ITEUR
2022-11-04 11:00:00;12.969;13.009;12.869;12.929;10.852;UCG.ITEUR
2022-11-04 12:00:00;12.939;13.059;12.899;13.049;16.3809;UCG.ITEUR
2022-11-04 13:00:00;13.046;13.079;12.999;13.019;10.6626;UCG.ITEUR
2022-11-04 14:00:00;13.029;13.079;13.009;13.059;10.9506;UCG.ITEUR
2022-11-04 15:00:00;13.069;13.079;12.979;12.999;10.9188;UCG.ITEUR
2022-11-04 16:00:00;13.009;13.069;12.979;13.069;4.2041;UCG.ITEUR
2022-11-07 08:00:00;12.549;12.709;12.489;12.639;29.666;UCG.ITEUR
2022-11-07 09:00:00;12.649;12.739;12.579;12.709;10.2511;UCG.ITEUR
2022-11-07 10:00:00;12.719;12.859;12.679;12.689;8.0413;UCG.ITEUR
2022-11-07 11:00:00;12.699;12.739;12.679;12.679;5.1624;UCG.ITEUR
2022-11-07 12:00:00;12.669;12.719;12.649;12.699;6.5542;UCG.ITEUR
2022-11-07 13:00:00;12.689;12.819;12.689;12.749;5.9208;UCG.ITEUR
2022-11-07 14:00:00;12.759;12.809;12.739;12.759;6.4473;UCG.ITEUR
2022-11-07 15:00:00;12.769;12.799;12.739;12.749;5.7053;UCG.ITEUR
2022-11-07 16:00:00;12.759;12.789;12.749;12.789;2.4041;UCG.ITEUR
2022-11-08 08:00:00;12.829;12.929;12.819;12.919;12.8071;UCG.ITEUR
2022-11-08 09:00:00;12.916;13.009;12.899;12.909;7.3583;UCG.ITEUR
2022-11-08 10:00:00;12.909;12.969;12.889;12.899;5.7545;UCG.ITEUR
2022-11-08 11:00:00;12.899;12.939;12.889;12.929;3.4411;UCG.ITEUR
2022-11-08 12:00:00;12.926;12.929;12.879;12.889;2.8351;UCG.ITEUR
2022-11-08 13:00:00;12.899;12.959;12.869;12.949;5.1038;UCG.ITEUR
2022-11-08 14:00:00;12.959;12.969;12.859;12.869;6.0958;UCG.ITEUR
2022-11-08 15:00:00;12.879;12.899;12.849;12.869;6.0019;UCG.ITEUR
2022-11-08 16:00:00;12.859;12.879;12.839;12.869;2.2372;UCG.ITEUR
2022-11-09 08:00:00;12.956;13.009;12.929;12.949;14.3644;UCG.ITEUR
2022-11-09 09:00:00;12.939;12.949;12.739;12.759;9.0253;UCG.ITEUR
2022-11-09 10:00:00;12.756;12.779;12.709;12.769;8.0455;UCG.ITEUR
2022-11-09 11:00:00;12.759;12.849;12.759;12.809;7.3042;UCG.ITEUR
2022-11-09 12:00:00;12.809;12.839;12.799;12.829;5.5752;UCG.ITEUR
2022-11-09 13:00:00;12.826;12.839;12.769;12.819;5.8846;UCG.ITEUR
2022-11-09 14:00:00;12.829;12.849;12.789;12.829;5.7906;UCG.ITEUR
2022-11-09 15:00:00;12.839;12.869;12.809;12.829;10.7173;UCG.ITEUR
2022-11-09 16:00:00;12.839;12.879;12.839;12.869;2.7139;UCG.ITEUR
2022-11-10 08:00:00;12.836;13.009;12.836;12.979;14.2326;UCG.ITEUR
2022-11-10 09:00:00;12.989;13.069;12.979;13.039;7.1516;UCG.ITEUR
2022-11-10 10:00:00;13.039;13.049;12.959;13.019;6.6126;UCG.ITEUR
2022-11-10 11:00:00;13.016;13.049;12.979;13.029;4.2587;UCG.ITEUR
2022-11-10 12:00:00;13.039;13.039;12.999;13.029;2.5118;UCG.ITEUR
2022-11-10 13:00:00;13.029;13.159;13.019;13.079;9.1595;UCG.ITEUR
2022-11-10 14:00:00;13.089;13.099;12.949;13.039;21.3212;UCG.ITEUR
2022-11-10 15:00:00;13.049;13.109;12.969;12.989;14.4023;UCG.ITEUR
2022-11-10 16:00:00;12.999;13.029;12.949;13.009;5.2685;UCG.ITEUR
2022-11-11 08:00:00;12.986;13.059;12.959;13.009;15.822;UCG.ITEUR
2022-11-11 09:00:00;13.019;13.019;12.899;12.969;10.3047;UCG.ITEUR
2022-11-11 10:00:00;12.966;13.029;12.879;12.889;10.825;UCG.ITEUR
2022-11-11 11:00:00;12.879;12.939;12.859;12.909;8.4589;UCG.ITEUR
2022-11-11 12:00:00;12.899;12.959;12.889;12.929;8.1531;UCG.ITEUR
2022-11-11 13:00:00;12.919;12.939;12.889;12.929;4.2685;UCG.ITEUR
2022-11-11 14:00:00;12.929;12.939;12.869;12.899;6.5044;UCG.ITEUR
2022-11-11 15:00:00;12.896;12.929;12.879;12.889;5.9205;UCG.ITEUR
2022-11-11 16:00:00;12.899;12.899;12.819;12.829;2.7357;UCG.ITEUR
2022-11-14 08:00:00;12.989;13.119;12.899;12.899;16.1213;UCG.ITEUR
2022-11-14 09:00:00;12.909;12.959;12.849;12.949;9.5713;UCG.ITEUR
2022-11-14 10:00:00;12.946;12.959;12.909;12.939;5.3902;UCG.ITEUR
2022-11-14 11:00:00;12.936;12.969;12.909;12.959;3.3331;UCG.ITEUR
2022-11-14 12:00:00;12.949;12.969;12.879;12.899;3.3966;UCG.ITEUR
2022-11-14 13:00:00;12.896;12.909;12.879;12.899;3.0863;UCG.ITEUR
2022-11-14 14:00:00;12.909;12.929;12.859;12.869;7.5509;UCG.ITEUR
2022-11-14 15:00:00;12.879;12.929;12.859;12.869;5.7763;UCG.ITEUR
2022-11-14 16:00:00;12.859;12.869;12.839;12.859;1.604;UCG.ITEUR
2022-11-15 08:00:00;13.029;13.059;12.899;12.899;13.2813;UCG.ITEUR
2022-11-15 09:00:00;12.909;12.939;12.819;12.859;8.7628;UCG.ITEUR
2022-11-15 10:00:00;12.856;12.919;12.839;12.899;5.9473;UCG.ITEUR
2022-11-15 11:00:00;12.909;12.909;12.829;12.849;2.9962;UCG.ITEUR
2022-11-15 12:00:00;12.839;12.929;12.839;12.909;4.9233;UCG.ITEUR
2022-11-15 13:00:00;12.906;13.029;12.899;13.029;9.9897;UCG.ITEUR
2022-11-15 14:00:00;13.026;13.039;12.969;12.999;7.6224;UCG.ITEUR
2022-11-15 15:00:00;13.009;13.049;12.979;12.979;6.1854;UCG.ITEUR
2022-11-15 16:00:00;12.989;13.029;12.979;13.029;3.0006;UCG.ITEUR
2022-11-16 08:00:00;13.039;13.099;12.959;13.039;12.8498;UCG.ITEUR
2022-11-16 09:00:00;13.049;13.069;12.999;13.009;8.0439;UCG.ITEUR
2022-11-16 10:00:00;13.009;13.069;13.009;13.029;5.0534;UCG.ITEUR
2022-11-16 11:00:00;13.019;13.019;12.969;12.999;7.4645;UCG.ITEUR
2022-11-16 12:00:00;12.996;13.009;12.969;12.969;3.6257;UCG.ITEUR
2022-11-16 13:00:00;12.969;13.039;12.949;13.029;6.2299;UCG.ITEUR
2022-11-16 14:00:00;13.039;13.049;12.979;13.029;6.234;UCG.ITEUR
2022-11-16 15:00:00;13.039;13.049;12.999;13.009;5.1875;UCG.ITEUR
2022-11-16 16:00:00;13.019;13.049;13.009;13.049;1.9451;UCG.ITEUR
2022-11-17 08:00:00;13.059;13.119;13.019;13.019;9.3511;UCG.ITEUR
2022-11-17 09:00:00;13.009;13.009;12.859;12.879;6.9707;UCG.ITEUR
2022-11-17 10:00:00;12.889;12.949;12.839;12.869;7.9724;UCG.ITEUR
2022-11-17 11:00:00;12.866;12.919;12.839;12.889;6.8859;UCG.ITEUR
2022-11-17 12:00:00;12.899;12.909;12.819;12.839;5.5655;UCG.ITEUR
2022-11-17 13:00:00;12.829;12.879;12.829;12.829;7.9143;UCG.ITEUR
2022-11-17 14:00:00;12.839;12.929;12.819;12.919;4.7935;UCG.ITEUR
2022-11-17 15:00:00;12.919;12.989;12.919;12.989;2.7584;UCG.ITEUR
2022-11-17 16:00:00;12.986;13.009;12.969;12.999;2.8924;UCG.ITEUR
2022-11-18 08:00:00;13.046;13.099;12.969;13.049;10.9944;UCG.ITEUR
2022-11-18 09:00:00;13.059;13.209;13.059;13.119;11.0748;UCG.ITEUR
2022-11-18 10:00:00;13.119;13.139;13.089;13.089;7.8374;UCG.ITEUR
2022-11-18 11:00:00;13.099;13.119;13.069;13.069;6.1077;UCG.ITEUR
2022-11-18 12:00:00;13.079;13.129;13.069;13.109;6.3782;UCG.ITEUR
2022-11-18 13:00:00;13.119;13.169;13.099;13.139;5.1611;UCG.ITEUR
2022-11-18 14:00:00;13.136;13.149;13.089;13.099;5.3225;UCG.ITEUR
2022-11-18 15:00:00;13.109;13.119;13.069;13.109;3.45;UCG.ITEUR
2022-11-18 16:00:00;13.109;13.119;13.109;13.109;1.6171;UCG.ITEUR
2022-11-21 08:00:00;13.199;13.259;13.159;13.189;11.5297;UCG.ITEUR
2022-11-21 09:00:00;13.186;13.229;13.159;13.189;6.0588;UCG.ITEUR
2022-11-21 10:00:00;13.199;13.229;13.189;13.209;4.1507;UCG.ITEUR
2022-11-21 11:00:00;13.219;13.239;13.109;13.119;3.3197;UCG.ITEUR
2022-11-21 12:00:00;13.129;13.159;13.119;13.149;2.6958;UCG.ITEUR
2022-11-21 13:00:00;13.139;13.159;13.139;13.149;3.3197;UCG.ITEUR
2022-11-21 14:00:00;13.159;13.229;13.159;13.229;5.4664;UCG.ITEUR
2022-11-21 15:00:00;13.219;13.259;13.209;13.249;3.7513;UCG.ITEUR
2022-11-21 16:00:00;13.239;13.259;13.229;13.249;2.2283;UCG.ITEUR
2022-11-22 08:00:00;13.369;13.379;13.249;13.309;10.8512;UCG.ITEUR
2022-11-22 09:00:00;13.319;13.349;13.289;13.299;6.0729;UCG.ITEUR
2022-11-22 10:00:00;13.309;13.339;13.279;13.329;4.7751;UCG.ITEUR
2022-11-22 11:00:00;13.319;13.329;13.249;13.269;4.1418;UCG.ITEUR
2022-11-22 12:00:00;13.266;13.329;13.259;13.309;2.4751;UCG.ITEUR
2022-11-22 13:00:00;13.319;13.329;13.299;13.329;2.8976;UCG.ITEUR
2022-11-22 14:00:00;13.339;13.359;13.309;13.359;3.5805;UCG.ITEUR
2022-11-22 15:00:00;13.356;13.489;13.349;13.489;3.3058;UCG.ITEUR
2022-11-22 16:00:00;13.479;13.489;13.459;13.479;2.3899;UCG.ITEUR
2022-11-23 08:00:00;13.406;13.406;13.259;13.379;15.1614;UCG.ITEUR
2022-11-23 09:00:00;13.389;13.419;13.359;13.379;7.5506;UCG.ITEUR
2022-11-23 10:00:00;13.389;13.439;13.379;13.439;3.7415;UCG.ITEUR
2022-11-23 11:00:00;13.429;13.479;13.419;13.439;4.7029;UCG.ITEUR
2022-11-23 12:00:00;13.436;13.439;13.359;13.389;3.1357;UCG.ITEUR
2022-11-23 13:00:00;13.389;13.399;13.329;13.329;4.6939;UCG.ITEUR
2022-11-23 14:00:00;13.339;13.349;13.299;13.339;4.9049;UCG.ITEUR
2022-11-23 15:00:00;13.349;13.349;13.219;13.269;4.8247;UCG.ITEUR
2022-11-23 16:00:00;13.279;13.279;13.209;13.219;3.0274;UCG.ITEUR
2022-11-24 08:00:00;13.299;13.309;13.169;13.179;11.1516;UCG.ITEUR
2022-11-24 09:00:00;13.176;13.176;13.099;13.119;6.0997;UCG.ITEUR
2022-11-24 10:00:00;13.119;13.189;13.099;13.179;4.0564;UCG.ITEUR
2022-11-24 11:00:00;13.176;13.219;13.149;13.219;2.7089;UCG.ITEUR
2022-11-24 12:00:00;13.209;13.229;13.169;13.179;2.8122;UCG.ITEUR
2022-11-24 13:00:00;13.176;13.209;13.169;13.189;2.1973;UCG.ITEUR
2022-11-24 14:00:00;13.199;13.229;13.179;13.229;2.983;UCG.ITEUR
2022-11-24 15:00:00;13.239;13.319;13.229;13.299;2.5121;UCG.ITEUR
2022-11-24 16:00:00;13.299;13.339;13.299;13.319;1.213;UCG.ITEUR
2022-11-25 08:00:00;13.389;13.399;13.249;13.269;9.5484;UCG.ITEUR
2022-11-25 09:00:00;13.266;13.279;13.229;13.239;4.7165;UCG.ITEUR
2022-11-25 10:00:00;13.236;13.299;13.229;13.289;2.7447;UCG.ITEUR
2022-11-25 11:00:00;13.299;13.299;13.259;13.269;2.4532;UCG.ITEUR
2022-11-25 12:00:00;13.279;13.279;13.219;13.229;2.1658;UCG.ITEUR
2022-11-25 13:00:00;13.219;13.229;13.149;13.159;3.5264;UCG.ITEUR
2022-11-25 14:00:00;13.159;13.169;13.149;13.149;4.649;UCG.ITEUR
2022-11-25 15:00:00;13.159;13.179;13.119;13.119;2.6687;UCG.ITEUR
2022-11-25 16:00:00;13.129;13.139;13.119;13.129;1.9987;UCG.ITEUR
2022-11-28 08:00:00;12.979;13.129;12.969;13.119;11.9291;UCG.ITEUR
2022-11-28 09:00:00;13.109;13.189;13.109;13.169;5.3675;UCG.ITEUR
2022-11-28 10:00:00;13.179;13.229;13.169;13.219;4.0435;UCG.ITEUR
2022-11-28 11:00:00;13.219;13.249;13.199;13.229;4.2357;UCG.ITEUR
2022-11-28 12:00:00;13.239;13.239;13.209;13.219;2.3814;UCG.ITEUR
2022-11-28 13:00:00;13.219;13.229;13.139;13.149;2.7539;UCG.ITEUR
2022-11-28 14:00:00;13.159;13.199;13.159;13.169;3.8678;UCG.ITEUR
2022-11-28 15:00:00;13.159;13.179;13.129;13.129;4.2451;UCG.ITEUR
2022-11-28 16:00:00;13.119;13.139;13.099;13.129;2.2283;UCG.ITEUR
2022-11-29 08:00:00;13.119;13.159;12.959;12.979;13.9141;UCG.ITEUR
2022-11-29 09:00:00;12.989;12.989;12.709;12.799;13.7874;UCG.ITEUR
2022-11-29 10:00:00;12.799;12.859;12.729;12.829;6.6578;UCG.ITEUR
2022-11-29 11:00:00;12.839;12.919;12.829;12.909;4.2827;UCG.ITEUR
2022-11-29 12:00:00;12.906;12.949;12.889;12.939;3.172;UCG.ITEUR
2022-11-29 13:00:00;12.936;12.949;12.909;12.939;3.7472;UCG.ITEUR
2022-11-29 14:00:00;12.939;12.979;12.919;12.979;4.3941;UCG.ITEUR
2022-11-29 15:00:00;12.969;13.009;12.959;12.989;3.5056;UCG.ITEUR
2022-11-29 16:00:00;12.979;12.999;12.939;12.949;2.341;UCG.ITEUR
2022-11-30 08:00:00;13.129;13.159;13.029;13.099;9.0371;UCG.ITEUR
2022-11-30 09:00:00;13.109;13.209;13.099;13.139;8.2199;UCG.ITEUR
2022-11-30 10:00:00;13.149;13.209;13.119;13.139;5.8708;UCG.ITEUR
2022-11-30 11:00:00;13.129;13.139;13.089;13.099;3.5759;UCG.ITEUR
2022-11-30 12:00:00;13.096;13.139;13.069;13.129;2.9514;UCG.ITEUR
2022-11-30 13:00:00;13.129;13.129;13.059;13.069;6.0099;UCG.ITEUR
2022-11-30 14:00:00;13.079;13.099;13.039;13.059;4.7481;UCG.ITEUR
2022-11-30 15:00:00;13.056;13.069;13.019;13.039;4.7212;UCG.ITEUR
2022-11-30 16:00:00;13.049;13.119;13.039;13.099;2.1608;UCG.ITEUR
2022-12-01 08:00:00;13.056;13.069;12.709;12.839;18.8336;UCG.ITEUR
2022-12-01 09:00:00;12.836;12.869;12.779;12.809;12.576;UCG.ITEUR
2022-12-01 10:00:00;12.806;12.819;12.669;12.689;7.9136;UCG.ITEUR
2022-12-01 11:00:00;12.679;12.719;12.669;12.689;3.9527;UCG.ITEUR
2022-12-01 12:00:00;12.679;12.689;12.619;12.679;4.0428;UCG.ITEUR
2022-12-01 13:00:00;12.689;12.769;12.679;12.719;4.2855;UCG.ITEUR
2022-12-01 14:00:00;12.716;12.719;12.599;12.599;5.7718;UCG.ITEUR
2022-12-01 15:00:00;12.609;12.619;12.519;12.579;7.3397;UCG.ITEUR
2022-12-01 16:00:00;12.589;12.609;12.579;12.589;2.6054;UCG.ITEUR
2022-12-02 08:00:00;12.459;12.639;12.449;12.619;12.7208;UCG.ITEUR
2022-12-02 09:00:00;12.616;12.639;12.529;12.529;6.9348;UCG.ITEUR
2022-12-02 10:00:00;12.519;12.589;12.489;12.539;5.5928;UCG.ITEUR
2022-12-02 11:00:00;12.536;12.539;12.489;12.499;2.8708;UCG.ITEUR
2022-12-02 12:00:00;12.489;12.509;12.459;12.479;2.3768;UCG.ITEUR
2022-12-02 13:00:00;12.469;12.559;12.379;12.539;15.2011;UCG.ITEUR
2022-12-02 14:00:00;12.536;12.579;12.509;12.579;5.6017;UCG.ITEUR
2022-12-02 15:00:00;12.579;12.589;12.529;12.529;3.3865;UCG.ITEUR
2022-12-02 16:00:00;12.519;12.549;12.509;12.539;0.9886;UCG.ITEUR
2022-12-05 08:00:00;12.509;12.569;12.479;12.509;9.24;UCG.ITEUR
2022-12-05 09:00:00;12.509;12.519;12.449;12.509;6.9169;UCG.ITEUR
2022-12-05 10:00:00;12.519;12.549;12.499;12.529;4.33;UCG.ITEUR
2022-12-05 11:00:00;12.539;12.549;12.509;12.519;2.0261;UCG.ITEUR
2022-12-05 12:00:00;12.529;12.529;12.499;12.509;2.9962;UCG.ITEUR
2022-12-05 13:00:00;12.519;12.519;12.449;12.449;3.4227;UCG.ITEUR
2022-12-05 14:00:00;12.439;12.499;12.409;12.419;5.3907;UCG.ITEUR
2022-12-05 15:00:00;12.416;12.459;12.349;12.409;6.0952;UCG.ITEUR
2022-12-05 16:00:00;12.399;12.449;12.379;12.439;1.5772;UCG.ITEUR
2022-12-06 08:00:00;12.396;12.409;12.279;12.399;12.9124;UCG.ITEUR
2022-12-06 09:00:00;12.409;12.439;12.349;12.389;7.2133;UCG.ITEUR
2022-12-06 10:00:00;12.389;12.419;12.359;12.409;4.5951;UCG.ITEUR
2022-12-06 11:00:00;12.406;12.459;12.379;12.449;4.5996;UCG.ITEUR
2022-12-06 12:00:00;12.449;12.499;12.439;12.499;2.3404;UCG.ITEUR
2022-12-06 13:00:00;12.509;12.539;12.489;12.529;4.0473;UCG.ITEUR
2022-12-06 14:00:00;12.519;12.599;12.519;12.559;5.8341;UCG.ITEUR
2022-12-06 15:00:00;12.569;12.569;12.499;12.549;7.465;UCG.ITEUR
2022-12-06 16:00:00;12.559;12.559;12.519;12.559;3.0815;UCG.ITEUR
2022-12-07 08:00:00;12.549;12.699;12.469;12.669;15.432;UCG.ITEUR
2022-12-07 09:00:00;12.666;12.789;12.609;12.649;9.8364;UCG.ITEUR
2022-12-07 10:00:00;12.659;12.689;12.519;12.589;6.0995;UCG.ITEUR
2022-12-07 11:00:00;12.599;12.639;12.549;12.559;5.92;UCG.ITEUR
2022-12-07 12:00:00;12.549;12.579;12.529;12.549;5.57;UCG.ITEUR
2022-12-07 13:00:00;12.559;12.669;12.559;12.609;3.8769;UCG.ITEUR
2022-12-07 14:00:00;12.619;12.629;12.559;12.589;6.9978;UCG.ITEUR
2022-12-07 15:00:00;12.586;12.609;12.469;12.589;9.832;UCG.ITEUR
2022-12-07 16:00:00;12.599;12.629;12.579;12.579;2.9107;UCG.ITEUR
2022-12-08 08:00:00;12.609;12.619;12.419;12.439;8.7342;UCG.ITEUR
2022-12-08 09:00:00;12.429;12.449;12.379;12.429;6.255;UCG.ITEUR
2022-12-08 10:00:00;12.419;12.449;12.389;12.409;3.3341;UCG.ITEUR
2022-12-08 11:00:00;12.399;12.429;12.369;12.419;4.5389;UCG.ITEUR
2022-12-08 12:00:00;12.409;12.479;12.409;12.449;4.7493;UCG.ITEUR
2022-12-08 13:00:00;12.439;12.549;12.439;12.549;5.6393;UCG.ITEUR
2022-12-08 14:00:00;12.546;12.549;12.479;12.509;6.519;UCG.ITEUR
2022-12-08 15:00:00;12.519;12.529;12.459;12.469;4.5426;UCG.ITEUR
2022-12-08 16:00:00;12.479;12.539;12.459;12.529;4.111;UCG.ITEUR
2022-12-09 08:00:00;12.659;12.729;12.579;12.699;10.5497;UCG.ITEUR
2022-12-09 09:00:00;12.696;12.739;12.669;12.679;5.7466;UCG.ITEUR
2022-12-09 10:00:00;12.676;12.699;12.609;12.649;4.1163;UCG.ITEUR
2022-12-09 11:00:00;12.659;12.679;12.089;12.239;24.4476;UCG.ITEUR
2022-12-09 12:00:00;12.236;12.349;12.179;12.349;10.2351;UCG.ITEUR
2022-12-09 13:00:00;12.339;12.349;12.179;12.279;11.5966;UCG.ITEUR
2022-12-09 14:00:00;12.289;12.429;12.279;12.429;6.3212;UCG.ITEUR
2022-12-09 15:00:00;12.429;12.489;12.419;12.459;4.9601;UCG.ITEUR
2022-12-09 16:00:00;12.469;12.519;12.469;12.509;1.2947;UCG.ITEUR
2022-12-12 08:00:00;12.479;12.659;12.409;12.649;13.0795;UCG.ITEUR
2022-12-12 09:00:00;12.659;12.749;12.629;12.699;7.5047;UCG.ITEUR
2022-12-12 10:00:00;12.709;12.759;12.689;12.749;4.7706;UCG.ITEUR
2022-12-12 11:00:00;12.746;12.769;12.689;12.749;2.4845;UCG.ITEUR
2022-12-12 12:00:00;12.739;12.739;12.679;12.689;2.0174;UCG.ITEUR
2022-12-12 13:00:00;12.699;12.739;12.689;12.709;3.5173;UCG.ITEUR
2022-12-12 14:00:00;12.719;12.729;12.639;12.679;4.1689;UCG.ITEUR
2022-12-12 15:00:00;12.689;12.749;12.659;12.709;4.237;UCG.ITEUR
2022-12-12 16:00:00;12.699;12.729;12.689;12.729;2.5428;UCG.ITEUR
2022-12-13 08:00:00;12.859;12.949;12.849;12.889;14.0728;UCG.ITEUR
2022-12-13 09:00:00;12.899;12.919;12.849;12.879;9.3201;UCG.ITEUR
2022-12-13 10:00:00;12.876;12.979;12.869;12.949;7.3484;UCG.ITEUR
2022-12-13 11:00:00;12.959;12.979;12.879;12.889;5.4394;UCG.ITEUR
2022-12-13 12:00:00;12.886;12.889;12.829;12.859;4.3208;UCG.ITEUR
2022-12-13 13:00:00;12.849;12.939;12.799;12.909;21.1391;UCG.ITEUR
2022-12-13 14:00:00;12.919;12.959;12.889;12.929;11.242;UCG.ITEUR
2022-12-13 15:00:00;12.939;12.939;12.799;12.809;8.9565;UCG.ITEUR
2022-12-13 16:00:00;12.806;12.849;12.799;12.849;4.8954;UCG.ITEUR
2022-12-14 08:00:00;12.979;12.989;12.849;12.849;10.6765;UCG.ITEUR
2022-12-14 09:00:00;12.859;12.879;12.849;12.849;5.4312;UCG.ITEUR
2022-12-14 10:00:00;12.859;12.879;12.829;12.879;5.3947;UCG.ITEUR
2022-12-14 11:00:00;12.876;12.919;12.839;12.909;4.6485;UCG.ITEUR
2022-12-14 12:00:00;12.919;12.929;12.859;12.879;5.2284;UCG.ITEUR
2022-12-14 13:00:00;12.889;12.899;12.829;12.849;2.8393;UCG.ITEUR
2022-12-14 14:00:00;12.849;12.849;12.789;12.809;4.5013;UCG.ITEUR
2022-12-14 15:00:00;12.799;12.809;12.719;12.749;4.2174;UCG.ITEUR
2022-12-14 16:00:00;12.759;12.779;12.729;12.779;3.4405;UCG.ITEUR
2022-12-15 08:00:00;12.746;12.919;12.746;12.899;12.4002;UCG.ITEUR
2022-12-15 09:00:00;12.899;12.899;12.829;12.849;6.055;UCG.ITEUR
2022-12-15 10:00:00;12.859;12.919;12.839;12.899;4.0249;UCG.ITEUR
2022-12-15 11:00:00;12.909;12.919;12.879;12.889;3.4813;UCG.ITEUR
2022-12-15 12:00:00;12.886;12.919;12.879;12.919;3.3556;UCG.ITEUR
2022-12-15 13:00:00;12.916;12.929;12.729;12.759;14.8274;UCG.ITEUR
2022-12-15 14:00:00;12.756;12.759;12.479;12.499;21.3692;UCG.ITEUR
2022-12-15 15:00:00;12.496;12.649;12.489;12.649;12.0187;UCG.ITEUR
2022-12-15 16:00:00;12.646;12.649;12.569;12.589;5.2057;UCG.ITEUR
2022-12-16 08:00:00;12.529;12.619;12.479;12.529;12.657;UCG.ITEUR
2022-12-16 09:00:00;12.539;12.629;12.509;12.629;8.0665;UCG.ITEUR
2022-12-16 10:00:00;12.629;12.669;12.609;12.659;6.8116;UCG.ITEUR
2022-12-16 11:00:00;12.649;12.659;12.579;12.629;7.3439;UCG.ITEUR
2022-12-16 12:00:00;12.639;12.679;12.599;12.629;7.5865;UCG.ITEUR
2022-12-16 13:00:00;12.626;12.709;12.619;12.699;5.5784;UCG.ITEUR
2022-12-16 14:00:00;12.709;12.809;12.659;12.799;10.5055;UCG.ITEUR
2022-12-16 15:00:00;12.796;12.809;12.739;12.799;10.2582;UCG.ITEUR
2022-12-16 16:00:00;12.796;12.799;12.759;12.789;4.7472;UCG.ITEUR
2022-12-19 08:00:00;12.829;12.909;12.809;12.829;11.0856;UCG.ITEUR
2022-12-19 09:00:00;12.819;12.869;12.779;12.779;6.486;UCG.ITEUR
2022-12-19 10:00:00;12.789;12.839;12.749;12.759;5.5201;UCG.ITEUR
2022-12-19 11:00:00;12.749;12.769;12.659;12.709;4.4693;UCG.ITEUR
2022-12-19 12:00:00;12.706;12.719;12.689;12.699;2.4262;UCG.ITEUR
2022-12-19 13:00:00;12.696;12.709;12.669;12.679;2.5874;UCG.ITEUR
2022-12-19 14:00:00;12.679;12.749;12.679;12.699;6.2432;UCG.ITEUR
2022-12-19 15:00:00;12.709;12.709;12.649;12.659;4.0023;UCG.ITEUR
2022-12-19 16:00:00;12.669;12.709;12.659;12.689;2.3045;UCG.ITEUR
2022-12-20 08:00:00;12.579;12.659;12.549;12.639;13.1791;UCG.ITEUR
2022-12-20 09:00:00;12.639;12.849;12.619;12.839;9.4184;UCG.ITEUR
2022-12-20 10:00:00;12.849;12.979;12.789;12.969;7.6269;UCG.ITEUR
2022-12-20 11:00:00;12.959;13.129;12.949;13.069;8.7006;UCG.ITEUR
2022-12-20 12:00:00;13.079;13.139;13.059;13.069;6.0418;UCG.ITEUR
2022-12-20 13:00:00;13.079;13.129;13.049;13.099;5.5203;UCG.ITEUR
2022-12-20 14:00:00;13.089;13.169;13.079;13.149;5.3552;UCG.ITEUR
2022-12-20 15:00:00;13.149;13.179;13.129;13.169;5.4846;UCG.ITEUR
2022-12-20 16:00:00;13.166;13.169;13.139;13.139;4.1142;UCG.ITEUR
2022-12-21 08:00:00;13.288;13.288;13.119;13.209;15.3917;UCG.ITEUR
2022-12-21 09:00:00;13.219;13.289;13.209;13.279;5.9885;UCG.ITEUR
2022-12-21 10:00:00;13.269;13.299;13.249;13.259;5.4851;UCG.ITEUR
2022-12-21 11:00:00;13.259;13.299;13.259;13.289;3.4319;UCG.ITEUR
2022-12-21 12:00:00;13.279;13.339;13.269;13.339;3.4006;UCG.ITEUR
2022-12-21 13:00:00;13.329;13.369;13.329;13.369;2.8976;UCG.ITEUR
2022-12-21 14:00:00;13.359;13.389;13.349;13.359;6.1628;UCG.ITEUR
2022-12-21 15:00:00;13.369;13.389;13.349;13.379;5.355;UCG.ITEUR
2022-12-21 16:00:00;13.379;13.379;13.359;13.359;1.8285;UCG.ITEUR
2022-12-22 08:00:00;13.429;13.459;13.359;13.389;10.2776;UCG.ITEUR
2022-12-22 09:00:00;13.399;13.429;13.369;13.369;3.9713;UCG.ITEUR
2022-12-22 10:00:00;13.366;13.419;13.359;13.389;3.2392;UCG.ITEUR
2022-12-22 11:00:00;13.379;13.409;13.379;13.379;3.0865;UCG.ITEUR
2022-12-22 12:00:00;13.389;13.409;13.369;13.399;2.6459;UCG.ITEUR
2022-12-22 13:00:00;13.409;13.429;13.369;13.379;6.6079;UCG.ITEUR
2022-12-22 14:00:00;13.376;13.389;13.289;13.289;6.0419;UCG.ITEUR
2022-12-22 15:00:00;13.299;13.299;13.229;13.259;7.2057;UCG.ITEUR
2022-12-22 16:00:00;13.256;13.259;13.219;13.239;2.8122;UCG.ITEUR
2022-12-23 08:00:00;13.359;13.399;13.329;13.389;7.7932;UCG.ITEUR
2022-12-23 09:00:00;13.399;13.409;13.309;13.329;5.7862;UCG.ITEUR
2022-12-23 10:00:00;13.339;13.379;13.319;13.359;4.8565;UCG.ITEUR
2022-12-23 11:00:00;13.349;13.369;13.299;13.309;4.147;UCG.ITEUR
2022-12-23 12:00:00;13.299;13.319;13.279;13.309;2.5479;UCG.ITEUR
2022-12-23 13:00:00;13.309;13.379;13.259;13.299;7.0213;UCG.ITEUR
2022-12-23 14:00:00;13.289;13.349;13.279;13.329;4.9729;UCG.ITEUR
2022-12-23 15:00:00;13.339;13.339;13.289;13.299;5.0542;UCG.ITEUR
2022-12-23 16:00:00;13.309;13.319;13.289;13.299;2.3226;UCG.ITEUR
2022-12-27 08:00:00;13.369;13.439;13.329;13.339;5.4172;UCG.ITEUR
2022-12-27 09:00:00;13.329;13.329;13.259;13.279;2.8887;UCG.ITEUR
2022-12-27 10:00:00;13.269;13.299;13.229;13.279;2.7362;UCG.ITEUR
2022-12-27 11:00:00;13.269;13.279;13.259;13.259;3.1627;UCG.ITEUR
2022-12-27 12:00:00;13.259;13.279;13.239;13.279;3.8852;UCG.ITEUR
2022-12-27 13:00:00;13.276;13.289;13.259;13.279;3.3467;UCG.ITEUR
2022-12-27 14:00:00;13.289;13.319;13.259;13.259;5.1884;UCG.ITEUR
2022-12-27 15:00:00;13.259;13.259;13.229;13.249;4.541;UCG.ITEUR
2022-12-27 16:00:00;13.249;13.269;13.239;13.259;1.5315;UCG.ITEUR
2022-12-28 08:00:00;13.249;13.269;13.199;13.239;8.0625;UCG.ITEUR
2022-12-28 09:00:00;13.249;13.399;13.239;13.359;6.437;UCG.ITEUR
2022-12-28 10:00:00;13.369;13.379;13.309;13.349;4.6403;UCG.ITEUR
2022-12-28 11:00:00;13.346;13.369;13.329;13.369;2.1564;UCG.ITEUR
2022-12-28 12:00:00;13.379;13.389;13.359;13.369;2.3813;UCG.ITEUR
2022-12-28 13:00:00;13.379;13.379;13.359;13.369;1.6489;UCG.ITEUR
2022-12-28 14:00:00;13.379;13.379;13.329;13.339;3.6386;UCG.ITEUR
2022-12-28 15:00:00;13.329;13.339;13.279;13.309;4.9012;UCG.ITEUR
2022-12-28 16:00:00;13.319;13.329;13.299;13.319;1.2535;UCG.ITEUR
2022-12-29 08:00:00;13.269;13.329;13.209;13.319;9.1937;UCG.ITEUR
2022-12-29 09:00:00;13.329;13.359;13.309;13.339;3.9849;UCG.ITEUR
2022-12-29 10:00:00;13.329;13.349;13.319;13.329;1.8513;UCG.ITEUR
2022-12-29 11:00:00;13.339;13.349;13.329;13.349;1.2761;UCG.ITEUR
2022-12-29 12:00:00;13.339;13.389;13.339;13.359;2.7763;UCG.ITEUR
2022-12-29 13:00:00;13.349;13.369;13.329;13.369;2.5966;UCG.ITEUR
2022-12-29 14:00:00;13.359;13.369;13.299;13.319;2.9878;UCG.ITEUR
2022-12-29 15:00:00;13.319;13.349;13.259;13.299;3.477;UCG.ITEUR
2022-12-29 16:00:00;13.299;13.309;13.289;13.309;0.8985;UCG.ITEUR
2022-12-30 08:00:00;13.279;13.329;13.269;13.279;5.1861;UCG.ITEUR
2022-12-30 09:00:00;13.269;13.299;13.249;13.279;3.0566;UCG.ITEUR
2022-12-30 10:00:00;13.289;13.319;13.279;13.299;2.3287;UCG.ITEUR
2022-12-30 11:00:00;13.289;13.289;13.259;13.269;1.3754;UCG.ITEUR
2022-12-30 12:00:00;13.279;13.309;13.279;13.299;1.3533;UCG.ITEUR
2022-12-30 13:00:00;13.299;13.319;13.289;13.309;1.5281;UCG.ITEUR
2022-12-30 14:00:00;13.299;13.309;13.279;13.279;2.2562;UCG.ITEUR
2022-12-30 15:00:00;13.289;13.289;13.239;13.249;1.9908;UCG.ITEUR
2022-12-30 16:00:00;13.239;13.269;13.219;13.229;2.5565;UCG.ITEUR
2023-01-02 08:00:00;13.359;13.399;13.299;13.389;8.7345;UCG.ITEUR
2023-01-02 09:00:00;13.399;13.459;13.379;13.419;4.2659;UCG.ITEUR
2023-01-02 10:00:00;13.409;13.469;13.399;13.449;3.6541;UCG.ITEUR
2023-01-02 11:00:00;13.459;13.489;13.459;13.459;2.6117;UCG.ITEUR
2023-01-02 12:00:00;13.469;13.489;13.459;13.469;2.6025;UCG.ITEUR
2023-01-02 13:00:00;13.459;13.489;13.459;13.479;1.9871;UCG.ITEUR
2023-01-02 14:00:00;13.489;13.489;13.459;13.469;1.0477;UCG.ITEUR
2023-01-02 15:00:00;13.459;13.469;13.429;13.449;2.4678;UCG.ITEUR
2023-01-02 16:00:00;13.449;13.459;13.439;13.449;1.4116;UCG.ITEUR
2023-01-03 08:00:00;13.419;13.699;13.419;13.689;11.5747;UCG.ITEUR
2023-01-03 09:00:00;13.699;13.789;13.689;13.709;7.8584;UCG.ITEUR
2023-01-03 10:00:00;13.719;13.859;13.709;13.819;9.5627;UCG.ITEUR
2023-01-03 11:00:00;13.829;13.859;13.789;13.819;6.4896;UCG.ITEUR
2023-01-03 12:00:00;13.829;13.829;13.759;13.809;6.2871;UCG.ITEUR
2023-01-03 13:00:00;13.819;13.879;13.779;13.859;5.5003;UCG.ITEUR
2023-01-03 14:00:00;13.869;13.889;13.829;13.849;4.8657;UCG.ITEUR
2023-01-03 15:00:00;13.839;13.909;13.789;13.909;6.1864;UCG.ITEUR
2023-01-03 16:00:00;13.906;13.909;13.849;13.859;2.036;UCG.ITEUR
2023-01-04 08:00:00;14.089;14.279;14.049;14.269;12.626;UCG.ITEUR
2023-01-04 09:00:00;14.266;14.299;14.199;14.259;8.1285;UCG.ITEUR
2023-01-04 10:00:00;14.249;14.269;14.229;14.269;4.6429;UCG.ITEUR
2023-01-04 11:00:00;14.279;14.349;14.269;14.289;5.91;UCG.ITEUR
2023-01-04 12:00:00;14.286;14.359;14.259;14.349;5.222;UCG.ITEUR
2023-01-04 13:00:00;14.339;14.479;14.329;14.439;5.9817;UCG.ITEUR
2023-01-04 14:00:00;14.429;14.469;14.419;14.449;6.2773;UCG.ITEUR
2023-01-04 15:00:00;14.446;14.459;14.359;14.379;7.4319;UCG.ITEUR
2023-01-04 16:00:00;14.389;14.419;14.369;14.409;3.0776;UCG.ITEUR
2023-01-05 08:00:00;14.419;14.549;14.419;14.529;16.2354;UCG.ITEUR
2023-01-05 09:00:00;14.529;14.529;14.459;14.479;7.1408;UCG.ITEUR
2023-01-05 10:00:00;14.489;14.549;14.479;14.479;5.0972;UCG.ITEUR
2023-01-05 11:00:00;14.489;14.529;14.439;14.509;2.4223;UCG.ITEUR
2023-01-05 12:00:00;14.519;14.579;14.499;14.549;3.3987;UCG.ITEUR
2023-01-05 13:00:00;14.559;14.659;14.489;14.579;11.9623;UCG.ITEUR
2023-01-05 14:00:00;14.576;14.589;14.499;14.519;7.2212;UCG.ITEUR
2023-01-05 15:00:00;14.516;14.609;14.499;14.579;7.2524;UCG.ITEUR
2023-01-05 16:00:00;14.569;14.569;14.469;14.489;2.5794;UCG.ITEUR
2023-01-06 08:00:00;14.716;14.719;14.549;14.579;12.5312;UCG.ITEUR
2023-01-06 09:00:00;14.569;14.649;14.569;14.599;7.5767;UCG.ITEUR
2023-01-06 10:00:00;14.609;14.699;14.599;14.689;7.006;UCG.ITEUR
2023-01-06 11:00:00;14.679;14.719;14.669;14.679;5.7206;UCG.ITEUR
2023-01-06 12:00:00;14.689;14.699;14.669;14.679;2.8582;UCG.ITEUR
2023-01-06 13:00:00;14.689;14.739;14.629;14.739;12.4884;UCG.ITEUR
2023-01-06 14:00:00;14.749;14.749;14.649;14.677;7.4093;UCG.ITEUR
2023-01-06 15:00:00;14.689;14.729;14.679;14.719;5.9891;UCG.ITEUR
2023-01-06 16:00:00;14.729;14.729;14.679;14.699;2.6779;UCG.ITEUR
2023-01-09 08:00:00;14.819;14.859;14.779;14.829;8.2447;UCG.ITEUR
2023-01-09 09:00:00;14.839;14.879;14.759;14.779;5.1002;UCG.ITEUR
2023-01-09 10:00:00;14.769;14.799;14.699;14.799;7.0328;UCG.ITEUR
2023-01-09 11:00:00;14.809;14.819;14.759;14.799;3.0382;UCG.ITEUR
2023-01-09 12:00:00;14.789;14.809;14.769;14.789;2.324;UCG.ITEUR
2023-01-09 13:00:00;14.779;14.799;14.769;14.799;3.011;UCG.ITEUR
2023-01-09 14:00:00;14.796;14.829;14.759;14.779;2.813;UCG.ITEUR
2023-01-09 15:00:00;14.779;14.789;14.599;14.619;4.8842;UCG.ITEUR
2023-01-09 16:00:00;14.609;14.679;14.599;14.669;2.135;UCG.ITEUR
2023-01-10 08:00:00;14.509;14.639;14.489;14.529;7.6789;UCG.ITEUR
2023-01-10 09:00:00;14.526;14.529;14.419;14.509;5.896;UCG.ITEUR
2023-01-10 10:00:00;14.506;14.629;14.499;14.549;5.3482;UCG.ITEUR
2023-01-10 11:00:00;14.559;14.569;14.519;14.539;4.0759;UCG.ITEUR
2023-01-10 12:00:00;14.536;14.536;14.459;14.479;3.3021;UCG.ITEUR
2023-01-10 13:00:00;14.489;14.579;14.479;14.509;4.4557;UCG.ITEUR
2023-01-10 14:00:00;14.519;14.549;14.489;14.499;5.1158;UCG.ITEUR
2023-01-10 15:00:00;14.509;14.559;14.489;14.549;3.0679;UCG.ITEUR
2023-01-10 16:00:00;14.539;14.589;14.539;14.579;1.3612;UCG.ITEUR
2023-01-11 08:00:00;14.629;14.629;14.319;14.409;19.6421;UCG.ITEUR
2023-01-11 09:00:00;14.419;14.459;14.319;14.349;8.9242;UCG.ITEUR
2023-01-11 10:00:00;14.346;14.439;14.339;14.439;5.9378;UCG.ITEUR
2023-01-11 11:00:00;14.429;14.439;14.369;14.379;3.8449;UCG.ITEUR
2023-01-11 12:00:00;14.369;14.379;14.329;14.329;3.2886;UCG.ITEUR
2023-01-11 13:00:00;14.339;14.359;14.299;14.349;3.1628;UCG.ITEUR
2023-01-11 14:00:00;14.359;14.389;14.319;14.389;4.4918;UCG.ITEUR
2023-01-11 15:00:00;14.399;14.399;14.339;14.339;4.3843;UCG.ITEUR
2023-01-11 16:00:00;14.349;14.369;14.339;14.349;2.2549;UCG.ITEUR
2023-01-12 08:00:00;14.466;14.499;14.389;14.489;7.1113;UCG.ITEUR
2023-01-12 09:00:00;14.499;14.549;14.479;14.539;5.5878;UCG.ITEUR
2023-01-12 10:00:00;14.549;14.549;14.439;14.439;5.8842;UCG.ITEUR
2023-01-12 11:00:00;14.429;14.569;14.419;14.549;3.2707;UCG.ITEUR
2023-01-12 12:00:00;14.559;14.559;14.499;14.509;3.625;UCG.ITEUR
2023-01-12 13:00:00;14.519;14.639;14.499;14.599;13.7047;UCG.ITEUR
2023-01-12 14:00:00;14.596;14.629;14.539;14.589;9.1133;UCG.ITEUR
2023-01-12 15:00:00;14.599;14.629;14.589;14.589;7.1828;UCG.ITEUR
2023-01-12 16:00:00;14.599;14.609;14.579;14.609;2.5604;UCG.ITEUR
2023-01-13 08:00:00;14.626;14.819;14.619;14.799;9.9168;UCG.ITEUR
2023-01-13 09:00:00;14.789;14.839;14.729;14.759;6.2702;UCG.ITEUR
2023-01-13 10:00:00;14.769;14.779;14.709;14.719;5.0261;UCG.ITEUR
2023-01-13 11:00:00;14.716;14.749;14.679;14.679;4.7659;UCG.ITEUR
2023-01-13 12:00:00;14.689;14.689;14.559;14.639;6.7061;UCG.ITEUR
2023-01-13 13:00:00;14.649;14.709;14.629;14.689;4.299;UCG.ITEUR
2023-01-13 14:00:00;14.679;14.739;14.639;14.729;4.8334;UCG.ITEUR
2023-01-13 15:00:00;14.722;14.739;14.669;14.729;3.374;UCG.ITEUR
2023-01-13 16:00:00;14.726;14.739;14.699;14.719;1.1547;UCG.ITEUR
2023-01-16 08:00:00;14.899;14.989;14.799;14.799;13.311;UCG.ITEUR
2023-01-16 09:00:00;14.799;14.839;14.769;14.799;5.1165;UCG.ITEUR
2023-01-16 10:00:00;14.796;14.809;14.759;14.799;3.078;UCG.ITEUR
2023-01-16 11:00:00;14.809;14.839;14.799;14.809;2.2815;UCG.ITEUR
2023-01-16 12:00:00;14.819;14.819;14.789;14.799;2.061;UCG.ITEUR
2023-01-16 13:00:00;14.789;14.809;14.769;14.799;2.988;UCG.ITEUR
2023-01-16 14:00:00;14.789;14.799;14.779;14.789;1.4355;UCG.ITEUR
2023-01-16 15:00:00;14.799;14.809;14.759;14.799;1.7595;UCG.ITEUR
2023-01-16 16:00:00;14.809;14.819;14.799;14.809;0.666;UCG.ITEUR
2023-01-17 08:00:00;14.829;14.859;14.549;14.549;15.768;UCG.ITEUR
2023-01-17 09:00:00;14.559;14.579;14.509;14.539;9.684;UCG.ITEUR
2023-01-17 10:00:00;14.536;14.649;14.519;14.619;6.8445;UCG.ITEUR
2023-01-17 11:00:00;14.599;14.669;14.599;14.599;4.149;UCG.ITEUR
2023-01-17 12:00:00;14.596;14.659;14.589;14.659;3.663;UCG.ITEUR
2023-01-17 13:00:00;14.659;14.759;14.649;14.729;3.591;UCG.ITEUR
2023-01-17 14:00:00;14.729;14.739;14.669;14.679;5.6745;UCG.ITEUR
2023-01-17 15:00:00;14.689;14.709;14.579;14.609;10.3275;UCG.ITEUR
2023-01-17 16:00:00;14.606;14.639;14.599;14.629;3.4515;UCG.ITEUR
2023-01-18 08:00:00;14.746;14.779;14.589;14.649;9.477;UCG.ITEUR
2023-01-18 09:00:00;14.659;14.659;14.569;14.569;4.644;UCG.ITEUR
2023-01-18 10:00:00;14.559;14.619;14.549;14.559;4.1175;UCG.ITEUR
2023-01-18 11:00:00;14.569;14.619;14.539;14.569;2.979;UCG.ITEUR
2023-01-18 12:00:00;14.566;14.669;14.559;14.609;3.663;UCG.ITEUR
2023-01-18 13:00:00;14.606;14.629;14.549;14.589;5.94;UCG.ITEUR
2023-01-18 14:00:00;14.579;14.619;14.579;14.589;4.2705;UCG.ITEUR
2023-01-18 15:00:00;14.599;14.609;14.539;14.569;5.9265;UCG.ITEUR
2023-01-18 16:00:00;14.579;14.599;14.559;14.589;3.4155;UCG.ITEUR
2023-01-19 08:00:00;14.579;14.689;14.569;14.589;11.448;UCG.ITEUR
2023-01-19 09:00:00;14.586;14.609;14.539;14.589;6.03;UCG.ITEUR
2023-01-19 10:00:00;14.599;14.609;14.529;14.589;7.659;UCG.ITEUR
2023-01-19 11:00:00;14.586;14.669;14.569;14.589;8.1135;UCG.ITEUR
2023-01-19 12:00:00;14.586;14.586;14.499;14.539;6.318;UCG.ITEUR
2023-01-19 13:00:00;14.549;14.569;14.459;14.569;4.914;UCG.ITEUR
2023-01-19 14:00:00;14.579;14.609;14.549;14.609;6.075;UCG.ITEUR
2023-01-19 15:00:00;14.619;14.629;14.569;14.599;5.8545;UCG.ITEUR
2023-01-19 16:00:00;14.596;14.639;14.589;14.609;3.123;UCG.ITEUR
2023-01-20 08:00:00;14.779;14.799;14.709;14.769;8.4555;UCG.ITEUR
2023-01-20 09:00:00;14.779;14.809;14.729;14.809;5.1435;UCG.ITEUR
2023-01-20 10:00:00;14.799;14.819;14.769;14.799;4.3425;UCG.ITEUR
2023-01-20 11:00:00;14.779;14.819;14.759;14.779;4.7475;UCG.ITEUR
2023-01-20 12:00:00;14.769;14.799;14.769;14.789;2.664;UCG.ITEUR
2023-01-20 13:00:00;14.799;14.889;14.789;14.889;2.3265;UCG.ITEUR
2023-01-20 14:00:00;14.899;14.989;14.889;14.959;11.646;UCG.ITEUR
2023-01-20 15:00:00;14.959;15.139;14.919;14.929;15.1785;UCG.ITEUR
2023-01-20 16:00:00;14.926;14.929;14.879;14.919;2.349;UCG.ITEUR
2023-01-23 08:00:00;15.139;15.169;14.939;14.939;11.6325;UCG.ITEUR
2023-01-23 09:00:00;14.949;14.969;14.839;14.899;8.433;UCG.ITEUR
2023-01-23 10:00:00;14.889;14.959;14.869;14.939;4.149;UCG.ITEUR
2023-01-23 11:00:00;14.939;14.959;14.909;14.919;3.4695;UCG.ITEUR
2023-01-23 12:00:00;14.929;14.949;14.919;14.939;1.863;UCG.ITEUR
2023-01-23 13:00:00;14.949;14.959;14.909;14.919;3.267;UCG.ITEUR
2023-01-23 14:00:00;14.919;14.929;14.869;14.909;4.428;UCG.ITEUR
2023-01-23 15:00:00;14.906;14.989;14.899;14.979;3.6945;UCG.ITEUR
2023-01-23 16:00:00;14.989;15.019;14.989;15.019;1.458;UCG.ITEUR
2023-01-24 08:00:00;15.076;15.139;15.019;15.049;8.6445;UCG.ITEUR
2023-01-24 09:00:00;15.059;15.059;14.999;15.029;3.699;UCG.ITEUR
2023-01-24 10:00:00;15.026;15.039;14.989;15.009;3.3795;UCG.ITEUR
2023-01-24 11:00:00;14.999;15.039;14.979;15.019;3.123;UCG.ITEUR
2023-01-24 12:00:00;15.009;15.059;15.009;15.029;3.0375;UCG.ITEUR
2023-01-24 13:00:00;15.019;15.069;15.019;15.029;3.6585;UCG.ITEUR
2023-01-24 14:00:00;15.019;15.119;15.009;15.079;5.184;UCG.ITEUR
2023-01-24 15:00:00;15.089;15.239;15.049;15.239;4.689;UCG.ITEUR
2023-01-24 16:00:00;15.236;15.249;15.219;15.239;1.8;UCG.ITEUR
2023-01-25 08:00:00;15.239;15.249;15.119;15.209;8.1495;UCG.ITEUR
2023-01-25 09:00:00;15.219;15.289;15.169;15.179;7.497;UCG.ITEUR
2023-01-25 10:00:00;15.169;15.189;15.119;15.159;6.8535;UCG.ITEUR
2023-01-25 11:00:00;15.159;15.199;15.149;15.189;2.9745;UCG.ITEUR
2023-01-25 12:00:00;15.199;15.249;15.189;15.209;3.357;UCG.ITEUR
2023-01-25 13:00:00;15.209;15.239;15.189;15.239;4.779;UCG.ITEUR
2023-01-25 14:00:00;15.229;15.359;15.229;15.329;5.958;UCG.ITEUR
2023-01-25 15:00:00;15.339;15.339;15.259;15.279;6.552;UCG.ITEUR
2023-01-25 16:00:00;15.289;15.309;15.289;15.299;2.1285;UCG.ITEUR
2023-01-26 08:00:00;15.439;15.469;15.379;15.439;11.5335;UCG.ITEUR
2023-01-26 09:00:00;15.449;15.579;15.439;15.539;8.865;UCG.ITEUR
2023-01-26 10:00:00;15.536;15.599;15.519;15.559;4.4955;UCG.ITEUR
2023-01-26 11:00:00;15.569;15.629;15.559;15.569;5.2605;UCG.ITEUR
2023-01-26 12:00:00;15.559;15.609;15.539;15.589;3.15;UCG.ITEUR
2023-01-26 13:00:00;15.599;15.679;15.589;15.639;6.885;UCG.ITEUR
2023-01-26 14:00:00;15.649;15.729;15.609;15.659;6.921;UCG.ITEUR
2023-01-26 15:00:00;15.669;15.679;15.609;15.629;5.283;UCG.ITEUR
2023-01-26 16:00:00;15.639;15.669;15.619;15.659;2.8935;UCG.ITEUR
2023-01-27 08:00:00;15.686;15.779;15.619;15.729;16.785;UCG.ITEUR
2023-01-27 09:00:00;15.726;15.739;15.639;15.659;7.335;UCG.ITEUR
2023-01-27 10:00:00;15.669;15.709;15.629;15.699;4.0635;UCG.ITEUR
2023-01-27 11:00:00;15.696;15.789;15.689;15.749;4.7295;UCG.ITEUR
2023-01-27 12:00:00;15.746;15.789;15.739;15.759;5.2335;UCG.ITEUR
2023-01-27 13:00:00;15.749;15.779;15.729;15.779;6.093;UCG.ITEUR
2023-01-27 14:00:00;15.789;15.869;15.779;15.869;5.121;UCG.ITEUR
2023-01-27 15:00:00;15.859;15.989;15.839;15.859;7.0965;UCG.ITEUR
2023-01-27 16:00:00;15.849;15.869;15.819;15.859;2.2905;UCG.ITEUR
2023-01-30 08:00:00;15.939;16.049;15.839;15.969;21.0285;UCG.ITEUR
2023-01-30 09:00:00;15.959;16.089;15.889;16.029;12.933;UCG.ITEUR
2023-01-30 10:00:00;16.026;16.109;15.989;16.099;6.822;UCG.ITEUR
2023-01-30 11:00:00;16.089;16.159;16.059;16.109;6.003;UCG.ITEUR
2023-01-30 12:00:00;16.119;16.119;15.919;15.979;6.723;UCG.ITEUR
2023-01-30 13:00:00;15.979;15.979;15.829;15.899;6.1875;UCG.ITEUR
2023-01-30 14:00:00;15.909;16.029;15.859;15.979;7.0335;UCG.ITEUR
2023-01-30 15:00:00;15.976;16.059;15.949;15.999;7.128;UCG.ITEUR
2023-01-30 16:00:00;15.996;16.019;15.949;15.959;3.5145;UCG.ITEUR
2023-01-31 08:00:00;17.049;17.439;16.989;17.269;71.316;UCG.ITEUR
2023-01-31 09:00:00;17.279;17.379;17.129;17.209;39.1725;UCG.ITEUR
2023-01-31 10:00:00;17.206;17.289;17.189;17.279;14.4585;UCG.ITEUR
2023-01-31 11:00:00;17.299;17.589;17.289;17.579;19.476;UCG.ITEUR
2023-01-31 12:00:00;17.589;17.679;17.499;17.589;17.5185;UCG.ITEUR
2023-01-31 13:00:00;17.599;17.729;17.559;17.619;16.1595;UCG.ITEUR
2023-01-31 14:00:00;17.629;17.739;17.559;17.589;18.5715;UCG.ITEUR
2023-01-31 15:00:00;17.586;17.689;17.489;17.689;16.2;UCG.ITEUR
2023-01-31 16:00:00;17.699;17.879;17.679;17.799;8.8425;UCG.ITEUR
2023-02-01 08:00:00;18.089;18.089;17.729;17.969;37.629;UCG.ITEUR
2023-02-01 09:00:00;17.979;18.139;17.959;18.109;17.307;UCG.ITEUR
2023-02-01 10:00:00;18.109;18.319;18.069;18.249;18.5175;UCG.ITEUR
2023-02-01 11:00:00;18.259;18.289;18.119;18.179;11.781;UCG.ITEUR
2023-02-01 12:00:00;18.189;18.279;18.059;18.129;10.773;UCG.ITEUR
2023-02-01 13:00:00;18.139;18.169;18.069;18.069;10.638;UCG.ITEUR
2023-02-01 14:00:00;18.079;18.169;18.029;18.089;13.014;UCG.ITEUR
2023-02-01 15:00:00;18.089;18.109;17.969;17.979;12.2175;UCG.ITEUR
2023-02-01 16:00:00;17.989;18.119;17.989;18.059;6.138;UCG.ITEUR
2023-02-02 08:00:00;18.178;18.469;18.149;18.429;25.371;UCG.ITEUR
2023-02-02 09:00:00;18.426;18.479;18.349;18.389;12.7215;UCG.ITEUR
2023-02-02 10:00:00;18.386;18.389;18.319;18.359;5.292;UCG.ITEUR
2023-02-02 11:00:00;18.349;18.359;18.249;18.259;7.5015;UCG.ITEUR
2023-02-02 12:00:00;18.252;18.319;18.219;18.299;9.189;UCG.ITEUR
2023-02-02 13:00:00;18.296;18.329;18.189;18.209;13.8285;UCG.ITEUR
2023-02-02 14:00:00;18.206;18.239;17.519;17.959;51.417;UCG.ITEUR
2023-02-02 15:00:00;17.969;17.979;17.639;17.839;22.4775;UCG.ITEUR
2023-02-02 16:00:00;17.836;18.099;17.829;18.069;9.5715;UCG.ITEUR
2023-02-03 08:00:00;18.249;18.469;18.169;18.389;31.1625;UCG.ITEUR
2023-02-03 09:00:00;18.379;18.439;18.249;18.249;12.7755;UCG.ITEUR
2023-02-03 10:00:00;18.259;18.309;18.149;18.189;8.586;UCG.ITEUR
2023-02-03 11:00:00;18.199;18.209;17.879;17.929;23.715;UCG.ITEUR
2023-02-03 12:00:00;17.939;17.989;17.819;17.839;11.475;UCG.ITEUR
2023-02-03 13:00:00;17.849;18.119;17.829;18.029;24.732;UCG.ITEUR
2023-02-03 14:00:00;18.026;18.139;17.979;18.049;19.5795;UCG.ITEUR
2023-02-03 15:00:00;18.046;18.159;17.989;18.079;12.51;UCG.ITEUR
2023-02-03 16:00:00;18.089;18.089;18.009;18.039;5.724;UCG.ITEUR
2023-02-06 08:00:00;17.976;18.139;17.879;18.049;18.7335;UCG.ITEUR
2023-02-06 09:00:00;18.046;18.179;18.019;18.109;13.1985;UCG.ITEUR
2023-02-06 10:00:00;18.119;18.189;18.059;18.119;7.74;UCG.ITEUR
2023-02-06 11:00:00;18.129;18.169;18.089;18.129;6.1425;UCG.ITEUR
2023-02-06 12:00:00;18.139;18.179;18.089;18.169;5.571;UCG.ITEUR
2023-02-06 13:00:00;18.179;18.189;18.129;18.179;5.355;UCG.ITEUR
2023-02-06 14:00:00;18.176;18.189;18.109;18.129;8.2575;UCG.ITEUR
2023-02-06 15:00:00;18.126;18.189;18.099;18.169;5.8275;UCG.ITEUR
2023-02-06 16:00:00;18.166;18.179;18.129;18.179;3.9825;UCG.ITEUR
2023-02-07 08:00:00;18.239;18.389;18.149;18.189;21.474;UCG.ITEUR
2023-02-07 09:00:00;18.199;18.359;18.169;18.329;9.63;UCG.ITEUR
2023-02-07 10:00:00;18.339;18.399;18.299;18.349;5.895;UCG.ITEUR
2023-02-07 11:00:00;18.346;18.409;18.339;18.359;7.092;UCG.ITEUR
2023-02-07 12:00:00;18.359;18.419;18.359;18.389;5.4585;UCG.ITEUR
2023-02-07 13:00:00;18.379;18.449;18.359;18.409;4.905;UCG.ITEUR
2023-02-07 14:00:00;18.419;18.419;18.259;18.259;6.9075;UCG.ITEUR
2023-02-07 15:00:00;18.269;18.269;18.189;18.219;5.535;UCG.ITEUR
2023-02-07 16:00:00;18.216;18.249;18.209;18.229;2.682;UCG.ITEUR
2023-02-08 08:00:00;18.139;18.319;18.099;18.259;22.9455;UCG.ITEUR
2023-02-08 09:00:00;18.269;18.369;18.249;18.359;9.918;UCG.ITEUR
2023-02-08 10:00:00;18.356;18.459;18.339;18.389;11.3265;UCG.ITEUR
2023-02-08 11:00:00;18.379;18.419;18.319;18.349;5.616;UCG.ITEUR
2023-02-08 12:00:00;18.339;18.359;18.309;18.309;4.0095;UCG.ITEUR
2023-02-08 13:00:00;18.309;18.369;18.309;18.329;4.266;UCG.ITEUR
2023-02-08 14:00:00;18.326;18.389;18.299;18.319;7.506;UCG.ITEUR
2023-02-08 15:00:00;18.329;18.349;18.199;18.219;8.2755;UCG.ITEUR
2023-02-08 16:00:00;18.216;18.279;18.209;18.219;4.41;UCG.ITEUR
2023-02-09 08:00:00;18.389;18.759;18.319;18.709;24.0435;UCG.ITEUR
2023-02-09 09:00:00;18.706;18.809;18.699;18.809;14.0535;UCG.ITEUR
2023-02-09 10:00:00;18.819;18.959;18.819;18.889;11.1465;UCG.ITEUR
2023-02-09 11:00:00;18.886;18.939;18.849;18.889;8.298;UCG.ITEUR
2023-02-09 12:00:00;18.879;18.909;18.859;18.859;5.859;UCG.ITEUR
2023-02-09 13:00:00;18.856;18.899;18.819;18.879;5.328;UCG.ITEUR
2023-02-09 14:00:00;18.889;18.929;18.859;18.889;6.876;UCG.ITEUR
2023-02-09 15:00:00;18.889;18.899;18.849;18.889;4.554;UCG.ITEUR
2023-02-09 16:00:00;18.899;18.909;18.859;18.899;2.718;UCG.ITEUR
2023-02-10 08:00:00;18.939;18.999;18.889;18.899;12.195;UCG.ITEUR
2023-02-10 09:00:00;18.896;18.959;18.819;18.839;12.96;UCG.ITEUR
2023-02-10 10:00:00;18.849;18.909;18.719;18.779;13.5945;UCG.ITEUR
2023-02-10 11:00:00;18.776;18.789;18.669;18.679;10.908;UCG.ITEUR
2023-02-10 12:00:00;18.689;18.719;18.639;18.659;7.0515;UCG.ITEUR
2023-02-10 13:00:00;18.656;18.799;18.649;18.769;6.9525;UCG.ITEUR
2023-02-10 14:00:00;18.779;18.819;18.709;18.779;10.5525;UCG.ITEUR
2023-02-10 15:00:00;18.776;18.839;18.669;18.669;10.8765;UCG.ITEUR
2023-02-10 16:00:00;18.666;18.719;18.639;18.709;4.221;UCG.ITEUR
2023-02-13 08:00:00;18.669;18.709;18.569;18.619;16.686;UCG.ITEUR
2023-02-13 09:00:00;18.629;18.629;18.519;18.539;10.5975;UCG.ITEUR
2023-02-13 10:00:00;18.549;18.559;18.479;18.549;5.724;UCG.ITEUR
2023-02-13 11:00:00;18.569;18.629;18.569;18.589;6.3765;UCG.ITEUR
2023-02-13 12:00:00;18.599;18.659;18.569;18.649;5.868;UCG.ITEUR
2023-02-13 13:00:00;18.646;18.739;18.629;18.649;5.976;UCG.ITEUR
2023-02-13 14:00:00;18.669;18.679;18.609;18.669;5.769;UCG.ITEUR
2023-02-13 15:00:00;18.679;18.679;18.599;18.619;6.5655;UCG.ITEUR
2023-02-13 16:00:00;18.616;18.709;18.609;18.699;3.0915;UCG.ITEUR
2023-02-14 08:00:00;18.659;18.879;18.609;18.849;17.1;UCG.ITEUR
2023-02-14 09:00:00;18.846;18.949;18.839;18.899;7.389;UCG.ITEUR
2023-02-14 10:00:00;18.909;18.909;18.809;18.859;5.5485;UCG.ITEUR
2023-02-14 11:00:00;18.869;18.879;18.819;18.879;4.5315;UCG.ITEUR
2023-02-14 12:00:00;18.876;18.879;18.839;18.879;2.2455;UCG.ITEUR
2023-02-14 13:00:00;18.869;18.889;18.729;18.849;12.0555;UCG.ITEUR
2023-02-14 14:00:00;18.859;18.999;18.829;18.989;9.5895;UCG.ITEUR
2023-02-14 15:00:00;18.989;19.019;18.919;18.919;9.8325;UCG.ITEUR
2023-02-14 16:00:00;18.916;18.949;18.909;18.949;3.3525;UCG.ITEUR
2023-02-15 08:00:00;18.809;18.929;18.749;18.879;14.319;UCG.ITEUR
2023-02-15 09:00:00;18.889;18.919;18.789;18.789;7.938;UCG.ITEUR
2023-02-15 10:00:00;18.786;18.789;18.589;18.619;9.2835;UCG.ITEUR
2023-02-15 11:00:00;18.616;18.629;18.499;18.529;8.4195;UCG.ITEUR
2023-02-15 12:00:00;18.539;18.659;18.509;18.619;7.182;UCG.ITEUR
2023-02-15 13:00:00;18.609;18.639;18.569;18.619;6.309;UCG.ITEUR
2023-02-15 14:00:00;18.629;18.649;18.569;18.619;7.326;UCG.ITEUR
2023-02-15 15:00:00;18.616;18.749;18.609;18.619;8.9145;UCG.ITEUR
2023-02-15 16:00:00;18.619;18.639;18.589;18.629;4.86;UCG.ITEUR
2023-02-16 08:00:00;18.739;18.869;18.729;18.829;15.3045;UCG.ITEUR
2023-02-16 09:00:00;18.839;18.849;18.809;18.829;6.4935;UCG.ITEUR
2023-02-16 10:00:00;18.839;18.979;18.829;18.899;6.9975;UCG.ITEUR
2023-02-16 11:00:00;18.899;18.989;18.889;18.979;5.904;UCG.ITEUR
2023-02-16 12:00:00;18.989;19.079;18.929;19.069;5.2065;UCG.ITEUR
2023-02-16 13:00:00;19.066;19.099;18.989;19.059;9.963;UCG.ITEUR
2023-02-16 14:00:00;19.069;19.299;19.049;19.249;13.833;UCG.ITEUR
2023-02-16 15:00:00;19.259;19.459;19.209;19.349;11.898;UCG.ITEUR
2023-02-16 16:00:00;19.359;19.369;19.319;19.349;5.193;UCG.ITEUR
2023-02-17 08:00:00;19.329;19.529;19.159;19.469;32.7915;UCG.ITEUR
2023-02-17 09:00:00;19.466;19.519;19.389;19.499;16.0875;UCG.ITEUR
2023-02-17 10:00:00;19.509;19.569;19.459;19.479;9.189;UCG.ITEUR
2023-02-17 11:00:00;19.476;19.479;19.269;19.309;8.658;UCG.ITEUR
2023-02-17 12:00:00;19.319;19.429;19.299;19.379;7.632;UCG.ITEUR
2023-02-17 13:00:00;19.389;19.389;19.299;19.359;6.183;UCG.ITEUR
2023-02-17 14:00:00;19.349;19.479;19.339;19.479;8.865;UCG.ITEUR
2023-02-17 15:00:00;19.489;19.529;19.429;19.459;7.308;UCG.ITEUR
2023-02-17 16:00:00;19.469;19.529;19.459;19.529;3.528;UCG.ITEUR
2023-02-20 08:00:00;19.609;19.609;19.349;19.429;28.188;UCG.ITEUR
2023-02-20 09:00:00;19.439;19.469;19.199;19.239;10.305;UCG.ITEUR
2023-02-20 10:00:00;19.229;19.389;19.179;19.269;14.31;UCG.ITEUR
2023-02-20 11:00:00;19.279;19.289;19.049;19.179;11.9295;UCG.ITEUR
2023-02-20 12:00:00;19.189;19.239;19.019;19.109;11.295;UCG.ITEUR
2023-02-20 13:00:00;19.119;19.239;19.079;19.239;5.67;UCG.ITEUR
2023-02-20 14:00:00;19.249;19.269;18.939;18.989;12.312;UCG.ITEUR
2023-02-20 15:00:00;18.986;19.069;18.949;18.999;9.3915;UCG.ITEUR
2023-02-20 16:00:00;19.009;19.069;18.959;19.029;6.408;UCG.ITEUR
2023-02-21 08:00:00;18.889;18.929;18.579;18.599;20.907;UCG.ITEUR
2023-02-21 09:00:00;18.596;18.719;18.449;18.639;25.3935;UCG.ITEUR
2023-02-21 10:00:00;18.619;18.639;18.399;18.489;18.7875;UCG.ITEUR
2023-02-21 11:00:00;18.499;18.589;18.459;18.529;11.871;UCG.ITEUR
2023-02-21 12:00:00;18.539;18.629;18.519;18.619;7.7265;UCG.ITEUR
2023-02-21 13:00:00;18.629;18.679;18.579;18.619;7.911;UCG.ITEUR
2023-02-21 14:00:00;18.629;18.639;18.569;18.589;8.8065;UCG.ITEUR
2023-02-21 15:00:00;18.586;18.729;18.519;18.679;8.9325;UCG.ITEUR
2023-02-21 16:00:00;18.689;18.719;18.619;18.629;3.4155;UCG.ITEUR
2023-02-22 08:00:00;18.659;18.729;18.509;18.669;32.5215;UCG.ITEUR
2023-02-22 09:00:00;18.679;18.769;18.559;18.709;18.9045;UCG.ITEUR
2023-02-22 10:00:00;18.706;18.779;18.259;18.279;20.43;UCG.ITEUR
2023-02-22 11:00:00;18.276;18.319;17.829;18.139;29.718;UCG.ITEUR
2023-02-22 12:00:00;18.149;18.219;18.099;18.109;11.7765;UCG.ITEUR
2023-02-22 13:00:00;18.106;18.149;18.029;18.049;10.6515;UCG.ITEUR
2023-02-22 14:00:00;18.059;18.199;17.969;17.979;12.6;UCG.ITEUR
2023-02-22 15:00:00;17.976;18.109;17.919;18.099;13.815;UCG.ITEUR
2023-02-22 16:00:00;18.096;18.109;18.049;18.069;4.158;UCG.ITEUR
2023-02-23 08:00:00;18.159;18.299;18.119;18.199;19.0485;UCG.ITEUR
2023-02-23 09:00:00;18.209;18.299;18.159;18.269;8.964;UCG.ITEUR
2023-02-23 10:00:00;18.266;18.359;18.259;18.289;4.8645;UCG.ITEUR
2023-02-23 11:00:00;18.279;18.379;18.279;18.369;4.9545;UCG.ITEUR
2023-02-23 12:00:00;18.359;18.479;18.359;18.439;4.6035;UCG.ITEUR
2023-02-23 13:00:00;18.449;18.569;18.449;18.529;6.759;UCG.ITEUR
2023-02-23 14:00:00;18.526;18.569;18.469;18.469;9.513;UCG.ITEUR
2023-02-23 15:00:00;18.479;18.569;18.429;18.479;7.7805;UCG.ITEUR
2023-02-23 16:00:00;18.489;18.519;18.439;18.469;3.6225;UCG.ITEUR
2023-02-24 08:00:00;18.449;18.539;18.269;18.499;18.756;UCG.ITEUR
2023-02-24 09:00:00;18.509;18.519;18.419;18.489;7.767;UCG.ITEUR
2023-02-24 10:00:00;18.479;18.499;18.299;18.319;6.489;UCG.ITEUR
2023-02-24 11:00:00;18.329;18.329;18.139;18.239;10.071;UCG.ITEUR
2023-02-24 12:00:00;18.236;18.309;18.209;18.289;7.497;UCG.ITEUR
2023-02-24 13:00:00;18.279;18.319;18.199;18.269;14.346;UCG.ITEUR
2023-02-24 14:00:00;18.259;18.379;18.229;18.299;13.86;UCG.ITEUR
2023-02-24 15:00:00;18.309;18.389;18.259;18.339;9.405;UCG.ITEUR
2023-02-24 16:00:00;18.329;18.339;18.289;18.319;4.527;UCG.ITEUR
2023-02-27 08:00:00;18.456;18.979;18.419;18.959;24.741;UCG.ITEUR
2023-02-27 09:00:00;18.949;19.019;18.899;18.999;12.9825;UCG.ITEUR
2023-02-27 10:00:00;19.009;19.139;18.949;19.099;8.2395;UCG.ITEUR
2023-02-27 11:00:00;19.109;19.269;19.089;19.149;11.7045;UCG.ITEUR
2023-02-27 12:00:00;19.159;19.279;19.129;19.259;8.865;UCG.ITEUR
2023-02-27 13:00:00;19.269;19.299;19.149;19.159;9.009;UCG.ITEUR
2023-02-27 14:00:00;19.169;19.189;19.049;19.119;11.223;UCG.ITEUR
2023-02-27 15:00:00;19.116;19.149;19.019;19.059;8.9415;UCG.ITEUR
2023-02-27 16:00:00;19.059;19.059;18.989;19.029;3.726;UCG.ITEUR
2023-02-28 08:00:00;18.839;19.129;18.829;19.129;25.7985;UCG.ITEUR
2023-02-28 09:00:00;19.129;19.299;19.109;19.269;18.306;UCG.ITEUR
2023-02-28 10:00:00;19.279;19.409;19.229;19.409;15.003;UCG.ITEUR
2023-02-28 11:00:00;19.419;19.529;19.409;19.479;12.5235;UCG.ITEUR
2023-02-28 12:00:00;19.489;19.609;19.479;19.599;8.055;UCG.ITEUR
2023-02-28 13:00:00;19.596;19.649;19.509;19.589;10.557;UCG.ITEUR
2023-02-28 14:00:00;19.599;19.669;19.509;19.559;19.242;UCG.ITEUR
2023-02-28 15:00:00;19.556;19.589;19.329;19.379;16.7715;UCG.ITEUR
2023-02-28 16:00:00;19.376;19.419;19.349;19.369;6.183;UCG.ITEUR
2023-03-01 08:00:00;19.419;19.479;19.159;19.219;33.642;UCG.ITEUR
2023-03-01 09:00:00;19.209;19.369;19.159;19.309;14.679;UCG.ITEUR
2023-03-01 10:00:00;19.309;19.459;19.299;19.429;12.429;UCG.ITEUR
2023-03-01 11:00:00;19.426;19.449;19.339;19.339;6.714;UCG.ITEUR
2023-03-01 12:00:00;19.336;19.369;19.279;19.299;5.139;UCG.ITEUR
2023-03-01 13:00:00;19.296;19.329;19.229;19.249;7.92;UCG.ITEUR
2023-03-01 14:00:00;19.249;19.259;19.109;19.139;9.2295;UCG.ITEUR
2023-03-01 15:00:00;19.149;19.149;19.049;19.069;10.9125;UCG.ITEUR
2023-03-01 16:00:00;19.069;19.079;18.849;18.889;9.153;UCG.ITEUR
2023-03-02 08:00:00;18.739;18.739;18.569;18.729;25.551;UCG.ITEUR
2023-03-02 09:00:00;18.726;18.779;18.649;18.679;11.772;UCG.ITEUR
2023-03-02 10:00:00;18.676;18.839;18.649;18.779;12.3345;UCG.ITEUR
2023-03-02 11:00:00;18.789;18.869;18.789;18.849;9.279;UCG.ITEUR
2023-03-02 12:00:00;18.859;18.909;18.849;18.889;7.1235;UCG.ITEUR
2023-03-02 13:00:00;18.899;18.909;18.789;18.869;8.982;UCG.ITEUR
2023-03-02 14:00:00;18.879;18.889;18.739;18.789;10.602;UCG.ITEUR
2023-03-02 15:00:00;18.799;18.849;18.599;18.669;11.511;UCG.ITEUR
2023-03-02 16:00:00;18.679;18.679;18.629;18.639;6.7005;UCG.ITEUR
2023-03-03 08:00:00;18.729;18.859;18.619;18.859;20.5605;UCG.ITEUR
2023-03-03 09:00:00;18.856;18.856;18.699;18.719;11.6775;UCG.ITEUR
2023-03-03 10:00:00;18.729;18.789;18.699;18.779;8.2395;UCG.ITEUR
2023-03-03 11:00:00;18.789;18.809;18.759;18.769;5.391;UCG.ITEUR
2023-03-03 12:00:00;18.779;18.809;18.759;18.779;5.7645;UCG.ITEUR
2023-03-03 13:00:00;18.776;18.789;18.739;18.769;4.5765;UCG.ITEUR
2023-03-03 14:00:00;18.779;18.799;18.689;18.759;7.8435;UCG.ITEUR
2023-03-03 15:00:00;18.759;18.869;18.719;18.819;10.3095;UCG.ITEUR
2023-03-03 16:00:00;18.829;18.899;18.809;18.899;3.1635;UCG.ITEUR
2023-03-06 08:00:00;19.169;19.269;19.149;19.249;17.829;UCG.ITEUR
2023-03-06 09:00:00;19.246;19.309;19.199;19.249;12.6585;UCG.ITEUR
2023-03-06 10:00:00;19.239;19.289;19.199;19.199;5.8095;UCG.ITEUR
2023-03-06 11:00:00;19.209;19.209;19.139;19.139;7.515;UCG.ITEUR
2023-03-06 12:00:00;19.149;19.179;19.079;19.119;8.415;UCG.ITEUR
2023-03-06 13:00:00;19.129;19.179;19.109;19.179;5.364;UCG.ITEUR
2023-03-06 14:00:00;19.179;19.249;19.149;19.209;8.2125;UCG.ITEUR
2023-03-06 15:00:00;19.206;19.249;19.169;19.189;6.975;UCG.ITEUR
2023-03-06 16:00:00;19.199;19.219;19.189;19.209;3.6765;UCG.ITEUR
2023-03-07 08:00:00;19.249;19.329;19.179;19.179;15.111;UCG.ITEUR
2023-03-07 09:00:00;19.176;19.176;19.039;19.069;12.402;UCG.ITEUR
2023-03-07 10:00:00;19.079;19.129;19.029;19.069;7.4925;UCG.ITEUR
2023-03-07 11:00:00;19.079;19.139;19.069;19.089;4.887;UCG.ITEUR
2023-03-07 12:00:00;19.086;19.099;19.059;19.079;3.0015;UCG.ITEUR
2023-03-07 13:00:00;19.089;19.139;19.079;19.109;4.878;UCG.ITEUR
2023-03-07 14:00:00;19.099;19.129;19.069;19.079;6.4845;UCG.ITEUR
2023-03-07 15:00:00;19.029;19.169;18.989;19.019;18.8865;UCG.ITEUR
2023-03-07 16:00:00;19.029;19.069;19.029;19.029;5.3595;UCG.ITEUR
2023-03-08 08:00:00;19.099;19.299;19.089;19.229;16.8345;UCG.ITEUR
2023-03-08 09:00:00;19.239;19.359;19.159;19.339;10.5885;UCG.ITEUR
2023-03-08 10:00:00;19.329;19.379;19.269;19.309;7.4565;UCG.ITEUR
2023-03-08 11:00:00;19.319;19.509;19.319;19.409;11.0025;UCG.ITEUR
2023-03-08 12:00:00;19.419;19.439;19.319;19.339;6.7815;UCG.ITEUR
2023-03-08 13:00:00;19.329;19.389;19.319;19.339;6.453;UCG.ITEUR
2023-03-08 14:00:00;19.336;19.369;19.299;19.369;5.6385;UCG.ITEUR
2023-03-08 15:00:00;19.366;19.439;19.319;19.379;10.1655;UCG.ITEUR
2023-03-08 16:00:00;19.389;19.409;19.369;19.399;2.3355;UCG.ITEUR
2023-03-09 08:00:00;19.349;19.359;19.209;19.309;15.2685;UCG.ITEUR
2023-03-09 09:00:00;19.319;19.319;19.169;19.219;13.0545;UCG.ITEUR
2023-03-09 10:00:00;19.229;19.269;19.159;19.189;8.406;UCG.ITEUR
2023-03-09 11:00:00;19.199;19.319;19.169;19.319;7.6815;UCG.ITEUR
2023-03-09 12:00:00;19.329;19.359;19.229;19.239;7.1235;UCG.ITEUR
2023-03-09 13:00:00;19.249;19.459;19.189;19.239;12.0825;UCG.ITEUR
2023-03-09 14:00:00;19.236;19.369;19.229;19.299;9.6615;UCG.ITEUR
2023-03-09 15:00:00;19.309;19.309;19.209;19.219;10.917;UCG.ITEUR
2023-03-09 16:00:00;19.229;19.249;19.189;19.249;4.275;UCG.ITEUR
2023-03-10 08:00:00;18.169;18.769;18.099;18.639;58.0095;UCG.ITEUR
2023-03-10 09:00:00;18.636;18.729;18.509;18.536;25.6995;UCG.ITEUR
2023-03-10 10:00:00;18.529;18.619;18.479;18.489;15.9615;UCG.ITEUR
2023-03-10 11:00:00;18.499;18.679;18.449;18.629;15.48;UCG.ITEUR
2023-03-10 12:00:00;18.639;18.689;18.529;18.539;12.105;UCG.ITEUR
2023-03-10 13:00:00;18.549;18.559;18.289;18.449;26.3925;UCG.ITEUR
2023-03-10 14:00:00;18.459;18.499;18.279;18.469;23.634;UCG.ITEUR
2023-03-10 15:00:00;18.479;18.579;18.369;18.499;20.2005;UCG.ITEUR
2023-03-10 16:00:00;18.496;18.579;18.479;18.539;7.191;UCG.ITEUR
2023-03-13 08:00:00;18.169;18.359;17.739;17.749;57.375;UCG.ITEUR
2023-03-13 09:00:00;17.739;17.869;17.209;17.279;72.0945;UCG.ITEUR
2023-03-13 10:00:00;17.276;17.489;17.169;17.459;48.447;UCG.ITEUR
2023-03-13 11:00:00;17.456;17.589;17.129;17.209;35.6175;UCG.ITEUR
2023-03-13 12:00:00;17.206;17.249;16.809;17.099;24.003;UCG.ITEUR
2023-03-13 13:00:00;17.096;17.179;16.569;16.969;33.093;UCG.ITEUR
2023-03-13 14:00:00;16.729;17.209;16.599;17.059;37.449;UCG.ITEUR
2023-03-13 15:00:00;17.069;17.239;17.029;17.159;27.2655;UCG.ITEUR
2023-03-13 16:00:00;17.169;17.189;17.019;17.029;9.7875;UCG.ITEUR
2023-03-14 08:00:00;16.779;17.019;16.609;16.929;62.37;UCG.ITEUR
2023-03-14 09:00:00;16.926;16.929;16.709;16.759;34.4925;UCG.ITEUR
2023-03-14 10:00:00;16.756;16.859;16.709;16.749;21.933;UCG.ITEUR
2023-03-14 11:00:00;16.746;16.999;16.739;16.959;18.8595;UCG.ITEUR
2023-03-14 12:00:00;16.969;17.369;16.919;17.349;55.7055;UCG.ITEUR
2023-03-14 13:00:00;17.359;17.589;17.279;17.489;41.1885;UCG.ITEUR
2023-03-14 14:00:00;17.499;17.579;17.389;17.399;33.822;UCG.ITEUR
2023-03-14 15:00:00;17.409;17.669;17.359;17.629;22.887;UCG.ITEUR
2023-03-14 16:00:00;17.639;17.709;17.539;17.579;10.0395;UCG.ITEUR
2023-03-15 08:00:00;17.569;18.119;17.369;17.369;50.4945;UCG.ITEUR
2023-03-15 09:00:00;17.379;17.459;16.769;16.829;54.6705;UCG.ITEUR
2023-03-15 10:00:00;16.829;16.889;16.179;16.279;61.3665;UCG.ITEUR
2023-03-15 11:00:00;16.289;16.539;16.219;16.359;60.9885;UCG.ITEUR
2023-03-15 12:00:00;16.356;16.479;16.259;16.289;39.6405;UCG.ITEUR
2023-03-15 13:00:00;16.299;16.499;16.259;16.369;37.1745;UCG.ITEUR
2023-03-15 14:00:00;16.379;16.669;16.339;16.539;45.594;UCG.ITEUR
2023-03-15 15:00:00;16.529;16.539;16.209;16.209;31.6935;UCG.ITEUR
2023-03-15 16:00:00;16.219;16.239;16.029;16.059;14.4495;UCG.ITEUR
2023-03-16 08:00:00;17.119;17.219;16.439;16.499;67.176;UCG.ITEUR
2023-03-16 09:00:00;16.496;16.529;16.319;16.439;40.2345;UCG.ITEUR
2023-03-16 10:00:00;16.436;16.469;15.689;15.699;16.434;UCG.ITEUR
2023-03-16 11:00:00;16.219;16.329;16.029;16.209;31.7925;UCG.ITEUR
2023-03-16 12:00:00;16.219;16.389;16.069;16.169;44.1855;UCG.ITEUR
2023-03-16 13:00:00;16.179;16.519;15.929;16.499;73.5885;UCG.ITEUR
2023-03-16 14:00:00;16.496;16.569;16.069;16.479;56.826;UCG.ITEUR
2023-03-16 15:00:00;16.489;16.569;16.339;16.509;40.2165;UCG.ITEUR
2023-03-16 16:00:00;16.506;16.529;16.389;16.469;7.848;UCG.ITEUR
2023-03-17 08:00:00;16.606;16.969;16.529;16.859;49.122;UCG.ITEUR
2023-03-17 09:00:00;16.856;16.939;16.589;16.689;31.3515;UCG.ITEUR
2023-03-17 10:00:00;16.686;16.699;16.489;16.699;33.7185;UCG.ITEUR
2023-03-17 11:00:00;16.709;16.799;16.439;16.459;32.9805;UCG.ITEUR
2023-03-17 12:00:00;16.449;16.519;16.189;16.199;28.2915;UCG.ITEUR
2023-03-17 13:00:00;16.209;16.299;16.049;16.089;40.455;UCG.ITEUR
2023-03-17 14:00:00;16.109;16.159;15.769;15.799;32.2605;UCG.ITEUR
2023-03-17 15:00:00;15.796;15.949;15.679;15.919;35.424;UCG.ITEUR
2023-03-17 16:00:00;15.909;15.969;15.849;15.949;11.1735;UCG.ITEUR
2023-03-20 08:00:00;15.379;15.659;14.819;15.649;77.8815;UCG.ITEUR
2023-03-20 09:00:00;15.649;15.919;15.279;15.729;83.0205;UCG.ITEUR
2023-03-20 10:00:00;15.739;15.979;15.549;15.849;69.2055;UCG.ITEUR
2023-03-20 11:00:00;15.846;15.899;15.679;15.829;30.483;UCG.ITEUR
2023-03-20 12:00:00;15.839;16.019;15.789;15.979;27.8415;UCG.ITEUR
2023-03-20 13:00:00;15.976;16.219;15.959;16.139;45.5895;UCG.ITEUR
2023-03-20 14:00:00;16.136;16.199;15.979;16.179;39.2715;UCG.ITEUR
2023-03-20 15:00:00;16.189;16.389;16.169;16.279;30.4605;UCG.ITEUR
2023-03-20 16:00:00;16.289;16.299;16.109;16.189;13.0545;UCG.ITEUR
2023-03-21 08:00:00;16.799;17.219;16.649;17.179;56.25;UCG.ITEUR
2023-03-21 09:00:00;17.189;17.319;17.109;17.249;29.0745;UCG.ITEUR
2023-03-21 10:00:00;17.239;17.549;17.229;17.459;28.575;UCG.ITEUR
2023-03-21 11:00:00;17.469;17.509;17.159;17.359;25.6815;UCG.ITEUR
2023-03-21 12:00:00;17.369;17.449;17.269;17.289;19.854;UCG.ITEUR
2023-03-21 13:00:00;17.299;17.419;17.249;17.419;23.4135;UCG.ITEUR
2023-03-21 14:00:00;17.419;17.509;17.299;17.379;42.4305;UCG.ITEUR
2023-03-21 15:00:00;17.389;17.539;17.379;17.399;29.196;UCG.ITEUR
2023-03-21 16:00:00;17.409;17.459;17.359;17.379;7.3575;UCG.ITEUR
2023-03-22 08:00:00;17.339;17.599;17.199;17.529;52.6635;UCG.ITEUR
2023-03-22 09:00:00;17.539;17.729;17.419;17.619;33.8265;UCG.ITEUR
2023-03-22 10:00:00;17.616;17.639;17.499;17.569;17.847;UCG.ITEUR
2023-03-22 11:00:00;17.559;17.619;17.469;17.499;19.8675;UCG.ITEUR
2023-03-22 12:00:00;17.509;17.549;17.419;17.469;15.399;UCG.ITEUR
2023-03-22 13:00:00;17.466;17.559;17.329;17.549;24.3;UCG.ITEUR
2023-03-22 14:00:00;17.546;17.549;17.349;17.359;15.561;UCG.ITEUR
2023-03-22 15:00:00;17.369;17.409;17.189;17.229;19.3185;UCG.ITEUR
2023-03-22 16:00:00;17.239;17.289;17.199;17.269;5.5755;UCG.ITEUR
2023-03-23 08:00:00;17.229;17.459;17.209;17.339;48.456;UCG.ITEUR
2023-03-23 09:00:00;17.336;17.336;16.939;17.059;30.1635;UCG.ITEUR
2023-03-23 10:00:00;17.059;17.119;16.949;17.099;23.2515;UCG.ITEUR
2023-03-23 11:00:00;17.096;17.169;17.029;17.109;17.0505;UCG.ITEUR
2023-03-23 12:00:00;17.099;17.239;17.059;17.209;16.776;UCG.ITEUR
2023-03-23 13:00:00;17.199;17.279;17.129;17.189;22.167;UCG.ITEUR
2023-03-23 14:00:00;17.179;17.269;17.099;17.169;15.7545;UCG.ITEUR
2023-03-23 15:00:00;17.169;17.179;16.949;16.999;17.154;UCG.ITEUR
2023-03-23 16:00:00;16.996;17.059;16.929;16.949;7.146;UCG.ITEUR
2023-03-24 08:00:00;16.509;16.559;16.159;16.289;55.6695;UCG.ITEUR
2023-03-24 09:00:00;16.286;16.409;15.979;16.079;38.979;UCG.ITEUR
2023-03-24 10:00:00;16.076;16.129;15.909;15.999;46.0125;UCG.ITEUR
2023-03-24 11:00:00;16.009;16.119;15.939;16.099;35.8425;UCG.ITEUR
2023-03-24 12:00:00;16.096;16.239;15.989;16.179;33.4935;UCG.ITEUR
2023-03-24 13:00:00;16.176;16.329;16.079;16.319;41.8905;UCG.ITEUR
2023-03-24 14:00:00;16.316;16.369;16.159;16.289;38.205;UCG.ITEUR
2023-03-24 15:00:00;16.286;16.399;16.139;16.369;25.767;UCG.ITEUR
2023-03-24 16:00:00;16.379;16.389;16.199;16.219;15.3405;UCG.ITEUR
2023-03-27 07:00:00;16.729;16.759;16.199;16.389;47.2635;UCG.ITEUR
2023-03-27 08:00:00;16.389;16.469;16.199;16.209;29.862;UCG.ITEUR
2023-03-27 09:00:00;16.219;16.379;16.189;16.339;22.0635;UCG.ITEUR
2023-03-27 10:00:00;16.349;16.459;16.349;16.409;15.6375;UCG.ITEUR
2023-03-27 11:00:00;16.399;16.459;16.359;16.429;12.744;UCG.ITEUR
2023-03-27 12:00:00;16.419;16.449;16.329;16.409;10.9305;UCG.ITEUR
2023-03-27 13:00:00;16.406;16.489;16.339;16.359;19.35;UCG.ITEUR
2023-03-27 14:00:00;16.369;16.439;16.289;16.379;16.7535;UCG.ITEUR
2023-03-27 15:00:00;16.389;16.409;16.339;16.389;7.1865;UCG.ITEUR
2023-03-28 07:00:00;16.696;16.839;16.629;16.639;25.893;UCG.ITEUR
2023-03-28 08:00:00;16.649;16.759;16.619;16.649;17.388;UCG.ITEUR
2023-03-28 09:00:00;16.659;16.689;16.439;16.469;20.835;UCG.ITEUR
2023-03-28 10:00:00;16.466;16.609;16.449;16.609;15.8805;UCG.ITEUR
2023-03-28 11:00:00;16.606;16.769;16.569;16.649;10.6785;UCG.ITEUR
2023-03-28 12:00:00;16.646;16.649;16.459;16.519;13.356;UCG.ITEUR
2023-03-28 13:00:00;16.516;16.629;16.489;16.549;22.4775;UCG.ITEUR
2023-03-28 14:00:00;16.559;17.319;16.529;17.099;43.875;UCG.ITEUR
2023-03-28 15:00:00;17.109;17.139;17.049;17.099;10.521;UCG.ITEUR
2023-03-29 07:00:00;17.299;17.349;17.159;17.299;27.4635;UCG.ITEUR
2023-03-29 08:00:00;17.296;17.299;17.179;17.249;16.1775;UCG.ITEUR
2023-03-29 09:00:00;17.259;17.299;17.159;17.159;11.727;UCG.ITEUR
2023-03-29 10:00:00;17.156;17.239;17.059;17.219;12.1275;UCG.ITEUR
2023-03-29 11:00:00;17.229;17.279;17.139;17.159;11.5605;UCG.ITEUR
2023-03-29 12:00:00;17.156;17.269;17.129;17.239;8.316;UCG.ITEUR
2023-03-29 13:00:00;17.236;17.259;17.179;17.229;12.402;UCG.ITEUR
2023-03-29 14:00:00;17.239;17.249;17.159;17.199;10.4085;UCG.ITEUR
2023-03-29 15:00:00;17.209;17.239;17.199;17.229;3.3165;UCG.ITEUR
2023-03-30 07:00:00;17.336;17.509;17.259;17.429;27.3195;UCG.ITEUR
2023-03-30 08:00:00;17.439;17.559;17.379;17.509;11.8485;UCG.ITEUR
2023-03-30 09:00:00;17.506;17.529;17.449;17.479;11.88;UCG.ITEUR
2023-03-30 10:00:00;17.469;17.539;17.459;17.529;6.174;UCG.ITEUR
2023-03-30 11:00:00;17.519;17.539;17.479;17.509;6.8535;UCG.ITEUR
2023-03-30 12:00:00;17.519;17.559;17.499;17.559;8.9865;UCG.ITEUR
2023-03-30 13:00:00;17.556;17.599;17.509;17.529;11.853;UCG.ITEUR
2023-03-30 14:00:00;17.526;17.539;17.459;17.509;11.457;UCG.ITEUR
2023-03-30 15:00:00;17.499;17.519;17.449;17.499;3.978;UCG.ITEUR
2023-03-31 07:00:00;17.499;17.539;17.149;17.159;29.6865;UCG.ITEUR
2023-03-31 08:00:00;17.169;17.389;17.159;17.309;19.026;UCG.ITEUR
2023-03-31 09:00:00;17.319;17.419;17.259;17.409;13.7565;UCG.ITEUR
2023-03-31 10:00:00;17.419;17.459;17.379;17.389;8.19;UCG.ITEUR
2023-03-31 11:00:00;17.379;17.419;17.339;17.359;6.6645;UCG.ITEUR
2023-03-31 12:00:00;17.349;17.429;17.319;17.429;12.0015;UCG.ITEUR
2023-03-31 13:00:00;17.439;17.459;17.369;17.399;13.6395;UCG.ITEUR
2023-03-31 14:00:00;17.409;17.469;17.379;17.439;10.827;UCG.ITEUR
2023-03-31 15:00:00;17.436;17.439;17.409;17.419;4.194;UCG.ITEUR
2023-04-03 07:00:00;17.469;17.819;17.459;17.809;43.839;UCG.ITEUR
2023-04-03 08:00:00;17.806;17.849;17.729;17.789;22.527;UCG.ITEUR
2023-04-03 09:00:00;17.799;17.989;17.789;17.979;15.552;UCG.ITEUR
2023-04-03 10:00:00;17.989;18.039;17.899;17.899;13.923;UCG.ITEUR
2023-04-03 11:00:00;17.896;17.919;17.839;17.909;12.519;UCG.ITEUR
2023-04-03 12:00:00;17.919;17.919;17.819;17.829;9.8595;UCG.ITEUR
2023-04-03 13:00:00;17.839;18.079;17.819;18.059;15.8355;UCG.ITEUR
2023-04-03 14:00:00;18.069;18.069;17.939;17.979;20.898;UCG.ITEUR
2023-04-03 15:00:00;17.976;17.989;17.899;17.959;4.59;UCG.ITEUR
2023-04-04 07:00:00;17.969;18.049;17.759;17.909;36.099;UCG.ITEUR
2023-04-04 08:00:00;17.906;18.099;17.889;17.989;19.7145;UCG.ITEUR
2023-04-04 09:00:00;17.999;18.149;17.989;18.109;9.6165;UCG.ITEUR
2023-04-04 10:00:00;18.106;18.209;18.089;18.149;10.6155;UCG.ITEUR
2023-04-04 11:00:00;18.146;18.146;18.059;18.129;6.381;UCG.ITEUR
2023-04-04 12:00:00;18.129;18.239;18.119;18.219;7.317;UCG.ITEUR
2023-04-04 13:00:00;18.229;18.239;18.129;18.159;14.481;UCG.ITEUR
2023-04-04 14:00:00;18.169;18.179;17.999;18.039;16.695;UCG.ITEUR
2023-04-04 15:00:00;18.036;18.039;17.999;18.029;3.6;UCG.ITEUR
2023-04-05 07:00:00;17.876;17.939;17.679;17.759;33.993;UCG.ITEUR
2023-04-05 08:00:00;17.756;17.839;17.649;17.689;20.898;UCG.ITEUR
2023-04-05 09:00:00;17.699;17.759;17.579;17.629;14.9535;UCG.ITEUR
2023-04-05 10:00:00;17.626;17.789;17.599;17.769;11.232;UCG.ITEUR
2023-04-05 11:00:00;17.779;17.779;17.639;17.659;9.252;UCG.ITEUR
2023-04-05 12:00:00;17.669;17.679;17.559;17.649;14.1615;UCG.ITEUR
2023-04-05 13:00:00;17.659;17.829;17.649;17.809;17.7525;UCG.ITEUR
2023-04-05 14:00:00;17.809;17.809;17.699;17.719;20.2635;UCG.ITEUR
2023-04-05 15:00:00;17.716;17.779;17.649;17.769;8.766;UCG.ITEUR
2023-04-06 07:00:00;17.919;18.029;17.869;17.989;22.8285;UCG.ITEUR
2023-04-06 08:00:00;17.989;18.019;17.909;17.969;13.131;UCG.ITEUR
2023-04-06 09:00:00;17.966;18.069;17.899;18.069;12.5055;UCG.ITEUR
2023-04-06 10:00:00;18.049;18.079;17.999;18.049;10.323;UCG.ITEUR
2023-04-06 11:00:00;18.046;18.069;17.989;18.039;6.9705;UCG.ITEUR
2023-04-06 12:00:00;18.049;18.069;17.999;18.049;10.575;UCG.ITEUR
2023-04-06 13:00:00;18.059;18.109;17.989;18.099;13.383;UCG.ITEUR
2023-04-06 14:00:00;18.096;18.179;18.079;18.179;11.349;UCG.ITEUR
2023-04-06 15:00:00;18.176;18.259;18.169;18.199;5.4405;UCG.ITEUR
2023-04-11 07:00:00;18.429;18.479;18.329;18.399;35.1855;UCG.ITEUR
2023-04-11 08:00:00;18.409;18.459;18.319;18.369;18.054;UCG.ITEUR
2023-04-11 09:00:00;18.359;18.409;18.329;18.379;8.82;UCG.ITEUR
2023-04-11 10:00:00;18.369;18.419;18.309;18.319;7.7085;UCG.ITEUR
2023-04-11 11:00:00;18.309;18.309;18.229;18.229;9.5445;UCG.ITEUR
2023-04-11 12:00:00;18.239;18.279;18.179;18.189;10.7415;UCG.ITEUR
2023-04-11 13:00:00;18.186;18.249;18.159;18.199;15.7725;UCG.ITEUR
2023-04-11 14:00:00;18.209;18.329;18.179;18.329;12.5685;UCG.ITEUR
2023-04-11 15:00:00;18.319;18.359;18.319;18.329;3.924;UCG.ITEUR
2023-04-12 07:00:00;18.459;18.539;18.389;18.539;25.722;UCG.ITEUR
2023-04-12 08:00:00;18.536;18.669;18.509;18.649;18.0225;UCG.ITEUR
2023-04-12 09:00:00;18.646;18.689;18.619;18.689;11.979;UCG.ITEUR
2023-04-12 10:00:00;18.679;18.799;18.679;18.749;8.964;UCG.ITEUR
2023-04-12 11:00:00;18.746;18.879;18.739;18.869;11.5965;UCG.ITEUR
2023-04-12 12:00:00;18.866;19.039;18.809;18.909;26.8245;UCG.ITEUR
2023-04-12 13:00:00;18.906;18.969;18.849;18.869;19.5975;UCG.ITEUR
2023-04-12 14:00:00;18.866;18.899;18.809;18.829;19.071;UCG.ITEUR
2023-04-12 15:00:00;18.839;18.849;18.759;18.819;10.2915;UCG.ITEUR
2023-04-13 07:00:00;18.899;18.929;18.669;18.759;29.5695;UCG.ITEUR
2023-04-13 08:00:00;18.769;18.849;18.689;18.769;15.804;UCG.ITEUR
2023-04-13 09:00:00;18.779;18.799;18.709;18.789;12.114;UCG.ITEUR
2023-04-13 10:00:00;18.799;18.879;18.749;18.879;9.801;UCG.ITEUR
2023-04-13 11:00:00;18.876;18.999;18.829;18.979;11.772;UCG.ITEUR
2023-04-13 12:00:00;18.976;19.009;18.849;18.859;16.4745;UCG.ITEUR
2023-04-13 13:00:00;18.869;18.869;18.699;18.799;17.3925;UCG.ITEUR
2023-04-13 14:00:00;18.796;18.859;18.739;18.799;18.3465;UCG.ITEUR
2023-04-13 15:00:00;18.796;18.829;18.779;18.829;5.5575;UCG.ITEUR
2023-04-14 07:00:00;18.849;18.909;18.759;18.859;30.294;UCG.ITEUR
2023-04-14 08:00:00;18.869;18.929;18.849;18.909;11.9925;UCG.ITEUR
2023-04-14 09:00:00;18.919;19.059;18.879;19.049;9.9315;UCG.ITEUR
2023-04-14 10:00:00;19.046;19.139;18.979;19.129;11.655;UCG.ITEUR
2023-04-14 11:00:00;19.139;19.289;19.109;19.219;19.449;UCG.ITEUR
2023-04-14 12:00:00;19.229;19.339;19.219;19.329;16.074;UCG.ITEUR
2023-04-14 13:00:00;19.326;19.469;19.279;19.399;18.5625;UCG.ITEUR
2023-04-14 14:00:00;19.409;19.469;19.329;19.379;18.8325;UCG.ITEUR
2023-04-14 15:00:00;19.389;19.399;19.329;19.359;5.8905;UCG.ITEUR
2023-04-17 07:00:00;19.489;19.569;19.409;19.419;33.021;UCG.ITEUR
2023-04-17 08:00:00;19.429;19.449;19.339;19.379;16.5209;UCG.ITEUR
2023-04-17 09:00:00;19.389;19.449;19.369;19.409;11.637;UCG.ITEUR
2023-04-17 10:00:00;19.399;19.409;19.269;19.289;10.242;UCG.ITEUR
2023-04-17 11:00:00;19.286;19.319;19.179;19.249;11.3985;UCG.ITEUR
2023-04-17 12:00:00;19.259;19.259;19.139;19.179;13.986;UCG.ITEUR
2023-04-17 13:00:00;19.189;19.239;19.099;19.129;16.965;UCG.ITEUR
2023-04-17 14:00:00;19.126;19.169;19.069;19.129;16.9965;UCG.ITEUR
2023-04-17 15:00:00;19.139;19.139;19.039;19.089;3.8115;UCG.ITEUR
2023-04-18 07:00:00;19.219;19.409;19.209;19.379;24.5475;UCG.ITEUR
2023-04-18 08:00:00;19.379;19.469;19.349;19.419;12.321;UCG.ITEUR
2023-04-18 09:00:00;19.416;19.479;19.389;19.469;11.934;UCG.ITEUR
2023-04-18 10:00:00;19.479;19.529;19.429;19.499;10.3995;UCG.ITEUR
2023-04-18 11:00:00;19.496;19.499;19.389;19.409;10.449;UCG.ITEUR
2023-04-18 12:00:00;19.419;19.599;19.419;19.569;8.4375;UCG.ITEUR
2023-04-18 13:00:00;19.559;19.569;19.499;19.539;10.512;UCG.ITEUR
2023-04-18 14:00:00;19.549;19.559;19.439;19.449;13.6935;UCG.ITEUR
2023-04-18 15:00:00;19.459;19.489;19.439;19.439;2.7315;UCG.ITEUR
2023-04-19 07:00:00;19.549;19.589;19.419;19.449;23.724;UCG.ITEUR
2023-04-19 08:00:00;19.459;19.489;19.339;19.409;19.233;UCG.ITEUR
2023-04-19 09:00:00;19.419;19.469;19.359;19.429;11.9925;UCG.ITEUR
2023-04-19 10:00:00;19.426;19.509;19.419;19.499;9.135;UCG.ITEUR
2023-04-19 11:00:00;19.509;19.589;19.489;19.579;8.9325;UCG.ITEUR
2023-04-19 12:00:00;19.569;19.639;19.549;19.619;6.318;UCG.ITEUR
2023-04-19 13:00:00;19.616;19.689;19.579;19.649;9.3105;UCG.ITEUR
2023-04-19 14:00:00;19.649;19.849;19.629;19.839;9.4275;UCG.ITEUR
2023-04-19 15:00:00;19.836;19.839;19.799;19.809;3.951;UCG.ITEUR
2023-04-20 07:00:00;19.929;20.039;19.759;19.809;29.7315;UCG.ITEUR
2023-04-20 08:00:00;19.819;19.909;19.729;19.899;15.5115;UCG.ITEUR
2023-04-20 09:00:00;19.909;19.919;19.679;19.699;11.25;UCG.ITEUR
2023-04-20 10:00:00;19.696;19.709;19.469;19.609;16.0785;UCG.ITEUR
2023-04-20 11:00:00;19.606;19.659;19.409;19.419;10.755;UCG.ITEUR
2023-04-20 12:00:00;19.416;19.479;19.359;19.459;13.5585;UCG.ITEUR
2023-04-20 13:00:00;19.459;19.569;19.429;19.509;14.2605;UCG.ITEUR
2023-04-20 14:00:00;19.489;19.609;19.449;19.499;17.1855;UCG.ITEUR
2023-04-20 15:00:00;19.509;19.519;19.449;19.469;5.526;UCG.ITEUR
2023-04-21 07:00:00;19.229;19.349;19.139;19.249;29.412;UCG.ITEUR
2023-04-21 08:00:00;19.246;19.469;19.239;19.399;19.3815;UCG.ITEUR
2023-04-21 09:00:00;19.396;19.529;19.339;19.349;18.5715;UCG.ITEUR
2023-04-21 10:00:00;19.346;19.399;19.269;19.379;13.6755;UCG.ITEUR
2023-04-21 11:00:00;19.369;19.409;19.259;19.339;10.2375;UCG.ITEUR
2023-04-21 12:00:00;19.329;19.409;19.329;19.369;6.156;UCG.ITEUR
2023-04-21 13:00:00;19.379;19.419;19.299;19.399;14.562;UCG.ITEUR
2023-04-21 14:00:00;19.396;19.459;19.379;19.419;13.8375;UCG.ITEUR
2023-04-21 15:00:00;19.429;19.449;19.379;19.439;5.562;UCG.ITEUR
2023-04-24 07:00:00;18.449;18.949;18.429;18.849;46.5615;UCG.ITEUR
2023-04-24 08:00:00;18.859;18.899;18.699;18.709;16.7085;UCG.ITEUR
2023-04-24 09:00:00;18.719;18.829;18.709;18.749;9.747;UCG.ITEUR
2023-04-24 10:00:00;18.759;18.829;18.729;18.809;8.541;UCG.ITEUR
2023-04-24 11:00:00;18.819;18.829;18.739;18.769;8.8515;UCG.ITEUR
2023-04-24 12:00:00;18.779;18.799;18.709;18.749;8.226;UCG.ITEUR
2023-04-24 13:00:00;18.746;18.869;18.739;18.849;13.2525;UCG.ITEUR
2023-04-24 14:00:00;18.846;18.859;18.789;18.859;11.808;UCG.ITEUR
2023-04-24 15:00:00;18.869;18.889;18.859;18.879;2.3265;UCG.ITEUR
2023-04-25 07:00:00;18.636;18.639;18.229;18.349;53.829;UCG.ITEUR
2023-04-25 08:00:00;18.359;18.359;18.079;18.339;33.5655;UCG.ITEUR
2023-04-25 09:00:00;18.336;18.429;18.279;18.389;14.3145;UCG.ITEUR
2023-04-25 10:00:00;18.399;18.499;18.389;18.419;11.8305;UCG.ITEUR
2023-04-25 11:00:00;18.429;18.489;18.379;18.419;8.415;UCG.ITEUR
2023-04-25 12:00:00;18.429;18.459;18.349;18.369;7.038;UCG.ITEUR
2023-04-25 13:00:00;18.379;18.459;18.309;18.349;13.8645;UCG.ITEUR
2023-04-25 14:00:00;18.349;18.409;18.309;18.389;14.1255;UCG.ITEUR
2023-04-25 15:00:00;18.399;18.409;18.369;18.389;5.0535;UCG.ITEUR
2023-04-26 07:00:00;18.076;18.119;17.759;17.809;39.393;UCG.ITEUR
2023-04-26 08:00:00;17.806;18.009;17.699;17.909;29.223;UCG.ITEUR
2023-04-26 09:00:00;17.919;17.999;17.879;17.959;18.3465;UCG.ITEUR
2023-04-26 10:00:00;17.969;18.029;17.959;17.969;11.1375;UCG.ITEUR
2023-04-26 11:00:00;17.959;18.049;17.849;17.969;19.9395;UCG.ITEUR
2023-04-26 12:00:00;17.966;18.019;17.959;17.969;10.863;UCG.ITEUR
2023-04-26 13:00:00;17.979;18.009;17.899;17.969;15.4665;UCG.ITEUR
2023-04-26 14:00:00;17.966;17.979;17.839;17.959;12.645;UCG.ITEUR
2023-04-26 15:00:00;17.969;17.999;17.929;17.989;4.4325;UCG.ITEUR
2023-04-27 07:00:00;18.049;18.499;18.039;18.469;42.7995;UCG.ITEUR
2023-04-27 08:00:00;18.466;18.489;18.329;18.479;26.0955;UCG.ITEUR
2023-04-27 09:00:00;18.469;18.509;18.349;18.389;18.54;UCG.ITEUR
2023-04-27 10:00:00;18.386;18.429;18.309;18.399;10.6785;UCG.ITEUR
2023-04-27 11:00:00;18.396;18.529;18.379;18.529;8.6445;UCG.ITEUR
2023-04-27 12:00:00;18.529;18.659;18.529;18.639;14.6205;UCG.ITEUR
2023-04-27 13:00:00;18.649;18.649;18.419;18.569;23.6385;UCG.ITEUR
2023-04-27 14:00:00;18.566;18.629;18.519;18.539;12.888;UCG.ITEUR
2023-04-27 15:00:00;18.549;18.619;18.549;18.599;5.967;UCG.ITEUR
2023-04-28 07:00:00;18.589;18.589;18.169;18.189;41.616;UCG.ITEUR
2023-04-28 08:00:00;18.179;18.179;17.849;17.929;45.0855;UCG.ITEUR
2023-04-28 09:00:00;17.919;18.029;17.849;17.969;25.884;UCG.ITEUR
2023-04-28 10:00:00;17.966;17.979;17.739;17.739;16.542;UCG.ITEUR
2023-04-28 11:00:00;17.749;17.829;17.679;17.769;12.312;UCG.ITEUR
2023-04-28 12:00:00;17.779;17.859;17.729;17.759;14.265;UCG.ITEUR
2023-04-28 13:00:00;17.769;17.909;17.719;17.899;14.742;UCG.ITEUR
2023-04-28 14:00:00;17.909;18.069;17.879;17.959;19.593;UCG.ITEUR
2023-04-28 15:00:00;17.969;17.969;17.859;17.929;10.7415;UCG.ITEUR
2023-05-02 07:00:00;18.259;18.439;18.179;18.209;45.864;UCG.ITEUR
2023-05-02 08:00:00;18.206;18.339;18.089;18.309;29.2635;UCG.ITEUR
2023-05-02 09:00:00;18.306;18.369;18.269;18.329;11.4705;UCG.ITEUR
2023-05-02 10:00:00;18.326;18.379;18.259;18.349;9.2745;UCG.ITEUR
2023-05-02 11:00:00;18.359;18.469;18.329;18.459;10.0305;UCG.ITEUR
2023-05-02 12:00:00;18.449;18.449;18.349;18.389;8.919;UCG.ITEUR
2023-05-02 13:00:00;18.399;18.419;18.299;18.319;14.508;UCG.ITEUR
2023-05-02 14:00:00;18.316;18.316;17.689;17.699;37.4175;UCG.ITEUR
2023-05-02 15:00:00;17.689;17.789;17.669;17.679;14.364;UCG.ITEUR
2023-05-03 07:00:00;18.659;18.839;18.399;18.799;65.7495;UCG.ITEUR
2023-05-03 08:00:00;18.809;18.809;18.489;18.509;37.7505;UCG.ITEUR
2023-05-03 09:00:00;18.519;18.559;18.369;18.519;30.015;UCG.ITEUR
2023-05-03 10:00:00;18.516;18.516;18.289;18.449;22.5;UCG.ITEUR
2023-05-03 11:00:00;18.459;18.649;18.449;18.599;22.995;UCG.ITEUR
2023-05-03 12:00:00;18.609;18.679;18.459;18.479;21.0825;UCG.ITEUR
2023-05-03 13:00:00;18.476;18.679;18.459;18.619;26.8785;UCG.ITEUR
2023-05-03 14:00:00;18.619;18.669;18.389;18.429;22.1895;UCG.ITEUR
2023-05-03 15:00:00;18.426;18.449;18.289;18.309;9.7245;UCG.ITEUR
2023-05-04 07:00:00;18.359;18.539;18.109;18.469;69.741;UCG.ITEUR
2023-05-04 08:00:00;18.469;18.489;18.339;18.389;31.275;UCG.ITEUR
2023-05-04 09:00:00;18.386;18.429;18.169;18.179;25.9965;UCG.ITEUR
2023-05-04 10:00:00;18.176;18.239;18.049;18.099;23.04;UCG.ITEUR
2023-05-04 11:00:00;18.109;18.259;18.089;18.209;19.233;UCG.ITEUR
2023-05-04 12:00:00;18.219;18.429;18.159;18.379;26.55;UCG.ITEUR
2023-05-04 13:00:00;18.389;18.459;18.239;18.409;35.7705;UCG.ITEUR
2023-05-04 14:00:00;18.406;18.419;18.079;18.109;58.419;UCG.ITEUR
2023-05-04 15:00:00;18.106;18.179;18.079;18.109;18.4365;UCG.ITEUR
2023-05-05 07:00:00;18.419;18.549;18.319;18.439;35.505;UCG.ITEUR
2023-05-05 08:00:00;18.449;18.629;18.329;18.629;19.7145;UCG.ITEUR
2023-05-05 09:00:00;18.626;18.699;18.549;18.699;18.243;UCG.ITEUR
2023-05-05 10:00:00;18.696;18.829;18.659;18.739;14.841;UCG.ITEUR
2023-05-05 11:00:00;18.736;18.789;18.669;18.689;7.5825;UCG.ITEUR
2023-05-05 12:00:00;18.679;18.799;18.559;18.789;18.3735;UCG.ITEUR
2023-05-05 13:00:00;18.809;18.889;18.759;18.799;16.65;UCG.ITEUR
2023-05-05 14:00:00;18.809;18.889;18.789;18.869;15.2055;UCG.ITEUR
2023-05-05 15:00:00;18.866;18.909;18.849;18.886;7.4925;UCG.ITEUR
2023-05-08 07:00:00;18.949;19.109;18.919;19.039;22.176;UCG.ITEUR
2023-05-08 08:00:00;19.029;19.069;18.989;19.019;10.7595;UCG.ITEUR
2023-05-08 09:00:00;19.009;19.059;18.999;19.009;6.3585;UCG.ITEUR
2023-05-08 10:00:00;19.009;19.049;18.999;19.019;5.1525;UCG.ITEUR
2023-05-08 11:00:00;19.029;19.049;18.999;19.029;5.3325;UCG.ITEUR
2023-05-08 12:00:00;19.026;19.029;18.979;18.989;4.203;UCG.ITEUR
2023-05-08 13:00:00;18.989;19.009;18.869;18.869;8.973;UCG.ITEUR
2023-05-08 14:00:00;18.879;18.919;18.849;18.909;10.197;UCG.ITEUR
2023-05-08 15:00:00;18.906;18.959;18.899;18.899;2.34;UCG.ITEUR
2023-05-09 07:00:00;18.969;19.169;18.969;18.989;36.621;UCG.ITEUR
2023-05-09 08:00:00;18.999;19.129;18.899;19.129;17.1495;UCG.ITEUR
2023-05-09 09:00:00;19.139;19.139;18.979;18.999;11.9835;UCG.ITEUR
2023-05-09 10:00:00;19.009;19.059;18.959;18.979;9.882;UCG.ITEUR
2023-05-09 11:00:00;18.989;18.999;18.919;18.939;8.505;UCG.ITEUR
2023-05-09 12:00:00;18.949;19.019;18.919;19.019;7.4295;UCG.ITEUR
2023-05-09 13:00:00;19.009;19.029;18.929;18.999;12.4065;UCG.ITEUR
2023-05-09 14:00:00;19.009;19.059;18.959;19.019;13.032;UCG.ITEUR
2023-05-09 15:00:00;19.029;19.039;18.979;18.999;5.427;UCG.ITEUR
2023-05-10 07:00:00;19.209;19.239;19.029;19.039;39.735;UCG.ITEUR
2023-05-10 08:00:00;19.036;19.059;18.939;19.019;20.8935;UCG.ITEUR
2023-05-10 09:00:00;19.016;19.029;18.889;18.919;10.1475;UCG.ITEUR
2023-05-10 10:00:00;18.929;18.949;18.809;18.949;13.203;UCG.ITEUR
2023-05-10 11:00:00;18.939;18.979;18.879;18.889;10.656;UCG.ITEUR
2023-05-10 12:00:00;18.886;19.029;18.879;18.989;18.9315;UCG.ITEUR
2023-05-10 13:00:00;18.999;19.069;18.689;18.799;22.2525;UCG.ITEUR
2023-05-10 14:00:00;18.796;18.929;18.779;18.819;21.6315;UCG.ITEUR
2023-05-10 15:00:00;18.816;18.839;18.789;18.819;7.4115;UCG.ITEUR
2023-05-11 07:00:00;18.939;19.029;18.849;19.009;23.787;UCG.ITEUR
2023-05-11 08:00:00;19.019;19.059;18.959;18.989;13.203;UCG.ITEUR
2023-05-11 09:00:00;18.986;19.039;18.979;18.999;9.6795;UCG.ITEUR
2023-05-11 10:00:00;19.009;19.019;18.889;19.019;14.589;UCG.ITEUR
2023-05-11 11:00:00;19.029;19.029;18.709;18.749;20.925;UCG.ITEUR
2023-05-11 12:00:00;18.759;18.909;18.589;18.599;25.3575;UCG.ITEUR
2023-05-11 13:00:00;18.589;18.669;18.499;18.659;27.0405;UCG.ITEUR
2023-05-11 14:00:00;18.656;18.799;18.559;18.779;22.383;UCG.ITEUR
2023-05-11 15:00:00;18.789;18.829;18.789;18.819;7.3845;UCG.ITEUR
2023-05-12 07:00:00;18.999;19.109;18.919;18.969;29.97;UCG.ITEUR
2023-05-12 08:00:00;18.966;19.019;18.929;18.979;15.6285;UCG.ITEUR
2023-05-12 09:00:00;18.989;18.999;18.899;18.929;10.899;UCG.ITEUR
2023-05-12 10:00:00;18.939;18.989;18.899;18.899;11.3445;UCG.ITEUR
2023-05-12 11:00:00;18.909;18.939;18.879;18.919;9.567;UCG.ITEUR
2023-05-12 12:00:00;18.929;18.929;18.879;18.889;6.48;UCG.ITEUR
2023-05-12 13:00:00;18.899;18.949;18.839;18.869;12.51;UCG.ITEUR
2023-05-12 14:00:00;18.809;18.929;18.809;18.889;17.379;UCG.ITEUR
2023-05-12 15:00:00;18.899;18.929;18.889;18.899;7.5195;UCG.ITEUR
2023-05-15 07:00:00;18.939;19.019;18.869;18.939;19.692;UCG.ITEUR
2023-05-15 08:00:00;18.949;18.949;18.759;18.779;11.7045;UCG.ITEUR
2023-05-15 09:00:00;18.776;18.879;18.769;18.839;8.4015;UCG.ITEUR
2023-05-15 10:00:00;18.849;18.859;18.809;18.849;7.4565;UCG.ITEUR
2023-05-15 11:00:00;18.839;18.849;18.759;18.799;5.5935;UCG.ITEUR
2023-05-15 12:00:00;18.809;18.809;18.719;18.749;7.614;UCG.ITEUR
2023-05-15 13:00:00;18.739;18.819;18.709;18.789;9.0675;UCG.ITEUR
2023-05-15 14:00:00;18.799;18.829;18.749;18.809;7.5465;UCG.ITEUR
2023-05-15 15:00:00;18.806;18.809;18.789;18.809;3.0825;UCG.ITEUR
2023-05-16 07:00:00;18.629;18.889;18.619;18.799;29.2005;UCG.ITEUR
2023-05-16 08:00:00;18.809;18.849;18.739;18.819;20.9295;UCG.ITEUR
2023-05-16 09:00:00;18.829;18.909;18.749;18.859;16.2045;UCG.ITEUR
2023-05-16 10:00:00;18.856;18.919;18.819;18.909;9.513;UCG.ITEUR
2023-05-16 11:00:00;18.919;18.949;18.879;18.899;6.4035;UCG.ITEUR
2023-05-16 12:00:00;18.909;18.979;18.869;18.909;10.242;UCG.ITEUR
2023-05-16 13:00:00;18.906;18.929;18.789;18.799;11.7765;UCG.ITEUR
2023-05-16 14:00:00;18.789;18.879;18.779;18.869;14.7465;UCG.ITEUR
2023-05-16 15:00:00;18.879;18.889;18.829;18.849;5.022;UCG.ITEUR
2023-05-17 07:00:00;18.649;18.739;18.539;18.689;34.695;UCG.ITEUR
2023-05-17 08:00:00;18.686;18.809;18.679;18.739;20.0385;UCG.ITEUR
2023-05-17 09:00:00;18.736;18.819;18.709;18.799;11.601;UCG.ITEUR
2023-05-17 10:00:00;18.809;18.819;18.749;18.759;6.1155;UCG.ITEUR
2023-05-17 11:00:00;18.769;18.839;18.749;18.809;8.5365;UCG.ITEUR
2023-05-17 12:00:00;18.819;18.859;18.799;18.839;9.261;UCG.ITEUR
2023-05-17 13:00:00;18.836;18.859;18.789;18.799;11.5155;UCG.ITEUR
2023-05-17 14:00:00;18.796;18.819;18.749;18.799;11.214;UCG.ITEUR
2023-05-17 15:00:00;18.809;18.879;18.799;18.879;5.805;UCG.ITEUR
2023-05-18 07:00:00;19.079;19.229;19.059;19.219;19.35;UCG.ITEUR
2023-05-18 08:00:00;19.229;19.339;19.219;19.249;19.6965;UCG.ITEUR
2023-05-18 09:00:00;19.246;19.279;19.199;19.269;12.042;UCG.ITEUR
2023-05-18 10:00:00;19.279;19.299;19.259;19.279;9.1485;UCG.ITEUR
2023-05-18 11:00:00;19.269;19.299;19.249;19.289;7.4025;UCG.ITEUR
2023-05-18 12:00:00;19.279;19.289;19.229;19.229;7.605;UCG.ITEUR
2023-05-18 13:00:00;19.226;19.229;19.119;19.129;12.3705;UCG.ITEUR
2023-05-18 14:00:00;19.129;19.169;19.079;19.149;11.1015;UCG.ITEUR
2023-05-18 15:00:00;19.159;19.179;19.059;19.069;5.742;UCG.ITEUR
2023-05-19 07:00:00;18.919;18.919;18.639;18.759;40.32;UCG.ITEUR
2023-05-19 08:00:00;18.769;18.909;18.729;18.889;15.5565;UCG.ITEUR
2023-05-19 09:00:00;18.886;19.039;18.869;18.999;12.024;UCG.ITEUR
2023-05-19 10:00:00;18.996;19.069;18.979;19.029;11.259;UCG.ITEUR
2023-05-19 11:00:00;19.039;19.089;19.019;19.079;8.7255;UCG.ITEUR
2023-05-19 12:00:00;19.089;19.119;19.079;19.109;10.206;UCG.ITEUR
2023-05-19 13:00:00;19.119;19.129;19.009;19.019;10.017;UCG.ITEUR
2023-05-19 14:00:00;19.016;19.039;18.929;18.969;12.861;UCG.ITEUR
2023-05-19 15:00:00;18.979;19.009;18.889;18.969;9.225;UCG.ITEUR
2023-05-22 07:00:00;19.069;19.169;18.989;19.079;30.4785;UCG.ITEUR
2023-05-22 08:00:00;19.089;19.219;19.029;19.199;12.357;UCG.ITEUR
2023-05-22 09:00:00;19.209;19.269;19.169;19.239;10.719;UCG.ITEUR
2023-05-22 10:00:00;19.236;19.259;19.129;19.159;13.536;UCG.ITEUR
2023-05-22 11:00:00;19.169;19.169;19.069;19.099;8.523;UCG.ITEUR
2023-05-22 12:00:00;19.089;19.119;19.009;19.039;5.598;UCG.ITEUR
2023-05-22 13:00:00;19.049;19.059;18.959;18.979;14.4045;UCG.ITEUR
2023-05-22 14:00:00;18.976;19.049;18.939;18.999;16.5375;UCG.ITEUR
2023-05-22 15:00:00;19.009;19.099;18.999;19.089;3.501;UCG.ITEUR
2023-05-23 07:00:00;19.049;19.159;18.949;19.039;21.627;UCG.ITEUR
2023-05-23 08:00:00;19.036;19.109;19.009;19.019;19.5255;UCG.ITEUR
2023-05-23 09:00:00;19.029;19.049;18.999;19.009;12.1725;UCG.ITEUR
2023-05-23 10:00:00;19.009;19.059;18.989;19.029;7.065;UCG.ITEUR
2023-05-23 11:00:00;19.039;19.079;18.999;19.039;8.028;UCG.ITEUR
2023-05-23 12:00:00;19.049;19.059;19.029;19.039;7.1145;UCG.ITEUR
2023-05-23 13:00:00;19.049;19.079;18.999;19.009;13.329;UCG.ITEUR
2023-05-23 14:00:00;19.049;19.069;19.019;19.039;11.6775;UCG.ITEUR
2023-05-23 15:00:00;19.049;19.079;19.029;19.079;2.295;UCG.ITEUR
2023-05-24 07:00:00;18.899;18.929;18.549;18.549;37.944;UCG.ITEUR
2023-05-24 08:00:00;18.546;18.599;18.349;18.449;34.9965;UCG.ITEUR
2023-05-24 09:00:00;18.439;18.489;18.169;18.199;21.447;UCG.ITEUR
2023-05-24 10:00:00;18.209;18.229;18.089;18.199;15.849;UCG.ITEUR
2023-05-24 11:00:00;18.209;18.339;18.179;18.289;12.5325;UCG.ITEUR
2023-05-24 12:00:00;18.299;18.419;18.279;18.339;14.2065;UCG.ITEUR
2023-05-24 13:00:00;18.336;18.429;18.299;18.319;15.4125;UCG.ITEUR
2023-05-24 14:00:00;18.329;18.419;18.309;18.379;15.687;UCG.ITEUR
2023-05-24 15:00:00;18.369;18.389;18.329;18.359;6.093;UCG.ITEUR
2023-05-25 07:00:00;18.239;18.489;18.099;18.189;40.95;UCG.ITEUR
2023-05-25 08:00:00;18.199;18.449;18.149;18.449;25.3575;UCG.ITEUR
2023-05-25 09:00:00;18.446;18.589;18.419;18.549;16.713;UCG.ITEUR
2023-05-25 10:00:00;18.559;18.589;18.499;18.519;14.0895;UCG.ITEUR
2023-05-25 11:00:00;18.529;18.549;18.429;18.549;14.13;UCG.ITEUR
2023-05-25 12:00:00;18.549;18.739;18.439;18.689;23.1345;UCG.ITEUR
2023-05-25 13:00:00;18.686;18.729;18.609;18.609;25.578;UCG.ITEUR
2023-05-25 14:00:00;18.652;18.689;18.559;18.669;22.113;UCG.ITEUR
2023-05-25 15:00:00;18.679;18.769;18.669;18.729;5.157;UCG.ITEUR
2023-05-26 07:00:00;18.719;18.859;18.359;18.369;37.368;UCG.ITEUR
2023-05-26 08:00:00;18.366;18.479;18.329;18.379;25.7085;UCG.ITEUR
2023-05-26 09:00:00;18.389;18.409;18.249;18.309;17.874;UCG.ITEUR
2023-05-26 10:00:00;18.306;18.509;18.289;18.499;17.1225;UCG.ITEUR
2023-05-26 11:00:00;18.509;18.679;18.499;18.669;9.2025;UCG.ITEUR
2023-05-26 12:00:00;18.679;18.749;18.619;18.679;16.803;UCG.ITEUR
2023-05-26 13:00:00;18.689;18.709;18.609;18.649;17.991;UCG.ITEUR
2023-05-26 14:00:00;18.599;18.779;18.599;18.749;17.1945;UCG.ITEUR
2023-05-26 15:00:00;18.746;18.749;18.709;18.729;6.3225;UCG.ITEUR
2023-05-29 07:00:00;18.919;18.939;18.649;18.689;16.6005;UCG.ITEUR
2023-05-29 08:00:00;18.699;18.729;18.589;18.589;10.1385;UCG.ITEUR
2023-05-29 09:00:00;18.599;18.649;18.569;18.589;11.4525;UCG.ITEUR
2023-05-29 10:00:00;18.586;18.609;18.549;18.599;8.19;UCG.ITEUR
2023-05-29 11:00:00;18.609;18.609;18.549;18.579;6.3315;UCG.ITEUR
2023-05-29 12:00:00;18.589;18.589;18.549;18.589;3.708;UCG.ITEUR
2023-05-29 13:00:00;18.589;18.609;18.579;18.599;4.32;UCG.ITEUR
2023-05-29 14:00:00;18.596;18.649;18.579;18.639;6.165;UCG.ITEUR
2023-05-29 15:00:00;18.639;18.669;18.629;18.659;1.89;UCG.ITEUR
2023-05-30 07:00:00;18.499;18.679;18.459;18.659;36.9;UCG.ITEUR
2023-05-30 08:00:00;18.669;18.729;18.579;18.649;20.034;UCG.ITEUR
2023-05-30 09:00:00;18.646;18.699;18.619;18.629;13.0905;UCG.ITEUR
2023-05-30 10:00:00;18.639;18.669;18.579;18.599;8.4915;UCG.ITEUR
2023-05-30 11:00:00;18.596;18.689;18.569;18.609;12.0015;UCG.ITEUR
2023-05-30 12:00:00;18.609;18.649;18.569;18.605;6.453;UCG.ITEUR
2023-05-30 13:00:00;18.606;18.639;18.529;18.549;13.7925;UCG.ITEUR
2023-05-30 14:00:00;18.549;18.629;18.519;18.549;17.7885;UCG.ITEUR
2023-05-30 15:00:00;18.559;18.579;18.519;18.579;6.012;UCG.ITEUR
2023-05-31 07:00:00;18.379;18.459;18.289;18.419;31.5765;UCG.ITEUR
2023-05-31 08:00:00;18.429;18.489;18.359;18.459;20.8935;UCG.ITEUR
2023-05-31 09:00:00;18.456;18.489;18.339;18.399;15.894;UCG.ITEUR
2023-05-31 10:00:00;18.409;18.599;18.399;18.579;11.0115;UCG.ITEUR
2023-05-31 11:00:00;18.589;18.599;18.439;18.439;8.946;UCG.ITEUR
2023-05-31 12:00:00;18.429;18.459;18.309;18.309;11.2275;UCG.ITEUR
2023-05-31 13:00:00;18.306;18.349;18.119;18.139;15.219;UCG.ITEUR
2023-05-31 14:00:00;18.136;18.149;17.879;18.039;21.897;UCG.ITEUR
2023-05-31 15:00:00;18.049;18.059;17.929;17.929;8.046;UCG.ITEUR
2023-06-01 07:00:00;18.276;18.479;18.219;18.469;21.9735;UCG.ITEUR
2023-06-01 08:00:00;18.466;18.499;18.399;18.429;12.636;UCG.ITEUR
2023-06-01 09:00:00;18.419;18.479;18.389;18.429;10.6785;UCG.ITEUR
2023-06-01 10:00:00;18.426;18.439;18.399;18.399;4.7115;UCG.ITEUR
2023-06-01 11:00:00;18.409;18.449;18.389;18.399;6.1695;UCG.ITEUR
2023-06-01 12:00:00;18.389;18.409;18.349;18.359;10.746;UCG.ITEUR
2023-06-01 13:00:00;18.349;18.489;18.349;18.419;11.9385;UCG.ITEUR
2023-06-01 14:00:00;18.409;18.639;18.409;18.639;16.3305;UCG.ITEUR
2023-06-01 15:00:00;18.649;18.689;18.619;18.649;5.598;UCG.ITEUR
2023-06-02 07:00:00;18.709;18.719;18.559;18.719;28.836;UCG.ITEUR
2023-06-02 08:00:00;18.729;18.739;18.589;18.649;17.451;UCG.ITEUR
2023-06-02 09:00:00;18.639;18.789;18.609;18.699;15.0165;UCG.ITEUR
2023-06-02 10:00:00;18.709;18.739;18.679;18.719;10.3005;UCG.ITEUR
2023-06-02 11:00:00;18.729;18.779;18.699;18.719;6.516;UCG.ITEUR
2023-06-02 12:00:00;18.716;18.759;18.559;18.749;10.656;UCG.ITEUR
2023-06-02 13:00:00;18.746;18.809;18.719;18.759;17.235;UCG.ITEUR
2023-06-02 14:00:00;18.756;18.849;18.729;18.829;11.0655;UCG.ITEUR
2023-06-02 15:00:00;18.839;18.849;18.819;18.839;1.332;UCG.ITEUR
2023-06-05 07:00:00;18.829;18.859;18.749;18.749;25.56;UCG.ITEUR
2023-06-05 08:00:00;18.759;18.779;18.639;18.699;14.589;UCG.ITEUR
2023-06-05 09:00:00;18.696;18.699;18.579;18.619;9.441;UCG.ITEUR
2023-06-05 10:00:00;18.609;18.649;18.569;18.579;7.74;UCG.ITEUR
2023-06-05 11:00:00;18.589;18.599;18.569;18.569;4.932;UCG.ITEUR
2023-06-05 12:00:00;18.559;18.599;18.459;18.579;8.2935;UCG.ITEUR
2023-06-05 13:00:00;18.576;18.599;18.429;18.439;11.916;UCG.ITEUR
2023-06-05 14:00:00;18.439;18.449;18.169;18.359;21.573;UCG.ITEUR
2023-06-05 15:00:00;18.369;18.389;18.339;18.379;6.525;UCG.ITEUR
2023-06-06 07:00:00;18.279;18.479;18.219;18.479;27.5715;UCG.ITEUR
2023-06-06 08:00:00;18.476;18.519;18.299;18.299;19.6785;UCG.ITEUR
2023-06-06 09:00:00;18.299;18.419;18.289;18.409;12.7845;UCG.ITEUR
2023-06-06 10:00:00;18.399;18.449;18.349;18.399;9.054;UCG.ITEUR
2023-06-06 11:00:00;18.409;18.419;18.369;18.369;7.1325;UCG.ITEUR
2023-06-06 12:00:00;18.359;18.459;18.359;18.449;7.6185;UCG.ITEUR
2023-06-06 13:00:00;18.459;18.529;18.409;18.499;11.8845;UCG.ITEUR
2023-06-06 14:00:00;18.509;18.599;18.489;18.579;8.775;UCG.ITEUR
2023-06-06 15:00:00;18.589;18.659;18.589;18.639;4.752;UCG.ITEUR
2023-06-07 07:00:00;18.679;18.699;18.419;18.479;25.2135;UCG.ITEUR
2023-06-07 08:00:00;18.476;18.479;18.379;18.399;15.291;UCG.ITEUR
2023-06-07 09:00:00;18.396;18.429;18.359;18.359;11.4435;UCG.ITEUR
2023-06-07 10:00:00;18.356;18.419;18.349;18.399;9.882;UCG.ITEUR
2023-06-07 11:00:00;18.396;18.489;18.379;18.469;8.7165;UCG.ITEUR
2023-06-07 12:00:00;18.469;18.469;18.399;18.459;8.343;UCG.ITEUR
2023-06-07 13:00:00;18.456;18.479;18.369;18.369;7.6905;UCG.ITEUR
2023-06-07 14:00:00;18.379;18.389;18.339;18.379;11.7765;UCG.ITEUR
2023-06-07 15:00:00;18.389;18.449;18.379;18.449;4.554;UCG.ITEUR
2023-06-08 07:00:00;18.469;18.579;18.349;18.529;19.467;UCG.ITEUR
2023-06-08 08:00:00;18.526;18.659;18.469;18.629;15.7185;UCG.ITEUR
2023-06-08 09:00:00;18.626;18.729;18.579;18.729;10.8225;UCG.ITEUR
2023-06-08 10:00:00;18.726;18.829;18.699;18.809;8.73;UCG.ITEUR
2023-06-08 11:00:00;18.819;18.819;18.699;18.769;7.1505;UCG.ITEUR
2023-06-08 12:00:00;18.779;18.779;18.659;18.779;9.7335;UCG.ITEUR
2023-06-08 13:00:00;18.789;18.789;18.579;18.659;11.556;UCG.ITEUR
2023-06-08 14:00:00;18.656;18.669;18.589;18.659;11.583;UCG.ITEUR
2023-06-08 15:00:00;18.669;18.719;18.659;18.679;4.3065;UCG.ITEUR
2023-06-09 07:00:00;18.606;18.659;18.499;18.609;19.728;UCG.ITEUR
2023-06-09 08:00:00;18.589;18.589;18.499;18.559;11.6415;UCG.ITEUR
2023-06-09 09:00:00;18.569;18.579;18.519;18.539;7.173;UCG.ITEUR
2023-06-09 10:00:00;18.536;18.549;18.439;18.459;9.0;UCG.ITEUR
2023-06-09 11:00:00;18.469;18.489;18.379;18.419;6.9885;UCG.ITEUR
2023-06-09 12:00:00;18.409;18.479;18.279;18.469;10.836;UCG.ITEUR
2023-06-09 13:00:00;18.479;18.519;18.459;18.499;12.7935;UCG.ITEUR
2023-06-09 14:00:00;18.496;18.529;18.419;18.439;10.6245;UCG.ITEUR
2023-06-09 15:00:00;18.436;18.459;18.389;18.409;4.473;UCG.ITEUR
2023-06-12 07:00:00;18.579;18.709;18.479;18.699;19.0395;UCG.ITEUR
2023-06-12 08:00:00;18.709;18.729;18.579;18.599;12.6675;UCG.ITEUR
2023-06-12 09:00:00;18.596;18.659;18.479;18.509;11.8395;UCG.ITEUR
2023-06-12 10:00:00;18.506;18.509;18.399;18.459;11.331;UCG.ITEUR
2023-06-12 11:00:00;18.459;18.499;18.409;18.429;9.0135;UCG.ITEUR
2023-06-12 12:00:00;18.419;18.489;18.339;18.489;8.109;UCG.ITEUR
2023-06-12 13:00:00;18.499;18.589;18.479;18.569;12.483;UCG.ITEUR
2023-06-12 14:00:00;18.566;18.609;18.519;18.539;15.1425;UCG.ITEUR
2023-06-12 15:00:00;18.539;18.549;18.479;18.479;4.7925;UCG.ITEUR
2023-06-13 07:00:00;18.526;18.559;18.409;18.439;23.193;UCG.ITEUR
2023-06-13 08:00:00;18.436;18.439;18.349;18.349;10.197;UCG.ITEUR
2023-06-13 09:00:00;18.399;18.419;18.349;18.359;7.875;UCG.ITEUR
2023-06-13 10:00:00;18.356;18.429;18.339;18.399;9.873;UCG.ITEUR
2023-06-13 11:00:00;18.396;18.429;18.359;18.409;9.585;UCG.ITEUR
2023-06-13 12:00:00;18.406;18.479;18.319;18.469;19.062;UCG.ITEUR
2023-06-13 13:00:00;18.479;18.579;18.479;18.519;17.7525;UCG.ITEUR
2023-06-13 14:00:00;18.529;18.569;18.489;18.509;13.104;UCG.ITEUR
2023-06-13 15:00:00;18.519;18.539;18.499;18.529;3.6855;UCG.ITEUR
2023-06-14 07:00:00;18.549;18.789;18.549;18.769;13.266;UCG.ITEUR
2023-06-14 08:00:00;18.779;18.989;18.769;18.959;21.0195;UCG.ITEUR
2023-06-14 09:00:00;18.969;19.009;18.929;18.989;10.08;UCG.ITEUR
2023-06-14 10:00:00;18.986;19.179;18.979;19.159;9.0855;UCG.ITEUR
2023-06-14 11:00:00;19.156;19.169;19.009;19.039;9.09;UCG.ITEUR
2023-06-14 12:00:00;19.036;19.109;19.009;19.029;10.4085;UCG.ITEUR
2023-06-14 13:00:00;19.039;19.169;19.029;19.109;12.6135;UCG.ITEUR
2023-06-14 14:00:00;19.106;19.149;19.059;19.089;11.313;UCG.ITEUR
2023-06-14 15:00:00;19.086;19.109;19.069;19.069;5.1165;UCG.ITEUR
2023-06-15 07:00:00;19.029;19.029;18.809;18.919;23.0985;UCG.ITEUR
2023-06-15 08:00:00;18.929;18.969;18.839;18.859;17.649;UCG.ITEUR
2023-06-15 09:00:00;18.856;18.959;18.849;18.939;13.284;UCG.ITEUR
2023-06-15 10:00:00;18.936;18.969;18.859;18.869;9.819;UCG.ITEUR
2023-06-15 11:00:00;18.869;18.889;18.839;18.859;8.712;UCG.ITEUR
2023-06-15 12:00:00;18.859;18.909;18.799;18.859;11.16;UCG.ITEUR
2023-06-15 13:00:00;18.869;18.929;18.839;18.869;13.635;UCG.ITEUR
2023-06-15 14:00:00;18.879;18.889;18.809;18.859;9.6885;UCG.ITEUR
2023-06-15 15:00:00;18.869;18.899;18.849;18.899;3.8475;UCG.ITEUR
2023-06-16 07:00:00;18.879;18.959;18.739;18.859;13.716;UCG.ITEUR
2023-06-16 08:00:00;18.879;19.049;18.779;19.049;14.8545;UCG.ITEUR
2023-06-16 09:00:00;19.059;19.089;18.979;19.019;20.6235;UCG.ITEUR
2023-06-16 10:00:00;19.016;19.049;18.899;18.979;9.666;UCG.ITEUR
2023-06-16 11:00:00;18.976;19.029;18.959;18.979;8.415;UCG.ITEUR
2023-06-16 12:00:00;18.969;19.119;18.959;19.099;8.127;UCG.ITEUR
2023-06-16 13:00:00;19.109;19.159;19.079;19.129;11.2725;UCG.ITEUR
2023-06-16 14:00:00;19.139;19.249;19.119;19.169;13.086;UCG.ITEUR
2023-06-16 15:00:00;19.166;19.239;19.159;19.209;6.6015;UCG.ITEUR
2023-06-19 07:00:00;19.259;19.699;19.239;19.509;37.395;UCG.ITEUR
2023-06-19 08:00:00;19.506;19.569;19.429;19.509;19.773;UCG.ITEUR
2023-06-19 09:00:00;19.499;19.589;19.459;19.539;11.556;UCG.ITEUR
2023-06-19 10:00:00;19.536;19.649;19.499;19.569;10.233;UCG.ITEUR
2023-06-19 11:00:00;19.566;19.779;19.559;19.669;10.3545;UCG.ITEUR
2023-06-19 12:00:00;19.659;19.709;19.609;19.619;7.6005;UCG.ITEUR
2023-06-19 13:00:00;19.629;19.649;19.579;19.609;9.945;UCG.ITEUR
2023-06-19 14:00:00;19.599;19.629;19.579;19.599;5.841;UCG.ITEUR
2023-06-19 15:00:00;19.596;19.659;19.569;19.639;3.276;UCG.ITEUR
2023-06-20 07:00:00;19.659;19.899;19.629;19.879;22.2795;UCG.ITEUR
2023-06-20 08:00:00;19.899;19.899;19.659;19.679;14.5485;UCG.ITEUR
2023-06-20 09:00:00;19.676;19.699;19.569;19.679;11.5335;UCG.ITEUR
2023-06-20 10:00:00;19.676;19.809;19.629;19.799;8.136;UCG.ITEUR
2023-06-20 11:00:00;19.809;19.809;19.729;19.759;6.219;UCG.ITEUR
2023-06-20 12:00:00;19.749;19.999;19.719;19.959;13.797;UCG.ITEUR
2023-06-20 13:00:00;19.949;20.059;19.829;19.859;17.1;UCG.ITEUR
2023-06-20 14:00:00;19.869;19.899;19.839;19.879;11.835;UCG.ITEUR
2023-06-20 15:00:00;19.889;19.899;19.869;19.879;4.6575;UCG.ITEUR
2023-06-21 07:00:00;20.099;20.339;20.079;20.319;28.188;UCG.ITEUR
2023-06-21 08:00:00;20.329;20.519;20.329;20.459;16.731;UCG.ITEUR
2023-06-21 09:00:00;20.449;20.459;20.309;20.339;9.0045;UCG.ITEUR
2023-06-21 10:00:00;20.349;20.419;20.319;20.379;10.1835;UCG.ITEUR
2023-06-21 11:00:00;20.389;20.409;20.319;20.329;10.9845;UCG.ITEUR
2023-06-21 12:00:00;20.326;20.339;20.259;20.269;11.1645;UCG.ITEUR
2023-06-21 13:00:00;20.279;20.369;20.269;20.319;14.9895;UCG.ITEUR
2023-06-21 14:00:00;20.329;20.479;20.309;20.469;9.1125;UCG.ITEUR
2023-06-21 15:00:00;20.469;20.499;20.429;20.499;4.563;UCG.ITEUR
2023-06-22 07:00:00;20.199;20.269;19.999;20.119;45.0045;UCG.ITEUR
2023-06-22 08:00:00;20.129;20.319;20.109;20.289;20.9655;UCG.ITEUR
2023-06-22 09:00:00;20.286;20.409;20.229;20.339;11.052;UCG.ITEUR
2023-06-22 10:00:00;20.349;20.389;20.259;20.269;10.899;UCG.ITEUR
2023-06-22 11:00:00;20.259;20.379;20.239;20.379;14.9895;UCG.ITEUR
2023-06-22 12:00:00;20.376;20.389;20.289;20.299;9.6885;UCG.ITEUR
2023-06-22 13:00:00;20.309;20.359;20.279;20.329;15.273;UCG.ITEUR
2023-06-22 14:00:00;20.339;20.439;20.289;20.319;9.6615;UCG.ITEUR
2023-06-22 15:00:00;20.329;20.329;20.249;20.249;4.059;UCG.ITEUR
2023-06-23 07:00:00;20.199;20.299;19.839;19.899;48.159;UCG.ITEUR
2023-06-23 08:00:00;19.909;19.999;19.859;19.989;18.612;UCG.ITEUR
2023-06-23 09:00:00;19.999;20.089;19.989;20.059;12.942;UCG.ITEUR
2023-06-23 10:00:00;20.056;20.209;20.049;20.169;10.5795;UCG.ITEUR
2023-06-23 11:00:00;20.179;20.319;20.169;20.309;9.225;UCG.ITEUR
2023-06-23 12:00:00;20.299;20.309;20.139;20.149;16.11;UCG.ITEUR
2023-06-23 13:00:00;20.146;20.229;20.089;20.209;18.5445;UCG.ITEUR
2023-06-23 14:00:00;20.219;20.229;20.119;20.189;9.828;UCG.ITEUR
2023-06-23 15:00:00;20.199;20.209;20.119;20.139;5.445;UCG.ITEUR
2023-06-26 07:00:00;20.029;20.039;19.609;19.729;44.514;UCG.ITEUR
2023-06-26 08:00:00;19.726;19.829;19.609;19.809;31.9095;UCG.ITEUR
2023-06-26 09:00:00;19.819;20.009;19.769;19.969;15.678;UCG.ITEUR
2023-06-26 10:00:00;19.966;20.049;19.949;19.999;13.3065;UCG.ITEUR
2023-06-26 11:00:00;19.999;20.119;19.999;20.079;14.6655;UCG.ITEUR
2023-06-26 12:00:00;20.089;20.139;20.049;20.079;10.575;UCG.ITEUR
2023-06-26 13:00:00;20.076;20.339;20.069;20.269;24.2325;UCG.ITEUR
2023-06-26 14:00:00;20.266;20.319;20.189;20.279;18.396;UCG.ITEUR
2023-06-26 15:00:00;20.279;20.279;20.229;20.249;5.9265;UCG.ITEUR
2023-06-27 07:00:00;20.619;20.679;20.399;20.489;40.05;UCG.ITEUR
2023-06-27 08:00:00;20.489;20.639;20.449;20.529;25.596;UCG.ITEUR
2023-06-27 09:00:00;20.539;20.569;20.419;20.479;17.199;UCG.ITEUR
2023-06-27 10:00:00;20.489;20.599;20.479;20.539;7.749;UCG.ITEUR
2023-06-27 11:00:00;20.549;20.549;20.299;20.329;11.16;UCG.ITEUR
2023-06-27 12:00:00;20.339;20.459;20.319;20.449;10.7865;UCG.ITEUR
2023-06-27 13:00:00;20.449;20.449;20.319;20.389;16.182;UCG.ITEUR
2023-06-27 14:00:00;20.389;20.529;20.389;20.499;12.537;UCG.ITEUR
2023-06-27 15:00:00;20.499;20.549;20.489;20.499;5.076;UCG.ITEUR
2023-06-28 07:00:00;20.609;20.669;20.359;20.379;43.8885;UCG.ITEUR
2023-06-28 08:00:00;20.389;20.499;20.319;20.399;27.2205;UCG.ITEUR
2023-06-28 09:00:00;20.396;20.449;20.359;20.419;10.944;UCG.ITEUR
2023-06-28 10:00:00;20.419;20.559;20.409;20.509;10.9845;UCG.ITEUR
2023-06-28 11:00:00;20.499;20.569;20.489;20.529;8.4195;UCG.ITEUR
2023-06-28 12:00:00;20.529;20.569;20.499;20.519;7.947;UCG.ITEUR
2023-06-28 13:00:00;20.519;20.569;20.449;20.549;15.372;UCG.ITEUR
2023-06-28 14:00:00;20.539;20.549;20.499;20.519;8.064;UCG.ITEUR
2023-06-28 15:00:00;20.529;20.549;20.519;20.549;2.7315;UCG.ITEUR
2023-06-29 07:00:00;20.649;20.959;20.649;20.899;31.4145;UCG.ITEUR
2023-06-29 08:00:00;20.896;20.989;20.889;20.989;14.3775;UCG.ITEUR
2023-06-29 09:00:00;21.009;21.139;20.999;21.099;16.137;UCG.ITEUR
2023-06-29 10:00:00;21.096;21.109;20.999;21.019;7.9695;UCG.ITEUR
2023-06-29 11:00:00;21.029;21.079;20.959;20.999;8.721;UCG.ITEUR
2023-06-29 12:00:00;21.009;21.169;20.989;21.109;15.876;UCG.ITEUR
2023-06-29 13:00:00;21.099;21.209;21.049;21.159;22.473;UCG.ITEUR
2023-06-29 14:00:00;21.169;21.179;21.089;21.139;14.706;UCG.ITEUR
2023-06-29 15:00:00;21.136;21.159;21.109;21.129;4.671;UCG.ITEUR
2023-06-30 07:00:00;21.299;21.429;21.249;21.359;23.1165;UCG.ITEUR
2023-06-30 08:00:00;21.369;21.479;21.359;21.439;12.042;UCG.ITEUR
2023-06-30 09:00:00;21.436;21.559;21.379;21.509;11.1915;UCG.ITEUR
2023-06-30 10:00:00;21.506;21.559;21.489;21.519;7.7355;UCG.ITEUR
2023-06-30 11:00:00;21.516;21.519;21.439;21.509;6.975;UCG.ITEUR
2023-06-30 12:00:00;21.506;21.539;21.419;21.429;7.758;UCG.ITEUR
2023-06-30 13:00:00;21.419;21.459;21.359;21.409;11.2185;UCG.ITEUR
2023-06-30 14:00:00;21.409;21.449;21.339;21.359;6.2685;UCG.ITEUR
2023-06-30 15:00:00;21.356;21.359;21.309;21.319;4.6215;UCG.ITEUR
2023-07-03 07:00:00;21.409;21.519;21.329;21.359;27.252;UCG.ITEUR
2023-07-03 08:00:00;21.369;21.549;21.359;21.499;13.5225;UCG.ITEUR
2023-07-03 09:00:00;21.499;21.589;21.479;21.529;9.2475;UCG.ITEUR
2023-07-03 10:00:00;21.539;21.639;21.539;21.559;8.775;UCG.ITEUR
2023-07-03 11:00:00;21.569;21.599;21.519;21.519;7.407;UCG.ITEUR
2023-07-03 12:00:00;21.509;21.589;21.509;21.549;6.2685;UCG.ITEUR
2023-07-03 13:00:00;21.559;21.569;21.439;21.459;8.622;UCG.ITEUR
2023-07-03 14:00:00;21.449;21.479;21.409;21.459;9.5085;UCG.ITEUR
2023-07-03 15:00:00;21.469;21.499;21.459;21.469;2.79;UCG.ITEUR
2023-07-04 07:00:00;21.539;21.599;21.259;21.289;25.5825;UCG.ITEUR
2023-07-04 08:00:00;21.299;21.359;21.269;21.289;17.3385;UCG.ITEUR
2023-07-04 09:00:00;21.299;21.349;21.249;21.289;8.5545;UCG.ITEUR
2023-07-04 10:00:00;21.279;21.289;21.209;21.269;7.002;UCG.ITEUR
2023-07-04 11:00:00;21.279;21.309;21.239;21.269;4.8915;UCG.ITEUR
2023-07-04 12:00:00;21.279;21.309;21.249;21.299;5.337;UCG.ITEUR
2023-07-04 13:00:00;21.309;21.329;21.259;21.279;6.723;UCG.ITEUR
2023-07-04 14:00:00;21.289;21.289;21.129;21.129;7.1505;UCG.ITEUR
2023-07-04 15:00:00;21.139;21.159;21.119;21.149;2.997;UCG.ITEUR
2023-07-05 07:00:00;21.049;21.439;21.039;21.409;33.0975;UCG.ITEUR
2023-07-05 08:00:00;21.406;21.429;21.319;21.329;18.333;UCG.ITEUR
2023-07-05 09:00:00;21.319;21.339;21.229;21.339;11.412;UCG.ITEUR
2023-07-05 10:00:00;21.336;21.409;21.279;21.349;9.405;UCG.ITEUR
2023-07-05 11:00:00;21.346;21.389;21.299;21.339;7.9875;UCG.ITEUR
2023-07-05 12:00:00;21.336;21.429;21.319;21.379;5.769;UCG.ITEUR
2023-07-05 13:00:00;21.376;21.439;21.279;21.299;14.058;UCG.ITEUR
2023-07-05 14:00:00;21.289;21.339;21.259;21.329;9.018;UCG.ITEUR
2023-07-05 15:00:00;21.319;21.389;21.309;21.369;1.548;UCG.ITEUR
2023-07-06 07:00:00;21.149;21.279;21.109;21.149;31.644;UCG.ITEUR
2023-07-06 08:00:00;21.159;21.179;21.099;21.159;18.1755;UCG.ITEUR
2023-07-06 09:00:00;21.156;21.169;21.089;21.159;10.7685;UCG.ITEUR
2023-07-06 10:00:00;21.156;21.169;21.109;21.159;7.6995;UCG.ITEUR
2023-07-06 11:00:00;21.169;21.219;21.099;21.109;5.8545;UCG.ITEUR
2023-07-06 12:00:00;21.119;21.179;21.049;21.069;11.9925;UCG.ITEUR
2023-07-06 13:00:00;21.066;21.066;20.929;21.009;15.102;UCG.ITEUR
2023-07-06 14:00:00;21.009;21.019;20.739;20.799;17.541;UCG.ITEUR
2023-07-06 15:00:00;20.809;20.809;20.679;20.799;5.4315;UCG.ITEUR
2023-07-07 07:00:00;21.009;21.059;20.789;20.999;36.378;UCG.ITEUR
2023-07-07 08:00:00;21.009;21.039;20.899;21.039;20.016;UCG.ITEUR
2023-07-07 09:00:00;21.049;21.209;21.049;21.129;19.386;UCG.ITEUR
2023-07-07 10:00:00;21.139;21.209;21.109;21.189;11.16;UCG.ITEUR
2023-07-07 11:00:00;21.186;21.229;21.159;21.179;10.3635;UCG.ITEUR
2023-07-07 12:00:00;21.176;21.249;21.139;21.209;15.687;UCG.ITEUR
2023-07-07 13:00:00;21.219;21.269;21.159;21.239;18.6255;UCG.ITEUR
2023-07-07 14:00:00;21.249;21.269;21.199;21.239;11.772;UCG.ITEUR
2023-07-07 15:00:00;21.249;21.269;21.199;21.219;6.507;UCG.ITEUR
2023-07-10 07:00:00;21.209;21.289;21.029;21.219;29.6505;UCG.ITEUR
2023-07-10 08:00:00;21.239;21.389;21.209;21.369;11.961;UCG.ITEUR
2023-07-10 09:00:00;21.379;21.489;21.379;21.419;10.3005;UCG.ITEUR
2023-07-10 10:00:00;21.416;21.449;21.369;21.439;7.74;UCG.ITEUR
2023-07-10 11:00:00;21.436;21.436;21.319;21.349;6.723;UCG.ITEUR
2023-07-10 12:00:00;21.359;21.389;21.329;21.349;6.4125;UCG.ITEUR
2023-07-10 13:00:00;21.339;21.359;21.269;21.269;10.2465;UCG.ITEUR
2023-07-10 14:00:00;21.312;21.349;21.219;21.339;8.784;UCG.ITEUR
2023-07-10 15:00:00;21.349;21.379;21.279;21.299;4.068;UCG.ITEUR
2023-07-11 07:00:00;21.239;21.299;21.119;21.209;24.0525;UCG.ITEUR
2023-07-11 08:00:00;21.206;21.229;21.109;21.199;11.871;UCG.ITEUR
2023-07-11 09:00:00;21.199;21.329;21.169;21.299;9.873;UCG.ITEUR
2023-07-11 10:00:00;21.309;21.309;21.169;21.179;5.373;UCG.ITEUR
2023-07-11 11:00:00;21.176;21.249;21.159;21.189;4.1175;UCG.ITEUR
2023-07-11 12:00:00;21.186;21.339;21.179;21.309;7.1145;UCG.ITEUR
2023-07-11 13:00:00;21.306;21.329;21.229;21.259;9.2745;UCG.ITEUR
2023-07-11 14:00:00;21.256;21.289;21.209;21.289;5.616;UCG.ITEUR
2023-07-11 15:00:00;21.279;21.319;21.259;21.259;2.115;UCG.ITEUR
2023-07-12 07:00:00;21.479;21.599;21.419;21.499;30.4515;UCG.ITEUR
2023-07-12 08:00:00;21.509;21.529;21.459;21.499;10.224;UCG.ITEUR
2023-07-12 09:00:00;21.509;21.529;21.469;21.529;4.6215;UCG.ITEUR
2023-07-12 10:00:00;21.526;21.549;21.499;21.539;5.67;UCG.ITEUR
2023-07-12 11:00:00;21.549;21.579;21.519;21.559;3.213;UCG.ITEUR
2023-07-12 13:00:00;21.569;21.589;21.449;21.529;17.208;UCG.ITEUR
2023-07-12 14:00:00;21.539;21.659;21.499;21.639;8.847;UCG.ITEUR
2023-07-12 15:00:00;21.649;21.709;21.629;21.669;5.4945;UCG.ITEUR
2023-07-13 07:00:00;21.749;21.989;21.689;21.919;22.4505;UCG.ITEUR
2023-07-13 08:00:00;21.929;21.989;21.869;21.959;11.2455;UCG.ITEUR
2023-07-13 09:00:00;21.969;22.029;21.939;21.969;11.4435;UCG.ITEUR
2023-07-13 10:00:00;21.979;22.009;21.949;21.959;5.004;UCG.ITEUR
2023-07-13 11:00:00;21.969;22.039;21.959;21.979;5.985;UCG.ITEUR
2023-07-13 12:00:00;21.989;22.019;21.949;21.979;8.1225;UCG.ITEUR
2023-07-13 13:00:00;21.979;22.009;21.959;21.989;4.455;UCG.ITEUR
2023-07-13 14:00:00;21.999;21.999;21.939;21.959;4.9995;UCG.ITEUR
2023-07-13 15:00:00;21.969;21.979;21.939;21.949;3.2085;UCG.ITEUR
2023-07-14 07:00:00;21.959;22.029;21.859;21.929;18.6615;UCG.ITEUR
2023-07-14 08:00:00;21.926;21.979;21.909;21.929;8.424;UCG.ITEUR
2023-07-14 09:00:00;21.919;21.959;21.879;21.909;6.0075;UCG.ITEUR
2023-07-14 10:00:00;21.899;21.989;21.879;21.959;8.568;UCG.ITEUR
2023-07-14 11:00:00;21.956;21.999;21.929;21.969;4.7925;UCG.ITEUR
2023-07-14 12:00:00;21.969;22.029;21.969;21.979;6.282;UCG.ITEUR
2023-07-14 13:00:00;21.976;21.989;21.869;21.939;8.8695;UCG.ITEUR
2023-07-14 14:00:00;21.936;21.969;21.799;21.849;10.8405;UCG.ITEUR
2023-07-14 15:00:00;21.846;21.849;21.809;21.819;2.961;UCG.ITEUR
2023-07-17 07:00:00;21.829;22.039;21.779;21.939;27.3375;UCG.ITEUR
2023-07-17 08:00:00;21.949;21.979;21.909;21.929;12.2625;UCG.ITEUR
2023-07-17 09:00:00;21.929;21.989;21.889;21.929;11.4525;UCG.ITEUR
2023-07-17 10:00:00;21.929;21.979;21.919;21.959;7.5285;UCG.ITEUR
2023-07-17 11:00:00;21.979;21.989;21.909;21.929;8.6625;UCG.ITEUR
2023-07-17 12:00:00;21.919;21.999;21.919;21.989;7.4025;UCG.ITEUR
2023-07-17 13:00:00;21.979;22.099;21.969;22.089;14.328;UCG.ITEUR
2023-07-17 14:00:00;22.099;22.159;22.029;22.089;8.4555;UCG.ITEUR
2023-07-17 15:00:00;22.079;22.089;22.019;22.019;3.159;UCG.ITEUR
2023-07-18 07:00:00;22.119;22.169;21.859;21.989;27.072;UCG.ITEUR
2023-07-18 08:00:00;21.999;22.019;21.959;21.999;8.649;UCG.ITEUR
2023-07-18 09:00:00;22.009;22.059;21.989;22.049;6.6195;UCG.ITEUR
2023-07-18 10:00:00;22.049;22.059;21.989;22.029;5.4495;UCG.ITEUR
2023-07-18 11:00:00;22.026;22.029;21.919;21.969;4.9995;UCG.ITEUR
2023-07-18 12:00:00;21.979;21.979;21.859;21.909;7.6275;UCG.ITEUR
2023-07-18 13:00:00;21.906;22.009;21.889;21.979;9.9405;UCG.ITEUR
2023-07-18 14:00:00;21.976;22.039;21.949;21.999;8.622;UCG.ITEUR
2023-07-18 15:00:00;21.989;22.049;21.989;22.029;3.492;UCG.ITEUR
2023-07-19 07:00:00;22.079;22.119;21.929;21.989;27.468;UCG.ITEUR
2023-07-19 08:00:00;21.979;22.089;21.919;21.959;16.5555;UCG.ITEUR
2023-07-19 09:00:00;21.956;21.959;21.839;21.889;11.718;UCG.ITEUR
2023-07-19 10:00:00;21.899;21.909;21.839;21.869;6.5835;UCG.ITEUR
2023-07-19 11:00:00;21.879;21.879;21.799;21.839;6.921;UCG.ITEUR
2023-07-19 12:00:00;21.829;21.879;21.799;21.849;7.8615;UCG.ITEUR
2023-07-19 13:00:00;21.859;21.929;21.809;21.929;12.4785;UCG.ITEUR
2023-07-19 14:00:00;21.926;21.979;21.889;21.929;10.0575;UCG.ITEUR
2023-07-19 15:00:00;21.939;21.959;21.899;21.929;2.601;UCG.ITEUR
2023-07-20 07:00:00;22.049;22.229;22.019;22.199;21.591;UCG.ITEUR
2023-07-20 08:00:00;22.196;22.279;22.149;22.249;10.1385;UCG.ITEUR
2023-07-20 09:00:00;22.246;22.249;22.169;22.189;6.6375;UCG.ITEUR
2023-07-20 10:00:00;22.199;22.229;22.189;22.199;3.2895;UCG.ITEUR
2023-07-20 11:00:00;22.209;22.269;22.199;22.219;3.7935;UCG.ITEUR
2023-07-20 12:00:00;22.216;22.216;22.139;22.179;5.832;UCG.ITEUR
2023-07-20 13:00:00;22.189;22.229;22.149;22.209;7.938;UCG.ITEUR
2023-07-20 14:00:00;22.219;22.229;22.149;22.189;10.5975;UCG.ITEUR
2023-07-20 15:00:00;22.179;22.189;22.169;22.179;2.1465;UCG.ITEUR
2023-07-21 07:00:00;22.239;22.299;22.049;22.089;24.651;UCG.ITEUR
2023-07-21 08:00:00;22.099;22.199;22.069;22.179;11.5065;UCG.ITEUR
2023-07-21 09:00:00;22.189;22.259;22.159;22.239;8.1945;UCG.ITEUR
2023-07-21 10:00:00;22.229;22.259;22.189;22.199;4.68;UCG.ITEUR
2023-07-21 11:00:00;22.209;22.219;22.159;22.159;4.4505;UCG.ITEUR
2023-07-21 12:00:00;22.169;22.229;22.149;22.199;5.1075;UCG.ITEUR
2023-07-21 13:00:00;22.189;22.209;22.109;22.139;5.913;UCG.ITEUR
2023-07-21 14:00:00;22.129;22.179;22.099;22.159;9.1845;UCG.ITEUR
2023-07-21 15:00:00;22.169;22.169;22.149;22.159;2.205;UCG.ITEUR
2023-07-24 07:00:00;22.079;22.249;22.079;22.159;30.816;UCG.ITEUR
2023-07-24 08:00:00;22.156;22.219;22.119;22.179;12.24;UCG.ITEUR
2023-07-24 09:00:00;22.189;22.199;22.149;22.179;8.0325;UCG.ITEUR
2023-07-24 10:00:00;22.189;22.219;22.179;22.199;7.2045;UCG.ITEUR
2023-07-24 11:00:00;22.196;22.229;22.169;22.199;6.309;UCG.ITEUR
2023-07-24 12:00:00;22.196;22.199;22.159;22.169;4.5225;UCG.ITEUR
2023-07-24 13:00:00;22.179;22.239;22.139;22.189;8.7885;UCG.ITEUR
2023-07-24 14:00:00;22.179;22.309;22.179;22.279;10.0755;UCG.ITEUR
2023-07-24 15:00:00;22.289;22.339;22.279;22.329;4.635;UCG.ITEUR
2023-07-25 07:00:00;22.359;22.379;22.249;22.279;18.1305;UCG.ITEUR
2023-07-25 08:00:00;22.279;22.389;22.209;22.289;13.1085;UCG.ITEUR
2023-07-25 09:00:00;22.286;22.429;22.279;22.419;10.359;UCG.ITEUR
2023-07-25 10:00:00;22.429;22.439;22.339;22.419;5.3775;UCG.ITEUR
2023-07-25 11:00:00;22.429;22.429;22.349;22.359;4.104;UCG.ITEUR
2023-07-25 12:00:00;22.349;22.379;22.329;22.339;4.896;UCG.ITEUR
2023-07-25 13:00:00;22.339;22.369;22.249;22.319;5.796;UCG.ITEUR
2023-07-25 14:00:00;22.329;22.379;22.319;22.369;4.824;UCG.ITEUR
2023-07-25 15:00:00;22.359;22.389;22.349;22.379;2.5245;UCG.ITEUR
2023-07-26 07:00:00;23.189;23.199;22.519;22.899;50.418;UCG.ITEUR
2023-07-26 08:00:00;22.879;22.959;22.709;22.859;29.0745;UCG.ITEUR
2023-07-26 09:00:00;22.856;22.879;22.539;22.629;24.732;UCG.ITEUR
2023-07-26 10:00:00;22.626;22.789;22.579;22.769;23.0625;UCG.ITEUR
2023-07-26 11:00:00;22.779;22.909;22.679;22.889;12.906;UCG.ITEUR
2023-07-26 12:00:00;22.899;22.939;22.609;22.679;16.02;UCG.ITEUR
2023-07-26 13:00:00;22.679;22.759;22.589;22.749;22.4235;UCG.ITEUR
2023-07-26 14:00:00;22.749;22.759;22.479;22.519;14.8005;UCG.ITEUR
2023-07-26 15:00:00;22.516;22.589;22.499;22.519;5.5935;UCG.ITEUR
2023-07-27 07:00:00;22.689;22.709;22.329;22.399;37.701;UCG.ITEUR
2023-07-27 08:00:00;22.396;22.629;22.389;22.579;23.8815;UCG.ITEUR
2023-07-27 09:00:00;22.576;22.659;22.559;22.569;13.3695;UCG.ITEUR
2023-07-27 10:00:00;22.566;22.589;22.509;22.509;7.074;UCG.ITEUR
2023-07-27 11:00:00;22.519;22.639;22.429;22.599;11.1555;UCG.ITEUR
2023-07-27 12:00:00;22.599;22.609;22.339;22.469;35.496;UCG.ITEUR
2023-07-27 13:00:00;22.459;22.539;22.449;22.459;27.081;UCG.ITEUR
2023-07-27 14:00:00;22.456;22.549;22.419;22.529;12.4155;UCG.ITEUR
2023-07-27 15:00:00;22.519;22.549;22.489;22.549;4.563;UCG.ITEUR
2023-07-28 07:00:00;22.499;22.539;22.389;22.439;28.602;UCG.ITEUR
2023-07-28 08:00:00;22.429;22.649;22.369;22.609;19.809;UCG.ITEUR
2023-07-28 09:00:00;22.619;22.659;22.549;22.609;14.724;UCG.ITEUR
2023-07-28 10:00:00;22.619;22.629;22.499;22.519;11.547;UCG.ITEUR
2023-07-28 11:00:00;22.519;22.569;22.449;22.459;9.2025;UCG.ITEUR
2023-07-28 12:00:00;22.459;22.549;22.459;22.519;10.1745;UCG.ITEUR
2023-07-28 13:00:00;22.516;22.559;22.459;22.469;14.382;UCG.ITEUR
2023-07-28 14:00:00;22.479;22.569;22.449;22.509;12.4875;UCG.ITEUR
2023-07-28 15:00:00;22.519;22.529;22.469;22.489;3.069;UCG.ITEUR
2023-07-31 07:00:00;22.439;22.629;22.419;22.589;24.399;UCG.ITEUR
2023-07-31 08:00:00;22.586;22.629;22.529;22.629;12.3345;UCG.ITEUR
2023-07-31 09:00:00;22.619;22.669;22.609;22.669;9.8775;UCG.ITEUR
2023-07-31 10:00:00;22.679;22.819;22.669;22.809;8.838;UCG.ITEUR
2023-07-31 11:00:00;22.806;22.809;22.739;22.799;6.786;UCG.ITEUR
2023-07-31 12:00:00;22.809;22.949;22.799;22.889;5.5125;UCG.ITEUR
2023-07-31 13:00:00;22.886;22.909;22.849;22.909;10.35;UCG.ITEUR
2023-07-31 14:00:00;22.899;22.979;22.889;22.969;7.758;UCG.ITEUR
2023-07-31 15:00:00;22.966;23.019;22.939;22.999;5.3415;UCG.ITEUR
2023-08-01 07:00:00;23.229;23.279;23.139;23.149;15.318;UCG.ITEUR
2023-08-01 08:00:00;23.159;23.159;22.979;22.999;20.916;UCG.ITEUR
2023-08-01 09:00:00;23.009;23.019;22.549;22.599;20.6145;UCG.ITEUR
2023-08-01 10:00:00;22.599;22.709;22.519;22.599;19.593;UCG.ITEUR
2023-08-01 11:00:00;22.609;22.609;22.459;22.509;10.773;UCG.ITEUR
2023-08-01 12:00:00;22.519;22.609;22.489;22.609;5.337;UCG.ITEUR
2023-08-01 13:00:00;22.599;22.749;22.589;22.719;10.485;UCG.ITEUR
2023-08-01 14:00:00;22.707;22.739;22.589;22.629;8.19;UCG.ITEUR
2023-08-01 15:00:00;22.639;22.679;22.619;22.649;3.4155;UCG.ITEUR
2023-08-02 07:00:00;22.409;22.789;22.399;22.599;37.611;UCG.ITEUR
2023-08-02 08:00:00;22.596;22.596;22.319;22.459;29.5605;UCG.ITEUR
2023-08-02 09:00:00;22.456;22.519;22.409;22.449;17.0145;UCG.ITEUR
2023-08-02 10:00:00;22.459;22.589;22.429;22.589;14.661;UCG.ITEUR
2023-08-02 11:00:00;22.586;22.599;22.489;22.539;11.97;UCG.ITEUR
2023-08-02 12:00:00;22.536;22.539;22.349;22.419;13.3965;UCG.ITEUR
2023-08-02 13:00:00;22.429;22.449;22.339;22.409;12.5145;UCG.ITEUR
2023-08-02 14:00:00;22.419;22.449;22.239;22.249;13.293;UCG.ITEUR
2023-08-02 15:00:00;22.246;22.299;22.219;22.269;6.75;UCG.ITEUR
2023-08-03 07:00:00;22.199;22.279;21.819;21.849;48.9915;UCG.ITEUR
2023-08-03 08:00:00;21.849;22.069;21.799;21.909;39.735;UCG.ITEUR
2023-08-03 09:00:00;21.906;22.139;21.879;22.139;24.7545;UCG.ITEUR
2023-08-03 10:00:00;22.159;22.269;22.139;22.229;13.86;UCG.ITEUR
2023-08-03 11:00:00;22.239;22.319;22.189;22.249;17.388;UCG.ITEUR
2023-08-03 12:00:00;22.259;22.319;22.209;22.249;14.6295;UCG.ITEUR
2023-08-03 13:00:00;22.239;22.309;22.159;22.249;23.4495;UCG.ITEUR
2023-08-03 14:00:00;22.239;22.339;22.199;22.269;16.479;UCG.ITEUR
2023-08-03 15:00:00;22.266;22.309;22.249;22.309;6.876;UCG.ITEUR
2023-08-04 07:00:00;22.469;22.489;22.179;22.359;31.77;UCG.ITEUR
2023-08-04 08:00:00;22.356;22.509;22.319;22.469;24.3765;UCG.ITEUR
2023-08-04 09:00:00;22.466;22.479;22.339;22.399;15.0975;UCG.ITEUR
2023-08-04 10:00:00;22.389;22.479;22.379;22.409;14.3415;UCG.ITEUR
2023-08-04 11:00:00;22.406;22.406;22.259;22.329;12.3165;UCG.ITEUR
2023-08-04 12:00:00;22.339;22.389;22.279;22.319;20.6325;UCG.ITEUR
2023-08-04 13:00:00;22.309;22.359;22.269;22.289;22.086;UCG.ITEUR
2023-08-04 14:00:00;22.286;22.429;22.209;22.409;15.615;UCG.ITEUR
2023-08-04 15:00:00;22.419;22.429;22.309;22.339;6.9615;UCG.ITEUR
2023-08-07 07:00:00;22.239;22.539;22.229;22.519;26.6175;UCG.ITEUR
2023-08-07 08:00:00;22.529;22.529;22.279;22.339;14.859;UCG.ITEUR
2023-08-07 09:00:00;22.349;22.449;22.309;22.449;10.323;UCG.ITEUR
2023-08-07 10:00:00;22.446;22.469;22.339;22.409;10.53;UCG.ITEUR
2023-08-07 11:00:00;22.419;22.539;22.419;22.529;8.991;UCG.ITEUR
2023-08-07 12:00:00;22.539;22.639;22.469;22.629;6.894;UCG.ITEUR
2023-08-07 13:00:00;22.639;22.689;22.599;22.659;11.547;UCG.ITEUR
2023-08-07 14:00:00;22.669;22.669;22.619;22.629;4.788;UCG.ITEUR
2023-08-07 15:00:00;22.619;22.659;22.619;22.639;2.3715;UCG.ITEUR
2023-08-08 07:00:00;20.999;21.479;20.929;21.449;81.468;UCG.ITEUR
2023-08-08 08:00:00;21.459;21.489;21.219;21.249;33.624;UCG.ITEUR
2023-08-08 09:00:00;21.246;21.246;21.089;21.149;27.5985;UCG.ITEUR
2023-08-08 10:00:00;21.146;21.219;21.019;21.039;20.7675;UCG.ITEUR
2023-08-08 11:00:00;21.049;21.089;20.919;21.089;19.512;UCG.ITEUR
2023-08-08 12:00:00;21.089;21.359;20.999;21.179;22.8375;UCG.ITEUR
2023-08-08 13:00:00;21.176;21.219;21.109;21.199;12.0105;UCG.ITEUR
2023-08-08 14:00:00;21.196;21.379;21.189;21.329;12.7035;UCG.ITEUR
2023-08-08 15:00:00;21.329;21.369;21.269;21.279;4.4055;UCG.ITEUR
2023-08-09 07:00:00;21.939;22.009;21.689;21.969;43.092;UCG.ITEUR
2023-08-09 08:00:00;21.966;22.209;21.959;22.189;20.1015;UCG.ITEUR
2023-08-09 09:00:00;22.199;22.269;22.149;22.229;13.356;UCG.ITEUR
2023-08-09 10:00:00;22.226;22.329;22.139;22.149;10.161;UCG.ITEUR
2023-08-09 11:00:00;22.159;22.199;22.119;22.189;8.289;UCG.ITEUR
2023-08-09 12:00:00;22.186;22.219;22.129;22.169;7.65;UCG.ITEUR
2023-08-09 13:00:00;22.166;22.199;22.099;22.199;11.8485;UCG.ITEUR
2023-08-09 14:00:00;22.196;22.329;22.179;22.239;10.2465;UCG.ITEUR
2023-08-09 15:00:00;22.236;22.249;22.149;22.179;3.645;UCG.ITEUR
2023-08-10 07:00:00;22.339;22.559;22.319;22.359;19.7505;UCG.ITEUR
2023-08-10 08:00:00;22.359;22.459;22.289;22.419;12.6045;UCG.ITEUR
2023-08-10 09:00:00;22.429;22.449;22.369;22.399;8.3565;UCG.ITEUR
2023-08-10 10:00:00;22.396;22.409;22.339;22.369;4.599;UCG.ITEUR
2023-08-10 11:00:00;22.379;22.389;22.299;22.299;4.0635;UCG.ITEUR
2023-08-10 12:00:00;22.309;22.379;22.279;22.359;12.4425;UCG.ITEUR
2023-08-10 13:00:00;22.369;22.459;22.349;22.419;11.3355;UCG.ITEUR
2023-08-10 14:00:00;22.429;22.449;22.279;22.339;15.426;UCG.ITEUR
2023-08-10 15:00:00;22.329;22.349;22.309;22.309;6.336;UCG.ITEUR
2023-08-11 07:00:00;22.229;22.309;22.039;22.309;22.3515;UCG.ITEUR
2023-08-11 08:00:00;22.306;22.309;22.159;22.249;15.4665;UCG.ITEUR
2023-08-11 09:00:00;22.246;22.349;22.229;22.319;7.137;UCG.ITEUR
2023-08-11 10:00:00;22.316;22.389;22.309;22.309;9.441;UCG.ITEUR
2023-08-11 11:00:00;22.306;22.309;22.189;22.219;8.4195;UCG.ITEUR
2023-08-11 12:00:00;22.209;22.229;22.109;22.119;11.7135;UCG.ITEUR
2023-08-11 13:00:00;22.109;22.239;22.109;22.169;12.3075;UCG.ITEUR
2023-08-11 14:00:00;22.169;22.219;22.159;22.179;12.663;UCG.ITEUR
2023-08-11 15:00:00;22.189;22.199;22.159;22.169;2.799;UCG.ITEUR
2023-08-14 07:00:00;22.059;22.449;22.059;22.429;34.488;UCG.ITEUR
2023-08-14 08:00:00;22.426;22.489;22.379;22.489;17.6715;UCG.ITEUR
2023-08-14 09:00:00;22.499;22.499;22.439;22.479;10.6605;UCG.ITEUR
2023-08-14 10:00:00;22.469;22.529;22.439;22.499;10.053;UCG.ITEUR
2023-08-14 11:00:00;22.496;22.519;22.469;22.519;6.0525;UCG.ITEUR
2023-08-14 12:00:00;22.529;22.529;22.439;22.479;7.56;UCG.ITEUR
2023-08-14 13:00:00;22.469;22.499;22.269;22.349;13.6755;UCG.ITEUR
2023-08-14 14:00:00;22.346;22.389;22.309;22.369;16.335;UCG.ITEUR
2023-08-14 15:00:00;22.366;22.369;22.309;22.339;3.852;UCG.ITEUR
2023-08-16 07:00:00;21.959;22.199;21.849;22.169;32.0445;UCG.ITEUR
2023-08-16 08:00:00;22.179;22.229;22.069;22.229;12.0645;UCG.ITEUR
2023-08-16 09:00:00;22.226;22.249;22.099;22.119;7.551;UCG.ITEUR
2023-08-16 10:00:00;22.116;22.119;22.029;22.079;7.8795;UCG.ITEUR
2023-08-16 11:00:00;22.076;22.149;22.029;22.129;6.4845;UCG.ITEUR
2023-08-16 12:00:00;22.129;22.149;22.099;22.119;4.9905;UCG.ITEUR
2023-08-16 13:00:00;22.116;22.139;22.059;22.069;8.3475;UCG.ITEUR
2023-08-16 14:00:00;22.066;22.069;21.919;21.979;7.5825;UCG.ITEUR
2023-08-16 15:00:00;21.976;21.989;21.889;21.919;2.9295;UCG.ITEUR
2023-08-17 07:00:00;21.929;21.969;21.679;21.929;32.3775;UCG.ITEUR
2023-08-17 08:00:00;21.919;21.999;21.899;21.909;17.415;UCG.ITEUR
2023-08-17 09:00:00;21.919;22.019;21.889;21.999;15.057;UCG.ITEUR
2023-08-17 10:00:00;22.009;22.109;22.009;22.099;11.061;UCG.ITEUR
2023-08-17 11:00:00;22.089;22.169;22.089;22.099;7.3215;UCG.ITEUR
2023-08-17 12:00:00;22.096;22.099;21.959;21.989;10.611;UCG.ITEUR
2023-08-17 13:00:00;21.989;21.989;21.659;21.749;18.837;UCG.ITEUR
2023-08-17 14:00:00;21.746;21.849;21.739;21.799;22.0815;UCG.ITEUR
2023-08-17 15:00:00;21.796;21.799;21.739;21.749;4.176;UCG.ITEUR
2023-08-18 07:00:00;21.569;21.689;21.489;21.559;39.3075;UCG.ITEUR
2023-08-18 08:00:00;21.559;21.639;21.489;21.629;22.221;UCG.ITEUR
2023-08-18 09:00:00;21.619;21.639;21.459;21.539;27.891;UCG.ITEUR
2023-08-18 10:00:00;21.536;21.589;21.479;21.499;23.931;UCG.ITEUR
2023-08-18 11:00:00;21.509;21.509;21.449;21.489;15.8085;UCG.ITEUR
2023-08-18 12:00:00;21.486;21.509;21.409;21.469;12.0375;UCG.ITEUR
2023-08-18 13:00:00;21.466;21.499;21.389;21.389;22.0005;UCG.ITEUR
2023-08-18 14:00:00;21.399;21.509;21.369;21.509;21.384;UCG.ITEUR
2023-08-18 15:00:00;21.519;21.579;21.509;21.549;7.911;UCG.ITEUR
2023-08-21 07:00:00;21.849;22.049;21.799;22.009;45.594;UCG.ITEUR
2023-08-21 08:00:00;22.006;22.019;21.909;21.989;17.2125;UCG.ITEUR
2023-08-21 09:00:00;21.999;22.039;21.949;21.989;15.9255;UCG.ITEUR
2023-08-21 10:00:00;21.986;22.019;21.979;21.999;10.881;UCG.ITEUR
2023-08-21 11:00:00;21.989;22.079;21.989;22.069;9.684;UCG.ITEUR
2023-08-21 12:00:00;22.079;22.099;21.989;21.999;11.601;UCG.ITEUR
2023-08-21 13:00:00;22.009;22.029;21.889;21.889;19.2645;UCG.ITEUR
2023-08-21 14:00:00;21.899;21.909;21.829;21.889;19.2015;UCG.ITEUR
2023-08-21 15:00:00;21.899;21.949;21.869;21.889;8.5905;UCG.ITEUR
2023-08-22 07:00:00;22.049;22.059;21.819;22.009;41.634;UCG.ITEUR
2023-08-22 08:00:00;22.019;22.069;21.969;22.039;16.3845;UCG.ITEUR
2023-08-22 09:00:00;22.049;22.089;21.999;22.049;10.08;UCG.ITEUR
2023-08-22 10:00:00;22.059;22.069;22.029;22.039;4.896;UCG.ITEUR
2023-08-22 11:00:00;22.039;22.099;22.039;22.099;4.482;UCG.ITEUR
2023-08-22 12:00:00;22.109;22.129;22.039;22.069;6.372;UCG.ITEUR
2023-08-22 13:00:00;22.059;22.099;22.039;22.039;10.0215;UCG.ITEUR
2023-08-22 14:00:00;22.049;22.069;22.019;22.059;13.77;UCG.ITEUR
2023-08-22 15:00:00;22.059;22.059;21.989;22.029;8.1135;UCG.ITEUR
2023-08-23 07:00:00;22.169;22.259;21.969;21.989;38.979;UCG.ITEUR
2023-08-23 08:00:00;21.986;22.119;21.979;22.119;29.412;UCG.ITEUR
2023-08-23 09:00:00;22.129;22.149;22.059;22.069;15.777;UCG.ITEUR
2023-08-23 10:00:00;22.079;22.089;21.909;21.929;17.838;UCG.ITEUR
2023-08-23 11:00:00;21.926;21.979;21.859;21.969;14.787;UCG.ITEUR
2023-08-23 12:00:00;21.979;21.999;21.879;21.909;9.7155;UCG.ITEUR
2023-08-23 13:00:00;21.899;21.919;21.849;21.869;16.4385;UCG.ITEUR
2023-08-23 14:00:00;21.859;21.939;21.859;21.929;10.953;UCG.ITEUR
2023-08-23 15:00:00;21.939;21.939;21.879;21.899;2.907;UCG.ITEUR
2023-08-24 07:00:00;22.099;22.119;21.869;21.989;46.3275;UCG.ITEUR
2023-08-24 08:00:00;21.999;22.049;21.929;21.929;20.493;UCG.ITEUR
2023-08-24 09:00:00;21.939;21.989;21.769;21.779;16.9335;UCG.ITEUR
2023-08-24 10:00:00;21.776;21.789;21.349;21.449;47.736;UCG.ITEUR
2023-08-24 11:00:00;21.449;21.649;21.399;21.619;21.204;UCG.ITEUR
2023-08-24 12:00:00;21.629;21.649;21.509;21.599;12.3795;UCG.ITEUR
2023-08-24 13:00:00;21.589;21.619;21.499;21.579;14.13;UCG.ITEUR
2023-08-24 14:00:00;21.576;21.589;21.429;21.459;16.3845;UCG.ITEUR
2023-08-24 15:00:00;21.449;21.459;21.429;21.439;5.49;UCG.ITEUR
2023-08-25 07:00:00;21.489;21.699;21.389;21.599;45.315;UCG.ITEUR
2023-08-25 08:00:00;21.609;21.709;21.579;21.699;19.719;UCG.ITEUR
2023-08-25 09:00:00;21.709;21.819;21.619;21.749;24.2415;UCG.ITEUR
2023-08-25 10:00:00;21.759;21.909;21.759;21.879;17.172;UCG.ITEUR
2023-08-25 11:00:00;21.889;21.919;21.829;21.829;6.6645;UCG.ITEUR
2023-08-25 12:00:00;21.839;21.909;21.829;21.879;5.1345;UCG.ITEUR
2023-08-25 13:00:00;21.869;21.879;21.779;21.789;12.897;UCG.ITEUR
2023-08-25 14:00:00;21.786;21.809;21.679;21.689;27.7785;UCG.ITEUR
2023-08-25 15:00:00;21.686;21.719;21.629;21.719;8.8155;UCG.ITEUR
2023-08-28 07:00:00;21.889;21.969;21.859;21.939;17.181;UCG.ITEUR
2023-08-28 08:00:00;21.949;21.979;21.909;21.959;7.8075;UCG.ITEUR
2023-08-28 09:00:00;21.969;21.969;21.919;21.949;3.9915;UCG.ITEUR
2023-08-28 10:00:00;21.959;21.989;21.929;21.979;4.6845;UCG.ITEUR
2023-08-28 11:00:00;21.976;22.009;21.969;21.989;5.5395;UCG.ITEUR
2023-08-28 12:00:00;21.979;22.059;21.979;22.049;4.2165;UCG.ITEUR
2023-08-28 13:00:00;22.046;22.219;22.039;22.159;17.3295;UCG.ITEUR
2023-08-28 14:00:00;22.169;22.179;22.099;22.129;11.574;UCG.ITEUR
2023-08-28 15:00:00;22.139;22.159;22.099;22.159;5.652;UCG.ITEUR
2023-08-29 07:00:00;22.199;22.309;22.159;22.249;35.2575;UCG.ITEUR
2023-08-29 08:00:00;22.246;22.359;22.199;22.239;25.1775;UCG.ITEUR
2023-08-29 09:00:00;22.249;22.409;22.249;22.389;13.455;UCG.ITEUR
2023-08-29 10:00:00;22.399;22.439;22.359;22.429;10.98;UCG.ITEUR
2023-08-29 11:00:00;22.439;22.509;22.429;22.499;12.438;UCG.ITEUR
2023-08-29 12:00:00;22.489;22.509;22.429;22.509;10.3365;UCG.ITEUR
2023-08-29 13:00:00;22.519;22.589;22.489;22.559;14.841;UCG.ITEUR
2023-08-29 14:00:00;22.549;22.579;22.499;22.539;18.1125;UCG.ITEUR
2023-08-29 15:00:00;22.549;22.559;22.509;22.549;5.634;UCG.ITEUR
2023-08-30 07:00:00;22.739;22.869;22.589;22.819;31.491;UCG.ITEUR
2023-08-30 08:00:00;22.809;22.839;22.699;22.699;28.5345;UCG.ITEUR
2023-08-30 09:00:00;22.709;22.739;22.649;22.669;19.629;UCG.ITEUR
2023-08-30 10:00:00;22.679;22.759;22.669;22.699;11.5245;UCG.ITEUR
2023-08-30 11:00:00;22.696;22.709;22.659;22.689;6.687;UCG.ITEUR
2023-08-30 12:00:00;22.686;22.789;22.669;22.729;19.377;UCG.ITEUR
2023-08-30 13:00:00;22.729;22.819;22.709;22.799;11.61;UCG.ITEUR
2023-08-30 14:00:00;22.809;22.819;22.699;22.719;12.7035;UCG.ITEUR
2023-08-30 15:00:00;22.729;22.739;22.709;22.719;4.041;UCG.ITEUR
2023-08-31 07:00:00;22.659;22.829;22.649;22.819;27.9405;UCG.ITEUR
2023-08-31 08:00:00;22.829;22.829;22.739;22.739;14.778;UCG.ITEUR
2023-08-31 09:00:00;22.749;22.749;22.509;22.549;22.7925;UCG.ITEUR
2023-08-31 10:00:00;22.549;22.719;22.549;22.719;12.1365;UCG.ITEUR
2023-08-31 11:00:00;22.729;22.759;22.649;22.739;12.006;UCG.ITEUR
2023-08-31 12:00:00;22.736;22.759;22.679;22.749;14.022;UCG.ITEUR
2023-08-31 13:00:00;22.759;22.769;22.709;22.749;10.485;UCG.ITEUR
2023-08-31 14:00:00;22.739;22.769;22.669;22.679;8.5635;UCG.ITEUR
2023-08-31 15:00:00;22.676;22.679;22.559;22.559;7.0065;UCG.ITEUR
2023-09-01 07:00:00;22.659;22.769;22.639;22.729;32.733;UCG.ITEUR
2023-09-01 08:00:00;22.719;22.739;22.679;22.679;14.895;UCG.ITEUR
2023-09-01 09:00:00;22.669;22.699;22.559;22.569;13.9365;UCG.ITEUR
2023-09-01 10:00:00;22.579;22.619;22.519;22.589;12.15;UCG.ITEUR
2023-09-01 11:00:00;22.586;22.629;22.519;22.519;7.164;UCG.ITEUR
2023-09-01 12:00:00;22.509;22.539;22.319;22.339;25.6725;UCG.ITEUR
2023-09-01 13:00:00;22.349;22.439;22.299;22.359;31.8375;UCG.ITEUR
2023-09-01 14:00:00;22.359;22.459;22.319;22.369;15.768;UCG.ITEUR
2023-09-01 15:00:00;22.366;22.379;22.329;22.349;4.977;UCG.ITEUR
2023-09-04 07:00:00;22.549;22.689;22.519;22.539;24.534;UCG.ITEUR
2023-09-04 08:00:00;22.529;22.629;22.499;22.569;14.8005;UCG.ITEUR
2023-09-04 09:00:00;22.579;22.609;22.529;22.539;7.371;UCG.ITEUR
2023-09-04 10:00:00;22.529;22.549;22.459;22.489;8.937;UCG.ITEUR
2023-09-04 11:00:00;22.479;22.489;22.369;22.419;12.114;UCG.ITEUR
2023-09-04 12:00:00;22.429;22.519;22.369;22.479;12.1005;UCG.ITEUR
2023-09-04 13:00:00;22.476;22.489;22.409;22.419;8.6535;UCG.ITEUR
2023-09-04 14:00:00;22.416;22.419;22.319;22.339;17.793;UCG.ITEUR
2023-09-04 15:00:00;22.336;22.389;22.329;22.389;5.4225;UCG.ITEUR
2023-09-05 07:00:00;22.169;22.219;22.079;22.139;36.18;UCG.ITEUR
2023-09-05 08:00:00;22.136;22.149;22.049;22.099;19.548;UCG.ITEUR
2023-09-05 09:00:00;22.096;22.199;22.039;22.169;18.756;UCG.ITEUR
2023-09-05 10:00:00;22.166;22.299;22.159;22.259;13.0995;UCG.ITEUR
2023-09-05 11:00:00;22.256;22.269;22.149;22.269;10.6695;UCG.ITEUR
2023-09-05 12:00:00;22.259;22.269;22.139;22.229;14.607;UCG.ITEUR
2023-09-05 13:00:00;22.226;22.229;22.119;22.179;19.611;UCG.ITEUR
2023-09-05 14:00:00;22.169;22.199;22.059;22.069;11.142;UCG.ITEUR
2023-09-05 15:00:00;22.066;22.079;22.009;22.029;4.3335;UCG.ITEUR
2023-09-06 07:00:00;21.889;21.969;21.819;21.869;37.8675;UCG.ITEUR
2023-09-06 08:00:00;21.859;21.929;21.689;21.699;14.7825;UCG.ITEUR
2023-09-06 09:00:00;21.689;21.719;21.409;21.489;23.13;UCG.ITEUR
2023-09-06 10:00:00;21.486;21.489;21.249;21.319;24.9075;UCG.ITEUR
2023-09-06 11:00:00;21.329;21.339;21.039;21.179;26.406;UCG.ITEUR
2023-09-06 12:00:00;21.169;21.219;21.049;21.189;21.798;UCG.ITEUR
2023-09-06 13:00:00;21.199;21.209;21.059;21.139;22.7385;UCG.ITEUR
2023-09-06 14:00:00;21.129;21.169;20.919;21.019;26.676;UCG.ITEUR
2023-09-06 15:00:00;21.016;21.029;20.969;21.019;5.706;UCG.ITEUR
2023-09-07 07:00:00;20.859;20.899;20.609;20.849;51.8625;UCG.ITEUR
2023-09-07 08:00:00;20.846;20.889;20.759;20.829;22.887;UCG.ITEUR
2023-09-07 09:00:00;20.829;20.879;20.699;20.739;13.9275;UCG.ITEUR
2023-09-07 10:00:00;20.749;20.789;20.729;20.739;11.637;UCG.ITEUR
2023-09-07 11:00:00;20.749;20.749;20.679;20.689;14.427;UCG.ITEUR
2023-09-07 12:00:00;20.699;20.749;20.629;20.659;10.9845;UCG.ITEUR
2023-09-07 13:00:00;20.656;20.839;20.639;20.689;16.2945;UCG.ITEUR
2023-09-07 14:00:00;20.679;20.759;20.649;20.689;17.667;UCG.ITEUR
2023-09-07 15:00:00;20.699;20.729;20.619;20.659;7.506;UCG.ITEUR
2023-09-08 07:00:00;20.839;20.859;20.729;20.739;20.673;UCG.ITEUR
2023-09-08 08:00:00;20.729;20.739;20.519;20.569;29.1645;UCG.ITEUR
2023-09-08 09:00:00;20.566;20.579;20.449;20.469;19.458;UCG.ITEUR
2023-09-08 10:00:00;20.466;20.589;20.429;20.549;16.4565;UCG.ITEUR
2023-09-08 11:00:00;20.559;20.569;20.509;20.549;11.4615;UCG.ITEUR
2023-09-08 12:00:00;20.539;20.649;20.529;20.629;10.3005;UCG.ITEUR
2023-09-08 13:00:00;20.626;20.679;20.569;20.669;15.2685;UCG.ITEUR
2023-09-08 14:00:00;20.679;20.779;20.669;20.739;9.8055;UCG.ITEUR
2023-09-08 15:00:00;20.749;20.769;20.739;20.759;2.889;UCG.ITEUR
2023-09-11 07:00:00;21.149;21.229;21.099;21.159;38.9475;UCG.ITEUR
2023-09-11 08:00:00;21.156;21.159;20.879;20.899;26.082;UCG.ITEUR
2023-09-11 09:00:00;20.896;20.999;20.879;20.979;16.7265;UCG.ITEUR
2023-09-11 10:00:00;20.989;21.109;20.939;21.089;12.6045;UCG.ITEUR
2023-09-11 11:00:00;21.086;21.129;20.979;20.989;12.0735;UCG.ITEUR
2023-09-11 12:00:00;20.999;21.089;20.959;21.089;13.6305;UCG.ITEUR
2023-09-11 13:00:00;21.086;21.159;21.039;21.059;11.664;UCG.ITEUR
2023-09-11 14:00:00;21.049;21.179;21.049;21.149;9.4095;UCG.ITEUR
2023-09-11 15:00:00;21.139;21.149;21.079;21.129;6.8445;UCG.ITEUR
2023-09-12 07:00:00;21.069;21.129;20.999;21.079;29.817;UCG.ITEUR
2023-09-12 08:00:00;21.089;21.179;21.029;21.099;16.002;UCG.ITEUR
2023-09-12 09:00:00;21.109;21.159;21.069;21.119;11.9025;UCG.ITEUR
2023-09-12 10:00:00;21.109;21.169;21.109;21.129;6.174;UCG.ITEUR
2023-09-12 11:00:00;21.119;21.139;20.959;20.989;11.178;UCG.ITEUR
2023-09-12 12:00:00;20.979;21.119;20.959;21.039;14.625;UCG.ITEUR
2023-09-12 13:00:00;21.036;21.109;20.989;21.109;14.5215;UCG.ITEUR
2023-09-12 14:00:00;21.119;21.159;21.079;21.139;15.2775;UCG.ITEUR
2023-09-12 15:00:00;21.149;21.169;21.139;21.159;3.1635;UCG.ITEUR
2023-09-13 07:00:00;21.149;21.279;21.069;21.089;28.8225;UCG.ITEUR
2023-09-13 08:00:00;21.099;21.129;20.919;20.959;30.096;UCG.ITEUR
2023-09-13 09:00:00;20.956;21.049;20.919;21.029;12.528;UCG.ITEUR
2023-09-13 10:00:00;21.019;21.019;20.909;20.949;11.4975;UCG.ITEUR
2023-09-13 11:00:00;20.939;20.989;20.899;20.979;6.633;UCG.ITEUR
2023-09-13 12:00:00;20.969;21.079;20.889;21.069;29.043;UCG.ITEUR
2023-09-13 13:00:00;21.066;21.149;21.049;21.139;17.712;UCG.ITEUR
2023-09-13 14:00:00;21.149;21.219;21.079;21.219;12.564;UCG.ITEUR
2023-09-13 15:00:00;21.209;21.219;21.169;21.199;3.861;UCG.ITEUR
2023-09-14 07:00:00;20.829;21.029;20.739;20.959;36.288;UCG.ITEUR
2023-09-14 08:00:00;20.969;21.099;20.969;21.059;17.9775;UCG.ITEUR
2023-09-14 09:00:00;21.069;21.159;21.049;21.159;13.2345;UCG.ITEUR
2023-09-14 10:00:00;21.149;21.259;21.149;21.239;11.781;UCG.ITEUR
2023-09-14 11:00:00;21.249;21.279;21.149;21.169;12.636;UCG.ITEUR
2023-09-14 12:00:00;21.159;21.499;21.129;21.489;44.001;UCG.ITEUR
2023-09-14 13:00:00;21.499;21.629;21.479;21.629;36.3915;UCG.ITEUR
2023-09-14 14:00:00;21.629;21.699;21.599;21.679;17.1855;UCG.ITEUR
2023-09-14 15:00:00;21.689;21.699;21.649;21.669;10.2645;UCG.ITEUR
2023-09-15 07:00:00;21.889;21.989;21.729;21.989;47.16;UCG.ITEUR
2023-09-15 08:00:00;21.986;22.019;21.899;21.979;25.8525;UCG.ITEUR
2023-09-15 09:00:00;21.976;22.009;21.919;21.969;16.5195;UCG.ITEUR
2023-09-15 10:00:00;21.966;22.019;21.919;21.949;12.1545;UCG.ITEUR
2023-09-15 11:00:00;21.946;21.959;21.839;21.869;12.312;UCG.ITEUR
2023-09-15 12:00:00;21.859;21.889;21.689;21.709;14.0805;UCG.ITEUR
2023-09-15 13:00:00;21.719;21.799;21.649;21.739;24.1245;UCG.ITEUR
2023-09-15 14:00:00;21.749;21.769;21.649;21.659;10.98;UCG.ITEUR
2023-09-15 15:00:00;21.669;21.719;21.659;21.709;6.453;UCG.ITEUR
2023-09-18 07:00:00;21.839;21.859;21.609;21.799;48.6675;UCG.ITEUR
2023-09-18 08:00:00;21.809;21.849;21.759;21.799;17.28;UCG.ITEUR
2023-09-18 09:00:00;21.796;21.809;21.689;21.699;23.895;UCG.ITEUR
2023-09-18 10:00:00;21.696;21.739;21.659;21.729;17.2935;UCG.ITEUR
2023-09-18 11:00:00;21.719;21.739;21.559;21.569;14.373;UCG.ITEUR
2023-09-18 12:00:00;21.566;21.709;21.559;21.699;18.5445;UCG.ITEUR
2023-09-18 13:00:00;21.696;21.799;21.559;21.619;31.6125;UCG.ITEUR
2023-09-18 14:00:00;21.629;21.719;21.519;21.589;34.227;UCG.ITEUR
2023-09-18 15:00:00;21.586;21.589;21.519;21.569;10.377;UCG.ITEUR
2023-09-19 07:00:00;21.639;21.709;21.569;21.619;31.2345;UCG.ITEUR
2023-09-19 08:00:00;21.616;21.719;21.609;21.649;13.293;UCG.ITEUR
2023-09-19 09:00:00;21.646;21.729;21.629;21.709;14.589;UCG.ITEUR
2023-09-19 10:00:00;21.706;21.749;21.679;21.729;6.7635;UCG.ITEUR
2023-09-19 11:00:00;21.719;21.789;21.689;21.789;10.1025;UCG.ITEUR
2023-09-19 12:00:00;21.779;21.819;21.689;21.699;12.4335;UCG.ITEUR
2023-09-19 13:00:00;21.709;21.799;21.659;21.799;23.7915;UCG.ITEUR
2023-09-19 14:00:00;21.796;21.969;21.759;21.949;17.991;UCG.ITEUR
2023-09-19 15:00:00;21.946;21.989;21.929;21.989;6.6645;UCG.ITEUR
2023-09-20 07:00:00;22.089;22.789;21.939;22.689;53.055;UCG.ITEUR
2023-09-20 08:00:00;22.699;22.929;22.659;22.869;43.641;UCG.ITEUR
2023-09-20 09:00:00;22.859;23.029;22.859;22.879;27.738;UCG.ITEUR
2023-09-20 10:00:00;22.889;22.909;22.769;22.899;15.723;UCG.ITEUR
2023-09-20 11:00:00;22.889;23.059;22.849;23.009;13.113;UCG.ITEUR
2023-09-20 12:00:00;22.999;23.039;22.929;22.989;17.19;UCG.ITEUR
2023-09-20 13:00:00;22.999;23.049;22.949;23.009;19.0485;UCG.ITEUR
2023-09-20 14:00:00;22.999;23.029;22.969;23.019;15.183;UCG.ITEUR
2023-09-20 15:00:00;23.009;23.199;22.999;23.199;7.965;UCG.ITEUR
2023-09-21 07:00:00;23.269;23.509;23.259;23.369;54.2925;UCG.ITEUR
2023-09-21 08:00:00;23.379;23.389;23.239;23.339;36.459;UCG.ITEUR
2023-09-21 09:00:00;23.336;23.749;23.329;23.669;50.742;UCG.ITEUR
2023-09-21 10:00:00;23.666;23.669;23.419;23.489;25.7715;UCG.ITEUR
2023-09-21 11:00:00;23.499;23.539;23.389;23.439;35.982;UCG.ITEUR
2023-09-21 12:00:00;23.429;23.459;23.279;23.459;28.2465;UCG.ITEUR
2023-09-21 13:00:00;23.456;23.649;23.369;23.609;35.8875;UCG.ITEUR
2023-09-21 14:00:00;23.606;23.739;23.589;23.669;31.5045;UCG.ITEUR
2023-09-21 15:00:00;23.679;23.739;23.649;23.699;9.1215;UCG.ITEUR
2023-09-22 07:00:00;23.599;23.809;23.429;23.619;66.5145;UCG.ITEUR
2023-09-22 08:00:00;23.629;23.629;23.139;23.399;61.3755;UCG.ITEUR
2023-09-22 09:00:00;23.396;23.459;23.329;23.429;21.3795;UCG.ITEUR
2023-09-22 10:00:00;23.439;23.489;23.369;23.409;18.702;UCG.ITEUR
2023-09-22 11:00:00;23.419;23.429;23.349;23.369;17.226;UCG.ITEUR
2023-09-22 12:00:00;23.379;23.509;23.349;23.449;15.813;UCG.ITEUR
2023-09-22 13:00:00;23.459;23.529;23.379;23.439;27.027;UCG.ITEUR
2023-09-22 14:00:00;23.449;23.569;23.349;23.349;25.074;UCG.ITEUR
2023-09-22 15:00:00;23.359;23.379;23.269;23.349;12.8745;UCG.ITEUR
2023-09-25 07:00:00;23.349;23.619;23.329;23.409;48.3435;UCG.ITEUR
2023-09-25 08:00:00;23.399;23.429;23.069;23.169;44.163;UCG.ITEUR
2023-09-25 09:00:00;23.166;23.409;23.149;23.389;38.5155;UCG.ITEUR
2023-09-25 10:00:00;23.379;23.449;23.319;23.399;19.386;UCG.ITEUR
2023-09-25 11:00:00;23.409;23.429;23.289;23.309;19.7685;UCG.ITEUR
2023-09-25 12:00:00;23.306;23.329;23.189;23.219;18.2475;UCG.ITEUR
2023-09-25 13:00:00;23.229;23.229;22.969;23.139;35.199;UCG.ITEUR
2023-09-25 14:00:00;23.139;23.189;23.019;23.029;23.1795;UCG.ITEUR
2023-09-25 15:00:00;23.019;23.119;23.009;23.109;8.6625;UCG.ITEUR
2023-09-26 07:00:00;22.989;22.989;22.459;22.569;73.35;UCG.ITEUR
2023-09-26 08:00:00;22.569;22.869;22.479;22.849;50.499;UCG.ITEUR
2023-09-26 09:00:00;22.839;22.889;22.619;22.619;46.062;UCG.ITEUR
2023-09-26 10:00:00;22.629;22.719;22.599;22.689;34.5105;UCG.ITEUR
2023-09-26 11:00:00;22.699;22.739;22.619;22.669;25.5825;UCG.ITEUR
2023-09-26 12:00:00;22.659;22.679;22.529;22.559;32.337;UCG.ITEUR
2023-09-26 13:00:00;22.569;22.669;22.439;22.619;33.885;UCG.ITEUR
2023-09-26 14:00:00;22.619;22.699;22.439;22.629;36.1125;UCG.ITEUR
2023-09-26 15:00:00;22.629;22.659;22.509;22.526;10.071;UCG.ITEUR
2023-09-27 07:00:00;22.549;22.789;22.459;22.739;54.2025;UCG.ITEUR
2023-09-27 08:00:00;22.749;22.829;22.629;22.639;32.985;UCG.ITEUR
2023-09-27 09:00:00;22.629;22.719;22.589;22.689;22.536;UCG.ITEUR
2023-09-27 10:00:00;22.699;22.729;22.479;22.489;26.253;UCG.ITEUR
2023-09-27 11:00:00;22.479;22.589;22.449;22.529;25.5015;UCG.ITEUR
2023-09-27 12:00:00;22.519;22.609;22.439;22.579;23.823;UCG.ITEUR
2023-09-27 13:00:00;22.569;22.679;22.549;22.629;31.8915;UCG.ITEUR
2023-09-27 14:00:00;22.639;22.659;22.479;22.499;23.1255;UCG.ITEUR
2023-09-27 15:00:00;22.489;22.579;22.479;22.559;12.924;UCG.ITEUR
2023-09-28 07:00:00;22.499;22.639;22.279;22.359;50.346;UCG.ITEUR
2023-09-28 08:00:00;22.369;22.379;22.169;22.259;47.979;UCG.ITEUR
2023-09-28 09:00:00;22.256;22.359;22.169;22.339;29.277;UCG.ITEUR
2023-09-28 10:00:00;22.329;22.379;22.249;22.339;18.801;UCG.ITEUR
2023-09-28 11:00:00;22.329;22.419;22.319;22.369;18.072;UCG.ITEUR
2023-09-28 12:00:00;22.379;22.479;22.369;22.419;20.781;UCG.ITEUR
2023-09-28 13:00:00;22.416;22.479;22.339;22.389;20.232;UCG.ITEUR
2023-09-28 14:00:00;22.389;22.479;22.349;22.479;16.281;UCG.ITEUR
2023-09-28 15:00:00;22.489;22.549;22.459;22.539;8.3475;UCG.ITEUR
2023-09-29 07:00:00;22.489;22.689;22.489;22.639;54.36;UCG.ITEUR
2023-09-29 08:00:00;22.649;22.759;22.599;22.719;30.159;UCG.ITEUR
2023-09-29 09:00:00;22.729;22.779;22.699;22.739;22.05;UCG.ITEUR
2023-09-29 10:00:00;22.749;22.899;22.729;22.889;11.574;UCG.ITEUR
2023-09-29 11:00:00;22.886;22.929;22.789;22.819;12.0735;UCG.ITEUR
2023-09-29 12:00:00;22.809;22.929;22.779;22.899;22.3785;UCG.ITEUR
2023-09-29 13:00:00;22.909;22.989;22.879;22.879;21.7485;UCG.ITEUR
2023-09-29 14:00:00;22.879;22.919;22.749;22.749;23.931;UCG.ITEUR
2023-09-29 15:00:00;22.746;22.769;22.699;22.709;11.6775;UCG.ITEUR
2023-10-02 07:00:00;22.779;22.859;22.619;22.789;40.563;UCG.ITEUR
2023-10-02 08:00:00;22.779;22.869;22.719;22.749;34.2495;UCG.ITEUR
2023-10-02 09:00:00;22.739;22.749;22.589;22.619;23.904;UCG.ITEUR
2023-10-02 10:00:00;22.616;22.749;22.609;22.679;23.3955;UCG.ITEUR
2023-10-02 11:00:00;22.689;22.729;22.629;22.649;11.5695;UCG.ITEUR
2023-10-02 12:00:00;22.646;22.669;22.579;22.579;10.1565;UCG.ITEUR
2023-10-02 13:00:00;22.569;22.599;22.369;22.419;23.22;UCG.ITEUR
2023-10-02 14:00:00;22.399;22.459;22.079;22.089;46.998;UCG.ITEUR
2023-10-02 15:00:00;22.086;22.149;22.069;22.099;13.635;UCG.ITEUR
2023-10-03 07:00:00;21.979;22.279;21.909;22.249;63.2925;UCG.ITEUR
2023-10-03 08:00:00;22.246;22.349;22.209;22.279;36.891;UCG.ITEUR
2023-10-03 09:00:00;22.289;22.289;22.059;22.089;27.8415;UCG.ITEUR
2023-10-03 10:00:00;22.099;22.139;21.979;21.979;30.753;UCG.ITEUR
2023-10-03 11:00:00;21.969;21.989;21.799;21.809;39.9105;UCG.ITEUR
2023-10-03 12:00:00;21.809;21.809;21.529;21.589;40.077;UCG.ITEUR
2023-10-03 13:00:00;21.586;21.729;21.559;21.689;55.665;UCG.ITEUR
2023-10-03 14:00:00;21.679;21.709;21.569;21.659;50.3775;UCG.ITEUR
2023-10-03 15:00:00;21.656;21.669;21.569;21.639;13.4325;UCG.ITEUR
2023-10-04 07:00:00;21.479;21.539;21.369;21.449;56.736;UCG.ITEUR
2023-10-04 08:00:00;21.446;21.609;21.349;21.509;54.2835;UCG.ITEUR
2023-10-04 09:00:00;21.509;21.579;21.419;21.569;32.571;UCG.ITEUR
2023-10-04 10:00:00;21.579;21.579;21.469;21.489;26.1945;UCG.ITEUR
2023-10-04 11:00:00;21.499;21.549;21.449;21.529;29.1465;UCG.ITEUR
2023-10-04 12:00:00;21.519;21.619;21.499;21.549;35.5815;UCG.ITEUR
2023-10-04 13:00:00;21.539;21.589;21.399;21.419;32.8275;UCG.ITEUR
2023-10-04 14:00:00;21.409;21.539;21.399;21.449;30.5415;UCG.ITEUR
2023-10-04 15:00:00;21.439;21.519;21.439;21.489;13.356;UCG.ITEUR
2023-10-05 07:00:00;21.669;21.709;21.409;21.549;60.3495;UCG.ITEUR
2023-10-05 08:00:00;21.539;21.689;21.509;21.539;28.287;UCG.ITEUR
2023-10-05 09:00:00;21.529;21.539;21.349;21.479;25.0875;UCG.ITEUR
2023-10-05 10:00:00;21.479;21.569;21.469;21.539;30.0105;UCG.ITEUR
2023-10-05 11:00:00;21.539;21.799;21.529;21.769;24.669;UCG.ITEUR
2023-10-05 12:00:00;21.766;21.849;21.759;21.769;29.0475;UCG.ITEUR
2023-10-05 13:00:00;21.759;21.939;21.709;21.939;38.0115;UCG.ITEUR
2023-10-05 14:00:00;21.939;22.009;21.849;21.929;34.3845;UCG.ITEUR
2023-10-05 15:00:00;21.919;21.929;21.839;21.869;11.2005;UCG.ITEUR
2023-10-06 07:00:00;21.919;22.279;21.909;22.266;42.4215;UCG.ITEUR
2023-10-06 08:00:00;22.259;22.339;22.179;22.209;35.7165;UCG.ITEUR
2023-10-06 09:00:00;22.209;22.419;22.169;22.399;22.059;UCG.ITEUR
2023-10-06 10:00:00;22.396;22.459;22.379;22.399;19.17;UCG.ITEUR
2023-10-06 11:00:00;22.409;22.449;22.379;22.419;15.5925;UCG.ITEUR
2023-10-06 12:00:00;22.429;22.439;22.149;22.159;54.27;UCG.ITEUR
2023-10-06 13:00:00;22.156;22.369;22.119;22.259;48.5595;UCG.ITEUR
2023-10-06 14:00:00;22.256;22.329;22.059;22.319;42.5025;UCG.ITEUR
2023-10-06 15:00:00;22.316;22.459;22.299;22.449;10.9485;UCG.ITEUR
2023-10-09 07:00:00;22.119;22.199;21.949;22.189;66.8295;UCG.ITEUR
2023-10-09 08:00:00;22.199;22.329;22.149;22.329;37.269;UCG.ITEUR
2023-10-09 09:00:00;22.319;22.429;22.309;22.359;38.511;UCG.ITEUR
2023-10-09 10:00:00;22.356;22.379;22.309;22.309;14.6475;UCG.ITEUR
2023-10-09 11:00:00;22.319;22.349;22.209;22.239;13.815;UCG.ITEUR
2023-10-09 12:00:00;22.229;22.319;21.629;22.109;10.4085;UCG.ITEUR
2023-10-09 13:00:00;22.106;22.249;22.099;22.229;29.3175;UCG.ITEUR
2023-10-09 14:00:00;22.239;22.269;22.089;22.109;20.6235;UCG.ITEUR
2023-10-09 15:00:00;22.099;22.159;22.089;22.149;4.041;UCG.ITEUR
2023-10-10 07:00:00;22.419;22.629;22.389;22.559;44.811;UCG.ITEUR
2023-10-10 08:00:00;22.569;22.579;22.489;22.549;39.429;UCG.ITEUR
2023-10-10 09:00:00;22.539;22.549;22.459;22.489;18.477;UCG.ITEUR
2023-10-10 10:00:00;22.499;22.619;22.479;22.609;15.084;UCG.ITEUR
2023-10-10 11:00:00;22.609;22.649;22.549;22.569;15.813;UCG.ITEUR
2023-10-10 12:00:00;22.579;22.619;22.519;22.609;12.573;UCG.ITEUR
2023-10-10 13:00:00;22.599;22.739;22.599;22.709;18.999;UCG.ITEUR
2023-10-10 14:00:00;22.709;22.879;22.689;22.839;19.206;UCG.ITEUR
2023-10-10 15:00:00;22.849;22.869;22.809;22.819;7.893;UCG.ITEUR
2023-10-11 07:00:00;22.829;22.919;22.659;22.689;44.973;UCG.ITEUR
2023-10-11 08:00:00;22.679;22.809;22.639;22.759;38.619;UCG.ITEUR
2023-10-11 09:00:00;22.759;22.819;22.709;22.769;23.328;UCG.ITEUR
2023-10-11 10:00:00;22.769;22.819;22.729;22.769;16.8525;UCG.ITEUR
2023-10-11 11:00:00;22.769;22.859;22.759;22.839;13.7295;UCG.ITEUR
2023-10-11 12:00:00;22.849;22.979;22.809;22.979;28.5795;UCG.ITEUR
2023-10-11 13:00:00;22.969;22.999;22.899;22.989;19.4895;UCG.ITEUR
2023-10-11 14:00:00;22.986;22.999;22.869;22.949;16.839;UCG.ITEUR
2023-10-11 15:00:00;22.939;22.969;22.879;22.919;9.648;UCG.ITEUR
2023-10-12 07:00:00;23.039;23.239;23.039;23.089;40.1445;UCG.ITEUR
2023-10-12 08:00:00;23.079;23.179;22.919;22.969;39.0105;UCG.ITEUR
2023-10-12 09:00:00;22.969;23.119;22.949;23.069;19.809;UCG.ITEUR
2023-10-12 10:00:00;23.059;23.079;22.999;23.029;12.4875;UCG.ITEUR
2023-10-12 11:00:00;23.039;23.049;22.919;23.009;12.9195;UCG.ITEUR
2023-10-12 12:00:00;23.006;23.069;22.939;22.999;24.723;UCG.ITEUR
2023-10-12 13:00:00;22.996;22.996;22.849;22.869;24.615;UCG.ITEUR
2023-10-12 14:00:00;22.859;22.909;22.829;22.889;17.3565;UCG.ITEUR
2023-10-12 15:00:00;22.879;22.929;22.869;22.899;5.6295;UCG.ITEUR
2023-10-13 07:00:00;22.849;22.889;22.709;22.799;46.8135;UCG.ITEUR
2023-10-13 08:00:00;22.789;22.819;22.619;22.699;28.17;UCG.ITEUR
2023-10-13 09:00:00;22.689;22.699;22.349;22.399;35.073;UCG.ITEUR
2023-10-13 10:00:00;22.399;22.619;22.359;22.589;48.3885;UCG.ITEUR
2023-10-13 11:00:00;22.586;22.629;22.499;22.519;29.9115;UCG.ITEUR
2023-10-13 12:00:00;22.509;22.589;22.449;22.569;25.083;UCG.ITEUR
2023-10-13 13:00:00;22.569;22.659;22.429;22.479;39.888;UCG.ITEUR
2023-10-13 14:00:00;22.459;22.499;22.359;22.389;27.441;UCG.ITEUR
2023-10-13 15:00:00;22.399;22.399;22.319;22.349;7.5375;UCG.ITEUR
2023-10-16 07:00:00;22.589;22.599;22.279;22.339;46.539;UCG.ITEUR
2023-10-16 08:00:00;22.329;22.459;22.249;22.359;29.7585;UCG.ITEUR
2023-10-16 09:00:00;22.369;22.849;22.369;22.819;41.8095;UCG.ITEUR
2023-10-16 10:00:00;22.819;22.949;22.719;22.939;31.185;UCG.ITEUR
2023-10-16 11:00:00;22.949;22.949;22.839;22.859;17.3025;UCG.ITEUR
2023-10-16 12:00:00;22.849;22.989;22.779;22.989;25.2405;UCG.ITEUR
2023-10-16 13:00:00;22.989;23.019;22.919;22.939;20.34;UCG.ITEUR
2023-10-16 14:00:00;22.929;23.009;22.889;22.989;15.9885;UCG.ITEUR
2023-10-16 15:00:00;22.979;22.989;22.909;22.949;6.3135;UCG.ITEUR
2023-10-17 07:00:00;23.079;23.329;23.079;23.209;39.2625;UCG.ITEUR
2023-10-17 08:00:00;23.199;23.249;22.999;23.019;35.208;UCG.ITEUR
2023-10-17 09:00:00;23.019;23.139;22.919;22.959;28.9755;UCG.ITEUR
2023-10-17 10:00:00;22.969;22.969;22.849;22.949;31.626;UCG.ITEUR
2023-10-17 11:00:00;22.949;22.959;22.779;22.849;28.323;UCG.ITEUR
2023-10-17 12:00:00;22.839;22.919;22.809;22.839;29.0115;UCG.ITEUR
2023-10-17 13:00:00;22.829;22.929;22.799;22.859;24.0255;UCG.ITEUR
2023-10-17 14:00:00;22.856;22.919;22.799;22.899;22.9635;UCG.ITEUR
2023-10-17 15:00:00;22.896;22.979;22.889;22.979;8.334;UCG.ITEUR
2023-10-18 07:00:00;23.049;23.099;22.949;23.059;46.6155;UCG.ITEUR
2023-10-18 08:00:00;23.069;23.099;22.949;23.089;27.297;UCG.ITEUR
2023-10-18 09:00:00;23.086;23.109;22.919;22.919;21.825;UCG.ITEUR
2023-10-18 10:00:00;22.929;22.959;22.769;22.789;20.9205;UCG.ITEUR
2023-10-18 11:00:00;22.779;22.899;22.749;22.879;25.9155;UCG.ITEUR
2023-10-18 12:00:00;22.889;22.939;22.809;22.809;20.0115;UCG.ITEUR
2023-10-18 13:00:00;22.819;22.889;22.679;22.699;34.875;UCG.ITEUR
2023-10-18 14:00:00;22.689;22.779;22.639;22.769;35.595;UCG.ITEUR
2023-10-18 15:00:00;22.766;22.809;22.689;22.769;12.42;UCG.ITEUR
2023-10-19 07:00:00;22.639;22.639;22.379;22.479;61.677;UCG.ITEUR
2023-10-19 08:00:00;22.469;22.519;22.379;22.409;37.4445;UCG.ITEUR
2023-10-19 09:00:00;22.409;22.579;22.389;22.559;27.4905;UCG.ITEUR
2023-10-19 10:00:00;22.569;22.639;22.529;22.619;24.615;UCG.ITEUR
2023-10-19 11:00:00;22.609;22.619;22.479;22.509;15.3;UCG.ITEUR
2023-10-19 12:00:00;22.499;22.539;22.479;22.519;18.9135;UCG.ITEUR
2023-10-19 13:00:00;22.516;22.559;22.459;22.479;32.4855;UCG.ITEUR
2023-10-19 14:00:00;22.479;22.529;22.409;22.519;22.9815;UCG.ITEUR
2023-10-19 15:00:00;22.529;22.559;22.449;22.489;11.9925;UCG.ITEUR
2023-10-20 07:00:00;22.279;22.319;22.059;22.249;58.0365;UCG.ITEUR
2023-10-20 08:00:00;22.259;22.469;22.219;22.329;38.376;UCG.ITEUR
2023-10-20 09:00:00;22.329;22.469;22.249;22.399;30.7665;UCG.ITEUR
2023-10-20 10:00:00;22.409;22.449;22.239;22.279;28.845;UCG.ITEUR
2023-10-20 11:00:00;22.289;22.359;22.249;22.329;18.207;UCG.ITEUR
2023-10-20 12:00:00;22.319;22.359;22.259;22.289;15.336;UCG.ITEUR
2023-10-20 13:00:00;22.299;22.469;22.259;22.439;27.603;UCG.ITEUR
2023-10-20 14:00:00;22.436;22.436;22.149;22.199;33.147;UCG.ITEUR
2023-10-20 15:00:00;22.199;22.219;22.139;22.199;11.169;UCG.ITEUR
2023-10-23 07:00:00;22.469;22.529;22.179;22.219;49.608;UCG.ITEUR
2023-10-23 08:00:00;22.229;22.669;22.179;22.669;49.167;UCG.ITEUR
2023-10-23 09:00:00;22.659;22.669;22.249;22.269;36.0585;UCG.ITEUR
2023-10-23 10:00:00;22.269;22.339;22.159;22.309;37.1565;UCG.ITEUR
2023-10-23 11:00:00;22.319;22.419;22.289;22.349;26.7705;UCG.ITEUR
2023-10-23 12:00:00;22.349;22.389;22.229;22.229;21.4605;UCG.ITEUR
2023-10-23 13:00:00;22.229;22.329;22.219;22.299;33.282;UCG.ITEUR
2023-10-23 14:00:00;22.309;22.649;22.299;22.639;33.021;UCG.ITEUR
2023-10-23 15:00:00;22.629;22.669;22.609;22.649;8.721;UCG.ITEUR
2023-10-24 07:00:00;23.189;23.269;22.219;22.419;66.141;UCG.ITEUR
2023-10-24 08:00:00;22.419;22.569;21.739;22.099;71.5365;UCG.ITEUR
2023-10-24 09:00:00;22.089;22.839;22.079;22.809;57.663;UCG.ITEUR
2023-10-24 10:00:00;22.809;23.119;22.799;23.029;42.2325;UCG.ITEUR
2023-10-24 11:00:00;23.039;23.119;22.839;23.029;32.9895;UCG.ITEUR
2023-10-24 12:00:00;23.039;23.219;22.979;23.149;19.332;UCG.ITEUR
2023-10-24 13:00:00;23.149;23.199;22.789;22.949;39.3795;UCG.ITEUR
2023-10-24 14:00:00;22.959;23.129;22.859;23.089;26.9145;UCG.ITEUR
2023-10-24 15:00:00;23.086;23.086;22.929;22.969;13.833;UCG.ITEUR
2023-10-25 07:00:00;22.799;22.869;22.599;22.759;46.035;UCG.ITEUR
2023-10-25 08:00:00;22.769;22.809;22.529;22.549;36.288;UCG.ITEUR
2023-10-25 09:00:00;22.559;22.599;22.059;22.209;49.4595;UCG.ITEUR
2023-10-25 10:00:00;22.209;22.469;22.149;22.419;33.9705;UCG.ITEUR
2023-10-25 11:00:00;22.419;22.519;22.359;22.449;25.596;UCG.ITEUR
2023-10-25 12:00:00;22.459;22.509;22.379;22.419;17.217;UCG.ITEUR
2023-10-25 13:00:00;22.416;22.419;22.239;22.299;36.7785;UCG.ITEUR
2023-10-25 14:00:00;22.296;22.429;22.219;22.419;33.489;UCG.ITEUR
2023-10-25 15:00:00;22.429;22.579;22.429;22.519;16.1955;UCG.ITEUR
2023-10-26 07:00:00;22.189;22.199;21.999;22.149;57.168;UCG.ITEUR
2023-10-26 08:00:00;22.139;22.169;21.909;21.969;40.032;UCG.ITEUR
2023-10-26 09:00:00;21.959;22.189;21.949;22.109;33.4845;UCG.ITEUR
2023-10-26 10:00:00;22.099;22.169;22.069;22.109;19.0305;UCG.ITEUR
2023-10-26 11:00:00;22.099;22.149;22.019;22.149;19.521;UCG.ITEUR
2023-10-26 12:00:00;22.139;22.599;22.139;22.549;46.6785;UCG.ITEUR
2023-10-26 13:00:00;22.559;22.929;22.479;22.699;58.5855;UCG.ITEUR
2023-10-26 14:00:00;22.689;22.829;22.609;22.829;36.351;UCG.ITEUR
2023-10-26 15:00:00;22.819;22.859;22.809;22.809;14.6295;UCG.ITEUR
2023-10-27 07:00:00;23.259;23.269;22.959;23.209;53.9955;UCG.ITEUR
2023-10-27 08:00:00;23.209;23.419;23.199;23.349;36.6615;UCG.ITEUR
2023-10-27 09:00:00;23.359;23.389;23.219;23.259;25.3035;UCG.ITEUR
2023-10-27 10:00:00;23.259;23.319;23.169;23.199;18.558;UCG.ITEUR
2023-10-27 11:00:00;23.209;23.209;23.009;23.069;35.928;UCG.ITEUR
2023-10-27 12:00:00;23.059;23.239;23.039;23.209;31.716;UCG.ITEUR
2023-10-27 13:00:00;23.199;23.309;23.049;23.159;33.5205;UCG.ITEUR
2023-10-27 14:00:00;23.159;23.259;23.049;23.149;40.212;UCG.ITEUR
2023-10-27 15:00:00;23.146;23.189;23.109;23.169;14.283;UCG.ITEUR
2023-10-30 08:00:00;23.069;23.109;22.769;22.919;50.976;UCG.ITEUR
2023-10-30 09:00:00;22.909;23.169;22.909;23.119;28.2195;UCG.ITEUR
2023-10-30 10:00:00;23.119;23.209;23.039;23.199;21.7485;UCG.ITEUR
2023-10-30 11:00:00;23.189;23.389;23.189;23.349;20.7945;UCG.ITEUR
2023-10-30 12:00:00;23.339;23.399;23.259;23.309;18.7965;UCG.ITEUR
2023-10-30 13:00:00;23.319;23.439;23.279;23.409;33.7275;UCG.ITEUR
2023-10-30 14:00:00;23.419;23.469;23.299;23.429;27.72;UCG.ITEUR
2023-10-30 15:00:00;23.439;23.469;23.369;23.469;17.829;UCG.ITEUR
2023-10-30 16:00:00;23.459;23.469;23.419;23.439;7.29;UCG.ITEUR
2023-10-31 08:00:00;23.469;23.699;23.419;23.659;43.5015;UCG.ITEUR
2023-10-31 09:00:00;23.656;23.809;23.649;23.749;34.506;UCG.ITEUR
2023-10-31 10:00:00;23.759;23.859;23.669;23.849;33.7545;UCG.ITEUR
2023-10-31 11:00:00;23.839;23.929;23.829;23.869;14.9175;UCG.ITEUR
2023-10-31 12:00:00;23.879;23.929;23.809;23.809;18.468;UCG.ITEUR
2023-10-31 13:00:00;23.819;23.829;23.729;23.739;17.352;UCG.ITEUR
2023-10-31 14:00:00;23.749;23.849;23.669;23.759;20.043;UCG.ITEUR
2023-10-31 15:00:00;23.769;23.799;23.659;23.709;11.313;UCG.ITEUR
2023-10-31 16:00:00;23.699;23.709;23.629;23.669;5.7375;UCG.ITEUR
2023-11-01 08:00:00;23.809;23.839;23.499;23.519;42.4305;UCG.ITEUR
2023-11-01 09:00:00;23.529;23.739;23.489;23.669;30.24;UCG.ITEUR
2023-11-01 10:00:00;23.679;23.779;23.559;23.769;22.4865;UCG.ITEUR
2023-11-01 11:00:00;23.779;23.799;23.679;23.749;13.8195;UCG.ITEUR
2023-11-01 12:00:00;23.739;23.859;23.739;23.839;18.648;UCG.ITEUR
2023-11-01 13:00:00;23.829;24.059;23.809;23.959;24.714;UCG.ITEUR
2023-11-01 14:00:00;23.959;24.029;23.879;24.019;24.876;UCG.ITEUR
2023-11-01 15:00:00;24.009;24.029;23.869;23.959;16.6365;UCG.ITEUR
2023-11-01 16:00:00;23.969;23.969;23.909;23.939;8.424;UCG.ITEUR
2023-11-02 08:00:00;23.959;24.089;23.849;23.919;48.6585;UCG.ITEUR
2023-11-02 09:00:00;23.919;23.949;23.749;23.829;27.1665;UCG.ITEUR
2023-11-02 10:00:00;23.826;23.826;23.679;23.739;19.395;UCG.ITEUR
2023-11-02 11:00:00;23.736;23.739;23.599;23.719;24.6375;UCG.ITEUR
2023-11-02 12:00:00;23.716;23.769;23.659;23.669;17.442;UCG.ITEUR
2023-11-02 13:00:00;23.666;23.719;23.569;23.659;20.6505;UCG.ITEUR
2023-11-02 14:00:00;23.659;23.699;23.599;23.659;18.0135;UCG.ITEUR
2023-11-02 15:00:00;23.656;23.699;23.499;23.499;9.5535;UCG.ITEUR
2023-11-02 16:00:00;23.509;23.549;23.459;23.509;7.9425;UCG.ITEUR
2023-11-03 08:00:00;23.529;23.569;23.249;23.249;41.8725;UCG.ITEUR
2023-11-03 09:00:00;23.259;23.299;23.089;23.249;25.749;UCG.ITEUR
2023-11-03 10:00:00;23.259;23.299;23.179;23.249;15.7635;UCG.ITEUR
2023-11-03 11:00:00;23.239;23.379;23.209;23.359;12.636;UCG.ITEUR
2023-11-03 12:00:00;23.349;23.369;23.169;23.189;17.5995;UCG.ITEUR
2023-11-03 13:00:00;23.179;23.369;23.129;23.299;20.304;UCG.ITEUR
2023-11-03 14:00:00;23.289;23.439;23.209;23.439;25.236;UCG.ITEUR
2023-11-03 15:00:00;23.439;23.509;23.419;23.419;14.4225;UCG.ITEUR
2023-11-03 16:00:00;23.429;23.469;23.409;23.449;5.166;UCG.ITEUR
2023-11-06 08:00:00;23.309;23.409;23.219;23.349;38.493;UCG.ITEUR
2023-11-06 09:00:00;23.346;23.509;23.309;23.509;15.9435;UCG.ITEUR
2023-11-06 10:00:00;23.519;23.529;23.399;23.499;14.301;UCG.ITEUR
2023-11-06 11:00:00;23.509;23.529;23.439;23.479;7.1685;UCG.ITEUR
2023-11-06 12:00:00;23.476;23.519;23.409;23.509;6.1605;UCG.ITEUR
2023-11-06 13:00:00;23.499;23.629;23.479;23.629;7.263;UCG.ITEUR
2023-11-06 14:00:00;23.619;23.649;23.499;23.509;14.175;UCG.ITEUR
2023-11-06 15:00:00;23.506;23.519;23.439;23.479;12.4245;UCG.ITEUR
2023-11-06 16:00:00;23.489;23.499;23.449;23.489;5.0985;UCG.ITEUR
2023-11-07 08:00:00;23.389;23.599;23.299;23.579;38.6955;UCG.ITEUR
2023-11-07 09:00:00;23.569;23.659;23.469;23.599;29.6595;UCG.ITEUR
2023-11-07 10:00:00;23.609;23.649;23.549;23.599;19.791;UCG.ITEUR
2023-11-07 11:00:00;23.599;23.599;23.409;23.519;19.359;UCG.ITEUR
2023-11-07 12:00:00;23.519;23.559;23.469;23.529;17.514;UCG.ITEUR
2023-11-07 13:00:00;23.519;23.559;23.459;23.549;19.2465;UCG.ITEUR
2023-11-07 14:00:00;23.546;23.609;23.519;23.589;26.8875;UCG.ITEUR
2023-11-07 15:00:00;23.599;23.649;23.529;23.609;12.6045;UCG.ITEUR
2023-11-07 16:00:00;23.606;23.606;23.499;23.519;7.8795;UCG.ITEUR
2023-11-08 08:00:00;23.459;23.529;23.309;23.429;44.9325;UCG.ITEUR
2023-11-08 09:00:00;23.426;23.429;23.109;23.159;31.3335;UCG.ITEUR
2023-11-08 10:00:00;23.159;23.439;23.159;23.419;34.8975;UCG.ITEUR
2023-11-08 11:00:00;23.429;23.549;23.419;23.479;22.6485;UCG.ITEUR
2023-11-08 12:00:00;23.489;23.599;23.469;23.549;18.999;UCG.ITEUR
2023-11-08 13:00:00;23.559;23.629;23.539;23.619;15.1695;UCG.ITEUR
2023-11-08 14:00:00;23.629;23.809;23.619;23.749;28.935;UCG.ITEUR
2023-11-08 15:00:00;23.749;23.779;23.669;23.669;23.229;UCG.ITEUR
2023-11-08 16:00:00;23.679;23.729;23.669;23.699;7.2045;UCG.ITEUR
2023-11-09 08:00:00;23.759;23.869;23.609;23.669;48.3525;UCG.ITEUR
2023-11-09 09:00:00;23.679;23.839;23.669;23.829;24.174;UCG.ITEUR
2023-11-09 10:00:00;23.826;23.889;23.779;23.869;13.545;UCG.ITEUR
2023-11-09 11:00:00;23.859;23.869;23.769;23.799;11.97;UCG.ITEUR
2023-11-09 12:00:00;23.789;23.839;23.729;23.759;10.737;UCG.ITEUR
2023-11-09 13:00:00;23.769;23.829;23.739;23.759;9.351;UCG.ITEUR
2023-11-09 14:00:00;23.769;23.799;23.699;23.789;13.302;UCG.ITEUR
2023-11-09 15:00:00;23.786;23.859;23.719;23.859;19.6515;UCG.ITEUR
2023-11-09 16:00:00;23.869;23.889;23.839;23.879;9.279;UCG.ITEUR
2023-11-10 08:00:00;23.869;24.019;23.849;23.969;42.4035;UCG.ITEUR
2023-11-10 09:00:00;23.979;24.089;23.899;24.079;25.425;UCG.ITEUR
2023-11-10 10:00:00;24.076;24.079;24.009;24.069;21.798;UCG.ITEUR
2023-11-10 11:00:00;24.059;24.159;23.999;24.139;18.549;UCG.ITEUR
2023-11-10 12:00:00;24.129;24.209;24.099;24.129;23.103;UCG.ITEUR
2023-11-10 13:00:00;24.139;24.169;24.099;24.109;17.7255;UCG.ITEUR
2023-11-10 14:00:00;24.099;24.169;24.039;24.069;29.106;UCG.ITEUR
2023-11-10 15:00:00;24.069;24.089;23.829;23.909;32.778;UCG.ITEUR
2023-11-10 16:00:00;23.899;23.939;23.859;23.879;10.1835;UCG.ITEUR
2023-11-13 08:00:00;24.109;24.259;24.099;24.239;32.7825;UCG.ITEUR
2023-11-13 09:00:00;24.239;24.419;24.219;24.399;27.6615;UCG.ITEUR
2023-11-13 10:00:00;24.409;24.439;24.349;24.389;19.1115;UCG.ITEUR
2023-11-13 11:00:00;24.389;24.419;24.339;24.379;18.9;UCG.ITEUR
2023-11-13 12:00:00;24.369;24.409;24.359;24.389;11.2365;UCG.ITEUR
2023-11-13 13:00:00;24.379;24.489;24.369;24.449;12.2715;UCG.ITEUR
2023-11-13 14:00:00;24.459;24.489;24.359;24.479;21.636;UCG.ITEUR
2023-11-13 15:00:00;24.489;24.489;24.439;24.469;15.237;UCG.ITEUR
2023-11-13 16:00:00;24.459;24.539;24.439;24.529;8.8425;UCG.ITEUR
2023-11-14 08:00:00;24.899;24.949;24.749;24.949;36.639;UCG.ITEUR
2023-11-14 09:00:00;24.946;24.989;24.809;24.879;30.213;UCG.ITEUR
2023-11-14 10:00:00;24.889;24.929;24.789;24.849;21.186;UCG.ITEUR
2023-11-14 11:00:00;24.839;24.909;24.759;24.879;17.2665;UCG.ITEUR
2023-11-14 12:00:00;24.889;24.899;24.819;24.889;15.714;UCG.ITEUR
2023-11-14 13:00:00;24.886;24.989;24.249;24.279;61.2585;UCG.ITEUR
2023-11-14 14:00:00;24.299;24.699;24.249;24.609;49.6935;UCG.ITEUR
2023-11-14 15:00:00;24.619;24.689;24.549;24.569;34.146;UCG.ITEUR
2023-11-14 16:00:00;24.579;24.679;24.559;24.649;9.765;UCG.ITEUR
2023-11-15 08:00:00;24.739;24.859;24.659;24.779;54.18;UCG.ITEUR
2023-11-15 09:00:00;24.769;24.789;24.569;24.599;42.7725;UCG.ITEUR
2023-11-15 10:00:00;24.589;24.679;24.519;24.659;27.3105;UCG.ITEUR
2023-11-15 11:00:00;24.649;24.739;24.609;24.729;19.1655;UCG.ITEUR
2023-11-15 12:00:00;24.729;24.779;24.699;24.739;19.071;UCG.ITEUR
2023-11-15 13:00:00;24.736;24.779;24.699;24.719;26.5005;UCG.ITEUR
2023-11-15 14:00:00;24.729;24.749;24.649;24.679;28.935;UCG.ITEUR
2023-11-15 15:00:00;24.689;24.739;24.659;24.659;12.996;UCG.ITEUR
2023-11-15 16:00:00;24.659;24.719;24.659;24.719;3.8295;UCG.ITEUR
2023-11-16 08:00:00;24.779;24.919;24.739;24.909;28.9305;UCG.ITEUR
2023-11-16 09:00:00;24.906;24.909;24.819;24.859;13.293;UCG.ITEUR
2023-11-16 10:00:00;24.869;25.009;24.859;24.989;11.187;UCG.ITEUR
2023-11-16 11:00:00;24.979;25.009;24.909;24.999;11.016;UCG.ITEUR
2023-11-16 12:00:00;24.996;24.999;24.849;24.889;11.043;UCG.ITEUR
2023-11-16 13:00:00;24.886;24.999;24.879;24.959;13.1985;UCG.ITEUR
2023-11-16 14:00:00;24.956;24.969;24.839;24.879;19.8495;UCG.ITEUR
2023-11-16 15:00:00;24.869;24.899;24.799;24.799;14.6205;UCG.ITEUR
2023-11-16 16:00:00;24.809;24.819;24.779;24.819;3.348;UCG.ITEUR
2023-11-17 08:00:00;24.859;24.929;24.779;24.799;21.501;UCG.ITEUR
2023-11-17 09:00:00;24.809;24.949;24.809;24.949;18.4635;UCG.ITEUR
2023-11-17 10:00:00;24.939;24.949;24.859;24.889;12.879;UCG.ITEUR
2023-11-17 11:00:00;24.886;24.889;24.799;24.829;10.6875;UCG.ITEUR
2023-11-17 12:00:00;24.839;24.949;24.809;24.889;8.685;UCG.ITEUR
2023-11-17 13:00:00;24.886;24.899;24.829;24.849;4.9635;UCG.ITEUR
2023-11-17 14:00:00;24.839;24.899;24.839;24.849;10.4895;UCG.ITEUR
2023-11-17 15:00:00;24.846;24.979;24.839;24.969;10.2285;UCG.ITEUR
2023-11-17 16:00:00;24.966;24.989;24.939;24.979;4.5405;UCG.ITEUR
2023-11-20 08:00:00;25.309;25.469;25.249;25.329;46.9665;UCG.ITEUR
2023-11-20 09:00:00;25.329;25.429;25.309;25.369;24.876;UCG.ITEUR
2023-11-20 10:00:00;25.379;25.409;25.319;25.329;9.3645;UCG.ITEUR
2023-11-20 11:00:00;25.326;25.329;25.249;25.289;7.056;UCG.ITEUR
2023-11-20 12:00:00;25.279;25.309;25.229;25.249;6.7005;UCG.ITEUR
2023-11-20 13:00:00;25.259;25.289;25.209;25.269;7.1505;UCG.ITEUR
2023-11-20 14:00:00;25.279;25.309;25.239;25.239;10.791;UCG.ITEUR
2023-11-20 15:00:00;25.239;25.299;25.239;25.239;5.895;UCG.ITEUR
2023-11-20 16:00:00;25.249;25.259;25.219;25.239;2.376;UCG.ITEUR
2023-11-21 08:00:00;25.029;25.059;24.709;24.909;51.7995;UCG.ITEUR
2023-11-21 09:00:00;24.906;24.939;24.849;24.879;16.929;UCG.ITEUR
2023-11-21 10:00:00;24.876;24.919;24.789;24.799;18.5445;UCG.ITEUR
2023-11-21 11:00:00;24.789;24.989;24.739;24.909;15.6105;UCG.ITEUR
2023-11-21 12:00:00;24.899;24.929;24.809;24.819;10.152;UCG.ITEUR
2023-11-21 13:00:00;24.809;24.879;24.779;24.849;12.5865;UCG.ITEUR
2023-11-21 14:00:00;24.859;24.899;24.789;24.819;14.535;UCG.ITEUR
2023-11-21 15:00:00;24.829;24.909;24.789;24.899;10.3275;UCG.ITEUR
2023-11-21 16:00:00;24.896;24.899;24.839;24.869;3.186;UCG.ITEUR
2023-11-22 08:00:00;24.859;25.019;24.789;25.009;30.798;UCG.ITEUR
2023-11-22 09:00:00;25.019;25.049;24.849;24.849;14.4405;UCG.ITEUR
2023-11-22 10:00:00;24.839;24.939;24.829;24.919;13.3065;UCG.ITEUR
2023-11-22 11:00:00;24.909;24.949;24.839;24.869;9.2115;UCG.ITEUR
2023-11-22 12:00:00;24.859;24.899;24.799;24.829;8.793;UCG.ITEUR
2023-11-22 13:00:00;24.826;24.889;24.789;24.809;14.4945;UCG.ITEUR
2023-11-22 14:00:00;24.819;24.819;24.659;24.709;19.8;UCG.ITEUR
2023-11-22 15:00:00;24.709;24.889;24.699;24.839;16.3125;UCG.ITEUR
2023-11-22 16:00:00;24.836;24.836;24.779;24.799;5.4;UCG.ITEUR
2023-11-23 08:00:00;24.589;24.889;24.569;24.739;32.823;UCG.ITEUR
2023-11-23 09:00:00;24.736;24.809;24.729;24.729;11.556;UCG.ITEUR
2023-11-23 10:00:00;24.739;24.759;24.679;24.689;8.9685;UCG.ITEUR
2023-11-23 11:00:00;24.699;24.719;24.659;24.689;5.9445;UCG.ITEUR
2023-11-23 12:00:00;24.679;24.889;24.679;24.869;6.165;UCG.ITEUR
2023-11-23 13:00:00;24.866;24.889;24.839;24.879;4.806;UCG.ITEUR
2023-11-23 14:00:00;24.876;24.979;24.849;24.969;5.9265;UCG.ITEUR
2023-11-23 15:00:00;24.966;25.059;24.949;25.059;7.4115;UCG.ITEUR
2023-11-23 16:00:00;25.049;25.069;25.009;25.059;3.9735;UCG.ITEUR
2023-11-24 08:00:00;25.099;25.129;24.849;24.899;23.1795;UCG.ITEUR
2023-11-24 09:00:00;24.889;24.999;24.859;24.919;11.0025;UCG.ITEUR
2023-11-24 10:00:00;24.929;24.999;24.919;24.979;8.397;UCG.ITEUR
2023-11-24 11:00:00;24.959;24.959;24.909;24.929;6.075;UCG.ITEUR
2023-11-24 12:00:00;24.939;24.969;24.929;24.959;4.077;UCG.ITEUR
2023-11-24 13:00:00;24.969;25.079;24.949;25.079;8.6985;UCG.ITEUR
2023-11-24 14:00:00;25.076;25.169;25.049;25.119;11.187;UCG.ITEUR
2023-11-24 15:00:00;25.129;25.139;25.089;25.129;6.1155;UCG.ITEUR
2023-11-24 16:00:00;25.119;25.139;25.089;25.119;2.8575;UCG.ITEUR
2023-11-27 08:00:00;24.989;25.009;24.879;24.899;19.6515;UCG.ITEUR
2023-11-27 09:00:00;24.909;24.939;24.829;24.879;13.1715;UCG.ITEUR
2023-11-27 10:00:00;24.869;24.929;24.779;24.819;10.377;UCG.ITEUR
2023-11-27 11:00:00;24.809;24.949;24.799;24.909;5.0715;UCG.ITEUR
2023-11-27 12:00:00;24.919;24.969;24.849;24.899;5.4765;UCG.ITEUR
2023-11-27 13:00:00;24.889;24.909;24.839;24.889;4.8285;UCG.ITEUR
2023-11-27 14:00:00;24.899;24.939;24.869;24.879;7.011;UCG.ITEUR
2023-11-27 15:00:00;24.889;24.889;24.799;24.839;6.363;UCG.ITEUR
2023-11-27 16:00:00;24.849;24.869;24.809;24.849;4.383;UCG.ITEUR
2023-11-28 08:00:00;24.829;24.939;24.659;24.669;28.98;UCG.ITEUR
2023-11-28 09:00:00;24.659;24.729;24.549;24.669;15.147;UCG.ITEUR
2023-11-28 10:00:00;24.679;24.759;24.669;24.739;9.4095;UCG.ITEUR
2023-11-28 11:00:00;24.729;24.749;24.699;24.709;5.5935;UCG.ITEUR
2023-11-28 12:00:00;24.719;24.729;24.669;24.709;3.177;UCG.ITEUR
2023-11-28 13:00:00;24.719;24.759;24.689;24.709;4.941;UCG.ITEUR
2023-11-28 14:00:00;24.699;24.719;24.639;24.649;4.716;UCG.ITEUR
2023-11-28 15:00:00;24.639;24.729;24.609;24.719;5.5755;UCG.ITEUR
2023-11-28 16:00:00;24.729;24.769;24.719;24.769;3.1005;UCG.ITEUR
2023-11-29 08:00:00;24.749;24.869;24.639;24.819;45.8325;UCG.ITEUR
2023-11-29 09:00:00;24.819;24.929;24.809;24.909;17.8245;UCG.ITEUR
2023-11-29 10:00:00;24.919;25.009;24.879;24.959;11.6685;UCG.ITEUR
2023-11-29 11:00:00;24.949;24.959;24.869;24.909;5.643;UCG.ITEUR
2023-11-29 12:00:00;24.899;24.999;24.899;24.999;2.916;UCG.ITEUR
2023-11-29 14:00:00;25.009;25.039;24.989;25.039;3.06;UCG.ITEUR
2023-11-29 15:00:00;25.029;25.309;25.029;25.279;21.5865;UCG.ITEUR
2023-11-29 16:00:00;25.269;25.319;25.239;25.269;6.723;UCG.ITEUR
2023-11-30 08:00:00;25.209;25.319;24.979;25.089;44.9775;UCG.ITEUR
2023-11-30 09:00:00;25.079;25.139;24.999;25.049;15.498;UCG.ITEUR
2023-11-30 10:00:00;25.059;25.249;25.049;25.239;12.429;UCG.ITEUR
2023-11-30 11:00:00;25.229;25.249;24.979;24.989;12.771;UCG.ITEUR
2023-11-30 12:00:00;24.979;25.109;24.979;25.099;6.687;UCG.ITEUR
2023-11-30 13:00:00;25.109;25.109;24.999;25.029;7.713;UCG.ITEUR
2023-11-30 14:00:00;25.019;25.139;25.019;25.139;7.6365;UCG.ITEUR
2023-11-30 15:00:00;25.129;25.149;24.969;24.999;7.5015;UCG.ITEUR
2023-11-30 16:00:00;25.009;25.049;24.939;24.959;4.5;UCG.ITEUR
2023-12-01 08:00:00;25.089;25.109;24.979;25.059;16.6545;UCG.ITEUR
2023-12-01 09:00:00;25.049;25.089;25.009;25.059;7.218;UCG.ITEUR
2023-12-01 10:00:00;25.069;25.189;25.039;25.159;5.76;UCG.ITEUR
2023-12-01 11:00:00;25.149;25.149;25.099;25.119;3.267;UCG.ITEUR
2023-12-01 12:00:00;25.109;25.149;25.109;25.109;4.5;UCG.ITEUR
2023-12-01 13:00:00;25.099;25.169;25.099;25.149;2.88;UCG.ITEUR
2023-12-01 14:00:00;25.159;25.189;25.109;25.159;5.778;UCG.ITEUR
2023-12-01 15:00:00;25.179;25.199;25.149;25.159;5.22;UCG.ITEUR
2023-12-01 16:00:00;25.169;25.169;25.119;25.139;3.411;UCG.ITEUR
2023-12-04 08:00:00;25.089;25.209;25.089;25.139;20.6235;UCG.ITEUR
2023-12-04 09:00:00;25.149;25.169;25.109;25.119;7.7445;UCG.ITEUR
2023-12-04 10:00:00;25.129;25.159;25.089;25.129;3.618;UCG.ITEUR
2023-12-04 11:00:00;25.139;25.189;25.129;25.189;2.232;UCG.ITEUR
2023-12-04 12:00:00;25.179;25.199;25.149;25.189;3.9735;UCG.ITEUR
2023-12-04 13:00:00;25.179;25.269;25.159;25.239;4.7115;UCG.ITEUR
2023-12-04 14:00:00;25.229;25.309;25.219;25.249;6.9165;UCG.ITEUR
2023-12-04 15:00:00;25.259;25.259;25.209;25.219;6.039;UCG.ITEUR
2023-12-04 16:00:00;25.209;25.279;25.209;25.279;2.259;UCG.ITEUR
2023-12-05 08:00:00;25.289;25.329;25.179;25.239;20.8575;UCG.ITEUR
2023-12-05 09:00:00;25.249;25.319;25.229;25.309;7.2855;UCG.ITEUR
2023-12-05 10:00:00;25.299;25.319;25.259;25.259;3.7215;UCG.ITEUR
2023-12-05 11:00:00;25.249;25.289;25.149;25.149;4.2975;UCG.ITEUR
2023-12-05 12:00:00;25.139;25.239;25.129;25.229;4.5495;UCG.ITEUR
2023-12-05 13:00:00;25.239;25.239;25.159;25.159;3.807;UCG.ITEUR
2023-12-05 14:00:00;25.149;25.199;25.129;25.199;5.7645;UCG.ITEUR
2023-12-05 15:00:00;25.199;25.219;25.149;25.199;8.199;UCG.ITEUR
2023-12-05 16:00:00;25.189;25.239;25.189;25.219;2.016;UCG.ITEUR
2023-12-06 08:00:00;25.319;25.329;25.219;25.229;15.6735;UCG.ITEUR
2023-12-06 09:00:00;25.219;25.329;25.199;25.309;7.0335;UCG.ITEUR
2023-12-06 10:00:00;25.319;25.409;25.299;25.389;6.9255;UCG.ITEUR
2023-12-06 11:00:00;25.399;25.529;25.379;25.509;6.516;UCG.ITEUR
2023-12-06 12:00:00;25.519;25.619;25.479;25.619;8.3565;UCG.ITEUR
2023-12-06 13:00:00;25.629;25.709;25.619;25.619;10.0035;UCG.ITEUR
2023-12-06 14:00:00;25.616;25.759;25.599;25.749;13.0635;UCG.ITEUR
2023-12-06 15:00:00;25.739;25.779;25.689;25.719;8.379;UCG.ITEUR
2023-12-06 16:00:00;25.709;25.709;25.629;25.639;4.1175;UCG.ITEUR
2023-12-07 08:00:00;25.539;25.679;25.469;25.529;33.93;UCG.ITEUR
2023-12-07 09:00:00;25.539;25.579;25.399;25.399;13.0005;UCG.ITEUR
2023-12-07 10:00:00;25.399;25.479;25.309;25.329;14.1885;UCG.ITEUR
2023-12-07 11:00:00;25.319;25.359;25.169;25.179;10.1565;UCG.ITEUR
2023-12-07 12:00:00;25.169;25.229;25.049;25.079;14.058;UCG.ITEUR
2023-12-07 13:00:00;25.069;25.099;24.659;24.739;36.045;UCG.ITEUR
2023-12-07 14:00:00;24.749;24.909;24.689;24.829;37.755;UCG.ITEUR
2023-12-07 15:00:00;24.819;25.019;24.809;25.019;18.8865;UCG.ITEUR
2023-12-07 16:00:00;25.019;25.089;24.999;25.069;6.426;UCG.ITEUR
2023-12-08 08:00:00;25.019;25.079;24.859;24.989;29.5155;UCG.ITEUR
2023-12-08 09:00:00;24.999;25.119;24.919;24.989;19.9215;UCG.ITEUR
2023-12-08 10:00:00;24.979;25.029;24.899;24.899;8.1405;UCG.ITEUR
2023-12-08 11:00:00;24.909;24.909;24.679;24.819;15.1515;UCG.ITEUR
2023-12-08 12:00:00;24.829;24.919;24.749;24.889;8.5815;UCG.ITEUR
2023-12-08 13:00:00;24.899;25.169;24.889;25.079;33.102;UCG.ITEUR
2023-12-08 14:00:00;25.069;25.159;25.049;25.139;12.033;UCG.ITEUR
2023-12-08 15:00:00;25.139;25.219;25.099;25.199;9.0765;UCG.ITEUR
2023-12-08 16:00:00;25.209;25.259;25.199;25.259;3.519;UCG.ITEUR
2023-12-11 08:00:00;25.289;25.369;25.119;25.149;21.1635;UCG.ITEUR
2023-12-11 09:00:00;25.149;25.259;25.139;25.139;11.7135;UCG.ITEUR
2023-12-11 10:00:00;25.129;25.289;25.119;25.249;8.568;UCG.ITEUR
2023-12-11 11:00:00;25.239;25.289;25.179;25.239;7.8615;UCG.ITEUR
2023-12-11 12:00:00;25.249;25.319;25.229;25.289;3.8925;UCG.ITEUR
2023-12-11 13:00:00;25.299;25.379;25.289;25.299;4.7565;UCG.ITEUR
2023-12-11 14:00:00;25.289;25.359;25.239;25.269;6.5925;UCG.ITEUR
2023-12-11 15:00:00;25.279;25.299;25.239;25.269;3.996;UCG.ITEUR
2023-12-11 16:00:00;25.259;25.339;25.249;25.339;1.908;UCG.ITEUR
2023-12-12 08:00:00;25.309;25.559;25.299;25.479;22.0185;UCG.ITEUR
2023-12-12 09:00:00;25.469;25.509;25.359;25.389;7.209;UCG.ITEUR
2023-12-12 10:00:00;25.379;25.399;25.209;25.219;10.8765;UCG.ITEUR
2023-12-12 11:00:00;25.219;25.309;25.199;25.199;9.1215;UCG.ITEUR
2023-12-12 12:00:00;25.196;25.229;25.139;25.189;9.585;UCG.ITEUR
2023-12-12 13:00:00;25.199;25.289;25.189;25.229;22.2885;UCG.ITEUR
2023-12-12 14:00:00;25.219;25.239;25.009;25.169;18.666;UCG.ITEUR
2023-12-12 15:00:00;25.159;25.199;25.029;25.039;5.0715;UCG.ITEUR
2023-12-12 16:00:00;25.029;25.069;25.019;25.039;1.7685;UCG.ITEUR
2023-12-13 08:00:00;25.149;25.269;25.129;25.189;21.9555;UCG.ITEUR
2023-12-13 09:00:00;25.179;25.209;25.069;25.109;12.384;UCG.ITEUR
2023-12-13 10:00:00;25.099;25.149;24.969;25.009;16.173;UCG.ITEUR
2023-12-13 11:00:00;25.019;25.059;24.969;25.039;7.911;UCG.ITEUR
2023-12-13 12:00:00;25.049;25.099;24.969;25.009;4.383;UCG.ITEUR
2023-12-13 13:00:00;25.019;25.079;24.989;25.059;4.824;UCG.ITEUR
2023-12-13 14:00:00;25.069;25.099;25.009;25.029;6.4575;UCG.ITEUR
2023-12-13 15:00:00;25.019;25.079;24.989;25.039;6.183;UCG.ITEUR
2023-12-13 16:00:00;25.029;25.039;24.989;25.009;2.7855;UCG.ITEUR
2023-12-14 08:00:00;24.409;24.519;23.919;24.219;88.7175;UCG.ITEUR
2023-12-14 09:00:00;24.209;24.289;24.089;24.279;44.4555;UCG.ITEUR
2023-12-14 10:00:00;24.289;24.389;24.229;24.229;29.709;UCG.ITEUR
2023-12-14 11:00:00;24.229;24.329;24.139;24.209;29.781;UCG.ITEUR
2023-12-14 12:00:00;24.209;24.269;24.029;24.129;20.5155;UCG.ITEUR
2023-12-14 13:00:00;24.129;24.169;23.699;24.109;41.706;UCG.ITEUR
2023-12-14 14:00:00;24.099;24.169;23.809;23.889;44.4375;UCG.ITEUR
2023-12-14 15:00:00;23.879;23.889;23.619;23.859;30.411;UCG.ITEUR
2023-12-14 16:00:00;23.869;23.939;23.819;23.829;8.478;UCG.ITEUR
2023-12-15 08:00:00;23.779;23.789;23.509;23.749;52.254;UCG.ITEUR
2023-12-15 09:00:00;23.759;23.759;23.479;23.599;30.024;UCG.ITEUR
2023-12-15 10:00:00;23.589;23.959;23.579;23.729;42.0705;UCG.ITEUR
2023-12-15 11:00:00;23.739;23.869;23.579;23.629;18.8955;UCG.ITEUR
2023-12-15 12:00:00;23.639;23.639;23.549;23.599;16.047;UCG.ITEUR
2023-12-15 13:00:00;23.589;23.739;23.549;23.679;17.4375;UCG.ITEUR
2023-12-15 14:00:00;23.689;23.789;23.609;23.759;20.142;UCG.ITEUR
2023-12-15 15:00:00;23.769;23.839;23.739;23.769;9.8685;UCG.ITEUR
2023-12-15 16:00:00;23.759;23.799;23.729;23.789;6.408;UCG.ITEUR
2023-12-18 08:00:00;23.589;23.899;23.569;23.839;37.179;UCG.ITEUR
2023-12-18 09:00:00;23.829;23.899;23.739;23.889;13.068;UCG.ITEUR
2023-12-18 10:00:00;23.879;23.969;23.859;23.899;11.2905;UCG.ITEUR
2023-12-18 11:00:00;23.889;23.889;23.839;23.859;8.5995;UCG.ITEUR
2023-12-18 12:00:00;23.849;24.009;23.839;23.889;12.321;UCG.ITEUR
2023-12-18 13:00:00;23.879;24.009;23.829;24.009;15.066;UCG.ITEUR
2023-12-18 14:00:00;24.019;24.129;23.979;24.099;19.8585;UCG.ITEUR
2023-12-18 15:00:00;24.109;24.149;24.069;24.089;13.4595;UCG.ITEUR
2023-12-18 16:00:00;24.099;24.199;24.089;24.189;5.094;UCG.ITEUR
2023-12-19 08:00:00;24.119;24.269;24.019;24.099;35.6895;UCG.ITEUR
2023-12-19 09:00:00;24.109;24.159;24.059;24.149;17.2935;UCG.ITEUR
2023-12-19 10:00:00;24.149;24.329;24.149;24.289;13.6125;UCG.ITEUR
2023-12-19 11:00:00;24.299;24.509;24.279;24.489;16.578;UCG.ITEUR
2023-12-19 12:00:00;24.499;24.519;24.409;24.419;16.074;UCG.ITEUR
2023-12-19 13:00:00;24.429;24.509;24.419;24.459;8.649;UCG.ITEUR
2023-12-19 14:00:00;24.449;24.479;24.379;24.399;14.9355;UCG.ITEUR
2023-12-19 15:00:00;24.389;24.429;24.369;24.379;8.865;UCG.ITEUR
2023-12-19 16:00:00;24.369;24.389;24.339;24.339;2.664;UCG.ITEUR
2023-12-20 08:00:00;24.419;24.429;24.139;24.219;31.221;UCG.ITEUR
2023-12-20 09:00:00;24.229;24.269;24.099;24.259;14.103;UCG.ITEUR
2023-12-20 10:00:00;24.249;24.289;24.159;24.169;10.0755;UCG.ITEUR
2023-12-20 11:00:00;24.179;24.219;24.149;24.179;9.0765;UCG.ITEUR
2023-12-20 12:00:00;24.189;24.309;24.189;24.309;6.507;UCG.ITEUR
2023-12-20 13:00:00;24.319;24.439;24.319;24.379;8.8425;UCG.ITEUR
2023-12-20 14:00:00;24.389;24.419;24.309;24.339;10.251;UCG.ITEUR
2023-12-20 15:00:00;24.349;24.379;24.309;24.329;6.21;UCG.ITEUR
2023-12-20 16:00:00;24.319;24.359;24.319;24.349;2.4615;UCG.ITEUR
2023-12-21 08:00:00;24.309;24.459;24.269;24.369;30.519;UCG.ITEUR
2023-12-21 09:00:00;24.359;24.399;24.309;24.309;9.0585;UCG.ITEUR
2023-12-21 10:00:00;24.299;24.309;24.189;24.249;7.218;UCG.ITEUR
2023-12-21 11:00:00;24.239;24.279;24.169;24.169;7.83;UCG.ITEUR
2023-12-21 12:00:00;24.179;24.189;24.139;24.159;7.1235;UCG.ITEUR
2023-12-21 13:00:00;24.149;24.289;24.149;24.269;8.334;UCG.ITEUR
2023-12-21 15:00:00;24.269;24.309;24.239;24.299;9.8865;UCG.ITEUR
2023-12-21 16:00:00;24.309;24.339;24.289;24.309;3.9735;UCG.ITEUR
2023-12-22 08:00:00;24.359;24.429;24.219;24.219;18.081;UCG.ITEUR
2023-12-22 09:00:00;24.209;24.309;24.209;24.249;7.047;UCG.ITEUR
2023-12-22 10:00:00;24.239;24.419;24.239;24.399;9.4815;UCG.ITEUR
2023-12-22 11:00:00;24.409;24.409;24.279;24.299;8.406;UCG.ITEUR
2023-12-22 12:00:00;24.309;24.379;24.299;24.349;4.815;UCG.ITEUR
2023-12-22 13:00:00;24.359;24.409;24.329;24.369;7.8075;UCG.ITEUR
2023-12-22 14:00:00;24.379;24.379;24.309;24.319;4.995;UCG.ITEUR
2023-12-22 15:00:00;24.329;24.359;24.299;24.319;4.9365;UCG.ITEUR
2023-12-22 16:00:00;24.309;24.369;24.309;24.369;1.7055;UCG.ITEUR
2023-12-27 08:00:00;24.329;24.579;24.239;24.499;26.3295;UCG.ITEUR
2023-12-27 09:00:00;24.509;24.509;24.369;24.429;9.6255;UCG.ITEUR
2023-12-27 10:00:00;24.419;24.419;24.349;24.389;6.5115;UCG.ITEUR
2023-12-27 11:00:00;24.399;24.479;24.399;24.469;4.9455;UCG.ITEUR
2023-12-27 12:00:00;24.479;24.519;24.439;24.509;4.095;UCG.ITEUR
2023-12-27 13:00:00;24.499;24.539;24.489;24.499;6.8535;UCG.ITEUR
2023-12-27 14:00:00;24.489;24.499;24.409;24.459;8.6535;UCG.ITEUR
2023-12-27 15:00:00;24.449;24.489;24.409;24.419;5.796;UCG.ITEUR
2023-12-27 16:00:00;24.409;24.429;24.399;24.429;4.284;UCG.ITEUR
2023-12-28 08:00:00;24.499;24.529;24.449;24.449;12.411;UCG.ITEUR
2023-12-28 09:00:00;24.459;24.509;24.419;24.429;6.219;UCG.ITEUR
2023-12-28 10:00:00;24.439;24.519;24.429;24.479;8.199;UCG.ITEUR
2023-12-28 11:00:00;24.489;24.489;24.379;24.459;6.435;UCG.ITEUR
2023-12-28 12:00:00;24.469;24.479;24.399;24.429;3.132;UCG.ITEUR
2023-12-28 13:00:00;24.439;24.469;24.399;24.399;4.0455;UCG.ITEUR
2023-12-28 14:00:00;24.389;24.429;24.369;24.399;5.9535;UCG.ITEUR
2023-12-28 15:00:00;24.409;24.429;24.369;24.389;5.796;UCG.ITEUR
2023-12-28 16:00:00;24.399;24.469;24.369;24.449;3.4245;UCG.ITEUR
2023-12-29 08:00:00;24.429;24.589;24.419;24.589;9.171;UCG.ITEUR
2023-12-29 09:00:00;24.579;24.629;24.529;24.569;12.456;UCG.ITEUR
2023-12-29 10:00:00;24.559;24.599;24.529;24.589;9.0135;UCG.ITEUR
2023-12-29 11:00:00;24.579;24.619;24.559;24.579;3.852;UCG.ITEUR
2023-12-29 12:00:00;24.589;24.589;24.549;24.559;3.888;UCG.ITEUR
2023-12-29 13:00:00;24.569;24.599;24.539;24.539;3.852;UCG.ITEUR
2023-12-29 14:00:00;24.529;24.569;24.529;24.549;6.8535;UCG.ITEUR
2023-12-29 15:00:00;24.559;24.599;24.549;24.549;5.9895;UCG.ITEUR
2023-12-29 16:00:00;24.539;24.549;24.469;24.479;2.151;UCG.ITEUR
2024-01-02 08:00:00;24.829;25.339;24.759;25.289;55.494;UCG.ITEUR
2024-01-02 09:00:00;25.289;25.359;25.149;25.169;28.512;UCG.ITEUR
2024-01-02 10:00:00;25.159;25.259;25.129;25.169;12.915;UCG.ITEUR
2024-01-02 11:00:00;25.159;25.179;24.939;25.029;22.8285;UCG.ITEUR
2024-01-02 12:00:00;25.019;25.039;24.869;24.969;17.8335;UCG.ITEUR
2024-01-02 13:00:00;24.959;24.989;24.909;24.919;11.4255;UCG.ITEUR
2024-01-02 14:00:00;24.929;25.029;24.919;24.999;18.09;UCG.ITEUR
2024-01-02 15:00:00;24.999;25.119;24.979;25.069;18.549;UCG.ITEUR
2024-01-02 16:00:00;25.059;25.089;25.049;25.089;6.0975;UCG.ITEUR
2024-01-03 08:00:00;25.139;25.209;25.089;25.159;29.2365;UCG.ITEUR
2024-01-03 09:00:00;25.169;25.189;24.819;24.829;30.4965;UCG.ITEUR
2024-01-03 10:00:00;24.819;24.939;24.769;24.899;14.283;UCG.ITEUR
2024-01-03 11:00:00;24.909;24.989;24.859;24.939;11.4165;UCG.ITEUR
2024-01-03 12:00:00;24.929;24.979;24.899;24.939;7.875;UCG.ITEUR
2024-01-03 13:00:00;24.929;24.979;24.849;24.849;7.218;UCG.ITEUR
2024-01-03 14:00:00;24.859;24.859;24.699;24.769;16.317;UCG.ITEUR
2024-01-03 15:00:00;24.699;24.869;24.689;24.859;20.547;UCG.ITEUR
2024-01-03 16:00:00;24.869;24.939;24.859;24.909;6.156;UCG.ITEUR
2024-01-04 08:00:00;24.869;24.959;24.779;24.809;30.9375;UCG.ITEUR
2024-01-04 09:00:00;24.819;24.949;24.769;24.939;12.798;UCG.ITEUR
2024-01-04 10:00:00;24.949;24.969;24.889;24.959;6.3765;UCG.ITEUR
2024-01-04 11:00:00;24.969;25.119;24.949;25.099;9.7605;UCG.ITEUR
2024-01-04 12:00:00;25.089;25.159;25.029;25.139;14.319;UCG.ITEUR
2024-01-04 13:00:00;25.129;25.199;25.059;25.089;8.7525;UCG.ITEUR
2024-01-04 14:00:00;25.079;25.249;25.049;25.239;21.096;UCG.ITEUR
2024-01-04 15:00:00;25.229;25.489;25.209;25.479;16.1055;UCG.ITEUR
2024-01-04 16:00:00;25.489;25.579;25.469;25.559;6.723;UCG.ITEUR
2024-01-05 08:00:00;25.349;25.609;25.349;25.559;40.9725;UCG.ITEUR
2024-01-05 09:00:00;25.569;25.689;25.449;25.569;28.0125;UCG.ITEUR
2024-01-05 10:00:00;25.559;25.619;25.489;25.529;10.6695;UCG.ITEUR
2024-01-05 11:00:00;25.539;25.609;25.539;25.599;10.062;UCG.ITEUR
2024-01-05 12:00:00;25.589;25.659;25.579;25.629;5.013;UCG.ITEUR
2024-01-05 13:00:00;25.619;25.699;25.519;25.679;17.298;UCG.ITEUR
2024-01-05 14:00:00;25.689;25.899;25.679;25.879;20.205;UCG.ITEUR
2024-01-05 15:00:00;25.879;25.949;25.829;25.859;18.6705;UCG.ITEUR
2024-01-05 16:00:00;25.849;25.859;25.729;25.749;6.426;UCG.ITEUR
2024-01-08 08:00:00;25.839;26.069;25.829;25.899;48.1185;UCG.ITEUR
2024-01-08 09:00:00;25.909;25.919;25.689;25.779;34.8975;UCG.ITEUR
2024-01-08 10:00:00;25.769;25.939;25.759;25.879;20.277;UCG.ITEUR
2024-01-08 11:00:00;25.869;25.929;25.839;25.899;9.558;UCG.ITEUR
2024-01-08 12:00:00;25.889;25.999;25.879;25.989;6.1515;UCG.ITEUR
2024-01-08 13:00:00;25.979;25.999;25.959;25.989;3.411;UCG.ITEUR
2024-01-08 14:00:00;25.999;26.039;25.959;26.019;5.0895;UCG.ITEUR
2024-01-08 15:00:00;26.029;26.049;25.979;25.989;5.8635;UCG.ITEUR
2024-01-08 16:00:00;25.979;26.039;25.959;26.039;2.367;UCG.ITEUR
2024-01-09 08:00:00;26.009;26.099;25.759;25.919;54.378;UCG.ITEUR
2024-01-09 09:00:00;25.909;25.929;25.749;25.829;30.0105;UCG.ITEUR
2024-01-09 10:00:00;25.819;25.819;25.589;25.689;30.069;UCG.ITEUR
2024-01-09 11:00:00;25.699;25.729;25.389;25.569;19.3365;UCG.ITEUR
2024-01-09 12:00:00;25.559;25.629;25.479;25.579;22.4955;UCG.ITEUR
2024-01-09 13:00:00;25.589;25.609;25.429;25.499;21.4695;UCG.ITEUR
2024-01-09 14:00:00;25.509;25.529;25.369;25.429;26.5995;UCG.ITEUR
2024-01-09 15:00:00;25.439;25.599;25.399;25.569;23.238;UCG.ITEUR
2024-01-09 16:00:00;25.559;25.599;25.549;25.589;3.8655;UCG.ITEUR
2024-01-10 08:00:00;25.619;25.699;25.509;25.599;58.032;UCG.ITEUR
2024-01-10 09:00:00;25.589;25.739;25.589;25.729;23.7465;UCG.ITEUR
2024-01-10 10:00:00;25.719;25.739;25.619;25.649;12.1545;UCG.ITEUR
2024-01-10 11:00:00;25.659;25.659;25.559;25.589;10.44;UCG.ITEUR
2024-01-10 12:00:00;25.579;25.679;25.579;25.599;8.415;UCG.ITEUR
2024-01-10 13:00:00;25.609;25.669;25.589;25.609;6.822;UCG.ITEUR
2024-01-10 14:00:00;25.599;25.749;25.599;25.739;11.2455;UCG.ITEUR
2024-01-10 15:00:00;25.749;25.949;25.719;25.919;17.4735;UCG.ITEUR
2024-01-10 16:00:00;25.909;25.949;25.879;25.889;6.3;UCG.ITEUR
2024-01-11 08:00:00;26.039;26.179;25.999;26.089;42.993;UCG.ITEUR
2024-01-11 09:00:00;26.079;26.089;25.819;25.879;35.604;UCG.ITEUR
2024-01-11 10:00:00;25.889;25.939;25.739;25.809;16.938;UCG.ITEUR
2024-01-11 11:00:00;25.799;25.859;25.779;25.849;8.2395;UCG.ITEUR
2024-01-11 12:00:00;25.839;25.929;25.819;25.899;13.347;UCG.ITEUR
2024-01-11 13:00:00;25.889;26.049;25.879;25.919;41.238;UCG.ITEUR
2024-01-11 15:00:00;25.899;25.909;25.559;25.579;35.9685;UCG.ITEUR
2024-01-11 16:00:00;25.579;25.709;25.569;25.639;15.7905;UCG.ITEUR
2024-01-12 08:00:00;25.639;25.749;25.489;25.749;56.2185;UCG.ITEUR
2024-01-12 09:00:00;25.759;25.939;25.729;25.829;23.418;UCG.ITEUR
2024-01-12 10:00:00;25.839;25.949;25.819;25.919;15.471;UCG.ITEUR
2024-01-12 11:00:00;25.919;25.939;25.679;25.819;27.765;UCG.ITEUR
2024-01-12 12:00:00;25.809;25.839;25.649;25.699;27.4545;UCG.ITEUR
2024-01-12 13:00:00;25.709;25.819;25.689;25.779;29.0475;UCG.ITEUR
2024-01-12 14:00:00;25.789;25.859;25.729;25.759;26.523;UCG.ITEUR
2024-01-12 15:00:00;25.749;25.829;25.669;25.689;18.684;UCG.ITEUR
2024-01-12 16:00:00;25.679;25.709;25.619;25.619;6.0165;UCG.ITEUR
2024-01-15 08:00:00;25.649;25.719;25.429;25.449;57.3255;UCG.ITEUR
2024-01-15 09:00:00;25.439;25.619;25.369;25.559;35.0505;UCG.ITEUR
2024-01-15 10:00:00;25.569;25.699;25.529;25.699;12.9555;UCG.ITEUR
2024-01-15 11:00:00;25.689;25.739;25.629;25.719;10.3725;UCG.ITEUR
2024-01-15 12:00:00;25.709;25.829;25.679;25.759;10.206;UCG.ITEUR
2024-01-15 13:00:00;25.749;25.769;25.679;25.689;7.2;UCG.ITEUR
2024-01-15 14:00:00;25.679;25.699;25.589;25.649;8.766;UCG.ITEUR
2024-01-15 15:00:00;25.639;25.669;25.609;25.629;5.481;UCG.ITEUR
2024-01-15 16:00:00;25.639;25.669;25.619;25.639;2.655;UCG.ITEUR
2024-01-16 08:00:00;25.369;25.509;25.159;25.449;60.822;UCG.ITEUR
2024-01-16 09:00:00;25.449;25.549;25.379;25.519;30.807;UCG.ITEUR
2024-01-16 10:00:00;25.509;25.539;25.359;25.439;21.3525;UCG.ITEUR
2024-01-16 11:00:00;25.429;25.649;25.419;25.649;22.3425;UCG.ITEUR
2024-01-16 12:00:00;25.639;25.709;25.599;25.659;26.9415;UCG.ITEUR
2024-01-16 13:00:00;25.649;25.809;25.649;25.719;30.969;UCG.ITEUR
2024-01-16 14:00:00;25.729;25.729;25.559;25.719;42.8355;UCG.ITEUR
2024-01-16 15:00:00;25.709;25.819;25.709;25.809;23.8545;UCG.ITEUR
2024-01-16 16:00:00;25.799;25.859;25.739;25.799;12.4515;UCG.ITEUR
2024-01-17 08:00:00;25.589;25.799;25.549;25.779;73.7415;UCG.ITEUR
2024-01-17 09:00:00;25.779;25.899;25.699;25.859;43.7265;UCG.ITEUR
2024-01-17 10:00:00;25.869;25.899;25.729;25.789;23.589;UCG.ITEUR
2024-01-17 11:00:00;25.779;25.869;25.769;25.799;16.002;UCG.ITEUR
2024-01-17 12:00:00;25.809;25.849;25.759;25.779;9.306;UCG.ITEUR
2024-01-17 13:00:00;25.769;25.829;25.669;25.709;15.345;UCG.ITEUR
2024-01-17 14:00:00;25.719;25.819;25.699;25.759;22.743;UCG.ITEUR
2024-01-17 15:00:00;25.756;25.859;25.749;25.809;16.3845;UCG.ITEUR
2024-01-17 16:00:00;25.819;25.869;25.809;25.859;3.7125;UCG.ITEUR
2024-01-18 08:00:00;25.839;26.069;25.829;26.069;34.929;UCG.ITEUR
2024-01-18 09:00:00;26.079;26.349;26.069;26.329;31.887;UCG.ITEUR
2024-01-18 10:00:00;26.319;26.739;26.289;26.659;35.4195;UCG.ITEUR
2024-01-18 11:00:00;26.669;26.699;26.559;26.649;36.162;UCG.ITEUR
2024-01-18 12:00:00;26.639;26.799;26.569;26.679;22.275;UCG.ITEUR
2024-01-18 13:00:00;26.689;26.689;26.569;26.599;20.286;UCG.ITEUR
2024-01-18 14:00:00;26.589;26.719;26.589;26.679;26.397;UCG.ITEUR
2024-01-18 15:00:00;26.689;26.719;26.519;26.519;17.784;UCG.ITEUR
2024-01-18 16:00:00;26.529;26.589;26.469;26.549;5.796;UCG.ITEUR
2024-01-19 08:00:00;26.759;26.849;26.689;26.739;37.7505;UCG.ITEUR
2024-01-19 09:00:00;26.729;26.779;26.719;26.769;16.299;UCG.ITEUR
2024-01-19 10:00:00;26.759;26.819;26.729;26.789;12.6855;UCG.ITEUR
2024-01-19 11:00:00;26.779;26.779;26.649;26.659;10.611;UCG.ITEUR
2024-01-19 12:00:00;26.649;26.719;26.639;26.669;7.38;UCG.ITEUR
2024-01-19 13:00:00;26.679;26.689;26.499;26.519;7.1505;UCG.ITEUR
2024-01-19 14:00:00;26.509;26.639;26.509;26.569;15.246;UCG.ITEUR
2024-01-19 15:00:00;26.569;26.609;26.449;26.479;15.2505;UCG.ITEUR
2024-01-19 16:00:00;26.469;26.499;26.459;26.469;2.88;UCG.ITEUR
2024-01-22 08:00:00;26.649;26.759;26.589;26.729;42.5835;UCG.ITEUR
2024-01-22 09:00:00;26.719;26.769;26.549;26.579;14.166;UCG.ITEUR
2024-01-22 10:00:00;26.589;26.649;26.519;26.629;12.357;UCG.ITEUR
2024-01-22 11:00:00;26.619;26.689;26.569;26.679;10.8495;UCG.ITEUR
2024-01-22 12:00:00;26.669;26.689;26.559;26.609;9.8505;UCG.ITEUR
2024-01-22 13:00:00;26.619;26.639;26.469;26.549;15.3765;UCG.ITEUR
2024-01-22 14:00:00;26.539;26.619;26.519;26.549;23.7915;UCG.ITEUR
2024-01-22 15:00:00;26.539;26.539;26.419;26.439;11.7945;UCG.ITEUR
2024-01-22 16:00:00;26.429;26.509;26.409;26.459;10.5795;UCG.ITEUR
2024-01-23 08:00:00;26.569;26.699;26.549;26.629;36.639;UCG.ITEUR
2024-01-23 09:00:00;26.619;26.749;26.599;26.699;16.5735;UCG.ITEUR
2024-01-23 10:00:00;26.689;26.709;26.509;26.539;11.7495;UCG.ITEUR
2024-01-23 11:00:00;26.529;26.569;26.469;26.509;6.4215;UCG.ITEUR
2024-01-23 12:00:00;26.519;26.609;26.509;26.549;5.3325;UCG.ITEUR
2024-01-23 13:00:00;26.539;26.549;26.419;26.429;4.7925;UCG.ITEUR
2024-01-23 14:00:00;26.419;26.469;26.339;26.449;10.2465;UCG.ITEUR
2024-01-23 15:00:00;26.459;26.499;26.419;26.469;8.4735;UCG.ITEUR
2024-01-23 16:00:00;26.479;26.529;26.469;26.509;3.312;UCG.ITEUR
2024-01-24 08:00:00;26.659;26.759;26.599;26.719;42.7905;UCG.ITEUR
2024-01-24 09:00:00;26.709;26.739;26.609;26.729;23.8455;UCG.ITEUR
2024-01-24 10:00:00;26.719;26.749;26.679;26.749;8.7975;UCG.ITEUR
2024-01-24 11:00:00;26.739;26.909;26.739;26.879;11.367;UCG.ITEUR
2024-01-24 12:00:00;26.889;26.939;26.839;26.889;8.3565;UCG.ITEUR
2024-01-24 13:00:00;26.899;26.919;26.859;26.869;10.5075;UCG.ITEUR
2024-01-24 14:00:00;26.879;26.979;26.849;26.969;11.2995;UCG.ITEUR
2024-01-24 15:00:00;26.979;26.999;26.859;26.909;7.866;UCG.ITEUR
2024-01-24 16:00:00;26.899;26.959;26.869;26.949;3.195;UCG.ITEUR
2024-01-25 08:00:00;26.509;26.709;26.459;26.559;57.762;UCG.ITEUR
2024-01-25 09:00:00;26.569;26.639;26.519;26.599;18.693;UCG.ITEUR
2024-01-25 10:00:00;26.589;26.659;26.419;26.439;14.0895;UCG.ITEUR
2024-01-25 11:00:00;26.449;26.509;26.409;26.419;13.653;UCG.ITEUR
2024-01-25 12:00:00;26.409;26.599;26.399;26.559;9.432;UCG.ITEUR
2024-01-25 13:00:00;26.569;26.689;26.559;26.659;15.822;UCG.ITEUR
2024-01-25 14:00:00;26.649;26.729;26.619;26.639;16.128;UCG.ITEUR
2024-01-25 15:00:00;26.649;26.679;26.499;26.509;10.287;UCG.ITEUR
2024-01-25 16:00:00;26.519;26.549;26.489;26.539;3.384;UCG.ITEUR
2024-01-26 08:00:00;26.519;26.579;26.319;26.439;51.2685;UCG.ITEUR
2024-01-26 09:00:00;26.449;26.469;26.329;26.429;19.0575;UCG.ITEUR
2024-01-26 10:00:00;26.439;26.469;26.389;26.429;12.1995;UCG.ITEUR
2024-01-26 11:00:00;26.439;26.589;26.409;26.589;10.5615;UCG.ITEUR
2024-01-26 12:00:00;26.599;26.679;26.569;26.589;9.54;UCG.ITEUR
2024-01-26 13:00:00;26.579;26.689;26.539;26.629;14.751;UCG.ITEUR
2024-01-26 14:00:00;26.639;26.659;26.509;26.639;13.311;UCG.ITEUR
2024-01-26 16:00:00;26.669;26.679;26.639;26.649;2.7135;UCG.ITEUR
2024-01-29 08:00:00;26.869;27.059;26.719;26.759;44.8605;UCG.ITEUR
2024-01-29 09:00:00;26.749;26.749;26.509;26.519;25.0065;UCG.ITEUR
2024-01-29 10:00:00;26.529;26.629;26.489;26.619;11.493;UCG.ITEUR
2024-01-29 11:00:00;26.629;26.649;26.539;26.589;10.0035;UCG.ITEUR
2024-01-29 12:00:00;26.589;26.609;26.469;26.519;8.739;UCG.ITEUR
2024-01-29 13:00:00;26.509;26.579;26.479;26.579;8.1765;UCG.ITEUR
2024-01-29 14:00:00;26.569;26.629;26.559;26.609;10.0755;UCG.ITEUR
2024-01-29 15:00:00;26.599;26.669;26.569;26.659;8.0685;UCG.ITEUR
2024-01-29 16:00:00;26.669;26.699;26.659;26.689;3.447;UCG.ITEUR
2024-01-30 08:00:00;26.779;26.869;26.699;26.809;26.631;UCG.ITEUR
2024-01-30 09:00:00;26.799;26.969;26.769;26.939;21.069;UCG.ITEUR
2024-01-30 10:00:00;26.949;27.029;26.909;26.959;13.923;UCG.ITEUR
2024-01-30 11:00:00;26.969;27.059;26.929;27.009;14.742;UCG.ITEUR
2024-01-30 12:00:00;27.019;27.019;26.889;26.919;8.1045;UCG.ITEUR
2024-01-30 13:00:00;26.909;26.959;26.879;26.939;7.632;UCG.ITEUR
2024-01-30 14:00:00;26.929;27.009;26.879;27.009;7.686;UCG.ITEUR
2024-01-30 15:00:00;26.999;27.049;26.929;26.969;10.107;UCG.ITEUR
2024-01-30 16:00:00;26.959;26.999;26.959;26.979;2.4975;UCG.ITEUR
2024-01-31 08:00:00;27.229;27.479;27.159;27.449;34.803;UCG.ITEUR
2024-01-31 09:00:00;27.449;27.669;27.349;27.649;30.7305;UCG.ITEUR
2024-01-31 10:00:00;27.659;27.829;27.599;27.619;25.074;UCG.ITEUR
2024-01-31 11:00:00;27.609;27.799;27.599;27.759;13.725;UCG.ITEUR
2024-01-31 12:00:00;27.759;27.769;27.589;27.649;8.1315;UCG.ITEUR
2024-01-31 13:00:00;27.659;27.679;27.559;27.589;6.9885;UCG.ITEUR
2024-01-31 14:00:00;27.579;27.579;27.259;27.329;21.942;UCG.ITEUR
2024-01-31 15:00:00;27.339;27.389;27.069;27.089;15.039;UCG.ITEUR
2024-01-31 16:00:00;27.079;27.239;27.059;27.199;7.866;UCG.ITEUR
2024-02-01 08:00:00;26.919;27.189;26.879;27.059;71.352;UCG.ITEUR
2024-02-01 09:00:00;27.049;27.059;26.819;26.909;31.4055;UCG.ITEUR
2024-02-01 10:00:00;26.919;26.949;26.749;26.839;24.7815;UCG.ITEUR
2024-02-01 11:00:00;26.829;26.959;26.789;26.909;19.4175;UCG.ITEUR
2024-02-01 12:00:00;26.919;27.009;26.899;27.009;8.262;UCG.ITEUR
2024-02-01 13:00:00;26.999;27.019;26.899;26.899;11.151;UCG.ITEUR
2024-02-01 14:00:00;26.909;26.929;26.769;26.769;23.9085;UCG.ITEUR
2024-02-01 15:00:00;26.729;26.799;26.579;26.589;28.287;UCG.ITEUR
2024-02-01 16:00:00;26.599;26.609;26.499;26.579;19.746;UCG.ITEUR
2024-02-02 08:00:00;26.449;26.449;26.149;26.309;51.093;UCG.ITEUR
2024-02-02 09:00:00;26.319;26.389;26.219;26.389;31.23;UCG.ITEUR
2024-02-02 10:00:00;26.379;26.479;26.269;26.399;14.9265;UCG.ITEUR
2024-02-02 11:00:00;26.389;26.399;26.279;26.339;13.5675;UCG.ITEUR
2024-02-02 12:00:00;26.349;26.539;26.289;26.499;9.369;UCG.ITEUR
2024-02-02 13:00:00;26.509;26.689;26.449;26.519;24.075;UCG.ITEUR
2024-02-02 14:00:00;26.529;26.709;26.509;26.559;21.681;UCG.ITEUR
2024-02-02 15:00:00;26.549;26.779;26.499;26.659;13.9005;UCG.ITEUR
2024-02-02 16:00:00;26.649;26.669;26.569;26.619;5.5575;UCG.ITEUR
2024-02-05 08:00:00;28.419;29.339;28.399;29.189;98.9235;UCG.ITEUR
2024-02-05 09:00:00;29.189;29.369;29.179;29.369;70.3125;UCG.ITEUR
2024-02-05 10:00:00;29.359;29.439;29.259;29.299;54.4185;UCG.ITEUR
2024-02-05 11:00:00;29.289;29.369;29.199;29.309;41.202;UCG.ITEUR
2024-02-05 12:00:00;29.319;29.389;29.249;29.359;19.539;UCG.ITEUR
2024-02-05 13:00:00;29.349;29.359;29.059;29.059;27.0765;UCG.ITEUR
2024-02-05 14:00:00;29.069;29.089;28.649;28.789;58.0275;UCG.ITEUR
2024-02-05 15:00:00;28.779;28.869;28.559;28.859;54.801;UCG.ITEUR
2024-02-05 16:00:00;28.849;28.969;28.769;28.809;22.068;UCG.ITEUR
2024-02-06 08:00:00;29.439;29.439;28.899;28.919;61.758;UCG.ITEUR
2024-02-06 09:00:00;28.929;29.019;28.849;28.969;39.33;UCG.ITEUR
2024-02-06 10:00:00;28.959;29.079;28.939;29.009;16.1325;UCG.ITEUR
2024-02-06 11:00:00;28.999;29.179;28.939;29.079;20.556;UCG.ITEUR
2024-02-06 12:00:00;29.069;29.179;29.029;29.149;16.812;UCG.ITEUR
2024-02-06 13:00:00;29.139;29.189;28.999;29.089;18.828;UCG.ITEUR
2024-02-06 14:00:00;29.079;29.089;28.899;28.979;22.887;UCG.ITEUR
2024-02-06 15:00:00;28.989;29.009;28.819;28.839;20.529;UCG.ITEUR
2024-02-06 16:00:00;28.849;28.909;28.719;28.729;9.927;UCG.ITEUR
2024-02-07 08:00:00;28.949;28.969;28.629;28.829;53.3205;UCG.ITEUR
2024-02-07 09:00:00;28.819;28.969;28.729;28.939;26.442;UCG.ITEUR
2024-02-07 10:00:00;28.929;28.959;28.709;28.719;17.631;UCG.ITEUR
2024-02-07 11:00:00;28.709;28.749;28.599;28.729;25.803;UCG.ITEUR
2024-02-07 12:00:00;28.739;28.769;28.459;28.769;20.034;UCG.ITEUR
2024-02-07 13:00:00;28.769;28.849;28.689;28.729;20.4525;UCG.ITEUR
2024-02-07 14:00:00;28.719;28.739;28.509;28.549;33.804;UCG.ITEUR
2024-02-07 15:00:00;28.529;28.739;28.509;28.649;24.8535;UCG.ITEUR
2024-02-07 16:00:00;28.649;28.659;28.559;28.609;11.871;UCG.ITEUR
2024-02-08 08:00:00;28.679;28.809;28.439;28.779;52.317;UCG.ITEUR
2024-02-08 09:00:00;28.769;28.969;28.679;28.759;40.2615;UCG.ITEUR
2024-02-08 10:00:00;28.769;28.839;28.709;28.799;14.373;UCG.ITEUR
2024-02-08 11:00:00;28.789;28.859;28.739;28.849;10.035;UCG.ITEUR
2024-02-08 12:00:00;28.859;29.019;28.829;29.019;13.005;UCG.ITEUR
2024-02-08 13:00:00;29.009;29.119;28.979;29.019;14.3415;UCG.ITEUR
2024-02-08 14:00:00;29.019;29.129;29.019;29.089;15.3945;UCG.ITEUR
2024-02-08 15:00:00;29.079;29.199;28.929;28.939;15.462;UCG.ITEUR
2024-02-08 16:00:00;28.949;28.959;28.869;28.889;3.843;UCG.ITEUR
2024-02-09 08:00:00;28.909;29.059;28.849;29.009;40.068;UCG.ITEUR
2024-02-09 09:00:00;28.999;29.009;28.809;28.899;27.1665;UCG.ITEUR
2024-02-09 10:00:00;28.899;29.039;28.839;28.999;19.26;UCG.ITEUR
2024-02-09 11:00:00;28.989;29.039;28.949;28.959;17.2845;UCG.ITEUR
2024-02-09 12:00:00;28.969;29.019;28.889;29.019;13.122;UCG.ITEUR
2024-02-09 13:00:00;29.029;29.129;28.989;29.049;20.862;UCG.ITEUR
2024-02-09 14:00:00;29.039;29.109;28.959;28.979;16.929;UCG.ITEUR
2024-02-09 15:00:00;28.969;28.979;28.879;28.959;13.716;UCG.ITEUR
2024-02-09 16:00:00;28.969;29.059;28.969;29.029;5.886;UCG.ITEUR
2024-02-12 08:00:00;29.209;29.299;29.099;29.179;34.8795;UCG.ITEUR
2024-02-12 09:00:00;29.169;29.399;29.159;29.379;19.89;UCG.ITEUR
2024-02-12 10:00:00;29.389;29.439;29.279;29.279;10.9395;UCG.ITEUR
2024-02-12 11:00:00;29.289;29.299;29.199;29.229;7.983;UCG.ITEUR
2024-02-12 12:00:00;29.219;29.369;29.209;29.329;8.919;UCG.ITEUR
2024-02-12 13:00:00;29.319;29.419;29.279;29.409;6.894;UCG.ITEUR
2024-02-12 14:00:00;29.419;29.559;29.359;29.559;20.6145;UCG.ITEUR
2024-02-12 15:00:00;29.549;29.599;29.499;29.539;15.147;UCG.ITEUR
2024-02-12 16:00:00;29.549;29.599;29.509;29.529;8.5725;UCG.ITEUR
2024-02-13 08:00:00;29.559;29.579;29.359;29.379;37.3725;UCG.ITEUR
2024-02-13 09:00:00;29.389;29.399;29.249;29.289;15.651;UCG.ITEUR
2024-02-13 10:00:00;29.289;29.319;29.239;29.309;13.9365;UCG.ITEUR
2024-02-13 11:00:00;29.299;29.339;29.249;29.329;9.072;UCG.ITEUR
2024-02-13 12:00:00;29.319;29.409;29.299;29.389;10.9935;UCG.ITEUR
2024-02-13 13:00:00;29.379;29.569;29.239;29.479;39.258;UCG.ITEUR
2024-02-13 14:00:00;29.469;29.579;29.439;29.439;39.4335;UCG.ITEUR
2024-02-13 15:00:00;29.449;29.519;29.399;29.439;20.961;UCG.ITEUR
2024-02-13 16:00:00;29.449;29.489;29.409;29.419;4.4055;UCG.ITEUR
2024-02-14 08:00:00;29.359;29.559;29.309;29.539;38.5605;UCG.ITEUR
2024-02-14 09:00:00;29.529;29.769;29.529;29.709;28.746;UCG.ITEUR
2024-02-14 10:00:00;29.699;29.819;29.699;29.719;15.3675;UCG.ITEUR
2024-02-14 11:00:00;29.719;29.859;29.679;29.849;12.9555;UCG.ITEUR
2024-02-14 12:00:00;29.859;30.009;29.819;29.919;18.3735;UCG.ITEUR
2024-02-14 13:00:00;29.919;29.969;29.899;29.939;11.808;UCG.ITEUR
2024-02-14 14:00:00;29.929;30.009;29.919;29.989;10.161;UCG.ITEUR
2024-02-14 15:00:00;29.999;30.009;29.829;29.869;10.5075;UCG.ITEUR
2024-02-14 16:00:00;29.879;29.879;29.799;29.809;3.8655;UCG.ITEUR
2024-02-15 08:00:00;29.859;29.969;29.569;29.689;48.9915;UCG.ITEUR
2024-02-15 09:00:00;29.679;29.739;29.519;29.539;31.8555;UCG.ITEUR
2024-02-15 10:00:00;29.529;29.569;29.469;29.509;19.701;UCG.ITEUR
2024-02-15 11:00:00;29.499;29.509;29.399;29.479;13.8555;UCG.ITEUR
2024-02-15 12:00:00;29.479;29.599;29.469;29.569;11.5695;UCG.ITEUR
2024-02-15 13:00:00;29.559;29.589;29.469;29.579;18.7245;UCG.ITEUR
2024-02-15 14:00:00;29.569;29.689;29.529;29.669;16.7985;UCG.ITEUR
2024-02-15 15:00:00;29.679;29.729;29.629;29.639;21.6405;UCG.ITEUR
2024-02-15 16:00:00;29.629;29.639;29.559;29.569;5.985;UCG.ITEUR
2024-02-16 08:00:00;29.839;29.889;29.649;29.859;39.4245;UCG.ITEUR
2024-02-16 09:00:00;29.849;29.939;29.819;29.929;13.0545;UCG.ITEUR
2024-02-16 10:00:00;29.919;29.999;29.909;29.929;13.104;UCG.ITEUR
2024-02-16 11:00:00;29.939;29.939;29.759;29.849;9.9045;UCG.ITEUR
2024-02-16 12:00:00;29.839;29.859;29.729;29.759;6.129;UCG.ITEUR
2024-02-16 13:00:00;29.769;29.909;29.749;29.819;11.691;UCG.ITEUR
2024-02-16 14:00:00;29.809;29.849;29.719;29.779;10.1205;UCG.ITEUR
2024-02-16 15:00:00;29.779;29.889;29.759;29.759;12.303;UCG.ITEUR
2024-02-16 16:00:00;29.769;29.829;29.759;29.819;1.6335;UCG.ITEUR
2024-02-19 08:00:00;29.859;29.949;29.699;29.799;32.508;UCG.ITEUR
2024-02-19 09:00:00;29.809;29.879;29.719;29.759;13.9635;UCG.ITEUR
2024-02-19 10:00:00;29.756;29.889;29.689;29.849;8.847;UCG.ITEUR
2024-02-19 11:00:00;29.859;29.909;29.759;29.839;10.6335;UCG.ITEUR
2024-02-19 12:00:00;29.849;29.909;29.839;29.879;7.0695;UCG.ITEUR
2024-02-19 13:00:00;29.889;29.929;29.839;29.919;5.5575;UCG.ITEUR
2024-02-19 14:00:00;29.929;29.939;29.799;29.819;9.4095;UCG.ITEUR
2024-02-19 15:00:00;29.829;29.849;29.759;29.789;7.308;UCG.ITEUR
2024-02-19 16:00:00;29.779;29.819;29.779;29.799;2.952;UCG.ITEUR
2024-02-20 08:00:00;29.719;29.859;29.699;29.819;28.602;UCG.ITEUR
2024-02-20 09:00:00;29.829;29.879;29.719;29.739;15.9885;UCG.ITEUR
2024-02-20 10:00:00;29.749;29.779;29.719;29.739;7.434;UCG.ITEUR
2024-02-20 11:00:00;29.729;29.779;29.719;29.779;3.69;UCG.ITEUR
2024-02-20 12:00:00;29.789;29.889;29.789;29.809;5.598;UCG.ITEUR
2024-02-20 13:00:00;29.799;29.859;29.749;29.749;6.9525;UCG.ITEUR
2024-02-20 14:00:00;29.759;29.839;29.719;29.839;13.032;UCG.ITEUR
2024-02-20 15:00:00;29.849;29.919;29.829;29.909;11.709;UCG.ITEUR
2024-02-20 16:00:00;29.919;29.949;29.889;29.919;2.835;UCG.ITEUR
2024-02-21 08:00:00;30.069;30.399;30.009;30.299;36.4725;UCG.ITEUR
2024-02-21 09:00:00;30.309;30.469;30.299;30.439;16.632;UCG.ITEUR
2024-02-21 10:00:00;30.429;30.469;30.389;30.469;11.79;UCG.ITEUR
2024-02-21 11:00:00;30.459;30.519;30.409;30.499;7.767;UCG.ITEUR
2024-02-21 12:00:00;30.489;30.649;30.479;30.609;11.61;UCG.ITEUR
2024-02-21 13:00:00;30.619;30.669;30.509;30.509;9.9495;UCG.ITEUR
2024-02-21 14:00:00;30.499;30.509;30.379;30.449;13.3965;UCG.ITEUR
2024-02-21 15:00:00;30.459;30.489;30.419;30.459;9.2025;UCG.ITEUR
2024-02-21 16:00:00;30.449;30.479;30.389;30.459;3.672;UCG.ITEUR
2024-02-22 08:00:00;30.819;30.879;30.619;30.639;39.798;UCG.ITEUR
2024-02-22 09:00:00;30.629;30.639;30.479;30.589;24.0795;UCG.ITEUR
2024-02-22 10:00:00;30.589;30.679;30.579;30.669;10.2735;UCG.ITEUR
2024-02-22 11:00:00;30.659;30.669;30.609;30.639;5.292;UCG.ITEUR
2024-02-22 12:00:00;30.629;30.649;30.529;30.559;7.236;UCG.ITEUR
2024-02-22 13:00:00;30.549;30.569;30.469;30.509;12.708;UCG.ITEUR
2024-02-22 14:00:00;30.519;30.549;30.429;30.519;17.694;UCG.ITEUR
2024-02-22 15:00:00;30.529;30.539;30.269;30.399;14.6835;UCG.ITEUR
2024-02-22 16:00:00;30.409;30.449;30.399;30.429;4.032;UCG.ITEUR
2024-02-23 08:00:00;30.269;30.679;30.269;30.669;31.8285;UCG.ITEUR
2024-02-23 09:00:00;30.659;30.699;30.579;30.609;14.121;UCG.ITEUR
2024-02-23 10:00:00;30.599;30.679;30.559;30.659;10.134;UCG.ITEUR
2024-02-23 11:00:00;30.669;30.699;30.639;30.679;5.1165;UCG.ITEUR
2024-02-23 12:00:00;30.689;30.769;30.669;30.749;6.813;UCG.ITEUR
2024-02-23 13:00:00;30.759;30.889;30.729;30.859;7.074;UCG.ITEUR
2024-02-23 14:00:00;30.849;30.989;30.819;30.979;14.3325;UCG.ITEUR
2024-02-23 15:00:00;30.969;31.049;30.939;30.999;11.601;UCG.ITEUR
2024-02-23 16:00:00;30.989;31.009;30.969;30.989;3.6045;UCG.ITEUR
2024-02-26 08:00:00;31.049;31.069;30.829;30.959;23.697;UCG.ITEUR
2024-02-26 09:00:00;30.949;30.989;30.869;30.879;11.7135;UCG.ITEUR
2024-02-26 10:00:00;30.889;30.989;30.819;30.839;11.853;UCG.ITEUR
2024-02-26 11:00:00;30.829;30.949;30.829;30.939;8.037;UCG.ITEUR
2024-02-26 12:00:00;30.949;30.979;30.909;30.919;3.636;UCG.ITEUR
2024-02-26 13:00:00;30.909;30.919;30.829;30.909;6.21;UCG.ITEUR
2024-02-26 14:00:00;30.899;30.919;30.849;30.899;9.891;UCG.ITEUR
2024-02-26 15:00:00;30.909;30.919;30.839;30.889;8.8335;UCG.ITEUR
2024-02-26 16:00:00;30.899;30.909;30.879;30.899;3.2805;UCG.ITEUR
2024-02-27 08:00:00;30.919;31.029;30.819;30.849;30.2625;UCG.ITEUR
2024-02-27 09:00:00;30.859;30.979;30.809;30.929;23.256;UCG.ITEUR
2024-02-27 10:00:00;30.919;30.949;30.829;30.839;14.769;UCG.ITEUR
2024-02-27 11:00:00;30.849;30.869;30.759;30.809;7.308;UCG.ITEUR
2024-02-27 12:00:00;30.819;30.859;30.699;30.739;9.756;UCG.ITEUR
2024-02-27 13:00:00;30.739;30.819;30.519;30.749;24.3315;UCG.ITEUR
2024-02-27 14:00:00;30.749;30.799;30.699;30.729;16.6455;UCG.ITEUR
2024-02-27 15:00:00;30.739;30.879;30.669;30.879;21.285;UCG.ITEUR
2024-02-27 16:00:00;30.876;30.876;30.759;30.769;4.9365;UCG.ITEUR
2024-02-28 08:00:00;30.589;30.729;30.549;30.689;29.7045;UCG.ITEUR
2024-02-28 09:00:00;30.699;30.919;30.689;30.859;17.2035;UCG.ITEUR
2024-02-28 10:00:00;30.869;30.939;30.819;30.879;10.3455;UCG.ITEUR
2024-02-28 11:00:00;30.869;30.929;30.849;30.879;4.5855;UCG.ITEUR
2024-02-28 12:00:00;30.869;30.959;30.849;30.939;4.3605;UCG.ITEUR
2024-02-28 13:00:00;30.949;30.989;30.919;30.939;4.1895;UCG.ITEUR
2024-02-28 14:00:00;30.929;31.099;30.929;31.059;9.6795;UCG.ITEUR
2024-02-28 15:00:00;31.049;31.059;30.919;30.959;7.443;UCG.ITEUR
2024-02-28 16:00:00;30.969;31.009;30.949;30.959;3.699;UCG.ITEUR
2024-02-29 08:00:00;30.929;31.169;30.919;31.149;27.4905;UCG.ITEUR
2024-02-29 09:00:00;31.159;31.189;31.039;31.079;14.616;UCG.ITEUR
2024-02-29 10:00:00;31.069;31.109;30.999;31.049;9.8145;UCG.ITEUR
2024-02-29 11:00:00;31.059;31.149;31.039;31.149;5.5125;UCG.ITEUR
2024-02-29 12:00:00;31.159;31.199;31.109;31.139;4.7295;UCG.ITEUR
2024-02-29 13:00:00;31.129;31.179;31.089;31.139;8.5095;UCG.ITEUR
2024-02-29 14:00:00;31.149;31.209;31.119;31.139;9.7875;UCG.ITEUR
2024-02-29 15:00:00;31.149;31.149;30.929;30.929;8.613;UCG.ITEUR
2024-02-29 16:00:00;30.939;31.029;30.929;31.029;6.102;UCG.ITEUR
2024-03-01 08:00:00;31.089;31.229;31.039;31.219;25.497;UCG.ITEUR
2024-03-01 09:00:00;31.219;31.299;31.199;31.269;28.719;UCG.ITEUR
2024-03-01 10:00:00;31.259;31.279;31.169;31.179;15.2595;UCG.ITEUR
2024-03-01 11:00:00;31.189;31.299;31.159;31.299;9.153;UCG.ITEUR
2024-03-01 12:00:00;31.289;31.319;31.199;31.239;8.4285;UCG.ITEUR
2024-03-01 13:00:00;31.229;31.259;31.209;31.219;4.14;UCG.ITEUR
2024-03-01 14:00:00;31.229;31.259;31.089;31.129;13.0725;UCG.ITEUR
2024-03-01 15:00:00;31.129;31.169;31.029;31.049;13.824;UCG.ITEUR
2024-03-01 16:00:00;31.059;31.099;30.989;30.999;4.3245;UCG.ITEUR
2024-03-04 08:00:00;31.029;31.239;30.999;31.199;29.466;UCG.ITEUR
2024-03-04 09:00:00;31.209;31.279;31.179;31.249;10.908;UCG.ITEUR
2024-03-04 10:00:00;31.259;31.389;31.209;31.339;9.378;UCG.ITEUR
2024-03-04 11:00:00;31.329;31.339;31.209;31.249;7.956;UCG.ITEUR
2024-03-04 12:00:00;31.239;31.239;31.099;31.109;5.679;UCG.ITEUR
2024-03-04 13:00:00;31.099;31.219;31.099;31.179;3.24;UCG.ITEUR
2024-03-04 14:00:00;31.189;31.209;31.139;31.149;4.608;UCG.ITEUR
2024-03-04 15:00:00;31.159;31.269;31.129;31.249;5.8005;UCG.ITEUR
2024-03-04 16:00:00;31.259;31.319;31.229;31.289;4.932;UCG.ITEUR
2024-03-05 08:00:00;31.029;31.289;30.999;31.219;36.477;UCG.ITEUR
2024-03-05 09:00:00;31.209;31.329;31.199;31.289;16.875;UCG.ITEUR
2024-03-05 10:00:00;31.299;31.309;31.199;31.279;5.553;UCG.ITEUR
2024-03-05 11:00:00;31.269;31.379;31.269;31.319;6.903;UCG.ITEUR
2024-03-05 12:00:00;31.309;31.359;31.299;31.299;4.5495;UCG.ITEUR
2024-03-05 13:00:00;31.309;31.389;31.309;31.369;4.824;UCG.ITEUR
2024-03-05 14:00:00;31.359;31.569;31.359;31.559;13.0815;UCG.ITEUR
2024-03-05 15:00:00;31.559;31.629;31.439;31.479;22.1985;UCG.ITEUR
2024-03-05 16:00:00;31.489;31.539;31.399;31.419;5.715;UCG.ITEUR
2024-03-06 08:00:00;31.229;31.509;31.229;31.359;24.8715;UCG.ITEUR
2024-03-06 09:00:00;31.349;31.569;31.319;31.539;13.176;UCG.ITEUR
2024-03-06 10:00:00;31.549;31.599;31.489;31.549;7.9335;UCG.ITEUR
2024-03-06 11:00:00;31.559;31.679;31.529;31.599;8.577;UCG.ITEUR
2024-03-06 12:00:00;31.609;31.609;31.509;31.589;7.974;UCG.ITEUR
2024-03-06 13:00:00;31.599;31.599;31.549;31.579;6.894;UCG.ITEUR
2024-03-06 14:00:00;31.589;31.609;31.369;31.429;10.647;UCG.ITEUR
2024-03-06 15:00:00;31.419;31.459;31.319;31.369;9.3015;UCG.ITEUR
2024-03-06 16:00:00;31.359;31.429;31.349;31.419;3.4605;UCG.ITEUR
2024-03-07 08:00:00;31.479;31.499;31.389;31.399;32.4945;UCG.ITEUR
2024-03-07 09:00:00;31.409;31.499;31.269;31.439;16.389;UCG.ITEUR
2024-03-07 10:00:00;31.439;31.509;31.389;31.479;13.6665;UCG.ITEUR
2024-03-07 11:00:00;31.469;31.499;31.409;31.489;6.7095;UCG.ITEUR
2024-03-07 12:00:00;31.479;31.549;31.449;31.449;7.686;UCG.ITEUR
2024-03-07 13:00:00;31.439;31.459;30.739;30.899;57.2895;UCG.ITEUR
2024-03-07 14:00:00;30.889;31.309;30.759;31.259;47.1105;UCG.ITEUR
2024-03-07 15:00:00;31.269;31.279;31.169;31.169;22.1085;UCG.ITEUR
2024-03-07 16:00:00;31.179;31.349;31.169;31.329;11.43;UCG.ITEUR
2024-03-08 08:00:00;31.189;31.279;31.019;31.079;41.922;UCG.ITEUR
2024-03-08 09:00:00;31.089;31.109;30.949;30.969;16.4295;UCG.ITEUR
2024-03-08 10:00:00;30.959;31.079;30.909;31.059;14.4405;UCG.ITEUR
2024-03-08 11:00:00;31.069;31.069;30.899;30.909;6.354;UCG.ITEUR
2024-03-08 12:00:00;30.899;30.929;30.799;30.849;4.554;UCG.ITEUR
2024-03-08 13:00:00;30.859;30.939;30.829;30.929;13.6755;UCG.ITEUR
2024-03-08 14:00:00;30.919;30.939;30.719;30.789;9.4095;UCG.ITEUR
2024-03-08 15:00:00;30.799;30.839;30.719;30.809;7.6005;UCG.ITEUR
2024-03-08 16:00:00;30.819;30.839;30.749;30.779;3.987;UCG.ITEUR
2024-03-11 08:00:00;30.299;30.509;30.189;30.319;47.853;UCG.ITEUR
2024-03-11 09:00:00;30.329;30.679;30.329;30.669;26.1945;UCG.ITEUR
2024-03-11 10:00:00;30.679;30.759;30.579;30.689;16.5825;UCG.ITEUR
2024-03-11 11:00:00;30.679;30.719;30.629;30.679;10.9215;UCG.ITEUR
2024-03-11 12:00:00;30.669;30.739;30.619;30.719;11.6505;UCG.ITEUR
2024-03-11 13:00:00;30.709;30.829;30.709;30.789;10.584;UCG.ITEUR
2024-03-11 14:00:00;30.799;30.799;30.699;30.749;10.4625;UCG.ITEUR
2024-03-11 15:00:00;30.759;30.909;30.759;30.899;11.772;UCG.ITEUR
2024-03-11 16:00:00;30.889;31.009;30.889;30.989;7.1955;UCG.ITEUR
2024-03-12 08:00:00;31.139;31.159;30.929;31.059;24.57;UCG.ITEUR
2024-03-12 09:00:00;31.069;31.129;30.919;31.019;15.8985;UCG.ITEUR
2024-03-12 10:00:00;31.009;31.089;30.929;31.019;11.556;UCG.ITEUR
2024-03-12 11:00:00;31.029;31.169;31.019;31.149;6.786;UCG.ITEUR
2024-03-12 12:00:00;31.149;31.169;31.029;31.099;20.466;UCG.ITEUR
2024-03-12 13:00:00;31.099;31.339;31.089;31.329;17.4015;UCG.ITEUR
2024-03-12 14:00:00;31.326;31.429;31.259;31.419;12.717;UCG.ITEUR
2024-03-12 15:00:00;31.409;31.689;31.409;31.689;22.0545;UCG.ITEUR
2024-03-12 16:00:00;31.679;31.689;31.649;31.679;5.9715;UCG.ITEUR
2024-03-13 08:00:00;31.869;31.999;31.639;31.839;44.9775;UCG.ITEUR
2024-03-13 09:00:00;31.849;32.279;31.839;32.189;44.559;UCG.ITEUR
2024-03-13 10:00:00;32.189;32.509;32.169;32.359;29.6955;UCG.ITEUR
2024-03-13 11:00:00;32.359;32.509;32.299;32.319;25.4925;UCG.ITEUR
2024-03-13 12:00:00;32.309;32.339;32.179;32.339;23.256;UCG.ITEUR
2024-03-13 13:00:00;32.329;32.399;32.289;32.359;17.127;UCG.ITEUR
2024-03-13 14:00:00;32.349;32.359;32.179;32.279;15.3315;UCG.ITEUR
2024-03-13 15:00:00;32.269;32.279;32.169;32.219;17.0325;UCG.ITEUR
2024-03-13 16:00:00;32.229;32.229;32.149;32.189;5.535;UCG.ITEUR
2024-03-14 08:00:00;32.199;32.479;32.179;32.439;39.1185;UCG.ITEUR
2024-03-14 09:00:00;32.439;32.479;32.299;32.329;23.085;UCG.ITEUR
2024-03-14 10:00:00;32.319;32.399;32.209;32.209;14.7465;UCG.ITEUR
2024-03-14 11:00:00;32.199;32.299;32.159;32.289;9.3465;UCG.ITEUR
2024-03-14 12:00:00;32.299;32.369;32.289;32.309;8.8875;UCG.ITEUR
2024-03-14 13:00:00;32.319;32.339;32.079;32.089;19.9125;UCG.ITEUR
2024-03-14 14:00:00;32.079;32.319;32.079;32.129;24.246;UCG.ITEUR
2024-03-14 15:00:00;32.119;32.209;32.089;32.139;17.1045;UCG.ITEUR
2024-03-14 16:00:00;32.149;32.249;32.129;32.229;6.552;UCG.ITEUR
2024-03-15 08:00:00;32.179;32.349;32.149;32.309;19.8135;UCG.ITEUR
2024-03-15 09:00:00;32.309;32.399;32.299;32.389;14.6025;UCG.ITEUR
2024-03-15 10:00:00;32.379;32.499;32.319;32.459;16.2405;UCG.ITEUR
2024-03-15 11:00:00;32.449;32.609;32.399;32.569;13.428;UCG.ITEUR
2024-03-15 12:00:00;32.569;32.729;32.539;32.709;16.605;UCG.ITEUR
2024-03-15 13:00:00;32.699;32.709;32.549;32.609;15.174;UCG.ITEUR
2024-03-15 14:00:00;32.599;32.789;32.569;32.769;16.3575;UCG.ITEUR
2024-03-15 15:00:00;32.779;32.819;32.579;32.809;20.547;UCG.ITEUR
2024-03-15 16:00:00;32.799;32.809;32.759;32.799;5.589;UCG.ITEUR
2024-03-18 08:00:00;32.889;33.369;32.849;33.309;43.686;UCG.ITEUR
2024-03-18 09:00:00;33.309;33.339;33.219;33.309;32.8275;UCG.ITEUR
2024-03-18 10:00:00;33.319;33.329;33.079;33.109;29.3625;UCG.ITEUR
2024-03-18 11:00:00;33.099;33.239;33.079;33.239;16.281;UCG.ITEUR
2024-03-18 12:00:00;33.229;33.289;33.199;33.229;13.401;UCG.ITEUR
2024-03-18 13:00:00;33.239;33.279;33.069;33.159;19.6695;UCG.ITEUR
2024-03-18 14:00:00;33.149;33.199;33.079;33.179;21.402;UCG.ITEUR
2024-03-18 15:00:00;33.169;33.249;33.129;33.239;12.51;UCG.ITEUR
2024-03-18 16:00:00;33.249;33.249;33.169;33.169;4.59;UCG.ITEUR
2024-03-19 08:00:00;33.289;33.679;33.249;33.669;41.8635;UCG.ITEUR
2024-03-19 09:00:00;33.659;33.709;33.509;33.569;31.4955;UCG.ITEUR
2024-03-19 10:00:00;33.569;33.639;33.509;33.529;17.1495;UCG.ITEUR
2024-03-19 11:00:00;33.519;33.609;33.519;33.569;9.1035;UCG.ITEUR
2024-03-19 12:00:00;33.579;33.739;33.569;33.739;11.4705;UCG.ITEUR
2024-03-19 13:00:00;33.739;33.819;33.669;33.689;13.7115;UCG.ITEUR
2024-03-19 14:00:00;33.689;33.769;33.609;33.719;18.4545;UCG.ITEUR
2024-03-19 15:00:00;33.729;33.809;33.689;33.759;9.0945;UCG.ITEUR
2024-03-19 16:00:00;33.749;33.829;33.749;33.829;4.194;UCG.ITEUR
2024-03-20 08:00:00;33.929;33.939;33.799;33.939;29.187;UCG.ITEUR
2024-03-20 09:00:00;33.929;33.929;33.809;33.889;10.35;UCG.ITEUR
2024-03-20 10:00:00;33.899;33.909;33.779;33.789;10.1475;UCG.ITEUR
2024-03-20 11:00:00;33.799;33.799;33.659;33.719;10.422;UCG.ITEUR
2024-03-20 12:00:00;33.709;33.869;33.669;33.759;11.403;UCG.ITEUR
2024-03-20 13:00:00;33.769;33.789;33.579;33.699;17.1495;UCG.ITEUR
2024-03-20 14:00:00;33.689;33.869;33.679;33.829;11.367;UCG.ITEUR
2024-03-20 15:00:00;33.839;33.889;33.799;33.819;6.597;UCG.ITEUR
2024-03-20 16:00:00;33.809;33.859;33.809;33.839;4.1085;UCG.ITEUR
2024-03-21 08:00:00;34.149;34.269;33.999;34.009;45.819;UCG.ITEUR
2024-03-21 09:00:00;34.009;34.009;33.769;33.839;36.9585;UCG.ITEUR
2024-03-21 10:00:00;33.829;33.869;33.559;33.599;28.8495;UCG.ITEUR
2024-03-21 11:00:00;33.589;33.679;33.499;33.559;25.9875;UCG.ITEUR
2024-03-21 12:00:00;33.539;33.809;33.509;33.779;16.065;UCG.ITEUR
2024-03-21 13:00:00;33.769;33.869;33.679;33.779;22.761;UCG.ITEUR
2024-03-21 14:00:00;33.769;33.809;33.649;33.689;32.436;UCG.ITEUR
2024-03-21 15:00:00;33.679;33.889;33.679;33.879;14.823;UCG.ITEUR
2024-03-21 16:00:00;33.869;33.889;33.819;33.879;4.8735;UCG.ITEUR
2024-03-22 08:00:00;33.819;33.839;33.679;33.809;30.168;UCG.ITEUR
2024-03-22 09:00:00;33.799;33.949;33.769;33.919;23.3235;UCG.ITEUR
2024-03-22 10:00:00;33.909;33.939;33.819;33.849;9.9;UCG.ITEUR
2024-03-22 11:00:00;33.839;33.909;33.719;33.729;13.095;UCG.ITEUR
2024-03-22 12:00:00;33.719;33.749;33.669;33.699;17.73;UCG.ITEUR
2024-03-22 13:00:00;33.709;33.739;33.589;33.619;21.15;UCG.ITEUR
2024-03-22 14:00:00;33.609;33.639;33.439;33.599;25.587;UCG.ITEUR
2024-03-22 15:00:00;33.599;33.739;33.579;33.669;16.164;UCG.ITEUR
2024-03-22 16:00:00;33.669;33.729;33.579;33.579;8.0235;UCG.ITEUR
2024-03-25 08:00:00;33.529;33.829;33.499;33.809;26.379;UCG.ITEUR
2024-03-25 09:00:00;33.799;33.889;33.729;33.849;18.963;UCG.ITEUR
2024-03-25 10:00:00;33.849;33.849;33.729;33.759;20.3985;UCG.ITEUR
2024-03-25 11:00:00;33.749;33.809;33.729;33.739;13.7835;UCG.ITEUR
2024-03-25 12:00:00;33.749;33.819;33.739;33.799;9.5175;UCG.ITEUR
2024-03-25 13:00:00;33.809;33.959;33.779;33.949;14.2965;UCG.ITEUR
2024-03-25 14:00:00;33.949;34.169;33.949;34.139;25.3935;UCG.ITEUR
2024-03-25 15:00:00;34.119;34.139;34.009;34.039;14.328;UCG.ITEUR
2024-03-25 16:00:00;34.049;34.059;33.999;34.029;5.823;UCG.ITEUR
2024-03-26 08:00:00;34.189;34.419;34.169;34.399;27.2115;UCG.ITEUR
2024-03-26 09:00:00;34.389;34.519;34.339;34.499;16.6095;UCG.ITEUR
2024-03-26 10:00:00;34.509;34.519;34.319;34.329;12.8475;UCG.ITEUR
2024-03-26 11:00:00;34.319;34.389;34.309;34.389;6.624;UCG.ITEUR
2024-03-26 12:00:00;34.399;34.439;34.289;34.349;9.567;UCG.ITEUR
2024-03-26 13:00:00;34.339;34.439;34.319;34.439;8.8515;UCG.ITEUR
2024-03-26 14:00:00;34.439;34.529;34.439;34.529;9.3645;UCG.ITEUR
2024-03-26 15:00:00;34.519;34.539;34.429;34.479;6.7725;UCG.ITEUR
2024-03-26 16:00:00;34.469;34.489;34.449;34.479;3.6855;UCG.ITEUR
2024-03-27 08:00:00;34.369;34.579;34.329;34.579;14.0805;UCG.ITEUR
2024-03-27 09:00:00;34.589;34.649;34.519;34.529;19.2645;UCG.ITEUR
2024-03-27 10:00:00;34.519;34.519;34.369;34.409;15.3405;UCG.ITEUR
2024-03-27 11:00:00;34.399;34.499;34.359;34.369;8.775;UCG.ITEUR
2024-03-27 12:00:00;34.359;34.439;34.309;34.429;11.772;UCG.ITEUR
2024-03-27 13:00:00;34.439;34.529;34.419;34.509;12.6405;UCG.ITEUR
2024-03-27 14:00:00;34.499;34.579;34.459;34.489;14.4405;UCG.ITEUR
2024-03-27 15:00:00;34.479;34.519;34.459;34.469;7.182;UCG.ITEUR
2024-03-27 16:00:00;34.459;34.479;34.339;34.369;5.3055;UCG.ITEUR
2024-03-28 08:00:00;34.649;34.679;34.529;34.579;15.948;UCG.ITEUR
2024-03-28 09:00:00;34.569;34.759;34.569;34.749;12.141;UCG.ITEUR
2024-03-28 10:00:00;34.759;34.849;34.739;34.759;14.4855;UCG.ITEUR
2024-03-28 11:00:00;34.769;34.869;34.769;34.839;17.928;UCG.ITEUR
2024-03-28 12:00:00;34.829;34.869;34.719;34.769;21.8745;UCG.ITEUR
2024-03-28 13:00:00;34.759;34.989;34.729;34.949;22.014;UCG.ITEUR
2024-03-28 14:00:00;34.959;35.269;34.929;35.249;34.83;UCG.ITEUR
2024-03-28 15:00:00;35.239;35.299;35.209;35.239;16.5915;UCG.ITEUR
2024-03-28 16:00:00;35.229;35.239;35.169;35.179;7.3575;UCG.ITEUR
2024-04-02 07:00:00;35.429;35.489;35.199;35.469;48.249;UCG.ITEUR
2024-04-02 08:00:00;35.459;35.559;35.339;35.359;40.6845;UCG.ITEUR
2024-04-02 09:00:00;35.369;35.529;35.359;35.439;36.549;UCG.ITEUR
2024-04-02 10:00:00;35.429;35.479;35.349;35.439;26.4015;UCG.ITEUR
2024-04-02 11:00:00;35.429;35.489;35.389;35.419;29.025;UCG.ITEUR
2024-04-02 12:00:00;35.419;35.439;35.269;35.329;27.8055;UCG.ITEUR
2024-04-02 13:00:00;35.319;35.339;34.849;34.889;57.5955;UCG.ITEUR
2024-04-02 14:00:00;34.889;35.099;34.839;34.999;37.062;UCG.ITEUR
2024-04-02 15:00:00;35.009;35.139;34.989;35.109;10.35;UCG.ITEUR
2024-04-03 07:00:00;35.469;35.739;35.459;35.569;55.593;UCG.ITEUR
2024-04-03 08:00:00;35.559;35.689;35.519;35.559;38.646;UCG.ITEUR
2024-04-03 09:00:00;35.549;35.559;35.439;35.439;30.663;UCG.ITEUR
2024-04-03 10:00:00;35.429;35.569;35.409;35.489;24.2955;UCG.ITEUR
2024-04-03 11:00:00;35.489;35.639;35.439;35.639;18.54;UCG.ITEUR
2024-04-03 12:00:00;35.629;35.669;35.499;35.569;24.795;UCG.ITEUR
2024-04-03 13:00:00;35.559;35.649;35.539;35.609;21.0465;UCG.ITEUR
2024-04-03 14:00:00;35.619;35.659;35.519;35.609;24.003;UCG.ITEUR
2024-04-03 15:00:00;35.619;35.639;35.589;35.619;4.6215;UCG.ITEUR
2024-04-04 07:00:00;35.659;35.809;35.549;35.549;35.397;UCG.ITEUR
2024-04-04 08:00:00;35.559;35.699;35.539;35.649;19.521;UCG.ITEUR
2024-04-04 09:00:00;35.659;35.659;35.509;35.549;23.8095;UCG.ITEUR
2024-04-04 10:00:00;35.539;35.589;35.459;35.589;16.884;UCG.ITEUR
2024-04-04 11:00:00;35.599;35.619;35.539;35.599;10.4445;UCG.ITEUR
2024-04-04 12:00:00;35.609;35.729;35.589;35.649;17.9055;UCG.ITEUR
2024-04-04 13:00:00;35.639;35.669;35.489;35.559;26.8065;UCG.ITEUR
2024-04-04 14:00:00;35.549;35.579;35.489;35.549;14.094;UCG.ITEUR
2024-04-04 15:00:00;35.559;35.589;35.519;35.519;3.843;UCG.ITEUR
2024-04-05 07:00:00;34.769;34.919;34.389;34.419;65.34;UCG.ITEUR
2024-04-05 08:00:00;34.409;34.629;34.409;34.529;39.852;UCG.ITEUR
2024-04-05 09:00:00;34.519;34.619;34.419;34.529;41.0085;UCG.ITEUR
2024-04-05 10:00:00;34.519;34.529;34.169;34.199;23.1525;UCG.ITEUR
2024-04-05 11:00:00;34.189;34.279;34.129;34.229;24.237;UCG.ITEUR
2024-04-05 12:00:00;34.239;34.769;34.229;34.689;43.488;UCG.ITEUR
2024-04-05 13:00:00;34.699;34.729;34.549;34.599;43.767;UCG.ITEUR
2024-04-05 14:00:00;34.609;34.779;34.559;34.779;36.7335;UCG.ITEUR
2024-04-05 15:00:00;34.789;34.939;34.769;34.909;9.315;UCG.ITEUR
2024-04-08 07:00:00;34.979;35.039;34.799;34.849;6.01645;UCG.ITEUR
2024-04-08 08:00:00;34.849;35.059;34.849;34.979;5.33327;UCG.ITEUR
2024-04-08 09:00:00;34.979;35.029;34.949;34.979;2.75293;UCG.ITEUR
2024-04-08 10:00:00;34.969;35.089;34.919;35.049;1.62783;UCG.ITEUR
2024-04-08 11:00:00;35.049;35.089;34.999;35.019;1.5435;UCG.ITEUR
2024-04-08 12:00:00;35.019;35.069;34.959;35.029;1.59645;UCG.ITEUR
2024-04-08 13:00:00;35.026;35.139;35.019;35.109;2.14821;UCG.ITEUR
2024-04-08 14:00:00;35.099;35.339;35.029;35.299;4.52655;UCG.ITEUR
2024-04-08 15:00:00;35.309;35.359;35.279;35.339;0.83157;UCG.ITEUR
2024-04-09 07:00:00;35.509;35.559;35.209;35.269;5.02995;UCG.ITEUR
2024-04-09 08:00:00;35.259;35.299;34.909;35.049;4.35789;UCG.ITEUR
2024-04-09 09:00:00;35.039;35.149;34.779;34.829;5.61439;UCG.ITEUR
2024-04-09 10:00:00;34.829;34.849;34.639;34.719;6.7676;UCG.ITEUR
2024-04-09 11:00:00;34.729;34.889;34.699;34.869;4.46968;UCG.ITEUR
2024-04-09 12:00:00;34.869;34.989;34.839;34.949;4.30232;UCG.ITEUR
2024-04-09 13:00:00;34.949;35.009;34.609;34.719;5.05544;UCG.ITEUR
2024-04-09 14:00:00;34.709;34.799;34.519;34.549;7.15854;UCG.ITEUR
2024-04-09 15:00:00;34.539;34.609;34.519;34.579;0.95643;UCG.ITEUR
2024-04-10 07:00:00;34.699;34.829;34.409;34.469;6.61658;UCG.ITEUR
2024-04-10 08:00:00;34.459;34.679;34.369;34.669;4.12973;UCG.ITEUR
2024-04-10 09:00:00;34.669;34.739;34.579;34.579;3.57993;UCG.ITEUR
2024-04-10 10:00:00;34.589;34.679;34.579;34.639;3.86823;UCG.ITEUR
2024-04-10 11:00:00;34.649;34.689;34.569;34.619;3.1138;UCG.ITEUR
2024-04-10 12:00:00;34.609;34.639;34.279;34.369;9.70686;UCG.ITEUR
2024-04-10 13:00:00;34.359;34.969;34.189;34.899;13.06253;UCG.ITEUR
2024-04-10 14:00:00;34.889;35.129;34.889;35.019;7.42527;UCG.ITEUR
2024-04-10 15:00:00;35.029;35.039;34.899;34.979;1.54873;UCG.ITEUR
2024-04-11 07:00:00;34.969;34.979;34.729;34.889;6.12889;UCG.ITEUR
2024-04-11 08:00:00;34.899;34.909;34.479;34.509;6.31193;UCG.ITEUR
2024-04-11 09:00:00;34.499;34.589;34.379;34.479;7.71684;UCG.ITEUR
2024-04-11 10:00:00;34.479;34.569;34.229;34.269;7.2383;UCG.ITEUR
2024-04-11 11:00:00;34.259;34.339;34.219;34.249;6.427;UCG.ITEUR
2024-04-11 12:00:00;34.239;34.369;34.149;34.199;12.45912;UCG.ITEUR
2024-04-11 13:00:00;34.189;34.239;33.859;34.019;12.18194;UCG.ITEUR
2024-04-11 14:00:00;34.029;34.039;33.579;33.879;12.05443;UCG.ITEUR
2024-04-11 15:00:00;33.889;34.119;33.859;34.039;2.99547;UCG.ITEUR
2024-04-12 07:00:00;34.399;34.599;34.319;34.479;6.91536;UCG.ITEUR
2024-04-12 08:00:00;34.489;34.579;34.459;34.489;5.89682;UCG.ITEUR
2024-04-12 09:00:00;34.499;34.559;34.399;34.529;4.2984;UCG.ITEUR
2024-04-12 10:00:00;34.529;34.669;34.409;34.459;4.2108;UCG.ITEUR
2024-04-12 11:00:00;34.449;34.589;34.419;34.489;3.6806;UCG.ITEUR
2024-04-12 12:00:00;34.479;34.579;34.139;34.149;5.08682;UCG.ITEUR
2024-04-12 13:00:00;34.159;34.329;34.059;34.199;9.6343;UCG.ITEUR
2024-04-12 14:00:00;34.099;34.259;33.899;33.899;9.36036;UCG.ITEUR
2024-04-12 15:00:00;33.909;34.039;33.859;34.029;3.64727;UCG.ITEUR
2024-04-15 07:00:00;34.379;34.599;34.299;34.569;8.34418;UCG.ITEUR
2024-04-15 08:00:00;34.579;34.599;34.489;34.549;3.34585;UCG.ITEUR
2024-04-15 09:00:00;34.559;34.619;34.469;34.489;3.10981;UCG.ITEUR
2024-04-15 10:00:00;34.499;34.699;34.479;34.639;2.35071;UCG.ITEUR
2024-04-15 11:00:00;34.629;34.779;34.549;34.619;4.32717;UCG.ITEUR
2024-04-15 12:00:00;34.619;34.699;34.499;34.639;5.57693;UCG.ITEUR
2024-04-15 13:00:00;34.649;34.729;34.559;34.609;5.98095;UCG.ITEUR
2024-04-15 14:00:00;34.599;34.639;34.349;34.369;10.60772;UCG.ITEUR
2024-04-15 15:00:00;34.359;34.389;34.279;34.309;2.08491;UCG.ITEUR
2024-04-16 07:00:00;33.659;33.749;33.449;33.659;10.76775;UCG.ITEUR
2024-04-16 08:00:00;33.649;33.669;33.479;33.629;10.97539;UCG.ITEUR
2024-04-16 09:00:00;33.569;33.739;33.559;33.629;9.25945;UCG.ITEUR
2024-04-16 10:00:00;33.639;33.669;33.529;33.539;4.90182;UCG.ITEUR
2024-04-16 11:00:00;33.549;33.839;33.529;33.839;5.73498;UCG.ITEUR
2024-04-16 12:00:00;33.829;33.859;33.639;33.779;6.14494;UCG.ITEUR
2024-04-16 13:00:00;33.789;33.839;33.599;33.679;9.36454;UCG.ITEUR
2024-04-16 14:00:00;33.689;33.809;33.579;33.629;9.23031;UCG.ITEUR
2024-04-16 15:00:00;33.639;33.669;33.549;33.579;2.54975;UCG.ITEUR
2024-04-17 07:00:00;33.769;34.109;33.689;34.029;8.40572;UCG.ITEUR
2024-04-17 08:00:00;34.019;34.199;33.999;34.139;5.75481;UCG.ITEUR
2024-04-17 09:00:00;34.129;34.309;34.109;34.229;4.75565;UCG.ITEUR
2024-04-17 10:00:00;34.219;34.389;34.219;34.309;4.37344;UCG.ITEUR
2024-04-17 11:00:00;34.299;34.459;34.299;34.319;4.59896;UCG.ITEUR
2024-04-17 12:00:00;34.309;34.369;34.179;34.359;4.26965;UCG.ITEUR
2024-04-17 13:00:00;34.349;34.479;34.319;34.419;4.98043;UCG.ITEUR
2024-04-17 15:00:00;34.389;34.499;34.379;34.449;2.09348;UCG.ITEUR
2024-04-18 07:00:00;34.689;34.919;34.689;34.779;7.72603;UCG.ITEUR
2024-04-18 08:00:00;34.759;34.779;34.589;34.639;6.18259;UCG.ITEUR
2024-04-18 09:00:00;34.639;34.689;34.479;34.649;5.02414;UCG.ITEUR
2024-04-18 10:00:00;34.639;34.809;34.609;34.769;3.67191;UCG.ITEUR
2024-04-18 11:00:00;34.759;34.799;34.629;34.789;3.87822;UCG.ITEUR
2024-04-18 12:00:00;34.789;34.809;34.589;34.729;7.22543;UCG.ITEUR
2024-04-18 13:00:00;34.729;34.829;34.639;34.809;8.944;UCG.ITEUR
2024-04-18 14:00:00;34.819;34.909;34.719;34.879;8.03944;UCG.ITEUR
2024-04-18 15:00:00;34.879;34.989;34.879;34.979;1.73908;UCG.ITEUR
2024-04-19 07:00:00;34.859;34.939;34.639;34.699;9.86842;UCG.ITEUR
2024-04-19 08:00:00;34.689;34.729;34.499;34.529;5.88508;UCG.ITEUR
2024-04-19 09:00:00;34.519;35.049;34.519;34.959;7.71409;UCG.ITEUR
2024-04-19 10:00:00;34.969;35.079;34.699;34.749;7.54744;UCG.ITEUR
2024-04-19 11:00:00;34.749;34.999;34.719;34.989;3.8385;UCG.ITEUR
2024-04-19 12:00:00;34.979;35.069;34.879;35.059;3.02056;UCG.ITEUR
2024-04-19 13:00:00;35.049;35.249;34.989;35.199;4.76354;UCG.ITEUR
2024-04-19 14:00:00;35.189;35.229;35.099;35.189;3.93629;UCG.ITEUR
2024-04-19 15:00:00;35.179;35.269;35.179;35.249;1.65574;UCG.ITEUR
2024-04-22 07:00:00;34.189;34.189;33.569;33.659;11.40765;UCG.ITEUR
2024-04-22 08:00:00;33.649;33.869;33.599;33.849;7.8787;UCG.ITEUR
2024-04-22 09:00:00;33.849;34.019;33.829;33.959;5.0172;UCG.ITEUR
2024-04-22 10:00:00;33.969;34.039;33.919;33.969;2.49549;UCG.ITEUR
2024-04-22 11:00:00;33.959;34.019;33.909;33.969;2.4048;UCG.ITEUR
2024-04-22 12:00:00;33.979;34.069;33.929;34.009;4.58099;UCG.ITEUR
2024-04-22 13:00:00;34.009;34.119;33.999;34.069;6.52986;UCG.ITEUR
2024-04-22 14:00:00;34.079;34.119;33.999;34.089;5.26;UCG.ITEUR
2024-04-22 15:00:00;34.086;34.129;34.009;34.129;1.8715;UCG.ITEUR
2024-04-23 07:00:00;34.409;34.669;34.379;34.599;5.32452;UCG.ITEUR
2024-04-23 08:00:00;34.609;34.699;34.559;34.599;5.21086;UCG.ITEUR
2024-04-23 09:00:00;34.609;34.779;34.589;34.719;3.82156;UCG.ITEUR
2024-04-23 10:00:00;34.709;34.989;34.689;34.919;3.91359;UCG.ITEUR
2024-04-23 11:00:00;34.929;34.969;34.859;34.919;3.86822;UCG.ITEUR
2024-04-23 12:00:00;34.919;34.919;34.819;34.909;2.28479;UCG.ITEUR
2024-04-23 13:00:00;34.919;35.019;34.889;35.009;3.52776;UCG.ITEUR
2024-04-23 14:00:00;34.999;35.219;34.999;35.189;3.41343;UCG.ITEUR
2024-04-23 15:00:00;35.199;35.279;35.149;35.269;1.30362;UCG.ITEUR
2024-04-24 07:00:00;35.469;35.569;35.319;35.459;7.86094;UCG.ITEUR
2024-04-24 08:00:00;35.459;35.509;35.179;35.189;5.46053;UCG.ITEUR
2024-04-24 09:00:00;35.179;35.399;35.169;35.199;4.14602;UCG.ITEUR
2024-04-24 10:00:00;35.189;35.349;35.179;35.259;2.46488;UCG.ITEUR
2024-04-24 11:00:00;35.269;35.349;35.209;35.229;1.67218;UCG.ITEUR
2024-04-24 12:00:00;35.239;35.249;35.019;35.029;3.81903;UCG.ITEUR
2024-04-24 13:00:00;35.019;35.229;34.939;35.109;6.55918;UCG.ITEUR
2024-04-24 14:00:00;35.109;35.149;34.839;34.839;7.0804;UCG.ITEUR
2024-04-24 15:00:00;34.849;35.009;34.819;34.979;2.05226;UCG.ITEUR
2024-04-25 07:00:00;35.179;35.199;34.869;35.069;7.6233;UCG.ITEUR
2024-04-25 08:00:00;35.059;35.199;34.999;35.009;4.7426;UCG.ITEUR
2024-04-25 09:00:00;35.009;35.029;34.869;34.969;2.88199;UCG.ITEUR
2024-04-25 10:00:00;34.979;35.079;34.929;34.949;2.95988;UCG.ITEUR
2024-04-25 11:00:00;34.939;35.059;34.859;35.009;3.00081;UCG.ITEUR
2024-04-25 12:00:00;34.999;35.119;34.659;34.659;8.09538;UCG.ITEUR
2024-04-25 13:00:00;34.649;34.699;34.489;34.599;9.52933;UCG.ITEUR
2024-04-25 14:00:00;34.599;34.899;34.559;34.889;9.24962;UCG.ITEUR
2024-04-25 15:00:00;34.879;34.919;34.839;34.859;3.09341;UCG.ITEUR
2024-04-26 07:00:00;34.889;35.219;34.889;35.149;5.5826;UCG.ITEUR
2024-04-26 08:00:00;35.159;35.339;35.089;35.329;5.0748;UCG.ITEUR
2024-04-26 09:00:00;35.319;35.469;35.289;35.419;2.95291;UCG.ITEUR
2024-04-26 10:00:00;35.409;35.449;35.299;35.399;4.00232;UCG.ITEUR
2024-04-26 11:00:00;35.389;35.469;35.339;35.349;4.58997;UCG.ITEUR
2024-04-26 12:00:00;35.349;35.409;35.269;35.369;6.17402;UCG.ITEUR
2024-04-26 13:00:00;35.379;35.429;35.239;35.369;5.73399;UCG.ITEUR
2024-04-26 14:00:00;35.359;35.429;35.329;35.379;4.98277;UCG.ITEUR
2024-04-26 15:00:00;35.369;35.419;35.349;35.389;1.18165;UCG.ITEUR
2024-04-29 07:00:00;35.629;35.699;35.399;35.619;9.41127;UCG.ITEUR
2024-04-29 08:00:00;35.629;35.629;35.299;35.329;4.91178;UCG.ITEUR
2024-04-29 09:00:00;35.319;35.369;35.149;35.189;4.97096;UCG.ITEUR
2024-04-29 10:00:00;35.179;35.199;34.979;35.079;3.7157;UCG.ITEUR
2024-04-29 11:00:00;35.069;35.099;34.939;34.989;2.30124;UCG.ITEUR
2024-04-29 12:00:00;34.979;35.029;34.879;34.959;4.58724;UCG.ITEUR
2024-04-29 13:00:00;34.949;35.099;34.829;34.869;4.92637;UCG.ITEUR
2024-04-29 14:00:00;34.859;35.129;34.839;35.079;5.1447;UCG.ITEUR
2024-04-29 15:00:00;35.069;35.159;35.049;35.099;1.39459;UCG.ITEUR
2024-04-30 07:00:00;35.109;35.239;34.929;34.989;6.50549;UCG.ITEUR
2024-04-30 08:00:00;34.999;35.119;34.899;34.909;4.77686;UCG.ITEUR
2024-04-30 09:00:00;34.919;35.019;34.819;34.909;5.80816;UCG.ITEUR
2024-04-30 10:00:00;34.909;34.979;34.859;34.959;4.53894;UCG.ITEUR
2024-04-30 11:00:00;34.959;35.019;34.779;34.919;5.27378;UCG.ITEUR
2024-04-30 12:00:00;34.909;34.979;34.819;34.889;7.73924;UCG.ITEUR
2024-04-30 13:00:00;34.859;34.989;34.699;34.789;7.99299;UCG.ITEUR
2024-04-30 14:00:00;34.779;34.889;34.579;34.679;6.18428;UCG.ITEUR
2024-04-30 15:00:00;34.669;34.679;34.529;34.619;3.19516;UCG.ITEUR
2024-05-02 07:00:00;34.999;35.079;34.809;35.009;9.58942;UCG.ITEUR
2024-05-02 08:00:00;34.999;35.169;34.669;34.709;8.09486;UCG.ITEUR
2024-05-02 09:00:00;34.699;34.829;34.689;34.699;5.93792;UCG.ITEUR
2024-05-02 10:00:00;34.689;34.769;34.669;34.729;3.09784;UCG.ITEUR
2024-05-02 11:00:00;34.729;34.789;34.679;34.679;2.36997;UCG.ITEUR
2024-05-02 12:00:00;34.689;34.869;34.649;34.839;3.18561;UCG.ITEUR
2024-05-02 13:00:00;34.849;34.979;34.819;34.879;5.16051;UCG.ITEUR
2024-05-02 14:00:00;34.889;35.049;34.839;34.909;5.73941;UCG.ITEUR
2024-05-02 15:00:00;34.899;34.939;34.859;34.899;1.57145;UCG.ITEUR
2024-05-03 07:00:00;34.909;34.919;34.659;34.789;5.78081;UCG.ITEUR
2024-05-03 08:00:00;34.789;34.859;34.679;34.709;3.44396;UCG.ITEUR
2024-05-03 09:00:00;34.699;34.789;34.669;34.739;2.86689;UCG.ITEUR
2024-05-03 10:00:00;34.759;34.759;34.379;34.579;4.50329;UCG.ITEUR
2024-05-03 11:00:00;34.569;34.669;34.489;34.519;3.47321;UCG.ITEUR
2024-05-03 12:00:00;34.529;34.569;33.899;34.119;8.96966;UCG.ITEUR
2024-05-03 13:00:00;34.149;34.199;34.029;34.149;7.97324;UCG.ITEUR
2024-05-03 14:00:00;34.159;34.289;33.839;34.119;8.10103;UCG.ITEUR
2024-05-03 15:00:00;34.129;34.219;34.119;34.219;1.75028;UCG.ITEUR
2024-05-06 07:00:00;34.229;34.429;34.219;34.259;6.10379;UCG.ITEUR
2024-05-06 08:00:00;34.269;34.469;34.159;34.429;5.35041;UCG.ITEUR
2024-05-06 09:00:00;34.419;34.569;34.359;34.549;3.62907;UCG.ITEUR
2024-05-06 10:00:00;34.559;34.739;34.549;34.699;3.67041;UCG.ITEUR
2024-05-06 11:00:00;34.699;34.719;34.549;34.569;2.35463;UCG.ITEUR
2024-05-06 12:00:00;34.579;34.659;34.529;34.559;2.59416;UCG.ITEUR
2024-05-06 13:00:00;34.549;34.669;34.519;34.649;2.72607;UCG.ITEUR
2024-05-06 14:00:00;34.639;34.779;34.639;34.749;2.83895;UCG.ITEUR
2024-05-06 15:00:00;34.759;34.839;34.719;34.829;1.50413;UCG.ITEUR
2024-05-07 07:00:00;35.519;36.039;35.449;35.939;11.38005;UCG.ITEUR
2024-05-07 08:00:00;35.939;35.999;35.889;35.979;4.12126;UCG.ITEUR
2024-05-07 09:00:00;35.979;36.079;35.909;35.959;4.80048;UCG.ITEUR
2024-05-07 10:00:00;35.949;35.999;35.799;35.989;5.53548;UCG.ITEUR
2024-05-07 11:00:00;35.979;35.989;35.699;35.789;4.3352;UCG.ITEUR
2024-05-07 12:00:00;35.779;35.899;35.569;35.899;5.61882;UCG.ITEUR
2024-05-07 13:00:00;35.889;35.979;35.809;35.829;6.25932;UCG.ITEUR
2024-05-07 14:00:00;35.849;35.909;35.729;35.899;6.1051;UCG.ITEUR
2024-05-07 15:00:00;35.889;36.009;35.839;35.999;1.42472;UCG.ITEUR
2024-05-08 07:00:00;36.329;36.449;36.029;36.089;9.01952;UCG.ITEUR
2024-05-08 08:00:00;36.089;36.089;35.549;35.689;6.79023;UCG.ITEUR
2024-05-08 09:00:00;35.679;36.029;35.659;35.959;4.44741;UCG.ITEUR
2024-05-08 10:00:00;35.969;36.019;35.909;35.969;2.52919;UCG.ITEUR
2024-05-08 11:00:00;35.969;36.169;35.929;36.119;3.24976;UCG.ITEUR
2024-05-08 12:00:00;36.129;36.149;35.689;35.699;4.22298;UCG.ITEUR
2024-05-08 13:00:00;35.689;35.789;35.659;35.759;3.3121;UCG.ITEUR
2024-05-08 14:00:00;35.769;35.979;35.749;35.839;3.86991;UCG.ITEUR
2024-05-08 15:00:00;35.839;35.939;35.819;35.909;0.96469;UCG.ITEUR
2024-05-09 07:00:00;36.059;36.059;35.759;35.809;5.85836;UCG.ITEUR
2024-05-09 08:00:00;35.799;35.849;35.769;35.819;3.65991;UCG.ITEUR
2024-05-09 09:00:00;35.829;35.829;35.639;35.719;2.38941;UCG.ITEUR
2024-05-09 10:00:00;35.709;35.839;35.709;35.799;1.48313;UCG.ITEUR
2024-05-09 11:00:00;35.809;35.899;35.629;35.629;1.75219;UCG.ITEUR
2024-05-09 12:00:00;35.629;35.629;34.799;35.369;10.7146;UCG.ITEUR
2024-05-09 13:00:00;35.379;35.779;35.359;35.679;5.97324;UCG.ITEUR
2024-05-09 14:00:00;35.679;35.929;35.649;35.899;5.77899;UCG.ITEUR
2024-05-09 15:00:00;35.889;35.899;35.819;35.879;1.54154;UCG.ITEUR
2024-05-10 07:00:00;35.979;36.249;35.959;36.169;9.30892;UCG.ITEUR
2024-05-10 08:00:00;36.159;36.209;36.109;36.209;4.13045;UCG.ITEUR
2024-05-10 09:00:00;36.199;36.239;36.149;36.219;3.46305;UCG.ITEUR
2024-05-10 10:00:00;36.209;36.339;36.179;36.329;2.04619;UCG.ITEUR
2024-05-10 11:00:00;36.319;36.489;36.279;36.409;4.42969;UCG.ITEUR
2024-05-10 12:00:00;36.419;36.419;36.299;36.389;3.05616;UCG.ITEUR
2024-05-10 13:00:00;36.379;36.389;36.219;36.229;2.71819;UCG.ITEUR
2024-05-10 14:00:00;36.229;36.259;35.959;35.969;3.66123;UCG.ITEUR
2024-05-10 15:00:00;35.979;36.029;35.909;36.029;1.51595;UCG.ITEUR
2024-05-13 07:00:00;35.909;35.999;35.749;35.979;5.80336;UCG.ITEUR
2024-05-13 08:00:00;35.979;36.159;35.969;36.019;4.11113;UCG.ITEUR
2024-05-13 09:00:00;36.009;36.089;35.969;36.049;1.933;UCG.ITEUR
2024-05-13 10:00:00;36.039;36.039;35.919;35.979;1.77082;UCG.ITEUR
2024-05-13 11:00:00;35.979;36.019;35.859;35.889;1.57808;UCG.ITEUR
2024-05-13 12:00:00;35.879;35.979;35.839;35.969;1.95046;UCG.ITEUR
2024-05-13 13:00:00;35.959;36.019;35.849;35.949;2.09017;UCG.ITEUR
2024-05-13 14:00:00;35.939;35.989;35.849;35.919;1.71156;UCG.ITEUR
2024-05-13 15:00:00;35.929;35.949;35.719;35.939;1.52818;UCG.ITEUR
2024-05-14 07:00:00;35.739;36.069;35.739;35.949;4.55585;UCG.ITEUR
2024-05-14 08:00:00;35.939;35.979;35.809;35.929;3.18673;UCG.ITEUR
2024-05-14 09:00:00;35.919;36.019;35.909;35.969;2.01346;UCG.ITEUR
2024-05-14 10:00:00;35.979;35.989;35.889;35.979;1.17514;UCG.ITEUR
2024-05-14 11:00:00;35.989;36.089;35.929;36.029;1.47142;UCG.ITEUR
2024-05-14 12:00:00;36.019;36.139;35.809;36.109;4.58081;UCG.ITEUR
2024-05-14 13:00:00;36.119;36.129;36.019;36.089;2.12137;UCG.ITEUR
2024-05-14 14:00:00;36.079;36.419;36.069;36.399;3.4119;UCG.ITEUR
2024-05-14 15:00:00;36.389;36.479;36.379;36.439;1.14645;UCG.ITEUR
2024-05-15 07:00:00;36.679;36.699;36.469;36.489;6.48075;UCG.ITEUR
2024-05-15 08:00:00;36.499;36.599;36.449;36.479;2.95595;UCG.ITEUR
2024-05-15 09:00:00;36.489;36.519;36.469;36.489;0.90194;UCG.ITEUR
2024-05-15 10:00:00;36.499;36.499;36.359;36.369;1.26808;UCG.ITEUR
2024-05-15 11:00:00;36.379;36.389;36.199;36.369;3.19609;UCG.ITEUR
2024-05-15 12:00:00;36.379;36.399;35.959;36.149;6.7215;UCG.ITEUR
2024-05-15 13:00:00;36.159;36.429;36.159;36.419;3.64705;UCG.ITEUR
2024-05-15 14:00:00;36.409;36.469;36.229;36.309;2.36962;UCG.ITEUR
2024-05-15 15:00:00;36.319;36.349;36.289;36.329;0.7722;UCG.ITEUR
2024-05-16 07:00:00;36.329;36.479;36.279;36.409;6.66163;UCG.ITEUR
2024-05-16 08:00:00;36.399;36.509;36.319;36.409;3.8373;UCG.ITEUR
2024-05-16 09:00:00;36.419;36.479;36.329;36.439;4.07495;UCG.ITEUR
2024-05-16 10:00:00;36.429;36.489;36.409;36.469;2.5898;UCG.ITEUR
2024-05-16 11:00:00;36.469;36.489;36.409;36.419;0.99862;UCG.ITEUR
2024-05-16 12:00:00;36.419;36.439;36.319;36.379;2.03155;UCG.ITEUR
2024-05-16 13:00:00;36.369;36.399;36.299;36.329;1.96231;UCG.ITEUR
2024-05-16 14:00:00;36.339;36.399;36.319;36.389;1.92489;UCG.ITEUR
2024-05-16 15:00:00;36.379;36.399;36.339;36.369;0.80214;UCG.ITEUR
2024-05-17 07:00:00;36.419;36.549;36.389;36.489;3.07508;UCG.ITEUR
2024-05-17 08:00:00;36.489;36.489;36.399;36.489;3.38259;UCG.ITEUR
2024-05-17 09:00:00;36.489;36.729;36.469;36.669;4.41926;UCG.ITEUR
2024-05-17 10:00:00;36.669;36.669;36.559;36.619;2.76133;UCG.ITEUR
2024-05-17 11:00:00;36.619;36.729;36.549;36.559;2.70083;UCG.ITEUR
2024-05-17 12:00:00;36.549;36.619;36.479;36.509;2.60228;UCG.ITEUR
2024-05-17 13:00:00;36.499;36.549;36.449;36.489;3.45494;UCG.ITEUR
2024-05-17 14:00:00;36.479;36.519;36.119;36.349;5.45405;UCG.ITEUR
2024-05-17 15:00:00;36.339;36.369;36.279;36.329;0.71045;UCG.ITEUR
2024-05-20 07:00:00;36.269;36.469;35.949;36.309;7.2766;UCG.ITEUR
2024-05-20 08:00:00;36.306;36.379;36.219;36.369;2.63666;UCG.ITEUR
2024-05-20 09:00:00;36.359;36.389;36.059;36.229;3.2547;UCG.ITEUR
2024-05-20 10:00:00;36.219;36.229;36.069;36.139;1.74918;UCG.ITEUR
2024-05-20 11:00:00;36.149;36.229;36.019;36.059;1.47913;UCG.ITEUR
2024-05-20 12:00:00;36.069;36.329;36.059;36.309;1.88727;UCG.ITEUR
2024-05-20 13:00:00;36.299;36.319;36.159;36.229;1.85597;UCG.ITEUR
2024-05-20 14:00:00;36.219;36.319;36.119;36.269;2.41633;UCG.ITEUR
2024-05-20 15:00:00;36.259;36.269;36.229;36.269;0.49591;UCG.ITEUR
2024-05-21 07:00:00;36.369;36.389;36.189;36.359;4.82775;UCG.ITEUR
2024-05-21 08:00:00;36.359;36.379;36.149;36.359;3.26146;UCG.ITEUR
2024-05-21 09:00:00;36.349;36.359;36.069;36.099;1.56199;UCG.ITEUR
2024-05-21 10:00:00;36.099;36.339;36.099;36.319;2.17635;UCG.ITEUR
2024-05-21 11:00:00;36.329;36.369;36.249;36.349;1.76637;UCG.ITEUR
2024-05-21 12:00:00;36.339;36.369;36.289;36.319;2.05483;UCG.ITEUR
2024-05-21 13:00:00;36.309;36.489;36.289;36.399;2.39362;UCG.ITEUR
2024-05-21 14:00:00;36.409;36.539;36.369;36.519;1.77189;UCG.ITEUR
2024-05-22 07:00:00;36.589;36.689;36.489;36.539;3.93597;UCG.ITEUR
2024-05-22 08:00:00;36.529;36.649;36.529;36.579;2.19967;UCG.ITEUR
2024-05-22 09:00:00;36.589;36.629;36.519;36.599;1.95418;UCG.ITEUR
2024-05-22 10:00:00;36.589;36.669;36.539;36.539;1.7007;UCG.ITEUR
2024-05-22 11:00:00;36.549;36.559;36.339;36.349;1.22443;UCG.ITEUR
2024-05-22 12:00:00;36.359;36.369;36.219;36.279;2.47832;UCG.ITEUR
2024-05-22 13:00:00;36.289;36.299;36.059;36.079;2.41019;UCG.ITEUR
2024-05-22 14:00:00;36.009;36.119;35.899;35.929;4.94068;UCG.ITEUR
2024-05-22 15:00:00;35.939;36.009;35.919;35.989;1.25082;UCG.ITEUR
2024-05-23 07:00:00;36.239;36.389;36.169;36.239;3.30013;UCG.ITEUR
2024-05-23 08:00:00;36.249;36.269;36.039;36.129;2.85946;UCG.ITEUR
2024-05-23 09:00:00;36.139;36.339;36.119;36.189;1.98057;UCG.ITEUR
2024-05-23 10:00:00;36.179;36.349;36.159;36.319;1.473;UCG.ITEUR
2024-05-23 11:00:00;36.319;36.479;36.309;36.479;1.1115;UCG.ITEUR
2024-05-23 12:00:00;36.469;36.499;36.379;36.439;1.75655;UCG.ITEUR
2024-05-23 13:00:00;36.449;36.449;36.159;36.209;2.98773;UCG.ITEUR
2024-05-23 14:00:00;36.219;36.389;36.159;36.189;4.13544;UCG.ITEUR
2024-05-23 15:00:00;36.199;36.239;36.199;36.219;0.48605;UCG.ITEUR
2024-05-24 07:00:00;35.919;35.999;35.669;35.849;7.36436;UCG.ITEUR
2024-05-24 08:00:00;35.849;36.079;35.849;36.029;2.41142;UCG.ITEUR
2024-05-24 09:00:00;36.029;36.129;35.999;36.029;2.4599;UCG.ITEUR
2024-05-24 10:00:00;36.029;36.109;35.999;36.029;2.40896;UCG.ITEUR
2024-05-24 11:00:00;36.029;36.079;35.969;36.039;1.56383;UCG.ITEUR
2024-05-24 12:00:00;36.039;36.139;36.019;36.049;1.54112;UCG.ITEUR
2024-05-24 13:00:00;36.059;36.109;35.929;36.019;2.87971;UCG.ITEUR
2024-05-24 14:00:00;36.019;36.249;35.989;36.219;3.18228;UCG.ITEUR
2024-05-24 15:00:00;36.209;36.279;36.209;36.269;0.88318;UCG.ITEUR
2024-05-27 07:00:00;36.239;36.279;36.119;36.179;3.1876;UCG.ITEUR
2024-05-27 08:00:00;36.179;36.319;36.169;36.249;2.39862;UCG.ITEUR
2024-05-27 09:00:00;36.239;36.279;36.149;36.279;0.8803;UCG.ITEUR
2024-05-27 10:00:00;36.269;36.299;36.199;36.279;0.66659;UCG.ITEUR
2024-05-27 11:00:00;36.269;36.309;36.239;36.309;0.39449;UCG.ITEUR
2024-05-27 12:00:00;36.299;36.379;36.299;36.369;0.66784;UCG.ITEUR
2024-05-27 13:00:00;36.369;36.439;36.339;36.369;0.87533;UCG.ITEUR
2024-05-27 14:00:00;36.379;36.399;36.339;36.369;0.77096;UCG.ITEUR
2024-05-27 15:00:00;36.359;36.379;36.329;36.379;0.35473;UCG.ITEUR
2024-05-28 07:00:00;36.419;36.539;36.329;36.519;3.21309;UCG.ITEUR
2024-05-28 08:00:00;36.509;36.629;36.469;36.579;2.31477;UCG.ITEUR
2024-05-28 09:00:00;36.569;36.599;36.539;36.539;0.85484;UCG.ITEUR
2024-05-28 10:00:00;36.529;36.529;36.389;36.409;1.65126;UCG.ITEUR
2024-05-28 11:00:00;36.399;36.449;36.359;36.439;1.79292;UCG.ITEUR
2024-05-28 12:00:00;36.449;36.449;36.269;36.339;1.86933;UCG.ITEUR
2024-05-28 13:00:00;36.339;36.379;36.219;36.229;2.72914;UCG.ITEUR
2024-05-28 14:00:00;36.229;36.379;36.149;36.319;3.1901;UCG.ITEUR
2024-05-28 15:00:00;36.309;36.479;36.299;36.469;0.96418;UCG.ITEUR
2024-05-29 07:00:00;36.629;36.719;36.489;36.509;5.49801;UCG.ITEUR
2024-05-29 08:00:00;36.529;36.559;36.359;36.369;3.99707;UCG.ITEUR
2024-05-29 09:00:00;36.359;36.419;36.169;36.229;4.18968;UCG.ITEUR
2024-05-29 10:00:00;36.219;36.259;36.049;36.049;3.03106;UCG.ITEUR
2024-05-29 11:00:00;36.049;36.079;35.959;35.989;2.16939;UCG.ITEUR
2024-05-29 12:00:00;35.999;35.999;35.869;35.929;2.9273;UCG.ITEUR
2024-05-29 13:00:00;35.939;35.939;35.779;35.879;3.30688;UCG.ITEUR
2024-05-29 14:00:00;35.889;36.039;35.889;35.989;2.13954;UCG.ITEUR
2024-05-29 15:00:00;35.979;36.039;35.969;36.039;0.47587;UCG.ITEUR
2024-05-30 07:00:00;36.109;36.489;36.099;36.339;6.25842;UCG.ITEUR
2024-05-30 08:00:00;36.329;36.389;36.219;36.349;4.20087;UCG.ITEUR
2024-05-30 09:00:00;36.349;36.429;36.269;36.339;3.20748;UCG.ITEUR
2024-05-30 10:00:00;36.329;36.479;36.319;36.369;3.27087;UCG.ITEUR
2024-05-30 11:00:00;36.349;36.409;36.329;36.409;2.33526;UCG.ITEUR
2024-05-30 12:00:00;36.399;36.409;36.279;36.309;2.05944;UCG.ITEUR
2024-05-30 13:00:00;36.299;36.349;36.229;36.269;3.18574;UCG.ITEUR
2024-05-30 14:00:00;36.279;36.359;36.209;36.279;2.66639;UCG.ITEUR
2024-05-30 15:00:00;36.279;36.369;36.259;36.369;0.89646;UCG.ITEUR
2024-05-31 07:00:00;36.419;36.619;36.419;36.589;3.656;UCG.ITEUR
2024-05-31 08:00:00;36.599;36.679;36.469;36.579;3.11677;UCG.ITEUR
2024-05-31 09:00:00;36.579;36.669;36.529;36.659;3.55227;UCG.ITEUR
2024-05-31 10:00:00;36.659;36.669;36.519;36.549;3.12177;UCG.ITEUR
2024-05-31 11:00:00;36.539;36.579;36.349;36.389;2.21101;UCG.ITEUR
2024-05-31 12:00:00;36.399;36.449;36.279;36.309;4.29713;UCG.ITEUR
2024-05-31 13:00:00;36.299;36.339;36.149;36.209;4.44565;UCG.ITEUR
2024-05-31 14:00:00;36.219;36.229;36.009;36.209;5.40361;UCG.ITEUR
2024-05-31 15:00:00;36.219;36.299;36.199;36.289;1.84076;UCG.ITEUR
2024-06-03 07:00:00;36.629;36.849;36.619;36.779;4.21085;UCG.ITEUR
2024-06-03 08:00:00;36.789;36.979;36.759;36.879;2.47488;UCG.ITEUR
2024-06-03 09:00:00;36.889;37.089;36.799;37.029;3.34995;UCG.ITEUR
2024-06-03 10:00:00;37.039;37.169;36.989;37.019;2.68624;UCG.ITEUR
2024-06-03 11:00:00;37.009;37.069;36.819;36.889;2.76327;UCG.ITEUR
2024-06-03 12:00:00;36.879;36.979;36.829;36.969;1.76186;UCG.ITEUR
2024-06-03 13:00:00;36.969;37.029;36.799;36.829;3.06893;UCG.ITEUR
2024-06-03 14:00:00;36.829;36.909;36.759;36.809;4.97993;UCG.ITEUR
2024-06-03 15:00:00;36.799;36.879;36.739;36.879;0.9706;UCG.ITEUR
2024-06-04 07:00:00;36.519;36.539;35.839;35.869;7.50224;UCG.ITEUR
2024-06-04 08:00:00;35.859;35.869;35.199;35.239;10.78255;UCG.ITEUR
2024-06-04 09:00:00;35.259;35.349;35.059;35.279;9.49581;UCG.ITEUR
2024-06-04 10:00:00;35.279;35.359;35.159;35.359;4.9183;UCG.ITEUR
2024-06-04 11:00:00;35.369;35.639;35.289;35.599;4.63421;UCG.ITEUR
2024-06-04 12:00:00;35.589;35.589;35.389;35.459;3.09296;UCG.ITEUR
2024-06-04 13:00:00;35.449;35.709;35.369;35.659;4.38278;UCG.ITEUR
2024-06-04 14:00:00;35.649;35.729;35.399;35.429;5.79523;UCG.ITEUR
2024-06-04 15:00:00;35.429;35.479;35.229;35.339;2.40338;UCG.ITEUR
2024-06-05 07:00:00;35.419;35.639;35.259;35.519;5.02184;UCG.ITEUR
2024-06-05 08:00:00;35.509;35.719;35.459;35.459;4.4857;UCG.ITEUR
2024-06-05 09:00:00;35.449;35.709;35.429;35.689;3.0184;UCG.ITEUR
2024-06-05 10:00:00;35.699;35.789;35.649;35.759;1.10063;UCG.ITEUR
2024-06-05 11:00:00;35.749;35.839;35.709;35.809;0.99032;UCG.ITEUR
2024-06-05 12:00:00;35.799;35.869;35.719;35.779;2.75958;UCG.ITEUR
2024-06-05 13:00:00;35.769;35.879;35.649;35.689;3.01348;UCG.ITEUR
2024-06-05 14:00:00;35.669;35.799;35.529;35.539;5.6991;UCG.ITEUR
2024-06-05 15:00:00;35.549;35.629;35.549;35.619;0.9139;UCG.ITEUR
2024-06-06 07:00:00;35.719;35.729;35.369;35.469;3.44115;UCG.ITEUR
2024-06-06 08:00:00;35.459;35.689;35.459;35.549;2.89515;UCG.ITEUR
2024-06-06 09:00:00;35.549;35.869;35.549;35.839;3.17185;UCG.ITEUR
2024-06-06 10:00:00;35.829;35.949;35.779;35.929;1.10248;UCG.ITEUR
2024-06-06 11:00:00;35.919;35.919;35.799;35.839;1.26332;UCG.ITEUR
2024-06-06 12:00:00;35.829;36.309;35.749;36.259;6.52303;UCG.ITEUR
2024-06-06 13:00:00;36.249;36.449;36.139;36.389;4.95529;UCG.ITEUR
2024-06-06 14:00:00;36.399;36.639;36.369;36.579;2.66961;UCG.ITEUR
2024-06-06 15:00:00;36.569;36.599;36.469;36.529;1.0883;UCG.ITEUR
2024-06-07 07:00:00;36.659;36.659;36.359;36.539;5.11181;UCG.ITEUR
2024-06-07 08:00:00;36.549;36.589;36.209;36.249;2.31156;UCG.ITEUR
2024-06-07 09:00:00;36.239;36.419;36.209;36.419;2.57347;UCG.ITEUR
2024-06-07 10:00:00;36.409;36.419;36.239;36.249;1.66512;UCG.ITEUR
2024-06-07 11:00:00;36.249;36.279;36.139;36.249;1.45312;UCG.ITEUR
2024-06-07 12:00:00;36.259;36.619;36.149;36.609;6.5261;UCG.ITEUR
2024-06-07 13:00:00;36.599;36.729;36.469;36.659;5.53086;UCG.ITEUR
2024-06-07 14:00:00;36.659;36.689;36.549;36.619;2.26657;UCG.ITEUR
2024-06-07 15:00:00;36.609;36.669;36.569;36.659;0.6939;UCG.ITEUR
2024-06-10 07:00:00;36.269;36.409;36.189;36.239;7.56157;UCG.ITEUR
2024-06-10 08:00:00;36.239;36.409;36.109;36.199;4.85301;UCG.ITEUR
2024-06-10 09:00:00;36.189;36.439;36.189;36.289;3.15872;UCG.ITEUR
2024-06-10 10:00:00;36.299;36.359;36.219;36.299;2.4859;UCG.ITEUR
2024-06-10 11:00:00;36.309;36.489;36.289;36.429;3.34627;UCG.ITEUR
2024-06-10 12:00:00;36.439;36.499;36.279;36.299;2.36715;UCG.ITEUR
2024-06-10 13:00:00;36.279;36.279;36.099;36.149;4.88989;UCG.ITEUR
2024-06-10 14:00:00;36.159;36.159;36.059;36.089;2.90835;UCG.ITEUR
2024-06-10 15:00:00;36.089;36.209;36.069;36.209;1.15006;UCG.ITEUR
2024-06-11 07:00:00;36.429;36.429;36.079;36.179;5.40283;UCG.ITEUR
2024-06-11 08:00:00;36.169;36.319;35.689;35.729;6.32594;UCG.ITEUR
2024-06-11 09:00:00;35.719;35.779;35.449;35.449;7.55165;UCG.ITEUR
2024-06-11 10:00:00;35.459;35.509;35.329;35.469;6.02763;UCG.ITEUR
2024-06-11 11:00:00;35.459;35.479;35.029;35.229;5.55779;UCG.ITEUR
2024-06-11 12:00:00;35.229;35.279;35.049;35.209;6.05286;UCG.ITEUR
2024-06-11 13:00:00;35.199;35.319;34.779;34.979;7.25889;UCG.ITEUR
2024-06-11 14:00:00;34.989;35.109;34.919;35.019;5.49324;UCG.ITEUR
2024-06-11 15:00:00;35.029;35.069;34.909;34.919;1.35363;UCG.ITEUR
2024-06-12 07:00:00;35.159;35.509;35.099;35.509;5.72448;UCG.ITEUR
2024-06-12 08:00:00;35.499;35.549;35.359;35.389;4.56088;UCG.ITEUR
2024-06-12 09:00:00;35.389;35.499;35.349;35.409;3.14392;UCG.ITEUR
2024-06-12 10:00:00;35.399;35.519;35.379;35.489;1.78844;UCG.ITEUR
2024-06-12 11:00:00;35.489;35.669;35.409;35.589;2.87517;UCG.ITEUR
2024-06-12 12:00:00;35.599;35.779;35.439;35.479;8.71037;UCG.ITEUR
2024-06-12 13:00:00;35.459;35.559;35.429;35.509;6.96129;UCG.ITEUR
2024-06-12 14:00:00;35.509;35.769;35.419;35.749;6.0455;UCG.ITEUR
2024-06-12 15:00:00;35.759;35.839;35.729;35.769;1.25645;UCG.ITEUR
2024-06-13 07:00:00;35.499;35.739;35.319;35.569;6.98274;UCG.ITEUR
2024-06-13 08:00:00;35.559;35.579;35.179;35.309;6.21459;UCG.ITEUR
2024-06-13 09:00:00;35.299;35.369;35.099;35.259;5.29947;UCG.ITEUR
2024-06-13 10:00:00;35.279;35.339;35.129;35.229;4.81672;UCG.ITEUR
2024-06-13 11:00:00;35.219;35.349;35.219;35.309;4.03503;UCG.ITEUR
2024-06-13 12:00:00;35.319;35.419;35.139;35.159;6.67522;UCG.ITEUR
2024-06-13 13:00:00;35.149;35.229;34.759;34.809;7.06024;UCG.ITEUR
2024-06-13 14:00:00;34.819;34.929;34.419;34.489;8.02641;UCG.ITEUR
2024-06-13 15:00:00;34.479;34.499;34.349;34.439;3.95938;UCG.ITEUR
2024-06-14 07:00:00;34.259;34.409;33.369;33.389;11.04973;UCG.ITEUR
2024-06-14 08:00:00;33.379;33.569;33.199;33.299;10.21274;UCG.ITEUR
2024-06-14 09:00:00;33.289;33.419;33.069;33.119;8.46551;UCG.ITEUR
2024-06-14 10:00:00;33.109;33.149;32.039;32.799;8.59469;UCG.ITEUR
2024-06-14 11:00:00;32.789;32.889;32.299;32.359;8.8327;UCG.ITEUR
2024-06-14 12:00:00;32.356;32.529;32.189;32.399;8.33208;UCG.ITEUR
2024-06-14 13:00:00;32.389;32.609;32.229;32.459;8.41387;UCG.ITEUR
2024-06-14 14:00:00;32.439;32.439;32.199;32.299;5.61498;UCG.ITEUR
2024-06-14 15:00:00;32.289;32.579;32.289;32.519;2.35054;UCG.ITEUR
2024-06-17 07:00:00;33.099;33.299;32.849;32.939;10.88532;UCG.ITEUR
2024-06-17 08:00:00;32.939;33.089;32.749;32.829;9.38725;UCG.ITEUR
2024-06-17 09:00:00;32.819;32.919;32.669;32.739;6.8227;UCG.ITEUR
2024-06-17 10:00:00;32.739;32.939;32.449;32.919;8.40286;UCG.ITEUR
2024-06-17 11:00:00;32.919;33.109;32.849;33.109;6.45838;UCG.ITEUR
2024-06-17 12:00:00;33.099;33.139;32.929;33.089;5.37587;UCG.ITEUR
2024-06-17 13:00:00;33.079;33.229;33.019;33.029;4.14476;UCG.ITEUR
2024-06-17 14:00:00;33.019;33.139;32.929;33.119;3.64153;UCG.ITEUR
2024-06-17 15:00:00;33.129;33.209;33.069;33.159;1.31822;UCG.ITEUR
2024-06-18 07:00:00;33.799;34.109;33.769;33.979;8.54532;UCG.ITEUR
2024-06-18 08:00:00;33.969;34.019;33.779;33.949;7.03284;UCG.ITEUR
2024-06-18 09:00:00;33.949;34.079;33.909;34.029;3.97754;UCG.ITEUR
2024-06-18 10:00:00;34.019;34.209;34.009;34.149;3.05266;UCG.ITEUR
2024-06-18 11:00:00;34.139;34.179;34.029;34.069;2.35583;UCG.ITEUR
2024-06-18 12:00:00;34.059;34.179;33.909;34.169;5.01855;UCG.ITEUR
2024-06-18 13:00:00;34.159;34.209;34.049;34.119;4.88857;UCG.ITEUR
2024-06-18 14:00:00;34.109;34.229;34.059;34.199;2.94612;UCG.ITEUR
2024-06-18 15:00:00;34.209;34.209;34.109;34.189;1.19103;UCG.ITEUR
2024-06-19 07:00:00;34.069;34.239;33.819;34.159;5.77829;UCG.ITEUR
2024-06-19 08:00:00;34.169;34.279;34.089;34.139;4.76275;UCG.ITEUR
2024-06-19 09:00:00;34.129;34.229;34.019;34.229;3.88211;UCG.ITEUR
2024-06-19 10:00:00;34.239;34.319;34.209;34.299;2.33092;UCG.ITEUR
2024-06-19 11:00:00;34.289;34.449;34.289;34.409;2.09176;UCG.ITEUR
2024-06-19 12:00:00;34.399;34.399;34.289;34.329;1.84428;UCG.ITEUR
2024-06-19 13:00:00;34.339;34.359;34.209;34.309;2.30672;UCG.ITEUR
2024-06-19 14:00:00;34.299;34.349;34.209;34.279;1.66869;UCG.ITEUR
2024-06-19 15:00:00;34.269;34.279;34.079;34.139;0.88896;UCG.ITEUR
2024-06-20 07:00:00;34.239;34.529;34.239;34.329;7.46002;UCG.ITEUR
2024-06-20 08:00:00;34.319;34.399;34.259;34.389;4.82292;UCG.ITEUR
2024-06-20 09:00:00;34.399;34.549;34.369;34.509;4.00448;UCG.ITEUR
2024-06-20 10:00:00;34.519;34.529;34.399;34.409;2.61777;UCG.ITEUR
2024-06-20 11:00:00;34.399;34.449;34.349;34.399;3.09959;UCG.ITEUR
2024-06-20 12:00:00;34.389;34.579;34.389;34.569;2.86459;UCG.ITEUR
2024-06-20 13:00:00;34.579;34.749;34.529;34.709;3.31049;UCG.ITEUR
2024-06-20 14:00:00;34.729;35.029;34.679;34.809;4.73515;UCG.ITEUR
2024-06-20 15:00:00;34.819;34.819;34.709;34.799;1.38666;UCG.ITEUR
2024-06-21 07:00:00;34.439;34.489;33.979;34.059;8.54943;UCG.ITEUR
2024-06-21 08:00:00;34.049;34.059;33.719;33.949;8.461;UCG.ITEUR
2024-06-21 09:00:00;33.949;34.029;33.649;33.719;6.51231;UCG.ITEUR
2024-06-21 10:00:00;33.729;33.949;33.719;33.919;5.19688;UCG.ITEUR
2024-06-21 11:00:00;33.919;34.089;33.919;34.029;2.8549;UCG.ITEUR
2024-06-21 12:00:00;34.019;34.079;33.919;33.969;2.00465;UCG.ITEUR
2024-06-21 13:00:00;33.979;34.019;33.659;33.759;3.70723;UCG.ITEUR
2024-06-21 14:00:00;33.749;34.039;33.749;33.989;5.38835;UCG.ITEUR
2024-06-21 15:00:00;33.989;34.019;33.869;33.879;1.50974;UCG.ITEUR
2024-06-24 07:00:00;34.669;34.729;34.489;34.729;5.72946;UCG.ITEUR
2024-06-24 08:00:00;34.729;35.009;34.629;34.959;4.9599;UCG.ITEUR
2024-06-24 09:00:00;34.949;35.129;34.949;35.019;3.87882;UCG.ITEUR
2024-06-24 10:00:00;35.029;35.139;34.939;35.109;2.90664;UCG.ITEUR
2024-06-24 11:00:00;35.099;35.169;34.989;34.999;2.66904;UCG.ITEUR
2024-06-24 12:00:00;35.009;35.089;34.899;34.939;2.04732;UCG.ITEUR
2024-06-24 13:00:00;34.949;35.149;34.929;35.129;3.42738;UCG.ITEUR
2024-06-24 14:00:00;35.139;35.339;35.109;35.339;3.23268;UCG.ITEUR
2024-06-24 15:00:00;35.329;35.439;35.309;35.429;1.74306;UCG.ITEUR
2024-06-25 07:00:00;35.499;35.559;35.129;35.329;12.48126;UCG.ITEUR
2024-06-25 08:00:00;35.326;35.429;35.199;35.339;7.42566;UCG.ITEUR
2024-06-25 09:00:00;35.339;35.349;34.969;35.009;5.67072;UCG.ITEUR
2024-06-25 10:00:00;35.009;35.029;34.829;34.919;3.4221;UCG.ITEUR
2024-06-25 11:00:00;34.929;34.989;34.839;34.959;2.3661;UCG.ITEUR
2024-06-25 12:00:00;34.969;35.239;34.949;35.199;3.6267;UCG.ITEUR
2024-06-25 13:00:00;35.189;35.249;34.919;34.959;3.95472;UCG.ITEUR
2024-06-25 14:00:00;34.959;35.069;34.939;35.039;3.97452;UCG.ITEUR
2024-06-25 15:00:00;35.039;35.059;34.899;34.929;1.11672;UCG.ITEUR
2024-06-26 07:00:00;35.189;35.239;35.019;35.119;4.53816;UCG.ITEUR
2024-06-26 08:00:00;35.119;35.139;34.929;35.009;2.6763;UCG.ITEUR
2024-06-26 09:00:00;34.999;35.079;34.979;35.019;1.70742;UCG.ITEUR
2024-06-26 10:00:00;35.009;35.109;34.959;35.049;2.46444;UCG.ITEUR
2024-06-26 11:00:00;35.059;35.059;34.859;34.989;3.06174;UCG.ITEUR
2024-06-26 12:00:00;34.979;35.009;34.679;34.709;4.20024;UCG.ITEUR
2024-06-26 13:00:00;34.689;34.889;34.659;34.829;4.32102;UCG.ITEUR
2024-06-26 14:00:00;34.819;34.939;34.739;34.909;2.72382;UCG.ITEUR
2024-06-26 15:00:00;34.919;34.929;34.849;34.879;0.86064;UCG.ITEUR
2024-06-27 07:00:00;34.639;34.979;34.619;34.929;5.1744;UCG.ITEUR
2024-06-27 08:00:00;34.919;34.919;34.699;34.769;3.6993;UCG.ITEUR
2024-06-27 09:00:00;34.759;34.819;34.669;34.699;2.66574;UCG.ITEUR
2024-06-27 10:00:00;34.689;34.789;34.649;34.779;1.50414;UCG.ITEUR
2024-06-27 11:00:00;34.769;34.809;34.709;34.709;1.69884;UCG.ITEUR
2024-06-27 12:00:00;34.699;34.769;34.609;34.639;2.16612;UCG.ITEUR
2024-06-27 13:00:00;34.629;34.889;34.619;34.849;2.36346;UCG.ITEUR
2024-06-27 14:00:00;34.849;34.909;34.549;34.579;2.7258;UCG.ITEUR
2024-06-27 15:00:00;34.589;34.649;34.459;34.599;2.36148;UCG.ITEUR
2024-06-28 07:00:00;34.779;34.859;34.509;34.559;5.3889;UCG.ITEUR
2024-06-28 08:00:00;34.569;34.729;34.429;34.629;4.50252;UCG.ITEUR
2024-06-28 09:00:00;34.619;34.709;34.539;34.579;4.00158;UCG.ITEUR
2024-06-28 10:00:00;34.589;34.679;34.559;34.659;1.67442;UCG.ITEUR
2024-06-28 11:00:00;34.649;34.659;34.209;34.319;3.98838;UCG.ITEUR
2024-06-28 12:00:00;34.329;34.479;34.169;34.269;5.43708;UCG.ITEUR
2024-06-28 13:00:00;34.279;34.669;34.279;34.469;6.52344;UCG.ITEUR
2024-06-28 14:00:00;34.449;34.579;34.359;34.509;4.35732;UCG.ITEUR
2024-06-28 15:00:00;34.499;34.619;34.439;34.559;1.58598;UCG.ITEUR
2024-07-01 07:00:00;35.639;35.959;35.329;35.439;11.87682;UCG.ITEUR
2024-07-01 08:00:00;35.449;35.849;35.419;35.779;9.053;UCG.ITEUR
2024-07-01 09:00:00;35.779;35.869;35.629;35.839;4.95273;UCG.ITEUR
2024-07-01 10:00:00;35.849;36.009;35.819;35.999;3.13767;UCG.ITEUR
2024-07-01 11:00:00;36.009;36.059;35.869;35.949;2.20118;UCG.ITEUR
2024-07-01 12:00:00;35.959;35.999;35.899;35.979;1.91725;UCG.ITEUR
2024-07-01 13:00:00;35.989;36.149;35.959;36.079;1.82411;UCG.ITEUR
2024-07-01 14:00:00;36.079;36.169;35.969;36.089;4.03443;UCG.ITEUR
2024-07-01 15:00:00;36.079;36.189;36.049;36.189;1.15592;UCG.ITEUR
2024-07-02 07:00:00;35.899;35.989;35.779;35.979;2.81599;UCG.ITEUR
2024-07-02 08:00:00;35.969;36.139;35.829;35.979;5.96018;UCG.ITEUR
2024-07-02 09:00:00;35.969;36.039;35.699;35.729;5.1051;UCG.ITEUR
2024-07-02 10:00:00;35.719;35.789;35.549;35.579;2.54245;UCG.ITEUR
2024-07-02 11:00:00;35.589;35.709;35.509;35.639;2.11133;UCG.ITEUR
2024-07-02 12:00:00;35.629;35.859;35.589;35.799;2.4643;UCG.ITEUR
2024-07-02 13:00:00;35.789;35.839;35.559;35.749;4.43886;UCG.ITEUR
2024-07-02 14:00:00;35.739;35.829;35.669;35.759;3.06409;UCG.ITEUR
2024-07-02 15:00:00;35.769;35.799;35.719;35.759;0.69878;UCG.ITEUR
2024-07-03 07:00:00;35.929;36.499;35.909;36.319;7.19629;UCG.ITEUR
2024-07-03 08:00:00;36.309;36.489;36.149;36.459;6.58736;UCG.ITEUR
2024-07-03 09:00:00;36.449;36.539;36.419;36.449;3.34348;UCG.ITEUR
2024-07-03 10:00:00;36.459;36.519;36.439;36.509;1.48223;UCG.ITEUR
2024-07-03 11:00:00;36.519;36.589;36.479;36.559;1.20936;UCG.ITEUR
2024-07-03 12:00:00;36.549;36.629;36.449;36.479;1.87362;UCG.ITEUR
2024-07-03 13:00:00;36.489;36.489;36.269;36.399;2.10091;UCG.ITEUR
2024-07-03 14:00:00;36.399;36.419;36.199;36.309;6.62447;UCG.ITEUR
2024-07-03 15:00:00;36.289;36.459;36.259;36.369;1.99086;UCG.ITEUR
2024-07-04 07:00:00;36.779;36.869;36.739;36.809;5.30765;UCG.ITEUR
2024-07-04 08:00:00;36.819;36.989;36.779;36.939;3.05044;UCG.ITEUR
2024-07-04 09:00:00;36.949;36.999;36.879;36.949;2.24484;UCG.ITEUR
2024-07-04 10:00:00;36.939;36.959;36.879;36.929;1.55581;UCG.ITEUR
2024-07-04 11:00:00;36.919;37.049;36.909;36.959;1.64764;UCG.ITEUR
2024-07-04 12:00:00;36.969;36.989;36.909;36.979;1.22432;UCG.ITEUR
2024-07-04 13:00:00;36.969;36.979;36.909;36.929;1.27252;UCG.ITEUR
2024-07-04 14:00:00;36.939;36.989;36.879;36.989;0.98859;UCG.ITEUR
2024-07-04 15:00:00;36.999;37.069;36.979;37.059;0.63431;UCG.ITEUR
2024-07-05 07:00:00;37.089;37.479;37.049;37.439;6.13994;UCG.ITEUR
2024-07-05 08:00:00;37.429;37.469;37.179;37.219;3.35326;UCG.ITEUR
2024-07-05 09:00:00;37.229;37.319;37.159;37.249;2.70527;UCG.ITEUR
2024-07-05 10:00:00;37.239;37.269;37.059;37.069;1.97066;UCG.ITEUR
2024-07-05 11:00:00;37.079;37.089;36.939;37.019;1.95765;UCG.ITEUR
2024-07-05 12:00:00;37.019;37.169;36.919;37.029;5.75766;UCG.ITEUR
2024-07-05 13:00:00;37.029;37.119;36.849;36.879;5.01196;UCG.ITEUR
2024-07-05 14:00:00;36.876;37.009;36.699;36.999;6.48834;UCG.ITEUR
2024-07-05 15:00:00;37.009;37.029;36.929;37.029;1.25104;UCG.ITEUR
2024-07-08 07:00:00;37.039;37.449;36.839;37.419;6.07043;UCG.ITEUR
2024-07-08 08:00:00;37.419;37.749;37.399;37.599;5.17617;UCG.ITEUR
2024-07-08 09:00:00;37.589;37.609;37.399;37.529;5.14818;UCG.ITEUR
2024-07-08 10:00:00;37.539;37.569;37.439;37.459;2.49585;UCG.ITEUR
2024-07-08 11:00:00;37.449;37.549;37.439;37.519;1.33133;UCG.ITEUR
2024-07-08 12:00:00;37.509;37.569;37.499;37.569;1.18828;UCG.ITEUR
2024-07-08 13:00:00;37.559;37.569;37.339;37.379;1.83781;UCG.ITEUR
2024-07-08 14:00:00;37.369;37.369;37.059;37.099;2.62552;UCG.ITEUR
2024-07-08 15:00:00;37.089;37.219;37.089;37.169;0.96913;UCG.ITEUR
2024-07-09 07:00:00;36.939;37.079;36.689;37.019;8.45063;UCG.ITEUR
2024-07-09 08:00:00;37.009;37.079;36.839;37.029;4.12548;UCG.ITEUR
2024-07-09 09:00:00;37.039;37.039;36.789;36.859;2.3741;UCG.ITEUR
2024-07-09 10:00:00;36.869;36.959;36.819;36.929;2.26696;UCG.ITEUR
2024-07-09 11:00:00;36.919;36.979;36.819;36.949;2.1641;UCG.ITEUR
2024-07-09 12:00:00;36.939;36.959;36.629;36.729;3.29635;UCG.ITEUR
2024-07-09 13:00:00;36.729;36.879;36.699;36.709;2.51779;UCG.ITEUR
2024-07-09 14:00:00;36.719;36.799;36.639;36.649;3.27992;UCG.ITEUR
2024-07-09 15:00:00;36.659;36.709;36.619;36.709;1.12679;UCG.ITEUR
2024-07-10 07:00:00;36.709;36.709;36.449;36.669;6.62374;UCG.ITEUR
2024-07-10 08:00:00;36.659;36.919;36.649;36.819;3.84302;UCG.ITEUR
2024-07-10 09:00:00;36.809;37.049;36.769;36.999;2.89947;UCG.ITEUR
2024-07-10 10:00:00;37.009;37.039;36.899;36.969;2.17871;UCG.ITEUR
2024-07-10 11:00:00;36.959;36.979;36.809;36.939;1.59918;UCG.ITEUR
2024-07-10 12:00:00;36.939;37.039;36.909;36.939;1.39951;UCG.ITEUR
2024-07-10 13:00:00;36.949;37.069;36.949;37.039;1.34107;UCG.ITEUR
2024-07-10 14:00:00;37.039;37.089;36.929;37.009;1.50055;UCG.ITEUR
2024-07-10 15:00:00;37.019;37.159;37.009;37.129;0.58986;UCG.ITEUR
2024-07-11 07:00:00;37.199;37.219;36.959;37.089;6.28289;UCG.ITEUR
2024-07-11 08:00:00;37.099;37.229;37.039;37.139;2.66876;UCG.ITEUR
2024-07-11 09:00:00;37.129;37.249;37.079;37.209;1.73372;UCG.ITEUR
2024-07-11 10:00:00;37.219;37.279;37.149;37.269;1.82015;UCG.ITEUR
2024-07-11 11:00:00;37.279;37.289;37.159;37.219;1.52431;UCG.ITEUR
2024-07-11 12:00:00;37.229;37.259;36.809;36.829;6.31939;UCG.ITEUR
2024-07-11 13:00:00;36.819;36.969;36.719;36.799;7.42237;UCG.ITEUR
2024-07-11 14:00:00;36.789;36.829;36.629;36.729;6.50991;UCG.ITEUR
2024-07-11 15:00:00;36.729;36.759;36.619;36.679;1.61561;UCG.ITEUR
2024-07-12 07:00:00;36.679;36.889;36.619;36.789;4.59423;UCG.ITEUR
2024-07-12 08:00:00;36.799;36.929;36.739;36.779;3.79432;UCG.ITEUR
2024-07-12 09:00:00;36.789;36.869;36.699;36.859;1.86703;UCG.ITEUR
2024-07-12 10:00:00;36.859;37.019;36.859;36.949;2.25663;UCG.ITEUR
2024-07-12 11:00:00;36.959;36.979;36.899;36.929;2.26819;UCG.ITEUR
2024-07-12 12:00:00;36.919;37.019;36.819;36.989;3.69082;UCG.ITEUR
2024-07-12 13:00:00;36.999;37.019;36.879;36.909;3.20992;UCG.ITEUR
2024-07-12 14:00:00;36.909;37.079;36.909;37.059;3.2294;UCG.ITEUR
2024-07-12 15:00:00;37.059;37.109;37.019;37.069;0.94478;UCG.ITEUR
2024-07-15 07:00:00;36.929;36.969;36.719;36.949;5.3192;UCG.ITEUR
2024-07-15 08:00:00;36.969;37.119;36.929;37.019;3.55386;UCG.ITEUR
2024-07-15 09:00:00;37.009;37.099;36.969;37.019;2.06851;UCG.ITEUR
2024-07-15 10:00:00;37.029;37.059;36.959;37.019;1.65798;UCG.ITEUR
2024-07-15 11:00:00;37.029;37.359;37.029;37.279;2.45037;UCG.ITEUR
2024-07-15 12:00:00;37.279;37.329;37.109;37.119;2.29238;UCG.ITEUR
2024-07-15 13:00:00;37.129;37.219;37.089;37.149;4.32002;UCG.ITEUR
2024-07-15 14:00:00;37.159;37.169;37.059;37.139;1.97213;UCG.ITEUR
2024-07-15 15:00:00;37.149;37.229;37.149;37.189;1.20231;UCG.ITEUR
2024-07-16 07:00:00;36.959;37.229;36.839;36.929;5.74498;UCG.ITEUR
2024-07-16 08:00:00;36.939;37.259;36.879;37.259;4.7763;UCG.ITEUR
2024-07-16 09:00:00;37.259;37.369;37.189;37.259;4.29013;UCG.ITEUR
2024-07-16 10:00:00;37.259;37.329;37.209;37.249;2.15574;UCG.ITEUR
2024-07-16 11:00:00;37.249;37.349;37.189;37.299;2.22406;UCG.ITEUR
2024-07-16 12:00:00;37.289;37.459;37.289;37.439;3.12198;UCG.ITEUR
2024-07-16 13:00:00;37.436;37.439;37.289;37.329;3.00059;UCG.ITEUR
2024-07-16 14:00:00;37.339;37.549;37.339;37.489;3.65451;UCG.ITEUR
2024-07-16 15:00:00;37.489;37.519;37.449;37.479;0.96502;UCG.ITEUR
2024-07-17 07:00:00;37.399;37.729;37.369;37.629;6.97291;UCG.ITEUR
2024-07-17 08:00:00;37.629;37.709;37.459;37.709;5.62847;UCG.ITEUR
2024-07-17 09:00:00;37.699;37.829;37.699;37.809;2.02093;UCG.ITEUR
2024-07-17 10:00:00;37.819;37.839;37.649;37.669;1.67933;UCG.ITEUR
2024-07-17 11:00:00;37.659;37.669;37.419;37.509;3.47395;UCG.ITEUR
2024-07-17 12:00:00;37.499;37.629;37.459;37.589;2.56871;UCG.ITEUR
2024-07-17 13:00:00;37.599;37.729;37.419;37.709;3.38916;UCG.ITEUR
2024-07-17 14:00:00;37.719;37.719;37.549;37.569;2.66326;UCG.ITEUR
2024-07-17 15:00:00;37.559;37.649;37.519;37.609;1.10349;UCG.ITEUR
2024-07-18 07:00:00;37.799;37.939;37.739;37.839;6.52517;UCG.ITEUR
2024-07-18 08:00:00;37.849;37.999;37.839;37.979;3.55203;UCG.ITEUR
2024-07-18 09:00:00;37.969;37.999;37.859;37.889;1.30601;UCG.ITEUR
2024-07-18 10:00:00;37.899;37.929;37.809;37.909;1.55916;UCG.ITEUR
2024-07-18 11:00:00;37.899;37.899;37.809;37.879;1.06079;UCG.ITEUR
2024-07-18 12:00:00;37.889;37.889;37.739;37.839;1.6653;UCG.ITEUR
2024-07-18 13:00:00;37.849;37.949;37.829;37.869;1.7873;UCG.ITEUR
2024-07-18 14:00:00;37.879;37.899;37.649;37.709;2.17648;UCG.ITEUR
2024-07-18 15:00:00;37.719;37.789;37.669;37.669;0.91622;UCG.ITEUR
2024-07-22 07:00:00;38.019;38.099;37.909;37.969;4.05298;UCG.ITEUR
2024-07-22 08:00:00;37.959;38.169;37.939;38.129;2.89917;UCG.ITEUR
2024-07-22 09:00:00;38.139;38.259;38.089;38.199;1.57533;UCG.ITEUR
2024-07-22 10:00:00;38.189;38.229;38.109;38.209;1.57893;UCG.ITEUR
2024-07-22 11:00:00;38.219;38.259;38.159;38.239;1.37653;UCG.ITEUR
2024-07-22 12:00:00;38.249;38.389;38.239;38.339;0.51912;UCG.ITEUR
2024-07-22 13:00:00;38.349;38.489;38.319;38.419;1.18493;UCG.ITEUR
2024-07-22 14:00:00;38.429;38.779;38.419;38.769;2.03755;UCG.ITEUR
2024-07-22 15:00:00;38.779;38.819;38.659;38.659;0.84664;UCG.ITEUR
2024-07-23 07:00:00;38.949;39.039;38.879;38.899;6.63656;UCG.ITEUR
2024-07-23 08:00:00;38.889;39.009;38.849;38.869;3.69852;UCG.ITEUR
2024-07-23 09:00:00;38.859;38.969;38.839;38.949;2.13994;UCG.ITEUR
2024-07-23 10:00:00;38.949;39.069;38.949;38.989;2.15431;UCG.ITEUR
2024-07-23 11:00:00;38.979;38.989;38.879;38.899;1.8717;UCG.ITEUR
2024-07-23 12:00:00;38.909;38.919;38.719;38.719;2.34652;UCG.ITEUR
2024-07-23 13:00:00;38.729;38.869;38.689;38.849;1.7777;UCG.ITEUR
2024-07-23 14:00:00;38.859;38.929;38.819;38.869;1.22087;UCG.ITEUR
2024-07-23 15:00:00;38.879;38.999;38.879;38.989;0.61074;UCG.ITEUR
2024-07-24 07:00:00;38.629;38.759;38.049;38.049;9.38965;UCG.ITEUR
2024-07-24 08:00:00;38.059;38.459;37.849;38.419;8.7891;UCG.ITEUR
2024-07-24 09:00:00;38.409;38.759;38.349;38.719;5.70492;UCG.ITEUR
2024-07-24 10:00:00;38.719;39.119;38.699;39.119;3.16622;UCG.ITEUR
2024-07-24 11:00:00;39.119;39.329;38.949;39.119;3.83981;UCG.ITEUR
2024-07-24 12:00:00;39.129;39.139;38.779;38.789;3.13687;UCG.ITEUR
2024-07-24 13:00:00;38.779;38.849;38.629;38.819;4.12422;UCG.ITEUR
2024-07-24 14:00:00;38.809;39.179;38.789;39.059;2.42795;UCG.ITEUR
2024-07-24 15:00:00;39.039;39.059;38.909;39.019;1.18673;UCG.ITEUR
2024-07-25 07:00:00;38.619;38.879;38.409;38.569;8.7711;UCG.ITEUR
2024-07-25 08:00:00;38.549;38.729;38.229;38.579;7.49577;UCG.ITEUR
2024-07-25 09:00:00;38.589;38.649;38.089;38.169;5.92764;UCG.ITEUR
2024-07-25 10:00:00;38.189;38.189;37.539;37.839;6.01386;UCG.ITEUR
2024-07-25 11:00:00;37.839;38.019;37.759;37.889;4.508;UCG.ITEUR
2024-07-25 12:00:00;37.879;38.209;37.759;38.199;4.83372;UCG.ITEUR
2024-07-25 13:00:00;38.189;38.279;38.019;38.049;6.70542;UCG.ITEUR
2024-07-25 14:00:00;38.039;38.199;37.849;38.189;5.20856;UCG.ITEUR
2024-07-25 15:00:00;38.199;38.269;38.099;38.119;1.42803;UCG.ITEUR
2024-07-26 07:00:00;38.099;38.179;37.819;37.949;8.39931;UCG.ITEUR
2024-07-26 08:00:00;37.959;38.199;37.839;38.139;4.39124;UCG.ITEUR
2024-07-26 09:00:00;38.109;38.119;37.819;38.009;3.85177;UCG.ITEUR
2024-07-26 10:00:00;38.019;38.109;37.919;38.029;2.40818;UCG.ITEUR
2024-07-26 11:00:00;38.019;38.119;37.969;38.079;2.24593;UCG.ITEUR
2024-07-26 12:00:00;38.069;38.079;37.759;37.779;3.4081;UCG.ITEUR
2024-07-26 13:00:00;37.779;37.799;37.579;37.739;4.20922;UCG.ITEUR
2024-07-26 14:00:00;37.729;37.919;37.729;37.859;3.09196;UCG.ITEUR
2024-07-26 15:00:00;37.849;37.909;37.849;37.899;0.63887;UCG.ITEUR
2024-07-29 07:00:00;38.219;38.369;38.129;38.169;5.5793;UCG.ITEUR
2024-07-29 08:00:00;38.159;38.199;37.949;38.009;3.91628;UCG.ITEUR
2024-07-29 09:00:00;38.009;38.259;37.959;38.219;2.22648;UCG.ITEUR
2024-07-29 10:00:00;38.229;38.309;38.129;38.149;1.92184;UCG.ITEUR
2024-07-29 11:00:00;38.139;38.149;37.999;38.039;2.38592;UCG.ITEUR
2024-07-29 12:00:00;38.029;38.129;37.919;37.999;1.78914;UCG.ITEUR
2024-07-29 13:00:00;38.009;38.019;37.719;37.829;3.34032;UCG.ITEUR
2024-07-29 14:00:00;37.819;37.849;37.649;37.829;3.51822;UCG.ITEUR
2024-07-29 15:00:00;37.819;37.889;37.759;37.849;1.0472;UCG.ITEUR
2024-07-30 07:00:00;37.849;38.089;37.679;37.979;5.6846;UCG.ITEUR
2024-07-30 08:00:00;37.969;38.029;37.949;37.969;3.65684;UCG.ITEUR
2024-07-30 09:00:00;37.959;38.139;37.929;38.049;2.69892;UCG.ITEUR
2024-07-30 10:00:00;38.059;38.269;38.059;38.229;2.56564;UCG.ITEUR
2024-07-30 11:00:00;38.239;38.309;38.179;38.239;2.96428;UCG.ITEUR
2024-07-30 12:00:00;38.229;38.339;38.229;38.279;2.17888;UCG.ITEUR
2024-07-30 13:00:00;38.279;38.459;38.279;38.389;3.34148;UCG.ITEUR
2024-07-30 14:00:00;38.399;38.489;38.249;38.249;3.03328;UCG.ITEUR
2024-07-30 15:00:00;38.259;38.309;38.189;38.279;1.20904;UCG.ITEUR
2024-07-31 07:00:00;38.509;38.579;38.309;38.359;7.1489;UCG.ITEUR
2024-07-31 08:00:00;38.369;38.509;38.229;38.419;5.82682;UCG.ITEUR
2024-07-31 09:00:00;38.419;38.459;38.239;38.249;4.05846;UCG.ITEUR
2024-07-31 10:00:00;38.239;38.399;38.219;38.249;2.55372;UCG.ITEUR
2024-07-31 11:00:00;38.229;38.269;38.029;38.049;3.426;UCG.ITEUR
2024-07-31 12:00:00;38.029;38.159;37.989;38.019;3.495;UCG.ITEUR
2024-07-31 13:00:00;38.029;38.049;37.689;37.759;3.91566;UCG.ITEUR
2024-07-31 14:00:00;37.769;37.979;37.749;37.829;2.98866;UCG.ITEUR
2024-07-31 15:00:00;37.819;37.999;37.799;37.989;0.75564;UCG.ITEUR
2024-08-01 07:00:00;37.549;37.549;36.949;37.069;10.0489;UCG.ITEUR
2024-08-01 08:00:00;37.079;37.079;36.529;36.709;9.2195;UCG.ITEUR
2024-08-01 09:00:00;36.699;36.889;36.669;36.869;5.56084;UCG.ITEUR
2024-08-01 10:00:00;36.859;37.049;36.809;36.979;3.41052;UCG.ITEUR
2024-08-01 11:00:00;36.989;37.009;36.809;36.839;5.04022;UCG.ITEUR
2024-08-01 12:00:00;36.839;36.869;36.659;36.709;2.46924;UCG.ITEUR
2024-08-01 13:00:00;36.699;36.819;36.639;36.649;3.19098;UCG.ITEUR
2024-08-01 14:00:00;36.639;36.669;35.779;35.979;9.05704;UCG.ITEUR
2024-08-01 15:00:00;35.969;36.139;35.909;35.949;2.72032;UCG.ITEUR
2024-08-02 07:00:00;34.899;35.449;34.799;35.359;10.76112;UCG.ITEUR
2024-08-02 08:00:00;35.369;35.539;35.169;35.369;8.4668;UCG.ITEUR
2024-08-02 09:00:00;35.359;35.399;34.699;34.739;9.2147;UCG.ITEUR
2024-08-02 10:00:00;34.729;35.149;34.729;35.049;7.79742;UCG.ITEUR
2024-08-02 11:00:00;35.059;35.109;34.869;34.999;5.42218;UCG.ITEUR
2024-08-02 12:00:00;35.009;35.189;34.379;34.499;10.40234;UCG.ITEUR
2024-08-02 13:00:00;34.509;34.699;34.249;34.319;9.63002;UCG.ITEUR
2024-08-02 14:00:00;34.319;34.319;33.889;33.999;10.15002;UCG.ITEUR
2024-08-02 15:00:00;33.989;34.149;33.959;34.079;3.24868;UCG.ITEUR
2024-08-05 07:00:00;31.649;32.919;30.849;32.809;20.5557;UCG.ITEUR
2024-08-05 08:00:00;32.809;32.899;32.429;32.479;16.92042;UCG.ITEUR
2024-08-05 09:00:00;32.469;32.829;32.469;32.699;14.93316;UCG.ITEUR
2024-08-05 10:00:00;32.689;32.779;32.499;32.619;13.5003;UCG.ITEUR
2024-08-05 11:00:00;32.639;32.709;32.339;32.389;12.19812;UCG.ITEUR
2024-08-05 12:00:00;32.369;32.419;32.089;32.319;16.89468;UCG.ITEUR
2024-08-05 13:00:00;32.309;32.809;32.289;32.699;18.89118;UCG.ITEUR
2024-08-05 14:00:00;32.729;33.359;32.719;32.849;21.3642;UCG.ITEUR
2024-08-05 15:00:00;32.839;33.219;32.729;33.109;7.31544;UCG.ITEUR
2024-08-06 07:00:00;33.339;33.869;33.339;33.709;17.721;UCG.ITEUR
2024-08-06 08:00:00;33.719;33.729;33.279;33.339;14.8467;UCG.ITEUR
2024-08-06 09:00:00;33.329;33.329;32.869;33.089;12.53538;UCG.ITEUR
2024-08-06 10:00:00;33.089;33.329;33.009;33.259;13.2858;UCG.ITEUR
2024-08-06 11:00:00;33.279;33.409;32.929;33.049;9.02484;UCG.ITEUR
2024-08-06 12:00:00;33.029;33.099;32.609;32.629;14.13324;UCG.ITEUR
2024-08-06 13:00:00;32.639;32.919;32.629;32.849;16.44324;UCG.ITEUR
2024-08-06 14:00:00;32.839;33.049;32.659;32.709;14.10156;UCG.ITEUR
2024-08-06 15:00:00;32.719;32.899;32.669;32.759;4.06758;UCG.ITEUR
2024-08-07 07:00:00;33.149;33.529;33.099;33.479;14.12004;UCG.ITEUR
2024-08-07 08:00:00;33.489;33.739;33.389;33.729;12.29778;UCG.ITEUR
2024-08-07 09:00:00;33.729;33.959;33.629;33.769;11.07744;UCG.ITEUR
2024-08-07 10:00:00;33.759;33.919;33.729;33.859;7.57614;UCG.ITEUR
2024-08-07 11:00:00;33.869;34.069;33.779;33.869;8.15826;UCG.ITEUR
2024-08-07 12:00:00;33.879;34.079;33.689;34.069;6.25284;UCG.ITEUR
2024-08-07 13:00:00;34.069;34.269;33.979;34.199;8.03484;UCG.ITEUR
2024-08-07 14:00:00;34.189;34.259;34.009;34.229;8.35692;UCG.ITEUR
2024-08-07 15:00:00;34.229;34.309;34.159;34.299;2.32782;UCG.ITEUR
2024-08-08 07:00:00;33.579;33.739;33.339;33.529;15.0678;UCG.ITEUR
2024-08-08 08:00:00;33.519;33.879;33.369;33.869;10.40094;UCG.ITEUR
2024-08-08 09:00:00;33.879;33.879;33.599;33.649;5.24568;UCG.ITEUR
2024-08-08 10:00:00;33.659;33.909;33.659;33.729;4.94802;UCG.ITEUR
2024-08-08 11:00:00;33.719;33.919;33.679;33.869;4.455;UCG.ITEUR
2024-08-08 12:00:00;33.859;34.229;33.709;34.079;8.976;UCG.ITEUR
2024-08-08 13:00:00;34.079;34.279;34.019;34.129;11.49852;UCG.ITEUR
2024-08-08 14:00:00;34.129;34.339;34.109;34.289;5.37504;UCG.ITEUR
2024-08-08 15:00:00;34.289;34.319;34.049;34.169;1.89816;UCG.ITEUR
2024-08-09 07:00:00;34.249;34.639;34.239;34.639;9.56736;UCG.ITEUR
2024-08-09 08:00:00;34.649;34.789;34.489;34.779;5.28066;UCG.ITEUR
2024-08-09 09:00:00;34.769;34.909;34.619;34.769;4.47876;UCG.ITEUR
2024-08-09 10:00:00;34.759;34.769;34.489;34.549;5.16186;UCG.ITEUR
2024-08-09 11:00:00;34.559;34.619;34.429;34.519;4.2174;UCG.ITEUR
2024-08-09 12:00:00;34.509;34.509;34.279;34.279;2.80962;UCG.ITEUR
2024-08-09 13:00:00;34.299;34.409;34.229;34.409;4.88004;UCG.ITEUR
2024-08-09 14:00:00;34.399;34.649;34.389;34.569;7.11348;UCG.ITEUR
2024-08-09 15:00:00;34.559;34.609;34.499;34.499;1.0758;UCG.ITEUR
2024-08-12 07:00:00;34.509;34.779;34.509;34.769;7.69589;UCG.ITEUR
2024-08-12 08:00:00;34.759;34.869;34.529;34.549;5.55649;UCG.ITEUR
2024-08-12 09:00:00;34.559;34.589;34.459;34.559;2.82774;UCG.ITEUR
2024-08-12 10:00:00;34.569;34.649;34.489;34.649;2.02019;UCG.ITEUR
2024-08-12 11:00:00;34.639;34.819;34.639;34.729;2.02607;UCG.ITEUR
2024-08-12 12:00:00;34.719;34.829;34.699;34.739;1.33118;UCG.ITEUR
2024-08-12 13:00:00;34.729;34.879;34.519;34.549;6.02802;UCG.ITEUR
2024-08-12 14:00:00;34.559;34.849;34.489;34.819;4.77174;UCG.ITEUR
2024-08-12 15:00:00;34.829;34.829;34.559;34.579;1.21068;UCG.ITEUR
2024-08-13 07:00:00;34.859;34.879;34.649;34.769;7.46015;UCG.ITEUR
2024-08-13 08:00:00;34.759;34.779;34.609;34.729;3.87113;UCG.ITEUR
2024-08-13 09:00:00;34.719;34.719;34.529;34.629;3.17619;UCG.ITEUR
2024-08-13 10:00:00;34.619;34.619;34.339;34.369;3.73041;UCG.ITEUR
2024-08-13 11:00:00;34.379;34.469;34.309;34.369;2.03783;UCG.ITEUR
2024-08-13 12:00:00;34.366;34.539;34.359;34.519;4.89946;UCG.ITEUR
2024-08-13 13:00:00;34.509;34.549;34.339;34.389;4.94826;UCG.ITEUR
2024-08-13 14:00:00;34.379;34.629;34.359;34.599;3.03686;UCG.ITEUR
2024-08-13 15:00:00;34.609;34.639;34.599;34.609;0.61349;UCG.ITEUR
2024-08-14 07:00:00;34.849;34.959;34.759;34.889;5.19504;UCG.ITEUR
2024-08-14 08:00:00;34.899;34.999;34.869;34.989;2.27419;UCG.ITEUR
2024-08-14 09:00:00;34.999;34.999;34.919;34.919;1.18267;UCG.ITEUR
2024-08-14 10:00:00;34.929;34.959;34.879;34.939;1.28496;UCG.ITEUR
2024-08-14 11:00:00;34.929;35.059;34.909;35.039;1.00228;UCG.ITEUR
2024-08-14 12:00:00;35.049;35.129;34.799;35.119;3.87433;UCG.ITEUR
2024-08-14 13:00:00;35.129;35.159;34.969;35.029;4.75549;UCG.ITEUR
2024-08-14 14:00:00;35.019;35.139;34.999;35.059;2.71642;UCG.ITEUR
2024-08-14 15:00:00;35.069;35.139;35.039;35.049;0.66755;UCG.ITEUR
2024-08-16 07:00:00;36.199;36.299;36.049;36.299;6.87854;UCG.ITEUR
2024-08-16 08:00:00;36.289;36.389;36.199;36.259;4.65;UCG.ITEUR
2024-08-16 09:00:00;36.269;36.369;36.159;36.339;3.49271;UCG.ITEUR
2024-08-16 10:00:00;36.329;36.329;36.079;36.209;3.10779;UCG.ITEUR
2024-08-16 11:00:00;36.219;36.229;36.079;36.129;2.95474;UCG.ITEUR
2024-08-16 12:00:00;36.139;36.239;35.999;36.139;4.24166;UCG.ITEUR
2024-08-16 13:00:00;36.129;36.319;36.129;36.309;4.5165;UCG.ITEUR
2024-08-16 14:00:00;36.309;36.459;36.269;36.299;5.8483;UCG.ITEUR
2024-08-16 15:00:00;36.309;36.399;36.249;36.339;1.31751;UCG.ITEUR
2024-08-19 07:00:00;36.529;36.659;36.479;36.589;6.38058;UCG.ITEUR
2024-08-19 08:00:00;36.599;36.699;36.499;36.679;3.84492;UCG.ITEUR
2024-08-19 09:00:00;36.669;36.799;36.659;36.729;2.29125;UCG.ITEUR
2024-08-19 10:00:00;36.719;36.799;36.669;36.709;1.93731;UCG.ITEUR
2024-08-19 11:00:00;36.719;36.799;36.699;36.789;1.11561;UCG.ITEUR
2024-08-19 12:00:00;36.779;36.819;36.739;36.759;1.25916;UCG.ITEUR
2024-08-19 13:00:00;36.749;36.819;36.709;36.709;2.8506;UCG.ITEUR
2024-08-19 14:00:00;36.699;36.799;36.629;36.669;1.85316;UCG.ITEUR
2024-08-19 15:00:00;36.659;36.709;36.639;36.689;0.95535;UCG.ITEUR
2024-08-20 07:00:00;36.709;36.749;36.529;36.639;6.42141;UCG.ITEUR
2024-08-20 08:00:00;36.629;36.639;36.239;36.339;5.39925;UCG.ITEUR
2024-08-20 09:00:00;36.339;36.389;36.129;36.169;5.46111;UCG.ITEUR
2024-08-20 10:00:00;36.169;36.229;36.099;36.179;5.76492;UCG.ITEUR
2024-08-20 11:00:00;36.189;36.209;36.129;36.139;1.79067;UCG.ITEUR
2024-08-20 12:00:00;36.129;36.149;35.959;36.049;2.35746;UCG.ITEUR
2024-08-20 13:00:00;36.059;36.079;35.799;35.909;5.47596;UCG.ITEUR
2024-08-20 14:00:00;35.899;36.009;35.729;35.869;5.12637;UCG.ITEUR
2024-08-20 15:00:00;35.859;35.909;35.799;35.799;1.25916;UCG.ITEUR
2024-08-21 07:00:00;35.949;36.029;35.849;35.899;4.41294;UCG.ITEUR
2024-08-21 08:00:00;35.889;35.919;35.679;35.759;3.97053;UCG.ITEUR
2024-08-21 09:00:00;35.769;35.939;35.759;35.839;2.42736;UCG.ITEUR
2024-08-21 10:00:00;35.849;36.049;35.759;36.029;2.36796;UCG.ITEUR
2024-08-21 11:00:00;36.019;36.089;36.009;36.069;2.52141;UCG.ITEUR
2024-08-21 12:00:00;36.059;36.079;35.939;36.019;2.32527;UCG.ITEUR
2024-08-21 13:00:00;36.019;36.059;35.769;35.849;3.57267;UCG.ITEUR
2024-08-21 14:00:00;35.859;35.979;35.729;35.739;9.08577;UCG.ITEUR
2024-08-21 15:00:00;35.729;35.849;35.729;35.789;1.49367;UCG.ITEUR
2024-08-22 07:00:00;35.799;35.949;35.609;35.779;7.6689;UCG.ITEUR
2024-08-22 08:00:00;35.779;36.099;35.779;36.069;5.10351;UCG.ITEUR
2024-08-22 09:00:00;36.069;36.109;35.889;35.959;2.04684;UCG.ITEUR
2024-08-22 10:00:00;35.949;36.029;35.909;35.969;1.88724;UCG.ITEUR
2024-08-22 11:00:00;35.979;36.079;35.919;36.049;1.61682;UCG.ITEUR
2024-08-22 12:00:00;36.059;36.059;35.899;35.999;3.7998;UCG.ITEUR
2024-08-22 13:00:00;35.989;36.119;35.969;36.079;4.63263;UCG.ITEUR
2024-08-22 14:00:00;36.079;36.189;36.079;36.139;4.69704;UCG.ITEUR
2024-08-22 15:00:00;36.149;36.179;36.109;36.109;1.26909;UCG.ITEUR
2024-08-23 07:00:00;36.319;36.429;36.259;36.329;5.92518;UCG.ITEUR
2024-08-23 08:00:00;36.319;36.409;36.299;36.399;4.95435;UCG.ITEUR
2024-08-23 09:00:00;36.399;36.569;36.329;36.529;3.87711;UCG.ITEUR
2024-08-23 10:00:00;36.519;36.519;36.389;36.399;1.89216;UCG.ITEUR
2024-08-23 11:00:00;36.389;36.399;36.259;36.349;1.94535;UCG.ITEUR
2024-08-23 12:00:00;36.369;36.409;36.279;36.319;2.51523;UCG.ITEUR
2024-08-23 13:00:00;36.329;36.539;36.259;36.469;3.73602;UCG.ITEUR
2024-08-23 14:00:00;36.479;36.579;36.409;36.489;7.84581;UCG.ITEUR
2024-08-23 15:00:00;36.479;36.529;36.419;36.489;1.40271;UCG.ITEUR
2024-08-26 07:00:00;36.499;36.519;36.309;36.409;3.37212;UCG.ITEUR
2024-08-26 08:00:00;36.409;36.489;36.409;36.449;1.56035;UCG.ITEUR
2024-08-26 09:00:00;36.459;36.479;36.359;36.389;1.16102;UCG.ITEUR
2024-08-26 10:00:00;36.399;36.469;36.359;36.379;0.84673;UCG.ITEUR
2024-08-26 11:00:00;36.389;36.529;36.369;36.519;1.49934;UCG.ITEUR
2024-08-26 12:00:00;36.509;36.529;36.449;36.459;1.16348;UCG.ITEUR
2024-08-26 13:00:00;36.449;36.469;36.219;36.399;2.69055;UCG.ITEUR
2024-08-26 14:00:00;36.409;36.419;36.299;36.349;2.67946;UCG.ITEUR
2024-08-26 15:00:00;36.359;36.389;36.339;36.369;0.70376;UCG.ITEUR
2024-08-27 07:00:00;36.359;36.419;36.239;36.359;5.64302;UCG.ITEUR
2024-08-27 08:00:00;36.349;36.589;36.349;36.539;5.70341;UCG.ITEUR
2024-08-27 09:00:00;36.549;36.569;36.419;36.449;4.30698;UCG.ITEUR
2024-08-27 10:00:00;36.459;36.539;36.399;36.519;4.85113;UCG.ITEUR
2024-08-27 11:00:00;36.509;36.659;36.499;36.639;4.1258;UCG.ITEUR
2024-08-27 12:00:00;36.629;36.649;36.489;36.529;2.12237;UCG.ITEUR
2024-08-27 13:00:00;36.529;36.599;36.489;36.529;3.26921;UCG.ITEUR
2024-08-27 14:00:00;36.529;36.549;36.429;36.489;2.94507;UCG.ITEUR
2024-08-27 15:00:00;36.499;36.499;36.449;36.479;0.79373;UCG.ITEUR
2024-08-28 07:00:00;36.559;36.619;36.409;36.499;4.70324;UCG.ITEUR
2024-08-28 08:00:00;36.509;36.569;36.449;36.469;2.9463;UCG.ITEUR
2024-08-28 09:00:00;36.459;36.529;36.389;36.439;2.42803;UCG.ITEUR
2024-08-28 10:00:00;36.449;36.459;36.299;36.309;1.94119;UCG.ITEUR
2024-08-28 11:00:00;36.299;36.419;36.249;36.309;2.64557;UCG.ITEUR
2024-08-28 12:00:00;36.309;36.419;36.299;36.399;1.92024;UCG.ITEUR
2024-08-28 13:00:00;36.389;36.559;36.369;36.529;2.81196;UCG.ITEUR
2024-08-28 14:00:00;36.539;36.599;36.439;36.569;2.3017;UCG.ITEUR
2024-08-28 15:00:00;36.559;36.569;36.479;36.499;1.46606;UCG.ITEUR
2024-08-29 07:00:00;36.599;36.779;36.549;36.689;6.77198;UCG.ITEUR
2024-08-29 08:00:00;36.679;36.719;36.579;36.699;6.32889;UCG.ITEUR
2024-08-29 09:00:00;36.699;36.849;36.699;36.779;2.01514;UCG.ITEUR
2024-08-29 10:00:00;36.789;36.869;36.779;36.859;2.30108;UCG.ITEUR
2024-08-29 11:00:00;36.849;36.939;36.819;36.919;1.31138;UCG.ITEUR
2024-08-29 12:00:00;36.919;36.939;36.839;36.919;3.04181;UCG.ITEUR
2024-08-29 13:00:00;36.909;36.959;36.719;36.759;5.41623;UCG.ITEUR
2024-08-29 14:00:00;36.769;36.879;36.759;36.819;6.14834;UCG.ITEUR
2024-08-29 15:00:00;36.829;36.839;36.769;36.809;1.31015;UCG.ITEUR
2024-08-30 07:00:00;37.059;37.279;37.009;37.169;4.30266;UCG.ITEUR
2024-08-30 08:00:00;37.159;37.189;37.079;37.099;3.60014;UCG.ITEUR
2024-08-30 09:00:00;37.079;37.199;37.069;37.169;2.46562;UCG.ITEUR
2024-08-30 10:00:00;37.169;37.189;37.119;37.189;1.41553;UCG.ITEUR
2024-08-30 11:00:00;37.199;37.219;37.139;37.159;1.53015;UCG.ITEUR
2024-08-30 12:00:00;37.149;37.219;36.989;37.219;1.80623;UCG.ITEUR
2024-08-30 13:00:00;37.209;37.339;37.209;37.339;2.84585;UCG.ITEUR
2024-08-30 14:00:00;37.329;37.389;37.319;37.359;2.12237;UCG.ITEUR
2024-08-30 15:00:00;37.369;37.379;37.319;37.339;1.06242;UCG.ITEUR
2024-09-02 07:00:00;37.489;37.499;37.119;37.369;8.5859;UCG.ITEUR
2024-09-02 08:00:00;37.349;37.769;37.309;37.619;6.17247;UCG.ITEUR
2024-09-02 09:00:00;37.619;37.819;37.609;37.759;3.05916;UCG.ITEUR
2024-09-02 10:00:00;37.749;37.829;37.699;37.779;1.62278;UCG.ITEUR
2024-09-02 11:00:00;37.789;37.869;37.739;37.769;1.57649;UCG.ITEUR
2024-09-02 12:00:00;37.779;37.849;37.739;37.759;1.61616;UCG.ITEUR
2024-09-02 13:00:00;37.749;37.759;37.559;37.569;3.90815;UCG.ITEUR
2024-09-02 14:00:00;37.559;37.609;37.449;37.549;4.11798;UCG.ITEUR
2024-09-02 15:00:00;37.559;37.619;37.539;37.579;1.03596;UCG.ITEUR
2024-09-03 07:00:00;37.619;37.639;37.279;37.359;8.0989;UCG.ITEUR
2024-09-03 08:00:00;37.359;37.419;36.839;37.019;7.66419;UCG.ITEUR
2024-09-03 09:00:00;36.999;37.159;36.949;37.029;7.90226;UCG.ITEUR
2024-09-03 10:00:00;37.019;37.019;36.749;36.839;8.80654;UCG.ITEUR
2024-09-03 11:00:00;36.829;37.149;36.809;37.139;6.11294;UCG.ITEUR
2024-09-03 12:00:00;37.129;37.179;36.949;36.989;6.21638;UCG.ITEUR
2024-09-03 13:00:00;36.999;37.009;36.769;36.779;8.11152;UCG.ITEUR
2024-09-03 14:00:00;36.779;36.779;36.459;36.589;11.41961;UCG.ITEUR
2024-09-03 15:00:00;36.579;36.739;36.579;36.689;2.55173;UCG.ITEUR
2024-09-04 07:00:00;36.179;36.619;36.179;36.539;9.30316;UCG.ITEUR
2024-09-04 08:00:00;36.549;36.869;36.469;36.669;8.46503;UCG.ITEUR
2024-09-04 09:00:00;36.669;36.839;36.609;36.799;6.11656;UCG.ITEUR
2024-09-04 10:00:00;36.799;37.009;36.689;36.849;5.67585;UCG.ITEUR
2024-09-04 11:00:00;36.869;36.919;36.809;36.819;3.46201;UCG.ITEUR
2024-09-04 12:00:00;36.809;37.119;36.789;37.089;5.63375;UCG.ITEUR
2024-09-04 13:00:00;37.079;37.139;36.949;36.989;6.36187;UCG.ITEUR
2024-09-04 14:00:00;36.989;36.989;36.649;36.969;11.2765;UCG.ITEUR
2024-09-04 15:00:00;36.979;36.979;36.729;36.739;2.09902;UCG.ITEUR
2024-09-05 07:00:00;36.519;37.019;36.519;37.009;8.40198;UCG.ITEUR
2024-09-05 08:00:00;36.999;37.139;36.989;37.019;7.02746;UCG.ITEUR
2024-09-05 09:00:00;37.019;37.069;36.809;36.999;5.09565;UCG.ITEUR
2024-09-05 10:00:00;36.989;37.049;36.929;36.959;3.61112;UCG.ITEUR
2024-09-05 11:00:00;36.949;37.159;36.939;36.989;4.79319;UCG.ITEUR
2024-09-05 12:00:00;36.999;37.029;36.749;36.829;6.73586;UCG.ITEUR
2024-09-05 13:00:00;36.839;36.869;36.699;36.719;3.11993;UCG.ITEUR
2024-09-05 14:00:00;36.719;36.959;36.719;36.929;3.25942;UCG.ITEUR
2024-09-05 15:00:00;36.939;36.979;36.829;36.839;0.94819;UCG.ITEUR
2024-09-06 07:00:00;36.419;36.449;36.149;36.359;10.6362;UCG.ITEUR
2024-09-06 08:00:00;36.369;36.449;36.069;36.149;6.62942;UCG.ITEUR
2024-09-06 09:00:00;36.139;36.719;36.129;36.689;7.82773;UCG.ITEUR
2024-09-06 10:00:00;36.699;36.729;36.499;36.539;5.01088;UCG.ITEUR
2024-09-06 11:00:00;36.529;36.799;36.529;36.779;3.8661;UCG.ITEUR
2024-09-06 12:00:00;36.789;37.159;36.609;36.879;12.23684;UCG.ITEUR
2024-09-06 13:00:00;36.869;37.059;36.829;36.839;10.84551;UCG.ITEUR
2024-09-06 14:00:00;36.829;36.889;36.329;36.339;10.21664;UCG.ITEUR
2024-09-06 15:00:00;36.329;36.499;36.029;36.039;4.09341;UCG.ITEUR
2024-09-09 07:00:00;36.559;36.979;36.539;36.919;10.08291;UCG.ITEUR
2024-09-09 08:00:00;36.919;36.939;36.719;36.859;7.47938;UCG.ITEUR
2024-09-09 09:00:00;36.849;37.069;36.819;36.979;4.92325;UCG.ITEUR
2024-09-09 10:00:00;36.969;36.989;36.829;36.899;4.29826;UCG.ITEUR
2024-09-09 11:00:00;36.909;37.069;36.899;37.009;2.87673;UCG.ITEUR
2024-09-09 12:00:00;37.019;37.019;36.819;36.919;3.89968;UCG.ITEUR
2024-09-09 13:00:00;36.919;36.919;36.719;36.809;6.48325;UCG.ITEUR
2024-09-09 14:00:00;36.799;36.889;36.509;36.569;6.46766;UCG.ITEUR
2024-09-09 15:00:00;36.559;36.639;36.549;36.579;1.54565;UCG.ITEUR
2024-09-10 07:00:00;36.489;36.889;36.449;36.819;7.85175;UCG.ITEUR
2024-09-10 08:00:00;36.809;36.849;36.389;36.469;6.64542;UCG.ITEUR
2024-09-10 09:00:00;36.459;36.479;36.159;36.399;7.73699;UCG.ITEUR
2024-09-10 10:00:00;36.389;36.449;36.189;36.279;6.88682;UCG.ITEUR
2024-09-10 11:00:00;36.289;36.339;36.149;36.279;6.23625;UCG.ITEUR
2024-09-10 12:00:00;36.269;36.489;36.239;36.449;5.88944;UCG.ITEUR
2024-09-10 13:00:00;36.439;36.469;36.169;36.239;8.3938;UCG.ITEUR
2024-09-10 14:00:00;36.219;36.229;35.979;36.019;8.8273;UCG.ITEUR
2024-09-10 15:00:00;36.019;36.159;35.999;36.159;2.71144;UCG.ITEUR
2024-09-11 07:00:00;35.939;37.249;35.899;36.809;11.01541;UCG.ITEUR
2024-09-11 08:00:00;36.799;36.819;36.129;36.179;9.83778;UCG.ITEUR
2024-09-11 09:00:00;36.169;36.259;35.739;35.869;8.03015;UCG.ITEUR
2024-09-11 10:00:00;35.869;36.289;35.869;36.119;7.84675;UCG.ITEUR
2024-09-11 11:00:00;36.129;36.309;35.979;35.999;6.48574;UCG.ITEUR
2024-09-11 12:00:00;36.009;36.289;35.799;36.289;9.70616;UCG.ITEUR
2024-09-11 13:00:00;36.289;36.569;36.119;36.189;9.91697;UCG.ITEUR
2024-09-11 14:00:00;36.199;36.199;35.759;36.039;11.26926;UCG.ITEUR
2024-09-11 15:00:00;36.039;36.219;36.019;36.119;2.86237;UCG.ITEUR
2024-09-12 07:00:00;36.359;36.979;36.299;36.879;11.21374;UCG.ITEUR
2024-09-12 08:00:00;36.879;37.049;36.769;36.879;10.63741;UCG.ITEUR
2024-09-12 09:00:00;36.889;37.179;36.819;37.119;6.02104;UCG.ITEUR
2024-09-12 10:00:00;37.109;37.329;37.069;37.319;5.24635;UCG.ITEUR
2024-09-12 11:00:00;37.319;37.409;37.249;37.389;5.45157;UCG.ITEUR
2024-09-12 12:00:00;37.389;37.479;36.949;36.949;8.77739;UCG.ITEUR
2024-09-12 13:00:00;36.939;37.159;36.719;36.879;11.84186;UCG.ITEUR
2024-09-12 14:00:00;36.909;37.229;36.839;37.089;9.34187;UCG.ITEUR
2024-09-12 15:00:00;37.089;37.149;37.069;37.149;2.42949;UCG.ITEUR
2024-09-13 07:00:00;37.159;37.229;36.919;37.019;9.59202;UCG.ITEUR
2024-09-13 08:00:00;37.009;37.129;36.919;36.969;7.85862;UCG.ITEUR
2024-09-13 09:00:00;36.979;37.099;36.869;36.869;4.91327;UCG.ITEUR
2024-09-13 10:00:00;36.879;36.999;36.829;36.989;4.26021;UCG.ITEUR
2024-09-13 11:00:00;36.979;36.999;36.739;36.789;4.76295;UCG.ITEUR
2024-09-13 12:00:00;36.779;36.919;36.759;36.779;4.0787;UCG.ITEUR
2024-09-13 13:00:00;36.789;36.849;36.659;36.829;6.10214;UCG.ITEUR
2024-09-13 14:00:00;36.839;36.919;36.789;36.829;5.01182;UCG.ITEUR
2024-09-13 15:00:00;36.819;36.899;36.799;36.809;1.51758;UCG.ITEUR
2024-09-16 07:00:00;37.089;37.559;37.059;37.519;8.3796;UCG.ITEUR
2024-09-16 08:00:00;37.509;37.619;37.429;37.459;6.8319;UCG.ITEUR
2024-09-16 09:00:00;37.469;37.569;37.379;37.399;4.58434;UCG.ITEUR
2024-09-16 10:00:00;37.389;37.399;37.189;37.269;4.12776;UCG.ITEUR
2024-09-16 11:00:00;37.266;37.279;37.079;37.119;4.46517;UCG.ITEUR
2024-09-16 12:00:00;37.109;37.149;36.809;36.899;5.59476;UCG.ITEUR
2024-09-16 13:00:00;36.889;37.099;36.829;37.089;7.03608;UCG.ITEUR
2024-09-16 14:00:00;37.079;37.189;36.899;37.069;6.74085;UCG.ITEUR
2024-09-16 15:00:00;37.059;37.099;36.979;37.079;1.74144;UCG.ITEUR
2024-09-17 07:00:00;37.349;37.519;37.219;37.309;8.6883;UCG.ITEUR
2024-09-17 08:00:00;37.299;37.449;37.249;37.299;6.23841;UCG.ITEUR
2024-09-17 09:00:00;37.409;37.589;37.399;37.529;6.22494;UCG.ITEUR
2024-09-17 10:00:00;37.519;37.669;37.519;37.539;3.8637;UCG.ITEUR
2024-09-17 11:00:00;37.529;37.599;37.449;37.589;4.38693;UCG.ITEUR
2024-09-17 12:00:00;37.579;37.639;37.489;37.629;5.94072;UCG.ITEUR
2024-09-17 13:00:00;37.639;37.639;37.419;37.439;7.38999;UCG.ITEUR
2024-09-17 14:00:00;37.429;37.489;37.319;37.349;3.40038;UCG.ITEUR
2024-09-17 15:00:00;37.359;37.459;37.329;37.419;1.0434;UCG.ITEUR
2024-09-18 07:00:00;37.669;37.739;37.529;37.669;9.1626;UCG.ITEUR
2024-09-18 08:00:00;37.669;37.699;37.529;37.629;7.47741;UCG.ITEUR
2024-09-18 09:00:00;37.619;37.729;37.579;37.719;3.56172;UCG.ITEUR
2024-09-18 10:00:00;37.729;37.779;37.669;37.699;1.5654;UCG.ITEUR
2024-09-18 11:00:00;37.689;37.759;37.669;37.729;1.728;UCG.ITEUR
2024-09-18 12:00:00;37.719;37.729;37.479;37.479;2.92971;UCG.ITEUR
2024-09-18 13:00:00;37.469;37.499;37.229;37.309;6.01101;UCG.ITEUR
2024-09-18 14:00:00;37.299;37.519;37.249;37.479;4.72062;UCG.ITEUR
2024-09-18 15:00:00;37.469;37.489;37.339;37.359;1.11675;UCG.ITEUR
2024-09-19 07:00:00;37.789;37.809;37.309;37.509;10.68402;UCG.ITEUR
2024-09-19 08:00:00;37.499;37.519;37.259;37.449;10.57947;UCG.ITEUR
2024-09-19 09:00:00;37.459;37.699;37.429;37.639;6.522;UCG.ITEUR
2024-09-19 10:00:00;37.629;37.649;37.299;37.369;6.46152;UCG.ITEUR
2024-09-19 11:00:00;37.379;37.509;37.329;37.449;6.7482;UCG.ITEUR
2024-09-19 12:00:00;37.459;37.579;37.359;37.409;6.26469;UCG.ITEUR
2024-09-19 13:00:00;37.399;37.589;37.259;37.469;9.37716;UCG.ITEUR
2024-09-19 14:00:00;37.469;37.709;37.419;37.659;8.2017;UCG.ITEUR
2024-09-19 15:00:00;37.669;37.809;37.649;37.799;1.49694;UCG.ITEUR
2024-09-20 07:00:00;37.949;37.979;37.669;37.799;9.56358;UCG.ITEUR
2024-09-20 08:00:00;37.799;37.849;37.669;37.829;10.467;UCG.ITEUR
2024-09-20 09:00:00;37.819;37.989;37.709;37.969;5.33067;UCG.ITEUR
2024-09-20 10:00:00;37.959;38.089;37.929;38.079;6.14487;UCG.ITEUR
2024-09-20 11:00:00;38.069;38.239;38.069;38.239;4.58127;UCG.ITEUR
2024-09-20 12:00:00;38.229;38.319;38.159;38.279;5.64303;UCG.ITEUR
2024-09-20 13:00:00;38.269;38.299;38.039;38.069;5.80377;UCG.ITEUR
2024-09-20 14:00:00;38.079;38.219;38.029;38.069;6.04644;UCG.ITEUR
2024-09-20 15:00:00;38.059;38.189;38.059;38.099;1.35573;UCG.ITEUR
2024-09-23 07:00:00;37.989;37.989;37.299;37.569;11.46665;UCG.ITEUR
2024-09-23 08:00:00;37.559;37.599;37.239;37.359;11.85133;UCG.ITEUR
2024-09-23 09:00:00;37.369;37.479;37.219;37.469;7.49064;UCG.ITEUR
2024-09-23 10:00:00;37.459;37.459;36.849;37.029;9.89843;UCG.ITEUR
2024-09-23 11:00:00;37.039;37.249;37.009;37.199;8.31133;UCG.ITEUR
2024-09-23 12:00:00;37.189;37.259;36.999;37.049;5.6404;UCG.ITEUR
2024-09-23 13:00:00;37.059;37.109;36.889;37.059;7.26349;UCG.ITEUR
2024-09-23 14:00:00;37.059;37.169;36.819;36.939;7.30361;UCG.ITEUR
2024-09-23 15:00:00;36.929;36.929;36.709;36.759;1.4809;UCG.ITEUR
2024-09-24 07:00:00;36.869;37.189;36.869;37.129;7.34432;UCG.ITEUR
2024-09-24 08:00:00;37.119;37.389;37.099;37.349;7.01805;UCG.ITEUR
2024-09-24 09:00:00;37.359;37.499;37.339;37.459;4.54359;UCG.ITEUR
2024-09-24 10:00:00;37.449;37.519;37.219;37.229;4.06215;UCG.ITEUR
2024-09-24 11:00:00;37.219;37.399;37.149;37.299;3.21668;UCG.ITEUR
2024-09-24 12:00:00;37.279;37.389;37.279;37.359;2.34112;UCG.ITEUR
2024-09-24 13:00:00;37.349;37.379;37.139;37.159;3.42082;UCG.ITEUR
2024-09-24 14:00:00;37.169;37.169;36.979;37.099;4.7318;UCG.ITEUR
2024-09-24 15:00:00;37.089;37.249;37.079;37.229;1.27617;UCG.ITEUR
2024-09-25 07:00:00;37.169;37.589;36.979;37.579;6.71715;UCG.ITEUR
2024-09-25 08:00:00;37.589;37.739;37.569;37.729;4.10994;UCG.ITEUR
2024-09-25 09:00:00;37.719;38.209;37.689;38.059;6.33719;UCG.ITEUR
2024-09-25 10:00:00;38.049;38.069;37.799;37.889;3.6816;UCG.ITEUR
2024-09-25 11:00:00;37.899;38.029;37.849;37.979;2.57771;UCG.ITEUR
2024-09-25 12:00:00;37.969;38.149;37.919;38.079;2.77713;UCG.ITEUR
2024-09-25 13:00:00;38.069;38.089;37.819;37.889;4.89877;UCG.ITEUR
2024-09-25 14:00:00;37.879;37.949;37.749;37.789;4.43326;UCG.ITEUR
2024-09-25 15:00:00;37.799;37.869;37.749;37.869;1.15817;UCG.ITEUR
2024-09-26 07:00:00;38.419;38.859;38.409;38.849;7.33606;UCG.ITEUR
2024-09-26 08:00:00;38.849;39.579;38.819;39.559;10.02705;UCG.ITEUR
2024-09-26 09:00:00;39.549;39.689;39.429;39.489;7.81455;UCG.ITEUR
2024-09-26 10:00:00;39.489;39.519;39.279;39.459;5.80678;UCG.ITEUR
2024-09-26 11:00:00;39.449;39.499;39.259;39.469;5.15955;UCG.ITEUR
2024-09-26 12:00:00;39.479;39.569;39.369;39.559;5.27519;UCG.ITEUR
2024-09-26 13:00:00;39.549;39.709;39.489;39.609;6.07877;UCG.ITEUR
2024-09-26 14:00:00;39.609;39.679;39.439;39.509;5.43331;UCG.ITEUR
2024-09-26 15:00:00;39.499;39.639;39.499;39.619;1.71277;UCG.ITEUR
2024-09-27 07:00:00;39.469;39.689;39.179;39.219;10.00758;UCG.ITEUR
2024-09-27 08:00:00;39.209;39.369;39.149;39.189;8.99809;UCG.ITEUR
2024-09-27 09:00:00;39.179;39.399;39.169;39.319;7.33665;UCG.ITEUR
2024-09-27 10:00:00;39.309;39.489;39.279;39.349;4.88874;UCG.ITEUR
2024-09-27 11:00:00;39.349;39.479;39.329;39.469;2.65146;UCG.ITEUR
2024-09-27 12:00:00;39.459;39.509;39.349;39.389;4.09578;UCG.ITEUR
2024-09-27 13:00:00;39.389;39.589;39.389;39.559;3.1683;UCG.ITEUR
2024-09-27 14:00:00;39.559;39.709;39.509;39.699;2.31693;UCG.ITEUR
2024-09-27 15:00:00;39.709;39.819;39.699;39.819;0.85137;UCG.ITEUR
2024-09-30 07:00:00;39.869;39.979;39.699;39.939;7.95072;UCG.ITEUR
2024-09-30 08:00:00;39.949;39.979;39.809;39.929;8.18124;UCG.ITEUR
2024-09-30 09:00:00;39.929;39.989;39.859;39.969;5.8218;UCG.ITEUR
2024-09-30 10:00:00;39.959;39.959;39.429;39.459;7.12692;UCG.ITEUR
2024-09-30 11:00:00;39.449;39.579;39.409;39.479;7.4456;UCG.ITEUR
2024-09-30 12:00:00;39.479;39.529;39.339;39.409;5.20762;UCG.ITEUR
2024-09-30 13:00:00;39.399;39.529;39.339;39.509;4.74206;UCG.ITEUR
2024-09-30 14:00:00;39.519;39.599;39.339;39.599;3.57478;UCG.ITEUR
2024-09-30 15:00:00;39.589;39.689;39.479;39.509;1.60518;UCG.ITEUR
2024-10-01 07:00:00;39.369;39.509;39.099;39.469;9.3593;UCG.ITEUR
2024-10-01 08:00:00;39.459;39.479;38.979;39.109;9.51696;UCG.ITEUR
2024-10-01 09:00:00;39.099;39.299;39.029;39.249;9.19314;UCG.ITEUR
2024-10-01 10:00:00;39.259;39.329;39.139;39.199;6.70602;UCG.ITEUR
2024-10-01 11:00:00;39.189;39.279;39.179;39.219;6.12576;UCG.ITEUR
2024-10-01 12:00:00;39.209;39.229;39.109;39.199;4.77486;UCG.ITEUR
2024-10-01 13:00:00;39.189;39.279;38.339;38.589;9.60396;UCG.ITEUR
2024-10-01 14:00:00;38.619;38.739;38.079;38.279;13.72968;UCG.ITEUR
2024-10-01 15:00:00;38.289;38.319;38.079;38.319;3.37026;UCG.ITEUR
2024-10-02 07:00:00;37.969;38.399;37.969;38.299;10.2927;UCG.ITEUR
2024-10-02 08:00:00;38.289;38.459;38.169;38.209;8.88358;UCG.ITEUR
2024-10-02 09:00:00;38.209;38.229;37.809;37.889;8.54002;UCG.ITEUR
2024-10-02 10:00:00;37.879;37.879;37.419;37.419;8.3061;UCG.ITEUR
2024-10-02 11:00:00;37.409;37.689;37.319;37.389;8.7756;UCG.ITEUR
2024-10-02 12:00:00;37.379;37.679;37.329;37.559;7.86542;UCG.ITEUR
2024-10-02 13:00:00;37.549;37.889;37.319;37.839;9.70224;UCG.ITEUR
2024-10-02 14:00:00;37.839;37.839;37.509;37.749;9.16552;UCG.ITEUR
2024-10-02 15:00:00;37.739;37.749;37.599;37.629;2.01256;UCG.ITEUR
2024-10-03 07:00:00;37.789;37.909;37.449;37.469;9.62424;UCG.ITEUR
2024-10-03 08:00:00;37.479;37.819;37.439;37.799;10.87856;UCG.ITEUR
2024-10-03 09:00:00;37.809;38.029;37.749;37.959;6.78456;UCG.ITEUR
2024-10-03 10:00:00;37.949;38.049;37.929;38.009;3.69794;UCG.ITEUR
2024-10-03 11:00:00;38.009;38.189;37.979;38.099;4.10134;UCG.ITEUR
2024-10-03 12:00:00;38.099;38.139;37.499;37.759;9.03042;UCG.ITEUR
2024-10-03 13:00:00;37.749;37.859;37.489;37.689;7.04842;UCG.ITEUR
2024-10-03 14:00:00;37.689;37.889;37.629;37.769;11.05998;UCG.ITEUR
2024-10-03 15:00:00;37.759;37.789;37.639;37.729;1.89898;UCG.ITEUR
2024-10-04 07:00:00;37.999;38.099;37.899;38.059;6.66986;UCG.ITEUR
2024-10-04 08:00:00;38.069;38.369;37.949;38.309;4.7511;UCG.ITEUR
2024-10-04 09:00:00;38.309;38.389;38.189;38.319;4.66634;UCG.ITEUR
2024-10-04 10:00:00;38.329;38.339;38.169;38.229;2.79112;UCG.ITEUR
2024-10-04 11:00:00;38.239;38.379;38.219;38.239;3.6957;UCG.ITEUR
2024-10-04 12:00:00;38.249;39.119;38.169;39.079;10.44182;UCG.ITEUR
2024-10-04 13:00:00;39.079;39.109;38.889;39.049;8.46094;UCG.ITEUR
2024-10-04 14:00:00;39.039;39.089;38.809;38.809;5.97776;UCG.ITEUR
2024-10-04 15:00:00;38.809;38.889;38.749;38.799;1.48426;UCG.ITEUR
2024-10-07 07:00:00;38.899;38.949;38.559;38.889;10.33328;UCG.ITEUR
2024-10-07 08:00:00;38.879;39.009;38.859;38.909;6.02446;UCG.ITEUR
2024-10-07 09:00:00;38.899;39.159;38.849;39.159;5.97284;UCG.ITEUR
2024-10-07 10:00:00;39.149;39.379;39.139;39.209;4.24618;UCG.ITEUR
2024-10-07 11:00:00;39.209;39.309;39.149;39.219;3.25902;UCG.ITEUR
2024-10-07 12:00:00;39.209;39.419;39.199;39.419;2.79792;UCG.ITEUR
2024-10-07 13:00:00;39.409;39.589;39.409;39.489;4.74266;UCG.ITEUR
2024-10-07 14:00:00;39.489;39.559;39.369;39.469;4.38074;UCG.ITEUR
2024-10-07 15:00:00;39.459;39.519;39.359;39.389;1.10838;UCG.ITEUR
2024-10-08 07:00:00;39.329;39.459;39.079;39.229;11.0925;UCG.ITEUR
2024-10-08 08:00:00;39.239;39.409;39.179;39.229;10.26542;UCG.ITEUR
2024-10-08 09:00:00;39.219;39.359;39.219;39.289;6.76976;UCG.ITEUR
2024-10-08 10:00:00;39.289;39.419;39.289;39.409;2.80082;UCG.ITEUR
2024-10-08 11:00:00;39.409;39.419;39.259;39.339;3.15868;UCG.ITEUR
2024-10-08 12:00:00;39.349;39.439;39.299;39.429;2.97192;UCG.ITEUR
2024-10-08 13:00:00;39.439;39.479;39.369;39.449;3.49856;UCG.ITEUR
2024-10-08 14:00:00;39.459;39.479;39.249;39.359;3.25032;UCG.ITEUR
2024-10-08 15:00:00;39.369;39.389;39.159;39.189;1.23772;UCG.ITEUR
2024-10-09 07:00:00;38.979;39.029;38.769;38.989;8.3781;UCG.ITEUR
2024-10-09 08:00:00;38.989;39.049;38.819;38.989;7.93034;UCG.ITEUR
2024-10-09 09:00:00;38.999;39.049;38.919;38.989;4.71076;UCG.ITEUR
2024-10-09 10:00:00;38.999;39.039;38.929;38.969;2.62798;UCG.ITEUR
2024-10-09 11:00:00;38.979;39.029;38.929;38.979;1.30384;UCG.ITEUR
2024-10-09 12:00:00;38.969;39.009;38.839;38.969;2.32174;UCG.ITEUR
2024-10-09 13:00:00;38.979;39.169;38.889;39.139;3.81524;UCG.ITEUR
2024-10-09 14:00:00;39.129;39.269;39.099;39.269;3.32572;UCG.ITEUR
2024-10-09 15:00:00;39.259;39.339;39.219;39.219;1.1339;UCG.ITEUR
2024-10-10 07:00:00;39.949;40.089;39.839;39.899;9.1524;UCG.ITEUR
2024-10-10 08:00:00;39.909;40.079;39.819;39.909;6.24196;UCG.ITEUR
2024-10-10 09:00:00;39.899;39.949;39.759;39.889;4.6429;UCG.ITEUR
2024-10-10 10:00:00;39.889;39.989;39.849;39.919;2.93886;UCG.ITEUR
2024-10-10 11:00:00;39.909;40.039;39.899;40.009;2.53286;UCG.ITEUR
2024-10-10 12:00:00;40.019;40.069;39.839;40.029;7.21404;UCG.ITEUR
2024-10-10 13:00:00;40.029;40.099;39.889;39.969;5.53204;UCG.ITEUR
2024-10-10 14:00:00;39.979;40.009;39.929;39.989;3.04094;UCG.ITEUR
2024-10-10 15:00:00;39.999;40.019;39.949;39.979;1.0063;UCG.ITEUR
2024-10-11 07:00:00;40.129;40.139;39.879;40.089;7.73198;UCG.ITEUR
2024-10-11 08:00:00;40.079;40.109;39.889;39.969;5.22116;UCG.ITEUR
2024-10-11 09:00:00;39.959;40.019;39.909;39.949;3.10648;UCG.ITEUR
2024-10-11 10:00:00;39.959;40.079;39.889;40.039;3.05022;UCG.ITEUR
2024-10-11 11:00:00;40.049;40.089;39.949;39.989;2.7086;UCG.ITEUR
2024-10-11 12:00:00;39.979;40.009;39.859;39.959;2.37452;UCG.ITEUR
2024-10-11 13:00:00;39.969;40.059;39.769;40.049;5.5245;UCG.ITEUR
2024-10-11 14:00:00;40.059;40.229;39.989;40.029;2.5955;UCG.ITEUR
2024-10-11 15:00:00;40.019;40.029;39.979;40.029;1.01558;UCG.ITEUR
2024-10-14 07:00:00;40.289;40.329;39.989;40.059;5.5424;UCG.ITEUR
2024-10-14 08:00:00;40.049;40.189;39.899;40.049;7.14142;UCG.ITEUR
2024-10-14 09:00:00;40.039;40.119;40.019;40.059;5.03392;UCG.ITEUR
2024-10-14 10:00:00;40.069;40.139;39.969;39.989;3.09308;UCG.ITEUR
2024-10-14 11:00:00;39.999;40.089;39.979;40.059;2.1917;UCG.ITEUR
2024-10-14 12:00:00;40.059;40.169;40.049;40.149;1.59004;UCG.ITEUR
2024-10-14 13:00:00;40.139;40.199;40.019;40.169;3.75369;UCG.ITEUR
2024-10-14 14:00:00;40.169;40.269;40.079;40.169;4.36433;UCG.ITEUR
2024-10-14 15:00:00;40.159;40.199;40.099;40.149;0.77228;UCG.ITEUR
2024-10-15 07:00:00;40.149;40.459;40.139;40.369;7.84128;UCG.ITEUR
2024-10-15 08:00:00;40.359;40.399;40.079;40.179;6.42075;UCG.ITEUR
2024-10-15 09:00:00;40.189;40.209;40.089;40.179;4.03545;UCG.ITEUR
2024-10-15 10:00:00;40.169;40.279;40.139;40.219;2.44145;UCG.ITEUR
2024-10-15 11:00:00;40.209;40.249;40.119;40.169;2.057;UCG.ITEUR
2024-10-15 12:00:00;40.159;40.199;40.079;40.079;1.65232;UCG.ITEUR
2024-10-15 13:00:00;40.089;40.139;39.919;40.089;2.99821;UCG.ITEUR
2024-10-15 14:00:00;40.079;40.209;40.029;40.179;5.52217;UCG.ITEUR
2024-10-15 15:00:00;40.169;40.319;40.169;40.299;1.17305;UCG.ITEUR
2024-10-16 07:00:00;40.299;40.429;40.259;40.369;5.24833;UCG.ITEUR
2024-10-16 08:00:00;40.379;40.379;39.989;40.019;3.92711;UCG.ITEUR
2024-10-16 09:00:00;40.029;40.079;39.779;39.859;6.7547;UCG.ITEUR
2024-10-16 10:00:00;39.859;40.009;39.819;39.979;4.91718;UCG.ITEUR
2024-10-16 11:00:00;39.989;40.069;39.909;40.069;3.07744;UCG.ITEUR
2024-10-16 12:00:00;40.069;40.199;40.059;40.179;2.67447;UCG.ITEUR
2024-10-16 13:00:00;40.179;40.279;40.149;40.269;3.38899;UCG.ITEUR
2024-10-16 14:00:00;40.259;40.339;40.239;40.309;2.28826;UCG.ITEUR
2024-10-16 15:00:00;40.299;40.349;40.269;40.319;0.70551;UCG.ITEUR
2024-10-17 07:00:00;40.519;40.849;40.499;40.829;9.65249;UCG.ITEUR
2024-10-17 08:00:00;40.829;40.899;40.729;40.829;5.50146;UCG.ITEUR
2024-10-17 09:00:00;40.819;40.859;40.719;40.759;3.01226;UCG.ITEUR
2024-10-17 10:00:00;40.749;40.799;40.629;40.689;3.40458;UCG.ITEUR
2024-10-17 11:00:00;40.679;40.689;40.519;40.569;2.35952;UCG.ITEUR
2024-10-17 12:00:00;40.559;40.809;40.549;40.729;3.84909;UCG.ITEUR
2024-10-17 13:00:00;40.729;40.839;40.699;40.779;5.59295;UCG.ITEUR
2024-10-17 14:00:00;40.789;40.809;40.639;40.649;3.88564;UCG.ITEUR
2024-10-17 15:00:00;40.649;40.689;40.639;40.659;0.64883;UCG.ITEUR
2024-10-18 07:00:00;40.499;40.639;40.319;40.619;5.28589;UCG.ITEUR
2024-10-18 08:00:00;40.609;40.639;40.439;40.619;6.13508;UCG.ITEUR
2024-10-18 09:00:00;40.609;40.899;40.609;40.809;4.86161;UCG.ITEUR
2024-10-18 10:00:00;40.799;40.809;40.589;40.709;4.05056;UCG.ITEUR
2024-10-18 11:00:00;40.699;40.759;40.679;40.709;1.59173;UCG.ITEUR
2024-10-18 12:00:00;40.719;40.729;40.539;40.549;2.25234;UCG.ITEUR
2024-10-18 13:00:00;40.559;40.689;40.559;40.669;3.57293;UCG.ITEUR
2024-10-18 14:00:00;40.659;40.759;40.589;40.739;2.2142;UCG.ITEUR
2024-10-18 15:00:00;40.749;40.779;40.699;40.779;0.37605;UCG.ITEUR
2024-10-21 07:00:00;40.569;40.779;40.489;40.619;6.53847;UCG.ITEUR
2024-10-21 08:00:00;40.619;40.699;40.539;40.589;3.87037;UCG.ITEUR
2024-10-21 09:00:00;40.599;40.659;40.429;40.479;2.88865;UCG.ITEUR
2024-10-21 10:00:00;40.489;40.509;40.339;40.369;2.48288;UCG.ITEUR
2024-10-21 11:00:00;40.379;40.459;40.359;40.449;2.61025;UCG.ITEUR
2024-10-21 12:00:00;40.459;40.569;40.449;40.519;1.50443;UCG.ITEUR
2024-10-21 13:00:00;40.509;40.609;40.499;40.599;3.06671;UCG.ITEUR
2024-10-21 14:00:00;40.596;40.669;40.489;40.489;3.61194;UCG.ITEUR
2024-10-21 15:00:00;40.489;40.509;40.399;40.509;0.93715;UCG.ITEUR
2024-10-22 07:00:00;40.239;40.539;40.229;40.449;5.65424;UCG.ITEUR
2024-10-22 08:00:00;40.449;40.489;40.309;40.369;7.39339;UCG.ITEUR
2024-10-22 09:00:00;40.359;40.439;40.089;40.109;6.26225;UCG.ITEUR
2024-10-22 10:00:00;40.119;40.139;39.869;39.909;6.89397;UCG.ITEUR
2024-10-22 11:00:00;39.919;40.079;39.889;39.899;4.57099;UCG.ITEUR
2024-10-22 12:00:00;39.909;40.039;39.889;40.019;2.8059;UCG.ITEUR
2024-10-22 13:00:00;40.029;40.229;39.999;40.209;5.17739;UCG.ITEUR
2024-10-22 14:00:00;40.199;40.339;40.119;40.289;3.06609;UCG.ITEUR
2024-10-22 15:00:00;40.279;40.409;40.279;40.389;0.78057;UCG.ITEUR
2024-10-23 07:00:00;40.159;40.199;39.959;40.059;8.26719;UCG.ITEUR
2024-10-23 08:00:00;40.059;40.119;39.959;40.029;4.54676;UCG.ITEUR
2024-10-23 09:00:00;40.019;40.189;40.019;40.119;3.74689;UCG.ITEUR
2024-10-23 10:00:00;40.109;40.129;39.989;40.039;3.49002;UCG.ITEUR
2024-10-23 11:00:00;40.029;40.179;39.999;40.169;2.51925;UCG.ITEUR
2024-10-23 12:00:00;40.159;40.239;40.099;40.229;2.92222;UCG.ITEUR
2024-10-23 13:00:00;40.239;40.239;40.099;40.169;3.86046;UCG.ITEUR
2024-10-23 14:00:00;40.179;40.349;40.119;40.249;3.12731;UCG.ITEUR
2024-10-23 15:00:00;40.239;40.279;40.119;40.129;1.08211;UCG.ITEUR
2024-10-24 07:00:00;40.329;40.459;40.229;40.319;7.41824;UCG.ITEUR
2024-10-24 08:00:00;40.319;40.499;40.309;40.349;6.28705;UCG.ITEUR
2024-10-24 09:00:00;40.349;40.359;40.149;40.209;4.09087;UCG.ITEUR
2024-10-24 10:00:00;40.219;40.269;40.069;40.109;2.84891;UCG.ITEUR
2024-10-24 11:00:00;40.099;40.269;40.099;40.229;2.18793;UCG.ITEUR
2024-10-24 12:00:00;40.239;40.309;40.149;40.309;2.95418;UCG.ITEUR
2024-10-24 13:00:00;40.319;40.449;40.279;40.369;6.16305;UCG.ITEUR
2024-10-24 14:00:00;40.389;40.409;40.189;40.209;4.17466;UCG.ITEUR
2024-10-24 15:00:00;40.199;40.269;40.079;40.099;1.00273;UCG.ITEUR
2024-10-25 07:00:00;40.349;40.479;40.159;40.359;8.27336;UCG.ITEUR
2024-10-25 08:00:00;40.359;40.529;40.259;40.499;6.74351;UCG.ITEUR
2024-10-25 09:00:00;40.499;40.569;40.409;40.419;3.1064;UCG.ITEUR
2024-10-25 10:00:00;40.409;40.439;40.149;40.179;2.70727;UCG.ITEUR
2024-10-25 11:00:00;40.169;40.259;40.099;40.219;2.46908;UCG.ITEUR
2024-10-25 12:00:00;40.229;40.309;40.179;40.239;2.02424;UCG.ITEUR
2024-10-25 13:00:00;40.239;40.279;40.069;40.119;3.46911;UCG.ITEUR
2024-10-25 14:00:00;40.109;40.179;40.069;40.119;2.6323;UCG.ITEUR
2024-10-25 15:00:00;40.129;40.149;40.079;40.099;0.93772;UCG.ITEUR
2024-10-28 08:00:00;40.649;40.699;40.529;40.619;6.48368;UCG.ITEUR
2024-10-28 09:00:00;40.609;40.619;40.309;40.479;5.2976;UCG.ITEUR
2024-10-28 10:00:00;40.469;40.519;40.289;40.339;3.49664;UCG.ITEUR
2024-10-28 11:00:00;40.329;40.349;40.219;40.289;3.55376;UCG.ITEUR
2024-10-28 12:00:00;40.279;40.409;40.209;40.379;2.23496;UCG.ITEUR
2024-10-28 13:00:00;40.379;40.449;40.359;40.379;3.682;UCG.ITEUR
2024-10-28 14:00:00;40.389;40.589;40.319;40.579;2.67064;UCG.ITEUR
2024-10-28 15:00:00;40.589;40.669;40.559;40.589;1.6576;UCG.ITEUR
2024-10-28 16:00:00;40.599;40.709;40.589;40.689;0.5572;UCG.ITEUR
2024-10-29 08:00:00;40.939;41.119;40.869;41.039;6.86336;UCG.ITEUR
2024-10-29 09:00:00;41.049;41.289;41.029;41.249;4.2644;UCG.ITEUR
2024-10-29 10:00:00;41.239;41.259;40.919;41.009;4.04208;UCG.ITEUR
2024-10-29 11:00:00;41.019;41.059;40.959;40.969;2.24;UCG.ITEUR
2024-10-29 12:00:00;40.959;40.999;40.869;40.889;1.69512;UCG.ITEUR
2024-10-29 13:00:00;40.879;40.989;40.879;40.979;2.25568;UCG.ITEUR
2024-10-29 14:00:00;40.969;41.019;40.889;40.989;2.5396;UCG.ITEUR
2024-10-29 15:00:00;40.989;41.019;40.939;40.989;1.21688;UCG.ITEUR
2024-10-29 16:00:00;40.999;41.039;40.949;41.009;0.67984;UCG.ITEUR
2024-10-30 08:00:00;40.889;41.039;40.869;40.979;6.55424;UCG.ITEUR
2024-10-30 09:00:00;40.979;41.079;40.979;41.069;3.8248;UCG.ITEUR
2024-10-30 10:00:00;41.059;41.089;40.889;40.949;2.31336;UCG.ITEUR
2024-10-30 11:00:00;40.939;40.949;40.759;40.769;2.68968;UCG.ITEUR
2024-10-30 12:00:00;40.759;40.869;40.669;40.709;4.40048;UCG.ITEUR
2024-10-30 13:00:00;40.699;41.009;40.649;40.999;6.76816;UCG.ITEUR
2024-10-30 14:00:00;40.989;41.089;40.949;41.009;5.52328;UCG.ITEUR
2024-10-30 15:00:00;40.999;41.149;40.959;41.119;3.14888;UCG.ITEUR
2024-10-30 16:00:00;41.109;41.139;41.069;41.089;0.51072;UCG.ITEUR
2024-10-31 08:00:00;40.729;41.019;40.679;40.909;10.62432;UCG.ITEUR
2024-10-31 09:00:00;40.899;41.029;40.829;40.909;8.17824;UCG.ITEUR
2024-10-31 10:00:00;40.909;40.989;40.819;40.829;6.51056;UCG.ITEUR
2024-10-31 11:00:00;40.839;40.999;40.789;40.879;6.22272;UCG.ITEUR
2024-10-31 12:00:00;40.869;41.079;40.859;41.049;5.71032;UCG.ITEUR
2024-10-31 13:00:00;41.039;41.149;40.879;40.939;6.6276;UCG.ITEUR
2024-10-31 14:00:00;40.919;40.939;40.569;40.649;8.05952;UCG.ITEUR
2024-10-31 15:00:00;40.629;40.829;40.589;40.689;4.0936;UCG.ITEUR
2024-10-31 16:00:00;40.679;40.729;40.649;40.649;1.02032;UCG.ITEUR
2024-11-01 08:00:00;40.739;41.229;40.729;41.179;9.62528;UCG.ITEUR
2024-11-01 09:00:00;41.189;41.789;41.179;41.629;9.15432;UCG.ITEUR
2024-11-01 10:00:00;41.639;41.649;41.399;41.609;8.1536;UCG.ITEUR
2024-11-01 11:00:00;41.619;41.719;41.599;41.679;4.52928;UCG.ITEUR
2024-11-01 12:00:00;41.669;41.759;41.579;41.699;5.81728;UCG.ITEUR
2024-11-01 13:00:00;41.689;41.949;41.679;41.819;6.12024;UCG.ITEUR
2024-11-01 14:00:00;41.819;42.029;41.809;41.929;4.7488;UCG.ITEUR
2024-11-01 15:00:00;41.939;42.089;41.919;42.049;3.11976;UCG.ITEUR
2024-11-01 16:00:00;42.039;42.109;41.959;42.059;1.57808;UCG.ITEUR
2024-11-04 08:00:00;42.379;42.399;42.089;42.199;6.32208;UCG.ITEUR
2024-11-04 09:00:00;42.189;42.339;42.189;42.279;4.4116;UCG.ITEUR
2024-11-04 10:00:00;42.269;42.449;42.209;42.279;3.05164;UCG.ITEUR
2024-11-04 11:00:00;42.269;42.299;42.209;42.259;2.01748;UCG.ITEUR
2024-11-04 12:00:00;42.269;42.339;42.219;42.259;1.23264;UCG.ITEUR
2024-11-04 13:00:00;42.269;42.469;42.249;42.379;1.34392;UCG.ITEUR
2024-11-04 14:00:00;42.389;42.479;42.279;42.419;2.7424;UCG.ITEUR
2024-11-04 15:00:00;42.429;42.579;42.389;42.459;1.87944;UCG.ITEUR
2024-11-04 16:00:00;42.449;42.459;42.329;42.359;0.80464;UCG.ITEUR
2024-11-05 08:00:00;42.469;42.579;42.209;42.519;7.26096;UCG.ITEUR
2024-11-05 09:00:00;42.509;42.729;42.509;42.719;3.46944;UCG.ITEUR
2024-11-05 10:00:00;42.709;42.719;42.469;42.619;4.20508;UCG.ITEUR
2024-11-05 11:00:00;42.619;42.729;42.569;42.589;4.158;UCG.ITEUR
2024-11-05 12:00:00;42.579;42.679;42.569;42.669;2.44652;UCG.ITEUR
2024-11-05 13:00:00;42.669;42.699;42.579;42.609;1.31288;UCG.ITEUR
2024-11-05 14:00:00;42.599;42.649;42.449;42.469;2.11804;UCG.ITEUR
2024-11-05 15:00:00;42.469;42.789;42.469;42.759;2.09076;UCG.ITEUR
2024-11-05 16:00:00;42.749;42.769;42.729;42.749;0.47988;UCG.ITEUR
2024-11-06 08:00:00;44.079;44.129;42.999;43.339;11.30124;UCG.ITEUR
2024-11-06 09:00:00;43.339;43.369;42.539;42.659;11.2338;UCG.ITEUR
2024-11-06 10:00:00;42.659;43.029;42.499;42.929;8.20676;UCG.ITEUR
2024-11-06 11:00:00;42.919;42.949;42.019;42.099;8.16828;UCG.ITEUR
2024-11-06 12:00:00;42.109;42.559;42.049;42.539;8.7846;UCG.ITEUR
2024-11-06 13:00:00;42.539;42.589;42.049;42.149;6.1888;UCG.ITEUR
2024-11-06 14:00:00;42.139;42.159;41.099;41.249;9.76628;UCG.ITEUR
2024-11-06 15:00:00;41.239;41.239;40.449;40.819;11.63716;UCG.ITEUR
2024-11-06 16:00:00;40.829;40.829;40.469;40.559;4.441;UCG.ITEUR
2024-11-07 08:00:00;41.219;41.369;40.779;40.909;11.9448;UCG.ITEUR
2024-11-07 09:00:00;40.899;41.039;40.319;40.319;9.3694;UCG.ITEUR
2024-11-07 10:00:00;40.299;40.439;39.869;40.159;10.57636;UCG.ITEUR
2024-11-07 11:00:00;40.149;40.419;40.129;40.249;7.1732;UCG.ITEUR
2024-11-07 12:00:00;40.249;40.549;40.119;40.129;7.51344;UCG.ITEUR
2024-11-07 13:00:00;40.139;40.399;40.099;40.339;5.72656;UCG.ITEUR
2024-11-07 14:00:00;40.349;40.609;40.279;40.579;4.97488;UCG.ITEUR
2024-11-07 15:00:00;40.569;40.609;40.159;40.159;3.78876;UCG.ITEUR
2024-11-07 16:00:00;40.169;40.179;39.929;40.059;1.51348;UCG.ITEUR
2024-11-08 08:00:00;39.739;39.949;39.309;39.659;11.96196;UCG.ITEUR
2024-11-08 09:00:00;39.649;39.679;39.399;39.479;8.03508;UCG.ITEUR
2024-11-08 10:00:00;39.469;39.609;39.359;39.499;8.24856;UCG.ITEUR
2024-11-08 11:00:00;39.499;39.899;39.439;39.869;5.6656;UCG.ITEUR
2024-11-08 12:00:00;39.859;40.269;39.859;40.259;3.6096;UCG.ITEUR
2024-11-08 13:00:00;40.256;40.419;40.229;40.339;4.46124;UCG.ITEUR
2024-11-08 14:00:00;40.329;40.369;39.809;39.869;6.28884;UCG.ITEUR
2024-11-08 15:00:00;39.869;40.089;39.759;40.029;4.71916;UCG.ITEUR
2024-11-08 16:00:00;40.019;40.029;39.919;39.919;0.82708;UCG.ITEUR
2024-11-11 08:00:00;40.509;40.579;39.919;40.019;8.15519;UCG.ITEUR
2024-11-11 09:00:00;40.029;40.279;39.949;40.259;6.80726;UCG.ITEUR
2024-11-11 10:00:00;40.249;40.519;40.219;40.329;4.1279;UCG.ITEUR
2024-11-11 11:00:00;40.339;40.479;40.309;40.419;3.0978;UCG.ITEUR
2024-11-11 12:00:00;40.429;40.519;40.399;40.509;1.29155;UCG.ITEUR
2024-11-11 13:00:00;40.499;40.669;40.489;40.599;2.14112;UCG.ITEUR
2024-11-11 14:00:00;40.609;40.789;40.449;40.739;5.21186;UCG.ITEUR
2024-11-11 15:00:00;40.729;40.839;40.639;40.759;2.8148;UCG.ITEUR
2024-11-11 16:00:00;40.749;40.799;40.689;40.759;0.70356;UCG.ITEUR
2024-11-12 08:00:00;40.459;41.029;40.459;41.009;8.95403;UCG.ITEUR
2024-11-12 09:00:00;41.019;41.049;40.799;40.849;7.0649;UCG.ITEUR
2024-11-12 10:00:00;40.839;40.909;40.539;40.569;5.87934;UCG.ITEUR
2024-11-12 11:00:00;40.579;40.779;40.549;40.749;3.99754;UCG.ITEUR
2024-11-12 12:00:00;40.749;40.859;40.719;40.819;2.69641;UCG.ITEUR
2024-11-12 13:00:00;40.809;40.869;40.679;40.829;3.70778;UCG.ITEUR
2024-11-12 14:00:00;40.839;40.869;40.569;40.649;4.72873;UCG.ITEUR
2024-11-12 15:00:00;40.659;40.659;40.129;40.149;8.50021;UCG.ITEUR
2024-11-12 16:00:00;40.146;40.219;40.059;40.189;1.7386;UCG.ITEUR
2024-11-13 08:00:00;40.369;40.579;40.239;40.489;11.14302;UCG.ITEUR
2024-11-13 09:00:00;40.479;40.689;40.459;40.519;8.01422;UCG.ITEUR
2024-11-13 10:00:00;40.509;40.779;40.459;40.739;5.51063;UCG.ITEUR
2024-11-13 11:00:00;40.739;40.869;40.699;40.699;4.45247;UCG.ITEUR
2024-11-13 12:00:00;40.719;40.769;40.619;40.629;5.90411;UCG.ITEUR
2024-11-13 13:00:00;40.639;40.849;40.619;40.829;7.36084;UCG.ITEUR
2024-11-13 14:00:00;40.839;40.849;40.329;40.529;10.19706;UCG.ITEUR
2024-11-13 15:00:00;40.529;40.559;40.189;40.399;7.70868;UCG.ITEUR
2024-11-13 16:00:00;40.389;40.559;40.389;40.519;1.38343;UCG.ITEUR
2024-11-14 08:00:00;41.079;41.079;40.709;40.979;8.49175;UCG.ITEUR
2024-11-14 09:00:00;40.979;41.049;40.899;40.949;5.81507;UCG.ITEUR
2024-11-14 10:00:00;40.939;41.049;40.799;40.819;3.8645;UCG.ITEUR
2024-11-14 11:00:00;40.809;40.979;40.799;40.919;2.6406;UCG.ITEUR
2024-11-14 12:00:00;40.929;41.069;40.869;40.989;2.51601;UCG.ITEUR
2024-11-14 13:00:00;40.979;41.179;40.979;41.149;3.3684;UCG.ITEUR
2024-11-14 14:00:00;41.149;41.519;41.049;41.509;6.74863;UCG.ITEUR
2024-11-14 15:00:00;41.509;41.729;41.499;41.709;6.63869;UCG.ITEUR
2024-11-14 16:00:00;41.709;41.759;41.579;41.609;1.5193;UCG.ITEUR
2024-11-15 08:00:00;41.399;41.539;41.169;41.339;8.37615;UCG.ITEUR
2024-11-15 09:00:00;41.339;41.539;41.329;41.429;7.09985;UCG.ITEUR
2024-11-15 10:00:00;41.429;41.439;40.929;41.189;8.10839;UCG.ITEUR
2024-11-15 11:00:00;41.189;41.259;41.079;41.179;4.50436;UCG.ITEUR
2024-11-15 12:00:00;41.179;41.359;41.109;41.329;5.40579;UCG.ITEUR
2024-11-15 13:00:00;41.339;41.389;41.039;41.109;6.16911;UCG.ITEUR
2024-11-15 14:00:00;41.119;41.129;40.909;40.959;6.03662;UCG.ITEUR
2024-11-15 15:00:00;40.949;41.049;40.759;40.769;5.95543;UCG.ITEUR
2024-11-15 16:00:00;40.759;40.769;40.619;40.679;1.67602;UCG.ITEUR
2024-11-18 08:00:00;40.049;40.109;39.759;39.879;11.80428;UCG.ITEUR
2024-11-18 09:00:00;39.889;40.009;39.669;39.899;10.6486;UCG.ITEUR
2024-11-18 10:00:00;39.889;40.169;39.829;40.099;5.81435;UCG.ITEUR
2024-11-18 11:00:00;40.099;40.119;39.849;39.939;5.85036;UCG.ITEUR
2024-11-18 12:00:00;39.929;40.009;39.809;39.809;3.66859;UCG.ITEUR
2024-11-18 13:00:00;39.819;39.829;39.509;39.609;5.85535;UCG.ITEUR
2024-11-18 14:00:00;39.599;39.709;39.459;39.589;6.09235;UCG.ITEUR
2024-11-18 15:00:00;39.599;39.759;39.449;39.709;4.28712;UCG.ITEUR
2024-11-18 16:00:00;39.719;39.719;39.579;39.659;1.29909;UCG.ITEUR
2024-11-19 08:00:00;39.599;39.599;38.649;38.819;10.99801;UCG.ITEUR
2024-11-19 09:00:00;38.809;38.889;37.759;38.129;14.8571;UCG.ITEUR
2024-11-19 10:00:00;38.109;38.269;37.949;38.229;11.95933;UCG.ITEUR
2024-11-19 11:00:00;38.249;38.459;38.189;38.359;9.12746;UCG.ITEUR
2024-11-19 12:00:00;38.359;38.489;38.299;38.349;6.92519;UCG.ITEUR
2024-11-19 13:00:00;38.339;38.339;37.689;37.689;7.20539;UCG.ITEUR
2024-11-19 14:00:00;37.659;38.209;37.589;37.919;11.84137;UCG.ITEUR
2024-11-19 15:00:00;37.949;38.459;37.849;38.389;9.04162;UCG.ITEUR
2024-11-19 16:00:00;38.409;38.679;38.349;38.659;2.12418;UCG.ITEUR
2024-11-20 08:00:00;39.089;39.099;38.759;39.029;8.73759;UCG.ITEUR
2024-11-20 09:00:00;39.019;39.139;38.899;38.989;7.88371;UCG.ITEUR
2024-11-20 10:00:00;38.999;39.049;38.899;38.959;5.01364;UCG.ITEUR
2024-11-20 11:00:00;38.949;39.029;38.849;38.959;4.77165;UCG.ITEUR
2024-11-20 12:00:00;38.959;39.099;38.889;39.079;3.38229;UCG.ITEUR
2024-11-20 13:00:00;39.069;39.089;38.919;38.979;2.82744;UCG.ITEUR
2024-11-20 14:00:00;38.989;39.019;38.389;38.629;9.22157;UCG.ITEUR
2024-11-20 15:00:00;38.619;38.989;38.499;38.959;8.20267;UCG.ITEUR
2024-11-20 16:00:00;38.949;38.949;38.699;38.739;2.54004;UCG.ITEUR
2024-11-21 08:00:00;38.799;38.799;38.239;38.539;12.63434;UCG.ITEUR
2024-11-21 09:00:00;38.529;38.539;38.069;38.489;12.89405;UCG.ITEUR
2024-11-21 10:00:00;38.489;38.599;38.409;38.589;8.09913;UCG.ITEUR
2024-11-21 11:00:00;38.589;38.709;38.569;38.639;8.91758;UCG.ITEUR
2024-11-21 12:00:00;38.639;38.779;38.579;38.619;4.60941;UCG.ITEUR
2024-11-21 13:00:00;38.629;38.779;38.539;38.549;6.83216;UCG.ITEUR
2024-11-21 14:00:00;38.559;38.759;38.429;38.649;8.39871;UCG.ITEUR
2024-11-21 15:00:00;38.649;38.939;38.549;38.899;7.28678;UCG.ITEUR
2024-11-21 16:00:00;38.909;38.919;38.729;38.779;1.68063;UCG.ITEUR
2024-11-22 08:00:00;39.209;39.219;38.569;38.609;10.15851;UCG.ITEUR
2024-11-22 09:00:00;38.619;38.649;37.629;37.829;13.71524;UCG.ITEUR
2024-11-22 10:00:00;37.839;37.859;37.329;37.729;11.12536;UCG.ITEUR
2024-11-22 11:00:00;37.719;37.819;37.609;37.769;8.10964;UCG.ITEUR
2024-11-22 12:00:00;37.769;38.049;37.769;37.839;6.68098;UCG.ITEUR
2024-11-22 13:00:00;37.839;37.979;37.669;37.789;7.25078;UCG.ITEUR
2024-11-22 14:00:00;37.779;37.989;37.679;37.979;6.55971;UCG.ITEUR
2024-11-22 15:00:00;37.969;38.069;37.869;38.019;4.94607;UCG.ITEUR
2024-11-22 16:00:00;38.029;38.059;37.919;37.989;1.52225;UCG.ITEUR
2024-11-25 08:00:00;37.479;37.479;36.339;36.369;14.40824;UCG.ITEUR
2024-11-25 09:00:00;36.369;36.929;36.369;36.569;9.88458;UCG.ITEUR
2024-11-25 10:00:00;36.559;36.839;36.559;36.689;9.34007;UCG.ITEUR
2024-11-25 11:00:00;36.679;36.719;36.249;36.289;10.02231;UCG.ITEUR
2024-11-25 12:00:00;36.299;36.439;36.209;36.399;8.57493;UCG.ITEUR
2024-11-25 13:00:00;36.409;36.619;36.349;36.559;7.51068;UCG.ITEUR
2024-11-25 14:00:00;36.559;36.659;36.409;36.499;6.03258;UCG.ITEUR
2024-11-25 15:00:00;36.489;36.529;36.139;36.149;5.16933;UCG.ITEUR
2024-11-25 16:00:00;36.129;36.439;36.079;36.389;1.93518;UCG.ITEUR
2024-11-26 08:00:00;35.699;36.139;35.469;36.119;11.14688;UCG.ITEUR
2024-11-26 09:00:00;36.119;36.399;36.089;36.329;9.16562;UCG.ITEUR
2024-11-26 10:00:00;36.319;36.409;36.179;36.359;5.73749;UCG.ITEUR
2024-11-26 11:00:00;36.359;36.399;36.239;36.269;3.99212;UCG.ITEUR
2024-11-26 12:00:00;36.259;36.369;36.109;36.339;4.1092;UCG.ITEUR
2024-11-26 13:00:00;36.329;36.379;36.229;36.289;3.34828;UCG.ITEUR
2024-11-26 14:00:00;36.279;36.299;36.119;36.259;3.97442;UCG.ITEUR
2024-11-26 15:00:00;36.249;36.249;35.919;35.939;4.46929;UCG.ITEUR
2024-11-26 16:00:00;35.929;35.969;35.769;35.769;1.61176;UCG.ITEUR
2024-11-27 08:00:00;35.739;36.039;35.679;35.769;10.57572;UCG.ITEUR
2024-11-27 09:00:00;35.769;35.909;35.519;35.619;9.57769;UCG.ITEUR
2024-11-27 10:00:00;35.619;35.669;35.459;35.549;5.25803;UCG.ITEUR
2024-11-27 11:00:00;35.539;35.789;35.439;35.789;4.8217;UCG.ITEUR
2024-11-27 12:00:00;35.779;35.789;35.679;35.699;3.53865;UCG.ITEUR
2024-11-27 13:00:00;35.709;35.819;35.589;35.699;3.83781;UCG.ITEUR
2024-11-27 14:00:00;35.689;35.819;35.629;35.799;3.90347;UCG.ITEUR
2024-11-27 15:00:00;35.799;35.959;35.759;35.939;3.86624;UCG.ITEUR
2024-11-27 16:00:00;35.949;35.979;35.859;35.889;0.85791;UCG.ITEUR
2024-11-28 08:00:00;35.979;36.379;35.859;36.379;8.2598;UCG.ITEUR
2024-11-28 09:00:00;36.369;36.459;36.069;36.109;5.04101;UCG.ITEUR
2024-11-28 10:00:00;36.099;36.169;35.909;35.999;3.39797;UCG.ITEUR
2024-11-28 11:00:00;35.989;36.149;35.979;36.109;2.18053;UCG.ITEUR
2024-11-28 12:00:00;36.119;36.119;36.009;36.039;1.78087;UCG.ITEUR
2024-11-28 13:00:00;36.049;36.079;35.989;36.019;1.69985;UCG.ITEUR
2024-11-28 14:00:00;36.029;36.269;36.029;36.219;2.7937;UCG.ITEUR
2024-11-28 15:00:00;36.209;36.309;36.139;36.209;2.31002;UCG.ITEUR
2024-11-28 16:00:00;36.219;36.269;36.199;36.209;0.8514;UCG.ITEUR
2024-11-29 08:00:00;36.289;36.359;36.159;36.229;8.09013;UCG.ITEUR
2024-11-29 09:00:00;36.219;36.259;36.109;36.119;5.28936;UCG.ITEUR
2024-11-29 10:00:00;36.129;36.229;36.119;36.189;3.33999;UCG.ITEUR
2024-11-29 11:00:00;36.199;36.339;36.139;36.319;3.28796;UCG.ITEUR
2024-11-29 12:00:00;36.309;36.359;36.209;36.239;2.69081;UCG.ITEUR
2024-11-29 13:00:00;36.229;36.329;36.029;36.099;2.83566;UCG.ITEUR
2024-11-29 14:00:00;36.109;36.239;36.089;36.119;3.74031;UCG.ITEUR
2024-11-29 15:00:00;36.129;36.339;36.119;36.309;3.37076;UCG.ITEUR
2024-11-29 16:00:00;36.319;36.419;36.309;36.399;1.85182;UCG.ITEUR
2024-12-02 08:00:00;36.069;36.369;36.069;36.209;7.4862;UCG.ITEUR
2024-12-02 09:00:00;36.199;36.339;36.139;36.309;5.7661;UCG.ITEUR
2024-12-02 10:00:00;36.289;36.439;36.279;36.299;7.05125;UCG.ITEUR
2024-12-02 11:00:00;36.309;36.579;36.309;36.559;5.16285;UCG.ITEUR
2024-12-02 12:00:00;36.549;36.729;36.459;36.509;6.4325;UCG.ITEUR
2024-12-02 13:00:00;36.519;36.729;36.489;36.589;6.72395;UCG.ITEUR
2024-12-02 14:00:00;36.579;36.619;36.409;36.439;8.31845;UCG.ITEUR
2024-12-02 15:00:00;36.469;36.669;36.399;36.669;6.9714;UCG.ITEUR
2024-12-02 16:00:00;36.659;36.839;36.619;36.819;2.11425;UCG.ITEUR
2024-12-03 08:00:00;36.949;37.729;36.949;37.679;8.832;UCG.ITEUR
2024-12-03 09:00:00;37.689;37.779;37.639;37.749;5.91645;UCG.ITEUR
2024-12-03 10:00:00;37.759;37.909;37.739;37.809;4.22295;UCG.ITEUR
2024-12-03 11:00:00;37.819;37.819;37.599;37.689;3.47545;UCG.ITEUR
2024-12-03 12:00:00;37.699;37.769;37.619;37.769;2.0653;UCG.ITEUR
2024-12-03 13:00:00;37.779;37.819;37.579;37.609;2.49415;UCG.ITEUR
2024-12-03 14:00:00;37.619;37.699;37.399;37.439;3.937;UCG.ITEUR
2024-12-03 15:00:00;37.449;37.569;37.389;37.509;3.49585;UCG.ITEUR
2024-12-03 16:00:00;37.519;37.559;37.439;37.549;1.3241;UCG.ITEUR
2024-12-04 08:00:00;37.739;38.009;37.619;37.959;6.28955;UCG.ITEUR
2024-12-04 09:00:00;37.949;38.059;37.859;37.909;5.7296;UCG.ITEUR
2024-12-04 10:00:00;37.919;37.949;37.739;37.799;4.01315;UCG.ITEUR
2024-12-04 11:00:00;37.799;37.919;37.769;37.899;3.5559;UCG.ITEUR
2024-12-04 12:00:00;37.879;37.989;37.829;37.869;3.142;UCG.ITEUR
2024-12-04 13:00:00;37.859;37.939;37.799;37.869;3.30345;UCG.ITEUR
2024-12-04 14:00:00;37.859;37.889;37.779;37.799;3.16425;UCG.ITEUR
2024-12-04 15:00:00;37.639;37.799;37.559;37.569;4.27425;UCG.ITEUR
2024-12-04 16:00:00;37.579;37.609;37.479;37.529;0.73135;UCG.ITEUR
2024-12-05 08:00:00;37.949;38.489;37.839;38.459;8.80225;UCG.ITEUR
2024-12-05 09:00:00;38.449;38.619;38.359;38.419;6.1602;UCG.ITEUR
2024-12-05 10:00:00;38.419;38.559;38.419;38.479;3.611;UCG.ITEUR
2024-12-05 11:00:00;38.469;38.619;38.439;38.539;2.79425;UCG.ITEUR
2024-12-05 12:00:00;38.529;38.579;38.479;38.549;3.0269;UCG.ITEUR
2024-12-05 14:00:00;38.709;39.019;38.619;39.009;4.28545;UCG.ITEUR
2024-12-05 15:00:00;39.029;39.339;38.979;39.329;5.1764;UCG.ITEUR
2024-12-05 16:00:00;39.339;39.459;39.269;39.439;3.2954;UCG.ITEUR
2024-12-06 08:00:00;39.599;39.619;39.199;39.379;10.30895;UCG.ITEUR
2024-12-06 09:00:00;39.389;39.469;39.359;39.409;4.2588;UCG.ITEUR
2024-12-06 10:00:00;39.409;39.509;39.409;39.469;3.2428;UCG.ITEUR
2024-12-06 11:00:00;39.479;39.579;39.419;39.549;3.0702;UCG.ITEUR
2024-12-06 12:00:00;39.539;39.629;39.199;39.519;4.4073;UCG.ITEUR
2024-12-06 13:00:00;39.509;39.569;39.389;39.419;4.0014;UCG.ITEUR
2024-12-06 14:00:00;39.429;39.429;39.169;39.199;5.06935;UCG.ITEUR
2024-12-06 15:00:00;39.189;39.449;39.039;39.049;3.98095;UCG.ITEUR
2024-12-06 16:00:00;39.039;39.139;39.039;39.139;1.24735;UCG.ITEUR
2024-12-09 08:00:00;38.829;38.989;38.539;38.989;9.21716;UCG.ITEUR
2024-12-09 09:00:00;38.999;39.039;38.789;38.869;9.31204;UCG.ITEUR
2024-12-09 10:00:00;38.869;38.939;38.769;38.879;4.5022;UCG.ITEUR
2024-12-09 11:00:00;38.889;38.949;38.799;38.869;3.57068;UCG.ITEUR
2024-12-09 12:00:00;38.889;38.919;38.799;38.829;2.98128;UCG.ITEUR
2024-12-09 13:00:00;38.839;38.909;38.819;38.909;2.00556;UCG.ITEUR
2024-12-09 14:00:00;38.899;38.929;38.819;38.869;2.17112;UCG.ITEUR
2024-12-09 15:00:00;38.859;38.959;38.669;38.679;3.77992;UCG.ITEUR
2024-12-09 16:00:00;38.689;38.719;38.609;38.689;1.55012;UCG.ITEUR
2024-12-10 08:00:00;38.739;38.839;38.529;38.599;8.39956;UCG.ITEUR
2024-12-10 09:00:00;38.589;38.739;38.579;38.729;5.21808;UCG.ITEUR
2024-12-10 10:00:00;38.739;38.879;38.559;38.629;6.20708;UCG.ITEUR
2024-12-10 11:00:00;38.639;38.819;38.629;38.819;3.55924;UCG.ITEUR
2024-12-10 12:00:00;38.819;39.079;38.799;38.939;4.35152;UCG.ITEUR
2024-12-10 13:00:00;38.929;38.979;38.799;38.949;3.53448;UCG.ITEUR
2024-12-10 14:00:00;38.939;39.069;38.839;39.019;4.69196;UCG.ITEUR
2024-12-10 15:00:00;39.029;39.049;38.909;38.979;2.9986;UCG.ITEUR
2024-12-10 16:00:00;38.989;39.019;38.829;38.889;0.95392;UCG.ITEUR
2024-12-11 08:00:00;39.249;39.259;38.819;38.979;8.59736;UCG.ITEUR
2024-12-11 09:00:00;38.969;39.159;38.879;39.089;8.0172;UCG.ITEUR
2024-12-11 10:00:00;39.099;39.139;38.889;38.929;3.65584;UCG.ITEUR
2024-12-11 11:00:00;38.939;38.989;38.859;38.949;2.57712;UCG.ITEUR
2024-12-11 12:00:00;38.939;39.069;38.909;39.029;1.88828;UCG.ITEUR
2024-12-11 13:00:00;39.039;39.069;38.919;38.969;4.3958;UCG.ITEUR
2024-12-11 14:00:00;38.959;38.969;38.699;38.789;4.5476;UCG.ITEUR
2024-12-11 15:00:00;38.779;38.889;38.719;38.819;3.25848;UCG.ITEUR
2024-12-11 16:00:00;38.829;38.939;38.799;38.899;1.32824;UCG.ITEUR
2024-12-12 08:00:00;39.289;39.309;38.889;39.099;7.7038;UCG.ITEUR
2024-12-12 09:00:00;39.109;39.259;39.079;39.239;6.6182;UCG.ITEUR
2024-12-12 10:00:00;39.239;39.329;39.209;39.229;3.4402;UCG.ITEUR
2024-12-12 11:00:00;39.229;39.339;39.199;39.309;3.67824;UCG.ITEUR
2024-12-12 12:00:00;39.319;39.509;39.269;39.409;2.95144;UCG.ITEUR
2024-12-12 13:00:00;39.399;39.459;39.119;39.149;6.61296;UCG.ITEUR
2024-12-12 14:00:00;39.159;39.439;39.139;39.419;8.75364;UCG.ITEUR
2024-12-12 15:00:00;39.409;39.509;39.279;39.309;6.98504;UCG.ITEUR
2024-12-12 16:00:00;39.309;39.369;39.229;39.279;1.92276;UCG.ITEUR
2024-12-13 08:00:00;39.189;39.299;38.909;39.019;8.04128;UCG.ITEUR
2024-12-13 09:00:00;39.009;39.099;38.959;38.979;5.29396;UCG.ITEUR
2024-12-13 10:00:00;38.979;39.079;38.889;39.029;4.21756;UCG.ITEUR
2024-12-13 11:00:00;39.039;39.049;38.909;38.929;4.21756;UCG.ITEUR
2024-12-13 12:00:00;38.939;39.019;38.919;38.999;2.0832;UCG.ITEUR
2024-12-13 13:00:00;39.009;39.029;38.959;38.989;1.83824;UCG.ITEUR
2024-12-13 14:00:00;38.999;39.069;38.949;38.959;2.87552;UCG.ITEUR
2024-12-13 15:00:00;38.969;38.989;38.889;38.969;3.69144;UCG.ITEUR
2024-12-13 16:00:00;38.959;39.019;38.889;38.889;1.39148;UCG.ITEUR
2024-12-16 08:00:00;39.049;39.369;39.049;39.309;6.15044;UCG.ITEUR
2024-12-16 09:00:00;39.319;39.469;39.259;39.389;5.41769;UCG.ITEUR
2024-12-16 10:00:00;39.399;39.399;39.159;39.199;4.06172;UCG.ITEUR
2024-12-16 11:00:00;39.189;39.209;38.889;38.989;5.60522;UCG.ITEUR
2024-12-16 12:00:00;38.999;39.059;38.829;38.839;3.04309;UCG.ITEUR
2024-12-16 13:00:00;38.839;38.879;38.729;38.799;2.53727;UCG.ITEUR
2024-12-16 14:00:00;38.789;38.979;38.739;38.869;3.52868;UCG.ITEUR
2024-12-16 15:00:00;38.879;39.019;38.879;38.949;2.13853;UCG.ITEUR
2024-12-16 16:00:00;38.939;38.949;38.839;38.879;0.91907;UCG.ITEUR
2024-12-17 08:00:00;38.629;38.859;38.559;38.699;5.85471;UCG.ITEUR
2024-12-17 09:00:00;38.689;38.719;38.359;38.429;6.61462;UCG.ITEUR
2024-12-17 10:00:00;38.429;38.469;38.249;38.319;5.90794;UCG.ITEUR
2024-12-17 11:00:00;38.309;38.339;38.199;38.229;2.6345;UCG.ITEUR
2024-12-17 12:00:00;38.219;38.269;38.169;38.199;1.89948;UCG.ITEUR
2024-12-17 13:00:00;38.189;38.469;38.089;38.469;3.81751;UCG.ITEUR
2024-12-17 14:00:00;38.459;38.479;38.089;38.209;7.31835;UCG.ITEUR
2024-12-18 08:00:00;38.259;38.509;38.109;38.429;7.24834;UCG.ITEUR
2024-12-18 09:00:00;38.429;38.799;38.419;38.729;6.85128;UCG.ITEUR
2024-12-18 10:00:00;38.739;39.009;38.719;38.989;3.9396;UCG.ITEUR
2024-12-18 11:00:00;38.999;39.149;38.949;38.959;3.70981;UCG.ITEUR
2024-12-18 12:00:00;38.949;39.009;38.739;38.749;2.63506;UCG.ITEUR
2024-12-18 13:00:00;38.759;38.789;38.589;38.669;3.55705;UCG.ITEUR
2024-12-18 14:00:00;38.659;38.839;38.599;38.839;4.14621;UCG.ITEUR
2024-12-18 15:00:00;38.849;39.029;38.839;38.899;3.62302;UCG.ITEUR
2024-12-18 16:00:00;38.909;38.919;38.729;38.779;1.39133;UCG.ITEUR
2024-12-19 08:00:00;38.189;38.559;38.119;38.499;7.61933;UCG.ITEUR
2024-12-19 09:00:00;38.489;38.559;38.349;38.489;5.49469;UCG.ITEUR
2024-12-19 10:00:00;38.479;38.479;38.209;38.269;3.44419;UCG.ITEUR
2024-12-19 11:00:00;38.259;38.379;38.259;38.369;2.58882;UCG.ITEUR
2024-12-19 12:00:00;38.359;38.539;38.329;38.349;2.7358;UCG.ITEUR
2024-12-19 13:00:00;38.339;38.519;38.309;38.349;2.94822;UCG.ITEUR
2024-12-19 14:00:00;38.339;38.359;38.069;38.069;4.30717;UCG.ITEUR
2024-12-19 15:00:00;38.069;38.089;37.629;37.809;7.45094;UCG.ITEUR
2024-12-19 16:00:00;37.799;37.819;37.659;37.679;1.27154;UCG.ITEUR
2024-12-20 08:00:00;37.009;37.239;36.799;36.849;10.30066;UCG.ITEUR
2024-12-20 09:00:00;36.859;37.169;36.689;37.149;12.10002;UCG.ITEUR
2024-12-20 10:00:00;37.159;37.349;36.999;37.229;11.23079;UCG.ITEUR
2024-12-20 11:00:00;37.239;37.359;37.029;37.119;6.32231;UCG.ITEUR
2024-12-20 12:00:00;37.109;37.239;36.969;37.149;8.6356;UCG.ITEUR
2024-12-20 13:00:00;37.159;37.169;36.979;37.009;7.68468;UCG.ITEUR
2024-12-20 14:00:00;36.999;37.479;36.969;37.449;7.2356;UCG.ITEUR
2024-12-20 15:00:00;37.459;37.629;37.399;37.509;6.49772;UCG.ITEUR
2024-12-20 16:00:00;37.519;37.729;37.509;37.669;2.52105;UCG.ITEUR
2024-12-23 08:00:00;37.779;37.799;37.339;37.729;9.38857;UCG.ITEUR
2024-12-23 09:00:00;37.739;37.829;37.689;37.729;10.61922;UCG.ITEUR
2024-12-23 10:00:00;37.719;37.849;37.699;37.759;6.33516;UCG.ITEUR
2024-12-23 11:00:00;37.749;37.799;37.679;37.729;4.41583;UCG.ITEUR
2024-12-23 12:00:00;37.739;37.929;37.739;37.909;3.33483;UCG.ITEUR
2024-12-23 13:00:00;37.899;37.959;37.609;37.639;6.03346;UCG.ITEUR
2024-12-23 14:00:00;37.629;37.779;37.569;37.719;7.39411;UCG.ITEUR
2024-12-23 15:00:00;37.709;37.729;37.529;37.549;4.81831;UCG.ITEUR
2024-12-23 16:00:00;37.539;37.759;37.539;37.719;1.08876;UCG.ITEUR
2024-12-27 08:00:00;37.659;38.059;37.659;38.049;8.04522;UCG.ITEUR
2024-12-27 09:00:00;38.039;38.169;37.939;38.159;5.13969;UCG.ITEUR
2024-12-27 10:00:00;38.149;38.329;38.079;38.299;4.73364;UCG.ITEUR
2024-12-27 11:00:00;38.299;38.349;38.239;38.329;3.19293;UCG.ITEUR
2024-12-27 12:00:00;38.339;38.419;38.289;38.329;2.45597;UCG.ITEUR
2024-12-27 13:00:00;38.319;38.329;38.209;38.219;2.71831;UCG.ITEUR
2024-12-27 14:00:00;38.229;38.349;38.159;38.299;4.65553;UCG.ITEUR
2024-12-27 15:00:00;38.289;38.319;38.009;38.259;6.35127;UCG.ITEUR
2024-12-27 16:00:00;38.249;38.289;38.199;38.269;1.66951;UCG.ITEUR
2024-12-30 08:00:00;38.239;38.429;38.089;38.429;7.66426;UCG.ITEUR
2024-12-30 09:00:00;38.429;38.589;38.429;38.559;4.47973;UCG.ITEUR
2024-12-30 10:00:00;38.549;38.739;38.529;38.619;2.71115;UCG.ITEUR
2024-12-30 11:00:00;38.629;38.679;38.559;38.629;2.27017;UCG.ITEUR
2024-12-30 12:00:00;38.639;38.729;38.499;38.529;3.80387;UCG.ITEUR
2024-12-30 13:00:00;38.519;38.579;38.359;38.369;4.40846;UCG.ITEUR
2024-12-30 14:00:00;38.359;38.509;38.359;38.449;4.73583;UCG.ITEUR
2024-12-30 15:00:00;38.439;38.459;38.309;38.369;6.00163;UCG.ITEUR
2024-12-30 16:00:00;38.379;38.499;38.379;38.479;1.09505;UCG.ITEUR
2025-01-02 08:00:00;38.589;38.719;38.169;38.189;11.51808;UCG.ITEUR
2025-01-02 09:00:00;38.179;38.189;37.729;37.739;12.23933;UCG.ITEUR
2025-01-02 10:00:00;37.729;37.749;37.019;37.139;13.03128;UCG.ITEUR
2025-01-02 11:00:00;37.139;37.639;37.089;37.619;12.98123;UCG.ITEUR
2025-01-02 12:00:00;37.619;37.659;37.469;37.589;7.27504;UCG.ITEUR
2025-01-02 13:00:00;37.579;37.849;37.569;37.839;6.11529;UCG.ITEUR
2025-01-02 14:00:00;37.839;37.979;37.719;37.899;7.75261;UCG.ITEUR
2025-01-02 15:00:00;37.889;38.209;37.879;38.159;8.07227;UCG.ITEUR
2025-01-02 16:00:00;38.169;38.279;38.079;38.279;3.25456;UCG.ITEUR
2025-01-03 08:00:00;38.359;38.609;38.279;38.359;10.36076;UCG.ITEUR
2025-01-03 09:00:00;38.359;38.619;38.339;38.599;9.04905;UCG.ITEUR
2025-01-03 10:00:00;38.599;38.609;38.389;38.419;4.25075;UCG.ITEUR
2025-01-03 11:00:00;38.439;38.609;38.409;38.589;4.47683;UCG.ITEUR
2025-01-03 12:00:00;38.579;38.599;38.479;38.529;3.00555;UCG.ITEUR
2025-01-03 13:00:00;38.539;38.619;38.369;38.419;2.95493;UCG.ITEUR
2025-01-03 14:00:00;38.409;38.519;38.319;38.349;4.24894;UCG.ITEUR
2025-01-03 15:00:00;38.339;38.389;38.259;38.319;4.21835;UCG.ITEUR
2025-01-03 16:00:00;38.329;38.339;38.199;38.279;1.47361;UCG.ITEUR
2025-01-06 08:00:00;38.659;38.759;38.259;38.509;9.92511;UCG.ITEUR
2025-01-06 09:00:00;38.519;38.579;38.249;38.429;10.23126;UCG.ITEUR
2025-01-06 10:00:00;38.429;38.539;38.339;38.439;5.69791;UCG.ITEUR
2025-01-06 11:00:00;38.429;38.989;38.379;38.979;11.68779;UCG.ITEUR
2025-01-06 12:00:00;38.989;39.129;38.909;38.979;4.49976;UCG.ITEUR
2025-01-06 13:00:00;38.969;39.089;38.879;39.019;4.28253;UCG.ITEUR
2025-01-06 14:00:00;39.009;39.349;38.689;39.309;11.20856;UCG.ITEUR
2025-01-06 15:00:00;39.309;39.529;39.239;39.479;9.00775;UCG.ITEUR
2025-01-06 16:00:00;39.489;39.569;39.469;39.519;1.53774;UCG.ITEUR
2025-01-07 08:00:00;39.329;39.339;38.779;39.029;11.9633;UCG.ITEUR
2025-01-07 09:00:00;39.039;39.519;39.029;39.369;8.61749;UCG.ITEUR
2025-01-07 10:00:00;39.369;39.609;39.369;39.549;5.64786;UCG.ITEUR
2025-01-07 11:00:00;39.559;39.689;39.479;39.579;4.68873;UCG.ITEUR
2025-01-07 12:00:00;39.569;39.739;39.529;39.649;2.71929;UCG.ITEUR
2025-01-07 13:00:00;39.659;39.789;39.639;39.749;2.90623;UCG.ITEUR
2025-01-07 14:00:00;39.749;39.759;39.359;39.429;6.72522;UCG.ITEUR
2025-01-07 15:00:00;39.429;39.519;39.279;39.389;8.42019;UCG.ITEUR
2025-01-07 16:00:00;39.399;39.579;39.379;39.579;1.94166;UCG.ITEUR
2025-01-08 08:00:00;40.089;40.519;39.979;40.369;9.97915;UCG.ITEUR
2025-01-08 09:00:00;40.369;40.539;40.289;40.349;6.36259;UCG.ITEUR
2025-01-08 10:00:00;40.349;40.549;40.219;40.529;5.63901;UCG.ITEUR
2025-01-08 11:00:00;40.519;40.619;39.929;40.339;11.80083;UCG.ITEUR
2025-01-08 12:00:00;40.339;40.419;40.019;40.149;9.60478;UCG.ITEUR
2025-01-08 13:00:00;40.159;40.419;40.079;40.379;9.68423;UCG.ITEUR
2025-01-08 14:00:00;40.389;40.419;40.109;40.189;6.71931;UCG.ITEUR
2025-01-08 15:00:00;40.179;40.389;40.079;40.369;4.82475;UCG.ITEUR
2025-01-08 16:00:00;40.379;40.479;40.339;40.469;2.18601;UCG.ITEUR
2025-01-09 08:00:00;40.179;40.469;39.999;40.399;9.39231;UCG.ITEUR
2025-01-09 09:00:00;40.409;40.579;40.329;40.509;10.35429;UCG.ITEUR
2025-01-09 10:00:00;40.509;40.549;40.399;40.419;4.88365;UCG.ITEUR
2025-01-09 11:00:00;40.409;40.549;40.409;40.509;3.29933;UCG.ITEUR
2025-01-09 12:00:00;40.499;40.539;40.409;40.499;1.91107;UCG.ITEUR
2025-01-09 13:00:00;40.489;40.649;40.479;40.589;2.04999;UCG.ITEUR
2025-01-09 14:00:00;40.579;40.729;40.549;40.709;2.25723;UCG.ITEUR
2025-01-09 15:00:00;40.699;40.749;40.609;40.619;1.89399;UCG.ITEUR
2025-01-09 16:00:00;40.609;40.689;40.569;40.689;0.94552;UCG.ITEUR
2025-01-10 08:00:00;40.719;40.769;40.529;40.619;9.69965;UCG.ITEUR
2025-01-10 09:00:00;40.619;40.639;40.449;40.509;7.94691;UCG.ITEUR
2025-01-10 10:00:00;40.499;40.509;40.229;40.369;6.99725;UCG.ITEUR
2025-01-10 11:00:00;40.359;40.459;40.299;40.369;3.99993;UCG.ITEUR
2025-01-10 12:00:00;40.369;40.419;40.249;40.419;3.4059;UCG.ITEUR
2025-01-10 13:00:00;40.409;40.549;40.249;40.469;8.24007;UCG.ITEUR
2025-01-10 14:00:00;40.469;40.709;40.399;40.439;9.48289;UCG.ITEUR
2025-01-10 15:00:00;40.439;40.439;40.059;40.169;10.2647;UCG.ITEUR
2025-01-10 16:00:00;40.159;40.179;39.979;40.079;2.6258;UCG.ITEUR
2025-01-13 08:00:00;39.929;40.119;39.839;39.849;11.38096;UCG.ITEUR
2025-01-13 09:00:00;39.839;39.979;39.709;39.809;9.7977;UCG.ITEUR
2025-01-13 10:00:00;39.799;39.869;39.659;39.729;8.1364;UCG.ITEUR
2025-01-13 11:00:00;39.719;39.779;39.419;39.489;9.82073;UCG.ITEUR
2025-01-13 12:00:00;39.489;39.799;39.459;39.669;9.19549;UCG.ITEUR
2025-01-13 13:00:00;39.679;39.739;39.529;39.699;5.38125;UCG.ITEUR
2025-01-13 14:00:00;39.709;40.109;39.689;40.099;9.20499;UCG.ITEUR
2025-01-13 15:00:00;40.099;40.319;39.979;40.299;7.68401;UCG.ITEUR
2025-01-13 16:00:00;40.289;40.319;40.249;40.249;1.36832;UCG.ITEUR
2025-01-14 08:00:00;40.769;41.049;40.679;40.789;10.77423;UCG.ITEUR
2025-01-14 09:00:00;40.799;40.889;40.709;40.739;7.53868;UCG.ITEUR
2025-01-14 10:00:00;40.749;40.889;40.689;40.859;5.19432;UCG.ITEUR
2025-01-14 11:00:00;40.849;40.919;40.749;40.789;5.20498;UCG.ITEUR
2025-01-14 12:00:00;40.789;40.799;40.519;40.619;5.60349;UCG.ITEUR
2025-01-14 13:00:00;40.619;40.779;40.519;40.659;8.06679;UCG.ITEUR
2025-01-14 14:00:00;40.649;40.869;40.649;40.739;8.62187;UCG.ITEUR
2025-01-14 15:00:00;40.749;40.939;40.749;40.909;4.13749;UCG.ITEUR
2025-01-14 16:00:00;40.909;40.949;40.809;40.949;1.78757;UCG.ITEUR
2025-01-15 08:00:00;41.079;41.129;40.909;41.119;7.98542;UCG.ITEUR
2025-01-15 09:00:00;41.109;41.339;41.109;41.319;6.68613;UCG.ITEUR
2025-01-15 10:00:00;41.309;41.349;41.189;41.309;3.76427;UCG.ITEUR
2025-01-15 11:00:00;41.309;41.429;41.289;41.429;2.98863;UCG.ITEUR
2025-01-15 12:00:00;41.439;41.459;41.309;41.359;4.42653;UCG.ITEUR
2025-01-15 13:00:00;41.349;41.409;40.419;41.269;7.92928;UCG.ITEUR
2025-01-15 14:00:00;41.259;41.659;41.209;41.639;8.45739;UCG.ITEUR
2025-01-15 15:00:00;41.649;41.719;41.519;41.689;6.34657;UCG.ITEUR
2025-01-15 16:00:00;41.689;41.749;41.649;41.729;1.63772;UCG.ITEUR
2025-01-16 08:00:00;42.109;42.289;41.969;42.059;9.57601;UCG.ITEUR
2025-01-16 09:00:00;42.069;42.159;42.019;42.119;7.4921;UCG.ITEUR
2025-01-16 10:00:00;42.119;42.209;42.099;42.149;4.52253;UCG.ITEUR
2025-01-16 11:00:00;42.159;42.229;42.109;42.189;3.46231;UCG.ITEUR
2025-01-16 12:00:00;42.179;42.239;42.149;42.189;3.42527;UCG.ITEUR
2025-01-16 13:00:00;42.199;42.329;42.099;42.189;3.45951;UCG.ITEUR
2025-01-16 14:00:00;42.189;42.479;42.169;42.289;5.80887;UCG.ITEUR
2025-01-16 15:00:00;42.299;42.309;42.149;42.189;4.99841;UCG.ITEUR
2025-01-16 16:00:00;42.179;42.179;41.839;41.939;1.93009;UCG.ITEUR
2025-01-17 08:00:00;42.099;42.299;41.859;42.219;6.23319;UCG.ITEUR
2025-01-17 09:00:00;42.229;42.289;42.049;42.139;6.28145;UCG.ITEUR
2025-01-17 10:00:00;42.149;42.309;42.059;42.169;5.95591;UCG.ITEUR
2025-01-17 11:00:00;42.179;42.289;42.149;42.199;4.36425;UCG.ITEUR
2025-01-17 12:00:00;42.199;42.309;42.179;42.289;3.23277;UCG.ITEUR
2025-01-17 13:00:00;42.279;42.309;42.179;42.269;2.72259;UCG.ITEUR
2025-01-17 14:00:00;42.269;42.419;42.149;42.399;4.21718;UCG.ITEUR
2025-01-17 15:00:00;42.389;42.449;42.319;42.399;4.5612;UCG.ITEUR
2025-01-17 16:00:00;42.389;42.469;42.369;42.429;2.14564;UCG.ITEUR
2025-01-20 08:00:00;42.979;43.099;42.809;43.039;6.63507;UCG.ITEUR
2025-01-20 09:00:00;43.049;43.169;42.979;43.039;6.28739;UCG.ITEUR
2025-01-20 10:00:00;43.049;43.129;42.969;43.089;6.2964;UCG.ITEUR
2025-01-20 11:00:00;43.089;43.119;42.989;43.009;5.00214;UCG.ITEUR
2025-01-20 12:00:00;43.009;43.059;42.979;43.019;1.67162;UCG.ITEUR
2025-01-20 14:00:00;43.249;43.259;43.169;43.249;1.34832;UCG.ITEUR
2025-01-20 15:00:00;43.249;43.309;43.089;43.159;4.20661;UCG.ITEUR
2025-01-20 16:00:00;43.169;43.219;43.079;43.199;1.2455;UCG.ITEUR
2025-01-21 08:00:00;43.119;43.439;43.099;43.309;9.27235;UCG.ITEUR
2025-01-21 09:00:00;43.299;43.299;42.799;42.819;8.4429;UCG.ITEUR
2025-01-21 10:00:00;42.839;42.999;42.829;42.829;6.61864;UCG.ITEUR
2025-01-21 11:00:00;42.839;42.909;42.799;42.869;4.1923;UCG.ITEUR
2025-01-21 12:00:00;42.859;42.869;42.709;42.779;2.60495;UCG.ITEUR
2025-01-21 13:00:00;42.769;42.849;42.659;42.719;3.38458;UCG.ITEUR
2025-01-21 14:00:00;42.709;42.859;42.709;42.779;4.97723;UCG.ITEUR
2025-01-21 15:00:00;42.789;42.789;42.569;42.679;5.23799;UCG.ITEUR
2025-01-21 16:00:00;42.689;42.789;42.669;42.779;1.7543;UCG.ITEUR
2025-01-22 08:00:00;42.689;43.049;42.639;42.889;10.01912;UCG.ITEUR
2025-01-22 09:00:00;42.919;43.009;42.819;42.869;6.18616;UCG.ITEUR
2025-01-22 10:00:00;42.859;43.069;42.849;43.009;4.72654;UCG.ITEUR
2025-01-22 11:00:00;42.999;43.049;42.919;42.929;2.66855;UCG.ITEUR
2025-01-22 12:00:00;42.919;42.959;42.589;42.629;4.40854;UCG.ITEUR
2025-01-22 13:00:00;42.639;42.709;42.539;42.559;2.92984;UCG.ITEUR
2025-01-22 14:00:00;42.549;42.639;42.359;42.519;5.07899;UCG.ITEUR
2025-01-22 15:00:00;42.509;42.619;42.349;42.589;4.20396;UCG.ITEUR
2025-01-22 16:00:00;42.579;42.609;42.299;42.429;2.01294;UCG.ITEUR
2025-01-23 08:00:00;42.879;42.969;42.639;42.769;9.31793;UCG.ITEUR
2025-01-23 09:00:00;42.769;43.069;42.729;43.069;7.55356;UCG.ITEUR
2025-01-23 10:00:00;43.069;43.179;42.999;43.039;7.01296;UCG.ITEUR
2025-01-23 11:00:00;43.039;43.039;42.859;42.869;5.88724;UCG.ITEUR
2025-01-23 12:00:00;42.879;42.979;42.839;42.929;3.54411;UCG.ITEUR
2025-01-23 13:00:00;42.929;43.169;42.909;43.109;4.10326;UCG.ITEUR
2025-01-23 14:00:00;43.119;43.289;43.079;43.259;4.27445;UCG.ITEUR
2025-01-23 15:00:00;43.249;43.389;43.199;43.369;3.48051;UCG.ITEUR
2025-01-23 16:00:00;43.379;43.539;43.309;43.529;2.54824;UCG.ITEUR
2025-01-24 08:00:00;44.269;44.439;43.709;44.369;9.49071;UCG.ITEUR
2025-01-24 09:00:00;44.369;44.839;44.259;44.449;10.3827;UCG.ITEUR
2025-01-24 10:00:00;44.439;44.629;44.359;44.439;7.61292;UCG.ITEUR
2025-01-24 11:00:00;44.449;44.459;44.079;44.099;4.37568;UCG.ITEUR
2025-01-24 12:00:00;44.089;44.169;43.969;44.059;4.32268;UCG.ITEUR
2025-01-24 13:00:00;44.059;44.159;43.999;44.059;5.36254;UCG.ITEUR
2025-01-24 14:00:00;44.039;44.089;43.889;43.899;6.07804;UCG.ITEUR
2025-01-24 15:00:00;43.909;43.959;43.679;43.719;4.29618;UCG.ITEUR
2025-01-24 16:00:00;43.729;43.819;43.719;43.759;1.2243;UCG.ITEUR
2025-01-27 08:00:00;43.509;43.699;43.229;43.599;10.93772;UCG.ITEUR
2025-01-27 09:00:00;43.589;43.719;43.339;43.589;10.07566;UCG.ITEUR
2025-01-27 10:00:00;43.589;43.699;43.219;43.279;9.82032;UCG.ITEUR
2025-01-27 11:00:00;43.259;43.639;43.259;43.589;7.87732;UCG.ITEUR
2025-01-27 12:00:00;43.599;43.849;43.539;43.839;5.97388;UCG.ITEUR
2025-01-27 13:00:00;43.839;44.049;43.799;43.949;5.88911;UCG.ITEUR
2025-01-27 14:00:00;43.949;44.259;43.839;44.199;8.47429;UCG.ITEUR
2025-01-27 15:00:00;44.199;44.249;43.959;43.959;4.92069;UCG.ITEUR
2025-01-27 16:00:00;43.969;44.019;43.929;44.009;1.11278;UCG.ITEUR
2025-01-28 08:00:00;43.989;44.009;43.829;43.939;9.17711;UCG.ITEUR
2025-01-28 09:00:00;43.949;44.179;43.879;44.079;6.43779;UCG.ITEUR
2025-01-28 10:00:00;44.089;44.369;44.069;44.339;6.45629;UCG.ITEUR
2025-01-28 11:00:00;44.349;44.479;44.279;44.449;4.71211;UCG.ITEUR
2025-01-28 12:00:00;44.459;44.679;44.429;44.609;6.96336;UCG.ITEUR
2025-01-28 13:00:00;44.619;44.759;44.579;44.739;4.78095;UCG.ITEUR
2025-01-28 14:00:00;44.729;44.789;44.419;44.509;8.80926;UCG.ITEUR
2025-01-28 15:00:00;44.509;44.719;44.369;44.589;5.81051;UCG.ITEUR
2025-01-28 16:00:00;44.599;44.669;44.059;44.239;3.61423;UCG.ITEUR
2025-01-29 08:00:00;44.429;44.599;44.249;44.309;9.31993;UCG.ITEUR
2025-01-29 09:00:00;44.299;44.329;43.999;44.169;8.64538;UCG.ITEUR
2025-01-29 10:00:00;44.179;44.379;44.169;44.289;5.74526;UCG.ITEUR
2025-01-29 11:00:00;44.289;44.559;44.289;44.539;3.73085;UCG.ITEUR
2025-01-29 12:00:00;44.549;44.729;44.529;44.689;5.27929;UCG.ITEUR
2025-01-29 13:00:00;44.679;44.759;44.549;44.619;5.40824;UCG.ITEUR
2025-01-29 14:00:00;44.609;44.759;44.579;44.709;5.66614;UCG.ITEUR
2025-01-29 15:00:00;44.709;44.879;44.699;44.789;6.86729;UCG.ITEUR
2025-01-29 16:00:00;44.789;44.829;44.719;44.819;1.91988;UCG.ITEUR
2025-01-30 08:00:00;44.909;45.009;44.769;44.809;7.48533;UCG.ITEUR
2025-01-30 09:00:00;44.819;44.839;44.649;44.739;7.46221;UCG.ITEUR
2025-01-30 10:00:00;44.729;44.779;44.569;44.589;6.73269;UCG.ITEUR
2025-01-30 11:00:00;44.579;44.619;44.479;44.569;5.90607;UCG.ITEUR
2025-01-30 12:00:00;44.559;44.649;44.419;44.609;5.91685;UCG.ITEUR
2025-01-30 13:00:00;44.599;44.779;44.539;44.709;5.79972;UCG.ITEUR
2025-01-30 14:00:00;44.709;44.789;44.489;44.549;6.57136;UCG.ITEUR
2025-01-30 15:00:00;44.549;44.639;44.379;44.549;5.29008;UCG.ITEUR
2025-01-30 16:00:00;44.539;44.789;44.539;44.749;2.00208;UCG.ITEUR
2025-01-31 08:00:00;44.819;44.999;44.779;44.789;5.45294;UCG.ITEUR
2025-01-31 09:00:00;44.799;44.859;44.639;44.799;6.84931;UCG.ITEUR
2025-01-31 10:00:00;44.789;44.819;44.529;44.629;5.98004;UCG.ITEUR
2025-01-31 11:00:00;44.629;44.749;44.609;44.679;2.84412;UCG.ITEUR
2025-01-31 12:00:00;44.669;44.799;44.509;44.519;3.89268;UCG.ITEUR
2025-01-31 13:00:00;44.509;44.589;44.449;44.539;3.41849;UCG.ITEUR
2025-01-31 14:00:00;44.539;44.539;44.309;44.369;5.16883;UCG.ITEUR
2025-01-31 15:00:00;44.369;44.429;44.289;44.419;3.2284;UCG.ITEUR
2025-01-31 16:00:00;44.429;44.469;44.319;44.439;1.68047;UCG.ITEUR
2025-02-03 08:00:00;43.779;44.209;43.689;44.189;11.36736;UCG.ITEUR
2025-02-03 09:00:00;44.189;44.249;43.739;43.749;8.91305;UCG.ITEUR
2025-02-03 10:00:00;43.769;43.939;43.719;43.909;8.65385;UCG.ITEUR
2025-02-03 11:00:00;43.919;44.099;43.879;43.899;6.10741;UCG.ITEUR
2025-02-03 12:00:00;43.899;44.039;43.729;43.759;7.27331;UCG.ITEUR
2025-02-03 13:00:00;43.749;44.029;43.749;43.919;6.58784;UCG.ITEUR
2025-02-03 14:00:00;43.929;43.929;43.589;43.599;6.41774;UCG.ITEUR
2025-02-03 15:00:00;43.589;44.319;43.529;44.039;12.23357;UCG.ITEUR
2025-02-03 16:00:00;44.029;44.059;43.839;43.959;4.06368;UCG.ITEUR
2025-02-04 08:00:00;44.249;44.249;43.629;43.929;9.7595;UCG.ITEUR
2025-02-04 09:00:00;43.919;44.039;43.899;43.949;7.91574;UCG.ITEUR
2025-02-04 10:00:00;43.939;44.089;43.869;43.969;8.1628;UCG.ITEUR
2025-02-04 11:00:00;43.959;43.989;43.669;43.929;8.37997;UCG.ITEUR
2025-02-04 12:00:00;43.929;43.999;43.859;43.929;7.53605;UCG.ITEUR
2025-02-04 13:00:00;43.929;44.149;43.929;44.099;6.30839;UCG.ITEUR
2025-02-04 14:00:00;44.109;44.389;44.059;44.269;8.25087;UCG.ITEUR
2025-02-04 15:00:00;44.289;44.429;44.169;44.399;7.6049;UCG.ITEUR
2025-02-04 16:00:00;44.409;44.509;44.349;44.439;1.37093;UCG.ITEUR
2025-02-05 08:00:00;44.539;44.919;44.459;44.589;8.67916;UCG.ITEUR
2025-02-05 09:00:00;44.589;44.829;44.389;44.389;7.58668;UCG.ITEUR
2025-02-05 10:00:00;44.399;44.479;44.249;44.309;6.40053;UCG.ITEUR
2025-02-05 11:00:00;44.319;44.349;44.259;44.269;3.20153;UCG.ITEUR
2025-02-05 12:00:00;44.259;44.399;44.199;44.369;3.8308;UCG.ITEUR
2025-02-05 13:00:00;44.379;44.389;44.229;44.339;3.45871;UCG.ITEUR
2025-02-05 14:00:00;44.349;44.429;44.329;44.329;2.87399;UCG.ITEUR
2025-02-05 15:00:00;44.339;44.479;44.199;44.469;3.79082;UCG.ITEUR
2025-02-05 16:00:00;44.459;44.499;44.409;44.489;1.24032;UCG.ITEUR
2025-02-06 08:00:00;44.929;45.089;44.889;45.059;6.88653;UCG.ITEUR
2025-02-06 09:00:00;45.049;45.149;44.899;45.089;5.96667;UCG.ITEUR
2025-02-06 10:00:00;45.079;45.119;44.929;44.949;4.4383;UCG.ITEUR
2025-02-06 11:00:00;44.939;45.089;44.889;45.009;6.00717;UCG.ITEUR
2025-02-06 12:00:00;44.999;45.139;44.959;45.079;4.1548;UCG.ITEUR
2025-02-06 13:00:00;45.079;45.389;45.079;45.389;4.98252;UCG.ITEUR
2025-02-06 14:00:00;45.389;45.749;45.339;45.619;8.78295;UCG.ITEUR
2025-02-06 15:00:00;45.629;45.979;45.629;45.859;7.13155;UCG.ITEUR
2025-02-06 16:00:00;45.849;46.269;45.849;46.259;3.16154;UCG.ITEUR
2025-02-07 08:00:00;46.309;46.619;46.149;46.399;9.73216;UCG.ITEUR
2025-02-07 09:00:00;46.399;46.519;46.239;46.279;7.91877;UCG.ITEUR
2025-02-07 10:00:00;46.289;46.439;46.219;46.419;6.79236;UCG.ITEUR
2025-02-07 11:00:00;46.429;46.559;46.339;46.419;7.30975;UCG.ITEUR
2025-02-07 12:00:00;46.419;46.569;46.379;46.549;6.02691;UCG.ITEUR
2025-02-07 13:00:00;46.559;46.869;46.449;46.819;6.63694;UCG.ITEUR
2025-02-07 14:00:00;46.819;47.049;46.749;47.029;6.82324;UCG.ITEUR
2025-02-07 15:00:00;47.029;47.059;46.739;46.989;6.97412;UCG.ITEUR
2025-02-07 16:00:00;46.989;46.999;46.839;46.969;3.73714;UCG.ITEUR
2025-02-10 08:00:00;46.879;47.339;46.749;47.009;8.7487;UCG.ITEUR
2025-02-10 09:00:00;46.999;47.099;46.889;46.929;6.27498;UCG.ITEUR
2025-02-10 10:00:00;46.919;47.169;46.869;47.009;4.7382;UCG.ITEUR
2025-02-10 11:00:00;47.009;47.229;46.969;47.009;3.78453;UCG.ITEUR
2025-02-10 12:00:00;47.019;47.259;46.979;47.209;3.93246;UCG.ITEUR
2025-02-10 13:00:00;47.219;47.279;47.179;47.209;3.21864;UCG.ITEUR
2025-02-10 14:00:00;47.199;47.219;46.909;46.949;6.64554;UCG.ITEUR
2025-02-10 15:00:00;46.959;47.149;46.949;47.069;3.55712;UCG.ITEUR
2025-02-10 16:00:00;47.059;47.219;47.029;47.209;2.18742;UCG.ITEUR
2025-02-11 08:00:00;46.199;46.249;45.439;45.679;10.81402;UCG.ITEUR
2025-02-11 09:00:00;45.679;45.929;45.469;45.899;6.72692;UCG.ITEUR
2025-02-11 10:00:00;45.899;45.959;45.539;45.749;4.39543;UCG.ITEUR
2025-02-11 11:00:00;45.749;45.969;45.679;45.829;3.7788;UCG.ITEUR
2025-02-11 12:00:00;45.839;45.849;45.569;45.709;3.95642;UCG.ITEUR
2025-02-11 13:00:00;45.709;46.189;45.709;46.039;5.69524;UCG.ITEUR
2025-02-11 14:00:00;46.039;46.309;45.969;46.169;5.10735;UCG.ITEUR
2025-02-11 15:00:00;46.209;46.889;46.189;46.869;6.83425;UCG.ITEUR
2025-02-11 16:00:00;46.859;46.909;46.669;46.739;1.89205;UCG.ITEUR
2025-02-12 08:00:00;47.359;47.809;46.609;47.039;10.71839;UCG.ITEUR
2025-02-12 09:00:00;47.029;47.109;46.659;46.669;6.38467;UCG.ITEUR
2025-02-12 10:00:00;46.659;46.849;46.449;46.689;6.941;UCG.ITEUR
2025-02-12 11:00:00;46.679;46.919;46.619;46.899;5.0006;UCG.ITEUR
2025-02-12 12:00:00;46.889;47.119;46.889;46.969;4.32937;UCG.ITEUR
2025-02-12 13:00:00;46.979;47.169;46.799;47.129;6.68246;UCG.ITEUR
2025-02-12 14:00:00;47.139;47.319;46.949;47.039;8.10005;UCG.ITEUR
2025-02-12 15:00:00;47.039;47.049;46.599;46.729;6.36791;UCG.ITEUR
2025-02-12 16:00:00;46.739;46.749;46.559;46.619;3.20672;UCG.ITEUR
2025-02-13 08:00:00;46.689;46.739;45.649;45.949;10.03809;UCG.ITEUR
2025-02-13 09:00:00;45.939;46.039;45.719;45.959;8.55922;UCG.ITEUR
2025-02-13 10:00:00;45.969;46.139;45.879;45.929;7.80658;UCG.ITEUR
2025-02-13 11:00:00;45.929;45.939;45.599;45.779;8.04073;UCG.ITEUR
2025-02-13 12:00:00;45.769;45.799;45.459;45.589;8.11586;UCG.ITEUR
2025-02-13 13:00:00;45.589;45.889;45.529;45.779;6.9702;UCG.ITEUR
2025-02-13 14:00:00;45.789;46.229;45.789;46.189;7.73574;UCG.ITEUR
2025-02-13 15:00:00;46.189;46.379;46.079;46.269;7.31349;UCG.ITEUR
2025-02-13 16:00:00;46.279;46.279;46.149;46.159;1.77908;UCG.ITEUR
2025-02-14 08:00:00;46.589;46.789;46.399;46.789;8.91872;UCG.ITEUR
2025-02-14 09:00:00;46.779;46.949;46.759;46.819;6.33108;UCG.ITEUR
2025-02-14 10:00:00;46.809;46.849;46.589;46.759;5.92124;UCG.ITEUR
2025-02-14 11:00:00;46.769;46.999;46.689;46.989;4.95274;UCG.ITEUR
2025-02-14 12:00:00;46.999;47.069;46.859;46.939;3.77785;UCG.ITEUR
2025-02-14 13:00:00;46.939;47.149;46.909;46.939;5.62492;UCG.ITEUR
2025-02-14 14:00:00;46.949;46.989;46.849;46.899;4.8857;UCG.ITEUR
2025-02-14 15:00:00;46.889;46.899;46.529;46.739;6.33491;UCG.ITEUR
2025-02-14 16:00:00;46.759;46.819;46.719;46.749;1.42908;UCG.ITEUR
2025-02-17 08:00:00;47.069;47.959;47.069;47.959;8.3294;UCG.ITEUR
2025-02-17 09:00:00;47.969;48.169;47.829;48.099;8.20567;UCG.ITEUR
2025-02-17 10:00:00;48.109;48.209;47.769;47.829;6.34139;UCG.ITEUR
2025-02-17 11:00:00;47.839;47.979;47.729;47.739;7.03242;UCG.ITEUR
2025-02-17 12:00:00;47.729;47.819;47.639;47.779;5.01893;UCG.ITEUR
2025-02-17 13:00:00;47.769;47.799;47.569;47.589;4.02466;UCG.ITEUR
2025-02-17 14:00:00;47.589;47.679;47.469;47.649;3.33695;UCG.ITEUR
2025-02-17 15:00:00;47.639;47.779;47.489;47.679;4.86584;UCG.ITEUR
2025-02-17 16:00:00;47.669;47.709;47.619;47.659;1.96106;UCG.ITEUR
2025-02-18 08:00:00;47.909;47.959;47.689;47.799;6.85294;UCG.ITEUR
2025-02-18 09:00:00;47.799;47.929;47.779;47.839;3.84612;UCG.ITEUR
2025-02-18 10:00:00;47.839;47.979;47.809;47.949;3.44475;UCG.ITEUR
2025-02-18 11:00:00;47.949;48.069;47.869;48.059;3.31529;UCG.ITEUR
2025-02-18 12:00:00;48.049;48.179;47.999;48.039;3.80089;UCG.ITEUR
2025-02-18 13:00:00;48.029;48.099;47.919;48.079;3.53283;UCG.ITEUR
2025-02-18 14:00:00;48.079;48.149;47.999;48.089;3.96691;UCG.ITEUR
2025-02-18 15:00:00;48.089;48.339;48.089;48.319;3.37545;UCG.ITEUR
2025-02-18 16:00:00;48.309;48.359;48.249;48.299;2.02989;UCG.ITEUR
2025-02-19 08:00:00;48.839;48.839;48.489;48.779;8.11956;UCG.ITEUR
2025-02-19 09:00:00;48.789;48.929;48.629;48.679;5.09834;UCG.ITEUR
2025-02-19 10:00:00;48.689;48.709;48.259;48.329;5.4337;UCG.ITEUR
2025-02-19 11:00:00;48.329;48.339;47.929;48.139;6.34521;UCG.ITEUR
2025-02-19 12:00:00;48.129;48.309;48.029;48.219;4.87498;UCG.ITEUR
2025-02-19 13:00:00;48.209;48.269;47.999;48.009;3.657;UCG.ITEUR
2025-02-19 14:00:00;48.009;48.129;47.939;47.979;6.63205;UCG.ITEUR
2025-02-19 15:00:00;47.979;48.169;47.899;47.949;4.10742;UCG.ITEUR
2025-02-19 16:00:00;47.939;48.029;47.899;47.959;1.63813;UCG.ITEUR
2025-02-20 08:00:00;47.929;48.199;47.829;48.069;7.33125;UCG.ITEUR
2025-02-20 09:00:00;48.079;48.099;47.859;47.909;4.77732;UCG.ITEUR
2025-02-20 10:00:00;47.919;47.919;47.789;47.819;3.6565;UCG.ITEUR
2025-02-20 11:00:00;47.829;47.999;47.809;47.889;2.70746;UCG.ITEUR
2025-02-20 12:00:00;47.889;48.259;47.889;48.249;3.45774;UCG.ITEUR
2025-02-20 13:00:00;48.259;48.259;48.119;48.149;2.655;UCG.ITEUR
2025-02-20 14:00:00;48.149;48.159;47.999;48.009;2.65694;UCG.ITEUR
2025-02-20 15:00:00;48.029;48.029;47.599;47.619;6.94337;UCG.ITEUR
2025-02-20 16:00:00;47.629;47.799;47.579;47.739;2.08808;UCG.ITEUR
2025-02-21 08:00:00;47.839;47.909;47.539;47.549;6.25184;UCG.ITEUR
2025-02-21 09:00:00;47.559;47.649;47.389;47.399;4.83698;UCG.ITEUR
2025-02-21 10:00:00;47.399;47.569;47.329;47.329;4.46691;UCG.ITEUR
2025-02-21 11:00:00;47.329;47.579;47.299;47.529;3.69018;UCG.ITEUR
2025-02-21 12:00:00;47.519;47.829;47.489;47.789;3.25081;UCG.ITEUR
2025-02-21 13:00:00;47.789;47.849;47.609;47.609;1.91245;UCG.ITEUR
2025-02-21 14:00:00;47.609;47.629;47.319;47.539;5.62335;UCG.ITEUR
2025-02-21 15:00:00;47.529;47.809;47.499;47.779;4.32299;UCG.ITEUR
2025-02-21 16:00:00;47.779;47.889;47.769;47.789;1.22812;UCG.ITEUR
2025-02-24 08:00:00;47.459;47.579;46.999;47.419;8.25837;UCG.ITEUR
2025-02-24 09:00:00;47.409;47.919;47.399;47.839;8.10656;UCG.ITEUR
2025-02-24 10:00:00;47.829;47.979;47.779;47.819;4.34374;UCG.ITEUR
2025-02-24 11:00:00;47.809;48.059;47.779;47.929;2.9939;UCG.ITEUR
2025-02-24 12:00:00;47.919;48.049;47.799;48.039;2.89003;UCG.ITEUR
2025-02-24 13:00:00;48.029;48.219;48.029;48.159;2.22968;UCG.ITEUR
2025-02-24 14:00:00;48.169;48.189;47.609;47.649;5.34249;UCG.ITEUR
2025-02-24 15:00:00;47.659;47.899;47.499;47.829;8.78571;UCG.ITEUR
2025-02-24 16:00:00;47.839;47.939;47.769;47.909;1.90021;UCG.ITEUR
2025-02-25 08:00:00;48.209;48.509;48.069;48.449;5.77724;UCG.ITEUR
2025-02-25 09:00:00;48.459;48.789;48.459;48.749;3.55649;UCG.ITEUR
2025-02-25 10:00:00;48.739;48.959;48.709;48.829;2.86794;UCG.ITEUR
2025-02-25 11:00:00;48.829;48.989;48.719;48.899;2.49993;UCG.ITEUR
2025-02-25 12:00:00;48.889;48.949;48.799;48.939;1.76673;UCG.ITEUR
2025-02-25 13:00:00;48.949;49.159;48.889;49.109;1.96695;UCG.ITEUR
2025-02-25 14:00:00;49.109;49.259;48.949;49.059;4.46406;UCG.ITEUR
2025-02-25 15:00:00;49.069;49.099;48.709;49.029;7.37524;UCG.ITEUR
2025-02-25 16:00:00;49.039;49.219;49.029;49.149;1.02084;UCG.ITEUR
2025-02-26 08:00:00;50.099;50.429;49.939;50.399;6.76377;UCG.ITEUR
2025-02-26 09:00:00;50.389;50.479;50.219;50.349;5.59535;UCG.ITEUR
2025-02-26 10:00:00;50.339;50.429;50.119;50.319;3.67305;UCG.ITEUR
2025-02-26 11:00:00;50.329;50.449;50.259;50.279;3.31491;UCG.ITEUR
2025-02-26 12:00:00;50.269;50.469;50.269;50.429;2.7119;UCG.ITEUR
2025-02-26 13:00:00;50.429;50.649;50.399;50.519;2.78381;UCG.ITEUR
2025-02-26 14:00:00;50.509;50.619;50.389;50.449;4.53456;UCG.ITEUR
2025-02-26 15:00:00;50.459;50.709;50.419;50.659;3.25992;UCG.ITEUR
2025-02-26 16:00:00;50.659;50.719;50.629;50.689;1.37381;UCG.ITEUR
2025-02-27 08:00:00;50.439;50.759;50.369;50.659;6.08274;UCG.ITEUR
2025-02-27 09:00:00;50.669;50.829;50.519;50.639;4.34891;UCG.ITEUR
2025-02-27 10:00:00;50.649;50.779;50.559;50.709;3.22561;UCG.ITEUR
2025-02-27 11:00:00;50.719;50.829;50.669;50.749;2.09432;UCG.ITEUR
2025-02-27 12:00:00;50.749;50.759;50.549;50.569;2.12816;UCG.ITEUR
2025-02-27 13:00:00;50.559;50.659;50.399;50.409;3.96116;UCG.ITEUR
2025-02-27 14:00:00;50.399;50.559;50.389;50.419;4.35784;UCG.ITEUR
2025-02-27 15:00:00;50.419;50.759;50.249;50.729;4.183;UCG.ITEUR
2025-02-27 16:00:00;50.739;50.869;50.689;50.689;1.70939;UCG.ITEUR
2025-02-28 08:00:00;50.529;50.679;50.299;50.469;6.71724;UCG.ITEUR
2025-02-28 09:00:00;50.479;50.779;50.469;50.619;4.08054;UCG.ITEUR
2025-02-28 10:00:00;50.629;50.669;50.439;50.439;3.25945;UCG.ITEUR
2025-02-28 11:00:00;50.439;50.699;50.429;50.649;3.46296;UCG.ITEUR
2025-02-28 12:00:00;50.649;50.659;50.319;50.479;3.47894;UCG.ITEUR
2025-02-28 13:00:00;50.469;50.509;50.339;50.419;3.0832;UCG.ITEUR
2025-02-28 14:00:00;50.419;50.539;50.239;50.379;5.27293;UCG.ITEUR
2025-02-28 15:00:00;50.399;50.469;50.229;50.339;3.71723;UCG.ITEUR
2025-02-28 16:00:00;50.349;50.489;50.229;50.229;2.08915;UCG.ITEUR
2025-03-03 08:00:00;50.539;50.759;50.089;50.429;10.08239;UCG.ITEUR
2025-03-03 09:00:00;50.429;51.339;50.419;51.339;6.60062;UCG.ITEUR
2025-03-03 10:00:00;51.339;51.469;51.149;51.449;3.58952;UCG.ITEUR
2025-03-03 11:00:00;51.449;51.529;51.369;51.499;2.75889;UCG.ITEUR
2025-03-03 12:00:00;51.489;51.879;51.469;51.869;5.41051;UCG.ITEUR
2025-03-03 13:00:00;51.869;51.909;51.749;51.819;4.24697;UCG.ITEUR
2025-03-03 14:00:00;51.809;52.099;51.759;51.979;5.86869;UCG.ITEUR
2025-03-03 15:00:00;51.979;52.079;51.759;51.939;8.09851;UCG.ITEUR
2025-03-03 16:00:00;51.949;52.059;51.899;52.019;2.36758;UCG.ITEUR
2025-03-04 08:00:00;51.259;51.319;50.159;50.169;9.21902;UCG.ITEUR
2025-03-04 09:00:00;50.149;50.299;49.589;49.739;9.47148;UCG.ITEUR
2025-03-04 10:00:00;49.749;49.929;49.009;49.509;11.42639;UCG.ITEUR
2025-03-04 11:00:00;49.469;49.639;49.329;49.499;8.63921;UCG.ITEUR
2025-03-04 12:00:00;49.489;49.589;49.139;49.529;9.13865;UCG.ITEUR
2025-03-04 13:00:00;49.519;49.589;49.279;49.309;8.03973;UCG.ITEUR
2025-03-04 14:00:00;49.309;49.869;49.229;49.359;12.1318;UCG.ITEUR
2025-03-04 15:00:00;49.339;49.749;49.049;49.649;12.08106;UCG.ITEUR
2025-03-04 16:00:00;49.639;49.969;49.609;49.949;3.56573;UCG.ITEUR
2025-03-05 08:00:00;51.299;51.649;51.049;51.239;10.00346;UCG.ITEUR
2025-03-05 09:00:00;51.249;52.059;51.179;52.019;7.91633;UCG.ITEUR
2025-03-05 10:00:00;52.029;52.359;51.939;52.199;7.12026;UCG.ITEUR
2025-03-05 11:00:00;52.209;52.759;52.199;52.739;5.86558;UCG.ITEUR
2025-03-05 12:00:00;52.749;53.589;52.689;53.399;7.37022;UCG.ITEUR
2025-03-05 13:00:00;53.409;53.539;52.969;53.079;8.57512;UCG.ITEUR
2025-03-05 14:00:00;53.079;53.219;52.589;53.079;9.23654;UCG.ITEUR
2025-03-05 15:00:00;53.079;53.679;53.079;53.369;9.45103;UCG.ITEUR
2025-03-05 16:00:00;53.359;53.469;53.219;53.329;3.59579;UCG.ITEUR
2025-03-06 08:00:00;54.829;55.049;54.569;54.589;12.22026;UCG.ITEUR
2025-03-06 09:00:00;54.579;54.639;53.579;53.619;11.90932;UCG.ITEUR
2025-03-06 10:00:00;53.609;54.109;53.119;53.119;9.36985;UCG.ITEUR
2025-03-06 11:00:00;53.119;53.469;52.979;53.459;8.39021;UCG.ITEUR
2025-03-06 12:00:00;53.449;53.639;53.299;53.639;6.39374;UCG.ITEUR
2025-03-06 13:00:00;53.649;54.129;53.629;53.899;8.23182;UCG.ITEUR
2025-03-06 14:00:00;53.899;54.439;53.729;54.419;8.22239;UCG.ITEUR
2025-03-06 15:00:00;54.419;54.709;54.159;54.289;7.70988;UCG.ITEUR
2025-03-06 16:00:00;54.279;54.729;54.239;54.699;3.46837;UCG.ITEUR
2025-03-07 08:00:00;53.859;54.109;53.569;53.969;8.68277;UCG.ITEUR
2025-03-07 09:00:00;53.959;54.489;53.929;54.459;7.23648;UCG.ITEUR
2025-03-07 10:00:00;54.449;54.499;54.129;54.179;5.22833;UCG.ITEUR
2025-03-07 11:00:00;54.169;54.689;54.109;54.489;4.35012;UCG.ITEUR
2025-03-07 12:00:00;54.479;54.479;53.899;54.069;5.70446;UCG.ITEUR
2025-03-07 13:00:00;54.059;54.319;53.529;53.539;8.20482;UCG.ITEUR
2025-03-07 14:00:00;53.529;53.719;53.269;53.589;10.40496;UCG.ITEUR
2025-03-07 15:00:00;53.599;53.999;53.199;53.599;8.72666;UCG.ITEUR
2025-03-07 16:00:00;53.589;53.719;53.489;53.489;4.1733;UCG.ITEUR
2025-03-10 08:00:00;53.209;53.399;52.219;52.309;11.23962;UCG.ITEUR
2025-03-10 09:00:00;52.299;53.179;52.259;52.999;12.44418;UCG.ITEUR
2025-03-10 10:00:00;53.009;53.119;52.549;52.699;8.63688;UCG.ITEUR
2025-03-10 11:00:00;52.709;52.879;52.049;52.109;9.9729;UCG.ITEUR
2025-03-10 12:00:00;52.119;52.239;51.699;51.889;7.75866;UCG.ITEUR
2025-03-10 13:00:00;51.889;51.969;51.329;51.599;10.61676;UCG.ITEUR
2025-03-10 14:00:00;51.589;51.619;50.879;51.059;9.44958;UCG.ITEUR
2025-03-10 15:00:00;51.079;51.589;51.069;51.499;8.22234;UCG.ITEUR
2025-03-10 16:00:00;51.489;51.649;51.399;51.559;3.48684;UCG.ITEUR
2025-03-11 08:00:00;51.719;51.979;50.799;51.159;10.5693;UCG.ITEUR
2025-03-11 09:00:00;51.159;51.549;50.999;51.499;8.06526;UCG.ITEUR
2025-03-11 10:00:00;51.509;51.759;51.469;51.589;5.48016;UCG.ITEUR
2025-03-11 11:00:00;51.599;51.669;51.219;51.329;6.2412;UCG.ITEUR
2025-03-11 12:00:00;51.339;51.379;50.969;51.149;5.97618;UCG.ITEUR
2025-03-11 13:00:00;51.149;51.329;50.759;50.959;9.07116;UCG.ITEUR
2025-03-11 14:00:00;50.949;51.149;50.069;50.389;13.3287;UCG.ITEUR
2025-03-11 15:00:00;50.379;50.939;50.349;50.589;10.38702;UCG.ITEUR
2025-03-11 16:00:00;50.579;50.679;50.409;50.529;3.83754;UCG.ITEUR
2025-03-12 08:00:00;51.149;51.749;51.129;51.729;7.35336;UCG.ITEUR
2025-03-12 09:00:00;51.739;52.069;51.579;51.939;6.08748;UCG.ITEUR
2025-03-12 10:00:00;51.939;51.979;51.679;51.929;5.25504;UCG.ITEUR
2025-03-12 11:00:00;51.939;52.139;51.939;52.099;3.97404;UCG.ITEUR
2025-03-12 12:00:00;52.079;52.319;51.989;52.279;6.26598;UCG.ITEUR
2025-03-12 13:00:00;52.289;52.359;52.009;52.169;7.85988;UCG.ITEUR
2025-03-12 14:00:00;52.179;52.229;51.689;51.839;8.4567;UCG.ITEUR
2025-03-12 15:00:00;51.859;52.039;51.479;51.999;7.75026;UCG.ITEUR
2025-03-12 16:00:00;52.009;52.129;51.969;52.069;2.52126;UCG.ITEUR
2025-03-13 08:00:00;51.679;51.759;51.199;51.569;10.41852;UCG.ITEUR
2025-03-13 09:00:00;51.579;52.119;51.429;52.109;6.21936;UCG.ITEUR
2025-03-13 10:00:00;52.119;52.249;51.799;51.909;5.7897;UCG.ITEUR
2025-03-13 11:00:00;51.899;51.949;51.699;51.879;6.05514;UCG.ITEUR
2025-03-13 12:00:00;51.889;52.039;51.519;51.709;7.4823;UCG.ITEUR
2025-03-13 13:00:00;51.709;51.879;51.389;51.479;6.93462;UCG.ITEUR
2025-03-13 14:00:00;51.469;51.639;51.359;51.509;8.37816;UCG.ITEUR
2025-03-13 15:00:00;51.529;51.579;50.999;51.189;7.03206;UCG.ITEUR
2025-03-13 16:00:00;51.189;51.359;51.149;51.229;2.28186;UCG.ITEUR
2025-03-14 08:00:00;50.649;51.069;50.479;50.989;9.0405;UCG.ITEUR
2025-03-14 09:00:00;50.999;51.199;50.959;51.129;6.67254;UCG.ITEUR
2025-03-14 10:00:00;51.119;51.819;51.099;51.689;8.3706;UCG.ITEUR
2025-03-14 11:00:00;51.699;52.119;51.669;51.919;7.9359;UCG.ITEUR
2025-03-14 12:00:00;51.929;51.989;51.739;51.779;4.8279;UCG.ITEUR
2025-03-14 13:00:00;51.779;52.379;51.709;52.299;5.47722;UCG.ITEUR
2025-03-14 14:00:00;52.289;52.749;52.179;52.689;6.40332;UCG.ITEUR
2025-03-14 15:00:00;52.689;52.969;52.669;52.769;5.44488;UCG.ITEUR
2025-03-14 16:00:00;52.779;52.899;52.659;52.789;2.21802;UCG.ITEUR
2025-03-17 08:00:00;52.509;53.199;52.509;53.069;9.28501;UCG.ITEUR
2025-03-17 09:00:00;53.069;53.119;52.619;53.119;8.35026;UCG.ITEUR
2025-03-17 10:00:00;53.109;53.129;52.899;53.079;4.64528;UCG.ITEUR
2025-03-17 11:00:00;53.079;53.229;53.049;53.109;3.4164;UCG.ITEUR
2025-03-17 12:00:00;53.099;53.399;53.049;53.339;4.74161;UCG.ITEUR
2025-03-17 13:00:00;53.339;53.759;53.259;53.709;5.89121;UCG.ITEUR
2025-03-17 14:00:00;53.709;53.779;53.409;53.529;6.6282;UCG.ITEUR
2025-03-17 15:00:00;53.539;53.649;53.459;53.549;4.39848;UCG.ITEUR
2025-03-17 16:00:00;53.549;53.639;53.519;53.629;1.39128;UCG.ITEUR
2025-03-18 08:00:00;53.809;54.049;53.649;53.789;6.88906;UCG.ITEUR
2025-03-18 09:00:00;53.789;54.189;53.789;53.929;6.54636;UCG.ITEUR
2025-03-18 10:00:00;53.929;54.049;53.879;54.029;4.68066;UCG.ITEUR
2025-03-18 11:00:00;54.029;54.599;53.979;54.559;4.4296;UCG.ITEUR
2025-03-18 12:00:00;54.549;54.619;54.439;54.479;4.54724;UCG.ITEUR
2025-03-18 13:00:00;54.479;54.579;54.339;54.449;6.43425;UCG.ITEUR
2025-03-18 14:00:00;54.439;54.879;54.389;54.809;5.6248;UCG.ITEUR
2025-03-18 15:00:00;54.809;55.059;54.629;54.989;5.55362;UCG.ITEUR
2025-03-18 16:00:00;54.979;55.039;54.929;54.979;2.14191;UCG.ITEUR
2025-03-19 08:00:00;54.929;55.319;54.799;55.229;8.41632;UCG.ITEUR
2025-03-19 09:00:00;55.219;55.289;55.059;55.149;6.00459;UCG.ITEUR
2025-03-19 10:00:00;55.159;55.269;55.069;55.139;4.91808;UCG.ITEUR
2025-03-19 11:00:00;55.149;55.249;54.889;55.059;4.32687;UCG.ITEUR
2025-03-19 12:00:00;55.059;55.109;54.749;54.789;5.21134;UCG.ITEUR
2025-03-19 13:00:00;54.779;54.809;54.609;54.699;5.27954;UCG.ITEUR
2025-03-19 14:00:00;54.709;54.839;54.609;54.819;4.69728;UCG.ITEUR
2025-03-19 15:00:00;54.829;55.069;54.809;54.999;3.09671;UCG.ITEUR
2025-03-19 16:00:00;55.009;55.149;54.989;55.009;1.79494;UCG.ITEUR
2025-03-20 08:00:00;54.579;54.899;54.219;54.229;7.74668;UCG.ITEUR
2025-03-20 09:00:00;54.219;54.239;53.209;53.569;10.58679;UCG.ITEUR
2025-03-20 10:00:00;53.579;53.659;53.149;53.509;9.38518;UCG.ITEUR
2025-03-20 11:00:00;53.499;53.619;53.149;53.389;6.43383;UCG.ITEUR
2025-03-20 12:00:00;53.389;53.549;53.249;53.479;4.64869;UCG.ITEUR
2025-03-20 13:00:00;53.489;53.509;53.149;53.389;6.98582;UCG.ITEUR
2025-03-20 14:00:00;53.379;53.809;53.369;53.709;7.70321;UCG.ITEUR
2025-03-20 15:00:00;53.719;53.849;53.359;53.429;6.56255;UCG.ITEUR
2025-03-20 16:00:00;53.429;53.619;53.419;53.489;3.19901;UCG.ITEUR
2025-03-21 08:00:00;53.549;53.709;53.019;53.239;10.6162;UCG.ITEUR
2025-03-21 09:00:00;53.229;53.289;52.789;52.919;9.77307;UCG.ITEUR
2025-03-21 10:00:00;52.929;53.579;52.929;53.339;7.31702;UCG.ITEUR
2025-03-21 11:00:00;53.349;53.409;52.929;53.179;6.84984;UCG.ITEUR
2025-03-21 12:00:00;53.189;53.399;53.109;53.119;6.04551;UCG.ITEUR
2025-03-21 13:00:00;53.109;53.319;53.029;53.169;7.77907;UCG.ITEUR
2025-03-21 14:00:00;53.169;53.309;52.959;53.299;6.26972;UCG.ITEUR
2025-03-21 15:00:00;53.309;53.649;53.249;53.279;5.48286;UCG.ITEUR
2025-03-21 16:00:00;53.269;53.559;53.269;53.539;2.81027;UCG.ITEUR
2025-03-24 08:00:00;53.849;54.049;53.529;53.919;8.80194;UCG.ITEUR
2025-03-24 09:00:00;53.919;54.069;53.689;53.889;7.07658;UCG.ITEUR
2025-03-24 10:00:00;53.879;54.109;53.869;54.059;4.2252;UCG.ITEUR
2025-03-24 11:00:00;54.059;54.089;53.819;53.939;3.93288;UCG.ITEUR
2025-03-24 12:00:00;53.939;53.949;53.689;53.889;4.90602;UCG.ITEUR
2025-03-24 13:00:00;53.889;53.919;53.529;53.739;6.99426;UCG.ITEUR
2025-03-24 14:00:00;53.749;53.909;53.559;53.749;6.49656;UCG.ITEUR
2025-03-24 15:00:00;53.759;53.839;53.629;53.789;5.22438;UCG.ITEUR
2025-03-24 16:00:00;53.769;53.799;53.559;53.569;1.5939;UCG.ITEUR
2025-03-25 08:00:00;54.089;54.219;53.849;54.209;7.57302;UCG.ITEUR
2025-03-25 09:00:00;54.219;54.579;54.219;54.549;5.45748;UCG.ITEUR
2025-03-25 10:00:00;54.549;54.839;54.529;54.649;5.6574;UCG.ITEUR
2025-03-25 11:00:00;54.649;54.829;54.399;54.749;5.1471;UCG.ITEUR
2025-03-25 12:00:00;54.759;54.829;54.689;54.709;3.96774;UCG.ITEUR
2025-03-25 13:00:00;54.709;54.909;54.619;54.699;4.3428;UCG.ITEUR
2025-03-25 14:00:00;54.689;54.959;54.579;54.899;4.59228;UCG.ITEUR
2025-03-25 15:00:00;54.899;54.929;54.719;54.879;3.56538;UCG.ITEUR
2025-03-25 16:00:00;54.869;55.139;54.849;55.119;1.62414;UCG.ITEUR
2025-03-26 08:00:00;55.489;55.489;54.759;54.939;9.02454;UCG.ITEUR
2025-03-26 09:00:00;54.929;55.019;54.309;54.509;9.31518;UCG.ITEUR
2025-03-26 10:00:00;54.499;54.969;54.269;54.879;8.48778;UCG.ITEUR
2025-03-26 11:00:00;54.889;55.169;54.789;55.109;4.93542;UCG.ITEUR
2025-03-26 12:00:00;55.109;55.369;54.989;55.259;4.42512;UCG.ITEUR
2025-03-26 13:00:00;55.259;55.329;54.989;55.109;6.13326;UCG.ITEUR
2025-03-26 14:00:00;55.089;55.429;55.069;55.379;5.52594;UCG.ITEUR
2025-03-26 15:00:00;55.389;55.439;54.959;55.089;5.67126;UCG.ITEUR
2025-03-26 16:00:00;55.109;55.109;54.839;54.909;3.35244;UCG.ITEUR
2025-03-27 08:00:00;53.829;54.379;53.519;54.329;10.48488;UCG.ITEUR
2025-03-27 09:00:00;54.339;54.769;54.329;54.709;8.38992;UCG.ITEUR
2025-03-27 10:00:00;54.709;54.899;54.519;54.549;7.73598;UCG.ITEUR
2025-03-27 11:00:00;54.539;54.719;54.199;54.639;6.3357;UCG.ITEUR
2025-03-27 12:00:00;54.649;54.739;54.489;54.619;5.25462;UCG.ITEUR
2025-03-27 13:00:00;54.629;54.719;54.359;54.649;7.2723;UCG.ITEUR
2025-03-27 14:00:00;54.629;54.729;54.539;54.719;5.33988;UCG.ITEUR
2025-03-27 15:00:00;54.709;54.829;54.579;54.619;3.85434;UCG.ITEUR
2025-03-27 16:00:00;54.619;54.689;54.509;54.559;2.30076;UCG.ITEUR
2025-03-28 08:00:00;53.859;53.979;53.309;53.859;10.48614;UCG.ITEUR
2025-03-28 09:00:00;53.869;53.919;53.089;53.309;8.22108;UCG.ITEUR
2025-03-28 10:00:00;53.319;53.629;53.269;53.419;7.31136;UCG.ITEUR
2025-03-28 11:00:00;53.429;53.939;53.429;53.929;5.2752;UCG.ITEUR
2025-03-28 12:00:00;53.919;53.969;53.369;53.449;5.93586;UCG.ITEUR
2025-03-28 13:00:00;53.449;53.629;53.239;53.289;8.64318;UCG.ITEUR
2025-03-28 14:00:00;53.279;53.399;52.969;53.199;9.8112;UCG.ITEUR
2025-03-28 15:00:00;53.199;53.549;53.069;53.189;7.36176;UCG.ITEUR
2025-03-28 16:00:00;53.179;53.359;53.149;53.219;2.21172;UCG.ITEUR
2025-03-31 07:00:00;52.389;52.399;51.109;52.219;13.04891;UCG.ITEUR
2025-03-31 08:00:00;52.209;52.409;51.809;51.939;10.37633;UCG.ITEUR
2025-03-31 09:00:00;51.939;51.999;51.679;51.719;6.841;UCG.ITEUR
2025-03-31 10:00:00;51.709;51.819;51.579;51.609;6.92108;UCG.ITEUR
2025-03-31 11:00:00;51.619;51.929;51.529;51.839;6.79438;UCG.ITEUR
2025-03-31 12:00:00;51.829;51.899;51.499;51.729;7.00923;UCG.ITEUR
2025-03-31 13:00:00;51.739;51.839;51.449;51.709;8.24403;UCG.ITEUR
2025-03-31 14:00:00;51.709;51.799;51.549;51.639;9.22204;UCG.ITEUR
2025-03-31 15:00:00;51.649;51.889;51.629;51.729;3.54042;UCG.ITEUR
2025-04-01 07:00:00;52.369;52.489;51.929;51.979;11.42085;UCG.ITEUR
2025-04-01 08:00:00;51.969;52.419;51.869;52.309;9.05762;UCG.ITEUR
2025-04-01 09:00:00;52.309;52.739;52.309;52.559;7.1961;UCG.ITEUR
2025-04-01 10:00:00;52.559;52.579;51.939;52.319;9.16482;UCG.ITEUR
2025-04-01 11:00:00;52.319;52.359;52.069;52.309;6.92956;UCG.ITEUR
2025-04-01 12:00:00;52.309;52.589;52.229;52.499;5.38669;UCG.ITEUR
2025-04-01 13:00:00;52.499;52.709;52.339;52.459;7.42323;UCG.ITEUR
2025-04-01 14:00:00;52.449;52.809;52.059;52.799;9.0055;UCG.ITEUR
2025-04-01 15:00:00;52.789;52.939;52.769;52.799;2.38189;UCG.ITEUR
2025-04-02 07:00:00;52.529;52.639;51.899;52.059;10.2653;UCG.ITEUR
2025-04-02 08:00:00;52.059;52.079;51.509;51.859;8.94152;UCG.ITEUR
2025-04-02 09:00:00;51.869;52.169;51.819;51.939;5.99266;UCG.ITEUR
2025-04-02 10:00:00;51.949;52.009;51.679;51.679;5.99648;UCG.ITEUR
2025-04-02 11:00:00;51.689;51.729;51.409;51.639;3.9985;UCG.ITEUR
2025-04-02 12:00:00;51.649;51.699;51.329;51.549;5.96427;UCG.ITEUR
2025-04-02 13:00:00;51.559;51.909;51.499;51.629;6.90881;UCG.ITEUR
2025-04-02 14:00:00;51.629;52.019;51.619;51.919;7.67664;UCG.ITEUR
2025-04-02 15:00:00;51.909;52.079;51.859;52.049;2.9226;UCG.ITEUR
2025-04-03 07:00:00;50.359;50.389;49.679;49.909;13.30869;UCG.ITEUR
2025-04-03 08:00:00;49.899;50.219;49.759;50.149;10.52423;UCG.ITEUR
2025-04-03 09:00:00;50.139;50.189;49.759;49.799;11.1302;UCG.ITEUR
2025-04-03 10:00:00;49.789;49.839;49.349;49.489;12.11837;UCG.ITEUR
2025-04-03 11:00:00;49.499;49.659;49.129;49.219;12.24508;UCG.ITEUR
2025-04-03 12:00:00;49.209;49.489;48.979;49.059;11.92346;UCG.ITEUR
2025-04-03 13:00:00;49.049;49.179;48.779;49.029;13.26631;UCG.ITEUR
2025-04-03 14:00:00;49.019;49.039;48.359;48.449;12.79594;UCG.ITEUR
2025-04-03 15:00:00;48.419;48.869;48.369;48.629;6.07274;UCG.ITEUR
2025-04-04 07:00:00;46.719;47.299;45.419;45.439;14.80408;UCG.ITEUR
2025-04-04 08:00:00;45.439;45.559;44.819;44.949;14.26171;UCG.ITEUR
2025-04-04 09:00:00;44.939;45.139;43.959;43.969;13.57225;UCG.ITEUR
2025-04-04 10:00:00;44.019;44.109;42.019;42.329;12.34888;UCG.ITEUR
2025-04-04 11:00:00;42.349;43.859;42.349;43.859;15.85668;UCG.ITEUR
2025-04-04 12:00:00;44.009;44.779;43.439;44.319;16.544;UCG.ITEUR
2025-04-04 13:00:00;44.339;44.999;43.529;44.069;16.26729;UCG.ITEUR
2025-04-04 14:00:00;44.059;44.109;42.549;43.259;12.50482;UCG.ITEUR
2025-04-04 15:00:00;43.239;44.219;43.239;43.909;6.86854;UCG.ITEUR
2025-04-07 07:00:00;39.139;40.989;38.639;40.879;14.74104;UCG.ITEUR
2025-04-07 08:00:00;40.849;41.459;40.569;40.639;20.18238;UCG.ITEUR
2025-04-07 09:00:00;40.669;41.849;40.479;41.349;18.72369;UCG.ITEUR
2025-04-07 10:00:00;41.339;43.039;41.329;42.609;18.73697;UCG.ITEUR
2025-04-07 11:00:00;42.609;43.219;41.859;42.159;19.40874;UCG.ITEUR
2025-04-07 12:00:00;42.189;43.129;41.839;42.989;19.0877;UCG.ITEUR
2025-04-07 13:00:00;42.989;42.989;41.869;42.679;19.82804;UCG.ITEUR
2025-04-07 14:00:00;42.709;45.579;42.679;43.729;18.57107;UCG.ITEUR
2025-04-07 15:00:00;43.699;43.869;42.149;42.539;11.46457;UCG.ITEUR
2025-04-08 07:00:00;43.569;43.829;42.309;42.399;17.60149;UCG.ITEUR
2025-04-08 08:00:00;42.399;43.199;41.959;42.989;17.81157;UCG.ITEUR
2025-04-08 09:00:00;42.999;43.219;42.359;42.479;15.26557;UCG.ITEUR
2025-04-08 10:00:00;42.489;43.069;42.289;42.909;13.83917;UCG.ITEUR
2025-04-08 11:00:00;42.929;44.229;42.929;44.169;15.86935;UCG.ITEUR
2025-04-08 12:00:00;44.159;44.699;43.949;44.459;14.2845;UCG.ITEUR
2025-04-08 13:00:00;44.449;44.549;44.079;44.399;17.03765;UCG.ITEUR
2025-04-08 14:00:00;44.429;44.579;43.849;43.859;15.39693;UCG.ITEUR
2025-04-08 15:00:00;43.869;43.979;43.459;43.529;7.95972;UCG.ITEUR
2025-04-09 07:00:00;42.169;43.249;42.129;42.989;16.88776;UCG.ITEUR
2025-04-09 08:00:00;42.989;43.069;42.269;43.029;18.35718;UCG.ITEUR
2025-04-09 09:00:00;43.029;43.179;42.459;42.519;16.02631;UCG.ITEUR
2025-04-09 10:00:00;42.509;42.709;42.289;42.359;14.74513;UCG.ITEUR
2025-04-09 11:00:00;42.369;42.369;41.559;41.999;18.49061;UCG.ITEUR
2025-04-09 12:00:00;41.989;42.699;41.919;42.539;15.54475;UCG.ITEUR
2025-04-09 13:00:00;42.549;43.479;42.439;43.359;18.40934;UCG.ITEUR
2025-04-09 14:00:00;43.359;43.549;42.829;42.959;16.24775;UCG.ITEUR
2025-04-09 15:00:00;42.969;43.499;42.949;43.419;7.29719;UCG.ITEUR
2025-04-10 07:00:00;48.529;48.939;47.459;47.779;16.45932;UCG.ITEUR
2025-04-10 08:00:00;47.769;48.039;47.179;47.759;16.7871;UCG.ITEUR
2025-04-10 09:00:00;47.769;47.779;47.179;47.529;14.76606;UCG.ITEUR
2025-04-10 10:00:00;47.559;48.089;47.409;47.809;12.7098;UCG.ITEUR
2025-04-10 11:00:00;47.809;48.039;47.449;47.829;12.40762;UCG.ITEUR
2025-04-10 12:00:00;47.829;47.919;47.399;47.849;15.0948;UCG.ITEUR
2025-04-10 13:00:00;47.859;48.149;47.249;47.689;16.8995;UCG.ITEUR
2025-04-10 14:00:00;47.699;47.809;47.349;47.509;15.37143;UCG.ITEUR
2025-04-10 15:00:00;47.479;47.749;47.249;47.249;6.59775;UCG.ITEUR
2025-04-11 07:00:00;47.169;47.649;46.329;46.349;14.22666;UCG.ITEUR
2025-04-11 08:00:00;46.339;46.729;45.529;45.819;17.30446;UCG.ITEUR
2025-04-11 09:00:00;45.809;46.499;45.469;46.479;14.82688;UCG.ITEUR
2025-04-11 10:00:00;46.489;47.019;46.319;46.559;14.94453;UCG.ITEUR
2025-04-11 11:00:00;46.539;46.579;45.719;45.959;12.44496;UCG.ITEUR
2025-04-11 12:00:00;45.969;46.319;45.869;45.989;14.66174;UCG.ITEUR
2025-04-11 13:00:00;45.979;46.589;45.739;46.439;16.63736;UCG.ITEUR
2025-04-11 14:00:00;46.449;46.819;45.899;46.489;16.96196;UCG.ITEUR
2025-04-11 15:00:00;46.479;46.719;46.079;46.299;7.30075;UCG.ITEUR
2025-04-14 07:00:00;47.909;47.929;47.239;47.559;12.76144;UCG.ITEUR
2025-04-14 08:00:00;47.559;47.809;47.419;47.639;12.26914;UCG.ITEUR
2025-04-14 09:00:00;47.639;47.809;47.129;47.259;9.95328;UCG.ITEUR
2025-04-14 10:00:00;47.239;47.419;47.139;47.359;7.63442;UCG.ITEUR
2025-04-14 11:00:00;47.339;47.429;47.139;47.369;7.55878;UCG.ITEUR
2025-04-14 12:00:00;47.359;47.789;47.309;47.669;7.51126;UCG.ITEUR
2025-04-14 13:00:00;47.679;47.779;47.389;47.509;12.89286;UCG.ITEUR
2025-04-14 14:00:00;47.539;48.149;47.519;48.009;13.01176;UCG.ITEUR
2025-04-14 15:00:00;48.029;48.029;47.739;47.749;6.12806;UCG.ITEUR
2025-04-15 07:00:00;48.659;49.149;48.369;49.139;12.23718;UCG.ITEUR
2025-04-15 08:00:00;49.129;49.259;48.809;49.219;12.00042;UCG.ITEUR
2025-04-15 09:00:00;49.219;49.279;49.029;49.259;8.28142;UCG.ITEUR
2025-04-15 10:00:00;49.279;49.599;49.249;49.569;8.0079;UCG.ITEUR
2025-04-15 11:00:00;49.579;49.629;49.339;49.379;8.0084;UCG.ITEUR
2025-04-15 12:00:00;49.389;49.709;49.309;49.629;7.65486;UCG.ITEUR
2025-04-15 13:00:00;49.639;49.809;49.539;49.719;8.72086;UCG.ITEUR
2025-04-15 14:00:00;49.729;49.819;49.389;49.569;10.91022;UCG.ITEUR
2025-04-15 15:00:00;49.579;49.699;49.469;49.609;2.79606;UCG.ITEUR
2025-04-16 07:00:00;49.119;49.259;48.729;48.849;11.89958;UCG.ITEUR
2025-04-16 08:00:00;48.848;49.579;48.719;49.239;13.80712;UCG.ITEUR
2025-04-16 09:00:00;49.249;49.419;49.079;49.109;11.74146;UCG.ITEUR
2025-04-16 10:00:00;49.099;49.229;49.039;49.179;10.13806;UCG.ITEUR
2025-04-16 11:00:00;49.169;49.329;49.109;49.299;8.43274;UCG.ITEUR
2025-04-16 12:00:00;49.309;49.389;49.219;49.229;8.2921;UCG.ITEUR
2025-04-16 13:00:00;49.219;49.479;49.079;49.259;11.75652;UCG.ITEUR
2025-04-16 14:00:00;49.259;50.189;49.249;50.179;10.381;UCG.ITEUR
2025-04-16 15:00:00;50.189;50.529;50.169;50.509;4.27338;UCG.ITEUR
2025-04-17 07:00:00;50.509;50.929;50.169;50.319;11.47178;UCG.ITEUR
2025-04-17 08:00:00;50.319;50.519;50.199;50.269;9.10252;UCG.ITEUR
2025-04-17 09:00:00;50.279;50.769;50.199;50.559;8.1621;UCG.ITEUR
2025-04-17 10:00:00;50.549;50.589;50.119;50.299;7.86284;UCG.ITEUR
2025-04-17 11:00:00;50.309;50.359;50.099;50.209;7.48168;UCG.ITEUR
2025-04-17 12:00:00;50.199;50.489;50.019;50.019;8.64034;UCG.ITEUR
2025-04-17 13:00:00;50.009;50.019;49.259;49.589;13.09512;UCG.ITEUR
2025-04-17 14:00:00;49.579;49.779;49.479;49.619;12.40056;UCG.ITEUR
2025-04-17 15:00:00;49.609;49.979;49.609;49.829;4.30538;UCG.ITEUR
2025-04-22 07:00:00;48.129;48.559;47.899;48.159;12.04108;UCG.ITEUR
2025-04-22 08:00:00;48.169;48.589;48.149;48.549;10.28122;UCG.ITEUR
2025-04-22 09:00:00;48.559;48.669;48.259;48.279;6.92169;UCG.ITEUR
2025-04-22 10:00:00;48.269;48.279;47.889;48.029;7.85304;UCG.ITEUR
2025-04-22 11:00:00;48.019;48.029;47.659;47.779;6.28724;UCG.ITEUR
2025-04-22 12:00:00;47.779;47.949;47.709;47.839;6.44787;UCG.ITEUR
2025-04-22 13:00:00;47.849;48.119;47.819;48.029;8.27362;UCG.ITEUR
2025-04-22 14:00:00;48.029;48.459;47.959;48.319;7.54889;UCG.ITEUR
2025-04-22 15:00:00;48.329;48.539;48.319;48.479;2.5184;UCG.ITEUR
2025-04-23 07:00:00;49.329;49.579;48.849;48.989;10.59978;UCG.ITEUR
2025-04-23 08:00:00;48.989;49.839;48.989;49.789;8.17254;UCG.ITEUR
2025-04-23 09:00:00;49.789;49.969;49.719;49.809;5.79446;UCG.ITEUR
2025-04-23 10:00:00;49.819;49.829;49.499;49.649;6.45826;UCG.ITEUR
2025-04-23 11:00:00;49.639;49.679;49.529;49.609;6.10536;UCG.ITEUR
2025-04-23 12:00:00;49.619;49.679;49.579;49.649;4.3067;UCG.ITEUR
2025-04-23 13:00:00;49.639;49.969;49.519;49.759;10.22525;UCG.ITEUR
2025-04-23 14:00:00;49.779;50.019;49.559;49.929;11.80232;UCG.ITEUR
2025-04-23 15:00:00;49.919;49.989;49.709;49.779;4.64918;UCG.ITEUR
2025-04-24 07:00:00;50.019;50.229;49.539;49.709;10.85386;UCG.ITEUR
2025-04-24 08:00:00;49.709;49.959;49.619;49.789;10.00507;UCG.ITEUR
2025-04-24 09:00:00;49.789;50.259;49.739;50.169;6.84227;UCG.ITEUR
2025-04-24 10:00:00;50.169;50.239;49.999;50.059;4.59732;UCG.ITEUR
2025-04-24 11:00:00;50.069;50.159;49.919;49.979;5.30849;UCG.ITEUR
2025-04-24 12:00:00;49.989;50.029;49.619;49.649;6.68073;UCG.ITEUR
2025-04-24 13:00:00;49.659;49.669;49.449;49.539;6.2642;UCG.ITEUR
2025-04-24 14:00:00;49.539;49.589;49.359;49.519;7.58863;UCG.ITEUR
2025-04-24 15:00:00;49.519;49.689;49.509;49.599;1.74225;UCG.ITEUR
2025-04-25 07:00:00;49.939;50.299;49.739;50.199;10.75184;UCG.ITEUR
2025-04-25 08:00:00;50.209;50.599;50.199;50.589;6.30303;UCG.ITEUR
2025-04-25 09:00:00;50.589;50.649;50.409;50.629;4.82114;UCG.ITEUR
2025-04-25 10:00:00;50.589;50.869;50.309;50.369;6.66676;UCG.ITEUR
2025-04-25 11:00:00;50.379;50.479;50.319;50.379;3.63028;UCG.ITEUR
2025-04-25 12:00:00;50.369;50.689;50.349;50.569;4.31304;UCG.ITEUR
2025-04-25 13:00:00;50.579;50.779;50.539;50.629;6.59227;UCG.ITEUR
2025-04-25 14:00:00;50.639;50.819;50.579;50.769;6.49075;UCG.ITEUR
2025-04-25 15:00:00;50.769;50.829;50.709;50.819;2.64883;UCG.ITEUR
2025-04-28 07:00:00;51.179;51.749;51.089;51.569;8.93223;UCG.ITEUR
2025-04-28 08:00:00;51.559;51.669;51.409;51.609;5.93248;UCG.ITEUR
2025-04-28 09:00:00;51.599;51.889;51.539;51.629;4.42241;UCG.ITEUR
2025-04-28 10:00:00;51.619;51.679;51.469;51.489;3.98265;UCG.ITEUR
2025-04-28 11:00:00;51.479;51.679;51.439;51.539;3.60191;UCG.ITEUR
2025-04-28 12:00:00;51.549;51.719;51.439;51.639;3.43373;UCG.ITEUR
2025-04-28 13:00:00;51.649;51.789;51.599;51.769;4.1566;UCG.ITEUR
2025-04-28 14:00:00;51.779;51.849;51.709;51.809;3.57351;UCG.ITEUR
2025-04-28 15:00:00;51.819;51.829;51.579;51.609;1.77278;UCG.ITEUR
2025-04-29 07:00:00;52.059;52.469;52.019;52.379;7.73588;UCG.ITEUR
2025-04-29 08:00:00;52.369;52.389;52.019;52.259;6.13572;UCG.ITEUR
2025-04-29 09:00:00;52.259;52.319;52.029;52.059;4.35806;UCG.ITEUR
2025-04-29 10:00:00;52.049;52.109;51.699;51.859;3.99685;UCG.ITEUR
2025-04-29 11:00:00;51.859;51.929;51.609;51.879;4.37536;UCG.ITEUR
2025-04-29 12:00:00;51.869;51.939;51.649;51.839;4.85728;UCG.ITEUR
2025-04-29 13:00:00;51.849;52.129;51.619;51.999;6.39754;UCG.ITEUR
2025-04-29 14:00:00;51.989;52.339;51.909;52.289;4.21562;UCG.ITEUR
2025-04-29 15:00:00;52.289;52.469;52.289;52.399;1.70178;UCG.ITEUR
2025-04-30 07:00:00;52.689;52.959;52.249;52.309;9.35245;UCG.ITEUR
2025-04-30 08:00:00;52.289;52.299;51.119;51.329;10.80263;UCG.ITEUR
2025-04-30 09:00:00;51.339;51.509;51.179;51.359;7.94134;UCG.ITEUR
2025-04-30 10:00:00;51.369;51.409;51.069;51.179;5.32854;UCG.ITEUR
2025-04-30 11:00:00;51.179;51.419;50.919;51.109;4.93804;UCG.ITEUR
2025-04-30 12:00:00;51.109;51.159;50.189;50.439;9.14567;UCG.ITEUR
2025-04-30 13:00:00;50.449;50.749;50.299;50.499;10.02829;UCG.ITEUR
2025-04-30 14:00:00;50.509;51.019;50.479;50.929;9.53617;UCG.ITEUR
2025-04-30 15:00:00;50.919;51.199;50.899;51.039;3.41598;UCG.ITEUR
2025-05-02 07:00:00;52.379;52.379;51.979;52.189;9.60583;UCG.ITEUR
2025-05-02 08:00:00;52.189;52.189;51.919;51.919;5.95512;UCG.ITEUR
2025-05-02 09:00:00;51.909;52.189;51.809;52.099;5.79226;UCG.ITEUR
2025-05-02 10:00:00;52.109;52.109;51.899;51.979;4.57993;UCG.ITEUR
2025-05-02 11:00:00;51.979;51.999;51.789;51.919;3.85219;UCG.ITEUR
2025-05-02 12:00:00;51.929;52.269;51.729;52.229;5.55528;UCG.ITEUR
2025-05-02 13:00:00;52.239;52.279;51.969;52.099;5.6294;UCG.ITEUR
2025-05-02 14:00:00;52.099;52.459;52.089;52.439;5.86458;UCG.ITEUR
2025-05-02 15:00:00;52.449;52.459;52.359;52.429;2.26223;UCG.ITEUR
2025-05-05 07:00:00;52.359;52.389;52.029;52.109;5.66683;UCG.ITEUR
2025-05-05 08:00:00;52.099;52.379;52.089;52.179;3.92565;UCG.ITEUR
2025-05-05 09:00:00;52.169;52.289;52.109;52.259;4.08472;UCG.ITEUR
2025-05-05 10:00:00;52.269;52.289;52.119;52.209;3.3923;UCG.ITEUR
2025-05-05 11:00:00;52.219;52.229;52.059;52.179;3.01799;UCG.ITEUR
2025-05-05 12:00:00;52.189;52.219;52.099;52.169;2.68141;UCG.ITEUR
2025-05-05 13:00:00;52.169;52.279;52.029;52.279;4.05602;UCG.ITEUR
2025-05-05 14:00:00;52.279;52.389;52.139;52.189;4.66225;UCG.ITEUR
2025-05-05 15:00:00;52.179;52.209;51.929;51.949;2.62011;UCG.ITEUR
2025-05-06 07:00:00;52.269;52.719;52.069;52.629;7.40584;UCG.ITEUR
2025-05-06 08:00:00;52.629;52.709;52.079;52.139;9.05828;UCG.ITEUR
2025-05-06 09:00:00;52.139;52.149;51.359;51.839;8.51505;UCG.ITEUR
2025-05-06 10:00:00;51.839;51.929;51.639;51.769;7.01183;UCG.ITEUR
2025-05-06 11:00:00;51.769;51.859;51.639;51.719;5.50518;UCG.ITEUR
2025-05-06 12:00:00;51.719;51.849;51.699;51.829;4.96752;UCG.ITEUR
2025-05-06 13:00:00;51.839;52.299;51.789;52.269;5.72212;UCG.ITEUR
2025-05-06 14:00:00;52.269;52.369;51.929;51.989;6.00939;UCG.ITEUR
2025-05-06 15:00:00;51.979;52.289;51.969;52.269;1.95768;UCG.ITEUR
2025-05-07 07:00:00;52.149;52.439;51.979;52.399;7.66054;UCG.ITEUR
2025-05-07 08:00:00;52.409;52.579;52.129;52.139;5.64109;UCG.ITEUR
2025-05-07 09:00:00;52.139;52.229;51.979;52.089;4.87834;UCG.ITEUR
2025-05-07 10:00:00;52.099;52.269;52.029;52.189;3.42616;UCG.ITEUR
2025-05-07 11:00:00;52.189;52.249;52.099;52.209;3.03429;UCG.ITEUR
2025-05-07 12:00:00;52.219;52.239;52.059;52.079;3.86262;UCG.ITEUR
2025-05-07 13:00:00;52.079;52.149;51.889;52.049;5.55449;UCG.ITEUR
2025-05-07 14:00:00;52.059;52.089;51.799;51.849;5.11117;UCG.ITEUR
2025-05-07 15:00:00;51.839;51.969;51.819;51.829;2.37658;UCG.ITEUR
2025-05-08 07:00:00;52.289;52.489;52.029;52.049;7.25879;UCG.ITEUR
2025-05-08 08:00:00;52.039;52.089;51.799;51.959;5.3637;UCG.ITEUR
2025-05-08 09:00:00;51.969;52.339;51.959;52.249;3.89006;UCG.ITEUR
2025-05-08 10:00:00;52.259;52.459;52.209;52.449;3.11746;UCG.ITEUR
2025-05-08 11:00:00;52.459;52.679;52.389;52.609;4.21893;UCG.ITEUR
2025-05-08 12:00:00;52.599;52.659;52.429;52.589;4.2678;UCG.ITEUR
2025-05-08 13:00:00;52.579;52.929;52.569;52.829;5.50049;UCG.ITEUR
2025-05-08 14:00:00;52.819;53.049;52.639;52.869;4.69057;UCG.ITEUR
2025-05-08 15:00:00;52.869;53.219;52.829;53.189;2.07603;UCG.ITEUR
2025-05-09 07:00:00;53.549;53.679;53.349;53.439;7.3171;UCG.ITEUR
2025-05-09 08:00:00;53.449;53.579;53.319;53.379;5.26766;UCG.ITEUR
2025-05-09 09:00:00;53.379;53.539;53.359;53.449;3.55395;UCG.ITEUR
2025-05-09 10:00:00;53.459;53.559;53.279;53.559;3.37556;UCG.ITEUR
2025-05-09 11:00:00;53.549;53.639;53.309;53.549;3.94025;UCG.ITEUR
2025-05-09 12:00:00;53.549;53.799;53.539;53.729;3.48189;UCG.ITEUR
2025-05-09 13:00:00;53.739;53.959;53.639;53.939;4.34669;UCG.ITEUR
2025-05-09 14:00:00;53.949;53.999;53.629;53.749;5.41858;UCG.ITEUR
2025-05-09 15:00:00;53.759;53.759;53.559;53.649;2.03915;UCG.ITEUR
2025-05-12 07:00:00;55.779;56.049;55.279;55.529;10.7982;UCG.ITEUR
2025-05-12 08:00:00;55.529;55.719;55.019;55.669;9.47856;UCG.ITEUR
2025-05-12 09:00:00;55.679;55.959;55.519;55.849;6.15468;UCG.ITEUR
2025-05-12 10:00:00;55.849;56.079;55.789;55.939;5.63304;UCG.ITEUR
2025-05-12 11:00:00;55.949;56.059;55.769;55.959;5.89008;UCG.ITEUR
2025-05-12 12:00:00;55.959;55.999;55.669;55.859;4.18866;UCG.ITEUR
2025-05-12 13:00:00;55.859;55.959;55.649;55.759;5.94636;UCG.ITEUR
2025-05-12 14:00:00;55.749;55.919;55.589;55.769;5.7792;UCG.ITEUR
2025-05-12 15:00:00;55.759;55.909;55.719;55.879;2.18358;UCG.ITEUR
2025-05-13 07:00:00;55.999;56.169;55.869;55.889;8.23662;UCG.ITEUR
2025-05-13 08:00:00;55.879;56.129;55.739;55.789;6.16308;UCG.ITEUR
2025-05-13 09:00:00;55.799;55.859;55.349;55.489;4.9497;UCG.ITEUR
2025-05-13 10:00:00;55.499;55.579;55.339;55.349;3.17352;UCG.ITEUR
2025-05-13 11:00:00;55.379;55.379;55.199;55.329;2.88204;UCG.ITEUR
2025-05-13 12:00:00;55.319;55.459;55.239;55.289;4.05174;UCG.ITEUR
2025-05-13 13:00:00;55.299;55.469;55.259;55.319;4.56498;UCG.ITEUR
2025-05-13 14:00:00;55.319;55.399;55.139;55.219;4.14834;UCG.ITEUR
2025-05-13 15:00:00;55.209;55.259;55.119;55.159;2.21802;UCG.ITEUR
2025-05-14 07:00:00;55.049;55.949;55.029;55.919;8.3769;UCG.ITEUR
2025-05-14 08:00:00;55.929;56.119;55.699;55.889;6.4659;UCG.ITEUR
2025-05-14 09:00:00;55.889;55.909;55.479;55.479;5.96316;UCG.ITEUR
2025-05-14 10:00:00;55.489;55.579;55.349;55.379;4.12062;UCG.ITEUR
2025-05-14 11:00:00;55.389;55.639;55.339;55.609;4.09794;UCG.ITEUR
2025-05-14 12:00:00;55.609;56.019;55.569;55.919;4.10592;UCG.ITEUR
2025-05-14 13:00:00;55.909;56.009;55.709;55.939;5.47134;UCG.ITEUR
2025-05-14 14:00:00;55.939;56.069;55.849;55.959;4.30626;UCG.ITEUR
2025-05-14 15:00:00;55.969;56.069;55.919;55.999;2.50026;UCG.ITEUR
2025-05-15 07:00:00;56.079;56.099;55.269;55.359;8.46678;UCG.ITEUR
2025-05-15 08:00:00;55.349;55.399;55.129;55.299;6.15132;UCG.ITEUR
2025-05-15 09:00:00;55.299;55.319;55.149;55.269;3.9018;UCG.ITEUR
2025-05-15 10:00:00;55.279;55.289;55.169;55.239;3.19284;UCG.ITEUR
2025-05-15 11:00:00;55.239;55.749;55.209;55.749;3.29742;UCG.ITEUR
2025-05-15 12:00:00;55.739;55.759;55.489;55.639;3.7422;UCG.ITEUR
2025-05-15 13:00:00;55.639;55.959;55.579;55.929;4.32306;UCG.ITEUR
2025-05-15 14:00:00;55.939;56.019;55.769;55.859;5.10384;UCG.ITEUR
2025-05-15 15:00:00;55.849;55.959;55.809;55.889;2.56788;UCG.ITEUR
2025-05-16 07:00:00;56.009;56.149;55.709;56.139;5.67336;UCG.ITEUR
2025-05-16 08:00:00;56.139;56.269;55.939;55.959;4.35624;UCG.ITEUR
2025-05-16 09:00:00;55.969;56.199;55.949;56.019;4.19286;UCG.ITEUR
2025-05-16 10:00:00;56.019;56.249;55.979;56.209;2.74008;UCG.ITEUR
2025-05-16 11:00:00;56.249;56.319;56.049;56.099;2.43306;UCG.ITEUR
2025-05-16 12:00:00;56.109;56.139;55.929;55.929;2.87994;UCG.ITEUR
2025-05-16 13:00:00;55.929;56.389;55.929;56.389;4.08408;UCG.ITEUR
2025-05-16 14:00:00;56.389;56.439;56.059;56.149;3.75606;UCG.ITEUR
2025-05-16 15:00:00;56.169;56.349;56.169;56.289;1.22682;UCG.ITEUR
2025-05-19 07:00:00;56.709;57.549;56.629;57.539;7.4308;UCG.ITEUR
2025-05-19 08:00:00;57.569;57.629;56.879;56.969;5.9536;UCG.ITEUR
2025-05-19 09:00:00;56.959;56.959;56.629;56.849;4.6328;UCG.ITEUR
2025-05-19 10:00:00;56.859;57.199;56.719;56.809;4.1892;UCG.ITEUR
2025-05-19 11:00:00;56.819;56.889;56.669;56.849;3.208;UCG.ITEUR
2025-05-19 12:00:00;56.859;57.009;56.749;56.769;2.6012;UCG.ITEUR
2025-05-19 13:00:00;56.779;57.229;56.709;57.149;4.1972;UCG.ITEUR
2025-05-19 14:00:00;57.149;57.269;56.989;57.159;4.0932;UCG.ITEUR
2025-05-19 15:00:00;57.149;57.169;56.879;56.929;1.7744;UCG.ITEUR
2025-05-20 07:00:00;57.409;57.559;57.079;57.339;7.07;UCG.ITEUR
2025-05-20 08:00:00;57.339;57.519;57.249;57.479;4.008;UCG.ITEUR
2025-05-20 09:00:00;57.489;57.599;57.359;57.499;3.0696;UCG.ITEUR
2025-05-20 10:00:00;57.509;57.659;57.479;57.609;2.1188;UCG.ITEUR
2025-05-20 11:00:00;57.609;57.709;57.569;57.589;2.6532;UCG.ITEUR
2025-05-20 12:00:00;57.589;57.769;57.549;57.619;1.9608;UCG.ITEUR
2025-05-20 13:00:00;57.629;57.929;57.609;57.819;3.398;UCG.ITEUR
2025-05-20 14:00:00;57.829;57.879;57.609;57.799;4.448;UCG.ITEUR
2025-05-20 15:00:00;57.809;57.889;57.649;57.769;2.0852;UCG.ITEUR
2025-05-21 07:00:00;58.019;58.349;58.019;58.039;5.9824;UCG.ITEUR
2025-05-21 08:00:00;58.039;58.179;57.939;58.119;3.508;UCG.ITEUR
2025-05-21 09:00:00;58.129;58.139;57.689;57.709;3.2684;UCG.ITEUR
2025-05-21 10:00:00;57.719;57.879;57.499;57.859;3.9552;UCG.ITEUR
2025-05-21 11:00:00;57.869;57.989;57.769;57.769;2.5224;UCG.ITEUR
2025-05-21 12:00:00;57.779;57.959;57.649;57.899;2.7996;UCG.ITEUR
2025-05-21 13:00:00;57.909;58.009;57.829;57.999;3.3424;UCG.ITEUR
2025-05-21 14:00:00;57.999;58.149;57.759;57.949;3.9484;UCG.ITEUR
2025-05-21 15:00:00;57.959;58.059;57.859;57.869;1.3444;UCG.ITEUR
2025-05-22 07:00:00;57.459;57.699;57.239;57.499;5.4932;UCG.ITEUR
2025-05-22 08:00:00;57.449;57.609;57.389;57.409;4.8172;UCG.ITEUR
2025-05-22 09:00:00;57.409;57.409;57.219;57.349;4.1268;UCG.ITEUR
2025-05-22 10:00:00;57.349;57.379;57.189;57.299;3.2952;UCG.ITEUR
2025-05-22 11:00:00;57.289;57.539;57.289;57.329;3.8324;UCG.ITEUR
2025-05-22 12:00:00;57.319;57.449;57.299;57.429;3.2884;UCG.ITEUR
2025-05-22 13:00:00;57.439;57.519;57.279;57.399;3.4372;UCG.ITEUR
2025-05-22 14:00:00;57.399;57.479;57.299;57.339;2.8772;UCG.ITEUR
2025-05-22 15:00:00;57.329;57.379;57.229;57.259;1.1448;UCG.ITEUR
2025-05-23 07:00:00;57.059;57.399;57.039;57.189;4.8852;UCG.ITEUR
2025-05-23 08:00:00;57.199;57.499;57.199;57.409;3.41;UCG.ITEUR
2025-05-23 09:00:00;57.399;57.409;57.069;57.119;4.1844;UCG.ITEUR
2025-05-23 10:00:00;57.129;57.219;56.949;57.189;3.234;UCG.ITEUR
2025-05-23 11:00:00;57.189;57.239;54.819;54.839;8.1188;UCG.ITEUR
2025-05-23 12:00:00;54.819;55.269;54.359;55.129;13.3984;UCG.ITEUR
2025-05-23 13:00:00;55.129;56.179;54.969;55.839;10.6168;UCG.ITEUR
2025-05-23 14:00:00;55.849;56.029;55.609;55.649;8.2568;UCG.ITEUR
2025-05-23 15:00:00;55.659;55.699;55.299;55.329;3.3296;UCG.ITEUR
2025-05-26 07:00:00;56.949;56.979;56.169;56.489;6.9542;UCG.ITEUR
2025-05-26 08:00:00;56.499;56.699;56.339;56.629;5.31498;UCG.ITEUR
2025-05-26 09:00:00;56.629;56.729;56.449;56.529;3.90773;UCG.ITEUR
2025-05-26 10:00:00;56.529;56.579;56.419;56.529;2.31116;UCG.ITEUR
2025-05-26 11:00:00;56.519;56.649;56.519;56.619;1.35119;UCG.ITEUR
2025-05-26 12:00:00;56.619;56.659;56.439;56.529;2.32213;UCG.ITEUR
2025-05-26 13:00:00;56.529;56.539;56.269;56.299;2.25144;UCG.ITEUR
2025-05-26 14:00:00;56.289;56.389;56.129;56.249;2.93516;UCG.ITEUR
2025-05-26 15:00:00;56.259;56.279;56.029;56.119;1.85616;UCG.ITEUR
2025-05-27 07:00:00;56.079;56.669;56.049;56.609;6.06574;UCG.ITEUR
2025-05-27 08:00:00;56.609;56.699;56.459;56.619;5.37998;UCG.ITEUR
2025-05-27 09:00:00;56.619;56.739;56.349;56.369;3.83948;UCG.ITEUR
2025-05-27 10:00:00;56.379;56.379;56.149;56.149;2.85879;UCG.ITEUR
2025-05-27 11:00:00;56.149;56.239;56.059;56.069;2.32416;UCG.ITEUR
2025-05-27 12:00:00;56.059;56.129;55.919;56.099;3.07857;UCG.ITEUR
2025-05-27 13:00:00;56.099;56.279;56.099;56.259;3.69079;UCG.ITEUR
2025-05-27 14:00:00;56.259;56.659;56.259;56.559;4.31357;UCG.ITEUR
2025-05-27 15:00:00;56.569;56.609;56.519;56.579;1.90288;UCG.ITEUR
2025-05-28 07:00:00;57.179;57.869;57.079;57.579;6.59914;UCG.ITEUR
2025-05-28 08:00:00;57.589;57.619;57.239;57.329;5.1732;UCG.ITEUR
2025-05-28 09:00:00;57.326;57.439;57.189;57.269;4.05845;UCG.ITEUR
2025-05-28 10:00:00;57.279;57.599;57.209;57.549;3.2431;UCG.ITEUR
2025-05-28 11:00:00;57.569;57.569;57.219;57.289;3.15617;UCG.ITEUR
2025-05-28 12:00:00;57.279;57.329;57.079;57.129;2.88154;UCG.ITEUR
2025-05-28 13:00:00;57.129;57.269;56.899;56.979;4.5947;UCG.ITEUR
2025-05-28 14:00:00;56.979;57.239;56.979;57.029;4.44439;UCG.ITEUR
2025-05-28 15:00:00;57.029;57.129;56.909;56.919;2.13079;UCG.ITEUR
2025-05-29 07:00:00;57.529;57.659;57.229;57.619;5.74073;UCG.ITEUR
2025-05-29 08:00:00;57.619;57.639;57.049;57.319;5.06311;UCG.ITEUR
2025-05-29 09:00:00;57.319;57.519;57.279;57.419;4.03448;UCG.ITEUR
2025-05-29 10:00:00;57.419;57.439;57.069;57.189;3.39057;UCG.ITEUR
2025-05-29 11:00:00;57.199;57.229;57.009;57.009;3.00789;UCG.ITEUR
2025-05-29 12:00:00;56.999;57.089;56.769;56.809;4.46145;UCG.ITEUR
2025-05-29 13:00:00;56.799;56.869;56.369;56.439;5.78949;UCG.ITEUR
2025-05-29 14:00:00;56.429;56.559;56.289;56.469;6.27171;UCG.ITEUR
2025-05-29 15:00:00;56.469;56.579;56.359;56.529;2.79948;UCG.ITEUR
2025-05-30 07:00:00;56.709;56.739;56.519;56.529;4.02311;UCG.ITEUR
2025-05-30 08:00:00;56.539;56.789;56.539;56.729;3.45639;UCG.ITEUR
2025-05-30 09:00:00;56.709;57.139;56.699;57.059;4.04585;UCG.ITEUR
2025-05-30 10:00:00;57.059;57.139;56.929;56.989;2.71985;UCG.ITEUR
2025-05-30 11:00:00;56.999;57.019;56.839;56.849;2.45944;UCG.ITEUR
2025-05-30 12:00:00;56.839;56.929;56.409;56.769;5.94468;UCG.ITEUR
2025-05-30 13:00:00;56.779;56.879;56.559;56.659;4.11167;UCG.ITEUR
2025-05-30 14:00:00;56.659;56.939;56.579;56.619;4.01905;UCG.ITEUR
2025-05-30 15:00:00;56.629;56.799;56.519;56.559;2.29126;UCG.ITEUR
2025-06-02 07:00:00;56.719;57.109;56.599;56.869;8.31461;UCG.ITEUR
2025-06-02 08:00:00;56.869;57.109;56.799;56.839;6.32805;UCG.ITEUR
2025-06-02 09:00:00;56.839;56.889;56.459;56.469;4.48585;UCG.ITEUR
2025-06-02 10:00:00;56.459;56.649;56.359;56.609;4.48628;UCG.ITEUR
2025-06-02 11:00:00;56.619;56.669;56.449;56.489;4.07515;UCG.ITEUR
2025-06-02 12:00:00;56.499;56.659;56.449;56.509;3.43282;UCG.ITEUR
2025-06-02 13:00:00;56.519;56.609;55.999;56.249;6.61153;UCG.ITEUR
2025-06-02 14:00:00;56.259;56.739;56.069;56.699;6.89063;UCG.ITEUR
2025-06-02 15:00:00;56.699;56.829;56.699;56.739;1.83144;UCG.ITEUR
2025-06-03 07:00:00;56.729;56.799;55.729;56.029;7.91543;UCG.ITEUR
2025-06-03 08:00:00;56.039;56.569;55.809;56.519;7.1714;UCG.ITEUR
2025-06-03 09:00:00;56.529;56.729;56.419;56.559;5.77023;UCG.ITEUR
2025-06-03 10:00:00;56.569;56.819;56.569;56.669;4.31359;UCG.ITEUR
2025-06-03 11:00:00;56.679;56.729;56.439;56.729;3.52366;UCG.ITEUR
2025-06-03 12:00:00;56.739;56.809;56.569;56.769;4.72991;UCG.ITEUR
2025-06-03 13:00:00;56.779;56.839;56.529;56.559;5.23707;UCG.ITEUR
2025-06-03 14:00:00;56.559;56.889;56.549;56.859;5.072;UCG.ITEUR
2025-06-03 15:00:00;56.889;57.149;56.859;57.129;2.54957;UCG.ITEUR
2025-06-04 07:00:00;57.469;57.629;57.349;57.529;4.53494;UCG.ITEUR
2025-06-04 08:00:00;57.529;57.579;56.909;56.929;4.80209;UCG.ITEUR
2025-06-04 09:00:00;56.939;57.029;56.699;56.709;4.41172;UCG.ITEUR
2025-06-04 10:00:00;56.699;56.709;56.109;56.509;6.80736;UCG.ITEUR
2025-06-04 11:00:00;56.529;56.529;56.209;56.319;4.59346;UCG.ITEUR
2025-06-04 12:00:00;56.319;56.449;56.059;56.419;4.89774;UCG.ITEUR
2025-06-04 13:00:00;56.419;56.639;56.239;56.519;5.35077;UCG.ITEUR
2025-06-04 14:00:00;56.509;56.699;56.109;56.519;4.70553;UCG.ITEUR
2025-06-04 15:00:00;56.519;56.629;56.449;56.449;2.12092;UCG.ITEUR
2025-06-05 07:00:00;56.479;56.639;56.329;56.639;5.59121;UCG.ITEUR
2025-06-05 08:00:00;56.639;56.829;56.619;56.779;4.08915;UCG.ITEUR
2025-06-05 09:00:00;56.779;56.949;56.719;56.869;3.17324;UCG.ITEUR
2025-06-05 10:00:00;56.869;56.919;56.589;56.639;2.92042;UCG.ITEUR
2025-06-05 11:00:00;56.639;56.719;56.559;56.579;3.23942;UCG.ITEUR
2025-06-05 12:00:00;56.579;56.919;56.489;56.689;5.2534;UCG.ITEUR
2025-06-05 13:00:00;56.699;56.949;56.369;56.919;6.70556;UCG.ITEUR
2025-06-05 14:00:00;56.919;57.579;56.919;57.449;7.36361;UCG.ITEUR
2025-06-05 15:00:00;57.459;57.549;57.429;57.509;2.26128;UCG.ITEUR
2025-06-06 07:00:00;57.699;57.899;57.269;57.769;5.19122;UCG.ITEUR
2025-06-06 08:00:00;57.769;57.949;57.589;57.629;4.07115;UCG.ITEUR
2025-06-06 09:00:00;57.629;57.649;57.409;57.519;3.31355;UCG.ITEUR
2025-06-06 10:00:00;57.519;57.659;57.489;57.589;2.55595;UCG.ITEUR
2025-06-06 11:00:00;57.599;57.799;57.559;57.589;2.45506;UCG.ITEUR
2025-06-06 12:00:00;57.586;57.909;57.549;57.889;3.483;UCG.ITEUR
2025-06-06 13:00:00;57.899;58.259;57.789;58.099;4.67406;UCG.ITEUR
2025-06-06 14:00:00;58.099;58.199;58.009;58.139;3.33864;UCG.ITEUR
2025-06-06 15:00:00;58.129;58.239;58.089;58.109;2.02165;UCG.ITEUR
2025-06-09 07:00:00;58.589;58.609;57.919;58.079;5.51644;UCG.ITEUR
2025-06-09 08:00:00;58.089;58.179;57.939;58.169;3.65973;UCG.ITEUR
2025-06-09 09:00:00;58.179;58.289;58.059;58.099;2.1688;UCG.ITEUR
2025-06-09 10:00:00;58.109;58.229;58.049;58.069;1.88452;UCG.ITEUR
2025-06-09 11:00:00;58.079;58.179;57.939;57.949;1.99731;UCG.ITEUR
2025-06-09 12:00:00;57.946;58.049;57.879;57.999;1.91774;UCG.ITEUR
2025-06-09 13:00:00;57.999;58.289;57.979;58.249;2.08035;UCG.ITEUR
2025-06-09 14:00:00;58.249;58.419;58.159;58.259;3.16147;UCG.ITEUR
2025-06-09 15:00:00;58.249;58.289;58.129;58.219;1.68174;UCG.ITEUR
2025-06-10 07:00:00;58.059;58.149;57.699;57.999;8.15454;UCG.ITEUR
2025-06-10 08:00:00;57.979;58.039;57.639;57.829;5.71459;UCG.ITEUR
2025-06-10 09:00:00;57.819;57.969;57.729;57.859;3.60488;UCG.ITEUR
2025-06-10 10:00:00;57.859;57.939;57.359;57.609;4.15916;UCG.ITEUR
2025-06-10 11:00:00;57.639;57.679;57.509;57.599;3.60334;UCG.ITEUR
2025-06-10 12:00:00;57.609;57.629;57.339;57.429;4.01084;UCG.ITEUR
2025-06-10 13:00:00;57.449;57.609;57.259;57.499;4.73389;UCG.ITEUR
2025-06-10 14:00:00;57.469;57.579;56.879;56.899;5.15646;UCG.ITEUR
2025-06-10 15:00:00;56.909;57.169;56.809;57.129;2.34802;UCG.ITEUR
2025-06-11 07:00:00;56.989;57.209;56.579;56.989;6.60104;UCG.ITEUR
2025-06-11 08:00:00;56.979;57.229;56.859;57.009;4.87294;UCG.ITEUR
2025-06-11 09:00:00;56.999;57.209;56.999;57.119;3.54849;UCG.ITEUR
2025-06-11 10:00:00;57.119;57.329;57.079;57.179;3.07842;UCG.ITEUR
2025-06-11 11:00:00;57.169;57.229;57.019;57.149;2.89302;UCG.ITEUR
2025-06-11 12:00:00;57.149;57.379;56.999;57.109;6.51491;UCG.ITEUR
2025-06-11 13:00:00;57.119;57.219;56.459;57.039;6.30092;UCG.ITEUR
2025-06-11 14:00:00;57.049;57.209;56.989;57.079;4.40713;UCG.ITEUR
2025-06-11 15:00:00;57.079;57.129;56.859;56.999;2.44806;UCG.ITEUR
2025-06-12 07:00:00;56.699;56.959;56.489;56.589;7.79417;UCG.ITEUR
2025-06-12 08:00:00;56.579;56.909;56.299;56.849;6.78798;UCG.ITEUR
2025-06-12 09:00:00;56.839;56.919;56.089;56.229;4.9502;UCG.ITEUR
2025-06-12 10:00:00;56.229;56.499;56.129;56.419;3.60334;UCG.ITEUR
2025-06-12 11:00:00;56.419;56.649;56.299;56.579;3.54965;UCG.ITEUR
2025-06-12 12:00:00;56.579;57.029;56.559;56.979;3.6242;UCG.ITEUR
2025-06-12 13:00:00;56.989;57.169;56.899;57.159;5.36928;UCG.ITEUR
2025-06-12 14:00:00;57.156;57.329;56.969;57.019;5.35114;UCG.ITEUR
2025-06-12 15:00:00;57.016;57.069;56.829;56.879;2.35961;UCG.ITEUR
2025-06-13 07:00:00;55.499;56.019;55.439;55.859;8.42028;UCG.ITEUR
2025-06-13 08:00:00;55.869;56.059;55.509;55.509;6.56511;UCG.ITEUR
2025-06-13 09:00:00;55.509;56.009;55.509;55.979;5.45734;UCG.ITEUR
2025-06-13 10:00:00;55.989;56.009;55.779;55.889;3.92817;UCG.ITEUR
2025-06-13 11:00:00;55.889;56.249;55.849;56.189;3.88801;UCG.ITEUR
2025-06-13 12:00:00;56.189;56.219;55.959;55.979;3.28353;UCG.ITEUR
2025-06-13 13:00:00;55.969;56.079;55.739;55.789;4.61223;UCG.ITEUR
2025-06-13 14:00:00;55.789;56.009;55.749;55.899;5.91506;UCG.ITEUR
2025-06-13 15:00:00;55.899;56.159;55.829;56.109;2.60565;UCG.ITEUR
2025-06-16 07:00:00;56.599;57.079;56.479;56.889;7.51575;UCG.ITEUR
2025-06-16 08:00:00;56.889;57.079;56.859;57.019;5.04207;UCG.ITEUR
2025-06-16 09:00:00;57.009;57.059;56.779;56.889;4.34871;UCG.ITEUR
2025-06-16 10:00:00;56.889;57.219;56.889;57.209;3.00936;UCG.ITEUR
2025-06-16 11:00:00;57.209;57.459;57.099;57.409;3.05067;UCG.ITEUR
2025-06-16 12:00:00;57.419;57.639;57.399;57.509;3.05469;UCG.ITEUR
2025-06-16 13:00:00;57.519;57.789;57.399;57.789;4.77003;UCG.ITEUR
2025-06-16 14:00:00;57.799;57.969;57.689;57.909;4.84182;UCG.ITEUR
2025-06-16 15:00:00;57.909;57.969;57.859;57.899;2.0616;UCG.ITEUR
2025-06-17 07:00:00;57.209;57.229;56.489;56.529;6.86847;UCG.ITEUR
2025-06-17 08:00:00;56.519;56.629;56.129;56.469;6.49812;UCG.ITEUR
2025-06-17 09:00:00;56.469;56.509;55.979;56.009;5.43846;UCG.ITEUR
2025-06-17 10:00:00;55.999;56.169;55.949;56.049;3.7083;UCG.ITEUR
2025-06-17 11:00:00;56.049;56.509;56.039;56.479;3.31668;UCG.ITEUR
2025-06-17 12:00:00;56.479;56.649;56.139;56.409;3.48159;UCG.ITEUR
2025-06-17 13:00:00;56.389;56.549;56.309;56.479;4.69173;UCG.ITEUR
2025-06-17 14:00:00;56.489;56.529;56.259;56.329;4.16493;UCG.ITEUR
2025-06-17 15:00:00;56.339;56.439;56.149;56.159;1.55763;UCG.ITEUR
2025-06-18 07:00:00;56.079;56.439;55.889;56.299;4.91568;UCG.ITEUR
2025-06-18 08:00:00;56.309;56.639;56.149;56.349;3.08559;UCG.ITEUR
2025-06-18 09:00:00;56.359;56.519;56.269;56.359;2.55714;UCG.ITEUR
2025-06-18 10:00:00;56.349;56.379;55.989;56.059;3.4122;UCG.ITEUR
2025-06-18 11:00:00;56.059;56.449;56.049;56.429;3.53901;UCG.ITEUR
2025-06-18 12:00:00;56.439;56.539;56.189;56.209;2.90541;UCG.ITEUR
2025-06-18 13:00:00;56.199;56.249;55.789;56.049;4.60389;UCG.ITEUR
2025-06-18 14:00:00;56.059;56.669;56.019;56.529;5.13234;UCG.ITEUR
2025-06-18 15:00:00;56.529;56.659;56.489;56.599;1.99179;UCG.ITEUR
2025-06-19 07:00:00;56.039;56.299;55.749;56.149;5.80404;UCG.ITEUR
2025-06-19 08:00:00;56.149;56.619;56.129;56.489;4.17657;UCG.ITEUR
2025-06-19 09:00:00;56.489;56.579;56.339;56.369;2.9307;UCG.ITEUR
2025-06-19 10:00:00;56.379;56.399;56.219;56.229;2.36976;UCG.ITEUR
2025-06-19 11:00:00;56.229;56.259;56.079;56.189;2.37777;UCG.ITEUR
2025-06-19 12:00:00;56.189;56.209;55.799;55.829;2.83842;UCG.ITEUR
2025-06-19 13:00:00;55.839;55.919;55.349;55.449;4.77162;UCG.ITEUR
2025-06-19 14:00:00;55.459;55.729;55.399;55.699;4.97424;UCG.ITEUR
2025-06-19 15:00:00;55.709;55.739;55.339;55.349;2.379;UCG.ITEUR
2025-06-20 07:00:00;55.659;56.689;55.639;56.649;5.72421;UCG.ITEUR
2025-06-20 08:00:00;56.659;56.689;56.349;56.499;5.11668;UCG.ITEUR
2025-06-20 09:00:00;56.509;56.839;56.429;56.669;3.90531;UCG.ITEUR
2025-06-20 10:00:00;56.669;56.729;56.259;56.279;3.30546;UCG.ITEUR
2025-06-20 11:00:00;56.269;56.639;56.159;56.489;4.90845;UCG.ITEUR
2025-06-20 12:00:00;56.499;56.609;56.269;56.409;3.60279;UCG.ITEUR
2025-06-20 13:00:00;56.409;56.479;56.019;56.139;3.99681;UCG.ITEUR
2025-06-20 14:00:00;56.129;56.289;55.969;55.969;5.31408;UCG.ITEUR
2025-06-20 15:00:00;55.969;55.999;55.849;55.869;2.76618;UCG.ITEUR
2025-06-23 07:00:00;55.339;55.869;55.089;55.819;5.82206;UCG.ITEUR
2025-06-23 08:00:00;55.789;55.849;55.559;55.689;4.459;UCG.ITEUR
2025-06-23 09:00:00;55.679;55.689;55.259;55.359;4.59788;UCG.ITEUR
2025-06-23 10:00:00;55.359;55.489;55.139;55.329;4.19697;UCG.ITEUR
2025-06-23 11:00:00;55.319;55.369;54.339;54.839;6.30009;UCG.ITEUR
2025-06-23 12:00:00;54.859;55.149;54.789;55.049;4.42306;UCG.ITEUR
2025-06-23 13:00:00;55.049;55.059;54.799;54.909;6.19107;UCG.ITEUR
2025-06-23 14:00:00;54.909;55.279;54.909;54.989;5.18575;UCG.ITEUR
2025-06-23 15:00:00;54.999;55.159;54.959;55.079;2.35063;UCG.ITEUR
2025-06-24 07:00:00;56.499;56.959;56.339;56.649;8.98704;UCG.ITEUR
2025-06-24 08:00:00;56.639;56.919;56.469;56.869;6.20804;UCG.ITEUR
2025-06-24 09:00:00;56.869;57.199;56.839;56.979;4.87042;UCG.ITEUR
2025-06-24 10:00:00;56.979;57.019;56.659;56.879;3.81421;UCG.ITEUR
2025-06-24 11:00:00;56.889;56.939;56.669;56.749;2.98168;UCG.ITEUR
2025-06-24 12:00:00;56.749;56.979;56.699;56.929;3.57681;UCG.ITEUR
2025-06-24 13:00:00;56.939;57.239;56.909;57.089;4.82278;UCG.ITEUR
2025-06-24 14:00:00;57.069;57.089;56.839;56.879;4.34191;UCG.ITEUR
2025-06-24 15:00:00;56.879;57.049;56.819;56.989;1.98564;UCG.ITEUR
2025-06-25 07:00:00;56.999;57.079;56.639;56.879;5.85476;UCG.ITEUR
2025-06-25 08:00:00;56.889;56.899;56.549;56.689;4.96046;UCG.ITEUR
2025-06-25 09:00:00;56.699;56.949;56.679;56.829;2.70713;UCG.ITEUR
2025-06-25 10:00:00;56.829;56.859;56.269;56.289;3.71207;UCG.ITEUR
2025-06-25 11:00:00;56.289;56.499;55.949;56.449;4.40328;UCG.ITEUR
2025-06-25 12:00:00;56.459;56.479;56.219;56.469;3.47142;UCG.ITEUR
2025-06-25 13:00:00;56.479;56.479;56.149;56.209;3.88285;UCG.ITEUR
2025-06-25 14:00:00;56.209;56.429;56.119;56.389;4.47677;UCG.ITEUR
2025-06-25 15:00:00;56.389;56.459;56.319;56.439;1.8306;UCG.ITEUR
2025-06-26 07:00:00;56.499;56.499;56.009;56.289;4.1473;UCG.ITEUR
2025-06-26 08:00:00;56.289;56.479;56.219;56.319;2.75841;UCG.ITEUR
2025-06-26 09:00:00;56.329;56.619;56.249;56.509;2.41159;UCG.ITEUR
2025-06-26 10:00:00;56.499;56.609;56.109;56.149;2.30217;UCG.ITEUR
2025-06-26 11:00:00;56.149;56.229;56.039;56.189;1.84715;UCG.ITEUR
2025-06-26 12:00:00;56.189;56.189;55.709;55.779;2.89569;UCG.ITEUR
2025-06-26 13:00:00;55.779;56.019;55.759;55.969;3.5328;UCG.ITEUR
2025-06-26 14:00:00;55.959;56.239;55.959;56.139;2.40715;UCG.ITEUR
2025-06-26 15:00:00;56.149;56.259;56.059;56.099;1.05944;UCG.ITEUR
2025-06-27 07:00:00;56.339;56.479;55.979;56.049;4.35887;UCG.ITEUR
2025-06-27 08:00:00;56.049;56.109;55.749;55.749;3.65069;UCG.ITEUR
2025-06-27 09:00:00;55.749;55.879;55.599;55.869;3.36807;UCG.ITEUR
2025-06-27 10:00:00;55.879;56.219;55.849;56.199;2.56542;UCG.ITEUR
2025-06-27 11:00:00;56.209;56.229;55.949;56.099;2.23596;UCG.ITEUR
2025-06-27 12:00:00;56.099;56.279;56.029;56.259;2.57471;UCG.ITEUR
2025-06-27 13:00:00;56.259;56.409;56.169;56.199;3.35151;UCG.ITEUR
2025-06-27 14:00:00;56.219;56.399;56.029;56.099;4.70932;UCG.ITEUR
2025-06-27 15:00:00;56.099;56.299;56.099;56.269;1.8524;UCG.ITEUR
2025-06-30 07:00:00;56.499;56.569;56.199;56.459;5.3644;UCG.ITEUR
2025-06-30 08:00:00;56.456;56.509;56.119;56.189;3.778;UCG.ITEUR
2025-06-30 09:00:00;56.189;56.309;56.029;56.169;3.246;UCG.ITEUR
2025-06-30 10:00:00;56.169;56.369;56.169;56.239;1.8936;UCG.ITEUR
2025-06-30 11:00:00;56.239;56.539;56.209;56.489;2.0548;UCG.ITEUR
2025-06-30 12:00:00;56.489;56.629;56.419;56.489;2.3228;UCG.ITEUR
2025-06-30 13:00:00;56.479;56.659;56.479;56.619;3.3548;UCG.ITEUR
2025-06-30 14:00:00;56.609;56.959;56.569;56.809;3.5516;UCG.ITEUR
2025-06-30 15:00:00;56.809;56.839;56.599;56.699;2.0636;UCG.ITEUR
2025-07-01 07:00:00;56.649;56.749;56.249;56.489;4.9336;UCG.ITEUR
2025-07-01 08:00:00;56.479;56.579;56.309;56.349;4.674;UCG.ITEUR
2025-07-01 09:00:00;56.359;56.389;56.059;56.209;3.6896;UCG.ITEUR
2025-07-01 10:00:00;56.199;56.299;56.179;56.269;2.1948;UCG.ITEUR
2025-07-01 11:00:00;56.279;56.349;55.989;56.039;2.1864;UCG.ITEUR
2025-07-01 12:00:00;56.039;56.079;55.889;55.939;2.562;UCG.ITEUR
2025-07-01 13:00:00;55.939;56.159;55.849;56.029;3.2944;UCG.ITEUR
2025-07-01 14:00:00;56.019;56.219;55.789;55.989;4.4204;UCG.ITEUR
2025-07-01 15:00:00;55.969;56.039;55.739;55.869;2.0144;UCG.ITEUR
2025-07-02 07:00:00;56.409;56.789;56.399;56.489;5.5228;UCG.ITEUR
2025-07-02 08:00:00;56.479;56.669;56.399;56.439;4.194;UCG.ITEUR
2025-07-02 09:00:00;56.449;56.889;56.449;56.579;3.4104;UCG.ITEUR
2025-07-02 10:00:00;56.569;56.859;56.459;56.659;2.5628;UCG.ITEUR
2025-07-02 11:00:00;56.669;56.979;56.629;56.729;2.654;UCG.ITEUR
2025-07-02 12:00:00;56.729;56.729;56.109;56.379;6.836;UCG.ITEUR
2025-07-02 13:00:00;56.369;56.419;55.939;56.069;4.5724;UCG.ITEUR
2025-07-02 14:00:00;56.069;56.349;55.929;56.339;4.8808;UCG.ITEUR
2025-07-02 15:00:00;56.339;56.529;56.339;56.519;1.894;UCG.ITEUR
2025-07-03 07:00:00;56.309;56.359;56.069;56.149;5.0096;UCG.ITEUR
2025-07-03 08:00:00;56.159;56.209;55.939;55.959;3.3672;UCG.ITEUR
2025-07-03 09:00:00;55.969;56.289;55.909;56.009;3.026;UCG.ITEUR
2025-07-03 10:00:00;56.009;56.279;55.989;56.229;2.6044;UCG.ITEUR
2025-07-03 11:00:00;56.229;56.289;56.089;56.199;2.0636;UCG.ITEUR
2025-07-03 12:00:00;56.189;56.659;56.049;56.619;3.9312;UCG.ITEUR
2025-07-03 13:00:00;56.619;56.719;56.509;56.649;3.1924;UCG.ITEUR
2025-07-03 14:00:00;56.659;56.869;56.609;56.699;2.812;UCG.ITEUR
2025-07-03 15:00:00;56.709;56.799;56.649;56.779;1.4568;UCG.ITEUR
2025-07-04 07:00:00;56.859;57.129;56.539;56.599;6.6248;UCG.ITEUR
2025-07-04 08:00:00;56.599;56.709;56.139;56.249;4.4592;UCG.ITEUR
2025-07-04 09:00:00;56.259;56.469;56.249;56.389;3.6236;UCG.ITEUR
2025-07-04 10:00:00;56.419;56.449;56.139;56.179;2.5196;UCG.ITEUR
2025-07-04 11:00:00;56.189;56.279;56.169;56.269;1.9824;UCG.ITEUR
2025-07-04 12:00:00;56.259;56.349;56.119;56.129;2.268;UCG.ITEUR
2025-07-04 13:00:00;56.129;56.439;56.079;56.359;3.2904;UCG.ITEUR
2025-07-04 14:00:00;56.369;56.429;56.249;56.319;2.4676;UCG.ITEUR
2025-07-04 15:00:00;56.329;56.529;56.319;56.469;1.4672;UCG.ITEUR
2025-07-07 07:00:00;56.719;56.899;56.569;56.749;4.31002;UCG.ITEUR
2025-07-07 08:00:00;56.739;56.869;56.629;56.749;3.77691;UCG.ITEUR
2025-07-07 09:00:00;56.749;57.119;56.739;57.119;2.84505;UCG.ITEUR
2025-07-07 10:00:00;57.129;57.149;56.939;57.049;2.29637;UCG.ITEUR
2025-07-07 11:00:00;57.059;57.129;57.019;57.109;2.23138;UCG.ITEUR
2025-07-07 12:00:00;57.099;57.179;57.019;57.059;1.86334;UCG.ITEUR
2025-07-07 13:00:00;57.056;57.269;56.979;57.249;2.77525;UCG.ITEUR
2025-07-07 14:00:00;57.239;57.319;57.069;57.209;2.67398;UCG.ITEUR
2025-07-07 15:00:00;57.219;57.289;57.149;57.269;1.50606;UCG.ITEUR
2025-07-08 07:00:00;57.609;57.839;57.429;57.779;4.75538;UCG.ITEUR
2025-07-08 08:00:00;57.779;57.909;57.509;57.719;4.80842;UCG.ITEUR
2025-07-08 09:00:00;57.719;57.949;57.659;57.929;3.19828;UCG.ITEUR
2025-07-08 10:00:00;57.929;58.589;57.909;58.579;4.03449;UCG.ITEUR
2025-07-08 11:00:00;58.579;58.829;58.489;58.589;3.2936;UCG.ITEUR
2025-07-08 12:00:00;58.589;58.989;58.509;58.869;3.02088;UCG.ITEUR
2025-07-08 13:00:00;58.879;59.029;58.719;58.859;3.67959;UCG.ITEUR
2025-07-08 14:00:00;58.869;58.869;58.249;58.349;4.57474;UCG.ITEUR
2025-07-08 15:00:00;58.359;58.429;58.209;58.279;2.26366;UCG.ITEUR
2025-07-09 07:00:00;58.999;60.069;58.909;60.049;6.33243;UCG.ITEUR
2025-07-09 08:00:00;60.049;60.219;59.929;60.139;6.01424;UCG.ITEUR
2025-07-09 09:00:00;60.159;60.469;60.079;60.399;5.02015;UCG.ITEUR
2025-07-09 10:00:00;60.399;60.659;60.129;60.289;4.94283;UCG.ITEUR
2025-07-09 11:00:00;60.279;60.499;60.119;60.289;3.7442;UCG.ITEUR
2025-07-09 12:00:00;60.299;60.809;60.289;60.779;3.57394;UCG.ITEUR
2025-07-09 13:00:00;60.779;60.909;60.659;60.759;4.77214;UCG.ITEUR
2025-07-09 14:00:00;60.769;60.909;60.639;60.879;4.41605;UCG.ITEUR
2025-07-09 15:00:00;60.879;61.069;60.779;61.049;1.91038;UCG.ITEUR
2025-07-10 07:00:00;60.759;60.819;60.279;60.319;6.91534;UCG.ITEUR
2025-07-10 08:00:00;60.319;60.429;60.079;60.249;5.46594;UCG.ITEUR
2025-07-10 09:00:00;60.249;60.279;60.129;60.199;3.20752;UCG.ITEUR
2025-07-10 10:00:00;60.189;60.389;60.169;60.249;2.47815;UCG.ITEUR
2025-07-10 11:00:00;60.239;60.249;60.079;60.159;2.62532;UCG.ITEUR
2025-07-10 12:00:00;60.169;60.199;59.979;60.119;2.97784;UCG.ITEUR
2025-07-10 13:00:00;60.129;60.149;59.859;59.939;3.5109;UCG.ITEUR
2025-07-10 14:00:00;59.929;59.959;59.559;59.639;4.17842;UCG.ITEUR
2025-07-10 15:00:00;59.639;59.639;59.299;59.399;2.15001;UCG.ITEUR
2025-07-11 07:00:00;59.369;59.379;58.269;58.329;7.78631;UCG.ITEUR
2025-07-11 08:00:00;58.329;58.489;58.029;58.119;5.70405;UCG.ITEUR
2025-07-11 09:00:00;58.119;58.199;57.769;57.939;5.24026;UCG.ITEUR
2025-07-11 10:00:00;57.939;57.999;57.559;57.659;4.3582;UCG.ITEUR
2025-07-11 11:00:00;57.659;58.009;57.569;57.949;3.24137;UCG.ITEUR
2025-07-11 12:00:00;57.919;57.999;57.699;57.879;3.04521;UCG.ITEUR
2025-07-11 13:00:00;57.869;57.939;57.369;57.619;4.92531;UCG.ITEUR
2025-07-11 14:00:00;57.629;57.899;57.559;57.819;4.11424;UCG.ITEUR
2025-07-11 15:00:00;57.809;57.909;57.729;57.869;1.76045;UCG.ITEUR
2025-07-14 07:00:00;57.129;57.759;57.099;57.679;6.26674;UCG.ITEUR
2025-07-14 08:00:00;57.679;57.949;57.549;57.789;5.51215;UCG.ITEUR
2025-07-14 09:00:00;57.799;58.059;57.679;57.919;4.12663;UCG.ITEUR
2025-07-14 10:00:00;57.929;58.059;57.819;57.949;3.38451;UCG.ITEUR
2025-07-14 11:00:00;57.959;58.079;57.769;58.049;3.215;UCG.ITEUR
2025-07-14 12:00:00;58.049;58.049;57.849;57.859;1.88118;UCG.ITEUR
2025-07-14 13:00:00;57.849;58.139;57.829;57.989;3.48363;UCG.ITEUR
2025-07-14 14:00:00;57.999;58.209;57.889;58.129;3.56175;UCG.ITEUR
2025-07-14 15:00:00;58.139;58.289;58.129;58.289;1.60362;UCG.ITEUR
2025-07-15 07:00:00;58.359;58.439;57.889;58.019;4.96011;UCG.ITEUR
2025-07-15 08:00:00;57.999;58.149;57.929;58.039;3.25115;UCG.ITEUR
2025-07-15 09:00:00;58.019;58.219;57.829;58.219;2.75315;UCG.ITEUR
2025-07-15 10:00:00;58.209;58.219;57.819;57.979;2.71934;UCG.ITEUR
2025-07-15 11:00:00;57.989;58.019;57.829;58.019;2.04446;UCG.ITEUR
2025-07-15 12:00:00;58.019;58.169;57.869;57.939;2.92925;UCG.ITEUR
2025-07-15 13:00:00;57.949;57.989;57.299;57.459;4.89363;UCG.ITEUR
2025-07-15 14:00:00;57.469;57.859;57.439;57.489;4.65884;UCG.ITEUR
2025-07-15 15:00:00;57.499;57.769;57.499;57.659;2.21706;UCG.ITEUR
2025-07-16 07:00:00;57.369;57.809;57.349;57.719;6.36583;UCG.ITEUR
2025-07-16 08:00:00;57.729;58.209;57.669;58.179;3.77751;UCG.ITEUR
2025-07-16 09:00:00;58.179;58.329;58.099;58.199;2.90126;UCG.ITEUR
2025-07-16 10:00:00;58.209;58.209;57.809;57.839;2.69834;UCG.ITEUR
2025-07-16 11:00:00;57.839;58.149;57.829;58.109;2.39744;UCG.ITEUR
2025-07-16 12:00:00;58.099;58.279;58.029;58.069;2.696;UCG.ITEUR
2025-07-16 13:00:00;58.079;58.169;57.849;58.059;3.85837;UCG.ITEUR
2025-07-16 14:00:00;58.069;58.319;57.799;57.889;4.01778;UCG.ITEUR
2025-07-16 15:00:00;57.909;58.099;57.379;57.549;3.09174;UCG.ITEUR
2025-07-17 07:00:00;57.659;57.859;57.269;57.719;5.85967;UCG.ITEUR
2025-07-17 08:00:00;57.719;57.749;57.489;57.549;4.76532;UCG.ITEUR
2025-07-17 09:00:00;57.549;57.689;57.499;57.639;2.41336;UCG.ITEUR
2025-07-17 10:00:00;57.619;57.669;57.509;57.609;2.35661;UCG.ITEUR
2025-07-17 11:00:00;57.609;57.609;57.389;57.419;2.07243;UCG.ITEUR
2025-07-17 12:00:00;57.429;57.639;57.419;57.609;2.07868;UCG.ITEUR
2025-07-17 13:00:00;57.609;57.629;57.439;57.589;2.70961;UCG.ITEUR
2025-07-17 14:00:00;57.609;57.629;57.379;57.589;3.26359;UCG.ITEUR
2025-07-17 15:00:00;57.589;57.839;57.539;57.809;1.68174;UCG.ITEUR
2025-07-18 07:00:00;57.969;58.189;57.779;57.999;5.05264;UCG.ITEUR
2025-07-18 08:00:00;57.989;58.149;57.859;57.899;3.36933;UCG.ITEUR
2025-07-18 09:00:00;57.889;58.119;57.879;58.029;2.96968;UCG.ITEUR
2025-07-18 10:00:00;58.029;58.069;57.849;57.929;3.04472;UCG.ITEUR
2025-07-18 11:00:00;57.939;57.999;57.849;57.889;2.44252;UCG.ITEUR
2025-07-18 12:00:00;57.879;57.929;57.799;57.869;2.11597;UCG.ITEUR
2025-07-18 13:00:00;57.869;58.029;57.789;57.929;3.12478;UCG.ITEUR
2025-07-18 14:00:00;57.949;58.069;57.889;57.939;3.04703;UCG.ITEUR
2025-07-18 15:00:00;57.949;58.059;57.949;58.009;1.13943;UCG.ITEUR
2025-07-21 07:00:00;57.699;57.829;57.219;57.329;5.00552;UCG.ITEUR
2025-07-21 08:00:00;57.359;57.479;57.129;57.339;3.67518;UCG.ITEUR
2025-07-21 09:00:00;57.359;57.379;57.149;57.179;2.12139;UCG.ITEUR
2025-07-21 10:00:00;57.169;57.319;57.159;57.249;2.2796;UCG.ITEUR
2025-07-21 11:00:00;57.239;57.769;57.229;57.689;2.47862;UCG.ITEUR
2025-07-21 12:00:00;57.679;57.689;57.419;57.429;2.04949;UCG.ITEUR
2025-07-21 13:00:00;57.419;57.649;57.359;57.599;3.50687;UCG.ITEUR
2025-07-21 14:00:00;57.609;57.849;57.499;57.719;3.20794;UCG.ITEUR
2025-07-21 15:00:00;57.729;58.039;57.729;57.999;1.28248;UCG.ITEUR
2025-07-22 07:00:00;57.939;58.269;57.849;57.999;5.30445;UCG.ITEUR
2025-07-22 08:00:00;57.999;58.149;57.949;57.999;3.60059;UCG.ITEUR
2025-07-22 09:00:00;58.009;58.239;57.859;58.079;3.29033;UCG.ITEUR
2025-07-22 10:00:00;58.069;58.199;57.989;58.149;2.09651;UCG.ITEUR
2025-07-22 11:00:00;58.139;58.199;57.909;57.949;3.13135;UCG.ITEUR
2025-07-22 12:00:00;57.949;58.129;57.829;57.969;3.66627;UCG.ITEUR
2025-07-22 13:00:00;57.969;58.229;57.509;57.629;4.81075;UCG.ITEUR
2025-07-22 14:00:00;57.647;58.239;57.609;58.109;4.65325;UCG.ITEUR
2025-07-22 15:00:00;58.109;58.219;58.109;58.199;1.43487;UCG.ITEUR
2025-07-23 07:00:00;59.539;59.969;59.139;59.829;9.13434;UCG.ITEUR
2025-07-23 08:00:00;59.809;60.759;59.759;60.549;6.63822;UCG.ITEUR
2025-07-23 09:00:00;60.549;60.899;60.439;60.699;5.29628;UCG.ITEUR
2025-07-23 10:00:00;60.689;60.769;60.219;60.229;4.55489;UCG.ITEUR
2025-07-23 11:00:00;60.239;60.279;59.719;59.799;4.75704;UCG.ITEUR
2025-07-23 12:00:00;59.779;60.069;59.569;60.009;3.91391;UCG.ITEUR
2025-07-23 13:00:00;59.989;60.099;59.829;60.009;4.5872;UCG.ITEUR
2025-07-23 14:00:00;60.009;60.409;59.719;60.399;3.90379;UCG.ITEUR
2025-07-23 15:00:00;60.409;60.479;60.009;60.079;3.13525;UCG.ITEUR
2025-07-24 07:00:00;61.179;61.339;60.319;60.389;6.89477;UCG.ITEUR
2025-07-24 08:00:00;60.379;60.809;60.129;60.319;4.6144;UCG.ITEUR
2025-07-24 09:00:00;60.309;60.679;60.279;60.469;4.72757;UCG.ITEUR
2025-07-24 10:00:00;60.479;60.699;60.419;60.479;3.94459;UCG.ITEUR
2025-07-24 11:00:00;60.489;60.849;60.299;60.819;3.54266;UCG.ITEUR
2025-07-24 12:00:00;60.819;60.939;60.659;60.859;3.92751;UCG.ITEUR
2025-07-24 13:00:00;60.869;61.069;60.599;60.849;5.61039;UCG.ITEUR
2025-07-24 14:00:00;60.859;61.149;60.799;61.099;4.37846;UCG.ITEUR
2025-07-24 15:00:00;61.079;61.269;61.079;61.189;1.71593;UCG.ITEUR
2025-07-25 07:00:00;61.109;61.639;61.029;61.219;7.59494;UCG.ITEUR
2025-07-25 08:00:00;61.219;61.669;61.219;61.499;5.50112;UCG.ITEUR
2025-07-25 09:00:00;61.489;61.879;61.439;61.569;3.3607;UCG.ITEUR
2025-07-25 10:00:00;61.559;61.589;61.429;61.469;2.94085;UCG.ITEUR
2025-07-25 11:00:00;61.469;61.529;61.409;61.469;2.23878;UCG.ITEUR
2025-07-25 12:00:00;61.479;61.629;61.449;61.579;2.22945;UCG.ITEUR
2025-07-25 13:00:00;61.569;61.629;61.369;61.609;4.94522;UCG.ITEUR
2025-07-25 14:00:00;61.609;61.699;61.499;61.639;2.96494;UCG.ITEUR
2025-07-25 15:00:00;61.629;61.679;61.309;61.369;2.07706;UCG.ITEUR
2025-07-28 07:00:00;62.169;62.709;61.859;62.679;5.53992;UCG.ITEUR
2025-07-28 08:00:00;62.689;62.809;62.439;62.479;4.83012;UCG.ITEUR
2025-07-28 09:00:00;62.479;62.599;62.399;62.439;3.34424;UCG.ITEUR
2025-07-28 10:00:00;62.419;62.529;62.289;62.489;2.69561;UCG.ITEUR
2025-07-28 11:00:00;62.479;62.579;62.219;62.259;2.65972;UCG.ITEUR
2025-07-28 12:00:00;62.269;62.389;62.089;62.239;2.92452;UCG.ITEUR
2025-07-28 13:00:00;62.249;62.259;61.769;61.809;4.2661;UCG.ITEUR
2025-07-28 14:00:00;61.779;62.009;61.619;61.669;4.89825;UCG.ITEUR
2025-07-28 15:00:00;61.659;61.889;61.649;61.759;2.2887;UCG.ITEUR
2025-07-29 07:00:00;61.979;62.489;61.969;62.399;4.66311;UCG.ITEUR
2025-07-29 08:00:00;62.399;62.629;62.289;62.609;3.87165;UCG.ITEUR
2025-07-29 09:00:00;62.619;62.629;62.379;62.549;3.89765;UCG.ITEUR
2025-07-29 10:00:00;62.549;63.359;62.549;63.299;3.59549;UCG.ITEUR
2025-07-29 11:00:00;63.299;63.459;63.009;63.159;4.67154;UCG.ITEUR
2025-07-29 12:00:00;63.159;63.339;63.079;63.189;2.81685;UCG.ITEUR
2025-07-29 13:00:00;63.179;63.369;63.179;63.309;2.97396;UCG.ITEUR
2025-07-29 14:00:00;63.299;63.419;62.989;63.009;3.14939;UCG.ITEUR
2025-07-29 15:00:00;62.999;63.109;62.819;62.939;2.12536;UCG.ITEUR
2025-07-30 07:00:00;62.979;63.429;62.829;63.399;4.67447;UCG.ITEUR
2025-07-30 08:00:00;63.389;63.639;63.389;63.429;4.39502;UCG.ITEUR
2025-07-30 09:00:00;63.429;63.679;63.359;63.649;3.10435;UCG.ITEUR
2025-07-30 10:00:00;63.659;63.839;63.559;63.809;3.94966;UCG.ITEUR
2025-07-30 11:00:00;63.819;64.019;63.749;64.019;3.69328;UCG.ITEUR
2025-07-30 12:00:00;64.019;64.019;63.779;63.929;3.31457;UCG.ITEUR
2025-07-30 13:00:00;63.939;64.239;63.899;64.239;2.69158;UCG.ITEUR
2025-07-30 14:00:00;64.239;64.409;64.169;64.209;3.39845;UCG.ITEUR
2025-07-30 15:00:00;64.209;64.259;64.059;64.179;1.74482;UCG.ITEUR
2025-07-31 07:00:00;64.759;65.039;64.409;64.819;6.33615;UCG.ITEUR
2025-07-31 08:00:00;64.829;64.959;64.659;64.659;5.26304;UCG.ITEUR
2025-07-31 09:00:00;64.659;64.759;64.319;64.699;5.02314;UCG.ITEUR
2025-07-31 10:00:00;64.689;64.729;64.469;64.539;4.21996;UCG.ITEUR
2025-07-31 11:00:00;64.509;64.679;64.479;64.589;3.09336;UCG.ITEUR
2025-07-31 12:00:00;64.589;64.669;64.389;64.409;3.4673;UCG.ITEUR
2025-07-31 13:00:00;64.399;64.519;64.119;64.159;6.08417;UCG.ITEUR
2025-07-31 14:00:00;64.159;64.479;63.909;64.459;6.07245;UCG.ITEUR
2025-07-31 15:00:00;64.459;64.579;64.299;64.479;2.42495;UCG.ITEUR
2025-08-01 07:00:00;63.749;64.089;63.629;63.969;7.20051;UCG.ITEUR
2025-08-01 08:00:00;63.969;64.119;63.239;63.269;8.1165;UCG.ITEUR
2025-08-01 09:00:00;63.269;63.739;63.119;63.529;7.09026;UCG.ITEUR
2025-08-01 10:00:00;63.529;63.709;63.189;63.189;5.97502;UCG.ITEUR
2025-08-01 11:00:00;63.189;63.609;63.129;63.489;4.94915;UCG.ITEUR
2025-08-01 12:00:00;63.499;63.509;62.839;62.899;7.06829;UCG.ITEUR
2025-08-01 13:00:00;62.889;62.989;62.149;62.269;8.14434;UCG.ITEUR
2025-08-01 14:00:00;62.259;62.689;61.919;62.499;9.48299;UCG.ITEUR
2025-08-01 15:00:00;62.489;62.659;62.299;62.329;3.73906;UCG.ITEUR
2025-08-04 07:00:00;63.039;64.119;63.039;63.909;6.96528;UCG.ITEUR
2025-08-04 08:00:00;63.929;63.989;63.579;63.949;5.31468;UCG.ITEUR
2025-08-04 09:00:00;63.949;64.159;63.869;64.009;3.59244;UCG.ITEUR
2025-08-04 10:00:00;64.019;64.179;63.989;64.089;2.81088;UCG.ITEUR
2025-08-04 11:00:00;64.099;64.219;63.919;64.209;2.358;UCG.ITEUR
2025-08-04 12:00:00;64.199;64.389;64.179;64.309;2.03472;UCG.ITEUR
2025-08-04 13:00:00;64.309;64.509;64.309;64.459;3.5064;UCG.ITEUR
2025-08-04 14:00:00;64.459;64.499;64.259;64.279;3.74436;UCG.ITEUR
2025-08-04 15:00:00;64.279;64.459;64.259;64.349;1.61136;UCG.ITEUR
2025-08-05 07:00:00;64.519;64.719;64.219;64.299;6.02532;UCG.ITEUR
2025-08-05 08:00:00;64.289;64.319;63.949;64.129;5.22144;UCG.ITEUR
2025-08-05 09:00:00;64.139;64.299;63.919;64.299;3.22272;UCG.ITEUR
2025-08-05 10:00:00;64.309;64.519;64.309;64.429;3.02724;UCG.ITEUR
2025-08-05 11:00:00;64.429;64.469;64.169;64.209;2.69892;UCG.ITEUR
2025-08-05 12:00:00;64.209;64.399;64.089;64.299;3.28464;UCG.ITEUR
2025-08-05 13:00:00;64.299;64.459;64.149;64.429;3.41856;UCG.ITEUR
2025-08-05 14:00:00;64.409;64.419;63.789;64.079;5.23296;UCG.ITEUR
2025-08-05 15:00:00;64.069;64.419;63.969;64.309;2.90484;UCG.ITEUR
2025-08-06 07:00:00;64.679;64.819;64.469;64.579;5.95656;UCG.ITEUR
2025-08-06 08:00:00;64.579;64.659;64.189;64.359;4.95684;UCG.ITEUR
2025-08-06 09:00:00;64.349;64.539;64.219;64.459;4.29552;UCG.ITEUR
2025-08-06 10:00:00;64.449;64.629;64.319;64.419;3.22308;UCG.ITEUR
2025-08-06 11:00:00;64.429;64.469;64.239;64.269;2.6784;UCG.ITEUR
2025-08-06 12:00:00;64.259;64.439;64.199;64.289;2.97828;UCG.ITEUR
2025-08-06 13:00:00;64.299;64.619;64.279;64.559;3.23316;UCG.ITEUR
2025-08-06 14:00:00;64.569;64.659;64.389;64.409;3.20652;UCG.ITEUR
2025-08-06 15:00:00;64.419;64.629;64.409;64.599;1.11744;UCG.ITEUR
2025-08-07 07:00:00;65.529;65.639;65.069;65.139;4.716;UCG.ITEUR
2025-08-07 08:00:00;65.149;65.839;65.139;65.639;6.22044;UCG.ITEUR
2025-08-07 09:00:00;65.639;65.869;65.549;65.579;4.12452;UCG.ITEUR
2025-08-07 10:00:00;65.589;65.789;65.519;65.689;3.25116;UCG.ITEUR
2025-08-07 11:00:00;65.719;65.999;65.669;65.889;2.81376;UCG.ITEUR
2025-08-07 12:00:00;65.889;66.109;65.879;65.989;3.22848;UCG.ITEUR
2025-08-07 13:00:00;65.999;66.149;65.879;65.939;3.68892;UCG.ITEUR
2025-08-07 14:00:00;65.949;66.279;65.799;66.199;4.92876;UCG.ITEUR
2025-08-07 15:00:00;66.219;66.289;66.049;66.229;2.4606;UCG.ITEUR
2025-08-08 07:00:00;66.399;67.099;66.279;66.929;4.98816;UCG.ITEUR
2025-08-08 08:00:00;66.939;67.059;66.859;67.049;3.5802;UCG.ITEUR
2025-08-08 09:00:00;67.049;67.199;66.959;67.159;3.7098;UCG.ITEUR
2025-08-08 10:00:00;67.169;67.229;67.069;67.089;2.6262;UCG.ITEUR
2025-08-08 11:00:00;67.099;67.129;66.899;67.029;2.76372;UCG.ITEUR
2025-08-08 12:00:00;67.029;67.209;66.969;67.059;2.6334;UCG.ITEUR
2025-08-08 13:00:00;67.049;67.269;67.049;67.149;3.6918;UCG.ITEUR
2025-08-08 14:00:00;67.159;67.859;67.149;67.489;5.59656;UCG.ITEUR
2025-08-08 15:00:00;67.489;67.609;67.479;67.579;2.1492;UCG.ITEUR
2025-08-11 07:00:00;67.809;68.109;67.249;67.279;5.80056;UCG.ITEUR
2025-08-11 08:00:00;67.259;67.349;67.009;67.129;5.46381;UCG.ITEUR
2025-08-11 09:00:00;67.129;67.449;67.109;67.409;2.84721;UCG.ITEUR
2025-08-11 10:00:00;67.409;67.489;67.319;67.479;2.13299;UCG.ITEUR
2025-08-11 11:00:00;67.459;67.589;67.429;67.579;2.11263;UCG.ITEUR
2025-08-11 12:00:00;67.589;67.679;67.469;67.509;2.13967;UCG.ITEUR
2025-08-11 13:00:00;67.509;67.529;67.309;67.329;3.22035;UCG.ITEUR
2025-08-11 14:00:00;67.329;67.529;67.179;67.299;2.87859;UCG.ITEUR
2025-08-11 15:00:00;67.299;67.359;67.199;67.319;1.48118;UCG.ITEUR
2025-08-12 07:00:00;67.639;68.079;67.589;68.009;4.59373;UCG.ITEUR
2025-08-12 08:00:00;68.009;68.009;67.729;67.729;3.02344;UCG.ITEUR
2025-08-12 09:00:00;67.739;67.899;67.549;67.599;3.14325;UCG.ITEUR
2025-08-12 10:00:00;67.599;67.779;67.579;67.659;2.76378;UCG.ITEUR
2025-08-12 11:00:00;67.649;67.779;67.569;67.749;2.41067;UCG.ITEUR
2025-08-12 12:00:00;67.749;67.989;67.719;67.979;2.86424;UCG.ITEUR
2025-08-12 13:00:00;67.989;68.169;67.979;68.159;2.89828;UCG.ITEUR
2025-08-12 14:00:00;68.169;68.289;68.049;68.259;2.85856;UCG.ITEUR
2025-08-12 15:00:00;68.259;68.349;68.149;68.339;1.43746;UCG.ITEUR
2025-08-13 07:00:00;68.549;68.679;68.459;68.609;3.51838;UCG.ITEUR
2025-08-13 08:00:00;68.599;68.719;68.459;68.529;3.47032;UCG.ITEUR
2025-08-13 09:00:00;68.529;68.599;68.439;68.579;2.41167;UCG.ITEUR
2025-08-13 10:00:00;68.579;68.639;68.479;68.529;2.2725;UCG.ITEUR
2025-08-13 11:00:00;68.559;68.609;68.259;68.309;1.61134;UCG.ITEUR
2025-08-13 12:00:00;68.319;68.569;68.309;68.549;1.32732;UCG.ITEUR
2025-08-13 13:00:00;68.549;68.809;68.519;68.649;2.47108;UCG.ITEUR
2025-08-13 14:00:00;68.649;68.719;68.259;68.299;3.30178;UCG.ITEUR
2025-08-13 15:00:00;68.299;68.429;68.249;68.409;1.68977;UCG.ITEUR
2025-08-14 07:00:00;68.939;69.129;68.859;68.989;3.23069;UCG.ITEUR
2025-08-14 08:00:00;68.989;69.179;68.929;68.929;3.1813;UCG.ITEUR
2025-08-14 09:00:00;68.919;68.949;68.819;68.919;2.14968;UCG.ITEUR
2025-08-14 10:00:00;68.909;68.999;68.779;68.929;1.40542;UCG.ITEUR
2025-08-14 11:00:00;68.939;69.029;68.859;68.929;1.77154;UCG.ITEUR
2025-08-14 12:00:00;68.919;68.929;68.519;68.629;3.32281;UCG.ITEUR
2025-08-14 13:00:00;68.639;68.989;68.589;68.969;3.23203;UCG.ITEUR
2025-08-14 14:00:00;68.989;69.089;68.859;68.909;2.29119;UCG.ITEUR
2025-08-14 15:00:00;68.909;68.979;68.779;68.879;0.92582;UCG.ITEUR
2025-08-18 07:00:00;68.659;68.669;68.159;68.329;5.7903;UCG.ITEUR
2025-08-18 08:00:00;68.329;68.409;67.949;68.269;5.08233;UCG.ITEUR
2025-08-18 09:00:00;68.279;68.519;68.109;68.179;3.35712;UCG.ITEUR
2025-08-18 10:00:00;68.169;68.189;68.029;68.169;2.57183;UCG.ITEUR
2025-08-18 11:00:00;68.179;68.259;68.139;68.179;1.53664;UCG.ITEUR
2025-08-18 12:00:00;68.169;68.339;68.149;68.169;1.76045;UCG.ITEUR
2025-08-18 13:00:00;68.159;68.439;68.159;68.189;2.35977;UCG.ITEUR
2025-08-18 14:00:00;68.189;68.369;68.079;68.189;2.41523;UCG.ITEUR
2025-08-18 15:00:00;68.199;68.349;68.189;68.329;1.53012;UCG.ITEUR
2025-08-19 07:00:00;68.709;68.859;68.609;68.819;2.91244;UCG.ITEUR
2025-08-19 08:00:00;68.809;69.069;68.799;69.019;2.52844;UCG.ITEUR
2025-08-19 09:00:00;69.019;69.369;69.019;69.119;2.42241;UCG.ITEUR
2025-08-19 10:00:00;69.129;69.259;69.049;69.229;2.11508;UCG.ITEUR
2025-08-19 11:00:00;69.239;69.319;69.209;69.259;1.55556;UCG.ITEUR
2025-08-19 12:00:00;69.259;69.349;69.249;69.269;1.64039;UCG.ITEUR
2025-08-19 13:00:00;69.279;69.459;69.179;69.269;2.49843;UCG.ITEUR
2025-08-19 14:00:00;69.279;69.419;69.209;69.349;2.45667;UCG.ITEUR
2025-08-19 15:00:00;69.359;69.409;69.199;69.359;1.97871;UCG.ITEUR
2025-08-20 07:00:00;69.169;69.299;68.919;68.979;4.0566;UCG.ITEUR
2025-08-20 08:00:00;68.989;69.009;68.649;68.719;2.84752;UCG.ITEUR
2025-08-20 09:00:00;68.729;69.079;68.719;69.059;2.32943;UCG.ITEUR
2025-08-20 10:00:00;69.069;69.179;68.999;69.159;2.19959;UCG.ITEUR
2025-08-20 11:00:00;69.169;69.189;69.069;69.129;1.50206;UCG.ITEUR
2025-08-20 12:00:00;69.139;69.179;68.959;69.009;1.25835;UCG.ITEUR
2025-08-20 13:00:00;68.999;69.129;68.629;68.789;3.05436;UCG.ITEUR
2025-08-20 14:00:00;68.809;68.929;68.629;68.819;4.06541;UCG.ITEUR
2025-08-20 15:00:00;68.819;68.869;68.699;68.859;1.54284;UCG.ITEUR
2025-08-21 07:00:00;68.849;69.079;68.699;69.079;3.4103;UCG.ITEUR
2025-08-21 08:00:00;69.069;69.119;68.759;68.809;2.51833;UCG.ITEUR
2025-08-21 09:00:00;68.809;68.839;68.669;68.679;2.16337;UCG.ITEUR
2025-08-21 10:00:00;68.669;68.689;68.519;68.609;2.71636;UCG.ITEUR
2025-08-21 11:00:00;68.599;68.689;68.569;68.639;1.9624;UCG.ITEUR
2025-08-21 12:00:00;68.629;68.729;68.479;68.599;1.52816;UCG.ITEUR
2025-08-21 13:00:00;68.609;68.969;68.589;68.929;2.5999;UCG.ITEUR
2025-08-21 14:00:00;68.919;69.269;68.899;69.059;2.75911;UCG.ITEUR
2025-08-21 15:00:00;69.049;69.159;69.029;69.129;0.99898;UCG.ITEUR
2025-08-22 07:00:00;67.749;69.349;67.749;69.259;2.72615;UCG.ITEUR
2025-08-22 08:00:00;69.249;69.469;69.139;69.459;2.12226;UCG.ITEUR
2025-08-22 09:00:00;69.459;69.469;69.249;69.359;1.93793;UCG.ITEUR
2025-08-22 10:00:00;69.349;69.399;69.299;69.309;1.13633;UCG.ITEUR
2025-08-22 11:00:00;69.329;69.389;69.229;69.329;1.3174;UCG.ITEUR
2025-08-22 12:00:00;69.329;69.469;69.329;69.429;1.13797;UCG.ITEUR
2025-08-22 13:00:00;69.439;69.519;69.399;69.469;1.01399;UCG.ITEUR
2025-08-22 14:00:00;69.469;69.739;69.419;69.729;1.8244;UCG.ITEUR
2025-08-22 15:00:00;69.739;69.809;69.439;69.479;1.17287;UCG.ITEUR
2025-08-25 07:00:00;68.979;69.629;68.909;69.549;4.12096;UCG.ITEUR
2025-08-25 08:00:00;69.549;69.639;69.389;69.389;2.79791;UCG.ITEUR
2025-08-25 09:00:00;69.389;69.399;69.069;69.239;2.09071;UCG.ITEUR
2025-08-25 10:00:00;69.239;69.339;69.129;69.319;1.97014;UCG.ITEUR
2025-08-25 11:00:00;69.319;69.349;69.139;69.299;1.46442;UCG.ITEUR
2025-08-25 12:00:00;69.299;69.339;69.079;69.079;1.48394;UCG.ITEUR
2025-08-25 13:00:00;69.089;69.329;69.089;69.319;1.55705;UCG.ITEUR
2025-08-25 14:00:00;69.329;69.449;68.919;69.059;3.03711;UCG.ITEUR
2025-08-25 15:00:00;69.069;69.299;68.839;68.879;2.52491;UCG.ITEUR
2025-08-26 09:00:00;67.379;67.449;67.289;67.379;3.30359;UCG.ITEUR
2025-08-26 10:00:00;67.379;67.659;67.059;67.059;3.97536;UCG.ITEUR
2025-08-26 11:00:00;67.059;67.119;66.759;66.779;2.51742;UCG.ITEUR
2025-08-26 12:00:00;66.769;66.889;66.549;66.569;2.66853;UCG.ITEUR
2025-08-26 13:00:00;66.589;66.689;66.349;66.689;3.76833;UCG.ITEUR
2025-08-26 14:00:00;66.709;66.989;66.659;66.739;3.9669;UCG.ITEUR
2025-08-26 15:00:00;66.719;66.819;66.579;66.679;2.32308;UCG.ITEUR
2025-08-27 07:00:00;67.059;67.159;65.189;66.049;8.12977;UCG.ITEUR
2025-08-27 08:00:00;66.059;66.309;65.629;66.309;7.48532;UCG.ITEUR
2025-08-27 09:00:00;66.299;66.449;66.199;66.269;4.30459;UCG.ITEUR
2025-08-27 10:00:00;66.269;66.339;65.989;66.249;3.21193;UCG.ITEUR
2025-08-27 11:00:00;66.239;66.729;66.199;66.699;2.87168;UCG.ITEUR
2025-08-27 12:00:00;66.689;66.759;66.349;66.469;3.29548;UCG.ITEUR
2025-08-27 13:00:00;66.449;66.459;65.799;65.869;3.21356;UCG.ITEUR
2025-08-27 14:00:00;65.869;66.199;65.719;66.169;4.77585;UCG.ITEUR
2025-08-27 15:00:00;66.179;66.279;66.099;66.169;1.57591;UCG.ITEUR
2025-08-28 07:00:00;66.269;66.739;66.149;66.329;4.18305;UCG.ITEUR
2025-08-28 08:00:00;66.329;66.429;65.789;65.979;4.25065;UCG.ITEUR
2025-08-28 09:00:00;65.989;66.119;65.709;65.969;3.53076;UCG.ITEUR
2025-08-28 10:00:00;65.969;65.989;65.699;65.859;2.77579;UCG.ITEUR
2025-08-28 11:00:00;65.869;65.989;65.779;65.889;2.99582;UCG.ITEUR
2025-08-28 12:00:00;65.899;66.209;65.879;66.099;2.14531;UCG.ITEUR
2025-08-28 13:00:00;66.089;66.159;65.919;66.029;3.34682;UCG.ITEUR
2025-08-28 14:00:00;66.039;66.279;66.029;66.109;2.40368;UCG.ITEUR
2025-08-28 15:00:00;66.119;66.239;65.989;66.149;1.69877;UCG.ITEUR
2025-08-29 07:00:00;65.759;66.219;65.749;66.019;3.88436;UCG.ITEUR
2025-08-29 08:00:00;66.029;66.109;65.749;65.779;4.43525;UCG.ITEUR
2025-08-29 09:00:00;65.789;65.999;65.649;65.849;2.91258;UCG.ITEUR
2025-08-29 10:00:00;65.859;65.869;65.619;65.709;2.80699;UCG.ITEUR
2025-08-29 11:00:00;65.709;65.829;65.629;65.759;1.84922;UCG.ITEUR
2025-08-29 12:00:00;65.749;66.009;65.729;65.999;1.77514;UCG.ITEUR
2025-08-29 13:00:00;66.009;66.139;65.869;65.909;2.20965;UCG.ITEUR
2025-08-29 14:00:00;65.929;66.089;65.799;65.909;3.37604;UCG.ITEUR
2025-08-29 15:00:00;65.899;66.109;65.899;65.999;1.49271;UCG.ITEUR
2025-09-01 07:00:00;66.849;67.099;66.779;66.909;3.30106;UCG.ITEUR
2025-09-01 08:00:00;66.899;66.929;66.299;66.439;4.5611;UCG.ITEUR
2025-09-01 09:00:00;66.439;66.509;66.249;66.399;2.77576;UCG.ITEUR
2025-09-01 10:00:00;66.409;66.469;66.279;66.399;2.48472;UCG.ITEUR
2025-09-01 11:00:00;66.409;66.469;66.329;66.369;1.97914;UCG.ITEUR
2025-09-01 12:00:00;66.379;66.469;66.359;66.429;1.77888;UCG.ITEUR
2025-09-01 13:00:00;66.419;66.629;66.389;66.599;2.12738;UCG.ITEUR
2025-09-01 14:00:00;66.609;66.729;66.549;66.639;2.37218;UCG.ITEUR
2025-09-01 15:00:00;66.649;66.749;66.629;66.749;1.20054;UCG.ITEUR
2025-09-02 07:00:00;66.749;66.749;66.079;66.139;8.41704;UCG.ITEUR
2025-09-02 08:00:00;66.129;66.359;66.019;66.099;6.14652;UCG.ITEUR
2025-09-02 09:00:00;66.099;66.389;65.949;66.279;3.79644;UCG.ITEUR
2025-09-02 10:00:00;66.289;66.379;66.059;66.089;2.69076;UCG.ITEUR
2025-09-02 11:00:00;66.099;66.279;65.949;66.139;2.61596;UCG.ITEUR
2025-09-02 12:00:00;66.149;66.179;65.729;65.859;4.34078;UCG.ITEUR
2025-09-02 13:00:00;65.859;66.139;65.599;66.099;5.9823;UCG.ITEUR
2025-09-02 14:00:00;66.079;66.229;65.359;65.399;5.44374;UCG.ITEUR
2025-09-02 15:00:00;65.409;65.439;65.099;65.219;3.00696;UCG.ITEUR
2025-09-03 07:00:00;65.479;65.889;65.149;65.719;5.71744;UCG.ITEUR
2025-09-03 08:00:00;65.709;65.939;65.569;65.819;5.46312;UCG.ITEUR
2025-09-03 09:00:00;65.849;66.019;65.739;65.929;3.13956;UCG.ITEUR
2025-09-03 10:00:00;65.939;66.139;65.819;65.949;2.89442;UCG.ITEUR
2025-09-03 11:00:00;65.959;65.969;65.379;65.629;3.45032;UCG.ITEUR
2025-09-03 12:00:00;65.629;65.709;65.459;65.509;3.90592;UCG.ITEUR
2025-09-03 13:00:00;65.519;65.899;65.499;65.609;4.91266;UCG.ITEUR
2025-09-03 14:00:00;65.619;66.059;65.589;65.889;4.23674;UCG.ITEUR
2025-09-03 15:00:00;65.899;65.999;65.819;65.949;1.80438;UCG.ITEUR
2025-09-04 07:00:00;65.889;66.069;65.719;65.979;6.16862;UCG.ITEUR
2025-09-04 08:00:00;65.979;66.029;65.719;65.779;4.8433;UCG.ITEUR
2025-09-04 09:00:00;65.789;65.969;65.699;65.939;3.417;UCG.ITEUR
2025-09-04 10:00:00;65.929;66.639;65.909;66.039;4.7124;UCG.ITEUR
2025-09-04 11:00:00;66.049;66.189;66.019;66.109;2.92502;UCG.ITEUR
2025-09-04 12:00:00;66.119;66.269;65.929;66.259;2.77916;UCG.ITEUR
2025-09-04 13:00:00;66.249;66.359;65.909;65.959;3.55232;UCG.ITEUR
2025-09-04 14:00:00;65.939;66.429;65.889;66.399;4.13848;UCG.ITEUR
2025-09-04 15:00:00;66.399;66.429;66.239;66.399;2.15016;UCG.ITEUR
2025-09-05 07:00:00;66.469;66.549;65.799;66.249;5.65352;UCG.ITEUR
2025-09-05 08:00:00;66.239;66.289;66.059;66.129;4.37988;UCG.ITEUR
2025-09-05 09:00:00;66.139;66.569;66.029;66.509;3.78692;UCG.ITEUR
2025-09-05 10:00:00;66.519;66.609;66.249;66.279;3.2793;UCG.ITEUR
2025-09-05 11:00:00;66.289;66.369;66.209;66.229;2.18552;UCG.ITEUR
2025-09-05 12:00:00;66.239;66.239;65.819;65.999;4.4897;UCG.ITEUR
2025-09-05 13:00:00;65.989;66.029;65.669;65.729;5.66814;UCG.ITEUR
2025-09-05 14:00:00;65.719;65.749;64.819;64.819;8.09778;UCG.ITEUR
2025-09-05 15:00:00;64.809;65.259;64.689;65.169;3.32384;UCG.ITEUR
2025-09-08 07:00:00;65.599;65.899;65.519;65.709;4.50368;UCG.ITEUR
2025-09-08 08:00:00;65.729;65.809;65.429;65.489;4.39704;UCG.ITEUR
2025-09-08 09:00:00;65.479;65.739;65.369;65.659;2.88008;UCG.ITEUR
2025-09-08 10:00:00;65.669;65.679;65.449;65.579;2.2884;UCG.ITEUR
2025-09-08 11:00:00;65.569;65.599;65.329;65.379;2.18352;UCG.ITEUR
2025-09-08 12:00:00;65.379;65.419;64.949;65.299;3.12676;UCG.ITEUR
2025-09-08 13:00:00;65.289;65.649;65.269;65.489;3.9158;UCG.ITEUR
2025-09-08 14:00:00;65.479;65.619;65.369;65.459;2.96012;UCG.ITEUR
2025-09-08 15:00:00;65.469;65.739;65.439;65.729;1.46488;UCG.ITEUR
2025-09-09 07:00:00;66.039;66.619;65.809;66.509;6.40708;UCG.ITEUR
2025-09-09 08:00:00;66.519;66.719;66.019;66.049;6.14728;UCG.ITEUR
2025-09-09 09:00:00;66.029;66.069;65.789;65.969;4.97944;UCG.ITEUR
2025-09-09 10:00:00;65.969;66.219;65.519;65.599;3.48728;UCG.ITEUR
2025-09-09 11:00:00;65.609;65.749;65.499;65.569;2.92564;UCG.ITEUR
2025-09-09 12:00:00;65.579;65.789;65.529;65.689;2.9194;UCG.ITEUR
2025-09-09 13:00:00;65.679;65.849;65.539;65.779;4.82904;UCG.ITEUR
2025-09-09 14:00:00;65.789;66.079;65.639;66.049;4.26944;UCG.ITEUR
2025-09-09 15:00:00;66.039;66.329;66.039;66.209;1.58736;UCG.ITEUR
2025-09-10 07:00:00;66.219;66.329;65.929;66.189;4.34016;UCG.ITEUR
2025-09-10 08:00:00;66.199;66.249;65.589;65.659;6.41224;UCG.ITEUR
2025-09-10 09:00:00;65.649;65.909;65.419;65.859;4.42052;UCG.ITEUR
2025-09-10 10:00:00;65.869;66.339;65.859;66.299;3.2182;UCG.ITEUR
2025-09-10 11:00:00;66.309;66.369;66.009;66.019;3.17228;UCG.ITEUR
2025-09-10 12:00:00;66.019;66.449;65.969;66.249;3.94616;UCG.ITEUR
2025-09-10 13:00:00;66.249;66.329;65.819;65.859;5.77848;UCG.ITEUR
2025-09-10 14:00:00;65.869;66.079;65.789;65.929;4.81108;UCG.ITEUR
2025-09-10 15:00:00;65.929;66.019;65.809;65.889;1.8544;UCG.ITEUR
2025-09-11 07:00:00;65.869;66.259;65.689;66.259;3.86576;UCG.ITEUR
2025-09-11 08:00:00;66.259;66.669;66.209;66.399;5.29888;UCG.ITEUR
2025-09-11 09:00:00;66.399;66.579;66.349;66.439;3.23752;UCG.ITEUR
2025-09-11 10:00:00;66.439;66.489;66.179;66.409;2.5558;UCG.ITEUR
2025-09-11 11:00:00;66.409;66.549;66.299;66.419;2.44296;UCG.ITEUR
2025-09-11 12:00:00;66.419;66.609;66.239;66.569;4.8984;UCG.ITEUR
2025-09-11 13:00:00;66.579;67.059;66.459;66.989;4.67168;UCG.ITEUR
2025-09-11 14:00:00;66.999;67.019;66.399;66.409;4.50712;UCG.ITEUR
2025-09-11 15:00:00;66.419;66.559;66.219;66.469;1.79056;UCG.ITEUR
2025-09-12 07:00:00;66.519;66.719;66.189;66.199;5.5028;UCG.ITEUR
2025-09-12 08:00:00;66.189;66.309;65.899;66.129;5.5842;UCG.ITEUR
2025-09-12 09:00:00;66.129;66.479;65.959;66.459;3.97028;UCG.ITEUR
2025-09-12 10:00:00;66.449;66.449;66.129;66.229;2.88112;UCG.ITEUR
2025-09-12 11:00:00;66.219;66.309;66.099;66.249;1.81508;UCG.ITEUR
2025-09-12 12:00:00;66.239;66.319;66.109;66.279;2.69516;UCG.ITEUR
2025-09-12 13:00:00;66.289;66.579;66.259;66.509;3.15024;UCG.ITEUR
2025-09-12 14:00:00;66.509;66.609;66.369;66.489;2.99048;UCG.ITEUR
2025-09-12 15:00:00;66.479;66.639;66.419;66.549;1.24856;UCG.ITEUR
2025-09-15 07:00:00;67.319;67.499;67.099;67.419;4.53516;UCG.ITEUR
2025-09-15 08:00:00;67.419;67.619;67.249;67.329;3.84953;UCG.ITEUR
2025-09-15 09:00:00;67.319;67.499;67.279;67.469;3.08903;UCG.ITEUR
2025-09-15 10:00:00;67.479;67.739;67.479;67.649;1.90444;UCG.ITEUR
2025-09-15 11:00:00;67.659;67.819;67.579;67.699;1.95322;UCG.ITEUR
2025-09-15 12:00:00;67.689;67.819;67.659;67.739;1.35362;UCG.ITEUR
2025-09-15 13:00:00;67.729;67.769;67.359;67.409;2.66696;UCG.ITEUR
2025-09-15 14:00:00;67.409;67.589;67.359;67.439;2.39697;UCG.ITEUR
2025-09-15 15:00:00;67.439;67.559;67.419;67.479;1.10701;UCG.ITEUR
2025-09-16 07:00:00;66.889;67.109;66.599;66.649;4.756;UCG.ITEUR
2025-09-16 08:00:00;66.659;67.419;66.659;67.219;4.83188;UCG.ITEUR
2025-09-16 09:00:00;67.229;67.309;66.829;66.849;3.68996;UCG.ITEUR
2025-09-16 10:00:00;66.849;66.979;66.789;66.909;3.41625;UCG.ITEUR
2025-09-16 11:00:00;66.919;67.339;66.899;67.159;3.85766;UCG.ITEUR
2025-09-16 12:00:00;67.159;67.449;67.079;67.209;3.318;UCG.ITEUR
2025-09-16 13:00:00;67.199;67.339;66.819;66.849;4.86876;UCG.ITEUR
2025-09-16 14:00:00;66.839;67.139;66.719;66.789;4.02159;UCG.ITEUR
2025-09-16 15:00:00;66.789;66.789;66.549;66.639;2.07618;UCG.ITEUR
2025-09-17 07:00:00;66.589;66.749;65.829;66.089;5.28684;UCG.ITEUR
2025-09-17 08:00:00;66.079;66.209;65.779;65.889;4.72986;UCG.ITEUR
2025-09-17 09:00:00;65.879;65.889;65.209;65.489;4.59441;UCG.ITEUR
2025-09-17 10:00:00;65.489;65.599;65.099;65.109;3.45759;UCG.ITEUR
2025-09-17 11:00:00;65.099;65.359;64.959;65.079;3.37762;UCG.ITEUR
2025-09-17 12:00:00;65.069;65.069;64.419;64.569;3.88949;UCG.ITEUR
2025-09-17 13:00:00;64.579;64.909;64.539;64.809;3.9413;UCG.ITEUR
2025-09-17 14:00:00;64.799;64.909;64.239;64.269;3.07447;UCG.ITEUR
2025-09-17 15:00:00;64.269;64.449;64.169;64.239;2.0833;UCG.ITEUR
2025-09-18 07:00:00;64.919;65.059;63.909;63.919;5.906;UCG.ITEUR
2025-09-18 08:00:00;63.909;64.159;63.499;63.819;6.5378;UCG.ITEUR
2025-09-18 09:00:00;63.819;63.999;63.269;63.609;4.71296;UCG.ITEUR
2025-09-18 10:00:00;63.609;64.169;63.609;64.009;3.02293;UCG.ITEUR
2025-09-18 11:00:00;63.989;64.139;63.669;63.769;3.67338;UCG.ITEUR
2025-09-18 12:00:00;63.779;63.959;63.669;63.739;2.7032;UCG.ITEUR
2025-09-18 13:00:00;63.739;64.089;63.469;64.029;4.89926;UCG.ITEUR
2025-09-18 14:00:00;64.039;64.349;63.989;64.239;3.31056;UCG.ITEUR
2025-09-18 15:00:00;64.249;64.419;64.139;64.379;1.42812;UCG.ITEUR
2025-09-19 07:00:00;64.769;65.339;64.729;65.249;4.46975;UCG.ITEUR
2025-09-19 08:00:00;65.259;65.709;65.259;65.439;5.21229;UCG.ITEUR
2025-09-19 09:00:00;65.449;65.619;65.239;65.279;4.52533;UCG.ITEUR
2025-09-19 10:00:00;65.279;65.389;64.959;64.959;2.78652;UCG.ITEUR
2025-09-19 11:00:00;64.959;65.099;64.699;64.889;2.79975;UCG.ITEUR
2025-09-19 12:00:00;64.879;65.119;64.749;65.119;1.86682;UCG.ITEUR
2025-09-19 13:00:00;65.119;65.169;64.929;65.169;3.17506;UCG.ITEUR
2025-09-19 14:00:00;65.139;65.159;64.969;65.029;2.52875;UCG.ITEUR
2025-09-19 15:00:00;65.019;65.159;64.939;65.079;1.23778;UCG.ITEUR
2025-09-22 07:00:00;64.609;64.699;63.949;64.479;4.87012;UCG.ITEUR
2025-09-22 08:00:00;64.469;64.769;64.459;64.549;3.72504;UCG.ITEUR
2025-09-22 09:00:00;64.539;64.639;64.339;64.399;3.547;UCG.ITEUR
2025-09-22 10:00:00;64.389;64.579;64.299;64.479;2.414;UCG.ITEUR
2025-09-22 11:00:00;64.469;64.599;64.269;64.289;2.21528;UCG.ITEUR
2025-09-22 12:00:00;64.289;64.759;64.269;64.639;1.81748;UCG.ITEUR
2025-09-22 13:00:00;64.639;64.929;64.609;64.849;3.14132;UCG.ITEUR
2025-09-22 14:00:00;64.839;65.049;64.799;64.949;2.76484;UCG.ITEUR
2025-09-22 15:00:00;64.939;65.059;64.919;65.029;1.49008;UCG.ITEUR
2025-09-23 07:00:00;64.869;64.989;64.169;64.239;5.8748;UCG.ITEUR
2025-09-23 08:00:00;64.239;64.449;64.169;64.369;3.80748;UCG.ITEUR
2025-09-23 09:00:00;64.379;64.599;64.369;64.449;2.66448;UCG.ITEUR
2025-09-23 10:00:00;64.439;64.459;64.239;64.329;2.13076;UCG.ITEUR
2025-09-23 11:00:00;64.319;64.609;64.319;64.539;1.66292;UCG.ITEUR
2025-09-23 12:00:00;64.539;64.719;64.439;64.609;1.87028;UCG.ITEUR
2025-09-23 13:00:00;64.609;64.829;64.369;64.399;3.37624;UCG.ITEUR
2025-09-23 14:00:00;64.409;64.689;64.289;64.539;3.18268;UCG.ITEUR
2025-09-23 15:00:00;64.529;64.539;64.219;64.329;1.59048;UCG.ITEUR
2025-09-24 07:00:00;63.769;64.159;63.449;64.079;6.2146;UCG.ITEUR
2025-09-24 08:00:00;64.079;64.259;63.829;64.159;3.55528;UCG.ITEUR
2025-09-24 09:00:00;64.159;64.249;63.859;63.979;2.99948;UCG.ITEUR
2025-09-24 10:00:00;63.979;64.269;63.959;64.209;2.1556;UCG.ITEUR
2025-09-24 11:00:00;64.229;64.279;64.129;64.259;2.70451;UCG.ITEUR
2025-09-24 12:00:00;64.249;64.289;63.999;64.059;2.27808;UCG.ITEUR
2025-09-24 13:00:00;64.059;64.139;63.919;63.949;3.39864;UCG.ITEUR
2025-09-24 14:00:00;63.959;64.489;63.949;64.369;3.1996;UCG.ITEUR
2025-09-24 15:00:00;64.359;64.419;64.209;64.259;1.72608;UCG.ITEUR
2025-09-25 07:00:00;64.229;64.469;63.849;64.409;5.7454;UCG.ITEUR
2025-09-25 08:00:00;64.409;64.489;64.179;64.259;3.86164;UCG.ITEUR
2025-09-25 09:00:00;64.259;64.559;64.209;64.309;3.82648;UCG.ITEUR
2025-09-25 10:00:00;64.319;64.459;64.239;64.319;2.94668;UCG.ITEUR
2025-09-25 11:00:00;64.319;64.359;63.999;64.069;4.00728;UCG.ITEUR
2025-09-25 12:00:00;64.079;64.129;63.849;64.089;3.7316;UCG.ITEUR
2025-09-25 13:00:00;64.099;64.349;64.079;64.289;3.15092;UCG.ITEUR
2025-09-25 14:00:00;64.289;64.609;64.289;64.539;2.46992;UCG.ITEUR
2025-09-25 15:00:00;64.539;64.539;64.199;64.269;1.09952;UCG.ITEUR
2025-09-26 07:00:00;65.039;65.359;64.739;64.809;4.75592;UCG.ITEUR
2025-09-26 08:00:00;64.789;64.969;64.779;64.849;2.14352;UCG.ITEUR
2025-09-26 09:00:00;64.849;64.989;64.779;64.929;2.29084;UCG.ITEUR
2025-09-26 10:00:00;64.929;65.159;64.879;65.069;1.76264;UCG.ITEUR
2025-09-26 11:00:00;65.069;65.229;64.979;65.189;1.6916;UCG.ITEUR
2025-09-26 12:00:00;65.189;65.439;65.169;65.419;2.42092;UCG.ITEUR
2025-09-26 13:00:00;65.419;65.539;65.169;65.529;2.56892;UCG.ITEUR
2025-09-26 14:00:00;65.539;65.649;65.139;65.459;2.47128;UCG.ITEUR
2025-09-26 15:00:00;65.529;65.529;65.339;65.389;0.92428;UCG.ITEUR
2025-09-29 07:00:00;65.229;65.229;64.139;64.229;5.7956;UCG.ITEUR
2025-09-29 08:00:00;64.239;64.579;64.139;64.509;3.53097;UCG.ITEUR
2025-09-29 09:00:00;64.519;64.639;64.159;64.189;2.20086;UCG.ITEUR
2025-09-29 10:00:00;64.199;64.449;64.119;64.199;2.98993;UCG.ITEUR
2025-09-29 11:00:00;64.209;64.329;64.089;64.149;2.61112;UCG.ITEUR
2025-09-29 12:00:00;64.159;64.189;63.999;64.039;1.78406;UCG.ITEUR
2025-09-29 13:00:00;64.029;64.129;63.919;64.019;2.1584;UCG.ITEUR
2025-09-29 14:00:00;63.999;64.049;63.779;63.889;1.77993;UCG.ITEUR
2025-09-29 15:00:00;63.889;63.899;63.729;63.729;1.1385;UCG.ITEUR
2025-09-30 07:00:00;63.629;64.009;63.589;63.699;5.1583;UCG.ITEUR
2025-09-30 08:00:00;63.669;63.919;63.589;63.879;3.73414;UCG.ITEUR
2025-09-30 09:00:00;63.869;64.069;63.819;64.069;2.90812;UCG.ITEUR
2025-09-30 10:00:00;64.069;64.319;64.039;64.169;1.71909;UCG.ITEUR
2025-09-30 11:00:00;64.159;64.399;64.099;64.289;1.92671;UCG.ITEUR
2025-09-30 12:00:00;64.299;64.369;64.019;64.059;2.07968;UCG.ITEUR
2025-09-30 13:00:00;64.059;64.409;64.009;64.389;3.03015;UCG.ITEUR
2025-09-30 14:00:00;64.399;64.659;64.319;64.539;3.46809;UCG.ITEUR
2025-09-30 15:00:00;64.519;64.639;64.509;64.579;1.53003;UCG.ITEUR
2025-10-01 07:00:00;64.019;64.059;63.539;63.899;4.17449;UCG.ITEUR
2025-10-01 08:00:00;63.899;64.309;63.589;64.259;4.89636;UCG.ITEUR
2025-10-01 09:00:00;64.249;64.589;64.229;64.409;3.52171;UCG.ITEUR
2025-10-01 10:00:00;64.399;64.649;64.399;64.509;2.01403;UCG.ITEUR
2025-10-01 11:00:00;64.509;64.949;64.379;64.829;2.51762;UCG.ITEUR
2025-10-01 12:00:00;64.839;64.879;64.529;64.719;2.80912;UCG.ITEUR
2025-10-01 13:00:00;64.709;64.829;64.559;64.719;3.28899;UCG.ITEUR
2025-10-01 14:00:00;64.719;65.049;64.709;64.869;2.2983;UCG.ITEUR
2025-10-01 15:00:00;64.879;64.989;64.629;64.819;1.79437;UCG.ITEUR
2025-10-02 07:00:00;64.809;64.839;63.879;64.049;6.00976;UCG.ITEUR
2025-10-02 08:00:00;64.069;64.179;63.599;63.859;4.08993;UCG.ITEUR
2025-10-02 09:00:00;63.859;64.029;63.679;63.829;3.77539;UCG.ITEUR
2025-10-02 10:00:00;63.819;63.869;63.659;63.789;2.34265;UCG.ITEUR
2025-10-02 11:00:00;63.799;63.819;63.509;63.539;2.18762;UCG.ITEUR
2025-10-02 12:00:00;63.539;63.739;63.399;63.419;2.13193;UCG.ITEUR
2025-10-02 13:00:00;63.419;63.529;63.259;63.369;3.69633;UCG.ITEUR
2025-10-02 14:00:00;63.379;63.869;63.369;63.489;3.34296;UCG.ITEUR
2025-10-02 15:00:00;63.479;63.669;63.329;63.599;1.55237;UCG.ITEUR
2025-10-03 07:00:00;63.839;63.989;63.629;63.689;4.53199;UCG.ITEUR
2025-10-03 08:00:00;63.669;63.779;63.419;63.499;3.11954;UCG.ITEUR
2025-10-03 09:00:00;63.489;64.089;63.489;64.029;2.71142;UCG.ITEUR
2025-10-03 10:00:00;64.039;64.279;63.939;64.219;1.97381;UCG.ITEUR
2025-10-03 11:00:00;64.219;64.229;63.799;63.829;2.79434;UCG.ITEUR
2025-10-03 12:00:00;63.819;64.069;63.799;64.059;2.00028;UCG.ITEUR
2025-10-03 13:00:00;64.069;64.209;63.909;64.009;2.86687;UCG.ITEUR
2025-10-03 14:00:00;63.979;64.049;63.619;63.739;3.01743;UCG.ITEUR
2025-10-03 15:00:00;63.729;63.849;63.669;63.779;1.29181;UCG.ITEUR
2025-10-06 07:00:00;63.529;63.729;62.369;62.549;6.55603;UCG.ITEUR
2025-10-06 08:00:00;62.539;63.129;62.509;63.059;7.32967;UCG.ITEUR
2025-10-06 09:00:00;63.049;63.069;62.859;62.929;3.58065;UCG.ITEUR
2025-10-06 10:00:00;62.939;63.269;62.869;63.219;3.21841;UCG.ITEUR
2025-10-06 11:00:00;63.229;63.399;63.069;63.189;3.0663;UCG.ITEUR
2025-10-06 12:00:00;63.199;63.469;63.039;63.429;2.75394;UCG.ITEUR
2025-10-06 13:00:00;63.439;63.569;63.279;63.309;4.19334;UCG.ITEUR
2025-10-06 14:00:00;63.319;63.539;63.139;63.339;3.05568;UCG.ITEUR
2025-10-06 15:00:00;63.329;63.389;63.209;63.359;1.26571;UCG.ITEUR
2025-10-07 07:00:00;62.899;63.179;62.619;63.089;4.35182;UCG.ITEUR
2025-10-07 08:00:00;63.099;63.309;63.019;63.259;2.86183;UCG.ITEUR
2025-10-07 09:00:00;63.269;63.509;63.189;63.389;2.42566;UCG.ITEUR
2025-10-07 10:00:00;63.399;63.789;63.339;63.739;2.37012;UCG.ITEUR
2025-10-07 11:00:00;63.739;63.859;63.619;63.669;2.26895;UCG.ITEUR
2025-10-07 12:00:00;63.649;63.759;63.469;63.569;2.08783;UCG.ITEUR
2025-10-07 13:00:00;63.569;63.629;63.199;63.219;2.65312;UCG.ITEUR
2025-10-07 14:00:00;63.209;63.259;62.939;63.189;3.37583;UCG.ITEUR
2025-10-07 15:00:00;63.179;63.249;63.049;63.109;1.85117;UCG.ITEUR
2025-10-08 07:00:00;63.359;63.589;63.089;63.519;5.23973;UCG.ITEUR
2025-10-08 08:00:00;63.509;63.919;63.469;63.629;3.95492;UCG.ITEUR
2025-10-08 09:00:00;63.629;63.809;63.319;63.409;3.29411;UCG.ITEUR
2025-10-08 10:00:00;63.419;63.659;63.399;63.639;2.44299;UCG.ITEUR
2025-10-08 11:00:00;63.619;63.739;63.509;63.699;2.34713;UCG.ITEUR
2025-10-08 12:00:00;63.699;63.939;63.629;63.929;2.29477;UCG.ITEUR
2025-10-08 13:00:00;63.919;64.049;63.799;63.969;3.14165;UCG.ITEUR
2025-10-08 14:00:00;63.969;64.429;63.969;64.329;3.81059;UCG.ITEUR
2025-10-08 15:00:00;64.309;64.459;64.199;64.399;1.35486;UCG.ITEUR
2025-10-09 07:00:00;63.659;63.769;63.419;63.659;5.18419;UCG.ITEUR
2025-10-09 08:00:00;63.669;63.759;63.479;63.589;3.65635;UCG.ITEUR
2025-10-09 09:00:00;63.589;63.729;63.429;63.659;3.35708;UCG.ITEUR
2025-10-09 10:00:00;63.649;63.909;63.569;63.779;4.55275;UCG.ITEUR
2025-10-09 11:00:00;63.769;63.909;63.699;63.769;3.11547;UCG.ITEUR
2025-10-09 12:00:00;63.779;63.829;63.559;63.639;2.22084;UCG.ITEUR
2025-10-09 13:00:00;63.639;63.779;63.259;63.389;3.46391;UCG.ITEUR
2025-10-09 14:00:00;63.379;63.659;63.349;63.589;2.66232;UCG.ITEUR
2025-10-09 15:00:00;63.589;63.679;63.479;63.579;1.46629;UCG.ITEUR
2025-10-10 07:00:00;63.849;64.109;63.769;63.979;4.2266;UCG.ITEUR
2025-10-10 08:00:00;63.979;64.039;63.369;63.589;4.68612;UCG.ITEUR
2025-10-10 09:00:00;63.579;63.599;63.159;63.229;4.00692;UCG.ITEUR
2025-10-10 10:00:00;63.219;63.479;63.199;63.459;2.93294;UCG.ITEUR
2025-10-10 11:00:00;63.449;63.499;63.289;63.399;2.01354;UCG.ITEUR
2025-10-10 12:00:00;63.399;63.409;63.159;63.289;1.66227;UCG.ITEUR
2025-10-10 13:00:00;63.279;63.339;63.159;63.289;2.02557;UCG.ITEUR
2025-10-10 14:00:00;63.289;63.329;62.749;62.939;2.71325;UCG.ITEUR
2025-10-10 15:00:00;62.909;62.979;62.289;62.539;5.7431;UCG.ITEUR
2025-10-13 07:00:00;62.589;62.879;62.409;62.739;5.832;UCG.ITEUR
2025-10-13 08:00:00;62.729;62.769;62.359;62.649;4.36464;UCG.ITEUR
2025-10-13 09:00:00;62.659;62.779;62.519;62.639;3.34512;UCG.ITEUR
2025-10-13 10:00:00;62.639;62.809;62.589;62.619;2.26692;UCG.ITEUR
2025-10-13 11:00:00;62.609;62.729;62.399;62.579;3.27996;UCG.ITEUR
2025-10-13 12:00:00;62.569;62.679;62.489;62.509;1.86732;UCG.ITEUR
2025-10-13 13:00:00;62.509;62.589;62.329;62.519;2.43864;UCG.ITEUR
2025-10-13 14:00:00;62.529;62.559;62.209;62.339;2.51856;UCG.ITEUR
2025-10-13 15:00:00;62.339;62.409;62.289;62.359;1.22796;UCG.ITEUR
2025-10-14 07:00:00;61.179;61.589;60.859;61.589;7.18272;UCG.ITEUR
2025-10-14 08:00:00;61.589;61.969;61.469;61.879;4.73904;UCG.ITEUR
2025-10-14 09:00:00;61.889;62.119;61.769;61.869;3.62916;UCG.ITEUR
2025-10-14 10:00:00;61.869;61.979;61.479;61.599;5.08068;UCG.ITEUR
2025-10-14 11:00:00;61.609;62.079;61.589;61.969;3.582;UCG.ITEUR
2025-10-14 12:00:00;61.969;62.019;61.799;61.919;2.84364;UCG.ITEUR
2025-10-14 13:00:00;61.919;62.469;61.839;62.289;5.46084;UCG.ITEUR
2025-10-14 14:00:00;62.289;62.829;62.209;62.729;3.79044;UCG.ITEUR
2025-10-14 15:00:00;62.739;62.839;62.679;62.769;1.40076;UCG.ITEUR
2025-10-15 07:00:00;63.199;63.939;63.139;63.929;5.57496;UCG.ITEUR
2025-10-15 08:00:00;63.939;64.049;63.429;63.479;4.74264;UCG.ITEUR
2025-10-15 09:00:00;63.459;63.729;63.459;63.679;3.73356;UCG.ITEUR
2025-10-15 10:00:00;63.679;63.739;63.449;63.609;2.67192;UCG.ITEUR
2025-10-15 11:00:00;63.609;63.689;63.479;63.649;2.80044;UCG.ITEUR
2025-10-15 12:00:00;63.629;63.869;63.499;63.549;2.5902;UCG.ITEUR
2025-10-15 13:00:00;63.549;63.599;62.889;62.969;5.55912;UCG.ITEUR
2025-10-15 14:00:00;62.969;63.289;62.819;62.899;4.30632;UCG.ITEUR
2025-10-15 15:00:00;62.899;62.909;62.689;62.809;1.80972;UCG.ITEUR
2025-10-16 07:00:00;62.689;62.709;61.699;62.239;7.63056;UCG.ITEUR
2025-10-16 08:00:00;62.229;62.229;61.969;62.139;5.355;UCG.ITEUR
2025-10-16 09:00:00;62.129;62.419;62.049;62.349;3.81564;UCG.ITEUR
2025-10-16 10:00:00;62.339;62.579;62.199;62.339;3.05892;UCG.ITEUR
2025-10-16 11:00:00;62.329;62.649;62.329;62.469;2.36484;UCG.ITEUR
2025-10-16 12:00:00;62.469;62.659;62.219;62.559;4.07016;UCG.ITEUR
2025-10-16 13:00:00;62.559;62.799;62.419;62.419;5.45364;UCG.ITEUR
2025-10-16 14:00:00;62.419;63.019;62.349;62.979;4.92048;UCG.ITEUR
2025-10-16 15:00:00;62.989;63.139;62.949;63.079;1.7406;UCG.ITEUR
2025-10-17 07:00:00;61.269;61.699;61.079;61.539;8.40168;UCG.ITEUR
2025-10-17 08:00:00;61.549;61.599;60.949;61.119;7.49952;UCG.ITEUR
2025-10-17 09:00:00;61.119;61.399;60.869;61.059;5.78628;UCG.ITEUR
2025-10-17 10:00:00;61.049;61.399;60.889;61.339;6.52716;UCG.ITEUR
2025-10-17 11:00:00;61.339;61.939;61.309;61.629;6.6078;UCG.ITEUR
2025-10-17 12:00:00;61.629;62.209;61.629;61.979;4.22532;UCG.ITEUR
2025-10-17 13:00:00;62.009;62.139;61.599;62.049;5.13432;UCG.ITEUR
2025-10-17 14:00:00;62.049;62.169;61.619;61.649;5.27976;UCG.ITEUR
2025-10-17 15:00:00;61.639;61.689;61.469;61.679;2.38176;UCG.ITEUR
2025-10-20 07:00:00;62.629;63.129;62.459;62.989;5.47936;UCG.ITEUR
2025-10-20 08:00:00;62.989;63.029;62.319;62.359;4.64315;UCG.ITEUR
2025-10-20 09:00:00;62.359;62.779;62.319;62.599;5.35707;UCG.ITEUR
2025-10-20 10:00:00;62.599;62.939;62.539;62.839;3.09154;UCG.ITEUR
2025-10-20 11:00:00;62.829;62.899;62.639;62.809;2.84517;UCG.ITEUR
2025-10-20 12:00:00;62.819;63.189;62.809;63.089;2.12284;UCG.ITEUR
2025-10-20 13:00:00;63.099;63.229;63.019;63.059;3.16746;UCG.ITEUR
2025-10-20 14:00:00;63.069;63.589;63.059;63.419;3.43828;UCG.ITEUR
2025-10-20 15:00:00;63.409;63.569;63.269;63.269;1.94289;UCG.ITEUR
2025-10-21 07:00:00;63.659;63.829;63.279;63.809;4.29092;UCG.ITEUR
2025-10-21 08:00:00;63.819;63.849;63.199;63.209;2.88605;UCG.ITEUR
2025-10-21 09:00:00;63.209;63.639;63.149;63.609;1.84287;UCG.ITEUR
2025-10-21 10:00:00;63.609;63.759;63.359;63.669;2.58638;UCG.ITEUR
2025-10-21 11:00:00;63.669;63.869;63.619;63.799;2.27978;UCG.ITEUR
2025-10-21 12:00:00;63.799;63.829;63.559;63.609;2.45572;UCG.ITEUR
2025-10-21 13:00:00;63.609;63.659;63.159;63.309;3.11926;UCG.ITEUR
2025-10-21 14:00:00;63.319;63.599;63.269;63.369;3.38864;UCG.ITEUR
2025-10-21 15:00:00;63.369;63.519;63.019;63.159;1.8447;UCG.ITEUR
2025-10-22 07:00:00;62.109;62.189;61.269;61.809;8.33321;UCG.ITEUR
2025-10-22 08:00:00;61.809;61.999;61.279;61.869;5.09096;UCG.ITEUR
2025-10-22 09:00:00;61.849;62.489;61.759;62.029;4.72709;UCG.ITEUR
2025-10-22 10:00:00;62.029;62.129;61.829;62.059;2.9988;UCG.ITEUR
2025-10-22 11:00:00;62.049;62.139;61.779;61.789;2.64988;UCG.ITEUR
2025-10-22 12:00:00;61.799;61.939;61.509;61.929;3.55216;UCG.ITEUR
2025-10-22 13:00:00;61.929;62.179;61.779;62.109;4.72927;UCG.ITEUR
2025-10-22 14:00:00;62.119;62.239;61.729;61.889;4.6245;UCG.ITEUR
2025-10-22 15:00:00;61.879;62.079;61.579;61.779;2.30641;UCG.ITEUR
2025-10-23 07:00:00;62.399;62.669;62.169;62.599;4.06608;UCG.ITEUR
2025-10-23 08:00:00;62.599;62.829;62.449;62.659;3.34336;UCG.ITEUR
2025-10-23 09:00:00;62.659;62.729;62.239;62.359;2.65533;UCG.ITEUR
2025-10-23 10:00:00;62.349;62.559;62.249;62.479;2.19946;UCG.ITEUR
2025-10-23 11:00:00;62.469;62.669;62.359;62.549;1.99837;UCG.ITEUR
2025-10-23 12:00:00;62.539;62.659;62.409;62.539;2.75792;UCG.ITEUR
2025-10-23 13:00:00;62.529;62.649;62.379;62.389;2.64038;UCG.ITEUR
2025-10-23 14:00:00;62.389;62.419;62.179;62.289;2.74441;UCG.ITEUR
2025-10-23 15:00:00;62.299;62.409;62.139;62.299;1.53627;UCG.ITEUR
2025-10-24 07:00:00;62.269;62.399;61.759;61.779;5.11358;UCG.ITEUR
2025-10-24 08:00:00;61.769;61.779;61.399;61.509;4.3186;UCG.ITEUR
2025-10-24 09:00:00;61.499;61.769;61.289;61.589;3.16232;UCG.ITEUR
2025-10-24 10:00:00;61.579;61.579;61.329;61.399;1.64065;UCG.ITEUR
2025-10-24 11:00:00;61.389;61.389;61.109;61.149;1.4943;UCG.ITEUR
2025-10-24 12:00:00;61.139;61.359;61.029;61.029;3.04151;UCG.ITEUR
2025-10-24 13:00:00;61.029;61.499;60.949;61.469;3.31124;UCG.ITEUR
2025-10-24 14:00:00;61.469;61.479;61.119;61.189;3.07402;UCG.ITEUR
2025-10-24 15:00:00;61.189;61.399;61.149;61.329;1.34246;UCG.ITEUR
2025-10-27 08:00:00;62.069;62.349;61.939;62.149;4.78836;UCG.ITEUR
2025-10-27 09:00:00;62.159;62.219;62.029;62.199;2.91572;UCG.ITEUR
2025-10-27 10:00:00;62.179;62.539;62.149;62.449;2.28467;UCG.ITEUR
2025-10-27 11:00:00;62.449;62.609;62.439;62.529;2.65092;UCG.ITEUR
2025-10-27 12:00:00;62.539;62.819;62.529;62.769;1.62835;UCG.ITEUR
2025-10-27 13:00:00;62.769;62.949;62.749;62.809;1.87923;UCG.ITEUR
2025-10-27 14:00:00;62.819;62.859;62.659;62.819;2.02903;UCG.ITEUR
2025-10-27 15:00:00;62.839;62.989;62.759;62.769;1.62432;UCG.ITEUR
2025-10-27 16:00:00;62.769;62.829;62.719;62.829;0.99547;UCG.ITEUR
2025-10-28 08:00:00;62.669;62.909;62.299;62.619;5.26742;UCG.ITEUR
2025-10-28 09:00:00;62.619;62.719;62.549;62.549;3.09042;UCG.ITEUR
2025-10-28 10:00:00;62.549;62.649;62.479;62.569;2.32862;UCG.ITEUR
2025-10-28 11:00:00;62.579;62.729;62.499;62.709;1.82173;UCG.ITEUR
2025-10-28 12:00:00;62.719;62.839;62.629;62.669;1.36941;UCG.ITEUR
2025-10-28 13:00:00;62.669;62.749;62.639;62.719;1.97446;UCG.ITEUR
2025-10-28 14:00:00;62.719;62.829;62.679;62.749;2.36598;UCG.ITEUR
2025-10-28 15:00:00;62.759;62.809;62.639;62.759;1.93783;UCG.ITEUR
2025-10-28 16:00:00;62.769;63.019;62.759;62.909;1.27675;UCG.ITEUR
2025-10-29 08:00:00;63.109;63.299;62.889;63.289;4.66603;UCG.ITEUR
2025-10-29 09:00:00;63.279;63.679;63.209;63.649;3.97821;UCG.ITEUR
2025-10-29 10:00:00;63.659;63.779;63.549;63.559;2.95344;UCG.ITEUR
2025-10-29 11:00:00;63.569;63.669;63.479;63.549;2.2594;UCG.ITEUR
2025-10-29 12:00:00;63.559;63.569;63.269;63.309;2.07774;UCG.ITEUR
2025-10-29 13:00:00;63.319;63.409;63.179;63.229;3.0787;UCG.ITEUR
2025-10-29 14:00:00;63.229;63.329;63.009;63.229;3.33801;UCG.ITEUR
2025-10-29 15:00:00;63.249;63.409;63.149;63.309;2.29053;UCG.ITEUR
2025-10-29 16:00:00;63.299;63.659;63.269;63.659;1.28627;UCG.ITEUR
2025-10-30 08:00:00;63.539;63.749;63.339;63.409;4.9279;UCG.ITEUR
2025-10-30 09:00:00;63.409;63.449;62.899;63.169;4.70888;UCG.ITEUR
2025-10-30 10:00:00;63.159;63.289;62.859;62.889;2.90766;UCG.ITEUR
2025-10-30 11:00:00;62.879;63.229;62.849;63.159;2.34913;UCG.ITEUR
2025-10-30 12:00:00;63.139;63.249;62.989;63.109;2.88349;UCG.ITEUR
2025-10-30 13:00:00;63.109;63.419;63.069;63.249;4.13387;UCG.ITEUR
2025-10-30 14:00:00;63.239;63.279;63.039;63.159;3.0798;UCG.ITEUR
2025-10-30 15:00:00;63.169;63.219;63.039;63.069;1.66644;UCG.ITEUR
2025-10-30 16:00:00;63.069;63.329;63.039;63.219;1.04528;UCG.ITEUR
2025-10-31 08:00:00;63.099;63.899;63.099;63.749;4.90922;UCG.ITEUR
2025-10-31 09:00:00;63.749;63.859;63.389;63.529;3.03365;UCG.ITEUR
2025-10-31 10:00:00;63.519;63.759;63.339;63.619;3.08456;UCG.ITEUR
2025-10-31 11:00:00;63.629;63.959;63.379;63.749;6.35994;UCG.ITEUR
2025-10-31 12:00:00;63.739;63.959;63.649;63.829;3.7211;UCG.ITEUR
2025-10-31 13:00:00;63.809;63.839;63.529;63.569;3.94562;UCG.ITEUR
2025-10-31 14:00:00;63.579;63.619;63.329;63.539;3.51088;UCG.ITEUR
2025-10-31 15:00:00;63.549;63.779;63.419;63.599;3.07907;UCG.ITEUR
2025-10-31 16:00:00;63.599;63.939;63.559;63.909;1.03063;UCG.ITEUR
2025-11-03 08:00:00;63.829;64.919;63.809;64.709;4.15355;UCG.ITEUR
2025-11-03 09:00:00;64.709;64.849;64.459;64.509;3.3176;UCG.ITEUR
2025-11-03 10:00:00;64.499;64.849;64.409;64.819;2.23607;UCG.ITEUR
2025-11-03 11:00:00;64.839;64.939;64.669;64.899;1.77592;UCG.ITEUR
2025-11-03 12:00:00;64.899;64.909;64.719;64.719;1.66108;UCG.ITEUR
2025-11-03 13:00:00;64.719;64.719;64.399;64.489;1.85322;UCG.ITEUR
2025-11-03 14:00:00;64.499;64.599;64.219;64.289;3.24873;UCG.ITEUR
2025-11-03 15:00:00;64.289;64.519;64.229;64.329;2.67936;UCG.ITEUR
2025-11-03 16:00:00;64.319;64.339;64.149;64.319;1.28735;UCG.ITEUR
2025-11-04 08:00:00;63.389;63.629;63.259;63.509;5.86738;UCG.ITEUR
2025-11-04 09:00:00;63.509;63.639;63.129;63.209;3.79318;UCG.ITEUR
2025-11-04 10:00:00;63.209;63.409;63.069;63.309;3.04466;UCG.ITEUR
2025-11-04 11:00:00;63.319;63.499;63.289;63.379;2.77034;UCG.ITEUR
2025-11-04 12:00:00;63.389;63.719;63.339;63.669;1.65159;UCG.ITEUR
2025-11-04 13:00:00;63.659;63.749;63.559;63.749;1.79034;UCG.ITEUR
2025-11-04 14:00:00;63.739;64.169;63.569;64.149;3.75246;UCG.ITEUR
2025-11-04 15:00:00;64.159;64.179;63.769;63.879;3.4774;UCG.ITEUR
2025-11-04 16:00:00;63.879;64.139;63.879;64.129;1.69655;UCG.ITEUR
2025-11-05 08:00:00;63.799;64.169;63.649;64.049;5.57403;UCG.ITEUR
2025-11-05 09:00:00;64.059;64.159;63.619;63.859;4.22205;UCG.ITEUR
2025-11-05 10:00:00;63.869;63.899;63.569;63.679;3.07064;UCG.ITEUR
2025-11-05 11:00:00;63.679;63.939;63.619;63.899;2.52094;UCG.ITEUR
2025-11-05 12:00:00;63.909;64.129;63.849;64.029;2.29858;UCG.ITEUR
2025-11-05 13:00:00;64.029;64.099;63.819;63.889;2.1479;UCG.ITEUR
2025-11-05 14:00:00;63.899;63.999;63.659;63.909;2.79738;UCG.ITEUR
2025-11-05 15:00:00;63.919;64.279;63.859;64.209;3.32953;UCG.ITEUR
2025-11-05 16:00:00;64.209;64.319;64.139;64.299;1.68038;UCG.ITEUR
2025-11-06 08:00:00;64.099;64.239;63.779;63.869;5.05842;UCG.ITEUR
2025-11-06 09:00:00;63.869;64.159;63.829;64.029;2.79388;UCG.ITEUR
2025-11-06 10:00:00;64.039;64.139;63.929;64.049;2.27822;UCG.ITEUR
2025-11-06 11:00:00;64.039;64.369;63.989;64.239;2.39412;UCG.ITEUR
2025-11-06 12:00:00;64.239;64.299;64.149;64.229;1.85566;UCG.ITEUR
2025-11-06 13:00:00;64.239;64.439;64.189;64.339;2.16863;UCG.ITEUR
2025-11-06 14:00:00;64.339;64.359;63.879;63.939;3.40503;UCG.ITEUR
2025-11-06 15:00:00;63.929;64.119;63.659;63.659;4.064;UCG.ITEUR
2025-11-06 16:00:00;63.669;63.829;63.609;63.739;1.8511;UCG.ITEUR
2025-11-07 08:00:00;63.479;63.759;63.349;63.639;5.74719;UCG.ITEUR
2025-11-07 09:00:00;63.649;63.699;63.099;63.099;4.22168;UCG.ITEUR
2025-11-07 10:00:00;63.099;63.229;62.889;62.959;3.06009;UCG.ITEUR
2025-11-07 11:00:00;62.959;62.969;62.449;62.879;4.12301;UCG.ITEUR
2025-11-07 12:00:00;62.889;62.989;62.799;62.879;3.12016;UCG.ITEUR
2025-11-07 13:00:00;62.869;63.009;62.689;62.869;2.30982;UCG.ITEUR
2025-11-07 14:00:00;62.879;63.129;62.649;63.119;3.3966;UCG.ITEUR
2025-11-07 15:00:00;63.119;63.359;62.909;62.949;3.65305;UCG.ITEUR
2025-11-07 16:00:00;62.949;63.019;62.779;62.849;1.33687;UCG.ITEUR
2025-11-10 08:00:00;64.159;64.509;63.889;64.399;7.13297;UCG.ITEUR
2025-11-10 09:00:00;64.389;64.859;64.369;64.799;3.82065;UCG.ITEUR
2025-11-10 10:00:00;64.789;65.019;64.769;65.019;2.696;UCG.ITEUR
2025-11-10 11:00:00;65.009;65.149;64.809;65.099;2.57546;UCG.ITEUR
2025-11-10 12:00:00;65.089;65.219;65.039;65.119;2.44378;UCG.ITEUR
2025-11-10 13:00:00;65.119;65.489;65.119;65.419;1.9803;UCG.ITEUR
2025-11-10 14:00:00;65.429;65.509;65.149;65.279;3.03928;UCG.ITEUR
2025-11-10 15:00:00;65.279;65.619;65.259;65.559;2.75948;UCG.ITEUR
2025-11-10 16:00:00;65.559;65.639;65.469;65.549;1.22369;UCG.ITEUR
2025-11-11 08:00:00;66.119;66.209;65.729;65.749;5.16882;UCG.ITEUR
2025-11-11 09:00:00;65.739;65.979;65.729;65.929;3.67715;UCG.ITEUR
2025-11-11 10:00:00;65.939;66.019;65.829;66.019;2.69814;UCG.ITEUR
2025-11-11 11:00:00;66.029;66.209;65.979;66.079;1.87445;UCG.ITEUR
2025-11-11 12:00:00;66.079;66.409;66.069;66.369;1.46083;UCG.ITEUR
2025-11-11 13:00:00;66.369;66.469;66.199;66.419;1.65132;UCG.ITEUR
2025-11-11 14:00:00;66.419;66.469;66.289;66.329;1.8655;UCG.ITEUR
2025-11-11 15:00:00;66.329;66.389;66.159;66.209;2.40934;UCG.ITEUR
2025-11-11 16:00:00;66.209;66.599;66.199;66.589;1.24198;UCG.ITEUR
2025-11-12 08:00:00;67.079;68.019;67.079;67.809;6.77782;UCG.ITEUR
2025-11-12 09:00:00;67.799;68.009;67.669;67.899;3.73815;UCG.ITEUR
2025-11-12 10:00:00;67.909;67.989;67.689;67.969;2.84592;UCG.ITEUR
2025-11-12 11:00:00;67.989;68.249;67.949;68.209;2.50298;UCG.ITEUR
2025-11-12 12:00:00;68.209;68.289;68.099;68.209;1.91142;UCG.ITEUR
2025-11-12 13:00:00;68.219;68.349;68.149;68.199;2.40321;UCG.ITEUR
2025-11-12 14:00:00;68.199;68.219;67.819;67.959;3.78373;UCG.ITEUR
2025-11-12 15:00:00;67.969;68.199;67.719;67.989;3.04395;UCG.ITEUR
2025-11-12 16:00:00;67.989;68.139;67.959;68.099;1.6646;UCG.ITEUR
2025-11-13 08:00:00;68.269;68.389;67.949;68.239;4.21564;UCG.ITEUR
2025-11-13 09:00:00;68.239;68.259;67.879;68.049;4.54856;UCG.ITEUR
2025-11-13 10:00:00;68.049;68.229;67.959;67.959;2.20951;UCG.ITEUR
2025-11-13 11:00:00;67.949;68.039;67.899;67.929;1.73382;UCG.ITEUR
2025-11-13 12:00:00;67.919;68.079;67.689;68.019;2.13669;UCG.ITEUR
2025-11-13 13:00:00;68.019;68.099;67.949;68.069;2.02262;UCG.ITEUR
2025-11-13 14:00:00;68.089;68.129;67.769;68.009;3.08199;UCG.ITEUR
2025-11-13 15:00:00;68.019;68.059;67.609;67.869;3.20146;UCG.ITEUR
2025-11-13 16:00:00;67.889;67.979;67.699;67.799;1.93793;UCG.ITEUR
2025-11-14 08:00:00;66.719;66.799;66.239;66.599;7.34744;UCG.ITEUR
2025-11-14 09:00:00;66.599;66.709;66.179;66.299;5.01384;UCG.ITEUR
2025-11-14 10:00:00;66.309;66.519;66.249;66.379;4.03804;UCG.ITEUR
2025-11-14 11:00:00;66.369;66.419;65.319;65.479;5.73382;UCG.ITEUR
2025-11-14 12:00:00;65.469;65.469;65.049;65.359;5.72915;UCG.ITEUR
2025-11-14 13:00:00;65.349;65.369;64.749;65.139;6.33511;UCG.ITEUR
2025-11-14 14:00:00;65.139;65.229;64.759;65.139;5.17057;UCG.ITEUR
2025-11-14 15:00:00;65.139;65.189;64.699;64.869;5.39837;UCG.ITEUR
2025-11-14 16:00:00;64.879;64.879;64.399;64.439;2.79465;UCG.ITEUR
2025-11-17 08:00:00;64.729;64.939;64.209;64.309;5.45799;UCG.ITEUR
2025-11-17 09:00:00;64.309;64.359;63.769;63.879;4.92228;UCG.ITEUR
2025-11-17 10:00:00;63.869;64.159;63.759;63.799;4.54389;UCG.ITEUR
2025-11-17 11:00:00;63.809;64.009;63.629;63.859;3.7041;UCG.ITEUR
2025-11-17 12:00:00;63.849;63.989;63.639;63.909;3.15306;UCG.ITEUR
2025-11-17 13:00:00;63.909;63.979;63.599;63.789;3.35604;UCG.ITEUR
2025-11-17 14:00:00;63.779;64.059;63.779;63.999;4.18119;UCG.ITEUR
2025-11-17 15:00:00;64.009;64.089;63.589;63.649;4.21434;UCG.ITEUR
2025-11-17 16:00:00;63.639;63.889;63.539;63.879;1.84629;UCG.ITEUR
2025-11-18 08:00:00;62.579;62.829;62.169;62.689;8.69649;UCG.ITEUR
2025-11-18 09:00:00;62.689;63.289;62.539;63.099;6.57153;UCG.ITEUR
2025-11-18 10:00:00;63.099;63.159;62.749;63.119;4.04586;UCG.ITEUR
2025-11-18 11:00:00;63.119;63.129;62.729;62.849;3.38463;UCG.ITEUR
2025-11-18 12:00:00;62.859;62.949;62.619;62.709;4.08528;UCG.ITEUR
2025-11-18 13:00:00;62.709;62.839;62.459;62.469;4.07064;UCG.ITEUR
2025-11-18 14:00:00;62.469;62.699;62.209;62.359;6.09621;UCG.ITEUR
2025-11-18 15:00:00;62.359;62.509;62.059;62.379;7.79919;UCG.ITEUR
2025-11-18 16:00:00;62.359;62.639;62.319;62.619;2.47998;UCG.ITEUR
2025-11-19 08:00:00;62.199;62.319;61.699;61.719;6.95028;UCG.ITEUR
2025-11-19 09:00:00;61.719;62.059;61.609;61.969;5.61072;UCG.ITEUR
2025-11-19 10:00:00;61.969;62.049;61.709;61.969;4.02216;UCG.ITEUR
2025-11-19 11:00:00;61.979;62.569;61.969;62.289;4.99971;UCG.ITEUR
2025-11-19 12:00:00;62.289;62.349;62.179;62.199;3.40521;UCG.ITEUR
2025-11-19 13:00:00;62.209;62.439;62.189;62.309;3.31941;UCG.ITEUR
2025-11-19 14:00:00;62.309;62.539;62.109;62.519;2.76282;UCG.ITEUR
2025-11-19 15:00:00;62.509;62.549;62.099;62.129;3.60366;UCG.ITEUR
2025-11-19 16:00:00;62.129;62.199;61.839;61.949;2.53962;UCG.ITEUR
2025-11-20 08:00:00;63.029;63.189;62.749;63.009;5.69898;UCG.ITEUR
2025-11-20 09:00:00;63.019;63.019;62.649;62.869;5.19432;UCG.ITEUR
2025-11-20 10:00:00;62.859;63.329;62.809;63.149;3.66471;UCG.ITEUR
2025-11-20 11:00:00;63.139;63.149;62.749;62.809;3.28977;UCG.ITEUR
2025-11-20 12:00:00;62.809;63.059;62.729;63.029;2.32758;UCG.ITEUR
2025-11-20 13:00:00;63.029;63.329;62.989;63.279;2.63169;UCG.ITEUR
2025-11-20 14:00:00;63.289;63.359;63.059;63.279;3.62457;UCG.ITEUR
2025-11-20 15:00:00;63.289;63.399;63.209;63.279;3.16773;UCG.ITEUR
2025-11-20 16:00:00;63.279;63.279;62.889;62.919;2.76492;UCG.ITEUR
2025-11-21 08:00:00;61.879;62.609;61.759;62.609;7.30287;UCG.ITEUR
2025-11-21 09:00:00;62.619;62.749;62.149;62.259;6.41496;UCG.ITEUR
2025-11-21 10:00:00;62.249;62.269;61.829;62.119;6.06585;UCG.ITEUR
2025-11-21 11:00:00;62.129;62.429;62.049;62.159;4.36113;UCG.ITEUR
2025-11-21 12:00:00;62.169;62.539;61.899;62.519;5.52948;UCG.ITEUR
2025-11-21 13:00:00;62.509;62.849;62.459;62.819;3.45543;UCG.ITEUR
2025-11-21 14:00:00;62.819;62.989;62.599;62.769;5.84826;UCG.ITEUR
2025-11-21 15:00:00;62.779;62.799;62.309;62.499;7.70085;UCG.ITEUR
2025-11-21 16:00:00;62.499;62.839;62.259;62.749;2.88558;UCG.ITEUR
2025-11-24 08:00:00;62.509;62.779;62.389;62.569;5.45556;UCG.ITEUR
2025-11-24 09:00:00;62.579;62.589;61.619;61.789;6.51348;UCG.ITEUR
2025-11-24 10:00:00;61.799;62.029;61.339;61.399;5.28586;UCG.ITEUR
2025-11-24 11:00:00;61.409;61.429;61.119;61.269;3.94054;UCG.ITEUR
2025-11-24 12:00:00;61.269;61.429;61.139;61.369;3.62234;UCG.ITEUR
2025-11-24 13:00:00;61.369;61.689;61.289;61.299;3.42607;UCG.ITEUR
2025-11-24 14:00:00;61.299;61.949;61.289;61.949;5.8107;UCG.ITEUR
2025-11-24 15:00:00;61.959;62.139;61.869;61.959;3.63632;UCG.ITEUR
2025-11-24 16:00:00;61.949;61.959;61.729;61.729;1.47339;UCG.ITEUR
2025-11-25 08:00:00;61.449;61.829;61.089;61.299;6.56875;UCG.ITEUR
2025-11-25 09:00:00;61.299;61.599;61.109;61.509;6.35458;UCG.ITEUR
2025-11-25 10:00:00;61.519;61.599;61.209;61.549;4.29605;UCG.ITEUR
2025-11-25 11:00:00;61.559;61.709;61.449;61.589;3.46665;UCG.ITEUR
2025-11-25 12:00:00;61.589;62.859;61.569;62.099;5.67115;UCG.ITEUR
2025-11-25 13:00:00;62.099;62.899;62.089;62.889;4.88406;UCG.ITEUR
2025-11-25 14:00:00;62.889;63.149;62.629;62.989;5.69269;UCG.ITEUR
2025-11-25 15:00:00;62.999;63.489;62.759;63.179;6.2678;UCG.ITEUR
2025-11-25 16:00:00;63.179;63.269;63.109;63.129;1.8031;UCG.ITEUR
2025-11-26 08:00:00;63.769;64.039;63.289;63.439;6.74095;UCG.ITEUR
2025-11-26 09:00:00;63.419;63.479;63.109;63.379;5.19436;UCG.ITEUR
2025-11-26 10:00:00;63.379;63.579;63.189;63.499;3.02825;UCG.ITEUR
2025-11-26 11:00:00;63.509;63.589;63.239;63.439;4.19597;UCG.ITEUR
2025-11-26 12:00:00;63.409;63.599;63.119;63.599;5.05913;UCG.ITEUR
2025-11-26 13:00:00;63.599;63.949;63.559;63.849;3.14626;UCG.ITEUR
2025-11-26 14:00:00;63.849;63.959;63.569;63.599;3.59577;UCG.ITEUR
2025-11-26 15:00:00;63.589;63.669;63.419;63.619;4.28386;UCG.ITEUR
2025-11-26 16:00:00;63.629;63.869;63.559;63.749;1.43034;UCG.ITEUR
2025-11-27 08:00:00;63.389;63.939;63.349;63.839;5.59582;UCG.ITEUR
2025-11-27 09:00:00;63.829;63.869;63.449;63.459;4.04602;UCG.ITEUR
2025-11-27 10:00:00;63.449;63.639;63.389;63.519;3.05908;UCG.ITEUR
2025-11-27 11:00:00;63.519;63.669;63.469;63.569;2.17978;UCG.ITEUR
2025-11-27 12:00:00;63.569;63.789;63.539;63.709;1.61618;UCG.ITEUR
2025-11-27 13:00:00;63.709;63.959;63.539;63.709;3.52797;UCG.ITEUR
2025-11-27 14:00:00;63.709;64.099;63.679;64.099;3.44832;UCG.ITEUR
2025-11-27 15:00:00;64.099;64.149;63.939;64.119;1.91071;UCG.ITEUR
2025-11-27 16:00:00;64.119;64.139;64.029;64.119;0.83051;UCG.ITEUR
2025-11-28 08:00:00;64.059;64.079;63.719;63.999;2.74051;UCG.ITEUR
2025-11-28 09:00:00;63.999;64.129;63.819;64.019;2.45962;UCG.ITEUR
2025-11-28 10:00:00;64.029;64.139;63.949;64.129;1.95555;UCG.ITEUR
2025-11-28 11:00:00;64.129;64.139;63.759;63.919;1.70336;UCG.ITEUR
2025-11-28 12:00:00;63.929;64.039;63.919;63.949;1.42281;UCG.ITEUR
2025-11-28 13:00:00;63.939;64.079;63.929;63.969;1.30048;UCG.ITEUR
2025-11-28 14:00:00;63.969;64.229;63.969;63.989;2.10516;UCG.ITEUR
2025-11-28 15:00:00;63.989;64.159;63.979;64.049;1.63698;UCG.ITEUR
2025-11-28 16:00:00;64.029;64.119;63.989;64.079;1.02746;UCG.ITEUR
2025-12-01 08:00:00;64.229;64.409;63.809;63.819;4.31718;UCG.ITEUR
2025-12-01 09:00:00;63.839;64.029;63.739;63.779;4.31295;UCG.ITEUR
2025-12-01 10:00:00;63.789;64.249;63.789;64.049;3.33544;UCG.ITEUR
2025-12-01 11:00:00;64.039;64.129;63.949;64.089;2.64807;UCG.ITEUR
2025-12-01 12:00:00;64.089;64.089;63.839;63.959;2.4598;UCG.ITEUR
2025-12-01 13:00:00;63.959;64.079;63.819;64.049;2.23324;UCG.ITEUR
2025-12-01 14:00:00;64.039;64.169;63.959;64.169;2.94451;UCG.ITEUR
2025-12-01 15:00:00;64.169;64.499;64.019;64.499;2.91746;UCG.ITEUR
2025-12-01 16:00:00;64.489;64.879;64.439;64.779;1.6621;UCG.ITEUR
2025-12-02 08:00:00;64.949;65.969;64.909;65.959;5.11908;UCG.ITEUR
2025-12-02 09:00:00;65.969;66.149;65.639;65.929;4.81245;UCG.ITEUR
2025-12-02 10:00:00;65.929;66.009;65.539;65.639;2.90097;UCG.ITEUR
2025-12-02 11:00:00;65.649;65.729;65.419;65.429;2.22481;UCG.ITEUR
2025-12-02 12:00:00;65.419;65.619;65.279;65.349;2.92061;UCG.ITEUR
2025-12-02 13:00:00;65.349;65.349;65.009;65.199;3.56938;UCG.ITEUR
2025-12-02 14:00:00;65.209;65.409;65.099;65.289;3.79699;UCG.ITEUR
2025-12-02 15:00:00;65.307;65.589;65.149;65.589;3.56691;UCG.ITEUR
2025-12-02 16:00:00;65.609;65.739;65.409;65.469;1.97154;UCG.ITEUR
2025-12-03 08:00:00;65.719;66.039;65.399;65.989;4.51706;UCG.ITEUR
2025-12-03 09:00:00;65.999;66.529;65.929;66.409;3.66035;UCG.ITEUR
2025-12-03 10:00:00;66.409;66.759;66.099;66.139;3.40115;UCG.ITEUR
2025-12-03 11:00:00;66.129;66.269;66.069;66.219;2.63612;UCG.ITEUR
2025-12-03 12:00:00;66.199;66.649;66.069;66.629;1.76431;UCG.ITEUR
2025-12-03 13:00:00;66.619;66.669;66.049;66.049;2.61398;UCG.ITEUR
2025-12-03 14:00:00;66.069;66.159;65.639;65.859;5.85706;UCG.ITEUR
2025-12-03 15:00:00;65.869;66.039;65.559;65.589;3.89003;UCG.ITEUR
2025-12-03 16:00:00;65.579;65.619;65.379;65.449;1.87109;UCG.ITEUR
2025-12-04 08:00:00;65.589;65.679;65.039;65.079;5.41308;UCG.ITEUR
2025-12-04 09:00:00;65.089;65.159;64.769;65.139;5.5785;UCG.ITEUR
2025-12-04 10:00:00;65.139;65.349;65.139;65.299;2.67966;UCG.ITEUR
2025-12-04 11:00:00;65.289;65.519;65.239;65.449;2.26903;UCG.ITEUR
2025-12-04 12:00:00;65.449;65.519;65.089;65.229;2.51177;UCG.ITEUR
2025-12-04 13:00:00;65.229;65.479;65.209;65.289;2.6347;UCG.ITEUR
2025-12-04 14:00:00;65.279;65.439;65.219;65.299;4.21006;UCG.ITEUR
2025-12-04 15:00:00;65.289;65.689;65.239;65.579;3.54057;UCG.ITEUR
2025-12-04 16:00:00;65.559;65.779;65.549;65.709;1.44082;UCG.ITEUR
2025-12-05 09:00:00;66.009;66.049;65.789;65.979;1.54865;UCG.ITEUR
2025-12-05 10:00:00;65.969;65.989;65.719;65.879;2.60484;UCG.ITEUR
2025-12-05 11:00:00;65.889;65.969;65.749;65.879;2.86478;UCG.ITEUR
2025-12-05 12:00:00;65.889;65.919;65.709;65.839;2.28135;UCG.ITEUR
2025-12-05 13:00:00;65.849;65.949;65.569;65.649;1.83598;UCG.ITEUR
2025-12-05 14:00:00;65.639;65.839;65.539;65.609;3.19284;UCG.ITEUR
2025-12-05 15:00:00;65.609;65.829;65.489;65.529;2.68389;UCG.ITEUR
2025-12-05 16:00:00;65.529;65.569;65.139;65.149;1.78645;UCG.ITEUR
2025-12-08 08:00:00;65.019;65.209;64.569;64.709;3.79056;UCG.ITEUR
2025-12-08 09:00:00;64.709;65.039;64.659;64.989;2.70724;UCG.ITEUR
2025-12-08 10:00:00;64.979;65.109;64.959;65.079;1.81368;UCG.ITEUR
2025-12-08 11:00:00;65.079;65.129;64.939;64.979;1.23304;UCG.ITEUR
2025-12-08 12:00:00;64.979;65.089;64.919;64.999;1.06296;UCG.ITEUR
2025-12-08 13:00:00;65.009;65.149;64.939;65.109;1.34104;UCG.ITEUR
2025-12-08 14:00:00;65.109;65.239;64.969;65.159;2.562;UCG.ITEUR
2025-12-08 15:00:00;65.149;65.189;64.909;64.919;2.3198;UCG.ITEUR
2025-12-08 16:00:00;64.909;65.049;64.869;65.029;1.26652;UCG.ITEUR
2025-12-09 08:00:00;65.709;66.149;65.699;65.819;4.76552;UCG.ITEUR
2025-12-09 09:00:00;65.829;65.859;65.359;65.559;4.32564;UCG.ITEUR
2025-12-09 10:00:00;65.549;65.549;65.269;65.339;3.419;UCG.ITEUR
2025-12-09 11:00:00;65.339;65.349;65.069;65.199;2.50024;UCG.ITEUR
2025-12-09 12:00:00;65.209;65.309;65.099;65.239;1.78816;UCG.ITEUR
2025-12-09 13:00:00;65.239;65.469;65.229;65.449;1.72744;UCG.ITEUR
2025-12-09 14:00:00;65.449;65.609;65.309;65.599;2.49716;UCG.ITEUR
2025-12-09 15:00:00;65.619;65.789;65.569;65.659;1.89544;UCG.ITEUR
2025-12-09 16:00:00;65.659;65.739;65.619;65.699;0.59652;UCG.ITEUR
2025-12-10 08:00:00;65.909;66.009;65.669;65.969;4.68964;UCG.ITEUR
2025-12-10 09:00:00;65.969;66.229;65.719;66.049;3.53044;UCG.ITEUR
2025-12-10 10:00:00;66.049;66.099;65.919;66.019;2.33636;UCG.ITEUR
2025-12-10 11:00:00;66.009;66.259;65.969;66.249;1.7326;UCG.ITEUR
2025-12-10 12:00:00;66.259;66.399;66.169;66.299;1.68568;UCG.ITEUR
2025-12-10 13:00:00;66.299;66.359;66.129;66.249;1.39104;UCG.ITEUR
2025-12-10 14:00:00;66.249;66.639;66.239;66.539;2.42192;UCG.ITEUR
2025-12-10 15:00:00;66.549;66.729;66.469;66.549;2.50644;UCG.ITEUR
2025-12-10 16:00:00;66.549;66.659;66.529;66.569;0.92392;UCG.ITEUR
2025-12-11 08:00:00;66.779;67.449;66.729;67.449;5.3786;UCG.ITEUR
2025-12-11 09:00:00;67.449;67.469;67.289;67.399;4.58752;UCG.ITEUR
2025-12-11 10:00:00;67.409;67.869;67.329;67.809;3.79228;UCG.ITEUR
2025-12-11 11:00:00;67.819;67.939;67.759;67.839;3.69052;UCG.ITEUR
2025-12-11 12:00:00;67.859;68.219;67.859;68.069;2.67964;UCG.ITEUR
2025-12-11 13:00:00;68.069;68.369;67.999;68.349;2.84592;UCG.ITEUR
2025-12-11 14:00:00;68.349;68.699;68.079;68.179;5.7326;UCG.ITEUR
2025-12-11 15:00:00;68.179;68.439;68.139;68.329;3.98964;UCG.ITEUR
2025-12-11 16:00:00;68.319;68.349;68.179;68.289;2.18632;UCG.ITEUR
2025-12-12 08:00:00;69.179;69.379;68.969;69.039;5.00704;UCG.ITEUR
2025-12-12 09:00:00;69.029;69.099;68.799;68.889;3.92512;UCG.ITEUR
2025-12-12 10:00:00;68.899;69.039;68.779;68.969;3.26616;UCG.ITEUR
2025-12-12 11:00:00;68.969;68.969;68.579;68.739;2.82488;UCG.ITEUR
2025-12-12 12:00:00;68.729;68.919;68.579;68.699;2.37776;UCG.ITEUR
2025-12-12 13:00:00;68.689;68.739;68.499;68.629;2.35636;UCG.ITEUR
2025-12-12 14:00:00;68.629;68.979;68.629;68.739;3.4528;UCG.ITEUR
2025-12-12 15:00:00;68.729;68.769;67.689;67.739;6.6072;UCG.ITEUR
2025-12-12 16:00:00;67.719;67.899;67.599;67.769;3.58528;UCG.ITEUR
2025-12-15 08:00:00;68.129;68.159;67.739;68.019;4.7376;UCG.ITEUR
2025-12-15 09:00:00;68.029;68.219;67.979;68.109;3.5441;UCG.ITEUR
2025-12-15 10:00:00;68.109;68.219;68.019;68.159;2.17635;UCG.ITEUR
2025-12-15 11:00:00;68.169;68.569;68.129;68.529;2.3552;UCG.ITEUR
2025-12-15 12:00:00;68.529;68.799;68.529;68.779;2.37175;UCG.ITEUR
2025-12-15 13:00:00;68.769;68.949;68.689;68.829;1.8186;UCG.ITEUR
2025-12-15 14:00:00;68.829;68.999;68.679;68.699;3.1171;UCG.ITEUR
2025-12-15 15:00:00;68.699;68.949;68.659;68.889;3.67265;UCG.ITEUR
2025-12-15 16:00:00;68.859;68.969;68.779;68.959;1.3237;UCG.ITEUR
2025-12-16 08:00:00;69.909;70.409;69.909;70.209;5.8413;UCG.ITEUR
2025-12-16 09:00:00;70.199;70.339;69.929;69.979;4.76405;UCG.ITEUR
2025-12-16 10:00:00;69.969;70.079;69.819;69.859;4.0625;UCG.ITEUR
2025-12-16 11:00:00;69.849;70.229;69.829;70.059;3.0356;UCG.ITEUR
2025-12-16 12:00:00;70.049;70.169;69.989;70.099;2.58575;UCG.ITEUR
2025-12-16 13:00:00;70.109;70.219;69.979;70.139;2.4771;UCG.ITEUR
2025-12-16 14:00:00;70.139;70.189;69.699;69.739;4.2089;UCG.ITEUR
2025-12-16 15:00:00;69.739;69.919;69.539;69.729;4.62595;UCG.ITEUR
2025-12-16 16:00:00;69.729;69.809;69.629;69.789;1.75;UCG.ITEUR
2025-12-17 08:00:00;69.999;70.279;69.879;70.059;4.93565;UCG.ITEUR
2025-12-17 09:00:00;70.069;70.379;69.949;70.279;3.2032;UCG.ITEUR
2025-12-17 10:00:00;70.279;70.409;70.219;70.399;2.31975;UCG.ITEUR
2025-12-17 11:00:00;70.399;70.579;70.349;70.509;2.47975;UCG.ITEUR
2025-12-17 12:00:00;70.499;70.609;70.369;70.519;2.03985;UCG.ITEUR
2025-12-17 13:00:00;70.519;70.519;70.269;70.419;2.60065;UCG.ITEUR
2025-12-17 14:00:00;70.419;70.539;70.239;70.489;3.17075;UCG.ITEUR
2025-12-17 15:00:00;70.479;70.599;70.429;70.469;2.64175;UCG.ITEUR
2025-12-17 16:00:00;70.459;70.649;70.429;70.639;1.61685;UCG.ITEUR
2025-12-18 08:00:00;70.359;70.859;70.069;70.339;5.3782;UCG.ITEUR
2025-12-18 09:00:00;70.339;70.549;70.029;70.459;4.8184;UCG.ITEUR
2025-12-18 10:00:00;70.469;70.659;70.399;70.589;2.71925;UCG.ITEUR
2025-12-18 11:00:00;70.589;70.659;70.459;70.539;2.0498;UCG.ITEUR
2025-12-18 12:00:00;70.539;70.619;70.449;70.589;2.3307;UCG.ITEUR
2025-12-18 13:00:00;70.589;70.879;70.569;70.819;3.2973;UCG.ITEUR
2025-12-18 14:00:00;70.819;70.899;70.409;70.479;3.90315;UCG.ITEUR
2025-12-18 15:00:00;70.489;70.829;70.489;70.829;3.4361;UCG.ITEUR
2025-12-18 16:00:00;70.819;70.879;70.789;70.849;1.2624;UCG.ITEUR
2025-12-19 08:00:00;70.739;70.769;70.099;70.149;5.18975;UCG.ITEUR
2025-12-19 09:00:00;70.139;70.459;70.029;70.449;5.15265;UCG.ITEUR
2025-12-19 10:00:00;70.449;70.529;70.319;70.449;3.4331;UCG.ITEUR
2025-12-19 11:00:00;70.439;70.489;70.259;70.359;3.32675;UCG.ITEUR
2025-12-19 12:00:00;70.359;70.519;70.239;70.269;2.59105;UCG.ITEUR
2025-12-19 13:00:00;70.269;70.509;70.229;70.509;2.58345;UCG.ITEUR
2025-12-19 14:00:00;70.519;70.569;70.339;70.349;3.60965;UCG.ITEUR
2025-12-19 15:00:00;70.339;70.469;70.149;70.229;3.5007;UCG.ITEUR
2025-12-19 16:00:00;70.229;70.329;70.199;70.269;1.63705;UCG.ITEUR
2025-12-22 08:00:00;70.309;70.459;70.169;70.239;3.49824;UCG.ITEUR
2025-12-22 09:00:00;70.229;70.479;70.029;70.279;4.07072;UCG.ITEUR
2025-12-22 10:00:00;70.279;70.489;70.279;70.419;2.608;UCG.ITEUR
2025-12-22 11:00:00;70.429;70.439;70.199;70.239;1.75136;UCG.ITEUR
2025-12-22 12:00:00;70.229;70.359;70.149;70.149;2.09536;UCG.ITEUR
2025-12-22 13:00:00;70.149;70.239;70.109;70.149;2.11232;UCG.ITEUR
2025-12-22 14:00:00;70.159;70.159;69.699;69.909;3.9072;UCG.ITEUR
2025-12-22 15:00:00;69.919;69.979;69.759;69.909;3.08736;UCG.ITEUR
2025-12-22 16:00:00;69.919;70.019;69.809;69.949;1.28096;UCG.ITEUR
2025-12-23 08:00:00;69.919;70.139;69.439;69.599;3.2112;UCG.ITEUR
2025-12-23 09:00:00;69.589;69.749;69.459;69.529;3.38752;UCG.ITEUR
2025-12-23 10:00:00;69.539;69.689;69.339;69.349;1.74432;UCG.ITEUR
2025-12-23 11:00:00;69.339;69.429;69.249;69.289;1.45248;UCG.ITEUR
2025-12-23 12:00:00;69.289;69.349;69.229;69.239;1.16608;UCG.ITEUR
2025-12-23 13:00:00;69.249;69.639;69.239;69.619;2.38496;UCG.ITEUR
2025-12-23 14:00:00;69.609;69.949;69.589;69.899;2.1184;UCG.ITEUR
2025-12-23 15:00:00;69.899;70.129;69.799;70.049;2.52288;UCG.ITEUR
2025-12-23 16:00:00;70.039;70.169;69.979;70.019;1.24768;UCG.ITEUR
2025-12-29 08:00:00;69.759;69.819;69.259;69.409;3.98573;UCG.ITEUR
2025-12-29 09:00:00;69.419;69.579;69.369;69.519;3.80583;UCG.ITEUR
2025-12-29 10:00:00;69.519;69.779;69.479;69.739;2.15332;UCG.ITEUR
2025-12-29 11:00:00;69.749;69.849;69.629;69.819;1.65861;UCG.ITEUR
2025-12-29 12:00:00;69.809;69.819;69.509;69.569;1.7598;UCG.ITEUR
2025-12-29 13:00:00;69.569;69.769;69.539;69.739;1.72735;UCG.ITEUR
2025-12-29 14:00:00;69.749;69.749;69.379;69.459;3.36667;UCG.ITEUR
2025-12-29 15:00:00;69.459;69.489;69.209;69.329;2.63487;UCG.ITEUR
2025-12-29 16:00:00;69.339;69.399;69.279;69.289;1.35662;UCG.ITEUR
2025-12-30 08:00:00;70.169;70.559;70.079;70.469;3.90411;UCG.ITEUR
2025-12-30 09:00:00;70.469;70.769;70.439;70.719;2.51473;UCG.ITEUR
2025-12-30 10:00:00;70.729;70.829;70.659;70.789;2.47457;UCG.ITEUR
2025-12-30 11:00:00;70.789;70.989;70.699;70.969;2.0425;UCG.ITEUR
2025-12-30 12:00:00;70.979;71.009;70.829;70.959;1.97856;UCG.ITEUR
2025-12-30 13:00:00;70.969;71.179;70.969;71.109;1.87641;UCG.ITEUR
2025-12-30 14:00:00;71.119;71.149;70.719;70.839;2.63103;UCG.ITEUR
2025-12-30 15:00:00;70.829;71.069;70.779;70.999;2.55969;UCG.ITEUR
2025-12-30 16:00:00;70.989;71.059;70.979;71.019;1.01193;UCG.ITEUR
2026-01-02 08:00:00;71.049;71.519;71.049;71.379;4.07794;UCG.ITEUR
2026-01-02 09:00:00;71.389;71.429;70.789;71.039;4.09463;UCG.ITEUR
2026-01-02 10:00:00;71.049;71.119;70.489;70.699;3.69724;UCG.ITEUR
2026-01-02 11:00:00;70.689;70.829;70.569;70.819;2.68178;UCG.ITEUR
2026-01-02 12:00:00;70.819;70.939;70.629;70.649;2.7168;UCG.ITEUR
2026-01-02 13:00:00;70.659;70.989;70.639;70.939;1.98082;UCG.ITEUR
2026-01-02 14:00:00;70.939;70.969;70.659;70.679;3.44504;UCG.ITEUR
2026-01-02 15:00:00;70.679;70.969;70.649;70.929;3.99344;UCG.ITEUR
2026-01-02 16:00:00;70.939;70.969;70.659;70.849;2.58508;UCG.ITEUR
2026-01-05 08:00:00;71.279;71.329;71.009;71.229;6.81385;UCG.ITEUR
2026-01-05 09:00:00;71.239;71.359;71.079;71.279;3.992;UCG.ITEUR
2026-01-05 10:00:00;71.269;71.339;71.039;71.109;2.89645;UCG.ITEUR
2026-01-05 11:00:00;71.109;71.399;71.059;71.149;2.77215;UCG.ITEUR
2026-01-05 12:00:00;71.139;71.189;70.699;70.849;3.2506;UCG.ITEUR
2026-01-05 13:00:00;70.869;71.179;70.819;71.089;2.78265;UCG.ITEUR
2026-01-05 14:00:00;71.099;71.329;70.979;71.329;3.31305;UCG.ITEUR
2026-01-05 15:00:00;71.329;71.809;71.269;71.699;3.84695;UCG.ITEUR
2026-01-05 16:00:00;71.699;71.709;71.339;71.389;1.61285;UCG.ITEUR
2026-01-06 08:00:00;72.449;73.079;72.079;72.089;5.94275;UCG.ITEUR
2026-01-06 09:00:00;72.099;72.189;71.169;71.199;6.67425;UCG.ITEUR
2026-01-06 10:00:00;71.219;71.539;71.189;71.439;3.6535;UCG.ITEUR
2026-01-06 11:00:00;71.439;71.699;71.379;71.409;2.35205;UCG.ITEUR
2026-01-06 12:00:00;71.399;71.459;71.259;71.409;2.1149;UCG.ITEUR
2026-01-06 13:00:00;71.419;71.459;71.219;71.449;2.6067;UCG.ITEUR
2026-01-06 14:00:00;71.449;71.459;71.039;71.279;3.73505;UCG.ITEUR
2026-01-06 15:00:00;71.279;71.359;71.019;71.159;4.1501;UCG.ITEUR
2026-01-06 16:00:00;71.139;71.149;70.849;70.859;2.1034;UCG.ITEUR
2026-01-07 08:00:00;70.799;71.379;70.709;71.099;5.3489;UCG.ITEUR
2026-01-07 09:00:00;71.089;71.119;70.799;70.839;5.24915;UCG.ITEUR
2026-01-07 10:00:00;70.849;70.949;70.269;70.549;4.8545;UCG.ITEUR
2026-01-07 11:00:00;70.559;70.779;70.509;70.629;3.64585;UCG.ITEUR
2026-01-07 12:00:00;70.639;70.739;70.529;70.659;3.1913;UCG.ITEUR
2026-01-07 13:00:00;70.669;71.089;70.639;71.059;2.36415;UCG.ITEUR
2026-01-07 14:00:00;71.049;71.059;70.539;70.629;3.8887;UCG.ITEUR
2026-01-07 15:00:00;70.619;70.879;70.509;70.819;4.02735;UCG.ITEUR
2026-01-07 16:00:00;70.819;70.869;70.439;70.459;1.48025;UCG.ITEUR
2026-01-08 08:00:00;70.129;70.589;70.029;70.449;5.69695;UCG.ITEUR
2026-01-08 09:00:00;70.449;70.599;70.319;70.409;4.23775;UCG.ITEUR
2026-01-08 10:00:00;70.409;70.549;70.259;70.449;3.37935;UCG.ITEUR
2026-01-08 11:00:00;70.459;70.799;70.439;70.659;3.34525;UCG.ITEUR
2026-01-08 12:00:00;70.659;70.699;70.169;70.329;2.94745;UCG.ITEUR
2026-01-08 13:00:00;70.319;70.499;70.159;70.429;2.73675;UCG.ITEUR
2026-01-08 14:00:00;70.439;70.689;70.409;70.679;3.99325;UCG.ITEUR
2026-01-08 15:00:00;70.679;70.909;70.549;70.689;3.52185;UCG.ITEUR
2026-01-08 16:00:00;70.689;70.849;70.659;70.819;1.57175;UCG.ITEUR
2026-01-09 08:00:00;70.819;70.909;70.249;70.449;5.01515;UCG.ITEUR
2026-01-09 09:00:00;70.459;70.659;70.409;70.489;4.6075;UCG.ITEUR
2026-01-09 10:00:00;70.499;70.629;70.339;70.609;3.35385;UCG.ITEUR
2026-01-09 11:00:00;70.619;70.669;70.509;70.629;2.4381;UCG.ITEUR
2026-01-09 12:00:00;70.649;70.689;70.349;70.409;2.5111;UCG.ITEUR
2026-01-09 13:00:00;70.409;70.659;70.339;70.499;2.78105;UCG.ITEUR
2026-01-09 14:00:00;70.509;70.579;70.339;70.489;3.67515;UCG.ITEUR
2026-01-09 15:00:00;70.489;70.549;70.169;70.469;4.4503;UCG.ITEUR
2026-01-09 16:00:00;70.469;70.739;70.469;70.689;1.2007;UCG.ITEUR
2026-01-12 08:00:00;70.219;70.539;70.049;70.369;4.60525;UCG.ITEUR
2026-01-12 09:00:00;70.369;70.629;70.289;70.459;4.03215;UCG.ITEUR
2026-01-12 10:00:00;70.469;71.239;70.469;71.189;3.30285;UCG.ITEUR
2026-01-12 11:00:00;71.189;71.649;71.189;71.319;3.30765;UCG.ITEUR
2026-01-12 12:00:00;71.319;71.379;71.219;71.299;2.6233;UCG.ITEUR
2026-01-12 13:00:00;71.299;71.329;71.019;71.039;2.4741;UCG.ITEUR
2026-01-12 14:00:00;71.039;71.269;70.959;71.199;3.7236;UCG.ITEUR
2026-01-12 15:00:00;71.199;71.229;71.029;71.119;2.8241;UCG.ITEUR
2026-01-12 16:00:00;71.119;71.179;71.019;71.179;1.04295;UCG.ITEUR
2026-01-13 08:00:00;71.169;71.449;70.969;71.309;4.1233;UCG.ITEUR
2026-01-13 09:00:00;71.306;71.379;71.059;71.309;3.86195;UCG.ITEUR
2026-01-13 10:00:00;71.309;71.519;71.199;71.479;3.016;UCG.ITEUR
2026-01-13 11:00:00;71.489;71.539;71.309;71.489;1.68555;UCG.ITEUR
2026-01-13 12:00:00;71.489;71.529;71.369;71.439;1.65525;UCG.ITEUR
2026-01-13 13:00:00;71.429;71.629;71.389;71.509;2.64655;UCG.ITEUR
2026-01-13 14:00:00;71.519;71.589;71.269;71.369;3.29745;UCG.ITEUR
2026-01-13 15:00:00;71.369;71.559;71.209;71.539;3.3328;UCG.ITEUR
2026-01-13 16:00:00;71.539;71.539;71.239;71.339;1.23515;UCG.ITEUR
2026-01-14 08:00:00;71.519;72.159;71.479;72.109;3.562;UCG.ITEUR
2026-01-14 09:00:00;72.119;72.189;71.949;72.049;3.36375;UCG.ITEUR
2026-01-14 10:00:00;72.029;72.109;71.539;71.599;3.3344;UCG.ITEUR
2026-01-14 11:00:00;71.599;71.809;71.499;71.689;3.4074;UCG.ITEUR
2026-01-14 12:00:00;71.679;72.009;71.649;71.909;2.23825;UCG.ITEUR
2026-01-14 13:00:00;71.909;72.279;71.909;72.169;3.1846;UCG.ITEUR
2026-01-14 14:00:00;72.179;72.189;71.669;71.819;3.98555;UCG.ITEUR
2026-01-14 15:00:00;71.799;71.979;71.699;71.769;3.93265;UCG.ITEUR
2026-01-14 16:00:00;71.779;71.789;71.529;71.609;1.58925;UCG.ITEUR
2026-01-15 08:00:00;72.169;72.329;72.019;72.309;4.4994;UCG.ITEUR
2026-01-15 09:00:00;72.309;72.389;72.179;72.319;3.9534;UCG.ITEUR
2026-01-15 10:00:00;72.329;72.399;72.159;72.159;2.51235;UCG.ITEUR
2026-01-15 11:00:00;72.169;72.329;72.049;72.289;2.47125;UCG.ITEUR
2026-01-15 12:00:00;72.279;72.289;72.109;72.129;1.8701;UCG.ITEUR
2026-01-15 13:00:00;72.129;72.359;72.089;72.249;2.0967;UCG.ITEUR
2026-01-15 14:00:00;72.259;72.709;72.059;72.709;3.2681;UCG.ITEUR
2026-01-15 15:00:00;72.719;72.729;72.549;72.709;2.66375;UCG.ITEUR
2026-01-15 16:00:00;72.709;72.729;72.349;72.399;1.2345;UCG.ITEUR
2026-01-16 08:00:00;72.349;72.659;72.279;72.519;3.81255;UCG.ITEUR
2026-01-16 09:00:00;72.519;72.609;72.359;72.389;2.7253;UCG.ITEUR
2026-01-16 10:00:00;72.399;72.599;72.289;72.349;2.505;UCG.ITEUR
2026-01-16 11:00:00;72.359;72.509;72.259;72.319;1.9845;UCG.ITEUR
2026-01-16 12:00:00;72.329;72.599;72.199;72.539;2.5114;UCG.ITEUR
2026-01-16 13:00:00;72.549;72.619;72.389;72.439;2.0744;UCG.ITEUR
2026-01-16 14:00:00;72.449;72.499;72.239;72.249;2.90825;UCG.ITEUR
2026-01-16 15:00:00;72.249;72.519;72.219;72.329;3.34425;UCG.ITEUR
2026-01-16 16:00:00;72.329;72.489;72.319;72.489;1.16885;UCG.ITEUR
2026-01-19 08:00:00;71.389;72.029;71.349;71.469;6.06267;UCG.ITEUR
2026-01-19 09:00:00;71.479;71.499;70.659;70.799;5.26535;UCG.ITEUR
2026-01-19 10:00:00;70.809;71.139;70.789;70.889;3.45309;UCG.ITEUR
2026-01-19 11:00:00;70.889;71.389;70.859;71.339;3.62917;UCG.ITEUR
2026-01-19 12:00:00;71.339;71.719;71.339;71.639;2.66972;UCG.ITEUR
2026-01-19 13:00:00;71.649;71.809;71.509;71.729;2.86781;UCG.ITEUR
2026-01-19 14:00:00;71.739;71.799;71.399;71.729;3.52098;UCG.ITEUR
2026-01-19 15:00:00;71.719;71.729;71.409;71.449;3.65397;UCG.ITEUR
2026-01-19 16:00:00;71.459;71.639;71.439;71.559;1.8414;UCG.ITEUR
2026-01-20 08:00:00;71.099;71.469;70.829;70.909;6.28711;UCG.ITEUR
2026-01-20 09:00:00;70.919;71.119;70.809;70.839;4.76935;UCG.ITEUR
2026-01-20 10:00:00;70.849;71.209;70.789;71.029;3.41186;UCG.ITEUR
2026-01-20 11:00:00;71.029;71.189;70.939;71.129;2.58633;UCG.ITEUR
2026-01-20 12:00:00;71.129;71.249;71.029;71.219;2.31849;UCG.ITEUR
2026-01-20 13:00:00;71.229;71.259;70.979;71.099;2.79062;UCG.ITEUR
2026-01-20 14:00:00;71.109;71.249;70.729;71.019;4.81709;UCG.ITEUR
2026-01-20 15:00:00;71.029;71.219;70.959;71.149;3.16758;UCG.ITEUR
2026-01-20 16:00:00;71.149;71.249;71.099;71.169;1.29146;UCG.ITEUR
2026-01-21 08:00:00;70.779;71.099;70.309;70.339;4.84716;UCG.ITEUR
2026-01-21 09:00:00;70.349;70.449;69.829;69.829;5.04494;UCG.ITEUR
2026-01-21 10:00:00;69.829;70.169;69.659;69.839;3.55818;UCG.ITEUR
2026-01-21 11:00:00;69.849;69.989;69.649;69.709;3.35947;UCG.ITEUR
2026-01-21 12:00:00;69.709;69.789;69.509;69.759;3.88926;UCG.ITEUR
2026-01-21 13:00:00;69.769;70.129;69.489;70.049;3.75472;UCG.ITEUR
2026-01-21 14:00:00;70.059;70.869;69.939;70.799;7.57485;UCG.ITEUR
2026-01-21 15:00:00;70.799;71.039;70.579;70.849;4.05325;UCG.ITEUR
2026-01-21 16:00:00;70.849;70.849;70.579;70.639;1.51807;UCG.ITEUR
2026-01-22 08:00:00;71.289;71.409;70.749;70.939;6.07197;UCG.ITEUR
2026-01-22 09:00:00;70.939;71.309;70.869;71.299;3.58701;UCG.ITEUR
2026-01-22 10:00:00;71.309;71.469;70.969;71.069;2.48248;UCG.ITEUR
2026-01-22 11:00:00;71.059;71.299;70.869;71.019;4.29288;UCG.ITEUR
2026-01-22 12:00:00;71.009;71.179;70.859;70.989;2.86533;UCG.ITEUR
2026-01-22 13:00:00;70.979;71.419;70.909;71.419;2.84766;UCG.ITEUR
2026-01-22 14:00:00;71.409;72.089;71.139;72.039;3.93545;UCG.ITEUR
2026-01-22 15:00:00;72.049;72.349;71.679;72.289;3.4193;UCG.ITEUR
2026-01-22 16:00:00;72.299;72.459;72.279;72.439;1.19629;UCG.ITEUR
2026-01-23 08:00:00;72.099;72.199;71.809;71.899;4.39177;UCG.ITEUR
2026-01-23 09:00:00;71.909;72.179;71.869;72.009;3.58856;UCG.ITEUR
2026-01-23 10:00:00;71.999;72.009;71.709;71.879;3.13875;UCG.ITEUR
2026-01-23 11:00:00;71.879;72.039;71.849;71.899;2.69452;UCG.ITEUR
2026-01-23 12:00:00;71.909;71.959;71.539;71.699;2.81294;UCG.ITEUR
2026-01-23 13:00:00;71.709;71.739;71.459;71.479;2.08134;UCG.ITEUR
2026-01-23 14:00:00;71.469;71.599;71.279;71.549;3.27329;UCG.ITEUR
2026-01-23 15:00:00;71.559;71.759;71.429;71.699;2.49209;UCG.ITEUR
2026-01-23 16:00:00;71.699;71.739;71.609;71.649;1.42383;UCG.ITEUR
2026-01-26 08:00:00;72.039;72.599;72.019;72.459;3.94539;UCG.ITEUR
2026-01-26 09:00:00;72.449;72.529;72.129;72.329;4.22651;UCG.ITEUR
2026-01-26 10:00:00;72.309;72.599;72.179;72.489;3.18361;UCG.ITEUR
2026-01-26 11:00:00;72.499;72.499;72.329;72.389;1.99576;UCG.ITEUR
2026-01-26 12:00:00;72.419;72.569;72.359;72.399;2.29476;UCG.ITEUR
2026-01-26 13:00:00;72.399;72.489;72.229;72.449;1.93112;UCG.ITEUR
2026-01-26 14:00:00;72.439;72.719;72.369;72.589;2.86579;UCG.ITEUR
2026-01-26 15:00:00;72.579;72.649;72.369;72.439;2.27782;UCG.ITEUR
2026-01-26 16:00:00;72.439;72.449;72.239;72.339;1.2117;UCG.ITEUR
2026-01-27 08:00:00;72.979;73.529;72.839;73.009;5.20291;UCG.ITEUR
2026-01-27 09:00:00;73.029;73.089;72.879;73.019;3.08918;UCG.ITEUR
2026-01-27 10:00:00;73.029;73.319;73.009;73.219;2.36755;UCG.ITEUR
2026-01-27 11:00:00;73.219;73.329;73.159;73.209;2.14699;UCG.ITEUR
2026-01-27 12:00:00;73.219;73.239;73.049;73.149;2.2248;UCG.ITEUR
2026-01-27 13:00:00;73.159;73.739;73.159;73.689;2.48772;UCG.ITEUR
2026-01-27 14:00:00;73.689;73.969;73.639;73.829;2.79394;UCG.ITEUR
2026-01-27 15:00:00;73.829;74.029;73.619;73.999;2.63675;UCG.ITEUR
2026-01-27 16:00:00;74.009;74.339;73.979;74.139;1.303;UCG.ITEUR
2026-01-28 08:00:00;73.809;73.899;73.009;73.039;4.73228;UCG.ITEUR
2026-01-28 09:00:00;73.049;73.409;72.749;72.829;3.56514;UCG.ITEUR
2026-01-28 10:00:00;72.809;72.959;72.629;72.659;3.02862;UCG.ITEUR
2026-01-28 11:00:00;72.649;72.719;72.449;72.459;3.08071;UCG.ITEUR
2026-01-28 12:00:00;72.469;72.479;72.049;72.129;4.81982;UCG.ITEUR
2026-01-28 13:00:00;72.139;72.409;72.009;72.169;3.74492;UCG.ITEUR
2026-01-28 14:00:00;72.159;72.779;72.159;72.609;4.4132;UCG.ITEUR
2026-01-28 15:00:00;72.619;72.639;72.259;72.369;4.25978;UCG.ITEUR
2026-01-28 16:00:00;72.359;72.539;72.289;72.309;1.64248;UCG.ITEUR
2026-01-29 08:00:00;72.559;72.709;72.339;72.479;5.75197;UCG.ITEUR
2026-01-29 09:00:00;72.479;72.769;72.289;72.289;4.2215;UCG.ITEUR
2026-01-29 10:00:00;72.289;72.579;72.099;72.129;4.72162;UCG.ITEUR
2026-01-29 11:00:00;72.139;72.689;72.049;72.629;4.49258;UCG.ITEUR
2026-01-29 12:00:00;72.629;72.699;72.459;72.609;3.65832;UCG.ITEUR
2026-01-29 13:00:00;72.619;72.889;72.589;72.869;2.88461;UCG.ITEUR
2026-01-29 14:00:00;72.869;72.939;72.339;72.489;5.14141;UCG.ITEUR
2026-01-29 15:00:00;72.499;72.619;71.959;72.029;8.83579;UCG.ITEUR
2026-01-29 16:00:00;72.009;72.309;71.729;72.049;3.92155;UCG.ITEUR
2026-01-30 08:00:00;72.889;73.489;72.819;73.449;4.78217;UCG.ITEUR
2026-01-30 09:00:00;73.459;73.569;73.039;73.079;4.56192;UCG.ITEUR
2026-01-30 10:00:00;73.079;73.199;72.909;73.159;4.14652;UCG.ITEUR
2026-01-30 11:00:00;73.159;73.549;73.129;73.489;3.60812;UCG.ITEUR
2026-01-30 12:00:00;73.499;73.559;73.359;73.379;2.4463;UCG.ITEUR
2026-01-30 13:00:00;73.389;73.459;73.199;73.249;2.7337;UCG.ITEUR
2026-01-30 14:00:00;73.239;73.679;73.229;73.599;3.03647;UCG.ITEUR
2026-01-30 15:00:00;73.619;73.759;73.369;73.369;3.96453;UCG.ITEUR
2026-01-30 16:00:00;73.349;73.469;73.209;73.289;1.83104;UCG.ITEUR
2026-02-02 08:00:00;72.779;73.859;72.739;73.689;6.64349;UCG.ITEUR
2026-02-02 09:00:00;73.689;73.799;73.369;73.649;5.0807;UCG.ITEUR
2026-02-02 10:00:00;73.659;73.959;73.629;73.939;3.00309;UCG.ITEUR
2026-02-02 11:00:00;73.969;74.159;73.839;74.159;3.87468;UCG.ITEUR
2026-02-02 12:00:00;74.159;74.209;73.969;74.079;3.53505;UCG.ITEUR
2026-02-02 13:00:00;74.079;74.119;73.779;73.849;3.71329;UCG.ITEUR
2026-02-02 14:00:00;73.859;74.369;73.849;74.299;3.8998;UCG.ITEUR
2026-02-02 15:00:00;74.299;74.689;74.259;74.679;4.33161;UCG.ITEUR
2026-02-02 16:00:00;74.689;75.059;74.679;74.909;1.96705;UCG.ITEUR
2026-02-03 08:00:00;76.069;76.779;75.889;76.729;5.6886;UCG.ITEUR
2026-02-03 09:00:00;76.719;76.869;76.399;76.839;4.9977;UCG.ITEUR
2026-02-03 10:00:00;76.849;77.249;76.769;76.889;4.29547;UCG.ITEUR
2026-02-03 11:00:00;76.889;76.929;76.609;76.799;4.50617;UCG.ITEUR
2026-02-03 12:00:00;76.799;77.019;76.729;76.839;3.4248;UCG.ITEUR
2026-02-03 13:00:00;76.849;76.849;76.379;76.679;3.99688;UCG.ITEUR
2026-02-03 14:00:00;76.679;76.739;76.299;76.379;4.83784;UCG.ITEUR
2026-02-03 15:00:00;76.399;76.549;76.159;76.339;5.72811;UCG.ITEUR
2026-02-03 16:00:00;76.349;76.689;76.319;76.659;1.83567;UCG.ITEUR
2026-02-04 08:00:00;77.209;77.509;77.119;77.219;6.0806;UCG.ITEUR
2026-02-04 09:00:00;77.219;77.219;76.419;76.949;6.20709;UCG.ITEUR
2026-02-04 10:00:00;76.959;77.259;76.919;77.209;3.64224;UCG.ITEUR
2026-02-04 11:00:00;77.219;77.399;77.079;77.389;4.26086;UCG.ITEUR
2026-02-04 12:00:00;77.359;77.439;76.979;77.019;3.82568;UCG.ITEUR
2026-02-04 13:00:00;77.019;77.039;76.589;76.809;3.91419;UCG.ITEUR
2026-02-04 14:00:00;76.799;76.909;76.619;76.759;5.97005;UCG.ITEUR
2026-02-04 15:00:00;76.759;77.099;76.669;76.759;6.94271;UCG.ITEUR
2026-02-04 16:00:00;76.759;76.789;76.379;76.519;2.86896;UCG.ITEUR
2026-02-05 08:00:00;76.259;76.519;75.629;75.789;7.63268;UCG.ITEUR
2026-02-05 09:00:00;75.779;75.889;75.079;75.169;6.4968;UCG.ITEUR
2026-02-05 10:00:00;75.169;75.789;74.869;75.699;5.59826;UCG.ITEUR
2026-02-05 11:00:00;75.699;76.149;75.549;76.039;5.49413;UCG.ITEUR
2026-02-05 12:00:00;76.029;76.149;75.029;75.119;6.61501;UCG.ITEUR
2026-02-05 13:00:00;75.109;75.269;74.499;74.529;6.7565;UCG.ITEUR
2026-02-05 14:00:00;74.549;74.589;73.719;73.899;9.35628;UCG.ITEUR
2026-02-05 15:00:00;73.879;73.919;72.849;73.129;9.66254;UCG.ITEUR
2026-02-05 16:00:00;73.119;73.389;72.679;73.179;4.5172;UCG.ITEUR
2026-02-06 08:00:00;73.289;73.989;72.999;73.669;9.26964;UCG.ITEUR
2026-02-06 09:00:00;73.669;73.969;73.469;73.709;5.7863;UCG.ITEUR
2026-02-06 10:00:00;73.709;73.869;73.549;73.819;4.42349;UCG.ITEUR
2026-02-06 11:00:00;73.809;74.239;73.789;74.149;3.58099;UCG.ITEUR
2026-02-06 12:00:00;74.139;74.239;73.809;73.839;3.64255;UCG.ITEUR
2026-02-06 13:00:00;73.849;74.059;73.759;73.839;5.01609;UCG.ITEUR
2026-02-06 14:00:00;73.839;74.459;73.769;74.299;5.70056;UCG.ITEUR
2026-02-06 15:00:00;74.299;74.329;73.599;73.799;6.61872;UCG.ITEUR
2026-02-06 16:00:00;73.799;73.919;73.589;73.649;2.55904;UCG.ITEUR
2026-02-09 08:00:00;76.789;77.909;76.559;77.819;7.80748;UCG.ITEUR
2026-02-09 09:00:00;77.809;78.779;77.649;78.609;6.67476;UCG.ITEUR
2026-02-09 10:00:00;78.609;78.729;78.059;78.369;6.0974;UCG.ITEUR
2026-02-09 11:00:00;78.369;78.989;78.159;78.899;4.99992;UCG.ITEUR
2026-02-09 12:00:00;78.889;78.919;78.319;78.709;3.99188;UCG.ITEUR
2026-02-09 13:00:00;78.709;79.039;78.529;78.969;3.27484;UCG.ITEUR
2026-02-09 14:00:00;78.979;78.979;78.249;78.439;5.36812;UCG.ITEUR
2026-02-09 15:00:00;78.399;79.239;78.379;79.089;4.15812;UCG.ITEUR
2026-02-09 16:00:00;79.069;79.219;78.519;78.719;2.71424;UCG.ITEUR
2026-02-10 08:00:00;79.059;79.129;78.349;78.759;6.74244;UCG.ITEUR
2026-02-10 09:00:00;78.779;78.839;77.909;77.999;4.30968;UCG.ITEUR
2026-02-10 10:00:00;78.009;78.189;77.689;78.189;4.0288;UCG.ITEUR
2026-02-10 11:00:00;78.169;78.469;78.129;78.429;3.53256;UCG.ITEUR
2026-02-10 12:00:00;78.429;78.779;78.149;78.379;3.81196;UCG.ITEUR
2026-02-10 13:00:00;78.369;78.419;77.989;78.049;2.97472;UCG.ITEUR
2026-02-10 14:00:00;78.019;78.129;77.669;77.779;3.61248;UCG.ITEUR
2026-02-10 15:00:00;77.789;77.799;77.209;77.329;4.20544;UCG.ITEUR
2026-02-10 16:00:00;77.319;77.379;76.799;76.809;2.43912;UCG.ITEUR
2026-02-11 08:00:00;76.709;76.929;75.309;75.409;7.0188;UCG.ITEUR
2026-02-11 09:00:00;75.409;75.999;74.839;75.089;6.02172;UCG.ITEUR
2026-02-11 10:00:00;75.079;76.009;74.999;75.789;5.63648;UCG.ITEUR
2026-02-11 11:00:00;75.779;75.959;75.159;75.189;5.30616;UCG.ITEUR
2026-02-11 12:00:00;75.179;75.489;75.089;75.089;5.72588;UCG.ITEUR
2026-02-11 13:00:00;75.089;75.879;74.909;75.639;5.32268;UCG.ITEUR
2026-02-11 14:00:00;75.629;75.709;74.799;74.929;6.5228;UCG.ITEUR
2026-02-11 15:00:00;74.939;74.979;74.489;74.799;8.26712;UCG.ITEUR
2026-02-11 16:00:00;74.799;74.969;74.539;74.569;2.22348;UCG.ITEUR
2026-02-12 08:00:00;74.849;76.169;74.839;75.619;7.18064;UCG.ITEUR
2026-02-12 09:00:00;75.679;75.799;75.349;75.559;5.13988;UCG.ITEUR
2026-02-12 10:00:00;75.559;76.159;75.499;75.779;4.43168;UCG.ITEUR
2026-02-12 11:00:00;75.769;76.069;75.709;75.969;3.43888;UCG.ITEUR
2026-02-12 12:00:00;75.979;76.059;75.669;75.829;2.76484;UCG.ITEUR
2026-02-12 13:00:00;75.839;76.019;75.729;75.969;2.59312;UCG.ITEUR
2026-02-12 14:00:00;75.969;76.189;75.329;75.369;3.73292;UCG.ITEUR
2026-02-12 15:00:00;75.369;75.559;74.729;74.829;7.53544;UCG.ITEUR
2026-02-12 16:00:00;74.849;74.859;74.009;74.109;3.59448;UCG.ITEUR
2026-02-13 08:00:00;73.819;74.019;73.009;73.909;8.02644;UCG.ITEUR
2026-02-13 09:00:00;73.909;73.919;72.939;73.009;6.10768;UCG.ITEUR
2026-02-13 10:00:00;73.009;73.059;71.799;72.069;7.59244;UCG.ITEUR
2026-02-13 11:00:00;72.079;72.239;71.569;72.179;7.26576;UCG.ITEUR
2026-02-13 12:00:00;72.169;72.289;71.439;71.669;7.2798;UCG.ITEUR
2026-02-13 13:00:00;71.669;71.909;71.209;71.379;7.324;UCG.ITEUR
2026-02-13 14:00:00;71.379;71.679;70.279;70.799;7.9606;UCG.ITEUR
2026-02-13 15:00:00;70.809;71.789;70.779;71.409;8.39224;UCG.ITEUR
2026-02-13 16:00:00;71.419;71.639;71.199;71.409;2.85148;UCG.ITEUR
2026-02-16 08:00:00;72.249;72.939;72.229;72.669;7.41074;UCG.ITEUR
2026-02-16 09:00:00;72.669;73.129;72.619;72.769;5.6486;UCG.ITEUR
2026-02-16 10:00:00;72.729;72.789;72.359;72.439;4.30701;UCG.ITEUR
2026-02-16 11:00:00;72.439;72.439;71.949;71.969;4.16118;UCG.ITEUR
2026-02-16 12:00:00;71.969;72.289;71.929;72.229;3.48549;UCG.ITEUR
2026-02-16 13:00:00;72.239;72.319;72.069;72.229;2.89833;UCG.ITEUR
2026-02-16 14:00:00;72.239;72.479;72.059;72.319;4.37348;UCG.ITEUR
2026-02-16 15:00:00;72.329;72.489;72.119;72.209;3.68742;UCG.ITEUR
2026-02-16 16:00:00;72.219;72.249;71.959;72.019;1.55959;UCG.ITEUR
2026-02-17 08:00:00;71.699;72.609;71.699;72.039;7.30362;UCG.ITEUR
2026-02-17 09:00:00;72.049;72.549;72.039;72.339;5.26998;UCG.ITEUR
2026-02-17 10:00:00;72.339;72.609;72.299;72.479;3.9747;UCG.ITEUR
2026-02-17 11:00:00;72.459;72.869;72.379;72.789;4.02539;UCG.ITEUR
2026-02-17 12:00:00;72.769;72.849;72.069;72.099;4.00275;UCG.ITEUR
2026-02-17 13:00:00;72.089;72.689;71.909;72.449;5.71131;UCG.ITEUR
2026-02-17 14:00:00;72.449;73.039;72.399;72.729;6.85667;UCG.ITEUR
2026-02-17 15:00:00;72.739;73.219;72.499;72.739;7.81113;UCG.ITEUR
2026-02-17 16:00:00;72.759;73.099;72.719;73.049;2.12659;UCG.ITEUR
2026-02-18 08:00:00;73.419;74.089;73.319;74.009;5.68293;UCG.ITEUR
2026-02-18 09:00:00;74.009;74.139;73.619;73.909;5.4344;UCG.ITEUR
2026-02-18 10:00:00;73.909;74.369;73.899;74.289;3.06812;UCG.ITEUR
2026-02-18 11:00:00;74.279;74.729;74.109;74.129;3.70725;UCG.ITEUR
2026-02-18 12:00:00;74.119;74.219;73.769;74.149;4.27805;UCG.ITEUR
2026-02-18 13:00:00;74.149;74.339;74.059;74.109;3.61653;UCG.ITEUR
2026-02-18 14:00:00;74.099;74.609;73.989;74.529;5.39945;UCG.ITEUR
2026-02-18 15:00:00;74.519;74.579;74.189;74.539;4.2393;UCG.ITEUR
2026-02-18 16:00:00;74.539;74.749;74.509;74.739;1.70542;UCG.ITEUR
2026-02-19 08:00:00;74.109;74.789;73.829;74.099;7.16849;UCG.ITEUR
2026-02-19 09:00:00;74.109;74.259;73.699;73.719;4.91466;UCG.ITEUR
2026-02-19 10:00:00;73.709;73.739;73.329;73.549;4.67588;UCG.ITEUR
2026-02-19 11:00:00;73.549;73.759;73.179;73.279;4.45978;UCG.ITEUR
2026-02-19 12:00:00;73.279;73.569;73.089;73.459;3.59984;UCG.ITEUR
2026-02-19 13:00:00;73.469;73.489;72.759;72.929;4.20778;UCG.ITEUR
2026-02-19 14:00:00;72.929;72.959;72.439;72.539;6.37316;UCG.ITEUR
2026-02-19 15:00:00;72.559;73.029;72.499;72.689;6.89637;UCG.ITEUR
2026-02-19 16:00:00;72.689;72.719;72.259;72.519;2.71594;UCG.ITEUR
2026-02-20 08:00:00;73.149;73.329;72.889;73.269;5.13547;UCG.ITEUR
2026-02-20 09:00:00;73.269;73.689;73.249;73.629;3.43162;UCG.ITEUR
2026-02-20 10:00:00;73.629;73.949;73.579;73.809;3.69089;UCG.ITEUR
2026-02-20 11:00:00;73.829;73.919;73.689;73.759;3.10435;UCG.ITEUR
2026-02-20 12:00:00;73.759;73.789;73.609;73.619;3.0927;UCG.ITEUR
2026-02-20 13:00:00;73.629;73.849;73.559;73.759;2.5345;UCG.ITEUR
2026-02-20 14:00:00;73.759;74.179;73.759;74.019;4.49229;UCG.ITEUR
2026-02-20 15:00:00;74.019;74.779;73.679;73.839;7.92304;UCG.ITEUR
2026-02-20 16:00:00;73.849;73.849;73.549;73.729;2.84574;UCG.ITEUR
2026-02-23 08:00:00;73.889;74.289;73.779;74.039;6.0196;UCG.ITEUR
2026-02-23 09:00:00;74.049;74.449;74.049;74.329;3.50724;UCG.ITEUR
2026-02-23 10:00:00;74.329;74.839;74.059;74.809;4.0852;UCG.ITEUR
2026-02-23 11:00:00;74.819;74.939;74.679;74.679;4.32432;UCG.ITEUR
2026-02-23 12:00:00;74.689;74.749;74.269;74.379;3.38004;UCG.ITEUR
2026-02-23 13:00:00;74.369;74.699;74.299;74.589;2.86336;UCG.ITEUR
2026-02-23 14:00:00;74.599;75.429;74.579;75.119;5.81036;UCG.ITEUR
2026-02-23 15:00:00;75.129;75.229;73.839;73.889;6.241;UCG.ITEUR
2026-02-23 16:00:00;73.919;73.979;73.649;73.879;3.12384;UCG.ITEUR
2026-02-24 08:00:00;72.769;72.829;72.019;72.279;7.33596;UCG.ITEUR
2026-02-24 09:00:00;72.279;72.519;71.939;72.149;4.90112;UCG.ITEUR
2026-02-24 10:00:00;72.149;72.249;71.829;72.219;3.84796;UCG.ITEUR
2026-02-24 11:00:00;72.229;72.369;71.939;72.089;3.74576;UCG.ITEUR
2026-02-24 12:00:00;72.099;72.229;71.989;72.079;3.01496;UCG.ITEUR
2026-02-24 13:00:00;72.089;72.489;71.989;72.159;3.09088;UCG.ITEUR
2026-02-24 14:00:00;72.159;72.869;72.009;72.599;5.83656;UCG.ITEUR
2026-02-24 15:00:00;72.599;72.969;72.339;72.669;5.706;UCG.ITEUR
2026-02-24 16:00:00;72.679;72.859;72.579;72.829;2.03436;UCG.ITEUR
2026-02-25 08:00:00;73.899;73.939;73.509;73.769;5.62636;UCG.ITEUR
2026-02-25 09:00:00;73.779;73.819;73.549;73.689;3.74144;UCG.ITEUR
2026-02-25 10:00:00;73.699;74.129;73.689;74.059;2.3296;UCG.ITEUR
2026-02-25 11:00:00;74.069;74.119;73.869;73.989;2.25824;UCG.ITEUR
2026-02-25 12:00:00;73.979;73.999;73.729;73.929;2.4394;UCG.ITEUR
2026-02-25 13:00:00;73.929;74.049;73.759;73.779;2.22408;UCG.ITEUR
2026-02-25 14:00:00;73.799;73.949;73.639;73.839;3.93548;UCG.ITEUR
2026-02-25 15:00:00;73.839;73.909;73.679;73.899;2.903;UCG.ITEUR
2026-02-25 16:00:00;73.889;74.029;73.739;74.009;0.9882;UCG.ITEUR
2026-02-26 08:00:00;73.629;74.049;73.449;73.909;5.87068;UCG.ITEUR
2026-02-26 09:00:00;73.909;73.959;73.589;73.809;4.06688;UCG.ITEUR
2026-02-26 10:00:00;73.809;73.839;73.649;73.659;2.82464;UCG.ITEUR
2026-02-26 11:00:00;73.649;73.899;73.629;73.849;2.05144;UCG.ITEUR
2026-02-26 12:00:00;73.849;73.999;73.759;73.779;2.0978;UCG.ITEUR
2026-02-26 13:00:00;73.769;74.039;73.769;73.829;2.57852;UCG.ITEUR
2026-02-26 14:00:00;73.819;74.169;73.779;73.789;5.21892;UCG.ITEUR
2026-02-26 15:00:00;73.809;73.889;73.509;73.739;6.88;UCG.ITEUR
2026-02-26 16:00:00;73.749;73.959;73.619;73.779;2.41196;UCG.ITEUR
2026-02-27 08:00:00;73.709;74.059;73.299;74.019;5.10664;UCG.ITEUR
2026-02-27 09:00:00;74.029;74.229;73.339;73.349;5.85388;UCG.ITEUR
2026-02-27 10:00:00;73.349;73.579;73.249;73.449;4.324;UCG.ITEUR
2026-02-27 11:00:00;73.449;73.529;73.299;73.379;3.91836;UCG.ITEUR
2026-02-27 12:00:00;73.379;73.459;73.089;73.179;3.17384;UCG.ITEUR
2026-02-27 13:00:00;73.189;73.199;72.239;72.619;5.6584;UCG.ITEUR
2026-02-27 14:00:00;72.609;73.049;71.879;71.899;6.85004;UCG.ITEUR
2026-02-27 15:00:00;71.889;72.319;71.849;72.029;7.14592;UCG.ITEUR
2026-02-27 16:00:00;72.039;72.419;71.999;72.339;3.0894;UCG.ITEUR
2026-03-02 08:00:00;69.679;69.839;69.059;69.599;9.21098;UCG.ITEUR
2026-03-02 09:00:00;69.599;70.269;69.439;69.719;7.93342;UCG.ITEUR
2026-03-02 10:00:00;69.709;70.449;69.669;70.379;6.24768;UCG.ITEUR
2026-03-02 11:00:00;70.379;70.689;70.109;70.299;4.89282;UCG.ITEUR
2026-03-02 12:00:00;70.299;70.439;69.819;69.969;5.28375;UCG.ITEUR
2026-03-02 13:00:00;69.969;70.039;69.349;69.389;4.44027;UCG.ITEUR
2026-03-02 14:00:00;69.399;69.939;69.269;69.499;7.27197;UCG.ITEUR
2026-03-02 15:00:00;69.499;69.969;69.289;69.619;8.08497;UCG.ITEUR
2026-03-02 16:00:00;69.629;70.139;69.509;69.999;3.34218;UCG.ITEUR
2026-03-03 08:00:00;68.269;68.409;66.689;66.859;10.58181;UCG.ITEUR
2026-03-03 09:00:00;66.859;67.699;66.559;66.689;9.64713;UCG.ITEUR
2026-03-03 10:00:00;66.699;66.869;65.739;66.589;9.33588;UCG.ITEUR
2026-03-03 11:00:00;66.569;66.779;66.129;66.659;8.94372;UCG.ITEUR
2026-03-03 12:00:00;66.659;67.239;66.479;66.999;7.30437;UCG.ITEUR
2026-03-03 13:00:00;67.009;67.049;65.949;66.039;5.57259;UCG.ITEUR
2026-03-03 14:00:00;66.039;66.209;65.379;65.559;8.16402;UCG.ITEUR
2026-03-03 15:00:00;65.569;66.499;65.249;66.439;9.98382;UCG.ITEUR
2026-03-03 16:00:00;66.429;66.799;66.059;66.589;4.48788;UCG.ITEUR
2026-03-04 08:00:00;67.389;67.439;66.349;66.849;10.77354;UCG.ITEUR
2026-03-04 09:00:00;66.829;67.649;66.569;67.559;8.74203;UCG.ITEUR
2026-03-04 10:00:00;67.569;68.719;67.489;68.449;8.87274;UCG.ITEUR
2026-03-04 11:00:00;68.449;68.839;68.289;68.459;6.6573;UCG.ITEUR
2026-03-04 12:00:00;68.459;68.719;67.999;68.529;6.61029;UCG.ITEUR
2026-03-04 13:00:00;68.519;68.939;68.519;68.769;5.26509;UCG.ITEUR
2026-03-04 14:00:00;68.779;68.999;68.349;68.999;6.77307;UCG.ITEUR
2026-03-04 15:00:00;69.009;69.449;68.909;69.369;5.8857;UCG.ITEUR
2026-03-04 16:00:00;69.359;69.569;68.989;69.149;3.54855;UCG.ITEUR
2026-03-05 08:00:00;67.729;68.389;67.529;68.369;9.01905;UCG.ITEUR
2026-03-05 09:00:00;68.359;69.419;68.229;68.539;8.54034;UCG.ITEUR
2026-03-05 10:00:00;68.539;68.949;68.389;68.469;5.95263;UCG.ITEUR
2026-03-05 11:00:00;68.479;68.729;68.329;68.429;4.94451;UCG.ITEUR
2026-03-05 12:00:00;68.439;68.509;67.829;67.919;6.14964;UCG.ITEUR
2026-03-05 13:00:00;67.929;68.079;67.669;67.769;6.01176;UCG.ITEUR
2026-03-05 14:00:00;67.759;67.829;67.279;67.659;7.9539;UCG.ITEUR
2026-03-05 15:00:00;67.669;67.779;66.659;67.459;8.3265;UCG.ITEUR
2026-03-05 16:00:00;67.449;67.489;66.819;66.869;4.18161;UCG.ITEUR
2026-03-06 08:00:00;67.149;67.869;66.979;67.659;8.01123;UCG.ITEUR
2026-03-06 09:00:00;67.669;67.709;66.369;66.709;10.28364;UCG.ITEUR
2026-03-06 10:00:00;66.709;67.259;66.669;66.959;7.67136;UCG.ITEUR
2026-03-06 11:00:00;66.949;67.149;66.249;66.329;8.65893;UCG.ITEUR
2026-03-06 12:00:00;66.329;66.799;66.209;66.779;8.24001;UCG.ITEUR
2026-03-06 13:00:00;66.779;67.149;65.909;66.109;8.859;UCG.ITEUR
2026-03-06 14:00:00;66.109;66.199;64.849;65.299;10.90791;UCG.ITEUR
2026-03-06 15:00:00;65.339;66.159;65.329;65.809;8.50359;UCG.ITEUR
2026-03-06 16:00:00;65.819;65.959;65.549;65.759;3.25875;UCG.ITEUR
2026-03-09 08:00:00;63.679;63.839;63.099;63.329;11.5361;UCG.ITEUR
2026-03-09 09:00:00;63.359;64.269;62.999;64.099;11.67708;UCG.ITEUR
2026-03-09 10:00:00;64.089;64.209;63.689;64.009;9.84937;UCG.ITEUR
2026-03-09 11:00:00;64.019;64.449;63.879;64.299;8.65688;UCG.ITEUR
2026-03-09 12:00:00;64.309;64.799;63.899;64.039;8.22966;UCG.ITEUR
2026-03-09 13:00:00;64.049;64.689;63.869;64.419;10.34525;UCG.ITEUR
2026-03-09 14:00:00;64.409;64.889;63.769;64.859;11.3948;UCG.ITEUR
2026-03-09 15:00:00;64.859;65.469;64.839;65.139;7.79873;UCG.ITEUR
2026-03-09 16:00:00;65.139;65.269;64.789;64.989;3.82102;UCG.ITEUR
2026-03-10 08:00:00;68.309;68.729;67.779;68.449;9.92566;UCG.ITEUR
2026-03-10 09:00:00;68.429;68.649;68.309;68.389;7.31918;UCG.ITEUR
2026-03-10 10:00:00;68.389;68.509;68.169;68.489;6.45305;UCG.ITEUR
2026-03-10 11:00:00;68.489;68.609;67.799;67.889;6.68752;UCG.ITEUR
2026-03-10 12:00:00;67.879;68.039;67.449;67.919;5.65491;UCG.ITEUR
2026-03-10 13:00:00;67.919;68.199;67.609;67.729;7.01244;UCG.ITEUR
2026-03-10 14:00:00;67.729;69.169;67.499;69.169;7.53423;UCG.ITEUR
2026-03-10 15:00:00;69.179;69.209;68.709;68.749;6.57837;UCG.ITEUR
2026-03-10 16:00:00;68.749;68.939;68.609;68.749;3.60875;UCG.ITEUR
2026-03-11 08:00:00;67.629;67.769;67.229;67.379;9.90526;UCG.ITEUR
2026-03-11 09:00:00;67.369;67.949;67.039;67.649;8.03959;UCG.ITEUR
2026-03-11 10:00:00;67.649;68.509;67.649;68.349;7.0844;UCG.ITEUR
2026-03-11 11:00:00;68.349;68.489;67.469;67.619;6.92132;UCG.ITEUR
2026-03-11 12:00:00;67.609;67.789;67.239;67.329;8.02764;UCG.ITEUR
2026-03-11 13:00:00;67.319;67.749;67.319;67.739;8.76721;UCG.ITEUR
2026-03-11 14:00:00;67.729;68.259;67.279;67.989;9.40927;UCG.ITEUR
2026-03-11 15:00:00;67.999;68.029;67.239;67.439;7.52161;UCG.ITEUR
2026-03-11 16:00:00;67.429;67.569;67.249;67.369;3.49445;UCG.ITEUR
2026-03-12 08:00:00;67.299;67.419;66.749;67.229;8.34674;UCG.ITEUR
2026-03-12 09:00:00;67.229;67.299;66.399;67.159;7.63622;UCG.ITEUR
2026-03-12 10:00:00;67.159;67.289;66.539;66.559;6.55715;UCG.ITEUR
2026-03-12 11:00:00;66.549;66.729;66.279;66.279;5.53237;UCG.ITEUR
2026-03-12 12:00:00;66.289;66.319;65.539;65.749;7.40757;UCG.ITEUR
2026-03-12 13:00:00;65.749;65.929;65.079;65.179;9.45651;UCG.ITEUR
2026-03-12 14:00:00;65.169;65.339;64.339;64.839;8.71642;UCG.ITEUR
2026-03-12 15:00:00;64.809;65.029;64.129;64.859;8.62937;UCG.ITEUR
2026-03-12 16:00:00;64.869;65.219;64.599;65.089;3.74252;UCG.ITEUR
2026-03-13 08:00:00;63.779;63.939;63.229;63.799;7.6765;UCG.ITEUR
2026-03-13 09:00:00;63.809;63.929;63.639;63.839;6.52583;UCG.ITEUR
2026-03-13 10:00:00;63.849;64.409;63.779;64.169;6.07327;UCG.ITEUR
2026-03-13 11:00:00;64.169;64.669;63.959;64.569;6.5333;UCG.ITEUR
2026-03-13 12:00:00;64.589;64.999;64.559;64.699;6.38825;UCG.ITEUR
2026-03-13 13:00:00;64.689;64.979;64.349;64.359;7.44651;UCG.ITEUR
2026-03-13 14:00:00;64.359;64.539;63.949;63.959;8.95599;UCG.ITEUR
2026-03-13 15:00:00;63.989;64.049;63.459;63.459;8.43415;UCG.ITEUR
2026-03-13 16:00:00;63.459;63.719;63.409;63.709;4.02922;UCG.ITEUR
2026-03-16 08:00:00;63.029;63.579;61.949;62.429;9.79638;UCG.ITEUR
2026-03-16 09:00:00;62.419;62.569;61.859;61.949;8.90989;UCG.ITEUR
2026-03-16 10:00:00;61.939;63.049;61.929;62.909;7.33464;UCG.ITEUR
2026-03-16 11:00:00;62.899;63.189;62.869;62.909;5.51071;UCG.ITEUR
2026-03-16 12:00:00;62.909;63.519;62.869;63.199;4.88492;UCG.ITEUR
2026-03-16 13:00:00;63.209;63.879;63.209;63.879;5.57473;UCG.ITEUR
2026-03-16 14:00:00;63.889;64.179;63.669;64.089;7.57412;UCG.ITEUR
2026-03-16 15:00:00;64.079;64.549;63.949;64.139;5.17783;UCG.ITEUR
2026-03-16 16:00:00;64.139;64.249;63.879;63.959;3.47063;UCG.ITEUR
2026-03-17 08:00:00;63.199;63.309;62.609;63.049;6.86663;UCG.ITEUR
2026-03-17 09:00:00;63.049;63.939;62.969;63.839;5.91858;UCG.ITEUR
2026-03-17 10:00:00;63.869;63.869;63.389;63.619;5.28997;UCG.ITEUR
2026-03-17 11:00:00;63.619;63.979;63.609;63.959;3.74196;UCG.ITEUR
2026-03-17 12:00:00;63.979;64.639;63.979;64.499;5.13926;UCG.ITEUR
2026-03-17 13:00:00;64.509;65.119;64.509;64.669;5.03066;UCG.ITEUR
2026-03-17 14:00:00;64.669;64.769;64.419;64.509;6.02293;UCG.ITEUR
2026-03-17 15:00:00;64.499;64.539;64.009;64.089;6.59282;UCG.ITEUR
2026-03-17 16:00:00;64.099;64.099;63.749;63.809;3.21239;UCG.ITEUR
2026-03-18 08:00:00;65.319;65.359;64.679;65.199;7.26212;UCG.ITEUR
2026-03-18 09:00:00;65.209;65.619;65.109;65.419;6.57832;UCG.ITEUR
2026-03-18 10:00:00;65.419;65.779;65.419;65.519;4.26056;UCG.ITEUR
2026-03-18 11:00:00;65.529;65.809;65.119;65.279;6.66499;UCG.ITEUR
2026-03-18 12:00:00;65.289;65.329;63.739;63.819;9.89117;UCG.ITEUR
2026-03-18 13:00:00;63.829;64.319;63.499;64.099;10.14196;UCG.ITEUR
2026-03-18 14:00:00;64.119;64.229;63.419;63.759;8.81047;UCG.ITEUR
2026-03-18 15:00:00;63.759;64.079;63.669;63.859;6.37623;UCG.ITEUR
2026-03-18 16:00:00;63.869;64.109;63.669;64.039;2.48721;UCG.ITEUR
2026-03-19 08:00:00;62.739;62.979;62.159;62.479;9.84165;UCG.ITEUR
2026-03-19 09:00:00;62.489;62.789;61.819;62.199;10.14303;UCG.ITEUR
2026-03-19 10:00:00;62.189;62.189;61.369;61.389;7.34489;UCG.ITEUR
2026-03-19 11:00:00;61.399;61.899;61.099;61.859;7.24761;UCG.ITEUR
2026-03-19 12:00:00;61.869;61.949;61.249;61.499;8.59327;UCG.ITEUR
2026-03-19 13:00:00;61.509;61.629;60.479;61.579;10.28344;UCG.ITEUR
2026-03-19 14:00:00;61.589;61.689;60.959;61.369;8.92718;UCG.ITEUR
2026-03-19 15:00:00;61.369;61.739;61.299;61.709;6.94727;UCG.ITEUR
2026-03-19 16:00:00;61.699;61.929;61.589;61.849;3.88274;UCG.ITEUR
2026-03-20 08:00:00;62.969;63.829;62.869;62.869;8.83665;UCG.ITEUR
2026-03-20 09:00:00;62.879;63.059;61.979;62.169;10.2;UCG.ITEUR
2026-03-20 10:00:00;62.169;62.199;61.389;61.559;9.45677;UCG.ITEUR
2026-03-20 11:00:00;61.539;62.119;61.469;61.809;7.88647;UCG.ITEUR
2026-03-20 12:00:00;61.809;61.919;61.109;61.399;7.85606;UCG.ITEUR
2026-03-20 13:00:00;61.389;61.629;60.679;60.789;8.96151;UCG.ITEUR
2026-03-20 14:00:00;60.789;60.829;59.479;59.719;11.43101;UCG.ITEUR
2026-03-20 15:00:00;59.719;60.149;59.399;59.979;10.7444;UCG.ITEUR
2026-03-20 16:00:00;59.969;60.139;59.749;59.819;4.45158;UCG.ITEUR
2026-03-23 08:00:00;58.169;58.619;57.569;58.209;12.855;UCG.ITEUR
2026-03-23 09:00:00;58.209;58.349;57.579;58.199;12.07164;UCG.ITEUR
2026-03-23 10:00:00;58.209;58.299;57.829;58.249;9.36339;UCG.ITEUR
2026-03-23 11:00:00;58.269;62.789;58.269;61.309;15.42872;UCG.ITEUR
2026-03-23 12:00:00;61.309;62.519;61.059;62.339;14.65845;UCG.ITEUR
2026-03-23 13:00:00;62.329;62.549;61.589;62.199;13.90257;UCG.ITEUR
2026-03-23 14:00:00;62.209;63.009;62.099;62.889;10.3116;UCG.ITEUR
2026-03-23 15:00:00;62.899;63.389;61.509;61.519;10.33077;UCG.ITEUR
2026-03-23 16:00:00;61.499;61.889;61.489;61.609;5.57756;UCG.ITEUR
2026-03-24 08:00:00;61.689;61.819;60.639;60.899;12.18302;UCG.ITEUR
2026-03-24 09:00:00;60.919;61.429;60.609;61.319;10.86802;UCG.ITEUR
2026-03-24 10:00:00;61.319;61.579;61.099;61.499;8.73843;UCG.ITEUR
2026-03-24 11:00:00;61.499;61.789;61.289;61.759;8.73806;UCG.ITEUR
2026-03-24 12:00:00;61.769;61.839;60.879;60.939;9.99135;UCG.ITEUR
2026-03-24 13:00:00;60.939;61.059;60.249;60.659;10.84586;UCG.ITEUR
2026-03-24 14:00:00;60.629;61.469;60.429;61.319;13.02625;UCG.ITEUR
2026-03-24 15:00:00;61.309;61.669;61.099;61.099;8.64063;UCG.ITEUR
2026-03-24 16:00:00;61.109;61.409;60.979;61.409;4.26969;UCG.ITEUR
2026-03-25 08:00:00;63.019;63.309;62.819;62.909;9.28438;UCG.ITEUR
2026-03-25 09:00:00;62.909;63.169;62.589;62.949;7.73008;UCG.ITEUR
2026-03-25 10:00:00;62.959;63.159;62.769;62.999;6.01362;UCG.ITEUR
2026-03-25 11:00:00;62.999;63.319;62.909;63.249;5.8334;UCG.ITEUR
2026-03-25 12:00:00;63.259;63.309;62.489;62.749;8.16052;UCG.ITEUR
2026-03-25 13:00:00;62.759;62.919;62.259;62.259;7.81889;UCG.ITEUR
2026-03-25 14:00:00;62.249;62.549;62.029;62.419;8.41039;UCG.ITEUR
2026-03-25 15:00:00;62.429;62.539;61.819;62.209;8.54656;UCG.ITEUR
2026-03-25 16:00:00;62.209;62.359;62.029;62.359;4.28589;UCG.ITEUR
2026-03-26 08:00:00;61.709;61.829;61.359;61.609;9.25126;UCG.ITEUR
2026-03-26 09:00:00;61.639;61.639;60.979;61.159;7.7455;UCG.ITEUR
2026-03-26 10:00:00;61.149;61.409;61.019;61.109;6.1675;UCG.ITEUR
2026-03-26 11:00:00;61.109;61.199;60.679;60.679;4.62487;UCG.ITEUR
2026-03-26 12:00:00;60.689;60.939;60.509;60.739;5.42102;UCG.ITEUR
2026-03-26 13:00:00;60.749;61.349;60.719;61.239;7.3369;UCG.ITEUR
2026-03-26 14:00:00;61.229;61.419;60.839;61.029;9.15234;UCG.ITEUR
2026-03-26 15:00:00;61.029;61.199;60.829;61.099;7.20559;UCG.ITEUR
2026-03-26 16:00:00;61.089;61.199;60.839;60.939;3.28655;UCG.ITEUR
2026-03-27 08:00:00;60.999;61.259;60.089;60.259;9.77688;UCG.ITEUR
2026-03-27 09:00:00;60.279;60.279;59.829;59.879;7.7677;UCG.ITEUR
2026-03-27 10:00:00;59.889;60.149;59.719;59.759;7.5585;UCG.ITEUR
2026-03-27 11:00:00;59.779;59.949;59.499;59.829;6.33908;UCG.ITEUR
2026-03-27 12:00:00;59.829;60.089;59.789;59.949;6.43578;UCG.ITEUR
2026-03-27 13:00:00;59.959;60.099;59.649;59.989;9.19634;UCG.ITEUR
2026-03-27 14:00:00;59.989;60.319;59.949;60.009;9.25239;UCG.ITEUR
2026-03-27 15:00:00;60.029;60.609;59.839;60.179;7.91935;UCG.ITEUR
2026-03-27 16:00:00;60.189;60.229;60.019;60.139;3.40469;UCG.ITEUR
2026-03-30 07:00:00;59.749;59.989;59.239;59.659;8.36825;UCG.ITEUR
2026-03-30 08:00:00;59.659;60.109;59.519;59.909;7.23728;UCG.ITEUR
2026-03-30 09:00:00;59.899;59.909;59.269;59.359;5.99344;UCG.ITEUR
2026-03-30 10:00:00;59.359;59.549;59.269;59.389;5.16185;UCG.ITEUR
2026-03-30 11:00:00;59.409;60.029;59.369;59.429;6.66319;UCG.ITEUR
2026-03-30 12:00:00;59.419;59.799;59.319;59.709;5.54233;UCG.ITEUR
2026-03-30 13:00:00;59.699;59.799;59.339;59.399;6.66282;UCG.ITEUR
2026-03-30 14:00:00;59.389;59.719;59.339;59.709;8.48559;UCG.ITEUR
2026-03-30 15:00:00;59.719;59.889;59.419;59.439;3.11258;UCG.ITEUR
2026-03-31 07:00:00;60.259;60.859;59.619;60.829;8.48897;UCG.ITEUR
2026-03-31 08:00:00;60.819;61.079;60.549;60.759;7.61066;UCG.ITEUR
2026-03-31 09:00:00;60.749;61.079;60.719;61.019;6.22068;UCG.ITEUR
2026-03-31 10:00:00;61.009;61.179;60.489;60.819;6.42288;UCG.ITEUR
2026-03-31 11:00:00;60.839;61.229;60.679;61.139;9.01482;UCG.ITEUR
2026-03-31 12:00:00;61.149;61.319;60.739;61.129;8.10288;UCG.ITEUR
2026-03-31 13:00:00;61.149;61.509;60.759;61.389;7.5501;UCG.ITEUR
2026-03-31 14:00:00;61.359;61.369;60.739;60.829;8.3032;UCG.ITEUR
2026-03-31 15:00:00;60.839;61.129;60.599;60.599;3.83017;UCG.ITEUR
2026-04-01 07:00:00;64.099;64.319;63.689;63.889;8.77228;UCG.ITEUR
2026-04-01 08:00:00;63.879;64.629;63.659;64.229;7.77772;UCG.ITEUR
2026-04-01 09:00:00;64.229;64.339;63.509;64.059;7.61738;UCG.ITEUR
2026-04-01 10:00:00;64.059;64.229;63.699;64.219;6.60863;UCG.ITEUR
2026-04-01 11:00:00;64.219;64.619;64.219;64.549;4.92041;UCG.ITEUR
2026-04-01 12:00:00;64.549;64.879;64.019;64.119;7.13748;UCG.ITEUR
2026-04-01 13:00:00;64.109;64.559;63.979;64.369;8.44261;UCG.ITEUR
2026-04-01 14:00:00;64.369;64.529;63.959;64.299;8.90716;UCG.ITEUR
2026-04-01 15:00:00;64.309;64.439;64.089;64.119;3.64667;UCG.ITEUR
2026-04-02 07:00:00;62.359;62.519;62.029;62.469;7.73025;UCG.ITEUR
2026-04-02 08:00:00;62.479;62.619;62.229;62.419;8.46093;UCG.ITEUR
2026-04-02 09:00:00;62.429;62.469;62.149;62.259;6.43671;UCG.ITEUR
2026-04-02 10:00:00;62.249;62.249;61.979;62.159;6.13808;UCG.ITEUR
2026-04-02 11:00:00;62.169;62.289;61.749;61.759;5.86039;UCG.ITEUR
2026-04-02 12:00:00;61.759;61.759;61.429;61.459;6.25506;UCG.ITEUR
2026-04-02 13:00:00;61.469;62.079;61.249;62.009;8.73749;UCG.ITEUR
2026-04-02 14:00:00;62.019;63.159;61.759;62.789;10.72319;UCG.ITEUR
2026-04-02 15:00:00;62.799;62.919;62.529;62.589;4.52572;UCG.ITEUR
2026-04-07 07:00:00;63.159;63.299;62.709;63.089;8.39808;UCG.ITEUR
2026-04-07 08:00:00;63.089;63.879;62.989;63.599;10.58796;UCG.ITEUR
2026-04-07 09:00:00;63.589;64.029;63.509;63.909;7.61364;UCG.ITEUR
2026-04-07 10:00:00;63.919;63.949;62.799;62.879;9.98388;UCG.ITEUR
2026-04-07 11:00:00;62.899;63.149;62.719;62.789;8.33292;UCG.ITEUR
2026-04-07 12:00:00;62.799;62.949;62.459;62.629;8.65872;UCG.ITEUR
2026-04-07 13:00:00;62.639;62.639;62.029;62.079;8.3466;UCG.ITEUR
2026-04-07 14:00:00;62.099;62.719;61.749;62.109;7.77276;UCG.ITEUR
2026-04-07 15:00:00;62.099;62.309;61.889;62.309;4.51044;UCG.ITEUR
2026-04-08 07:00:00;66.629;67.529;66.629;67.129;10.98972;UCG.ITEUR
2026-04-08 08:00:00;67.119;67.479;66.769;67.459;8.98812;UCG.ITEUR
2026-04-08 09:00:00;67.459;67.819;67.249;67.619;6.81264;UCG.ITEUR
2026-04-08 10:00:00;67.609;67.869;67.489;67.639;5.86656;UCG.ITEUR
2026-04-08 11:00:00;67.636;68.309;67.579;68.229;6.4584;UCG.ITEUR
2026-04-08 12:00:00;68.219;68.339;67.789;68.089;8.15724;UCG.ITEUR
2026-04-08 13:00:00;68.089;68.189;67.439;67.559;9.4086;UCG.ITEUR
2026-04-08 14:00:00;67.559;67.889;66.889;66.999;11.4174;UCG.ITEUR
2026-04-08 15:00:00;67.019;67.179;66.739;67.149;5.01444;UCG.ITEUR
2026-04-09 07:00:00;66.889;67.209;66.789;67.029;8.55756;UCG.ITEUR
2026-04-09 08:00:00;67.019;67.139;66.839;66.999;6.84828;UCG.ITEUR
2026-04-09 09:00:00;66.999;67.119;66.869;66.999;4.86612;UCG.ITEUR
2026-04-09 10:00:00;67.009;67.239;66.929;66.949;5.20092;UCG.ITEUR
2026-04-09 11:00:00;66.959;67.049;66.609;66.949;5.32332;UCG.ITEUR
2026-04-09 12:00:00;66.939;66.999;66.629;66.799;5.58972;UCG.ITEUR
2026-04-09 13:00:00;66.799;66.909;66.489;66.519;6.63336;UCG.ITEUR
2026-04-09 14:00:00;66.529;66.659;66.159;66.589;7.08192;UCG.ITEUR
2026-04-09 15:00:00;66.589;66.989;66.429;66.789;3.5334;UCG.ITEUR
2026-04-10 07:00:00;66.589;66.859;66.319;66.659;6.93288;UCG.ITEUR
2026-04-10 08:00:00;66.669;66.689;66.339;66.409;5.66604;UCG.ITEUR
2026-04-10 09:00:00;66.419;68.049;66.399;67.939;8.03556;UCG.ITEUR
2026-04-10 10:00:00;67.939;68.339;67.519;68.069;6.57864;UCG.ITEUR
2026-04-10 11:00:00;68.069;68.389;67.959;68.169;5.54904;UCG.ITEUR
2026-04-10 12:00:00;68.169;68.399;68.149;68.259;2.13984;UCG.ITEUR
2026-04-10 13:00:00;68.259;68.659;68.229;68.639;6.94188;UCG.ITEUR
2026-04-10 14:00:00;68.619;68.879;68.469;68.659;6.65352;UCG.ITEUR
2026-04-10 15:00:00;68.656;68.829;68.489;68.609;3.27708;UCG.ITEUR
2026-04-13 07:00:00;67.069;67.249;66.889;66.969;7.24658;UCG.ITEUR
2026-04-13 08:00:00;66.959;67.369;66.939;67.259;5.82803;UCG.ITEUR
2026-04-13 09:00:00;67.259;67.509;67.259;67.459;3.84501;UCG.ITEUR
2026-04-13 10:00:00;67.469;67.539;67.299;67.539;3.76611;UCG.ITEUR
2026-04-13 11:00:00;67.569;67.659;67.119;67.179;4.99695;UCG.ITEUR
2026-04-13 12:00:00;67.179;67.469;67.119;67.469;4.78454;UCG.ITEUR
2026-04-13 13:00:00;67.479;68.229;67.459;68.209;5.97454;UCG.ITEUR
2026-04-13 14:00:00;68.189;68.389;68.039;68.329;6.36285;UCG.ITEUR
2026-04-13 15:00:00;68.329;68.339;68.069;68.149;3.12439;UCG.ITEUR
2026-04-14 07:00:00;68.859;69.289;68.809;69.229;7.10064;UCG.ITEUR
2026-04-14 08:00:00;69.229;69.419;68.959;69.349;5.38717;UCG.ITEUR
2026-04-14 09:00:00;69.369;69.399;68.999;69.219;4.01926;UCG.ITEUR
2026-04-14 10:00:00;69.219;69.279;68.979;68.999;4.38055;UCG.ITEUR
2026-04-14 11:00:00;69.019;69.559;68.969;69.389;3.80855;UCG.ITEUR
2026-04-14 12:00:00;69.409;70.009;69.399;69.979;4.65995;UCG.ITEUR
2026-04-14 13:00:00;69.969;70.249;69.879;70.009;5.57385;UCG.ITEUR
2026-04-14 14:00:00;69.989;70.429;69.949;70.319;5.44766;UCG.ITEUR
2026-04-14 15:00:00;70.319;70.399;69.979;70.289;2.90414;UCG.ITEUR
2026-04-15 07:00:00;70.249;70.299;69.699;69.859;6.70975;UCG.ITEUR
2026-04-15 08:00:00;69.859;70.129;69.809;70.069;4.9082;UCG.ITEUR
2026-04-15 09:00:00;70.079;70.189;69.759;70.079;4.94466;UCG.ITEUR
2026-04-15 10:00:00;70.079;70.359;69.939;70.269;5.8583;UCG.ITEUR
2026-04-15 11:00:00;70.279;70.629;70.209;70.489;4.7504;UCG.ITEUR
2026-04-15 12:00:00;70.489;70.489;70.239;70.379;4.323;UCG.ITEUR
2026-04-15 13:00:00;70.379;70.469;70.159;70.229;5.41146;UCG.ITEUR
2026-04-15 14:00:00;70.239;70.439;70.049;70.329;5.62093;UCG.ITEUR
2026-04-15 15:00:00;70.339;70.499;70.249;70.319;3.08329;UCG.ITEUR
2026-04-16 07:00:00;69.939;70.489;69.859;70.219;6.73966;UCG.ITEUR
2026-04-16 08:00:00;70.219;70.299;69.779;69.879;6.39384;UCG.ITEUR
2026-04-16 09:00:00;69.879;70.109;69.699;69.799;4.84869;UCG.ITEUR
2026-04-16 10:00:00;69.799;69.979;69.759;69.859;4.5088;UCG.ITEUR
2026-04-16 11:00:00;69.859;69.889;69.569;69.599;4.13926;UCG.ITEUR
2026-04-16 12:00:00;69.599;69.739;69.509;69.609;4.0781;UCG.ITEUR
2026-04-16 13:00:00;69.619;69.649;68.709;68.929;6.37301;UCG.ITEUR
2026-04-16 14:00:00;68.969;69.259;68.879;69.139;8.30436;UCG.ITEUR
2026-04-16 15:00:00;69.149;69.349;69.019;69.019;3.39595;UCG.ITEUR
2026-04-17 07:00:00;69.139;69.279;68.939;69.179;4.87499;UCG.ITEUR
2026-04-17 08:00:00;69.189;69.459;69.009;69.299;4.33847;UCG.ITEUR
2026-04-17 09:00:00;69.289;69.889;69.209;69.699;4.70239;UCG.ITEUR
2026-04-17 10:00:00;69.699;69.709;69.279;69.339;4.34961;UCG.ITEUR
2026-04-17 11:00:00;69.349;69.619;69.329;69.509;3.62806;UCG.ITEUR
2026-04-17 12:00:00;69.519;71.459;69.479;71.449;6.9644;UCG.ITEUR
2026-04-17 13:00:00;71.439;72.099;71.349;71.919;11.03518;UCG.ITEUR
2026-04-17 14:00:00;71.929;72.689;71.819;72.519;7.25535;UCG.ITEUR
2026-04-17 15:00:00;72.499;72.499;71.809;72.069;4.23884;UCG.ITEUR
2026-04-20 07:00:00;68.839;69.509;68.599;68.859;7.03851;UCG.ITEUR
2026-04-20 08:00:00;68.849;68.869;68.399;68.659;5.59358;UCG.ITEUR
2026-04-20 09:00:00;68.659;68.739;68.489;68.569;3.89441;UCG.ITEUR
2026-04-20 10:00:00;68.569;68.789;68.549;68.599;3.4549;UCG.ITEUR
2026-04-20 11:00:00;68.609;68.839;68.489;68.729;3.5374;UCG.ITEUR
2026-04-20 12:00:00;68.719;68.879;68.639;68.709;3.45772;UCG.ITEUR
2026-04-20 13:00:00;68.699;69.209;68.659;68.849;5.54782;UCG.ITEUR
2026-04-20 14:00:00;68.869;68.869;67.889;67.969;5.57841;UCG.ITEUR
2026-04-20 15:00:00;67.979;68.249;67.949;68.159;3.31767;UCG.ITEUR
2026-04-21 07:00:00;67.829;68.079;67.569;67.919;5.91413;UCG.ITEUR
2026-04-21 08:00:00;67.919;68.299;67.839;68.169;4.95299;UCG.ITEUR
2026-04-21 09:00:00;68.159;68.159;67.739;67.759;3.41788;UCG.ITEUR
2026-04-21 10:00:00;67.749;68.109;67.719;67.989;2.83146;UCG.ITEUR
2026-04-21 11:00:00;67.999;68.059;67.799;67.929;3.50968;UCG.ITEUR
2026-04-21 12:00:00;67.929;68.089;67.819;67.899;4.66725;UCG.ITEUR
2026-04-21 13:00:00;67.909;67.989;67.729;67.839;4.75628;UCG.ITEUR
2026-04-21 14:00:00;67.849;67.849;67.029;67.059;4.54806;UCG.ITEUR
2026-04-21 15:00:00;67.069;67.319;66.949;67.189;3.61309;UCG.ITEUR
2026-04-22 07:00:00;67.159;67.189;66.219;66.249;6.71591;UCG.ITEUR
2026-04-22 08:00:00;66.259;66.289;65.719;65.929;6.66019;UCG.ITEUR
2026-04-22 09:00:00;65.919;66.129;65.839;66.019;5.33368;UCG.ITEUR
2026-04-22 10:00:00;66.019;66.169;65.899;66.109;5.22534;UCG.ITEUR
2026-04-22 11:00:00;66.119;66.309;65.899;66.139;4.67754;UCG.ITEUR
2026-04-22 12:00:00;66.149;66.279;65.959;66.119;4.7964;UCG.ITEUR
2026-04-22 13:00:00;66.119;66.529;65.899;66.129;6.36487;UCG.ITEUR
2026-04-22 14:00:00;66.149;66.169;65.619;65.759;5.76196;UCG.ITEUR
2026-04-22 15:00:00;65.759;65.829;65.619;65.729;3.42314;UCG.ITEUR
2026-04-23 07:00:00;64.869;65.499;64.799;65.209;6.70003;UCG.ITEUR
2026-04-23 08:00:00;65.199;65.259;64.599;64.619;7.47536;UCG.ITEUR
2026-04-23 09:00:00;64.629;64.939;64.399;64.729;6.54969;UCG.ITEUR
2026-04-23 10:00:00;64.729;64.959;64.589;64.909;5.42172;UCG.ITEUR
2026-04-23 11:00:00;64.919;64.989;64.639;64.839;5.71615;UCG.ITEUR
2026-04-23 12:00:00;64.839;65.109;64.709;64.999;5.79029;UCG.ITEUR
2026-04-23 13:00:00;65.009;65.069;64.629;64.649;4.89201;UCG.ITEUR
2026-04-23 14:00:00;64.639;64.899;64.549;64.879;4.93213;UCG.ITEUR
2026-04-23 15:00:00;64.869;64.929;64.699;64.719;2.20088;UCG.ITEUR
2026-04-24 07:00:00;63.799;63.949;63.319;63.469;5.23713;UCG.ITEUR
2026-04-24 08:00:00;63.469;63.699;63.079;63.219;6.22106;UCG.ITEUR
2026-04-24 09:00:00;63.229;63.339;63.039;63.189;5.39311;UCG.ITEUR
2026-04-24 10:00:00;63.179;63.359;63.089;63.259;3.62859;UCG.ITEUR
2026-04-24 11:00:00;63.259;64.209;63.239;63.749;7.2835;UCG.ITEUR
2026-04-24 12:00:00;63.779;63.939;63.219;63.429;5.92973;UCG.ITEUR
2026-04-24 13:00:00;63.439;63.629;63.259;63.619;6.0695;UCG.ITEUR
2026-04-24 14:00:00;63.619;63.929;63.559;63.869;6.29238;UCG.ITEUR
2026-04-24 15:00:00;63.869;64.039;63.769;64.009;2.80252;UCG.ITEUR
2026-04-27 07:00:00;64.369;64.589;64.219;64.299;6.91711;UCG.ITEUR
2026-04-27 08:00:00;64.289;64.519;64.089;64.439;4.6709;UCG.ITEUR
2026-04-27 09:00:00;64.429;64.539;64.349;64.509;2.76643;UCG.ITEUR
2026-04-27 10:00:00;64.499;64.769;64.409;64.709;2.90097;UCG.ITEUR
2026-04-27 11:00:00;64.709;64.959;64.699;64.809;3.19812;UCG.ITEUR
2026-04-27 12:00:00;64.819;64.839;64.349;64.409;4.03547;UCG.ITEUR
2026-04-27 13:00:00;64.399;64.649;64.259;64.469;6.05373;UCG.ITEUR
2026-04-27 14:00:00;64.469;64.509;64.239;64.369;5.48083;UCG.ITEUR
2026-04-27 15:00:00;64.379;64.399;64.099;64.249;2.88198;UCG.ITEUR
2026-04-28 07:00:00;64.949;65.719;64.819;65.699;6.72149;UCG.ITEUR
2026-04-28 08:00:00;65.709;66.139;65.409;66.089;6.90201;UCG.ITEUR
2026-04-28 09:00:00;66.079;66.519;65.919;66.289;5.97261;UCG.ITEUR
2026-04-28 10:00:00;66.299;66.599;66.269;66.359;4.89289;UCG.ITEUR
2026-04-28 11:00:00;66.359;66.429;65.529;65.619;6.85705;UCG.ITEUR
2026-04-28 12:00:00;65.619;66.059;65.479;66.009;8.18893;UCG.ITEUR
2026-04-28 13:00:00;66.009;66.039;65.549;65.639;6.19945;UCG.ITEUR
2026-04-28 14:00:00;65.639;65.949;65.489;65.949;6.94688;UCG.ITEUR
2026-04-28 15:00:00;65.979;66.149;65.869;66.089;3.08958;UCG.ITEUR
2026-04-29 07:00:00;65.849;65.879;65.319;65.399;6.72109;UCG.ITEUR
2026-04-29 08:00:00;65.409;65.499;64.949;65.369;8.09518;UCG.ITEUR
2026-04-29 09:00:00;65.369;65.719;65.239;65.339;6.01754;UCG.ITEUR
2026-04-29 10:00:00;65.339;65.909;65.299;65.709;4.73624;UCG.ITEUR
2026-04-29 11:00:00;65.719;65.939;65.649;65.929;5.55602;UCG.ITEUR
2026-04-29 12:00:00;65.919;66.049;65.719;65.789;4.75693;UCG.ITEUR
2026-04-29 13:00:00;65.799;65.879;65.179;65.499;5.89918;UCG.ITEUR
2026-04-29 14:00:00;65.509;65.759;65.279;65.569;5.72567;UCG.ITEUR
2026-04-29 15:00:00;65.579;65.709;65.339;65.499;3.73233;UCG.ITEUR
2026-04-30 07:00:00;64.329;64.799;64.189;64.459;8.02178;UCG.ITEUR
2026-04-30 08:00:00;64.459;64.539;64.089;64.099;8.21342;UCG.ITEUR
2026-04-30 09:00:00;64.099;64.619;63.859;64.479;7.88573;UCG.ITEUR
2026-04-30 10:00:00;64.479;64.769;64.339;64.619;6.5373;UCG.ITEUR
2026-04-30 11:00:00;64.639;65.009;64.639;64.809;5.38103;UCG.ITEUR
2026-04-30 12:00:00;64.789;65.119;64.579;64.899;5.78181;UCG.ITEUR
2026-04-30 13:00:00;64.909;65.149;64.749;65.009;6.80459;UCG.ITEUR
2026-04-30 14:00:00;65.019;65.729;64.949;65.569;5.94544;UCG.ITEUR
2026-04-30 15:00:00;65.559;65.859;65.519;65.759;2.86963;UCG.ITEUR
2026-05-04 07:00:00;66.119;66.439;65.649;65.659;4.19642;UCG.ITEUR
2026-05-04 08:00:00;65.669;65.669;65.179;65.289;4.61756;UCG.ITEUR
2026-05-04 09:00:00;65.279;65.579;65.229;65.389;2.93341;UCG.ITEUR
2026-05-04 10:00:00;65.399;65.439;63.959;64.859;8.26514;UCG.ITEUR
2026-05-04 11:00:00;64.889;64.969;64.599;64.769;4.96396;UCG.ITEUR
2026-05-04 12:00:00;64.769;65.149;64.689;64.939;5.27044;UCG.ITEUR
2026-05-04 13:00:00;64.919;64.929;64.469;64.599;6.29285;UCG.ITEUR
2026-05-04 14:00:00;64.599;64.739;64.239;64.309;6.21909;UCG.ITEUR
2026-05-04 15:00:00;64.339;64.549;63.759;64.039;4.62693;UCG.ITEUR
2026-05-05 07:00:00;65.799;66.629;65.699;66.049;7.79708;UCG.ITEUR
2026-05-05 08:00:00;66.049;66.979;65.939;66.839;6.3371;UCG.ITEUR
2026-05-05 09:00:00;66.839;67.339;66.719;67.329;5.97128;UCG.ITEUR
2026-05-05 10:00:00;67.329;67.979;67.249;67.949;4.93491;UCG.ITEUR
2026-05-05 11:00:00;68.009;68.079;67.499;67.629;6.29656;UCG.ITEUR
2026-05-05 12:00:00;67.629;68.089;67.539;67.959;5.70518;UCG.ITEUR
2026-05-05 13:00:00;67.959;68.189;67.699;67.939;5.50826;UCG.ITEUR
2026-05-05 14:00:00;67.929;68.179;67.569;67.819;6.89875;UCG.ITEUR
2026-05-05 15:00:00;67.819;68.039;67.579;68.029;2.96112;UCG.ITEUR
2026-05-06 07:00:00;69.909;70.299;69.539;69.719;7.1544;UCG.ITEUR
2026-05-06 08:00:00;69.699;71.279;69.339;71.249;7.8781;UCG.ITEUR
2026-05-06 09:00:00;71.239;71.399;70.609;70.619;8.12071;UCG.ITEUR
2026-05-06 10:00:00;70.629;72.079;70.629;71.899;6.44841;UCG.ITEUR
2026-05-06 11:00:00;71.899;72.089;71.289;71.369;7.06065;UCG.ITEUR
2026-05-06 12:00:00;71.359;71.359;70.279;70.659;7.41833;UCG.ITEUR
2026-05-06 13:00:00;70.669;71.159;70.259;70.949;7.53098;UCG.ITEUR
2026-05-06 14:00:00;70.939;71.099;70.349;70.499;6.59222;UCG.ITEUR
2026-05-06 15:00:00;70.499;71.049;70.359;71.049;3.28393;UCG.ITEUR
2026-05-07 07:00:00;71.449;72.379;71.429;71.829;7.77148;UCG.ITEUR
2026-05-07 08:00:00;71.819;72.079;71.669;71.739;7.15584;UCG.ITEUR
2026-05-07 09:00:00;71.739;71.769;71.099;71.139;5.42116;UCG.ITEUR
2026-05-07 10:00:00;71.129;71.449;71.099;71.229;5.59871;UCG.ITEUR
2026-05-07 11:00:00;71.249;71.589;71.109;71.229;5.10046;UCG.ITEUR
2026-05-07 12:00:00;71.229;71.589;71.159;71.369;5.07996;UCG.ITEUR
2026-05-07 13:00:00;71.369;71.519;71.109;71.269;7.30578;UCG.ITEUR
2026-05-07 14:00:00;71.279;71.449;71.149;71.379;6.53278;UCG.ITEUR
2026-05-07 15:00:00;71.369;71.419;70.969;71.169;3.33889;UCG.ITEUR
2026-05-08 07:00:00;70.169;70.709;69.729;70.469;7.91035;UCG.ITEUR
2026-05-08 08:00:00;70.479;70.499;70.209;70.479;6.38186;UCG.ITEUR
2026-05-08 09:00:00;70.499;70.999;70.429;70.909;5.72944;UCG.ITEUR
2026-05-08 10:00:00;70.919;70.939;70.619;70.799;5.95016;UCG.ITEUR
2026-05-08 11:00:00;70.809;70.929;70.349;70.409;5.00759;UCG.ITEUR
2026-05-08 12:00:00;70.389;70.609;70.179;70.299;5.2947;UCG.ITEUR
2026-05-08 13:00:00;70.289;70.489;69.959;70.479;6.35466;UCG.ITEUR
2026-05-08 14:00:00;70.479;70.519;69.849;70.079;6.29594;UCG.ITEUR
2026-05-08 15:00:00;70.059;70.159;69.919;70.049;3.48667;UCG.ITEUR
2026-05-11 07:00:00;70.179;70.899;70.099;70.879;4.73953;UCG.ITEUR
2026-05-11 08:00:00;70.889;71.239;70.829;70.869;5.24726;UCG.ITEUR
2026-05-11 09:00:00;70.879;71.119;70.759;71.019;4.45025;UCG.ITEUR
2026-05-11 10:00:00;71.019;71.179;70.959;70.999;4.33686;UCG.ITEUR
2026-05-11 11:00:00;71.009;71.089;70.599;70.699;4.13575;UCG.ITEUR
2026-05-11 12:00:00;70.689;70.829;70.399;70.659;5.13898;UCG.ITEUR
2026-05-11 13:00:00;70.659;70.939;70.569;70.779;5.21286;UCG.ITEUR
2026-05-11 14:00:00;70.769;70.839;70.499;70.569;5.2851;UCG.ITEUR
2026-05-11 15:00:00;70.569;70.739;70.429;70.709;2.40614;UCG.ITEUR
2026-05-12 07:00:00;69.039;69.729;68.859;69.319;7.56469;UCG.ITEUR
2026-05-12 08:00:00;69.329;69.729;69.189;69.619;6.11945;UCG.ITEUR
2026-05-12 09:00:00;69.619;70.049;69.529;69.889;5.42713;UCG.ITEUR
2026-05-12 10:00:00;69.899;70.039;69.739;69.869;4.49812;UCG.ITEUR
2026-05-12 11:00:00;69.879;70.129;69.739;70.009;4.7519;UCG.ITEUR
2026-05-12 12:00:00;70.009;70.219;69.759;70.089;4.5132;UCG.ITEUR
2026-05-12 13:00:00;70.079;70.139;69.629;69.899;5.27711;UCG.ITEUR
2026-05-12 14:00:00;69.899;70.409;69.899;70.389;5.20834;UCG.ITEUR
2026-05-12 15:00:00;70.379;70.449;70.019;70.279;2.93974;UCG.ITEUR
2026-05-13 07:00:00;70.819;71.039;70.539;70.629;5.58746;UCG.ITEUR
2026-05-13 08:00:00;70.639;70.889;70.459;70.469;5.99863;UCG.ITEUR
2026-05-13 09:00:00;70.469;70.469;70.149;70.339;5.27454;UCG.ITEUR
2026-05-13 10:00:00;70.329;70.549;70.129;70.199;5.13929;UCG.ITEUR
2026-05-13 11:00:00;70.219;70.579;70.169;70.559;3.63813;UCG.ITEUR
2026-05-13 12:00:00;70.559;70.629;69.909;70.179;4.6269;UCG.ITEUR
2026-05-13 13:00:00;70.189;70.909;70.189;70.849;5.52575;UCG.ITEUR
2026-05-13 14:00:00;70.869;71.119;70.699;70.979;5.02689;UCG.ITEUR
2026-05-13 15:00:00;70.979;71.069;70.799;70.929;2.25516;UCG.ITEUR
2026-05-14 07:00:00;71.799;72.049;71.479;71.489;4.2244;UCG.ITEUR
2026-05-14 08:00:00;71.469;72.069;71.409;72.049;5.65264;UCG.ITEUR
2026-05-14 09:00:00;72.049;72.149;71.829;72.039;4.38182;UCG.ITEUR
2026-05-14 10:00:00;72.039;72.329;71.999;72.299;4.33652;UCG.ITEUR
2026-05-14 11:00:00;72.299;72.469;72.249;72.399;3.51827;UCG.ITEUR
2026-05-14 12:00:00;72.409;72.469;72.269;72.309;2.98922;UCG.ITEUR
2026-05-14 13:00:00;72.299;72.379;72.009;72.139;3.5305;UCG.ITEUR
2026-05-14 14:00:00;72.119;72.339;72.069;72.279;3.64101;UCG.ITEUR
2026-05-14 15:00:00;72.269;72.389;72.149;72.269;1.79191;UCG.ITEUR
2026-05-15 07:00:00;71.519;71.829;71.399;71.509;5.6414;UCG.ITEUR
2026-05-15 08:00:00;71.529;71.529;70.929;71.309;6.81908;UCG.ITEUR
2026-05-15 09:00:00;71.329;71.479;70.979;71.129;5.54278;UCG.ITEUR
2026-05-15 10:00:00;71.139;71.749;71.039;71.519;6.39692;UCG.ITEUR
2026-05-15 11:00:00;71.509;71.589;70.899;70.989;4.81098;UCG.ITEUR
2026-05-15 12:00:00;70.989;71.239;70.719;71.189;4.77695;UCG.ITEUR
2026-05-15 13:00:00;71.189;71.499;71.079;71.239;5.61437;UCG.ITEUR
2026-05-15 14:00:00;71.229;71.289;70.989;71.229;5.90543;UCG.ITEUR
2026-05-15 15:00:00;71.239;71.339;71.039;71.269;2.1758;UCG.ITEUR
2026-05-18 07:00:00;70.969;71.199;70.739;70.889;6.60719;UCG.ITEUR
2026-05-18 08:00:00;70.889;71.049;70.639;70.759;4.73103;UCG.ITEUR
2026-05-18 09:00:00;70.749;70.979;70.649;70.749;3.48615;UCG.ITEUR
2026-05-18 10:00:00;70.759;70.799;70.249;70.489;4.61953;UCG.ITEUR
2026-05-18 11:00:00;70.489;71.329;70.329;70.949;6.44095;UCG.ITEUR
2026-05-18 12:00:00;70.949;71.919;70.839;71.919;6.66205;UCG.ITEUR
2026-05-18 13:00:00;71.919;72.039;71.589;71.909;7.59288;UCG.ITEUR
2026-05-18 14:00:00;71.919;71.959;71.339;71.439;7.60077;UCG.ITEUR
2026-05-18 15:00:00;71.439;71.459;70.749;70.749;4.02233;UCG.ITEUR
2026-05-19 07:00:00;71.209;71.519;70.949;71.219;6.16396;UCG.ITEUR
2026-05-19 08:00:00;71.229;71.449;70.889;70.889;6.15045;UCG.ITEUR
2026-05-19 09:00:00;70.889;71.049;70.679;71.019;5.85466;UCG.ITEUR
2026-05-19 10:00:00;71.019;71.169;70.789;71.009;5.39226;UCG.ITEUR
2026-05-19 11:00:00;71.019;71.099;70.919;70.959;4.405;UCG.ITEUR
2026-05-19 12:00:00;70.949;71.469;70.829;71.409;3.69688;UCG.ITEUR
2026-05-19 13:00:00;71.419;71.479;70.619;70.869;7.15944;UCG.ITEUR
2026-05-19 14:00:00;70.869;71.049;70.579;70.819;7.75073;UCG.ITEUR
2026-05-19 15:00:00;70.819;71.019;70.789;70.789;2.36504;UCG.ITEUR
2026-05-20 07:00:00;70.389;70.459;69.749;69.749;4.83782;UCG.ITEUR
2026-05-20 08:00:00;69.749;70.319;69.569;70.299;6.12467;UCG.ITEUR
2026-05-20 09:00:00;70.299;70.449;70.119;70.309;3.83548;UCG.ITEUR
2026-05-20 10:00:00;70.319;70.849;70.309;70.409;3.76021;UCG.ITEUR
2026-05-20 11:00:00;70.419;70.709;70.379;70.499;4.1656;UCG.ITEUR
2026-05-20 12:00:00;70.509;70.839;70.499;70.579;3.96685;UCG.ITEUR
2026-05-20 13:00:00;70.569;71.119;70.519;71.019;5.24011;UCG.ITEUR
2026-05-20 14:00:00;71.029;72.079;70.709;71.859;8.08568;UCG.ITEUR
2026-05-20 15:00:00;71.849;72.769;71.779;72.139;3.89736;UCG.ITEUR
2026-05-21 07:00:00;71.649;71.749;71.059;71.219;5.91423;UCG.ITEUR
2026-05-21 08:00:00;71.229;71.669;71.139;71.249;6.01284;UCG.ITEUR
2026-05-21 09:00:00;71.219;71.739;71.219;71.589;3.87835;UCG.ITEUR
2026-05-21 10:00:00;71.589;71.639;69.669;70.159;7.07404;UCG.ITEUR
2026-05-21 11:00:00;70.159;70.459;70.079;70.339;5.10465;UCG.ITEUR
2026-05-21 12:00:00;70.349;70.789;70.209;70.609;5.22156;UCG.ITEUR
2026-05-21 13:00:00;70.599;71.439;70.389;71.239;6.16416;UCG.ITEUR
2026-05-21 14:00:00;71.239;71.399;70.729;71.169;6.36403;UCG.ITEUR
2026-05-21 15:00:00;71.149;71.409;70.949;71.179;3.07006;UCG.ITEUR
2026-05-22 07:00:00;71.289;71.719;71.199;71.469;4.36468;UCG.ITEUR
2026-05-22 08:00:00;71.469;71.739;71.339;71.579;6.16148;UCG.ITEUR
2026-05-22 09:00:00;71.569;72.129;71.489;72.089;4.33225;UCG.ITEUR
2026-05-22 10:00:00;72.089;72.099;71.809;71.829;3.96904;UCG.ITEUR
2026-05-22 11:00:00;71.839;72.019;71.769;71.939;3.76934;UCG.ITEUR
2026-05-22 12:00:00;71.949;72.429;71.879;72.389;4.94337;UCG.ITEUR
2026-05-22 13:00:00;72.409;72.499;71.839;71.869;6.21163;UCG.ITEUR
2026-05-22 14:00:00;71.849;72.339;71.489;72.279;5.42407;UCG.ITEUR
2026-05-22 15:00:00;72.289;72.349;72.149;72.269;2.37355;UCG.ITEUR
2026-05-25 07:00:00;73.699;73.929;73.319;73.659;4.06458;UCG.ITEUR
2026-05-25 08:00:00;73.659;73.919;73.579;73.859;3.03903;UCG.ITEUR
2026-05-25 09:00:00;73.869;74.089;73.799;74.039;2.53791;UCG.ITEUR
2026-05-25 10:00:00;74.039;74.439;74.009;74.419;2.29794;UCG.ITEUR
2026-05-25 11:00:00;74.409;74.609;74.319;74.559;2.63721;UCG.ITEUR
2026-05-25 12:00:00;74.559;74.649;74.469;74.479;2.7558;UCG.ITEUR
2026-05-25 13:00:00;74.476;74.579;74.149;74.429;2.35428;UCG.ITEUR
2026-05-25 14:00:00;74.429;74.439;74.169;74.259;3.25875;UCG.ITEUR
2026-05-25 15:00:00;74.259;74.419;74.089;74.279;2.90364;UCG.ITEUR
2026-05-26 07:00:00;73.859;74.059;73.649;73.899;5.86296;UCG.ITEUR
2026-05-26 08:00:00;73.899;74.059;73.569;73.609;3.92856;UCG.ITEUR
2026-05-26 09:00:00;73.599;73.839;73.499;73.709;3.45765;UCG.ITEUR
2026-05-26 10:00:00;73.709;74.099;73.639;74.069;3.48939;UCG.ITEUR
2026-05-26 11:00:00;74.079;74.129;73.739;74.039;3.32754;UCG.ITEUR
2026-05-26 12:00:00;74.039;74.169;73.829;73.959;2.5485;UCG.ITEUR
2026-05-26 13:00:00;73.969;74.069;73.649;73.779;4.24506;UCG.ITEUR
2026-05-26 14:00:00;73.729;73.949;73.619;73.749;4.70916;UCG.ITEUR
2026-05-26 15:00:00;73.739;73.749;73.399;73.399;2.39535;UCG.ITEUR
2026-05-27 07:00:00;73.779;73.929;73.409;73.409;4.15704;UCG.ITEUR
2026-05-27 08:00:00;73.409;73.629;73.039;73.439;4.55478;UCG.ITEUR
2026-05-27 09:00:00;73.439;73.719;73.289;73.289;3.44832;UCG.ITEUR
2026-05-27 10:00:00;73.309;73.509;73.219;73.349;2.814;UCG.ITEUR
2026-05-27 11:00:00;73.349;73.389;72.929;72.959;3.36957;UCG.ITEUR
2026-05-27 12:00:00;72.939;74.009;72.819;73.459;6.17571;UCG.ITEUR
2026-05-27 13:00:00;73.449;73.789;73.269;73.559;5.53395;UCG.ITEUR
2026-05-27 14:00:00;73.549;73.579;73.129;73.439;5.86818;UCG.ITEUR
2026-05-27 15:00:00;73.439;73.599;73.349;73.429;2.46009;UCG.ITEUR
2026-05-28 07:00:00;72.659;72.889;72.399;72.609;4.84827;UCG.ITEUR
2026-05-28 08:00:00;72.619;72.709;72.369;72.539;4.27839;UCG.ITEUR
2026-05-28 09:00:00;72.539;72.919;72.509;72.719;3.18126;UCG.ITEUR
2026-05-28 10:00:00;72.719;72.779;72.339;72.609;3.57933;UCG.ITEUR
2026-05-28 11:00:00;72.609;72.679;72.359;72.539;3.49995;UCG.ITEUR
2026-05-28 12:00:00;72.529;72.839;72.469;72.709;2.92665;UCG.ITEUR
2026-05-28 13:00:00;72.719;72.859;72.279;72.419;3.96933;UCG.ITEUR
2026-05-28 14:00:00;72.429;73.529;63.629;72.779;6.74178;UCG.ITEUR
2026-05-28 15:00:00;72.789;72.939;72.669;72.819;2.45355;UCG.ITEUR
2026-05-29 07:00:00;73.639;74.039;73.499;73.979;4.78791;UCG.ITEUR
2026-05-29 08:00:00;74.019;74.029;73.409;73.409;4.10598;UCG.ITEUR
2026-05-29 09:00:00;73.399;73.779;73.369;73.669;4.71135;UCG.ITEUR
2026-05-29 10:00:00;73.669;73.949;73.429;73.849;3.42528;UCG.ITEUR
2026-05-29 11:00:00;73.879;73.959;73.719;73.899;3.5367;UCG.ITEUR
2026-05-29 12:00:00;73.909;73.959;73.719;73.809;2.99856;UCG.ITEUR
2026-05-29 13:00:00;73.799;73.819;73.429;73.639;3.8022;UCG.ITEUR
2026-05-29 14:00:00;73.649;74.139;73.429;73.929;4.3677;UCG.ITEUR
2026-05-29 15:00:00;73.929;74.179;73.909;73.909;2.1582;UCG.ITEUR
2026-06-01 07:00:00;74.069;74.199;73.769;74.179;3.93994;UCG.ITEUR
2026-06-01 08:00:00;74.189;74.399;73.969;74.359;4.2779;UCG.ITEUR
2026-06-01 09:00:00;74.359;74.519;74.109;74.249;3.11675;UCG.ITEUR
2026-06-01 10:00:00;74.259;74.529;74.149;74.449;2.37288;UCG.ITEUR
2026-06-01 11:00:00;74.449;74.599;74.259;74.589;3.07618;UCG.ITEUR
2026-06-01 12:00:00;74.579;74.779;74.509;74.619;3.34673;UCG.ITEUR
2026-06-01 13:00:00;74.619;74.639;73.169;73.229;8.32326;UCG.ITEUR
2026-06-01 14:00:00;73.229;73.719;73.139;73.419;5.96663;UCG.ITEUR
2026-06-01 15:00:00;73.409;73.709;73.329;73.429;2.96183;UCG.ITEUR
2026-06-02 07:00:00;74.379;74.809;74.329;74.769;4.41148;UCG.ITEUR
2026-06-02 08:00:00;74.779;75.309;74.669;74.719;4.93666;UCG.ITEUR
2026-06-02 09:00:00;74.729;74.729;74.189;74.449;3.58614;UCG.ITEUR
2026-06-02 10:00:00;74.446;74.599;74.309;74.569;2.85385;UCG.ITEUR
2026-06-02 11:00:00;74.569;74.659;74.399;74.529;2.80323;UCG.ITEUR
2026-06-02 12:00:00;74.519;74.549;74.099;74.179;3.5483;UCG.ITEUR
2026-06-02 13:00:00;74.189;74.739;73.959;74.599;4.79853;UCG.ITEUR
2026-06-02 14:00:00;74.599;74.729;74.029;74.499;4.85217;UCG.ITEUR
2026-06-02 15:00:00;74.509;74.709;74.499;74.699;1.72202;UCG.ITEUR
2026-06-03 07:00:00;74.029;74.369;73.729;74.179;4.66611;UCG.ITEUR
2026-06-03 08:00:00;74.189;74.249;73.999;74.199;3.93142;UCG.ITEUR
2026-06-03 09:00:00;74.199;74.379;74.129;74.329;3.25827;UCG.ITEUR
2026-06-03 10:00:00;74.329;74.759;74.119;74.179;4.61549;UCG.ITEUR
2026-06-03 11:00:00;74.169;74.239;73.919;74.099;2.95571;UCG.ITEUR
2026-06-03 12:00:00;74.109;74.189;73.969;74.129;2.25638;UCG.ITEUR
2026-06-03 13:00:00;74.119;74.239;73.679;73.999;3.84846;UCG.ITEUR
2026-06-03 14:00:00;73.999;74.089;73.669;73.929;4.8305;UCG.ITEUR
2026-06-03 15:00:00;73.929;73.969;73.699;73.789;2.26887;UCG.ITEUR
2026-06-04 07:00:00;74.349;74.659;74.299;74.429;5.64885;UCG.ITEUR
2026-06-04 08:00:00;74.429;74.459;73.859;73.889;5.3161;UCG.ITEUR
2026-06-04 09:00:00;73.869;74.049;73.639;74.029;5.1941;UCG.ITEUR
2026-06-04 10:00:00;74.019;74.049;73.559;73.699;3.73072;UCG.ITEUR
2026-06-04 11:00:00;73.709;74.249;73.709;74.219;5.31639;UCG.ITEUR
2026-06-04 12:00:00;74.239;74.349;74.109;74.189;3.9863;UCG.ITEUR
2026-06-04 13:00:00;74.169;74.469;74.099;74.399;5.48963;UCG.ITEUR
2026-06-04 14:00:00;74.409;74.409;73.939;74.029;4.60515;UCG.ITEUR
2026-06-04 15:00:00;74.029;74.289;73.979;74.249;1.84493;UCG.ITEUR
2026-06-05 07:00:00;74.029;74.119;73.859;73.919;4.14672;UCG.ITEUR
2026-06-05 08:00:00;73.919;74.059;73.659;73.969;4.40933;UCG.ITEUR
2026-06-05 09:00:00;73.969;74.179;73.789;73.959;4.05942;UCG.ITEUR
2026-06-05 10:00:00;73.969;74.259;73.799;73.869;2.53818;UCG.ITEUR
2026-06-05 11:00:00;73.839;74.189;73.839;73.989;2.51866;UCG.ITEUR
2026-06-05 12:00:00;73.989;74.009;73.199;73.349;5.08455;UCG.ITEUR
2026-06-05 13:00:00;73.339;73.849;73.249;73.359;6.03793;UCG.ITEUR
2026-06-05 14:00:00;73.359;73.739;73.149;73.729;5.97515;UCG.ITEUR
2026-06-05 15:00:00;73.719;73.809;73.299;73.349;2.185;UCG.ITEUR
2026-06-08 07:00:00;71.839;72.679;71.719;72.249;8.84636;UCG.ITEUR
2026-06-08 08:00:00;72.259;72.539;72.079;72.319;7.15249;UCG.ITEUR
2026-06-08 09:00:00;72.319;72.619;72.149;72.479;5.66748;UCG.ITEUR
2026-06-08 10:00:00;72.489;73.069;72.289;72.309;4.86511;UCG.ITEUR
2026-06-08 11:00:00;72.309;73.019;72.199;72.609;5.29722;UCG.ITEUR
2026-06-08 12:00:00;72.609;72.789;72.249;72.369;4.18921;UCG.ITEUR
2026-06-08 13:00:00;72.379;72.509;72.039;72.169;5.78875;UCG.ITEUR
2026-06-08 14:00:00;72.159;72.189;71.789;71.879;5.99854;UCG.ITEUR
2026-06-08 15:00:00;71.889;72.149;71.729;71.869;2.44881;UCG.ITEUR
2026-06-09 07:00:00;71.999;72.669;71.969;72.609;4.24219;UCG.ITEUR
2026-06-09 08:00:00;73.009;73.589;72.969;73.579;4.82958;UCG.ITEUR
2026-06-09 09:00:00;73.569;73.779;73.569;73.629;3.48146;UCG.ITEUR
2026-06-09 10:00:00;73.639;73.649;73.229;73.409;3.72371;UCG.ITEUR
2026-06-09 11:00:00;73.409;73.619;73.179;73.239;3.51086;UCG.ITEUR
2026-06-09 12:00:00;73.249;73.369;73.059;73.259;3.13295;UCG.ITEUR
2026-06-09 13:00:00;73.249;73.459;73.089;73.189;5.526;UCG.ITEUR
2026-06-09 14:00:00;73.189;73.199;72.439;72.709;7.23949;UCG.ITEUR
2026-06-09 15:00:00;72.709;72.769;71.699;71.699;3.94574;UCG.ITEUR
2026-06-10 07:00:00;72.389;72.909;72.099;72.909;5.15697;UCG.ITEUR
2026-06-10 08:00:00;72.909;73.019;72.289;72.359;6.10941;UCG.ITEUR
2026-06-10 09:00:00;72.359;72.429;72.069;72.259;5.50884;UCG.ITEUR
2026-06-10 10:00:00;72.249;72.249;71.659;71.719;4.80783;UCG.ITEUR
2026-06-10 11:00:00;71.729;71.789;70.809;71.639;7.44014;UCG.ITEUR
2026-06-10 12:00:00;71.639;72.039;71.599;71.819;5.65402;UCG.ITEUR
2026-06-10 13:00:00;71.809;71.939;71.019;71.289;6.15965;UCG.ITEUR
2026-06-10 14:00:00;71.289;71.429;70.539;70.799;6.1128;UCG.ITEUR
2026-06-10 15:00:00;70.789;70.989;70.739;70.819;2.81844;UCG.ITEUR
2026-06-11 07:00:00;70.919;71.539;70.839;71.149;4.92206;UCG.ITEUR
2026-06-11 08:00:00;71.139;71.529;71.119;71.299;4.51383;UCG.ITEUR
2026-06-11 09:00:00;71.299;71.459;71.069;71.369;3.62295;UCG.ITEUR
2026-06-11 10:00:00;71.359;71.499;71.199;71.339;3.53965;UCG.ITEUR
2026-06-11 11:00:00;71.329;71.579;71.199;71.349;3.4686;UCG.ITEUR
2026-06-11 12:00:00;71.359;71.359;70.279;70.519;6.44541;UCG.ITEUR
2026-06-11 13:00:00;70.519;70.669;70.139;70.609;7.498;UCG.ITEUR
2026-06-11 14:00:00;70.599;70.689;69.799;69.809;7.42418;UCG.ITEUR
2026-06-11 15:00:00;69.809;70.479;69.799;70.199;3.58683;UCG.ITEUR
2026-06-12 07:00:00;72.059;73.149;71.629;73.009;5.59031;UCG.ITEUR
2026-06-12 08:00:00;73.009;73.669;72.959;73.479;6.72038;UCG.ITEUR
2026-06-12 09:00:00;73.469;73.799;73.239;73.629;4.83296;UCG.ITEUR
2026-06-12 10:00:00;73.619;73.699;72.959;73.269;5.62155;UCG.ITEUR
2026-06-12 11:00:00;73.279;73.459;72.999;73.089;4.14358;UCG.ITEUR
2026-06-12 12:00:00;73.099;73.349;72.869;72.879;4.73281;UCG.ITEUR
2026-06-12 13:00:00;72.889;73.319;72.599;72.789;5.85494;UCG.ITEUR
2026-06-12 14:00:00;72.799;73.309;72.659;73.229;6.1664;UCG.ITEUR
2026-06-12 15:00:00;73.229;73.259;72.909;73.149;2.98749;UCG.ITEUR
2026-06-15 07:00:00;75.449;75.589;74.249;74.269;6.24343;UCG.ITEUR
2026-06-15 08:00:00;74.279;74.569;74.059;74.109;5.37244;UCG.ITEUR
2026-06-15 09:00:00;74.119;74.419;72.999;73.789;6.24343;UCG.ITEUR
2026-06-15 10:00:00;73.789;73.959;73.479;73.839;4.07361;UCG.ITEUR
2026-06-15 11:00:00;73.829;74.249;73.689;74.239;3.34617;UCG.ITEUR
2026-06-15 12:00:00;74.249;74.749;74.169;74.569;4.37272;UCG.ITEUR
2026-06-15 13:00:00;74.559;74.609;73.599;73.859;5.72318;UCG.ITEUR
2026-06-15 14:00:00;73.809;74.179;73.499;74.109;5.13193;UCG.ITEUR
2026-06-15 15:00:00;74.119;74.329;74.099;74.289;1.96239;UCG.ITEUR
2026-06-16 07:00:00;76.569;77.289;76.149;76.749;6.37037;UCG.ITEUR
2026-06-16 08:00:00;76.749;77.169;76.629;77.129;4.55279;UCG.ITEUR
2026-06-16 09:00:00;77.149;77.379;77.109;77.249;4.26012;UCG.ITEUR
2026-06-16 10:00:00;77.259;77.869;77.159;77.809;3.21865;UCG.ITEUR
2026-06-16 11:00:00;77.819;77.839;77.529;77.769;3.43911;UCG.ITEUR
2026-06-16 12:00:00;77.769;77.879;77.559;77.639;3.4765;UCG.ITEUR
2026-06-16 13:00:00;77.649;77.899;77.409;77.539;4.33383;UCG.ITEUR
2026-06-16 14:00:00;77.539;77.809;77.489;77.609;3.88618;UCG.ITEUR
2026-06-16 15:00:00;77.599;77.899;77.489;77.889;1.34644;UCG.ITEUR
2026-06-17 07:00:00;79.239;79.239;78.269;78.459;5.50708;UCG.ITEUR
2026-06-17 08:00:00;78.459;78.929;78.219;78.479;5.11934;UCG.ITEUR
2026-06-17 09:00:00;78.479;78.899;78.329;78.769;2.29337;UCG.ITEUR
2026-06-17 10:00:00;78.709;78.989;78.489;78.959;3.31379;UCG.ITEUR
2026-06-17 11:00:00;78.959;79.169;78.859;78.999;3.09612;UCG.ITEUR
2026-06-17 12:00:00;78.999;79.309;78.789;78.939;3.13099;UCG.ITEUR
2026-06-17 13:00:00;78.939;79.349;78.869;79.309;4.10664;UCG.ITEUR
2026-06-17 14:00:00;79.299;79.539;79.009;79.269;4.00377;UCG.ITEUR
2026-06-17 15:00:00;79.269;79.429;79.109;79.409;1.73268;UCG.ITEUR
2026-06-18 07:00:00;80.049;80.129;79.549;79.879;5.11808;UCG.ITEUR
2026-06-18 08:00:00;79.879;80.079;79.379;79.429;4.55555;UCG.ITEUR
2026-06-18 09:00:00;79.439;80.029;79.379;79.989;3.57864;UCG.ITEUR
2026-06-18 10:00:00;79.989;80.189;79.779;79.829;2.87813;UCG.ITEUR
2026-06-18 11:00:00;79.819;79.849;79.589;79.849;2.82965;UCG.ITEUR
2026-06-18 12:00:00;79.849;80.409;79.819;80.339;2.54037;UCG.ITEUR
2026-06-18 13:00:00;80.349;80.719;80.109;80.619;5.24458;UCG.ITEUR
2026-06-18 14:00:00;80.619;80.929;80.429;80.899;3.41838;UCG.ITEUR
2026-06-18 15:00:00;80.899;80.909;80.549;80.829;2.02472;UCG.ITEUR
2026-06-19 07:00:00;80.729;80.889;80.169;80.379;3.95103;UCG.ITEUR
2026-06-19 08:00:00;80.389;80.799;80.249;80.739;3.57748;UCG.ITEUR
2026-06-19 09:00:00;80.739;80.809;80.379;80.719;4.48242;UCG.ITEUR
2026-06-19 10:00:00;80.719;80.739;80.389;80.439;3.48575;UCG.ITEUR
2026-06-19 11:00:00;80.459;80.589;80.179;80.309;3.56358;UCG.ITEUR
2026-06-19 12:00:00;80.319;80.589;80.019;80.569;4.15076;UCG.ITEUR
2026-06-19 13:00:00;80.569;80.669;80.469;80.589;3.44962;UCG.ITEUR
2026-06-19 14:00:00;80.589;80.699;80.459;80.529;2.80345;UCG.ITEUR
2026-06-19 15:00:00;80.539;80.699;80.409;80.409;2.09485;UCG.ITEUR
2026-06-22 07:00:00;79.489;79.709;79.099;79.339;4.59844;UCG.ITEUR
2026-06-22 08:00:00;79.339;79.489;78.999;79.459;4.73564;UCG.ITEUR
2026-06-22 09:00:00;79.459;79.619;79.299;79.519;3.83544;UCG.ITEUR
2026-06-22 10:00:00;79.509;79.809;79.509;79.749;3.21132;UCG.ITEUR
2026-06-22 11:00:00;79.759;79.879;79.539;79.759;3.40956;UCG.ITEUR
2026-06-22 12:00:00;79.749;79.889;79.699;79.759;2.14032;UCG.ITEUR
2026-06-22 13:00:00;79.789;80.099;79.769;80.099;3.43784;UCG.ITEUR
2026-06-22 14:00:00;80.089;80.209;79.869;80.069;2.73532;UCG.ITEUR
2026-06-22 15:00:00;80.079;80.389;79.969;80.389;1.62568;UCG.ITEUR
2026-06-23 07:00:00;79.659;80.039;79.129;79.229;5.05148;UCG.ITEUR
2026-06-23 08:00:00;79.219;79.259;78.899;79.169;6.4694;UCG.ITEUR
2026-06-23 09:00:00;79.179;79.439;79.159;79.419;4.13168;UCG.ITEUR
2026-06-23 10:00:00;79.409;79.689;69.499;79.389;3.41348;UCG.ITEUR
2026-06-23 11:00:00;79.389;79.659;78.109;79.319;3.63496;UCG.ITEUR
2026-06-23 12:00:00;79.309;79.429;79.019;79.189;3.92336;UCG.ITEUR
2026-06-23 13:00:00;79.179;79.289;69.499;78.969;4.56064;UCG.ITEUR
2026-06-23 14:00:00;78.949;79.219;78.859;79.189;3.98328;UCG.ITEUR
2026-06-23 15:00:00;79.169;79.519;79.139;79.509;1.60944;UCG.ITEUR
2026-06-24 07:00:00;78.939;79.119;78.089;78.089;5.35248;UCG.ITEUR
2026-06-24 08:00:00;78.099;78.699;78.059;78.649;5.0834;UCG.ITEUR
2026-06-24 09:00:00;78.649;78.759;78.419;78.599;3.53948;UCG.ITEUR
2026-06-24 10:00:00;78.589;78.819;78.509;78.709;3.4832;UCG.ITEUR
2026-06-24 11:00:00;78.709;78.909;78.589;78.759;3.1808;UCG.ITEUR
2026-06-24 12:00:00;78.759;78.869;78.469;78.549;3.38632;UCG.ITEUR
2026-06-24 13:00:00;78.559;78.749;78.109;78.359;5.45468;UCG.ITEUR
2026-06-24 14:00:00;78.349;78.419;77.619;77.769;4.72976;UCG.ITEUR
2026-06-24 15:00:00;77.779;77.989;77.619;77.939;2.12156;UCG.ITEUR
2026-06-25 07:00:00;77.459;78.529;77.349;78.139;4.81012;UCG.ITEUR
2026-06-25 08:00:00;78.139;78.149;77.359;77.369;3.72008;UCG.ITEUR
2026-06-25 09:00:00;77.379;77.669;77.329;77.479;3.41628;UCG.ITEUR
2026-06-25 10:00:00;77.479;77.779;77.429;77.649;2.44636;UCG.ITEUR
2026-06-25 11:00:00;77.649;77.769;77.579;77.679;1.95944;UCG.ITEUR
2026-06-25 12:00:00;77.679;77.959;77.629;77.849;2.59588;UCG.ITEUR
2026-06-25 13:00:00;77.859;77.869;77.479;77.519;4.4198;UCG.ITEUR
2026-06-25 14:00:00;77.539;77.929;77.439;77.669;5.67924;UCG.ITEUR
2026-06-25 15:00:00;77.669;77.849;77.389;77.809;2.34276;UCG.ITEUR
2026-06-26 07:00:00;77.289;77.659;77.109;77.419;5.02488;UCG.ITEUR
2026-06-26 08:00:00;77.419;77.459;76.749;77.169;4.35708;UCG.ITEUR
2026-06-26 09:00:00;77.169;77.379;76.819;77.239;5.16208;UCG.ITEUR
2026-06-26 10:00:00;77.239;77.409;77.119;77.349;3.71616;UCG.ITEUR
2026-06-26 11:00:00;77.359;77.489;77.099;77.289;3.49216;UCG.ITEUR
2026-06-26 12:00:00;77.289;77.349;76.889;77.069;3.17184;UCG.ITEUR
2026-06-26 13:00:00;77.079;77.169;76.459;76.649;5.55156;UCG.ITEUR
2026-06-26 14:00:00;76.649;76.909;76.479;76.719;4.14932;UCG.ITEUR
2026-06-26 15:00:00;76.729;77.059;76.709;77.049;1.86704;UCG.ITEUR
2026-06-29 07:00:00;76.569;77.289;76.359;76.789;5.22344;UCG.ITEUR
2026-06-29 08:00:00;76.809;77.009;76.399;76.399;4.4432;UCG.ITEUR
2026-06-29 09:00:00;76.399;76.599;76.129;76.239;3.24025;UCG.ITEUR
2026-06-29 10:00:00;76.249;76.419;76.129;76.279;3.27867;UCG.ITEUR
2026-06-29 11:00:00;76.297;76.689;76.169;76.589;2.97929;UCG.ITEUR
2026-06-29 12:00:00;76.579;76.669;76.339;76.449;2.50832;UCG.ITEUR
2026-06-29 13:00:00;76.449;76.619;76.309;76.389;3.45347;UCG.ITEUR
2026-06-29 14:00:00;76.399;76.519;76.049;76.439;4.43647;UCG.ITEUR
2026-06-29 15:00:00;76.449;76.579;76.359;76.549;1.74377;UCG.ITEUR
2026-06-30 07:00:00;76.909;77.229;76.719;76.799;4.27161;UCG.ITEUR
2026-06-30 08:00:00;76.799;77.069;76.769;77.049;3.94712;UCG.ITEUR
2026-06-30 09:00:00;77.049;77.659;77.009;77.549;2.96966;UCG.ITEUR
2026-06-30 10:00:00;77.569;77.909;77.549;77.879;2.7961;UCG.ITEUR
2026-06-30 11:00:00;77.869;77.999;77.659;77.899;1.95585;UCG.ITEUR
2026-06-30 12:00:00;77.909;77.909;77.629;77.809;2.46954;UCG.ITEUR
2026-06-30 13:00:00;77.809;78.089;77.529;78.069;3.68005;UCG.ITEUR
2026-06-30 14:00:00;78.059;78.089;77.749;77.949;3.35561;UCG.ITEUR
2026-06-30 15:00:00;77.919;78.069;77.849;78.009;1.66745;UCG.ITEUR
2026-07-01 07:00:00;77.639;77.899;77.289;77.899;4.39158;UCG.ITEUR
2026-07-01 08:00:00;77.889;78.099;77.739;78.059;3.55185;UCG.ITEUR
2026-07-01 09:00:00;78.049;78.049;77.809;77.889;2.29862;UCG.ITEUR
2026-07-01 10:00:00;77.889;77.919;77.629;77.859;2.29572;UCG.ITEUR
2026-07-01 11:00:00;77.859;77.959;77.619;77.649;2.66034;UCG.ITEUR
2026-07-01 12:00:00;77.649;78.139;77.529;78.079;3.48692;UCG.ITEUR
2026-07-01 13:00:00;78.069;78.419;77.909;78.299;4.42156;UCG.ITEUR
2026-07-01 14:00:00;78.299;78.639;78.229;78.489;3.57085;UCG.ITEUR
2026-07-01 15:00:00;78.499;78.759;78.439;78.759;1.29698;UCG.ITEUR
2026-07-02 07:00:00;79.539;79.929;79.289;79.879;4.51714;UCG.ITEUR
2026-07-02 08:00:00;79.879;80.419;79.709;80.399;4.1431;UCG.ITEUR
2026-07-02 09:00:00;80.399;80.729;80.279;80.719;2.54674;UCG.ITEUR
2026-07-02 10:00:00;80.729;81.029;75.999;80.949;2.78414;UCG.ITEUR
2026-07-02 11:00:00;80.939;81.689;80.869;81.639;2.74453;UCG.ITEUR
2026-07-02 12:00:00;81.639;82.049;80.799;81.809;4.54453;UCG.ITEUR
2026-07-02 13:00:00;81.819;82.249;75.999;81.939;5.22085;UCG.ITEUR
2026-07-02 14:00:00;81.949;82.059;74.999;81.969;5.12382;UCG.ITEUR
2026-07-02 15:00:00;81.969;81.989;81.579;81.619;2.22753;UCG.ITEUR
2026-07-03 07:00:00;82.269;82.479;82.019;82.119;4.66155;UCG.ITEUR
2026-07-03 08:00:00;82.129;82.279;81.529;81.639;3.76683;UCG.ITEUR
2026-07-03 09:00:00;81.639;81.649;81.289;81.339;4.39396;UCG.ITEUR
2026-07-03 10:00:00;81.359;81.799;81.269;81.729;2.30152;UCG.ITEUR
2026-07-03 11:00:00;81.739;81.909;81.619;81.859;2.35309;UCG.ITEUR
2026-07-03 12:00:00;81.859;81.979;81.289;81.509;3.02589;UCG.ITEUR
2026-07-03 13:00:00;81.499;81.829;81.299;81.829;2.61783;UCG.ITEUR
2026-07-03 14:00:00;81.839;81.849;81.599;81.759;2.67577;UCG.ITEUR
2026-07-03 15:00:00;81.769;81.939;81.739;81.939;1.41959;UCG.ITEUR
2026-07-06 07:00:00;82.459;82.619;82.139;82.519;4.4623;UCG.ITEUR
2026-07-06 08:00:00;82.529;82.619;82.209;82.279;3.34448;UCG.ITEUR
2026-07-06 09:00:00;82.269;82.269;81.739;81.799;2.9974;UCG.ITEUR
2026-07-06 10:00:00;81.809;81.889;81.669;81.759;1.98216;UCG.ITEUR
2026-07-06 11:00:00;81.759;81.779;81.419;81.619;1.6805;UCG.ITEUR
2026-07-06 12:00:00;81.609;81.639;81.419;81.469;2.09052;UCG.ITEUR
2026-07-06 13:00:00;81.479;81.749;81.339;81.619;3.44512;UCG.ITEUR
2026-07-06 14:00:00;81.609;81.799;81.429;81.709;3.16214;UCG.ITEUR
2026-07-06 15:00:00;81.709;81.739;81.449;81.659;0.96356;UCG.ITEUR
2026-07-07 07:00:00;82.159;82.619;82.139;82.609;3.33292;UCG.ITEUR
2026-07-07 08:00:00;82.609;83.049;82.479;82.939;2.7975;UCG.ITEUR
2026-07-07 09:00:00;82.939;82.969;82.639;82.649;2.73206;UCG.ITEUR
2026-07-07 10:00:00;82.659;82.699;82.319;82.479;2.00084;UCG.ITEUR
2026-07-07 11:00:00;82.469;82.619;82.349;82.419;2.27912;UCG.ITEUR
2026-07-07 12:00:00;82.419;82.589;82.219;82.379;2.91548;UCG.ITEUR
2026-07-07 13:00:00;82.369;83.049;82.289;82.779;3.51384;UCG.ITEUR
2026-07-07 14:00:00;82.789;82.829;82.069;82.219;4.5355;UCG.ITEUR
2026-07-07 15:00:00;82.209;82.509;82.159;82.469;1.61424;UCG.ITEUR
2026-07-08 07:00:00;80.839;81.309;80.799;80.919;6.71234;UCG.ITEUR
2026-07-08 08:00:00;80.919;81.019;74.999;79.239;8.21858;UCG.ITEUR
2026-07-08 09:00:00;79.229;79.679;77.209;79.279;6.76752;UCG.ITEUR
2026-07-08 10:00:00;79.289;79.989;74.999;79.899;5.06726;UCG.ITEUR
2026-07-08 11:00:00;79.899;80.419;74.999;80.359;4.69382;UCG.ITEUR
2026-07-08 12:00:00;80.359;80.549;80.159;80.159;4.41312;UCG.ITEUR
2026-07-08 13:00:00;80.159;80.399;77.209;80.119;5.67722;UCG.ITEUR
2026-07-08 14:00:00;80.119;80.149;75.999;79.749;5.74404;UCG.ITEUR
2026-07-08 15:00:00;79.749;79.789;79.299;79.379;2.71558;UCG.ITEUR
2026-07-09 07:00:00;80.469;81.199;80.459;80.969;5.03736;UCG.ITEUR
2026-07-09 08:00:00;80.949;81.469;80.819;81.329;4.82422;UCG.ITEUR
2026-07-09 09:00:00;81.319;81.809;81.299;81.719;3.26472;UCG.ITEUR
2026-07-09 10:00:00;81.719;81.809;81.249;81.419;3.4267;UCG.ITEUR
2026-07-09 11:00:00;81.429;81.639;79.999;81.519;2.85362;UCG.ITEUR
2026-07-09 12:00:00;81.499;81.649;81.289;81.379;3.2532;UCG.ITEUR
2026-07-09 13:00:00;81.389;81.819;81.389;81.759;3.21274;UCG.ITEUR
2026-07-09 14:00:00;81.759;81.979;81.689;81.979;3.22542;UCG.ITEUR
2026-07-09 15:00:00;81.969;82.009;81.679;81.699;1.73356;UCG.ITEUR
2026-07-10 07:00:00;82.209;82.639;81.819;82.589;3.63626;UCG.ITEUR
2026-07-10 08:00:00;82.589;82.769;82.459;82.539;2.90366;UCG.ITEUR
2026-07-10 09:00:00;82.539;82.729;82.479;82.709;2.26074;UCG.ITEUR
2026-07-10 10:00:00;82.719;82.929;82.709;82.929;1.41456;UCG.ITEUR
2026-07-10 11:00:00;82.939;82.949;82.689;82.869;1.42146;UCG.ITEUR
2026-07-10 12:00:00;82.869;83.199;82.819;83.049;1.9046;UCG.ITEUR
2026-07-10 13:00:00;83.049;83.509;83.029;83.269;2.2082;UCG.ITEUR
2026-07-10 14:00:00;83.269;83.409;82.969;83.189;2.6806;UCG.ITEUR
2026-07-10 15:00:00;83.189;83.199;82.859;83.069;1.47534;UCG.ITEUR
2026-07-13 07:00:00;82.469;82.549;82.079;82.329;4.45149;UCG.ITEUR
2026-07-13 08:00:00;82.339;83.049;82.219;83.009;3.36069;UCG.ITEUR
2026-07-13 09:00:00;83.019;83.079;82.719;82.929;2.33145;UCG.ITEUR
2026-07-13 10:00:00;82.929;82.979;82.649;82.709;2.84256;UCG.ITEUR
2026-07-13 11:00:00;82.699;82.909;82.629;82.719;2.34009;UCG.ITEUR
2026-07-13 12:00:00;82.709;82.749;82.429;82.719;2.74239;UCG.ITEUR
2026-07-13 13:00:00;82.729;82.889;82.619;82.849;3.39498;UCG.ITEUR
2026-07-13 14:00:00;82.859;82.869;80.949;82.539;4.59999;UCG.ITEUR
2026-07-13 15:00:00;82.529;82.719;82.349;82.599;1.56141;UCG.ITEUR
2026-07-14 07:00:00;81.829;81.969;81.289;81.489;4.88538;UCG.ITEUR
2026-07-14 08:00:00;81.499;81.659;81.359;81.539;4.79169;UCG.ITEUR
2026-07-14 09:00:00;81.529;82.009;81.459;81.909;3.73059;UCG.ITEUR
2026-07-14 10:00:00;81.919;81.979;81.539;81.589;3.5694;UCG.ITEUR
2026-07-14 11:00:00;81.599;81.929;81.419;81.829;3.81213;UCG.ITEUR
2026-07-14 12:00:00;81.839;82.369;81.679;82.139;3.93633;UCG.ITEUR
2026-07-14 13:00:00;82.149;82.829;82.119;82.769;4.19553;UCG.ITEUR
2026-07-14 14:00:00;82.759;82.979;75.999;82.649;4.3011;UCG.ITEUR
2026-07-14 15:00:00;82.649;82.759;82.379;82.449;1.65348;UCG.ITEUR
2026-07-15 07:00:00;81.449;81.809;81.279;81.309;4.10724;UCG.ITEUR
2026-07-15 08:00:00;81.309;81.599;81.239;81.559;4.20201;UCG.ITEUR
2026-07-15 09:00:00;81.549;81.889;81.459;81.649;3.56373;UCG.ITEUR
2026-07-15 10:00:00;81.639;81.749;81.379;81.519;3.58236;UCG.ITEUR
2026-07-15 11:00:00;81.529;81.869;81.489;81.839;2.76534;UCG.ITEUR
2026-07-15 12:00:00;81.849;81.919;81.649;81.689;3.01671;UCG.ITEUR
2026-07-15 13:00:00;81.699;81.809;81.559;81.709;3.21435;UCG.ITEUR
2026-07-15 14:00:00;81.709;81.809;81.379;81.519;3.62394;UCG.ITEUR
2026-07-15 15:00:00;81.529;81.529;81.239;81.399;1.46988;UCG.ITEUR
2026-07-16 07:00:00;81.529;81.819;81.289;81.379;4.89132;UCG.ITEUR
2026-07-16 08:00:00;81.379;82.379;81.359;82.339;5.32845;UCG.ITEUR
2026-07-16 09:00:00;82.339;82.409;82.109;82.159;3.39417;UCG.ITEUR
2026-07-16 10:00:00;82.169;82.289;81.969;82.049;3.17925;UCG.ITEUR
2026-07-16 11:00:00;82.059;82.089;76.999;81.839;3.83724;UCG.ITEUR
2026-07-16 12:00:00;81.839;81.919;76.999;81.269;4.06404;UCG.ITEUR
2026-07-16 13:00:00;81.259;82.009;81.219;81.849;4.30191;UCG.ITEUR
2026-07-16 14:00:00;81.859;82.259;81.819;82.199;3.13443;UCG.ITEUR
2026-07-16 15:00:00;82.189;82.519;82.179;82.479;1.24821;UCG.ITEUR
2026-07-17 07:00:00;81.379;81.899;81.289;81.559;5.62707;UCG.ITEUR
2026-07-17 08:00:00;81.579;81.679;80.899;81.329;6.61311;UCG.ITEUR
2026-07-17 09:00:00;81.329;81.489;81.059;81.169;4.79358;UCG.ITEUR
2026-07-17 10:00:00;81.169;81.489;81.059;81.199;4.09617;UCG.ITEUR
2026-07-17 11:00:00;81.189;81.289;80.819;81.009;4.35564;UCG.ITEUR
2026-07-17 12:00:00;81.009;81.049;80.669;80.699;3.92094;UCG.ITEUR
2026-07-17 13:00:00;80.689;80.699;79.759;80.379;6.696;UCG.ITEUR
2026-07-17 14:00:00;80.399;80.669;80.179;80.529;5.46993;UCG.ITEUR
2026-07-17 15:00:00;80.539;80.739;80.359;80.709;2.57661;UCG.ITEUR
2026-07-20 07:00:00;80.369;80.759;79.949;80.659;6.30905;UCG.ITEUR
2026-07-20 08:00:00;80.669;81.059;80.639;81.049;4.62534;UCG.ITEUR
2026-07-20 09:00:00;81.039;81.299;80.809;81.129;3.59702;UCG.ITEUR
2026-07-20 10:00:00;81.139;81.239;80.639;80.949;3.3216;UCG.ITEUR
2026-07-20 11:00:00;80.959;81.519;80.929;81.369;3.97563;UCG.ITEUR
2026-07-20 12:00:00;81.369;81.379;76.999;80.819;4.27219;UCG.ITEUR
2026-07-20 13:00:00;80.809;80.899;76.999;80.669;5.3964;UCG.ITEUR
2026-07-20 14:00:00;80.669;81.259;80.659;81.099;4.20642;UCG.ITEUR
2026-07-20 15:00:00;81.109;81.249;80.949;80.979;2.26267;UCG.ITEUR
2026-07-21 07:00:00;81.709;81.789;81.289;81.779;4.68917;UCG.ITEUR
2026-07-21 08:00:00;81.789;81.899;81.589;81.629;3.73583;UCG.ITEUR
2026-07-21 09:00:00;81.629;81.889;81.619;81.759;2.66042;UCG.ITEUR
2026-07-21 10:00:00;81.769;81.849;81.609;81.689;3.04818;UCG.ITEUR
2026-07-21 11:00:00;81.689;81.709;81.409;81.539;2.25734;UCG.ITEUR
2026-07-21 12:00:00;81.549;81.689;81.409;81.649;3.30573;UCG.ITEUR
2026-07-21 13:00:00;81.649;81.849;81.479;81.569;4.27468;UCG.ITEUR
2026-07-21 14:00:00;81.569;82.239;81.519;82.169;3.67119;UCG.ITEUR
2026-07-21 15:00:00;82.179;82.339;82.149;82.299;1.47768;UCG.ITEUR
2026-07-22 07:00:00;82.049;82.669;82.009;82.629;5.08701;UCG.ITEUR
2026-07-22 08:00:00;82.619;83.649;82.619;83.649;4.10184;UCG.ITEUR
2026-07-22 09:00:00;83.639;83.859;83.439;83.499;3.99677;UCG.ITEUR
2026-07-22 10:00:00;83.499;83.749;83.409;83.479;3.96387;UCG.ITEUR
2026-07-22 11:00:00;83.469;83.579;83.229;83.309;3.39383;UCG.ITEUR
2026-07-22 12:00:00;83.309;83.509;83.169;83.289;3.14433;UCG.ITEUR
2026-07-22 13:00:00;83.289;83.509;83.229;83.339;3.05823;UCG.ITEUR
2026-07-22 14:00:00;83.349;83.589;83.219;83.259;2.69584;UCG.ITEUR
2026-07-22 15:00:00;83.259;83.259;82.989;83.189;1.44869;UCG.ITEUR
2026-07-23 07:00:00;82.149;82.269;81.119;81.539;7.86229;UCG.ITEUR
2026-07-23 08:00:00;81.549;81.769;80.879;81.239;6.3957;UCG.ITEUR
2026-07-23 09:00:00;81.239;81.369;79.359;79.829;7.5882;UCG.ITEUR
2026-07-23 10:00:00;79.859;80.449;79.469;80.359;5.83681;UCG.ITEUR
2026-07-23 11:00:00;80.359;80.609;79.939;80.179;5.42846;UCG.ITEUR
2026-07-23 12:00:00;80.179;80.189;79.289;79.459;6.16045;UCG.ITEUR
2026-07-23 13:00:00;79.449;79.769;79.009;79.189;7.83863;UCG.ITEUR
2026-07-23 14:00:00;79.199;79.789;79.099;79.389;7.57529;UCG.ITEUR
2026-07-23 15:00:00;79.389;79.599;78.869;79.019;3.49343;UCG.ITEUR
2026-07-24 07:00:00;79.909;80.089;79.219;79.269;4.39151;UCG.ITEUR
2026-07-24 08:00:00;79.259;80.099;79.029;79.939;4.60947;UCG.ITEUR
2026-07-24 09:00:00;79.959;80.409;79.879;80.389;3.3141;UCG.ITEUR
2026-07-24 10:00:00;80.399;80.509;80.189;80.479;3.34364;UCG.ITEUR
2026-07-24 11:00:00;80.479;80.519;80.009;80.139;3.55158;UCG.ITEUR
2026-07-24 12:00:00;80.149;80.279;79.949;80.019;3.68147;UCG.ITEUR
2026-07-24 13:00:00;80.029;80.229;79.899;80.089;3.46829;UCG.ITEUR
2026-07-24 14:00:00;80.099;80.239;79.899;80.099;4.0637;UCG.ITEUR
2026-07-24 15:00:00;80.109;80.399;79.999;80.259;2.3243;UCG.ITEUR
2026-07-27 07:00:00;82.119;82.129;81.579;81.609;5.15816;UCG.ITEUR
2026-07-27 08:00:00;81.619;82.249;81.539;82.169;4.66368;UCG.ITEUR
2026-07-27 09:00:00;82.169;82.179;81.939;82.109;2.91452;UCG.ITEUR
2026-07-27 10:00:00;82.109;82.479;82.099;82.279;2.32456;UCG.ITEUR
2026-07-27 11:00:00;82.279;82.339;82.029;82.149;1.88496;UCG.ITEUR
2026-07-27 12:00:00;82.149;82.179;81.949;81.999;2.53512;UCG.ITEUR
2026-07-27 13:00:00;81.989;82.169;81.809;81.989;3.64056;UCG.ITEUR
2026-07-27 14:00:00;81.999;82.129;81.709;82.059;5.09404;UCG.ITEUR
2026-07-27 15:00:00;82.049;82.069;81.869;81.949;2.20304;UCG.ITEUR
2026-07-28 07:00:00;81.979;82.349;81.879;82.049;5.94272;UCG.ITEUR
2026-07-28 08:00:00;82.039;82.329;81.799;82.179;4.76336;UCG.ITEUR
2026-07-28 09:00:00;82.179;82.349;82.139;82.239;2.47296;UCG.ITEUR
2026-07-28 10:00:00;82.229;82.299;81.969;81.979;3.61956;UCG.ITEUR
2026-07-28 11:00:00;81.989;82.029;81.549;81.739;3.98188;UCG.ITEUR
2026-07-28 12:00:00;81.739;81.889;81.359;81.459;3.62936;UCG.ITEUR
2026-07-28 13:00:00;81.469;81.489;81.189;81.479;5.22144;UCG.ITEUR
2026-07-28 14:00:00;81.479;81.549;80.999;81.009;5.48548;UCG.ITEUR
2026-07-28 15:00:00;81.009;81.789;80.849;81.739;3.07188;UCG.ITEUR
2026-07-29 07:00:00;81.979;82.069;81.199;81.459;6.195;UCG.ITEUR
2026-07-29 08:00:00;81.449;81.529;81.029;81.379;5.57704;UCG.ITEUR
2026-07-29 09:00:00;81.389;81.389;80.879;80.949;4.71352;UCG.ITEUR
2026-07-29 10:00:00;80.949;81.009;80.609;80.669;5.51908;UCG.ITEUR
2026-07-29 11:00:00;80.659;80.919;80.659;80.849;4.32936;UCG.ITEUR
2026-07-29 12:00:00;80.839;80.979;80.439;80.699;5.07724;UCG.ITEUR
2026-07-29 13:00:00;80.699;80.859;80.319;80.469;4.89608;UCG.ITEUR
2026-07-29 14:00:00;80.479;80.539;79.919;80.029;5.41072;UCG.ITEUR
2026-07-29 15:00:00;80.039;80.159;79.789;79.819;2.32064;UCG.ITEUR
2026-07-30 07:00:00;79.989;79.999;79.259;79.619;7.3584;UCG.ITEUR
2026-07-30 08:00:00;79.629;80.179;79.449;79.769;6.06144;UCG.ITEUR
2026-07-30 09:00:00;79.769;80.189;79.739;79.919;4.91036;UCG.ITEUR
2026-07-30 10:00:00;79.919;80.799;79.899;80.459;4.98204;UCG.ITEUR
2026-07-30 11:00:00;80.459;80.979;80.379;80.799;4.97308;UCG.ITEUR
2026-07-30 12:00:00;80.799;80.889;80.589;80.809;4.26664;UCG.ITEUR
2026-07-30 13:00:00;80.829;81.339;80.719;81.289;5.58096;UCG.ITEUR
2026-07-30 14:00:00;81.289;81.719;81.069;81.649;5.21472;UCG.ITEUR
2026-07-30 15:00:00;81.649;81.689;81.429;81.459;2.46344;UCG.ITEUR
2026-07-31 07:00:00;81.929;82.839;81.929;82.529;6.594;UCG.ITEUR
2026-07-31 08:00:00;82.529;82.679;82.319;82.439;4.59536;UCG.ITEUR
2026-07-31 09:00:00;82.449;82.519;82.159;82.469;4.3092;UCG.ITEUR
2026-07-31 10:00:00;82.459;82.469;81.879;81.919;3.43224;UCG.ITEUR
2026-07-31 11:00:00;81.929;82.019;81.349;81.429;4.242;UCG.ITEUR
2026-07-31 12:00:00;81.419;81.479;81.199;81.269;4.13532;UCG.ITEUR
2026-07-31 13:00:00;81.279;81.449;81.029;81.099;5.38272;UCG.ITEUR
2026-07-31 14:00:00;81.109;81.799;80.979;81.649;5.55156;UCG.ITEUR
2026-07-31 15:00:00;81.649;81.759;81.479;81.539;1.93088;UCG.ITEUR
2026-08-03 07:00:00;83.209;83.289;82.929;83.129;5.42391;UCG.ITEUR
2026-08-03 08:00:00;83.129;83.689;83.109;83.579;4.07221;UCG.ITEUR
2026-08-03 09:00:00;83.589;83.679;83.489;83.629;2.63018;UCG.ITEUR
2026-08-03 10:00:00;83.619;83.779;83.539;83.709;1.85337;UCG.ITEUR
2026-08-03 11:00:00;83.699;83.779;83.539;83.649;1.56662;UCG.ITEUR
2026-08-03 12:00:00;83.639;83.799;83.489;83.799;2.03514;UCG.ITEUR
2026-08-03 13:00:00;83.799;83.819;83.629;83.759;2.77439;UCG.ITEUR
2026-08-03 14:00:00;83.749;83.879;83.689;83.839;2.33404;UCG.ITEUR
2026-08-03 15:00:00;83.839;83.939;83.779;83.929;1.32987;UCG.ITEUR
2026-08-04 07:00:00;84.369;85.059;84.369;84.849;4.61863;UCG.ITEUR
2026-08-04 08:00:00;84.859;84.999;84.739;84.829;4.03823;UCG.ITEUR
2026-08-04 09:00:00;84.839;84.879;84.589;84.629;2.70643;UCG.ITEUR
2026-08-04 10:00:00;84.629;84.679;84.269;84.479;3.34153;UCG.ITEUR
2026-08-04 11:00:00;84.489;84.579;84.379;84.469;3.0418;UCG.ITEUR
2026-08-04 12:00:00;84.469;84.569;84.269;84.419;2.46968;UCG.ITEUR
2026-08-04 13:00:00;84.419;85.199;84.359;85.129;3.85591;UCG.ITEUR
2026-08-04 14:00:00;85.129;85.749;85.009;85.579;3.3443;UCG.ITEUR
2026-08-04 15:00:00;85.579;85.579;85.269;85.499;2.04702;UCG.ITEUR
2026-08-05 07:00:00;85.499;85.609;85.069;85.239;4.31282;UCG.ITEUR
2026-08-05 08:00:00;85.249;85.289;84.969;84.969;3.53601;UCG.ITEUR
2026-08-05 09:00:00;84.969;85.099;84.859;84.869;2.74207;UCG.ITEUR
2026-08-05 10:00:00;84.859;84.889;84.599;84.839;2.86251;UCG.ITEUR
2026-08-05 11:00:00;84.839;85.149;84.769;84.969;2.26636;UCG.ITEUR
2026-08-05 12:00:00;84.979;85.019;84.779;84.939;2.02906;UCG.ITEUR
2026-08-05 13:00:00;84.949;85.089;84.509;84.529;3.88657;UCG.ITEUR
2026-08-05 14:00:00;84.529;84.589;83.999;84.229;4.2156;UCG.ITEUR
2026-08-05 15:00:00;84.229;84.739;84.209;84.689;1.85447;UCG.ITEUR
2026-08-06 07:00:00;85.319;85.759;85.279;85.489;5.22225;UCG.ITEUR
2026-08-06 08:00:00;85.499;85.899;85.169;85.719;3.43683;UCG.ITEUR
2026-08-06 09:00:00;85.719;85.749;85.389;85.479;2.76389;UCG.ITEUR
2026-08-06 10:00:00;85.479;85.519;85.279;85.389;1.87077;UCG.ITEUR
2026-08-06 11:00:00;85.389;85.529;85.299;85.419;2.25531;UCG.ITEUR
2026-08-06 12:00:00;85.429;85.559;85.329;85.449;2.1857;UCG.ITEUR
2026-08-06 13:00:00;85.459;85.559;85.229;85.499;3.51005;UCG.ITEUR
2026-08-06 14:00:00;85.509;85.509;84.979;85.079;2.91693;UCG.ITEUR
2026-08-06 15:00:00;85.079;85.249;84.839;84.919;2.30587;UCG.ITEUR
2026-08-07 07:00:00;84.729;85.299;84.649;85.009;4.43051;UCG.ITEUR
2026-08-07 08:00:00;85.009;85.109;84.659;84.949;3.50037;UCG.ITEUR
2026-08-07 09:00:00;84.949;85.049;84.649;85.039;3.39982;UCG.ITEUR
2026-08-07 10:00:00;85.029;85.429;84.989;85.249;2.29841;UCG.ITEUR
2026-08-07 11:00:00;85.259;85.319;85.109;85.319;1.89066;UCG.ITEUR
2026-08-07 12:00:00;85.319;85.519;84.929;84.989;2.98159;UCG.ITEUR
2026-08-07 13:00:00;84.979;85.039;84.109;84.169;4.78771;UCG.ITEUR
2026-08-07 14:00:00;84.179;84.569;84.149;84.459;3.91255;UCG.ITEUR
2026-08-07 15:00:00;84.449;84.509;84.209;84.469;1.6122;UCG.ITEUR
2026-08-10 07:00:00;84.039;84.169;83.819;84.139;3.98577;UCG.ITEUR
2026-08-10 08:00:00;84.129;84.289;84.039;84.169;2.80362;UCG.ITEUR
2026-08-10 09:00:00;84.179;84.529;84.169;84.459;1.97771;UCG.ITEUR
2026-08-10 10:00:00;84.459;84.619;84.369;84.549;2.14385;UCG.ITEUR
2026-08-10 11:00:00;84.559;84.729;84.519;84.669;1.93857;UCG.ITEUR
2026-08-10 12:00:00;84.679;84.749;84.349;84.439;2.61032;UCG.ITEUR
2026-08-10 13:00:00;84.439;84.579;84.189;84.219;3.59839;UCG.ITEUR
2026-08-10 14:00:00;84.229;84.439;84.189;84.439;2.85394;UCG.ITEUR
2026-08-10 15:00:00;84.429;84.519;84.339;84.429;1.14302;UCG.ITEUR
2026-08-11 07:00:00;84.359;84.579;84.059;84.209;3.51291;UCG.ITEUR
2026-08-11 08:00:00;84.209;84.539;84.209;84.409;3.45967;UCG.ITEUR
2026-08-11 09:00:00;84.409;84.549;84.339;84.439;2.13533;UCG.ITEUR
2026-08-11 10:00:00;84.429;84.519;84.219;84.509;2.70937;UCG.ITEUR
2026-08-11 11:00:00;84.499;84.859;84.489;84.609;3.63966;UCG.ITEUR
2026-08-11 12:00:00;84.619;84.749;84.529;84.739;2.02271;UCG.ITEUR
2026-08-11 13:00:00;84.749;85.049;84.669;84.899;2.40664;UCG.ITEUR
2026-08-11 14:00:00;84.899;84.899;84.509;84.819;3.06029;UCG.ITEUR
2026-08-11 15:00:00;84.819;84.859;84.729;84.769;1.16272;UCG.ITEUR
2026-08-12 07:00:00;84.959;85.009;84.609;84.629;2.92503;UCG.ITEUR
2026-08-12 08:00:00;84.619;84.699;84.459;84.579;2.47453;UCG.ITEUR
2026-08-12 09:00:00;84.579;84.869;84.529;84.689;2.43168;UCG.ITEUR
2026-08-12 10:00:00;84.689;84.789;84.539;84.709;1.66327;UCG.ITEUR
2026-08-12 11:00:00;84.699;84.809;84.569;84.599;1.32247;UCG.ITEUR
2026-08-12 12:00:00;84.599;84.929;84.279;84.749;2.6745;UCG.ITEUR
2026-08-12 13:00:00;84.759;84.949;84.669;84.759;2.89761;UCG.ITEUR
2026-08-12 14:00:00;84.759;84.939;84.579;84.679;2.85874;UCG.ITEUR
2026-08-12 15:00:00;84.689;84.749;84.519;84.679;1.67233;UCG.ITEUR
2026-08-13 07:00:00;85.449;85.639;85.299;85.539;2.56399;UCG.ITEUR
2026-08-13 08:00:00;85.539;85.869;85.529;85.769;3.04484;UCG.ITEUR
2026-08-13 09:00:00;85.779;85.949;85.699;85.859;1.81849;UCG.ITEUR
2026-08-13 10:00:00;85.859;85.919;85.769;85.909;1.98144;UCG.ITEUR
2026-08-13 11:00:00;85.889;85.949;85.769;85.779;1.35202;UCG.ITEUR
2026-08-13 12:00:00;85.769;85.919;85.739;85.809;1.76977;UCG.ITEUR
2026-08-13 13:00:00;85.799;85.949;85.549;85.579;2.59248;UCG.ITEUR
2026-08-13 14:00:00;85.579;85.849;85.439;85.759;3.01077;UCG.ITEUR
2026-08-13 15:00:00;85.769;85.779;85.459;85.489;1.35575;UCG.ITEUR
2026-08-14 07:00:00;84.919;85.189;84.789;85.109;3.65962;UCG.ITEUR
2026-08-14 08:00:00;85.099;85.309;84.929;85.169;3.18223;UCG.ITEUR
2026-08-14 09:00:00;85.159;85.339;85.149;85.309;3.05869;UCG.ITEUR
2026-08-14 10:00:00;85.299;85.459;85.149;85.299;2.19284;UCG.ITEUR
2026-08-14 11:00:00;85.309;85.359;85.139;85.179;2.0488;UCG.ITEUR
2026-08-14 12:00:00;85.189;85.209;84.859;84.949;2.1159;UCG.ITEUR
2026-08-14 13:00:00;84.949;85.359;84.909;85.249;2.81321;UCG.ITEUR
2026-08-14 14:00:00;85.259;85.399;85.129;85.349;2.0898;UCG.ITEUR
2026-08-14 15:00:00;85.339;85.429;85.299;85.409;1.04024;UCG.ITEUR
2026-08-17 07:00:00;85.309;85.319;84.849;85.189;3.00358;UCG.ITEUR
2026-08-17 08:00:00;85.189;85.219;84.889;85.079;2.39035;UCG.ITEUR
2026-08-17 09:00:00;85.079;85.159;84.819;84.829;1.35567;UCG.ITEUR
2026-08-17 10:00:00;84.829;85.099;84.749;85.029;2.19913;UCG.ITEUR
2026-08-17 11:00:00;85.029;85.229;84.979;85.139;1.46724;UCG.ITEUR
2026-08-17 12:00:00;85.139;85.139;84.669;84.789;1.77978;UCG.ITEUR
2026-08-17 13:00:00;84.779;84.959;84.699;84.909;2.42412;UCG.ITEUR
2026-08-17 14:00:00;84.909;84.909;84.659;84.739;2.02348;UCG.ITEUR
2026-08-17 15:00:00;84.729;84.749;84.529;84.729;1.27602;UCG.ITEUR
2026-08-18 07:00:00;84.449;84.509;83.879;83.899;3.87764;UCG.ITEUR
2026-08-18 08:00:00;83.919;84.109;83.639;84.049;4.18227;UCG.ITEUR
2026-08-18 09:00:00;84.039;84.049;83.809;83.909;2.79891;UCG.ITEUR
2026-08-18 10:00:00;83.899;84.069;83.769;83.769;2.52698;UCG.ITEUR
2026-08-18 11:00:00;83.769;83.989;83.759;83.939;1.92458;UCG.ITEUR
2026-08-18 12:00:00;83.949;84.099;83.839;83.899;2.0583;UCG.ITEUR
2026-08-18 13:00:00;83.889;83.889;83.349;83.509;3.62865;UCG.ITEUR
2026-08-18 14:00:00;83.499;83.649;83.099;83.209;3.4741;UCG.ITEUR
2026-08-18 15:00:00;83.199;83.519;83.129;83.479;1.79903;UCG.ITEUR
2026-08-19 07:00:00;83.259;83.409;82.449;82.699;4.77359;UCG.ITEUR
2026-08-19 08:00:00;82.689;82.849;82.519;82.709;3.7492;UCG.ITEUR
2026-08-19 09:00:00;82.699;82.899;82.589;82.869;2.69262;UCG.ITEUR
2026-08-19 10:00:00;82.859;82.889;82.699;82.769;2.23976;UCG.ITEUR
2026-08-19 11:00:00;82.769;83.189;82.769;82.859;2.09575;UCG.ITEUR
2026-08-19 12:00:00;82.869;83.329;82.759;83.019;3.85442;UCG.ITEUR
2026-08-19 13:00:00;83.009;83.019;82.649;82.879;4.99669;UCG.ITEUR
2026-08-19 14:00:00;82.869;82.889;82.319;82.349;4.74457;UCG.ITEUR
2026-08-19 15:00:00;82.359;82.579;82.319;82.539;2.22762;UCG.ITEUR
2026-08-20 07:00:00;82.629;83.359;82.609;83.079;4.93079;UCG.ITEUR
2026-08-20 08:00:00;83.079;83.189;82.509;82.819;4.00371;UCG.ITEUR
2026-08-20 09:00:00;82.829;83.089;82.829;82.929;2.80102;UCG.ITEUR
2026-08-20 10:00:00;82.939;82.989;82.579;82.939;2.50139;UCG.ITEUR
2026-08-20 11:00:00;82.919;83.069;82.779;82.779;2.75723;UCG.ITEUR
2026-08-20 12:00:00;82.779;82.889;82.549;82.889;3.43217;UCG.ITEUR
2026-08-20 13:00:00;82.907;83.279;82.779;83.279;3.47409;UCG.ITEUR
2026-08-20 14:00:00;83.289;83.289;82.659;82.879;3.67771;UCG.ITEUR
2026-08-20 15:00:00;82.889;83.099;82.739;82.869;1.92403;UCG.ITEUR
2026-08-21 07:00:00;83.039;83.209;82.829;83.109;3.19321;UCG.ITEUR
2026-08-21 08:00:00;83.119;83.409;82.919;83.309;3.09536;UCG.ITEUR
2026-08-21 09:00:00;83.309;83.339;82.699;82.759;3.08086;UCG.ITEUR
2026-08-21 10:00:00;82.749;82.999;82.739;82.749;2.09417;UCG.ITEUR
2026-08-21 11:00:00;82.759;83.039;82.739;82.809;2.0459;UCG.ITEUR
2026-08-21 12:00:00;82.819;82.979;82.789;82.799;1.56192;UCG.ITEUR
2026-08-21 13:00:00;82.799;83.429;82.769;83.399;2.65199;UCG.ITEUR
2026-08-21 14:00:00;83.399;83.479;83.089;83.139;2.52988;UCG.ITEUR
2026-08-21 15:00:00;83.149;83.299;83.129;83.149;1.17843;UCG.ITEUR
2026-08-24 07:00:00;82.749;83.139;82.699;82.949;4.39614;UCG.ITEUR
2026-08-24 08:00:00;82.969;83.529;82.889;83.359;3.75138;UCG.ITEUR
2026-08-24 09:00:00;83.359;83.569;83.339;83.499;2.60037;UCG.ITEUR
2026-08-24 10:00:00;83.499;83.889;83.429;83.799;2.21886;UCG.ITEUR
2026-08-24 11:00:00;83.809;83.969;83.659;83.929;2.35062;UCG.ITEUR
2026-08-24 12:00:00;83.929;83.929;83.659;83.829;2.34522;UCG.ITEUR
2026-08-24 13:00:00;83.839;84.059;83.759;84.019;3.6504;UCG.ITEUR
2026-08-24 14:00:00;84.029;84.169;83.819;83.989;2.9349;UCG.ITEUR
2026-08-24 15:00:00;83.979;84.219;83.859;84.179;1.67454;UCG.ITEUR
2026-08-25 07:00:00;84.539;84.649;84.299;84.369;3.14982;UCG.ITEUR
2026-08-25 08:00:00;84.379;84.839;84.249;84.649;3.47463;UCG.ITEUR
2026-08-25 09:00:00;84.649;84.959;84.499;84.709;3.40956;UCG.ITEUR
2026-08-25 10:00:00;84.699;84.929;84.639;84.909;2.2869;UCG.ITEUR
2026-08-25 11:00:00;84.899;84.939;84.389;84.509;2.20185;UCG.ITEUR
2026-08-25 12:00:00;84.499;84.749;84.449;84.459;2.31444;UCG.ITEUR
2026-08-25 13:00:00;84.459;84.479;83.859;84.059;3.81483;UCG.ITEUR
2026-08-25 14:00:00;84.049;84.299;83.969;84.159;2.81313;UCG.ITEUR
2026-08-25 15:00:00;84.149;84.409;84.129;84.389;1.11618;UCG.ITEUR
2026-08-26 07:00:00;84.929;84.929;84.489;84.709;3.5073;UCG.ITEUR
2026-08-26 08:00:00;84.719;85.069;84.649;85.059;2.67651;UCG.ITEUR
2026-08-26 09:00:00;85.059;85.129;84.889;84.999;1.89756;UCG.ITEUR
2026-08-26 10:00:00;84.989;85.099;84.879;85.099;1.67643;UCG.ITEUR
2026-08-26 11:00:00;85.089;85.399;85.069;85.379;1.87191;UCG.ITEUR
2026-08-26 12:00:00;85.359;86.129;85.359;86.009;3.20787;UCG.ITEUR
2026-08-26 13:00:00;85.999;86.209;85.889;86.179;4.05594;UCG.ITEUR
2026-08-26 14:00:00;86.179;86.409;85.839;86.259;3.09933;UCG.ITEUR
2026-08-26 15:00:00;86.259;86.409;85.969;86.039;1.53954;UCG.ITEUR
2026-08-27 07:00:00;85.799;86.169;85.579;85.619;3.69711;UCG.ITEUR
2026-08-27 08:00:00;85.609;85.659;84.489;84.499;4.43502;UCG.ITEUR
2026-08-27 09:00:00;84.499;84.919;84.489;84.679;3.51432;UCG.ITEUR
2026-08-27 10:00:00;84.679;84.709;84.349;84.679;3.04128;UCG.ITEUR
2026-08-27 11:00:00;84.669;84.799;84.519;84.799;2.42649;UCG.ITEUR
2026-08-27 12:00:00;84.799;84.859;84.349;84.429;2.41002;UCG.ITEUR
2026-08-27 13:00:00;84.439;84.559;84.069;84.179;3.39147;UCG.ITEUR
2026-08-27 14:00:00;84.179;84.179;83.499;83.509;3.27132;UCG.ITEUR
2026-08-27 15:00:00;83.499;83.709;83.249;83.419;1.92753;UCG.ITEUR
2026-08-28 07:00:00;84.059;84.449;83.959;84.149;3.77784;UCG.ITEUR
2026-08-28 08:00:00;84.139;84.229;83.999;84.169;2.76345;UCG.ITEUR
2026-08-28 09:00:00;84.169;84.219;84.019;84.159;1.73205;UCG.ITEUR
2026-08-28 10:00:00;84.179;84.199;83.909;84.019;1.78308;UCG.ITEUR
2026-08-28 11:00:00;84.029;84.149;83.949;84.119;1.56843;UCG.ITEUR
2026-08-28 12:00:00;84.129;84.419;84.119;84.269;1.73637;UCG.ITEUR
2026-08-28 13:00:00;84.279;84.329;84.079;84.129;2.57229;UCG.ITEUR
2026-08-28 14:00:00;84.099;84.779;84.049;84.769;3.69846;UCG.ITEUR
2026-08-28 15:00:00;84.759;84.799;84.559;84.679;1.49337;UCG.ITEUR
2026-08-31 07:00:00;84.599;84.819;84.489;84.739;3.12732;UCG.ITEUR
2026-08-31 08:00:00;84.769;85.019;84.569;84.969;2.07844;UCG.ITEUR
2026-08-31 09:00:00;84.959;84.969;84.729;84.809;1.27732;UCG.ITEUR
2026-08-31 10:00:00;84.799;84.819;84.489;84.599;1.53412;UCG.ITEUR
2026-08-31 11:00:00;84.609;84.989;84.599;84.979;1.31416;UCG.ITEUR
2026-08-31 12:00:00;84.979;85.079;84.839;84.849;2.4664;UCG.ITEUR
2026-08-31 13:00:00;84.849;84.909;84.559;84.719;2.34184;UCG.ITEUR
2026-08-31 14:00:00;84.729;84.789;84.359;84.459;2.65564;UCG.ITEUR
2026-08-31 15:00:00;84.469;84.539;84.249;84.309;1.52828;UCG.ITEUR
2026-09-01 07:00:00;83.939;84.209;83.569;83.779;4.96856;UCG.ITEUR
2026-09-01 08:00:00;83.789;83.999;82.749;82.839;6.0042;UCG.ITEUR
2026-09-01 09:00:00;82.829;83.079;82.569;82.819;4.8016;UCG.ITEUR
2026-09-01 10:00:00;82.839;83.289;82.679;82.949;3.76968;UCG.ITEUR
2026-09-01 11:00:00;82.939;83.549;82.899;83.449;3.873;UCG.ITEUR
2026-09-01 12:00:00;83.459;83.669;83.309;83.439;4.36012;UCG.ITEUR
2026-09-01 13:00:00;83.439;83.759;83.189;83.699;5.32288;UCG.ITEUR
2026-09-01 14:00:00;83.699;83.739;83.039;83.059;5.21608;UCG.ITEUR
2026-09-01 15:00:00;83.059;83.299;82.979;83.289;2.41708;UCG.ITEUR
2026-09-02 07:00:00;83.569;83.759;83.399;83.669;3.77656;UCG.ITEUR
2026-09-02 08:00:00;83.679;83.729;83.109;83.129;4.41392;UCG.ITEUR
2026-09-02 09:00:00;83.139;83.409;83.099;83.299;3.73948;UCG.ITEUR
2026-09-02 10:00:00;83.299;83.319;82.849;82.969;2.85488;UCG.ITEUR
2026-09-02 11:00:00;82.959;83.769;82.849;83.749;2.87028;UCG.ITEUR
2026-09-02 12:00:00;83.759;83.909;83.199;83.219;2.83928;UCG.ITEUR
2026-09-02 13:00:00;83.209;83.699;83.209;83.489;3.81212;UCG.ITEUR
2026-09-02 14:00:00;83.489;83.649;83.339;83.599;3.63564;UCG.ITEUR
2026-09-02 15:00:00;83.609;83.619;83.229;83.479;1.55716;UCG.ITEUR
2026-09-03 07:00:00;83.489;83.629;82.809;83.199;3.99228;UCG.ITEUR
2026-09-03 08:00:00;83.179;84.249;83.149;84.029;4.12848;UCG.ITEUR
2026-09-03 09:00:00;84.039;84.099;83.509;83.509;2.73828;UCG.ITEUR
2026-09-03 10:00:00;83.489;83.939;83.469;83.809;1.50708;UCG.ITEUR
2026-09-03 11:00:00;83.819;83.949;83.589;83.809;2.4778;UCG.ITEUR
2026-09-03 12:00:00;83.809;84.239;83.719;84.169;2.28832;UCG.ITEUR
2026-09-03 13:00:00;84.159;84.529;84.039;84.529;3.92744;UCG.ITEUR
2026-09-03 14:00:00;84.522;84.589;84.189;84.359;3.64172;UCG.ITEUR
2026-09-03 15:00:00;84.359;84.479;84.149;84.469;1.7334;UCG.ITEUR
2026-09-04 07:00:00;83.549;83.599;83.219;83.229;3.57388;UCG.ITEUR
2026-09-04 08:00:00;83.239;83.249;82.899;83.109;3.08756;UCG.ITEUR
2026-09-04 09:00:00;83.109;83.389;82.929;83.049;3.21424;UCG.ITEUR
2026-09-04 10:00:00;83.039;83.379;83.029;83.279;2.25176;UCG.ITEUR
2026-09-04 11:00:00;83.269;83.639;83.239;83.619;2.04528;UCG.ITEUR
2026-09-04 12:00:00;83.619;83.999;83.359;83.859;4.2672;UCG.ITEUR
2026-09-04 13:00:00;83.869;84.209;83.599;84.119;4.84916;UCG.ITEUR
2026-09-04 14:00:00;84.109;84.199;83.599;83.659;3.57708;UCG.ITEUR
2026-09-04 15:00:00;83.649;83.649;83.439;83.539;1.68648;UCG.ITEUR
2026-09-07 07:00:00;83.799;84.099;83.229;83.599;4.01922;UCG.ITEUR
2026-09-07 08:00:00;83.609;83.679;83.299;83.379;2.70702;UCG.ITEUR
2026-09-07 09:00:00;83.389;83.469;83.259;83.329;2.73969;UCG.ITEUR
2026-09-07 10:00:00;83.319;83.399;83.089;83.139;2.68164;UCG.ITEUR
2026-09-07 11:00:00;83.149;83.249;83.029;83.139;2.45808;UCG.ITEUR
2026-09-07 12:00:00;83.149;83.529;83.089;83.439;1.85598;UCG.ITEUR
2026-09-07 13:00:00;83.429;83.659;83.399;83.579;2.72646;UCG.ITEUR
2026-09-07 14:00:00;83.569;83.829;83.519;83.659;2.59065;UCG.ITEUR
2026-09-07 15:00:00;83.659;83.859;83.629;83.759;1.11186;UCG.ITEUR
2026-09-08 07:00:00;83.959;83.979;82.859;83.019;5.21019;UCG.ITEUR
2026-09-08 08:00:00;83.029;83.049;82.669;82.959;5.60817;UCG.ITEUR
2026-09-08 09:00:00;82.949;83.619;82.859;83.599;4.38345;UCG.ITEUR
2026-09-08 10:00:00;83.609;83.939;83.349;83.409;3.63771;UCG.ITEUR
2026-09-08 11:00:00;83.399;83.549;83.249;83.449;2.82636;UCG.ITEUR
2026-09-08 12:00:00;83.439;83.799;83.179;83.609;3.99546;UCG.ITEUR
2026-09-08 13:00:00;83.609;83.909;83.549;83.799;4.01571;UCG.ITEUR
2026-09-08 14:00:00;83.809;83.939;83.559;83.889;4.09563;UCG.ITEUR
2026-09-08 15:00:00;83.879;84.289;83.809;84.209;2.09655;UCG.ITEUR
2026-09-09 07:00:00;83.149;83.199;82.659;82.829;5.0922;UCG.ITEUR
2026-09-09 08:00:00;82.819;83.069;82.769;82.999;4.19148;UCG.ITEUR
2026-09-09 09:00:00;83.009;83.079;82.309;82.359;4.86324;UCG.ITEUR
2026-09-09 10:00:00;82.359;82.359;81.699;81.979;5.82309;UCG.ITEUR
2026-09-09 11:00:00;81.989;82.589;81.889;82.349;5.38272;UCG.ITEUR
2026-09-09 12:00:00;82.349;83.389;82.159;83.259;4.56894;UCG.ITEUR
2026-09-09 13:00:00;83.269;83.369;82.949;83.199;4.96719;UCG.ITEUR
2026-09-09 14:00:00;83.209;83.839;83.199;83.739;5.45832;UCG.ITEUR
2026-09-09 15:00:00;83.729;83.819;83.569;83.789;2.57796;UCG.ITEUR
2026-09-10 07:00:00;84.329;84.899;84.189;84.769;4.60728;UCG.ITEUR
2026-09-10 08:00:00;84.759;84.819;84.319;84.359;3.87639;UCG.ITEUR
2026-09-10 09:00:00;84.349;84.429;83.969;84.189;4.41531;UCG.ITEUR
2026-09-10 10:00:00;84.179;84.419;84.119;84.239;3.67092;UCG.ITEUR
2026-09-10 11:00:00;84.239;84.289;83.799;83.799;3.65526;UCG.ITEUR
2026-09-10 12:00:00;83.799;83.849;83.059;83.259;6.62148;UCG.ITEUR
2026-09-10 13:00:00;83.249;84.049;83.239;83.789;5.63139;UCG.ITEUR
2026-09-10 14:00:00;83.789;84.179;83.579;83.819;4.4361;UCG.ITEUR
2026-09-10 15:00:00;83.819;84.039;83.749;83.979;1.90512;UCG.ITEUR
2026-09-11 07:00:00;84.469;84.689;84.179;84.239;4.98042;UCG.ITEUR
2026-09-11 08:00:00;84.249;84.499;83.799;84.469;3.80754;UCG.ITEUR
2026-09-11 09:00:00;84.479;84.699;84.439;84.569;2.34576;UCG.ITEUR
2026-09-11 10:00:00;84.579;84.619;84.359;84.369;2.53692;UCG.ITEUR
2026-09-11 11:00:00;84.389;84.479;84.189;84.459;2.39004;UCG.ITEUR
2026-09-11 12:00:00;84.459;85.059;83.899;85.059;4.06809;UCG.ITEUR
2026-09-11 13:00:00;85.049;85.229;84.839;85.079;5.00742;UCG.ITEUR
2026-09-11 14:00:00;85.079;85.119;84.649;84.669;4.08213;UCG.ITEUR
2026-09-11 15:00:00;84.669;85.109;84.639;85.109;1.63188;UCG.ITEUR
2026-09-14 07:00:00;84.619;85.749;84.429;85.079;5.61426;UCG.ITEUR
2026-09-14 08:00:00;85.079;85.219;84.399;84.549;4.93029;UCG.ITEUR
2026-09-14 09:00:00;84.549;84.689;84.109;84.679;5.14545;UCG.ITEUR
2026-09-14 10:00:00;84.669;84.709;84.339;84.559;4.09659;UCG.ITEUR
2026-09-14 11:00:00;84.559;84.559;83.939;84.079;3.78682;UCG.ITEUR
2026-09-14 12:00:00;84.079;84.199;83.599;83.909;5.38526;UCG.ITEUR
2026-09-14 13:00:00;83.899;84.539;83.789;84.239;5.64914;UCG.ITEUR
2026-09-14 14:00:00;84.249;84.529;83.709;83.839;5.37861;UCG.ITEUR
2026-09-14 15:00:00;83.839;84.549;83.779;84.529;2.67619;UCG.ITEUR
2026-09-15 07:00:00;83.459;83.489;82.009;82.509;8.23928;UCG.ITEUR
2026-09-15 08:00:00;82.489;83.029;82.019;82.659;5.85748;UCG.ITEUR
2026-09-15 09:00:00;82.659;83.189;82.449;83.149;5.01692;UCG.ITEUR
2026-09-15 10:00:00;83.159;83.409;82.789;83.349;3.77518;UCG.ITEUR
2026-09-15 11:00:00;83.349;83.429;83.139;83.309;2.82434;UCG.ITEUR
2026-09-15 12:00:00;83.309;83.649;82.819;83.639;4.02929;UCG.ITEUR
2026-09-15 13:00:00;83.639;83.719;82.559;83.039;5.46499;UCG.ITEUR
2026-09-15 14:00:00;83.019;83.089;82.319;82.679;5.63854;UCG.ITEUR
2026-09-15 15:00:00;82.689;82.749;82.379;82.519;2.71277;UCG.ITEUR
2026-09-16 07:00:00;83.429;83.859;83.249;83.709;4.69842;UCG.ITEUR
2026-09-16 08:00:00;83.709;83.759;83.009;83.379;4.60194;UCG.ITEUR
2026-09-16 09:00:00;83.379;83.609;83.059;83.129;3.85225;UCG.ITEUR
2026-09-16 10:00:00;83.139;83.419;82.799;83.349;3.49451;UCG.ITEUR
2026-09-16 11:00:00;83.399;83.639;83.329;83.549;3.95189;UCG.ITEUR
2026-09-16 12:00:00;83.559;83.779;83.259;83.319;2.7385;UCG.ITEUR
2026-09-16 13:00:00;83.309;83.309;82.809;83.069;4.31254;UCG.ITEUR
2026-09-16 14:00:00;83.059;83.309;82.929;83.309;4.25954;UCG.ITEUR
2026-09-16 15:00:00;83.319;83.619;83.259;83.259;2.60835;UCG.ITEUR
2026-09-17 07:00:00;83.449;83.649;82.979;83.089;5.43714;UCG.ITEUR
2026-09-17 08:00:00;83.099;83.229;82.829;83.079;4.01736;UCG.ITEUR
2026-09-17 09:00:00;83.089;83.299;82.959;83.259;2.4851;UCG.ITEUR
2026-09-17 10:00:00;83.259;83.319;83.109;83.279;2.41622;UCG.ITEUR
2026-09-17 11:00:00;83.279;83.459;83.159;83.459;2.75883;UCG.ITEUR
2026-09-17 12:00:00;83.459;83.739;83.279;83.499;4.0401;UCG.ITEUR
2026-09-17 13:00:00;83.499;83.589;83.119;83.349;3.88667;UCG.ITEUR
2026-09-17 14:00:00;83.349;83.579;83.309;83.539;2.74374;UCG.ITEUR
2026-09-17 15:00:00;83.539;83.639;83.389;83.619;1.56294;UCG.ITEUR
2026-09-18 07:00:00;83.179;83.699;82.899;83.629;4.16256;UCG.ITEUR
2026-09-18 08:00:00;83.629;83.639;83.109;83.289;3.55919;UCG.ITEUR
2026-09-18 09:00:00;83.289;83.379;82.359;82.439;4.61516;UCG.ITEUR
2026-09-18 10:00:00;82.469;82.589;82.259;82.319;4.10719;UCG.ITEUR
2026-09-18 11:00:00;82.309;82.449;81.649;81.719;4.82076;UCG.ITEUR
2026-09-18 12:00:00;81.709;81.819;81.399;81.609;4.81049;UCG.ITEUR
2026-09-18 13:00:00;81.599;81.629;81.129;81.209;4.5383;UCG.ITEUR
2026-09-18 14:00:00;81.219;81.809;81.199;81.369;5.12101;UCG.ITEUR
2026-09-18 15:00:00;81.379;81.419;81.219;81.329;2.22887;UCG.ITEUR
2026-09-21 07:00:00;82.399;82.639;81.819;82.569;3.7385;UCG.ITEUR
2026-09-21 08:00:00;82.569;82.739;82.519;82.689;3.11473;UCG.ITEUR
2026-09-21 09:00:00;82.689;82.859;82.629;82.799;2.76278;UCG.ITEUR
2026-09-21 10:00:00;82.789;83.089;82.619;83.059;1.93127;UCG.ITEUR
2026-09-21 11:00:00;83.049;83.339;83.039;83.329;1.51689;UCG.ITEUR
2026-09-21 12:00:00;83.319;83.349;83.169;83.329;1.91856;UCG.ITEUR
2026-09-21 13:00:00;83.329;83.409;83.159;83.299;2.91445;UCG.ITEUR
2026-09-21 14:00:00;83.309;83.799;83.259;83.669;3.02246;UCG.ITEUR
2026-09-21 15:00:00;83.679;83.919;83.619;83.839;1.4738;UCG.ITEUR
2026-09-22 07:00:00;84.099;84.109;82.789;82.889;5.76923;UCG.ITEUR
2026-09-22 08:00:00;82.889;83.529;82.789;83.369;6.85905;UCG.ITEUR
2026-09-22 09:00:00;83.369;84.009;83.219;84.009;6.05488;UCG.ITEUR
2026-09-22 10:00:00;84.009;84.029;83.599;83.739;3.92193;UCG.ITEUR
2026-09-22 11:00:00;83.739;83.749;83.429;83.479;3.66999;UCG.ITEUR
2026-09-22 12:00:00;83.479;83.679;83.399;83.499;2.91914;UCG.ITEUR
2026-09-22 13:00:00;83.509;83.909;83.509;83.729;4.14349;UCG.ITEUR
2026-09-22 14:00:00;83.749;83.869;83.049;83.259;5.97726;UCG.ITEUR
2026-09-22 15:00:00;83.279;83.329;83.059;83.139;2.38212;UCG.ITEUR
2026-09-23 07:00:00;83.629;84.659;83.629;84.419;5.16396;UCG.ITEUR
2026-09-23 08:00:00;84.419;84.429;83.749;84.039;4.64626;UCG.ITEUR
2026-09-23 09:00:00;84.039;84.049;83.489;83.529;3.78436;UCG.ITEUR
2026-09-23 10:00:00;83.539;83.569;83.219;83.309;3.407;UCG.ITEUR
2026-09-23 11:00:00;83.279;83.349;82.739;82.919;3.93658;UCG.ITEUR
2026-09-23 12:00:00;82.929;83.149;82.609;83.149;4.13381;UCG.ITEUR
2026-09-23 13:00:00;83.139;83.529;83.059;83.469;4.85539;UCG.ITEUR
2026-09-23 14:00:00;83.479;83.769;83.339;83.499;5.26729;UCG.ITEUR
2026-09-23 15:00:00;83.489;83.679;83.379;83.479;2.37106;UCG.ITEUR
2026-09-24 07:00:00;82.819;83.429;82.439;82.979;6.21233;UCG.ITEUR
2026-09-24 08:00:00;82.959;83.119;82.269;82.369;7.28142;UCG.ITEUR
2026-09-24 09:00:00;82.379;82.769;82.359;82.589;5.37557;UCG.ITEUR
2026-09-24 10:00:00;82.589;82.929;82.419;82.799;4.75124;UCG.ITEUR
2026-09-24 11:00:00;82.789;82.949;82.459;82.639;3.96116;UCG.ITEUR
2026-09-24 12:00:00;82.639;82.829;82.419;82.769;3.98519;UCG.ITEUR
2026-09-24 13:00:00;82.759;82.889;82.499;82.639;4.56284;UCG.ITEUR
2026-09-24 14:00:00;82.629;82.639;82.239;82.459;3.6874;UCG.ITEUR
2026-09-24 15:00:00;82.459;82.519;82.129;82.179;2.12769;UCG.ITEUR
2026-09-25 07:00:00;82.929;83.799;82.929;83.459;5.93581;UCG.ITEUR
2026-09-25 08:00:00;83.469;83.779;83.279;83.709;4.65704;UCG.ITEUR
2026-09-25 09:00:00;83.709;83.759;83.489;83.649;4.19432;UCG.ITEUR
2026-09-25 10:00:00;83.639;83.969;83.619;83.919;2.90892;UCG.ITEUR
2026-09-25 11:00:00;83.929;84.299;83.859;84.069;3.20285;UCG.ITEUR
2026-09-25 12:00:00;84.069;84.189;83.889;83.949;3.41335;UCG.ITEUR
2026-09-25 13:00:00;83.949;84.049;83.669;83.789;4.14376;UCG.ITEUR
2026-09-25 14:00:00;83.789;83.859;83.319;83.729;4.29017;UCG.ITEUR
2026-09-25 15:00:00;83.719;83.809;83.569;83.769;2.04564;UCG.ITEUR
2026-09-28 07:00:00;84.089;84.329;83.189;84.199;5.85046;UCG.ITEUR
2026-09-28 08:00:00;84.189;84.269;83.819;83.919;5.04742;UCG.ITEUR
2026-09-28 09:00:00;83.909;83.999;83.529;83.829;4.24036;UCG.ITEUR
2026-09-28 10:00:00;83.819;83.939;83.599;83.779;3.74346;UCG.ITEUR
2026-09-28 11:00:00;83.789;84.019;83.649;83.939;2.99417;UCG.ITEUR
2026-09-28 12:00:00;83.939;84.709;83.839;84.629;3.7878;UCG.ITEUR
2026-09-28 13:00:00;84.629;84.839;84.349;84.829;4.52232;UCG.ITEUR
2026-09-28 14:00:00;84.829;84.879;84.069;84.179;4.36107;UCG.ITEUR
2026-09-28 15:00:00;84.179;84.299;84.089;84.169;1.84554;UCG.ITEUR
