asset,run,alpha_id,expression,uses_setup,direction,verdict,is_trades,is_pf,oos_trades,oos_pf,oos_expectancy,oos_win_pct,wf_profitable_splits,rejection
E_DAAX,A_baseline,ALPHA-E_DAAX-1H-261007-014,pr_close_ret_01_96 > 0.927083,False,long,NON-EDGE,1875,0.9583,2429.0,0.9259,-0.000114,0.498971,1/4,profit_factor 0.96 < 1.0 (losing in-sample); in-sample PF 0.96 < 1.5; expectancy not significant (p=0.708465); walk-forward OOS PF 0.93 < 1.0
E_DAAX,A_baseline,ALPHA-E_DAAX-1H-261007-045,delta_close_rsi_14_3 < -9.72123,False,short,NON-EDGE,2524,0.9986,3310.0,0.918,-0.000238,0.450755,1/4,profit_factor 1.00 < 1.0 (losing in-sample); in-sample PF 1.00 < 1.5; expectancy not significant (p=0.506869); walk-forward OOS PF 0.92 < 1.0
E_DAAX,A_baseline,ALPHA-E_DAAX-1H-261007-049,delta_close_rsi_25_1 < -3.58454,False,short,NON-EDGE,2027,0.8748,2639.0,0.8101,-0.000248,0.435392,0/4,profit_factor 0.87 < 1.0 (losing in-sample); in-sample PF 0.87 < 1.5; expectancy not significant (p=0.980616); walk-forward OOS PF 0.81 < 1.0
E_DAAX,A_baseline,ALPHA-E_DAAX-1H-261007-054,delta_close_rsi_25_1 > 3.46187,False,long,NON-EDGE,2029,0.9971,2639.0,0.997,-5e-06,0.51762,2/4,profit_factor 1.00 < 1.0 (losing in-sample); in-sample PF 1.00 < 1.5; expectancy not significant (p=0.515692); walk-forward OOS PF 1.00 < 1.0
E_DAAX,A_baseline,ALPHA-E_DAAX-1H-261007-058,delta_close_mdd_12_1 < 0,False,short,NON-EDGE,60,0.489,,,,,,profit_factor 0.49 < 1.0 (losing in-sample)
E_DAAX,A_baseline,ALPHA-E_DAAX-1H-261007-163,delta_upper_wick_3 < -0.420022,False,short,NON-EDGE,2011,0.9309,2632.0,0.8401,-0.000212,0.443389,0/4,profit_factor 0.93 < 1.0 (losing in-sample); in-sample PF 0.93 < 1.5; expectancy not significant (p=0.841435); walk-forward OOS PF 0.84 < 1.0
E_DAAX,A_baseline,ALPHA-E_DAAX-1H-261007-165,delta_upper_wick_3 < -0.300687,False,short,NON-EDGE,3796,0.8936,4925.0,0.8621,-0.000174,0.43797,0/4,profit_factor 0.89 < 1.0 (losing in-sample); in-sample PF 0.89 < 1.5; expectancy not significant (p=0.981012); walk-forward OOS PF 0.86 < 1.0
E_DAAX,A_baseline,ALPHA-E_DAAX-1H-261007-172,delta_upper_wick_6 > 0.302752,False,long,NON-EDGE,69,0.7353,,,,,,profit_factor 0.74 < 1.0 (losing in-sample)
E_DAAX,A_baseline,ALPHA-E_DAAX-1H-261007-176,delta_upper_wick_12 < -0.382296,False,short,NON-EDGE,32,0.9097,,,,,,profit_factor 0.91 < 1.0 (losing in-sample)
E_DAAX,A_baseline,ALPHA-E_DAAX-1H-261007-189,lower_wick > 0.626416,False,long,NON-EDGE,27,0.894,,,,,,profit_factor 0.89 < 1.0 (losing in-sample)
E_DAAX,A_baseline,ALPHA-E_DAAX-1H-261007-194,pr_lower_wick_48 > 0.916667,False,short,NON-EDGE,2152,0.8044,2754.0,0.7736,-0.000227,0.424837,0/4,profit_factor 0.80 < 1.0 (losing in-sample); in-sample PF 0.80 < 1.5; expectancy not significant (p=0.999077); walk-forward OOS PF 0.77 < 1.0
E_DAAX,A_baseline,ALPHA-E_DAAX-1H-261007-195,pr_lower_wick_48 > 0.9375,False,long,NON-EDGE,1624,1.2587,2104.0,1.1939,0.000819,0.550856,4/4,"total_trades 1624 < 1830 (52mo × 35.2 tpm, not significant); in-sample PF 1.26 < 1.5; total_trades 1624 < 1830 (52mo × 35.2 tpm)"
E_DAAX,A_baseline,ALPHA-E_DAAX-1H-261007-200,pr_lower_wick_96 > 0.90625,False,long,NON-EDGE,36,0.6334,,,,,,profit_factor 0.63 < 1.0 (losing in-sample)
E_DAAX,A_baseline,ALPHA-E_DAAX-1H-261007-201,pr_lower_wick_96 > 0.927083,False,long,NON-EDGE,13,0.6455,,,,,,profit_factor 0.65 < 1.0 (losing in-sample)
E_DAAX,A_baseline,ALPHA-E_DAAX-1H-261007-206,pr_lower_wick_168 > 0.904192,False,short,NON-EDGE,2544,0.7805,3288.0,0.7634,-0.000242,0.418491,0/4,profit_factor 0.78 < 1.0 (losing in-sample); in-sample PF 0.78 < 1.5; expectancy not significant (p=0.999943); walk-forward OOS PF 0.76 < 1.0
E_DAAX,A_baseline,ALPHA-E_DAAX-1H-261007-207,pr_lower_wick_168 > 0.922619,False,long,NON-EDGE,29,0.4572,,,,,,profit_factor 0.46 < 1.0 (losing in-sample)
E_DAAX,A_baseline,ALPHA-E_DAAX-1H-261007-210,zs_lower_wick_48 > 1.5,False,short,NON-EDGE,2358,0.7772,3056.0,0.7543,-0.000251,0.422448,0/4,profit_factor 0.78 < 1.0 (losing in-sample); in-sample PF 0.78 < 1.5; expectancy not significant (p=0.999925); walk-forward OOS PF 0.75 < 1.0
E_DAAX,A_baseline,ALPHA-E_DAAX-1H-261007-213,zs_lower_wick_96 > 1.5,False,long,NON-EDGE,37,0.7074,,,,,,profit_factor 0.71 < 1.0 (losing in-sample)
E_DAAX,A_baseline,ALPHA-E_DAAX-1H-261007-215,zs_lower_wick_168 > 1,False,short,NON-EDGE,69,0.6794,,,,,,profit_factor 0.68 < 1.0 (losing in-sample)
E_DAAX,A_baseline,ALPHA-E_DAAX-1H-261007-216,zs_lower_wick_168 > 1.5,False,long,NON-EDGE,33,0.5304,,,,,,profit_factor 0.53 < 1.0 (losing in-sample)
E_DAAX,A_baseline,ALPHA-E_DAAX-1H-261007-217,delta_lower_wick_1 < -0.42949,False,short,NON-EDGE,2018,0.7572,2639.0,0.7359,-0.000231,0.423645,0/4,profit_factor 0.76 < 1.0 (losing in-sample); in-sample PF 0.76 < 1.5; expectancy not significant (p=0.999971); walk-forward OOS PF 0.74 < 1.0
E_DAAX,A_baseline,ALPHA-E_DAAX-1H-261007-241,close_pos < 0.075432,False,short,NON-EDGE,2036,0.9049,2644.0,0.864,-0.000409,0.45121,0/4,profit_factor 0.90 < 1.0 (losing in-sample); in-sample PF 0.90 < 1.5; expectancy not significant (p=0.904957); walk-forward OOS PF 0.86 < 1.0
E_DAAX,A_baseline,ALPHA-E_DAAX-1H-261007-242,close_pos crosses_below 0.075432,False,short,NON-EDGE,1867,0.8895,2433.0,0.8812,-0.00038,0.457049,0/4,profit_factor 0.89 < 1.0 (losing in-sample); in-sample PF 0.89 < 1.5; expectancy not significant (p=0.929917); walk-forward OOS PF 0.88 < 1.0
E_DAAX,A_baseline,ALPHA-E_DAAX-1H-261007-250,pr_close_pos_48 < 0.0851064,False,short,NON-EDGE,2029,0.9148,2629.0,0.8567,-0.000549,0.448079,0/4,profit_factor 0.91 < 1.0 (losing in-sample); in-sample PF 0.91 < 1.5; expectancy not significant (p=0.873517); walk-forward OOS PF 0.86 < 1.0
E_DAAX,A_baseline,ALPHA-E_DAAX-1H-261007-251,pr_close_pos_48 < 0.104167,False,long,NON-EDGE,36,0.9882,,,,,,profit_factor 0.99 < 1.0 (losing in-sample)
E_DAAX,A_baseline,ALPHA-E_DAAX-1H-261007-268,zs_close_pos_48 < -1.5,False,long,NON-EDGE,1538,0.8706,1955.0,0.8388,-0.000191,0.497187,0/4,"total_trades 1538 < 1830 (52mo × 35.2 tpm, not significant); profit_factor 0.87 < 1.0 (losing in-sample); in-sample PF 0.87 < 1.5; total_trades 1538 < 1830 (52mo × 35.2 tpm); expectancy not significan"
E_DAAX,A_baseline,ALPHA-E_DAAX-1H-261007-271,zs_close_pos_96 < -1.5,False,long,NON-EDGE,27,0.9779,,,,,,profit_factor 0.98 < 1.0 (losing in-sample)
E_DAAX,A_baseline,ALPHA-E_DAAX-1H-261007-274,zs_close_pos_168 < -1.5,False,short,NON-EDGE,1732,0.852,2197.0,0.8342,-0.000208,0.42558,0/4,"total_trades 1732 < 1830 (52mo × 35.2 tpm, not significant); profit_factor 0.85 < 1.0 (losing in-sample); in-sample PF 0.85 < 1.5; total_trades 1732 < 1830 (52mo × 35.2 tpm); expectancy not significan"
E_DAAX,A_baseline,ALPHA-E_DAAX-1H-261007-286,delta_close_pos_3 > 0.480464,False,short,NON-EDGE,58,0.8581,,,,,,profit_factor 0.86 < 1.0 (losing in-sample)
E_DAAX,A_baseline,ALPHA-E_DAAX-1H-261007-287,delta_close_pos_3 > 0.588426,False,short,NON-EDGE,35,0.612,,,,,,profit_factor 0.61 < 1.0 (losing in-sample)
E_DAAX,A_baseline,ALPHA-E_DAAX-1H-261007-288,delta_close_pos_3 > 0.638946,False,short,NON-EDGE,29,0.7927,,,,,,profit_factor 0.79 < 1.0 (losing in-sample)
E_DAAX,A_baseline,ALPHA-E_DAAX-1H-261007-298,delta_close_pos_12 > 0.47592,False,short,NON-EDGE,3827,0.8927,4934.0,0.9038,-0.000273,0.463316,2/4,profit_factor 0.89 < 1.0 (losing in-sample); in-sample PF 0.89 < 1.5; expectancy not significant (p=0.950997); walk-forward OOS PF 0.90 < 1.0
E_DAAX,A_baseline,ALPHA-E_DAAX-1H-261007-299,delta_close_pos_12 > 0.58409,False,short,NON-EDGE,2536,0.9087,3293.0,0.8878,-0.000254,0.453386,1/4,profit_factor 0.91 < 1.0 (losing in-sample); in-sample PF 0.91 < 1.5; expectancy not significant (p=0.924331); walk-forward OOS PF 0.89 < 1.0
E_DAAX,A_baseline,ALPHA-E_DAAX-1H-261007-300,delta_close_pos_12 > 0.631954,False,short,NON-EDGE,2014,0.9174,2638.0,0.7983,-0.000473,0.47536,0/4,profit_factor 0.92 < 1.0 (losing in-sample); in-sample PF 0.92 < 1.5; expectancy not significant (p=0.879815); walk-forward OOS PF 0.80 < 1.0
E_DAAX,A_baseline,ALPHA-E_DAAX-1H-261007-326,pr_gap_48 > 0.854167,False,short,NON-EDGE,3772,0.921,4883.0,0.8469,-0.000509,0.451976,1/4,profit_factor 0.92 < 1.0 (losing in-sample); in-sample PF 0.92 < 1.5; expectancy not significant (p=0.886333); walk-forward OOS PF 0.85 < 1.0
E_DAAX,A_baseline,ALPHA-E_DAAX-1H-261007-327,pr_gap_48 > 0.90625,False,short,NON-EDGE,2383,0.9679,3117.0,0.8123,-0.000507,0.470966,0/4,profit_factor 0.97 < 1.0 (losing in-sample); in-sample PF 0.97 < 1.5; expectancy not significant (p=0.679423); walk-forward OOS PF 0.81 < 1.0
E_DAAX,A_baseline,ALPHA-E_DAAX-1H-261007-332,pr_gap_96 > 0.854167,False,short,NON-EDGE,3788,0.9233,4883.0,0.7838,-0.000707,0.499078,0/4,profit_factor 0.92 < 1.0 (losing in-sample); in-sample PF 0.92 < 1.5; expectancy not significant (p=0.878165); walk-forward OOS PF 0.78 < 1.0
E_DAAX,A_baseline,ALPHA-E_DAAX-1H-261007-333,pr_gap_96 > 0.901042,False,short,NON-EDGE,2431,0.9447,3202.0,0.7732,-0.000764,0.498126,0/4,profit_factor 0.94 < 1.0 (losing in-sample); in-sample PF 0.94 < 1.5; expectancy not significant (p=0.781216); walk-forward OOS PF 0.77 < 1.0
E_DAAX,A_baseline,ALPHA-E_DAAX-1H-261007-338,pr_gap_168 > 0.854167,False,short,NON-EDGE,3826,0.9216,4915.0,0.7842,-0.000794,0.501526,0/4,profit_factor 0.92 < 1.0 (losing in-sample); in-sample PF 0.92 < 1.5; expectancy not significant (p=0.884193); walk-forward OOS PF 0.78 < 1.0
E_DAAX,A_baseline,ALPHA-E_DAAX-1H-261007-358,pr_ratio_volume_sma03_sma25_96 < 0.166667,False,short,NON-EDGE,3746,0.8662,4831.0,0.6814,-0.002275,0.528669,0/4,profit_factor 0.87 < 1.0 (losing in-sample); in-sample PF 0.87 < 1.5; expectancy not significant (p=0.895918); walk-forward OOS PF 0.68 < 1.0
E_DAAX,A_baseline,ALPHA-E_DAAX-1H-261007-363,delta_ratio_volume_sma03_sma25_1 < -0.333773,False,short,NON-EDGE,4012,0.9758,4976.0,0.9225,-0.000147,0.456994,1/4,profit_factor 0.98 < 1.0 (losing in-sample); in-sample PF 0.98 < 1.5; expectancy not significant (p=0.643096); walk-forward OOS PF 0.92 < 1.0
E_DAAX,A_baseline,ALPHA-E_DAAX-1H-261007-366,delta_ratio_volume_sma03_sma25_1 > 0.455524,False,short,NON-EDGE,28,0.7967,,,,,,profit_factor 0.80 < 1.0 (losing in-sample)
E_DAAX,A_baseline,ALPHA-E_DAAX-1H-261007-373,pr_ratio_volume_sma03_sma96_96 < 0.15625,False,short,NON-EDGE,3578,0.9372,4655.0,0.7705,-0.001264,0.509345,0/4,profit_factor 0.94 < 1.0 (losing in-sample); in-sample PF 0.94 < 1.5; expectancy not significant (p=0.766357); walk-forward OOS PF 0.77 < 1.0
E_DAAX,A_baseline,ALPHA-E_DAAX-1H-261007-374,pr_ratio_volume_sma03_sma96_168 < 0.160714,False,short,NON-EDGE,3804,0.9175,4941.0,0.8682,-0.000675,0.467517,1/4,profit_factor 0.92 < 1.0 (losing in-sample); in-sample PF 0.92 < 1.5; expectancy not significant (p=0.837145); walk-forward OOS PF 0.87 < 1.0
E_DAAX,A_baseline,ALPHA-E_DAAX-1H-261007-375,delta_ratio_volume_sma03_sma96_1 < -0.354497,False,short,NON-EDGE,4012,0.9474,4971.0,0.881,-0.000211,0.445182,0/4,profit_factor 0.95 < 1.0 (losing in-sample); in-sample PF 0.95 < 1.5; expectancy not significant (p=0.783163); walk-forward OOS PF 0.88 < 1.0
E_DAAX,A_baseline,ALPHA-E_DAAX-1H-261007-408,delta_ratio_volume_sma25_sma168_1 < -0.047528,False,long,NON-EDGE,29,0.7289,,,,,,profit_factor 0.73 < 1.0 (losing in-sample)
E_DAAX,A_baseline,ALPHA-E_DAAX-1H-261007-427,zs_ratio_close_vol05_vol12_96 > 1,False,long,NON-EDGE,77,0.7385,,,,,,profit_factor 0.74 < 1.0 (losing in-sample)
E_DAAX,A_baseline,ALPHA-E_DAAX-1H-261007-435,delta_ratio_close_vol05_vol12_1 > 0.3059,False,long,NON-EDGE,2055,1.0559,2644.0,1.0053,1.2e-05,0.522315,3/4,in-sample PF 1.06 < 1.5; expectancy not significant (p=0.217454)
E_DAAX,A_baseline,ALPHA-E_DAAX-1H-261007-459,delta_ratio_close_vol05_vol96_1 > 0.313949,False,long,NON-EDGE,2028,1.0001,2639.0,0.9601,-7.1e-05,0.516862,1/4,in-sample PF 1.00 < 1.5; expectancy not significant (p=0.499273); walk-forward OOS PF 0.96 < 1.0
E_DAAX,A_baseline,ALPHA-E_DAAX-1H-261007-479,delta_diffnorm_close_vol12_vol24_3 < -0.57769,False,long,NON-EDGE,71,0.9758,,,,,,profit_factor 0.98 < 1.0 (losing in-sample)
E_DAAX,A_baseline,ALPHA-E_DAAX-1H-261007-491,delta_ratio_close_vol12_vol168_1 > 0.0664785,False,short,NON-EDGE,3785,0.8369,4953.0,0.8243,-0.000285,0.437916,1/4,profit_factor 0.84 < 1.0 (losing in-sample); in-sample PF 0.84 < 1.5; expectancy not significant (p=0.999475); walk-forward OOS PF 0.82 < 1.0
E_DAAX,A_baseline,ALPHA-E_DAAX-1H-261007-530,pr_ratio_close_ret01_ret03_48 < 0.166667,False,long,NON-EDGE,57,0.4588,,,,,,profit_factor 0.46 < 1.0 (losing in-sample)
E_DAAX,A_baseline,ALPHA-E_DAAX-1H-261007-536,pr_ratio_close_ret01_ret03_96 < 0.15625,False,long,NON-EDGE,57,0.5041,,,,,,profit_factor 0.50 < 1.0 (losing in-sample)
E_DAAX,A_baseline,ALPHA-E_DAAX-1H-261007-555,delta_ratio_close_ret01_ret03_3 > 1.72515,False,long,NON-EDGE,70,0.8229,,,,,,profit_factor 0.82 < 1.0 (losing in-sample)
E_DAAX,A_baseline,ALPHA-E_DAAX-1H-261007-564,delta_ratio_close_ret01_ret03_12 < -3.29141,False,long,NON-EDGE,2052,1.1992,2624.0,1.1479,0.000582,0.556784,4/4,in-sample PF 1.20 < 1.5; expectancy not significant (p=0.066478)
E_DAAX,A_baseline,ALPHA-E_DAAX-1H-261007-565,delta_ratio_close_ret01_ret03_12 < -2.59319,False,long,NON-EDGE,2544,1.1718,3286.0,1.1202,0.000517,0.559038,4/4,in-sample PF 1.17 < 1.5; expectancy not significant (p=0.093954)
E_DAAX,A_baseline,ALPHA-E_DAAX-1H-261007-566,delta_ratio_close_ret01_ret03_12 < -1.70855,False,long,NON-EDGE,64,0.9442,,,,,,profit_factor 0.94 < 1.0 (losing in-sample)
E_DAAX,A_baseline,ALPHA-E_DAAX-1H-261007-594,ratio_close_ret01_ret06 > 0.895035,False,long,NON-EDGE,3827,1.1682,4951.0,1.0652,0.000227,0.538275,3/4,in-sample PF 1.17 < 1.5
E_DAAX,A_baseline,ALPHA-E_DAAX-1H-261007-595,ratio_close_ret01_ret06 > 1.28809,False,long,NON-EDGE,2548,1.169,3302.0,1.0761,0.000245,0.54997,3/4,in-sample PF 1.17 < 1.5
E_DAAX,A_baseline,ALPHA-E_DAAX-1H-261007-596,ratio_close_ret01_ret06 > 1.5919,False,long,NON-EDGE,28,0.7495,,,,,,profit_factor 0.75 < 1.0 (losing in-sample)
E_DAAX,A_baseline,ALPHA-E_DAAX-1H-261007-600,pr_ratio_close_ret01_ret06_48 > 0.854167,False,short,NON-EDGE,3673,0.7648,4772.0,0.754,-0.000332,0.430008,0/4,profit_factor 0.76 < 1.0 (losing in-sample); in-sample PF 0.76 < 1.5; expectancy not significant (p=0.999999); walk-forward OOS PF 0.75 < 1.0
E_DAAX,A_baseline,ALPHA-E_DAAX-1H-261007-601,pr_ratio_close_ret01_ret06_48 > 0.916667,False,long,NON-EDGE,2120,1.2196,2760.0,1.1682,0.000764,0.547464,2/4,in-sample PF 1.22 < 1.5
E_DAAX,A_baseline,ALPHA-E_DAAX-1H-261007-606,pr_ratio_close_ret01_ret06_96 > 0.854167,False,long,NON-EDGE,3662,1.4477,4759.0,1.4461,0.003225,0.677663,3/4,in-sample PF 1.45 < 1.5; expectancy not significant (p=0.050509)
E_DAAX,A_baseline,ALPHA-E_DAAX-1H-261007-607,pr_ratio_close_ret01_ret06_96 > 0.90625,False,long,NON-EDGE,2389,1.4922,3120.0,1.4933,0.003098,0.708654,3/4,in-sample PF 1.49 < 1.5
E_DAAX,A_baseline,ALPHA-E_DAAX-1H-261007-608,pr_ratio_close_ret01_ret06_96 > 0.927083,False,long,NON-EDGE,1847,1.4985,2410.0,1.6273,0.004113,0.714108,3/4,in-sample PF 1.50 < 1.5; expectancy not significant (p=0.08403)
E_DAAX,A_baseline,ALPHA-E_DAAX-1H-261007-612,pr_ratio_close_ret01_ret06_168 > 0.85119,False,long,NON-EDGE,22,0.4286,,,,,,profit_factor 0.43 < 1.0 (losing in-sample)
E_DAAX,A_baseline,ALPHA-E_DAAX-1H-261007-613,pr_ratio_close_ret01_ret06_168 > 0.904762,False,long,NON-EDGE,15,0.3345,,,,,,profit_factor 0.33 < 1.0 (losing in-sample)
E_DAAX,A_baseline,ALPHA-E_DAAX-1H-261007-617,delta_ratio_close_ret01_ret06_1 < -1.29001,False,long,NON-EDGE,69,0.5154,,,,,,profit_factor 0.52 < 1.0 (losing in-sample)
E_DAAX,A_baseline,ALPHA-E_DAAX-1H-261007-618,delta_ratio_close_ret01_ret06_1 > 1.32905,False,long,NON-EDGE,64,0.9043,,,,,,profit_factor 0.90 < 1.0 (losing in-sample)
E_DAAX,A_baseline,ALPHA-E_DAAX-1H-261007-620,delta_ratio_close_ret01_ret06_1 > 2.74809,False,long,NON-EDGE,2025,1.1048,2639.0,1.0631,0.000138,0.539977,3/4,in-sample PF 1.10 < 1.5; expectancy not significant (p=0.087441)
E_DAAX,A_baseline,ALPHA-E_DAAX-1H-261007-625,delta_ratio_close_ret01_ret06_3 > 2.14759,False,long,NON-EDGE,46,0.8626,,,,,,profit_factor 0.86 < 1.0 (losing in-sample)
E_DAAX,A_baseline,ALPHA-E_DAAX-1H-261007-626,delta_ratio_close_ret01_ret06_3 > 2.67787,False,long,NON-EDGE,36,0.7578,,,,,,profit_factor 0.76 < 1.0 (losing in-sample)
E_DAAX,A_baseline,ALPHA-E_DAAX-1H-261007-631,delta_ratio_close_ret01_ret06_6 > 2.08511,False,long,NON-EDGE,43,0.9718,,,,,,profit_factor 0.97 < 1.0 (losing in-sample)
E_DAAX,A_baseline,ALPHA-E_DAAX-1H-261007-637,delta_ratio_close_ret01_ret06_12 > 2.12746,False,long,NON-EDGE,36,0.8022,,,,,,profit_factor 0.80 < 1.0 (losing in-sample)
E_DAAX,A_baseline,ALPHA-E_DAAX-1H-261007-638,delta_ratio_close_ret01_ret06_12 > 2.65229,False,long,NON-EDGE,28,0.8261,,,,,,profit_factor 0.83 < 1.0 (losing in-sample)
E_DAAX,A_baseline,ALPHA-E_DAAX-1H-261007-645,ratio_close_ret01_ret12 > 0.598822,False,long,NON-EDGE,3827,1.0515,4950.0,0.9773,-5e-05,0.517576,2/4,in-sample PF 1.05 < 1.5; expectancy not significant (p=0.223989); walk-forward OOS PF 0.98 < 1.0
E_DAAX,A_baseline,ALPHA-E_DAAX-1H-261007-646,ratio_close_ret01_ret12 > 0.882353,False,long,NON-EDGE,2531,1.1195,3296.0,1.0822,0.000229,0.522755,3/4,in-sample PF 1.12 < 1.5; expectancy not significant (p=0.082701)
E_DAAX,A_baseline,ALPHA-E_DAAX-1H-261007-647,ratio_close_ret01_ret12 > 1.07768,False,long,NON-EDGE,2035,1.1176,2638.0,1.0426,0.000105,0.527293,2/4,in-sample PF 1.12 < 1.5; expectancy not significant (p=0.089075)
E_DAAX,A_baseline,ALPHA-E_DAAX-1H-261007-652,pr_ratio_close_ret01_ret12_48 > 0.916667,False,long,NON-EDGE,26,0.8348,,,,,,profit_factor 0.83 < 1.0 (losing in-sample)
E_DAAX,A_baseline,ALPHA-E_DAAX-1H-261007-654,pr_ratio_close_ret01_ret12_96 < 0.104167,False,long,NON-EDGE,16,0.6225,,,,,,profit_factor 0.62 < 1.0 (losing in-sample)
E_DAAX,A_baseline,ALPHA-E_DAAX-1H-261007-658,pr_ratio_close_ret01_ret12_96 > 0.927083,False,long,NON-EDGE,28,0.6903,,,,,,profit_factor 0.69 < 1.0 (losing in-sample)
E_DAAX,A_baseline,ALPHA-E_DAAX-1H-261007-659,pr_ratio_close_ret01_ret12_168 < 0.0833333,False,long,NON-EDGE,12,0.5444,,,,,,profit_factor 0.54 < 1.0 (losing in-sample)
E_DAAX,A_baseline,ALPHA-E_DAAX-1H-261007-660,pr_ratio_close_ret01_ret12_168 < 0.10119,False,long,NON-EDGE,15,0.4929,,,,,,profit_factor 0.49 < 1.0 (losing in-sample)
E_DAAX,A_baseline,ALPHA-E_DAAX-1H-261007-661,pr_ratio_close_ret01_ret12_168 < 0.154762,False,long,NON-EDGE,27,0.6108,,,,,,profit_factor 0.61 < 1.0 (losing in-sample)
E_DAAX,A_baseline,ALPHA-E_DAAX-1H-261007-663,pr_ratio_close_ret01_ret12_168 > 0.904192,False,long,NON-EDGE,35,0.734,,,,,,profit_factor 0.73 < 1.0 (losing in-sample)
E_DAAX,A_baseline,ALPHA-E_DAAX-1H-261007-664,pr_ratio_close_ret01_ret12_168 > 0.922619,False,long,NON-EDGE,27,0.5292,,,,,,profit_factor 0.53 < 1.0 (losing in-sample)
E_DAAX,A_baseline,ALPHA-E_DAAX-1H-261007-666,delta_ratio_close_ret01_ret12_1 < -1.408,False,long,NON-EDGE,2526,1.3645,3295.0,1.1887,0.00073,0.542944,3/4,in-sample PF 1.36 < 1.5
E_DAAX,A_baseline,ALPHA-E_DAAX-1H-261007-667,delta_ratio_close_ret01_ret12_1 < -0.881143,False,long,NON-EDGE,3782,1.2892,4942.0,1.1917,0.000841,0.547552,4/4,in-sample PF 1.29 < 1.5
E_DAAX,A_baseline,ALPHA-E_DAAX-1H-261007-668,delta_ratio_close_ret01_ret12_1 > 0.817308,False,long,NON-EDGE,3819,1.0907,4949.0,1.0487,0.00013,0.533845,2/4,in-sample PF 1.09 < 1.5; expectancy not significant (p=0.104022)
E_DAAX,A_baseline,ALPHA-E_DAAX-1H-261007-669,delta_ratio_close_ret01_ret12_1 > 1.49877,False,long,NON-EDGE,47,0.9897,,,,,,profit_factor 0.99 < 1.0 (losing in-sample)
E_DAAX,A_baseline,ALPHA-E_DAAX-1H-261007-672,delta_ratio_close_ret01_ret12_3 < -1.4902,False,long,NON-EDGE,2535,1.0074,3299.0,0.9364,-0.000101,0.489239,1/4,in-sample PF 1.01 < 1.5; expectancy not significant (p=0.455522); walk-forward OOS PF 0.94 < 1.0
E_DAAX,A_baseline,ALPHA-E_DAAX-1H-261007-674,delta_ratio_close_ret01_ret12_3 > 0.959969,False,long,NON-EDGE,65,0.7508,,,,,,profit_factor 0.75 < 1.0 (losing in-sample)
E_DAAX,A_baseline,ALPHA-E_DAAX-1H-261007-675,delta_ratio_close_ret01_ret12_3 > 1.54511,False,long,NON-EDGE,43,0.5505,,,,,,profit_factor 0.55 < 1.0 (losing in-sample)
E_DAAX,A_baseline,ALPHA-E_DAAX-1H-261007-683,delta_ratio_close_ret01_ret12_12 < -1.96853,False,long,NON-EDGE,38,0.6059,,,,,,profit_factor 0.61 < 1.0 (losing in-sample)
E_DAAX,A_baseline,ALPHA-E_DAAX-1H-261007-684,delta_ratio_close_ret01_ret12_12 < -1.55647,False,long,NON-EDGE,43,0.7903,,,,,,profit_factor 0.79 < 1.0 (losing in-sample)
E_DAAX,A_baseline,ALPHA-E_DAAX-1H-261007-686,delta_ratio_close_ret01_ret12_12 > 0.992902,False,long,NON-EDGE,68,0.941,,,,,,profit_factor 0.94 < 1.0 (losing in-sample)
E_DAAX,A_baseline,ALPHA-E_DAAX-1H-261007-725,delta_ratio_close_ret01_ret24_6 < -1.23615,False,short,NON-EDGE,1991,0.9373,2642.0,0.9058,-0.000121,0.44701,1/4,profit_factor 0.94 < 1.0 (losing in-sample); in-sample PF 0.94 < 1.5; expectancy not significant (p=0.813453); walk-forward OOS PF 0.91 < 1.0
E_DAAX,A_baseline,ALPHA-E_DAAX-1H-261007-745,pr_ratio_close_ret01_ret48_48 < 0.0833333,False,short,NON-EDGE,1866,1.041,2414.0,0.9437,-0.000131,0.446976,1/4,in-sample PF 1.04 < 1.5; expectancy not significant (p=0.324764); walk-forward OOS PF 0.94 < 1.0
E_DAAX,A_baseline,ALPHA-E_DAAX-1H-261007-746,pr_ratio_close_ret01_ret48_48 < 0.104167,False,short,NON-EDGE,2360,1.0019,3073.0,0.9504,-0.000123,0.452978,1/4,in-sample PF 1.00 < 1.5; expectancy not significant (p=0.49059); walk-forward OOS PF 0.95 < 1.0
E_DAAX,A_baseline,ALPHA-E_DAAX-1H-261007-747,pr_ratio_close_ret01_ret48_48 < 0.145833,False,short,NON-EDGE,3388,0.9349,4392.0,0.858,-0.000419,0.44877,1/4,profit_factor 0.93 < 1.0 (losing in-sample); in-sample PF 0.93 < 1.5; expectancy not significant (p=0.82369); walk-forward OOS PF 0.86 < 1.0
E_DAAX,A_baseline,ALPHA-E_DAAX-1H-261007-755,pr_ratio_close_ret01_ret48_168 < 0.077381,False,short,NON-EDGE,1916,0.9656,2473.0,0.8487,-0.000473,0.452487,0/4,profit_factor 0.97 < 1.0 (losing in-sample); in-sample PF 0.97 < 1.5; expectancy not significant (p=0.653283); walk-forward OOS PF 0.85 < 1.0
E_DAAX,A_baseline,ALPHA-E_DAAX-1H-261007-757,pr_ratio_close_ret01_ret48_168 < 0.14881,False,short,NON-EDGE,3757,0.9258,4870.0,0.8593,-0.000374,0.444764,0/4,profit_factor 0.93 < 1.0 (losing in-sample); in-sample PF 0.93 < 1.5; expectancy not significant (p=0.860122); walk-forward OOS PF 0.86 < 1.0
E_DAAX,A_baseline,ALPHA-E_DAAX-1H-261007-760,zs_ratio_close_ret01_ret48_48 < -1,False,short,NON-EDGE,1889,1.0694,2405.0,1.0291,7.1e-05,0.468607,2/4,in-sample PF 1.07 < 1.5; expectancy not significant (p=0.218655)
E_DAAX,A_baseline,ALPHA-E_DAAX-1H-261007-769,delta_ratio_close_ret01_ret48_3 > 0.395839,False,short,NON-EDGE,3834,0.8983,4940.0,0.8605,-0.000272,0.450607,0/4,profit_factor 0.90 < 1.0 (losing in-sample); in-sample PF 0.90 < 1.5; expectancy not significant (p=0.950187); walk-forward OOS PF 0.86 < 1.0
E_DAAX,A_baseline,ALPHA-E_DAAX-1H-261007-820,ratio_close_ret03_ret06 > 1.41741,False,long,NON-EDGE,3820,1.0996,4949.0,1.0537,0.00012,0.532835,3/4,in-sample PF 1.10 < 1.5; expectancy not significant (p=0.066406)
E_DAAX,A_baseline,ALPHA-E_DAAX-1H-261007-821,ratio_close_ret03_ret06 > 1.90753,False,long,NON-EDGE,42,0.7303,,,,,,profit_factor 0.73 < 1.0 (losing in-sample)
E_DAAX,A_baseline,ALPHA-E_DAAX-1H-261007-823,pr_ratio_close_ret03_ret06_48 < 0.0833333,False,long,NON-EDGE,20,0.2438,,,,,,profit_factor 0.24 < 1.0 (losing in-sample)
E_DAAX,A_baseline,ALPHA-E_DAAX-1H-261007-824,pr_ratio_close_ret03_ret06_48 < 0.104167,False,long,NON-EDGE,31,0.252,,,,,,profit_factor 0.25 < 1.0 (losing in-sample)
E_DAAX,A_baseline,ALPHA-E_DAAX-1H-261007-825,pr_ratio_close_ret03_ret06_48 < 0.166667,False,long,NON-EDGE,53,0.3841,,,,,,profit_factor 0.38 < 1.0 (losing in-sample)
E_DAAX,A_baseline,ALPHA-E_DAAX-1H-261007-827,pr_ratio_close_ret03_ret06_48 > 0.916667,False,long,NON-EDGE,36,0.9528,,,,,,profit_factor 0.95 < 1.0 (losing in-sample)
E_DAAX,A_baseline,ALPHA-E_DAAX-1H-261007-829,pr_ratio_close_ret03_ret06_96 < 0.0833333,False,long,NON-EDGE,22,0.2403,,,,,,profit_factor 0.24 < 1.0 (losing in-sample)
E_DAAX,A_baseline,ALPHA-E_DAAX-1H-261007-830,pr_ratio_close_ret03_ret06_96 < 0.104167,False,long,NON-EDGE,32,0.3349,,,,,,profit_factor 0.33 < 1.0 (losing in-sample)
E_DAAX,A_baseline,ALPHA-E_DAAX-1H-261007-831,pr_ratio_close_ret03_ret06_96 < 0.15625,False,long,NON-EDGE,44,0.3524,,,,,,profit_factor 0.35 < 1.0 (losing in-sample)
E_DAAX,A_baseline,ALPHA-E_DAAX-1H-261007-832,pr_ratio_close_ret03_ret06_96 > 0.854167,False,long,NON-EDGE,62,0.6672,,,,,,profit_factor 0.67 < 1.0 (losing in-sample)
E_DAAX,A_baseline,ALPHA-E_DAAX-1H-261007-838,pr_ratio_close_ret03_ret06_168 > 0.85119,False,long,NON-EDGE,56,0.5073,,,,,,profit_factor 0.51 < 1.0 (losing in-sample)
E_DAAX,A_baseline,ALPHA-E_DAAX-1H-261007-839,pr_ratio_close_ret03_ret06_168 > 0.904192,False,long,NON-EDGE,34,0.6395,,,,,,profit_factor 0.64 < 1.0 (losing in-sample)
E_DAAX,A_baseline,ALPHA-E_DAAX-1H-261007-843,delta_ratio_close_ret03_ret06_1 < -1.45949,False,long,NON-EDGE,72,0.6384,,,,,,profit_factor 0.64 < 1.0 (losing in-sample)
E_DAAX,A_baseline,ALPHA-E_DAAX-1H-261007-845,delta_ratio_close_ret03_ret06_1 > 2.63168,False,long,NON-EDGE,48,0.6582,,,,,,profit_factor 0.66 < 1.0 (losing in-sample)
E_DAAX,A_baseline,ALPHA-E_DAAX-1H-261007-851,delta_ratio_close_ret03_ret06_3 > 2.81866,False,long,NON-EDGE,47,0.9156,,,,,,profit_factor 0.92 < 1.0 (losing in-sample)
E_DAAX,A_baseline,ALPHA-E_DAAX-1H-261007-852,delta_ratio_close_ret03_ret06_3 > 3.54102,False,long,NON-EDGE,1996,1.0612,2633.0,1.014,2.7e-05,0.51842,3/4,in-sample PF 1.06 < 1.5; expectancy not significant (p=0.204783)
E_DAAX,A_baseline,ALPHA-E_DAAX-1H-261007-855,delta_ratio_close_ret03_ret06_6 < -1.86124,False,long,NON-EDGE,3780,1.0117,4947.0,0.9517,-7.1e-05,0.500505,0/4,in-sample PF 1.01 < 1.5; expectancy not significant (p=0.424055); walk-forward OOS PF 0.95 < 1.0
E_DAAX,A_baseline,ALPHA-E_DAAX-1H-261007-856,delta_ratio_close_ret03_ret06_6 > 1.81965,False,long,NON-EDGE,69,0.891,,,,,,profit_factor 0.89 < 1.0 (losing in-sample)
E_DAAX,A_baseline,ALPHA-E_DAAX-1H-261007-862,delta_ratio_close_ret03_ret06_12 > 1.85184,False,long,NON-EDGE,63,0.8285,,,,,,profit_factor 0.83 < 1.0 (losing in-sample)
E_DAAX,A_baseline,ALPHA-E_DAAX-1H-261007-863,delta_ratio_close_ret03_ret06_12 > 2.87343,False,long,NON-EDGE,36,0.829,,,,,,profit_factor 0.83 < 1.0 (losing in-sample)
E_DAAX,A_baseline,ALPHA-E_DAAX-1H-261007-882,ratio_close_ret03_ret12 crosses_below -0.5,False,long,NON-EDGE,41,0.8133,,,,,,profit_factor 0.81 < 1.0 (losing in-sample)
E_DAAX,A_baseline,ALPHA-E_DAAX-1H-261007-885,ratio_close_ret03_ret12 > 1.78571,False,long,NON-EDGE,43,0.5434,,,,,,profit_factor 0.54 < 1.0 (losing in-sample)
E_DAAX,A_baseline,ALPHA-E_DAAX-1H-261007-902,delta_ratio_close_ret03_ret12_1 < -2.46149,False,long,NON-EDGE,2041,1.1278,2640.0,1.0567,0.000118,0.532576,3/4,in-sample PF 1.13 < 1.5; expectancy not significant (p=0.054111)
E_DAAX,A_baseline,ALPHA-E_DAAX-1H-261007-903,delta_ratio_close_ret03_ret12_1 < -1.78981,False,long,NON-EDGE,2550,1.0953,3301.0,1.044,0.000107,0.525598,4/4,in-sample PF 1.10 < 1.5; expectancy not significant (p=0.121126)
E_DAAX,A_baseline,ALPHA-E_DAAX-1H-261007-908,delta_ratio_close_ret03_ret12_3 < -2.97205,False,long,NON-EDGE,2042,1.1096,2642.0,1.0321,5.6e-05,0.519304,3/4,in-sample PF 1.11 < 1.5; expectancy not significant (p=0.085099)
E_DAAX,A_baseline,ALPHA-E_DAAX-1H-261007-912,delta_ratio_close_ret03_ret12_3 > 2.56701,False,long,NON-EDGE,2545,1.094,3303.0,1.005,1.3e-05,0.50772,2/4,in-sample PF 1.09 < 1.5; expectancy not significant (p=0.132932)
E_DAAX,A_baseline,ALPHA-E_DAAX-1H-261007-921,delta_ratio_close_ret03_ret12_12 < -2.40476,False,long,NON-EDGE,44,0.6351,,,,,,profit_factor 0.64 < 1.0 (losing in-sample)
E_DAAX,A_baseline,ALPHA-E_DAAX-1H-261007-923,delta_ratio_close_ret03_ret12_12 > 1.56544,False,long,NON-EDGE,3790,1.2584,4947.0,1.1873,0.000722,0.543157,3/4,in-sample PF 1.26 < 1.5
E_DAAX,A_baseline,ALPHA-E_DAAX-1H-261007-933,pr_ratio_close_ret03_ret24_48 < 0.104167,False,short,NON-EDGE,36,0.9399,,,,,,profit_factor 0.94 < 1.0 (losing in-sample)
E_DAAX,A_baseline,ALPHA-E_DAAX-1H-261007-969,ratio_close_ret03_ret48 crosses_below -0.345162,False,short,NON-EDGE,2098,0.9499,2736.0,0.852,-0.000449,0.447368,1/4,profit_factor 0.95 < 1.0 (losing in-sample); in-sample PF 0.95 < 1.5; expectancy not significant (p=0.750777); walk-forward OOS PF 0.85 < 1.0
E_DAAX,A_baseline,ALPHA-E_DAAX-1H-261007-971,pr_ratio_close_ret03_ret48_48 < 0.104167,False,short,NON-EDGE,2478,1.1109,3209.0,0.9745,-4.4e-05,0.449673,2/4,in-sample PF 1.11 < 1.5; expectancy not significant (p=0.079032); walk-forward OOS PF 0.97 < 1.0
E_DAAX,A_baseline,ALPHA-E_DAAX-1H-261007-972,pr_ratio_close_ret03_ret48_48 < 0.145833,False,short,NON-EDGE,3517,0.9777,4542.0,0.8977,-0.000324,0.451343,1/4,profit_factor 0.98 < 1.0 (losing in-sample); in-sample PF 0.98 < 1.5; expectancy not significant (p=0.622529); walk-forward OOS PF 0.90 < 1.0
E_DAAX,A_baseline,ALPHA-E_DAAX-1H-261007-974,pr_ratio_close_ret03_ret48_96 < 0.09375,False,short,NON-EDGE,2286,1.05,2991.0,0.9065,-0.000171,0.437981,1/4,in-sample PF 1.05 < 1.5; expectancy not significant (p=0.276529); walk-forward OOS PF 0.91 < 1.0
E_DAAX,A_baseline,ALPHA-E_DAAX-1H-261007-975,pr_ratio_close_ret03_ret48_96 < 0.145833,False,short,NON-EDGE,3626,0.9879,4729.0,0.9154,-0.000172,0.445549,2/4,profit_factor 0.99 < 1.0 (losing in-sample); in-sample PF 0.99 < 1.5; expectancy not significant (p=0.56889); walk-forward OOS PF 0.92 < 1.0
E_DAAX,A_baseline,ALPHA-E_DAAX-1H-261007-980,delta_ratio_close_ret03_ret48_1 < -0.983175,False,short,NON-EDGE,2005,0.9678,2626.0,0.8806,-0.000325,0.449353,0/4,profit_factor 0.97 < 1.0 (losing in-sample); in-sample PF 0.97 < 1.5; expectancy not significant (p=0.637999); walk-forward OOS PF 0.88 < 1.0
E_DAAX,A_baseline,ALPHA-E_DAAX-1H-261007-982,delta_ratio_close_ret03_ret48_1 < -0.427121,False,short,NON-EDGE,3752,0.9335,4929.0,0.9001,-0.000285,0.445729,0/4,profit_factor 0.93 < 1.0 (losing in-sample); in-sample PF 0.93 < 1.5; expectancy not significant (p=0.818679); walk-forward OOS PF 0.90 < 1.0
E_DAAX,A_baseline,ALPHA-E_DAAX-1H-261007-983,delta_ratio_close_ret03_ret48_1 > 0.348702,False,short,NON-EDGE,3830,0.9593,4947.0,0.9527,-8.1e-05,0.449768,1/4,profit_factor 0.96 < 1.0 (losing in-sample); in-sample PF 0.96 < 1.5; expectancy not significant (p=0.753252); walk-forward OOS PF 0.95 < 1.0
E_DAAX,A_baseline,ALPHA-E_DAAX-1H-261007-984,delta_ratio_close_ret03_ret48_1 > 0.613856,False,short,NON-EDGE,2544,0.9674,3290.0,0.8613,-0.000259,0.457447,0/4,profit_factor 0.97 < 1.0 (losing in-sample); in-sample PF 0.97 < 1.5; expectancy not significant (p=0.678319); walk-forward OOS PF 0.86 < 1.0
E_DAAX,A_baseline,ALPHA-E_DAAX-1H-261007-985,delta_ratio_close_ret03_ret48_1 > 0.870528,False,short,NON-EDGE,2031,0.9713,2630.0,0.9638,-6.3e-05,0.447909,2/4,profit_factor 0.97 < 1.0 (losing in-sample); in-sample PF 0.97 < 1.5; expectancy not significant (p=0.645113); walk-forward OOS PF 0.96 < 1.0
E_DAAX,A_baseline,ALPHA-E_DAAX-1H-261007-986,delta_ratio_close_ret03_ret48_3 < -1.16534,False,short,NON-EDGE,2505,1.0842,3290.0,0.9022,-0.000208,0.453191,1/4,in-sample PF 1.08 < 1.5; expectancy not significant (p=0.152526); walk-forward OOS PF 0.90 < 1.0
E_DAAX,A_baseline,ALPHA-E_DAAX-1H-261007-987,delta_ratio_close_ret03_ret48_3 < -0.729333,False,short,NON-EDGE,3773,0.9596,4940.0,0.8518,-0.000326,0.435425,1/4,profit_factor 0.96 < 1.0 (losing in-sample); in-sample PF 0.96 < 1.5; expectancy not significant (p=0.7224); walk-forward OOS PF 0.85 < 1.0
E_DAAX,A_baseline,ALPHA-E_DAAX-1H-261007-990,delta_ratio_close_ret03_ret48_6 < -1.22105,False,short,NON-EDGE,2510,1.0648,3291.0,0.9211,-0.000145,0.44333,1/4,in-sample PF 1.06 < 1.5; expectancy not significant (p=0.207288); walk-forward OOS PF 0.92 < 1.0
E_DAAX,A_baseline,ALPHA-E_DAAX-1H-261007-991,delta_ratio_close_ret03_ret48_6 < -0.767764,False,short,NON-EDGE,3781,1.0006,4931.0,0.9062,-0.000175,0.44636,1/4,in-sample PF 1.00 < 1.5; expectancy not significant (p=0.496546); walk-forward OOS PF 0.91 < 1.0
E_DAAX,A_baseline,ALPHA-E_DAAX-1H-261007-1030,pr_ratio_close_ret06_ret12_168 < 0.10119,False,long,NON-EDGE,39,0.5848,,,,,,profit_factor 0.58 < 1.0 (losing in-sample)
E_DAAX,A_baseline,ALPHA-E_DAAX-1H-261007-1033,pr_ratio_close_ret06_ret12_168 > 0.904762,False,long,NON-EDGE,32,0.9026,,,,,,profit_factor 0.90 < 1.0 (losing in-sample)
E_DAAX,A_baseline,ALPHA-E_DAAX-1H-261007-1038,delta_ratio_close_ret06_ret12_1 > 0.965887,False,long,NON-EDGE,72,0.9882,,,,,,profit_factor 0.99 < 1.0 (losing in-sample)
E_DAAX,A_baseline,ALPHA-E_DAAX-1H-261007-1059,ratio_close_ret06_ret24 < -0.896992,False,short,NON-EDGE,2552,0.9184,3308.0,0.8341,-0.000176,0.436215,1/4,profit_factor 0.92 < 1.0 (losing in-sample); in-sample PF 0.92 < 1.5; expectancy not significant (p=0.890465); walk-forward OOS PF 0.83 < 1.0
E_DAAX,A_baseline,ALPHA-E_DAAX-1H-261007-1060,ratio_close_ret06_ret24 crosses_below -0.896992,False,short,NON-EDGE,1541,0.994,1996.0,0.9164,-7.1e-05,0.42986,1/4,"total_trades 1541 < 1830 (52mo × 35.2 tpm, not significant); profit_factor 0.99 < 1.0 (losing in-sample); in-sample PF 0.99 < 1.5; total_trades 1541 < 1830 (52mo × 35.2 tpm); expectancy not significan"
E_DAAX,A_baseline,ALPHA-E_DAAX-1H-261007-1064,pr_ratio_close_ret06_ret24_48 < 0.104167,False,short,NON-EDGE,2432,0.9158,3122.0,0.8701,-0.00017,0.452915,0/4,profit_factor 0.92 < 1.0 (losing in-sample); in-sample PF 0.92 < 1.5; expectancy not significant (p=0.884069); walk-forward OOS PF 0.87 < 1.0
E_DAAX,A_baseline,ALPHA-E_DAAX-1H-261007-1065,pr_ratio_close_ret06_ret24_48 < 0.145833,False,short,NON-EDGE,3537,0.928,4558.0,0.8927,-0.000138,0.450197,1/4,profit_factor 0.93 < 1.0 (losing in-sample); in-sample PF 0.93 < 1.5; expectancy not significant (p=0.879094); walk-forward OOS PF 0.89 < 1.0
E_DAAX,A_baseline,ALPHA-E_DAAX-1H-261007-1067,pr_ratio_close_ret06_ret24_96 < 0.0947368,False,short,NON-EDGE,2567,0.9136,3290.0,0.8422,-0.000185,0.442553,0/4,profit_factor 0.91 < 1.0 (losing in-sample); in-sample PF 0.91 < 1.5; expectancy not significant (p=0.890196); walk-forward OOS PF 0.84 < 1.0
E_DAAX,A_baseline,ALPHA-E_DAAX-1H-261007-1068,pr_ratio_close_ret06_ret24_96 < 0.145833,False,short,NON-EDGE,3675,0.9244,4736.0,0.8544,-0.000191,0.447424,1/4,profit_factor 0.92 < 1.0 (losing in-sample); in-sample PF 0.92 < 1.5; expectancy not significant (p=0.89408); walk-forward OOS PF 0.85 < 1.0
E_DAAX,A_baseline,ALPHA-E_DAAX-1H-261007-1071,pr_ratio_close_ret06_ret24_168 < 0.14881,False,short,NON-EDGE,3751,0.9593,4858.0,0.8924,-0.00014,0.449979,1/4,profit_factor 0.96 < 1.0 (losing in-sample); in-sample PF 0.96 < 1.5; expectancy not significant (p=0.746042); walk-forward OOS PF 0.89 < 1.0
E_DAAX,A_baseline,ALPHA-E_DAAX-1H-261007-1079,delta_ratio_close_ret06_ret24_3 < -2.50532,False,short,NON-EDGE,2004,0.8938,2631.0,0.8107,-0.000226,0.435196,0/4,profit_factor 0.89 < 1.0 (losing in-sample); in-sample PF 0.89 < 1.5; expectancy not significant (p=0.930089); walk-forward OOS PF 0.81 < 1.0
E_DAAX,A_baseline,ALPHA-E_DAAX-1H-261007-1084,delta_ratio_close_ret06_ret24_6 < -2.87201,False,short,NON-EDGE,2005,0.9427,2635.0,0.9001,-0.000376,0.469829,1/4,profit_factor 0.94 < 1.0 (losing in-sample); in-sample PF 0.94 < 1.5; expectancy not significant (p=0.74727); walk-forward OOS PF 0.90 < 1.0
E_DAAX,A_baseline,ALPHA-E_DAAX-1H-261007-1085,delta_ratio_close_ret06_ret24_6 < -2.26208,False,short,NON-EDGE,2491,0.9364,3295.0,0.8795,-0.000486,0.47132,1/4,profit_factor 0.94 < 1.0 (losing in-sample); in-sample PF 0.94 < 1.5; expectancy not significant (p=0.747226); walk-forward OOS PF 0.88 < 1.0
E_DAAX,A_baseline,ALPHA-E_DAAX-1H-261007-1089,delta_ratio_close_ret06_ret24_12 < -2.94512,False,short,NON-EDGE,2007,0.8927,2636.0,0.8065,-0.000224,0.426024,1/4,profit_factor 0.89 < 1.0 (losing in-sample); in-sample PF 0.89 < 1.5; expectancy not significant (p=0.938049); walk-forward OOS PF 0.81 < 1.0
E_DAAX,A_baseline,ALPHA-E_DAAX-1H-261007-1090,delta_ratio_close_ret06_ret24_12 < -2.34823,False,short,NON-EDGE,2524,0.9105,3297.0,0.8294,-0.0002,0.435244,0/4,profit_factor 0.91 < 1.0 (losing in-sample); in-sample PF 0.91 < 1.5; expectancy not significant (p=0.920677); walk-forward OOS PF 0.83 < 1.0
E_DAAX,A_baseline,ALPHA-E_DAAX-1H-261007-1091,delta_ratio_close_ret06_ret24_12 < -1.50446,False,short,NON-EDGE,3778,0.8785,4951.0,0.8292,-0.000228,0.439709,0/4,profit_factor 0.88 < 1.0 (losing in-sample); in-sample PF 0.88 < 1.5; expectancy not significant (p=0.98518); walk-forward OOS PF 0.83 < 1.0
E_DAAX,A_baseline,ALPHA-E_DAAX-1H-261007-1097,pr_ratio_close_ret06_ret48_48 < 0.145833,False,short,NON-EDGE,3823,1.0431,4950.0,0.9208,-0.000133,0.45798,1/4,in-sample PF 1.04 < 1.5; expectancy not significant (p=0.268947); walk-forward OOS PF 0.92 < 1.0
E_DAAX,A_baseline,ALPHA-E_DAAX-1H-261007-1098,pr_ratio_close_ret06_ret48_96 < 0.145833,False,short,NON-EDGE,3719,0.9993,4794.0,0.9572,-6.8e-05,0.438673,2/4,profit_factor 1.00 < 1.0 (losing in-sample); in-sample PF 1.00 < 1.5; expectancy not significant (p=0.503784); walk-forward OOS PF 0.96 < 1.0
E_DAAX,A_baseline,ALPHA-E_DAAX-1H-261007-1100,delta_ratio_close_ret06_ret48_1 < -1.10767,False,short,NON-EDGE,2017,0.9837,2630.0,0.8787,-0.000302,0.441065,0/4,profit_factor 0.98 < 1.0 (losing in-sample); in-sample PF 0.98 < 1.5; expectancy not significant (p=0.579143); walk-forward OOS PF 0.88 < 1.0
E_DAAX,A_baseline,ALPHA-E_DAAX-1H-261007-1101,delta_ratio_close_ret06_ret48_1 < -0.809483,False,short,NON-EDGE,2524,1.0191,3289.0,0.9414,-8.2e-05,0.445728,1/4,in-sample PF 1.02 < 1.5; expectancy not significant (p=0.390677); walk-forward OOS PF 0.94 < 1.0
E_DAAX,A_baseline,ALPHA-E_DAAX-1H-261007-1102,delta_ratio_close_ret06_ret48_1 < -0.44853,False,short,NON-EDGE,3811,0.9412,4930.0,0.8714,-0.000364,0.444016,0/4,profit_factor 0.94 < 1.0 (losing in-sample); in-sample PF 0.94 < 1.5; expectancy not significant (p=0.793124); walk-forward OOS PF 0.87 < 1.0
E_DAAX,A_baseline,ALPHA-E_DAAX-1H-261007-1105,delta_ratio_close_ret06_ret48_3 < -1.35382,False,short,NON-EDGE,2552,0.9977,3288.0,0.8899,-0.000172,0.434915,1/4,profit_factor 1.00 < 1.0 (losing in-sample); in-sample PF 1.00 < 1.5; expectancy not significant (p=0.51193); walk-forward OOS PF 0.89 < 1.0
E_DAAX,A_baseline,ALPHA-E_DAAX-1H-261007-1106,delta_ratio_close_ret06_ret48_3 < -0.811049,False,short,NON-EDGE,3792,0.9902,4934.0,0.8566,-0.000326,0.438792,0/4,profit_factor 0.99 < 1.0 (losing in-sample); in-sample PF 0.99 < 1.5; expectancy not significant (p=0.559172); walk-forward OOS PF 0.86 < 1.0
E_DAAX,A_baseline,ALPHA-E_DAAX-1H-261007-1146,ratio_close_ret12_ret48 crosses_below -0.554257,False,short,NON-EDGE,1527,0.9872,1973.0,0.9103,-0.000237,0.445514,0/4,"total_trades 1527 < 1830 (52mo × 35.2 tpm, not significant); profit_factor 0.99 < 1.0 (losing in-sample); in-sample PF 0.99 < 1.5; total_trades 1527 < 1830 (52mo × 35.2 tpm); expectancy not significan"
E_DAAX,A_baseline,ALPHA-E_DAAX-1H-261007-1147,delta_ratio_close_ret12_ret48_1 < -0.930518,False,short,NON-EDGE,2538,0.9787,3288.0,0.9361,-0.00018,0.44708,1/4,profit_factor 0.98 < 1.0 (losing in-sample); in-sample PF 0.98 < 1.5; expectancy not significant (p=0.598396); walk-forward OOS PF 0.94 < 1.0
E_DAAX,A_baseline,ALPHA-E_DAAX-1H-261007-1148,delta_ratio_close_ret12_ret48_1 < -0.501302,False,short,NON-EDGE,3824,0.9413,4933.0,0.9099,-0.000233,0.447192,0/4,profit_factor 0.94 < 1.0 (losing in-sample); in-sample PF 0.94 < 1.5; expectancy not significant (p=0.78294); walk-forward OOS PF 0.91 < 1.0
E_DAAX,A_baseline,ALPHA-E_DAAX-1H-261007-1149,delta_ratio_close_ret12_ret48_1 > 1.20829,False,short,NON-EDGE,2019,0.9697,2635.0,0.8198,-0.000334,0.462619,1/4,profit_factor 0.97 < 1.0 (losing in-sample); in-sample PF 0.97 < 1.5; expectancy not significant (p=0.643638); walk-forward OOS PF 0.82 < 1.0
E_DAAX,A_baseline,ALPHA-E_DAAX-1H-261007-1150,delta_ratio_close_ret12_ret48_3 < -0.885584,False,short,NON-EDGE,3809,0.9715,4935.0,0.9053,-0.000243,0.451469,1/4,profit_factor 0.97 < 1.0 (losing in-sample); in-sample PF 0.97 < 1.5; expectancy not significant (p=0.643115); walk-forward OOS PF 0.91 < 1.0
E_DAAX,A_baseline,ALPHA-E_DAAX-1H-261007-1151,delta_ratio_close_ret12_ret48_6 < -1.23157,False,short,NON-EDGE,3804,1.0193,4936.0,0.9442,-0.000125,0.448339,1/4,in-sample PF 1.02 < 1.5; expectancy not significant (p=0.3952); walk-forward OOS PF 0.94 < 1.0
E_DAAX,A_baseline,ALPHA-E_DAAX-1H-261007-1155,delta_ratio_close_ret24_ret48_1 < -0.966904,False,short,NON-EDGE,2560,0.9422,3282.0,0.8453,-0.000563,0.447898,0/4,profit_factor 0.94 < 1.0 (losing in-sample); in-sample PF 0.94 < 1.5; expectancy not significant (p=0.735585); walk-forward OOS PF 0.85 < 1.0
E_DAAX,A_baseline,ALPHA-E_DAAX-1H-261007-1157,delta_ratio_close_ret24_ret48_3 < -0.943618,False,short,NON-EDGE,3809,0.9408,4925.0,0.9157,-0.000242,0.453401,1/4,profit_factor 0.94 < 1.0 (losing in-sample); in-sample PF 0.94 < 1.5; expectancy not significant (p=0.77543); walk-forward OOS PF 0.92 < 1.0
E_DAAX,A_baseline,ALPHA-E_DAAX-1H-261007-1159,delta_ratio_close_ret24_ret48_6 < -1.33376,False,short,NON-EDGE,3817,0.9534,4927.0,0.9102,-0.000261,0.455247,1/4,profit_factor 0.95 < 1.0 (losing in-sample); in-sample PF 0.95 < 1.5; expectancy not significant (p=0.720548); walk-forward OOS PF 0.91 < 1.0
E_DAAX,A_baseline,ALPHA-E_DAAX-1H-261007-1172,delta_diffnorm_close_rsi14_rsi25_1 < -0.607972,False,short,NON-EDGE,2029,0.891,2650.0,0.8614,-0.000172,0.429057,1/4,profit_factor 0.89 < 1.0 (losing in-sample); in-sample PF 0.89 < 1.5; expectancy not significant (p=0.962439); walk-forward OOS PF 0.86 < 1.0
E_DAAX,A_baseline,ALPHA-E_DAAX-1H-261007-1189,delta_diffnorm_close_mdd12_mdd24_1 < -0.161034,False,long,NON-EDGE,2017,1.1624,2642.0,1.1047,0.000293,0.530659,3/4,in-sample PF 1.16 < 1.5
E_DAAX,A_baseline,ALPHA-E_DAAX-1H-261007-1203,delta_diffnorm_close_mdd12_mdd48_1 > 0.0583502,False,short,NON-EDGE,2528,0.9316,3297.0,0.795,-0.001164,0.541705,0/4,profit_factor 0.93 < 1.0 (losing in-sample); in-sample PF 0.93 < 1.5; expectancy not significant (p=0.729233); walk-forward OOS PF 0.80 < 1.0
E_DAAX,A_baseline,ALPHA-E_DAAX-1H-261007-1213,delta_ratio_close_mdd12_mdd240_1 < -0.00038848,False,short,NON-EDGE,0,0.0,,,,,,"total_trades 0 < 10 (first train window sized for 10 trades at min_tpm=35.2 (95% Poisson margin), not significant); profit_factor 0.00 < 1.0 (losing in-sample)"
E_DAAX,A_baseline,ALPHA-E_DAAX-1H-261007-1215,delta_ratio_close_mdd12_mdd240_1 > 0.0134369,False,short,NON-EDGE,0,0.0,,,,,,"total_trades 0 < 10 (first train window sized for 10 trades at min_tpm=35.2 (95% Poisson margin), not significant); profit_factor 0.00 < 1.0 (losing in-sample)"
E_DAAX,A_baseline,ALPHA-E_DAAX-1H-261007-1217,delta_diffnorm_close_mdd12_mdd240_1 < -0.00113728,False,short,NON-EDGE,0,0.0,,,,,,"total_trades 0 < 10 (first train window sized for 10 trades at min_tpm=35.2 (95% Poisson margin), not significant); profit_factor 0.00 < 1.0 (losing in-sample)"
E_DAAX,A_baseline,ALPHA-E_DAAX-1H-261007-1262,zs_spread_close_ema09_48 < -1,False,short,NON-EDGE,4255,0.9107,5502.0,0.8074,-0.000914,0.510905,0/4,profit_factor 0.91 < 1.0 (losing in-sample); in-sample PF 0.91 < 1.5; expectancy not significant (p=0.836599); walk-forward OOS PF 0.81 < 1.0
E_DAAX,A_baseline,ALPHA-E_DAAX-1H-261007-1285,delta_ratio_volume_sma03_6 < -0.916124,False,short,NON-EDGE,2039,0.9581,2647.0,0.8926,-0.000528,0.474499,1/4,profit_factor 0.96 < 1.0 (losing in-sample); in-sample PF 0.96 < 1.5; expectancy not significant (p=0.69363); walk-forward OOS PF 0.89 < 1.0
E_DAAX,A_baseline,ALPHA-E_DAAX-1H-261007-1286,delta_ratio_volume_sma03_6 < -0.853802,False,short,NON-EDGE,2565,0.8938,3315.0,0.8593,-0.000256,0.448265,1/4,profit_factor 0.89 < 1.0 (losing in-sample); in-sample PF 0.89 < 1.5; expectancy not significant (p=0.946063); walk-forward OOS PF 0.86 < 1.0
E_DAAX,A_baseline,ALPHA-E_DAAX-1H-261007-1287,delta_ratio_volume_sma03_6 < -0.712009,False,long,NON-EDGE,3911,0.834,4973.0,0.8124,-0.00019,0.458476,0/4,profit_factor 0.83 < 1.0 (losing in-sample); in-sample PF 0.83 < 1.5; expectancy not significant (p=0.999413); walk-forward OOS PF 0.81 < 1.0
E_DAAX,A_baseline,ALPHA-E_DAAX-1H-261007-1289,ratio_volume_sma09 > 2.70921,False,short,NON-EDGE,2603,0.9001,3326.0,0.8068,-0.000713,0.48647,0/4,profit_factor 0.90 < 1.0 (losing in-sample); in-sample PF 0.90 < 1.5; expectancy not significant (p=0.910694); walk-forward OOS PF 0.81 < 1.0
E_DAAX,A_baseline,ALPHA-E_DAAX-1H-261007-1293,pr_ratio_volume_sma09_96 < 0.166667,False,short,NON-EDGE,3696,0.8683,4772.0,0.6877,-0.002431,0.55637,0/4,profit_factor 0.87 < 1.0 (losing in-sample); in-sample PF 0.87 < 1.5; expectancy not significant (p=0.891143); walk-forward OOS PF 0.69 < 1.0
E_DAAX,A_baseline,ALPHA-E_DAAX-1H-261007-1302,delta_ratio_volume_sma09_3 < -1.79175,False,short,NON-EDGE,2130,0.8836,2660.0,0.7896,-0.000665,0.491353,0/4,profit_factor 0.88 < 1.0 (losing in-sample); in-sample PF 0.88 < 1.5; expectancy not significant (p=0.939736); walk-forward OOS PF 0.79 < 1.0
E_DAAX,A_baseline,ALPHA-E_DAAX-1H-261007-1307,pr_ratio_volume_sma12_48 > 0.895833,False,short,NON-EDGE,2330,0.9394,2990.0,0.9517,-0.0001,0.470569,2/4,profit_factor 0.94 < 1.0 (losing in-sample); in-sample PF 0.94 < 1.5; expectancy not significant (p=0.813994); walk-forward OOS PF 0.95 < 1.0
E_DAAX,A_baseline,ALPHA-E_DAAX-1H-261007-1308,pr_ratio_volume_sma12_48 > 0.916667,False,short,NON-EDGE,1792,0.9191,2285.0,0.9125,-0.000126,0.451204,1/4,"total_trades 1792 < 1830 (52mo × 35.2 tpm, not significant); profit_factor 0.92 < 1.0 (losing in-sample); in-sample PF 0.92 < 1.5; total_trades 1792 < 1830 (52mo × 35.2 tpm); expectancy not significan"
E_DAAX,A_baseline,ALPHA-E_DAAX-1H-261007-1309,pr_ratio_volume_sma12_96 < 0.166667,False,short,NON-EDGE,3759,0.8509,4887.0,0.6511,-0.002795,0.545938,0/4,profit_factor 0.85 < 1.0 (losing in-sample); in-sample PF 0.85 < 1.5; expectancy not significant (p=0.922182); walk-forward OOS PF 0.65 < 1.0
E_DAAX,A_baseline,ALPHA-E_DAAX-1H-261007-1311,pr_ratio_volume_sma12_96 > 0.895833,False,short,NON-EDGE,2528,0.9338,3250.0,0.9099,-0.000235,0.456923,1/4,profit_factor 0.93 < 1.0 (losing in-sample); in-sample PF 0.93 < 1.5; expectancy not significant (p=0.829299); walk-forward OOS PF 0.91 < 1.0
E_DAAX,A_baseline,ALPHA-E_DAAX-1H-261007-1312,pr_ratio_volume_sma12_96 > 0.916667,False,short,NON-EDGE,1970,0.9565,2521.0,0.9303,-9.8e-05,0.451012,1/4,profit_factor 0.96 < 1.0 (losing in-sample); in-sample PF 0.96 < 1.5; expectancy not significant (p=0.738525); walk-forward OOS PF 0.93 < 1.0
E_DAAX,A_baseline,ALPHA-E_DAAX-1H-261007-1313,pr_ratio_volume_sma12_168 < 0.160714,False,short,NON-EDGE,3758,0.8545,4883.0,0.6841,-0.002326,0.539627,0/4,profit_factor 0.85 < 1.0 (losing in-sample); in-sample PF 0.85 < 1.5; expectancy not significant (p=0.928709); walk-forward OOS PF 0.68 < 1.0
E_DAAX,A_baseline,ALPHA-E_DAAX-1H-261007-1316,pr_ratio_volume_sma12_168 > 0.916667,False,short,NON-EDGE,2010,0.9102,2594.0,0.8822,-0.00044,0.459907,0/4,profit_factor 0.91 < 1.0 (losing in-sample); in-sample PF 0.91 < 1.5; expectancy not significant (p=0.876101); walk-forward OOS PF 0.88 < 1.0
E_DAAX,A_baseline,ALPHA-E_DAAX-1H-261007-1317,zs_ratio_volume_sma12_48 > 1.5,False,short,NON-EDGE,1767,0.9698,2275.0,0.9763,-4.9e-05,0.480879,2/4,"total_trades 1767 < 1830 (52mo × 35.2 tpm, not significant); profit_factor 0.97 < 1.0 (losing in-sample); in-sample PF 0.97 < 1.5; total_trades 1767 < 1830 (52mo × 35.2 tpm); expectancy not significan"
E_DAAX,A_baseline,ALPHA-E_DAAX-1H-261007-1318,zs_ratio_volume_sma12_96 > 1.5,False,short,NON-EDGE,1960,0.9001,2507.0,0.8502,-0.000645,0.458716,1/4,profit_factor 0.90 < 1.0 (losing in-sample); in-sample PF 0.90 < 1.5; expectancy not significant (p=0.893109); walk-forward OOS PF 0.85 < 1.0
E_DAAX,A_baseline,ALPHA-E_DAAX-1H-261007-1320,delta_ratio_volume_sma12_1 > 0.461491,False,short,NON-EDGE,3997,0.854,4957.0,0.8366,-0.000854,0.463789,1/4,profit_factor 0.85 < 1.0 (losing in-sample); in-sample PF 0.85 < 1.5; expectancy not significant (p=0.96982); walk-forward OOS PF 0.84 < 1.0
E_DAAX,A_baseline,ALPHA-E_DAAX-1H-261007-1323,delta_ratio_volume_sma12_6 < -2.08087,False,short,NON-EDGE,2216,0.9811,2656.0,0.9498,-5.9e-05,0.460467,1/4,profit_factor 0.98 < 1.0 (losing in-sample); in-sample PF 0.98 < 1.5; expectancy not significant (p=0.594394); walk-forward OOS PF 0.95 < 1.0
E_DAAX,A_baseline,ALPHA-E_DAAX-1H-261007-1324,delta_ratio_volume_sma12_6 < -1.89186,False,short,NON-EDGE,2753,0.9519,3319.0,0.9073,-0.000116,0.449232,1/4,profit_factor 0.95 < 1.0 (losing in-sample); in-sample PF 0.95 < 1.5; expectancy not significant (p=0.748383); walk-forward OOS PF 0.91 < 1.0
E_DAAX,A_baseline,ALPHA-E_DAAX-1H-261007-1328,ratio_volume_sma25 > 2.17397,False,short,NON-EDGE,2646,0.9669,3309.0,0.9152,-0.000216,0.458749,1/4,profit_factor 0.97 < 1.0 (losing in-sample); in-sample PF 0.97 < 1.5; expectancy not significant (p=0.659389); walk-forward OOS PF 0.92 < 1.0
E_DAAX,A_baseline,ALPHA-E_DAAX-1H-261007-1331,pr_ratio_volume_sma25_48 > 0.854167,False,short,NON-EDGE,3500,0.9648,4513.0,0.9491,-0.000123,0.460448,2/4,profit_factor 0.96 < 1.0 (losing in-sample); in-sample PF 0.96 < 1.5; expectancy not significant (p=0.678892); walk-forward OOS PF 0.95 < 1.0
E_DAAX,A_baseline,ALPHA-E_DAAX-1H-261007-1332,pr_ratio_volume_sma25_48 > 0.895833,False,short,NON-EDGE,2462,1.0046,3186.0,0.9936,-1.6e-05,0.466416,3/4,in-sample PF 1.00 < 1.5; expectancy not significant (p=0.478132); walk-forward OOS PF 0.99 < 1.0
E_DAAX,A_baseline,ALPHA-E_DAAX-1H-261007-1334,pr_ratio_volume_sma25_96 < 0.15625,False,short,NON-EDGE,3627,0.831,4708.0,0.6727,-0.002308,0.528675,0/4,profit_factor 0.83 < 1.0 (losing in-sample); in-sample PF 0.83 < 1.5; expectancy not significant (p=0.947898); walk-forward OOS PF 0.67 < 1.0
E_DAAX,A_baseline,ALPHA-E_DAAX-1H-261007-1336,pr_ratio_volume_sma25_96 > 0.895833,False,short,NON-EDGE,2510,0.9766,3261.0,0.9416,-0.000147,0.461822,1/4,profit_factor 0.98 < 1.0 (losing in-sample); in-sample PF 0.98 < 1.5; expectancy not significant (p=0.611895); walk-forward OOS PF 0.94 < 1.0
E_DAAX,A_baseline,ALPHA-E_DAAX-1H-261007-1339,pr_ratio_volume_sma25_168 > 0.89881,False,short,NON-EDGE,2484,0.9716,3214.0,0.9268,-0.000186,0.461419,1/4,profit_factor 0.97 < 1.0 (losing in-sample); in-sample PF 0.97 < 1.5; expectancy not significant (p=0.634961); walk-forward OOS PF 0.93 < 1.0
E_DAAX,A_baseline,ALPHA-E_DAAX-1H-261007-1343,delta_ratio_volume_sma25_1 < -0.454,False,short,NON-EDGE,3851,0.8966,4943.0,0.8527,-0.000254,0.431924,1/4,profit_factor 0.90 < 1.0 (losing in-sample); in-sample PF 0.90 < 1.5; expectancy not significant (p=0.964246); walk-forward OOS PF 0.85 < 1.0
E_DAAX,A_baseline,ALPHA-E_DAAX-1H-261007-1347,delta_ratio_volume_sma25_3 < -1.03268,False,short,NON-EDGE,4032,0.9793,4978.0,0.902,-0.000171,0.446565,1/4,profit_factor 0.98 < 1.0 (losing in-sample); in-sample PF 0.98 < 1.5; expectancy not significant (p=0.618861); walk-forward OOS PF 0.90 < 1.0
E_DAAX,A_baseline,ALPHA-E_DAAX-1H-261007-1350,delta_ratio_volume_sma25_3 > 1.44241,False,short,NON-EDGE,28,0.8984,,,,,,profit_factor 0.90 < 1.0 (losing in-sample)
E_DAAX,A_baseline,ALPHA-E_DAAX-1H-261007-1352,delta_ratio_volume_sma25_6 > 1.17931,False,short,NON-EDGE,3888,0.9053,4971.0,0.9069,-0.000261,0.447998,1/4,profit_factor 0.91 < 1.0 (losing in-sample); in-sample PF 0.91 < 1.5; expectancy not significant (p=0.909333); walk-forward OOS PF 0.91 < 1.0
E_DAAX,A_baseline,ALPHA-E_DAAX-1H-261007-1353,delta_ratio_volume_sma25_6 > 1.41784,False,short,NON-EDGE,2589,0.987,3315.0,0.9832,-4e-05,0.465158,2/4,profit_factor 0.99 < 1.0 (losing in-sample); in-sample PF 0.99 < 1.5; expectancy not significant (p=0.570946); walk-forward OOS PF 0.98 < 1.0
E_DAAX,A_baseline,ALPHA-E_DAAX-1H-261007-1372,delta_ratio_volume_sma96_3 < -1.08368,False,short,NON-EDGE,4018,0.9556,4970.0,0.8848,-0.000205,0.445272,0/4,profit_factor 0.96 < 1.0 (losing in-sample); in-sample PF 0.96 < 1.5; expectancy not significant (p=0.744778); walk-forward OOS PF 0.88 < 1.0
E_DAAX,A_baseline,ALPHA-E_DAAX-1H-261007-1378,delta_ratio_volume_sma96_12 < -1.65555,False,long,NON-EDGE,3857,1.1229,4964.0,1.0564,0.000176,0.539283,3/4,in-sample PF 1.12 < 1.5; expectancy not significant (p=0.099257)
E_DAAX,A_baseline,ALPHA-E_DAAX-1H-261007-1440,pr_ratio_body_close_pos_96 > 0.926316,False,long,NON-EDGE,1941,0.9523,2507.0,0.9359,-8.4e-05,0.500199,1/4,profit_factor 0.95 < 1.0 (losing in-sample); in-sample PF 0.95 < 1.5; expectancy not significant (p=0.743817); walk-forward OOS PF 0.94 < 1.0
E_DAAX,A_baseline,ALPHA-E_DAAX-1H-261007-1446,pr_ratio_body_close_pos_168 > 0.922156,False,long,NON-EDGE,0,0.0,,,,,,"total_trades 0 < 10 (first train window sized for 10 trades at min_tpm=35.2 (95% Poisson margin), not significant); profit_factor 0.00 < 1.0 (losing in-sample)"
E_DAAX,A_baseline,ALPHA-E_DAAX-1H-261007-1458,delta_ratio_body_close_pos_3 > 5.12123,False,short,NON-EDGE,38,0.9833,,,,,,profit_factor 0.98 < 1.0 (losing in-sample)
E_DAAX,A_baseline,ALPHA-E_DAAX-1H-261007-1459,delta_ratio_body_close_pos_3 > 6.54306,False,short,NON-EDGE,1971,0.9335,2580.0,0.8442,-0.000189,0.450388,1/4,profit_factor 0.93 < 1.0 (losing in-sample); in-sample PF 0.93 < 1.5; expectancy not significant (p=0.835388); walk-forward OOS PF 0.84 < 1.0
E_DAAX,A_baseline,ALPHA-E_DAAX-1H-261007-1486,pr_diffnorm_body_close_pos_48 > 0.9375,False,long,NON-EDGE,1643,0.9502,2123.0,0.9439,-6.9e-05,0.499764,1/4,"total_trades 1643 < 1830 (52mo × 35.2 tpm, not significant); profit_factor 0.95 < 1.0 (losing in-sample); in-sample PF 0.95 < 1.5; total_trades 1643 < 1830 (52mo × 35.2 tpm); expectancy not significan"
E_DAAX,A_baseline,ALPHA-E_DAAX-1H-261007-1501,zs_diffnorm_body_close_pos_96 < -1,False,long,NON-EDGE,5647,1.4872,7278.0,1.5909,0.004389,0.680956,3/4,in-sample PF 1.49 < 1.5; expectancy not significant (p=0.087846)
E_DAAX,A_baseline,ALPHA-E_DAAX-1H-261007-1503,zs_diffnorm_body_close_pos_168 < -1,False,long,NON-EDGE,60,0.9395,,,,,,profit_factor 0.94 < 1.0 (losing in-sample)
E_DAAX,A_baseline,ALPHA-E_DAAX-1H-261007-1607,ratio_body_lower_wick < -7.31591,False,short,NON-EDGE,27,0.7304,,,,,,profit_factor 0.73 < 1.0 (losing in-sample)
E_DAAX,A_baseline,ALPHA-E_DAAX-1H-261007-1627,pr_ratio_body_lower_wick_96 > 0.925532,False,long,NON-EDGE,1934,0.9757,2485.0,0.9371,-7.9e-05,0.498189,1/4,profit_factor 0.98 < 1.0 (losing in-sample); in-sample PF 0.98 < 1.5; expectancy not significant (p=0.629711); walk-forward OOS PF 0.94 < 1.0
E_DAAX,A_baseline,ALPHA-E_DAAX-1H-261007-1633,pr_ratio_body_lower_wick_168 > 0.922156,False,long,NON-EDGE,1978,0.968,2552.0,0.9638,-5.7e-05,0.512931,2/4,profit_factor 0.97 < 1.0 (losing in-sample); in-sample PF 0.97 < 1.5; expectancy not significant (p=0.667529); walk-forward OOS PF 0.96 < 1.0
E_DAAX,A_baseline,ALPHA-E_DAAX-1H-261007-1643,delta_ratio_body_lower_wick_3 > 8.46394,False,short,NON-EDGE,3546,0.9128,4643.0,0.8714,-0.000309,0.440233,1/4,profit_factor 0.91 < 1.0 (losing in-sample); in-sample PF 0.91 < 1.5; expectancy not significant (p=0.936272); walk-forward OOS PF 0.87 < 1.0
E_DAAX,A_baseline,ALPHA-E_DAAX-1H-261007-1656,delta_ratio_body_lower_wick_12 > 13.696,False,long,NON-EDGE,2387,1.3131,3089.0,1.2458,0.001085,0.604403,3/4,in-sample PF 1.31 < 1.5
E_DAAX,A_baseline,ALPHA-E_DAAX-1H-261007-1657,delta_ratio_body_lower_wick_12 > 17.2547,False,long,NON-EDGE,1908,1.3321,2476.0,1.2673,0.000965,0.564216,4/4,in-sample PF 1.33 < 1.5
E_DAAX,A_baseline,ALPHA-E_DAAX-1H-261007-1691,zs_diffnorm_body_lower_wick_168 < -1,False,long,NON-EDGE,54,0.8747,,,,,,profit_factor 0.87 < 1.0 (losing in-sample)
E_DAAX,A_baseline,ALPHA-E_DAAX-1H-261007-1713,delta_diffnorm_body_lower_wick_12 < -1.95298,False,long,NON-EDGE,40,0.6855,,,,,,profit_factor 0.69 < 1.0 (losing in-sample)
E_DAAX,A_baseline,ALPHA-E_DAAX-1H-261007-1728,pr_ratio_body_range_pct_96 > 0.90625,False,short,NON-EDGE,2459,0.7938,3199.0,0.7644,-0.000238,0.433573,0/4,profit_factor 0.79 < 1.0 (losing in-sample); in-sample PF 0.79 < 1.5; expectancy not significant (p=0.999644); walk-forward OOS PF 0.76 < 1.0
E_DAAX,A_baseline,ALPHA-E_DAAX-1H-261007-1735,pr_ratio_body_range_pct_168 > 0.928144,False,short,NON-EDGE,2003,0.8131,2618.0,0.7646,-0.000222,0.446524,0/4,profit_factor 0.81 < 1.0 (losing in-sample); in-sample PF 0.81 < 1.5; expectancy not significant (p=0.997513); walk-forward OOS PF 0.76 < 1.0
E_DAAX,A_baseline,ALPHA-E_DAAX-1H-261007-1749,pr_diffnorm_body_range_pct_48 > 0.854167,False,short,NON-EDGE,3705,0.8595,4805.0,0.8221,-0.000236,0.444953,0/4,profit_factor 0.86 < 1.0 (losing in-sample); in-sample PF 0.86 < 1.5; expectancy not significant (p=0.997573); walk-forward OOS PF 0.82 < 1.0
E_DAAX,A_baseline,ALPHA-E_DAAX-1H-261007-1789,delta_diffnorm_body_range_pct_6 > 1.90951,False,short,NON-EDGE,2515,0.9069,3286.0,0.8469,-0.000303,0.45283,1/4,profit_factor 0.91 < 1.0 (losing in-sample); in-sample PF 0.91 < 1.5; expectancy not significant (p=0.939498); walk-forward OOS PF 0.85 < 1.0
E_DAAX,A_baseline,ALPHA-E_DAAX-1H-261007-1798,ratio_body_upper_wick crosses_below -9.95281,False,long,NON-EDGE,1804,1.1594,2273.0,1.1596,0.00042,0.549054,4/4,"total_trades 1804 < 1830 (52mo × 35.2 tpm, not significant); in-sample PF 1.16 < 1.5; total_trades 1804 < 1830 (52mo × 35.2 tpm)"
E_DAAX,A_baseline,ALPHA-E_DAAX-1H-261007-1800,ratio_body_upper_wick crosses_below -7.47233,False,long,NON-EDGE,2188,1.1006,2777.0,1.0907,0.000292,0.530789,3/4,in-sample PF 1.10 < 1.5; expectancy not significant (p=0.143908)
E_DAAX,A_baseline,ALPHA-E_DAAX-1H-261007-1819,pr_ratio_body_upper_wick_168 < 0.10303,False,long,NON-EDGE,41,0.7556,,,,,,profit_factor 0.76 < 1.0 (losing in-sample)
E_DAAX,A_baseline,ALPHA-E_DAAX-1H-261007-1835,delta_ratio_body_upper_wick_3 > 20.2631,False,long,NON-EDGE,1947,1.1264,2461.0,1.0497,0.000113,0.515644,3/4,in-sample PF 1.13 < 1.5; expectancy not significant (p=0.082855)
E_DAAX,A_baseline,ALPHA-E_DAAX-1H-261007-1843,delta_ratio_body_upper_wick_12 < -15.4956,False,long,NON-EDGE,2433,1.0877,3079.0,1.0755,0.000246,0.530692,3/4,in-sample PF 1.09 < 1.5; expectancy not significant (p=0.169525)
E_DAAX,A_baseline,ALPHA-E_DAAX-1H-261007-1844,delta_ratio_body_upper_wick_12 < -9.27916,False,long,NON-EDGE,3611,1.1412,4622.0,1.1218,0.000381,0.53981,4/4,in-sample PF 1.14 < 1.5; expectancy not significant (p=0.062935)
E_DAAX,A_baseline,ALPHA-E_DAAX-1H-261007-1848,diffnorm_body_upper_wick < -1.65679,False,short,NON-EDGE,2036,0.9189,2643.0,0.8691,-0.000391,0.452138,0/4,profit_factor 0.92 < 1.0 (losing in-sample); in-sample PF 0.92 < 1.5; expectancy not significant (p=0.867101); walk-forward OOS PF 0.87 < 1.0
E_DAAX,A_baseline,ALPHA-E_DAAX-1H-261007-1849,diffnorm_body_upper_wick crosses_below -1.65679,False,short,NON-EDGE,1866,0.8979,2431.0,0.8848,-0.000367,0.457836,0/4,profit_factor 0.90 < 1.0 (losing in-sample); in-sample PF 0.90 < 1.5; expectancy not significant (p=0.913353); walk-forward OOS PF 0.88 < 1.0
E_DAAX,A_baseline,ALPHA-E_DAAX-1H-261007-1857,pr_diffnorm_body_upper_wick_48 < 0.0851064,False,short,NON-EDGE,2028,0.9096,2631.0,0.8825,-0.00052,0.470544,1/4,profit_factor 0.91 < 1.0 (losing in-sample); in-sample PF 0.91 < 1.5; expectancy not significant (p=0.887948); walk-forward OOS PF 0.88 < 1.0
E_DAAX,A_baseline,ALPHA-E_DAAX-1H-261007-1858,pr_diffnorm_body_upper_wick_48 < 0.104167,False,long,NON-EDGE,37,0.9827,,,,,,profit_factor 0.98 < 1.0 (losing in-sample)
E_DAAX,A_baseline,ALPHA-E_DAAX-1H-261007-1863,pr_diffnorm_body_upper_wick_96 < 0.0833333,False,short,NON-EDGE,1859,0.8467,2422.0,0.8047,-0.00026,0.418662,0/4,profit_factor 0.85 < 1.0 (losing in-sample); in-sample PF 0.85 < 1.5; expectancy not significant (p=0.989337); walk-forward OOS PF 0.80 < 1.0
E_DAAX,A_baseline,ALPHA-E_DAAX-1H-261007-1875,zs_diffnorm_body_upper_wick_48 < -1,False,long,NON-EDGE,4612,0.9153,5983.0,0.9024,-0.000114,0.495069,0/4,profit_factor 0.92 < 1.0 (losing in-sample); in-sample PF 0.92 < 1.5; expectancy not significant (p=0.964497); walk-forward OOS PF 0.90 < 1.0
E_DAAX,A_baseline,ALPHA-E_DAAX-1H-261007-1893,delta_diffnorm_body_upper_wick_3 > 1.6023,False,short,NON-EDGE,3777,0.9078,4929.0,0.8684,-0.000241,0.46196,0/4,profit_factor 0.91 < 1.0 (losing in-sample); in-sample PF 0.91 < 1.5; expectancy not significant (p=0.964022); walk-forward OOS PF 0.87 < 1.0
E_DAAX,A_baseline,ALPHA-E_DAAX-1H-261007-1894,delta_diffnorm_body_upper_wick_3 > 1.98456,False,short,NON-EDGE,2487,0.9949,3293.0,0.9115,-0.000138,0.46037,0/4,profit_factor 0.99 < 1.0 (losing in-sample); in-sample PF 0.99 < 1.5; expectancy not significant (p=0.531696); walk-forward OOS PF 0.91 < 1.0
E_DAAX,A_baseline,ALPHA-E_DAAX-1H-261007-1895,delta_diffnorm_body_upper_wick_3 > 2.14634,False,short,NON-EDGE,1983,0.9653,2638.0,0.8961,-0.000118,0.456406,0/4,profit_factor 0.97 < 1.0 (losing in-sample); in-sample PF 0.97 < 1.5; expectancy not significant (p=0.690165); walk-forward OOS PF 0.90 < 1.0
E_DAAX,A_baseline,ALPHA-E_DAAX-1H-261007-1899,delta_diffnorm_body_upper_wick_6 > 1.5849,False,short,NON-EDGE,3789,0.8645,4927.0,0.8367,-0.000387,0.456058,0/4,profit_factor 0.86 < 1.0 (losing in-sample); in-sample PF 0.86 < 1.5; expectancy not significant (p=0.990492); walk-forward OOS PF 0.84 < 1.0
E_DAAX,A_baseline,ALPHA-E_DAAX-1H-261007-1905,delta_diffnorm_body_upper_wick_12 > 1.57413,False,short,NON-EDGE,3801,0.8867,4936.0,0.8607,-0.000285,0.456645,1/4,profit_factor 0.89 < 1.0 (losing in-sample); in-sample PF 0.89 < 1.5; expectancy not significant (p=0.980657); walk-forward OOS PF 0.86 < 1.0
E_DAAX,A_baseline,ALPHA-E_DAAX-1H-261007-1907,delta_diffnorm_body_upper_wick_12 > 2.11754,False,short,NON-EDGE,33,0.703,,,,,,profit_factor 0.70 < 1.0 (losing in-sample)
E_DAAX,A_baseline,ALPHA-E_DAAX-1H-261007-1908,pr_ratio_close_pos_gap_48 < 0.0909091,False,long,NON-EDGE,1659,1.3418,2281.0,1.2227,0.000757,0.553266,3/4,"total_trades 1659 < 1830 (52mo × 35.2 tpm, not significant); in-sample PF 1.34 < 1.5; total_trades 1659 < 1830 (52mo × 35.2 tpm)"
E_DAAX,A_baseline,ALPHA-E_DAAX-1H-261007-1909,pr_ratio_close_pos_gap_48 < 0.108696,False,long,NON-EDGE,2047,1.328,2833.0,1.2273,0.000853,0.565478,4/4,in-sample PF 1.33 < 1.5
E_DAAX,A_baseline,ALPHA-E_DAAX-1H-261007-1910,pr_ratio_close_pos_gap_48 < 0.162162,False,long,NON-EDGE,46,0.9592,,,,,,profit_factor 0.96 < 1.0 (losing in-sample)
E_DAAX,A_baseline,ALPHA-E_DAAX-1H-261007-1914,pr_ratio_close_pos_gap_96 < 0.0851064,False,long,NON-EDGE,27,0.7356,,,,,,profit_factor 0.74 < 1.0 (losing in-sample)
E_DAAX,A_baseline,ALPHA-E_DAAX-1H-261007-1915,pr_ratio_close_pos_gap_96 < 0.105263,False,long,NON-EDGE,30,0.7269,,,,,,profit_factor 0.73 < 1.0 (losing in-sample)
E_DAAX,A_baseline,ALPHA-E_DAAX-1H-261007-1916,pr_ratio_close_pos_gap_96 < 0.15625,False,long,NON-EDGE,50,0.5209,,,,,,profit_factor 0.52 < 1.0 (losing in-sample)
E_DAAX,A_baseline,ALPHA-E_DAAX-1H-261007-1920,pr_ratio_close_pos_gap_168 < 0.0838323,False,long,NON-EDGE,25,0.6526,,,,,,profit_factor 0.65 < 1.0 (losing in-sample)
E_DAAX,A_baseline,ALPHA-E_DAAX-1H-261007-1921,pr_ratio_close_pos_gap_168 < 0.10241,False,long,NON-EDGE,26,0.6401,,,,,,profit_factor 0.64 < 1.0 (losing in-sample)
E_DAAX,A_baseline,ALPHA-E_DAAX-1H-261007-1922,pr_ratio_close_pos_gap_168 < 0.152,False,long,NON-EDGE,44,0.8415,,,,,,profit_factor 0.84 < 1.0 (losing in-sample)
E_DAAX,A_baseline,ALPHA-E_DAAX-1H-261007-1926,zs_ratio_close_pos_gap_48 < -1.5,False,long,NON-EDGE,21,0.5621,,,,,,profit_factor 0.56 < 1.0 (losing in-sample)
E_DAAX,A_baseline,ALPHA-E_DAAX-1H-261007-1927,diffnorm_close_pos_gap < 0.250592,False,short,NON-EDGE,2035,0.9049,2644.0,0.8634,-0.00041,0.450832,0/4,profit_factor 0.90 < 1.0 (losing in-sample); in-sample PF 0.90 < 1.5; expectancy not significant (p=0.904954); walk-forward OOS PF 0.86 < 1.0
E_DAAX,A_baseline,ALPHA-E_DAAX-1H-261007-1928,diffnorm_close_pos_gap crosses_below 0.250592,False,short,NON-EDGE,1867,0.8895,2434.0,0.8803,-0.000383,0.456861,0/4,profit_factor 0.89 < 1.0 (losing in-sample); in-sample PF 0.89 < 1.5; expectancy not significant (p=0.929917); walk-forward OOS PF 0.88 < 1.0
E_DAAX,A_baseline,ALPHA-E_DAAX-1H-261007-1936,pr_diffnorm_close_pos_gap_48 < 0.0851064,False,short,NON-EDGE,2027,0.9198,2626.0,0.8621,-0.000528,0.448591,1/4,profit_factor 0.92 < 1.0 (losing in-sample); in-sample PF 0.92 < 1.5; expectancy not significant (p=0.858398); walk-forward OOS PF 0.86 < 1.0
E_DAAX,A_baseline,ALPHA-E_DAAX-1H-261007-1937,pr_diffnorm_close_pos_gap_48 < 0.104167,False,short,NON-EDGE,2104,0.9091,2731.0,0.8489,-0.000585,0.447455,0/4,profit_factor 0.91 < 1.0 (losing in-sample); in-sample PF 0.91 < 1.5; expectancy not significant (p=0.892216); walk-forward OOS PF 0.85 < 1.0
E_DAAX,A_baseline,ALPHA-E_DAAX-1H-261007-1954,zs_diffnorm_close_pos_gap_48 < -1.5,False,long,NON-EDGE,1536,0.8608,1952.0,0.8303,-0.000201,0.496414,0/4,"total_trades 1536 < 1830 (52mo × 35.2 tpm, not significant); profit_factor 0.86 < 1.0 (losing in-sample); in-sample PF 0.86 < 1.5; total_trades 1536 < 1830 (52mo × 35.2 tpm); expectancy not significan"
E_DAAX,A_baseline,ALPHA-E_DAAX-1H-261007-1957,zs_diffnorm_close_pos_gap_96 < -1.5,False,long,NON-EDGE,27,0.9779,,,,,,profit_factor 0.98 < 1.0 (losing in-sample)
E_DAAX,A_baseline,ALPHA-E_DAAX-1H-261007-1960,zs_diffnorm_close_pos_gap_168 < -1.5,False,short,NON-EDGE,1733,0.8522,2197.0,0.8354,-0.000207,0.426036,0/4,"total_trades 1733 < 1830 (52mo × 35.2 tpm, not significant); profit_factor 0.85 < 1.0 (losing in-sample); in-sample PF 0.85 < 1.5; total_trades 1733 < 1830 (52mo × 35.2 tpm); expectancy not significan"
E_DAAX,A_baseline,ALPHA-E_DAAX-1H-261007-1972,delta_diffnorm_close_pos_gap_3 > 1.59683,False,short,NON-EDGE,58,0.8581,,,,,,profit_factor 0.86 < 1.0 (losing in-sample)
E_DAAX,A_baseline,ALPHA-E_DAAX-1H-261007-1973,delta_diffnorm_close_pos_gap_3 > 1.95575,False,short,NON-EDGE,35,0.612,,,,,,profit_factor 0.61 < 1.0 (losing in-sample)
E_DAAX,A_baseline,ALPHA-E_DAAX-1H-261007-1974,delta_diffnorm_close_pos_gap_3 > 2.12356,False,short,NON-EDGE,29,0.7927,,,,,,profit_factor 0.79 < 1.0 (losing in-sample)
E_DAAX,A_baseline,ALPHA-E_DAAX-1H-261007-1984,delta_diffnorm_close_pos_gap_12 > 1.58155,False,short,NON-EDGE,3828,0.8937,4935.0,0.9046,-0.00027,0.463425,2/4,profit_factor 0.89 < 1.0 (losing in-sample); in-sample PF 0.89 < 1.5; expectancy not significant (p=0.949291); walk-forward OOS PF 0.90 < 1.0
E_DAAX,A_baseline,ALPHA-E_DAAX-1H-261007-1985,delta_diffnorm_close_pos_gap_12 > 1.94156,False,short,NON-EDGE,2537,0.9076,3294.0,0.8876,-0.000254,0.453552,1/4,profit_factor 0.91 < 1.0 (losing in-sample); in-sample PF 0.91 < 1.5; expectancy not significant (p=0.926931); walk-forward OOS PF 0.89 < 1.0
E_DAAX,A_baseline,ALPHA-E_DAAX-1H-261007-1986,delta_diffnorm_close_pos_gap_12 > 2.1003,False,short,NON-EDGE,2015,0.9171,2638.0,0.7976,-0.000475,0.474981,0/4,profit_factor 0.92 < 1.0 (losing in-sample); in-sample PF 0.92 < 1.5; expectancy not significant (p=0.880881); walk-forward OOS PF 0.80 < 1.0
E_DAAX,A_baseline,ALPHA-E_DAAX-1H-261007-1995,pr_ratio_close_pos_lower_wick_96 > 0.925532,False,long,NON-EDGE,1934,0.9757,2485.0,0.9371,-7.9e-05,0.498189,1/4,profit_factor 0.98 < 1.0 (losing in-sample); in-sample PF 0.98 < 1.5; expectancy not significant (p=0.629711); walk-forward OOS PF 0.94 < 1.0
E_DAAX,A_baseline,ALPHA-E_DAAX-1H-261007-1998,pr_ratio_close_pos_lower_wick_168 > 0.922156,False,long,NON-EDGE,1978,0.968,2552.0,0.9638,-5.7e-05,0.512931,2/4,profit_factor 0.97 < 1.0 (losing in-sample); in-sample PF 0.97 < 1.5; expectancy not significant (p=0.667529); walk-forward OOS PF 0.96 < 1.0
E_DAAX,A_baseline,ALPHA-E_DAAX-1H-261007-2012,delta_ratio_close_pos_lower_wick_6 < -8.43629,False,long,NON-EDGE,30,0.7724,,,,,,profit_factor 0.77 < 1.0 (losing in-sample)
E_DAAX,A_baseline,ALPHA-E_DAAX-1H-261007-2052,delta_diffnorm_close_pos_lower_wick_3 > 2.02591,False,short,NON-EDGE,2522,0.9231,3293.0,0.8624,-0.000354,0.456423,0/4,profit_factor 0.92 < 1.0 (losing in-sample); in-sample PF 0.92 < 1.5; expectancy not significant (p=0.882617); walk-forward OOS PF 0.86 < 1.0
E_DAAX,A_baseline,ALPHA-E_DAAX-1H-261007-2053,delta_diffnorm_close_pos_lower_wick_3 > 2.21444,False,short,NON-EDGE,2022,0.946,2636.0,0.8877,-0.000281,0.44651,1/4,profit_factor 0.95 < 1.0 (losing in-sample); in-sample PF 0.95 < 1.5; expectancy not significant (p=0.762104); walk-forward OOS PF 0.89 < 1.0
E_DAAX,A_baseline,ALPHA-E_DAAX-1H-261007-2059,delta_diffnorm_close_pos_lower_wick_6 > 2.18801,False,short,NON-EDGE,2014,0.9312,2629.0,0.8052,-0.000572,0.480411,0/4,profit_factor 0.93 < 1.0 (losing in-sample); in-sample PF 0.93 < 1.5; expectancy not significant (p=0.825992); walk-forward OOS PF 0.81 < 1.0
E_DAAX,A_baseline,ALPHA-E_DAAX-1H-261007-2085,zs_ratio_close_pos_range_pct_96 > 1.5,False,short,NON-EDGE,1991,0.8182,2554.0,0.8343,-0.000132,0.434221,0/4,profit_factor 0.82 < 1.0 (losing in-sample); in-sample PF 0.82 < 1.5; expectancy not significant (p=0.996891); walk-forward OOS PF 0.83 < 1.0
E_DAAX,A_baseline,ALPHA-E_DAAX-1H-261007-2087,diffnorm_close_pos_range_pct crosses_below 0.24036,False,short,NON-EDGE,1872,0.8808,2434.0,0.8726,-0.000411,0.456861,0/4,profit_factor 0.88 < 1.0 (losing in-sample); in-sample PF 0.88 < 1.5; expectancy not significant (p=0.945182); walk-forward OOS PF 0.87 < 1.0
E_DAAX,A_baseline,ALPHA-E_DAAX-1H-261007-2095,pr_diffnorm_close_pos_range_pct_48 < 0.0851064,False,short,NON-EDGE,2027,0.9156,2627.0,0.8619,-0.000528,0.44804,1/4,profit_factor 0.92 < 1.0 (losing in-sample); in-sample PF 0.92 < 1.5; expectancy not significant (p=0.87156); walk-forward OOS PF 0.86 < 1.0
E_DAAX,A_baseline,ALPHA-E_DAAX-1H-261007-2096,pr_diffnorm_close_pos_range_pct_48 < 0.104167,False,short,NON-EDGE,2107,0.8346,2737.0,0.8142,-0.000252,0.42236,0/4,profit_factor 0.83 < 1.0 (losing in-sample); in-sample PF 0.83 < 1.5; expectancy not significant (p=0.99571); walk-forward OOS PF 0.81 < 1.0
E_DAAX,A_baseline,ALPHA-E_DAAX-1H-261007-2104,pr_diffnorm_close_pos_range_pct_96 > 0.854167,False,short,NON-EDGE,58,0.8217,,,,,,profit_factor 0.82 < 1.0 (losing in-sample)
E_DAAX,A_baseline,ALPHA-E_DAAX-1H-261007-2113,zs_diffnorm_close_pos_range_pct_48 < -1.5,False,long,NON-EDGE,1539,0.8631,1958.0,0.839,-0.000192,0.498468,0/4,"total_trades 1539 < 1830 (52mo × 35.2 tpm, not significant); profit_factor 0.86 < 1.0 (losing in-sample); in-sample PF 0.86 < 1.5; total_trades 1539 < 1830 (52mo × 35.2 tpm); expectancy not significan"
E_DAAX,A_baseline,ALPHA-E_DAAX-1H-261007-2119,zs_diffnorm_close_pos_range_pct_168 < -1.5,False,short,NON-EDGE,1742,0.8525,2215.0,0.8344,-0.00021,0.425282,0/4,"total_trades 1742 < 1830 (52mo × 35.2 tpm, not significant); profit_factor 0.85 < 1.0 (losing in-sample); in-sample PF 0.85 < 1.5; total_trades 1742 < 1830 (52mo × 35.2 tpm); expectancy not significan"
E_DAAX,A_baseline,ALPHA-E_DAAX-1H-261007-2131,delta_diffnorm_close_pos_range_pct_3 > 1.59747,False,short,NON-EDGE,59,0.8434,,,,,,profit_factor 0.84 < 1.0 (losing in-sample)
E_DAAX,A_baseline,ALPHA-E_DAAX-1H-261007-2132,delta_diffnorm_close_pos_range_pct_3 > 1.95591,False,short,NON-EDGE,35,0.612,,,,,,profit_factor 0.61 < 1.0 (losing in-sample)
E_DAAX,A_baseline,ALPHA-E_DAAX-1H-261007-2133,delta_diffnorm_close_pos_range_pct_3 > 2.12259,False,short,NON-EDGE,29,0.6213,,,,,,profit_factor 0.62 < 1.0 (losing in-sample)
E_DAAX,A_baseline,ALPHA-E_DAAX-1H-261007-2143,delta_diffnorm_close_pos_range_pct_12 > 1.58079,False,short,NON-EDGE,3830,0.8716,4937.0,0.8981,-0.000178,0.463034,1/4,profit_factor 0.87 < 1.0 (losing in-sample); in-sample PF 0.87 < 1.5; expectancy not significant (p=0.990902); walk-forward OOS PF 0.90 < 1.0
E_DAAX,A_baseline,ALPHA-E_DAAX-1H-261007-2144,delta_diffnorm_close_pos_range_pct_12 > 1.94209,False,short,NON-EDGE,2536,0.9091,3293.0,0.8881,-0.000253,0.453082,1/4,profit_factor 0.91 < 1.0 (losing in-sample); in-sample PF 0.91 < 1.5; expectancy not significant (p=0.923679); walk-forward OOS PF 0.89 < 1.0
E_DAAX,A_baseline,ALPHA-E_DAAX-1H-261007-2145,delta_diffnorm_close_pos_range_pct_12 > 2.10009,False,short,NON-EDGE,2016,0.9242,2638.0,0.8056,-0.000455,0.476876,0/4,profit_factor 0.92 < 1.0 (losing in-sample); in-sample PF 0.92 < 1.5; expectancy not significant (p=0.858612); walk-forward OOS PF 0.81 < 1.0
E_DAAX,A_baseline,ALPHA-E_DAAX-1H-261007-2155,pr_ratio_close_pos_upper_wick_48 < 0.0869565,False,short,NON-EDGE,1854,0.9257,2398.0,0.8802,-0.000562,0.474145,1/4,profit_factor 0.93 < 1.0 (losing in-sample); in-sample PF 0.93 < 1.5; expectancy not significant (p=0.832454); walk-forward OOS PF 0.88 < 1.0
E_DAAX,A_baseline,ALPHA-E_DAAX-1H-261007-2156,pr_ratio_close_pos_upper_wick_48 < 0.108696,False,short,NON-EDGE,2370,0.9819,3074.0,0.779,-0.000481,0.444047,0/4,profit_factor 0.98 < 1.0 (losing in-sample); in-sample PF 0.98 < 1.5; expectancy not significant (p=0.60833); walk-forward OOS PF 0.78 < 1.0
E_DAAX,A_baseline,ALPHA-E_DAAX-1H-261007-2157,pr_ratio_close_pos_upper_wick_48 < 0.159091,False,short,NON-EDGE,3684,0.925,4770.0,0.9022,-0.000353,0.467296,0/4,profit_factor 0.93 < 1.0 (losing in-sample); in-sample PF 0.93 < 1.5; expectancy not significant (p=0.87158); walk-forward OOS PF 0.90 < 1.0
E_DAAX,A_baseline,ALPHA-E_DAAX-1H-261007-2162,pr_ratio_close_pos_upper_wick_96 < 0.106383,False,short,NON-EDGE,2415,0.8955,3124.0,0.855,-0.000682,0.46767,1/4,profit_factor 0.90 < 1.0 (losing in-sample); in-sample PF 0.90 < 1.5; expectancy not significant (p=0.930237); walk-forward OOS PF 0.85 < 1.0
E_DAAX,A_baseline,ALPHA-E_DAAX-1H-261007-2182,delta_ratio_close_pos_upper_wick_3 < -6.95339,False,long,NON-EDGE,3598,1.1815,4618.0,1.0409,0.00016,0.577306,3/4,in-sample PF 1.18 < 1.5; expectancy not significant (p=0.07788)
E_DAAX,A_baseline,ALPHA-E_DAAX-1H-261007-2193,delta_ratio_close_pos_upper_wick_12 < -12.1065,False,long,NON-EDGE,35,0.9565,,,,,,profit_factor 0.96 < 1.0 (losing in-sample)
E_DAAX,A_baseline,ALPHA-E_DAAX-1H-261007-2208,pr_diffnorm_close_pos_upper_wick_48 < 0.104167,False,long,NON-EDGE,37,0.9885,,,,,,profit_factor 0.99 < 1.0 (losing in-sample)
E_DAAX,A_baseline,ALPHA-E_DAAX-1H-261007-2216,pr_diffnorm_close_pos_upper_wick_96 > 0.854167,False,short,NON-EDGE,3725,0.8702,4825.0,0.7457,-0.000799,0.472332,0/4,profit_factor 0.87 < 1.0 (losing in-sample); in-sample PF 0.87 < 1.5; expectancy not significant (p=0.978968); walk-forward OOS PF 0.75 < 1.0
E_DAAX,A_baseline,ALPHA-E_DAAX-1H-261007-2242,delta_diffnorm_close_pos_upper_wick_1 > 2.04127,False,short,NON-EDGE,2007,0.8988,2628.0,0.8469,-0.000336,0.45586,1/4,profit_factor 0.90 < 1.0 (losing in-sample); in-sample PF 0.90 < 1.5; expectancy not significant (p=0.921308); walk-forward OOS PF 0.85 < 1.0
E_DAAX,A_baseline,ALPHA-E_DAAX-1H-261007-2244,delta_diffnorm_close_pos_upper_wick_3 < -1.86593,False,long,NON-EDGE,2502,1.0425,3285.0,0.9971,-4e-06,0.509893,1/4,in-sample PF 1.04 < 1.5; expectancy not significant (p=0.259634); walk-forward OOS PF 1.00 < 1.0
E_DAAX,A_baseline,ALPHA-E_DAAX-1H-261007-2246,delta_diffnorm_close_pos_upper_wick_3 > 1.53359,False,short,NON-EDGE,3770,0.9013,4937.0,0.8252,-0.000241,0.443792,1/4,profit_factor 0.90 < 1.0 (losing in-sample); in-sample PF 0.90 < 1.5; expectancy not significant (p=0.972048); walk-forward OOS PF 0.83 < 1.0
E_DAAX,A_baseline,ALPHA-E_DAAX-1H-261007-2247,delta_diffnorm_close_pos_upper_wick_3 > 1.86374,False,short,NON-EDGE,2502,0.9279,3291.0,0.8194,-0.00024,0.4488,1/4,profit_factor 0.93 < 1.0 (losing in-sample); in-sample PF 0.93 < 1.5; expectancy not significant (p=0.870203); walk-forward OOS PF 0.82 < 1.0
E_DAAX,A_baseline,ALPHA-E_DAAX-1H-261007-2248,delta_diffnorm_close_pos_upper_wick_3 > 2.02414,False,short,NON-EDGE,32,0.9124,,,,,,profit_factor 0.91 < 1.0 (losing in-sample)
E_DAAX,A_baseline,ALPHA-E_DAAX-1H-261007-2252,delta_diffnorm_close_pos_upper_wick_6 > 1.52974,False,short,NON-EDGE,3762,0.9076,4932.0,0.7786,-0.000669,0.468573,0/4,profit_factor 0.91 < 1.0 (losing in-sample); in-sample PF 0.91 < 1.5; expectancy not significant (p=0.924102); walk-forward OOS PF 0.78 < 1.0
E_DAAX,A_baseline,ALPHA-E_DAAX-1H-261007-2258,delta_diffnorm_close_pos_upper_wick_12 > 1.5374,False,short,NON-EDGE,3777,0.9216,4938.0,0.8894,-0.000311,0.45727,1/4,profit_factor 0.92 < 1.0 (losing in-sample); in-sample PF 0.92 < 1.5; expectancy not significant (p=0.885303); walk-forward OOS PF 0.89 < 1.0
E_DAAX,A_baseline,ALPHA-E_DAAX-1H-261007-2259,delta_diffnorm_close_pos_upper_wick_12 > 1.86751,False,short,NON-EDGE,2500,0.9613,3301.0,0.941,-0.000163,0.458043,1/4,profit_factor 0.96 < 1.0 (losing in-sample); in-sample PF 0.96 < 1.5; expectancy not significant (p=0.702071); walk-forward OOS PF 0.94 < 1.0
E_DAAX,A_baseline,ALPHA-E_DAAX-1H-261007-2260,delta_diffnorm_close_pos_upper_wick_12 > 2.03144,False,short,NON-EDGE,22,0.9781,,,,,,profit_factor 0.98 < 1.0 (losing in-sample)
E_DAAX,A_baseline,ALPHA-E_DAAX-1H-261007-2266,pr_ratio_gap_lower_wick_48 > 0.866667,False,short,NON-EDGE,67,0.996,,,,,,profit_factor 1.00 < 1.0 (losing in-sample)
E_DAAX,A_baseline,ALPHA-E_DAAX-1H-261007-2267,pr_ratio_gap_lower_wick_48 > 0.913043,False,long,NON-EDGE,43,0.9678,,,,,,profit_factor 0.97 < 1.0 (losing in-sample)
E_DAAX,A_baseline,ALPHA-E_DAAX-1H-261007-2268,pr_ratio_gap_lower_wick_48 > 0.934783,False,short,NON-EDGE,1901,0.9988,2430.0,0.8126,-0.000348,0.464198,1/4,profit_factor 1.00 < 1.0 (losing in-sample); in-sample PF 1.00 < 1.5; expectancy not significant (p=0.506528); walk-forward OOS PF 0.81 < 1.0
E_DAAX,A_baseline,ALPHA-E_DAAX-1H-261007-2269,pr_ratio_gap_lower_wick_96 < 0.0851064,False,short,NON-EDGE,1937,0.9492,2502.0,0.8854,-0.00014,0.431655,1/4,profit_factor 0.95 < 1.0 (losing in-sample); in-sample PF 0.95 < 1.5; expectancy not significant (p=0.770038); walk-forward OOS PF 0.89 < 1.0
E_DAAX,A_baseline,ALPHA-E_DAAX-1H-261007-2270,pr_ratio_gap_lower_wick_96 < 0.106383,False,short,NON-EDGE,2461,0.9046,3182.0,0.8149,-0.000234,0.43369,1/4,profit_factor 0.90 < 1.0 (losing in-sample); in-sample PF 0.90 < 1.5; expectancy not significant (p=0.94396); walk-forward OOS PF 0.81 < 1.0
E_DAAX,A_baseline,ALPHA-E_DAAX-1H-261007-2272,pr_ratio_gap_lower_wick_96 > 0.857143,False,short,NON-EDGE,3682,0.9193,4786.0,0.7756,-0.000738,0.491015,0/4,profit_factor 0.92 < 1.0 (losing in-sample); in-sample PF 0.92 < 1.5; expectancy not significant (p=0.890175); walk-forward OOS PF 0.78 < 1.0
E_DAAX,A_baseline,ALPHA-E_DAAX-1H-261007-2275,pr_ratio_gap_lower_wick_168 < 0.0833333,False,short,NON-EDGE,1982,0.9329,2543.0,0.8658,-0.000141,0.431773,1/4,profit_factor 0.93 < 1.0 (losing in-sample); in-sample PF 0.93 < 1.5; expectancy not significant (p=0.843909); walk-forward OOS PF 0.87 < 1.0
E_DAAX,A_baseline,ALPHA-E_DAAX-1H-261007-2282,diffnorm_gap_lower_wick < -2.94313,False,long,NON-EDGE,27,0.894,,,,,,profit_factor 0.89 < 1.0 (losing in-sample)
E_DAAX,A_baseline,ALPHA-E_DAAX-1H-261007-2283,diffnorm_gap_lower_wick crosses_below -2.94313,False,long,NON-EDGE,25,0.8597,,,,,,profit_factor 0.86 < 1.0 (losing in-sample)
E_DAAX,A_baseline,ALPHA-E_DAAX-1H-261007-2291,pr_diffnorm_gap_lower_wick_48 < 0.0833333,False,long,NON-EDGE,1624,1.2471,2105.0,1.1857,0.000787,0.550119,4/4,"total_trades 1624 < 1830 (52mo × 35.2 tpm, not significant); in-sample PF 1.25 < 1.5; total_trades 1624 < 1830 (52mo × 35.2 tpm)"
E_DAAX,A_baseline,ALPHA-E_DAAX-1H-261007-2292,pr_diffnorm_gap_lower_wick_48 < 0.104167,False,short,NON-EDGE,2151,0.8051,2754.0,0.7736,-0.000227,0.424837,0/4,profit_factor 0.81 < 1.0 (losing in-sample); in-sample PF 0.81 < 1.5; expectancy not significant (p=0.99903); walk-forward OOS PF 0.77 < 1.0
E_DAAX,A_baseline,ALPHA-E_DAAX-1H-261007-2297,pr_diffnorm_gap_lower_wick_96 < 0.0833333,False,long,NON-EDGE,12,0.5121,,,,,,profit_factor 0.51 < 1.0 (losing in-sample)
E_DAAX,A_baseline,ALPHA-E_DAAX-1H-261007-2298,pr_diffnorm_gap_lower_wick_96 < 0.104167,False,long,NON-EDGE,36,0.6334,,,,,,profit_factor 0.63 < 1.0 (losing in-sample)
E_DAAX,A_baseline,ALPHA-E_DAAX-1H-261007-2303,pr_diffnorm_gap_lower_wick_168 < 0.0833333,False,long,NON-EDGE,29,0.4572,,,,,,profit_factor 0.46 < 1.0 (losing in-sample)
E_DAAX,A_baseline,ALPHA-E_DAAX-1H-261007-2304,pr_diffnorm_gap_lower_wick_168 < 0.101796,False,long,NON-EDGE,37,0.4681,,,,,,profit_factor 0.47 < 1.0 (losing in-sample)
E_DAAX,A_baseline,ALPHA-E_DAAX-1H-261007-2309,zs_diffnorm_gap_lower_wick_48 < -1.5,False,short,NON-EDGE,2357,0.7779,3056.0,0.7543,-0.000251,0.422448,0/4,profit_factor 0.78 < 1.0 (losing in-sample); in-sample PF 0.78 < 1.5; expectancy not significant (p=0.99992); walk-forward OOS PF 0.75 < 1.0
E_DAAX,A_baseline,ALPHA-E_DAAX-1H-261007-2312,zs_diffnorm_gap_lower_wick_96 < -1.5,False,long,NON-EDGE,37,0.7074,,,,,,profit_factor 0.71 < 1.0 (losing in-sample)
E_DAAX,A_baseline,ALPHA-E_DAAX-1H-261007-2315,zs_diffnorm_gap_lower_wick_168 < -1.5,False,long,NON-EDGE,33,0.5304,,,,,,profit_factor 0.53 < 1.0 (losing in-sample)
E_DAAX,A_baseline,ALPHA-E_DAAX-1H-261007-2316,zs_diffnorm_gap_lower_wick_168 < -1,False,short,NON-EDGE,68,0.7178,,,,,,profit_factor 0.72 < 1.0 (losing in-sample)
E_DAAX,A_baseline,ALPHA-E_DAAX-1H-261007-2323,delta_diffnorm_gap_lower_wick_1 > 2.01863,False,long,NON-EDGE,24,0.8555,,,,,,profit_factor 0.86 < 1.0 (losing in-sample)
E_DAAX,A_baseline,ALPHA-E_DAAX-1H-261007-2345,pr_ratio_gap_range_pct_48 > 0.854167,False,short,NON-EDGE,3729,0.9177,4849.0,0.8615,-0.000531,0.459682,1/4,profit_factor 0.92 < 1.0 (losing in-sample); in-sample PF 0.92 < 1.5; expectancy not significant (p=0.845846); walk-forward OOS PF 0.86 < 1.0
E_DAAX,A_baseline,ALPHA-E_DAAX-1H-261007-2346,pr_ratio_gap_range_pct_48 > 0.916667,False,short,NON-EDGE,32,0.6784,,,,,,profit_factor 0.68 < 1.0 (losing in-sample)
E_DAAX,A_baseline,ALPHA-E_DAAX-1H-261007-2347,pr_ratio_gap_range_pct_48 > 0.93617,False,short,NON-EDGE,30,0.6391,,,,,,profit_factor 0.64 < 1.0 (losing in-sample)
E_DAAX,A_baseline,ALPHA-E_DAAX-1H-261007-2351,pr_ratio_gap_range_pct_96 > 0.854167,False,short,NON-EDGE,3786,0.9542,4904.0,0.8203,-0.00071,0.507545,0/4,profit_factor 0.95 < 1.0 (losing in-sample); in-sample PF 0.95 < 1.5; expectancy not significant (p=0.711089); walk-forward OOS PF 0.82 < 1.0
E_DAAX,A_baseline,ALPHA-E_DAAX-1H-261007-2352,pr_ratio_gap_range_pct_96 > 0.90625,False,short,NON-EDGE,2423,0.9121,3135.0,0.7751,-0.000856,0.502392,0/4,profit_factor 0.91 < 1.0 (losing in-sample); in-sample PF 0.91 < 1.5; expectancy not significant (p=0.886493); walk-forward OOS PF 0.78 < 1.0
E_DAAX,A_baseline,ALPHA-E_DAAX-1H-261007-2357,pr_ratio_gap_range_pct_168 > 0.856287,False,short,NON-EDGE,3796,0.9364,4912.0,0.8968,-0.000437,0.475163,1/4,profit_factor 0.94 < 1.0 (losing in-sample); in-sample PF 0.94 < 1.5; expectancy not significant (p=0.781069); walk-forward OOS PF 0.90 < 1.0
E_DAAX,A_baseline,ALPHA-E_DAAX-1H-261007-2364,pr_diffnorm_gap_range_pct_48 > 0.916667,False,short,NON-EDGE,2159,0.972,2810.0,0.9218,-0.000166,0.460142,1/4,profit_factor 0.97 < 1.0 (losing in-sample); in-sample PF 0.97 < 1.5; expectancy not significant (p=0.638646); walk-forward OOS PF 0.92 < 1.0
E_DAAX,A_baseline,ALPHA-E_DAAX-1H-261007-2370,pr_diffnorm_gap_range_pct_96 > 0.927083,False,short,NON-EDGE,1943,0.9758,2522.0,0.9239,-0.000326,0.486915,1/4,profit_factor 0.98 < 1.0 (losing in-sample); in-sample PF 0.98 < 1.5; expectancy not significant (p=0.615832); walk-forward OOS PF 0.92 < 1.0
E_DAAX,A_baseline,ALPHA-E_DAAX-1H-261007-2384,ratio_gap_upper_wick > 0.000404504,False,short,NON-EDGE,71,0.9353,,,,,,profit_factor 0.94 < 1.0 (losing in-sample)
E_DAAX,A_baseline,ALPHA-E_DAAX-1H-261007-2385,ratio_gap_upper_wick > 0.000697823,False,short,NON-EDGE,2511,0.925,3188.0,0.785,-0.00042,0.456713,0/4,profit_factor 0.93 < 1.0 (losing in-sample); in-sample PF 0.93 < 1.5; expectancy not significant (p=0.867417); walk-forward OOS PF 0.79 < 1.0
E_DAAX,A_baseline,ALPHA-E_DAAX-1H-261007-2386,ratio_gap_upper_wick > 0.000923753,False,short,NON-EDGE,2000,0.9166,2557.0,0.7739,-0.000767,0.509582,0/4,profit_factor 0.92 < 1.0 (losing in-sample); in-sample PF 0.92 < 1.5; expectancy not significant (p=0.866814); walk-forward OOS PF 0.77 < 1.0
E_DAAX,A_baseline,ALPHA-E_DAAX-1H-261007-2390,pr_ratio_gap_upper_wick_48 > 0.863636,False,short,NON-EDGE,3671,0.9052,4787.0,0.8921,-0.00038,0.468978,1/4,profit_factor 0.91 < 1.0 (losing in-sample); in-sample PF 0.91 < 1.5; expectancy not significant (p=0.926979); walk-forward OOS PF 0.89 < 1.0
E_DAAX,A_baseline,ALPHA-E_DAAX-1H-261007-2391,pr_ratio_gap_upper_wick_48 > 0.913043,False,short,NON-EDGE,2411,0.9176,3103.0,0.8907,-0.000461,0.473413,1/4,profit_factor 0.92 < 1.0 (losing in-sample); in-sample PF 0.92 < 1.5; expectancy not significant (p=0.876482); walk-forward OOS PF 0.89 < 1.0
E_DAAX,A_baseline,ALPHA-E_DAAX-1H-261007-2392,pr_ratio_gap_upper_wick_48 > 0.934783,False,short,NON-EDGE,1855,0.897,2404.0,0.7151,-0.002462,0.496256,1/4,profit_factor 0.90 < 1.0 (losing in-sample); in-sample PF 0.90 < 1.5; expectancy not significant (p=0.827857); walk-forward OOS PF 0.72 < 1.0
E_DAAX,A_baseline,ALPHA-E_DAAX-1H-261007-2396,pr_ratio_gap_upper_wick_96 > 0.857143,False,short,NON-EDGE,3673,0.9013,4756.0,0.8624,-0.0005,0.461943,0/4,profit_factor 0.90 < 1.0 (losing in-sample); in-sample PF 0.90 < 1.5; expectancy not significant (p=0.934404); walk-forward OOS PF 0.86 < 1.0
E_DAAX,A_baseline,ALPHA-E_DAAX-1H-261007-2398,pr_ratio_gap_upper_wick_96 > 0.924731,False,short,NON-EDGE,1937,0.9401,2531.0,0.795,-0.000678,0.50889,0/4,profit_factor 0.94 < 1.0 (losing in-sample); in-sample PF 0.94 < 1.5; expectancy not significant (p=0.784111); walk-forward OOS PF 0.80 < 1.0
E_DAAX,A_baseline,ALPHA-E_DAAX-1H-261007-2399,pr_ratio_gap_upper_wick_168 < 0.081761,False,short,NON-EDGE,1983,0.804,2538.0,0.7528,-0.000278,0.42238,0/4,profit_factor 0.80 < 1.0 (losing in-sample); in-sample PF 0.80 < 1.5; expectancy not significant (p=0.999285); walk-forward OOS PF 0.75 < 1.0
E_DAAX,A_baseline,ALPHA-E_DAAX-1H-261007-2413,delta_ratio_gap_upper_wick_12 < -0.00176408,False,long,NON-EDGE,1893,1.239,2461.0,1.24,0.000878,0.557091,4/4,in-sample PF 1.24 < 1.5
E_DAAX,A_baseline,ALPHA-E_DAAX-1H-261007-2414,delta_ratio_gap_upper_wick_12 < -0.00133093,False,long,NON-EDGE,2358,1.2695,3076.0,1.2057,0.000909,0.548765,4/4,in-sample PF 1.27 < 1.5
E_DAAX,A_baseline,ALPHA-E_DAAX-1H-261007-2415,delta_ratio_gap_upper_wick_12 < -0.000761454,False,long,NON-EDGE,3504,1.2854,4606.0,1.2335,0.00085,0.558402,4/4,in-sample PF 1.29 < 1.5
E_DAAX,A_baseline,ALPHA-E_DAAX-1H-261007-2462,delta_diffnorm_gap_upper_wick_3 > 1.45588,False,short,NON-EDGE,3797,0.894,4925.0,0.8627,-0.000173,0.43797,0/4,profit_factor 0.89 < 1.0 (losing in-sample); in-sample PF 0.89 < 1.5; expectancy not significant (p=0.980653); walk-forward OOS PF 0.86 < 1.0
E_DAAX,A_baseline,ALPHA-E_DAAX-1H-261007-2464,delta_diffnorm_gap_upper_wick_3 > 2.03325,False,short,NON-EDGE,2011,0.9328,2632.0,0.8419,-0.000209,0.443769,0/4,profit_factor 0.93 < 1.0 (losing in-sample); in-sample PF 0.93 < 1.5; expectancy not significant (p=0.834381); walk-forward OOS PF 0.84 < 1.0
E_DAAX,A_baseline,ALPHA-E_DAAX-1H-261007-2467,delta_diffnorm_gap_upper_wick_6 < -1.46581,False,long,NON-EDGE,70,0.7698,,,,,,profit_factor 0.77 < 1.0 (losing in-sample)
E_DAAX,A_baseline,ALPHA-E_DAAX-1H-261007-2475,delta_diffnorm_gap_upper_wick_12 > 1.8504,False,short,NON-EDGE,32,0.9097,,,,,,profit_factor 0.91 < 1.0 (losing in-sample)
E_DAAX,A_baseline,ALPHA-E_DAAX-1H-261007-2485,pr_ratio_lower_wick_range_pct_96 < 0.15625,False,short,NON-EDGE,59,0.9028,,,,,,profit_factor 0.90 < 1.0 (losing in-sample)
E_DAAX,A_baseline,ALPHA-E_DAAX-1H-261007-2508,diffnorm_lower_wick_range_pct > 2.92717,False,long,NON-EDGE,27,0.894,,,,,,profit_factor 0.89 < 1.0 (losing in-sample)
E_DAAX,A_baseline,ALPHA-E_DAAX-1H-261007-2513,pr_diffnorm_lower_wick_range_pct_48 > 0.916667,False,short,NON-EDGE,2148,0.8002,2752.0,0.7677,-0.000234,0.423692,0/4,profit_factor 0.80 < 1.0 (losing in-sample); in-sample PF 0.80 < 1.5; expectancy not significant (p=0.999274); walk-forward OOS PF 0.77 < 1.0
E_DAAX,A_baseline,ALPHA-E_DAAX-1H-261007-2514,pr_diffnorm_lower_wick_range_pct_48 > 0.9375,False,long,NON-EDGE,1631,1.2525,2111.0,1.1858,0.000786,0.549503,4/4,"total_trades 1631 < 1830 (52mo × 35.2 tpm, not significant); in-sample PF 1.25 < 1.5; total_trades 1631 < 1830 (52mo × 35.2 tpm)"
E_DAAX,A_baseline,ALPHA-E_DAAX-1H-261007-2520,pr_diffnorm_lower_wick_range_pct_96 > 0.927083,False,long,NON-EDGE,13,0.6488,,,,,,profit_factor 0.65 < 1.0 (losing in-sample)
E_DAAX,A_baseline,ALPHA-E_DAAX-1H-261007-2525,pr_diffnorm_lower_wick_range_pct_168 > 0.904192,False,short,NON-EDGE,2543,0.7846,3289.0,0.7642,-0.00024,0.419276,0/4,profit_factor 0.78 < 1.0 (losing in-sample); in-sample PF 0.78 < 1.5; expectancy not significant (p=0.99991); walk-forward OOS PF 0.76 < 1.0
E_DAAX,A_baseline,ALPHA-E_DAAX-1H-261007-2526,pr_diffnorm_lower_wick_range_pct_168 > 0.922619,False,long,NON-EDGE,29,0.4572,,,,,,profit_factor 0.46 < 1.0 (losing in-sample)
E_DAAX,A_baseline,ALPHA-E_DAAX-1H-261007-2529,zs_diffnorm_lower_wick_range_pct_48 > 1.5,False,short,NON-EDGE,2362,0.7744,3058.0,0.7541,-0.00025,0.422171,0/4,profit_factor 0.77 < 1.0 (losing in-sample); in-sample PF 0.77 < 1.5; expectancy not significant (p=0.99994); walk-forward OOS PF 0.75 < 1.0
E_DAAX,A_baseline,ALPHA-E_DAAX-1H-261007-2532,zs_diffnorm_lower_wick_range_pct_96 > 1.5,False,long,NON-EDGE,36,0.6878,,,,,,profit_factor 0.69 < 1.0 (losing in-sample)
E_DAAX,A_baseline,ALPHA-E_DAAX-1H-261007-2534,zs_diffnorm_lower_wick_range_pct_168 > 1,False,short,NON-EDGE,69,0.7207,,,,,,profit_factor 0.72 < 1.0 (losing in-sample)
E_DAAX,A_baseline,ALPHA-E_DAAX-1H-261007-2535,zs_diffnorm_lower_wick_range_pct_168 > 1.5,False,long,NON-EDGE,34,0.4984,,,,,,profit_factor 0.50 < 1.0 (losing in-sample)
E_DAAX,A_baseline,ALPHA-E_DAAX-1H-261007-2536,delta_diffnorm_lower_wick_range_pct_1 < -2.02122,False,long,NON-EDGE,24,0.8555,,,,,,profit_factor 0.86 < 1.0 (losing in-sample)
E_DAAX,A_baseline,ALPHA-E_DAAX-1H-261007-2537,delta_diffnorm_lower_wick_range_pct_1 < -1.8327,False,short,NON-EDGE,2528,0.7851,3297.0,0.8113,-0.000202,0.439187,1/4,profit_factor 0.79 < 1.0 (losing in-sample); in-sample PF 0.79 < 1.5; expectancy not significant (p=0.999959); walk-forward OOS PF 0.81 < 1.0
E_DAAX,A_baseline,ALPHA-E_DAAX-1H-261007-2594,delta_ratio_lower_wick_upper_wick_3 < -7.88284,False,long,NON-EDGE,1946,1.1523,2465.0,1.1545,0.000553,0.561866,3/4,in-sample PF 1.15 < 1.5; expectancy not significant (p=0.062786)
E_DAAX,A_baseline,ALPHA-E_DAAX-1H-261007-2595,delta_ratio_lower_wick_upper_wick_3 < -6.00983,False,long,NON-EDGE,2430,1.0893,3082.0,1.0717,0.000156,0.5305,4/4,in-sample PF 1.09 < 1.5; expectancy not significant (p=0.110907)
E_DAAX,A_baseline,ALPHA-E_DAAX-1H-261007-2596,delta_ratio_lower_wick_upper_wick_3 < -3.50644,False,long,NON-EDGE,3648,1.1242,4623.0,1.1284,0.000471,0.546398,3/4,in-sample PF 1.12 < 1.5; expectancy not significant (p=0.086753)
E_DAAX,A_baseline,ALPHA-E_DAAX-1H-261007-2620,diffnorm_lower_wick_upper_wick > 1.4993,False,long,NON-EDGE,2044,1.2077,2639.0,1.1417,0.000563,0.536567,4/4,in-sample PF 1.21 < 1.5
E_DAAX,A_baseline,ALPHA-E_DAAX-1H-261007-2621,pr_diffnorm_lower_wick_upper_wick_48 < 0.0833333,False,short,NON-EDGE,1590,0.8544,2071.0,0.7656,-0.002156,0.477064,1/4,"total_trades 1590 < 1830 (52mo × 35.2 tpm, not significant); profit_factor 0.85 < 1.0 (losing in-sample); in-sample PF 0.85 < 1.5; total_trades 1590 < 1830 (52mo × 35.2 tpm); expectancy not significan"
E_DAAX,A_baseline,ALPHA-E_DAAX-1H-261007-2625,pr_diffnorm_lower_wick_upper_wick_48 > 0.916667,False,long,NON-EDGE,39,0.982,,,,,,profit_factor 0.98 < 1.0 (losing in-sample)
E_DAAX,A_baseline,ALPHA-E_DAAX-1H-261007-2626,pr_diffnorm_lower_wick_upper_wick_48 > 0.9375,False,long,NON-EDGE,30,0.9695,,,,,,profit_factor 0.97 < 1.0 (losing in-sample)
E_DAAX,A_baseline,ALPHA-E_DAAX-1H-261007-2631,pr_diffnorm_lower_wick_upper_wick_96 > 0.90625,False,long,NON-EDGE,35,0.956,,,,,,profit_factor 0.96 < 1.0 (losing in-sample)
E_DAAX,A_baseline,ALPHA-E_DAAX-1H-261007-2632,pr_diffnorm_lower_wick_upper_wick_96 > 0.926316,False,short,NON-EDGE,2038,0.7986,2635.0,0.7794,-0.00023,0.427324,0/4,profit_factor 0.80 < 1.0 (losing in-sample); in-sample PF 0.80 < 1.5; expectancy not significant (p=0.999065); walk-forward OOS PF 0.78 < 1.0
E_DAAX,A_baseline,ALPHA-E_DAAX-1H-261007-2637,pr_diffnorm_lower_wick_upper_wick_168 > 0.904192,False,short,NON-EDGE,2504,0.7845,3257.0,0.7788,-0.000276,0.434142,0/4,profit_factor 0.78 < 1.0 (losing in-sample); in-sample PF 0.78 < 1.5; expectancy not significant (p=0.99991); walk-forward OOS PF 0.78 < 1.0
E_DAAX,A_baseline,ALPHA-E_DAAX-1H-261007-2638,pr_diffnorm_lower_wick_upper_wick_168 > 0.922619,False,long,NON-EDGE,28,0.8398,,,,,,profit_factor 0.84 < 1.0 (losing in-sample)
E_DAAX,A_baseline,ALPHA-E_DAAX-1H-261007-2650,zs_diffnorm_lower_wick_upper_wick_168 > 1.5,False,short,NON-EDGE,28,0.8889,,,,,,profit_factor 0.89 < 1.0 (losing in-sample)
E_DAAX,A_baseline,ALPHA-E_DAAX-1H-261007-2653,delta_diffnorm_lower_wick_upper_wick_1 < -1.46584,False,long,NON-EDGE,3768,1.1176,4931.0,1.0853,0.000209,0.534374,3/4,in-sample PF 1.12 < 1.5
E_DAAX,A_baseline,ALPHA-E_DAAX-1H-261007-2654,delta_diffnorm_lower_wick_upper_wick_1 > 1.45959,False,long,NON-EDGE,3757,1.19,4919.0,1.1584,0.000716,0.557024,3/4,in-sample PF 1.19 < 1.5; expectancy not significant (p=0.066972)
E_DAAX,A_baseline,ALPHA-E_DAAX-1H-261007-2655,delta_diffnorm_lower_wick_upper_wick_1 > 1.81017,False,long,NON-EDGE,2519,1.2636,3285.0,1.1454,0.00061,0.550685,4/4,in-sample PF 1.26 < 1.5
E_DAAX,A_baseline,ALPHA-E_DAAX-1H-261007-2656,delta_diffnorm_lower_wick_upper_wick_1 > 1.98116,False,long,NON-EDGE,2012,1.2503,2631.0,1.0681,0.000276,0.569365,3/4,in-sample PF 1.25 < 1.5
E_DAAX,A_baseline,ALPHA-E_DAAX-1H-261007-2672,delta_diffnorm_lower_wick_upper_wick_12 > 1.47774,False,short,NON-EDGE,3815,0.9121,4941.0,0.8827,-0.000186,0.45254,0/4,profit_factor 0.91 < 1.0 (losing in-sample); in-sample PF 0.91 < 1.5; expectancy not significant (p=0.950459); walk-forward OOS PF 0.88 < 1.0
E_DAAX,A_baseline,ALPHA-E_DAAX-1H-261007-2692,pr_ratio_range_pct_upper_wick_168 > 0.924051,False,short,NON-EDGE,33,0.9516,,,,,,profit_factor 0.95 < 1.0 (losing in-sample)
E_DAAX,A_baseline,ALPHA-E_DAAX-1H-261007-2707,pr_diffnorm_range_pct_upper_wick_48 > 0.916667,False,short,NON-EDGE,2139,0.8676,2762.0,0.7791,-0.002137,0.454019,1/4,profit_factor 0.87 < 1.0 (losing in-sample); in-sample PF 0.87 < 1.5; expectancy not significant (p=0.890731); walk-forward OOS PF 0.78 < 1.0
E_DAAX,A_baseline,ALPHA-E_DAAX-1H-261007-2737,delta_diffnorm_range_pct_upper_wick_3 < -1.84371,False,long,NON-EDGE,2526,1.1049,3285.0,1.036,0.000107,0.533638,2/4,in-sample PF 1.10 < 1.5; expectancy not significant (p=0.084638)
E_DAAX,A_baseline,ALPHA-E_DAAX-1H-261007-2741,delta_diffnorm_range_pct_upper_wick_3 > 2.03491,False,short,NON-EDGE,2012,0.9322,2632.0,0.8416,-0.00021,0.443389,0/4,profit_factor 0.93 < 1.0 (losing in-sample); in-sample PF 0.93 < 1.5; expectancy not significant (p=0.836947); walk-forward OOS PF 0.84 < 1.0
E_DAAX,A_baseline,ALPHA-E_DAAX-1H-261007-2744,delta_diffnorm_range_pct_upper_wick_6 < -1.46576,False,long,NON-EDGE,68,0.7612,,,,,,profit_factor 0.76 < 1.0 (losing in-sample)
E_DAAX,A_baseline,ALPHA-E_DAAX-1H-261007-2752,delta_diffnorm_range_pct_upper_wick_12 > 1.85037,False,short,NON-EDGE,32,0.9097,,,,,,profit_factor 0.91 < 1.0 (losing in-sample)
E_DAAX,A_baseline,ALPHA-E_DAAX-1H-261007-2758,ratio_close_ema_03_low_lag1 < 0.999908,False,short,NON-EDGE,2569,0.8601,3312.0,0.841,-0.000213,0.431763,0/4,profit_factor 0.86 < 1.0 (losing in-sample); in-sample PF 0.86 < 1.5; expectancy not significant (p=0.99472); walk-forward OOS PF 0.84 < 1.0
E_DAAX,A_baseline,ALPHA-E_DAAX-1H-261007-2759,ratio_close_ema_03_low_lag1 crosses_below 0.999908,False,short,NON-EDGE,2269,0.8683,2940.0,0.835,-0.000221,0.435034,0/4,profit_factor 0.87 < 1.0 (losing in-sample); in-sample PF 0.87 < 1.5; expectancy not significant (p=0.9876); walk-forward OOS PF 0.83 < 1.0
E_DAAX,A_baseline,ALPHA-E_DAAX-1H-261007-2778,ratio_close_sma_03_low_lag1 < 1.0003,False,short,NON-EDGE,3804,0.8922,4978.0,0.8878,-0.000371,0.460426,0/4,profit_factor 0.89 < 1.0 (losing in-sample); in-sample PF 0.89 < 1.5; expectancy not significant (p=0.953688); walk-forward OOS PF 0.89 < 1.0
E_DAAX,A_baseline,ALPHA-E_DAAX-1H-261007-2785,ratio_close_sma_12_high_lag3 > 1.00051,False,short,NON-EDGE,3806,0.9611,4958.0,0.7527,-0.000794,0.483259,0/4,profit_factor 0.96 < 1.0 (losing in-sample); in-sample PF 0.96 < 1.5; expectancy not significant (p=0.707391); walk-forward OOS PF 0.75 < 1.0
E_DAAX,A_baseline,ALPHA-E_DAAX-1H-261007-2860,ratio_low_ema_03_close_lag1 > 0.999673,False,short,NON-EDGE,3799,0.9495,4985.0,0.8129,-0.000465,0.45336,0/4,profit_factor 0.95 < 1.0 (losing in-sample); in-sample PF 0.95 < 1.5; expectancy not significant (p=0.807175); walk-forward OOS PF 0.81 < 1.0
E_DAAX,A_baseline,ALPHA-E_DAAX-1H-261007-2866,ratio_low_ema_09_high_lag1 > 0.999246,False,short,NON-EDGE,3781,0.979,4992.0,0.7777,-0.000915,0.479968,1/4,profit_factor 0.98 < 1.0 (losing in-sample); in-sample PF 0.98 < 1.5; expectancy not significant (p=0.605377); walk-forward OOS PF 0.78 < 1.0
E_DAAX,A_baseline,ALPHA-E_DAAX-1H-261007-2870,ratio_low_ema_12_high_lag3 > 0.999269,False,short,NON-EDGE,3757,0.9438,4988.0,0.8815,-0.000195,0.445068,1/4,profit_factor 0.94 < 1.0 (losing in-sample); in-sample PF 0.94 < 1.5; expectancy not significant (p=0.803974); walk-forward OOS PF 0.88 < 1.0
E_DAAX,A_baseline,ALPHA-E_DAAX-1H-261007-2871,ratio_low_ema_12_close_lag3 > 1.00046,False,short,NON-EDGE,3777,0.9641,4957.0,0.8572,-0.000317,0.448658,0/4,profit_factor 0.96 < 1.0 (losing in-sample); in-sample PF 0.96 < 1.5; expectancy not significant (p=0.702692); walk-forward OOS PF 0.86 < 1.0
E_DAAX,A_baseline,ALPHA-E_DAAX-1H-261007-2883,ratio_low_sma_09_high_lag1 > 0.99953,False,short,NON-EDGE,56,0.7376,,,,,,profit_factor 0.74 < 1.0 (losing in-sample)
E_DAAX,A_baseline,ALPHA-E_DAAX-1H-261007-2887,ratio_low_sma_12_high_lag3 > 0.999429,False,short,NON-EDGE,3776,0.9779,4979.0,0.7752,-0.000691,0.476602,0/4,profit_factor 0.98 < 1.0 (losing in-sample); in-sample PF 0.98 < 1.5; expectancy not significant (p=0.613496); walk-forward OOS PF 0.78 < 1.0
E_DAAX,A_baseline,ALPHA-E_DAAX-1H-261007-2888,ratio_low_sma_12_close_lag3 > 1.00072,False,short,NON-EDGE,3776,0.9765,4955.0,0.7662,-0.000812,0.491221,0/4,profit_factor 0.98 < 1.0 (losing in-sample); in-sample PF 0.98 < 1.5; expectancy not significant (p=0.61842); walk-forward OOS PF 0.77 < 1.0
E_DAAX,A_baseline,ALPHA-E_DAAX-1H-261007-2893,delta_bb_pct_b_close_20_1 > 0.190632,False,long,NON-EDGE,2545,1.061,3306.0,1.003,5e-06,0.508772,2/4,in-sample PF 1.06 < 1.5; expectancy not significant (p=0.18775)
E_DAAX,A_baseline,ALPHA-E_DAAX-1H-261007-2894,delta_bb_pct_b_close_20_1 > 0.21967,False,long,NON-EDGE,2038,1.0702,2645.0,1.008,2.1e-05,0.51569,2/4,in-sample PF 1.07 < 1.5; expectancy not significant (p=0.215648)
E_DAAX,A_baseline,ALPHA-E_DAAX-1H-261007-2898,delta_bb_pct_b_close_20_3 > 0.333763,False,long,NON-EDGE,2537,1.2965,3303.0,1.107,0.000462,0.598547,3/4,in-sample PF 1.30 < 1.5
E_DAAX,A_baseline,ALPHA-E_DAAX-1H-261007-2900,delta_bb_pct_b_close_20_6 > 0.359515,False,long,NON-EDGE,3800,1.2256,4954.0,1.1889,0.000593,0.54461,3/4,in-sample PF 1.23 < 1.5
E_DAAX,A_baseline,ALPHA-E_DAAX-1H-261007-2911,delta_pos_low_range96_1 < -0.0840202,False,short,NON-EDGE,2047,0.9047,2633.0,0.8933,-0.000145,0.436764,0/4,profit_factor 0.90 < 1.0 (losing in-sample); in-sample PF 0.90 < 1.5; expectancy not significant (p=0.924572); walk-forward OOS PF 0.89 < 1.0
E_DAAX,A_baseline,ALPHA-E_DAAX-1H-261007-2912,delta_pos_low_range96_1 < -0.0714834,False,short,NON-EDGE,2552,0.8787,3287.0,0.8494,-0.000198,0.439611,0/4,profit_factor 0.88 < 1.0 (losing in-sample); in-sample PF 0.88 < 1.5; expectancy not significant (p=0.986525); walk-forward OOS PF 0.85 < 1.0
E_DAAX,A_baseline,ALPHA-E_DAAX-1H-261007-2913,delta_pos_low_range96_1 < -0.0507603,False,short,NON-EDGE,3791,0.8094,4933.0,0.7858,-0.000241,0.42388,0/4,profit_factor 0.81 < 1.0 (losing in-sample); in-sample PF 0.81 < 1.5; expectancy not significant (p=0.999994); walk-forward OOS PF 0.79 < 1.0
E_DAAX,A_baseline,ALPHA-E_DAAX-1H-261007-2914,delta_pos_low_range96_1 > 0.0522736,False,long,NON-EDGE,58,0.6755,,,,,,profit_factor 0.68 < 1.0 (losing in-sample)
E_DAAX,A_baseline,ALPHA-E_DAAX-1H-261007-2919,pr_pos_high_range06_48 < 0.15625,False,short,NON-EDGE,3768,0.8778,4879.0,0.8462,-0.000839,0.452757,1/4,profit_factor 0.88 < 1.0 (losing in-sample); in-sample PF 0.88 < 1.5; expectancy not significant (p=0.907315); walk-forward OOS PF 0.85 < 1.0
E_DAAX,A_baseline,ALPHA-E_DAAX-1H-261007-2921,zs_pos_high_range06_48 < -1,False,short,NON-EDGE,100,0.993,,,,,,profit_factor 0.99 < 1.0 (losing in-sample)
E_DAAX,A_baseline,ALPHA-E_DAAX-1H-261007-2923,zs_pos_high_range06_96 < -1,False,short,NON-EDGE,6872,0.8804,8945.0,0.8433,-0.00093,0.449413,1/4,profit_factor 0.88 < 1.0 (losing in-sample); in-sample PF 0.88 < 1.5; expectancy not significant (p=0.925718); walk-forward OOS PF 0.84 < 1.0
E_DAAX,A_baseline,ALPHA-E_DAAX-1H-261007-2953,zs_pos_high_range12_96 < -1,False,short,NON-EDGE,6281,0.8816,8090.0,0.8549,-0.000181,0.436959,0/4,profit_factor 0.88 < 1.0 (losing in-sample); in-sample PF 0.88 < 1.5; expectancy not significant (p=0.989974); walk-forward OOS PF 0.85 < 1.0
E_DAAX,A_baseline,ALPHA-E_DAAX-1H-261007-2958,delta_pos_high_range12_1 < -0.2353,False,long,NON-EDGE,2538,1.0244,3305.0,0.9554,-0.000115,0.526778,2/4,in-sample PF 1.02 < 1.5; expectancy not significant (p=0.376194); walk-forward OOS PF 0.96 < 1.0
E_DAAX,A_baseline,ALPHA-E_DAAX-1H-261007-2964,delta_pos_high_range12_3 > 0.347961,False,long,NON-EDGE,3775,1.0845,4965.0,1.0253,7.3e-05,0.528701,2/4,in-sample PF 1.08 < 1.5; expectancy not significant (p=0.15131)
E_DAAX,A_baseline,ALPHA-E_DAAX-1H-261007-2971,delta_pos_high_range24_1 > 0.176153,False,long,NON-EDGE,2026,1.4716,2639.0,1.5049,0.002532,0.630921,3/4,in-sample PF 1.47 < 1.5
E_DAAX,A_baseline,ALPHA-E_DAAX-1H-261007-3022,delta_pos_close_range03_12 > 0.939741,False,short,NON-EDGE,3833,0.9079,4955.0,0.8197,-0.000325,0.449445,0/4,profit_factor 0.91 < 1.0 (losing in-sample); in-sample PF 0.91 < 1.5; expectancy not significant (p=0.951879); walk-forward OOS PF 0.82 < 1.0
E_DAAX,A_baseline,ALPHA-E_DAAX-1H-261007-3037,delta_pos_close_range12_1 < -0.312057,False,long,NON-EDGE,27,0.9039,,,,,,profit_factor 0.90 < 1.0 (losing in-sample)
E_DAAX,A_baseline,ALPHA-E_DAAX-1H-261007-3046,delta_pos_close_range12_3 > 0.460602,False,long,NON-EDGE,2516,1.3024,3298.0,1.1869,0.000697,0.556095,3/4,in-sample PF 1.30 < 1.5
E_DAAX,A_baseline,ALPHA-E_DAAX-1H-261007-3055,delta_pos_close_range24_1 > 0.170887,False,long,NON-EDGE,38,0.9474,,,,,,profit_factor 0.95 < 1.0 (losing in-sample)
E_DAAX,A_baseline,ALPHA-E_DAAX-1H-261007-3061,delta_pos_low_range03_1 < -0.566037,False,short,NON-EDGE,70,0.8841,,,,,,profit_factor 0.88 < 1.0 (losing in-sample)
E_DAAX,A_baseline,ALPHA-E_DAAX-1H-261007-3070,zs_pos_low_range06_48 < -1,False,short,NON-EDGE,6318,0.8686,8210.0,0.8304,-0.000232,0.435932,0/4,profit_factor 0.87 < 1.0 (losing in-sample); in-sample PF 0.87 < 1.5; expectancy not significant (p=0.997696); walk-forward OOS PF 0.83 < 1.0
E_DAAX,A_baseline,ALPHA-E_DAAX-1H-261007-3094,delta_pos_low_range06_12 > 0.887484,False,short,NON-EDGE,2522,0.9046,3306.0,0.8191,-0.000291,0.447973,1/4,profit_factor 0.90 < 1.0 (losing in-sample); in-sample PF 0.90 < 1.5; expectancy not significant (p=0.904279); walk-forward OOS PF 0.82 < 1.0
E_DAAX,A_baseline,ALPHA-E_DAAX-1H-261007-3095,delta_pos_close_range48_1 < -0.130737,False,short,NON-EDGE,2034,0.8697,2638.0,0.8175,-0.000222,0.43442,0/4,profit_factor 0.87 < 1.0 (losing in-sample); in-sample PF 0.87 < 1.5; expectancy not significant (p=0.984671); walk-forward OOS PF 0.82 < 1.0
E_DAAX,A_baseline,ALPHA-E_DAAX-1H-261007-3096,delta_pos_close_range48_1 < -0.112641,False,short,NON-EDGE,2539,0.8656,3301.0,0.8172,-0.000245,0.430779,0/4,profit_factor 0.87 < 1.0 (losing in-sample); in-sample PF 0.87 < 1.5; expectancy not significant (p=0.993499); walk-forward OOS PF 0.82 < 1.0
E_DAAX,A_baseline,ALPHA-E_DAAX-1H-261007-3099,delta_pos_close_range48_1 > 0.113413,False,long,NON-EDGE,2522,1.096,3299.0,1.0925,0.000273,0.536829,4/4,in-sample PF 1.10 < 1.5; expectancy not significant (p=0.143028)
E_DAAX,A_baseline,ALPHA-E_DAAX-1H-261007-3100,delta_pos_close_range48_1 > 0.130623,False,long,NON-EDGE,2015,1.1117,2642.0,1.1021,0.000299,0.539364,4/4,in-sample PF 1.11 < 1.5; expectancy not significant (p=0.119275)
E_DAAX,A_baseline,ALPHA-E_DAAX-1H-261007-3105,delta_pos_high_range96_1 < -0.0479265,False,long,NON-EDGE,49,0.7263,,,,,,profit_factor 0.73 < 1.0 (losing in-sample)
E_DAAX,A_baseline,ALPHA-E_DAAX-1H-261007-3107,delta_pos_high_range96_1 > 0.0694822,False,short,NON-EDGE,44,0.4676,,,,,,profit_factor 0.47 < 1.0 (losing in-sample)
E_DAAX,A_baseline,ALPHA-E_DAAX-1H-261007-3125,delta_pos_low_range12_1 > 0.174298,False,long,NON-EDGE,3799,1.1,4953.0,1.0476,0.000123,0.52978,3/4,in-sample PF 1.10 < 1.5; expectancy not significant (p=0.100034)
E_DAAX,A_baseline,ALPHA-E_DAAX-1H-261007-3126,delta_pos_low_range12_1 > 0.24394,False,long,NON-EDGE,2527,1.0793,3304.0,1.0241,6.3e-05,0.520884,3/4,in-sample PF 1.08 < 1.5; expectancy not significant (p=0.165257)
E_DAAX,A_baseline,ALPHA-E_DAAX-1H-261007-3133,delta_pos_low_range24_1 < -0.180878,False,short,NON-EDGE,2032,0.8544,2644.0,0.8343,-0.000227,0.423979,0/4,profit_factor 0.85 < 1.0 (losing in-sample); in-sample PF 0.85 < 1.5; expectancy not significant (p=0.991946); walk-forward OOS PF 0.83 < 1.0
E_DAAX,A_baseline,ALPHA-E_DAAX-1H-261007-3134,delta_pos_low_range24_1 < -0.154685,False,short,NON-EDGE,2546,0.8577,3303.0,0.8515,-0.000223,0.427793,0/4,profit_factor 0.86 < 1.0 (losing in-sample); in-sample PF 0.86 < 1.5; expectancy not significant (p=0.991056); walk-forward OOS PF 0.85 < 1.0
E_DAAX,A_baseline,ALPHA-E_DAAX-1H-261007-3135,delta_pos_low_range24_1 < -0.106518,False,short,NON-EDGE,3790,0.8419,4951.0,0.821,-0.000241,0.421329,0/4,profit_factor 0.84 < 1.0 (losing in-sample); in-sample PF 0.84 < 1.5; expectancy not significant (p=0.999802); walk-forward OOS PF 0.82 < 1.0
E_DAAX,A_baseline,ALPHA-E_DAAX-1H-261007-3137,delta_pos_low_range24_1 > 0.156888,False,long,NON-EDGE,44,0.9277,,,,,,profit_factor 0.93 < 1.0 (losing in-sample)
E_DAAX,A_baseline,ALPHA-E_DAAX-1H-261007-3138,delta_pos_low_range24_1 > 0.180632,False,long,NON-EDGE,2014,1.0819,2638.0,1.0551,0.000103,0.527293,3/4,in-sample PF 1.08 < 1.5; expectancy not significant (p=0.153743)
E_DAAX,A_baseline,ALPHA-E_DAAX-1H-261007-3141,delta_pos_low_range48_1 < -0.121835,False,short,NON-EDGE,2011,0.9244,2635.0,0.9092,-0.000136,0.436053,1/4,profit_factor 0.92 < 1.0 (losing in-sample); in-sample PF 0.92 < 1.5; expectancy not significant (p=0.866576); walk-forward OOS PF 0.91 < 1.0
E_DAAX,A_baseline,ALPHA-E_DAAX-1H-261007-3142,delta_pos_low_range48_1 < -0.103896,False,short,NON-EDGE,2532,0.8866,3292.0,0.8541,-0.000212,0.433475,0/4,profit_factor 0.89 < 1.0 (losing in-sample); in-sample PF 0.89 < 1.5; expectancy not significant (p=0.970016); walk-forward OOS PF 0.85 < 1.0
E_DAAX,A_baseline,ALPHA-E_DAAX-1H-261007-3143,delta_pos_low_range48_1 < -0.0729656,False,short,NON-EDGE,3771,0.8558,4941.0,0.8136,-0.000254,0.426432,0/4,profit_factor 0.86 < 1.0 (losing in-sample); in-sample PF 0.86 < 1.5; expectancy not significant (p=0.997774); walk-forward OOS PF 0.81 < 1.0
E_DAAX,A_baseline,ALPHA-E_DAAX-1H-261007-3145,delta_pos_low_range48_1 > 0.103892,False,long,NON-EDGE,2502,0.9359,3292.0,0.8904,-0.000135,0.494532,0/4,profit_factor 0.94 < 1.0 (losing in-sample); in-sample PF 0.94 < 1.5; expectancy not significant (p=0.844222); walk-forward OOS PF 0.89 < 1.0
E_DAAX,A_baseline,ALPHA-E_DAAX-1H-261007-3146,delta_pos_low_range48_1 > 0.120581,False,long,NON-EDGE,2000,0.9722,2638.0,0.9257,-8.9e-05,0.498484,1/4,profit_factor 0.97 < 1.0 (losing in-sample); in-sample PF 0.97 < 1.5; expectancy not significant (p=0.654601); walk-forward OOS PF 0.93 < 1.0
E_DAAX,A_baseline,ALPHA-E_DAAX-1H-261007-3162,delta_close_pos_12 > 0.47592 AND delta_diffnorm_close_pos_gap_12 > 1.58155,False,short,NON-EDGE,3826,0.8923,4933.0,0.9035,-0.000273,0.463207,2/4,profit_factor 0.89 < 1.0 (losing in-sample); in-sample PF 0.89 < 1.5; expectancy not significant (p=0.951626); walk-forward OOS PF 0.90 < 1.0
E_DAAX,A_baseline,ALPHA-E_DAAX-1H-261007-3163,delta_close_pos_3 > 0.480464 AND delta_diffnorm_close_pos_range_pct_3 > 1.59747,False,short,NON-EDGE,58,0.8581,,,,,,profit_factor 0.86 < 1.0 (losing in-sample)
E_DAAX,A_baseline,ALPHA-E_DAAX-1H-261007-3164,delta_close_pos_12 > 0.47592 AND delta_pos_close_range03_12 > 0.939741,False,short,NON-EDGE,1987,0.9677,2561.0,0.913,-0.000132,0.456853,1/4,profit_factor 0.97 < 1.0 (losing in-sample); in-sample PF 0.97 < 1.5; expectancy not significant (p=0.6596); walk-forward OOS PF 0.91 < 1.0
E_DAAX,A_baseline,ALPHA-E_DAAX-1H-261007-3165,delta_close_rsi_25_1 < -3.58454 AND delta_diffnorm_close_rsi14_rsi25_1 < -0.607972,False,short,NON-EDGE,1567,0.9259,2057.0,0.8877,-0.000125,0.433641,1/4,"total_trades 1567 < 1830 (52mo × 35.2 tpm, not significant); profit_factor 0.93 < 1.0 (losing in-sample); in-sample PF 0.93 < 1.5; total_trades 1567 < 1830 (52mo × 35.2 tpm); expectancy not significan"
E_DAAX,A_baseline,ALPHA-E_DAAX-1H-261007-3166,delta_close_rsi_25_1 < -3.58454 AND delta_pos_close_range48_1 < -0.112641,False,short,NON-EDGE,1539,0.9208,2011.0,0.8841,-0.000147,0.438588,1/4,"total_trades 1539 < 1830 (52mo × 35.2 tpm, not significant); profit_factor 0.92 < 1.0 (losing in-sample); in-sample PF 0.92 < 1.5; total_trades 1539 < 1830 (52mo × 35.2 tpm); expectancy not significan"
E_DAAX,A_baseline,ALPHA-E_DAAX-1H-261007-3168,delta_diffnorm_body_upper_wick_3 > 2.14634 AND delta_diffnorm_close_pos_range_pct_3 > 1.59747,False,short,NON-EDGE,1840,0.9773,2448.0,0.9054,-0.000108,0.459967,1/4,profit_factor 0.98 < 1.0 (losing in-sample); in-sample PF 0.98 < 1.5; expectancy not significant (p=0.622628); walk-forward OOS PF 0.91 < 1.0
E_DAAX,A_baseline,ALPHA-E_DAAX-1H-261007-3169,delta_diffnorm_close_pos_gap_3 > 1.59683 AND delta_diffnorm_close_pos_range_pct_3 > 2.12259,False,short,NON-EDGE,29,0.6213,,,,,,profit_factor 0.62 < 1.0 (losing in-sample)
E_DAAX,A_baseline,ALPHA-E_DAAX-1H-261007-3170,delta_diffnorm_close_rsi14_rsi25_1 < -0.607972 AND delta_pos_close_range48_1 < -0.112641,False,short,NON-EDGE,1428,0.904,1874.0,0.8478,-0.000194,0.43063,0/4,"total_trades 1428 < 1830 (52mo × 35.2 tpm, not significant); profit_factor 0.90 < 1.0 (losing in-sample); in-sample PF 0.90 < 1.5; total_trades 1428 < 1830 (52mo × 35.2 tpm); expectancy not significan"
E_DAAX,A_baseline,ALPHA-E_DAAX-1H-261007-3172,delta_diffnorm_gap_upper_wick_3 > 1.45588 AND delta_upper_wick_3 < -0.300687,False,short,NON-EDGE,3795,0.8929,4922.0,0.8622,-0.000174,0.438033,0/4,profit_factor 0.89 < 1.0 (losing in-sample); in-sample PF 0.89 < 1.5; expectancy not significant (p=0.981689); walk-forward OOS PF 0.86 < 1.0
E_DAAX,A_baseline,ALPHA-E_DAAX-1H-261007-3173,diffnorm_lower_wick_upper_wick > 1.4993 AND zs_diffnorm_gap_lower_wick_168 < -1.5,False,long,NON-EDGE,20,0.696,,,,,,profit_factor 0.70 < 1.0 (losing in-sample)
E_DAAX,A_baseline,ALPHA-E_DAAX-1H-261007-3174,pr_diffnorm_lower_wick_range_pct_96 > 0.927083 AND pr_diffnorm_lower_wick_upper_wick_48 > 0.916667,False,long,NON-EDGE,23,0.69,,,,,,profit_factor 0.69 < 1.0 (losing in-sample)
E_DAAX,A_baseline,ALPHA-E_DAAX-1H-261007-3176,delta_pos_low_range12_1 > 0.24394 AND delta_pos_low_range24_1 > 0.156888,False,long,NON-EDGE,1609,1.4204,2119.0,1.4424,0.002319,0.576215,4/4,"total_trades 1609 < 1830 (52mo × 35.2 tpm, not significant); in-sample PF 1.42 < 1.5; total_trades 1609 < 1830 (52mo × 35.2 tpm)"
E_DAAX,A_baseline,ALPHA-E_DAAX-1H-261007-3177,delta_pos_low_range48_1 < -0.103896 AND delta_pos_low_range96_1 < -0.0840202,False,short,NON-EDGE,1664,0.8974,2165.0,0.8676,-0.000195,0.43649,1/4,"total_trades 1664 < 1830 (52mo × 35.2 tpm, not significant); profit_factor 0.90 < 1.0 (losing in-sample); in-sample PF 0.90 < 1.5; total_trades 1664 < 1830 (52mo × 35.2 tpm); expectancy not significan"
E_DAAX,A_baseline,ALPHA-E_DAAX-1H-261007-3181,pr_ratio_close_ret01_ret03_48 < 0.166667 AND pr_ratio_close_ret01_ret03_96 < 0.15625,False,long,NON-EDGE,49,0.3588,,,,,,profit_factor 0.36 < 1.0 (losing in-sample)
E_DAAX,A_baseline,ALPHA-E_DAAX-1H-261007-3182,delta_ratio_close_ret01_ret06_1 > 1.32905 AND pr_ratio_close_ret01_ret06_168 > 0.904762,False,long,NON-EDGE,21,0.6091,,,,,,profit_factor 0.61 < 1.0 (losing in-sample)
E_DAAX,A_baseline,ALPHA-E_DAAX-1H-261007-3183,pr_ratio_close_ret01_ret12_168 < 0.0833333 AND pr_ratio_close_ret01_ret12_96 < 0.104167,False,long,NON-EDGE,12,0.5444,,,,,,profit_factor 0.54 < 1.0 (losing in-sample)
E_DAAX,A_baseline,ALPHA-E_DAAX-1H-261007-3184,pr_ratio_close_ret01_ret48_48 < 0.145833 AND pr_ratio_close_ret03_ret48_48 < 0.145833,False,short,NON-EDGE,1785,1.0875,2322.0,0.888,-0.000273,0.449612,2/4,"total_trades 1785 < 1830 (52mo × 35.2 tpm, not significant); in-sample PF 1.09 < 1.5; total_trades 1785 < 1830 (52mo × 35.2 tpm); expectancy not significant (p=0.141304); walk-forward OOS PF 0.89 < 1."
E_DAAX,A_baseline,ALPHA-E_DAAX-1H-261007-3185,pr_ratio_close_ret03_ret06_96 > 0.854167 AND ratio_close_ret03_ret06 > 1.41741,False,long,NON-EDGE,3350,1.4955,4307.0,1.5903,0.003774,0.70606,3/4,in-sample PF 1.50 < 1.5; expectancy not significant (p=0.083732)
E_DAAX,A_baseline,ALPHA-E_DAAX-1H-261007-3186,pr_ratio_close_ret06_ret24_168 < 0.14881 AND ratio_close_ret06_ret24 crosses_below -0.896992,False,short,NON-EDGE,1505,1.0116,1945.0,0.8989,-0.00011,0.443188,1/4,"total_trades 1505 < 1830 (52mo × 35.2 tpm, not significant); in-sample PF 1.01 < 1.5; total_trades 1505 < 1830 (52mo × 35.2 tpm); expectancy not significant (p=0.44365); walk-forward OOS PF 0.90 < 1.0"
E_DAAX,A_baseline,ALPHA-E_DAAX-1H-261007-3187,delta_ratio_close_ret12_ret48_1 < -0.501302 AND delta_ratio_close_ret12_ret48_3 < -0.885584,False,short,NON-EDGE,2134,1.0146,2739.0,0.9154,-0.00024,0.445053,1/4,in-sample PF 1.01 < 1.5; expectancy not significant (p=0.434477); walk-forward OOS PF 0.92 < 1.0
E_DAAX,A_baseline,ALPHA-E_DAAX-1H-261007-3189,ratio_gap_upper_wick > 0.000404504 AND zs_diffnorm_body_lower_wick_168 < -1,False,long,NON-EDGE,7,1.295,,,,,,"total_trades 7 < 10 (first train window sized for 10 trades at min_tpm=35.2 (95% Poisson margin), not significant)"
E_DAAX,A_baseline,ALPHA-E_DAAX-1H-261007-3190,diffnorm_gap_lower_wick < -2.94313 AND pr_diffnorm_lower_wick_range_pct_48 > 0.9375,False,long,NON-EDGE,22,0.9526,,,,,,profit_factor 0.95 < 1.0 (losing in-sample)
E_DAAX,A_baseline,ALPHA-E_DAAX-1H-261007-3191,pr_diffnorm_gap_lower_wick_168 < 0.0833333 AND pr_lower_wick_96 > 0.90625,False,long,NON-EDGE,29,0.4572,,,,,,profit_factor 0.46 < 1.0 (losing in-sample)
E_DAAX,A_baseline,ALPHA-E_DAAX-1H-261007-3192,pr_diffnorm_gap_lower_wick_48 < 0.0833333 AND zs_diffnorm_gap_lower_wick_168 < -1.5,False,long,NON-EDGE,26,0.8761,,,,,,profit_factor 0.88 < 1.0 (losing in-sample)
E_DAAX,A_baseline,ALPHA-E_DAAX-1H-261007-3193,pr_lower_wick_48 > 0.9375 AND zs_diffnorm_lower_wick_range_pct_96 > 1.5,False,long,NON-EDGE,1548,1.2621,2013.0,1.187,0.000788,0.550422,4/4,"total_trades 1548 < 1830 (52mo × 35.2 tpm, not significant); in-sample PF 1.26 < 1.5; total_trades 1548 < 1830 (52mo × 35.2 tpm)"
E_DAAX,A_baseline,ALPHA-E_DAAX-1H-261007-3194,diffnorm_lower_wick_range_pct > 2.92717 AND pr_diffnorm_lower_wick_range_pct_48 > 0.9375,False,long,NON-EDGE,22,0.9526,,,,,,profit_factor 0.95 < 1.0 (losing in-sample)
E_DAAX,A_baseline,ALPHA-E_DAAX-1H-261007-3195,pr_lower_wick_168 > 0.922619 AND zs_lower_wick_168 > 1.5,False,long,NON-EDGE,28,0.4654,,,,,,profit_factor 0.47 < 1.0 (losing in-sample)
E_DAAX,A_baseline,ALPHA-E_DAAX-1H-261007-3196,pr_gap_48 > 0.90625 AND pr_gap_96 > 0.854167,False,short,NON-EDGE,2355,0.9359,3089.0,0.8893,-0.000332,0.452897,1/4,profit_factor 0.94 < 1.0 (losing in-sample); in-sample PF 0.94 < 1.5; expectancy not significant (p=0.810528); walk-forward OOS PF 0.89 < 1.0
E_DAAX,A_baseline,ALPHA-E_DAAX-1H-261007-3197,pr_gap_96 > 0.854167 AND pr_ratio_gap_lower_wick_96 > 0.857143,False,short,NON-EDGE,2068,1.0061,2729.0,0.7886,-0.000554,0.46244,0/4,in-sample PF 1.01 < 1.5; expectancy not significant (p=0.466301); walk-forward OOS PF 0.79 < 1.0
E_DAAX,A_baseline,ALPHA-E_DAAX-1H-261007-3198,pr_gap_48 > 0.854167 AND pr_ratio_gap_range_pct_96 > 0.854167,False,short,NON-EDGE,2346,0.9534,3105.0,0.8122,-0.000653,0.476006,0/4,profit_factor 0.95 < 1.0 (losing in-sample); in-sample PF 0.95 < 1.5; expectancy not significant (p=0.734521); walk-forward OOS PF 0.81 < 1.0
E_DAAX,A_baseline,ALPHA-E_DAAX-1H-261007-3199,pr_ratio_close_pos_gap_48 < 0.162162 AND pr_ratio_close_pos_gap_96 < 0.105263,False,long,NON-EDGE,30,0.7269,,,,,,profit_factor 0.73 < 1.0 (losing in-sample)
E_DAAX,A_baseline,ALPHA-E_DAAX-1H-261007-3200,pr_ratio_gap_lower_wick_48 > 0.934783 AND pr_ratio_gap_lower_wick_96 > 0.857143,False,short,NON-EDGE,1888,0.9919,2419.0,0.8071,-0.000359,0.463828,1/4,profit_factor 0.99 < 1.0 (losing in-sample); in-sample PF 0.99 < 1.5; expectancy not significant (p=0.543513); walk-forward OOS PF 0.81 < 1.0
E_DAAX,A_baseline,ALPHA-E_DAAX-1H-261007-3201,pr_ratio_gap_lower_wick_48 > 0.866667 AND pr_ratio_gap_range_pct_48 > 0.854167,False,short,NON-EDGE,30,0.9786,,,,,,profit_factor 0.98 < 1.0 (losing in-sample)
E_DAAX,A_baseline,ALPHA-E_DAAX-1H-261007-3202,pr_ratio_gap_range_pct_168 > 0.856287 AND pr_ratio_gap_range_pct_96 > 0.854167,False,short,NON-EDGE,3479,0.9555,4521.0,0.815,-0.000729,0.506083,0/4,profit_factor 0.96 < 1.0 (losing in-sample); in-sample PF 0.96 < 1.5; expectancy not significant (p=0.704305); walk-forward OOS PF 0.81 < 1.0
E_DAAX,A_baseline,ALPHA-E_DAAX-1H-261007-3204,ratio_close_ema_03_low_lag1 crosses_below 0.999908 AND zs_diffnorm_body_lower_wick_168 < -1,False,long,NON-EDGE,6,9999.0,,,,,,"total_trades 6 < 10 (first train window sized for 10 trades at min_tpm=35.2 (95% Poisson margin), not significant)"
E_DAAX,A_baseline,ALPHA-E_DAAX-1H-261007-3205,ratio_low_ema_12_close_lag3 > 1.00046 AND ratio_low_sma_12_close_lag3 > 1.00072,False,short,NON-EDGE,3008,0.9389,3945.0,0.8639,-0.00031,0.451458,0/4,profit_factor 0.94 < 1.0 (losing in-sample); in-sample PF 0.94 < 1.5; expectancy not significant (p=0.797471); walk-forward OOS PF 0.86 < 1.0
E_DAAX,A_baseline,ALPHA-E_DAAX-1H-261007-3206,ratio_low_ema_12_high_lag3 > 0.999269 AND ratio_low_sma_12_high_lag3 > 0.999429,False,short,NON-EDGE,2760,0.9776,3662.0,0.801,-0.000547,0.466685,0/4,profit_factor 0.98 < 1.0 (losing in-sample); in-sample PF 0.98 < 1.5; expectancy not significant (p=0.613565); walk-forward OOS PF 0.80 < 1.0
E_DAAX,A_baseline,ALPHA-E_DAAX-1H-261007-3207,zs_diffnorm_body_close_pos_168 < -1 AND zs_diffnorm_body_close_pos_96 < -1,False,long,NON-EDGE,5458,1.3856,7055.0,1.3486,0.002121,0.608788,3/4,in-sample PF 1.39 < 1.5; expectancy not significant (p=0.055636)
E_DAAX,A_baseline,ALPHA-E_DAAX-1H-261007-3208,zs_diffnorm_body_close_pos_96 < -1 AND zs_diffnorm_body_lower_wick_168 < -1,False,long,NON-EDGE,52,0.9702,,,,,,profit_factor 0.97 < 1.0 (losing in-sample)
E_DAAX,A_baseline,ALPHA-E_DAAX-1H-261007-3210,delta_diffnorm_body_upper_wick_3 > 2.14634 AND delta_diffnorm_close_pos_gap_3 > 1.95575,False,short,NON-EDGE,1550,0.9739,2070.0,0.8788,-0.000124,0.455072,1/4,"total_trades 1550 < 1830 (52mo × 35.2 tpm, not significant); profit_factor 0.97 < 1.0 (losing in-sample); in-sample PF 0.97 < 1.5; total_trades 1550 < 1830 (52mo × 35.2 tpm); expectancy not significan"
E_DAAX,A_baseline,ALPHA-E_DAAX-1H-261007-3211,delta_diffnorm_body_upper_wick_3 > 2.14634 AND delta_diffnorm_close_pos_upper_wick_3 > 1.53359,False,short,NON-EDGE,1522,1.0012,2045.0,0.9375,-7e-05,0.468949,1/4,"total_trades 1522 < 1830 (52mo × 35.2 tpm, not significant); in-sample PF 1.00 < 1.5; total_trades 1522 < 1830 (52mo × 35.2 tpm); expectancy not significant (p=0.494166); walk-forward OOS PF 0.94 < 1."
E_DAAX,A_baseline,ALPHA-E_DAAX-1H-261007-3213,delta_diffnorm_close_pos_gap_3 > 1.59683 AND delta_diffnorm_close_pos_range_pct_3 > 1.59747,False,short,NON-EDGE,58,0.8581,,,,,,profit_factor 0.86 < 1.0 (losing in-sample)
E_DAAX,A_baseline,ALPHA-E_DAAX-1H-261007-3214,delta_diffnorm_close_pos_upper_wick_12 > 1.5374 AND delta_upper_wick_12 < -0.382296,False,short,NON-EDGE,1712,1.0517,2253.0,0.9917,-1.5e-05,0.474922,1/4,"total_trades 1712 < 1830 (52mo × 35.2 tpm, not significant); in-sample PF 1.05 < 1.5; total_trades 1712 < 1830 (52mo × 35.2 tpm); expectancy not significant (p=0.25812); walk-forward OOS PF 0.99 < 1.0"
E_DAAX,A_baseline,ALPHA-E_DAAX-1H-261007-3216,delta_diffnorm_gap_upper_wick_3 > 2.03325 AND delta_diffnorm_range_pct_upper_wick_3 > 2.03491,False,short,NON-EDGE,2001,0.9312,2618.0,0.8418,-0.00021,0.443468,0/4,profit_factor 0.93 < 1.0 (losing in-sample); in-sample PF 0.93 < 1.5; expectancy not significant (p=0.839628); walk-forward OOS PF 0.84 < 1.0
E_DAAX,A_baseline,ALPHA-E_DAAX-1H-261007-3217,delta_diffnorm_gap_upper_wick_3 > 2.03325 AND delta_upper_wick_3 < -0.420022,False,short,NON-EDGE,2009,0.9315,2630.0,0.8406,-0.000211,0.443346,0/4,profit_factor 0.93 < 1.0 (losing in-sample); in-sample PF 0.93 < 1.5; expectancy not significant (p=0.839101); walk-forward OOS PF 0.84 < 1.0
E_DAAX,A_baseline,ALPHA-E_DAAX-1H-261007-3219,pr_diffnorm_lower_wick_upper_wick_168 > 0.922619 AND zs_diffnorm_gap_lower_wick_96 < -1.5,False,long,NON-EDGE,23,0.9601,,,,,,profit_factor 0.96 < 1.0 (losing in-sample)
E_DAAX,A_baseline,ALPHA-E_DAAX-1H-261007-3220,delta_diffnorm_range_pct_upper_wick_3 > 2.03491 AND delta_upper_wick_3 < -0.300687,False,short,NON-EDGE,2012,0.9322,2632.0,0.8416,-0.00021,0.443389,0/4,profit_factor 0.93 < 1.0 (losing in-sample); in-sample PF 0.93 < 1.5; expectancy not significant (p=0.836947); walk-forward OOS PF 0.84 < 1.0
E_DAAX,A_baseline,ALPHA-E_DAAX-1H-261007-3225,delta_pos_low_range48_1 < -0.103896 AND delta_pos_low_range96_1 < -0.0714834,False,short,NON-EDGE,1888,0.9011,2464.0,0.8617,-0.000204,0.431412,0/4,profit_factor 0.90 < 1.0 (losing in-sample); in-sample PF 0.90 < 1.5; expectancy not significant (p=0.925043); walk-forward OOS PF 0.86 < 1.0
E_DAAX,A_baseline,ALPHA-E_DAAX-1H-261007-3226,delta_pos_low_range48_1 < -0.0729656 AND zs_diffnorm_body_close_pos_96 < -1,False,short,NON-EDGE,2255,0.8192,2960.0,0.79,-0.000248,0.41723,0/4,profit_factor 0.82 < 1.0 (losing in-sample); in-sample PF 0.82 < 1.5; expectancy not significant (p=0.999051); walk-forward OOS PF 0.79 < 1.0
E_DAAX,A_baseline,ALPHA-E_DAAX-1H-261007-3228,ratio_body_upper_wick crosses_below -9.95281 AND zs_diffnorm_body_close_pos_96 < -1,False,long,NON-EDGE,1800,1.1549,2273.0,1.1596,0.00042,0.549054,4/4,"total_trades 1800 < 1830 (52mo × 35.2 tpm, not significant); in-sample PF 1.15 < 1.5; total_trades 1800 < 1830 (52mo × 35.2 tpm)"
E_DAAX,A_baseline,ALPHA-E_DAAX-1H-261007-3230,pr_ratio_close_ret01_ret06_96 > 0.927083 AND ratio_close_ret01_ret06 > 0.895035,False,long,NON-EDGE,1845,1.4945,2407.0,1.623,0.00409,0.713752,3/4,in-sample PF 1.49 < 1.5; expectancy not significant (p=0.085494)
E_DAAX,A_baseline,ALPHA-E_DAAX-1H-261007-3231,pr_ratio_close_ret06_ret24_168 < 0.14881 AND pr_ratio_close_ret06_ret24_48 < 0.145833,False,short,NON-EDGE,2882,0.9619,3722.0,0.9011,-0.000121,0.448684,1/4,profit_factor 0.96 < 1.0 (losing in-sample); in-sample PF 0.96 < 1.5; expectancy not significant (p=0.713144); walk-forward OOS PF 0.90 < 1.0
E_DAAX,A_baseline,ALPHA-E_DAAX-1H-261007-3232,delta_upper_wick_3 < -0.300687 AND zs_diffnorm_body_close_pos_96 < -1,False,long,NON-EDGE,1520,1.5887,1963.0,1.4724,0.003395,0.702496,3/4,"total_trades 1520 < 1830 (52mo × 35.2 tpm, not significant); total_trades 1520 < 1830 (52mo × 35.2 tpm); expectancy not significant (p=0.054104)"
E_DAAX,A_baseline,ALPHA-E_DAAX-1H-261007-3233,diffnorm_lower_wick_range_pct > 2.92717 AND pr_diffnorm_gap_lower_wick_96 < 0.0833333,False,long,NON-EDGE,23,0.6414,,,,,,profit_factor 0.64 < 1.0 (losing in-sample)
E_DAAX,A_baseline,ALPHA-E_DAAX-1H-261007-3234,pr_diffnorm_gap_lower_wick_168 < 0.101796 AND zs_lower_wick_168 > 1.5,False,long,NON-EDGE,33,0.5304,,,,,,profit_factor 0.53 < 1.0 (losing in-sample)
E_DAAX,A_baseline,ALPHA-E_DAAX-1H-261007-3235,diffnorm_gap_lower_wick crosses_below -2.94313 AND pr_diffnorm_gap_lower_wick_96 < 0.104167,False,long,NON-EDGE,22,0.6039,,,,,,profit_factor 0.60 < 1.0 (losing in-sample)
E_DAAX,A_baseline,ALPHA-E_DAAX-1H-261007-3236,pr_diffnorm_lower_wick_range_pct_168 > 0.922619 AND pr_lower_wick_168 > 0.922619,False,long,NON-EDGE,29,0.4572,,,,,,profit_factor 0.46 < 1.0 (losing in-sample)
E_DAAX,A_baseline,ALPHA-E_DAAX-1H-261007-3237,diffnorm_lower_wick_range_pct > 2.92717 AND pr_diffnorm_lower_wick_range_pct_168 > 0.922619,False,long,NON-EDGE,23,0.6414,,,,,,profit_factor 0.64 < 1.0 (losing in-sample)
E_DAAX,A_baseline,ALPHA-E_DAAX-1H-261007-3238,pr_lower_wick_48 > 0.9375 AND pr_lower_wick_96 > 0.927083,False,long,NON-EDGE,28,0.916,,,,,,profit_factor 0.92 < 1.0 (losing in-sample)
E_DAAX,A_baseline,ALPHA-E_DAAX-1H-261007-3239,pr_gap_48 > 0.854167 AND pr_gap_96 > 0.854167,False,short,NON-EDGE,3407,0.9344,4413.0,0.7832,-0.000708,0.499887,0/4,profit_factor 0.93 < 1.0 (losing in-sample); in-sample PF 0.93 < 1.5; expectancy not significant (p=0.835167); walk-forward OOS PF 0.78 < 1.0
E_DAAX,A_baseline,ALPHA-E_DAAX-1H-261007-3240,pr_gap_96 > 0.901042 AND pr_ratio_gap_range_pct_48 > 0.854167,False,short,NON-EDGE,1774,0.9131,2389.0,0.7567,-0.00083,0.494768,0/4,"total_trades 1774 < 1830 (52mo × 35.2 tpm, not significant); profit_factor 0.91 < 1.0 (losing in-sample); in-sample PF 0.91 < 1.5; total_trades 1774 < 1830 (52mo × 35.2 tpm); expectancy not significan"
E_DAAX,A_baseline,ALPHA-E_DAAX-1H-261007-3241,pr_ratio_close_pos_gap_48 < 0.162162 AND pr_ratio_close_pos_gap_96 < 0.0851064,False,long,NON-EDGE,27,0.7356,,,,,,profit_factor 0.74 < 1.0 (losing in-sample)
E_DAAX,A_baseline,ALPHA-E_DAAX-1H-261007-3242,pr_ratio_gap_lower_wick_48 > 0.866667 AND pr_ratio_gap_lower_wick_96 > 0.857143,False,short,NON-EDGE,3286,0.9245,4277.0,0.7786,-0.000799,0.490998,0/4,profit_factor 0.92 < 1.0 (losing in-sample); in-sample PF 0.92 < 1.5; expectancy not significant (p=0.870272); walk-forward OOS PF 0.78 < 1.0
E_DAAX,A_baseline,ALPHA-E_DAAX-1H-261007-3243,pr_ratio_gap_range_pct_48 > 0.854167 AND pr_ratio_gap_range_pct_96 > 0.854167,False,short,NON-EDGE,3355,0.9583,4371.0,0.8158,-0.000734,0.505376,0/4,profit_factor 0.96 < 1.0 (losing in-sample); in-sample PF 0.96 < 1.5; expectancy not significant (p=0.693125); walk-forward OOS PF 0.82 < 1.0
E_DAAX,A_baseline,ALPHA-E_DAAX-1H-261007-3244,ratio_close_ema_03_low_lag1 crosses_below 0.999908 AND zs_diffnorm_body_close_pos_96 < -1,False,long,NON-EDGE,9,9999.0,,,,,,"total_trades 9 < 10 (first train window sized for 10 trades at min_tpm=35.2 (95% Poisson margin), not significant)"
E_DAAX,A_baseline,ALPHA-E_DAAX-1H-261007-3245,ratio_close_ema_03_low_lag1 < 0.999908 AND zs_diffnorm_body_lower_wick_168 < -1,False,long,NON-EDGE,7,9999.0,,,,,,"total_trades 7 < 10 (first train window sized for 10 trades at min_tpm=35.2 (95% Poisson margin), not significant)"
E_DAAX,A_baseline,ALPHA-E_DAAX-1H-261007-3246,zs_diffnorm_body_close_pos_168 < -1 AND zs_diffnorm_body_lower_wick_168 < -1,False,long,NON-EDGE,54,0.8747,,,,,,profit_factor 0.87 < 1.0 (losing in-sample)
E_DAAX,A_baseline,ALPHA-E_DAAX-1H-261007-3247,delta_close_pos_3 > 0.480464 AND delta_diffnorm_body_upper_wick_3 > 2.14634,False,short,NON-EDGE,1840,0.9773,2449.0,0.9054,-0.000108,0.460188,1/4,profit_factor 0.98 < 1.0 (losing in-sample); in-sample PF 0.98 < 1.5; expectancy not significant (p=0.622628); walk-forward OOS PF 0.91 < 1.0
E_DAAX,A_baseline,ALPHA-E_DAAX-1H-261007-3248,delta_close_pos_3 > 0.588426 AND delta_diffnorm_close_pos_gap_3 > 1.95575,False,short,NON-EDGE,35,0.612,,,,,,profit_factor 0.61 < 1.0 (losing in-sample)
E_DAAX,A_baseline,ALPHA-E_DAAX-1H-261007-3249,delta_close_pos_3 > 0.480464 AND delta_diffnorm_close_pos_range_pct_3 > 1.95591,False,short,NON-EDGE,35,0.612,,,,,,profit_factor 0.61 < 1.0 (losing in-sample)
E_DAAX,A_baseline,ALPHA-E_DAAX-1H-261007-3250,delta_close_pos_3 > 0.480464 AND delta_diffnorm_close_pos_upper_wick_3 > 1.86374,False,short,NON-EDGE,2021,0.94,2676.0,0.8316,-0.000211,0.457399,1/4,profit_factor 0.94 < 1.0 (losing in-sample); in-sample PF 0.94 < 1.5; expectancy not significant (p=0.806104); walk-forward OOS PF 0.83 < 1.0
E_DAAX,A_baseline,ALPHA-E_DAAX-1H-261007-3251,delta_diffnorm_body_upper_wick_3 > 2.14634 AND delta_diffnorm_close_pos_gap_3 > 1.59683,False,short,NON-EDGE,1840,0.9773,2449.0,0.9054,-0.000108,0.460188,1/4,profit_factor 0.98 < 1.0 (losing in-sample); in-sample PF 0.98 < 1.5; expectancy not significant (p=0.622628); walk-forward OOS PF 0.91 < 1.0
E_DAAX,A_baseline,ALPHA-E_DAAX-1H-261007-3252,delta_diffnorm_body_upper_wick_3 > 2.14634 AND delta_diffnorm_close_pos_range_pct_3 > 1.95591,False,short,NON-EDGE,1549,0.98,2070.0,0.8853,-0.000118,0.455072,1/4,"total_trades 1549 < 1830 (52mo × 35.2 tpm, not significant); profit_factor 0.98 < 1.0 (losing in-sample); in-sample PF 0.98 < 1.5; total_trades 1549 < 1830 (52mo × 35.2 tpm); expectancy not significan"
E_DAAX,A_baseline,ALPHA-E_DAAX-1H-261007-3253,delta_diffnorm_close_pos_gap_12 > 1.58155 AND delta_pos_close_range03_12 > 0.939741,False,short,NON-EDGE,1987,0.9664,2561.0,0.9117,-0.000134,0.456462,1/4,profit_factor 0.97 < 1.0 (losing in-sample); in-sample PF 0.97 < 1.5; expectancy not significant (p=0.665818); walk-forward OOS PF 0.91 < 1.0
E_DAAX,A_baseline,ALPHA-E_DAAX-1H-261007-3254,pr_diffnorm_lower_wick_range_pct_168 > 0.922619 AND pr_diffnorm_lower_wick_upper_wick_48 > 0.916667,False,long,NON-EDGE,21,0.4898,,,,,,profit_factor 0.49 < 1.0 (losing in-sample)
E_DAAX,A_baseline,ALPHA-E_DAAX-1H-261007-3255,diffnorm_lower_wick_upper_wick > 1.4993 AND pr_lower_wick_96 > 0.90625,False,long,NON-EDGE,20,0.9701,,,,,,profit_factor 0.97 < 1.0 (losing in-sample)
E_DAAX,A_baseline,ALPHA-E_DAAX-1H-261007-3256,delta_diffnorm_range_pct_upper_wick_3 > 2.03491 AND delta_upper_wick_3 < -0.420022,False,short,NON-EDGE,2002,0.9309,2619.0,0.842,-0.000209,0.443681,0/4,profit_factor 0.93 < 1.0 (losing in-sample); in-sample PF 0.93 < 1.5; expectancy not significant (p=0.840806); walk-forward OOS PF 0.84 < 1.0
E_DAAX,A_baseline,ALPHA-E_DAAX-1H-261007-3257,delta_pos_close_range48_1 < -0.112641 AND delta_pos_low_range48_1 < -0.0729656,False,short,NON-EDGE,1795,0.892,2322.0,0.8351,-0.00025,0.427218,0/4,"total_trades 1795 < 1830 (52mo × 35.2 tpm, not significant); profit_factor 0.89 < 1.0 (losing in-sample); in-sample PF 0.89 < 1.5; total_trades 1795 < 1830 (52mo × 35.2 tpm); expectancy not significan"
E_DAAX,A_baseline,ALPHA-E_DAAX-1H-261007-3258,delta_pos_low_range24_1 < -0.106518 AND delta_pos_low_range48_1 < -0.0729656,False,short,NON-EDGE,2956,0.8732,3884.0,0.8102,-0.000246,0.422503,0/4,profit_factor 0.87 < 1.0 (losing in-sample); in-sample PF 0.87 < 1.5; expectancy not significant (p=0.993393); walk-forward OOS PF 0.81 < 1.0
E_DAAX,A_baseline,ALPHA-E_DAAX-1H-261007-3259,delta_pos_low_range24_1 < -0.154685 AND delta_pos_low_range96_1 < -0.0714834,False,short,NON-EDGE,1642,0.896,2138.0,0.8673,-0.000201,0.430309,1/4,"total_trades 1642 < 1830 (52mo × 35.2 tpm, not significant); profit_factor 0.90 < 1.0 (losing in-sample); in-sample PF 0.90 < 1.5; total_trades 1642 < 1830 (52mo × 35.2 tpm); expectancy not significan"
E_DAAX,A_baseline,ALPHA-E_DAAX-1H-261007-3260,delta_pos_low_range24_1 < -0.154685 AND zs_diffnorm_body_close_pos_168 < -1,False,long,NON-EDGE,20,0.5965,,,,,,profit_factor 0.60 < 1.0 (losing in-sample)
E_DAAX,A_baseline,ALPHA-E_DAAX-1H-261007-3261,delta_pos_low_range48_1 < -0.0729656 AND delta_pos_low_range96_1 < -0.0714834,False,short,NON-EDGE,2286,0.8778,2957.0,0.8422,-0.000232,0.430842,0/4,profit_factor 0.88 < 1.0 (losing in-sample); in-sample PF 0.88 < 1.5; expectancy not significant (p=0.974719); walk-forward OOS PF 0.84 < 1.0
E_DAAX,A_baseline,ALPHA-E_DAAX-1H-261007-3266,delta_pos_close_range06_1 > 0.436878 AND zs_body_168 > 1,False,long,NON-EDGE,1721,1.0052,2249.0,0.9828,-2.6e-05,0.510449,1/4,"total_trades 1721 < 1830 (52mo × 35.2 tpm, not significant); in-sample PF 1.01 < 1.5; total_trades 1721 < 1830 (52mo × 35.2 tpm); expectancy not significant (p=0.471919); walk-forward OOS PF 0.98 < 1."
E_DAAX,A_baseline,ALPHA-E_DAAX-1H-261007-3271,pr_close_pos_48 < 0.104167 AND pr_diffnorm_body_upper_wick_48 < 0.166667,False,long,NON-EDGE,36,0.9882,,,,,,profit_factor 0.99 < 1.0 (losing in-sample)
E_DAAX,A_baseline,ALPHA-E_DAAX-1H-261007-3274,ratio_close_ema_03_high_lag1 > 1.00011 AND zs_close_pos_168 > 1,False,short,NON-EDGE,1535,0.993,2013.0,0.9415,-0.000108,0.478887,1/4,"total_trades 1535 < 1830 (52mo × 35.2 tpm, not significant); profit_factor 0.99 < 1.0 (losing in-sample); in-sample PF 0.99 < 1.5; total_trades 1535 < 1830 (52mo × 35.2 tpm); expectancy not significan"
E_DAAX,A_baseline,ALPHA-E_DAAX-1H-261007-3276,delta_bb_pct_b_close_20_1 > 0.140672 AND delta_pos_close_range96_1 > 0.0778975,False,long,NON-EDGE,29,0.6727,,,,,,profit_factor 0.67 < 1.0 (losing in-sample)
E_DAAX,A_baseline,ALPHA-E_DAAX-1H-261007-3279,delta_bb_pct_b_close_20_1 > 0.140672 AND ratio_close_high_lag1 > 1.00059,False,long,NON-EDGE,2111,1.1934,2763.0,1.1456,0.000378,0.539993,3/4,in-sample PF 1.19 < 1.5
E_DAAX,A_baseline,ALPHA-E_DAAX-1H-261007-3286,delta_close_rsi_14_1 < -4.16183 AND ratio_body_upper_wick crosses_below -7.47233,False,long,NON-EDGE,1372,1.1668,1747.0,1.1069,0.000343,0.535776,3/4,"total_trades 1372 < 1830 (52mo × 35.2 tpm, not significant); in-sample PF 1.17 < 1.5; total_trades 1372 < 1830 (52mo × 35.2 tpm)"
E_DAAX,A_baseline,ALPHA-E_DAAX-1H-261007-3290,delta_close_rsi_14_1 < -5.53527 AND ratio_close_ema_03_low_lag1 < 1.00011,False,short,NON-EDGE,1609,0.9155,2081.0,0.8647,-0.000188,0.432965,1/4,"total_trades 1609 < 1830 (52mo × 35.2 tpm, not significant); profit_factor 0.92 < 1.0 (losing in-sample); in-sample PF 0.92 < 1.5; total_trades 1609 < 1830 (52mo × 35.2 tpm); expectancy not significan"
E_DAAX,A_baseline,ALPHA-E_DAAX-1H-261007-3295,delta_close_rsi_25_1 < -3.1391 AND delta_pos_close_range24_1 < -0.168203,False,short,NON-EDGE,1735,0.8862,2255.0,0.7974,-0.000246,0.424834,0/4,"total_trades 1735 < 1830 (52mo × 35.2 tpm, not significant); profit_factor 0.89 < 1.0 (losing in-sample); in-sample PF 0.89 < 1.5; total_trades 1735 < 1830 (52mo × 35.2 tpm); expectancy not significan"
E_DAAX,A_baseline,ALPHA-E_DAAX-1H-261007-3298,delta_close_rsi_25_1 > 3.46187 AND zs_close_ret_01_48 > 1,False,long,NON-EDGE,2002,0.9897,2615.0,0.9577,-7.3e-05,0.511281,2/4,profit_factor 0.99 < 1.0 (losing in-sample); in-sample PF 0.99 < 1.5; expectancy not significant (p=0.556095); walk-forward OOS PF 0.96 < 1.0
E_DAAX,A_baseline,ALPHA-E_DAAX-1H-261007-3304,delta_pos_close_range96_1 < -0.0559166 AND zs_diffnorm_body_close_pos_48 < -1,False,short,NON-EDGE,2413,0.7836,3167.0,0.7809,-0.000316,0.42785,0/4,profit_factor 0.78 < 1.0 (losing in-sample); in-sample PF 0.78 < 1.5; expectancy not significant (p=0.999966); walk-forward OOS PF 0.78 < 1.0
E_DAAX,A_baseline,ALPHA-E_DAAX-1H-261007-3305,delta_pos_high_range48_1 > 0.101267 AND zs_diffnorm_body_close_pos_96 > 1,False,long,NON-EDGE,40,0.7832,,,,,,profit_factor 0.78 < 1.0 (losing in-sample)
E_DAAX,A_baseline,ALPHA-E_DAAX-1H-261007-3322,pr_diffnorm_close_pos_gap_168 < 0.154762 AND pr_diffnorm_close_pos_gap_48 < 0.104167,False,short,NON-EDGE,2079,0.9147,2706.0,0.7722,-0.000952,0.494087,0/4,profit_factor 0.91 < 1.0 (losing in-sample); in-sample PF 0.91 < 1.5; expectancy not significant (p=0.876068); walk-forward OOS PF 0.77 < 1.0
E_DAAX,A_baseline,ALPHA-E_DAAX-1H-261007-3327,delta_pos_close_range48_1 > 0.113413 AND zs_diffnorm_close_pos_lower_wick_48 > 1,False,long,NON-EDGE,2053,1.0395,2691.0,0.977,-3.7e-05,0.50576,1/4,in-sample PF 1.04 < 1.5; expectancy not significant (p=0.299969); walk-forward OOS PF 0.98 < 1.0
E_DAAX,A_baseline,ALPHA-E_DAAX-1H-261007-3330,pr_diffnorm_close_pos_range_pct_168 < 0.154762 AND zs_diffnorm_close_pos_upper_wick_96 < -1,False,long,NON-EDGE,1895,0.8942,2445.0,0.8906,-0.000127,0.495706,1/4,profit_factor 0.89 < 1.0 (losing in-sample); in-sample PF 0.89 < 1.5; expectancy not significant (p=0.939848); walk-forward OOS PF 0.89 < 1.0
E_DAAX,A_baseline,ALPHA-E_DAAX-1H-261007-3337,delta_diffnorm_close_rsi14_rsi25_1 > 0.525363 AND pr_spread_close_sma03_96 > 0.854167,False,long,NON-EDGE,1617,0.9777,2117.0,0.9552,-7.8e-05,0.507794,2/4,"total_trades 1617 < 1830 (52mo × 35.2 tpm, not significant); profit_factor 0.98 < 1.0 (losing in-sample); in-sample PF 0.98 < 1.5; total_trades 1617 < 1830 (52mo × 35.2 tpm); expectancy not significan"
E_DAAX,A_baseline,ALPHA-E_DAAX-1H-261007-3339,delta_diffnorm_lower_wick_range_pct_6 > 1.47971 AND pr_diffnorm_gap_lower_wick_48 < 0.166667,False,short,NON-EDGE,33,0.8747,,,,,,profit_factor 0.87 < 1.0 (losing in-sample)
E_DAAX,A_baseline,ALPHA-E_DAAX-1H-261007-3341,pr_lower_wick_48 > 0.916667 AND zs_lower_wick_168 > 1,False,long,NON-EDGE,13,0.1985,,,,,,profit_factor 0.20 < 1.0 (losing in-sample)
E_DAAX,A_baseline,ALPHA-E_DAAX-1H-261007-3344,delta_pos_close_range06_1 > 0.316036 AND delta_pos_close_range96_1 > 0.0778975,False,long,NON-EDGE,1446,1.3998,1881.0,1.3342,0.001604,0.588517,3/4,"total_trades 1446 < 1830 (52mo × 35.2 tpm, not significant); in-sample PF 1.40 < 1.5; total_trades 1446 < 1830 (52mo × 35.2 tpm)"
E_DAAX,A_baseline,ALPHA-E_DAAX-1H-261007-3351,delta_pos_close_range168_1 < -0.0414129 AND ratio_close_ema_03_low_lag1 crosses_below 1.00011,False,short,NON-EDGE,1605,0.9367,2106.0,0.855,-0.000183,0.443495,0/4,"total_trades 1605 < 1830 (52mo × 35.2 tpm, not significant); profit_factor 0.94 < 1.0 (losing in-sample); in-sample PF 0.94 < 1.5; total_trades 1605 < 1830 (52mo × 35.2 tpm); expectancy not significan"
E_DAAX,A_baseline,ALPHA-E_DAAX-1H-261007-3354,delta_pos_close_range24_1 > 0.170887 AND delta_pos_close_range48_1 > 0.0837219,False,long,NON-EDGE,2168,1.0437,2843.0,0.9872,-3e-05,0.510376,1/4,in-sample PF 1.04 < 1.5; expectancy not significant (p=0.288486); walk-forward OOS PF 0.99 < 1.0
E_DAAX,A_baseline,ALPHA-E_DAAX-1H-261007-3356,delta_pos_close_range24_1 < -0.118589 AND ratio_close_ema_03_low_lag1 < 1.00011,False,short,NON-EDGE,1847,0.913,2429.0,0.8482,-0.000192,0.423631,0/4,profit_factor 0.91 < 1.0 (losing in-sample); in-sample PF 0.91 < 1.5; expectancy not significant (p=0.906039); walk-forward OOS PF 0.85 < 1.0
E_DAAX,A_baseline,ALPHA-E_DAAX-1H-261007-3358,delta_pos_close_range48_1 > 0.113413 AND delta_pos_high_range96_1 > 0.0497216,False,long,NON-EDGE,24,0.7215,,,,,,profit_factor 0.72 < 1.0 (losing in-sample)
E_DAAX,A_baseline,ALPHA-E_DAAX-1H-261007-3361,delta_pos_close_range96_1 < -0.0780696 AND delta_ratio_close_rsi14_rsi25_1 < -0.0567638,False,short,NON-EDGE,1470,0.9199,1941.0,0.8645,-0.000149,0.446677,0/4,"total_trades 1470 < 1830 (52mo × 35.2 tpm, not significant); profit_factor 0.92 < 1.0 (losing in-sample); in-sample PF 0.92 < 1.5; total_trades 1470 < 1830 (52mo × 35.2 tpm); expectancy not significan"
E_DAAX,A_baseline,ALPHA-E_DAAX-1H-261007-3362,delta_bb_pct_b_close_20_1 > 0.190632 AND zs_diffnorm_close_pos_gap_48 > 1,False,long,NON-EDGE,1583,1.0835,2064.0,0.997,-8e-06,0.528101,2/4,"total_trades 1583 < 1830 (52mo × 35.2 tpm, not significant); in-sample PF 1.08 < 1.5; total_trades 1583 < 1830 (52mo × 35.2 tpm); expectancy not significant (p=0.189141); walk-forward OOS PF 1.00 < 1."
E_DAAX,A_baseline,ALPHA-E_DAAX-1H-261007-3363,delta_bb_pct_b_close_20_1 > 0.190632 AND delta_pos_close_range24_1 > 0.12374,False,long,NON-EDGE,2128,1.0739,2774.0,1.0125,2.2e-05,0.509012,2/4,in-sample PF 1.07 < 1.5; expectancy not significant (p=0.163898)
E_DAAX,A_baseline,ALPHA-E_DAAX-1H-261007-3364,delta_bb_pct_b_close_20_1 > 0.190632 AND ratio_close_high_lag1 > 1.00059,False,long,NON-EDGE,1564,1.0617,2026.0,1.011,1.9e-05,0.50691,2/4,"total_trades 1564 < 1830 (52mo × 35.2 tpm, not significant); in-sample PF 1.06 < 1.5; total_trades 1564 < 1830 (52mo × 35.2 tpm); expectancy not significant (p=0.230852)"
E_DAAX,A_baseline,ALPHA-E_DAAX-1H-261007-3366,pr_ratio_close_pos_upper_wick_48 < 0.159091 AND pr_close_pos_168 < 0.101796,False,short,NON-EDGE,1780,0.9286,2322.0,0.7951,-0.000753,0.498277,0/4,"total_trades 1780 < 1830 (52mo × 35.2 tpm, not significant); profit_factor 0.93 < 1.0 (losing in-sample); in-sample PF 0.93 < 1.5; total_trades 1780 < 1830 (52mo × 35.2 tpm); expectancy not significan"
E_DAAX,A_baseline,ALPHA-E_DAAX-1H-261007-3367,delta_close_rsi_25_1 < -3.58454 AND delta_close_rsi_14_1 < -4.16183,False,short,NON-EDGE,2021,0.8743,2632.0,0.8109,-0.000247,0.43579,0/4,profit_factor 0.87 < 1.0 (losing in-sample); in-sample PF 0.87 < 1.5; expectancy not significant (p=0.980876); walk-forward OOS PF 0.81 < 1.0
E_DAAX,A_baseline,ALPHA-E_DAAX-1H-261007-3369,zs_diffnorm_body_lower_wick_168 < -1 AND delta_close_rsi_25_1 < -3.1391,False,long,NON-EDGE,1729,1.4175,2247.0,1.2855,0.001805,0.631064,3/4,"total_trades 1729 < 1830 (52mo × 35.2 tpm, not significant); in-sample PF 1.42 < 1.5; total_trades 1729 < 1830 (52mo × 35.2 tpm)"
E_DAAX,A_baseline,ALPHA-E_DAAX-1H-261007-3370,delta_close_rsi_25_1 < -3.58454 AND delta_pos_close_range168_1 < -0.0414129,False,short,NON-EDGE,1820,0.93,2403.0,0.8729,-0.00018,0.439035,1/4,"total_trades 1820 < 1830 (52mo × 35.2 tpm, not significant); profit_factor 0.93 < 1.0 (losing in-sample); in-sample PF 0.93 < 1.5; total_trades 1820 < 1830 (52mo × 35.2 tpm); expectancy not significan"
E_DAAX,A_baseline,ALPHA-E_DAAX-1H-261007-3371,delta_close_rsi_25_1 < -3.58454 AND delta_pos_close_range96_1 < -0.0780696,False,short,NON-EDGE,1553,0.9263,2033.0,0.9032,-0.000111,0.44122,0/4,"total_trades 1553 < 1830 (52mo × 35.2 tpm, not significant); profit_factor 0.93 < 1.0 (losing in-sample); in-sample PF 0.93 < 1.5; total_trades 1553 < 1830 (52mo × 35.2 tpm); expectancy not significan"
E_DAAX,A_baseline,ALPHA-E_DAAX-1H-261007-3372,delta_pos_low_range24_1 < -0.154685 AND delta_close_rsi_25_1 < -2.32996,False,short,NON-EDGE,1612,0.8833,2100.0,0.8492,-0.000218,0.434286,0/4,"total_trades 1612 < 1830 (52mo × 35.2 tpm, not significant); profit_factor 0.88 < 1.0 (losing in-sample); in-sample PF 0.88 < 1.5; total_trades 1612 < 1830 (52mo × 35.2 tpm); expectancy not significan"
E_DAAX,A_baseline,ALPHA-E_DAAX-1H-261007-3375,delta_close_rsi_25_1 < -3.58454 AND ratio_close_low_lag1 < 0.999555,False,short,NON-EDGE,1618,0.8964,2102.0,0.8296,-0.000228,0.439581,0/4,"total_trades 1618 < 1830 (52mo × 35.2 tpm, not significant); profit_factor 0.90 < 1.0 (losing in-sample); in-sample PF 0.90 < 1.5; total_trades 1618 < 1830 (52mo × 35.2 tpm); expectancy not significan"
E_DAAX,A_baseline,ALPHA-E_DAAX-1H-261007-3376,delta_close_rsi_25_1 < -3.58454 AND spread_close_low_lag1 < -0.000445124,False,short,NON-EDGE,1618,0.8964,2102.0,0.8296,-0.000228,0.439581,0/4,"total_trades 1618 < 1830 (52mo × 35.2 tpm, not significant); profit_factor 0.90 < 1.0 (losing in-sample); in-sample PF 0.90 < 1.5; total_trades 1618 < 1830 (52mo × 35.2 tpm); expectancy not significan"
E_DAAX,A_baseline,ALPHA-E_DAAX-1H-261007-3377,delta_pos_close_range03_12 > 0.939741 AND delta_diffnorm_body_upper_wick_12 > 1.57413,False,short,NON-EDGE,2107,0.9144,2734.0,0.8693,-0.000234,0.450988,0/4,profit_factor 0.91 < 1.0 (losing in-sample); in-sample PF 0.91 < 1.5; expectancy not significant (p=0.877519); walk-forward OOS PF 0.87 < 1.0
E_DAAX,A_baseline,ALPHA-E_DAAX-1H-261007-3381,delta_diffnorm_close_pos_upper_wick_3 > 1.53359 AND zs_diffnorm_body_gap_48 > 1,False,short,NON-EDGE,1833,0.9815,2434.0,0.8963,-0.000184,0.474528,1/4,profit_factor 0.98 < 1.0 (losing in-sample); in-sample PF 0.98 < 1.5; expectancy not significant (p=0.596283); walk-forward OOS PF 0.90 < 1.0
E_DAAX,A_baseline,ALPHA-E_DAAX-1H-261007-3382,delta_diffnorm_close_rsi14_rsi25_1 < -0.607972 AND delta_pos_close_range168_1 < -0.0414129,False,short,NON-EDGE,1688,0.9541,2241.0,0.9166,-9.2e-05,0.439536,1/4,"total_trades 1688 < 1830 (52mo × 35.2 tpm, not significant); profit_factor 0.95 < 1.0 (losing in-sample); in-sample PF 0.95 < 1.5; total_trades 1688 < 1830 (52mo × 35.2 tpm); expectancy not significan"
E_DAAX,A_baseline,ALPHA-E_DAAX-1H-261007-3383,delta_diffnorm_close_rsi14_rsi25_1 < -0.607972 AND delta_pos_close_range24_1 < -0.118589,False,short,NON-EDGE,1752,0.8882,2307.0,0.8539,-0.000181,0.423927,1/4,"total_trades 1752 < 1830 (52mo × 35.2 tpm, not significant); profit_factor 0.89 < 1.0 (losing in-sample); in-sample PF 0.89 < 1.5; total_trades 1752 < 1830 (52mo × 35.2 tpm); expectancy not significan"
E_DAAX,A_baseline,ALPHA-E_DAAX-1H-261007-3384,delta_pos_low_range48_1 < -0.103896 AND delta_diffnorm_close_rsi14_rsi25_1 < -0.401069,False,short,NON-EDGE,1561,0.905,2023.0,0.874,-0.000177,0.431537,0/4,"total_trades 1561 < 1830 (52mo × 35.2 tpm, not significant); profit_factor 0.91 < 1.0 (losing in-sample); in-sample PF 0.91 < 1.5; total_trades 1561 < 1830 (52mo × 35.2 tpm); expectancy not significan"
E_DAAX,A_baseline,ALPHA-E_DAAX-1H-261007-3385,delta_diffnorm_close_rsi14_rsi25_1 < -0.607972 AND delta_ratio_close_vol12_vol96_1 > 0.0680779,False,short,NON-EDGE,1409,0.9382,1865.0,0.844,-0.000191,0.435389,1/4,"total_trades 1409 < 1830 (52mo × 35.2 tpm, not significant); profit_factor 0.94 < 1.0 (losing in-sample); in-sample PF 0.94 < 1.5; total_trades 1409 < 1830 (52mo × 35.2 tpm); expectancy not significan"
E_DAAX,A_baseline,ALPHA-E_DAAX-1H-261007-3386,delta_diffnorm_close_rsi14_rsi25_1 < -0.607972 AND ratio_close_low_lag1 < 0.999555,False,short,NON-EDGE,1475,0.9806,1916.0,0.9622,-0.000106,0.458768,1/4,"total_trades 1475 < 1830 (52mo × 35.2 tpm, not significant); profit_factor 0.98 < 1.0 (losing in-sample); in-sample PF 0.98 < 1.5; total_trades 1475 < 1830 (52mo × 35.2 tpm); expectancy not significan"
E_DAAX,A_baseline,ALPHA-E_DAAX-1H-261007-3387,delta_diffnorm_close_rsi14_rsi25_1 < -0.607972 AND spread_close_low_lag1 < -0.000445124,False,short,NON-EDGE,1475,0.9806,1916.0,0.9622,-0.000106,0.458768,1/4,"total_trades 1475 < 1830 (52mo × 35.2 tpm, not significant); profit_factor 0.98 < 1.0 (losing in-sample); in-sample PF 0.98 < 1.5; total_trades 1475 < 1830 (52mo × 35.2 tpm); expectancy not significan"
E_DAAX,A_baseline,ALPHA-E_DAAX-1H-261007-3390,pr_diffnorm_range_pct_upper_wick_48 > 0.916667 AND diffnorm_range_pct_upper_wick > -0.219038,False,short,NON-EDGE,2088,0.8829,2692.0,0.7806,-0.002131,0.454309,1/4,profit_factor 0.88 < 1.0 (losing in-sample); in-sample PF 0.88 < 1.5; expectancy not significant (p=0.859963); walk-forward OOS PF 0.78 < 1.0
E_DAAX,A_baseline,ALPHA-E_DAAX-1H-261007-3391,delta_pos_close_range03_12 > 0.939741 AND delta_diffnorm_body_lower_wick_12 > 1.95229,False,short,NON-EDGE,1550,0.9728,2035.0,0.8457,-0.000282,0.45602,1/4,"total_trades 1550 < 1830 (52mo × 35.2 tpm, not significant); profit_factor 0.97 < 1.0 (losing in-sample); in-sample PF 0.97 < 1.5; total_trades 1550 < 1830 (52mo × 35.2 tpm); expectancy not significan"
E_DAAX,A_baseline,ALPHA-E_DAAX-1H-261007-3392,delta_pos_close_range48_1 < -0.112641 AND delta_close_rsi_14_1 < -4.16183,False,short,NON-EDGE,2230,0.8876,2889.0,0.8135,-0.000256,0.427137,0/4,profit_factor 0.89 < 1.0 (losing in-sample); in-sample PF 0.89 < 1.5; expectancy not significant (p=0.973512); walk-forward OOS PF 0.81 < 1.0
E_DAAX,A_baseline,ALPHA-E_DAAX-1H-261007-3393,delta_pos_close_range48_1 < -0.130737 AND delta_pos_close_range168_1 < -0.0414129,False,short,NON-EDGE,1772,0.8813,2331.0,0.8145,-0.00023,0.437151,0/4,"total_trades 1772 < 1830 (52mo × 35.2 tpm, not significant); profit_factor 0.88 < 1.0 (losing in-sample); in-sample PF 0.88 < 1.5; total_trades 1772 < 1830 (52mo × 35.2 tpm); expectancy not significan"
E_DAAX,A_baseline,ALPHA-E_DAAX-1H-261007-3394,delta_pos_close_range48_1 < -0.130737 AND zs_close_ret_01_168 < -1,False,short,NON-EDGE,1655,0.8974,2159.0,0.821,-0.000224,0.436313,0/4,"total_trades 1655 < 1830 (52mo × 35.2 tpm, not significant); profit_factor 0.90 < 1.0 (losing in-sample); in-sample PF 0.90 < 1.5; total_trades 1655 < 1830 (52mo × 35.2 tpm); expectancy not significan"
E_DAAX,A_baseline,ALPHA-E_DAAX-1H-261007-3395,ratio_close_ema_03_low_lag1 < 0.999908 AND delta_pos_close_range48_1 < -0.0808988,False,short,NON-EDGE,1555,0.921,2022.0,0.8998,-0.000128,0.439664,0/4,"total_trades 1555 < 1830 (52mo × 35.2 tpm, not significant); profit_factor 0.92 < 1.0 (losing in-sample); in-sample PF 0.92 < 1.5; total_trades 1555 < 1830 (52mo × 35.2 tpm); expectancy not significan"
E_DAAX,A_baseline,ALPHA-E_DAAX-1H-261007-3396,delta_pos_close_range48_1 < -0.112641 AND ratio_close_low_lag1 < 0.999555,False,short,NON-EDGE,1719,0.9077,2225.0,0.8459,-0.000213,0.429213,0/4,"total_trades 1719 < 1830 (52mo × 35.2 tpm, not significant); profit_factor 0.91 < 1.0 (losing in-sample); in-sample PF 0.91 < 1.5; total_trades 1719 < 1830 (52mo × 35.2 tpm); expectancy not significan"
E_DAAX,A_baseline,ALPHA-E_DAAX-1H-261007-3397,delta_pos_close_range48_1 < -0.112641 AND spread_close_low_lag1 < -0.000445124,False,short,NON-EDGE,1719,0.9077,2225.0,0.8459,-0.000213,0.429213,0/4,"total_trades 1719 < 1830 (52mo × 35.2 tpm, not significant); profit_factor 0.91 < 1.0 (losing in-sample); in-sample PF 0.91 < 1.5; total_trades 1719 < 1830 (52mo × 35.2 tpm); expectancy not significan"
E_DAAX,A_baseline,ALPHA-E_DAAX-1H-261007-3398,delta_pos_high_range24_1 > 0.176153 AND delta_pos_high_range48_1 > 0.101267,False,long,NON-EDGE,1542,1.5656,2006.0,1.4181,0.002075,0.655035,3/4,"total_trades 1542 < 1830 (52mo × 35.2 tpm, not significant); total_trades 1542 < 1830 (52mo × 35.2 tpm)"
E_DAAX,A_baseline,ALPHA-E_DAAX-1H-261007-3405,delta_pos_low_range24_1 < -0.106518 AND delta_ratio_close_rsi14_rsi25_1 < -0.0503357,False,short,NON-EDGE,1590,0.9137,2096.0,0.8624,-0.000179,0.432252,0/4,"total_trades 1590 < 1830 (52mo × 35.2 tpm, not significant); profit_factor 0.91 < 1.0 (losing in-sample); in-sample PF 0.91 < 1.5; total_trades 1590 < 1830 (52mo × 35.2 tpm); expectancy not significan"
E_DAAX,A_baseline,ALPHA-E_DAAX-1H-261007-3408,delta_pos_low_range48_1 < -0.103896 AND delta_pos_close_range168_1 < -0.0414129,False,short,NON-EDGE,1627,0.8967,2141.0,0.8549,-0.000216,0.433909,0/4,"total_trades 1627 < 1830 (52mo × 35.2 tpm, not significant); profit_factor 0.90 < 1.0 (losing in-sample); in-sample PF 0.90 < 1.5; total_trades 1627 < 1830 (52mo × 35.2 tpm); expectancy not significan"
E_DAAX,A_baseline,ALPHA-E_DAAX-1H-261007-3409,delta_pos_low_range48_1 < -0.103896 AND delta_pos_close_range96_1 < -0.0559166,False,short,NON-EDGE,1695,0.9027,2205.0,0.8544,-0.000215,0.432653,0/4,"total_trades 1695 < 1830 (52mo × 35.2 tpm, not significant); profit_factor 0.90 < 1.0 (losing in-sample); in-sample PF 0.90 < 1.5; total_trades 1695 < 1830 (52mo × 35.2 tpm); expectancy not significan"
E_DAAX,A_baseline,ALPHA-E_DAAX-1H-261007-3412,delta_pos_low_range48_1 < -0.103896 AND ratio_close_low_lag1 < 0.999555,False,short,NON-EDGE,1827,0.8839,2386.0,0.84,-0.000218,0.433361,0/4,"total_trades 1827 < 1830 (52mo × 35.2 tpm, not significant); profit_factor 0.88 < 1.0 (losing in-sample); in-sample PF 0.88 < 1.5; total_trades 1827 < 1830 (52mo × 35.2 tpm); expectancy not significan"
E_DAAX,A_baseline,ALPHA-E_DAAX-1H-261007-3413,delta_pos_low_range48_1 < -0.103896 AND spread_close_low_lag1 < -0.000445124,False,short,NON-EDGE,1827,0.8839,2386.0,0.84,-0.000218,0.433361,0/4,"total_trades 1827 < 1830 (52mo × 35.2 tpm, not significant); profit_factor 0.88 < 1.0 (losing in-sample); in-sample PF 0.88 < 1.5; total_trades 1827 < 1830 (52mo × 35.2 tpm); expectancy not significan"
E_DAAX,A_baseline,ALPHA-E_DAAX-1H-261007-3414,delta_pos_low_range96_1 < -0.0840202 AND ratio_close_low_lag1 < 0.999555,False,short,NON-EDGE,1581,0.9036,2049.0,0.8981,-0.000143,0.433382,1/4,"total_trades 1581 < 1830 (52mo × 35.2 tpm, not significant); profit_factor 0.90 < 1.0 (losing in-sample); in-sample PF 0.90 < 1.5; total_trades 1581 < 1830 (52mo × 35.2 tpm); expectancy not significan"
E_DAAX,A_baseline,ALPHA-E_DAAX-1H-261007-3418,ratio_body_upper_wick crosses_below -9.95281 AND pr_ratio_body_upper_wick_168 < 0.10303,False,long,NON-EDGE,1733,1.1546,2202.0,1.1643,0.00043,0.550863,4/4,"total_trades 1733 < 1830 (52mo × 35.2 tpm, not significant); in-sample PF 1.15 < 1.5; total_trades 1733 < 1830 (52mo × 35.2 tpm)"
E_DAAX,A_baseline,ALPHA-E_DAAX-1H-261007-3419,pr_ratio_close_pos_upper_wick_48 < 0.0869565 AND pr_ratio_close_pos_range_pct_48 < 0.166667,False,short,NON-EDGE,24,0.9344,,,,,,profit_factor 0.93 < 1.0 (losing in-sample)
E_DAAX,A_baseline,ALPHA-E_DAAX-1H-261007-3420,delta_ratio_close_vol05_vol96_1 > 0.313949 AND delta_ratio_close_vol12_vol168_1 > 0.0664785,False,long,NON-EDGE,1688,1.2554,2221.0,1.2428,0.001093,0.559658,3/4,"total_trades 1688 < 1830 (52mo × 35.2 tpm, not significant); in-sample PF 1.26 < 1.5; total_trades 1688 < 1830 (52mo × 35.2 tpm)"
E_DAAX,A_baseline,ALPHA-E_DAAX-1H-261007-3423,delta_ratio_volume_sma03_sma25_1 > 0.455524 AND pr_ratio_volume_sma12_96 > 0.84375,False,short,NON-EDGE,1787,0.9629,2307.0,0.9553,-0.00012,0.463806,1/4,"total_trades 1787 < 1830 (52mo × 35.2 tpm, not significant); profit_factor 0.96 < 1.0 (losing in-sample); in-sample PF 0.96 < 1.5; total_trades 1787 < 1830 (52mo × 35.2 tpm); expectancy not significan"
E_DAAX,A_baseline,ALPHA-E_DAAX-1H-261007-3427,pr_ratio_volume_sma25_48 > 0.854167 AND ratio_volume_sma25 > 1.89159,False,short,NON-EDGE,3151,0.9842,4034.0,0.9539,-0.000112,0.459346,2/4,profit_factor 0.98 < 1.0 (losing in-sample); in-sample PF 0.98 < 1.5; expectancy not significant (p=0.580095); walk-forward OOS PF 0.95 < 1.0
E_DAAX,A_baseline,ALPHA-E_DAAX-1H-261007-3428,zs_diffnorm_lower_wick_range_pct_168 > 1.5 AND pr_lower_wick_48 > 0.916667,False,long,NON-EDGE,32,0.5243,,,,,,profit_factor 0.52 < 1.0 (losing in-sample)
E_DAAX,A_baseline,ALPHA-E_DAAX-1H-261007-3429,pr_gap_48 > 0.854167 AND pr_gap_96 > 0.921875,False,short,NON-EDGE,1897,0.9736,2518.0,0.7895,-0.000698,0.500397,0/4,profit_factor 0.97 < 1.0 (losing in-sample); in-sample PF 0.97 < 1.5; expectancy not significant (p=0.635972); walk-forward OOS PF 0.79 < 1.0
E_DAAX,A_baseline,ALPHA-E_DAAX-1H-261007-3431,pr_ratio_gap_lower_wick_48 > 0.934783 AND ratio_gap_lower_wick > 0.000840202,False,short,NON-EDGE,25,0.9053,,,,,,profit_factor 0.91 < 1.0 (losing in-sample)
E_DAAX,A_baseline,ALPHA-E_DAAX-1H-261007-3433,ratio_close_ema_03_low_lag1 < 0.999908 AND delta_pos_close_range24_1 < -0.118589,False,short,NON-EDGE,1482,0.9055,1936.0,0.9138,-0.00012,0.434917,1/4,"total_trades 1482 < 1830 (52mo × 35.2 tpm, not significant); profit_factor 0.91 < 1.0 (losing in-sample); in-sample PF 0.91 < 1.5; total_trades 1482 < 1830 (52mo × 35.2 tpm); expectancy not significan"
E_DAAX,A_baseline,ALPHA-E_DAAX-1H-261007-3436,ratio_close_ema_03_low_lag1 crosses_below 0.999908 AND spread_close_low_lag1 < -0.000445124,False,short,NON-EDGE,2016,0.8729,2607.0,0.8297,-0.000221,0.442654,0/4,profit_factor 0.87 < 1.0 (losing in-sample); in-sample PF 0.87 < 1.5; expectancy not significant (p=0.9799); walk-forward OOS PF 0.83 < 1.0
E_DAAX,A_baseline,ALPHA-E_DAAX-1H-261007-3439,ratio_low_ema_03_close_lag1 > 0.999673 AND zs_pos_low_range06_96 < -1,False,short,NON-EDGE,1767,1.0544,2306.0,0.848,-0.00054,0.493495,1/4,"total_trades 1767 < 1830 (52mo × 35.2 tpm, not significant); in-sample PF 1.05 < 1.5; total_trades 1767 < 1830 (52mo × 35.2 tpm); expectancy not significant (p=0.265183); walk-forward OOS PF 0.85 < 1."
E_DAAX,A_baseline,ALPHA-E_DAAX-1H-261007-3441,ratio_low_ema_12_close_lag3 > 1.00046 AND ratio_low_ema_09_close_lag3 > 1.00019,False,short,NON-EDGE,58,0.8714,,,,,,profit_factor 0.87 < 1.0 (losing in-sample)
E_DAAX,A_baseline,ALPHA-E_DAAX-1H-261007-3444,ratio_low_ema_12_high_lag3 > 0.999269 AND ratio_close_ema_12_high_lag3 > 1.00043,False,short,NON-EDGE,2912,0.9563,3894.0,0.8532,-0.000248,0.437083,1/4,profit_factor 0.96 < 1.0 (losing in-sample); in-sample PF 0.96 < 1.5; expectancy not significant (p=0.726662); walk-forward OOS PF 0.85 < 1.0
E_DAAX,A_baseline,ALPHA-E_DAAX-1H-261007-3450,zs_diffnorm_body_close_pos_168 < -1 AND delta_pos_close_range24_1 < -0.118589,False,long,NON-EDGE,25,0.8067,,,,,,profit_factor 0.81 < 1.0 (losing in-sample)
E_DAAX,A_baseline,ALPHA-E_DAAX-1H-261007-3458,zs_diffnorm_body_lower_wick_168 < -1 AND delta_diffnorm_body_gap_3 < -1.57377,False,long,NON-EDGE,1954,1.4354,2535.0,1.49,0.002714,0.65286,3/4,in-sample PF 1.44 < 1.5
E_DAAX,A_baseline,ALPHA-E_DAAX-1H-261007-3460,zs_diffnorm_body_lower_wick_168 < -1 AND diffnorm_body_range_pct < -1.16687,False,long,NON-EDGE,2750,1.4515,3511.0,1.4129,0.002491,0.647109,3/4,in-sample PF 1.45 < 1.5
