asset,run,alpha_id,expression,uses_setup,direction,verdict,is_trades,is_pf,oos_trades,oos_pf,oos_expectancy,oos_win_pct,wf_profitable_splits,rejection
E_SandP-500,A_baseline,ALPHA-E_SandP-500-1H-261007-000,pr_close_ret_01_48 < 0.0833333,False,short,NON-EDGE,25,0.6792,,,,,,profit_factor 0.68 < 1.0 (losing in-sample)
E_SandP-500,A_baseline,ALPHA-E_SandP-500-1H-261007-012,pr_close_ret_01_168 < 0.10119,False,short,NON-EDGE,2451,0.9168,3201.0,0.8764,-0.000186,0.442987,0/4,profit_factor 0.92 < 1.0 (losing in-sample); in-sample PF 0.92 < 1.5; expectancy not significant (p=0.91801); walk-forward OOS PF 0.88 < 1.0
E_SandP-500,A_baseline,ALPHA-E_SandP-500-1H-261007-019,zs_close_ret_01_96 < -1,False,long,NON-EDGE,45,0.9058,,,,,,profit_factor 0.91 < 1.0 (losing in-sample)
E_SandP-500,A_baseline,ALPHA-E_SandP-500-1H-261007-020,zs_close_ret_01_96 > 1,False,long,NON-EDGE,48,0.9203,,,,,,profit_factor 0.92 < 1.0 (losing in-sample)
E_SandP-500,A_baseline,ALPHA-E_SandP-500-1H-261007-021,zs_close_ret_01_168 < -1,False,short,NON-EDGE,2702,0.8801,3468.0,0.8408,-0.000261,0.446367,0/4,profit_factor 0.88 < 1.0 (losing in-sample); in-sample PF 0.88 < 1.5; expectancy not significant (p=0.984188); walk-forward OOS PF 0.84 < 1.0
E_SandP-500,A_baseline,ALPHA-E_SandP-500-1H-261007-033,delta_close_rsi_14_1 < -6.23913,False,short,NON-EDGE,2048,0.9227,2634.0,0.8832,-0.000178,0.433561,1/4,profit_factor 0.92 < 1.0 (losing in-sample); in-sample PF 0.92 < 1.5; expectancy not significant (p=0.882585); walk-forward OOS PF 0.88 < 1.0
E_SandP-500,A_baseline,ALPHA-E_SandP-500-1H-261007-034,delta_close_rsi_14_1 < -5.45483,False,short,NON-EDGE,2577,0.8994,3288.0,0.8339,-0.000238,0.429136,0/4,profit_factor 0.90 < 1.0 (losing in-sample); in-sample PF 0.90 < 1.5; expectancy not significant (p=0.959367); walk-forward OOS PF 0.83 < 1.0
E_SandP-500,A_baseline,ALPHA-E_SandP-500-1H-261007-042,delta_close_rsi_25_1 < -3.53825,False,short,NON-EDGE,2059,0.8922,2630.0,0.8647,-0.0002,0.444106,0/4,profit_factor 0.89 < 1.0 (losing in-sample); in-sample PF 0.89 < 1.5; expectancy not significant (p=0.961128); walk-forward OOS PF 0.86 < 1.0
E_SandP-500,A_baseline,ALPHA-E_SandP-500-1H-261007-054,body < -0.73464,False,short,NON-EDGE,2094,0.9906,2649.0,0.8867,-0.000188,0.433371,1/4,profit_factor 0.99 < 1.0 (losing in-sample); in-sample PF 0.99 < 1.5; expectancy not significant (p=0.552224); walk-forward OOS PF 0.89 < 1.0
E_SandP-500,A_baseline,ALPHA-E_SandP-500-1H-261007-055,body crosses_below -0.73464,False,short,NON-EDGE,1917,0.9832,2434.0,0.9161,-0.000145,0.434675,1/4,profit_factor 0.98 < 1.0 (losing in-sample); in-sample PF 0.98 < 1.5; expectancy not significant (p=0.592027); walk-forward OOS PF 0.92 < 1.0
E_SandP-500,A_baseline,ALPHA-E_SandP-500-1H-261007-056,body < -0.691715,False,short,NON-EDGE,2627,0.9164,3306.0,0.8579,-0.00021,0.436177,0/4,profit_factor 0.92 < 1.0 (losing in-sample); in-sample PF 0.92 < 1.5; expectancy not significant (p=0.916566); walk-forward OOS PF 0.86 < 1.0
E_SandP-500,A_baseline,ALPHA-E_SandP-500-1H-261007-057,body crosses_below -0.691715,False,short,NON-EDGE,38,0.9521,,,,,,profit_factor 0.95 < 1.0 (losing in-sample)
E_SandP-500,A_baseline,ALPHA-E_SandP-500-1H-261007-065,pr_body_48 < 0.166667,False,short,NON-EDGE,64,0.8295,,,,,,profit_factor 0.83 < 1.0 (losing in-sample)
E_SandP-500,A_baseline,ALPHA-E_SandP-500-1H-261007-069,pr_body_96 < 0.0833333,False,short,NON-EDGE,32,0.7449,,,,,,profit_factor 0.74 < 1.0 (losing in-sample)
E_SandP-500,A_baseline,ALPHA-E_SandP-500-1H-261007-070,pr_body_96 < 0.104167,False,short,NON-EDGE,38,0.7651,,,,,,profit_factor 0.77 < 1.0 (losing in-sample)
E_SandP-500,A_baseline,ALPHA-E_SandP-500-1H-261007-075,pr_body_168 < 0.0833333,False,short,NON-EDGE,1964,0.9699,2550.0,0.8874,-0.000154,0.438431,1/4,profit_factor 0.97 < 1.0 (losing in-sample); in-sample PF 0.97 < 1.5; expectancy not significant (p=0.663702); walk-forward OOS PF 0.89 < 1.0
E_SandP-500,A_baseline,ALPHA-E_SandP-500-1H-261007-076,pr_body_168 < 0.10119,False,short,NON-EDGE,38,0.9528,,,,,,profit_factor 0.95 < 1.0 (losing in-sample)
E_SandP-500,A_baseline,ALPHA-E_SandP-500-1H-261007-099,delta_body_3 > 0.81883,False,short,NON-EDGE,3849,0.8747,4964.0,0.8155,-0.000204,0.419823,0/4,profit_factor 0.87 < 1.0 (losing in-sample); in-sample PF 0.87 < 1.5; expectancy not significant (p=0.993344); walk-forward OOS PF 0.82 < 1.0
E_SandP-500,A_baseline,ALPHA-E_SandP-500-1H-261007-105,delta_body_6 > 0.832488,False,long,NON-EDGE,3845,1.155,4950.0,1.2095,0.000824,0.555152,3/4,in-sample PF 1.16 < 1.5; expectancy not significant (p=0.106135)
E_SandP-500,A_baseline,ALPHA-E_SandP-500-1H-261007-110,delta_body_12 < -0.827007,False,long,NON-EDGE,3867,1.1223,4943.0,1.1688,0.000687,0.554724,3/4,in-sample PF 1.12 < 1.5; expectancy not significant (p=0.160243)
E_SandP-500,A_baseline,ALPHA-E_SandP-500-1H-261007-127,pr_upper_wick_48 > 0.916667,False,long,NON-EDGE,37,0.7389,,,,,,profit_factor 0.74 < 1.0 (losing in-sample)
E_SandP-500,A_baseline,ALPHA-E_SandP-500-1H-261007-138,pr_upper_wick_168 > 0.85119,False,long,NON-EDGE,51,0.6008,,,,,,profit_factor 0.60 < 1.0 (losing in-sample)
E_SandP-500,A_baseline,ALPHA-E_SandP-500-1H-261007-139,pr_upper_wick_168 > 0.904762,False,long,NON-EDGE,30,0.7911,,,,,,profit_factor 0.79 < 1.0 (losing in-sample)
E_SandP-500,A_baseline,ALPHA-E_SandP-500-1H-261007-148,zs_upper_wick_168 > 1,False,long,NON-EDGE,60,0.532,,,,,,profit_factor 0.53 < 1.0 (losing in-sample)
E_SandP-500,A_baseline,ALPHA-E_SandP-500-1H-261007-152,delta_upper_wick_1 < -0.293758,False,long,NON-EDGE,3800,0.8319,4954.0,0.8261,-0.000219,0.48809,0/4,profit_factor 0.83 < 1.0 (losing in-sample); in-sample PF 0.83 < 1.5; expectancy not significant (p=0.999735); walk-forward OOS PF 0.83 < 1.0
E_SandP-500,A_baseline,ALPHA-E_SandP-500-1H-261007-153,delta_upper_wick_1 > 0.29198,False,short,NON-EDGE,3772,0.8904,4952.0,0.8466,-0.000481,0.436187,0/4,profit_factor 0.89 < 1.0 (losing in-sample); in-sample PF 0.89 < 1.5; expectancy not significant (p=0.957758); walk-forward OOS PF 0.85 < 1.0
E_SandP-500,A_baseline,ALPHA-E_SandP-500-1H-261007-268,zs_close_pos_168 < -1,False,short,NON-EDGE,5565,0.8568,7232.0,0.597,-0.004069,0.578402,0/4,profit_factor 0.86 < 1.0 (losing in-sample); in-sample PF 0.86 < 1.5; expectancy not significant (p=0.793917); walk-forward OOS PF 0.60 < 1.0
E_SandP-500,A_baseline,ALPHA-E_SandP-500-1H-261007-274,delta_close_pos_1 > 0.590823,False,short,NON-EDGE,2553,0.9092,3298.0,0.8718,-0.000364,0.444815,1/4,profit_factor 0.91 < 1.0 (losing in-sample); in-sample PF 0.91 < 1.5; expectancy not significant (p=0.903324); walk-forward OOS PF 0.87 < 1.0
E_SandP-500,A_baseline,ALPHA-E_SandP-500-1H-261007-301,pr_range_pct_96 > 0.90625,False,long,NON-EDGE,44,0.9745,,,,,,profit_factor 0.97 < 1.0 (losing in-sample)
E_SandP-500,A_baseline,ALPHA-E_SandP-500-1H-261007-306,zs_range_pct_48 > 1,False,long,NON-EDGE,3520,1.1887,4577.0,1.2457,0.001091,0.562159,3/4,in-sample PF 1.19 < 1.5; expectancy not significant (p=0.139158)
E_SandP-500,A_baseline,ALPHA-E_SandP-500-1H-261007-308,zs_range_pct_96 > 1,False,long,NON-EDGE,60,0.9421,,,,,,profit_factor 0.94 < 1.0 (losing in-sample)
E_SandP-500,A_baseline,ALPHA-E_SandP-500-1H-261007-309,zs_range_pct_168 > 1,False,long,NON-EDGE,53,0.7808,,,,,,profit_factor 0.78 < 1.0 (losing in-sample)
E_SandP-500,A_baseline,ALPHA-E_SandP-500-1H-261007-332,delta_ratio_volume_sma03_sma09_1 > 0.298234,False,short,NON-EDGE,3872,0.8487,4972.0,0.8196,-0.000181,0.403258,0/4,profit_factor 0.85 < 1.0 (losing in-sample); in-sample PF 0.85 < 1.5; expectancy not significant (p=0.998061); walk-forward OOS PF 0.82 < 1.0
E_SandP-500,A_baseline,ALPHA-E_SandP-500-1H-261007-336,zs_ratio_volume_sma03_sma12_48 > 1,False,long,NON-EDGE,73,0.9813,,,,,,profit_factor 0.98 < 1.0 (losing in-sample)
E_SandP-500,A_baseline,ALPHA-E_SandP-500-1H-261007-369,zs_ratio_close_vol05_vol12_48 > 1,False,short,NON-EDGE,4902,0.8963,6385.0,0.8863,-0.000187,0.440877,1/4,profit_factor 0.90 < 1.0 (losing in-sample); in-sample PF 0.90 < 1.5; expectancy not significant (p=0.970431); walk-forward OOS PF 0.89 < 1.0
E_SandP-500,A_baseline,ALPHA-E_SandP-500-1H-261007-385,delta_ratio_close_vol05_vol24_1 > 0.188008,False,short,NON-EDGE,64,0.7908,,,,,,profit_factor 0.79 < 1.0 (losing in-sample)
E_SandP-500,A_baseline,ALPHA-E_SandP-500-1H-261007-387,delta_ratio_close_vol05_vol24_1 > 0.310694,False,short,NON-EDGE,31,0.7533,,,,,,profit_factor 0.75 < 1.0 (losing in-sample)
E_SandP-500,A_baseline,ALPHA-E_SandP-500-1H-261007-393,delta_ratio_close_vol05_vol96_1 > 0.169903,False,short,NON-EDGE,3818,0.8818,4954.0,0.8446,-0.000176,0.427533,0/4,profit_factor 0.88 < 1.0 (losing in-sample); in-sample PF 0.88 < 1.5; expectancy not significant (p=0.994705); walk-forward OOS PF 0.84 < 1.0
E_SandP-500,A_baseline,ALPHA-E_SandP-500-1H-261007-402,delta_ratio_close_vol05_vol168_1 > 0.248175,False,short,NON-EDGE,2541,0.9412,3302.0,0.8566,-0.000173,0.443671,1/4,profit_factor 0.94 < 1.0 (losing in-sample); in-sample PF 0.94 < 1.5; expectancy not significant (p=0.84819); walk-forward OOS PF 0.86 < 1.0
E_SandP-500,A_baseline,ALPHA-E_SandP-500-1H-261007-409,delta_ratio_close_vol12_vol24_1 > 0.0788508,False,short,NON-EDGE,68,0.6286,,,,,,profit_factor 0.63 < 1.0 (losing in-sample)
E_SandP-500,A_baseline,ALPHA-E_SandP-500-1H-261007-421,delta_ratio_close_vol12_vol168_1 > 0.0651347,False,short,NON-EDGE,3842,0.8814,4948.0,0.8667,-0.000189,0.441795,0/4,profit_factor 0.88 < 1.0 (losing in-sample); in-sample PF 0.88 < 1.5; expectancy not significant (p=0.99555); walk-forward OOS PF 0.87 < 1.0
E_SandP-500,A_baseline,ALPHA-E_SandP-500-1H-261007-428,delta_ratio_close_vol24_vol96_1 > 0.04,False,short,NON-EDGE,49,0.8858,,,,,,profit_factor 0.89 < 1.0 (losing in-sample)
E_SandP-500,A_baseline,ALPHA-E_SandP-500-1H-261007-429,delta_ratio_close_vol24_vol96_1 > 0.0494202,False,short,NON-EDGE,2028,0.8412,2637.0,0.7837,-0.000298,0.422829,0/4,profit_factor 0.84 < 1.0 (losing in-sample); in-sample PF 0.84 < 1.5; expectancy not significant (p=0.994183); walk-forward OOS PF 0.78 < 1.0
E_SandP-500,A_baseline,ALPHA-E_SandP-500-1H-261007-438,delta_ratio_close_vol96_vol168_1 < -0.0130133,False,long,NON-EDGE,25,0.2565,,,,,,profit_factor 0.26 < 1.0 (losing in-sample)
E_SandP-500,A_baseline,ALPHA-E_SandP-500-1H-261007-441,delta_ratio_close_vol96_vol168_1 > 0.0132973,False,long,NON-EDGE,38,0.6749,,,,,,profit_factor 0.67 < 1.0 (losing in-sample)
E_SandP-500,A_baseline,ALPHA-E_SandP-500-1H-261007-442,delta_ratio_close_vol96_vol168_3 > 0.0187641,False,long,NON-EDGE,63,0.7283,,,,,,profit_factor 0.73 < 1.0 (losing in-sample)
E_SandP-500,A_baseline,ALPHA-E_SandP-500-1H-261007-444,ratio_close_ret01_ret03 crosses_below -1.34483,False,short,NON-EDGE,39,0.8825,,,,,,profit_factor 0.88 < 1.0 (losing in-sample)
E_SandP-500,A_baseline,ALPHA-E_SandP-500-1H-261007-446,ratio_close_ret01_ret03 crosses_below -1,False,short,NON-EDGE,2282,0.9719,2923.0,0.9431,-0.000155,0.446459,1/4,profit_factor 0.97 < 1.0 (losing in-sample); in-sample PF 0.97 < 1.5; expectancy not significant (p=0.642409); walk-forward OOS PF 0.94 < 1.0
E_SandP-500,A_baseline,ALPHA-E_SandP-500-1H-261007-452,pr_ratio_close_ret01_ret03_48 < 0.0851064,False,long,NON-EDGE,2016,0.8644,2617.0,0.8016,-0.000223,0.474971,0/4,profit_factor 0.86 < 1.0 (losing in-sample); in-sample PF 0.86 < 1.5; expectancy not significant (p=0.975837); walk-forward OOS PF 0.80 < 1.0
E_SandP-500,A_baseline,ALPHA-E_SandP-500-1H-261007-453,pr_ratio_close_ret01_ret03_48 < 0.104167,False,long,NON-EDGE,2117,0.8632,2756.0,0.8032,-0.000219,0.474238,0/4,profit_factor 0.86 < 1.0 (losing in-sample); in-sample PF 0.86 < 1.5; expectancy not significant (p=0.978949); walk-forward OOS PF 0.80 < 1.0
E_SandP-500,A_baseline,ALPHA-E_SandP-500-1H-261007-458,pr_ratio_close_ret01_ret03_96 < 0.0842105,False,short,NON-EDGE,31,0.8839,,,,,,profit_factor 0.88 < 1.0 (losing in-sample)
E_SandP-500,A_baseline,ALPHA-E_SandP-500-1H-261007-459,pr_ratio_close_ret01_ret03_96 < 0.104167,False,short,NON-EDGE,2371,0.8736,3083.0,0.6641,-0.002998,0.582874,0/4,profit_factor 0.87 < 1.0 (losing in-sample); in-sample PF 0.87 < 1.5; expectancy not significant (p=0.807428); walk-forward OOS PF 0.66 < 1.0
E_SandP-500,A_baseline,ALPHA-E_SandP-500-1H-261007-462,pr_ratio_close_ret01_ret03_96 > 0.90625,False,short,NON-EDGE,2379,0.9395,3109.0,0.8635,-0.000353,0.446124,0/4,profit_factor 0.94 < 1.0 (losing in-sample); in-sample PF 0.94 < 1.5; expectancy not significant (p=0.803388); walk-forward OOS PF 0.86 < 1.0
E_SandP-500,A_baseline,ALPHA-E_SandP-500-1H-261007-464,pr_ratio_close_ret01_ret03_168 < 0.0833333,False,long,NON-EDGE,26,0.7326,,,,,,profit_factor 0.73 < 1.0 (losing in-sample)
E_SandP-500,A_baseline,ALPHA-E_SandP-500-1H-261007-465,pr_ratio_close_ret01_ret03_168 < 0.101919,False,long,NON-EDGE,32,0.8329,,,,,,profit_factor 0.83 < 1.0 (losing in-sample)
E_SandP-500,A_baseline,ALPHA-E_SandP-500-1H-261007-470,delta_ratio_close_ret01_ret03_1 < -3.20051,False,long,NON-EDGE,32,0.8197,,,,,,profit_factor 0.82 < 1.0 (losing in-sample)
E_SandP-500,A_baseline,ALPHA-E_SandP-500-1H-261007-472,delta_ratio_close_ret01_ret03_1 < -1.69388,False,short,NON-EDGE,3781,0.9296,4903.0,0.8739,-0.000357,0.441362,0/4,profit_factor 0.93 < 1.0 (losing in-sample); in-sample PF 0.93 < 1.5; expectancy not significant (p=0.851953); walk-forward OOS PF 0.87 < 1.0
E_SandP-500,A_baseline,ALPHA-E_SandP-500-1H-261007-473,delta_ratio_close_ret01_ret03_1 > 1.80675,False,short,NON-EDGE,3779,0.8834,4906.0,0.8405,-0.000278,0.433755,0/4,profit_factor 0.88 < 1.0 (losing in-sample); in-sample PF 0.88 < 1.5; expectancy not significant (p=0.980713); walk-forward OOS PF 0.84 < 1.0
E_SandP-500,A_baseline,ALPHA-E_SandP-500-1H-261007-474,delta_ratio_close_ret01_ret03_1 > 2.74987,False,short,NON-EDGE,44,0.6966,,,,,,profit_factor 0.70 < 1.0 (losing in-sample)
E_SandP-500,A_baseline,ALPHA-E_SandP-500-1H-261007-475,delta_ratio_close_ret01_ret03_1 > 3.42087,False,short,NON-EDGE,33,0.8643,,,,,,profit_factor 0.86 < 1.0 (losing in-sample)
E_SandP-500,A_baseline,ALPHA-E_SandP-500-1H-261007-479,delta_ratio_close_ret01_ret03_3 > 1.7091,False,short,NON-EDGE,64,0.8673,,,,,,profit_factor 0.87 < 1.0 (losing in-sample)
E_SandP-500,A_baseline,ALPHA-E_SandP-500-1H-261007-480,delta_ratio_close_ret01_ret03_3 > 2.59976,False,short,NON-EDGE,2522,0.9304,3282.0,0.8666,-0.000335,0.444241,0/4,profit_factor 0.93 < 1.0 (losing in-sample); in-sample PF 0.93 < 1.5; expectancy not significant (p=0.85062); walk-forward OOS PF 0.87 < 1.0
E_SandP-500,A_baseline,ALPHA-E_SandP-500-1H-261007-485,delta_ratio_close_ret01_ret03_6 > 1.69524,False,short,NON-EDGE,71,0.9268,,,,,,profit_factor 0.93 < 1.0 (losing in-sample)
E_SandP-500,A_baseline,ALPHA-E_SandP-500-1H-261007-486,delta_ratio_close_ret01_ret03_6 > 2.63155,False,short,NON-EDGE,2506,0.9394,3275.0,0.8842,-0.000195,0.439389,2/4,profit_factor 0.94 < 1.0 (losing in-sample); in-sample PF 0.94 < 1.5; expectancy not significant (p=0.81194); walk-forward OOS PF 0.88 < 1.0
E_SandP-500,A_baseline,ALPHA-E_SandP-500-1H-261007-487,delta_ratio_close_ret01_ret03_6 > 3.2603,False,short,NON-EDGE,2003,0.9467,2621.0,0.8566,-0.000313,0.439527,1/4,profit_factor 0.95 < 1.0 (losing in-sample); in-sample PF 0.95 < 1.5; expectancy not significant (p=0.755699); walk-forward OOS PF 0.86 < 1.0
E_SandP-500,A_baseline,ALPHA-E_SandP-500-1H-261007-491,delta_ratio_close_ret01_ret03_12 > 1.70453,False,short,NON-EDGE,64,0.77,,,,,,profit_factor 0.77 < 1.0 (losing in-sample)
E_SandP-500,A_baseline,ALPHA-E_SandP-500-1H-261007-501,pr_diffnorm_close_ret01_ret03_96 > 0.90625,False,long,NON-EDGE,46,0.7547,,,,,,profit_factor 0.75 < 1.0 (losing in-sample)
E_SandP-500,A_baseline,ALPHA-E_SandP-500-1H-261007-509,zs_diffnorm_close_ret01_ret03_96 > 1,False,long,NON-EDGE,60,0.6656,,,,,,profit_factor 0.67 < 1.0 (losing in-sample)
E_SandP-500,A_baseline,ALPHA-E_SandP-500-1H-261007-518,ratio_close_ret01_ret06 > 0.882463,False,long,NON-EDGE,3831,1.0829,4933.0,1.0409,0.000116,0.5224,3/4,in-sample PF 1.08 < 1.5; expectancy not significant (p=0.145354)
E_SandP-500,A_baseline,ALPHA-E_SandP-500-1H-261007-528,pr_ratio_close_ret01_ret06_96 < 0.104167,False,long,PARTIAL-EDGE,2346,1.5561,3035.0,1.9875,0.007074,0.750247,4/4,PF 1.56 < 2.0; DSR 0.80 < 1.0; search-level rotation null not cleared (rotation_p=1.0000 > 0.05)
E_SandP-500,A_baseline,ALPHA-E_SandP-500-1H-261007-541,delta_ratio_close_ret01_ret06_1 < -1.24707,False,long,NON-EDGE,69,0.818,,,,,,profit_factor 0.82 < 1.0 (losing in-sample)
E_SandP-500,A_baseline,ALPHA-E_SandP-500-1H-261007-546,delta_ratio_close_ret01_ret06_3 < -2.03561,False,long,NON-EDGE,47,0.891,,,,,,profit_factor 0.89 < 1.0 (losing in-sample)
E_SandP-500,A_baseline,ALPHA-E_SandP-500-1H-261007-563,ratio_close_ret01_ret12 < -0.801047,False,short,NON-EDGE,40,0.9406,,,,,,profit_factor 0.94 < 1.0 (losing in-sample)
E_SandP-500,A_baseline,ALPHA-E_SandP-500-1H-261007-564,ratio_close_ret01_ret12 crosses_below -0.801047,False,short,NON-EDGE,36,0.8472,,,,,,profit_factor 0.85 < 1.0 (losing in-sample)
E_SandP-500,A_baseline,ALPHA-E_SandP-500-1H-261007-565,ratio_close_ret01_ret12 < -0.608148,False,short,NON-EDGE,50,0.8978,,,,,,profit_factor 0.90 < 1.0 (losing in-sample)
E_SandP-500,A_baseline,ALPHA-E_SandP-500-1H-261007-566,ratio_close_ret01_ret12 crosses_below -0.608148,False,short,NON-EDGE,44,0.8861,,,,,,profit_factor 0.89 < 1.0 (losing in-sample)
E_SandP-500,A_baseline,ALPHA-E_SandP-500-1H-261007-568,ratio_close_ret01_ret12 crosses_below -0.351798,False,short,NON-EDGE,3169,0.8758,4098.0,0.8308,-0.000239,0.442167,0/4,profit_factor 0.88 < 1.0 (losing in-sample); in-sample PF 0.88 < 1.5; expectancy not significant (p=0.987254); walk-forward OOS PF 0.83 < 1.0
E_SandP-500,A_baseline,ALPHA-E_SandP-500-1H-261007-569,ratio_close_ret01_ret12 > 0.59684,False,long,NON-EDGE,3856,1.0773,4949.0,1.0971,0.000165,0.520913,3/4,in-sample PF 1.08 < 1.5; expectancy not significant (p=0.131908)
E_SandP-500,A_baseline,ALPHA-E_SandP-500-1H-261007-570,ratio_close_ret01_ret12 > 0.883833,False,long,NON-EDGE,45,0.7752,,,,,,profit_factor 0.78 < 1.0 (losing in-sample)
E_SandP-500,A_baseline,ALPHA-E_SandP-500-1H-261007-573,pr_ratio_close_ret01_ret12_48 < 0.104167,False,short,NON-EDGE,2158,0.8609,2820.0,0.8212,-0.000164,0.41383,0/4,profit_factor 0.86 < 1.0 (losing in-sample); in-sample PF 0.86 < 1.5; expectancy not significant (p=0.986017); walk-forward OOS PF 0.82 < 1.0
E_SandP-500,A_baseline,ALPHA-E_SandP-500-1H-261007-579,pr_ratio_close_ret01_ret12_96 < 0.15625,False,short,NON-EDGE,49,0.8531,,,,,,profit_factor 0.85 < 1.0 (losing in-sample)
E_SandP-500,A_baseline,ALPHA-E_SandP-500-1H-261007-588,pr_ratio_close_ret01_ret12_168 > 0.922619,False,long,NON-EDGE,27,0.5768,,,,,,profit_factor 0.58 < 1.0 (losing in-sample)
E_SandP-500,A_baseline,ALPHA-E_SandP-500-1H-261007-598,delta_ratio_close_ret01_ret12_3 > 0.914623,False,long,NON-EDGE,3810,1.0592,4942.0,1.0398,7.8e-05,0.52934,3/4,in-sample PF 1.06 < 1.5; expectancy not significant (p=0.192674)
E_SandP-500,A_baseline,ALPHA-E_SandP-500-1H-261007-601,delta_ratio_close_ret01_ret12_6 < -1.83172,False,short,NON-EDGE,2031,0.8899,2632.0,0.7525,-0.000264,0.417173,0/4,profit_factor 0.89 < 1.0 (losing in-sample); in-sample PF 0.89 < 1.5; expectancy not significant (p=0.949543); walk-forward OOS PF 0.75 < 1.0
E_SandP-500,A_baseline,ALPHA-E_SandP-500-1H-261007-602,delta_ratio_close_ret01_ret12_6 < -1.45555,False,short,NON-EDGE,48,0.9717,,,,,,profit_factor 0.97 < 1.0 (losing in-sample)
E_SandP-500,A_baseline,ALPHA-E_SandP-500-1H-261007-610,delta_ratio_close_ret01_ret12_12 > 0.974994,False,long,NON-EDGE,3851,1.1117,4930.0,1.1484,0.000427,0.53712,4/4,in-sample PF 1.11 < 1.5; expectancy not significant (p=0.079632)
E_SandP-500,A_baseline,ALPHA-E_SandP-500-1H-261007-614,ratio_close_ret01_ret24 crosses_below -0.556503,False,short,NON-EDGE,36,0.8921,,,,,,profit_factor 0.89 < 1.0 (losing in-sample)
E_SandP-500,A_baseline,ALPHA-E_SandP-500-1H-261007-616,ratio_close_ret01_ret24 crosses_below -0.428571,False,short,NON-EDGE,46,0.9554,,,,,,profit_factor 0.96 < 1.0 (losing in-sample)
E_SandP-500,A_baseline,ALPHA-E_SandP-500-1H-261007-620,ratio_close_ret01_ret24 > 0.556504,False,short,NON-EDGE,53,0.989,,,,,,profit_factor 0.99 < 1.0 (losing in-sample)
E_SandP-500,A_baseline,ALPHA-E_SandP-500-1H-261007-627,pr_ratio_close_ret01_ret24_96 < 0.104167,False,short,NON-EDGE,2464,0.9474,3195.0,0.8568,-0.000946,0.447574,1/4,profit_factor 0.95 < 1.0 (losing in-sample); in-sample PF 0.95 < 1.5; expectancy not significant (p=0.692125); walk-forward OOS PF 0.86 < 1.0
E_SandP-500,A_baseline,ALPHA-E_SandP-500-1H-261007-629,pr_ratio_close_ret01_ret24_96 > 0.854167,False,short,NON-EDGE,61,0.9333,,,,,,profit_factor 0.93 < 1.0 (losing in-sample)
E_SandP-500,A_baseline,ALPHA-E_SandP-500-1H-261007-635,pr_ratio_close_ret01_ret24_168 > 0.904762,False,short,NON-EDGE,2459,0.8903,3206.0,0.8593,-0.000165,0.42826,0/4,profit_factor 0.89 < 1.0 (losing in-sample); in-sample PF 0.89 < 1.5; expectancy not significant (p=0.966523); walk-forward OOS PF 0.86 < 1.0
E_SandP-500,A_baseline,ALPHA-E_SandP-500-1H-261007-640,delta_ratio_close_ret01_ret24_1 > 0.823808,False,short,NON-EDGE,52,0.8191,,,,,,profit_factor 0.82 < 1.0 (losing in-sample)
E_SandP-500,A_baseline,ALPHA-E_SandP-500-1H-261007-652,delta_ratio_close_ret01_ret24_6 > 0.99396,False,short,NON-EDGE,50,0.7005,,,,,,profit_factor 0.70 < 1.0 (losing in-sample)
E_SandP-500,A_baseline,ALPHA-E_SandP-500-1H-261007-668,pr_ratio_close_ret01_ret48_48 < 0.0833333,False,short,NON-EDGE,1905,0.8696,2464.0,0.7857,-0.000245,0.422484,0/4,profit_factor 0.87 < 1.0 (losing in-sample); in-sample PF 0.87 < 1.5; expectancy not significant (p=0.965209); walk-forward OOS PF 0.79 < 1.0
E_SandP-500,A_baseline,ALPHA-E_SandP-500-1H-261007-669,pr_ratio_close_ret01_ret48_48 < 0.104167,False,short,NON-EDGE,2439,0.83,3160.0,0.7633,-0.000225,0.412025,0/4,profit_factor 0.83 < 1.0 (losing in-sample); in-sample PF 0.83 < 1.5; expectancy not significant (p=0.995593); walk-forward OOS PF 0.76 < 1.0
E_SandP-500,A_baseline,ALPHA-E_SandP-500-1H-261007-679,pr_ratio_close_ret01_ret48_168 < 0.0958084,False,short,NON-EDGE,2539,0.8515,3293.0,0.7886,-0.000195,0.414516,0/4,profit_factor 0.85 < 1.0 (losing in-sample); in-sample PF 0.85 < 1.5; expectancy not significant (p=0.990864); walk-forward OOS PF 0.79 < 1.0
E_SandP-500,A_baseline,ALPHA-E_SandP-500-1H-261007-687,delta_ratio_close_ret01_ret48_1 > 0.511298,False,long,NON-EDGE,50,0.5222,,,,,,profit_factor 0.52 < 1.0 (losing in-sample)
E_SandP-500,A_baseline,ALPHA-E_SandP-500-1H-261007-688,delta_ratio_close_ret01_ret48_1 > 0.689136,False,long,NON-EDGE,43,0.9505,,,,,,profit_factor 0.95 < 1.0 (losing in-sample)
E_SandP-500,A_baseline,ALPHA-E_SandP-500-1H-261007-694,delta_ratio_close_ret01_ret48_6 < -0.647717,False,short,NON-EDGE,47,0.7665,,,,,,profit_factor 0.77 < 1.0 (losing in-sample)
E_SandP-500,A_baseline,ALPHA-E_SandP-500-1H-261007-708,pr_ratio_close_ret01_ret96_48 > 0.854167,False,short,NON-EDGE,3782,0.9195,4908.0,0.8548,-0.000201,0.428484,1/4,profit_factor 0.92 < 1.0 (losing in-sample); in-sample PF 0.92 < 1.5; expectancy not significant (p=0.939129); walk-forward OOS PF 0.85 < 1.0
E_SandP-500,A_baseline,ALPHA-E_SandP-500-1H-261007-709,pr_ratio_close_ret01_ret96_48 > 0.916667,False,short,NON-EDGE,2319,0.9409,3011.0,0.8762,-0.000168,0.428097,1/4,profit_factor 0.94 < 1.0 (losing in-sample); in-sample PF 0.94 < 1.5; expectancy not significant (p=0.808943); walk-forward OOS PF 0.88 < 1.0
E_SandP-500,A_baseline,ALPHA-E_SandP-500-1H-261007-714,pr_ratio_close_ret01_ret96_96 > 0.916667,False,short,NON-EDGE,2340,0.9654,3050.0,0.8824,-0.000153,0.433115,1/4,profit_factor 0.97 < 1.0 (losing in-sample); in-sample PF 0.97 < 1.5; expectancy not significant (p=0.694964); walk-forward OOS PF 0.88 < 1.0
E_SandP-500,A_baseline,ALPHA-E_SandP-500-1H-261007-719,pr_ratio_close_ret01_ret96_168 > 0.910714,False,short,NON-EDGE,2445,0.9084,3195.0,0.8497,-0.000197,0.422535,0/4,profit_factor 0.91 < 1.0 (losing in-sample); in-sample PF 0.91 < 1.5; expectancy not significant (p=0.92061); walk-forward OOS PF 0.85 < 1.0
E_SandP-500,A_baseline,ALPHA-E_SandP-500-1H-261007-732,pr_ratio_close_ret01_ret168_168 < 0.143713,False,short,NON-EDGE,3746,0.8699,4945.0,0.8534,-0.000205,0.43822,0/4,profit_factor 0.87 < 1.0 (losing in-sample); in-sample PF 0.87 < 1.5; expectancy not significant (p=0.991816); walk-forward OOS PF 0.85 < 1.0
E_SandP-500,A_baseline,ALPHA-E_SandP-500-1H-261007-743,ratio_close_ret03_ret06 > 1.41295,False,long,NON-EDGE,86,0.9427,,,,,,profit_factor 0.94 < 1.0 (losing in-sample)
E_SandP-500,A_baseline,ALPHA-E_SandP-500-1H-261007-744,ratio_close_ret03_ret06 > 1.89708,False,long,NON-EDGE,62,0.833,,,,,,profit_factor 0.83 < 1.0 (losing in-sample)
E_SandP-500,A_baseline,ALPHA-E_SandP-500-1H-261007-745,ratio_close_ret03_ret06 > 2.22123,False,long,NON-EDGE,2040,1.1844,2621.0,1.1648,0.000362,0.546356,4/4,in-sample PF 1.18 < 1.5
E_SandP-500,A_baseline,ALPHA-E_SandP-500-1H-261007-750,pr_ratio_close_ret03_ret06_48 > 0.916667,False,long,NON-EDGE,2141,1.1366,2772.0,1.1116,0.000246,0.539683,4/4,in-sample PF 1.14 < 1.5
E_SandP-500,A_baseline,ALPHA-E_SandP-500-1H-261007-762,pr_ratio_close_ret03_ret06_168 > 0.904192,False,long,NON-EDGE,33,0.6927,,,,,,profit_factor 0.69 < 1.0 (losing in-sample)
E_SandP-500,A_baseline,ALPHA-E_SandP-500-1H-261007-765,delta_ratio_close_ret03_ret06_1 < -2.26013,False,long,NON-EDGE,48,0.759,,,,,,profit_factor 0.76 < 1.0 (losing in-sample)
E_SandP-500,A_baseline,ALPHA-E_SandP-500-1H-261007-773,delta_ratio_close_ret03_ret06_3 > 1.78343,False,long,NON-EDGE,3829,1.0999,4917.0,1.0844,0.000193,0.536913,3/4,in-sample PF 1.10 < 1.5; expectancy not significant (p=0.069946)
E_SandP-500,A_baseline,ALPHA-E_SandP-500-1H-261007-775,delta_ratio_close_ret03_ret06_3 > 3.3331,False,long,NON-EDGE,2050,1.0859,2629.0,1.0097,1.6e-05,0.521491,2/4,in-sample PF 1.09 < 1.5; expectancy not significant (p=0.138581)
E_SandP-500,A_baseline,ALPHA-E_SandP-500-1H-261007-779,delta_ratio_close_ret03_ret06_6 > 1.77591,False,long,NON-EDGE,3792,1.1269,4926.0,1.0949,0.000166,0.526391,4/4,in-sample PF 1.13 < 1.5
E_SandP-500,A_baseline,ALPHA-E_SandP-500-1H-261007-780,delta_ratio_close_ret03_ret06_6 > 2.74383,False,long,NON-EDGE,2560,1.168,3283.0,1.0985,0.000223,0.5364,4/4,in-sample PF 1.17 < 1.5
E_SandP-500,A_baseline,ALPHA-E_SandP-500-1H-261007-781,delta_ratio_close_ret03_ret06_6 > 3.41082,False,long,NON-EDGE,2050,1.109,2627.0,1.0253,3.6e-05,0.511991,2/4,in-sample PF 1.11 < 1.5; expectancy not significant (p=0.09154)
E_SandP-500,A_baseline,ALPHA-E_SandP-500-1H-261007-798,ratio_close_ret03_ret12 < -1.128,False,short,NON-EDGE,43,0.8503,,,,,,profit_factor 0.85 < 1.0 (losing in-sample)
E_SandP-500,A_baseline,ALPHA-E_SandP-500-1H-261007-799,ratio_close_ret03_ret12 crosses_below -1.128,False,short,NON-EDGE,33,0.9818,,,,,,profit_factor 0.98 < 1.0 (losing in-sample)
E_SandP-500,A_baseline,ALPHA-E_SandP-500-1H-261007-800,ratio_close_ret03_ret12 < -0.833125,False,short,NON-EDGE,49,0.8218,,,,,,profit_factor 0.82 < 1.0 (losing in-sample)
E_SandP-500,A_baseline,ALPHA-E_SandP-500-1H-261007-801,ratio_close_ret03_ret12 crosses_below -0.833125,False,short,NON-EDGE,38,0.9181,,,,,,profit_factor 0.92 < 1.0 (losing in-sample)
E_SandP-500,A_baseline,ALPHA-E_SandP-500-1H-261007-803,ratio_close_ret03_ret12 crosses_below -0.458523,False,short,NON-EDGE,2506,0.8889,3265.0,0.8307,-0.000196,0.419908,0/4,profit_factor 0.89 < 1.0 (losing in-sample); in-sample PF 0.89 < 1.5; expectancy not significant (p=0.969394); walk-forward OOS PF 0.83 < 1.0
E_SandP-500,A_baseline,ALPHA-E_SandP-500-1H-261007-804,ratio_close_ret03_ret12 > 1.06262,False,long,NON-EDGE,3770,1.0651,4951.0,1.0618,0.000121,0.527974,3/4,in-sample PF 1.07 < 1.5; expectancy not significant (p=0.186111)
E_SandP-500,A_baseline,ALPHA-E_SandP-500-1H-261007-809,pr_ratio_close_ret03_ret12_48 > 0.854167,False,long,NON-EDGE,3644,1.0706,4709.0,1.0439,7.5e-05,0.523466,3/4,in-sample PF 1.07 < 1.5; expectancy not significant (p=0.16713)
E_SandP-500,A_baseline,ALPHA-E_SandP-500-1H-261007-810,pr_ratio_close_ret03_ret12_48 > 0.916667,False,long,NON-EDGE,2141,1.0618,2770.0,0.9827,-2.3e-05,0.496029,2/4,in-sample PF 1.06 < 1.5; expectancy not significant (p=0.207595); walk-forward OOS PF 0.98 < 1.0
E_SandP-500,A_baseline,ALPHA-E_SandP-500-1H-261007-811,pr_ratio_close_ret03_ret12_96 < 0.0833333,False,short,NON-EDGE,24,0.6889,,,,,,profit_factor 0.69 < 1.0 (losing in-sample)
E_SandP-500,A_baseline,ALPHA-E_SandP-500-1H-261007-812,pr_ratio_close_ret03_ret12_96 < 0.104167,False,short,NON-EDGE,31,0.5824,,,,,,profit_factor 0.58 < 1.0 (losing in-sample)
E_SandP-500,A_baseline,ALPHA-E_SandP-500-1H-261007-814,pr_ratio_close_ret03_ret12_96 > 0.854167,False,long,NON-EDGE,3666,1.0557,4761.0,1.0575,0.000114,0.531611,3/4,in-sample PF 1.06 < 1.5; expectancy not significant (p=0.223417)
E_SandP-500,A_baseline,ALPHA-E_SandP-500-1H-261007-815,pr_ratio_close_ret03_ret12_96 > 0.90625,False,long,NON-EDGE,36,0.5789,,,,,,profit_factor 0.58 < 1.0 (losing in-sample)
E_SandP-500,A_baseline,ALPHA-E_SandP-500-1H-261007-816,pr_ratio_close_ret03_ret12_96 > 0.927083,False,long,NON-EDGE,28,0.4645,,,,,,profit_factor 0.46 < 1.0 (losing in-sample)
E_SandP-500,A_baseline,ALPHA-E_SandP-500-1H-261007-820,pr_ratio_close_ret03_ret12_168 > 0.85119,False,long,NON-EDGE,3736,1.0459,4880.0,1.0602,0.000146,0.536066,3/4,in-sample PF 1.05 < 1.5; expectancy not significant (p=0.262775)
E_SandP-500,A_baseline,ALPHA-E_SandP-500-1H-261007-822,pr_ratio_close_ret03_ret12_168 > 0.922619,False,short,NON-EDGE,1970,0.948,2574.0,0.7345,-0.001773,0.49728,0/4,profit_factor 0.95 < 1.0 (losing in-sample); in-sample PF 0.95 < 1.5; expectancy not significant (p=0.683283); walk-forward OOS PF 0.73 < 1.0
E_SandP-500,A_baseline,ALPHA-E_SandP-500-1H-261007-826,delta_ratio_close_ret03_ret12_1 > 0.864566,False,long,NON-EDGE,3833,1.0707,4937.0,1.0693,0.000163,0.53413,4/4,in-sample PF 1.07 < 1.5; expectancy not significant (p=0.144775)
E_SandP-500,A_baseline,ALPHA-E_SandP-500-1H-261007-827,delta_ratio_close_ret03_ret12_1 > 1.67163,False,long,NON-EDGE,47,0.7241,,,,,,profit_factor 0.72 < 1.0 (losing in-sample)
E_SandP-500,A_baseline,ALPHA-E_SandP-500-1H-261007-831,delta_ratio_close_ret03_ret12_3 < -1.43117,False,short,NON-EDGE,61,0.756,,,,,,profit_factor 0.76 < 1.0 (losing in-sample)
E_SandP-500,A_baseline,ALPHA-E_SandP-500-1H-261007-844,delta_ratio_close_ret03_ret12_12 > 1.49825,False,long,NON-EDGE,77,0.5935,,,,,,profit_factor 0.59 < 1.0 (losing in-sample)
E_SandP-500,A_baseline,ALPHA-E_SandP-500-1H-261007-859,pr_ratio_close_ret03_ret24_168 < 0.10119,False,short,NON-EDGE,2531,0.9441,3254.0,0.8568,-0.000503,0.446835,0/4,profit_factor 0.94 < 1.0 (losing in-sample); in-sample PF 0.94 < 1.5; expectancy not significant (p=0.762238); walk-forward OOS PF 0.86 < 1.0
E_SandP-500,A_baseline,ALPHA-E_SandP-500-1H-261007-865,delta_ratio_close_ret03_ret24_1 > 0.470962,False,short,NON-EDGE,70,0.8939,,,,,,profit_factor 0.89 < 1.0 (losing in-sample)
E_SandP-500,A_baseline,ALPHA-E_SandP-500-1H-261007-867,delta_ratio_close_ret03_ret24_1 > 1.30672,False,short,NON-EDGE,35,0.7532,,,,,,profit_factor 0.75 < 1.0 (losing in-sample)
E_SandP-500,A_baseline,ALPHA-E_SandP-500-1H-261007-892,pr_ratio_close_ret03_ret48_48 > 0.854167,False,long,NON-EDGE,49,0.5683,,,,,,profit_factor 0.57 < 1.0 (losing in-sample)
E_SandP-500,A_baseline,ALPHA-E_SandP-500-1H-261007-927,pr_ratio_close_ret03_ret168_168 < 0.142857,False,short,NON-EDGE,33,0.9906,,,,,,profit_factor 0.99 < 1.0 (losing in-sample)
E_SandP-500,A_baseline,ALPHA-E_SandP-500-1H-261007-928,ratio_close_ret06_ret12 < -1.16127,False,short,NON-EDGE,2020,0.9061,2633.0,0.8708,-8.7e-05,0.400684,1/4,profit_factor 0.91 < 1.0 (losing in-sample); in-sample PF 0.91 < 1.5; expectancy not significant (p=0.912017); walk-forward OOS PF 0.87 < 1.0
E_SandP-500,A_baseline,ALPHA-E_SandP-500-1H-261007-929,ratio_close_ret06_ret12 crosses_below -1.16127,False,short,NON-EDGE,1510,0.9628,1968.0,0.902,-6.9e-05,0.400407,1/4,"total_trades 1510 < 1830 (52mo × 35.2 tpm, not significant); profit_factor 0.96 < 1.0 (losing in-sample); in-sample PF 0.96 < 1.5; total_trades 1510 < 1830 (52mo × 35.2 tpm); expectancy not significan"
E_SandP-500,A_baseline,ALPHA-E_SandP-500-1H-261007-930,ratio_close_ret06_ret12 < -0.824067,False,short,NON-EDGE,2519,0.854,3294.0,0.828,-0.000116,0.397693,0/4,profit_factor 0.85 < 1.0 (losing in-sample); in-sample PF 0.85 < 1.5; expectancy not significant (p=0.99222); walk-forward OOS PF 0.83 < 1.0
E_SandP-500,A_baseline,ALPHA-E_SandP-500-1H-261007-931,ratio_close_ret06_ret12 crosses_below -0.824067,False,short,NON-EDGE,1780,0.8945,2306.0,0.8502,-0.000129,0.407632,0/4,"total_trades 1780 < 1830 (52mo × 35.2 tpm, not significant); profit_factor 0.89 < 1.0 (losing in-sample); in-sample PF 0.89 < 1.5; total_trades 1780 < 1830 (52mo × 35.2 tpm); expectancy not significan"
E_SandP-500,A_baseline,ALPHA-E_SandP-500-1H-261007-933,ratio_close_ret06_ret12 crosses_below -0.376561,False,short,NON-EDGE,2307,0.8745,2986.0,0.8108,-0.000208,0.414601,0/4,profit_factor 0.87 < 1.0 (losing in-sample); in-sample PF 0.87 < 1.5; expectancy not significant (p=0.968481); walk-forward OOS PF 0.81 < 1.0
E_SandP-500,A_baseline,ALPHA-E_SandP-500-1H-261007-937,pr_ratio_close_ret06_ret12_48 < 0.104167,False,short,NON-EDGE,2265,0.8742,2934.0,0.828,-0.000208,0.432175,1/4,profit_factor 0.87 < 1.0 (losing in-sample); in-sample PF 0.87 < 1.5; expectancy not significant (p=0.950397); walk-forward OOS PF 0.83 < 1.0
E_SandP-500,A_baseline,ALPHA-E_SandP-500-1H-261007-938,pr_ratio_close_ret06_ret12_48 < 0.145833,False,short,NON-EDGE,3349,0.8484,4334.0,0.8056,-0.00023,0.420858,0/4,profit_factor 0.85 < 1.0 (losing in-sample); in-sample PF 0.85 < 1.5; expectancy not significant (p=0.99204); walk-forward OOS PF 0.81 < 1.0
E_SandP-500,A_baseline,ALPHA-E_SandP-500-1H-261007-944,pr_ratio_close_ret06_ret12_96 > 0.854167,False,short,NON-EDGE,3663,0.8921,4791.0,0.7407,-0.002393,0.504279,0/4,profit_factor 0.89 < 1.0 (losing in-sample); in-sample PF 0.89 < 1.5; expectancy not significant (p=0.854557); walk-forward OOS PF 0.74 < 1.0
E_SandP-500,A_baseline,ALPHA-E_SandP-500-1H-261007-945,pr_ratio_close_ret06_ret12_96 > 0.90625,False,short,NON-EDGE,2401,0.9418,3115.0,0.8427,-0.001035,0.436276,1/4,profit_factor 0.94 < 1.0 (losing in-sample); in-sample PF 0.94 < 1.5; expectancy not significant (p=0.741395); walk-forward OOS PF 0.84 < 1.0
E_SandP-500,A_baseline,ALPHA-E_SandP-500-1H-261007-949,pr_ratio_close_ret06_ret12_168 > 0.85119,False,short,NON-EDGE,3734,0.9129,4866.0,0.7172,-0.00244,0.535964,0/4,profit_factor 0.91 < 1.0 (losing in-sample); in-sample PF 0.91 < 1.5; expectancy not significant (p=0.752797); walk-forward OOS PF 0.72 < 1.0
E_SandP-500,A_baseline,ALPHA-E_SandP-500-1H-261007-950,pr_ratio_close_ret06_ret12_168 > 0.904192,False,long,NON-EDGE,43,0.4597,,,,,,profit_factor 0.46 < 1.0 (losing in-sample)
E_SandP-500,A_baseline,ALPHA-E_SandP-500-1H-261007-951,pr_ratio_close_ret06_ret12_168 > 0.922619,False,short,NON-EDGE,1963,0.9515,2563.0,0.7425,-0.001995,0.528677,0/4,profit_factor 0.95 < 1.0 (losing in-sample); in-sample PF 0.95 < 1.5; expectancy not significant (p=0.645276); walk-forward OOS PF 0.74 < 1.0
E_SandP-500,A_baseline,ALPHA-E_SandP-500-1H-261007-953,delta_ratio_close_ret06_ret12_1 < -1.73977,False,short,NON-EDGE,2525,0.8534,3291.0,0.8045,-0.00015,0.405956,0/4,profit_factor 0.85 < 1.0 (losing in-sample); in-sample PF 0.85 < 1.5; expectancy not significant (p=0.993265); walk-forward OOS PF 0.80 < 1.0
E_SandP-500,A_baseline,ALPHA-E_SandP-500-1H-261007-954,delta_ratio_close_ret06_ret12_1 < -0.966636,False,short,NON-EDGE,3789,0.8194,4940.0,0.8016,-0.000152,0.403239,0/4,profit_factor 0.82 < 1.0 (losing in-sample); in-sample PF 0.82 < 1.5; expectancy not significant (p=0.999918); walk-forward OOS PF 0.80 < 1.0
E_SandP-500,A_baseline,ALPHA-E_SandP-500-1H-261007-972,delta_ratio_close_ret06_ret12_12 < -1.73681,False,short,NON-EDGE,3765,0.8548,4946.0,0.7902,-0.000221,0.417711,0/4,profit_factor 0.85 < 1.0 (losing in-sample); in-sample PF 0.85 < 1.5; expectancy not significant (p=0.993662); walk-forward OOS PF 0.79 < 1.0
E_SandP-500,A_baseline,ALPHA-E_SandP-500-1H-261007-992,delta_ratio_close_ret06_ret24_1 > 1.58401,False,short,NON-EDGE,41,0.3971,,,,,,profit_factor 0.40 < 1.0 (losing in-sample)
E_SandP-500,A_baseline,ALPHA-E_SandP-500-1H-261007-1015,delta_ratio_close_ret06_ret48_1 < -0.739117,False,short,NON-EDGE,36,0.8676,,,,,,profit_factor 0.87 < 1.0 (losing in-sample)
E_SandP-500,A_baseline,ALPHA-E_SandP-500-1H-261007-1016,delta_ratio_close_ret06_ret48_1 < -0.423001,False,short,NON-EDGE,60,0.8203,,,,,,profit_factor 0.82 < 1.0 (losing in-sample)
E_SandP-500,A_baseline,ALPHA-E_SandP-500-1H-261007-1035,pr_ratio_close_ret12_ret24_48 > 0.854167,False,short,NON-EDGE,3656,1.0015,4785.0,0.8667,-0.000361,0.433438,0/4,in-sample PF 1.00 < 1.5; expectancy not significant (p=0.491809); walk-forward OOS PF 0.87 < 1.0
E_SandP-500,A_baseline,ALPHA-E_SandP-500-1H-261007-1037,pr_ratio_close_ret12_ret24_96 > 0.854167,False,short,NON-EDGE,3717,1.0119,4836.0,0.8862,-0.00022,0.432796,1/4,in-sample PF 1.01 < 1.5; expectancy not significant (p=0.43913); walk-forward OOS PF 0.89 < 1.0
E_SandP-500,A_baseline,ALPHA-E_SandP-500-1H-261007-1080,delta_ratio_close_rsi14_rsi25_1 < -0.0563374,False,short,NON-EDGE,2054,0.9577,2636.0,0.9054,-0.000132,0.438164,1/4,profit_factor 0.96 < 1.0 (losing in-sample); in-sample PF 0.96 < 1.5; expectancy not significant (p=0.742476); walk-forward OOS PF 0.91 < 1.0
E_SandP-500,A_baseline,ALPHA-E_SandP-500-1H-261007-1088,delta_diffnorm_close_rsi14_rsi25_1 < -0.602696,False,short,NON-EDGE,35,0.8882,,,,,,profit_factor 0.89 < 1.0 (losing in-sample)
E_SandP-500,A_baseline,ALPHA-E_SandP-500-1H-261007-1089,delta_diffnorm_close_rsi14_rsi25_1 < -0.521339,False,short,NON-EDGE,2557,0.9083,3304.0,0.8614,-0.000167,0.414346,0/4,profit_factor 0.91 < 1.0 (losing in-sample); in-sample PF 0.91 < 1.5; expectancy not significant (p=0.940116); walk-forward OOS PF 0.86 < 1.0
E_SandP-500,A_baseline,ALPHA-E_SandP-500-1H-261007-1109,delta_diffnorm_close_mdd12_mdd24_1 > 0.0968705,False,long,NON-EDGE,2578,1.2906,3292.0,1.3183,0.001444,0.571689,4/4,in-sample PF 1.29 < 1.5
E_SandP-500,A_baseline,ALPHA-E_SandP-500-1H-261007-1152,zs_spread_close_sma03_96 < -1,False,short,NON-EDGE,56,0.932,,,,,,profit_factor 0.93 < 1.0 (losing in-sample)
E_SandP-500,A_baseline,ALPHA-E_SandP-500-1H-261007-1175,ratio_volume_sma03 > 1.53402,False,short,NON-EDGE,3930,0.885,4979.0,0.8546,-0.000159,0.415746,0/4,profit_factor 0.89 < 1.0 (losing in-sample); in-sample PF 0.89 < 1.5; expectancy not significant (p=0.987886); walk-forward OOS PF 0.85 < 1.0
E_SandP-500,A_baseline,ALPHA-E_SandP-500-1H-261007-1177,pr_ratio_volume_sma03_48 < 0.166667,False,short,NON-EDGE,3654,0.868,4739.0,0.6646,-0.002905,0.529859,0/4,profit_factor 0.87 < 1.0 (losing in-sample); in-sample PF 0.87 < 1.5; expectancy not significant (p=0.894782); walk-forward OOS PF 0.66 < 1.0
E_SandP-500,A_baseline,ALPHA-E_SandP-500-1H-261007-1178,pr_ratio_volume_sma03_48 > 0.854167,False,short,NON-EDGE,59,0.6175,,,,,,profit_factor 0.62 < 1.0 (losing in-sample)
E_SandP-500,A_baseline,ALPHA-E_SandP-500-1H-261007-1179,pr_ratio_volume_sma03_48 > 0.895833,False,short,NON-EDGE,39,0.7848,,,,,,profit_factor 0.78 < 1.0 (losing in-sample)
E_SandP-500,A_baseline,ALPHA-E_SandP-500-1H-261007-1180,pr_ratio_volume_sma03_48 > 0.916667,False,short,NON-EDGE,1913,0.9578,2494.0,0.9428,-7e-05,0.430233,0/4,profit_factor 0.96 < 1.0 (losing in-sample); in-sample PF 0.96 < 1.5; expectancy not significant (p=0.725258); walk-forward OOS PF 0.94 < 1.0
E_SandP-500,A_baseline,ALPHA-E_SandP-500-1H-261007-1184,pr_ratio_volume_sma03_96 > 0.854167,False,short,NON-EDGE,53,0.5752,,,,,,profit_factor 0.58 < 1.0 (losing in-sample)
E_SandP-500,A_baseline,ALPHA-E_SandP-500-1H-261007-1185,pr_ratio_volume_sma03_96 > 0.90625,False,short,NON-EDGE,32,0.5217,,,,,,profit_factor 0.52 < 1.0 (losing in-sample)
E_SandP-500,A_baseline,ALPHA-E_SandP-500-1H-261007-1186,pr_ratio_volume_sma03_96 > 0.927083,False,short,NON-EDGE,28,0.5834,,,,,,profit_factor 0.58 < 1.0 (losing in-sample)
E_SandP-500,A_baseline,ALPHA-E_SandP-500-1H-261007-1188,pr_ratio_volume_sma03_168 < 0.154762,False,long,NON-EDGE,47,0.8629,,,,,,profit_factor 0.86 < 1.0 (losing in-sample)
E_SandP-500,A_baseline,ALPHA-E_SandP-500-1H-261007-1189,pr_ratio_volume_sma03_168 > 0.85119,False,short,NON-EDGE,46,0.6007,,,,,,profit_factor 0.60 < 1.0 (losing in-sample)
E_SandP-500,A_baseline,ALPHA-E_SandP-500-1H-261007-1190,pr_ratio_volume_sma03_168 > 0.89881,False,short,NON-EDGE,34,0.5688,,,,,,profit_factor 0.57 < 1.0 (losing in-sample)
E_SandP-500,A_baseline,ALPHA-E_SandP-500-1H-261007-1191,pr_ratio_volume_sma03_168 > 0.922619,False,short,NON-EDGE,26,0.6597,,,,,,profit_factor 0.66 < 1.0 (losing in-sample)
E_SandP-500,A_baseline,ALPHA-E_SandP-500-1H-261007-1192,zs_ratio_volume_sma03_48 > 1,False,short,NON-EDGE,63,0.7896,,,,,,profit_factor 0.79 < 1.0 (losing in-sample)
E_SandP-500,A_baseline,ALPHA-E_SandP-500-1H-261007-1193,zs_ratio_volume_sma03_48 > 1.5,False,short,NON-EDGE,1959,0.928,2560.0,0.9034,-0.000111,0.422266,0/4,profit_factor 0.93 < 1.0 (losing in-sample); in-sample PF 0.93 < 1.5; expectancy not significant (p=0.854638); walk-forward OOS PF 0.90 < 1.0
E_SandP-500,A_baseline,ALPHA-E_SandP-500-1H-261007-1194,zs_ratio_volume_sma03_96 > 1,False,short,NON-EDGE,58,0.5931,,,,,,profit_factor 0.59 < 1.0 (losing in-sample)
E_SandP-500,A_baseline,ALPHA-E_SandP-500-1H-261007-1195,zs_ratio_volume_sma03_96 > 1.5,False,short,NON-EDGE,28,0.5533,,,,,,profit_factor 0.55 < 1.0 (losing in-sample)
E_SandP-500,A_baseline,ALPHA-E_SandP-500-1H-261007-1196,zs_ratio_volume_sma03_168 > 1,False,short,NON-EDGE,53,0.5621,,,,,,profit_factor 0.56 < 1.0 (losing in-sample)
E_SandP-500,A_baseline,ALPHA-E_SandP-500-1H-261007-1197,zs_ratio_volume_sma03_168 > 1.5,False,short,NON-EDGE,28,0.5904,,,,,,profit_factor 0.59 < 1.0 (losing in-sample)
E_SandP-500,A_baseline,ALPHA-E_SandP-500-1H-261007-1208,pr_ratio_volume_sma09_96 > 0.895833,False,short,NON-EDGE,41,0.8625,,,,,,profit_factor 0.86 < 1.0 (losing in-sample)
E_SandP-500,A_baseline,ALPHA-E_SandP-500-1H-261007-1220,delta_ratio_volume_sma09_1 > 0.538683,False,short,NON-EDGE,51,0.9309,,,,,,profit_factor 0.93 < 1.0 (losing in-sample)
E_SandP-500,A_baseline,ALPHA-E_SandP-500-1H-261007-1223,pr_ratio_volume_sma12_48 > 0.854167,False,long,NON-EDGE,3438,1.0333,4450.0,1.0169,3.3e-05,0.518876,1/4,in-sample PF 1.03 < 1.5; expectancy not significant (p=0.301115)
E_SandP-500,A_baseline,ALPHA-E_SandP-500-1H-261007-1238,delta_ratio_volume_sma12_1 > 0.514924,False,short,NON-EDGE,63,0.8422,,,,,,profit_factor 0.84 < 1.0 (losing in-sample)
E_SandP-500,A_baseline,ALPHA-E_SandP-500-1H-261007-1239,delta_ratio_volume_sma12_1 > 0.84625,False,short,NON-EDGE,2578,0.9208,3315.0,0.8487,-0.000179,0.422021,0/4,profit_factor 0.92 < 1.0 (losing in-sample); in-sample PF 0.92 < 1.5; expectancy not significant (p=0.90938); walk-forward OOS PF 0.85 < 1.0
E_SandP-500,A_baseline,ALPHA-E_SandP-500-1H-261007-1254,delta_ratio_volume_sma25_1 > 0.760652,False,short,NON-EDGE,35,0.7142,,,,,,profit_factor 0.71 < 1.0 (losing in-sample)
E_SandP-500,A_baseline,ALPHA-E_SandP-500-1H-261007-1315,zs_ratio_body_close_pos_48 < -1,False,short,NON-EDGE,34,0.521,,,,,,profit_factor 0.52 < 1.0 (losing in-sample)
E_SandP-500,A_baseline,ALPHA-E_SandP-500-1H-261007-1340,diffnorm_body_close_pos < -3.02492,False,short,NON-EDGE,2129,0.9176,2641.0,0.8676,-0.000164,0.427868,0/4,profit_factor 0.92 < 1.0 (losing in-sample); in-sample PF 0.92 < 1.5; expectancy not significant (p=0.88906); walk-forward OOS PF 0.87 < 1.0
E_SandP-500,A_baseline,ALPHA-E_SandP-500-1H-261007-1341,diffnorm_body_close_pos crosses_below -3.02492,False,short,NON-EDGE,1920,0.9555,2382.0,0.8814,-0.000146,0.426532,1/4,profit_factor 0.96 < 1.0 (losing in-sample); in-sample PF 0.96 < 1.5; expectancy not significant (p=0.735332); walk-forward OOS PF 0.88 < 1.0
E_SandP-500,A_baseline,ALPHA-E_SandP-500-1H-261007-1342,diffnorm_body_close_pos < -2.97152,False,short,NON-EDGE,2629,0.959,3299.0,0.9015,-0.00012,0.428918,0/4,profit_factor 0.96 < 1.0 (losing in-sample); in-sample PF 0.96 < 1.5; expectancy not significant (p=0.745968); walk-forward OOS PF 0.90 < 1.0
E_SandP-500,A_baseline,ALPHA-E_SandP-500-1H-261007-1343,diffnorm_body_close_pos crosses_below -2.97152,False,short,NON-EDGE,2332,0.9876,2937.0,0.9195,-9.8e-05,0.427647,1/4,profit_factor 0.99 < 1.0 (losing in-sample); in-sample PF 0.99 < 1.5; expectancy not significant (p=0.575736); walk-forward OOS PF 0.92 < 1.0
E_SandP-500,A_baseline,ALPHA-E_SandP-500-1H-261007-1344,diffnorm_body_close_pos < -2.83299,False,short,NON-EDGE,3927,0.874,4950.0,0.8731,-0.000134,0.428889,0/4,profit_factor 0.87 < 1.0 (losing in-sample); in-sample PF 0.87 < 1.5; expectancy not significant (p=0.995203); walk-forward OOS PF 0.87 < 1.0
E_SandP-500,A_baseline,ALPHA-E_SandP-500-1H-261007-1345,diffnorm_body_close_pos crosses_below -2.83299,False,short,NON-EDGE,60,0.9157,,,,,,profit_factor 0.92 < 1.0 (losing in-sample)
E_SandP-500,A_baseline,ALPHA-E_SandP-500-1H-261007-1357,pr_diffnorm_body_close_pos_96 < 0.15625,False,short,NON-EDGE,3738,0.8876,4839.0,0.8472,-0.000187,0.422815,0/4,profit_factor 0.89 < 1.0 (losing in-sample); in-sample PF 0.89 < 1.5; expectancy not significant (p=0.987497); walk-forward OOS PF 0.85 < 1.0
E_SandP-500,A_baseline,ALPHA-E_SandP-500-1H-261007-1362,pr_diffnorm_body_close_pos_168 < 0.10119,False,short,NON-EDGE,2424,0.9164,3154.0,0.8624,-0.00017,0.427394,0/4,profit_factor 0.92 < 1.0 (losing in-sample); in-sample PF 0.92 < 1.5; expectancy not significant (p=0.907078); walk-forward OOS PF 0.86 < 1.0
E_SandP-500,A_baseline,ALPHA-E_SandP-500-1H-261007-1363,pr_diffnorm_body_close_pos_168 < 0.154762,False,short,NON-EDGE,3794,0.8958,4931.0,0.8529,-0.000182,0.424052,0/4,profit_factor 0.90 < 1.0 (losing in-sample); in-sample PF 0.90 < 1.5; expectancy not significant (p=0.981101); walk-forward OOS PF 0.85 < 1.0
E_SandP-500,A_baseline,ALPHA-E_SandP-500-1H-261007-1367,zs_diffnorm_body_close_pos_48 < -1,False,short,NON-EDGE,5570,0.8684,7189.0,0.844,-0.000193,0.432605,0/4,profit_factor 0.87 < 1.0 (losing in-sample); in-sample PF 0.87 < 1.5; expectancy not significant (p=0.998611); walk-forward OOS PF 0.84 < 1.0
E_SandP-500,A_baseline,ALPHA-E_SandP-500-1H-261007-1373,delta_diffnorm_body_close_pos_1 < -2.1217,False,long,NON-EDGE,2062,1.2357,2636.0,1.2471,0.000933,0.564112,3/4,in-sample PF 1.24 < 1.5
E_SandP-500,A_baseline,ALPHA-E_SandP-500-1H-261007-1378,delta_diffnorm_body_close_pos_1 > 2.09409,False,short,NON-EDGE,2081,0.84,2643.0,0.7736,-0.000208,0.415815,0/4,profit_factor 0.84 < 1.0 (losing in-sample); in-sample PF 0.84 < 1.5; expectancy not significant (p=0.993483); walk-forward OOS PF 0.77 < 1.0
E_SandP-500,A_baseline,ALPHA-E_SandP-500-1H-261007-1380,delta_diffnorm_body_close_pos_3 < -1.94353,False,long,NON-EDGE,2574,1.1704,3296.0,1.218,0.000957,0.567658,4/4,in-sample PF 1.17 < 1.5; expectancy not significant (p=0.085942)
E_SandP-500,A_baseline,ALPHA-E_SandP-500-1H-261007-1384,delta_diffnorm_body_close_pos_3 > 2.11066,False,long,NON-EDGE,2075,1.1104,2640.0,1.0542,0.000153,0.54697,3/4,in-sample PF 1.11 < 1.5; expectancy not significant (p=0.08556)
E_SandP-500,A_baseline,ALPHA-E_SandP-500-1H-261007-1415,diffnorm_body_gap < -1.39953,False,short,NON-EDGE,2095,0.9915,2649.0,0.8869,-0.000188,0.433371,1/4,profit_factor 0.99 < 1.0 (losing in-sample); in-sample PF 0.99 < 1.5; expectancy not significant (p=0.547161); walk-forward OOS PF 0.89 < 1.0
E_SandP-500,A_baseline,ALPHA-E_SandP-500-1H-261007-1416,diffnorm_body_gap crosses_below -1.39953,False,short,NON-EDGE,1917,0.9844,2433.0,0.9164,-0.000145,0.434854,1/4,profit_factor 0.98 < 1.0 (losing in-sample); in-sample PF 0.98 < 1.5; expectancy not significant (p=0.585591); walk-forward OOS PF 0.92 < 1.0
E_SandP-500,A_baseline,ALPHA-E_SandP-500-1H-261007-1417,diffnorm_body_gap < -1.31784,False,short,NON-EDGE,2627,0.918,3306.0,0.8575,-0.000211,0.435874,0/4,profit_factor 0.92 < 1.0 (losing in-sample); in-sample PF 0.92 < 1.5; expectancy not significant (p=0.912218); walk-forward OOS PF 0.86 < 1.0
E_SandP-500,A_baseline,ALPHA-E_SandP-500-1H-261007-1418,diffnorm_body_gap crosses_below -1.31784,False,short,NON-EDGE,37,0.9881,,,,,,profit_factor 0.99 < 1.0 (losing in-sample)
E_SandP-500,A_baseline,ALPHA-E_SandP-500-1H-261007-1426,pr_diffnorm_body_gap_48 < 0.166667,False,short,NON-EDGE,64,0.8295,,,,,,profit_factor 0.83 < 1.0 (losing in-sample)
E_SandP-500,A_baseline,ALPHA-E_SandP-500-1H-261007-1430,pr_diffnorm_body_gap_96 < 0.0833333,False,short,NON-EDGE,32,0.7449,,,,,,profit_factor 0.74 < 1.0 (losing in-sample)
E_SandP-500,A_baseline,ALPHA-E_SandP-500-1H-261007-1431,pr_diffnorm_body_gap_96 < 0.104167,False,short,NON-EDGE,38,0.7651,,,,,,profit_factor 0.77 < 1.0 (losing in-sample)
E_SandP-500,A_baseline,ALPHA-E_SandP-500-1H-261007-1436,pr_diffnorm_body_gap_168 < 0.0833333,False,short,NON-EDGE,1964,0.9686,2549.0,0.8876,-0.000153,0.438996,1/4,profit_factor 0.97 < 1.0 (losing in-sample); in-sample PF 0.97 < 1.5; expectancy not significant (p=0.67023); walk-forward OOS PF 0.89 < 1.0
E_SandP-500,A_baseline,ALPHA-E_SandP-500-1H-261007-1437,pr_diffnorm_body_gap_168 < 0.10119,False,short,NON-EDGE,38,0.9528,,,,,,profit_factor 0.95 < 1.0 (losing in-sample)
E_SandP-500,A_baseline,ALPHA-E_SandP-500-1H-261007-1460,delta_diffnorm_body_gap_3 > 1.55986,False,short,NON-EDGE,3849,0.8747,4964.0,0.8159,-0.000203,0.420024,0/4,profit_factor 0.87 < 1.0 (losing in-sample); in-sample PF 0.87 < 1.5; expectancy not significant (p=0.993344); walk-forward OOS PF 0.82 < 1.0
E_SandP-500,A_baseline,ALPHA-E_SandP-500-1H-261007-1466,delta_diffnorm_body_gap_6 > 1.58553,False,long,NON-EDGE,3844,1.1557,4949.0,1.2108,0.000828,0.555264,3/4,in-sample PF 1.16 < 1.5; expectancy not significant (p=0.105172)
E_SandP-500,A_baseline,ALPHA-E_SandP-500-1H-261007-1471,delta_diffnorm_body_gap_12 < -1.57536,False,long,NON-EDGE,3866,1.1225,4942.0,1.1691,0.000688,0.554836,3/4,in-sample PF 1.12 < 1.5; expectancy not significant (p=0.159716)
E_SandP-500,A_baseline,ALPHA-E_SandP-500-1H-261007-1508,delta_ratio_body_lower_wick_3 < -16.5098,False,long,NON-EDGE,1942,1.1157,2506.0,1.1025,0.000294,0.530327,4/4,in-sample PF 1.12 < 1.5; expectancy not significant (p=0.114211)
E_SandP-500,A_baseline,ALPHA-E_SandP-500-1H-261007-1515,delta_ratio_body_lower_wick_6 < -13.0735,False,long,NON-EDGE,2422,1.1597,3135.0,1.165,0.000796,0.557576,4/4,in-sample PF 1.16 < 1.5; expectancy not significant (p=0.102739)
E_SandP-500,A_baseline,ALPHA-E_SandP-500-1H-261007-1521,delta_ratio_body_lower_wick_12 < -12.9922,False,long,NON-EDGE,2412,0.9449,3138.0,0.9609,-5e-05,0.513384,2/4,profit_factor 0.94 < 1.0 (losing in-sample); in-sample PF 0.94 < 1.5; expectancy not significant (p=0.800922); walk-forward OOS PF 0.96 < 1.0
E_SandP-500,A_baseline,ALPHA-E_SandP-500-1H-261007-1522,delta_ratio_body_lower_wick_12 < -8.27823,False,long,NON-EDGE,3624,1.1754,4703.0,1.1302,0.000531,0.552413,3/4,in-sample PF 1.18 < 1.5
E_SandP-500,A_baseline,ALPHA-E_SandP-500-1H-261007-1526,diffnorm_body_lower_wick < -1.64279,False,short,NON-EDGE,2128,0.9233,2641.0,0.8664,-0.000165,0.427868,0/4,profit_factor 0.92 < 1.0 (losing in-sample); in-sample PF 0.92 < 1.5; expectancy not significant (p=0.871678); walk-forward OOS PF 0.87 < 1.0
E_SandP-500,A_baseline,ALPHA-E_SandP-500-1H-261007-1527,diffnorm_body_lower_wick crosses_below -1.64279,False,short,NON-EDGE,1920,0.962,2382.0,0.88,-0.000147,0.426532,1/4,profit_factor 0.96 < 1.0 (losing in-sample); in-sample PF 0.96 < 1.5; expectancy not significant (p=0.704083); walk-forward OOS PF 0.88 < 1.0
E_SandP-500,A_baseline,ALPHA-E_SandP-500-1H-261007-1528,diffnorm_body_lower_wick < -1.61355,False,short,NON-EDGE,2627,0.9581,3299.0,0.8998,-0.000123,0.428312,0/4,profit_factor 0.96 < 1.0 (losing in-sample); in-sample PF 0.96 < 1.5; expectancy not significant (p=0.750954); walk-forward OOS PF 0.90 < 1.0
E_SandP-500,A_baseline,ALPHA-E_SandP-500-1H-261007-1529,diffnorm_body_lower_wick crosses_below -1.61355,False,short,NON-EDGE,2331,0.9872,2938.0,0.917,-0.000101,0.427161,1/4,profit_factor 0.99 < 1.0 (losing in-sample); in-sample PF 0.99 < 1.5; expectancy not significant (p=0.578313); walk-forward OOS PF 0.92 < 1.0
E_SandP-500,A_baseline,ALPHA-E_SandP-500-1H-261007-1530,diffnorm_body_lower_wick < -1.53746,False,short,NON-EDGE,3927,0.8771,4952.0,0.8477,-0.000196,0.425485,0/4,profit_factor 0.88 < 1.0 (losing in-sample); in-sample PF 0.88 < 1.5; expectancy not significant (p=0.994179); walk-forward OOS PF 0.85 < 1.0
E_SandP-500,A_baseline,ALPHA-E_SandP-500-1H-261007-1531,diffnorm_body_lower_wick crosses_below -1.53746,False,short,NON-EDGE,3291,0.9023,4185.0,0.8416,-0.000215,0.429391,0/4,profit_factor 0.90 < 1.0 (losing in-sample); in-sample PF 0.90 < 1.5; expectancy not significant (p=0.97002); walk-forward OOS PF 0.84 < 1.0
E_SandP-500,A_baseline,ALPHA-E_SandP-500-1H-261007-1543,pr_diffnorm_body_lower_wick_96 < 0.15625,False,short,NON-EDGE,3731,0.893,4832.0,0.8508,-0.000183,0.423013,0/4,profit_factor 0.89 < 1.0 (losing in-sample); in-sample PF 0.89 < 1.5; expectancy not significant (p=0.983247); walk-forward OOS PF 0.85 < 1.0
E_SandP-500,A_baseline,ALPHA-E_SandP-500-1H-261007-1548,pr_diffnorm_body_lower_wick_168 < 0.10119,False,short,NON-EDGE,2425,0.9166,3153.0,0.8625,-0.00017,0.427529,0/4,profit_factor 0.92 < 1.0 (losing in-sample); in-sample PF 0.92 < 1.5; expectancy not significant (p=0.906645); walk-forward OOS PF 0.86 < 1.0
E_SandP-500,A_baseline,ALPHA-E_SandP-500-1H-261007-1549,pr_diffnorm_body_lower_wick_168 < 0.154762,False,short,NON-EDGE,3792,0.9051,4932.0,0.8595,-0.000173,0.424777,0/4,profit_factor 0.91 < 1.0 (losing in-sample); in-sample PF 0.91 < 1.5; expectancy not significant (p=0.97018); walk-forward OOS PF 0.86 < 1.0
E_SandP-500,A_baseline,ALPHA-E_SandP-500-1H-261007-1556,zs_diffnorm_body_lower_wick_96 < -1,False,short,NON-EDGE,4900,0.8827,6318.0,0.8233,-0.000251,0.427825,0/4,profit_factor 0.88 < 1.0 (losing in-sample); in-sample PF 0.88 < 1.5; expectancy not significant (p=0.990119); walk-forward OOS PF 0.82 < 1.0
E_SandP-500,A_baseline,ALPHA-E_SandP-500-1H-261007-1558,zs_diffnorm_body_lower_wick_96 > 1.5,False,long,NON-EDGE,2461,1.4183,3174.0,1.5544,0.003497,0.614682,3/4,in-sample PF 1.42 < 1.5
E_SandP-500,A_baseline,ALPHA-E_SandP-500-1H-261007-1569,delta_diffnorm_body_lower_wick_3 < -1.97152,False,long,NON-EDGE,2580,1.1263,3292.0,1.1292,0.000579,0.563183,3/4,in-sample PF 1.13 < 1.5; expectancy not significant (p=0.154486)
E_SandP-500,A_baseline,ALPHA-E_SandP-500-1H-261007-1573,delta_diffnorm_body_lower_wick_3 > 2.13541,False,long,NON-EDGE,36,0.7798,,,,,,profit_factor 0.78 < 1.0 (losing in-sample)
E_SandP-500,A_baseline,ALPHA-E_SandP-500-1H-261007-1609,diffnorm_body_range_pct < -1.40539,False,short,NON-EDGE,2096,0.9656,2649.0,0.8929,-0.000171,0.438279,1/4,profit_factor 0.97 < 1.0 (losing in-sample); in-sample PF 0.97 < 1.5; expectancy not significant (p=0.691582); walk-forward OOS PF 0.89 < 1.0
E_SandP-500,A_baseline,ALPHA-E_SandP-500-1H-261007-1610,diffnorm_body_range_pct crosses_below -1.40539,False,short,NON-EDGE,1920,0.9575,2434.0,0.8965,-0.000184,0.433854,1/4,profit_factor 0.96 < 1.0 (losing in-sample); in-sample PF 0.96 < 1.5; expectancy not significant (p=0.723879); walk-forward OOS PF 0.90 < 1.0
E_SandP-500,A_baseline,ALPHA-E_SandP-500-1H-261007-1611,diffnorm_body_range_pct < -1.32334,False,short,NON-EDGE,2627,0.9191,3305.0,0.8654,-0.0002,0.437519,0/4,profit_factor 0.92 < 1.0 (losing in-sample); in-sample PF 0.92 < 1.5; expectancy not significant (p=0.909472); walk-forward OOS PF 0.87 < 1.0
E_SandP-500,A_baseline,ALPHA-E_SandP-500-1H-261007-1612,diffnorm_body_range_pct crosses_below -1.32334,False,short,NON-EDGE,39,0.8754,,,,,,profit_factor 0.88 < 1.0 (losing in-sample)
E_SandP-500,A_baseline,ALPHA-E_SandP-500-1H-261007-1620,pr_diffnorm_body_range_pct_48 < 0.166667,False,short,NON-EDGE,64,0.8295,,,,,,profit_factor 0.83 < 1.0 (losing in-sample)
E_SandP-500,A_baseline,ALPHA-E_SandP-500-1H-261007-1625,pr_diffnorm_body_range_pct_96 < 0.104167,False,short,NON-EDGE,38,0.7651,,,,,,profit_factor 0.77 < 1.0 (losing in-sample)
E_SandP-500,A_baseline,ALPHA-E_SandP-500-1H-261007-1630,pr_diffnorm_body_range_pct_168 < 0.0833333,False,short,NON-EDGE,1962,0.9641,2546.0,0.883,-0.000162,0.437942,1/4,profit_factor 0.96 < 1.0 (losing in-sample); in-sample PF 0.96 < 1.5; expectancy not significant (p=0.693226); walk-forward OOS PF 0.88 < 1.0
E_SandP-500,A_baseline,ALPHA-E_SandP-500-1H-261007-1631,pr_diffnorm_body_range_pct_168 < 0.10119,False,short,NON-EDGE,37,0.8673,,,,,,profit_factor 0.87 < 1.0 (losing in-sample)
E_SandP-500,A_baseline,ALPHA-E_SandP-500-1H-261007-1650,delta_diffnorm_body_range_pct_1 > 2.0899,False,short,NON-EDGE,32,0.786,,,,,,profit_factor 0.79 < 1.0 (losing in-sample)
E_SandP-500,A_baseline,ALPHA-E_SandP-500-1H-261007-1654,delta_diffnorm_body_range_pct_3 > 1.56094,False,short,NON-EDGE,3851,0.8757,4964.0,0.8169,-0.000202,0.419621,0/4,profit_factor 0.88 < 1.0 (losing in-sample); in-sample PF 0.88 < 1.5; expectancy not significant (p=0.992935); walk-forward OOS PF 0.82 < 1.0
E_SandP-500,A_baseline,ALPHA-E_SandP-500-1H-261007-1660,delta_diffnorm_body_range_pct_6 > 1.58522,False,long,NON-EDGE,3845,1.1557,4950.0,1.2096,0.000824,0.555152,3/4,in-sample PF 1.16 < 1.5; expectancy not significant (p=0.105173)
E_SandP-500,A_baseline,ALPHA-E_SandP-500-1H-261007-1665,delta_diffnorm_body_range_pct_12 < -1.57435,False,long,NON-EDGE,3868,1.1306,4945.0,1.1049,0.000415,0.540546,3/4,in-sample PF 1.13 < 1.5; expectancy not significant (p=0.078782)
E_SandP-500,A_baseline,ALPHA-E_SandP-500-1H-261007-1671,ratio_body_upper_wick < -7.19923,False,short,NON-EDGE,2518,0.9034,3202.0,0.8409,-0.000213,0.42411,0/4,profit_factor 0.90 < 1.0 (losing in-sample); in-sample PF 0.90 < 1.5; expectancy not significant (p=0.94566); walk-forward OOS PF 0.84 < 1.0
E_SandP-500,A_baseline,ALPHA-E_SandP-500-1H-261007-1672,ratio_body_upper_wick crosses_below -7.19923,False,short,NON-EDGE,2175,0.8912,2788.0,0.8261,-0.000235,0.416069,0/4,profit_factor 0.89 < 1.0 (losing in-sample); in-sample PF 0.89 < 1.5; expectancy not significant (p=0.957765); walk-forward OOS PF 0.83 < 1.0
E_SandP-500,A_baseline,ALPHA-E_SandP-500-1H-261007-1673,ratio_body_upper_wick < -4.14324,False,short,NON-EDGE,3800,0.9348,4797.0,0.865,-0.000302,0.447571,1/4,profit_factor 0.93 < 1.0 (losing in-sample); in-sample PF 0.93 < 1.5; expectancy not significant (p=0.853648); walk-forward OOS PF 0.86 < 1.0
E_SandP-500,A_baseline,ALPHA-E_SandP-500-1H-261007-1674,ratio_body_upper_wick crosses_below -4.14324,False,short,NON-EDGE,59,0.9972,,,,,,profit_factor 1.00 < 1.0 (losing in-sample)
E_SandP-500,A_baseline,ALPHA-E_SandP-500-1H-261007-1679,pr_ratio_body_upper_wick_48 < 0.108696,False,short,NON-EDGE,2400,0.9285,3128.0,0.8482,-0.000198,0.425512,0/4,profit_factor 0.93 < 1.0 (losing in-sample); in-sample PF 0.93 < 1.5; expectancy not significant (p=0.87064); walk-forward OOS PF 0.85 < 1.0
E_SandP-500,A_baseline,ALPHA-E_SandP-500-1H-261007-1680,pr_ratio_body_upper_wick_48 < 0.166667,False,short,NON-EDGE,56,0.6695,,,,,,profit_factor 0.67 < 1.0 (losing in-sample)
E_SandP-500,A_baseline,ALPHA-E_SandP-500-1H-261007-1685,pr_ratio_body_upper_wick_96 < 0.105263,False,short,NON-EDGE,2444,0.9228,3177.0,0.8357,-0.000212,0.42367,0/4,profit_factor 0.92 < 1.0 (losing in-sample); in-sample PF 0.92 < 1.5; expectancy not significant (p=0.892588); walk-forward OOS PF 0.84 < 1.0
E_SandP-500,A_baseline,ALPHA-E_SandP-500-1H-261007-1686,pr_ratio_body_upper_wick_96 < 0.155556,False,short,NON-EDGE,3685,0.9256,4798.0,0.852,-0.000325,0.445394,0/4,profit_factor 0.93 < 1.0 (losing in-sample); in-sample PF 0.93 < 1.5; expectancy not significant (p=0.882676); walk-forward OOS PF 0.85 < 1.0
E_SandP-500,A_baseline,ALPHA-E_SandP-500-1H-261007-1691,pr_ratio_body_upper_wick_168 < 0.10303,False,short,NON-EDGE,2440,0.9044,3170.0,0.8315,-0.000221,0.419874,0/4,profit_factor 0.90 < 1.0 (losing in-sample); in-sample PF 0.90 < 1.5; expectancy not significant (p=0.938515); walk-forward OOS PF 0.83 < 1.0
E_SandP-500,A_baseline,ALPHA-E_SandP-500-1H-261007-1692,pr_ratio_body_upper_wick_168 < 0.152866,False,short,NON-EDGE,3683,0.8782,4795.0,0.8311,-0.000226,0.423566,0/4,profit_factor 0.88 < 1.0 (losing in-sample); in-sample PF 0.88 < 1.5; expectancy not significant (p=0.991159); walk-forward OOS PF 0.83 < 1.0
E_SandP-500,A_baseline,ALPHA-E_SandP-500-1H-261007-1698,delta_ratio_body_upper_wick_1 < -9.42038,False,short,NON-EDGE,3629,0.8847,4662.0,0.8496,-0.000192,0.418704,0/4,profit_factor 0.88 < 1.0 (losing in-sample); in-sample PF 0.88 < 1.5; expectancy not significant (p=0.988774); walk-forward OOS PF 0.85 < 1.0
E_SandP-500,A_baseline,ALPHA-E_SandP-500-1H-261007-1714,delta_ratio_body_upper_wick_12 < -19.9932,False,short,NON-EDGE,35,0.7712,,,,,,profit_factor 0.77 < 1.0 (losing in-sample)
E_SandP-500,A_baseline,ALPHA-E_SandP-500-1H-261007-1715,delta_ratio_body_upper_wick_12 < -15.4808,False,short,NON-EDGE,2436,0.8442,3103.0,0.8074,-0.000146,0.416049,0/4,profit_factor 0.84 < 1.0 (losing in-sample); in-sample PF 0.84 < 1.5; expectancy not significant (p=0.995657); walk-forward OOS PF 0.81 < 1.0
E_SandP-500,A_baseline,ALPHA-E_SandP-500-1H-261007-1762,delta_diffnorm_body_upper_wick_3 < -2.11809,False,long,NON-EDGE,2077,1.1403,2641.0,1.0978,0.000414,0.565316,3/4,in-sample PF 1.14 < 1.5; expectancy not significant (p=0.131435)
E_SandP-500,A_baseline,ALPHA-E_SandP-500-1H-261007-1766,delta_diffnorm_body_upper_wick_3 > 1.95621,False,short,NON-EDGE,2553,0.8975,3305.0,0.839,-0.000174,0.416641,0/4,profit_factor 0.90 < 1.0 (losing in-sample); in-sample PF 0.90 < 1.5; expectancy not significant (p=0.951307); walk-forward OOS PF 0.84 < 1.0
E_SandP-500,A_baseline,ALPHA-E_SandP-500-1H-261007-1767,delta_diffnorm_body_upper_wick_3 > 2.10943,False,short,NON-EDGE,2056,0.949,2641.0,0.8797,-0.000127,0.423703,0/4,profit_factor 0.95 < 1.0 (losing in-sample); in-sample PF 0.95 < 1.5; expectancy not significant (p=0.766251); walk-forward OOS PF 0.88 < 1.0
E_SandP-500,A_baseline,ALPHA-E_SandP-500-1H-261007-1775,delta_diffnorm_body_upper_wick_12 < -1.96996,False,long,NON-EDGE,2568,1.1322,3304.0,1.1603,0.000519,0.537833,3/4,in-sample PF 1.13 < 1.5; expectancy not significant (p=0.082643)
E_SandP-500,A_baseline,ALPHA-E_SandP-500-1H-261007-1792,pr_ratio_close_pos_gap_168 < 0.0833333,False,long,NON-EDGE,0,0.0,,,,,,"total_trades 0 < 10 (first train window sized for 10 trades at min_tpm=35.2 (95% Poisson margin), not significant); profit_factor 0.00 < 1.0 (losing in-sample)"
E_SandP-500,A_baseline,ALPHA-E_SandP-500-1H-261007-1793,pr_ratio_close_pos_gap_168 < 0.101796,False,long,NON-EDGE,0,0.0,,,,,,"total_trades 0 < 10 (first train window sized for 10 trades at min_tpm=35.2 (95% Poisson margin), not significant); profit_factor 0.00 < 1.0 (losing in-sample)"
E_SandP-500,A_baseline,ALPHA-E_SandP-500-1H-261007-1832,zs_diffnorm_close_pos_gap_168 < -1,False,short,NON-EDGE,5564,0.8563,7231.0,0.5969,-0.004071,0.578343,0/4,profit_factor 0.86 < 1.0 (losing in-sample); in-sample PF 0.86 < 1.5; expectancy not significant (p=0.794872); walk-forward OOS PF 0.60 < 1.0
E_SandP-500,A_baseline,ALPHA-E_SandP-500-1H-261007-1835,delta_diffnorm_close_pos_gap_1 < -1.95976,False,short,NON-EDGE,2545,0.9479,3303.0,0.9104,-0.00025,0.446564,0/4,profit_factor 0.95 < 1.0 (losing in-sample); in-sample PF 0.95 < 1.5; expectancy not significant (p=0.765772); walk-forward OOS PF 0.91 < 1.0
E_SandP-500,A_baseline,ALPHA-E_SandP-500-1H-261007-1838,delta_diffnorm_close_pos_gap_1 > 1.95351,False,short,NON-EDGE,2553,0.9084,3298.0,0.8711,-0.000366,0.444512,1/4,profit_factor 0.91 < 1.0 (losing in-sample); in-sample PF 0.91 < 1.5; expectancy not significant (p=0.905556); walk-forward OOS PF 0.87 < 1.0
E_SandP-500,A_baseline,ALPHA-E_SandP-500-1H-261007-1878,delta_ratio_close_pos_lower_wick_3 < -6.09765,False,long,NON-EDGE,49,0.6984,,,,,,profit_factor 0.70 < 1.0 (losing in-sample)
E_SandP-500,A_baseline,ALPHA-E_SandP-500-1H-261007-1879,delta_ratio_close_pos_lower_wick_3 < -3.40353,False,long,NON-EDGE,68,0.711,,,,,,profit_factor 0.71 < 1.0 (losing in-sample)
E_SandP-500,A_baseline,ALPHA-E_SandP-500-1H-261007-1883,delta_ratio_close_pos_lower_wick_6 < -8.10953,False,long,NON-EDGE,1906,0.9962,2510.0,0.9275,-0.000106,0.511952,1/4,profit_factor 1.00 < 1.0 (losing in-sample); in-sample PF 1.00 < 1.5; expectancy not significant (p=0.520048); walk-forward OOS PF 0.93 < 1.0
E_SandP-500,A_baseline,ALPHA-E_SandP-500-1H-261007-1884,delta_ratio_close_pos_lower_wick_6 < -6.1487,False,long,NON-EDGE,2389,1.2332,3132.0,1.2081,0.00092,0.565134,4/4,in-sample PF 1.23 < 1.5
E_SandP-500,A_baseline,ALPHA-E_SandP-500-1H-261007-1889,delta_ratio_close_pos_lower_wick_12 < -8.06711,False,long,NON-EDGE,34,0.9202,,,,,,profit_factor 0.92 < 1.0 (losing in-sample)
E_SandP-500,A_baseline,ALPHA-E_SandP-500-1H-261007-1890,delta_ratio_close_pos_lower_wick_12 < -6.02406,False,long,NON-EDGE,2398,1.0794,3133.0,1.1036,0.000207,0.541334,3/4,in-sample PF 1.08 < 1.5; expectancy not significant (p=0.148126)
E_SandP-500,A_baseline,ALPHA-E_SandP-500-1H-261007-1891,delta_ratio_close_pos_lower_wick_12 < -3.33135,False,long,NON-EDGE,3624,1.0059,4702.0,1.0145,3.1e-05,0.533815,2/4,in-sample PF 1.01 < 1.5; expectancy not significant (p=0.463809)
E_SandP-500,A_baseline,ALPHA-E_SandP-500-1H-261007-1920,delta_diffnorm_close_pos_lower_wick_3 < -2.00785,False,long,NON-EDGE,2578,1.1895,3298.0,1.1488,0.000614,0.575804,3/4,in-sample PF 1.19 < 1.5; expectancy not significant (p=0.068017)
E_SandP-500,A_baseline,ALPHA-E_SandP-500-1H-261007-1938,pr_ratio_close_pos_range_pct_48 < 0.104167,False,short,NON-EDGE,33,0.6289,,,,,,profit_factor 0.63 < 1.0 (losing in-sample)
E_SandP-500,A_baseline,ALPHA-E_SandP-500-1H-261007-1993,zs_diffnorm_close_pos_range_pct_168 < -1,False,short,NON-EDGE,5572,0.8535,7239.0,0.5946,-0.004107,0.577842,0/4,profit_factor 0.85 < 1.0 (losing in-sample); in-sample PF 0.85 < 1.5; expectancy not significant (p=0.799718); walk-forward OOS PF 0.59 < 1.0
E_SandP-500,A_baseline,ALPHA-E_SandP-500-1H-261007-1996,delta_diffnorm_close_pos_range_pct_1 < -1.95912,False,short,NON-EDGE,2544,0.9518,3304.0,0.9137,-0.000241,0.447337,0/4,profit_factor 0.95 < 1.0 (losing in-sample); in-sample PF 0.95 < 1.5; expectancy not significant (p=0.748243); walk-forward OOS PF 0.91 < 1.0
E_SandP-500,A_baseline,ALPHA-E_SandP-500-1H-261007-1999,delta_diffnorm_close_pos_range_pct_1 > 1.95277,False,short,NON-EDGE,2554,0.9085,3298.0,0.8722,-0.000362,0.443905,1/4,profit_factor 0.91 < 1.0 (losing in-sample); in-sample PF 0.91 < 1.5; expectancy not significant (p=0.905107); walk-forward OOS PF 0.87 < 1.0
E_SandP-500,A_baseline,ALPHA-E_SandP-500-1H-261007-2004,delta_diffnorm_close_pos_range_pct_3 > 1.56303,False,short,NON-EDGE,65,0.7765,,,,,,profit_factor 0.78 < 1.0 (losing in-sample)
E_SandP-500,A_baseline,ALPHA-E_SandP-500-1H-261007-2067,delta_ratio_close_pos_upper_wick_12 < -7.19954,False,long,NON-EDGE,3621,1.005,4655.0,1.0026,5e-06,0.529108,2/4,in-sample PF 1.00 < 1.5; expectancy not significant (p=0.469961)
E_SandP-500,A_baseline,ALPHA-E_SandP-500-1H-261007-2104,zs_diffnorm_close_pos_upper_wick_168 < -1.5,False,short,NON-EDGE,8,9999.0,,,,,,"total_trades 8 < 10 (first train window sized for 10 trades at min_tpm=35.2 (95% Poisson margin), not significant)"
E_SandP-500,A_baseline,ALPHA-E_SandP-500-1H-261007-2111,delta_diffnorm_close_pos_upper_wick_1 > 1.54392,False,short,NON-EDGE,69,0.8192,,,,,,profit_factor 0.82 < 1.0 (losing in-sample)
E_SandP-500,A_baseline,ALPHA-E_SandP-500-1H-261007-2112,delta_diffnorm_close_pos_upper_wick_1 > 1.87261,False,short,NON-EDGE,43,0.8716,,,,,,profit_factor 0.87 < 1.0 (losing in-sample)
E_SandP-500,A_baseline,ALPHA-E_SandP-500-1H-261007-2113,delta_diffnorm_close_pos_upper_wick_1 > 2.03607,False,short,NON-EDGE,2018,0.921,2639.0,0.8533,-0.000541,0.443729,1/4,profit_factor 0.92 < 1.0 (losing in-sample); in-sample PF 0.92 < 1.5; expectancy not significant (p=0.852839); walk-forward OOS PF 0.85 < 1.0
E_SandP-500,A_baseline,ALPHA-E_SandP-500-1H-261007-2239,pr_ratio_gap_range_pct_168 < 0.0833333,False,long,NON-EDGE,27,0.4292,,,,,,profit_factor 0.43 < 1.0 (losing in-sample)
E_SandP-500,A_baseline,ALPHA-E_SandP-500-1H-261007-2240,pr_ratio_gap_range_pct_168 < 0.10119,False,long,NON-EDGE,35,0.6176,,,,,,profit_factor 0.62 < 1.0 (losing in-sample)
E_SandP-500,A_baseline,ALPHA-E_SandP-500-1H-261007-2246,pr_diffnorm_gap_range_pct_48 < 0.166667,False,short,NON-EDGE,66,0.9722,,,,,,profit_factor 0.97 < 1.0 (losing in-sample)
E_SandP-500,A_baseline,ALPHA-E_SandP-500-1H-261007-2249,pr_diffnorm_gap_range_pct_96 < 0.104167,False,long,NON-EDGE,42,0.8652,,,,,,profit_factor 0.87 < 1.0 (losing in-sample)
E_SandP-500,A_baseline,ALPHA-E_SandP-500-1H-261007-2250,pr_diffnorm_gap_range_pct_96 < 0.15625,False,long,NON-EDGE,61,0.7554,,,,,,profit_factor 0.76 < 1.0 (losing in-sample)
E_SandP-500,A_baseline,ALPHA-E_SandP-500-1H-261007-2255,pr_diffnorm_gap_range_pct_168 < 0.14881,False,long,NON-EDGE,64,0.8549,,,,,,profit_factor 0.85 < 1.0 (losing in-sample)
E_SandP-500,A_baseline,ALPHA-E_SandP-500-1H-261007-2259,zs_diffnorm_gap_range_pct_48 < -1,False,long,NON-EDGE,3530,1.1741,4542.0,1.3115,0.001464,0.568912,3/4,in-sample PF 1.17 < 1.5; expectancy not significant (p=0.157032)
E_SandP-500,A_baseline,ALPHA-E_SandP-500-1H-261007-2261,zs_diffnorm_gap_range_pct_168 < -1,False,long,NON-EDGE,53,0.805,,,,,,profit_factor 0.81 < 1.0 (losing in-sample)
E_SandP-500,A_baseline,ALPHA-E_SandP-500-1H-261007-2268,pr_ratio_gap_upper_wick_48 > 0.934783,False,short,NON-EDGE,27,0.7767,,,,,,profit_factor 0.78 < 1.0 (losing in-sample)
E_SandP-500,A_baseline,ALPHA-E_SandP-500-1H-261007-2269,pr_ratio_gap_upper_wick_96 < 0.0851064,False,long,NON-EDGE,29,0.8691,,,,,,profit_factor 0.87 < 1.0 (losing in-sample)
E_SandP-500,A_baseline,ALPHA-E_SandP-500-1H-261007-2274,pr_ratio_gap_upper_wick_96 > 0.925532,False,short,NON-EDGE,29,0.716,,,,,,profit_factor 0.72 < 1.0 (losing in-sample)
E_SandP-500,A_baseline,ALPHA-E_SandP-500-1H-261007-2275,pr_ratio_gap_upper_wick_168 < 0.0807453,False,short,NON-EDGE,1954,0.8271,2555.0,0.7811,-0.000269,0.437182,0/4,profit_factor 0.83 < 1.0 (losing in-sample); in-sample PF 0.83 < 1.5; expectancy not significant (p=0.995293); walk-forward OOS PF 0.78 < 1.0
E_SandP-500,A_baseline,ALPHA-E_SandP-500-1H-261007-2276,pr_ratio_gap_upper_wick_168 < 0.10241,False,short,NON-EDGE,2462,0.8335,3196.0,0.829,-0.000225,0.438673,0/4,profit_factor 0.83 < 1.0 (losing in-sample); in-sample PF 0.83 < 1.5; expectancy not significant (p=0.996573); walk-forward OOS PF 0.83 < 1.0
E_SandP-500,A_baseline,ALPHA-E_SandP-500-1H-261007-2279,pr_ratio_gap_upper_wick_168 > 0.90303,False,short,NON-EDGE,33,0.6728,,,,,,profit_factor 0.67 < 1.0 (losing in-sample)
E_SandP-500,A_baseline,ALPHA-E_SandP-500-1H-261007-2281,delta_ratio_gap_upper_wick_1 < -0.00183922,False,long,NON-EDGE,1998,1.0172,2487.0,1.0275,5.3e-05,0.529956,3/4,in-sample PF 1.02 < 1.5; expectancy not significant (p=0.414112)
E_SandP-500,A_baseline,ALPHA-E_SandP-500-1H-261007-2294,delta_ratio_gap_upper_wick_6 > 0.00085531,False,short,NON-EDGE,56,0.9607,,,,,,profit_factor 0.96 < 1.0 (losing in-sample)
E_SandP-500,A_baseline,ALPHA-E_SandP-500-1H-261007-2295,delta_ratio_gap_upper_wick_6 > 0.00143682,False,short,NON-EDGE,2488,0.9143,3108.0,0.8758,-0.000154,0.431789,1/4,profit_factor 0.91 < 1.0 (losing in-sample); in-sample PF 0.91 < 1.5; expectancy not significant (p=0.91212); walk-forward OOS PF 0.88 < 1.0
E_SandP-500,A_baseline,ALPHA-E_SandP-500-1H-261007-2296,delta_ratio_gap_upper_wick_6 > 0.00189593,False,short,NON-EDGE,29,0.5081,,,,,,profit_factor 0.51 < 1.0 (losing in-sample)
E_SandP-500,A_baseline,ALPHA-E_SandP-500-1H-261007-2301,delta_ratio_gap_upper_wick_12 > 0.00144749,False,short,NON-EDGE,43,0.9812,,,,,,profit_factor 0.98 < 1.0 (losing in-sample)
E_SandP-500,A_baseline,ALPHA-E_SandP-500-1H-261007-2302,delta_ratio_gap_upper_wick_12 > 0.0018814,False,long,NON-EDGE,1994,1.1716,2486.0,1.1157,0.000327,0.549879,4/4,in-sample PF 1.17 < 1.5
E_SandP-500,A_baseline,ALPHA-E_SandP-500-1H-261007-2313,pr_diffnorm_gap_upper_wick_48 < 0.104167,False,long,NON-EDGE,36,0.7263,,,,,,profit_factor 0.73 < 1.0 (losing in-sample)
E_SandP-500,A_baseline,ALPHA-E_SandP-500-1H-261007-2325,pr_diffnorm_gap_upper_wick_168 < 0.10119,False,long,NON-EDGE,30,0.7911,,,,,,profit_factor 0.79 < 1.0 (losing in-sample)
E_SandP-500,A_baseline,ALPHA-E_SandP-500-1H-261007-2326,pr_diffnorm_gap_upper_wick_168 < 0.154762,False,long,NON-EDGE,50,0.5919,,,,,,profit_factor 0.59 < 1.0 (losing in-sample)
E_SandP-500,A_baseline,ALPHA-E_SandP-500-1H-261007-2337,zs_diffnorm_gap_upper_wick_168 < -1,False,long,NON-EDGE,60,0.532,,,,,,profit_factor 0.53 < 1.0 (losing in-sample)
E_SandP-500,A_baseline,ALPHA-E_SandP-500-1H-261007-2341,delta_diffnorm_gap_upper_wick_1 < -1.43878,False,short,NON-EDGE,3771,0.8907,4952.0,0.8462,-0.000483,0.436187,0/4,profit_factor 0.89 < 1.0 (losing in-sample); in-sample PF 0.89 < 1.5; expectancy not significant (p=0.957273); walk-forward OOS PF 0.85 < 1.0
E_SandP-500,A_baseline,ALPHA-E_SandP-500-1H-261007-2426,delta_diffnorm_lower_wick_range_pct_1 > 1.83749,False,short,NON-EDGE,2542,0.9107,3304.0,0.833,-0.000187,0.422215,0/4,profit_factor 0.91 < 1.0 (losing in-sample); in-sample PF 0.91 < 1.5; expectancy not significant (p=0.925065); walk-forward OOS PF 0.83 < 1.0
E_SandP-500,A_baseline,ALPHA-E_SandP-500-1H-261007-2461,pr_ratio_lower_wick_upper_wick_96 < 0.0851064,False,short,NON-EDGE,1917,0.9542,2505.0,0.8088,-0.001193,0.445908,1/4,profit_factor 0.95 < 1.0 (losing in-sample); in-sample PF 0.95 < 1.5; expectancy not significant (p=0.658608); walk-forward OOS PF 0.81 < 1.0
E_SandP-500,A_baseline,ALPHA-E_SandP-500-1H-261007-2462,pr_ratio_lower_wick_upper_wick_96 < 0.105263,False,long,NON-EDGE,2439,0.8263,3148.0,0.8102,-0.000161,0.460928,0/4,profit_factor 0.83 < 1.0 (losing in-sample); in-sample PF 0.83 < 1.5; expectancy not significant (p=0.996934); walk-forward OOS PF 0.81 < 1.0
E_SandP-500,A_baseline,ALPHA-E_SandP-500-1H-261007-2474,delta_ratio_lower_wick_upper_wick_1 < -7.58093,False,long,NON-EDGE,1948,1.0385,2481.0,1.0416,5.1e-05,0.51189,2/4,in-sample PF 1.04 < 1.5; expectancy not significant (p=0.306859)
E_SandP-500,A_baseline,ALPHA-E_SandP-500-1H-261007-2475,delta_ratio_lower_wick_upper_wick_1 < -5.84931,False,long,NON-EDGE,2411,1.0221,3104.0,1.0004,1e-06,0.514175,2/4,in-sample PF 1.02 < 1.5; expectancy not significant (p=0.372455)
E_SandP-500,A_baseline,ALPHA-E_SandP-500-1H-261007-2480,delta_ratio_lower_wick_upper_wick_3 < -7.81402,False,long,NON-EDGE,1960,0.9754,2481.0,0.9814,-1.6e-05,0.489319,2/4,profit_factor 0.98 < 1.0 (losing in-sample); in-sample PF 0.98 < 1.5; expectancy not significant (p=0.629628); walk-forward OOS PF 0.98 < 1.0
E_SandP-500,A_baseline,ALPHA-E_SandP-500-1H-261007-2481,delta_ratio_lower_wick_upper_wick_3 < -6.00967,False,long,NON-EDGE,2438,0.9688,3103.0,0.9474,-5.6e-05,0.493716,1/4,profit_factor 0.97 < 1.0 (losing in-sample); in-sample PF 0.97 < 1.5; expectancy not significant (p=0.678849); walk-forward OOS PF 0.95 < 1.0
E_SandP-500,A_baseline,ALPHA-E_SandP-500-1H-261007-2482,delta_ratio_lower_wick_upper_wick_3 < -3.63271,False,long,NON-EDGE,3599,0.9567,4663.0,0.9431,-6.6e-05,0.497105,1/4,profit_factor 0.96 < 1.0 (losing in-sample); in-sample PF 0.96 < 1.5; expectancy not significant (p=0.784675); walk-forward OOS PF 0.94 < 1.0
E_SandP-500,A_baseline,ALPHA-E_SandP-500-1H-261007-2486,delta_ratio_lower_wick_upper_wick_6 < -7.62696,False,short,NON-EDGE,40,0.9182,,,,,,profit_factor 0.92 < 1.0 (losing in-sample)
E_SandP-500,A_baseline,ALPHA-E_SandP-500-1H-261007-2488,delta_ratio_lower_wick_upper_wick_6 < -3.57963,False,short,NON-EDGE,70,0.8702,,,,,,profit_factor 0.87 < 1.0 (losing in-sample)
E_SandP-500,A_baseline,ALPHA-E_SandP-500-1H-261007-2500,diffnorm_lower_wick_upper_wick < -1.22979,False,short,NON-EDGE,2480,0.9506,3296.0,0.8552,-0.000591,0.453277,1/4,profit_factor 0.95 < 1.0 (losing in-sample); in-sample PF 0.95 < 1.5; expectancy not significant (p=0.714341); walk-forward OOS PF 0.86 < 1.0
E_SandP-500,A_baseline,ALPHA-E_SandP-500-1H-261007-2501,diffnorm_lower_wick_upper_wick crosses_below -1.22979,False,short,NON-EDGE,2212,0.9274,2926.0,0.8337,-0.000683,0.452495,1/4,profit_factor 0.93 < 1.0 (losing in-sample); in-sample PF 0.93 < 1.5; expectancy not significant (p=0.798243); walk-forward OOS PF 0.83 < 1.0
E_SandP-500,A_baseline,ALPHA-E_SandP-500-1H-261007-2513,pr_diffnorm_lower_wick_upper_wick_96 < 0.0833333,False,short,NON-EDGE,1847,0.9787,2426.0,0.7693,-0.000942,0.480214,0/4,profit_factor 0.98 < 1.0 (losing in-sample); in-sample PF 0.98 < 1.5; expectancy not significant (p=0.592497); walk-forward OOS PF 0.77 < 1.0
E_SandP-500,A_baseline,ALPHA-E_SandP-500-1H-261007-2519,pr_diffnorm_lower_wick_upper_wick_168 < 0.0833333,False,long,NON-EDGE,27,0.4002,,,,,,profit_factor 0.40 < 1.0 (losing in-sample)
E_SandP-500,A_baseline,ALPHA-E_SandP-500-1H-261007-2520,pr_diffnorm_lower_wick_upper_wick_168 < 0.10119,False,long,NON-EDGE,2418,0.8489,3148.0,0.8941,-0.0001,0.472046,1/4,profit_factor 0.85 < 1.0 (losing in-sample); in-sample PF 0.85 < 1.5; expectancy not significant (p=0.990809); walk-forward OOS PF 0.89 < 1.0
E_SandP-500,A_baseline,ALPHA-E_SandP-500-1H-261007-2525,zs_diffnorm_lower_wick_upper_wick_48 < -1.5,False,long,NON-EDGE,30,0.4706,,,,,,profit_factor 0.47 < 1.0 (losing in-sample)
E_SandP-500,A_baseline,ALPHA-E_SandP-500-1H-261007-2529,zs_diffnorm_lower_wick_upper_wick_96 < -1.5,False,long,NON-EDGE,29,0.6323,,,,,,profit_factor 0.63 < 1.0 (losing in-sample)
E_SandP-500,A_baseline,ALPHA-E_SandP-500-1H-261007-2533,zs_diffnorm_lower_wick_upper_wick_168 < -1.5,False,short,NON-EDGE,1862,1.002,2434.0,0.8207,-0.000485,0.463024,0/4,in-sample PF 1.00 < 1.5; expectancy not significant (p=0.490345); walk-forward OOS PF 0.82 < 1.0
E_SandP-500,A_baseline,ALPHA-E_SandP-500-1H-261007-2541,delta_diffnorm_lower_wick_upper_wick_1 > 1.79531,False,short,NON-EDGE,51,0.9464,,,,,,profit_factor 0.95 < 1.0 (losing in-sample)
E_SandP-500,A_baseline,ALPHA-E_SandP-500-1H-261007-2542,delta_diffnorm_lower_wick_upper_wick_1 > 1.97128,False,short,NON-EDGE,2032,0.9363,2636.0,0.8863,-0.000137,0.441578,1/4,profit_factor 0.94 < 1.0 (losing in-sample); in-sample PF 0.94 < 1.5; expectancy not significant (p=0.817927); walk-forward OOS PF 0.89 < 1.0
E_SandP-500,A_baseline,ALPHA-E_SandP-500-1H-261007-2543,delta_diffnorm_lower_wick_upper_wick_3 < -1.99346,False,long,NON-EDGE,28,0.8012,,,,,,profit_factor 0.80 < 1.0 (losing in-sample)
E_SandP-500,A_baseline,ALPHA-E_SandP-500-1H-261007-2544,delta_diffnorm_lower_wick_upper_wick_3 < -1.81094,False,long,NON-EDGE,37,0.8773,,,,,,profit_factor 0.88 < 1.0 (losing in-sample)
E_SandP-500,A_baseline,ALPHA-E_SandP-500-1H-261007-2546,delta_diffnorm_lower_wick_upper_wick_3 > 1.46506,False,short,NON-EDGE,64,0.8778,,,,,,profit_factor 0.88 < 1.0 (losing in-sample)
E_SandP-500,A_baseline,ALPHA-E_SandP-500-1H-261007-2560,delta_diffnorm_lower_wick_upper_wick_12 > 1.99852,False,short,NON-EDGE,36,0.9871,,,,,,profit_factor 0.99 < 1.0 (losing in-sample)
E_SandP-500,A_baseline,ALPHA-E_SandP-500-1H-261007-2565,pr_ratio_range_pct_upper_wick_48 > 0.913043,False,short,NON-EDGE,2428,0.822,3171.0,0.7947,-0.00025,0.429202,0/4,profit_factor 0.82 < 1.0 (losing in-sample); in-sample PF 0.82 < 1.5; expectancy not significant (p=0.999126); walk-forward OOS PF 0.79 < 1.0
E_SandP-500,A_baseline,ALPHA-E_SandP-500-1H-261007-2572,pr_ratio_range_pct_upper_wick_96 > 0.925532,False,short,NON-EDGE,32,0.9187,,,,,,profit_factor 0.92 < 1.0 (losing in-sample)
E_SandP-500,A_baseline,ALPHA-E_SandP-500-1H-261007-2578,pr_ratio_range_pct_upper_wick_168 > 0.922156,False,long,NON-EDGE,29,0.7951,,,,,,profit_factor 0.80 < 1.0 (losing in-sample)
E_SandP-500,A_baseline,ALPHA-E_SandP-500-1H-261007-2590,pr_diffnorm_range_pct_upper_wick_48 < 0.104167,False,long,NON-EDGE,36,0.7263,,,,,,profit_factor 0.73 < 1.0 (losing in-sample)
E_SandP-500,A_baseline,ALPHA-E_SandP-500-1H-261007-2602,pr_diffnorm_range_pct_upper_wick_168 < 0.10119,False,long,NON-EDGE,30,0.7911,,,,,,profit_factor 0.79 < 1.0 (losing in-sample)
E_SandP-500,A_baseline,ALPHA-E_SandP-500-1H-261007-2603,pr_diffnorm_range_pct_upper_wick_168 < 0.154762,False,long,NON-EDGE,49,0.4645,,,,,,profit_factor 0.46 < 1.0 (losing in-sample)
E_SandP-500,A_baseline,ALPHA-E_SandP-500-1H-261007-2618,delta_diffnorm_range_pct_upper_wick_1 < -1.43864,False,short,NON-EDGE,66,0.995,,,,,,profit_factor 0.99 < 1.0 (losing in-sample)
E_SandP-500,A_baseline,ALPHA-E_SandP-500-1H-261007-2619,delta_diffnorm_range_pct_upper_wick_1 > 1.44754,False,long,NON-EDGE,3799,0.8364,4953.0,0.8301,-0.000214,0.487785,0/4,profit_factor 0.84 < 1.0 (losing in-sample); in-sample PF 0.84 < 1.5; expectancy not significant (p=0.999609); walk-forward OOS PF 0.83 < 1.0
E_SandP-500,A_baseline,ALPHA-E_SandP-500-1H-261007-2644,ratio_close_ema_03_low_lag1 < 0.999921,False,short,NON-EDGE,2564,0.9469,3302.0,0.8785,-0.000153,0.430042,0/4,profit_factor 0.95 < 1.0 (losing in-sample); in-sample PF 0.95 < 1.5; expectancy not significant (p=0.811994); walk-forward OOS PF 0.88 < 1.0
E_SandP-500,A_baseline,ALPHA-E_SandP-500-1H-261007-2645,ratio_close_ema_03_low_lag1 crosses_below 0.999921,False,short,NON-EDGE,2239,0.9392,2899.0,0.9095,-0.000105,0.428769,1/4,profit_factor 0.94 < 1.0 (losing in-sample); in-sample PF 0.94 < 1.5; expectancy not significant (p=0.836221); walk-forward OOS PF 0.91 < 1.0
E_SandP-500,A_baseline,ALPHA-E_SandP-500-1H-261007-2646,ratio_close_ema_03_low_lag1 < 1.00009,False,short,NON-EDGE,3833,0.8514,4957.0,0.8151,-0.000222,0.412548,0/4,profit_factor 0.85 < 1.0 (losing in-sample); in-sample PF 0.85 < 1.5; expectancy not significant (p=0.998817); walk-forward OOS PF 0.82 < 1.0
E_SandP-500,A_baseline,ALPHA-E_SandP-500-1H-261007-2647,ratio_close_ema_03_low_lag1 crosses_below 1.00009,False,short,NON-EDGE,3130,0.8565,4050.0,0.8144,-0.000224,0.417531,0/4,profit_factor 0.86 < 1.0 (losing in-sample); in-sample PF 0.86 < 1.5; expectancy not significant (p=0.997248); walk-forward OOS PF 0.81 < 1.0
E_SandP-500,A_baseline,ALPHA-E_SandP-500-1H-261007-2659,ratio_close_sma_03_low_lag1 < 1.00009,False,short,NON-EDGE,2044,0.9508,2642.0,0.9078,-9.8e-05,0.42165,1/4,profit_factor 0.95 < 1.0 (losing in-sample); in-sample PF 0.95 < 1.5; expectancy not significant (p=0.764566); walk-forward OOS PF 0.91 < 1.0
E_SandP-500,A_baseline,ALPHA-E_SandP-500-1H-261007-2660,ratio_close_sma_03_low_lag1 crosses_below 1.00009,False,short,NON-EDGE,1859,0.9446,2421.0,0.8769,-0.000151,0.422966,0/4,profit_factor 0.94 < 1.0 (losing in-sample); in-sample PF 0.94 < 1.5; expectancy not significant (p=0.787002); walk-forward OOS PF 0.88 < 1.0
E_SandP-500,A_baseline,ALPHA-E_SandP-500-1H-261007-2661,ratio_close_sma_03_low_lag1 < 1.00014,False,short,NON-EDGE,2548,0.9251,3309.0,0.8764,-0.000123,0.409791,0/4,profit_factor 0.93 < 1.0 (losing in-sample); in-sample PF 0.93 < 1.5; expectancy not significant (p=0.887889); walk-forward OOS PF 0.88 < 1.0
E_SandP-500,A_baseline,ALPHA-E_SandP-500-1H-261007-2662,ratio_close_sma_03_low_lag1 crosses_below 1.00014,False,short,NON-EDGE,2244,0.9259,2927.0,0.8332,-0.000221,0.415442,0/4,profit_factor 0.93 < 1.0 (losing in-sample); in-sample PF 0.93 < 1.5; expectancy not significant (p=0.877673); walk-forward OOS PF 0.83 < 1.0
E_SandP-500,A_baseline,ALPHA-E_SandP-500-1H-261007-2663,ratio_close_sma_03_low_lag1 < 1.00025,False,short,NON-EDGE,3824,0.8789,4965.0,0.8243,-0.000168,0.407654,0/4,profit_factor 0.88 < 1.0 (losing in-sample); in-sample PF 0.88 < 1.5; expectancy not significant (p=0.989891); walk-forward OOS PF 0.82 < 1.0
E_SandP-500,A_baseline,ALPHA-E_SandP-500-1H-261007-2671,ratio_close_sma_12_low_lag3 crosses_below 0.999301,False,short,NON-EDGE,1550,0.9465,2012.0,0.8162,-0.000359,0.437376,0/4,"total_trades 1550 < 1830 (52mo × 35.2 tpm, not significant); profit_factor 0.95 < 1.0 (losing in-sample); in-sample PF 0.95 < 1.5; total_trades 1550 < 1830 (52mo × 35.2 tpm); expectancy not significan"
E_SandP-500,A_baseline,ALPHA-E_SandP-500-1H-261007-2692,ratio_high_ema_09_close_lag3 crosses_below 0.9996,False,long,NON-EDGE,35,0.4308,,,,,,profit_factor 0.43 < 1.0 (losing in-sample)
E_SandP-500,A_baseline,ALPHA-E_SandP-500-1H-261007-2717,ratio_high_sma_09_open_lag3 crosses_below 0.999747,False,long,NON-EDGE,42,0.3353,,,,,,profit_factor 0.34 < 1.0 (losing in-sample)
E_SandP-500,A_baseline,ALPHA-E_SandP-500-1H-261007-2730,ratio_high_sma_12_close_lag3 crosses_below 0.99907,False,long,NON-EDGE,25,0.5004,,,,,,profit_factor 0.50 < 1.0 (losing in-sample)
E_SandP-500,A_baseline,ALPHA-E_SandP-500-1H-261007-2757,ratio_low_sma_09_open_lag1 > 1.00043,False,long,NON-EDGE,67,0.8647,,,,,,profit_factor 0.86 < 1.0 (losing in-sample)
E_SandP-500,A_baseline,ALPHA-E_SandP-500-1H-261007-2764,delta_bb_pct_b_close_20_1 < -0.217095,False,short,NON-EDGE,39,0.7866,,,,,,profit_factor 0.79 < 1.0 (losing in-sample)
E_SandP-500,A_baseline,ALPHA-E_SandP-500-1H-261007-2765,delta_bb_pct_b_close_20_1 < -0.182401,False,short,NON-EDGE,46,0.7315,,,,,,profit_factor 0.73 < 1.0 (losing in-sample)
E_SandP-500,A_baseline,ALPHA-E_SandP-500-1H-261007-2783,delta_pos_low_range96_1 < -0.079301,False,short,NON-EDGE,1980,0.8934,2634.0,0.8886,-0.000162,0.441534,0/4,profit_factor 0.89 < 1.0 (losing in-sample); in-sample PF 0.89 < 1.5; expectancy not significant (p=0.949485); walk-forward OOS PF 0.89 < 1.0
E_SandP-500,A_baseline,ALPHA-E_SandP-500-1H-261007-2785,delta_pos_low_range96_1 < -0.0460872,False,short,NON-EDGE,3744,0.8763,4940.0,0.8335,-0.000227,0.429555,0/4,profit_factor 0.88 < 1.0 (losing in-sample); in-sample PF 0.88 < 1.5; expectancy not significant (p=0.994506); walk-forward OOS PF 0.83 < 1.0
E_SandP-500,A_baseline,ALPHA-E_SandP-500-1H-261007-2793,zs_pos_high_range06_48 < -1,False,long,NON-EDGE,6212,0.8427,8043.0,0.8609,-0.000147,0.477931,0/4,profit_factor 0.84 < 1.0 (losing in-sample); in-sample PF 0.84 < 1.5; expectancy not significant (p=0.999229); walk-forward OOS PF 0.86 < 1.0
E_SandP-500,A_baseline,ALPHA-E_SandP-500-1H-261007-2797,delta_pos_high_range06_1 < -0.601933,False,long,NON-EDGE,1253,1.0895,1648.0,1.0312,4.1e-05,0.509102,2/4,"total_trades 1253 < 1830 (52mo × 35.2 tpm, not significant); in-sample PF 1.09 < 1.5; total_trades 1253 < 1830 (52mo × 35.2 tpm); expectancy not significant (p=0.164105)"
E_SandP-500,A_baseline,ALPHA-E_SandP-500-1H-261007-2820,zs_pos_high_range12_48 < -1,False,long,NON-EDGE,99,0.7656,,,,,,profit_factor 0.77 < 1.0 (losing in-sample)
E_SandP-500,A_baseline,ALPHA-E_SandP-500-1H-261007-2824,delta_pos_high_range12_1 < -0.278252,False,long,NON-EDGE,2027,1.0308,2645.0,1.0214,3.8e-05,0.52552,2/4,in-sample PF 1.03 < 1.5; expectancy not significant (p=0.347186)
E_SandP-500,A_baseline,ALPHA-E_SandP-500-1H-261007-2825,delta_pos_high_range12_1 < -0.234618,False,long,NON-EDGE,2531,1.0618,3304.0,1.0059,1.2e-05,0.526634,2/4,in-sample PF 1.06 < 1.5; expectancy not significant (p=0.203788)
E_SandP-500,A_baseline,ALPHA-E_SandP-500-1H-261007-2830,delta_pos_high_range12_3 < -0.342929,False,long,NON-EDGE,3847,1.0382,4948.0,1.0422,9.1e-05,0.533549,3/4,in-sample PF 1.04 < 1.5; expectancy not significant (p=0.303522)
E_SandP-500,A_baseline,ALPHA-E_SandP-500-1H-261007-2831,delta_pos_high_range12_3 > 0.345369,False,long,NON-EDGE,3817,1.1595,4953.0,1.0902,0.000178,0.524127,3/4,in-sample PF 1.16 < 1.5
E_SandP-500,A_baseline,ALPHA-E_SandP-500-1H-261007-2832,delta_pos_high_range12_3 > 0.47581,False,long,NON-EDGE,2593,1.1997,3302.0,1.1431,0.000392,0.544821,4/4,in-sample PF 1.20 < 1.5
E_SandP-500,A_baseline,ALPHA-E_SandP-500-1H-261007-2841,delta_pos_close_range168_1 < -0.0631043,False,short,NON-EDGE,1991,0.9235,2630.0,0.8866,-0.000181,0.454753,1/4,profit_factor 0.92 < 1.0 (losing in-sample); in-sample PF 0.92 < 1.5; expectancy not significant (p=0.876388); walk-forward OOS PF 0.89 < 1.0
E_SandP-500,A_baseline,ALPHA-E_SandP-500-1H-261007-2864,delta_pos_close_range06_3 < -0.571948,False,long,NON-EDGE,67,0.5935,,,,,,profit_factor 0.59 < 1.0 (losing in-sample)
E_SandP-500,A_baseline,ALPHA-E_SandP-500-1H-261007-2876,zs_pos_close_range03_96 < -1,False,long,NON-EDGE,131,0.8498,,,,,,profit_factor 0.85 < 1.0 (losing in-sample)
E_SandP-500,A_baseline,ALPHA-E_SandP-500-1H-261007-2887,delta_pos_close_range03_12 > 0.954431,False,short,NON-EDGE,3797,0.9022,4945.0,0.8285,-0.000454,0.447321,0/4,profit_factor 0.90 < 1.0 (losing in-sample); in-sample PF 0.90 < 1.5; expectancy not significant (p=0.925053); walk-forward OOS PF 0.83 < 1.0
E_SandP-500,A_baseline,ALPHA-E_SandP-500-1H-261007-2901,delta_pos_close_range12_1 < -0.322299,False,short,NON-EDGE,38,0.9731,,,,,,profit_factor 0.97 < 1.0 (losing in-sample)
E_SandP-500,A_baseline,ALPHA-E_SandP-500-1H-261007-2904,delta_pos_close_range12_1 > 0.189028,False,long,NON-EDGE,3825,1.0972,4954.0,1.0525,0.000169,0.527251,3/4,in-sample PF 1.10 < 1.5; expectancy not significant (p=0.091439)
E_SandP-500,A_baseline,ALPHA-E_SandP-500-1H-261007-2907,delta_pos_close_range12_3 < -0.48286,False,long,NON-EDGE,2522,1.1237,3299.0,1.1767,0.00062,0.546832,4/4,in-sample PF 1.12 < 1.5; expectancy not significant (p=0.095173)
E_SandP-500,A_baseline,ALPHA-E_SandP-500-1H-261007-2908,delta_pos_close_range12_3 < -0.346772,False,long,NON-EDGE,3812,1.1065,4942.0,1.1478,0.000442,0.540469,4/4,in-sample PF 1.11 < 1.5; expectancy not significant (p=0.121539)
E_SandP-500,A_baseline,ALPHA-E_SandP-500-1H-261007-2909,delta_pos_close_range12_3 > 0.349111,False,long,NON-EDGE,3775,1.1057,4951.0,1.0733,0.00017,0.532418,4/4,in-sample PF 1.11 < 1.5; expectancy not significant (p=0.079882)
E_SandP-500,A_baseline,ALPHA-E_SandP-500-1H-261007-2910,delta_pos_close_range12_3 > 0.46993,False,long,NON-EDGE,2569,1.1389,3302.0,1.0881,0.000203,0.525742,4/4,in-sample PF 1.14 < 1.5
E_SandP-500,A_baseline,ALPHA-E_SandP-500-1H-261007-2913,delta_pos_low_range168_1 < -0.0583209,False,short,NON-EDGE,1974,0.905,2632.0,0.8917,-0.000151,0.43617,0/4,profit_factor 0.91 < 1.0 (losing in-sample); in-sample PF 0.91 < 1.5; expectancy not significant (p=0.925352); walk-forward OOS PF 0.89 < 1.0
E_SandP-500,A_baseline,ALPHA-E_SandP-500-1H-261007-2914,delta_pos_low_range168_1 < -0.049226,False,short,NON-EDGE,2477,0.921,3287.0,0.869,-0.000181,0.438394,0/4,profit_factor 0.92 < 1.0 (losing in-sample); in-sample PF 0.92 < 1.5; expectancy not significant (p=0.906075); walk-forward OOS PF 0.87 < 1.0
E_SandP-500,A_baseline,ALPHA-E_SandP-500-1H-261007-2915,delta_pos_low_range168_1 < -0.0343024,False,short,NON-EDGE,3712,0.8808,4943.0,0.8451,-0.000216,0.431115,0/4,profit_factor 0.88 < 1.0 (losing in-sample); in-sample PF 0.88 < 1.5; expectancy not significant (p=0.992729); walk-forward OOS PF 0.85 < 1.0
E_SandP-500,A_baseline,ALPHA-E_SandP-500-1H-261007-2918,delta_pos_close_range24_1 < -0.186858,False,short,NON-EDGE,38,0.7475,,,,,,profit_factor 0.75 < 1.0 (losing in-sample)
E_SandP-500,A_baseline,ALPHA-E_SandP-500-1H-261007-2919,delta_pos_close_range24_1 < -0.158073,False,short,NON-EDGE,49,0.748,,,,,,profit_factor 0.75 < 1.0 (losing in-sample)
E_SandP-500,A_baseline,ALPHA-E_SandP-500-1H-261007-2928,delta_pos_low_range03_1 < -0.557485,False,short,NON-EDGE,3827,0.8695,4957.0,0.829,-0.000228,0.42445,0/4,profit_factor 0.87 < 1.0 (losing in-sample); in-sample PF 0.87 < 1.5; expectancy not significant (p=0.996682); walk-forward OOS PF 0.83 < 1.0
E_SandP-500,A_baseline,ALPHA-E_SandP-500-1H-261007-2933,delta_pos_low_range03_6 > 0.996205,False,short,NON-EDGE,3798,0.8837,4946.0,0.7899,-0.000525,0.443389,0/4,profit_factor 0.88 < 1.0 (losing in-sample); in-sample PF 0.88 < 1.5; expectancy not significant (p=0.95735); walk-forward OOS PF 0.79 < 1.0
E_SandP-500,A_baseline,ALPHA-E_SandP-500-1H-261007-2948,delta_pos_low_range06_3 < -0.586543,False,short,NON-EDGE,3803,0.7815,4955.0,0.7559,-0.000284,0.416145,0/4,profit_factor 0.78 < 1.0 (losing in-sample); in-sample PF 0.78 < 1.5; expectancy not significant (p=0.999965); walk-forward OOS PF 0.76 < 1.0
E_SandP-500,A_baseline,ALPHA-E_SandP-500-1H-261007-2950,delta_pos_low_range06_3 > 0.751971,False,long,NON-EDGE,2500,1.1442,3299.0,1.0661,0.000144,0.521673,3/4,in-sample PF 1.14 < 1.5
E_SandP-500,A_baseline,ALPHA-E_SandP-500-1H-261007-2951,delta_pos_low_range06_3 > 0.824553,False,long,NON-EDGE,1982,1.1755,2635.0,1.1229,0.000261,0.529412,4/4,in-sample PF 1.18 < 1.5
E_SandP-500,A_baseline,ALPHA-E_SandP-500-1H-261007-2960,delta_pos_close_range48_1 < -0.12294,False,short,NON-EDGE,1983,0.9112,2633.0,0.8839,-0.000174,0.432966,1/4,profit_factor 0.91 < 1.0 (losing in-sample); in-sample PF 0.91 < 1.5; expectancy not significant (p=0.910357); walk-forward OOS PF 0.88 < 1.0
E_SandP-500,A_baseline,ALPHA-E_SandP-500-1H-261007-2961,delta_pos_close_range48_1 < -0.104746,False,short,NON-EDGE,2496,0.9027,3284.0,0.862,-0.000221,0.436967,1/4,profit_factor 0.90 < 1.0 (losing in-sample); in-sample PF 0.90 < 1.5; expectancy not significant (p=0.933863); walk-forward OOS PF 0.86 < 1.0
E_SandP-500,A_baseline,ALPHA-E_SandP-500-1H-261007-2975,pr_pos_low_range12_48 < 0.145833,False,short,NON-EDGE,68,0.9685,,,,,,profit_factor 0.97 < 1.0 (losing in-sample)
E_SandP-500,A_baseline,ALPHA-E_SandP-500-1H-261007-2987,delta_pos_low_range12_1 > 0.249429,False,long,NON-EDGE,2522,1.0851,3300.0,1.0717,0.000186,0.530303,3/4,in-sample PF 1.09 < 1.5; expectancy not significant (p=0.154265)
E_SandP-500,A_baseline,ALPHA-E_SandP-500-1H-261007-2988,delta_pos_low_range12_1 > 0.294496,False,long,NON-EDGE,2044,1.0858,2644.0,1.052,0.000119,0.523449,3/4,in-sample PF 1.09 < 1.5; expectancy not significant (p=0.142049)
E_SandP-500,A_baseline,ALPHA-E_SandP-500-1H-261007-2991,delta_pos_low_range12_3 > 0.356081,False,long,NON-EDGE,3788,1.1167,4955.0,1.0564,0.000123,0.524117,3/4,in-sample PF 1.12 < 1.5; expectancy not significant (p=0.064629)
E_SandP-500,A_baseline,ALPHA-E_SandP-500-1H-261007-2992,delta_pos_low_range12_3 > 0.47909,False,long,NON-EDGE,2549,1.1829,3307.0,1.1294,0.000276,0.534624,4/4,in-sample PF 1.18 < 1.5
E_SandP-500,A_baseline,ALPHA-E_SandP-500-1H-261007-2995,delta_pos_low_range24_1 < -0.172983,False,short,NON-EDGE,2003,0.8905,2647.0,0.8666,-0.000193,0.443521,0/4,profit_factor 0.89 < 1.0 (losing in-sample); in-sample PF 0.89 < 1.5; expectancy not significant (p=0.945779); walk-forward OOS PF 0.87 < 1.0
E_SandP-500,A_baseline,ALPHA-E_SandP-500-1H-261007-2996,delta_pos_low_range24_1 < -0.144211,False,short,NON-EDGE,2499,0.8947,3305.0,0.8596,-0.00018,0.434796,0/4,profit_factor 0.89 < 1.0 (losing in-sample); in-sample PF 0.89 < 1.5; expectancy not significant (p=0.965232); walk-forward OOS PF 0.86 < 1.0
E_SandP-500,A_baseline,ALPHA-E_SandP-500-1H-261007-2997,delta_pos_low_range24_1 < -0.0968632,False,short,NON-EDGE,3761,0.8675,4945.0,0.8439,-0.000232,0.431749,0/4,profit_factor 0.87 < 1.0 (losing in-sample); in-sample PF 0.87 < 1.5; expectancy not significant (p=0.994851); walk-forward OOS PF 0.84 < 1.0
E_SandP-500,A_baseline,ALPHA-E_SandP-500-1H-261007-3003,delta_pos_low_range48_1 < -0.114331,False,short,NON-EDGE,1989,0.9413,2638.0,0.9091,-0.000141,0.446929,0/4,profit_factor 0.94 < 1.0 (losing in-sample); in-sample PF 0.94 < 1.5; expectancy not significant (p=0.798158); walk-forward OOS PF 0.91 < 1.0
E_SandP-500,A_baseline,ALPHA-E_SandP-500-1H-261007-3004,delta_pos_low_range48_1 < -0.0956216,False,short,NON-EDGE,2489,0.9164,3292.0,0.8697,-0.000195,0.43955,0/4,profit_factor 0.92 < 1.0 (losing in-sample); in-sample PF 0.92 < 1.5; expectancy not significant (p=0.909476); walk-forward OOS PF 0.87 < 1.0
E_SandP-500,A_baseline,ALPHA-E_SandP-500-1H-261007-3005,delta_pos_low_range48_1 < -0.0660711,False,short,NON-EDGE,3761,0.8937,4941.0,0.8523,-0.000222,0.436754,0/4,profit_factor 0.89 < 1.0 (losing in-sample); in-sample PF 0.89 < 1.5; expectancy not significant (p=0.979588); walk-forward OOS PF 0.85 < 1.0
E_SandP-500,A_baseline,ALPHA-E_SandP-500-1H-261007-3011,delta_pos_close_range96_1 < -0.0851494,False,short,NON-EDGE,1990,0.9246,2628.0,0.886,-0.000168,0.433029,1/4,profit_factor 0.92 < 1.0 (losing in-sample); in-sample PF 0.92 < 1.5; expectancy not significant (p=0.874406); walk-forward OOS PF 0.89 < 1.0
E_SandP-500,A_baseline,ALPHA-E_SandP-500-1H-261007-3012,delta_pos_close_range96_1 < -0.0723065,False,short,NON-EDGE,2489,0.8966,3290.0,0.866,-0.000191,0.443161,0/4,profit_factor 0.90 < 1.0 (losing in-sample); in-sample PF 0.90 < 1.5; expectancy not significant (p=0.968612); walk-forward OOS PF 0.87 < 1.0
E_SandP-500,A_baseline,ALPHA-E_SandP-500-1H-261007-3020,pr_body_96 < 0.104167 AND pr_diffnorm_body_close_pos_168 < 0.154762,False,short,NON-EDGE,1644,0.9688,2146.0,0.8829,-0.000164,0.433364,1/4,"total_trades 1644 < 1830 (52mo × 35.2 tpm, not significant); profit_factor 0.97 < 1.0 (losing in-sample); in-sample PF 0.97 < 1.5; total_trades 1644 < 1830 (52mo × 35.2 tpm); expectancy not significan"
E_SandP-500,A_baseline,ALPHA-E_SandP-500-1H-261007-3021,body < -0.691715 AND pr_diffnorm_body_range_pct_96 < 0.104167,False,short,NON-EDGE,31,0.836,,,,,,profit_factor 0.84 < 1.0 (losing in-sample)
E_SandP-500,A_baseline,ALPHA-E_SandP-500-1H-261007-3022,delta_close_rsi_14_1 < -6.23913 AND delta_close_rsi_25_1 < -3.53825,False,short,NON-EDGE,1830,0.905,2349.0,0.8635,-0.000214,0.433802,1/4,profit_factor 0.91 < 1.0 (losing in-sample); in-sample PF 0.91 < 1.5; expectancy not significant (p=0.919668); walk-forward OOS PF 0.86 < 1.0
E_SandP-500,A_baseline,ALPHA-E_SandP-500-1H-261007-3023,delta_close_rsi_14_1 < -6.23913 AND delta_diffnorm_close_rsi14_rsi25_1 < -0.602696,False,short,NON-EDGE,32,0.8924,,,,,,profit_factor 0.89 < 1.0 (losing in-sample)
E_SandP-500,A_baseline,ALPHA-E_SandP-500-1H-261007-3024,delta_close_rsi_14_1 < -6.23913 AND delta_pos_close_range24_1 < -0.158073,False,short,NON-EDGE,32,0.5007,,,,,,profit_factor 0.50 < 1.0 (losing in-sample)
E_SandP-500,A_baseline,ALPHA-E_SandP-500-1H-261007-3025,delta_close_rsi_14_1 < -6.23913 AND delta_ratio_close_rsi14_rsi25_1 < -0.0563374,False,short,NON-EDGE,36,0.9048,,,,,,profit_factor 0.90 < 1.0 (losing in-sample)
E_SandP-500,A_baseline,ALPHA-E_SandP-500-1H-261007-3026,delta_close_rsi_14_1 < -6.23913 AND delta_ratio_close_vol12_vol168_1 > 0.0651347,False,short,NON-EDGE,18,0.9749,,,,,,profit_factor 0.97 < 1.0 (losing in-sample)
E_SandP-500,A_baseline,ALPHA-E_SandP-500-1H-261007-3027,delta_close_rsi_14_1 < -6.23913 AND pr_close_ret_01_168 < 0.10119,False,short,NON-EDGE,26,0.9503,,,,,,profit_factor 0.95 < 1.0 (losing in-sample)
E_SandP-500,A_baseline,ALPHA-E_SandP-500-1H-261007-3028,delta_close_rsi_25_1 < -3.53825 AND delta_diffnorm_close_rsi14_rsi25_1 < -0.602696,False,short,NON-EDGE,28,0.8807,,,,,,profit_factor 0.88 < 1.0 (losing in-sample)
E_SandP-500,A_baseline,ALPHA-E_SandP-500-1H-261007-3029,delta_close_rsi_25_1 < -3.53825 AND delta_pos_close_range24_1 < -0.158073,False,short,NON-EDGE,30,0.5632,,,,,,profit_factor 0.56 < 1.0 (losing in-sample)
E_SandP-500,A_baseline,ALPHA-E_SandP-500-1H-261007-3030,delta_close_rsi_25_1 < -3.53825 AND delta_ratio_close_rsi14_rsi25_1 < -0.0563374,False,short,NON-EDGE,37,0.9039,,,,,,profit_factor 0.90 < 1.0 (losing in-sample)
E_SandP-500,A_baseline,ALPHA-E_SandP-500-1H-261007-3033,diffnorm_body_lower_wick crosses_below -1.53746 AND pr_diffnorm_body_close_pos_168 < 0.154762,False,short,NON-EDGE,2985,0.9201,3849.0,0.8342,-0.000222,0.427124,0/4,profit_factor 0.92 < 1.0 (losing in-sample); in-sample PF 0.92 < 1.5; expectancy not significant (p=0.925393); walk-forward OOS PF 0.83 < 1.0
E_SandP-500,A_baseline,ALPHA-E_SandP-500-1H-261007-3034,ratio_close_ema_03_low_lag1 crosses_below 0.999921 AND zs_diffnorm_body_close_pos_48 < -1,False,short,NON-EDGE,1490,0.998,1915.0,0.9036,-9.7e-05,0.420888,1/4,"total_trades 1490 < 1830 (52mo × 35.2 tpm, not significant); profit_factor 1.00 < 1.0 (losing in-sample); in-sample PF 1.00 < 1.5; total_trades 1490 < 1830 (52mo × 35.2 tpm); expectancy not significan"
E_SandP-500,A_baseline,ALPHA-E_SandP-500-1H-261007-3035,delta_diffnorm_close_rsi14_rsi25_1 < -0.602696 AND delta_pos_close_range24_1 < -0.158073,False,short,NON-EDGE,26,0.6058,,,,,,profit_factor 0.61 < 1.0 (losing in-sample)
E_SandP-500,A_baseline,ALPHA-E_SandP-500-1H-261007-3036,delta_diffnorm_close_rsi14_rsi25_1 < -0.521339 AND delta_pos_close_range96_1 < -0.0723065,False,short,NON-EDGE,29,0.884,,,,,,profit_factor 0.88 < 1.0 (losing in-sample)
E_SandP-500,A_baseline,ALPHA-E_SandP-500-1H-261007-3037,delta_diffnorm_close_rsi14_rsi25_1 < -0.521339 AND delta_ratio_close_rsi14_rsi25_1 < -0.0563374,False,short,NON-EDGE,33,0.9669,,,,,,profit_factor 0.97 < 1.0 (losing in-sample)
E_SandP-500,A_baseline,ALPHA-E_SandP-500-1H-261007-3038,delta_diffnorm_close_rsi14_rsi25_1 < -0.521339 AND pr_close_ret_01_168 < 0.10119,False,short,NON-EDGE,21,0.8944,,,,,,profit_factor 0.89 < 1.0 (losing in-sample)
E_SandP-500,A_baseline,ALPHA-E_SandP-500-1H-261007-3039,delta_pos_close_range12_1 > 0.189028 AND delta_pos_close_range12_3 > 0.349111,False,long,NON-EDGE,1690,1.1779,2187.0,1.1256,0.000354,0.534979,4/4,"total_trades 1690 < 1830 (52mo × 35.2 tpm, not significant); in-sample PF 1.18 < 1.5; total_trades 1690 < 1830 (52mo × 35.2 tpm)"
E_SandP-500,A_baseline,ALPHA-E_SandP-500-1H-261007-3040,delta_pos_close_range168_1 < -0.0631043 AND zs_close_ret_01_168 < -1,False,short,NON-EDGE,1788,0.9294,2365.0,0.8985,-0.000165,0.457505,1/4,"total_trades 1788 < 1830 (52mo × 35.2 tpm, not significant); profit_factor 0.93 < 1.0 (losing in-sample); in-sample PF 0.93 < 1.5; total_trades 1788 < 1830 (52mo × 35.2 tpm); expectancy not significan"
E_SandP-500,A_baseline,ALPHA-E_SandP-500-1H-261007-3041,delta_pos_close_range24_1 < -0.158073 AND delta_pos_close_range48_1 < -0.104746,False,short,NON-EDGE,39,0.903,,,,,,profit_factor 0.90 < 1.0 (losing in-sample)
E_SandP-500,A_baseline,ALPHA-E_SandP-500-1H-261007-3042,delta_pos_close_range24_1 < -0.158073 AND delta_ratio_close_rsi14_rsi25_1 < -0.0563374,False,short,NON-EDGE,30,0.593,,,,,,profit_factor 0.59 < 1.0 (losing in-sample)
E_SandP-500,A_baseline,ALPHA-E_SandP-500-1H-261007-3043,delta_pos_close_range24_1 < -0.158073 AND zs_close_ret_01_168 < -1,False,short,NON-EDGE,28,0.6704,,,,,,profit_factor 0.67 < 1.0 (losing in-sample)
E_SandP-500,A_baseline,ALPHA-E_SandP-500-1H-261007-3044,delta_pos_close_range48_1 < -0.12294 AND zs_close_ret_01_168 < -1,False,short,NON-EDGE,1611,0.9342,2111.0,0.9216,-0.000114,0.455708,1/4,"total_trades 1611 < 1830 (52mo × 35.2 tpm, not significant); profit_factor 0.93 < 1.0 (losing in-sample); in-sample PF 0.93 < 1.5; total_trades 1611 < 1830 (52mo × 35.2 tpm); expectancy not significan"
E_SandP-500,A_baseline,ALPHA-E_SandP-500-1H-261007-3045,delta_pos_low_range168_1 < -0.049226 AND delta_pos_low_range24_1 < -0.144211,False,short,NON-EDGE,1575,0.9173,2093.0,0.8756,-0.000168,0.448161,0/4,"total_trades 1575 < 1830 (52mo × 35.2 tpm, not significant); profit_factor 0.92 < 1.0 (losing in-sample); in-sample PF 0.92 < 1.5; total_trades 1575 < 1830 (52mo × 35.2 tpm); expectancy not significan"
E_SandP-500,A_baseline,ALPHA-E_SandP-500-1H-261007-3046,delta_pos_low_range24_1 < -0.144211 AND delta_pos_low_range48_1 < -0.114331,False,short,NON-EDGE,1594,0.9227,2126.0,0.8928,-0.000159,0.442145,0/4,"total_trades 1594 < 1830 (52mo × 35.2 tpm, not significant); profit_factor 0.92 < 1.0 (losing in-sample); in-sample PF 0.92 < 1.5; total_trades 1594 < 1830 (52mo × 35.2 tpm); expectancy not significan"
E_SandP-500,A_baseline,ALPHA-E_SandP-500-1H-261007-3047,delta_pos_low_range48_1 < -0.114331 AND delta_pos_low_range96_1 < -0.0460872,False,short,NON-EDGE,1816,0.9401,2430.0,0.8853,-0.00018,0.446914,0/4,"total_trades 1816 < 1830 (52mo × 35.2 tpm, not significant); profit_factor 0.94 < 1.0 (losing in-sample); in-sample PF 0.94 < 1.5; total_trades 1816 < 1830 (52mo × 35.2 tpm); expectancy not significan"
E_SandP-500,A_baseline,ALPHA-E_SandP-500-1H-261007-3048,delta_pos_low_range48_1 < -0.0660711 AND pr_ratio_body_upper_wick_48 < 0.166667,False,short,NON-EDGE,1544,0.9013,2049.0,0.892,-0.000141,0.430454,1/4,"total_trades 1544 < 1830 (52mo × 35.2 tpm, not significant); profit_factor 0.90 < 1.0 (losing in-sample); in-sample PF 0.90 < 1.5; total_trades 1544 < 1830 (52mo × 35.2 tpm); expectancy not significan"
E_SandP-500,A_baseline,ALPHA-E_SandP-500-1H-261007-3049,delta_pos_low_range48_1 < -0.0660711 AND zs_close_ret_01_168 < -1,False,short,NON-EDGE,1681,0.9585,2169.0,0.9355,-8.4e-05,0.454126,1/4,"total_trades 1681 < 1830 (52mo × 35.2 tpm, not significant); profit_factor 0.96 < 1.0 (losing in-sample); in-sample PF 0.96 < 1.5; total_trades 1681 < 1830 (52mo × 35.2 tpm); expectancy not significan"
E_SandP-500,A_baseline,ALPHA-E_SandP-500-1H-261007-3050,delta_pos_low_range48_1 < -0.0660711 AND ratio_close_sma_03_low_lag1 < 1.00025,False,short,NON-EDGE,1756,0.9628,2314.0,0.8953,-0.000125,0.432152,0/4,"total_trades 1756 < 1830 (52mo × 35.2 tpm, not significant); profit_factor 0.96 < 1.0 (losing in-sample); in-sample PF 0.96 < 1.5; total_trades 1756 < 1830 (52mo × 35.2 tpm); expectancy not significan"
E_SandP-500,A_baseline,ALPHA-E_SandP-500-1H-261007-3051,delta_pos_low_range96_1 < -0.0460872 AND pr_close_ret_01_168 < 0.10119,False,short,NON-EDGE,1628,0.987,2141.0,0.9165,-0.000119,0.453059,1/4,"total_trades 1628 < 1830 (52mo × 35.2 tpm, not significant); profit_factor 0.99 < 1.0 (losing in-sample); in-sample PF 0.99 < 1.5; total_trades 1628 < 1830 (52mo × 35.2 tpm); expectancy not significan"
E_SandP-500,A_baseline,ALPHA-E_SandP-500-1H-261007-3052,delta_pos_low_range96_1 < -0.0460872 AND ratio_close_ema_03_low_lag1 crosses_below 0.999921,False,short,NON-EDGE,1499,0.9668,1957.0,0.8759,-0.000146,0.437915,1/4,"total_trades 1499 < 1830 (52mo × 35.2 tpm, not significant); profit_factor 0.97 < 1.0 (losing in-sample); in-sample PF 0.97 < 1.5; total_trades 1499 < 1830 (52mo × 35.2 tpm); expectancy not significan"
E_SandP-500,A_baseline,ALPHA-E_SandP-500-1H-261007-3053,delta_pos_low_range96_1 < -0.0460872 AND ratio_close_sma_03_low_lag1 < 1.00014,False,short,NON-EDGE,1463,0.9614,1937.0,0.8835,-0.000154,0.435209,0/4,"total_trades 1463 < 1830 (52mo × 35.2 tpm, not significant); profit_factor 0.96 < 1.0 (losing in-sample); in-sample PF 0.96 < 1.5; total_trades 1463 < 1830 (52mo × 35.2 tpm); expectancy not significan"
E_SandP-500,A_baseline,ALPHA-E_SandP-500-1H-261007-3054,delta_ratio_body_upper_wick_12 < -15.4808 AND pr_ratio_body_upper_wick_48 < 0.166667,False,short,NON-EDGE,27,0.6674,,,,,,profit_factor 0.67 < 1.0 (losing in-sample)
E_SandP-500,A_baseline,ALPHA-E_SandP-500-1H-261007-3055,pr_ratio_close_ret01_ret12_168 > 0.922619 AND ratio_close_ret01_ret12 > 0.883833,False,long,NON-EDGE,26,0.4688,,,,,,profit_factor 0.47 < 1.0 (losing in-sample)
E_SandP-500,A_baseline,ALPHA-E_SandP-500-1H-261007-3056,pr_ratio_close_ret03_ret06_48 > 0.916667 AND ratio_close_ret03_ret06 > 2.22123,False,long,NON-EDGE,1660,1.2347,2136.0,1.1684,0.000362,0.543539,4/4,"total_trades 1660 < 1830 (52mo × 35.2 tpm, not significant); in-sample PF 1.23 < 1.5; total_trades 1660 < 1830 (52mo × 35.2 tpm)"
E_SandP-500,A_baseline,ALPHA-E_SandP-500-1H-261007-3057,delta_ratio_close_ret06_ret12_1 < -0.966636 AND ratio_close_ret06_ret12 < -1.16127,False,short,NON-EDGE,1597,0.9523,2070.0,0.8913,-9.4e-05,0.411111,1/4,"total_trades 1597 < 1830 (52mo × 35.2 tpm, not significant); profit_factor 0.95 < 1.0 (losing in-sample); in-sample PF 0.95 < 1.5; total_trades 1597 < 1830 (52mo × 35.2 tpm); expectancy not significan"
E_SandP-500,A_baseline,ALPHA-E_SandP-500-1H-261007-3058,delta_ratio_close_rsi14_rsi25_1 < -0.0563374 AND delta_ratio_close_vol12_vol168_1 > 0.0651347,False,short,NON-EDGE,1588,0.9566,2045.0,0.8831,-0.000223,0.448411,1/4,"total_trades 1588 < 1830 (52mo × 35.2 tpm, not significant); profit_factor 0.96 < 1.0 (losing in-sample); in-sample PF 0.96 < 1.5; total_trades 1588 < 1830 (52mo × 35.2 tpm); expectancy not significan"
E_SandP-500,A_baseline,ALPHA-E_SandP-500-1H-261007-3059,delta_ratio_close_rsi14_rsi25_1 < -0.0563374 AND zs_close_ret_01_168 < -1,False,short,NON-EDGE,1739,0.9537,2233.0,0.9071,-0.000172,0.456785,1/4,"total_trades 1739 < 1830 (52mo × 35.2 tpm, not significant); profit_factor 0.95 < 1.0 (losing in-sample); in-sample PF 0.95 < 1.5; total_trades 1739 < 1830 (52mo × 35.2 tpm); expectancy not significan"
E_SandP-500,A_baseline,ALPHA-E_SandP-500-1H-261007-3060,delta_ratio_close_vol05_vol168_1 > 0.248175 AND delta_ratio_close_vol05_vol24_1 > 0.188008,False,short,NON-EDGE,2322,0.9485,3014.0,0.8673,-0.000158,0.446583,1/4,profit_factor 0.95 < 1.0 (losing in-sample); in-sample PF 0.95 < 1.5; expectancy not significant (p=0.803726); walk-forward OOS PF 0.87 < 1.0
E_SandP-500,A_baseline,ALPHA-E_SandP-500-1H-261007-3061,delta_ratio_close_vol05_vol168_1 > 0.248175 AND delta_ratio_close_vol05_vol96_1 > 0.169903,False,short,NON-EDGE,2537,0.9406,3297.0,0.8564,-0.000174,0.44404,1/4,profit_factor 0.94 < 1.0 (losing in-sample); in-sample PF 0.94 < 1.5; expectancy not significant (p=0.850722); walk-forward OOS PF 0.86 < 1.0
E_SandP-500,A_baseline,ALPHA-E_SandP-500-1H-261007-3062,delta_ratio_close_vol05_vol168_1 > 0.248175 AND delta_ratio_close_vol12_vol168_1 > 0.0651347,False,short,NON-EDGE,2056,0.9733,2659.0,0.8608,-0.000177,0.438135,1/4,profit_factor 0.97 < 1.0 (losing in-sample); in-sample PF 0.97 < 1.5; expectancy not significant (p=0.661904); walk-forward OOS PF 0.86 < 1.0
E_SandP-500,A_baseline,ALPHA-E_SandP-500-1H-261007-3063,delta_ratio_close_vol05_vol24_1 > 0.188008 AND delta_ratio_close_vol05_vol96_1 > 0.169903,False,short,NON-EDGE,39,0.9808,,,,,,profit_factor 0.98 < 1.0 (losing in-sample)
E_SandP-500,A_baseline,ALPHA-E_SandP-500-1H-261007-3064,delta_ratio_close_vol05_vol24_1 > 0.310694 AND delta_ratio_close_vol12_vol168_1 > 0.0651347,False,short,NON-EDGE,1534,1.0014,1983.0,0.9614,-3.9e-05,0.446798,2/4,"total_trades 1534 < 1830 (52mo × 35.2 tpm, not significant); in-sample PF 1.00 < 1.5; total_trades 1534 < 1830 (52mo × 35.2 tpm); expectancy not significant (p=0.492866); walk-forward OOS PF 0.96 < 1."
E_SandP-500,A_baseline,ALPHA-E_SandP-500-1H-261007-3065,delta_ratio_close_vol05_vol24_1 > 0.310694 AND delta_ratio_close_vol12_vol24_1 > 0.0788508,False,short,NON-EDGE,22,0.8909,,,,,,profit_factor 0.89 < 1.0 (losing in-sample)
E_SandP-500,A_baseline,ALPHA-E_SandP-500-1H-261007-3066,delta_ratio_close_vol05_vol96_1 > 0.169903 AND delta_ratio_close_vol12_vol168_1 > 0.0651347,False,short,NON-EDGE,2610,0.9638,3374.0,0.8844,-0.000143,0.436574,0/4,profit_factor 0.96 < 1.0 (losing in-sample); in-sample PF 0.96 < 1.5; expectancy not significant (p=0.739072); walk-forward OOS PF 0.88 < 1.0
E_SandP-500,A_baseline,ALPHA-E_SandP-500-1H-261007-3067,delta_ratio_close_vol05_vol96_1 > 0.169903 AND delta_ratio_close_vol12_vol24_1 > 0.0788508,False,short,NON-EDGE,24,0.9978,,,,,,profit_factor 1.00 < 1.0 (losing in-sample)
E_SandP-500,A_baseline,ALPHA-E_SandP-500-1H-261007-3070,delta_ratio_close_vol12_vol168_1 > 0.0651347 AND delta_ratio_close_vol12_vol24_1 > 0.0788508,False,short,NON-EDGE,2437,0.9432,3115.0,0.8763,-0.000155,0.437239,0/4,profit_factor 0.94 < 1.0 (losing in-sample); in-sample PF 0.94 < 1.5; expectancy not significant (p=0.835323); walk-forward OOS PF 0.88 < 1.0
E_SandP-500,A_baseline,ALPHA-E_SandP-500-1H-261007-3074,delta_ratio_volume_sma09_1 > 0.538683 AND delta_ratio_volume_sma12_1 > 0.84625,False,short,NON-EDGE,2193,0.9512,2853.0,0.8722,-0.000163,0.430074,0/4,profit_factor 0.95 < 1.0 (losing in-sample); in-sample PF 0.95 < 1.5; expectancy not significant (p=0.777642); walk-forward OOS PF 0.87 < 1.0
E_SandP-500,A_baseline,ALPHA-E_SandP-500-1H-261007-3075,delta_ratio_volume_sma09_1 > 0.538683 AND delta_ratio_volume_sma25_1 > 0.760652,False,short,NON-EDGE,31,0.7555,,,,,,profit_factor 0.76 < 1.0 (losing in-sample)
E_SandP-500,A_baseline,ALPHA-E_SandP-500-1H-261007-3076,pr_ratio_volume_sma03_48 > 0.854167 AND pr_ratio_volume_sma09_96 > 0.895833,False,short,NON-EDGE,32,0.8303,,,,,,profit_factor 0.83 < 1.0 (losing in-sample)
E_SandP-500,A_baseline,ALPHA-E_SandP-500-1H-261007-3078,delta_ratio_volume_sma12_1 > 0.84625 AND delta_ratio_volume_sma25_1 > 0.760652,False,short,NON-EDGE,26,0.4625,,,,,,profit_factor 0.46 < 1.0 (losing in-sample)
E_SandP-500,A_baseline,ALPHA-E_SandP-500-1H-261007-3079,delta_ratio_volume_sma12_1 > 0.84625 AND pr_ratio_volume_sma03_48 > 0.916667,False,short,NON-EDGE,1313,0.9501,1746.0,0.862,-0.00019,0.424971,1/4,"total_trades 1313 < 1830 (52mo × 35.2 tpm, not significant); profit_factor 0.95 < 1.0 (losing in-sample); in-sample PF 0.95 < 1.5; total_trades 1313 < 1830 (52mo × 35.2 tpm); expectancy not significan"
E_SandP-500,A_baseline,ALPHA-E_SandP-500-1H-261007-3081,delta_ratio_volume_sma25_1 > 0.760652 AND pr_ratio_volume_sma03_96 > 0.854167,False,short,NON-EDGE,28,0.5073,,,,,,profit_factor 0.51 < 1.0 (losing in-sample)
E_SandP-500,A_baseline,ALPHA-E_SandP-500-1H-261007-3082,diffnorm_body_lower_wick < -1.53746 AND pr_diffnorm_body_lower_wick_168 < 0.154762,False,short,NON-EDGE,3548,0.8982,4541.0,0.8564,-0.00018,0.424796,0/4,profit_factor 0.90 < 1.0 (losing in-sample); in-sample PF 0.90 < 1.5; expectancy not significant (p=0.975214); walk-forward OOS PF 0.86 < 1.0
E_SandP-500,A_baseline,ALPHA-E_SandP-500-1H-261007-3083,pr_diffnorm_gap_range_pct_96 < 0.104167 AND zs_diffnorm_gap_range_pct_168 < -1,False,long,NON-EDGE,36,0.7078,,,,,,profit_factor 0.71 < 1.0 (losing in-sample)
E_SandP-500,A_baseline,ALPHA-E_SandP-500-1H-261007-3085,pr_range_pct_96 > 0.90625 AND zs_range_pct_96 > 1,False,long,NON-EDGE,43,0.9971,,,,,,profit_factor 1.00 < 1.0 (losing in-sample)
E_SandP-500,A_baseline,ALPHA-E_SandP-500-1H-261007-3086,pr_ratio_close_ret01_ret24_96 > 0.854167 AND ratio_close_ret01_ret24 > 0.556504,False,short,NON-EDGE,2400,0.9209,3125.0,0.8503,-0.0002,0.4288,0/4,profit_factor 0.92 < 1.0 (losing in-sample); in-sample PF 0.92 < 1.5; expectancy not significant (p=0.900146); walk-forward OOS PF 0.85 < 1.0
E_SandP-500,A_baseline,ALPHA-E_SandP-500-1H-261007-3087,pr_ratio_close_ret01_ret96_48 > 0.854167 AND pr_ratio_close_ret01_ret96_96 > 0.916667,False,short,NON-EDGE,2283,0.9688,2975.0,0.882,-0.000154,0.432269,1/4,profit_factor 0.97 < 1.0 (losing in-sample); in-sample PF 0.97 < 1.5; expectancy not significant (p=0.674917); walk-forward OOS PF 0.88 < 1.0
E_SandP-500,A_baseline,ALPHA-E_SandP-500-1H-261007-3088,pr_ratio_close_ret12_ret24_48 > 0.854167 AND pr_ratio_close_ret12_ret24_96 > 0.854167,False,short,NON-EDGE,3079,1.0462,4026.0,0.8918,-0.000209,0.433433,1/4,in-sample PF 1.05 < 1.5; expectancy not significant (p=0.287438); walk-forward OOS PF 0.89 < 1.0
E_SandP-500,A_baseline,ALPHA-E_SandP-500-1H-261007-3089,pr_ratio_volume_sma03_168 > 0.89881 AND pr_ratio_volume_sma03_96 > 0.854167,False,short,NON-EDGE,34,0.5688,,,,,,profit_factor 0.57 < 1.0 (losing in-sample)
E_SandP-500,A_baseline,ALPHA-E_SandP-500-1H-261007-3090,ratio_close_ema_03_low_lag1 crosses_below 0.999921 AND ratio_close_sma_03_low_lag1 < 1.00014,False,short,NON-EDGE,1674,0.9499,2185.0,0.8578,-0.000183,0.424256,0/4,"total_trades 1674 < 1830 (52mo × 35.2 tpm, not significant); profit_factor 0.95 < 1.0 (losing in-sample); in-sample PF 0.95 < 1.5; total_trades 1674 < 1830 (52mo × 35.2 tpm); expectancy not significan"
E_SandP-500,A_baseline,ALPHA-E_SandP-500-1H-261007-3091,body < -0.73464 AND pr_diffnorm_body_gap_96 < 0.104167,False,short,NON-EDGE,1922,1.0078,2451.0,0.9215,-0.000134,0.436149,1/4,in-sample PF 1.01 < 1.5; expectancy not significant (p=0.458832); walk-forward OOS PF 0.92 < 1.0
E_SandP-500,A_baseline,ALPHA-E_SandP-500-1H-261007-3092,delta_close_rsi_14_1 < -6.23913 AND zs_diffnorm_body_close_pos_48 < -1,False,short,NON-EDGE,32,0.6142,,,,,,profit_factor 0.61 < 1.0 (losing in-sample)
E_SandP-500,A_baseline,ALPHA-E_SandP-500-1H-261007-3093,delta_close_rsi_14_1 < -6.23913 AND delta_diffnorm_close_rsi14_rsi25_1 < -0.521339,False,short,NON-EDGE,36,0.8638,,,,,,profit_factor 0.86 < 1.0 (losing in-sample)
E_SandP-500,A_baseline,ALPHA-E_SandP-500-1H-261007-3094,delta_close_rsi_14_1 < -6.23913 AND delta_pos_close_range48_1 < -0.104746,False,short,NON-EDGE,32,0.8598,,,,,,profit_factor 0.86 < 1.0 (losing in-sample)
E_SandP-500,A_baseline,ALPHA-E_SandP-500-1H-261007-3095,delta_close_rsi_14_1 < -6.23913 AND zs_close_ret_01_168 < -1,False,short,NON-EDGE,30,0.8581,,,,,,profit_factor 0.86 < 1.0 (losing in-sample)
E_SandP-500,A_baseline,ALPHA-E_SandP-500-1H-261007-3096,delta_close_rsi_25_1 < -3.53825 AND delta_diffnorm_close_rsi14_rsi25_1 < -0.521339,False,short,NON-EDGE,32,0.847,,,,,,profit_factor 0.85 < 1.0 (losing in-sample)
E_SandP-500,A_baseline,ALPHA-E_SandP-500-1H-261007-3097,delta_close_rsi_25_1 < -3.53825 AND delta_pos_close_range48_1 < -0.104746,False,short,NON-EDGE,32,0.9109,,,,,,profit_factor 0.91 < 1.0 (losing in-sample)
E_SandP-500,A_baseline,ALPHA-E_SandP-500-1H-261007-3098,delta_close_rsi_25_1 < -3.53825 AND pr_close_ret_01_168 < 0.10119,False,short,NON-EDGE,30,0.7765,,,,,,profit_factor 0.78 < 1.0 (losing in-sample)
E_SandP-500,A_baseline,ALPHA-E_SandP-500-1H-261007-3099,diffnorm_body_gap < -1.31784 AND pr_diffnorm_body_close_pos_168 < 0.154762,False,short,NON-EDGE,1750,0.9698,2227.0,0.8985,-0.000146,0.436911,1/4,"total_trades 1750 < 1830 (52mo × 35.2 tpm, not significant); profit_factor 0.97 < 1.0 (losing in-sample); in-sample PF 0.97 < 1.5; total_trades 1750 < 1830 (52mo × 35.2 tpm); expectancy not significan"
E_SandP-500,A_baseline,ALPHA-E_SandP-500-1H-261007-3100,delta_pos_close_range96_1 < -0.0723065 AND zs_diffnorm_body_close_pos_48 < -1,False,short,NON-EDGE,1668,0.9919,2198.0,0.9027,-0.000204,0.451774,1/4,"total_trades 1668 < 1830 (52mo × 35.2 tpm, not significant); profit_factor 0.99 < 1.0 (losing in-sample); in-sample PF 0.99 < 1.5; total_trades 1668 < 1830 (52mo × 35.2 tpm); expectancy not significan"
E_SandP-500,A_baseline,ALPHA-E_SandP-500-1H-261007-3102,diffnorm_body_close_pos < -2.83299 AND diffnorm_body_lower_wick crosses_below -1.53746,False,short,NON-EDGE,3274,0.9,4161.0,0.8396,-0.000218,0.429945,0/4,profit_factor 0.90 < 1.0 (losing in-sample); in-sample PF 0.90 < 1.5; expectancy not significant (p=0.972776); walk-forward OOS PF 0.84 < 1.0
E_SandP-500,A_baseline,ALPHA-E_SandP-500-1H-261007-3103,pr_diffnorm_body_close_pos_168 < 0.154762 AND ratio_close_ema_03_low_lag1 < 1.00009,False,short,NON-EDGE,1704,0.9177,2195.0,0.8951,-0.000132,0.439636,1/4,"total_trades 1704 < 1830 (52mo × 35.2 tpm, not significant); profit_factor 0.92 < 1.0 (losing in-sample); in-sample PF 0.92 < 1.5; total_trades 1704 < 1830 (52mo × 35.2 tpm); expectancy not significan"
E_SandP-500,A_baseline,ALPHA-E_SandP-500-1H-261007-3105,delta_diffnorm_body_gap_3 > 1.55986 AND delta_diffnorm_body_upper_wick_3 > 2.10943,False,short,NON-EDGE,1847,0.9696,2376.0,0.912,-9.3e-05,0.431818,1/4,profit_factor 0.97 < 1.0 (losing in-sample); in-sample PF 0.97 < 1.5; expectancy not significant (p=0.657641); walk-forward OOS PF 0.91 < 1.0
E_SandP-500,A_baseline,ALPHA-E_SandP-500-1H-261007-3106,delta_diffnorm_body_gap_3 > 1.55986 AND delta_pos_close_range12_1 > 0.189028,False,long,NON-EDGE,1550,1.1591,2012.0,1.0839,0.000242,0.532803,4/4,"total_trades 1550 < 1830 (52mo × 35.2 tpm, not significant); in-sample PF 1.16 < 1.5; total_trades 1550 < 1830 (52mo × 35.2 tpm)"
E_SandP-500,A_baseline,ALPHA-E_SandP-500-1H-261007-3107,pr_diffnorm_body_range_pct_96 < 0.104167 AND zs_diffnorm_body_lower_wick_96 < -1,False,short,NON-EDGE,35,0.7391,,,,,,profit_factor 0.74 < 1.0 (losing in-sample)
E_SandP-500,A_baseline,ALPHA-E_SandP-500-1H-261007-3108,pr_diffnorm_body_range_pct_96 < 0.104167 AND ratio_close_ema_03_low_lag1 < 1.00009,False,short,NON-EDGE,1423,0.9716,1855.0,0.8687,-0.000184,0.430728,1/4,"total_trades 1423 < 1830 (52mo × 35.2 tpm, not significant); profit_factor 0.97 < 1.0 (losing in-sample); in-sample PF 0.97 < 1.5; total_trades 1423 < 1830 (52mo × 35.2 tpm); expectancy not significan"
E_SandP-500,A_baseline,ALPHA-E_SandP-500-1H-261007-3109,delta_diffnorm_close_rsi14_rsi25_1 < -0.521339 AND delta_pos_close_range24_1 < -0.186858,False,short,NON-EDGE,30,0.7178,,,,,,profit_factor 0.72 < 1.0 (losing in-sample)
E_SandP-500,A_baseline,ALPHA-E_SandP-500-1H-261007-3110,delta_diffnorm_close_rsi14_rsi25_1 < -0.602696 AND delta_ratio_close_rsi14_rsi25_1 < -0.0563374,False,short,NON-EDGE,31,0.9604,,,,,,profit_factor 0.96 < 1.0 (losing in-sample)
E_SandP-500,A_baseline,ALPHA-E_SandP-500-1H-261007-3111,delta_diffnorm_close_rsi14_rsi25_1 < -0.521339 AND delta_ratio_close_vol05_vol96_1 > 0.169903,False,short,NON-EDGE,19,0.663,,,,,,profit_factor 0.66 < 1.0 (losing in-sample)
E_SandP-500,A_baseline,ALPHA-E_SandP-500-1H-261007-3112,delta_diffnorm_close_rsi14_rsi25_1 < -0.521339 AND delta_ratio_close_vol12_vol168_1 > 0.0651347,False,short,NON-EDGE,1584,0.9739,2036.0,0.9233,-9.7e-05,0.431238,1/4,"total_trades 1584 < 1830 (52mo × 35.2 tpm, not significant); profit_factor 0.97 < 1.0 (losing in-sample); in-sample PF 0.97 < 1.5; total_trades 1584 < 1830 (52mo × 35.2 tpm); expectancy not significan"
E_SandP-500,A_baseline,ALPHA-E_SandP-500-1H-261007-3113,delta_pos_close_range24_1 < -0.186858 AND delta_pos_close_range48_1 < -0.104746,False,short,NON-EDGE,30,0.8635,,,,,,profit_factor 0.86 < 1.0 (losing in-sample)
E_SandP-500,A_baseline,ALPHA-E_SandP-500-1H-261007-3114,delta_pos_close_range24_1 < -0.158073 AND delta_pos_close_range96_1 < -0.0723065,False,short,NON-EDGE,33,0.9407,,,,,,profit_factor 0.94 < 1.0 (losing in-sample)
E_SandP-500,A_baseline,ALPHA-E_SandP-500-1H-261007-3115,delta_pos_close_range24_1 < -0.158073 AND pr_close_ret_01_168 < 0.10119,False,short,NON-EDGE,23,0.6401,,,,,,profit_factor 0.64 < 1.0 (losing in-sample)
E_SandP-500,A_baseline,ALPHA-E_SandP-500-1H-261007-3116,delta_pos_close_range48_1 < -0.12294 AND delta_pos_close_range96_1 < -0.0723065,False,short,NON-EDGE,1608,0.9271,2140.0,0.9153,-0.000116,0.442991,1/4,"total_trades 1608 < 1830 (52mo × 35.2 tpm, not significant); profit_factor 0.93 < 1.0 (losing in-sample); in-sample PF 0.93 < 1.5; total_trades 1608 < 1830 (52mo × 35.2 tpm); expectancy not significan"
E_SandP-500,A_baseline,ALPHA-E_SandP-500-1H-261007-3117,delta_pos_close_range48_1 < -0.104746 AND delta_pos_low_range48_1 < -0.0660711,False,short,NON-EDGE,1809,0.9518,2371.0,0.898,-0.000152,0.442429,1/4,"total_trades 1809 < 1830 (52mo × 35.2 tpm, not significant); profit_factor 0.95 < 1.0 (losing in-sample); in-sample PF 0.95 < 1.5; total_trades 1809 < 1830 (52mo × 35.2 tpm); expectancy not significan"
E_SandP-500,A_baseline,ALPHA-E_SandP-500-1H-261007-3118,delta_pos_close_range48_1 < -0.104746 AND delta_ratio_close_rsi14_rsi25_1 < -0.0563374,False,short,NON-EDGE,32,0.9436,,,,,,profit_factor 0.94 < 1.0 (losing in-sample)
E_SandP-500,A_baseline,ALPHA-E_SandP-500-1H-261007-3119,delta_pos_close_range48_1 < -0.104746 AND zs_close_ret_01_168 < -1,False,short,NON-EDGE,1823,0.9227,2392.0,0.8954,-0.00016,0.451087,1/4,"total_trades 1823 < 1830 (52mo × 35.2 tpm, not significant); profit_factor 0.92 < 1.0 (losing in-sample); in-sample PF 0.92 < 1.5; total_trades 1823 < 1830 (52mo × 35.2 tpm); expectancy not significan"
E_SandP-500,A_baseline,ALPHA-E_SandP-500-1H-261007-3142,delta_close_rsi_25_1 < -2.2376 AND delta_pos_low_range168_1 < -0.0343024,False,short,NON-EDGE,2168,0.9342,2843.0,0.8772,-0.000164,0.437214,0/4,profit_factor 0.93 < 1.0 (losing in-sample); in-sample PF 0.93 < 1.5; expectancy not significant (p=0.851854); walk-forward OOS PF 0.88 < 1.0
E_SandP-500,A_baseline,ALPHA-E_SandP-500-1H-261007-3143,delta_close_rsi_25_1 < -2.2376 AND delta_ratio_close_mdd12_mdd240_1 > 0.00121107,False,short,NON-EDGE,0,0.0,,,,,,"total_trades 0 < 10 (first train window sized for 10 trades at min_tpm=35.2 (95% Poisson margin), not significant); profit_factor 0.00 < 1.0 (losing in-sample)"
E_SandP-500,A_baseline,ALPHA-E_SandP-500-1H-261007-3165,delta_diffnorm_close_mdd12_mdd24_1 > 0.0200422 AND delta_ratio_close_mdd12_mdd24_1 > 0.0119311,False,long,NON-EDGE,3484,1.2663,4520.0,1.4064,0.002194,0.587168,4/4,in-sample PF 1.27 < 1.5; expectancy not significant (p=0.065283)
E_SandP-500,A_baseline,ALPHA-E_SandP-500-1H-261007-3173,delta_ratio_close_rsi14_rsi25_1 > 0.0345498 AND zs_diffnorm_close_pos_range_pct_48 > 1,False,short,NON-EDGE,40,0.9215,,,,,,profit_factor 0.92 < 1.0 (losing in-sample)
E_SandP-500,A_baseline,ALPHA-E_SandP-500-1H-261007-3199,delta_pos_close_range96_1 < -0.0507768 AND delta_ratio_close_vol05_vol168_1 > 0.16519,False,short,NON-EDGE,1580,0.9201,2050.0,0.8805,-0.000165,0.436098,0/4,"total_trades 1580 < 1830 (52mo × 35.2 tpm, not significant); profit_factor 0.92 < 1.0 (losing in-sample); in-sample PF 0.92 < 1.5; total_trades 1580 < 1830 (52mo × 35.2 tpm); expectancy not significan"
E_SandP-500,A_baseline,ALPHA-E_SandP-500-1H-261007-3202,ratio_high_sma_03_close_lag3 crosses_below 0.999768 AND zs_pos_high_range06_48 < -1,False,short,NON-EDGE,24,0.7584,,,,,,profit_factor 0.76 < 1.0 (losing in-sample)
E_SandP-500,A_baseline,ALPHA-E_SandP-500-1H-261007-3211,delta_pos_low_range168_1 < -0.0343024 AND pr_close_ret_01_96 < 0.15625,False,short,NON-EDGE,2143,0.9665,2831.0,0.9038,-0.000128,0.445426,1/4,profit_factor 0.97 < 1.0 (losing in-sample); in-sample PF 0.97 < 1.5; expectancy not significant (p=0.697859); walk-forward OOS PF 0.90 < 1.0
E_SandP-500,A_baseline,ALPHA-E_SandP-500-1H-261007-3212,delta_pos_low_range24_1 > 0.102041 AND ratio_low_ema_03_open_lag1 > 0.999955,False,long,NON-EDGE,31,0.7409,,,,,,profit_factor 0.74 < 1.0 (losing in-sample)
E_SandP-500,A_baseline,ALPHA-E_SandP-500-1H-261007-3215,delta_pos_low_range96_1 < -0.0670341 AND pr_close_ret_01_48 < 0.166667,False,short,NON-EDGE,1654,0.9425,2168.0,0.9218,-0.00011,0.446494,1/4,"total_trades 1654 < 1830 (52mo × 35.2 tpm, not significant); profit_factor 0.94 < 1.0 (losing in-sample); in-sample PF 0.94 < 1.5; total_trades 1654 < 1830 (52mo × 35.2 tpm); expectancy not significan"
E_SandP-500,A_baseline,ALPHA-E_SandP-500-1H-261007-3216,delta_pos_low_range96_1 > 0.0672828 AND spread_low_open_lag1 > 0.000536875,False,long,NON-EDGE,1705,0.9361,2264.0,0.9212,-9.5e-05,0.492491,1/4,"total_trades 1705 < 1830 (52mo × 35.2 tpm, not significant); profit_factor 0.94 < 1.0 (losing in-sample); in-sample PF 0.94 < 1.5; total_trades 1705 < 1830 (52mo × 35.2 tpm); expectancy not significan"
E_SandP-500,A_baseline,ALPHA-E_SandP-500-1H-261007-3220,pr_body_96 < 0.104167 AND delta_pos_close_range24_1 < -0.108784,False,short,NON-EDGE,26,0.8405,,,,,,profit_factor 0.84 < 1.0 (losing in-sample)
E_SandP-500,A_baseline,ALPHA-E_SandP-500-1H-261007-3221,delta_pos_low_range96_1 < -0.0460872 AND zs_body_168 < -1,False,short,NON-EDGE,2008,0.9133,2621.0,0.8474,-0.00022,0.433804,0/4,profit_factor 0.91 < 1.0 (losing in-sample); in-sample PF 0.91 < 1.5; expectancy not significant (p=0.908784); walk-forward OOS PF 0.85 < 1.0
E_SandP-500,A_baseline,ALPHA-E_SandP-500-1H-261007-3223,delta_pos_close_range24_1 < -0.186858 AND delta_close_rsi_14_1 < -5.45483,False,short,NON-EDGE,31,0.5592,,,,,,profit_factor 0.56 < 1.0 (losing in-sample)
E_SandP-500,A_baseline,ALPHA-E_SandP-500-1H-261007-3224,diffnorm_body_gap < -1.31784 AND delta_close_rsi_25_1 < -2.2376,False,short,NON-EDGE,1872,0.9714,2376.0,0.8793,-0.000192,0.43771,0/4,profit_factor 0.97 < 1.0 (losing in-sample); in-sample PF 0.97 < 1.5; expectancy not significant (p=0.659119); walk-forward OOS PF 0.88 < 1.0
E_SandP-500,A_baseline,ALPHA-E_SandP-500-1H-261007-3225,delta_pos_low_range168_1 < -0.049226 AND delta_close_rsi_25_1 < -2.2376,False,short,NON-EDGE,1709,0.9688,2231.0,0.9168,-0.000121,0.449126,0/4,"total_trades 1709 < 1830 (52mo × 35.2 tpm, not significant); profit_factor 0.97 < 1.0 (losing in-sample); in-sample PF 0.97 < 1.5; total_trades 1709 < 1830 (52mo × 35.2 tpm); expectancy not significan"
E_SandP-500,A_baseline,ALPHA-E_SandP-500-1H-261007-3227,delta_close_rsi_25_1 < -3.53825 AND pr_spread_close_sma03_96 < 0.15625,False,short,NON-EDGE,35,0.6861,,,,,,profit_factor 0.69 < 1.0 (losing in-sample)
E_SandP-500,A_baseline,ALPHA-E_SandP-500-1H-261007-3229,diffnorm_body_close_pos < -2.97152 AND ratio_body_upper_wick < -4.14324,False,short,NON-EDGE,1988,0.9503,2524.0,0.8696,-0.000172,0.425911,0/4,profit_factor 0.95 < 1.0 (losing in-sample); in-sample PF 0.95 < 1.5; expectancy not significant (p=0.762206); walk-forward OOS PF 0.87 < 1.0
E_SandP-500,A_baseline,ALPHA-E_SandP-500-1H-261007-3230,diffnorm_body_gap < -1.39953 AND pr_diffnorm_body_upper_wick_48 < 0.166667,False,short,NON-EDGE,23,0.9724,,,,,,profit_factor 0.97 < 1.0 (losing in-sample)
E_SandP-500,A_baseline,ALPHA-E_SandP-500-1H-261007-3232,diffnorm_body_gap < -1.31784 AND delta_ratio_close_rsi14_rsi25_1 < -0.0365858,False,short,NON-EDGE,1858,0.9522,2349.0,0.871,-0.000194,0.442316,1/4,profit_factor 0.95 < 1.0 (losing in-sample); in-sample PF 0.95 < 1.5; expectancy not significant (p=0.755917); walk-forward OOS PF 0.87 < 1.0
E_SandP-500,A_baseline,ALPHA-E_SandP-500-1H-261007-3234,diffnorm_body_gap < -1.31784 AND pr_ratio_close_pos_range_pct_168 < 0.154762,False,short,NON-EDGE,1808,0.9254,2306.0,0.88,-0.000204,0.438422,0/4,"total_trades 1808 < 1830 (52mo × 35.2 tpm, not significant); profit_factor 0.93 < 1.0 (losing in-sample); in-sample PF 0.93 < 1.5; total_trades 1808 < 1830 (52mo × 35.2 tpm); expectancy not significan"
E_SandP-500,A_baseline,ALPHA-E_SandP-500-1H-261007-3237,delta_pos_close_range24_1 < -0.158073 AND zs_diffnorm_body_range_pct_168 < -1,False,short,NON-EDGE,37,0.7452,,,,,,profit_factor 0.75 < 1.0 (losing in-sample)
E_SandP-500,A_baseline,ALPHA-E_SandP-500-1H-261007-3238,delta_diffnorm_body_upper_wick_3 > 1.95621 AND delta_diffnorm_close_pos_gap_3 > 1.56134,False,short,NON-EDGE,2237,0.9064,2885.0,0.8337,-0.000181,0.418371,0/4,profit_factor 0.91 < 1.0 (losing in-sample); in-sample PF 0.91 < 1.5; expectancy not significant (p=0.921712); walk-forward OOS PF 0.83 < 1.0
E_SandP-500,A_baseline,ALPHA-E_SandP-500-1H-261007-3240,delta_diffnorm_close_rsi14_rsi25_1 < -0.521339 AND delta_bb_pct_b_close_20_1 < -0.217095,False,short,NON-EDGE,1683,0.9466,2163.0,0.8894,-0.000136,0.425798,0/4,"total_trades 1683 < 1830 (52mo × 35.2 tpm, not significant); profit_factor 0.95 < 1.0 (losing in-sample); in-sample PF 0.95 < 1.5; total_trades 1683 < 1830 (52mo × 35.2 tpm); expectancy not significan"
E_SandP-500,A_baseline,ALPHA-E_SandP-500-1H-261007-3241,delta_diffnorm_close_rsi14_rsi25_1 < -0.521339 AND delta_ratio_close_vol12_vol96_1 > 0.068662,False,short,NON-EDGE,23,0.6783,,,,,,profit_factor 0.68 < 1.0 (losing in-sample)
E_SandP-500,A_baseline,ALPHA-E_SandP-500-1H-261007-3243,delta_pos_close_range12_1 > 0.189028 AND pr_ratio_body_lower_wick_168 > 0.851852,False,long,NON-EDGE,5,9999.0,,,,,,"total_trades 5 < 10 (first train window sized for 10 trades at min_tpm=35.2 (95% Poisson margin), not significant)"
E_SandP-500,A_baseline,ALPHA-E_SandP-500-1H-261007-3244,delta_pos_close_range24_1 < -0.158073 AND zs_close_pos_168 < -1,False,short,NON-EDGE,26,0.6823,,,,,,profit_factor 0.68 < 1.0 (losing in-sample)
E_SandP-500,A_baseline,ALPHA-E_SandP-500-1H-261007-3245,delta_pos_close_range24_1 < -0.158073 AND zs_diffnorm_close_pos_gap_48 < -1,False,short,NON-EDGE,29,0.5821,,,,,,profit_factor 0.58 < 1.0 (losing in-sample)
E_SandP-500,A_baseline,ALPHA-E_SandP-500-1H-261007-3247,delta_pos_low_range48_1 < -0.0660711 AND delta_pos_close_range48_1 < -0.0723465,False,short,NON-EDGE,2339,0.897,3065.0,0.8635,-0.000193,0.434584,0/4,profit_factor 0.90 < 1.0 (losing in-sample); in-sample PF 0.90 < 1.5; expectancy not significant (p=0.955673); walk-forward OOS PF 0.86 < 1.0
E_SandP-500,A_baseline,ALPHA-E_SandP-500-1H-261007-3248,delta_pos_close_range48_1 < -0.12294 AND delta_ratio_close_rsi14_rsi25_1 < -0.0365858,False,short,NON-EDGE,38,0.8201,,,,,,profit_factor 0.82 < 1.0 (losing in-sample)
E_SandP-500,A_baseline,ALPHA-E_SandP-500-1H-261007-3249,delta_pos_close_range96_1 < -0.0723065 AND delta_pos_low_range24_1 < -0.0968632,False,short,NON-EDGE,1527,0.9741,2037.0,0.9082,-0.000123,0.44379,1/4,"total_trades 1527 < 1830 (52mo × 35.2 tpm, not significant); profit_factor 0.97 < 1.0 (losing in-sample); in-sample PF 0.97 < 1.5; total_trades 1527 < 1830 (52mo × 35.2 tpm); expectancy not significan"
E_SandP-500,A_baseline,ALPHA-E_SandP-500-1H-261007-3252,delta_pos_low_range168_1 < -0.049226 AND pr_close_ret_01_96 < 0.15625,False,short,NON-EDGE,1705,1.0071,2240.0,0.9503,-7e-05,0.45625,1/4,"total_trades 1705 < 1830 (52mo × 35.2 tpm, not significant); in-sample PF 1.01 < 1.5; total_trades 1705 < 1830 (52mo × 35.2 tpm); expectancy not significant (p=0.461352); walk-forward OOS PF 0.95 < 1."
E_SandP-500,A_baseline,ALPHA-E_SandP-500-1H-261007-3253,delta_pos_low_range48_1 < -0.0956216 AND zs_pos_low_range03_168 < -1,False,short,NON-EDGE,2156,0.9133,2877.0,0.8637,-0.000193,0.435523,0/4,profit_factor 0.91 < 1.0 (losing in-sample); in-sample PF 0.91 < 1.5; expectancy not significant (p=0.903035); walk-forward OOS PF 0.86 < 1.0
E_SandP-500,A_baseline,ALPHA-E_SandP-500-1H-261007-3254,delta_pos_low_range48_1 < -0.0660711 AND pr_spread_close_ema03_168 < 0.14881,False,short,NON-EDGE,2054,0.8995,2679.0,0.8815,-0.000151,0.439343,1/4,profit_factor 0.90 < 1.0 (losing in-sample); in-sample PF 0.90 < 1.5; expectancy not significant (p=0.948193); walk-forward OOS PF 0.88 < 1.0
E_SandP-500,A_baseline,ALPHA-E_SandP-500-1H-261007-3259,delta_ratio_close_vol05_vol168_1 > 0.248175 AND delta_ratio_close_vol24_vol96_1 > 0.0260327,False,short,NON-EDGE,1614,0.955,2142.0,0.8843,-0.000164,0.457049,1/4,"total_trades 1614 < 1830 (52mo × 35.2 tpm, not significant); profit_factor 0.95 < 1.0 (losing in-sample); in-sample PF 0.95 < 1.5; total_trades 1614 < 1830 (52mo × 35.2 tpm); expectancy not significan"
E_SandP-500,A_baseline,ALPHA-E_SandP-500-1H-261007-3273,delta_ratio_volume_sma25_1 > 0.760652 AND delta_ratio_volume_sma96_1 > 0.826216,False,short,NON-EDGE,25,0.6682,,,,,,profit_factor 0.67 < 1.0 (losing in-sample)
E_SandP-500,A_baseline,ALPHA-E_SandP-500-1H-261007-3274,diffnorm_body_lower_wick crosses_below -1.61355 AND zs_pos_close_range03_96 < -1,False,short,NON-EDGE,28,0.8414,,,,,,profit_factor 0.84 < 1.0 (losing in-sample)
E_SandP-500,A_baseline,ALPHA-E_SandP-500-1H-261007-3275,pr_diffnorm_body_lower_wick_96 < 0.15625 AND zs_upper_wick_48 < -1,False,short,NON-EDGE,2068,0.9442,2636.0,0.8869,-0.000148,0.431335,0/4,profit_factor 0.94 < 1.0 (losing in-sample); in-sample PF 0.94 < 1.5; expectancy not significant (p=0.788285); walk-forward OOS PF 0.89 < 1.0
E_SandP-500,A_baseline,ALPHA-E_SandP-500-1H-261007-3277,zs_close_ret_01_168 < -1 AND zs_pos_close_range03_168 < -1,False,short,NON-EDGE,2381,0.8907,3089.0,0.8668,-0.000158,0.442214,0/4,profit_factor 0.89 < 1.0 (losing in-sample); in-sample PF 0.89 < 1.5; expectancy not significant (p=0.973359); walk-forward OOS PF 0.87 < 1.0
E_SandP-500,A_baseline,ALPHA-E_SandP-500-1H-261007-3278,zs_close_ret_01_168 < -1 AND zs_close_ret_01_48 < -1,False,short,NON-EDGE,41,0.9804,,,,,,profit_factor 0.98 < 1.0 (losing in-sample)
E_SandP-500,A_baseline,ALPHA-E_SandP-500-1H-261007-3279,zs_close_ret_01_168 < -1 AND pr_spread_close_ema03_48 < 0.145833,False,short,NON-EDGE,1930,0.9124,2490.0,0.8957,-0.000125,0.451004,1/4,profit_factor 0.91 < 1.0 (losing in-sample); in-sample PF 0.91 < 1.5; expectancy not significant (p=0.915073); walk-forward OOS PF 0.90 < 1.0
E_SandP-500,A_baseline,ALPHA-E_SandP-500-1H-261007-3282,pr_ratio_close_pos_gap_168 < 0.0833333 AND pr_ratio_close_pos_gap_96 < 0.104167,False,long,NON-EDGE,0,0.0,,,,,,"total_trades 0 < 10 (first train window sized for 10 trades at min_tpm=35.2 (95% Poisson margin), not significant); profit_factor 0.00 < 1.0 (losing in-sample)"
E_SandP-500,A_baseline,ALPHA-E_SandP-500-1H-261007-3284,pr_ratio_range_pct_upper_wick_168 > 0.922156 AND pr_ratio_close_pos_upper_wick_168 > 0.852761,False,long,NON-EDGE,24,0.8509,,,,,,profit_factor 0.85 < 1.0 (losing in-sample)
E_SandP-500,A_baseline,ALPHA-E_SandP-500-1H-261007-3285,pr_ratio_range_pct_upper_wick_168 > 0.922156 AND pr_ratio_range_pct_upper_wick_96 > 0.857143,False,long,NON-EDGE,29,0.7951,,,,,,profit_factor 0.80 < 1.0 (losing in-sample)
E_SandP-500,A_baseline,ALPHA-E_SandP-500-1H-261007-3286,ratio_close_ema_03_low_lag1 < 0.999921 AND zs_pos_close_range06_96 < -1,False,short,NON-EDGE,26,0.8991,,,,,,profit_factor 0.90 < 1.0 (losing in-sample)
E_SandP-500,A_baseline,ALPHA-E_SandP-500-1H-261007-3287,ratio_close_ema_03_low_lag1 < 0.999921 AND delta_pos_close_range48_1 < -0.0723465,False,short,NON-EDGE,1565,0.9887,2045.0,0.9052,-0.00012,0.446455,1/4,"total_trades 1565 < 1830 (52mo × 35.2 tpm, not significant); profit_factor 0.99 < 1.0 (losing in-sample); in-sample PF 0.99 < 1.5; total_trades 1565 < 1830 (52mo × 35.2 tpm); expectancy not significan"
E_SandP-500,A_baseline,ALPHA-E_SandP-500-1H-261007-3288,ratio_close_ema_03_low_lag1 < 1.00009 AND pr_ratio_close_pos_range_pct_96 < 0.15625,False,short,NON-EDGE,1730,0.9132,2255.0,0.8532,-0.000206,0.414634,0/4,"total_trades 1730 < 1830 (52mo × 35.2 tpm, not significant); profit_factor 0.91 < 1.0 (losing in-sample); in-sample PF 0.91 < 1.5; total_trades 1730 < 1830 (52mo × 35.2 tpm); expectancy not significan"
E_SandP-500,A_baseline,ALPHA-E_SandP-500-1H-261007-3289,ratio_close_sma_03_low_lag1 < 1.00014 AND delta_close_rsi_14_1 < -3.98517,False,short,NON-EDGE,1435,0.9803,1882.0,0.9227,-9.1e-05,0.418704,0/4,"total_trades 1435 < 1830 (52mo × 35.2 tpm, not significant); profit_factor 0.98 < 1.0 (losing in-sample); in-sample PF 0.98 < 1.5; total_trades 1435 < 1830 (52mo × 35.2 tpm); expectancy not significan"
E_SandP-500,A_baseline,ALPHA-E_SandP-500-1H-261007-3290,ratio_close_sma_03_low_lag1 < 1.00025 AND pr_spread_close_ema03_96 < 0.15625,False,short,NON-EDGE,1498,0.9413,1934.0,0.8526,-0.00019,0.423475,0/4,"total_trades 1498 < 1830 (52mo × 35.2 tpm, not significant); profit_factor 0.94 < 1.0 (losing in-sample); in-sample PF 0.94 < 1.5; total_trades 1498 < 1830 (52mo × 35.2 tpm); expectancy not significan"
E_SandP-500,A_baseline,ALPHA-E_SandP-500-1H-261007-3292,body < -0.73464 AND pr_diffnorm_close_pos_range_pct_168 < 0.154167,False,short,NON-EDGE,1622,0.9939,2077.0,0.9141,-0.000148,0.429947,1/4,"total_trades 1622 < 1830 (52mo × 35.2 tpm, not significant); profit_factor 0.99 < 1.0 (losing in-sample); in-sample PF 0.99 < 1.5; total_trades 1622 < 1830 (52mo × 35.2 tpm); expectancy not significan"
E_SandP-500,A_baseline,ALPHA-E_SandP-500-1H-261007-3293,delta_pos_low_range96_1 < -0.0460872 AND pr_body_48 < 0.166667,False,short,NON-EDGE,31,0.9734,,,,,,profit_factor 0.97 < 1.0 (losing in-sample)
E_SandP-500,A_baseline,ALPHA-E_SandP-500-1H-261007-3294,pr_diffnorm_body_gap_96 < 0.104167 AND delta_close_rsi_14_1 < -3.98517,False,short,NON-EDGE,30,0.8589,,,,,,profit_factor 0.86 < 1.0 (losing in-sample)
E_SandP-500,A_baseline,ALPHA-E_SandP-500-1H-261007-3295,delta_diffnorm_close_rsi14_rsi25_1 < -0.602696 AND delta_close_rsi_14_1 < -3.98517,False,short,NON-EDGE,35,0.8882,,,,,,profit_factor 0.89 < 1.0 (losing in-sample)
E_SandP-500,A_baseline,ALPHA-E_SandP-500-1H-261007-3296,delta_close_rsi_14_1 < -6.23913 AND zs_pos_close_range03_168 < -1,False,short,NON-EDGE,36,0.755,,,,,,profit_factor 0.76 < 1.0 (losing in-sample)
E_SandP-500,A_baseline,ALPHA-E_SandP-500-1H-261007-3300,delta_close_rsi_25_1 < -3.53825 AND delta_pos_close_range24_1 < -0.108784,False,short,NON-EDGE,34,0.6353,,,,,,profit_factor 0.64 < 1.0 (losing in-sample)
E_SandP-500,A_baseline,ALPHA-E_SandP-500-1H-261007-3301,delta_ratio_close_rsi14_rsi25_1 < -0.0563374 AND delta_close_rsi_25_1 < -3.07233,False,short,NON-EDGE,1931,0.9302,2488.0,0.8883,-0.000158,0.434887,0/4,profit_factor 0.93 < 1.0 (losing in-sample); in-sample PF 0.93 < 1.5; expectancy not significant (p=0.854723); walk-forward OOS PF 0.89 < 1.0
E_SandP-500,A_baseline,ALPHA-E_SandP-500-1H-261007-3303,delta_close_rsi_25_1 < -3.53825 AND pr_spread_close_ema03_96 < 0.15625,False,short,NON-EDGE,36,0.7259,,,,,,profit_factor 0.73 < 1.0 (losing in-sample)
E_SandP-500,A_baseline,ALPHA-E_SandP-500-1H-261007-3305,zs_diffnorm_body_close_pos_48 < -1 AND pr_diffnorm_body_range_pct_168 < 0.154762,False,short,NON-EDGE,2909,0.9546,3747.0,0.8929,-0.000182,0.44222,1/4,profit_factor 0.95 < 1.0 (losing in-sample); in-sample PF 0.95 < 1.5; expectancy not significant (p=0.766142); walk-forward OOS PF 0.89 < 1.0
E_SandP-500,A_baseline,ALPHA-E_SandP-500-1H-261007-3306,pr_diffnorm_body_gap_96 < 0.0833333 AND pr_diffnorm_body_gap_168 < 0.0833333,False,short,NON-EDGE,28,0.8886,,,,,,profit_factor 0.89 < 1.0 (losing in-sample)
E_SandP-500,A_baseline,ALPHA-E_SandP-500-1H-261007-3307,pr_diffnorm_body_range_pct_96 < 0.104167 AND pr_diffnorm_body_gap_168 < 0.10119,False,short,NON-EDGE,33,0.8279,,,,,,profit_factor 0.83 < 1.0 (losing in-sample)
E_SandP-500,A_baseline,ALPHA-E_SandP-500-1H-261007-3309,delta_diffnorm_body_range_pct_3 > 1.56094 AND zs_diffnorm_close_pos_range_pct_48 > 1,False,short,NON-EDGE,1998,0.9803,2582.0,0.8905,-9e-05,0.426026,1/4,profit_factor 0.98 < 1.0 (losing in-sample); in-sample PF 0.98 < 1.5; expectancy not significant (p=0.607556); walk-forward OOS PF 0.89 < 1.0
E_SandP-500,A_baseline,ALPHA-E_SandP-500-1H-261007-3311,diffnorm_body_range_pct < -1.32334 AND delta_ratio_close_rsi14_rsi25_1 < -0.0365858,False,short,NON-EDGE,1869,0.9529,2361.0,0.8743,-0.00019,0.443456,1/4,profit_factor 0.95 < 1.0 (losing in-sample); in-sample PF 0.95 < 1.5; expectancy not significant (p=0.753755); walk-forward OOS PF 0.87 < 1.0
E_SandP-500,A_baseline,ALPHA-E_SandP-500-1H-261007-3312,delta_diffnorm_body_upper_wick_3 > 1.95621 AND zs_diffnorm_close_pos_range_pct_48 > 1,False,short,NON-EDGE,1916,1.004,2462.0,0.9184,-8.6e-05,0.422421,1/4,in-sample PF 1.00 < 1.5; expectancy not significant (p=0.478763); walk-forward OOS PF 0.92 < 1.0
E_SandP-500,A_baseline,ALPHA-E_SandP-500-1H-261007-3316,zs_diffnorm_close_pos_upper_wick_168 < -1.5 AND diffnorm_range_pct_upper_wick crosses_below -2.39817,False,long,NON-EDGE,1367,0.787,1799.0,0.7796,-0.000176,0.454141,1/4,"total_trades 1367 < 1830 (52mo × 35.2 tpm, not significant); profit_factor 0.79 < 1.0 (losing in-sample); in-sample PF 0.79 < 1.5; total_trades 1367 < 1830 (52mo × 35.2 tpm); expectancy not significan"
E_SandP-500,A_baseline,ALPHA-E_SandP-500-1H-261007-3319,delta_diffnorm_close_rsi14_rsi25_1 < -0.602696 AND zs_pos_close_range03_168 < -1,False,short,NON-EDGE,32,0.6774,,,,,,profit_factor 0.68 < 1.0 (losing in-sample)
